date,close,open,high,low,volume,adjclose
2012-05-14 00:00:00,7.6999998,7.6999998,7.6999998,7.6999998,1900.0,
2012-05-15 00:00:00,7.6999998,7.6999998,7.6999998,7.6999998,1900.0,5.4754629
2012-05-16 00:00:00,7.6999998,7.6999998,7.6999998,7.6999998,1900.0,5.4754629
2012-05-17 00:00:00,7.6999998,7.6999998,7.6999998,7.6999998,1900.0,5.4754629
2012-05-18 00:00:00,7.6999998,7.6999998,7.6999998,7.6999998,1900.0,5.4754629
2012-05-21 00:00:00,7.6999998,7.6999998,7.6999998,7.6999998,1900.0,5.4754629
2012-05-22 00:00:00,7.6999998,7.6999998,7.6999998,7.6999998,1900.0,5.4754629
2012-05-23 00:00:00,7.6999998,7.6999998,7.6999998,7.6999998,1900.0,5.4754629
2012-05-24 00:00:00,7.6999998,7.6999998,7.6999998,7.6999998,1900.0,5.4754629
2012-05-25 00:00:00,7.6999998,7.6999998,7.6999998,7.6999998,1900.0,5.4754629
2012-05-29 00:00:00,7.6999998,7.6999998,7.6999998,7.6999998,1900.0,5.4754629
2012-05-30 00:00:00,7.6999998,7.6999998,7.6999998,7.6999998,1900.0,5.4754629
2012-05-31 00:00:00,7.6999998,7.6999998,7.6999998,7.6999998,1900.0,5.4754629
2012-06-01 00:00:00,7.6999998,7.6999998,7.6999998,7.6999998,1900.0,5.4754629
2012-06-04 00:00:00,7.6999998,7.6999998,7.6999998,7.6999998,1900.0,5.4754629
2012-06-05 00:00:00,7.6999998,7.6999998,7.6999998,7.6999998,1900.0,5.4754629
2012-06-06 00:00:00,7.6999998,7.6999998,7.6999998,7.6999998,1900.0,5.4754629
2012-06-07 00:00:00,7.4000001,7.4000001,7.4000001,7.4000001,1900.0,5.2621331
2012-06-08 00:00:00,7.4000001,7.4000001,7.4000001,7.4000001,1882.0,5.2621331
2012-06-11 00:00:00,7.4000001,7.4000001,7.4000001,7.4000001,1864.0,5.2621331
2012-06-12 00:00:00,7.4000001,7.4000001,7.4000001,7.4000001,1846.0,5.2621331
2012-06-13 00:00:00,7.4000001,7.4000001,7.4000001,7.4000001,1828.0,5.2621331
2012-06-14 00:00:00,7.4000001,7.4000001,7.4000001,7.4000001,1810.0,5.2621331
2012-06-15 00:00:00,7.4000001,7.4000001,7.4000001,7.4000001,1792.0,5.2621331
2012-06-18 00:00:00,7.4000001,7.4000001,7.4000001,7.4000001,1774.0,5.2621331
2012-06-19 00:00:00,7.4000001,7.4000001,7.4000001,7.4000001,1756.0,5.2621331
2012-06-20 00:00:00,7.4000001,7.4000001,7.4000001,7.4000001,1738.0,5.2621331
2012-06-21 00:00:00,7.4000001,7.4000001,7.4000001,7.4000001,1720.0,5.2621331
2012-06-22 00:00:00,7.4000001,7.4000001,7.4000001,7.4000001,1702.0,5.2621331
2012-06-25 00:00:00,7.4000001,7.4000001,7.4000001,7.4000001,1684.0,5.2621331
2012-06-26 00:00:00,7.4000001,7.4000001,7.4000001,7.4000001,1666.0,5.2621331
2012-06-27 00:00:00,7.4000001,7.4000001,7.4000001,7.4000001,1648.0,5.2621331
2012-06-28 00:00:00,7.4000001,7.4000001,7.4000001,7.4000001,1630.0,5.2621331
2012-06-29 00:00:00,7.4000001,7.4000001,7.4000001,7.4000001,1612.0,5.2621331
2012-07-02 00:00:00,7.4000001,7.4000001,7.4000001,7.4000001,1594.0,5.2621331
2012-07-03 00:00:00,7.4000001,7.4000001,7.4000001,7.4000001,1576.0,5.2621331
2012-07-05 00:00:00,7.4000001,7.4000001,7.4000001,7.4000001,1558.0,5.2621331
2012-07-06 00:00:00,7.4000001,7.4000001,7.4000001,7.4000001,1540.0,5.2621331
2012-07-09 00:00:00,7.4000001,7.4000001,7.4000001,7.4000001,1522.0,5.2621331
2012-07-10 00:00:00,7.4000001,7.4000001,7.4000001,7.4000001,1504.0,5.2621331
2012-07-11 00:00:00,7.4000001,7.4000001,7.4000001,7.4000001,1486.0,5.2621331
2012-07-12 00:00:00,7.4000001,7.4000001,7.4000001,7.4000001,1468.0,5.2621331
2012-07-13 00:00:00,7.4000001,7.4000001,7.4000001,7.4000001,1450.0,5.2621331
2012-07-16 00:00:00,7.4000001,7.4000001,7.4000001,7.4000001,1432.0,5.2621331
2012-07-17 00:00:00,7.4000001,7.4000001,7.4000001,7.4000001,1414.0,5.2621331
2012-07-18 00:00:00,7.4000001,7.4000001,7.4000001,7.4000001,1396.0,5.2621331
2012-07-19 00:00:00,7.4000001,7.4000001,7.4000001,7.4000001,1378.0,5.2621331
2012-07-20 00:00:00,7.4000001,7.4000001,7.4000001,7.4000001,1360.0,5.2621331
2012-07-23 00:00:00,7.4000001,7.4000001,7.4000001,7.4000001,1342.0,5.2621331
2012-07-24 00:00:00,7.4000001,7.4000001,7.4000001,7.4000001,1324.0,5.2621331
2012-07-25 00:00:00,7.4000001,7.4000001,7.4000001,7.4000001,1306.0,5.2621331
2012-07-26 00:00:00,7.4000001,7.4000001,7.4000001,7.4000001,1288.0,5.2621331
2012-07-27 00:00:00,7.4000001,7.4000001,7.4000001,7.4000001,1270.0,5.2621331
2012-07-30 00:00:00,7.4000001,7.4000001,7.4000001,7.4000001,1252.0,5.2621331
2012-07-31 00:00:00,7.4000001,7.4000001,7.4000001,7.4000001,1234.0,5.2621331
2012-08-01 00:00:00,7.4000001,7.4000001,7.4000001,7.4000001,1216.0,5.2621331
2012-08-02 00:00:00,7.4000001,7.4000001,7.4000001,7.4000001,1198.0,5.2621331
2012-08-03 00:00:00,7.4000001,7.4000001,7.4000001,7.4000001,1180.0,5.2621331
2012-08-06 00:00:00,7.4000001,7.4000001,7.4000001,7.4000001,1162.0,5.2621331
2012-08-07 00:00:00,7.4000001,7.4000001,7.4000001,7.4000001,1144.0,5.2621331
2012-08-08 00:00:00,7.4000001,7.4000001,7.4000001,7.4000001,1126.0,5.2621331
2012-08-09 00:00:00,7.4000001,7.4000001,7.4000001,7.4000001,1108.0,5.2621331
2012-08-10 00:00:00,7.4000001,7.4000001,7.4000001,7.4000001,1090.0,5.2621331
2012-08-13 00:00:00,7.4000001,7.4000001,7.4000001,7.4000001,1072.0,5.2621331
2012-08-14 00:00:00,7.4000001,7.4000001,7.4000001,7.4000001,1054.0,5.2621331
2012-08-15 00:00:00,7.4000001,7.4000001,7.4000001,7.4000001,1036.0,5.2621331
2012-08-16 00:00:00,7.4000001,7.4000001,7.4000001,7.4000001,1018.0,5.2621331
2012-08-17 00:00:00,7.8000002,7.8000002,7.8000002,7.8000002,1000.0,5.5465732
2012-08-20 00:00:00,7.8000002,7.8000002,7.8000002,7.8000002,875.0,5.5465732
2012-08-21 00:00:00,7.8000002,7.8000002,7.8000002,7.8000002,750.0,5.5465732
2012-08-22 00:00:00,7.8000002,7.8000002,7.8000002,7.8000002,625.0,5.5465732
2012-08-23 00:00:00,7.7399998,7.7399998,7.7399998,7.7399998,500.0,5.5039072
2012-08-24 00:00:00,7.7399998,7.7399998,7.7399998,7.7399998,533.3333333333334,5.5039072
2012-08-27 00:00:00,7.7399998,7.7399998,7.7399998,7.7399998,566.6666666666666,5.5039072
2012-08-28 00:00:00,7.5500002,7.5500002,7.5500002,7.5500002,600.0,5.3687987
2012-08-29 00:00:00,7.5500002,7.5500002,7.5500002,7.5500002,884.8484848484849,5.3687987
2012-08-30 00:00:00,7.5500002,7.5500002,7.5500002,7.5500002,1169.6969696969697,5.3687987
2012-08-31 00:00:00,7.5500002,7.5500002,7.5500002,7.5500002,1454.5454545454545,5.3687987
2012-09-04 00:00:00,7.5500002,7.5500002,7.5500002,7.5500002,1739.3939393939395,5.3687987
2012-09-05 00:00:00,7.5500002,7.5500002,7.5500002,7.5500002,2024.2424242424245,5.3687987
2012-09-06 00:00:00,7.5500002,7.5500002,7.5500002,7.5500002,2309.090909090909,5.3687987
2012-09-07 00:00:00,7.5500002,7.5500002,7.5500002,7.5500002,2593.939393939394,5.3687987
2012-09-10 00:00:00,7.5500002,7.5500002,7.5500002,7.5500002,2878.787878787879,5.3687987
2012-09-11 00:00:00,7.5500002,7.5500002,7.5500002,7.5500002,3163.636363636364,5.3687987
2012-09-12 00:00:00,7.5500002,7.5500002,7.5500002,7.5500002,3448.484848484849,5.3687987
2012-09-13 00:00:00,7.5500002,7.5500002,7.5500002,7.5500002,3733.3333333333335,5.3687987
2012-09-14 00:00:00,7.5500002,7.5500002,7.5500002,7.5500002,4018.1818181818185,5.3687987
2012-09-17 00:00:00,7.5500002,7.5500002,7.5500002,7.5500002,4303.030303030304,5.3687987
2012-09-18 00:00:00,7.5500002,7.5500002,7.5500002,7.5500002,4587.878787878788,5.3687987
2012-09-19 00:00:00,7.5500002,7.5500002,7.5500002,7.5500002,4872.727272727273,5.3687987
2012-09-20 00:00:00,7.5500002,7.5500002,7.5500002,7.5500002,5157.575757575758,5.3687987
2012-09-21 00:00:00,7.5500002,7.5500002,7.5500002,7.5500002,5442.424242424243,5.3687987
2012-09-24 00:00:00,7.5500002,7.5500002,7.5500002,7.5500002,5727.272727272728,5.3687987
2012-09-25 00:00:00,7.5500002,7.5500002,7.5500002,7.5500002,6012.121212121213,5.3687987
2012-09-26 00:00:00,7.5500002,7.5500002,7.5500002,7.5500002,6296.969696969698,5.3687987
2012-09-27 00:00:00,7.5500002,7.5500002,7.5500002,7.5500002,6581.818181818182,5.3687987
2012-09-28 00:00:00,7.5500002,7.5500002,7.5500002,7.5500002,6866.666666666667,5.3687987
2012-10-01 00:00:00,7.5500002,7.5500002,7.5500002,7.5500002,7151.515151515152,5.3687987
2012-10-02 00:00:00,7.5500002,7.5500002,7.5500002,7.5500002,7436.363636363637,5.3687987
2012-10-03 00:00:00,7.5500002,7.5500002,7.5500002,7.5500002,7721.212121212122,5.3687987
2012-10-04 00:00:00,7.5500002,7.5500002,7.5500002,7.5500002,8006.060606060607,5.3687987
2012-10-05 00:00:00,7.5500002,7.5500002,7.5500002,7.5500002,8290.909090909092,5.3687987
2012-10-08 00:00:00,7.5500002,7.5500002,7.5500002,7.5500002,8575.757575757576,5.3687987
2012-10-09 00:00:00,7.5500002,7.5500002,7.5500002,7.5500002,8860.606060606062,5.3687987
2012-10-10 00:00:00,7.5500002,7.5500002,7.5500002,7.5500002,9145.454545454546,5.3687987
2012-10-11 00:00:00,7.5500002,7.5500002,7.5500002,7.5500002,9430.303030303032,5.3687987
2012-10-12 00:00:00,7.5500002,7.5500002,7.5500002,7.5500002,9715.151515151516,5.3687987
2012-10-15 00:00:00,7.9499998,7.9499998,7.9499998,7.9499998,10000.0,5.6532388
2012-10-16 00:00:00,7.9499998,7.9499998,7.9499998,7.9499998,9545.454545454546,5.6532388
2012-10-17 00:00:00,7.9499998,7.9499998,7.9499998,7.9499998,9090.90909090909,5.6532388
2012-10-18 00:00:00,7.9499998,7.9499998,7.9499998,7.9499998,8636.363636363636,5.6532388
2012-10-19 00:00:00,7.9499998,7.9499998,7.9499998,7.9499998,8181.818181818182,5.6532388
2012-10-22 00:00:00,7.9499998,7.9499998,7.9499998,7.9499998,7727.272727272727,5.6532388
2012-10-23 00:00:00,7.9499998,7.9499998,7.9499998,7.9499998,7272.727272727272,5.6532388
2012-10-24 00:00:00,7.9499998,7.9499998,7.9499998,7.9499998,6818.181818181818,5.6532388
2012-10-25 00:00:00,7.9499998,7.9499998,7.9499998,7.9499998,6363.636363636364,5.6532388
2012-10-26 00:00:00,7.9499998,7.9499998,7.9499998,7.9499998,5909.090909090909,5.6532388
2012-10-31 00:00:00,7.9499998,7.9499998,7.9499998,7.9499998,5454.545454545454,5.6532388
2012-11-01 00:00:00,7.9000001,7.9000001,7.9000001,7.9000001,5000.0,5.6176829
2012-11-02 00:00:00,7.9000001,7.9000001,7.9000001,7.9000001,5557.142857142857,5.6176829
2012-11-05 00:00:00,7.9000001,7.9000001,7.9000001,7.9000001,6114.285714285714,5.6176829
2012-11-06 00:00:00,7.9000001,7.9000001,7.9000001,7.9000001,6671.428571428572,5.6176829
2012-11-07 00:00:00,7.9000001,7.9000001,7.9000001,7.9000001,7228.571428571428,5.6176829
2012-11-08 00:00:00,7.9000001,7.9000001,7.9000001,7.9000001,7785.714285714285,5.6176829
2012-11-09 00:00:00,7.9000001,7.9000001,7.9000001,7.9000001,8342.857142857143,5.6176829
2012-11-12 00:00:00,7.9000001,7.9000001,7.9000001,7.9000001,8900.0,5.6176829
2012-11-13 00:00:00,7.9000001,7.9000001,7.9000001,7.9000001,9457.142857142857,5.6176829
2012-11-14 00:00:00,7.9000001,7.9000001,7.9000001,7.9000001,10014.285714285714,5.6176829
2012-11-15 00:00:00,7.9000001,7.9000001,7.9000001,7.9000001,10571.42857142857,5.6176829
2012-11-16 00:00:00,7.9000001,7.9000001,7.9000001,7.9000001,11128.571428571428,5.6176829
2012-11-19 00:00:00,7.9000001,7.9000001,7.9000001,7.9000001,11685.714285714286,5.6176829
2012-11-20 00:00:00,7.9000001,7.9000001,7.9000001,7.9000001,12242.857142857141,5.6176829
2012-11-21 00:00:00,7.9000001,7.9000001,7.9000001,7.9000001,12800.0,5.6176829
2012-11-23 00:00:00,7.9000001,7.9000001,7.9000001,7.9000001,9233.333333333334,5.6176829
2012-11-26 00:00:00,7.9000001,7.9000001,7.9000001,7.9000001,5666.666666666667,5.6176829
2012-11-27 00:00:00,8.1599998,8.1599998,8.1599998,8.1599998,2100.0,5.8025689
2012-11-28 00:00:00,8.1599998,8.1599998,8.1599998,8.1599998,1466.6666666666665,5.8025689
2012-11-29 00:00:00,8.1599998,8.1599998,8.1599998,8.1599998,833.3333333333333,5.8025689
2012-11-30 00:00:00,8.1999998,8.1999998,8.1999998,8.1999998,200.0,5.8310132
2012-12-03 00:00:00,8.1999998,8.1999998,8.1999998,8.1999998,200.0,5.8310132
2012-12-04 00:00:00,8.1999998,8.1999998,8.1999998,8.1999998,200.0,5.8310132
2012-12-05 00:00:00,8.1999998,8.1999998,8.1999998,8.1999998,200.0,5.8310132
2012-12-06 00:00:00,8.1999998,8.1999998,8.1999998,8.1999998,200.0,5.8310132
2012-12-07 00:00:00,8.1999998,8.1999998,8.1999998,8.1999998,200.0,5.8310132
2012-12-10 00:00:00,8.1999998,8.1999998,8.1999998,8.1999998,200.0,5.8310132
2012-12-11 00:00:00,8.1999998,8.1999998,8.1999998,8.1999998,200.0,5.8310132
2012-12-12 00:00:00,8.1999998,8.1999998,8.1999998,8.1999998,200.0,5.8310132
2012-12-13 00:00:00,8.1999998,8.1999998,8.1999998,8.1999998,200.0,5.8310132
2012-12-14 00:00:00,8.1999998,8.1999998,8.1999998,8.1999998,200.0,5.8310132
2012-12-17 00:00:00,8.1999998,8.1999998,8.1999998,8.1999998,200.0,5.8310132
2012-12-18 00:00:00,8.3699999,8.3699999,8.3699999,8.3699999,200.0,5.9519
2012-12-19 00:00:00,8.3699999,8.3699999,8.3699999,8.3699999,200.0,5.9519
2012-12-20 00:00:00,8.3699999,8.3699999,8.3699999,8.3699999,200.0,5.9519
2012-12-21 00:00:00,8.3699999,8.3699999,8.3699999,8.3699999,200.0,5.9519
2012-12-24 00:00:00,8.3699999,8.3699999,8.3699999,8.3699999,200.0,5.9519
2012-12-26 00:00:00,8.3699999,8.3699999,8.3699999,8.3699999,200.0,5.9519
2012-12-27 00:00:00,8.3699999,8.3699999,8.3699999,8.3699999,200.0,5.9519
2012-12-28 00:00:00,8.3699999,8.3699999,8.3699999,8.3699999,200.0,5.9519
2012-12-31 00:00:00,8.3699999,8.3699999,8.3699999,8.3699999,200.0,5.9519
2013-01-02 00:00:00,8.3699999,8.3699999,8.3699999,8.3699999,200.0,5.9519
2013-01-03 00:00:00,8.3699999,8.3699999,8.3699999,8.3699999,200.0,5.9519
2013-01-04 00:00:00,8.3699999,8.3699999,8.3699999,8.3699999,200.0,5.9519
2013-01-07 00:00:00,8.6599998,8.6599998,8.6599998,8.6599998,200.0,6.1581187
2013-01-08 00:00:00,8.6599998,8.6599998,8.6599998,8.6599998,666.6666666666667,6.1581187
2013-01-09 00:00:00,8.6599998,8.6599998,8.6599998,8.6599998,1133.3333333333335,6.1581187
2013-01-10 00:00:00,8.6599998,8.6599998,8.6599998,8.6599998,1600.0,6.1581187
2013-01-11 00:00:00,8.6599998,8.6599998,8.6599998,8.6599998,2066.666666666667,6.1581187
2013-01-14 00:00:00,8.6599998,8.6599998,8.6599998,8.6599998,2533.3333333333335,6.1581187
2013-01-15 00:00:00,9.0699997,9.0699997,9.0699997,9.0699997,3000.0,6.4496684
2013-01-16 00:00:00,9.1499996,9.1499996,9.1499996,9.1499996,6200.0,6.5065546
2013-01-17 00:00:00,9.1499996,9.1499996,9.1499996,9.1499996,35225.0,6.5065546
2013-01-18 00:00:00,9.1499996,9.1499996,9.1499996,9.1499996,64250.0,6.5065546
2013-01-22 00:00:00,9.1499996,9.1499996,9.1499996,9.1499996,93275.0,6.5065546
2013-01-23 00:00:00,8.8400002,8.8400002,8.8400002,8.8400002,122300.0,6.2861161
2013-01-24 00:00:00,8.8400002,8.8400002,8.8400002,8.8400002,61250.0,6.2861161
2013-01-25 00:00:00,8.7600002,8.7600002,8.7600002,8.7600002,200.0,6.2292285
2013-01-28 00:00:00,8.7299995,8.7299995,8.7299995,8.7299995,600.0,6.2078958
2013-01-29 00:00:00,8.8699999,8.8699999,8.8699999,8.8699999,300.0,6.3074498
2013-01-30 00:00:00,8.8699999,8.8699999,8.8699999,8.8699999,250.0,6.3074498
2013-01-31 00:00:00,8.8400002,8.8400002,8.8400002,8.8400002,200.0,6.2861161
2013-02-01 00:00:00,8.8400002,8.8400002,8.8400002,8.8400002,633.3333333333333,6.2861161
2013-02-04 00:00:00,8.8400002,8.8400002,8.8400002,8.8400002,1066.6666666666665,6.2861161
2013-02-05 00:00:00,8.8999996,8.8500004,8.8999996,8.8500004,1500.0,6.3287811
2013-02-06 00:00:00,9.0,8.9899998,9.0,8.9899998,500.0,6.3998923
2013-02-07 00:00:00,9.0,9.0,9.0,9.0,566.6666666666666,6.3998923
2013-02-08 00:00:00,9.0,9.0,9.0,9.0,633.3333333333334,6.3998923
2013-02-11 00:00:00,9.04,9.04,9.04,9.04,700.0,6.4283357
2013-02-12 00:00:00,9.04,9.04,9.04,9.04,1000.0,6.4283357
2013-02-13 00:00:00,9.5,9.5,9.5,9.5,1300.0,6.7554412
2013-02-14 00:00:00,9.5,9.5,9.5,9.5,4200.0,6.7554412
2013-02-15 00:00:00,9.5,9.5,9.5,9.5,7100.0,6.7554412
2013-02-19 00:00:00,9.3999996,9.3999996,9.3999996,9.3999996,10000.0,6.6843314
2013-02-20 00:00:00,10.04,10.04,10.04,10.04,500.0,7.1394334
2013-02-21 00:00:00,9.5900002,9.5900002,9.5900002,9.5900002,200.0,6.8194427
2013-02-22 00:00:00,9.5900002,9.5900002,9.5900002,9.5900002,300.0,6.8194427
2013-02-25 00:00:00,9.6099997,9.6099997,9.6099997,9.6099997,400.0,6.8336625
2013-02-26 00:00:00,9.5,9.3900003,9.5,9.3400002,1300.0,6.7554412
2013-02-27 00:00:00,9.5600004,9.5600004,9.5600004,9.5600004,500.0,6.7981071
2013-02-28 00:00:00,9.5600004,9.5600004,9.5600004,9.5600004,500.0,6.7981071
2013-03-01 00:00:00,9.0600004,9.2700005,9.2700005,9.0600004,500.0,6.4425573
2013-03-04 00:00:00,8.8599997,8.8599997,8.8599997,8.8599997,1100.0,6.3003378
2013-03-05 00:00:00,9.04,9.2299995,9.2299995,9.04,800.0,6.4283357
2013-03-06 00:00:00,9.2200003,9.4099998,9.4099998,9.2200003,900.0,6.5563354
2013-03-07 00:00:00,9.2200003,9.2200003,9.2200003,9.2200003,650.0,6.5563354
2013-03-08 00:00:00,9.3299999,9.3299999,9.3299999,9.3299999,400.0,6.6345549
2013-03-11 00:00:00,9.6599998,9.6599998,9.6599998,9.6599998,500.0,6.8692179
2013-03-12 00:00:00,9.8699999,9.8699999,9.8699999,9.8699999,600.0,7.0185485
2013-03-13 00:00:00,9.5,9.8000002,9.8000002,9.5,1100.0,6.7554412
2013-03-14 00:00:00,9.6800003,9.6800003,9.6800003,9.6800003,300.0,6.883441
2013-03-15 00:00:00,9.6800003,9.6800003,9.6800003,9.6800003,366.6666666666667,6.883441
2013-03-18 00:00:00,9.6800003,9.6800003,9.6800003,9.6800003,433.33333333333337,6.883441
2013-03-19 00:00:00,9.1499996,9.3299999,9.3299999,9.1499996,500.0,6.5065546
2013-03-20 00:00:00,9.6099997,9.6099997,9.6099997,9.6099997,800.0,6.8336625
2013-03-21 00:00:00,9.5100002,9.5100002,9.5100002,9.5100002,400.0,6.7625546
2013-03-22 00:00:00,9.5100002,9.5100002,9.5100002,9.5100002,300.0,6.7625546
2013-03-25 00:00:00,9.6099997,9.6099997,9.6099997,9.6099997,800.0,6.8336625
2013-03-26 00:00:00,9.5100002,9.5,9.5100002,9.5,500.0,6.7625546
2013-03-27 00:00:00,9.6599998,9.6599998,9.6599998,9.6599998,300.0,6.8692179
2013-03-28 00:00:00,9.7600002,9.7600002,9.7600002,9.7600002,100.0,6.9403281
2013-04-01 00:00:00,9.5600004,9.7600002,9.7600002,9.5600004,900.0,6.7981071
2013-04-02 00:00:00,9.9499998,9.9499998,9.9499998,9.9499998,600.0,7.0754352
2013-04-03 00:00:00,9.9499998,9.9499998,9.9499998,9.9499998,500.0,7.0754352
2013-04-04 00:00:00,9.9499998,9.9499998,9.9499998,9.9499998,400.0,7.0754352
2013-04-05 00:00:00,9.9499998,9.9499998,9.9499998,9.9499998,300.0,7.0754352
2013-04-08 00:00:00,9.7799997,9.7799997,9.7799997,9.7799997,200.0,6.9545493
2013-04-09 00:00:00,9.75,9.9399996,9.9399996,9.75,400.0,6.9332175
2013-04-10 00:00:00,10.0900002,10.0900002,10.0900002,10.0900002,500.0,7.1749911
2013-04-11 00:00:00,10.3500004,10.3500004,10.3500004,10.3500004,200.0,7.3598766
2013-04-12 00:00:00,10.25,10.0,10.25,10.0,500.0,7.2887659
2013-04-15 00:00:00,10.25,10.25,10.25,10.25,400.0,7.2887659
2013-04-16 00:00:00,9.8500004,9.8500004,9.8500004,9.8500004,300.0,7.0043273
2013-04-17 00:00:00,9.8500004,9.8500004,9.8500004,9.8500004,300.0,7.0043273
2013-04-18 00:00:00,9.8500004,9.8500004,9.8500004,9.8500004,300.0,7.0043273
2013-04-19 00:00:00,9.6499996,9.6499996,9.6499996,9.6499996,300.0,6.8621068
2013-04-22 00:00:00,9.6499996,9.6499996,9.6499996,9.6499996,400.0,6.8621068
2013-04-23 00:00:00,9.5699997,9.7600002,9.7600002,9.5699997,500.0,6.8052192
2013-04-24 00:00:00,10.1599998,10.1599998,10.1599998,10.1599998,200.0,7.2247682
2013-04-25 00:00:00,10.1999998,10.1999998,10.1999998,10.1999998,700.0,7.2532115
2013-04-26 00:00:00,10.1999998,10.1999998,10.1999998,10.1999998,23500.0,7.2532115
2013-04-29 00:00:00,9.9899998,9.8500004,10.1700001,9.8500004,46300.0,7.1038799
2013-04-30 00:00:00,10.0500002,10.0500002,10.0500002,10.0500002,300.0,7.1465483
2013-05-01 00:00:00,10.1999998,10.0,10.1999998,10.0,700.0,7.2532115
2013-05-02 00:00:00,10.1999998,10.1999998,10.1999998,10.1999998,650.0,7.2532115
2013-05-03 00:00:00,10.1999998,10.1999998,10.1999998,10.1999998,600.0,7.2532115
2013-05-06 00:00:00,10.1999998,10.1999998,10.1999998,10.1999998,550.0,7.2532115
2013-05-07 00:00:00,9.8999996,9.8999996,9.8999996,9.8999996,500.0,7.0398803
2013-05-08 00:00:00,9.8800001,9.8800001,9.8800001,9.8800001,700.0,7.0256577
2013-05-09 00:00:00,9.8500004,9.9200001,9.9200001,9.8500004,1700.0,7.0043273
2013-05-10 00:00:00,9.9499998,9.9499998,9.9499998,9.9499998,500.0,7.0754352
2013-05-13 00:00:00,9.9499998,9.9499998,9.9499998,9.9499998,500.0,7.0754352
2013-05-14 00:00:00,10.29,10.29,10.29,10.29,500.0,7.3172102
2013-05-15 00:00:00,9.9899998,9.9899998,9.9899998,9.9899998,200.0,7.1038799
2013-05-16 00:00:00,9.9899998,9.9899998,9.9899998,9.9899998,200.0,7.1038799
2013-05-17 00:00:00,9.6300001,9.6300001,9.6300001,9.6300001,200.0,6.8478847
2013-05-20 00:00:00,9.6300001,9.6300001,9.6300001,9.6300001,250.0,6.8478847
2013-05-21 00:00:00,9.5699997,9.5699997,9.5699997,9.5699997,300.0,6.8052192
2013-05-22 00:00:00,9.5699997,9.5699997,9.5699997,9.5699997,300.0,6.8052192
2013-05-23 00:00:00,9.8699999,9.8699999,9.8699999,9.8699999,300.0,7.0185485
2013-05-24 00:00:00,9.8699999,9.8699999,9.8699999,9.8699999,250.0,7.0185485
2013-05-28 00:00:00,9.6499996,9.6499996,9.6499996,9.6499996,200.0,6.8621068
2013-05-29 00:00:00,9.6499996,9.6499996,9.6499996,9.6499996,200.0,6.8621068
2013-05-30 00:00:00,9.8400002,9.8400002,9.8400002,9.8400002,200.0,6.9972153
2013-05-31 00:00:00,9.6099997,9.6099997,9.6099997,9.6099997,500.0,6.8336625
2013-06-03 00:00:00,9.6099997,9.6099997,9.6099997,9.6099997,550.0,6.8336625
2013-06-04 00:00:00,9.3000002,9.5500002,9.5500002,9.3000002,600.0,6.6132231
2013-06-05 00:00:00,9.3000002,9.3000002,9.3000002,9.3000002,400.0,6.6132231
2013-06-06 00:00:00,9.0699997,9.0699997,9.0699997,9.0699997,200.0,6.4496684
2013-06-07 00:00:00,9.0699997,9.0699997,9.0699997,9.0699997,200.0,6.4496684
2013-06-10 00:00:00,9.1000004,9.1000004,9.1000004,9.1000004,200.0,6.471004
2013-06-11 00:00:00,9.1000004,9.1000004,9.1000004,9.1000004,200.0,6.471004
2013-06-12 00:00:00,9.2200003,9.2200003,9.2200003,9.2200003,200.0,6.5563354
2013-06-13 00:00:00,9.2200003,9.2200003,9.2200003,9.2200003,216.66666666666666,6.5563354
2013-06-14 00:00:00,9.2200003,9.2200003,9.2200003,9.2200003,233.33333333333334,6.5563354
2013-06-17 00:00:00,9.2200003,9.2200003,9.2200003,9.2200003,250.0,6.5563354
2013-06-18 00:00:00,9.2200003,9.2200003,9.2200003,9.2200003,266.6666666666667,6.5563354
2013-06-19 00:00:00,9.2200003,9.2200003,9.2200003,9.2200003,283.33333333333337,6.5563354
2013-06-20 00:00:00,8.8000002,8.8000002,8.8000002,8.8000002,300.0,6.2576733
2013-06-21 00:00:00,8.8000002,8.8000002,8.8000002,8.8000002,250.0,6.2576733
2013-06-24 00:00:00,9.1700001,9.1700001,9.1700001,9.1700001,200.0,6.5207791
2013-06-25 00:00:00,9.4300003,9.4300003,9.4300003,9.4300003,200.0,6.7056651
2013-06-26 00:00:00,9.4300003,9.4300003,9.4300003,9.4300003,4033.3333333333335,6.7056651
2013-06-27 00:00:00,9.4300003,9.4300003,9.4300003,9.4300003,7866.666666666667,6.7056651
2013-06-28 00:00:00,9.1800003,9.1800003,9.1800003,9.1800003,11700.0,6.5278907
2013-07-01 00:00:00,9.2399998,9.2399998,9.2399998,9.2399998,6700.0,6.5705566
2013-07-02 00:00:00,9.3599997,9.3999996,9.3999996,9.3599997,900.0,6.6558871
2013-07-03 00:00:00,9.3599997,9.3599997,9.3599997,9.3599997,833.3333333333334,6.6558871
2013-07-05 00:00:00,9.3599997,9.3599997,9.3599997,9.3599997,766.6666666666666,6.6558871
2013-07-08 00:00:00,9.3599997,9.3599997,9.3599997,9.3599997,700.0,6.6558871
2013-07-09 00:00:00,9.3599997,9.3599997,9.3599997,9.3599997,633.3333333333333,6.6558871
2013-07-10 00:00:00,9.3599997,9.3599997,9.3599997,9.3599997,566.6666666666666,6.6558871
2013-07-11 00:00:00,9.7799997,9.7799997,9.7799997,9.7799997,500.0,6.9545493
2013-07-12 00:00:00,9.7799997,9.7799997,9.7799997,9.7799997,433.3333333333333,6.9545493
2013-07-15 00:00:00,9.7799997,9.7799997,9.7799997,9.7799997,366.66666666666663,6.9545493
2013-07-16 00:00:00,10.0,10.0,10.0,10.0,300.0,7.1109924
2013-07-17 00:00:00,9.9799995,9.9799995,9.9799995,9.9799995,200.0,7.0967689
2013-07-18 00:00:00,9.9799995,9.9799995,9.9799995,9.9799995,200.0,7.0967689
2013-07-19 00:00:00,9.9799995,9.9799995,9.9799995,9.9799995,200.0,7.0967689
2013-07-22 00:00:00,9.9799995,9.9799995,9.9799995,9.9799995,200.0,7.0967689
2013-07-23 00:00:00,9.5,9.5,9.5,9.5,200.0,6.7554412
2013-07-24 00:00:00,9.5,9.5,9.5,9.5,200.0,6.7554412
2013-07-25 00:00:00,9.4700003,9.4700003,9.4700003,9.4700003,200.0,6.7341075
2013-07-26 00:00:00,9.4700003,9.4700003,9.4700003,9.4700003,2350.0,6.7341075
2013-07-29 00:00:00,9.5299997,9.5299997,9.5299997,9.5299997,4500.0,6.7767749
2013-07-30 00:00:00,9.5299997,9.5299997,9.5299997,9.5299997,15950.0,6.7767749
2013-07-31 00:00:00,9.6000004,9.4899998,9.6000004,9.4899998,27400.0,6.8265529
2013-08-01 00:00:00,9.6000004,9.6000004,9.6000004,9.6000004,18300.0,6.8265529
2013-08-02 00:00:00,9.6000004,9.6000004,9.6000004,9.6000004,9200.0,6.8265529
2013-08-05 00:00:00,9.75,9.75,9.75,9.75,100.0,6.9332175
2013-08-06 00:00:00,9.75,9.75,9.75,9.75,166.66666666666669,6.9332175
2013-08-07 00:00:00,9.75,9.75,9.75,9.75,233.33333333333334,6.9332175
2013-08-08 00:00:00,9.6899996,9.6899996,9.6899996,9.6899996,300.0,6.8905511
2013-08-09 00:00:00,9.6899996,9.6899996,9.6899996,9.6899996,250.0,6.8905511
2013-08-12 00:00:00,9.6899996,9.6899996,9.6899996,9.6899996,200.0,6.8905511
2013-08-13 00:00:00,9.6899996,9.6899996,9.6899996,9.6899996,150.0,6.8905511
2013-08-14 00:00:00,9.9499998,9.9499998,9.9499998,9.9499998,100.0,7.0754352
2013-08-15 00:00:00,9.9499998,9.9499998,9.9499998,9.9499998,100.0,7.0754352
2013-08-16 00:00:00,9.9499998,9.9499998,9.9499998,9.9499998,100.0,7.0754352
2013-08-19 00:00:00,9.5,9.5,9.5,9.5,100.0,6.7554412
2013-08-20 00:00:00,9.6000004,9.6000004,9.6000004,9.6000004,6200.0,6.8265529
2013-08-21 00:00:00,9.75,9.75,9.75,9.75,300.0,6.9332175
2013-08-22 00:00:00,9.75,9.75,9.75,9.75,380.0,6.9332175
2013-08-23 00:00:00,9.75,9.75,9.75,9.75,460.0,6.9332175
2013-08-26 00:00:00,9.75,9.75,9.75,9.75,540.0,6.9332175
2013-08-27 00:00:00,9.75,9.75,9.75,9.75,620.0,6.9332175
2013-08-28 00:00:00,9.3500004,9.3500004,9.3500004,9.3500004,700.0,6.648778
2013-08-29 00:00:00,9.3699999,9.3699999,9.3699999,9.3699999,600.0,6.6630001
2013-08-30 00:00:00,9.3999996,9.3999996,9.3999996,9.3999996,300.0,6.6843314
2013-09-03 00:00:00,9.3999996,9.3999996,9.3999996,9.3999996,200.0,6.6843314
2013-09-04 00:00:00,9.3999996,9.3999996,9.3999996,9.3999996,266.6666666666667,6.6843314
2013-09-05 00:00:00,9.3999996,9.3999996,9.3999996,9.3999996,333.33333333333337,6.6843314
2013-09-06 00:00:00,9.8599997,9.8599997,9.8599997,9.8599997,400.0,7.0114379
2013-09-09 00:00:00,9.8800001,9.8800001,9.8800001,9.8800001,200.0,7.0256577
2013-09-10 00:00:00,9.8800001,9.8800001,9.8800001,9.8800001,1250.0,7.0256577
2013-09-11 00:00:00,10.0600004,9.96,10.0600004,9.96,2300.0,7.1536574
2013-09-12 00:00:00,10.0600004,10.0600004,10.0600004,10.0600004,1850.0,7.1536574
2013-09-13 00:00:00,10.0600004,10.0600004,10.0600004,10.0600004,1400.0,7.1536574
2013-09-16 00:00:00,10.0600004,10.0600004,10.0600004,10.0600004,950.0,7.1536574
2013-09-17 00:00:00,10.3400002,10.3400002,10.3400002,10.3400002,500.0,7.3527646
2013-09-18 00:00:00,10.3400002,10.3400002,10.3400002,10.3400002,300.0,7.3527646
2013-09-19 00:00:00,9.9799995,9.9799995,9.9799995,9.9799995,100.0,7.0967689
2013-09-20 00:00:00,9.9300003,9.9300003,9.9300003,9.9300003,100.0,7.0612149
2013-09-23 00:00:00,9.9300003,9.9300003,9.9300003,9.9300003,1400.0,7.0612149
2013-09-24 00:00:00,9.6300001,9.6300001,9.9200001,9.6300001,2700.0,6.8478847
2013-09-25 00:00:00,9.6300001,9.6300001,9.6300001,9.6300001,2200.0,6.8478847
2013-09-26 00:00:00,9.6300001,9.6300001,9.6300001,9.6300001,1700.0,6.8478847
2013-09-27 00:00:00,9.6300001,9.6300001,9.6300001,9.6300001,1200.0,6.8478847
2013-09-30 00:00:00,9.8500004,9.8500004,9.8500004,9.8500004,700.0,7.0043273
2013-10-01 00:00:00,9.7700005,9.7700005,9.7700005,9.7700005,200.0,6.9474392
2013-10-02 00:00:00,9.8900003,9.8900003,9.8900003,9.8900003,100.0,7.0327711
2013-10-03 00:00:00,9.8599997,9.8599997,9.8599997,9.8599997,500.0,7.0114379
2013-10-04 00:00:00,9.9799995,9.9799995,9.9799995,9.9799995,100.0,7.0967689
2013-10-07 00:00:00,9.9799995,9.9799995,9.9799995,9.9799995,300.0,7.0967689
2013-10-08 00:00:00,9.8400002,9.8400002,9.8400002,9.8400002,500.0,6.9972153
2013-10-09 00:00:00,9.8400002,9.8400002,9.8400002,9.8400002,1050.0,6.9972153
2013-10-10 00:00:00,9.6000004,9.6000004,9.6000004,9.6000004,1600.0,6.8265529
2013-10-11 00:00:00,9.6000004,9.6000004,9.6000004,9.6000004,1225.0,6.8265529
2013-10-14 00:00:00,9.6000004,9.6000004,9.6000004,9.6000004,850.0,6.8265529
2013-10-15 00:00:00,9.6000004,9.6000004,9.6000004,9.6000004,475.0,6.8265529
2013-10-16 00:00:00,10.0500002,10.0500002,10.0500002,10.0500002,100.0,7.1465483
2013-10-17 00:00:00,10.1999998,10.1999998,10.1999998,10.1999998,300.0,7.2532115
2013-10-18 00:00:00,10.1099997,10.3000002,10.3000002,10.1099997,300.0,7.1892109
2013-10-21 00:00:00,10.4499998,10.4499998,10.4499998,10.4499998,15100.0,7.4309874
2013-10-22 00:00:00,10.4499998,10.4499998,10.4499998,10.4499998,10233.333333333332,7.4309874
2013-10-23 00:00:00,10.4499998,10.4499998,10.4499998,10.4499998,5366.666666666666,7.4309874
2013-10-24 00:00:00,10.3999996,10.3999996,10.3999996,10.3999996,500.0,7.3954315
2013-10-25 00:00:00,10.3000002,10.3000002,10.3000002,10.3000002,800.0,7.3243208
2013-10-28 00:00:00,10.3000002,10.3000002,10.3000002,10.3000002,700.0,7.3243208
2013-10-29 00:00:00,9.9700003,9.9700003,9.9700003,9.9700003,400.0,7.0896597
2013-10-30 00:00:00,10.3000002,10.3000002,10.3000002,10.3000002,20200.0,7.3243208
2013-10-31 00:00:00,10.3000002,10.3000002,10.3000002,10.3000002,20375.0,7.3243208
2013-11-01 00:00:00,10.3000002,10.3000002,10.3000002,10.3000002,20550.0,7.3243208
2013-11-04 00:00:00,10.3000002,10.3000002,10.3000002,10.3000002,20725.0,7.3243208
2013-11-05 00:00:00,10.3400002,10.3400002,10.3400002,10.3400002,20900.0,7.3527646
2013-11-06 00:00:00,10.4300003,10.2399998,10.4300003,10.2399998,20500.0,7.4167647
2013-11-07 00:00:00,10.3500004,10.3500004,10.3500004,10.3500004,300.0,7.3598766
2013-11-08 00:00:00,10.2299995,10.2299995,10.2299995,10.2299995,5300.0,7.2745438
2013-11-11 00:00:00,10.2299995,10.2299995,10.2299995,10.2299995,2950.0,7.2745438
2013-11-12 00:00:00,10.3999996,10.3999996,10.3999996,10.3999996,600.0,7.3954315
2013-11-13 00:00:00,10.2299995,10.2299995,10.2299995,10.2299995,100.0,7.2745438
2013-11-14 00:00:00,10.2299995,10.2299995,10.2299995,10.2299995,366.6666666666667,7.2745438
2013-11-15 00:00:00,10.2299995,10.2299995,10.2299995,10.2299995,633.3333333333334,7.2745438
2013-11-18 00:00:00,10.5600004,10.5600004,10.5600004,10.5600004,900.0,7.5092101
2013-11-19 00:00:00,10.5200005,10.5200005,10.5200005,10.5200005,100.0,7.4807634
2013-11-20 00:00:00,10.4399996,10.4399996,10.4399996,10.4399996,800.0,7.4238729
2013-11-21 00:00:00,10.4399996,10.4399996,10.4399996,10.4399996,650.0,7.4238729
2013-11-22 00:00:00,10.1599998,10.1599998,10.1599998,10.1599998,500.0,7.2247682
2013-11-25 00:00:00,10.2799997,10.2799997,10.2799997,10.2799997,700.0,7.3100986
2013-11-26 00:00:00,10.1800003,10.1800003,10.1800003,10.1800003,1000.0,7.2389889
2013-11-27 00:00:00,10.1800003,10.1800003,10.1800003,10.1800003,650.0,7.2389889
2013-11-29 00:00:00,10.1499996,10.1499996,10.1499996,10.1499996,300.0,7.2176561
2013-12-02 00:00:00,10.0200005,10.0200005,10.0200005,10.0200005,200.0,7.1252127
2013-12-03 00:00:00,10.0200005,10.0200005,10.0200005,10.0200005,200.0,7.1252127
2013-12-04 00:00:00,10.0,10.0,10.0,10.0,200.0,7.1109924
2013-12-05 00:00:00,10.0,10.0,10.0,10.0,200.0,7.1109924
2013-12-06 00:00:00,10.1999998,10.1999998,10.1999998,10.1999998,200.0,7.2532115
2013-12-09 00:00:00,10.1099997,10.1099997,10.1099997,10.1099997,300.0,7.1892109
2013-12-10 00:00:00,10.1099997,10.1099997,10.1099997,10.1099997,250.0,7.1892109
2013-12-11 00:00:00,10.21,10.21,10.21,10.21,200.0,7.260323
2013-12-12 00:00:00,10.21,10.21,10.21,10.21,700.0,7.260323
2013-12-13 00:00:00,10.1800003,10.1800003,10.1800003,10.1800003,1200.0,7.2389889
2013-12-16 00:00:00,10.3999996,10.3999996,10.3999996,10.3999996,700.0,7.3954315
2013-12-17 00:00:00,10.3000002,10.3000002,10.3000002,10.3000002,1300.0,7.3243208
2013-12-18 00:00:00,9.2799997,9.2799997,9.2799997,9.2799997,200.0,6.5990014
2013-12-19 00:00:00,9.3199997,9.3199997,9.3199997,9.3199997,1000.0,6.6274433
2013-12-20 00:00:00,9.3699999,9.3699999,9.3699999,9.3699999,200.0,6.6630001
2013-12-23 00:00:00,9.4799995,9.4799995,9.4799995,9.4799995,1000.0,6.7412195
2013-12-24 00:00:00,9.4799995,9.4799995,9.4799995,9.4799995,700.0,6.7412195
2013-12-26 00:00:00,9.4499998,9.25,9.4499998,9.25,400.0,6.7198887
2013-12-27 00:00:00,9.4499998,9.4499998,9.4499998,9.4499998,2450.0,6.7198887
2013-12-30 00:00:00,9.3000002,9.3000002,9.3000002,9.3000002,4500.0,6.6132231
2013-12-31 00:00:00,9.3000002,9.3000002,9.3000002,9.3000002,2550.0,6.6132231
2014-01-02 00:00:00,9.5200005,9.54,9.54,9.3800001,600.0,6.7696648
2014-01-03 00:00:00,9.4300003,9.4300003,9.4300003,9.4300003,400.0,6.7056651
2014-01-06 00:00:00,9.4300003,9.4300003,9.4300003,9.4300003,1100.0,6.7056651
2014-01-07 00:00:00,9.4499998,9.5799999,9.6000004,9.4499998,1800.0,6.7198887
2014-01-08 00:00:00,9.4899998,9.4899998,9.4899998,9.4899998,300.0,6.7483311
2014-01-09 00:00:00,9.4399996,9.4399996,9.4399996,9.4399996,4300.0,6.7127767
2014-01-10 00:00:00,9.4200001,9.4200001,9.4200001,9.4200001,600.0,6.698554
2014-01-13 00:00:00,9.4200001,9.4200001,9.4200001,9.4200001,400.0,6.698554
2014-01-14 00:00:00,9.1899996,9.1899996,9.1899996,9.1899996,200.0,6.5350008
2014-01-15 00:00:00,9.1899996,9.1899996,9.1899996,9.1899996,850.0,6.5350008
2014-01-16 00:00:00,9.0200005,9.0200005,9.1800003,9.0200005,1500.0,6.4141145
2014-01-17 00:00:00,9.25,9.25,9.25,9.25,1000.0,6.5776663
2014-01-21 00:00:00,9.25,9.25,9.25,9.25,600.0,6.5776663
2014-01-22 00:00:00,9.2600002,9.2600002,9.2600002,9.2600002,200.0,6.5847783
2014-01-23 00:00:00,9.4200001,9.25,9.4200001,9.25,1100.0,6.698554
2014-01-24 00:00:00,9.4200001,9.4200001,9.4200001,9.4200001,866.6666666666666,6.698554
2014-01-27 00:00:00,9.4200001,9.4200001,9.4200001,9.4200001,633.3333333333333,6.698554
2014-01-28 00:00:00,9.1000004,9.1000004,9.1000004,9.1000004,400.0,6.471004
2014-01-29 00:00:00,9.3400002,9.1800003,9.3400002,9.1800003,2100.0,6.6416664
2014-01-30 00:00:00,9.3000002,9.4499998,9.4499998,9.3000002,1000.0,6.6132231
2014-01-31 00:00:00,9.3199997,9.3199997,9.3199997,9.3199997,300.0,6.6274433
2014-02-03 00:00:00,9.3199997,9.3199997,9.3199997,9.3199997,466.66666666666663,6.6274433
2014-02-04 00:00:00,9.3199997,9.3199997,9.3199997,9.3199997,633.3333333333333,6.6274433
2014-02-05 00:00:00,9.2600002,9.25,9.2600002,9.25,800.0,6.5847783
2014-02-06 00:00:00,9.2600002,9.2600002,9.2600002,9.2600002,1300.0,6.5847783
2014-02-07 00:00:00,9.4300003,9.4300003,9.4300003,9.4300003,1800.0,6.7056651
2014-02-10 00:00:00,9.5200005,9.5200005,9.5200005,9.5200005,200.0,6.7696648
2014-02-11 00:00:00,9.5200005,9.5200005,9.5200005,9.5200005,500.0,6.7696648
2014-02-12 00:00:00,9.8400002,9.8400002,9.8400002,9.8400002,800.0,6.9972153
2014-02-13 00:00:00,9.8400002,9.8400002,9.8400002,9.8400002,880.0,6.9972153
2014-02-14 00:00:00,9.8400002,9.8400002,9.8400002,9.8400002,960.0,6.9972153
2014-02-18 00:00:00,9.8400002,9.8400002,9.8400002,9.8400002,1040.0,6.9972153
2014-02-19 00:00:00,9.8400002,9.8400002,9.8400002,9.8400002,1120.0,6.9972153
2014-02-20 00:00:00,9.8000002,9.5500002,9.8000002,9.5500002,1200.0,6.9687719
2014-02-21 00:00:00,9.5900002,9.5900002,9.5900002,9.5900002,1700.0,6.8194427
2014-02-24 00:00:00,9.5900002,9.5900002,9.5900002,9.5900002,1514.2857142857142,6.8194427
2014-02-25 00:00:00,9.5900002,9.5900002,9.5900002,9.5900002,1328.5714285714284,6.9469342
2014-02-26 00:00:00,9.5900002,9.5900002,9.5900002,9.5900002,1142.857142857143,6.9469342
2014-02-27 00:00:00,9.5900002,9.5900002,9.5900002,9.5900002,957.1428571428571,6.9469342
2014-02-28 00:00:00,9.5900002,9.5900002,9.5900002,9.5900002,771.4285714285713,6.9469342
2014-03-03 00:00:00,9.5900002,9.5900002,9.5900002,9.5900002,585.7142857142858,6.9469342
2014-03-04 00:00:00,9.2600002,9.2600002,9.2600002,9.2600002,400.0,6.7078843
2014-03-05 00:00:00,9.2600002,9.2600002,9.2600002,9.2600002,333.3333333333333,6.7078843
2014-03-06 00:00:00,9.2600002,9.2600002,9.2600002,9.2600002,266.66666666666663,6.7078843
2014-03-07 00:00:00,9.1499996,9.1499996,9.1499996,9.1499996,200.0,6.6282005
2014-03-10 00:00:00,9.1499996,9.1499996,9.1499996,9.1499996,240.0,6.6282005
2014-03-11 00:00:00,9.1499996,9.1499996,9.1499996,9.1499996,280.0,6.6282005
2014-03-12 00:00:00,9.1499996,9.1499996,9.1499996,9.1499996,320.0,6.6282005
2014-03-13 00:00:00,9.1499996,9.1499996,9.1499996,9.1499996,360.0,6.6282005
2014-03-14 00:00:00,9.1499996,9.1499996,9.1499996,9.1499996,400.0,6.6282005
2014-03-17 00:00:00,9.1499996,9.1499996,9.1499996,9.1499996,440.0,6.6282005
2014-03-18 00:00:00,9.1499996,9.1499996,9.1499996,9.1499996,480.0,6.6282005
2014-03-19 00:00:00,9.1499996,9.1499996,9.1499996,9.1499996,520.0,6.6282005
2014-03-20 00:00:00,9.1499996,9.1499996,9.1499996,9.1499996,560.0,6.6282005
2014-03-21 00:00:00,9.1499996,9.1499996,9.1499996,9.1499996,600.0,6.6282005
2014-03-24 00:00:00,9.1499996,9.1499996,9.1499996,9.1499996,640.0,6.6282005
2014-03-25 00:00:00,9.1499996,9.1499996,9.1499996,9.1499996,680.0,6.6282005
2014-03-26 00:00:00,9.1499996,9.1499996,9.1499996,9.1499996,720.0,6.6282005
2014-03-27 00:00:00,9.1499996,9.1499996,9.1499996,9.1499996,760.0,6.6282005
2014-03-28 00:00:00,9.1499996,9.1499996,9.1499996,9.1499996,800.0,6.6282005
2014-03-31 00:00:00,9.1499996,9.1499996,9.1499996,9.1499996,840.0,6.6282005
2014-04-01 00:00:00,9.1499996,9.1499996,9.1499996,9.1499996,880.0,6.6282005
2014-04-02 00:00:00,9.1499996,9.1499996,9.1499996,9.1499996,920.0,6.6282005
2014-04-03 00:00:00,9.1499996,9.1499996,9.1499996,9.1499996,960.0,6.6282005
2014-04-04 00:00:00,9.4099998,9.4099998,9.4099998,9.4099998,1000.0,6.8165436
2014-04-07 00:00:00,9.4099998,9.4099998,9.4099998,9.4099998,3636.3636363636365,6.8165436
2014-04-08 00:00:00,9.4099998,9.4099998,9.4099998,9.4099998,6272.727272727273,6.8165436
2014-04-09 00:00:00,9.4099998,9.4099998,9.4099998,9.4099998,8909.09090909091,6.8165436
2014-04-10 00:00:00,9.4099998,9.4099998,9.4099998,9.4099998,11545.454545454546,6.8165436
2014-04-11 00:00:00,9.4099998,9.4099998,9.4099998,9.4099998,14181.818181818182,6.8165436
2014-04-14 00:00:00,9.4099998,9.4099998,9.4099998,9.4099998,16818.18181818182,6.8165436
2014-04-15 00:00:00,9.4099998,9.4099998,9.4099998,9.4099998,19454.545454545456,6.8165436
2014-04-16 00:00:00,9.4099998,9.4099998,9.4099998,9.4099998,22090.909090909092,6.8165436
2014-04-17 00:00:00,9.4099998,9.4099998,9.4099998,9.4099998,24727.272727272728,6.8165436
2014-04-21 00:00:00,9.4099998,9.4099998,9.4099998,9.4099998,27363.636363636364,6.8165436
2014-04-22 00:00:00,9.4899998,9.4899998,9.4899998,9.4899998,30000.0,6.8744936
2014-04-23 00:00:00,9.4899998,9.4899998,9.4899998,9.4899998,27020.0,6.8744936
2014-04-24 00:00:00,9.4899998,9.4899998,9.4899998,9.4899998,24040.0,6.8744936
2014-04-25 00:00:00,9.4899998,9.4899998,9.4899998,9.4899998,21060.0,6.8744936
2014-04-28 00:00:00,9.4899998,9.4899998,9.4899998,9.4899998,18080.0,6.8744936
2014-04-29 00:00:00,9.4899998,9.4899998,9.4899998,9.4899998,15100.0,6.8744936
2014-04-30 00:00:00,9.4899998,9.4899998,9.4899998,9.4899998,12120.0,6.8744936
2014-05-01 00:00:00,9.4899998,9.4899998,9.4899998,9.4899998,9140.0,6.8744936
2014-05-02 00:00:00,9.4899998,9.4899998,9.4899998,9.4899998,6160.0,6.8744936
2014-05-05 00:00:00,9.4899998,9.4899998,9.4899998,9.4899998,3180.0,6.8744936
2014-05-06 00:00:00,9.6000004,9.6000004,9.6000004,9.6000004,200.0,6.9541788
2014-05-07 00:00:00,9.6000004,9.6000004,9.6000004,9.6000004,416.66666666666663,6.9541788
2014-05-08 00:00:00,9.6000004,9.6000004,9.6000004,9.6000004,633.3333333333333,6.9541788
2014-05-09 00:00:00,9.6000004,9.6000004,9.6000004,9.6000004,850.0,6.9541788
2014-05-12 00:00:00,9.6000004,9.6000004,9.6000004,9.6000004,1066.6666666666665,6.9541788
2014-05-13 00:00:00,9.6000004,9.6000004,9.6000004,9.6000004,1283.3333333333333,6.9541788
2014-05-14 00:00:00,9.8000002,9.8000002,9.8000002,9.8000002,1500.0,7.0990572
2014-05-15 00:00:00,9.8000002,9.8000002,9.8000002,9.8000002,950.0,7.0990572
2014-05-16 00:00:00,9.6999998,9.6999998,9.6999998,9.6999998,400.0,7.026618
2014-05-19 00:00:00,9.6999998,9.6999998,9.6999998,9.6999998,392.0,7.026618
2014-05-20 00:00:00,9.6999998,9.6999998,9.6999998,9.6999998,384.0,7.026618
2014-05-21 00:00:00,9.6999998,9.6999998,9.6999998,9.6999998,376.0,7.026618
2014-05-22 00:00:00,9.6999998,9.6999998,9.6999998,9.6999998,368.0,7.026618
2014-05-23 00:00:00,9.6999998,9.6999998,9.6999998,9.6999998,360.0,7.026618
2014-05-27 00:00:00,9.6999998,9.6999998,9.6999998,9.6999998,352.0,7.026618
2014-05-28 00:00:00,9.6999998,9.6999998,9.6999998,9.6999998,344.0,7.026618
2014-05-29 00:00:00,9.6999998,9.6999998,9.6999998,9.6999998,336.0,7.026618
2014-05-30 00:00:00,9.6999998,9.6999998,9.6999998,9.6999998,328.0,7.026618
2014-06-02 00:00:00,9.6999998,9.6999998,9.6999998,9.6999998,320.0,7.026618
2014-06-03 00:00:00,9.6999998,9.6999998,9.6999998,9.6999998,312.0,7.026618
2014-06-04 00:00:00,9.6999998,9.6999998,9.6999998,9.6999998,304.0,7.026618
2014-06-05 00:00:00,9.6999998,9.6999998,9.6999998,9.6999998,296.0,7.026618
2014-06-06 00:00:00,9.6999998,9.6999998,9.6999998,9.6999998,288.0,7.026618
2014-06-09 00:00:00,9.6999998,9.6999998,9.6999998,9.6999998,280.0,7.026618
2014-06-10 00:00:00,9.6999998,9.6999998,9.6999998,9.6999998,272.0,7.026618
2014-06-11 00:00:00,9.6999998,9.6999998,9.6999998,9.6999998,264.0,7.026618
2014-06-12 00:00:00,9.6999998,9.6999998,9.6999998,9.6999998,256.0,7.026618
2014-06-13 00:00:00,9.6999998,9.6999998,9.6999998,9.6999998,248.0,7.026618
2014-06-16 00:00:00,9.6999998,9.6999998,9.6999998,9.6999998,240.0,7.026618
2014-06-17 00:00:00,9.6999998,9.6999998,9.6999998,9.6999998,232.0,7.026618
2014-06-18 00:00:00,9.6999998,9.6999998,9.6999998,9.6999998,224.0,7.026618
2014-06-19 00:00:00,9.6999998,9.6999998,9.6999998,9.6999998,216.0,7.026618
2014-06-20 00:00:00,9.6999998,9.6999998,9.6999998,9.6999998,208.0,7.026618
2014-06-23 00:00:00,9.8500004,9.8500004,9.8500004,9.8500004,200.0,7.1352768
2014-06-24 00:00:00,9.8500004,9.8500004,9.8500004,9.8500004,221.42857142857142,7.1352768
2014-06-25 00:00:00,9.8500004,9.8500004,9.8500004,9.8500004,242.85714285714286,7.1352768
2014-06-26 00:00:00,9.8500004,9.8500004,9.8500004,9.8500004,264.2857142857143,7.1352768
2014-06-27 00:00:00,9.8500004,9.8500004,9.8500004,9.8500004,285.7142857142857,7.1352768
2014-06-30 00:00:00,9.8500004,9.8500004,9.8500004,9.8500004,307.1428571428571,7.1352768
2014-07-01 00:00:00,9.8500004,9.8500004,9.8500004,9.8500004,328.57142857142856,7.1352768
2014-07-02 00:00:00,9.8500004,9.8500004,9.8500004,9.8500004,350.0,7.1352768
2014-07-03 00:00:00,9.8500004,9.8500004,9.8500004,9.8500004,371.42857142857144,7.1352768
2014-07-07 00:00:00,9.8500004,9.8500004,9.8500004,9.8500004,392.85714285714283,7.1352768
2014-07-08 00:00:00,9.8500004,9.8500004,9.8500004,9.8500004,414.2857142857143,7.1352768
2014-07-09 00:00:00,9.8500004,9.8500004,9.8500004,9.8500004,435.71428571428567,7.1352768
2014-07-10 00:00:00,9.8500004,9.8500004,9.8500004,9.8500004,457.1428571428571,7.1352768
2014-07-11 00:00:00,9.8500004,9.8500004,9.8500004,9.8500004,478.57142857142856,7.1352768
2014-07-14 00:00:00,9.7399998,9.7399998,9.7399998,9.7399998,500.0,7.0555935
2014-07-15 00:00:00,9.7399998,9.7399998,9.7399998,9.7399998,1700.0,7.0555935
2014-07-16 00:00:00,9.7399998,9.7399998,9.7399998,9.7399998,2900.0,7.0555935
2014-07-17 00:00:00,9.5100002,9.5100002,9.5100002,9.5100002,4100.0,6.8889832
2014-07-18 00:00:00,9.5100002,9.5100002,9.5100002,9.5100002,3991.6666666666665,6.8889832
2014-07-21 00:00:00,9.5100002,9.5100002,9.5100002,9.5100002,3883.3333333333335,6.8889832
2014-07-22 00:00:00,9.5100002,9.5100002,9.5100002,9.5100002,3775.0,6.8889832
2014-07-23 00:00:00,9.5100002,9.5100002,9.5100002,9.5100002,3666.6666666666665,6.8889832
2014-07-24 00:00:00,9.5100002,9.5100002,9.5100002,9.5100002,3558.3333333333335,6.8889832
2014-07-25 00:00:00,9.5100002,9.5100002,9.5100002,9.5100002,3450.0,6.8889832
2014-07-28 00:00:00,9.5100002,9.5100002,9.5100002,9.5100002,3341.666666666667,6.8889832
2014-07-29 00:00:00,9.5100002,9.5100002,9.5100002,9.5100002,3233.3333333333335,6.8889832
2014-07-30 00:00:00,9.5100002,9.5100002,9.5100002,9.5100002,3125.0,6.8889832
2014-07-31 00:00:00,9.5100002,9.5100002,9.5100002,9.5100002,3016.666666666667,6.8889832
2014-08-01 00:00:00,9.5100002,9.5100002,9.5100002,9.5100002,2908.3333333333335,6.8889832
2014-08-04 00:00:00,9.5100002,9.5100002,9.5100002,9.5100002,2800.0,6.8889832
2014-08-05 00:00:00,9.5100002,9.5100002,9.5100002,9.5100002,2691.666666666667,6.8889832
2014-08-06 00:00:00,9.5100002,9.5100002,9.5100002,9.5100002,2583.3333333333335,6.8889832
2014-08-07 00:00:00,9.5100002,9.5100002,9.5100002,9.5100002,2475.0,6.8889832
2014-08-08 00:00:00,9.5100002,9.5100002,9.5100002,9.5100002,2366.666666666667,6.8889832
2014-08-11 00:00:00,9.5100002,9.5100002,9.5100002,9.5100002,2258.3333333333335,6.8889832
2014-08-12 00:00:00,9.5100002,9.5100002,9.5100002,9.5100002,2150.0,6.8889832
2014-08-13 00:00:00,9.5100002,9.5100002,9.5100002,9.5100002,2041.666666666667,6.8889832
2014-08-14 00:00:00,9.5100002,9.5100002,9.5100002,9.5100002,1933.3333333333335,6.8889832
2014-08-15 00:00:00,9.5100002,9.5100002,9.5100002,9.5100002,1825.0,6.8889832
2014-08-18 00:00:00,9.5100002,9.5100002,9.5100002,9.5100002,1716.666666666667,6.8889832
2014-08-19 00:00:00,9.5100002,9.5100002,9.5100002,9.5100002,1608.3333333333335,6.8889832
2014-08-20 00:00:00,9.5100002,9.5100002,9.5100002,9.5100002,1500.0,6.8889832
2014-08-21 00:00:00,9.5100002,9.5100002,9.5100002,9.5100002,1391.666666666667,6.8889832
2014-08-22 00:00:00,9.5100002,9.5100002,9.5100002,9.5100002,1283.3333333333335,6.8889832
2014-08-25 00:00:00,9.5100002,9.5100002,9.5100002,9.5100002,1175.0,6.8889832
2014-08-26 00:00:00,9.5100002,9.5100002,9.5100002,9.5100002,1066.666666666667,6.8889832
2014-08-27 00:00:00,9.5100002,9.5100002,9.5100002,9.5100002,958.3333333333335,6.8889832
2014-08-28 00:00:00,9.5100002,9.5100002,9.5100002,9.5100002,850.0,6.8889832
2014-08-29 00:00:00,9.5100002,9.5100002,9.5100002,9.5100002,741.666666666667,6.8889832
2014-09-02 00:00:00,9.5100002,9.5100002,9.5100002,9.5100002,633.3333333333335,7.0513644
2014-09-03 00:00:00,9.5100002,9.5100002,9.5100002,9.5100002,525.0,7.0513644
2014-09-04 00:00:00,9.5100002,9.5100002,9.5100002,9.5100002,416.66666666666697,7.0513644
2014-09-05 00:00:00,9.5100002,9.5100002,9.5100002,9.5100002,308.3333333333335,7.0513644
2014-09-08 00:00:00,10.2799997,10.2799997,10.2799997,10.2799997,200.0,7.6222944
2014-09-09 00:00:00,10.2799997,10.2799997,10.2799997,10.2799997,204.34782608695653,7.6222944
2014-09-10 00:00:00,10.2799997,10.2799997,10.2799997,10.2799997,208.69565217391303,7.6222944
2014-09-11 00:00:00,10.2799997,10.2799997,10.2799997,10.2799997,213.04347826086956,7.6222944
2014-09-12 00:00:00,10.2799997,10.2799997,10.2799997,10.2799997,217.3913043478261,7.6222944
2014-09-15 00:00:00,10.2799997,10.2799997,10.2799997,10.2799997,221.73913043478262,7.6222944
2014-09-16 00:00:00,10.2799997,10.2799997,10.2799997,10.2799997,226.08695652173913,7.6222944
2014-09-17 00:00:00,10.2799997,10.2799997,10.2799997,10.2799997,230.43478260869566,7.6222944
2014-09-18 00:00:00,10.2799997,10.2799997,10.2799997,10.2799997,234.7826086956522,7.6222944
2014-09-19 00:00:00,10.2799997,10.2799997,10.2799997,10.2799997,239.1304347826087,7.6222944
2014-09-22 00:00:00,10.2799997,10.2799997,10.2799997,10.2799997,243.47826086956522,7.6222944
2014-09-23 00:00:00,10.2799997,10.2799997,10.2799997,10.2799997,247.82608695652175,7.6222944
2014-09-24 00:00:00,10.2799997,10.2799997,10.2799997,10.2799997,252.17391304347825,7.6222944
2014-09-25 00:00:00,10.2799997,10.2799997,10.2799997,10.2799997,256.52173913043475,7.6222944
2014-09-26 00:00:00,10.2799997,10.2799997,10.2799997,10.2799997,260.8695652173913,7.6222944
2014-09-29 00:00:00,10.2799997,10.2799997,10.2799997,10.2799997,265.2173913043478,7.6222944
2014-09-30 00:00:00,10.2799997,10.2799997,10.2799997,10.2799997,269.5652173913044,7.6222944
2014-10-01 00:00:00,10.2799997,10.2799997,10.2799997,10.2799997,273.9130434782609,7.6222944
2014-10-02 00:00:00,10.2799997,10.2799997,10.2799997,10.2799997,278.2608695652174,7.6222944
2014-10-03 00:00:00,10.2799997,10.2799997,10.2799997,10.2799997,282.6086956521739,7.6222944
2014-10-06 00:00:00,10.2799997,10.2799997,10.2799997,10.2799997,286.95652173913044,7.6222944
2014-10-07 00:00:00,10.2799997,10.2799997,10.2799997,10.2799997,291.30434782608694,7.6222944
2014-10-08 00:00:00,10.2799997,10.2799997,10.2799997,10.2799997,295.6521739130435,7.6222944
2014-10-09 00:00:00,9.8400002,9.8400002,9.8400002,9.8400002,300.0,7.2960482
2014-10-10 00:00:00,9.8400002,9.8400002,9.8400002,9.8400002,294.7368421052632,7.2960482
2014-10-13 00:00:00,9.8400002,9.8400002,9.8400002,9.8400002,289.4736842105263,7.2960482
2014-10-14 00:00:00,9.8400002,9.8400002,9.8400002,9.8400002,284.2105263157895,7.2960482
2014-10-15 00:00:00,9.8400002,9.8400002,9.8400002,9.8400002,278.9473684210526,7.2960482
2014-10-16 00:00:00,9.8400002,9.8400002,9.8400002,9.8400002,273.6842105263158,7.2960482
2014-10-17 00:00:00,9.8400002,9.8400002,9.8400002,9.8400002,268.42105263157896,7.2960482
2014-10-20 00:00:00,9.8400002,9.8400002,9.8400002,9.8400002,263.1578947368421,7.2960482
2014-10-21 00:00:00,9.8400002,9.8400002,9.8400002,9.8400002,257.89473684210526,7.2960482
2014-10-22 00:00:00,9.8400002,9.8400002,9.8400002,9.8400002,252.6315789473684,7.2960482
2014-10-23 00:00:00,9.8400002,9.8400002,9.8400002,9.8400002,247.36842105263156,7.2960482
2014-10-24 00:00:00,9.8400002,9.8400002,9.8400002,9.8400002,242.10526315789474,7.2960482
2014-10-27 00:00:00,9.8400002,9.8400002,9.8400002,9.8400002,236.8421052631579,7.2960482
2014-10-28 00:00:00,9.8400002,9.8400002,9.8400002,9.8400002,231.57894736842104,7.2960482
2014-10-29 00:00:00,9.8400002,9.8400002,9.8400002,9.8400002,226.31578947368422,7.2960482
2014-10-30 00:00:00,9.8400002,9.8400002,9.8400002,9.8400002,221.05263157894737,7.2960482
2014-10-31 00:00:00,9.8400002,9.8400002,9.8400002,9.8400002,215.78947368421052,7.2960482
2014-11-03 00:00:00,9.8400002,9.8400002,9.8400002,9.8400002,210.52631578947367,7.2960482
2014-11-04 00:00:00,9.8400002,9.8400002,9.8400002,9.8400002,205.26315789473682,7.2960482
2014-11-05 00:00:00,10.0900002,10.0900002,10.0900002,10.0900002,200.0,7.4814162
2014-11-06 00:00:00,10.3400002,10.3400002,10.3400002,10.3400002,1500.0,7.6667843
2014-11-07 00:00:00,10.3400002,10.3400002,10.3400002,10.3400002,1200.0,7.6667843
2014-11-10 00:00:00,10.3400002,10.3400002,10.3400002,10.3400002,900.0,7.6667843
2014-11-11 00:00:00,10.4300003,10.4300003,10.4300003,10.4300003,600.0,7.7335134
2014-11-12 00:00:00,10.4300003,10.4300003,10.4300003,10.4300003,585.0,7.7335134
2014-11-13 00:00:00,10.4300003,10.4300003,10.4300003,10.4300003,570.0,7.7335134
2014-11-14 00:00:00,10.4300003,10.4300003,10.4300003,10.4300003,555.0,7.7335134
2014-11-17 00:00:00,10.4300003,10.4300003,10.4300003,10.4300003,540.0,7.7335134
2014-11-18 00:00:00,10.4300003,10.4300003,10.4300003,10.4300003,525.0,7.7335134
2014-11-19 00:00:00,10.4300003,10.4300003,10.4300003,10.4300003,510.0,7.7335134
2014-11-20 00:00:00,10.4300003,10.4300003,10.4300003,10.4300003,495.0,7.7335134
2014-11-21 00:00:00,10.4300003,10.4300003,10.4300003,10.4300003,480.0,7.7335134
2014-11-24 00:00:00,10.4300003,10.4300003,10.4300003,10.4300003,465.0,7.7335134
2014-11-25 00:00:00,10.4300003,10.4300003,10.4300003,10.4300003,450.0,7.7335134
2014-11-26 00:00:00,10.4300003,10.4300003,10.4300003,10.4300003,435.0,7.7335134
2014-11-28 00:00:00,10.4300003,10.4300003,10.4300003,10.4300003,420.0,7.7335134
2014-12-01 00:00:00,10.4300003,10.4300003,10.4300003,10.4300003,405.0,7.7335134
2014-12-02 00:00:00,10.4300003,10.4300003,10.4300003,10.4300003,390.0,7.7335134
2014-12-03 00:00:00,10.4300003,10.4300003,10.4300003,10.4300003,375.0,7.7335134
2014-12-04 00:00:00,10.4300003,10.4300003,10.4300003,10.4300003,360.0,7.7335134
2014-12-05 00:00:00,10.4300003,10.4300003,10.4300003,10.4300003,345.0,7.7335134
2014-12-08 00:00:00,10.4300003,10.4300003,10.4300003,10.4300003,330.0,7.7335134
2014-12-09 00:00:00,10.4300003,10.4300003,10.4300003,10.4300003,315.0,7.7335134
2014-12-10 00:00:00,10.4899998,10.4899998,10.4899998,10.4899998,300.0,7.7780037
2014-12-11 00:00:00,10.4899998,10.4899998,10.4899998,10.4899998,300.0,7.7780037
2014-12-12 00:00:00,10.4899998,10.4899998,10.4899998,10.4899998,300.0,7.7780037
2014-12-15 00:00:00,10.4899998,10.4899998,10.4899998,10.4899998,300.0,7.7780037
2014-12-16 00:00:00,10.4899998,10.4899998,10.4899998,10.4899998,300.0,7.7780037
2014-12-17 00:00:00,10.5900002,10.5900002,10.5900002,10.5900002,300.0,7.8521504
2014-12-18 00:00:00,10.5900002,10.5900002,10.5900002,10.5900002,300.0,7.8521504
2014-12-19 00:00:00,10.5900002,10.5900002,10.5900002,10.5900002,300.0,7.8521504
2014-12-22 00:00:00,10.5900002,10.5900002,10.5900002,10.5900002,300.0,7.8521504
2014-12-23 00:00:00,10.5900002,10.5900002,10.5900002,10.5900002,300.0,7.8521504
2014-12-24 00:00:00,10.5900002,10.5900002,10.5900002,10.5900002,300.0,7.8521504
2014-12-26 00:00:00,10.5900002,10.5900002,10.5900002,10.5900002,300.0,7.8521504
2014-12-29 00:00:00,11.1999998,11.1999998,11.1999998,11.1999998,300.0,8.3044462
2014-12-30 00:00:00,11.1999998,11.1999998,11.1999998,11.1999998,383.3333333333333,8.3044462
2014-12-31 00:00:00,11.1999998,11.1999998,11.1999998,11.1999998,466.66666666666663,8.3044462
2015-01-02 00:00:00,11.1999998,11.1999998,11.1999998,11.1999998,550.0,8.3044462
2015-01-05 00:00:00,11.1999998,11.1999998,11.1999998,11.1999998,633.3333333333333,8.3044462
2015-01-06 00:00:00,11.1999998,11.1999998,11.1999998,11.1999998,716.6666666666666,8.3044462
2015-01-07 00:00:00,10.7200003,10.7200003,10.7200003,10.7200003,800.0,7.9485402
2015-01-08 00:00:00,10.7200003,10.7200003,10.7200003,10.7200003,964.2857142857142,7.9485402
2015-01-09 00:00:00,10.7200003,10.7200003,10.7200003,10.7200003,1128.5714285714284,7.9485402
2015-01-12 00:00:00,10.7200003,10.7200003,10.7200003,10.7200003,1292.857142857143,7.9485402
2015-01-13 00:00:00,10.7200003,10.7200003,10.7200003,10.7200003,1457.142857142857,7.9485402
2015-01-14 00:00:00,10.7200003,10.7200003,10.7200003,10.7200003,1621.4285714285713,7.9485402
2015-01-15 00:00:00,10.7200003,10.7200003,10.7200003,10.7200003,1785.7142857142858,7.9485402
2015-01-16 00:00:00,10.7200003,10.7200003,10.7200003,10.7200003,1950.0,7.9485402
2015-01-20 00:00:00,10.7200003,10.7200003,10.7200003,10.7200003,2114.285714285714,7.9485402
2015-01-21 00:00:00,10.7200003,10.7200003,10.7200003,10.7200003,2278.5714285714284,7.9485402
2015-01-22 00:00:00,10.7200003,10.7200003,10.7200003,10.7200003,2442.8571428571427,7.9485402
2015-01-23 00:00:00,10.7200003,10.7200003,10.7200003,10.7200003,2607.142857142857,7.9485402
2015-01-26 00:00:00,10.7200003,10.7200003,10.7200003,10.7200003,2771.4285714285716,7.9485402
2015-01-27 00:00:00,10.7200003,10.7200003,10.7200003,10.7200003,2935.714285714286,7.9485402
2015-01-28 00:00:00,9.9799995,9.9799995,9.9799995,9.9799995,3100.0,7.3998542
2015-01-29 00:00:00,9.8299999,9.8299999,9.8299999,9.8299999,1300.0,7.2886338
2015-01-30 00:00:00,9.8299999,9.8299999,9.8299999,9.8299999,1025.0,7.2886338
2015-02-02 00:00:00,9.8299999,9.8299999,9.8299999,9.8299999,750.0,7.2886338
2015-02-03 00:00:00,9.8299999,9.8299999,9.8299999,9.8299999,475.0,7.2886338
2015-02-04 00:00:00,9.9799995,9.9799995,9.9799995,9.9799995,200.0,7.3998542
2015-02-05 00:00:00,9.9799995,9.9799995,9.9799995,9.9799995,200.0,7.3998542
2015-02-06 00:00:00,9.9799995,9.9799995,9.9799995,9.9799995,200.0,7.3998542
2015-02-09 00:00:00,10.1899996,10.1899996,10.1899996,10.1899996,200.0,7.5555611
2015-02-10 00:00:00,10.2399998,10.2399998,10.2399998,10.2399998,100.0,7.5926371
2015-02-11 00:00:00,10.2399998,10.2399998,10.2399998,10.2399998,108.33333333333333,7.5926371
2015-02-12 00:00:00,10.2399998,10.2399998,10.2399998,10.2399998,116.66666666666667,7.5926371
2015-02-13 00:00:00,10.2399998,10.2399998,10.2399998,10.2399998,125.0,7.5926371
2015-02-17 00:00:00,10.2399998,10.2399998,10.2399998,10.2399998,133.33333333333334,7.5926371
2015-02-18 00:00:00,10.2399998,10.2399998,10.2399998,10.2399998,141.66666666666669,7.5926371
2015-02-19 00:00:00,10.2399998,10.2399998,10.2399998,10.2399998,150.0,7.5926371
2015-02-20 00:00:00,10.2399998,10.2399998,10.2399998,10.2399998,158.33333333333334,7.5926371
2015-02-23 00:00:00,10.2399998,10.2399998,10.2399998,10.2399998,166.66666666666669,7.5926371
2015-02-24 00:00:00,10.2399998,10.2399998,10.2399998,10.2399998,175.0,7.5926371
2015-02-25 00:00:00,10.2399998,10.2399998,10.2399998,10.2399998,183.33333333333334,7.5926371
2015-02-26 00:00:00,10.2399998,10.2399998,10.2399998,10.2399998,191.66666666666669,7.5926371
2015-02-27 00:00:00,10.2399998,10.2399998,10.2399998,10.2399998,200.0,7.5926371
2015-03-02 00:00:00,10.2399998,10.2399998,10.2399998,10.2399998,208.33333333333334,7.5926371
2015-03-03 00:00:00,10.2399998,10.2399998,10.2399998,10.2399998,216.66666666666669,7.5926371
2015-03-04 00:00:00,10.2399998,10.2399998,10.2399998,10.2399998,225.0,7.5926371
2015-03-05 00:00:00,10.2399998,10.2399998,10.2399998,10.2399998,233.33333333333334,7.5926371
2015-03-06 00:00:00,10.2399998,10.2399998,10.2399998,10.2399998,241.66666666666669,7.5926371
2015-03-09 00:00:00,10.2399998,10.2399998,10.2399998,10.2399998,250.0,7.5926371
2015-03-10 00:00:00,10.2399998,10.2399998,10.2399998,10.2399998,258.33333333333337,7.5926371
2015-03-11 00:00:00,10.2399998,10.2399998,10.2399998,10.2399998,266.6666666666667,7.5926371
2015-03-12 00:00:00,10.2399998,10.2399998,10.2399998,10.2399998,275.0,7.5926371
2015-03-13 00:00:00,10.2399998,10.2399998,10.2399998,10.2399998,283.33333333333337,7.5926371
2015-03-16 00:00:00,10.2399998,10.2399998,10.2399998,10.2399998,291.6666666666667,7.5926371
2015-03-17 00:00:00,10.8000002,10.8000002,10.8000002,10.8000002,300.0,8.0078611
2015-03-18 00:00:00,10.8000002,10.8000002,10.8000002,10.8000002,280.0,8.0078611
2015-03-19 00:00:00,10.8000002,10.8000002,10.8000002,10.8000002,260.0,8.0078611
2015-03-20 00:00:00,10.8000002,10.8000002,10.8000002,10.8000002,240.0,8.0078611
2015-03-23 00:00:00,10.8000002,10.8000002,10.8000002,10.8000002,220.0,8.0078611
2015-03-24 00:00:00,10.8000002,10.8000002,10.8000002,10.8000002,200.0,8.0078611
2015-03-25 00:00:00,10.8000002,10.8000002,10.8000002,10.8000002,180.0,8.0078611
2015-03-26 00:00:00,10.8000002,10.8000002,10.8000002,10.8000002,160.0,8.0078611
2015-03-27 00:00:00,10.8000002,10.8000002,10.8000002,10.8000002,140.0,8.0078611
2015-03-30 00:00:00,10.8000002,10.8000002,10.8000002,10.8000002,120.0,8.0078611
2015-03-31 00:00:00,10.6099997,10.6099997,10.6099997,10.6099997,100.0,7.866981
2015-04-01 00:00:00,10.6099997,10.6099997,10.6099997,10.6099997,146.15384615384616,7.866981
2015-04-02 00:00:00,10.6099997,10.6099997,10.6099997,10.6099997,192.30769230769232,7.866981
2015-04-06 00:00:00,10.6099997,10.6099997,10.6099997,10.6099997,238.46153846153845,7.866981
2015-04-07 00:00:00,10.6099997,10.6099997,10.6099997,10.6099997,284.61538461538464,7.866981
2015-04-08 00:00:00,10.6099997,10.6099997,10.6099997,10.6099997,330.7692307692308,7.866981
2015-04-09 00:00:00,10.6099997,10.6099997,10.6099997,10.6099997,376.9230769230769,7.866981
2015-04-10 00:00:00,10.6099997,10.6099997,10.6099997,10.6099997,423.0769230769231,7.866981
2015-04-13 00:00:00,10.6099997,10.6099997,10.6099997,10.6099997,469.2307692307692,7.866981
2015-04-14 00:00:00,10.6099997,10.6099997,10.6099997,10.6099997,515.3846153846154,7.866981
2015-04-15 00:00:00,10.6099997,10.6099997,10.6099997,10.6099997,561.5384615384615,7.866981
2015-04-16 00:00:00,10.6099997,10.6099997,10.6099997,10.6099997,607.6923076923076,7.866981
2015-04-17 00:00:00,10.6099997,10.6099997,10.6099997,10.6099997,653.8461538461538,7.866981
2015-04-20 00:00:00,10.6099997,10.6099997,10.6099997,10.6099997,700.0,7.866981
2015-04-21 00:00:00,10.6099997,10.6099997,10.6099997,10.6099997,746.1538461538462,7.866981
2015-04-22 00:00:00,10.6099997,10.6099997,10.6099997,10.6099997,792.3076923076923,7.866981
2015-04-23 00:00:00,10.6099997,10.6099997,10.6099997,10.6099997,838.4615384615385,7.866981
2015-04-24 00:00:00,10.6099997,10.6099997,10.6099997,10.6099997,884.6153846153846,7.866981
2015-04-27 00:00:00,10.6099997,10.6099997,10.6099997,10.6099997,930.7692307692307,7.866981
2015-04-28 00:00:00,10.6099997,10.6099997,10.6099997,10.6099997,976.9230769230769,7.866981
2015-04-29 00:00:00,10.6099997,10.6099997,10.6099997,10.6099997,1023.0769230769231,7.866981
2015-04-30 00:00:00,10.6099997,10.6099997,10.6099997,10.6099997,1069.230769230769,7.866981
2015-05-01 00:00:00,10.6099997,10.6099997,10.6099997,10.6099997,1115.3846153846152,7.866981
2015-05-04 00:00:00,10.6099997,10.6099997,10.6099997,10.6099997,1161.5384615384614,7.866981
2015-05-05 00:00:00,10.6099997,10.6099997,10.6099997,10.6099997,1207.6923076923076,7.866981
2015-05-06 00:00:00,10.6099997,10.6099997,10.6099997,10.6099997,1253.8461538461538,7.866981
2015-05-07 00:00:00,10.4499998,10.4499998,10.4499998,10.4499998,1300.0,7.7483439
2015-05-08 00:00:00,10.6099997,10.6099997,10.6099997,10.6099997,500.0,7.866981
2015-05-11 00:00:00,10.6099997,10.6099997,10.6099997,10.6099997,525.4901960784314,7.866981
2015-05-12 00:00:00,10.6099997,10.6099997,10.6099997,10.6099997,550.9803921568628,7.866981
2015-05-13 00:00:00,10.6099997,10.6099997,10.6099997,10.6099997,576.4705882352941,7.866981
2015-05-14 00:00:00,10.6099997,10.6099997,10.6099997,10.6099997,601.9607843137255,7.866981
2015-05-15 00:00:00,10.6099997,10.6099997,10.6099997,10.6099997,627.4509803921569,7.866981
2015-05-18 00:00:00,10.6099997,10.6099997,10.6099997,10.6099997,652.9411764705883,7.866981
2015-05-19 00:00:00,10.6099997,10.6099997,10.6099997,10.6099997,678.4313725490196,7.866981
2015-05-20 00:00:00,10.6099997,10.6099997,10.6099997,10.6099997,703.9215686274509,7.866981
2015-05-21 00:00:00,10.6099997,10.6099997,10.6099997,10.6099997,729.4117647058823,7.866981
2015-05-22 00:00:00,10.6099997,10.6099997,10.6099997,10.6099997,754.9019607843137,7.866981
2015-05-26 00:00:00,10.6099997,10.6099997,10.6099997,10.6099997,780.3921568627451,7.866981
2015-05-27 00:00:00,10.6099997,10.6099997,10.6099997,10.6099997,805.8823529411765,7.866981
2015-05-28 00:00:00,10.6099997,10.6099997,10.6099997,10.6099997,831.3725490196078,7.866981
2015-05-29 00:00:00,10.6099997,10.6099997,10.6099997,10.6099997,856.8627450980391,7.866981
2015-06-01 00:00:00,10.6099997,10.6099997,10.6099997,10.6099997,882.3529411764705,7.866981
2015-06-02 00:00:00,10.6099997,10.6099997,10.6099997,10.6099997,907.8431372549019,7.866981
2015-06-03 00:00:00,10.6099997,10.6099997,10.6099997,10.6099997,933.3333333333333,7.866981
2015-06-04 00:00:00,10.6099997,10.6099997,10.6099997,10.6099997,958.8235294117646,7.866981
2015-06-05 00:00:00,10.6099997,10.6099997,10.6099997,10.6099997,984.313725490196,7.866981
2015-06-08 00:00:00,10.6099997,10.6099997,10.6099997,10.6099997,1009.8039215686274,7.866981
2015-06-09 00:00:00,10.6099997,10.6099997,10.6099997,10.6099997,1035.2941176470588,7.866981
2015-06-10 00:00:00,10.6099997,10.6099997,10.6099997,10.6099997,1060.7843137254902,7.866981
2015-06-11 00:00:00,10.6099997,10.6099997,10.6099997,10.6099997,1086.2745098039215,7.866981
2015-06-12 00:00:00,10.6099997,10.6099997,10.6099997,10.6099997,1111.764705882353,7.866981
2015-06-15 00:00:00,10.6099997,10.6099997,10.6099997,10.6099997,1137.2549019607843,7.866981
2015-06-16 00:00:00,10.6099997,10.6099997,10.6099997,10.6099997,1162.7450980392157,7.866981
2015-06-17 00:00:00,10.6099997,10.6099997,10.6099997,10.6099997,1188.2352941176468,7.866981
2015-06-18 00:00:00,10.6099997,10.6099997,10.6099997,10.6099997,1213.7254901960782,7.866981
2015-06-19 00:00:00,10.6099997,10.6099997,10.6099997,10.6099997,1239.2156862745096,7.866981
2015-06-22 00:00:00,10.6099997,10.6099997,10.6099997,10.6099997,1264.705882352941,7.866981
2015-06-23 00:00:00,10.6099997,10.6099997,10.6099997,10.6099997,1290.1960784313724,7.866981
2015-06-24 00:00:00,10.6099997,10.6099997,10.6099997,10.6099997,1315.6862745098038,7.866981
2015-06-25 00:00:00,10.6099997,10.6099997,10.6099997,10.6099997,1341.1764705882351,7.866981
2015-06-26 00:00:00,10.6099997,10.6099997,10.6099997,10.6099997,1366.6666666666665,7.866981
2015-06-29 00:00:00,10.6099997,10.6099997,10.6099997,10.6099997,1392.156862745098,7.866981
2015-06-30 00:00:00,10.6099997,10.6099997,10.6099997,10.6099997,1417.6470588235293,7.866981
2015-07-01 00:00:00,10.6099997,10.6099997,10.6099997,10.6099997,1443.1372549019607,7.866981
2015-07-02 00:00:00,10.6099997,10.6099997,10.6099997,10.6099997,1468.627450980392,7.866981
2015-07-06 00:00:00,10.6099997,10.6099997,10.6099997,10.6099997,1494.1176470588234,7.866981
2015-07-07 00:00:00,10.6099997,10.6099997,10.6099997,10.6099997,1519.6078431372548,7.866981
2015-07-08 00:00:00,10.6099997,10.6099997,10.6099997,10.6099997,1545.0980392156862,7.866981
2015-07-09 00:00:00,10.6099997,10.6099997,10.6099997,10.6099997,1570.5882352941176,7.866981
2015-07-10 00:00:00,10.6099997,10.6099997,10.6099997,10.6099997,1596.078431372549,7.866981
2015-07-13 00:00:00,10.6099997,10.6099997,10.6099997,10.6099997,1621.5686274509803,7.866981
2015-07-14 00:00:00,10.6099997,10.6099997,10.6099997,10.6099997,1647.0588235294117,7.866981
2015-07-15 00:00:00,10.6099997,10.6099997,10.6099997,10.6099997,1672.549019607843,7.866981
2015-07-16 00:00:00,10.6099997,10.6099997,10.6099997,10.6099997,1698.0392156862745,7.866981
2015-07-17 00:00:00,10.6099997,10.6099997,10.6099997,10.6099997,1723.5294117647059,7.866981
2015-07-20 00:00:00,10.6099997,10.6099997,10.6099997,10.6099997,1749.0196078431372,7.866981
2015-07-21 00:00:00,10.6099997,10.6099997,10.6099997,10.6099997,1774.5098039215686,7.866981
2015-07-22 00:00:00,10.4799995,10.4799995,10.4799995,10.4799995,1800.0,7.7705884
2015-07-23 00:00:00,10.4799995,10.4799995,10.4799995,10.4799995,1600.0,7.7705884
2015-07-24 00:00:00,10.4799995,10.4799995,10.4799995,10.4799995,1400.0,7.7705884
2015-07-27 00:00:00,10.4799995,10.4799995,10.4799995,10.4799995,1200.0,7.7705884
2015-07-28 00:00:00,10.3999996,10.3999996,10.3999996,10.3999996,1000.0,7.7112713
2015-07-29 00:00:00,10.3999996,10.3999996,10.3999996,10.3999996,1000.0,7.7112713
2015-07-30 00:00:00,10.3999996,10.3999996,10.3999996,10.3999996,1000.0,7.7112713
2015-07-31 00:00:00,10.3999996,10.3999996,10.3999996,10.3999996,1000.0,7.7112713
2015-08-03 00:00:00,10.3000002,10.3000002,10.3000002,10.3000002,1000.0,7.6371245
2015-08-04 00:00:00,10.3000002,10.3000002,10.3000002,10.3000002,1058.8235294117646,7.6371245
2015-08-05 00:00:00,10.3000002,10.3000002,10.3000002,10.3000002,1117.6470588235295,7.6371245
2015-08-06 00:00:00,10.3000002,10.3000002,10.3000002,10.3000002,1176.4705882352941,7.6371245
2015-08-07 00:00:00,10.3000002,10.3000002,10.3000002,10.3000002,1235.2941176470588,7.6371245
2015-08-10 00:00:00,10.3000002,10.3000002,10.3000002,10.3000002,1294.1176470588234,7.6371245
2015-08-11 00:00:00,10.3000002,10.3000002,10.3000002,10.3000002,1352.9411764705883,7.6371245
2015-08-12 00:00:00,10.3000002,10.3000002,10.3000002,10.3000002,1411.764705882353,7.6371245
2015-08-13 00:00:00,10.3000002,10.3000002,10.3000002,10.3000002,1470.5882352941176,7.6371245
2015-08-14 00:00:00,10.3000002,10.3000002,10.3000002,10.3000002,1529.4117647058824,7.6371245
2015-08-17 00:00:00,10.3000002,10.3000002,10.3000002,10.3000002,1588.235294117647,7.6371245
2015-08-18 00:00:00,10.3000002,10.3000002,10.3000002,10.3000002,1647.0588235294117,7.6371245
2015-08-19 00:00:00,10.3000002,10.3000002,10.3000002,10.3000002,1705.8823529411766,7.6371245
2015-08-20 00:00:00,10.3000002,10.3000002,10.3000002,10.3000002,1764.705882352941,7.6371245
2015-08-21 00:00:00,10.3000002,10.3000002,10.3000002,10.3000002,1823.5294117647059,7.6371245
2015-08-24 00:00:00,10.3000002,10.3000002,10.3000002,10.3000002,1882.3529411764705,7.6371245
2015-08-25 00:00:00,10.3000002,10.3000002,10.3000002,10.3000002,1941.1764705882351,7.6371245
2015-08-26 00:00:00,10.3000002,10.3000002,10.3000002,10.3000002,2000.0,7.6371245
2015-08-27 00:00:00,9.3999996,9.3999996,9.3999996,9.3999996,9100.0,6.9698038
2015-08-28 00:00:00,9.3999996,9.3999996,9.3999996,9.3999996,8700.0,6.9698038
2015-08-31 00:00:00,9.3999996,9.3999996,9.3999996,9.3999996,8300.0,6.9698038
2015-09-01 00:00:00,9.3999996,9.3999996,9.3999996,9.3999996,7900.0,6.9698038
2015-09-02 00:00:00,9.3999996,9.3999996,9.3999996,9.3999996,7500.0,6.9698038
2015-09-03 00:00:00,9.3999996,9.3999996,9.3999996,9.3999996,7100.0,6.9698038
2015-09-04 00:00:00,9.3999996,9.3999996,9.3999996,9.3999996,6700.0,6.9698038
2015-09-08 00:00:00,9.3999996,9.3999996,9.3999996,9.3999996,6300.0,7.1189995
2015-09-09 00:00:00,9.3999996,9.3999996,9.3999996,9.3999996,5900.0,7.1189995
2015-09-10 00:00:00,9.3999996,9.3999996,9.3999996,9.3999996,5500.0,7.1189995
2015-09-11 00:00:00,9.3999996,9.3999996,9.3999996,9.3999996,5100.0,7.1189995
2015-09-14 00:00:00,9.3999996,9.3999996,9.3999996,9.3999996,4700.0,7.1189995
2015-09-15 00:00:00,9.3999996,9.3999996,9.3999996,9.3999996,4300.0,7.1189995
2015-09-16 00:00:00,9.3999996,9.3999996,9.3999996,9.3999996,3900.0,7.1189995
2015-09-17 00:00:00,9.3999996,9.3999996,9.3999996,9.3999996,3500.0,7.1189995
2015-09-18 00:00:00,9.3999996,9.3999996,9.3999996,9.3999996,3100.0,7.1189995
2015-09-21 00:00:00,9.3999996,9.3999996,9.3999996,9.3999996,2968.421052631579,7.1189995
2015-09-22 00:00:00,9.3999996,9.3999996,9.3999996,9.3999996,2836.842105263158,7.1189995
2015-09-23 00:00:00,9.3999996,9.3999996,9.3999996,9.3999996,2705.2631578947367,7.1189995
2015-09-24 00:00:00,9.3999996,9.3999996,9.3999996,9.3999996,2573.684210526316,7.1189995
2015-09-25 00:00:00,9.3999996,9.3999996,9.3999996,9.3999996,2442.105263157895,7.1189995
2015-09-28 00:00:00,9.3999996,9.3999996,9.3999996,9.3999996,2310.5263157894738,7.1189995
2015-09-29 00:00:00,9.3999996,9.3999996,9.3999996,9.3999996,2178.9473684210525,7.1189995
2015-09-30 00:00:00,9.3999996,9.3999996,9.3999996,9.3999996,2047.3684210526317,7.1189995
2015-10-01 00:00:00,9.3999996,9.3999996,9.3999996,9.3999996,1915.7894736842106,7.1189995
2015-10-02 00:00:00,9.3999996,9.3999996,9.3999996,9.3999996,1784.2105263157896,7.1189995
2015-10-05 00:00:00,9.3999996,9.3999996,9.3999996,9.3999996,1652.6315789473686,7.1189995
2015-10-06 00:00:00,9.3999996,9.3999996,9.3999996,9.3999996,1521.0526315789475,7.1189995
2015-10-07 00:00:00,9.3999996,9.3999996,9.3999996,9.3999996,1389.4736842105265,7.1189995
2015-10-08 00:00:00,9.3999996,9.3999996,9.3999996,9.3999996,1257.8947368421054,7.1189995
2015-10-09 00:00:00,9.3999996,9.3999996,9.3999996,9.3999996,1126.3157894736844,7.1189995
2015-10-12 00:00:00,9.3999996,9.3999996,9.3999996,9.3999996,994.7368421052633,7.1189995
2015-10-13 00:00:00,9.3999996,9.3999996,9.3999996,9.3999996,863.1578947368425,7.1189995
2015-10-14 00:00:00,9.3999996,9.3999996,9.3999996,9.3999996,731.5789473684213,7.1189995
2015-10-15 00:00:00,9.4399996,9.4399996,9.4399996,9.4399996,600.0,7.1492929
2015-10-16 00:00:00,9.4399996,9.4399996,9.4399996,9.4399996,566.6666666666666,7.1492929
2015-10-19 00:00:00,9.4399996,9.4399996,9.4399996,9.4399996,533.3333333333334,7.1492929
2015-10-20 00:00:00,9.4399996,9.4399996,9.4399996,9.4399996,500.0,7.1492929
2015-10-21 00:00:00,9.4399996,9.4399996,9.4399996,9.4399996,466.66666666666663,7.1492929
2015-10-22 00:00:00,9.4399996,9.4399996,9.4399996,9.4399996,433.3333333333333,7.1492929
2015-10-23 00:00:00,9.4399996,9.4399996,9.4399996,9.4399996,400.0,7.1492929
2015-10-26 00:00:00,9.4399996,9.4399996,9.4399996,9.4399996,366.66666666666663,7.1492929
2015-10-27 00:00:00,9.4399996,9.4399996,9.4399996,9.4399996,333.3333333333333,7.1492929
2015-10-28 00:00:00,9.4399996,9.4399996,9.4399996,9.4399996,300.0,7.1492929
2015-10-29 00:00:00,9.4399996,9.4399996,9.4399996,9.4399996,266.66666666666663,7.1492929
2015-10-30 00:00:00,9.4399996,9.4399996,9.4399996,9.4399996,233.33333333333331,7.1492929
2015-11-02 00:00:00,9.4399996,9.4399996,9.4399996,9.4399996,200.0,7.1492929
2015-11-03 00:00:00,9.4399996,9.4399996,9.4399996,9.4399996,166.66666666666663,7.1492929
2015-11-04 00:00:00,9.4399996,9.4399996,9.4399996,9.4399996,133.33333333333331,7.1492929
2015-11-05 00:00:00,9.4300003,9.4300003,9.4300003,9.4300003,100.0,7.1417189
2015-11-06 00:00:00,9.4300003,9.4300003,9.4300003,9.4300003,100.0,7.1417189
2015-11-09 00:00:00,9.4300003,9.4300003,9.4300003,9.4300003,100.0,7.1417189
2015-11-10 00:00:00,9.4300003,9.4300003,9.4300003,9.4300003,100.0,7.1417189
2015-11-11 00:00:00,9.4300003,9.4300003,9.4300003,9.4300003,100.0,7.1417189
2015-11-12 00:00:00,9.6599998,9.6599998,9.6599998,9.6599998,100.0,7.3159065
2015-11-13 00:00:00,9.6599998,9.6599998,9.6599998,9.6599998,150.0,7.3159065
2015-11-16 00:00:00,9.6599998,9.6599998,9.6599998,9.6599998,200.0,7.3159065
2015-11-17 00:00:00,9.6599998,9.6599998,9.6599998,9.6599998,250.0,7.3159065
2015-11-18 00:00:00,9.6599998,9.6599998,9.6599998,9.6599998,300.0,7.3159065
2015-11-19 00:00:00,9.6599998,9.6599998,9.6599998,9.6599998,350.0,7.3159065
2015-11-20 00:00:00,9.6599998,9.6599998,9.6599998,9.6599998,400.0,7.3159065
2015-11-23 00:00:00,9.6599998,9.6599998,9.6599998,9.6599998,450.0,7.3159065
2015-11-24 00:00:00,9.6599998,9.6599998,9.6599998,9.6599998,500.0,7.3159065
2015-11-25 00:00:00,9.6599998,9.6599998,9.6599998,9.6599998,550.0,7.3159065
2015-11-27 00:00:00,9.6599998,9.6599998,9.6599998,9.6599998,600.0,7.3159065
2015-11-30 00:00:00,9.6599998,9.6599998,9.6599998,9.6599998,650.0,7.3159065
2015-12-01 00:00:00,9.6599998,9.6599998,9.6599998,9.6599998,700.0,7.3159065
2015-12-02 00:00:00,9.6599998,9.6599998,9.6599998,9.6599998,750.0,7.3159065
2015-12-03 00:00:00,9.6599998,9.6599998,9.6599998,9.6599998,800.0,7.3159065
2015-12-04 00:00:00,9.6599998,9.6599998,9.6599998,9.6599998,850.0,7.3159065
2015-12-07 00:00:00,9.6599998,9.6599998,9.6599998,9.6599998,900.0,7.3159065
2015-12-08 00:00:00,9.6599998,9.6599998,9.6599998,9.6599998,950.0,7.3159065
2015-12-09 00:00:00,9.5299997,9.5299997,9.5299997,9.5299997,1000.0,7.2174535
2015-12-10 00:00:00,9.5299997,9.5299997,9.5299997,9.5299997,1037.5,7.2174535
2015-12-11 00:00:00,9.5299997,9.5299997,9.5299997,9.5299997,1075.0,7.2174535
2015-12-14 00:00:00,9.5299997,9.5299997,9.5299997,9.5299997,1112.5,7.2174535
2015-12-15 00:00:00,9.5299997,9.5299997,9.5299997,9.5299997,1150.0,7.2174535
2015-12-16 00:00:00,9.5299997,9.5299997,9.5299997,9.5299997,1187.5,7.2174535
2015-12-17 00:00:00,9.5299997,9.5299997,9.5299997,9.5299997,1225.0,7.2174535
2015-12-18 00:00:00,9.5299997,9.5299997,9.5299997,9.5299997,1262.5,7.2174535
2015-12-21 00:00:00,9.3599997,9.3599997,9.3599997,9.3599997,1300.0,7.088706
2015-12-22 00:00:00,9.5299997,9.5299997,9.5299997,9.5299997,300.0,7.2174535
2015-12-23 00:00:00,9.5299997,9.5299997,9.5299997,9.5299997,10400.0,7.2174535
2015-12-24 00:00:00,9.5299997,9.5299997,9.5299997,9.5299997,8440.0,7.2174535
2015-12-28 00:00:00,9.5299997,9.5299997,9.5299997,9.5299997,6480.0,7.2174535
2015-12-29 00:00:00,9.5299997,9.5299997,9.5299997,9.5299997,4520.0,7.2174535
2015-12-30 00:00:00,9.5299997,9.5299997,9.5299997,9.5299997,2560.0,7.2174535
2015-12-31 00:00:00,9.6499996,9.6499996,9.6499996,9.6499996,600.0,7.3083344
2016-01-04 00:00:00,9.6499996,9.6499996,9.6499996,9.6499996,18700.0,7.3083344
2016-01-05 00:00:00,9.4399996,9.4499998,9.4499998,9.4399996,36800.0,7.1492929
2016-01-06 00:00:00,9.4399996,9.4399996,9.4399996,9.4399996,27725.0,7.1492929
2016-01-07 00:00:00,9.4399996,9.4399996,9.4399996,9.4399996,18650.0,7.1492929
2016-01-08 00:00:00,9.4399996,9.4399996,9.4399996,9.4399996,9575.0,7.1492929
2016-01-11 00:00:00,9.0500002,9.0500002,9.0500002,9.0500002,500.0,6.8539305
2016-01-12 00:00:00,8.6999998,8.6999998,8.6999998,8.6999998,300.0,6.5888615
2016-01-13 00:00:00,8.6999998,8.6999998,8.6999998,8.6999998,495.83333333333337,6.5888615
2016-01-14 00:00:00,8.6999998,8.6999998,8.6999998,8.6999998,691.6666666666667,6.5888615
2016-01-15 00:00:00,8.6999998,8.6999998,8.6999998,8.6999998,887.5,6.5888615
2016-01-19 00:00:00,8.6999998,8.6999998,8.6999998,8.6999998,1083.3333333333335,6.5888615
2016-01-20 00:00:00,8.6999998,8.6999998,8.6999998,8.6999998,1279.1666666666667,6.5888615
2016-01-21 00:00:00,8.6999998,8.6999998,8.6999998,8.6999998,1475.0,6.5888615
2016-01-22 00:00:00,8.6999998,8.6999998,8.6999998,8.6999998,1670.8333333333335,6.5888615
2016-01-25 00:00:00,8.6999998,8.6999998,8.6999998,8.6999998,1866.6666666666667,6.5888615
2016-01-26 00:00:00,8.6999998,8.6999998,8.6999998,8.6999998,2062.5,6.5888615
2016-01-27 00:00:00,8.6999998,8.6999998,8.6999998,8.6999998,2258.3333333333335,6.5888615
2016-01-28 00:00:00,8.6999998,8.6999998,8.6999998,8.6999998,2454.166666666667,6.5888615
2016-01-29 00:00:00,8.6999998,8.6999998,8.6999998,8.6999998,2650.0,6.5888615
2016-02-01 00:00:00,8.6999998,8.6999998,8.6999998,8.6999998,2845.8333333333335,6.5888615
2016-02-02 00:00:00,8.6999998,8.6999998,8.6999998,8.6999998,3041.666666666667,6.5888615
2016-02-03 00:00:00,8.6999998,8.6999998,8.6999998,8.6999998,3237.5,6.5888615
2016-02-04 00:00:00,8.6999998,8.6999998,8.6999998,8.6999998,3433.3333333333335,6.5888615
2016-02-05 00:00:00,8.6999998,8.6999998,8.6999998,8.6999998,3629.166666666667,6.5888615
2016-02-08 00:00:00,8.6999998,8.6999998,8.6999998,8.6999998,3825.0,6.5888615
2016-02-09 00:00:00,8.6999998,8.6999998,8.6999998,8.6999998,4020.8333333333335,6.5888615
2016-02-10 00:00:00,8.6999998,8.6999998,8.6999998,8.6999998,4216.666666666667,6.5888615
2016-02-11 00:00:00,8.6999998,8.6999998,8.6999998,8.6999998,4412.5,6.5888615
2016-02-12 00:00:00,8.6999998,8.6999998,8.6999998,8.6999998,4608.333333333334,6.5888615
2016-02-16 00:00:00,8.6999998,8.6999998,8.6999998,8.6999998,4804.166666666667,6.5888615
2016-02-17 00:00:00,8.6999998,8.6999998,8.6999998,8.6999998,5000.0,6.5888615
2016-02-18 00:00:00,8.6999998,8.6999998,8.6999998,8.6999998,5026.666666666667,6.5888615
2016-02-19 00:00:00,8.6999998,8.6999998,8.6999998,8.6999998,5053.333333333333,6.5888615
2016-02-22 00:00:00,8.6999998,8.6999998,8.6999998,8.6999998,5080.0,6.5888615
2016-02-23 00:00:00,8.6999998,8.6999998,8.6999998,8.6999998,5106.666666666667,6.7383442
2016-02-24 00:00:00,8.6999998,8.6999998,8.6999998,8.6999998,5133.333333333333,6.7383442
2016-02-25 00:00:00,8.6999998,8.6999998,8.6999998,8.6999998,5160.0,6.7383442
2016-02-26 00:00:00,8.6999998,8.6999998,8.6999998,8.6999998,5186.666666666667,6.7383442
2016-02-29 00:00:00,8.6999998,8.6999998,8.6999998,8.6999998,5213.333333333333,6.7383442
2016-03-01 00:00:00,8.6999998,8.6999998,8.6999998,8.6999998,5240.0,6.7383442
2016-03-02 00:00:00,8.6999998,8.6999998,8.6999998,8.6999998,5266.666666666667,6.7383442
2016-03-03 00:00:00,8.6999998,8.6999998,8.6999998,8.6999998,5293.333333333333,6.7383442
2016-03-04 00:00:00,8.6999998,8.6999998,8.6999998,8.6999998,5320.0,6.7383442
2016-03-07 00:00:00,8.6999998,8.6999998,8.6999998,8.6999998,5346.666666666667,6.7383442
2016-03-08 00:00:00,8.6999998,8.6999998,8.6999998,8.6999998,5373.333333333333,6.7383442
2016-03-09 00:00:00,8.6999998,8.6999998,8.6999998,8.6999998,5400.0,6.7383442
2016-03-10 00:00:00,10.4700003,10.4700003,10.4700003,10.4700003,30000.0,8.1092482
2016-03-11 00:00:00,10.4700003,10.4700003,10.4700003,10.4700003,28442.105263157893,8.1092482
2016-03-14 00:00:00,10.4700003,10.4700003,10.4700003,10.4700003,26884.21052631579,8.1092482
2016-03-15 00:00:00,10.4700003,10.4700003,10.4700003,10.4700003,25326.315789473683,8.1092482
2016-03-16 00:00:00,10.4700003,10.4700003,10.4700003,10.4700003,23768.42105263158,8.1092482
2016-03-17 00:00:00,10.4700003,10.4700003,10.4700003,10.4700003,22210.526315789473,8.1092482
2016-03-18 00:00:00,10.4700003,10.4700003,10.4700003,10.4700003,20652.631578947367,8.1092482
2016-03-21 00:00:00,10.4700003,10.4700003,10.4700003,10.4700003,19094.736842105263,8.1092482
2016-03-22 00:00:00,10.4700003,10.4700003,10.4700003,10.4700003,17536.84210526316,8.1092482
2016-03-23 00:00:00,10.4700003,10.4700003,10.4700003,10.4700003,15978.947368421053,8.1092482
2016-03-24 00:00:00,10.4700003,10.4700003,10.4700003,10.4700003,14421.052631578948,8.1092482
2016-03-28 00:00:00,10.4700003,10.4700003,10.4700003,10.4700003,12863.157894736843,8.1092482
2016-03-29 00:00:00,10.4700003,10.4700003,10.4700003,10.4700003,11305.263157894737,8.1092482
2016-03-30 00:00:00,10.4700003,10.4700003,10.4700003,10.4700003,9747.368421052633,8.1092482
2016-03-31 00:00:00,10.4700003,10.4700003,10.4700003,10.4700003,8189.473684210527,8.1092482
2016-04-01 00:00:00,10.4700003,10.4700003,10.4700003,10.4700003,6631.5789473684235,8.1092482
2016-04-04 00:00:00,10.4700003,10.4700003,10.4700003,10.4700003,5073.684210526317,8.1092482
2016-04-05 00:00:00,10.4700003,10.4700003,10.4700003,10.4700003,3515.78947368421,8.1092482
2016-04-06 00:00:00,10.4700003,10.4700003,10.4700003,10.4700003,1957.8947368421068,8.1092482
2016-04-07 00:00:00,10.8500004,10.8500004,10.8500004,10.8500004,400.0,8.4035683
2016-04-08 00:00:00,10.8500004,10.8500004,10.8500004,10.8500004,1100.0,8.4035683
2016-04-11 00:00:00,11.0,11.0,11.0,11.0,1800.0,8.5197449
2016-04-12 00:00:00,11.0,11.0,11.0,11.0,3166.666666666667,8.5197449
2016-04-13 00:00:00,11.0,11.0,11.0,11.0,4533.333333333334,8.5197449
2016-04-14 00:00:00,11.0,11.0,11.0,11.0,5900.0,8.5197449
2016-04-15 00:00:00,11.0,11.0,11.0,11.0,7266.666666666667,8.5197449
2016-04-18 00:00:00,11.0,11.0,11.0,11.0,8633.333333333334,8.5197449
2016-04-19 00:00:00,11.0,11.0,11.0,11.0,10000.0,8.5197449
2016-04-20 00:00:00,11.0,11.0,11.0,11.0,9200.0,8.5197449
2016-04-21 00:00:00,11.0,11.0,11.0,11.0,8400.0,8.5197449
2016-04-22 00:00:00,11.0,11.0,11.0,11.0,7600.0,8.5197449
2016-04-25 00:00:00,11.0,11.0,11.0,11.0,6800.0,8.5197449
2016-04-26 00:00:00,11.0,11.0,11.0,11.0,6000.0,8.5197449
2016-04-27 00:00:00,11.0,11.0,11.0,11.0,5200.0,8.5197449
2016-04-28 00:00:00,11.0,11.0,11.0,11.0,4400.0,8.5197449
2016-04-29 00:00:00,11.0,11.0,11.0,11.0,5266.666666666667,8.5197449
2016-05-02 00:00:00,11.0,11.0,11.0,11.0,6133.333333333333,8.5197449
2016-05-03 00:00:00,11.0,11.0,11.0,11.0,7000.0,8.5197449
2016-05-04 00:00:00,11.7600002,11.75,11.7600002,11.75,36000.0,9.1083832
2016-05-05 00:00:00,11.7600002,11.7600002,11.7600002,11.7600002,34491.30434782609,9.1083832
2016-05-06 00:00:00,11.7600002,11.7600002,11.7600002,11.7600002,32982.608695652176,9.1083832
2016-05-09 00:00:00,11.7600002,11.7600002,11.7600002,11.7600002,31473.91304347826,9.1083832
2016-05-10 00:00:00,11.7600002,11.7600002,11.7600002,11.7600002,29965.217391304348,9.1083832
2016-05-11 00:00:00,11.7600002,11.7600002,11.7600002,11.7600002,28456.521739130436,9.1083832
2016-05-12 00:00:00,11.7600002,11.7600002,11.7600002,11.7600002,26947.82608695652,9.1083832
2016-05-13 00:00:00,11.7600002,11.7600002,11.7600002,11.7600002,25439.130434782608,9.1083832
2016-05-16 00:00:00,11.7600002,11.7600002,11.7600002,11.7600002,23930.434782608696,9.1083832
2016-05-17 00:00:00,11.7600002,11.7600002,11.7600002,11.7600002,22421.739130434784,9.1083832
2016-05-18 00:00:00,11.7600002,11.7600002,11.7600002,11.7600002,20913.04347826087,9.1083832
2016-05-19 00:00:00,11.7600002,11.7600002,11.7600002,11.7600002,19404.347826086956,9.1083832
2016-05-20 00:00:00,11.7600002,11.7600002,11.7600002,11.7600002,17895.652173913044,9.1083832
2016-05-23 00:00:00,11.7600002,11.7600002,11.7600002,11.7600002,16386.956521739132,9.1083832
2016-05-24 00:00:00,11.7600002,11.7600002,11.7600002,11.7600002,14878.260869565216,9.1083832
2016-05-25 00:00:00,11.7600002,11.7600002,11.7600002,11.7600002,13369.565217391304,9.1083832
2016-05-26 00:00:00,11.7600002,11.7600002,11.7600002,11.7600002,11860.869565217392,9.1083832
2016-05-27 00:00:00,11.7600002,11.7600002,11.7600002,11.7600002,10352.17391304348,9.1083832
2016-05-31 00:00:00,11.7600002,11.7600002,11.7600002,11.7600002,8843.478260869568,9.1083832
2016-06-01 00:00:00,11.7600002,11.7600002,11.7600002,11.7600002,7334.782608695652,9.1083832
2016-06-02 00:00:00,11.7600002,11.7600002,11.7600002,11.7600002,5826.08695652174,9.1083832
2016-06-03 00:00:00,11.7600002,11.7600002,11.7600002,11.7600002,4317.391304347828,9.1083832
2016-06-06 00:00:00,11.7600002,11.7600002,11.7600002,11.7600002,2808.695652173912,9.1083832
2016-06-07 00:00:00,11.9200001,11.9200001,11.9200001,11.9200001,1300.0,9.2323055
2016-06-08 00:00:00,11.9200001,11.9200001,11.9200001,11.9200001,750.0,9.2323055
2016-06-09 00:00:00,11.1800003,11.1800003,11.1800003,11.1800003,200.0,8.6591578
2016-06-10 00:00:00,11.1800003,11.1800003,11.1800003,11.1800003,200.0,8.6591578
2016-06-13 00:00:00,11.1800003,11.1800003,11.1800003,11.1800003,200.0,8.6591578
2016-06-14 00:00:00,11.1800003,11.1800003,11.1800003,11.1800003,200.0,8.6591578
2016-06-15 00:00:00,11.1800003,11.1800003,11.1800003,11.1800003,200.0,8.6591578
2016-06-16 00:00:00,11.1800003,11.1800003,11.1800003,11.1800003,200.0,8.6591578
2016-06-17 00:00:00,11.1800003,11.1800003,11.1800003,11.1800003,200.0,8.6591578
2016-06-20 00:00:00,11.1800003,11.1800003,11.1800003,11.1800003,200.0,8.6591578
2016-06-21 00:00:00,11.1800003,11.1800003,11.1800003,11.1800003,200.0,8.6591578
2016-06-22 00:00:00,11.1800003,11.1800003,11.1800003,11.1800003,200.0,8.6591578
2016-06-23 00:00:00,11.1800003,11.1800003,11.1800003,11.1800003,200.0,8.6591578
2016-06-24 00:00:00,11.1800003,11.1800003,11.1800003,11.1800003,200.0,8.6591578
2016-06-27 00:00:00,11.1800003,11.1800003,11.1800003,11.1800003,200.0,8.6591578
2016-06-28 00:00:00,11.1800003,11.1800003,11.1800003,11.1800003,200.0,8.6591578
2016-06-29 00:00:00,11.1800003,11.1800003,11.1800003,11.1800003,200.0,8.6591578
2016-06-30 00:00:00,11.1800003,11.1800003,11.1800003,11.1800003,200.0,8.6591578
2016-07-01 00:00:00,11.1000004,11.1000004,11.1000004,11.1000004,200.0,8.5971966
2016-07-05 00:00:00,11.1000004,11.1000004,11.1000004,11.1000004,694.4444444444445,8.5971966
2016-07-06 00:00:00,11.1000004,11.1000004,11.1000004,11.1000004,1188.888888888889,8.5971966
2016-07-07 00:00:00,11.1000004,11.1000004,11.1000004,11.1000004,1683.3333333333335,8.5971966
2016-07-08 00:00:00,11.1000004,11.1000004,11.1000004,11.1000004,2177.777777777778,8.5971966
2016-07-11 00:00:00,11.1000004,11.1000004,11.1000004,11.1000004,2672.222222222222,8.5971966
2016-07-12 00:00:00,11.1000004,11.1000004,11.1000004,11.1000004,3166.666666666667,8.5971966
2016-07-13 00:00:00,11.1000004,11.1000004,11.1000004,11.1000004,3661.1111111111113,8.5971966
2016-07-14 00:00:00,11.1000004,11.1000004,11.1000004,11.1000004,4155.555555555556,8.5971966
2016-07-15 00:00:00,11.1000004,11.1000004,11.1000004,11.1000004,4650.0,8.5971966
2016-07-18 00:00:00,11.1000004,11.1000004,11.1000004,11.1000004,5144.444444444444,8.5971966
2016-07-19 00:00:00,11.1000004,11.1000004,11.1000004,11.1000004,5638.888888888889,8.5971966
2016-07-20 00:00:00,11.1000004,11.1000004,11.1000004,11.1000004,6133.333333333334,8.5971966
2016-07-21 00:00:00,11.1000004,11.1000004,11.1000004,11.1000004,6627.777777777778,8.5971966
2016-07-22 00:00:00,11.1000004,11.1000004,11.1000004,11.1000004,7122.222222222223,8.5971966
2016-07-25 00:00:00,11.1000004,11.1000004,11.1000004,11.1000004,7616.666666666667,8.5971966
2016-07-26 00:00:00,11.1000004,11.1000004,11.1000004,11.1000004,8111.111111111111,8.5971966
2016-07-27 00:00:00,11.1000004,11.1000004,11.1000004,11.1000004,8605.555555555557,8.5971966
2016-07-28 00:00:00,11.25,11.25,11.25,11.25,9100.0,8.7133722
2016-07-29 00:00:00,11.25,11.25,11.25,11.25,8500.0,8.7133722
2016-08-01 00:00:00,11.25,11.25,11.25,11.25,7900.0,8.7133722
2016-08-02 00:00:00,11.25,11.25,11.25,11.25,7300.0,8.7133722
2016-08-03 00:00:00,11.25,11.25,11.25,11.25,6700.0,8.7133722
2016-08-04 00:00:00,11.25,11.25,11.25,11.25,6100.0,8.7133722
2016-08-05 00:00:00,11.25,11.25,11.25,11.25,5500.0,8.7133722
2016-08-08 00:00:00,11.25,11.25,11.25,11.25,4900.0,8.7133722
2016-08-09 00:00:00,11.25,11.25,11.25,11.25,4300.0,8.7133722
2016-08-10 00:00:00,11.25,11.25,11.25,11.25,3700.0,8.7133722
2016-08-11 00:00:00,11.25,11.25,11.25,11.25,3100.0,8.7133722
2016-08-12 00:00:00,11.25,11.25,11.25,11.25,2500.0,8.7133722
2016-08-15 00:00:00,11.25,11.25,11.25,11.25,1900.0,8.7133722
2016-08-16 00:00:00,11.25,11.25,11.25,11.25,1300.0,8.7133722
2016-08-17 00:00:00,11.71,11.71,11.71,11.71,700.0,9.0696554
2016-08-18 00:00:00,11.71,11.71,11.71,11.71,1120.5882352941176,9.0696554
2016-08-19 00:00:00,11.71,11.71,11.71,11.71,1541.1764705882351,9.0696554
2016-08-22 00:00:00,11.71,11.71,11.71,11.71,1961.764705882353,9.0696554
2016-08-23 00:00:00,11.71,11.71,11.71,11.71,2382.3529411764703,9.0696554
2016-08-24 00:00:00,11.71,11.71,11.71,11.71,2802.9411764705883,9.0696554
2016-08-25 00:00:00,11.71,11.71,11.71,11.71,3223.529411764706,9.0696554
2016-08-26 00:00:00,11.71,11.71,11.71,11.71,3644.1176470588234,9.0696554
2016-08-29 00:00:00,11.71,11.71,11.71,11.71,4064.705882352941,9.0696554
2016-08-30 00:00:00,11.71,11.71,11.71,11.71,4485.294117647059,9.0696554
2016-08-31 00:00:00,11.71,11.71,11.71,11.71,4905.882352941177,9.0696554
2016-09-01 00:00:00,11.71,11.71,11.71,11.71,5326.470588235294,9.0696554
2016-09-02 00:00:00,11.71,11.71,11.71,11.71,5747.058823529412,9.0696554
2016-09-06 00:00:00,11.71,11.71,11.71,11.71,6167.647058823529,9.2433138
2016-09-07 00:00:00,11.71,11.71,11.71,11.71,6588.235294117647,9.2433138
2016-09-08 00:00:00,11.71,11.71,11.71,11.71,7008.823529411764,9.2433138
2016-09-09 00:00:00,11.71,11.71,11.71,11.71,7429.411764705882,9.2433138
2016-09-12 00:00:00,11.71,11.71,11.71,11.71,7850.0,9.2433138
2016-09-13 00:00:00,11.71,11.71,11.71,11.71,8270.588235294117,9.2433138
2016-09-14 00:00:00,11.71,11.71,11.71,11.71,8691.176470588234,9.2433138
2016-09-15 00:00:00,11.71,11.71,11.71,11.71,9111.764705882353,9.2433138
2016-09-16 00:00:00,11.71,11.71,11.71,11.71,9532.35294117647,9.2433138
2016-09-19 00:00:00,11.71,11.71,11.71,11.71,9952.941176470587,9.2433138
2016-09-20 00:00:00,11.71,11.71,11.71,11.71,10373.529411764704,9.2433138
2016-09-21 00:00:00,11.71,11.71,11.71,11.71,10794.117647058823,9.2433138
2016-09-22 00:00:00,11.71,11.71,11.71,11.71,11214.70588235294,9.2433138
2016-09-23 00:00:00,11.71,11.71,11.71,11.71,11635.294117647058,9.2433138
2016-09-26 00:00:00,11.71,11.71,11.71,11.71,12055.882352941177,9.2433138
2016-09-27 00:00:00,11.71,11.71,11.71,11.71,12476.470588235294,9.2433138
2016-09-28 00:00:00,11.71,11.71,11.71,11.71,12897.05882352941,9.2433138
2016-09-29 00:00:00,11.71,11.71,11.71,11.71,13317.647058823528,9.2433138
2016-09-30 00:00:00,11.71,11.71,11.71,11.71,13738.235294117647,9.2433138
2016-10-03 00:00:00,11.71,11.71,11.71,11.71,14158.823529411764,9.2433138
2016-10-04 00:00:00,11.71,11.71,11.71,11.71,14579.411764705881,9.2433138
2016-10-05 00:00:00,11.71,11.71,11.71,11.71,15000.0,9.2433138
2016-10-06 00:00:00,11.71,11.71,11.71,11.71,25000.0,9.2433138
2016-10-07 00:00:00,11.71,11.71,11.71,11.71,22500.0,9.2433138
2016-10-10 00:00:00,11.71,11.71,11.71,11.71,20000.0,9.2433138
2016-10-11 00:00:00,11.71,11.71,11.71,11.71,17500.0,9.2433138
2016-10-12 00:00:00,11.71,11.71,11.71,11.71,15000.0,9.2433138
2016-10-13 00:00:00,11.71,11.71,11.71,11.71,12500.0,9.2433138
2016-10-14 00:00:00,11.71,11.71,11.71,11.71,10000.0,9.2433138
2016-10-17 00:00:00,11.71,11.71,11.71,11.71,10000.0,9.2433138
2016-10-18 00:00:00,11.71,11.71,11.71,11.71,9742.105263157895,9.2433138
2016-10-19 00:00:00,11.71,11.71,11.71,11.71,9484.21052631579,9.2433138
2016-10-20 00:00:00,11.71,11.71,11.71,11.71,9226.315789473683,9.2433138
2016-10-21 00:00:00,11.71,11.71,11.71,11.71,8968.421052631578,9.2433138
2016-10-24 00:00:00,11.71,11.71,11.71,11.71,8710.526315789473,9.2433138
2016-10-25 00:00:00,11.71,11.71,11.71,11.71,8452.631578947368,9.2433138
2016-10-26 00:00:00,11.71,11.71,11.71,11.71,8194.736842105263,9.2433138
2016-10-27 00:00:00,11.71,11.71,11.71,11.71,7936.842105263158,9.2433138
2016-10-28 00:00:00,11.71,11.71,11.71,11.71,7678.9473684210525,9.2433138
2016-10-31 00:00:00,11.71,11.71,11.71,11.71,7421.0526315789475,9.2433138
2016-11-01 00:00:00,11.71,11.71,11.71,11.71,7163.157894736842,9.2433138
2016-11-02 00:00:00,11.71,11.71,11.71,11.71,6905.263157894737,9.2433138
2016-11-03 00:00:00,11.71,11.71,11.71,11.71,6647.368421052632,9.2433138
2016-11-04 00:00:00,11.71,11.71,11.71,11.71,6389.473684210527,9.2433138
2016-11-07 00:00:00,11.71,11.71,11.71,11.71,6131.578947368422,9.2433138
2016-11-08 00:00:00,11.71,11.71,11.71,11.71,5873.684210526316,9.2433138
2016-11-09 00:00:00,11.71,11.71,11.71,11.71,5615.789473684211,9.2433138
2016-11-10 00:00:00,11.71,11.71,11.71,11.71,5357.894736842105,9.2433138
2016-11-11 00:00:00,11.71,11.71,11.71,11.71,5100.0,9.2433138
2016-11-14 00:00:00,11.71,11.71,11.71,11.71,4842.105263157895,9.2433138
2016-11-15 00:00:00,11.71,11.71,11.71,11.71,4584.210526315789,9.2433138
2016-11-16 00:00:00,11.71,11.71,11.71,11.71,4326.315789473684,9.2433138
2016-11-17 00:00:00,11.71,11.71,11.71,11.71,4068.421052631579,9.2433138
2016-11-18 00:00:00,11.71,11.71,11.71,11.71,3810.5263157894733,9.2433138
2016-11-21 00:00:00,11.71,11.71,11.71,11.71,3552.6315789473683,9.2433138
2016-11-22 00:00:00,11.71,11.71,11.71,11.71,3294.7368421052633,9.2433138
2016-11-23 00:00:00,11.71,11.71,11.71,11.71,3036.8421052631584,9.2433138
2016-11-25 00:00:00,11.71,11.71,11.71,11.71,2778.9473684210525,9.2433138
2016-11-28 00:00:00,11.71,11.71,11.71,11.71,2521.0526315789475,9.2433138
2016-11-29 00:00:00,11.71,11.71,11.71,11.71,2263.1578947368425,9.2433138
2016-11-30 00:00:00,11.71,11.71,11.71,11.71,2005.2631578947367,9.2433138
2016-12-01 00:00:00,11.71,11.71,11.71,11.71,1747.3684210526317,9.2433138
2016-12-02 00:00:00,11.71,11.71,11.71,11.71,1489.4736842105267,9.2433138
2016-12-05 00:00:00,11.71,11.71,11.71,11.71,1231.5789473684217,9.2433138
2016-12-06 00:00:00,11.71,11.71,11.71,11.71,973.6842105263167,9.2433138
2016-12-07 00:00:00,11.71,11.71,11.71,11.71,715.78947368421,9.2433138
2016-12-08 00:00:00,11.71,11.71,11.71,11.71,457.894736842105,9.2433138
2016-12-09 00:00:00,10.8400002,10.8400002,10.8400002,10.8400002,200.0,8.5565748
2016-12-12 00:00:00,10.8400002,10.8400002,10.8400002,10.8400002,150.0,8.5565748
2016-12-13 00:00:00,10.6300001,10.6300001,10.6300001,10.6300001,100.0,8.3908119
2016-12-14 00:00:00,10.6300001,10.6300001,10.6300001,10.6300001,6400.0,8.3908119
2016-12-15 00:00:00,10.6300001,10.6300001,10.6300001,10.6300001,6285.454545454545,8.3908119
2016-12-16 00:00:00,10.6300001,10.6300001,10.6300001,10.6300001,6170.909090909091,8.3908119
2016-12-19 00:00:00,10.6300001,10.6300001,10.6300001,10.6300001,6056.363636363636,8.3908119
2016-12-20 00:00:00,10.6300001,10.6300001,10.6300001,10.6300001,5941.818181818182,8.3908119
2016-12-21 00:00:00,10.6300001,10.6300001,10.6300001,10.6300001,5827.272727272727,8.3908119
2016-12-22 00:00:00,10.6300001,10.6300001,10.6300001,10.6300001,5712.727272727273,8.3908119
2016-12-23 00:00:00,10.6300001,10.6300001,10.6300001,10.6300001,5598.181818181818,8.3908119
2016-12-27 00:00:00,10.6300001,10.6300001,10.6300001,10.6300001,5483.636363636364,8.3908119
2016-12-28 00:00:00,10.6300001,10.6300001,10.6300001,10.6300001,5369.090909090909,8.3908119
2016-12-29 00:00:00,10.6300001,10.6300001,10.6300001,10.6300001,5254.545454545454,8.3908119
2016-12-30 00:00:00,10.6300001,10.6300001,10.6300001,10.6300001,5140.0,8.3908119
2017-01-03 00:00:00,10.6300001,10.6300001,10.6300001,10.6300001,5025.454545454546,8.3908119
2017-01-04 00:00:00,10.6300001,10.6300001,10.6300001,10.6300001,4910.909090909091,8.3908119
2017-01-05 00:00:00,10.6300001,10.6300001,10.6300001,10.6300001,4796.363636363636,8.3908119
2017-01-06 00:00:00,10.6300001,10.6300001,10.6300001,10.6300001,4681.818181818182,8.3908119
2017-01-09 00:00:00,10.6300001,10.6300001,10.6300001,10.6300001,4567.272727272727,8.3908119
2017-01-10 00:00:00,10.6300001,10.6300001,10.6300001,10.6300001,4452.727272727273,8.3908119
2017-01-11 00:00:00,10.6300001,10.6300001,10.6300001,10.6300001,4338.181818181818,8.3908119
2017-01-12 00:00:00,10.6300001,10.6300001,10.6300001,10.6300001,4223.636363636364,8.3908119
2017-01-13 00:00:00,10.6300001,10.6300001,10.6300001,10.6300001,4109.090909090909,8.3908119
2017-01-17 00:00:00,10.6300001,10.6300001,10.6300001,10.6300001,3994.5454545454545,8.3908119
2017-01-18 00:00:00,10.6300001,10.6300001,10.6300001,10.6300001,3880.0,8.3908119
2017-01-19 00:00:00,10.6300001,10.6300001,10.6300001,10.6300001,3765.4545454545455,8.3908119
2017-01-20 00:00:00,10.6300001,10.6300001,10.6300001,10.6300001,3650.909090909091,8.3908119
2017-01-23 00:00:00,10.6300001,10.6300001,10.6300001,10.6300001,3536.3636363636365,8.3908119
2017-01-24 00:00:00,10.6300001,10.6300001,10.6300001,10.6300001,3421.818181818182,8.3908119
2017-01-25 00:00:00,10.6300001,10.6300001,10.6300001,10.6300001,3307.272727272727,8.3908119
2017-01-26 00:00:00,10.6300001,10.6300001,10.6300001,10.6300001,3192.7272727272725,8.3908119
2017-01-27 00:00:00,10.6300001,10.6300001,10.6300001,10.6300001,3078.181818181818,8.3908119
2017-01-30 00:00:00,10.6300001,10.6300001,10.6300001,10.6300001,2963.6363636363635,8.3908119
2017-01-31 00:00:00,10.6300001,10.6300001,10.6300001,10.6300001,2849.090909090909,8.3908119
2017-02-01 00:00:00,10.6300001,10.6300001,10.6300001,10.6300001,2734.5454545454545,8.3908119
2017-02-02 00:00:00,10.6300001,10.6300001,10.6300001,10.6300001,2620.0,8.3908119
2017-02-03 00:00:00,10.6300001,10.6300001,10.6300001,10.6300001,2505.4545454545455,8.3908119
2017-02-06 00:00:00,10.6300001,10.6300001,10.6300001,10.6300001,2390.909090909091,8.3908119
2017-02-07 00:00:00,10.6300001,10.6300001,10.6300001,10.6300001,2276.363636363636,8.3908119
2017-02-08 00:00:00,10.6300001,10.6300001,10.6300001,10.6300001,2161.818181818182,8.3908119
2017-02-09 00:00:00,10.6300001,10.6300001,10.6300001,10.6300001,2047.272727272727,8.3908119
2017-02-10 00:00:00,10.6300001,10.6300001,10.6300001,10.6300001,1932.727272727273,8.3908119
2017-02-13 00:00:00,10.6300001,10.6300001,10.6300001,10.6300001,1818.181818181818,8.3908119
2017-02-14 00:00:00,10.6300001,10.6300001,10.6300001,10.6300001,1703.636363636364,8.3908119
2017-02-15 00:00:00,10.6300001,10.6300001,10.6300001,10.6300001,1589.090909090909,8.3908119
2017-02-16 00:00:00,10.6300001,10.6300001,10.6300001,10.6300001,1474.545454545454,8.3908119
2017-02-17 00:00:00,10.6300001,10.6300001,10.6300001,10.6300001,1360.0,8.3908119
2017-02-21 00:00:00,10.6300001,10.6300001,10.6300001,10.6300001,1245.454545454545,8.3908119
2017-02-22 00:00:00,10.6300001,10.6300001,10.6300001,10.6300001,1130.909090909091,8.3908119
2017-02-23 00:00:00,10.6300001,10.6300001,10.6300001,10.6300001,1016.363636363636,8.3908119
2017-02-24 00:00:00,10.6300001,10.6300001,10.6300001,10.6300001,901.818181818182,8.5500708
2017-02-27 00:00:00,10.6300001,10.6300001,10.6300001,10.6300001,787.272727272727,8.5500708
2017-02-28 00:00:00,10.6300001,10.6300001,10.6300001,10.6300001,672.727272727273,8.5500708
2017-03-01 00:00:00,10.6300001,10.6300001,10.6300001,10.6300001,558.181818181818,8.5500708
2017-03-02 00:00:00,10.6300001,10.6300001,10.6300001,10.6300001,443.63636363636397,8.5500708
2017-03-03 00:00:00,10.6300001,10.6300001,10.6300001,10.6300001,329.090909090909,8.5500708
2017-03-06 00:00:00,10.6300001,10.6300001,10.6300001,10.6300001,214.54545454545405,8.5500708
2017-03-07 00:00:00,10.7299995,10.7299995,10.7299995,10.7299995,100.0,8.6305046
2017-03-08 00:00:00,10.7299995,10.7299995,10.7299995,10.7299995,500.0,8.6305046
2017-03-09 00:00:00,10.5699997,10.5699997,10.5699997,10.5699997,900.0,8.5018101
2017-03-10 00:00:00,10.5699997,10.5699997,10.5699997,10.5699997,1060.0,8.5018101
2017-03-13 00:00:00,10.5699997,10.5699997,10.5699997,10.5699997,1220.0,8.5018101
2017-03-14 00:00:00,10.5699997,10.5699997,10.5699997,10.5699997,1380.0,8.5018101
2017-03-15 00:00:00,10.5699997,10.5699997,10.5699997,10.5699997,1540.0,8.5018101
2017-03-16 00:00:00,10.8999996,10.8999996,10.8999996,10.8999996,1700.0,8.7672415
2017-03-17 00:00:00,10.8999996,10.8999996,10.8999996,10.8999996,1200.0,8.7672415
2017-03-20 00:00:00,10.8999996,10.8999996,10.8999996,10.8999996,700.0,8.7672415
2017-03-21 00:00:00,11.1899996,11.1899996,11.1899996,11.1899996,200.0,9.0004978
2017-03-22 00:00:00,11.1899996,11.1899996,11.1899996,11.1899996,5000.0,9.0004978
2017-03-23 00:00:00,11.1899996,11.1899996,11.1899996,11.1899996,5000.0,9.0004978
2017-03-24 00:00:00,11.1899996,11.1899996,11.1899996,11.1899996,5000.0,9.0004978
2017-03-27 00:00:00,11.5,11.5,11.5,11.5,400.0,9.2498426
2017-03-28 00:00:00,11.5,11.5,11.5,11.5,1933.3333333333333,9.2498426
2017-03-29 00:00:00,11.5,11.5,11.5,11.5,3466.6666666666665,9.2498426
2017-03-30 00:00:00,11.5500002,11.5500002,11.5500002,11.5500002,5000.0,9.2900581
2017-03-31 00:00:00,11.5500002,11.5500002,11.5500002,11.5500002,4280.0,9.2900581
2017-04-03 00:00:00,11.5500002,11.5500002,11.5500002,11.5500002,3560.0,9.2900581
2017-04-04 00:00:00,11.5500002,11.5500002,11.5500002,11.5500002,2840.0,9.2900581
2017-04-05 00:00:00,11.5500002,11.5500002,11.5500002,11.5500002,2120.0,9.2900581
2017-04-06 00:00:00,11.25,11.25,11.25,11.25,1400.0,9.0487595
2017-04-07 00:00:00,11.25,11.25,11.25,11.25,1800.0,9.0487595
2017-04-10 00:00:00,11.25,11.25,11.25,11.25,1708.3333333333333,9.0487595
2017-04-11 00:00:00,11.25,11.25,11.25,11.25,1616.6666666666667,9.0487595
2017-04-12 00:00:00,11.25,11.25,11.25,11.25,1525.0,9.0487595
2017-04-13 00:00:00,11.25,11.25,11.25,11.25,1433.3333333333333,9.0487595
2017-04-17 00:00:00,11.25,11.25,11.25,11.25,1341.6666666666665,9.0487595
2017-04-18 00:00:00,11.25,11.25,11.25,11.25,1250.0,9.0487595
2017-04-19 00:00:00,11.25,11.25,11.25,11.25,1158.3333333333333,9.0487595
2017-04-20 00:00:00,11.25,11.25,11.25,11.25,1066.6666666666665,9.0487595
2017-04-21 00:00:00,11.25,11.25,11.25,11.25,975.0,9.0487595
2017-04-24 00:00:00,11.25,11.25,11.25,11.25,883.3333333333333,9.0487595
2017-04-25 00:00:00,11.25,11.25,11.25,11.25,791.6666666666666,9.0487595
2017-04-26 00:00:00,11.71,11.71,11.71,11.71,700.0,9.4187527
2017-04-27 00:00:00,11.71,11.71,11.71,11.71,550.0,9.4187527
2017-04-28 00:00:00,11.6000004,11.6000004,11.6000004,11.6000004,400.0,9.3302746
2017-05-01 00:00:00,11.6000004,11.6000004,11.6000004,11.6000004,2700.0,9.3302746
2017-05-02 00:00:00,11.6000004,11.6000004,11.6000004,11.6000004,5000.0,9.3302746
2017-05-03 00:00:00,11.6000004,11.6000004,11.6000004,11.6000004,4183.333333333333,9.3302746
2017-05-04 00:00:00,11.6000004,11.6000004,11.6000004,11.6000004,3366.666666666667,9.3302746
2017-05-05 00:00:00,11.6000004,11.6000004,11.6000004,11.6000004,2550.0,9.3302746
2017-05-08 00:00:00,11.6000004,11.6000004,11.6000004,11.6000004,1733.3333333333335,9.3302746
2017-05-09 00:00:00,11.6000004,11.6000004,11.6000004,11.6000004,916.666666666667,9.3302746
2017-05-10 00:00:00,11.3100004,11.3100004,11.3100004,11.3100004,100.0,9.0970182
2017-05-11 00:00:00,11.3100004,11.3100004,11.3100004,11.3100004,450.0,9.0970182
2017-05-12 00:00:00,11.3100004,11.3100004,11.3100004,11.3100004,800.0,9.0970182
2017-05-15 00:00:00,11.3100004,11.3100004,11.3100004,11.3100004,1150.0,9.0970182
2017-05-16 00:00:00,11.3100004,11.3100004,11.3100004,11.3100004,1500.0,9.0970182
2017-05-17 00:00:00,11.3100004,11.3100004,11.3100004,11.3100004,1850.0,9.0970182
2017-05-18 00:00:00,11.0,11.0,11.0,11.0,2200.0,8.8476725
2017-05-19 00:00:00,11.0,11.0,11.0,11.0,4800.0,8.8476725
2017-05-22 00:00:00,11.0,11.0,11.0,11.0,7400.0,8.8476725
2017-05-23 00:00:00,11.0,11.0,11.0,11.0,10000.0,8.8476725
2017-05-24 00:00:00,11.0,11.0,11.0,11.0,11683.333333333334,8.8476725
2017-05-25 00:00:00,11.0,11.0,11.0,11.0,13366.666666666666,8.8476725
2017-05-26 00:00:00,11.0,11.0,11.0,11.0,15050.0,8.8476725
2017-05-30 00:00:00,11.0,11.0,11.0,11.0,16733.333333333332,8.8476725
2017-05-31 00:00:00,11.0,11.0,11.0,11.0,18416.666666666664,8.8476725
2017-06-01 00:00:00,11.5,11.5,11.5,11.5,20100.0,9.2498426
2017-06-02 00:00:00,11.75,11.75,11.75,11.75,100.0,9.450923
2017-06-05 00:00:00,11.75,11.75,11.75,11.75,400.0,9.450923
2017-06-06 00:00:00,11.75,11.75,11.75,11.75,700.0,9.450923
2017-06-07 00:00:00,11.8000002,11.8000002,11.8000002,11.8000002,1000.0,9.4911404
2017-06-08 00:00:00,11.8000002,11.8000002,11.8000002,11.8000002,4800.0,9.4911404
2017-06-09 00:00:00,11.8000002,11.8000002,11.8000002,11.8000002,4933.333333333333,9.4911404
2017-06-12 00:00:00,11.8000002,11.8000002,11.8000002,11.8000002,5066.666666666667,9.4911404
2017-06-13 00:00:00,11.8000002,11.8000002,11.8000002,11.8000002,5200.0,9.4911404
2017-06-14 00:00:00,11.8000002,11.8000002,11.8000002,11.8000002,2700.0,9.4911404
2017-06-15 00:00:00,12.0500002,12.0500002,12.0500002,12.0500002,200.0,9.6922235
2017-06-16 00:00:00,12.0500002,12.0500002,12.0500002,12.0500002,1570.0,9.6922235
2017-06-19 00:00:00,12.0500002,12.0500002,12.0500002,12.0500002,2940.0,9.6922235
2017-06-20 00:00:00,12.0500002,12.0500002,12.0500002,12.0500002,4310.0,9.6922235
2017-06-21 00:00:00,12.0500002,12.0500002,12.0500002,12.0500002,5680.0,9.6922235
2017-06-22 00:00:00,12.0500002,12.0500002,12.0500002,12.0500002,7050.0,9.6922235
2017-06-23 00:00:00,12.0500002,12.0500002,12.0500002,12.0500002,8420.0,9.6922235
2017-06-26 00:00:00,12.0500002,12.0500002,12.0500002,12.0500002,9790.0,9.6922235
2017-06-27 00:00:00,12.0500002,12.0500002,12.0500002,12.0500002,11160.0,9.6922235
2017-06-28 00:00:00,12.0500002,12.0500002,12.0500002,12.0500002,12530.0,9.6922235
2017-06-29 00:00:00,12.4300003,12.8000002,12.8000002,12.4300003,13900.0,9.9978704
2017-06-30 00:00:00,12.4300003,12.4300003,12.4300003,12.4300003,30900.0,9.9978704
2017-07-03 00:00:00,12.4300003,12.4300003,12.4300003,12.4300003,27050.0,9.9978704
2017-07-05 00:00:00,12.4300003,12.4300003,12.4300003,12.4300003,23200.0,9.9978704
2017-07-06 00:00:00,12.4300003,12.4300003,12.4300003,12.4300003,19350.0,9.9978704
2017-07-07 00:00:00,12.4300003,12.4300003,12.4300003,12.4300003,15500.0,9.9978704
2017-07-10 00:00:00,12.4300003,12.4300003,12.4300003,12.4300003,11650.0,9.9978704
2017-07-11 00:00:00,12.4300003,12.4300003,12.4300003,12.4300003,7800.0,9.9978704
2017-07-12 00:00:00,12.4300003,12.4300003,12.4300003,12.4300003,3950.0,9.9978704
2017-07-13 00:00:00,12.1499996,12.1499996,12.1499996,12.1499996,100.0,9.7726593
2017-07-14 00:00:00,12.1499996,12.1499996,12.1499996,12.1499996,300.0,9.7726593
2017-07-17 00:00:00,12.1499996,12.1499996,12.1499996,12.1499996,500.0,9.7726593
2017-07-18 00:00:00,12.1499996,12.1499996,12.1499996,12.1499996,700.0,9.7726593
2017-07-19 00:00:00,12.1499996,12.1499996,12.1499996,12.1499996,900.0,9.7726593
2017-07-20 00:00:00,12.1499996,12.1499996,12.1499996,12.1499996,1100.0,9.7726593
2017-07-21 00:00:00,12.1499996,12.1499996,12.1499996,12.1499996,1300.0,9.7726593
2017-07-24 00:00:00,12.1499996,12.1499996,12.1499996,12.1499996,1500.0,9.7726593
2017-07-25 00:00:00,12.1499996,12.1499996,12.1499996,12.1499996,1700.0,9.7726593
2017-07-26 00:00:00,12.1499996,12.1499996,12.1499996,12.1499996,1900.0,9.7726593
2017-07-27 00:00:00,12.3000002,12.3000002,12.3000002,12.3000002,2100.0,9.8933067
2017-07-28 00:00:00,12.3000002,12.3000002,12.3000002,12.3000002,2006.25,9.8933067
2017-07-31 00:00:00,12.3000002,12.3000002,12.3000002,12.3000002,1912.5,9.8933067
2017-08-01 00:00:00,12.3000002,12.3000002,12.3000002,12.3000002,1818.75,9.8933067
2017-08-02 00:00:00,12.3000002,12.3000002,12.3000002,12.3000002,1725.0,9.8933067
2017-08-03 00:00:00,12.3000002,12.3000002,12.3000002,12.3000002,1631.25,9.8933067
2017-08-04 00:00:00,12.3000002,12.3000002,12.3000002,12.3000002,1537.5,9.8933067
2017-08-07 00:00:00,12.3000002,12.3000002,12.3000002,12.3000002,1443.75,9.8933067
2017-08-08 00:00:00,12.3000002,12.3000002,12.3000002,12.3000002,1350.0,9.8933067
2017-08-09 00:00:00,12.3000002,12.3000002,12.3000002,12.3000002,1256.25,9.8933067
2017-08-10 00:00:00,12.3000002,12.3000002,12.3000002,12.3000002,1162.5,9.8933067
2017-08-11 00:00:00,12.3000002,12.3000002,12.3000002,12.3000002,1068.75,9.8933067
2017-08-14 00:00:00,12.3000002,12.3000002,12.3000002,12.3000002,975.0,9.8933067
2017-08-15 00:00:00,12.3000002,12.3000002,12.3000002,12.3000002,881.25,9.8933067
2017-08-16 00:00:00,12.3000002,12.3000002,12.3000002,12.3000002,787.5,9.8933067
2017-08-17 00:00:00,12.3000002,12.3000002,12.3000002,12.3000002,693.75,9.8933067
2017-08-18 00:00:00,12.6000004,12.6000004,12.6000004,12.6000004,600.0,10.1346111
2017-08-21 00:00:00,12.5,12.5,12.5,12.5,100.0,10.0541763
2017-08-22 00:00:00,12.7700005,12.7700005,12.7700005,12.7700005,42000.0,10.2713451
2017-08-23 00:00:00,12.7700005,12.7700005,12.7700005,12.7700005,41648.0,10.2713451
2017-08-24 00:00:00,12.7700005,12.7700005,12.7700005,12.7700005,41296.0,10.2713451
2017-08-25 00:00:00,12.7700005,12.7700005,12.7700005,12.7700005,40944.0,10.2713451
2017-08-28 00:00:00,12.7700005,12.7700005,12.7700005,12.7700005,40592.0,10.2713451
2017-08-29 00:00:00,12.7700005,12.7700005,12.7700005,12.7700005,40240.0,10.2713451
2017-08-30 00:00:00,12.7700005,12.7700005,12.7700005,12.7700005,39888.0,10.2713451
2017-08-31 00:00:00,12.7700005,12.7700005,12.7700005,12.7700005,39536.0,10.2713451
2017-09-01 00:00:00,12.7700005,12.7700005,12.7700005,12.7700005,39184.0,10.2713451
2017-09-05 00:00:00,12.7700005,12.7700005,12.7700005,12.7700005,38832.0,10.4664125
2017-09-06 00:00:00,12.7700005,12.7700005,12.7700005,12.7700005,38480.0,10.4664125
2017-09-07 00:00:00,12.7700005,12.7700005,12.7700005,12.7700005,38128.0,10.4664125
2017-09-08 00:00:00,12.7700005,12.7700005,12.7700005,12.7700005,37776.0,10.4664125
2017-09-11 00:00:00,12.7700005,12.7700005,12.7700005,12.7700005,37424.0,10.4664125
2017-09-12 00:00:00,12.7700005,12.7700005,12.7700005,12.7700005,37072.0,10.4664125
2017-09-13 00:00:00,12.7700005,12.7700005,12.7700005,12.7700005,36720.0,10.4664125
2017-09-14 00:00:00,12.7700005,12.7700005,12.7700005,12.7700005,36368.0,10.4664125
2017-09-15 00:00:00,12.7700005,12.7700005,12.7700005,12.7700005,36016.0,10.4664125
2017-09-18 00:00:00,12.7700005,12.7700005,12.7700005,12.7700005,35664.0,10.4664125
2017-09-19 00:00:00,12.7700005,12.7700005,12.7700005,12.7700005,35312.0,10.4664125
2017-09-20 00:00:00,12.7700005,12.7700005,12.7700005,12.7700005,34960.0,10.4664125
2017-09-21 00:00:00,12.7700005,12.7700005,12.7700005,12.7700005,34608.0,10.4664125
2017-09-22 00:00:00,12.7700005,12.7700005,12.7700005,12.7700005,34256.0,10.4664125
2017-09-25 00:00:00,12.7700005,12.7700005,12.7700005,12.7700005,33904.0,10.4664125
2017-09-26 00:00:00,12.7700005,12.7700005,12.7700005,12.7700005,33552.0,10.4664125
2017-09-27 00:00:00,12.0500002,12.04,12.0500002,12.04,33200.0,9.8762922
2017-09-28 00:00:00,12.0500002,12.0500002,12.0500002,12.0500002,27400.0,9.8762922
2017-09-29 00:00:00,12.0500002,12.0500002,12.0500002,12.0500002,21600.0,9.8762922
2017-10-02 00:00:00,12.0500002,12.0500002,12.0500002,12.0500002,15800.0,9.8762922
2017-10-03 00:00:00,12.0500002,12.0500002,12.0500002,12.0500002,10000.0,9.8762922
2017-10-04 00:00:00,12.0500002,12.0500002,12.0500002,12.0500002,10000.0,9.8762922
2017-10-05 00:00:00,12.0500002,12.0500002,12.0500002,12.0500002,10000.0,9.8762922
2017-10-06 00:00:00,12.0500002,12.0500002,12.0500002,12.0500002,10000.0,9.8762922
2017-10-09 00:00:00,12.0500002,12.0500002,12.0500002,12.0500002,10000.0,9.8762922
2017-10-10 00:00:00,12.0500002,12.0500002,12.0500002,12.0500002,10000.0,9.8762922
2017-10-11 00:00:00,12.0500002,12.0500002,12.0500002,12.0500002,10000.0,9.8762922
2017-10-12 00:00:00,12.0500002,12.0500002,12.0500002,12.0500002,10000.0,9.8762922
2017-10-13 00:00:00,12.0500002,12.0500002,12.0500002,12.0500002,10000.0,9.8762922
2017-10-16 00:00:00,12.0500002,12.0500002,12.0500002,12.0500002,10000.0,9.8762922
2017-10-17 00:00:00,12.0500002,12.0500002,12.0500002,12.0500002,10000.0,9.8762922
2017-10-18 00:00:00,12.0500002,12.0500002,12.0500002,12.0500002,9590.90909090909,9.8762922
2017-10-19 00:00:00,12.0500002,12.0500002,12.0500002,12.0500002,9181.818181818182,9.8762922
2017-10-20 00:00:00,12.0500002,12.0500002,12.0500002,12.0500002,8772.727272727272,9.8762922
2017-10-23 00:00:00,12.0500002,12.0500002,12.0500002,12.0500002,8363.636363636364,9.8762922
2017-10-24 00:00:00,12.0500002,12.0500002,12.0500002,12.0500002,7954.545454545455,9.8762922
2017-10-25 00:00:00,12.0500002,12.0500002,12.0500002,12.0500002,7545.454545454546,9.8762922
2017-10-26 00:00:00,12.0500002,12.0500002,12.0500002,12.0500002,7136.363636363636,9.8762922
2017-10-27 00:00:00,12.0500002,12.0500002,12.0500002,12.0500002,6727.272727272728,9.8762922
2017-10-30 00:00:00,12.0500002,12.0500002,12.0500002,12.0500002,6318.181818181818,9.8762922
2017-10-31 00:00:00,12.0500002,12.0500002,12.0500002,12.0500002,5909.09090909091,9.8762922
2017-11-01 00:00:00,12.0500002,12.0500002,12.0500002,12.0500002,5500.0,9.8762922
2017-11-02 00:00:00,12.0500002,12.0500002,12.0500002,12.0500002,5090.909090909091,9.8762922
2017-11-03 00:00:00,12.0500002,12.0500002,12.0500002,12.0500002,4681.818181818182,9.8762922
2017-11-06 00:00:00,12.0500002,12.0500002,12.0500002,12.0500002,4272.727272727273,9.8762922
2017-11-07 00:00:00,12.0500002,12.0500002,12.0500002,12.0500002,3863.636363636364,9.8762922
2017-11-08 00:00:00,12.0500002,12.0500002,12.0500002,12.0500002,3454.545454545455,9.8762922
2017-11-09 00:00:00,12.0500002,12.0500002,12.0500002,12.0500002,3045.454545454546,9.8762922
2017-11-10 00:00:00,12.0500002,12.0500002,12.0500002,12.0500002,2636.363636363637,9.8762922
2017-11-13 00:00:00,12.0500002,12.0500002,12.0500002,12.0500002,2227.272727272728,9.8762922
2017-11-14 00:00:00,12.0500002,12.0500002,12.0500002,12.0500002,1818.181818181819,9.8762922
2017-11-15 00:00:00,12.0500002,12.0500002,12.0500002,12.0500002,1409.09090909091,9.8762922
2017-11-16 00:00:00,11.3699999,11.3699999,11.3699999,11.3699999,1000.0,9.3189583
2017-11-17 00:00:00,11.3699999,11.3699999,11.3699999,11.3699999,1400.0,9.3189583
2017-11-20 00:00:00,11.3699999,11.3699999,11.3699999,11.3699999,1800.0,9.3189583
2017-11-21 00:00:00,11.3699999,11.3699999,11.3699999,11.3699999,2200.0,9.3189583
2017-11-22 00:00:00,11.3699999,11.3699999,11.3699999,11.3699999,2600.0,9.3189583
2017-11-24 00:00:00,11.3699999,11.3699999,11.3699999,11.3699999,2325.0,9.3189583
2017-11-27 00:00:00,11.3699999,11.3699999,11.3699999,11.3699999,2050.0,9.3189583
2017-11-28 00:00:00,11.3699999,11.3699999,11.3699999,11.3699999,1775.0,9.3189583
2017-11-29 00:00:00,11.3000002,11.3000002,11.3000002,11.3000002,1500.0,9.2615881
2017-11-30 00:00:00,11.3000002,11.3000002,11.3000002,11.3000002,2200.0,9.2615881
2017-12-01 00:00:00,11.3000002,11.3000002,11.3000002,11.3000002,2900.0,9.2615881
2017-12-04 00:00:00,11.3000002,11.3000002,11.3000002,11.3000002,3600.0,9.2615881
2017-12-05 00:00:00,11.3000002,11.3000002,11.3000002,11.3000002,4300.0,9.2615881
2017-12-06 00:00:00,11.3000002,11.3000002,11.3000002,11.3000002,5000.0,9.2615881
2017-12-07 00:00:00,11.3000002,11.3000002,11.3000002,11.3000002,5700.0,9.2615881
2017-12-08 00:00:00,11.3000002,11.3000002,11.3000002,11.3000002,7100.0,9.2615881
2017-12-11 00:00:00,11.3000002,11.3000002,11.3000002,11.3000002,8500.0,9.2615881
2017-12-12 00:00:00,11.3000002,11.3000002,11.3000002,11.3000002,9900.0,9.2615881
2017-12-13 00:00:00,11.3000002,11.3000002,11.3000002,11.3000002,11300.0,9.2615881
2017-12-14 00:00:00,11.3000002,11.3000002,11.3000002,11.3000002,12700.0,9.2615881
2017-12-15 00:00:00,11.3000002,11.3000002,11.3000002,11.3000002,14100.0,9.2615881
2017-12-18 00:00:00,11.3000002,11.3000002,11.3000002,11.3000002,15500.0,9.2615881
2017-12-19 00:00:00,11.3000002,11.3000002,11.3000002,11.3000002,16900.0,9.2615881
2017-12-20 00:00:00,11.3000002,11.3000002,11.3000002,11.3000002,18300.0,9.2615881
2017-12-21 00:00:00,11.3000002,11.3000002,11.3000002,11.3000002,19700.0,9.2615881
2017-12-22 00:00:00,11.3000002,11.3000002,11.3000002,11.3000002,21100.0,9.2615881
2017-12-26 00:00:00,11.8000002,11.8000002,11.8000002,11.8000002,22500.0,9.6713905
2017-12-27 00:00:00,11.8000002,11.8000002,11.8000002,11.8000002,20928.571428571428,9.6713905
2017-12-28 00:00:00,11.8000002,11.8000002,11.8000002,11.8000002,19357.14285714286,9.6713905
2017-12-29 00:00:00,11.8000002,11.8000002,11.8000002,11.8000002,17785.714285714286,9.6713905
2018-01-02 00:00:00,11.8000002,11.8000002,11.8000002,11.8000002,16214.285714285714,9.6713905
2018-01-03 00:00:00,11.8000002,11.8000002,11.8000002,11.8000002,14642.857142857143,9.6713905
2018-01-04 00:00:00,11.8000002,11.8000002,11.8000002,11.8000002,13071.428571428572,9.6713905
2018-01-05 00:00:00,11.8000002,11.8000002,11.8000002,11.8000002,11500.0,9.6713905
2018-01-08 00:00:00,11.8000002,11.8000002,11.8000002,11.8000002,9928.57142857143,9.6713905
2018-01-09 00:00:00,11.8000002,11.8000002,11.8000002,11.8000002,8357.142857142859,9.6713905
2018-01-10 00:00:00,11.8000002,11.8000002,11.8000002,11.8000002,6785.714285714286,9.6713905
2018-01-11 00:00:00,11.8000002,11.8000002,11.8000002,11.8000002,5214.285714285714,9.6713905
2018-01-12 00:00:00,11.8000002,11.8000002,11.8000002,11.8000002,3642.857142857145,9.6713905
2018-01-16 00:00:00,11.8000002,11.8000002,11.8000002,11.8000002,2071.4285714285725,9.6713905
2018-01-17 00:00:00,11.6000004,11.6000004,11.6000004,11.6000004,500.0,9.5074711
2018-01-18 00:00:00,11.6000004,11.6000004,11.6000004,11.6000004,400.0,9.5074711
2018-01-19 00:00:00,11.6000004,11.6000004,11.6000004,11.6000004,300.0,9.5074711
2018-01-22 00:00:00,11.6000004,11.6000004,11.6000004,11.6000004,200.0,9.5074711
2018-01-23 00:00:00,11.5900002,11.5900002,11.5900002,11.5900002,100.0,9.4992743
2018-01-24 00:00:00,11.75,11.75,11.75,11.75,8900.0,9.6304102
2018-01-25 00:00:00,11.75,11.75,11.75,11.75,8992.857142857143,9.6304102
2018-01-26 00:00:00,11.75,11.75,11.75,11.75,9085.714285714286,9.6304102
2018-01-29 00:00:00,11.75,11.75,11.75,11.75,9178.57142857143,9.6304102
2018-01-30 00:00:00,11.75,11.75,11.75,11.75,9271.42857142857,9.6304102
2018-01-31 00:00:00,11.75,11.75,11.75,11.75,9364.285714285714,9.6304102
2018-02-01 00:00:00,11.75,11.75,11.75,11.75,9457.142857142857,9.6304102
2018-02-02 00:00:00,11.75,11.75,11.75,11.75,9550.0,9.6304102
2018-02-05 00:00:00,11.75,11.75,11.75,11.75,9642.857142857143,9.6304102
2018-02-06 00:00:00,11.75,11.75,11.75,11.75,9735.714285714286,9.6304102
2018-02-07 00:00:00,11.75,11.75,11.75,11.75,9828.57142857143,9.6304102
2018-02-08 00:00:00,11.75,11.75,11.75,11.75,9921.42857142857,9.6304102
2018-02-09 00:00:00,11.75,11.75,11.75,11.75,10014.285714285714,9.6304102
2018-02-12 00:00:00,11.75,11.75,11.75,11.75,10107.142857142857,9.6304102
2018-02-13 00:00:00,11.4399996,11.4399996,11.4399996,11.4399996,10200.0,9.3763313
2018-02-14 00:00:00,11.4399996,11.4399996,11.4399996,11.4399996,6350.0,9.3763313
2018-02-15 00:00:00,11.0500002,11.0500002,11.0500002,11.0500002,2500.0,9.0566835
2018-02-16 00:00:00,10.8999996,11.04,11.04,10.8999996,200.0,8.9337425
2018-02-20 00:00:00,10.8999996,10.8999996,10.8999996,10.8999996,2625.0,8.9337425
2018-02-21 00:00:00,10.8999996,10.8999996,10.8999996,10.8999996,5050.0,8.9337425
2018-02-22 00:00:00,10.8999996,10.8999996,10.8999996,10.8999996,7475.0,8.9337425
2018-02-23 00:00:00,11.1099997,11.1000004,11.1099997,11.1000004,9900.0,9.1058598
2018-02-26 00:00:00,11.1099997,11.1099997,11.1099997,11.1099997,7940.0,9.1058598
2018-02-27 00:00:00,11.1099997,11.1099997,11.1099997,11.1099997,5980.0,9.2778902
2018-02-28 00:00:00,11.1099997,11.1099997,11.1099997,11.1099997,4020.0,9.2778902
2018-03-01 00:00:00,11.1099997,11.1099997,11.1099997,11.1099997,2060.0,9.2778902
2018-03-02 00:00:00,10.7399998,10.7399998,10.7399998,10.7399998,100.0,8.9689045
2018-03-05 00:00:00,10.7399998,10.7399998,10.7399998,10.7399998,1580.0,8.9689045
2018-03-06 00:00:00,10.7399998,10.7399998,10.7399998,10.7399998,3060.0,8.9689045
2018-03-07 00:00:00,10.7399998,10.7399998,10.7399998,10.7399998,4540.0,8.9689045
2018-03-08 00:00:00,10.7399998,10.7399998,10.7399998,10.7399998,6020.0,8.9689045
2018-03-09 00:00:00,10.7399998,10.7399998,10.7399998,10.7399998,7500.0,8.9689045
2018-03-12 00:00:00,10.7399998,10.7399998,10.7399998,10.7399998,8980.0,8.9689045
2018-03-13 00:00:00,10.7399998,10.7399998,10.7399998,10.7399998,10460.0,8.9689045
2018-03-14 00:00:00,10.7399998,10.7399998,10.7399998,10.7399998,11940.0,8.9689045
2018-03-15 00:00:00,10.7399998,10.7399998,10.7399998,10.7399998,13420.0,8.9689045
2018-03-16 00:00:00,11.0200005,11.0200005,11.0200005,11.0200005,14900.0,9.2027321
2018-03-19 00:00:00,11.0200005,11.0200005,11.0200005,11.0200005,12520.0,9.2027321
2018-03-20 00:00:00,11.0200005,11.0200005,11.0200005,11.0200005,10140.0,9.2027321
2018-03-21 00:00:00,11.0200005,11.0200005,11.0200005,11.0200005,7760.0,9.2027321
2018-03-22 00:00:00,11.0200005,11.0200005,11.0200005,11.0200005,5380.0,9.2027321
2018-03-23 00:00:00,11.0200005,11.0200005,11.0200005,11.0200005,3000.0,9.2027321
2018-03-26 00:00:00,11.0200005,11.0200005,11.0200005,11.0200005,2066.6666666666665,9.2027321
2018-03-27 00:00:00,11.0200005,11.0200005,11.0200005,11.0200005,1133.3333333333333,9.2027321
2018-03-28 00:00:00,10.75,10.75,10.75,10.75,200.0,8.9772568
2018-03-29 00:00:00,10.75,10.75,10.75,10.75,183.33333333333334,8.9772568
2018-04-02 00:00:00,10.75,10.75,10.75,10.75,166.66666666666666,8.9772568
2018-04-03 00:00:00,10.75,10.75,10.75,10.75,150.0,8.9772568
2018-04-04 00:00:00,10.75,10.75,10.75,10.75,133.33333333333331,8.9772568
2018-04-05 00:00:00,10.75,10.75,10.75,10.75,116.66666666666666,8.9772568
2018-04-06 00:00:00,10.5500002,10.5500002,10.5500002,10.5500002,100.0,8.8102369
2018-04-09 00:00:00,10.5500002,10.5500002,10.5500002,10.5500002,29850.0,8.8102369
2018-04-10 00:00:00,10.75,10.75,10.75,10.75,59600.0,8.9772568
2018-04-11 00:00:00,10.75,10.75,10.75,10.75,79720.0,8.9772568
2018-04-12 00:00:00,10.75,10.75,10.75,10.75,99840.0,8.9772568
2018-04-13 00:00:00,10.75,10.75,10.75,10.75,119960.0,8.9772568
2018-04-16 00:00:00,10.75,10.75,10.75,10.75,140080.0,8.9772568
2018-04-17 00:00:00,10.9200001,10.9200001,10.9200001,10.9200001,160200.0,9.1192226
2018-04-18 00:00:00,10.8500004,10.8500004,10.8500004,10.8500004,100.0,9.0607653
2018-04-19 00:00:00,10.8500004,10.8500004,10.8500004,10.8500004,111.11111111111111,9.0607653
2018-04-20 00:00:00,10.8500004,10.8500004,10.8500004,10.8500004,122.22222222222223,9.0607653
2018-04-23 00:00:00,10.8500004,10.8500004,10.8500004,10.8500004,133.33333333333331,9.0607653
2018-04-24 00:00:00,10.8500004,10.8500004,10.8500004,10.8500004,144.44444444444446,9.0607653
2018-04-25 00:00:00,10.8500004,10.8500004,10.8500004,10.8500004,155.55555555555554,9.0607653
2018-04-26 00:00:00,10.8500004,10.8500004,10.8500004,10.8500004,166.66666666666666,9.0607653
2018-04-27 00:00:00,10.8500004,10.8500004,10.8500004,10.8500004,177.77777777777777,9.0607653
2018-04-30 00:00:00,10.8500004,10.8500004,10.8500004,10.8500004,188.88888888888889,9.0607653
2018-05-01 00:00:00,10.1999998,10.1999998,10.1999998,10.1999998,200.0,8.5179548
2018-05-02 00:00:00,10.1999998,10.1999998,10.1999998,10.1999998,21850.0,8.5179548
2018-05-03 00:00:00,10.1999998,10.1999998,10.1999998,10.1999998,43500.0,8.5179548
2018-05-04 00:00:00,10.1999998,10.1999998,10.1999998,10.1999998,65150.0,8.5179548
2018-05-07 00:00:00,10.1999998,10.1999998,10.1999998,10.1999998,86800.0,8.5179548
2018-05-08 00:00:00,10.1999998,10.1999998,10.1999998,10.1999998,108450.0,8.5179548
2018-05-09 00:00:00,10.4300003,10.3000002,10.4300003,10.3000002,130100.0,8.7100286
2018-05-10 00:00:00,10.4300003,10.4300003,10.4300003,10.4300003,90050.0,8.7100286
2018-05-11 00:00:00,10.4200001,10.4200001,10.4200001,10.4200001,50000.0,8.7016754
2018-05-14 00:00:00,10.4200001,10.4200001,10.4200001,10.4200001,47244.444444444445,8.7016754
2018-05-15 00:00:00,10.4200001,10.4200001,10.4200001,10.4200001,44488.88888888889,8.7016754
2018-05-16 00:00:00,10.4200001,10.4200001,10.4200001,10.4200001,41733.33333333333,8.7016754
2018-05-17 00:00:00,10.4200001,10.4200001,10.4200001,10.4200001,38977.77777777778,8.7016754
2018-05-18 00:00:00,10.4200001,10.4200001,10.4200001,10.4200001,36222.22222222222,8.7016754
2018-05-21 00:00:00,10.4200001,10.4200001,10.4200001,10.4200001,33466.666666666664,8.7016754
2018-05-22 00:00:00,10.4200001,10.4200001,10.4200001,10.4200001,30711.11111111111,8.7016754
2018-05-23 00:00:00,10.4200001,10.4200001,10.4200001,10.4200001,27955.555555555555,8.7016754
2018-05-24 00:00:00,10.4200001,10.4200001,10.4200001,10.4200001,25200.0,8.7016754
2018-05-25 00:00:00,10.4200001,10.4200001,10.4200001,10.4200001,22444.444444444445,8.7016754
2018-05-29 00:00:00,10.4200001,10.4200001,10.4200001,10.4200001,19688.888888888887,8.7016754
2018-05-30 00:00:00,10.4200001,10.4200001,10.4200001,10.4200001,16933.33333333333,8.7016754
2018-05-31 00:00:00,10.4200001,10.4200001,10.4200001,10.4200001,14177.777777777774,8.7016754
2018-06-01 00:00:00,10.4200001,10.4200001,10.4200001,10.4200001,11422.222222222219,8.7016754
2018-06-04 00:00:00,10.4200001,10.4200001,10.4200001,10.4200001,8666.666666666664,8.7016754
2018-06-05 00:00:00,10.4200001,10.4200001,10.4200001,10.4200001,5911.1111111111095,8.7016754
2018-06-06 00:00:00,10.4200001,10.4200001,10.4200001,10.4200001,3155.5555555555547,8.7016754
2018-06-07 00:00:00,10.5,10.5,10.5,10.5,400.0,8.7684813
2018-06-08 00:00:00,10.5,10.5,10.5,10.5,8250.0,8.7684813
2018-06-11 00:00:00,10.5,10.5,10.5,10.5,16100.0,8.7684813
2018-06-12 00:00:00,10.5,10.5,10.5,10.5,23950.0,8.7684813
2018-06-13 00:00:00,10.5799999,10.5699997,10.5799999,10.5699997,31800.0,8.835288
2018-06-14 00:00:00,10.5799999,10.5799999,10.5799999,10.5799999,15950.0,8.835288
2018-06-15 00:00:00,10.1499996,10.1499996,10.1499996,10.1499996,100.0,8.4762001
2018-06-18 00:00:00,10.1499996,10.1499996,10.1499996,10.1499996,250.0,8.4762001
2018-06-19 00:00:00,10.0,10.3100004,10.3100004,10.0,400.0,8.3509359
2018-06-20 00:00:00,10.0,10.0,10.0,10.0,416.6666666666667,8.3509359
2018-06-21 00:00:00,10.0,10.0,10.0,10.0,433.3333333333333,8.3509359
2018-06-22 00:00:00,10.0,10.0,10.0,10.0,450.0,8.3509359
2018-06-25 00:00:00,10.0,10.0,10.0,10.0,466.6666666666667,8.3509359
2018-06-26 00:00:00,10.0,10.0,10.0,10.0,483.33333333333337,8.3509359
2018-06-27 00:00:00,10.6999998,10.6999998,10.6999998,10.6999998,500.0,8.9355011
2018-06-28 00:00:00,10.5,10.5,10.5,10.5,400.0,8.7684813
2018-06-29 00:00:00,10.5,10.5,10.5,10.5,566.6666666666666,8.7684813
2018-07-02 00:00:00,10.5,10.5,10.5,10.5,733.3333333333333,8.7684813
2018-07-03 00:00:00,10.1499996,10.1499996,10.1499996,10.1499996,900.0,8.4762001
2018-07-05 00:00:00,10.3800001,10.3999996,10.3999996,10.3800001,700.0,8.6682711
2018-07-06 00:00:00,10.4499998,10.4499998,10.4499998,10.4499998,100.0,8.7267275
2018-07-09 00:00:00,10.4499998,10.4499998,10.4499998,10.4499998,4325.0,8.7267275
2018-07-10 00:00:00,10.4499998,10.4499998,10.4499998,10.4499998,8550.0,8.7267275
2018-07-11 00:00:00,10.4499998,10.4499998,10.4499998,10.4499998,12775.0,8.7267275
2018-07-12 00:00:00,10.54,10.54,10.54,10.54,17000.0,8.8018856
2018-07-13 00:00:00,10.54,10.54,10.54,10.54,15700.0,8.8018856
2018-07-16 00:00:00,10.54,10.54,10.54,10.54,14400.0,8.8018856
2018-07-17 00:00:00,10.54,10.54,10.54,10.54,13100.0,8.8018856
2018-07-18 00:00:00,10.54,10.54,10.54,10.54,11800.0,8.8018856
2018-07-19 00:00:00,10.54,10.54,10.54,10.54,10500.0,8.8018856
2018-07-20 00:00:00,10.54,10.54,10.54,10.54,9200.0,8.8018856
2018-07-23 00:00:00,10.54,10.54,10.54,10.54,7900.0,8.8018856
2018-07-24 00:00:00,10.54,10.54,10.54,10.54,6600.0,8.8018856
2018-07-25 00:00:00,10.54,10.54,10.54,10.54,5300.0,8.8018856
2018-07-26 00:00:00,10.54,10.54,10.54,10.54,4000.0,8.8018856
2018-07-27 00:00:00,10.54,10.54,10.54,10.54,2700.0,8.8018856
2018-07-30 00:00:00,10.54,10.54,10.54,10.54,1400.0,8.8018856
2018-07-31 00:00:00,11.1000004,11.1000004,11.1000004,11.1000004,100.0,9.2695398
2018-08-01 00:00:00,11.1000004,11.1000004,11.1000004,11.1000004,2700.0,9.2695398
2018-08-02 00:00:00,11.1000004,11.1000004,11.1000004,11.1000004,2360.0,9.2695398
2018-08-03 00:00:00,11.1000004,11.1000004,11.1000004,11.1000004,2020.0,9.2695398
2018-08-06 00:00:00,11.1000004,11.1000004,11.1000004,11.1000004,1680.0,9.2695398
2018-08-07 00:00:00,11.1000004,11.1000004,11.1000004,11.1000004,1340.0,9.2695398
2018-08-08 00:00:00,10.6000004,10.6000004,10.6000004,10.6000004,1000.0,8.8519936
2018-08-09 00:00:00,10.6000004,10.6000004,10.6000004,10.6000004,1700.0,8.8519936
2018-08-10 00:00:00,10.3000002,10.3000002,10.3000002,10.3000002,2400.0,8.6014624
2018-08-13 00:00:00,10.3000002,10.3000002,10.3000002,10.3000002,2128.5714285714284,8.6014624
2018-08-14 00:00:00,10.3000002,10.3000002,10.3000002,10.3000002,1857.142857142857,8.6014624
2018-08-15 00:00:00,10.3000002,10.3000002,10.3000002,10.3000002,1585.7142857142858,8.6014624
2018-08-16 00:00:00,10.3000002,10.3000002,10.3000002,10.3000002,1314.2857142857142,8.6014624
2018-08-17 00:00:00,10.3000002,10.3000002,10.3000002,10.3000002,1042.8571428571427,8.6014624
2018-08-20 00:00:00,10.3000002,10.3000002,10.3000002,10.3000002,771.4285714285713,8.6014624
2018-08-21 00:00:00,10.3999996,10.3999996,10.3999996,10.3999996,500.0,8.6849728
2018-08-22 00:00:00,10.3999996,10.3999996,10.3999996,10.3999996,460.0,8.6849728
2018-08-23 00:00:00,10.3999996,10.3999996,10.3999996,10.3999996,420.0,8.6849728
2018-08-24 00:00:00,10.3999996,10.3999996,10.3999996,10.3999996,380.0,8.6849728
2018-08-27 00:00:00,10.3999996,10.3999996,10.3999996,10.3999996,340.0,8.6849728
2018-08-28 00:00:00,10.3299999,10.3299999,10.3299999,10.3299999,300.0,8.6265182
2018-08-29 00:00:00,10.3299999,10.3299999,10.3299999,10.3299999,288.8888888888889,8.6265182
2018-08-30 00:00:00,10.3299999,10.3299999,10.3299999,10.3299999,277.77777777777777,8.6265182
2018-08-31 00:00:00,10.3299999,10.3299999,10.3299999,10.3299999,266.6666666666667,8.6265182
2018-09-04 00:00:00,10.3299999,10.3299999,10.3299999,10.3299999,255.55555555555554,8.6265182
2018-09-05 00:00:00,10.3299999,10.3299999,10.3299999,10.3299999,244.44444444444446,8.6265182
2018-09-06 00:00:00,10.3299999,10.3299999,10.3299999,10.3299999,233.33333333333334,8.6265182
2018-09-07 00:00:00,10.3299999,10.3299999,10.3299999,10.3299999,222.22222222222223,8.8273335
2018-09-10 00:00:00,10.3299999,10.3299999,10.3299999,10.3299999,211.11111111111111,8.8273335
2018-09-11 00:00:00,9.8500004,9.8500004,9.8500004,9.8500004,200.0,8.4171553
2018-09-12 00:00:00,10.0299997,10.0299997,10.0299997,10.0299997,1300.0,8.5709715
2018-09-13 00:00:00,10.0299997,10.0299997,10.0299997,10.0299997,1060.0,8.5709715
2018-09-14 00:00:00,10.0299997,10.0299997,10.0299997,10.0299997,820.0,8.5709715
2018-09-17 00:00:00,10.0299997,10.0299997,10.0299997,10.0299997,580.0,8.5709715
2018-09-18 00:00:00,10.0299997,10.0299997,10.0299997,10.0299997,340.0,8.5709715
2018-09-19 00:00:00,9.75,9.75,9.75,9.75,100.0,8.3317032
2018-09-20 00:00:00,9.75,9.75,9.75,9.75,1400.0,8.3317032
2018-09-21 00:00:00,9.75,9.75,9.75,9.75,2700.0,8.3317032
2018-09-24 00:00:00,9.75,9.75,9.75,9.75,4000.0,8.3317032
2018-09-25 00:00:00,9.75,9.75,9.75,9.75,5300.0,8.3317032
2018-09-26 00:00:00,9.8999996,9.75,9.8999996,9.75,6600.0,8.4598827
2018-09-27 00:00:00,9.9499998,9.9499998,9.9499998,9.9499998,200.0,8.5026093
2018-09-28 00:00:00,9.9499998,9.9499998,9.9499998,9.9499998,300.0,8.5026093
2018-10-01 00:00:00,9.8999996,9.8999996,9.8999996,9.8999996,400.0,8.4598827
2018-10-02 00:00:00,9.8999996,9.8999996,9.8999996,9.8999996,250.0,8.4598827
2018-10-03 00:00:00,9.5500002,9.5500002,9.5500002,9.5500002,100.0,8.1607962
2018-10-04 00:00:00,9.5500002,9.5500002,9.5500002,9.5500002,4550.0,8.1607962
2018-10-05 00:00:00,9.3999996,9.3999996,9.3999996,9.3999996,9000.0,8.0326157
2018-10-08 00:00:00,9.3999996,9.3999996,9.3999996,9.3999996,6233.333333333334,8.0326157
2018-10-09 00:00:00,9.3999996,9.3999996,9.3999996,9.3999996,3466.666666666667,8.0326157
2018-10-10 00:00:00,9.21,9.3900003,9.3900003,9.21,700.0,7.870255
2018-10-11 00:00:00,9.21,9.21,9.21,9.21,500.0,7.870255
2018-10-12 00:00:00,9.21,9.21,9.21,9.21,300.0,7.870255
2018-10-15 00:00:00,9.3000002,9.3000002,9.3000002,9.3000002,100.0,7.9471636
2018-10-16 00:00:00,9.3000002,9.3000002,9.3000002,9.3000002,8100.0,7.9471636
2018-10-17 00:00:00,9.3000002,9.3000002,9.3000002,9.3000002,16100.0,7.9471636
2018-10-18 00:00:00,9.3000002,9.3000002,9.3000002,9.3000002,24100.0,7.9471636
2018-10-19 00:00:00,9.0,9.3699999,9.3800001,9.0,32100.0,7.6908026
2018-10-22 00:00:00,9.0,9.0,9.0,9.0,500.0,7.6908026
2018-10-23 00:00:00,9.0,9.0,9.0,9.0,366.66666666666663,7.6908026
2018-10-24 00:00:00,9.0,9.0,9.0,9.0,233.33333333333331,7.6908026
2018-10-25 00:00:00,9.0,9.0,9.0,9.0,100.0,7.6908026
2018-10-26 00:00:00,9.0,9.0,9.0,9.0,100.0,7.6908026
2018-10-29 00:00:00,9.0,9.0,9.0,9.0,166.66666666666669,7.6908026
2018-10-30 00:00:00,9.0,9.0,9.0,9.0,233.33333333333334,7.6908026
2018-10-31 00:00:00,9.0,9.0,9.0,9.0,300.0,7.6908026
2018-11-01 00:00:00,9.0,9.0,9.0,9.0,200.0,7.6908026
2018-11-02 00:00:00,9.0,9.0,9.0,9.0,100.0,7.6908026
2018-11-05 00:00:00,9.0,9.0,9.0,9.0,7050.0,7.6908026
2018-11-06 00:00:00,9.5900002,9.5900002,9.5900002,9.5900002,14000.0,8.1949768
2018-11-07 00:00:00,9.5900002,9.5900002,9.5900002,9.5900002,7050.0,8.1949768
2018-11-08 00:00:00,9.75,9.75,9.75,9.75,100.0,8.3317032
2018-11-09 00:00:00,9.6999998,9.6999998,9.6999998,9.6999998,500.0,8.2889748
2018-11-12 00:00:00,9.6000004,9.75,9.75,9.6000004,13900.0,8.2035236
2018-11-13 00:00:00,9.75,9.75,9.75,9.75,9300.0,8.3317032
2018-11-14 00:00:00,9.7600002,9.7600002,9.7600002,9.7600002,4600.0,8.3402491
2018-11-15 00:00:00,9.9499998,9.8299999,9.9499998,9.8299999,11300.0,8.5026093
2018-11-16 00:00:00,9.9499998,9.9499998,9.9499998,9.9499998,5700.0,8.5026093
2018-11-19 00:00:00,9.9499998,9.9499998,9.9499998,9.9499998,100.0,8.5026093
2018-11-20 00:00:00,9.6999998,9.6999998,9.6999998,9.6999998,23100.0,8.2889748
2018-11-21 00:00:00,9.6999998,9.6999998,9.6999998,9.6999998,11600.0,8.2889748
2018-11-23 00:00:00,9.6999998,9.6999998,9.6999998,9.6999998,100.0,8.2889748
2018-11-26 00:00:00,9.6999998,9.6999998,9.6999998,9.6999998,133.33333333333334,8.2889748
2018-11-27 00:00:00,9.6999998,9.6999998,9.6999998,9.6999998,166.66666666666669,8.2889748
2018-11-28 00:00:00,9.5699997,9.5699997,9.5699997,9.5699997,200.0,8.177887
2018-11-29 00:00:00,9.8599997,9.8599997,9.8599997,9.8599997,17300.0,8.4257011
2018-11-30 00:00:00,9.8599997,9.8599997,9.8599997,9.8599997,14750.0,8.4257011
2018-12-03 00:00:00,9.8599997,9.8599997,9.8599997,9.8599997,12200.0,8.4257011
2018-12-04 00:00:00,9.8599997,9.8599997,9.8599997,9.8599997,9650.0,8.4257011
2018-12-06 00:00:00,9.8599997,9.8599997,9.8599997,9.8599997,7100.0,8.4257011
2018-12-07 00:00:00,9.8599997,9.8599997,9.8599997,9.8599997,4550.0,8.4257011
2018-12-10 00:00:00,9.8599997,9.8599997,9.8599997,9.8599997,2000.0,8.4257011
2018-12-11 00:00:00,9.5600004,9.5600004,9.5600004,9.5600004,10200.0,8.169343
2018-12-12 00:00:00,9.6000004,9.6000004,9.6000004,9.6000004,10200.0,8.2035236
2018-12-13 00:00:00,9.6000004,9.6000004,9.6000004,9.6000004,10200.0,8.2035236
2018-12-14 00:00:00,9.6000004,9.6000004,9.6000004,9.6000004,10200.0,8.2035236
2018-12-17 00:00:00,9.5,9.5,9.5,9.5,10200.0,8.1180677
2018-12-18 00:00:00,9.5,9.5,9.5,9.5,5150.0,8.1180677
2018-12-19 00:00:00,9.5,9.5,9.5,9.5,100.0,8.1180677
2018-12-20 00:00:00,9.25,9.3100004,9.3100004,9.25,1000.0,7.9044361
2018-12-21 00:00:00,9.0,9.0,9.0,9.0,1530300.0,7.6908026
2018-12-24 00:00:00,9.0,9.0,9.0,9.0,768150.0,7.6908026
2018-12-26 00:00:00,8.75,9.0,9.25,8.75,6000.0,7.4771695
2018-12-27 00:00:00,8.75,8.75,8.75,8.75,3100.0,7.4771695
2018-12-28 00:00:00,9.3000002,9.3000002,9.3000002,9.3000002,200.0,7.9471636
2018-12-31 00:00:00,9.3000002,9.3000002,9.3000002,9.3000002,100.0,7.9471636
2019-01-02 00:00:00,9.3000002,9.3000002,9.3000002,9.3000002,61050.0,7.9471636
2019-01-03 00:00:00,9.3000002,9.3000002,9.3000002,9.3000002,122000.0,7.9471636
2019-01-04 00:00:00,9.3000002,9.3000002,9.3000002,9.3000002,100.0,7.9471636
2019-01-07 00:00:00,9.5,9.5100002,9.5100002,9.5,36000.0,8.1180677
2019-01-08 00:00:00,9.4399996,9.4399996,9.4399996,9.4399996,10200.0,8.0667973
2019-01-09 00:00:00,9.4499998,9.4499998,9.4499998,9.4499998,17300.0,8.0753431
2019-01-10 00:00:00,9.5100002,9.5100002,9.5100002,9.5100002,300.0,8.1266146
2019-01-11 00:00:00,9.5100002,9.5100002,9.5100002,9.5100002,10300.0,8.1266146
2019-01-14 00:00:00,9.5100002,9.5100002,9.5100002,9.5100002,40400.0,8.1266146
2019-01-15 00:00:00,9.3500004,9.3500004,9.3500004,9.3500004,300.0,7.9898901
2019-01-16 00:00:00,9.3500004,9.3500004,9.3500004,9.3500004,4150.0,7.9898901
2019-01-17 00:00:00,9.5699997,9.5699997,9.5699997,9.5699997,8000.0,8.177887
2019-01-18 00:00:00,9.5500002,9.5500002,9.5500002,9.5500002,300.0,8.1607962
2019-01-22 00:00:00,9.5500002,9.5500002,9.5500002,9.5500002,100.0,8.1607962
2019-01-23 00:00:00,9.6899996,9.6899996,9.6899996,9.6899996,22600.0,8.2804289
2019-01-24 00:00:00,9.6899996,9.6899996,9.6899996,9.6899996,15100.0,8.2804289
2019-01-25 00:00:00,9.6899996,9.6899996,9.6899996,9.6899996,7600.0,8.2804289
2019-01-28 00:00:00,9.6899996,9.6899996,9.6899996,9.6899996,100.0,8.2804289
2019-01-29 00:00:00,9.6899996,9.6899996,9.6899996,9.6899996,3900.0,8.2804289
2019-01-30 00:00:00,9.6899996,9.6899996,9.6899996,9.6899996,7700.0,8.2804289
2019-01-31 00:00:00,9.6899996,9.6899996,9.6899996,9.6899996,11500.0,8.2804289
2019-02-01 00:00:00,9.6899996,9.6899996,9.6899996,9.6899996,15300.0,8.2804289
2019-02-04 00:00:00,9.6899996,9.6899996,9.6899996,9.6899996,100.0,8.2804289
2019-02-05 00:00:00,10.0900002,10.0900002,10.0900002,10.0900002,15400.0,8.6222439
2019-02-06 00:00:00,10.0900002,10.0900002,10.0900002,10.0900002,7750.0,8.6222439
2019-02-07 00:00:00,10.3000002,10.3000002,10.3000002,10.3000002,100.0,8.8016949
2019-02-08 00:00:00,10.3000002,10.3000002,10.3000002,10.3000002,100.0,8.8016949
2019-02-11 00:00:00,10.2700005,10.2700005,10.2700005,10.2700005,10100.0,8.7760601
2019-02-12 00:00:00,10.2700005,10.2700005,10.2700005,10.2700005,6800.0,8.7760601
2019-02-13 00:00:00,10.2700005,10.2700005,10.2700005,10.2700005,3500.0,8.7760601
2019-02-14 00:00:00,10.2700005,10.2700005,10.2700005,10.2700005,200.0,8.7760601
2019-02-15 00:00:00,10.2700005,10.2700005,10.2700005,10.2700005,10000.0,8.7760601
2019-02-19 00:00:00,10.2700005,10.2700005,10.2700005,10.2700005,100.0,8.7760601
2019-02-20 00:00:00,10.2700005,10.2700005,10.2700005,10.2700005,125.0,8.7760601
2019-02-21 00:00:00,10.2700005,10.2700005,10.2700005,10.2700005,150.0,8.7760601
2019-02-22 00:00:00,10.2700005,10.2700005,10.2700005,10.2700005,175.0,8.7760601
2019-02-25 00:00:00,10.6999998,10.6999998,10.6999998,10.6999998,200.0,9.1435108
2019-02-26 00:00:00,10.6999998,10.6999998,10.6999998,10.6999998,175.0,9.1435108
2019-02-27 00:00:00,10.6999998,10.6999998,10.6999998,10.6999998,150.0,9.1435108
2019-02-28 00:00:00,10.6999998,10.6999998,10.6999998,10.6999998,125.0,9.1435108
2019-03-01 00:00:00,10.6999998,10.6999998,10.6999998,10.6999998,100.0,9.1435108
2019-03-04 00:00:00,10.6999998,10.6999998,10.6999998,10.6999998,100.0,9.3274431
2019-03-05 00:00:00,10.3000002,10.3000002,10.3000002,10.3000002,100.0,8.978755
2019-03-06 00:00:00,10.3400002,10.3400002,10.3400002,10.3400002,100.0,9.0136242
2019-03-07 00:00:00,10.3400002,10.3400002,10.3400002,10.3400002,900.0,9.0136242
2019-03-08 00:00:00,10.3400002,10.3400002,10.3400002,10.3400002,500.0,9.0136242
2019-03-11 00:00:00,10.3400002,10.3400002,10.3400002,10.3400002,100.0,9.0136242
2019-03-12 00:00:00,10.4899998,10.4899998,10.4899998,10.4899998,15000.0,9.1443815
2019-03-13 00:00:00,10.4700003,10.4700003,10.4700003,10.4700003,10300.0,9.1269474
2019-03-14 00:00:00,10.4700003,10.4700003,10.4700003,10.4700003,100.0,9.1269474
2019-03-15 00:00:00,10.4700003,10.4700003,10.4700003,10.4700003,2980.0,9.1269474
2019-03-18 00:00:00,10.4700003,10.4700003,10.4700003,10.4700003,5860.0,9.1269474
2019-03-19 00:00:00,10.4700003,10.4700003,10.4700003,10.4700003,8740.0,9.1269474
2019-03-20 00:00:00,10.4700003,10.4700003,10.4700003,10.4700003,11620.0,9.1269474
2019-03-21 00:00:00,10.6899996,10.6899996,10.6899996,10.6899996,14500.0,9.3187256
2019-03-22 00:00:00,10.8000002,10.8000002,10.8000002,10.8000002,20700.0,9.4146185
2019-03-25 00:00:00,10.7799997,10.7799997,10.7799997,10.7799997,70600.0,9.3971815
2019-03-26 00:00:00,10.7799997,10.7799997,10.7799997,10.7799997,100.0,9.3971815
2019-03-27 00:00:00,10.8000002,10.8000002,10.8000002,10.8000002,5000.0,9.4146185
2019-03-28 00:00:00,10.75,10.75,10.75,10.75,100.0,9.3710279
2019-03-29 00:00:00,10.75,10.75,10.75,10.75,10350.0,9.3710279
2019-04-01 00:00:00,11.0799999,11.0299997,11.0799999,11.0299997,20600.0,9.6587
2019-04-02 00:00:00,11.0799999,11.0799999,11.0799999,11.0799999,15650.0,9.6587
2019-04-03 00:00:00,11.0799999,11.0799999,11.0799999,11.0799999,10700.0,9.6587
2019-04-04 00:00:00,11.0799999,11.0799999,11.0799999,11.0799999,5750.0,9.6587
2019-04-05 00:00:00,10.8299999,10.8299999,10.8299999,10.8299999,800.0,9.4407663
2019-04-08 00:00:00,11.0200005,11.0200005,11.0200005,11.0200005,20400.0,9.6063948
2019-04-09 00:00:00,11.25,11.0200005,11.25,10.9099998,58000.0,9.8068914
2019-04-10 00:00:00,11.25,11.25,11.25,11.25,40000.0,9.8068914
2019-04-11 00:00:00,11.25,11.25,11.25,11.1499996,600.0,9.8068914
2019-04-12 00:00:00,11.25,11.25,11.25,11.25,5400.0,9.8068914
2019-04-15 00:00:00,11.25,11.25,11.25,11.25,10200.0,9.8068914
2019-04-16 00:00:00,11.1499996,11.1599998,11.1599998,11.1499996,19200.0,9.7197189
2019-04-17 00:00:00,11.0100002,11.0100002,11.0100002,11.0100002,15300.0,9.5976782
2019-04-18 00:00:00,11.0100002,11.0100002,11.0100002,11.0100002,12750.0,9.5976782
2019-04-22 00:00:00,10.9300003,10.9300003,10.9300003,10.9300003,10200.0,9.5279398
2019-04-23 00:00:00,11.1000004,11.1000004,11.1000004,11.1000004,36100.0,9.6761332
2019-04-24 00:00:00,11.1000004,11.1000004,11.1000004,11.1000004,18100.0,9.6761332
2019-04-25 00:00:00,11.0,11.0,11.0,11.0,100.0,9.5889616
2019-04-26 00:00:00,11.0,11.0,11.0,11.0,100.0,9.6929398
2019-04-29 00:00:00,11.0,11.0,11.0,11.0,100.0,9.6929398
2019-04-30 00:00:00,11.0,11.0,11.0,11.0,100.0,9.6929398
2019-05-01 00:00:00,11.0,11.0,11.0,11.0,68066.66666666667,9.6929398
2019-05-02 00:00:00,11.0,11.0,11.0,11.0,136033.33333333334,9.6929398
2019-05-03 00:00:00,11.6899996,11.6800003,11.6899996,11.6800003,204000.0,10.300951
2019-05-06 00:00:00,11.6899996,11.6899996,11.6899996,11.6899996,100.0,10.300951
2019-05-07 00:00:00,11.6899996,11.6899996,11.6899996,11.6899996,131100.0,10.300951
2019-05-08 00:00:00,11.6899996,11.6899996,11.6899996,11.6899996,122366.66666666667,10.300951
2019-05-09 00:00:00,11.6899996,11.6899996,11.6899996,11.6899996,113633.33333333333,10.300951
2019-05-10 00:00:00,11.6899996,11.6899996,11.6899996,11.6899996,104900.0,10.300951
2019-05-13 00:00:00,11.6899996,11.6899996,11.6899996,11.6899996,96166.66666666666,10.300951
2019-05-14 00:00:00,11.6899996,11.6899996,11.6899996,11.6899996,87433.33333333333,10.300951
2019-05-15 00:00:00,11.6899996,11.6899996,11.6899996,11.6899996,78700.0,10.300951
2019-05-16 00:00:00,11.6899996,11.6899996,11.6899996,11.6899996,69966.66666666666,10.300951
2019-05-17 00:00:00,11.6899996,11.6899996,11.6899996,11.6899996,61233.33333333333,10.300951
2019-05-20 00:00:00,11.6899996,11.6899996,11.6899996,11.6899996,52500.0,10.300951
2019-05-21 00:00:00,11.6899996,11.6899996,11.6899996,11.6899996,43766.66666666666,10.300951
2019-05-22 00:00:00,11.6899996,11.6899996,11.6899996,11.6899996,35033.33333333333,10.300951
2019-05-23 00:00:00,11.6899996,11.6899996,11.6899996,11.6899996,26300.0,10.300951
2019-05-24 00:00:00,11.6899996,11.6899996,11.6899996,11.6899996,17566.666666666657,10.300951
2019-05-28 00:00:00,11.6899996,11.6899996,11.6899996,11.6899996,8833.333333333328,10.300951
2019-05-29 00:00:00,11.6899996,11.6899996,11.6899996,11.6899996,100.0,10.300951
2019-05-30 00:00:00,11.6899996,11.6899996,11.6899996,11.6899996,300.0,10.300951
2019-05-31 00:00:00,11.1499996,11.1499996,11.1499996,11.1499996,500.0,9.8251152
2019-06-03 00:00:00,11.1499996,11.1499996,11.1499996,11.1499996,2700.0,9.8251152
2019-06-04 00:00:00,11.1499996,11.1499996,11.1499996,11.1499996,5985983.333333333,9.8251152
2019-06-05 00:00:00,11.1499996,11.1499996,11.1499996,11.1499996,11969266.666666666,9.8251152
2019-06-06 00:00:00,11.1499996,11.1499996,11.1499996,11.1499996,17952550.0,9.8251152
2019-06-07 00:00:00,11.1499996,11.1499996,11.1499996,11.1499996,23935833.333333332,9.8251152
2019-06-10 00:00:00,11.1499996,11.1499996,11.1499996,11.1499996,29919116.666666664,9.8251152
2019-06-11 00:00:00,11.1800003,11.1099997,11.3500004,11.0600004,35902400.0,9.851552
2019-06-12 00:00:00,11.2200003,11.21,11.3500004,11.1099997,11342500.0,9.8867989
2019-06-13 00:00:00,10.9799995,11.1899996,11.1899996,10.79,8238300.0,9.6753139
2019-06-14 00:00:00,10.9300003,11.0,11.04,10.8500004,12995000.0,9.6312571
2019-06-17 00:00:00,10.6499996,10.7700005,10.8299999,10.6099997,11991200.0,9.3845263
2019-06-18 00:00:00,10.8000002,10.7299995,10.8000002,10.6599998,6940300.0,9.5167046
2019-06-19 00:00:00,10.5900002,10.75,10.7700005,10.46,7823900.0,9.3316565
2019-06-20 00:00:00,10.8699999,10.7200003,10.9499998,10.71,7407700.0,9.5783863
2019-06-21 00:00:00,11.0200005,10.9300003,11.0600004,10.8500004,15210900.0,9.7105627
2019-06-24 00:00:00,11.1400003,11.0500002,11.1899996,10.79,23175800.0,9.8163061
2019-06-25 00:00:00,11.46,11.2200003,11.5,11.1499996,12362000.0,10.09828
2019-06-26 00:00:00,11.5100002,11.3999996,11.54,11.3299999,9356100.0,10.1423397
2019-06-27 00:00:00,11.4899998,11.5699997,11.6000004,11.4700003,5419300.0,10.1247158
2019-06-28 00:00:00,11.4899998,11.4099998,11.5,11.3699999,7604500.0,10.1247158
2019-07-01 00:00:00,11.4300003,11.3800001,11.4300003,11.3000002,7799200.0,10.071846
2019-07-02 00:00:00,11.5799999,11.4700003,11.6000004,11.4499998,6608700.0,10.2040224
2019-07-03 00:00:00,11.6800003,11.7600002,11.7700005,11.6499996,3013500.0,10.292141
2019-07-05 00:00:00,11.6099997,11.5799999,11.6499996,11.5500002,3565100.0,10.2304544
2019-07-08 00:00:00,11.4399996,11.4799995,11.5100002,11.3500004,3031000.0,10.080657
2019-07-09 00:00:00,11.0200005,11.2799997,11.2799997,10.9399996,6699100.0,9.7105627
2019-07-10 00:00:00,10.96,11.0299997,11.1099997,10.9399996,3642400.0,9.6576939
2019-07-11 00:00:00,11.0799999,10.9399996,11.0799999,10.8699999,4404500.0,9.7634335
2019-07-12 00:00:00,11.1499996,11.1000004,11.1599998,10.9899998,5162600.0,9.8251152
2019-07-15 00:00:00,11.0799999,11.0,11.0799999,10.8999996,3025200.0,9.7634335
2019-07-16 00:00:00,10.8999996,11.0900002,11.0900002,10.8199997,5764900.0,9.6048212
2019-07-17 00:00:00,11.1800003,10.9300003,11.2299995,10.8900003,8203900.0,9.851552
2019-07-18 00:00:00,11.2799997,11.1700001,11.3699999,10.8800001,8115300.0,9.9396687
2019-07-19 00:00:00,11.2700005,11.3299999,11.4099998,11.2399998,3358100.0,9.9308577
2019-07-22 00:00:00,10.7399998,11.0699997,11.0699997,10.6599998,8515500.0,9.4638348
2019-07-23 00:00:00,10.8599997,10.8000002,10.8800001,10.7600002,2969500.0,9.5695753
2019-07-24 00:00:00,10.79,10.8400002,10.8999996,10.6700001,3836800.0,9.5078917
2019-07-25 00:00:00,10.9799995,10.7600002,11.1000004,10.7600002,5477800.0,9.6753139
2019-07-26 00:00:00,10.96,10.9300003,11.1300001,10.8299999,3171800.0,9.6576939
2019-07-29 00:00:00,10.8699999,10.96,10.96,10.7700005,1736600.0,9.5783863
2019-07-30 00:00:00,10.6099997,10.79,10.8199997,10.5200005,3826500.0,9.3492804
2019-07-31 00:00:00,10.6000004,10.6499996,10.9499998,10.5799999,6685900.0,9.3404694
2019-08-01 00:00:00,10.5100002,10.6099997,10.7399998,10.4799995,3703200.0,9.2611637
2019-08-02 00:00:00,10.54,10.5799999,10.7200003,10.5200005,3722700.0,9.2875996
2019-08-05 00:00:00,10.3000002,10.5200005,10.6099997,10.2799997,5603100.0,9.0761156
2019-08-06 00:00:00,10.2399998,10.3000002,10.3500004,10.1099997,4701500.0,9.0232468
2019-08-07 00:00:00,10.4300003,10.1599998,10.46,10.1300001,5081000.0,9.19067
2019-08-08 00:00:00,10.6099997,10.4099998,10.6499996,10.4099998,5529700.0,9.3492804
2019-08-09 00:00:00,10.4700003,10.6099997,10.6499996,10.3800001,3043200.0,9.2259169
2019-08-12 00:00:00,10.2700005,10.3400002,10.4099998,10.2200003,2196800.0,9.0496807
2019-08-13 00:00:00,10.4300003,10.1999998,10.5200005,10.1499996,3282500.0,9.19067
2019-08-14 00:00:00,9.9499998,10.3100004,10.3100004,9.9200001,5040500.0,8.767704
2019-08-15 00:00:00,9.6999998,9.8699999,9.8999996,9.6899996,3684900.0,8.54741
2019-08-16 00:00:00,9.9200001,9.8000002,9.9499998,9.71,4034400.0,8.7412682
2019-08-19 00:00:00,10.1099997,9.9899998,10.2799997,9.9799995,4407200.0,8.9086924
2019-08-20 00:00:00,9.9700003,10.0200005,10.1300001,9.9300003,5153200.0,8.7853279
2019-08-21 00:00:00,9.6499996,9.8500004,9.9399996,9.3199997,5604200.0,8.5033503
2019-08-22 00:00:00,9.54,9.6499996,9.71,9.3900003,7288600.0,8.4064217
2019-08-23 00:00:00,9.4399996,9.5500002,9.7200003,9.3900003,8155600.0,8.318305
2019-08-26 00:00:00,9.7200003,9.5100002,9.7200003,9.4700003,3921700.0,8.5650339
2019-08-27 00:00:00,9.7799997,9.75,9.9099998,9.6599998,8440000.0,8.6179056
2019-08-28 00:00:00,9.71,9.7399998,9.8299999,9.6000004,4443800.0,8.556222
2019-08-29 00:00:00,9.7399998,9.7200003,9.8199997,9.6499996,3479400.0,8.5826569
2019-08-30 00:00:00,9.8199997,9.8100004,9.8800001,9.7399998,3958000.0,8.6531506
2019-09-03 00:00:00,9.71,9.8400002,9.8500004,9.6499996,3913900.0,8.556222
2019-09-04 00:00:00,9.71,9.75,9.79,9.6400003,3753900.0,8.556222
2019-09-05 00:00:00,9.7700005,9.8299999,9.9200001,9.7299995,4043100.0,8.6090918
2019-09-06 00:00:00,9.8699999,9.7700005,9.8800001,9.7700005,4116600.0,8.6972113
2019-09-09 00:00:00,9.8100004,9.8599997,9.8599997,9.7200003,5987100.0,8.6443396
2019-09-10 00:00:00,10.0600004,9.6700001,10.1099997,9.6099997,8869200.0,8.9744129
2019-09-11 00:00:00,10.1400003,9.96,10.1499996,9.9499998,5624800.0,9.0457802
2019-09-12 00:00:00,10.1000004,10.0500002,10.1199999,9.9099998,6843700.0,9.0100975
2019-09-13 00:00:00,10.2200003,10.1400003,10.3900003,10.1099997,7566300.0,9.1171474
2019-09-16 00:00:00,9.6700001,10.0200005,10.1000004,9.6300001,5847800.0,8.6264982
2019-09-17 00:00:00,9.7600002,9.6999998,9.7600002,9.6400003,4564600.0,8.7067852
2019-09-18 00:00:00,9.8199997,9.8000002,9.8999996,9.71,3945700.0,8.7603102
2019-09-19 00:00:00,9.79,9.8100004,9.9499998,9.7399998,4692500.0,8.7335491
2019-09-20 00:00:00,9.6599998,9.7399998,9.7700005,9.6199999,14331200.0,8.6175766
2019-09-23 00:00:00,9.6499996,9.5600004,9.7299995,9.5500002,4587000.0,8.6086559
2019-09-24 00:00:00,9.6000004,9.6999998,9.7299995,9.5799999,4312400.0,8.5640516
2019-09-25 00:00:00,9.6499996,9.6400003,9.7200003,9.6000004,2868500.0,8.6086559
2019-09-26 00:00:00,9.6099997,9.6899996,9.71,9.54,3567300.0,8.5729713
2019-09-27 00:00:00,9.7299995,9.6599998,9.75,9.6199999,4731500.0,8.6800241
2019-09-30 00:00:00,9.75,9.6899996,9.8699999,9.6400003,6016600.0,8.6978655
2019-10-01 00:00:00,9.5500002,9.75,9.8299999,9.5100002,4468200.0,8.5194483
2019-10-02 00:00:00,9.4200001,9.4700003,9.5100002,9.3299999,5920700.0,8.4034758
2019-10-03 00:00:00,9.5500002,9.3599997,9.5600004,9.21,6150900.0,8.5194483
2019-10-04 00:00:00,9.4899998,9.5500002,9.5600004,9.4399996,6760100.0,8.4659224
2019-10-07 00:00:00,9.3900003,9.4399996,9.5100002,9.3800001,6178200.0,8.3767138
2019-10-08 00:00:00,9.2299995,9.2700005,9.3100004,9.1800003,4889600.0,8.2339783
2019-10-09 00:00:00,9.3199997,9.2799997,9.3900003,9.21,4385500.0,8.3142681
2019-10-10 00:00:00,9.3199997,9.3199997,9.4300003,9.29,3307100.0,8.3142681
2019-10-11 00:00:00,9.6000004,9.4200001,9.7200003,9.4200001,5551800.0,8.5640516
2019-10-14 00:00:00,9.5900002,9.4899998,9.6700001,9.4899998,4507200.0,8.5551319
2019-10-15 00:00:00,9.5900002,9.6000004,9.6099997,9.4899998,5423800.0,8.5551319
2019-10-16 00:00:00,9.3900003,9.5600004,9.6000004,9.3699999,6587200.0,8.3767138
2019-10-17 00:00:00,9.5900002,9.46,9.6599998,9.46,4803700.0,8.5551319
2019-10-18 00:00:00,9.5900002,9.5299997,9.7200003,9.5299997,5513100.0,8.5551319
2019-10-21 00:00:00,9.6800003,9.6700001,9.7700005,9.6199999,4630900.0,8.6354208
2019-10-22 00:00:00,9.6599998,9.6400003,9.79,9.6400003,6446200.0,8.6175766
2019-10-23 00:00:00,9.71,9.7200003,9.7700005,9.6300001,5415300.0,8.6621809
2019-10-24 00:00:00,9.4700003,9.6700001,9.6700001,9.3500004,4829500.0,8.448081
2019-10-25 00:00:00,9.7200003,9.5200005,9.7700005,9.5200005,6504500.0,8.6711016
2019-10-28 00:00:00,9.5799999,9.6800003,9.6999998,9.5600004,5769400.0,8.5462103
2019-10-29 00:00:00,9.4799995,9.5299997,9.5900002,9.4099998,5301800.0,8.4570007
2019-10-30 00:00:00,9.5600004,9.4200001,9.6099997,9.4200001,5684500.0,8.528368
2019-10-31 00:00:00,9.5200005,9.5699997,9.6599998,9.4700003,31270200.0,8.4926844
2019-11-01 00:00:00,9.7299995,9.6000004,9.7299995,9.5699997,5352100.0,8.6800241
2019-11-04 00:00:00,9.8900003,9.7299995,9.9399996,9.71,5751900.0,8.8227587
2019-11-05 00:00:00,10.0,9.8599997,10.0699997,9.8199997,7341600.0,8.9208889
2019-11-06 00:00:00,9.9700003,9.8900003,10.1000004,9.8299999,8854500.0,8.8941259
2019-11-07 00:00:00,9.7799997,9.9300003,9.9700003,9.7700005,8825700.0,8.7246294
2019-11-08 00:00:00,9.7700005,9.9799995,10.0600004,9.7200003,8297900.0,8.7157068
2019-11-11 00:00:00,9.8100004,9.7799997,9.9200001,9.6899996,5416500.0,8.7513914
2019-11-12 00:00:00,9.8299999,9.79,9.8400002,9.7399998,4571200.0,8.7692327
2019-11-13 00:00:00,9.8599997,9.8100004,9.8900003,9.7700005,3396200.0,8.7959938
2019-11-14 00:00:00,9.9499998,9.8999996,9.9899998,9.8400002,4101800.0,8.8762827
2019-11-15 00:00:00,10.0200005,10.0299997,10.0500002,9.9499998,5328000.0,8.9387302
2019-11-18 00:00:00,10.0200005,9.9799995,10.0699997,9.8400002,5575600.0,8.9387302
2019-11-19 00:00:00,10.1400003,10.0600004,10.1999998,10.0100002,7708400.0,9.0457802
2019-11-20 00:00:00,9.8299999,10.0600004,10.0699997,9.7799997,10039500.0,8.7692327
2019-11-21 00:00:00,9.8999996,9.8999996,9.9899998,9.8800001,3791800.0,8.8316784
2019-11-22 00:00:00,10.0600004,9.96,10.1400003,9.96,5735900.0,8.9744129
2019-11-25 00:00:00,10.1099997,10.0200005,10.2299995,10.0200005,5223000.0,9.0190163
2019-11-26 00:00:00,10.1499996,10.1599998,10.1899996,10.0,27541700.0,9.1588802
2019-11-27 00:00:00,10.3000002,10.1800003,10.3100004,10.1000004,5473600.0,9.2942343
2019-11-29 00:00:00,10.2600002,10.3000002,10.3699999,10.1199999,2857800.0,9.2581425
2019-12-02 00:00:00,10.1700001,10.2700005,10.29,10.1499996,10406400.0,9.1769285
2019-12-03 00:00:00,10.0699997,10.0699997,10.1000004,9.8999996,4725200.0,9.0866928
2019-12-04 00:00:00,10.1800003,10.0900002,10.3000002,10.0900002,6125400.0,9.1859531
2019-12-05 00:00:00,10.3299999,10.25,10.3500004,10.2200003,4817000.0,9.3213053
2019-12-06 00:00:00,10.4700003,10.3699999,10.5299997,10.3599997,7515900.0,9.4476347
2019-12-09 00:00:00,10.4300003,10.3699999,10.5,10.3400002,4860600.0,9.411541
2019-12-10 00:00:00,10.3500004,10.3599997,10.3999996,10.2600002,5174400.0,9.3393526
2019-12-11 00:00:00,10.4799995,10.4300003,10.5500002,10.3800001,4953700.0,9.4566584
2019-12-12 00:00:00,10.6800003,10.5,10.6899996,10.4499998,4938800.0,9.6371288
2019-12-13 00:00:00,10.5600004,10.6300001,10.6700001,10.5100002,2694100.0,9.5288458
2019-12-16 00:00:00,10.7600002,10.6999998,10.8299999,10.6400003,3616800.0,9.7093172
2019-12-17 00:00:00,10.8100004,10.6700001,10.8199997,10.6400003,7555800.0,9.7544346
2019-12-18 00:00:00,10.7700005,10.75,10.8199997,10.71,7941300.0,9.7183409
2019-12-19 00:00:00,10.8000002,10.8000002,10.8500004,10.6899996,5330300.0,9.7454119
2019-12-20 00:00:00,10.7700005,11.1499996,11.1999998,10.7700005,17874600.0,9.7183409
2019-12-23 00:00:00,10.9099998,10.8100004,10.9899998,10.8000002,3355800.0,9.8446703
2019-12-24 00:00:00,10.79,10.8599997,10.9499998,10.7399998,1095500.0,9.7363873
2019-12-26 00:00:00,10.8500004,10.8199997,10.8800001,10.7700005,2714500.0,9.7905283
2019-12-27 00:00:00,10.9499998,10.8999996,11.0299997,10.8800001,3580000.0,9.880765
2019-12-30 00:00:00,10.8500004,10.8999996,10.9300003,10.8199997,2883600.0,9.7905283
2019-12-31 00:00:00,10.8400002,10.8500004,10.9200001,10.6800003,3619400.0,9.7815056
2020-01-02 00:00:00,10.6300001,10.8800001,10.9099998,10.6199999,10029700.0,9.5920115
2020-01-03 00:00:00,10.4899998,10.46,10.6300001,10.3100004,9447300.0,9.465682
2020-01-06 00:00:00,10.4200001,10.4799995,10.5200005,10.4099998,8621700.0,9.4025173
2020-01-07 00:00:00,10.3299999,10.3599997,10.4899998,10.3299999,9093800.0,9.3213053
2020-01-08 00:00:00,10.3699999,10.3800001,10.54,10.3400002,4951500.0,9.3573999
2020-01-09 00:00:00,10.3999996,10.4300003,10.4399996,10.3699999,3993000.0,9.38447
2020-01-10 00:00:00,10.4499998,10.3800001,10.5600004,10.3400002,3526900.0,9.4295883
2020-01-13 00:00:00,10.6899996,10.4700003,10.71,10.4700003,4205600.0,9.6461535
2020-01-14 00:00:00,10.6199999,10.6400003,10.6700001,10.5600004,5521600.0,9.5829868
2020-01-15 00:00:00,10.6700001,10.8199997,10.8400002,10.6400003,3977200.0,9.6281061
2020-01-16 00:00:00,10.8199997,10.71,10.8299999,10.6700001,3490300.0,9.7634592
2020-01-17 00:00:00,10.8999996,10.8199997,10.9099998,10.79,6029000.0,9.8356447
2020-01-21 00:00:00,10.6999998,10.75,10.7700005,10.5699997,6903300.0,9.6551762
2020-01-22 00:00:00,10.7299995,10.6999998,10.7600002,10.6999998,4057800.0,9.6822453
2020-01-23 00:00:00,10.7299995,10.6199999,10.7600002,10.5900002,4760500.0,9.6822453
2020-01-24 00:00:00,10.4899998,10.6899996,10.6899996,10.4499998,3739500.0,9.465682
2020-01-27 00:00:00,10.7700005,10.3500004,10.9300003,10.3500004,15210000.0,9.7183409
2020-01-28 00:00:00,10.8900003,10.8199997,11.0299997,10.79,8222000.0,9.826623
2020-01-29 00:00:00,10.8500004,10.8900003,10.9700003,10.8000002,6260500.0,9.7905283
2020-01-30 00:00:00,10.8299999,10.7399998,10.8400002,10.6499996,5651900.0,9.7724829
2020-01-31 00:00:00,10.5900002,10.6499996,10.6800003,10.4300003,49978600.0,9.5559187
2020-02-03 00:00:00,10.6800003,10.5900002,10.7700005,10.4099998,12881300.0,9.6371288
2020-02-04 00:00:00,10.8699999,10.8000002,10.9399996,10.7600002,8144300.0,9.8085766
2020-02-05 00:00:00,11.0200005,10.9399996,11.1000004,10.8900003,11780400.0,9.9439297
2020-02-06 00:00:00,11.0100002,11.0500002,11.0500002,10.9499998,8581400.0,9.934906
2020-02-07 00:00:00,10.8199997,10.9099998,10.9499998,10.8000002,5041000.0,9.7634592
2020-02-10 00:00:00,10.8100004,10.7799997,10.9399996,10.6599998,5903300.0,9.7544346
2020-02-11 00:00:00,10.9700003,10.8500004,11.04,10.8299999,5560000.0,9.8988123
2020-02-12 00:00:00,10.4700003,10.7600002,10.8299999,10.3400002,8379300.0,9.4476347
2020-02-13 00:00:00,10.1599998,10.3299999,10.3500004,10.1400003,5677800.0,9.1679068
2020-02-14 00:00:00,10.21,10.0900002,10.3500004,10.0699997,5678700.0,9.2130232
2020-02-18 00:00:00,10.21,10.2399998,10.2600002,10.1300001,4424300.0,9.2130232
2020-02-19 00:00:00,10.1800003,10.2299995,10.3800001,10.1700001,6412400.0,9.1859531
2020-02-20 00:00:00,10.2700005,10.21,10.3599997,10.1999998,5240300.0,9.2671642
2020-02-21 00:00:00,10.2399998,10.21,10.2600002,10.0600004,4534400.0,9.2400942
2020-02-24 00:00:00,9.9300003,10.1099997,10.1300001,9.8999996,7056300.0,8.9603643
2020-02-25 00:00:00,9.6700001,9.96,9.9700003,9.6400003,11195700.0,8.7257528
2020-02-26 00:00:00,9.7600002,9.7399998,9.8900003,9.6999998,13579000.0,8.8069639
2020-02-27 00:00:00,9.46,9.7200003,9.7299995,9.3599997,15332900.0,8.5362568
2020-02-28 00:00:00,9.3199997,9.2700005,9.4300003,9.1300001,16467200.0,8.4099293
2020-03-02 00:00:00,9.79,9.6800003,9.8000002,9.3800001,10196600.0,8.8340359
2020-03-03 00:00:00,9.5900002,9.5900002,9.8299999,9.4399996,11562100.0,8.756424
2020-03-04 00:00:00,9.7700005,9.71,9.79,9.4200001,8590500.0,8.9207783
2020-03-05 00:00:00,9.3900003,9.5100002,9.6800003,9.3400002,8225100.0,8.5738077
2020-03-06 00:00:00,9.3199997,9.3100004,9.3900003,9.1000004,10808700.0,8.5098925
2020-03-09 00:00:00,8.8800001,8.8999996,9.1899996,8.6099997,19570400.0,8.1081362
2020-03-10 00:00:00,8.9700003,8.9899998,9.04,8.4899998,18775600.0,8.1903162
2020-03-11 00:00:00,7.9899998,8.2299995,8.3900003,7.9400001,17659800.0,7.2954974
2020-03-12 00:00:00,6.6999998,6.9200001,7.0999999,6.5500002,30060300.0,6.1176257
2020-03-13 00:00:00,6.8200002,7.04,7.3000002,6.3200002,31337700.0,6.2271962
2020-03-16 00:00:00,5.9499998,6.1100001,6.4299998,5.8000002,22065700.0,5.4328179
2020-03-17 00:00:00,6.23,6.1500001,6.23,5.8499999,16162700.0,5.6884785
2020-03-18 00:00:00,6.3899999,5.9000001,6.5,5.8200002,12179100.0,5.8345718
2020-03-19 00:00:00,7.4299998,6.4299998,7.5300002,6.3800001,19169000.0,6.7841735
2020-03-20 00:00:00,7.3000002,7.3699999,7.9499998,7.0999999,24911500.0,6.6654735
2020-03-23 00:00:00,6.6199999,7.1199999,7.1999998,6.5799999,13431600.0,6.0445795
2020-03-24 00:00:00,7.52,7.0999999,7.5700002,6.98,13247400.0,6.8663511
2020-03-25 00:00:00,7.71,7.4099998,7.9099998,7.3299999,13716900.0,7.0398355
2020-03-26 00:00:00,8.1300001,7.71,8.21,7.6399999,12820500.0,7.4233289
2020-03-27 00:00:00,7.8000002,7.6799998,8.04,7.3800001,13334600.0,7.1220126
2020-03-30 00:00:00,8.2799997,7.8899999,8.3400002,7.8800001,6232100.0,7.5602903
2020-03-31 00:00:00,8.1199999,8.1499996,8.3199997,8.04,8217000.0,7.4141974
2020-04-01 00:00:00,7.8600001,7.96,8.1800003,7.8000002,11719700.0,7.1767983
2020-04-02 00:00:00,8.1800003,8.0699997,8.3999996,8.0299997,10753800.0,7.4689832
2020-04-03 00:00:00,7.8400002,8.0200005,8.2299995,7.7600002,8311200.0,7.1585364
2020-04-06 00:00:00,8.2200003,8.1700001,8.3299999,8.0600004,7592200.0,7.5055065
2020-04-07 00:00:00,8.1300001,8.4700003,8.5900002,8.1199999,6739700.0,7.4233289
2020-04-08 00:00:00,8.5100002,8.2200003,8.6700001,8.0799999,8152700.0,7.7702985
2020-04-09 00:00:00,9.1599998,8.6499996,9.2600002,8.6099997,9347300.0,8.3637991
2020-04-13 00:00:00,8.8999996,9.0900002,9.1800003,8.8400002,5300800.0,8.1263981
2020-04-14 00:00:00,9.04,8.96,9.1099997,8.8400002,4835900.0,8.2542315
2020-04-15 00:00:00,8.6499996,8.6599998,8.7700005,8.6000004,6360100.0,7.8981285
2020-04-16 00:00:00,8.46,8.5500002,8.6000004,8.3100004,5291100.0,7.7246451
2020-04-17 00:00:00,8.7799997,8.6000004,8.8999996,8.6000004,5256400.0,8.0168295
2020-04-20 00:00:00,8.6400003,8.7399998,8.79,8.5600004,4062500.0,7.8889985
2020-04-21 00:00:00,8.2600002,8.3199997,8.46,8.1800003,4576500.0,7.5420289
2020-04-22 00:00:00,8.3599997,8.3699999,8.4200001,8.2299995,3539400.0,7.633337
2020-04-23 00:00:00,8.21,8.3999996,8.5100002,8.1999998,4101900.0,7.4963746
2020-04-24 00:00:00,8.4200001,8.3800001,8.4700003,8.29,3881100.0,7.6881204
2020-04-27 00:00:00,8.6800003,8.4799995,8.7799997,8.4499998,4336300.0,7.9255228
2020-04-28 00:00:00,9.0200005,8.8800001,9.1099997,8.8699999,9313200.0,8.2359695
2020-04-29 00:00:00,9.2399998,9.1899996,9.3400002,9.1499996,4705600.0,8.4368458
2020-04-30 00:00:00,8.9700003,9.0799999,9.1499996,8.8999996,9612900.0,8.1903162
2020-05-01 00:00:00,8.6800003,8.8800001,8.8800001,8.5799999,4097600.0,7.9255228
2020-05-04 00:00:00,8.6899996,8.6300001,8.7299995,8.5699997,6556800.0,7.9346523
2020-05-05 00:00:00,8.5799999,8.6499996,8.8000002,8.5699997,4130300.0,7.8342156
2020-05-06 00:00:00,8.4799995,8.4399996,8.6800003,8.4300003,3882000.0,7.7429051
2020-05-07 00:00:00,8.6099997,8.5299997,8.7299995,8.5100002,5306500.0,7.8616056
2020-05-08 00:00:00,8.9700003,8.7799997,9.0,8.7399998,3815500.0,8.1903162
2020-05-11 00:00:00,8.8299999,8.75,8.9300003,8.5600004,5269700.0,8.0624819
2020-05-12 00:00:00,9.1099997,9.0,9.5500002,9.0,9652200.0,8.3181438
2020-05-13 00:00:00,9.1099997,9.25,9.3999996,8.9700003,7714700.0,8.3181438
2020-05-14 00:00:00,9.0900002,9.04,9.1000004,8.71,5028800.0,8.2998838
2020-05-15 00:00:00,9.1000004,9.0600004,9.1599998,8.9799995,3739500.0,8.3090143
2020-05-18 00:00:00,9.6400003,9.46,9.7200003,9.4499998,4662700.0,8.8020763
2020-05-19 00:00:00,9.3999996,9.54,9.6099997,9.3800001,4584200.0,8.5829382
2020-05-20 00:00:00,9.4499998,9.3900003,9.54,9.3299999,5555600.0,8.6285915
2020-05-21 00:00:00,9.4799995,9.4099998,9.5600004,9.3900003,4191000.0,8.6559839
2020-05-22 00:00:00,9.6000004,9.4899998,9.6000004,9.4399996,4463000.0,8.7655554
2020-05-26 00:00:00,10.0,9.8100004,10.0299997,9.8000002,5228000.0,9.1307859
2020-05-27 00:00:00,9.8599997,9.9399996,9.9399996,9.7200003,5925200.0,9.1076937
2020-05-28 00:00:00,10.0,10.0299997,10.1999998,9.8699999,4665900.0,9.2370119
2020-05-29 00:00:00,10.21,9.9300003,10.2299995,9.8199997,27393600.0,9.4309893
2020-06-01 00:00:00,10.1800003,10.1499996,10.3400002,10.0299997,6712200.0,9.4032774
2020-06-02 00:00:00,10.3299999,10.29,10.4499998,10.2700005,8777600.0,9.5418339
2020-06-03 00:00:00,10.5,10.4399996,10.7799997,10.3999996,7546500.0,9.6988621
2020-06-04 00:00:00,10.5299997,10.4499998,10.6300001,10.3999996,5044700.0,9.726573
2020-06-05 00:00:00,10.8800001,10.7700005,11.0200005,10.71,7674000.0,10.0498695
2020-06-08 00:00:00,10.5,10.8599997,10.8900003,10.29,11382600.0,9.6988621
2020-06-09 00:00:00,10.1999998,10.3500004,10.3999996,10.1400003,8920700.0,9.421752
2020-06-10 00:00:00,9.8199997,9.9799995,10.0200005,9.7200003,7877500.0,9.0707455
2020-06-11 00:00:00,9.1899996,9.5699997,9.6599998,9.1400003,13253700.0,8.4888134
2020-06-12 00:00:00,9.8100004,10.0,10.21,9.5799999,17342900.0,9.0615082
2020-06-15 00:00:00,10.1999998,9.5699997,10.3500004,9.54,17303900.0,9.421752
2020-06-16 00:00:00,10.2600002,10.3999996,10.5500002,10.1099997,10852900.0,9.4771738
2020-06-17 00:00:00,10.2700005,10.3299999,10.4200001,10.2200003,8132900.0,9.4864111
2020-06-18 00:00:00,10.2799997,10.21,10.4399996,10.21,7617600.0,9.4956484
2020-06-19 00:00:00,10.3100004,10.2799997,10.3400002,10.0299997,43111700.0,9.5233583
2020-06-22 00:00:00,10.2700005,10.2700005,10.4399996,10.1400003,9993700.0,9.4864111
2020-06-23 00:00:00,10.2399998,10.3299999,10.4399996,10.2200003,9898700.0,9.4586992
2020-06-24 00:00:00,9.96,10.1199999,10.1700001,9.9200001,11200000.0,9.2000637
2020-06-25 00:00:00,10.0100002,10.04,10.1400003,9.9200001,11638600.0,9.2462492
2020-06-26 00:00:00,9.6700001,10.0100002,10.0299997,9.6199999,86363100.0,8.9321899
2020-06-29 00:00:00,9.9499998,9.7799997,9.9899998,9.6800003,10692700.0,9.1908264
2020-06-30 00:00:00,10.21,9.9200001,10.2200003,9.8800001,9042700.0,9.4309893
2020-07-01 00:00:00,10.3299999,10.1899996,10.3900003,10.0699997,8278300.0,9.5418339
2020-07-02 00:00:00,10.6000004,10.46,10.6199999,10.3900003,14253000.0,9.7912321
2020-07-06 00:00:00,10.75,10.7299995,10.7799997,10.5200005,10833800.0,9.9297867
2020-07-07 00:00:00,10.6199999,10.6199999,10.7200003,10.54,10153000.0,9.8097067
2020-07-08 00:00:00,10.4499998,10.54,10.5699997,10.3100004,8905000.0,9.6526766
2020-07-09 00:00:00,10.3699999,10.46,10.4700003,10.2399998,9151300.0,9.5787811
2020-07-10 00:00:00,10.5100002,10.4300003,10.5500002,10.3900003,7626600.0,9.7080994
2020-07-13 00:00:00,10.4099998,10.5799999,10.6300001,10.3800001,8381900.0,9.6157293
2020-07-14 00:00:00,10.6099997,10.3999996,10.6400003,10.3900003,5668100.0,9.8004694
2020-07-15 00:00:00,10.6999998,10.7600002,10.8100004,10.6300001,5112600.0,9.8836031
2020-07-16 00:00:00,10.75,10.6899996,10.8699999,10.6700001,4622100.0,9.9297867
2020-07-17 00:00:00,10.7700005,10.8400002,10.8400002,10.6800003,4866500.0,9.9482613
2020-07-20 00:00:00,10.7299995,10.7600002,10.8199997,10.6999998,4792000.0,9.9113121
2020-07-21 00:00:00,10.8500004,10.8100004,10.9200001,10.79,4880600.0,10.0221567
2020-07-22 00:00:00,10.8999996,10.8500004,10.9499998,10.8100004,7379300.0,10.0683413
2020-07-23 00:00:00,10.7399998,10.8800001,10.9300003,10.6400003,5722800.0,9.9205503
2020-07-24 00:00:00,10.6700001,10.7700005,10.7799997,10.6000004,5610200.0,9.8558912
2020-07-27 00:00:00,10.8199997,10.7799997,10.8299999,10.6300001,8583100.0,9.9944468
2020-07-28 00:00:00,10.71,10.7700005,10.9099998,10.6800003,7292500.0,9.8928385
2020-07-29 00:00:00,10.6199999,10.6999998,10.75,10.54,5264700.0,9.8097067
2020-07-30 00:00:00,10.3599997,10.4799995,10.5200005,10.2299995,7415000.0,9.5695438
2020-07-31 00:00:00,10.3000002,10.3199997,10.3400002,10.0500002,22997900.0,9.5141211
2020-08-03 00:00:00,10.4399996,10.3999996,10.5799999,10.3199997,8996300.0,9.6434383
2020-08-04 00:00:00,10.6999998,10.4499998,10.75,10.4499998,6866900.0,9.8836031
2020-08-05 00:00:00,10.6899996,10.8000002,10.8699999,10.6700001,7139300.0,9.8743658
2020-08-06 00:00:00,10.8000002,10.7299995,10.8400002,10.6499996,6875100.0,9.9759722
2020-08-07 00:00:00,10.8100004,10.71,10.8500004,10.6899996,5022900.0,9.9852095
2020-08-10 00:00:00,11.1000004,10.9099998,11.1400003,10.8299999,5518800.0,10.2530832
2020-08-11 00:00:00,11.0799999,11.1999998,11.29,11.0299997,6354900.0,10.2346087
2020-08-12 00:00:00,11.1899996,11.1899996,11.2299995,11.1199999,3267700.0,10.336215
2020-08-13 00:00:00,11.1999998,11.0900002,11.2600002,11.0699997,7298600.0,10.3454514
2020-08-14 00:00:00,11.1999998,11.1800003,11.29,11.1199999,3099500.0,10.3454514
2020-08-17 00:00:00,11.3100004,11.2799997,11.3800001,11.2399998,3754700.0,10.4470606
2020-08-18 00:00:00,11.0799999,11.3999996,11.5,10.9899998,7580600.0,10.2346087
2020-08-19 00:00:00,11.29,11.3500004,11.5900002,11.2200003,10889100.0,10.428586
2020-08-20 00:00:00,11.2799997,11.1700001,11.3000002,11.1499996,5687600.0,10.4193487
2020-08-21 00:00:00,11.1099997,11.2299995,11.2600002,11.0900002,5455800.0,10.2623196
2020-08-24 00:00:00,10.8699999,11.1700001,11.1800003,10.8599997,7440600.0,10.0406322
2020-08-25 00:00:00,10.8699999,10.8999996,10.9099998,10.6800003,5746200.0,10.0406322
2020-08-26 00:00:00,10.9499998,10.8500004,10.9700003,10.79,5527500.0,10.1145267
2020-08-27 00:00:00,11.0699997,11.0600004,11.1300001,11.0200005,4956200.0,10.2253704
2020-08-28 00:00:00,11.25,11.0799999,11.2600002,11.0299997,3691700.0,10.3916368
2020-08-31 00:00:00,11.0600004,11.1899996,11.1999998,11.0299997,7593400.0,10.216136
2020-09-01 00:00:00,11.2399998,10.9799995,11.2399998,10.9499998,7595300.0,10.3823996
2020-09-02 00:00:00,11.4300003,11.0799999,11.4300003,11.0200005,12587100.0,10.6670427
2020-09-03 00:00:00,11.0799999,11.2700005,11.3100004,10.96,8274700.0,10.3404045
2020-09-04 00:00:00,11.0200005,11.1499996,11.1999998,10.8699999,8696600.0,10.2844095
2020-09-08 00:00:00,10.7700005,10.8900003,10.9700003,10.7299995,9049200.0,10.0510979
2020-09-09 00:00:00,11.0100002,10.8800001,11.1000004,10.8500004,7027000.0,10.2750759
2020-09-10 00:00:00,11.1099997,11.0799999,11.3500004,11.0600004,11677500.0,10.3684006
2020-09-11 00:00:00,11.0600004,11.1599998,11.1700001,10.9700003,5901300.0,10.3217382
2020-09-14 00:00:00,11.1499996,11.1099997,11.2700005,11.0500002,11268800.0,10.4057322
2020-09-15 00:00:00,11.21,11.2299995,11.3500004,11.1800003,5624800.0,10.4617271
2020-09-16 00:00:00,11.1899996,11.2700005,11.3400002,11.1700001,8645200.0,10.4430609
2020-09-17 00:00:00,11.3199997,11.0799999,11.3500004,10.9300003,11903900.0,10.5643835
2020-09-18 00:00:00,11.25,11.3299999,11.3800001,11.21,14908200.0,10.4990568
2020-09-21 00:00:00,11.0100002,11.0100002,11.1400003,10.8699999,8858700.0,10.2750759
2020-09-22 00:00:00,11.04,10.9700003,11.1400003,10.9499998,4370100.0,10.3030758
2020-09-23 00:00:00,10.5799999,10.9899998,10.9899998,10.5699997,6475000.0,9.8737793
2020-09-24 00:00:00,10.5799999,10.5500002,10.7299995,10.4399996,4678500.0,9.8737793
2020-09-25 00:00:00,10.8199997,10.4899998,10.8599997,10.4499998,6898900.0,10.0977583
2020-09-28 00:00:00,10.9099998,10.96,10.9799995,10.8800001,6415400.0,10.1817532
2020-09-29 00:00:00,10.8500004,10.8199997,10.9799995,10.7799997,5107300.0,10.1257563
2020-09-30 00:00:00,11.0500002,10.9700003,11.1099997,10.9200001,7177900.0,10.3124075
2020-10-01 00:00:00,11.0100002,11.2200003,11.2200003,10.9399996,7317500.0,10.2750759
2020-10-02 00:00:00,11.0100002,10.8900003,11.1800003,10.8599997,7949300.0,10.2750759
2020-10-05 00:00:00,11.1300001,11.1400003,11.2600002,11.0699997,8284400.0,10.3870668
2020-10-06 00:00:00,11.0100002,11.1199999,11.2700005,10.9899998,8164500.0,10.2750759
2020-10-07 00:00:00,11.2299995,11.1000004,11.3800001,11.0799999,7216800.0,10.4803915
2020-10-08 00:00:00,11.3400002,11.21,11.3500004,11.1800003,5689300.0,10.5830498
2020-10-09 00:00:00,11.4200001,11.4899998,11.5600004,11.3599997,3257700.0,10.6577091
2020-10-12 00:00:00,11.4300003,11.4700003,11.5,11.3599997,6064100.0,10.6670427
2020-10-13 00:00:00,11.4099998,11.4099998,11.4700003,11.2799997,3576300.0,10.6483765
2020-10-14 00:00:00,11.3999996,11.4499998,11.5,11.3599997,3115000.0,10.6390438
2020-10-15 00:00:00,11.4700003,11.25,11.4799995,11.2399998,3273600.0,10.7043724
2020-10-16 00:00:00,11.5,11.5200005,11.5900002,11.4700003,4263000.0,10.7323685
2020-10-19 00:00:00,11.2799997,11.5200005,11.5600004,11.2700005,3816400.0,10.5270529
2020-10-20 00:00:00,11.1899996,11.2799997,11.3699999,11.1800003,5222900.0,10.4430609
2020-10-21 00:00:00,11.0799999,11.1899996,11.2700005,11.0699997,4102500.0,10.3404045
2020-10-22 00:00:00,11.04,10.9899998,11.0500002,10.8699999,3619600.0,10.3030758
2020-10-23 00:00:00,10.9700003,11.0600004,11.0600004,10.8900003,3025400.0,10.2377462
2020-10-26 00:00:00,10.6300001,10.8199997,10.8299999,10.54,4178700.0,9.9204416
2020-10-27 00:00:00,10.5699997,10.6400003,10.6599998,10.4799995,5360600.0,9.8644476
2020-10-28 00:00:00,10.3199997,10.3400002,10.4700003,10.2600002,6842600.0,9.631135
2020-10-29 00:00:00,10.5,10.3599997,10.5600004,10.3199997,5135400.0,9.799119
2020-10-30 00:00:00,10.4300003,10.4799995,10.5500002,10.3100004,7502000.0,9.7337933
2020-11-02 00:00:00,10.8500004,10.6000004,10.8900003,10.5900002,6030300.0,10.1257563
2020-11-03 00:00:00,11.1400003,10.9799995,11.1899996,10.9200001,3322100.0,10.3964005
2020-11-04 00:00:00,11.0900002,11.1099997,11.1999998,10.9300003,5291100.0,10.3497381
2020-11-05 00:00:00,11.5100002,11.1999998,11.6199999,11.1400003,5138900.0,10.7417021
2020-11-06 00:00:00,11.5200005,11.7200003,11.9300003,11.3900003,6756900.0,10.7510338
2020-11-09 00:00:00,12.04,12.1599998,12.3999996,11.9300003,9649300.0,11.2363243
2020-11-10 00:00:00,11.8599997,11.8100004,11.8800001,11.6599998,9546200.0,11.0683384
2020-11-11 00:00:00,11.9300003,11.9300003,12.0600004,11.79,7208800.0,11.1336679
2020-11-12 00:00:00,11.5500002,11.7299995,11.8500004,11.3699999,10966600.0,10.7790318
2020-11-13 00:00:00,11.79,11.5699997,11.8400002,11.5200005,4377200.0,11.0030098
2020-11-16 00:00:00,12.1499996,12.0,12.2299995,11.8100004,5714400.0,11.3389826
2020-11-17 00:00:00,11.9300003,12.0100002,12.0500002,11.8400002,5869200.0,11.1336679
2020-11-18 00:00:00,11.8400002,11.9399996,12.0,11.8299999,4273100.0,11.049674
2020-11-19 00:00:00,11.9200001,11.79,11.9499998,11.6999998,3830700.0,11.1243343
2020-11-20 00:00:00,11.9300003,11.96,12.0200005,11.8800001,3949400.0,11.1336679
2020-11-23 00:00:00,11.5699997,11.8000002,11.8000002,11.5200005,6501500.0,10.9055634
2020-11-24 00:00:00,11.8000002,11.5299997,11.8199997,11.4899998,10089300.0,11.1223564
2020-11-25 00:00:00,11.5900002,11.6199999,11.6700001,11.5299997,6027500.0,10.9244156
2020-11-27 00:00:00,11.4799995,11.5,11.5799999,11.3900003,2629100.0,10.8207321
2020-11-30 00:00:00,11.3299999,11.3800001,11.4499998,11.2399998,6321100.0,10.6793461
2020-12-01 00:00:00,11.5299997,11.4700003,11.6099997,11.4300003,4601200.0,10.8678608
2020-12-02 00:00:00,11.4700003,11.4799995,11.6099997,11.4399996,4745200.0,10.811307
2020-12-03 00:00:00,11.4399996,11.5,11.5900002,11.3999996,4071400.0,10.7830286
2020-12-04 00:00:00,11.54,11.4799995,11.6300001,11.4700003,4609100.0,10.877286
2020-12-07 00:00:00,11.3500004,11.4799995,11.4899998,11.2600002,5807800.0,10.6982002
2020-12-08 00:00:00,11.54,11.3000002,11.5900002,11.3000002,5468400.0,10.877286
2020-12-09 00:00:00,11.6099997,11.5299997,11.6499996,11.5100002,7143700.0,10.9432669
2020-12-10 00:00:00,11.5299997,11.5900002,11.6499996,11.4799995,6171300.0,10.8678608
2020-12-11 00:00:00,11.4399996,11.3900003,11.4899998,11.3100004,6307100.0,10.7830286
2020-12-14 00:00:00,11.2700005,11.5699997,11.6000004,11.2700005,4447000.0,10.6227922
2020-12-15 00:00:00,11.54,11.4499998,11.6300001,11.4200001,4158700.0,10.877286
2020-12-16 00:00:00,11.3999996,11.5100002,11.5900002,11.3900003,3246100.0,10.745326
2020-12-17 00:00:00,11.5600004,11.5299997,11.5600004,11.3999996,3891100.0,10.8961391
2020-12-18 00:00:00,11.6599998,11.54,11.6999998,11.4700003,14021500.0,10.9903946
2020-12-21 00:00:00,11.4700003,11.4099998,11.5,11.1599998,4696900.0,10.811307
2020-12-22 00:00:00,11.5,11.5100002,11.6199999,11.4899998,4999200.0,10.8395844
2020-12-23 00:00:00,11.5600004,11.54,11.6599998,11.5299997,2033800.0,10.8961391
2020-12-24 00:00:00,11.6400003,11.6400003,11.6599998,11.54,957900.0,10.9715462
2020-12-28 00:00:00,11.5900002,11.71,11.7600002,11.5799999,1829000.0,10.9244156
2020-12-29 00:00:00,11.6000004,11.6999998,11.6999998,11.5299997,2513100.0,10.9338408
2020-12-30 00:00:00,11.7399998,11.6800003,11.7799997,11.6599998,2626000.0,11.0658026
2020-12-31 00:00:00,11.7700005,11.8100004,11.8400002,11.6400003,2822500.0,11.094079
2021-01-04 00:00:00,11.3800001,11.6999998,11.7700005,11.3500004,7452100.0,10.7264757
2021-01-05 00:00:00,11.46,11.3500004,11.5500002,11.3500004,7657400.0,10.8018818
2021-01-06 00:00:00,11.7799997,11.4799995,11.8800001,11.4799995,7457600.0,11.1035042
2021-01-07 00:00:00,11.6800003,11.7200003,11.7700005,11.5799999,5787900.0,11.0092468
2021-01-08 00:00:00,11.5,11.6400003,11.71,11.3500004,3717700.0,10.8395844
2021-01-11 00:00:00,11.54,11.3599997,11.5900002,11.3599997,3775300.0,10.877286
2021-01-12 00:00:00,11.6300001,11.5,11.6899996,11.4200001,4135100.0,10.9621181
2021-01-13 00:00:00,11.4300003,11.5699997,11.5799999,11.3599997,5774300.0,10.7736044
2021-01-14 00:00:00,11.3900003,11.4399996,11.5100002,11.3400002,4375300.0,10.7359018
2021-01-15 00:00:00,11.0500002,11.3299999,11.3299999,11.0500002,6619300.0,10.4154272
2021-01-19 00:00:00,10.9499998,11.1400003,11.1599998,10.9300003,5481900.0,10.3211679
2021-01-20 00:00:00,11.2299995,10.9899998,11.2799997,10.9200001,5634200.0,10.5850897
2021-01-21 00:00:00,11.25,11.1000004,11.3199997,11.0699997,5448300.0,10.60394
2021-01-22 00:00:00,11.0900002,11.1800003,11.2299995,10.9399996,7302100.0,10.4531298
2021-01-25 00:00:00,10.9700003,11.1000004,11.2299995,10.8599997,9073200.0,10.3400211
2021-01-26 00:00:00,11.21,11.0299997,11.2600002,10.96,5638000.0,10.5662384
2021-01-27 00:00:00,11.0600004,11.0299997,11.2799997,10.9799995,8619700.0,10.4248514
2021-01-28 00:00:00,11.1800003,11.1800003,11.2799997,11.0900002,8100600.0,10.5379601
2021-01-29 00:00:00,10.9399996,11.1099997,11.1199999,10.8800001,14989300.0,10.3117437
2021-02-01 00:00:00,10.8900003,11.0200005,11.0799999,10.6800003,7305300.0,10.2646141
2021-02-02 00:00:00,10.9300003,10.9700003,11.0799999,10.8299999,5353300.0,10.3023167
2021-02-03 00:00:00,11.0100002,11.2299995,11.3000002,10.6599998,11101500.0,10.3777218
2021-02-04 00:00:00,11.1800003,11.1300001,11.25,10.9399996,5617900.0,10.5379601
2021-02-05 00:00:00,11.4700003,11.3000002,11.5299997,11.3000002,6154600.0,10.811307
2021-02-08 00:00:00,11.4700003,11.4499998,11.5299997,11.3199997,6384000.0,10.811307
2021-02-09 00:00:00,11.2399998,11.3900003,11.5500002,11.2200003,5718400.0,10.5945148
2021-02-10 00:00:00,11.4300003,11.3699999,11.54,11.3199997,11574000.0,10.7736044
2021-02-11 00:00:00,11.3000002,11.4399996,11.4499998,11.1899996,5260800.0,10.6510696
2021-02-12 00:00:00,11.5,11.1999998,11.5100002,11.1999998,4830600.0,10.8395844
2021-02-16 00:00:00,11.25,11.5,11.5100002,11.2399998,5397400.0,10.60394
2021-02-17 00:00:00,11.3000002,11.25,11.3800001,11.1400003,5204200.0,10.6510696
2021-02-18 00:00:00,11.4200001,11.3100004,11.5500002,11.25,7436300.0,10.7641783
2021-02-19 00:00:00,11.4200001,11.4200001,11.5799999,11.3199997,5913300.0,10.7641783
2021-02-22 00:00:00,11.4200001,11.3800001,11.4700003,11.2799997,6575600.0,10.7641783
2021-02-23 00:00:00,11.3699999,11.3800001,11.46,11.1800003,5759400.0,10.8289423
2021-02-24 00:00:00,11.4099998,11.29,11.4499998,11.21,4478100.0,10.8670387
2021-02-25 00:00:00,11.3400002,11.3999996,11.4899998,11.2600002,4083200.0,10.8003702
2021-02-26 00:00:00,10.9399996,11.2799997,11.3400002,10.9200001,7559300.0,10.419404
2021-03-01 00:00:00,11.29,11.0900002,11.3999996,11.0699997,4695300.0,10.7527494
2021-03-02 00:00:00,11.4300003,11.25,11.5100002,11.1899996,6094900.0,10.8860884
2021-03-03 00:00:00,11.4700003,11.4200001,11.54,11.3100004,5313200.0,10.9241838
2021-03-04 00:00:00,11.2700005,11.5,11.5900002,11.1400003,7405300.0,10.7337008
2021-03-05 00:00:00,11.6099997,11.3100004,11.6300001,11.21,5394800.0,11.0575228
2021-03-08 00:00:00,11.7600002,11.6599998,11.9799995,11.5900002,6761200.0,11.2003832
2021-03-09 00:00:00,11.75,11.7600002,11.8299999,11.6499996,8763700.0,11.1908598
2021-03-10 00:00:00,11.9300003,11.75,12.0200005,11.6400003,5984600.0,11.3622952
2021-03-11 00:00:00,11.7299995,11.8900003,11.9099998,11.6800003,6006800.0,11.1718102
2021-03-12 00:00:00,11.7700005,11.8100004,11.8400002,11.6999998,4124800.0,11.2099094
2021-03-15 00:00:00,11.7600002,11.6499996,11.7700005,11.5900002,7159000.0,11.2003832
2021-03-16 00:00:00,11.5,11.75,11.7700005,11.4799995,7171200.0,10.9527559
2021-03-17 00:00:00,11.6400003,11.5299997,11.6800003,11.4300003,5512700.0,11.0860949
2021-03-18 00:00:00,11.3599997,11.6000004,11.6099997,11.3400002,7438900.0,10.819417
2021-03-19 00:00:00,11.3000002,11.2799997,11.5100002,10.3299999,36593500.0,10.7622747
2021-03-22 00:00:00,11.4099998,11.25,11.4899998,11.1300001,7657600.0,10.8670387
2021-03-23 00:00:00,11.3699999,11.3599997,11.5799999,11.2799997,7927200.0,10.8289423
2021-03-24 00:00:00,11.3100004,11.3599997,11.4700003,11.3000002,6059700.0,10.7717981
2021-03-25 00:00:00,11.5799999,11.3500004,11.6499996,11.2399998,5450700.0,11.0289488
2021-03-26 00:00:00,11.7799997,11.6099997,11.79,11.54,5173000.0,11.2194319
2021-03-29 00:00:00,11.8000002,11.6800003,11.8800001,11.6499996,6208100.0,11.2384815
2021-03-30 00:00:00,11.7399998,11.7299995,11.79,11.6499996,4775100.0,11.1813354
2021-03-31 00:00:00,11.6800003,11.75,11.7700005,11.4799995,7359100.0,11.1241903
2021-04-01 00:00:00,11.6599998,11.6800003,11.6800003,11.3599997,6316100.0,11.1051416
2021-04-05 00:00:00,11.8900003,11.7399998,11.9099998,11.6700001,4262800.0,11.3241978
2021-04-06 00:00:00,11.9799995,11.8100004,11.9799995,11.7799997,4286200.0,11.409915
2021-04-07 00:00:00,11.6300001,11.9099998,11.9099998,11.5900002,5832000.0,11.0765686
2021-04-08 00:00:00,11.5699997,11.5500002,11.6700001,11.5299997,3641200.0,11.0194244
2021-04-09 00:00:00,11.7299995,11.6899996,11.75,11.5799999,3323900.0,11.1718102
2021-04-12 00:00:00,11.7200003,11.7600002,11.8299999,11.6700001,3723200.0,11.1622877
2021-04-13 00:00:00,11.7799997,11.6700001,11.8299999,11.6099997,6517600.0,11.2194319
2021-04-14 00:00:00,11.7399998,11.7600002,11.8199997,11.6599998,3517800.0,11.1813354
2021-04-15 00:00:00,11.8900003,11.8400002,11.9399996,11.7299995,3220100.0,11.3241978
2021-04-16 00:00:00,11.9499998,11.9899998,12.0699997,11.8800001,6645900.0,11.381341
2021-04-19 00:00:00,11.8599997,11.9700003,11.9799995,11.7600002,3717500.0,11.2956238
2021-04-20 00:00:00,11.8599997,11.8800001,11.9200001,11.79,4084700.0,11.2956238
2021-04-21 00:00:00,11.9399996,11.8500004,12.0100002,11.8299999,4227700.0,11.3718176
2021-04-22 00:00:00,11.6499996,11.8800001,11.9200001,11.6400003,5575100.0,11.0956173
2021-04-23 00:00:00,11.7299995,11.6700001,11.79,11.6400003,5480300.0,11.1718102
2021-04-26 00:00:00,11.7399998,11.79,11.8500004,11.71,3989300.0,11.1813354
2021-04-27 00:00:00,11.6700001,11.6800003,11.6999998,11.5900002,4486000.0,11.1146669
2021-04-28 00:00:00,11.6899996,11.7200003,11.8500004,11.6800003,3797400.0,11.1337156
2021-04-29 00:00:00,11.8900003,11.8100004,11.9099998,11.7299995,4871900.0,11.3241978
2021-04-30 00:00:00,11.75,11.8800001,11.8800001,11.6599998,13108700.0,11.1908598
2021-05-03 00:00:00,11.79,11.75,11.9099998,11.7200003,7715100.0,11.2289553
2021-05-04 00:00:00,12.4300003,11.8599997,12.5,11.8599997,11810800.0,11.838501
2021-05-05 00:00:00,12.2799997,12.1000004,12.3100004,12.04,8401500.0,11.6956387
2021-05-06 00:00:00,12.4899998,12.3299999,12.5100002,12.2700005,6166300.0,11.8956451
2021-05-07 00:00:00,12.4499998,12.4899998,12.5200005,12.3100004,5196000.0,11.8575497
2021-05-10 00:00:00,12.4499998,12.5699997,12.7600002,12.4499998,6742900.0,11.8575497
2021-05-11 00:00:00,12.3999996,12.4499998,12.54,12.3100004,4750300.0,11.8099279
2021-05-12 00:00:00,12.1499996,12.3699999,12.4499998,12.1300001,5478100.0,11.571825
2021-05-13 00:00:00,12.3800001,12.1199999,12.46,12.0699997,7088100.0,11.7908802
2021-05-14 00:00:00,12.3699999,12.3800001,12.4700003,12.3400002,4264300.0,11.7813559
2021-05-17 00:00:00,12.29,12.3800001,12.4099998,12.2399998,5526200.0,11.705163
2021-05-18 00:00:00,12.1899996,12.2399998,12.3400002,12.1700001,4336200.0,11.6099205
2021-05-19 00:00:00,12.0100002,12.1300001,12.1499996,11.9300003,4885800.0,11.438488
2021-05-20 00:00:00,11.9899998,11.9499998,12.0900002,11.9499998,5033400.0,11.4194393
2021-05-21 00:00:00,11.9799995,11.9899998,12.1199999,11.9399996,4193200.0,11.409915
2021-05-24 00:00:00,11.9399996,12.0600004,12.1099997,11.8999996,3735800.0,11.3718176
2021-05-25 00:00:00,11.7200003,11.7700005,11.8500004,11.6899996,6755100.0,11.2737026
2021-05-26 00:00:00,11.7799997,11.6599998,11.8000002,11.6599998,7303000.0,11.3314171
2021-05-27 00:00:00,11.8800001,11.8000002,11.8900003,11.7700005,15849800.0,11.4276104
2021-05-28 00:00:00,11.8000002,11.8400002,11.8699999,11.7200003,8493000.0,11.3506565
2021-06-01 00:00:00,11.8900003,11.8999996,11.9499998,11.7299995,5356400.0,11.4372301
2021-06-02 00:00:00,11.8599997,11.9399996,11.9700003,11.8100004,4880400.0,11.408371
2021-06-03 00:00:00,11.9399996,11.8199997,11.9399996,11.7700005,7285700.0,11.4853239
2021-06-04 00:00:00,12.1499996,11.9799995,12.2799997,11.9700003,9596900.0,11.6873283
2021-06-07 00:00:00,12.1000004,12.1499996,12.1700001,12.0100002,9468400.0,11.6392317
2021-06-08 00:00:00,12.0799999,12.0900002,12.1899996,12.0200005,5111800.0,11.6199932
2021-06-09 00:00:00,12.0699997,12.0799999,12.1700001,11.9799995,7003700.0,11.6103735
2021-06-10 00:00:00,12.0699997,12.1099997,12.1800003,12.0,4352700.0,11.6103735
2021-06-11 00:00:00,12.2399998,12.1300001,12.25,12.0699997,4513400.0,11.7739
2021-06-14 00:00:00,12.1499996,12.25,12.29,12.1099997,4151400.0,11.6873283
2021-06-15 00:00:00,12.0100002,12.0900002,12.1199999,11.9399996,6809600.0,11.55266
2021-06-16 00:00:00,11.8199997,12.0500002,12.0699997,11.8100004,4229900.0,11.369894
2021-06-17 00:00:00,11.54,11.8000002,11.8500004,11.4499998,4698500.0,11.1005564
2021-06-18 00:00:00,11.3599997,11.5,11.5299997,11.2799997,12988800.0,10.9274111
2021-06-21 00:00:00,11.4700003,11.4700003,11.5900002,11.4399996,5341000.0,11.0332222
2021-06-22 00:00:00,11.54,11.5,11.6199999,11.4300003,3686400.0,11.1005564
2021-06-23 00:00:00,11.4899998,11.6099997,11.6400003,11.4799995,5920800.0,11.0524607
2021-06-24 00:00:00,11.5200005,11.5299997,11.5600004,11.3999996,3269700.0,11.0813189
2021-06-25 00:00:00,11.6099997,11.6000004,11.6899996,11.5299997,11200100.0,11.1678915
2021-06-28 00:00:00,11.5500002,11.6499996,11.6800003,11.4799995,4043700.0,11.1101751
2021-06-29 00:00:00,11.46,11.5299997,11.6000004,11.4399996,4248000.0,11.0236034
2021-06-30 00:00:00,11.46,11.4099998,11.5200005,11.3299999,6373500.0,11.0236034
2021-07-01 00:00:00,11.5600004,11.5799999,11.6400003,11.5100002,5376600.0,11.1197958
2021-07-02 00:00:00,11.54,11.5299997,11.5500002,11.4099998,3846600.0,11.1005564
2021-07-06 00:00:00,11.4399996,11.5,11.54,11.2600002,4881500.0,11.004365
2021-07-07 00:00:00,11.5500002,11.3999996,11.6199999,11.3900003,5723300.0,11.1101751
2021-07-08 00:00:00,11.3900003,11.4499998,11.5100002,11.3599997,4572800.0,10.9562693
2021-07-09 00:00:00,11.5100002,11.5100002,11.5299997,11.4099998,3992900.0,11.0716991
2021-07-12 00:00:00,11.5100002,11.3999996,11.5500002,11.3400002,3874800.0,11.0716991
2021-07-13 00:00:00,11.5600004,11.5500002,11.6599998,11.5299997,7180200.0,11.1197958
2021-07-14 00:00:00,11.54,11.6000004,11.6499996,11.4700003,4644000.0,11.1005564
2021-07-15 00:00:00,11.5699997,11.5600004,11.6700001,11.5,4098800.0,11.1294146
2021-07-16 00:00:00,11.4399996,11.5900002,11.5900002,11.4099998,3843600.0,11.004365
2021-07-19 00:00:00,11.25,11.3400002,11.3900003,11.1499996,6361000.0,10.8216
2021-07-20 00:00:00,11.2600002,11.2799997,11.46,11.21,10967400.0,10.8312187
2021-07-21 00:00:00,11.3599997,11.3500004,11.3699999,11.25,11186100.0,10.9274111
2021-07-22 00:00:00,11.3699999,11.4200001,11.46,11.2600002,10073400.0,10.9370298
2021-07-23 00:00:00,11.3000002,11.4300003,11.4300003,11.1700001,7155900.0,10.8696966
2021-07-26 00:00:00,11.4899998,11.3599997,11.5,11.3400002,6278100.0,11.0524607
2021-07-27 00:00:00,11.5299997,11.4899998,11.5799999,11.3000002,4571700.0,11.0909376
2021-07-28 00:00:00,11.5799999,11.5900002,11.6499996,11.5,5408900.0,11.1390343
2021-07-29 00:00:00,11.6400003,11.6800003,11.6800003,11.5799999,3988600.0,11.1967487
2021-07-30 00:00:00,11.5600004,11.6300001,11.6899996,11.5299997,10372700.0,11.1197958
2021-08-02 00:00:00,11.5200005,11.6000004,11.7299995,11.5100002,4303800.0,11.0813189
2021-08-03 00:00:00,11.6700001,11.5600004,11.6899996,11.4399996,4341800.0,11.225606
2021-08-04 00:00:00,11.6000004,11.6099997,11.6899996,11.5299997,3292100.0,11.1582718
2021-08-05 00:00:00,11.6800003,11.6800003,11.7700005,11.6700001,4898300.0,11.2352257
2021-08-06 00:00:00,11.7299995,11.7299995,11.8199997,11.6899996,3187700.0,11.2833214
2021-08-09 00:00:00,11.8199997,11.6999998,11.8299999,11.6700001,4945300.0,11.369894
2021-08-10 00:00:00,11.9499998,11.7700005,12.0200005,11.7700005,4293800.0,11.4949436
2021-08-11 00:00:00,12.1800003,12.0,12.1800003,11.9499998,4144100.0,11.7161865
2021-08-12 00:00:00,12.0500002,12.1000004,12.1300001,11.9700003,3619400.0,11.591136
2021-08-13 00:00:00,12.1499996,12.0500002,12.1599998,12.0100002,2314200.0,11.6873283
2021-08-16 00:00:00,12.2200003,12.1499996,12.2700005,12.04,5731800.0,11.7546625
2021-08-17 00:00:00,12.1000004,12.1800003,12.1899996,12.0200005,5159300.0,11.6392317
2021-08-18 00:00:00,12.1400003,11.9099998,12.3000002,11.9099998,8812700.0,11.6777096
2021-08-19 00:00:00,12.3999996,12.1400003,12.4399996,12.0500002,6516300.0,11.9278078
2021-08-20 00:00:00,12.79,12.4499998,12.8599997,12.25,11016600.0,12.3029566
2021-08-23 00:00:00,12.6800003,12.7700005,12.79,12.5,10778700.0,12.1971464
2021-08-24 00:00:00,12.6199999,12.6000004,12.6300001,12.4499998,8023700.0,12.13943
2021-08-25 00:00:00,12.8000002,12.6499996,12.9200001,12.5699997,10676600.0,12.3125763
2021-08-26 00:00:00,12.6499996,12.79,12.8500004,12.6099997,8815400.0,12.1682882
2021-08-27 00:00:00,12.7799997,12.6999998,12.8100004,12.6899996,3957600.0,12.2933369
2021-08-30 00:00:00,12.79,12.8100004,12.8299999,12.7299995,5282200.0,12.3029566
2021-08-31 00:00:00,12.8500004,12.8100004,12.8699999,12.7399998,7398700.0,12.360672
2021-09-01 00:00:00,12.6899996,12.8000002,12.8500004,12.6400003,6419700.0,12.2067633
2021-09-02 00:00:00,12.75,12.7200003,12.7600002,12.6000004,4675300.0,12.2644806
2021-09-03 00:00:00,12.6800003,12.7700005,12.8000002,12.6599998,4625100.0,12.1971464
2021-09-07 00:00:00,12.2200003,12.3000002,12.4300003,12.21,5521100.0,11.8650799
2021-09-08 00:00:00,12.3199997,12.25,12.3999996,12.2200003,5285800.0,11.9621744
2021-09-09 00:00:00,12.1300001,12.3400002,12.3800001,12.1199999,7558600.0,11.7776928
2021-09-10 00:00:00,12.3000002,12.2200003,12.4399996,12.2200003,7148800.0,11.9427557
2021-09-13 00:00:00,12.3000002,12.3999996,12.4099998,12.2399998,4902400.0,11.9427557
2021-09-14 00:00:00,12.3199997,12.3400002,12.3800001,12.2600002,5150200.0,11.9621744
2021-09-15 00:00:00,12.3999996,12.3500004,12.4300003,12.29,6096200.0,12.0398502
2021-09-16 00:00:00,12.1300001,12.3400002,12.3800001,12.1300001,5012300.0,11.7776928
2021-09-17 00:00:00,11.8500004,12.1599998,12.25,11.8299999,9889600.0,11.505826
2021-09-20 00:00:00,11.7799997,11.75,11.8699999,11.6499996,7146000.0,11.4378586
2021-09-21 00:00:00,11.6899996,11.8299999,11.8599997,11.6800003,4961900.0,11.3504725
2021-09-22 00:00:00,11.7399998,11.8000002,11.8400002,11.7200003,3732600.0,11.3990211
2021-09-23 00:00:00,11.8199997,11.7399998,11.9200001,11.7399998,3455800.0,11.476696
2021-09-24 00:00:00,11.79,11.7700005,11.8900003,11.7399998,3990700.0,11.4475679
2021-09-27 00:00:00,11.8699999,11.7600002,11.9399996,11.7200003,4333300.0,11.5252447
2021-09-28 00:00:00,11.6999998,11.8900003,11.9099998,11.6499996,5528800.0,11.3601809
2021-09-29 00:00:00,11.7299995,11.7200003,11.8100004,11.71,2644200.0,11.3893108
2021-09-30 00:00:00,11.5900002,11.79,11.8100004,11.5699997,5867500.0,11.253376
2021-10-01 00:00:00,11.6899996,11.71,11.79,11.4899998,5347100.0,11.3504725
2021-10-04 00:00:00,11.6300001,11.6400003,11.7700005,11.5699997,5208700.0,11.2922163
2021-10-05 00:00:00,11.8000002,11.6899996,11.8500004,11.6000004,4304200.0,11.4572773
2021-10-06 00:00:00,11.75,11.6700001,11.7600002,11.54,6290300.0,11.4087296
2021-10-07 00:00:00,11.8400002,11.8100004,11.9499998,11.7799997,3293100.0,11.4961157
2021-10-08 00:00:00,11.71,11.7799997,11.8400002,11.6899996,4120700.0,11.3698912
2021-10-11 00:00:00,11.6199999,11.7200003,11.8199997,11.6099997,2539000.0,11.282506
2021-10-12 00:00:00,11.6400003,11.6099997,11.6999998,11.5699997,3480200.0,11.3019247
2021-10-13 00:00:00,11.6700001,11.6899996,11.6999998,11.5100002,3594400.0,11.3310537
2021-10-14 00:00:00,11.9099998,11.7399998,11.9499998,11.6999998,3800200.0,11.5640821
2021-10-15 00:00:00,11.9499998,11.9700003,12.1000004,11.8699999,5247900.0,11.6029205
2021-10-18 00:00:00,11.9099998,11.8599997,11.96,11.8100004,3104600.0,11.5640821
2021-10-19 00:00:00,12.0200005,11.9499998,12.0299997,11.8699999,3292400.0,11.6708879
2021-10-20 00:00:00,12.04,11.9799995,12.1099997,11.9799995,6252900.0,11.6903067
2021-10-21 00:00:00,12.0299997,12.0500002,12.0799999,11.9200001,4371100.0,11.6805973
2021-10-22 00:00:00,12.1599998,12.0699997,12.2299995,12.0500002,2672800.0,11.8068218
2021-10-25 00:00:00,12.0799999,12.1700001,12.2200003,12.0600004,4412600.0,11.7291441
2021-10-26 00:00:00,12.0100002,12.0699997,12.1199999,11.9700003,6732900.0,11.6611786
2021-10-27 00:00:00,12.0299997,12.0900002,12.1300001,11.9499998,6697700.0,11.6805973
2021-10-28 00:00:00,12.1499996,12.04,12.1700001,12.0100002,5199000.0,11.7971115
2021-10-29 00:00:00,12.0699997,12.1499996,12.1899996,12.0200005,10782600.0,11.7194347
2021-11-01 00:00:00,11.9399996,12.1300001,12.2200003,11.9200001,7545800.0,11.5932112
2021-11-02 00:00:00,12.0799999,12.0,12.1499996,11.9200001,8774400.0,11.7291441
2021-11-03 00:00:00,12.3000002,12.2299995,12.4899998,12.1099997,9637200.0,11.9427557
2021-11-04 00:00:00,12.1599998,12.3000002,12.3800001,12.1300001,4626400.0,11.8068218
2021-11-05 00:00:00,12.1400003,12.2299995,12.2600002,12.0500002,5877900.0,11.7874031
2021-11-08 00:00:00,12.1999998,12.0900002,12.21,12.0100002,4669100.0,11.8456593
2021-11-09 00:00:00,12.3100004,12.1800003,12.3599997,12.1599998,4322600.0,11.9524651
2021-11-10 00:00:00,12.3400002,12.3800001,12.46,12.2700005,5592600.0,11.9815941
2021-11-11 00:00:00,12.3599997,12.3400002,12.3699999,12.2600002,2828700.0,12.0010128
2021-11-12 00:00:00,12.3800001,12.3599997,12.4499998,12.3299999,4238200.0,12.0204325
2021-11-15 00:00:00,12.3900003,12.3800001,12.4499998,12.3299999,2869100.0,12.0301418
2021-11-16 00:00:00,12.3100004,12.3699999,12.4899998,12.2799997,6968300.0,11.9524651
2021-11-17 00:00:00,12.1499996,12.25,12.3000002,11.9799995,7583300.0,11.7971115
2021-11-18 00:00:00,12.0200005,12.1400003,12.21,11.9300003,5062000.0,11.6708879
2021-11-19 00:00:00,11.8999996,12.04,12.1300001,11.8900003,4468900.0,11.5543728
2021-11-22 00:00:00,11.96,11.9300003,12.0299997,11.9200001,5703600.0,11.6126299
2021-11-23 00:00:00,11.7700005,11.8500004,11.9399996,11.7200003,6208900.0,11.5439749
2021-11-24 00:00:00,11.6599998,11.6999998,11.7299995,11.6400003,4158300.0,11.4360867
2021-11-26 00:00:00,11.54,11.3800001,11.6300001,11.3800001,5979100.0,11.3183918
2021-11-29 00:00:00,11.5799999,11.6899996,11.71,11.5699997,7863400.0,11.3576231
2021-11-30 00:00:00,11.3199997,11.5299997,11.5600004,11.3000002,11076600.0,11.1026154
2021-12-01 00:00:00,11.2600002,11.5299997,11.6800003,11.25,10479000.0,11.0437689
2021-12-02 00:00:00,11.4799995,11.3100004,11.5799999,11.3100004,7256300.0,11.2595425
2021-12-03 00:00:00,11.3100004,11.3900003,11.5699997,11.25,9020200.0,11.0928087
2021-12-06 00:00:00,11.5699997,11.4799995,11.6499996,11.4499998,6845300.0,11.3478146
2021-12-07 00:00:00,11.5900002,11.6400003,11.6999998,11.5699997,6184600.0,11.3674307
2021-12-08 00:00:00,11.6199999,11.6099997,11.6899996,11.5200005,8135600.0,11.3968554
2021-12-09 00:00:00,11.5600004,11.5699997,11.6300001,11.4799995,12195800.0,11.3380079
2021-12-10 00:00:00,11.6000004,11.6300001,11.6700001,11.5299997,3790700.0,11.3772392
2021-12-13 00:00:00,11.6700001,11.5600004,11.71,11.5500002,7286900.0,11.4458952
2021-12-14 00:00:00,11.6700001,11.71,11.8599997,11.6499996,6739200.0,11.4458952
2021-12-15 00:00:00,11.9499998,11.9899998,12.0200005,11.7399998,5963400.0,11.7205172
2021-12-16 00:00:00,12.04,12.0100002,12.1199999,11.9899998,6090000.0,11.8087893
2021-12-17 00:00:00,11.79,12.0699997,12.0900002,11.7700005,12987500.0,11.56359
2021-12-20 00:00:00,11.6000004,11.6300001,11.6999998,11.4300003,6232400.0,11.3772392
2021-12-21 00:00:00,11.7399998,11.71,11.8199997,11.6499996,5832000.0,11.5145512
2021-12-22 00:00:00,11.6099997,11.6700001,11.7799997,11.5900002,5033100.0,11.3870468
2021-12-23 00:00:00,11.6599998,11.6199999,11.7399998,11.6199999,7257200.0,11.4360867
2021-12-27 00:00:00,11.8100004,11.7299995,11.8199997,11.6599998,4951800.0,11.5832062
2021-12-28 00:00:00,11.8599997,11.8500004,11.8900003,11.8199997,3256500.0,11.632246
2021-12-29 00:00:00,11.9499998,11.8699999,12.0,11.8699999,3461500.0,11.7205172
2021-12-30 00:00:00,11.96,12.0,12.0600004,11.9200001,2423700.0,11.7303257
2021-12-31 00:00:00,12.0100002,11.9200001,12.0500002,11.9200001,2859900.0,11.7793665
2022-01-03 00:00:00,11.8800001,12.0200005,12.04,11.8000002,3966400.0,11.6518621
2022-01-04 00:00:00,12.0699997,11.9399996,12.2200003,11.9099998,6215500.0,11.838213
2022-01-05 00:00:00,12.0900002,12.1599998,12.3299999,12.0900002,6762900.0,11.8578291
2022-01-06 00:00:00,11.9899998,12.1899996,12.21,11.9700003,5260300.0,11.7597494
2022-01-07 00:00:00,12.1199999,11.9899998,12.1899996,11.9300003,4692300.0,11.8872538
2022-01-10 00:00:00,12.1499996,12.1800003,12.1999998,12.0200005,5232700.0,11.9166765
2022-01-11 00:00:00,12.1099997,12.1099997,12.1599998,12.0799999,4875700.0,11.8774452
2022-01-12 00:00:00,12.1400003,12.1499996,12.1700001,12.0600004,5942900.0,11.9068699
2022-01-13 00:00:00,12.2799997,12.1700001,12.2799997,12.1700001,5973300.0,12.0441799
2022-01-14 00:00:00,12.3699999,12.21,12.3900003,12.1400003,8357800.0,12.132452
2022-01-18 00:00:00,12.2799997,12.3500004,12.3800001,12.1599998,6155000.0,12.0441799
2022-01-19 00:00:00,12.4099998,12.3599997,12.5,12.2600002,5637000.0,12.1716843
2022-01-20 00:00:00,12.1300001,12.4499998,12.4700003,12.1099997,5708100.0,11.8970613
2022-01-21 00:00:00,11.9499998,12.1300001,12.1599998,11.8999996,7002100.0,11.7205172
2022-01-24 00:00:00,11.9200001,11.8000002,11.9700003,11.6700001,10267200.0,11.6910944
2022-01-25 00:00:00,11.79,11.7799997,11.8900003,11.5100002,8321300.0,11.56359
2022-01-26 00:00:00,11.7600002,11.8800001,12.0,11.6599998,6507200.0,11.5341673
2022-01-27 00:00:00,11.8000002,11.8800001,12.0900002,11.6499996,10134200.0,11.5733986
2022-01-28 00:00:00,11.9399996,11.71,11.9499998,11.6000004,9031600.0,11.7107096
2022-01-31 00:00:00,12.0100002,11.7399998,12.0600004,11.7399998,16775100.0,11.7793665
2022-02-01 00:00:00,12.1999998,12.0200005,12.2399998,12.0100002,8633100.0,11.9657164
2022-02-02 00:00:00,12.1300001,11.9300003,12.25,11.8900003,11321500.0,11.8970613
2022-02-03 00:00:00,11.7600002,12.0200005,12.0699997,11.7200003,9829600.0,11.5341673
2022-02-04 00:00:00,11.5600004,11.6499996,11.7200003,11.4499998,10123600.0,11.3380079
2022-02-07 00:00:00,11.4899998,11.6199999,11.6400003,11.4700003,8625700.0,11.269352
2022-02-08 00:00:00,11.6199999,11.4899998,11.6999998,11.4700003,7373100.0,11.3968554
2022-02-09 00:00:00,11.7799997,11.7200003,11.8100004,11.6999998,6808200.0,11.5537825
2022-02-10 00:00:00,11.6199999,11.6700001,11.8400002,11.5299997,5797900.0,11.3968554
2022-02-11 00:00:00,11.5900002,11.6300001,11.75,11.5299997,8685200.0,11.3674307
2022-02-14 00:00:00,11.5699997,11.6199999,11.6499996,11.4499998,7220700.0,11.3478146
2022-02-15 00:00:00,11.8100004,11.7200003,11.8900003,11.7200003,7336600.0,11.5832062
2022-02-16 00:00:00,11.7700005,11.8000002,11.9200001,11.6999998,6734200.0,11.5439749
2022-02-17 00:00:00,11.79,11.75,11.8900003,11.75,9923900.0,11.56359
2022-02-18 00:00:00,11.8800001,11.8299999,12.0299997,11.8000002,27757800.0,11.6518621
2022-02-22 00:00:00,11.6999998,11.8199997,11.8400002,11.5900002,10171300.0,11.5924139
2022-02-23 00:00:00,11.6300001,11.7700005,11.7799997,11.6099997,10136800.0,11.5230579
2022-02-24 00:00:00,11.4799995,11.4099998,11.54,11.1999998,12309300.0,11.3744364
2022-02-25 00:00:00,11.8000002,11.4899998,11.8400002,11.4499998,9811700.0,11.6914949
2022-02-28 00:00:00,11.6300001,11.54,11.6999998,11.4700003,10479100.0,11.5230579
2022-03-01 00:00:00,11.2600002,11.5699997,11.6700001,11.1999998,9725100.0,11.1564598
2022-03-02 00:00:00,11.4200001,11.2600002,11.4799995,11.2399998,6906800.0,11.3149891
2022-03-03 00:00:00,11.3500004,11.46,11.5299997,11.3000002,11065000.0,11.2456331
2022-03-04 00:00:00,11.29,11.1999998,11.3100004,11.1000004,5951200.0,11.1861839
2022-03-07 00:00:00,10.79,11.1700001,11.1999998,10.79,11140100.0,10.6907816
2022-03-08 00:00:00,10.9399996,10.8299999,11.2399998,10.6599998,14021000.0,10.8394022
2022-03-09 00:00:00,11.0900002,11.1599998,11.1999998,11.0200005,6575800.0,10.9880238
2022-03-10 00:00:00,10.8999996,10.9200001,11.04,10.7399998,8637200.0,10.7997704
2022-03-11 00:00:00,10.8999996,10.9700003,11.04,10.8800001,8134700.0,10.7997704
2022-03-14 00:00:00,11.29,11.0500002,11.54,11.0200005,11006700.0,11.1861839
2022-03-15 00:00:00,11.2399998,11.2799997,11.3199997,11.1300001,7059700.0,11.1366434
2022-03-16 00:00:00,11.46,11.29,11.5100002,11.21,7814900.0,11.3546209
2022-03-17 00:00:00,11.6099997,11.4200001,11.6700001,11.3800001,6971800.0,11.5032415
2022-03-18 00:00:00,11.6700001,11.6400003,11.6899996,11.4300003,15477600.0,11.5626898
2022-03-21 00:00:00,11.46,11.6999998,11.7399998,11.3900003,6674300.0,11.3546209
2022-03-22 00:00:00,11.4499998,11.5299997,11.6199999,11.4099998,7917100.0,11.3447123
2022-03-23 00:00:00,11.2200003,11.3699999,11.4099998,11.21,5450000.0,11.116828
2022-03-24 00:00:00,11.2799997,11.2200003,11.3000002,11.1499996,4076100.0,11.1762762
2022-03-25 00:00:00,11.3400002,11.2399998,11.4399996,11.2399998,7171700.0,11.2357244
2022-03-28 00:00:00,11.3500004,11.3400002,11.3699999,11.1800003,8092900.0,11.2456331
2022-03-29 00:00:00,11.5699997,11.4799995,11.6099997,11.3900003,7160300.0,11.4636087
2022-03-30 00:00:00,11.5299997,11.5699997,11.5799999,11.46,4792600.0,11.4239769
2022-03-31 00:00:00,11.3299999,11.54,11.5900002,11.3199997,7659100.0,11.2258158
2022-04-01 00:00:00,11.54,11.4499998,11.54,11.3400002,7980900.0,11.4338856
2022-04-04 00:00:00,11.4799995,11.46,11.5200005,11.3299999,5653000.0,11.3744364
2022-04-05 00:00:00,11.4799995,11.4899998,11.6199999,11.4300003,4940800.0,11.3744364
2022-04-06 00:00:00,11.5,11.3900003,11.54,11.3500004,6261300.0,11.3942528
2022-04-07 00:00:00,11.5299997,11.4799995,11.5900002,11.3599997,6043500.0,11.4239769
2022-04-08 00:00:00,11.7200003,11.5900002,11.79,11.5100002,5900800.0,11.6122303
2022-04-11 00:00:00,11.7299995,11.7600002,11.8699999,11.71,4770100.0,11.622138
2022-04-12 00:00:00,11.6599998,11.75,11.8299999,11.5900002,3042300.0,11.5527821
2022-04-13 00:00:00,11.6999998,11.6899996,11.7399998,11.6000004,4212000.0,11.5924139
2022-04-14 00:00:00,11.6700001,11.7299995,11.8000002,11.6700001,3345200.0,11.5626898
2022-04-18 00:00:00,11.5299997,11.6199999,11.7200003,11.5100002,3211300.0,11.4239769
2022-04-19 00:00:00,11.7600002,11.4899998,11.8000002,11.4899998,4107400.0,11.6518621
2022-04-20 00:00:00,12.0100002,11.8400002,12.0600004,11.8000002,6940900.0,11.8995638
2022-04-21 00:00:00,11.9300003,12.0799999,12.1199999,11.8999996,5609800.0,11.8202991
2022-04-22 00:00:00,11.5799999,11.8900003,11.8900003,11.5699997,4744100.0,11.4735174
2022-04-25 00:00:00,11.6499996,11.5600004,11.6599998,11.3500004,8122100.0,11.5428734
2022-04-26 00:00:00,11.6099997,11.6199999,11.71,11.4899998,20103900.0,11.5032415
2022-04-27 00:00:00,12.0200005,11.6000004,12.0799999,11.5699997,28136300.0,11.9094715
2022-04-28 00:00:00,12.1400003,12.0299997,12.1999998,11.8000002,14580100.0,12.028368
2022-04-29 00:00:00,11.8599997,12.1899996,12.2799997,11.8100004,17666700.0,11.7509422
2022-05-02 00:00:00,11.6999998,11.8599997,11.9499998,11.5200005,12552400.0,11.5924139
2022-05-03 00:00:00,11.9700003,11.75,12.0600004,11.6700001,11365700.0,11.8599319
2022-05-04 00:00:00,13.1199999,12.6700001,13.1800003,12.3699999,28923700.0,12.9993563
2022-05-05 00:00:00,12.6400003,12.8800001,12.8800001,12.5,22552500.0,12.5237703
2022-05-06 00:00:00,12.8100004,12.6300001,12.9200001,12.4899998,16675400.0,12.6922073
2022-05-09 00:00:00,12.6099997,12.6899996,12.8100004,12.5799999,17452900.0,12.4940462
2022-05-10 00:00:00,12.5600004,12.7299995,12.7799997,12.3999996,15696500.0,12.4445066
2022-05-11 00:00:00,12.5100002,12.4799995,12.8000002,12.4399996,19237200.0,12.3949661
2022-05-12 00:00:00,12.5699997,12.5,12.6599998,12.4200001,13227600.0,12.4544134
2022-05-13 00:00:00,12.7700005,12.6700001,12.8699999,12.6099997,12762600.0,12.6525755
2022-05-16 00:00:00,12.9399996,12.71,13.0100002,12.6999998,11587800.0,12.8210115
2022-05-17 00:00:00,13.3299999,13.1599998,13.3699999,13.04,13540800.0,13.2074251
2022-05-18 00:00:00,12.7299995,13.21,13.21,12.6700001,12942100.0,12.6129427
2022-05-19 00:00:00,12.96,12.6199999,13.0699997,12.6099997,14060800.0,12.8408279
2022-05-20 00:00:00,12.9300003,13.0799999,13.1199999,12.6800003,16514000.0,12.8111038
2022-05-23 00:00:00,13.0500002,13.0799999,13.2399998,12.96,12764400.0,12.9300003
2022-05-24 00:00:00,12.96,12.8900003,12.9799995,12.6899996,10182600.0,12.96
2022-05-25 00:00:00,12.9700003,12.9399996,13.04,12.8299999,10125900.0,12.9700003
