date,close,open,high,low,volume,adjclose
2012-05-14 00:00:00,37.9300003,37.5833321,38.2133331,37.3533325,2561100.0,26.5157242
2012-05-15 00:00:00,37.6633339,37.9166679,38.3400002,37.6199989,1897200.0,26.3293076
2012-05-16 00:00:00,37.0299988,37.9266663,38.0566673,37.0166664,2839200.0,25.8865662
2012-05-17 00:00:00,36.0999985,37.1033325,37.126667,36.0933342,3055200.0,25.2364254
2012-05-18 00:00:00,35.8199997,36.2566681,36.2933311,35.6166687,4833900.0,25.0406818
2012-05-21 00:00:00,36.3400002,35.9433327,36.4000015,35.7033348,4086900.0,25.4042034
2012-05-22 00:00:00,35.9599991,36.3199997,36.9333344,35.7599983,4536900.0,25.1385517
2012-05-23 00:00:00,35.7799988,35.7000008,35.8633347,35.0366669,4686000.0,25.0127258
2012-05-24 00:00:00,36.0,36.1533318,36.1533318,35.4366684,4024200.0,25.1665192
2012-05-25 00:00:00,35.5966682,35.9399986,36.1066666,35.5499992,3305100.0,24.8845711
2012-05-29 00:00:00,36.2200012,35.9099998,36.4366684,35.9099998,2598000.0,25.3203182
2012-05-30 00:00:00,35.5666656,35.9066658,35.9266663,35.5200005,2577300.0,24.8635921
2012-05-31 00:00:00,35.5966682,35.7033348,35.8600006,35.3033333,3036600.0,24.8845711
2012-06-01 00:00:00,34.0166664,34.5066681,34.6633339,33.6366653,5910600.0,23.7800312
2012-06-04 00:00:00,34.2433319,34.003334,34.3266678,33.8366661,3530400.0,23.9384842
2012-06-05 00:00:00,34.7799988,34.2099991,34.8600006,34.0766678,3378000.0,24.3136501
2012-06-06 00:00:00,35.6699982,34.9933319,35.6866684,34.9633331,2826000.0,24.9358253
2012-06-07 00:00:00,36.0466652,36.3366661,37.0166664,35.9199982,5830500.0,25.1991386
2012-06-08 00:00:00,36.0333328,35.7766685,36.0433311,35.1533318,3667800.0,25.1898232
2012-06-11 00:00:00,35.1366653,36.4066658,36.4199982,35.0966682,3892200.0,24.5629749
2012-06-12 00:00:00,35.4133339,35.0200005,35.4399986,34.6033325,2996100.0,24.7563992
2012-06-13 00:00:00,34.9033318,34.9833336,35.376667,34.7966652,2397600.0,24.399868
2012-06-14 00:00:00,35.2133331,34.9533348,35.2933311,34.8300018,2457300.0,24.6165848
2012-06-15 00:00:00,36.3933334,35.5400009,36.4033318,35.4799995,5459100.0,25.4414959
2012-06-18 00:00:00,35.7366676,36.0666656,36.1166687,35.6800003,2511900.0,24.9824409
2012-06-19 00:00:00,36.4066658,35.9933319,36.5866661,35.9033318,2196000.0,25.4507999
2012-06-20 00:00:00,36.0200005,36.4900017,36.5499992,35.6833344,3965700.0,25.1805115
2012-06-21 00:00:00,34.7400017,36.1466675,36.2400017,34.7099991,3416100.0,24.2856979
2012-06-22 00:00:00,34.8100014,34.9199982,35.123333,34.7200012,8751900.0,24.3346291
2012-06-25 00:00:00,34.3499985,34.2033348,34.4900017,34.0333328,2489100.0,24.0130577
2012-06-26 00:00:00,34.5099983,34.4300003,34.6466675,34.2433319,1858200.0,24.1249104
2012-06-27 00:00:00,35.1133347,34.5466652,35.25,34.2866669,3434400.0,24.6108608
2012-06-28 00:00:00,35.2900009,34.7966652,35.3266678,34.753334,2023200.0,24.7346802
2012-06-29 00:00:00,36.996666,36.2333336,36.996666,36.1466675,2958600.0,25.9308872
2012-07-02 00:00:00,37.3033333,37.0266685,37.3333321,36.8266678,1829100.0,26.1458263
2012-07-03 00:00:00,37.9733315,37.3566666,38.0600014,37.1633339,1260900.0,26.6154308
2012-07-05 00:00:00,37.6899986,37.6333313,37.9233322,37.6333313,2450700.0,26.4168396
2012-07-06 00:00:00,37.1766663,37.2099991,37.3233337,36.8100014,2010300.0,26.0570507
2012-07-09 00:00:00,36.8800011,36.5566673,37.246666,36.5299988,1406100.0,25.8491173
2012-07-10 00:00:00,36.5499992,37.2266655,37.5433311,36.3966675,2393100.0,25.6178112
2012-07-11 00:00:00,36.5299988,36.4799995,36.9000015,36.2033348,2921100.0,25.6038036
2012-07-12 00:00:00,36.3266678,36.0733337,36.5233345,35.9199982,2083500.0,25.4612923
2012-07-13 00:00:00,37.9599991,36.4566689,37.9866676,36.4533348,2538900.0,26.6060944
2012-07-16 00:00:00,37.4833336,37.9599991,37.9799995,37.2933311,1945500.0,26.2719898
2012-07-17 00:00:00,37.7266655,37.6533318,37.9633331,37.1199989,2030700.0,26.4425335
2012-07-18 00:00:00,37.7700005,37.4866676,37.9566689,37.4633331,1445700.0,26.4729118
2012-07-19 00:00:00,37.7999992,37.75,37.9300003,37.4833336,1596600.0,26.4939461
2012-07-20 00:00:00,36.7833328,37.4733315,37.6300011,36.7700005,4476000.0,25.7813606
2012-07-23 00:00:00,36.2633324,36.2066689,36.5200005,35.3266678,3685500.0,25.4168949
2012-07-24 00:00:00,35.7900009,36.2299995,36.3466682,35.6199989,3766800.0,25.0851364
2012-07-25 00:00:00,35.5966682,35.9633331,36.1466675,35.5833321,3344400.0,24.9496422
2012-07-26 00:00:00,36.1066666,36.3366661,36.496666,35.7866669,3133200.0,25.3070927
2012-07-27 00:00:00,37.4033318,36.4799995,37.6766663,36.3933334,5144400.0,26.2159195
2012-07-30 00:00:00,38.4633331,37.8933334,38.6133347,37.75,3264600.0,26.9588718
2012-07-31 00:00:00,38.3166656,38.3033333,38.6433334,38.0099983,3663300.0,26.8560753
2012-08-01 00:00:00,37.7033348,38.5099983,38.7966652,37.6366653,2817900.0,26.4261818
2012-08-02 00:00:00,36.9933319,37.2033348,37.5433311,36.7599983,2791200.0,25.928545
2012-08-03 00:00:00,37.8333321,37.6300011,38.1500015,37.6300011,2302800.0,26.5172977
2012-08-06 00:00:00,38.0099983,37.9833336,38.3600006,37.9233322,1370400.0,26.6411285
2012-08-07 00:00:00,39.0433311,38.2133331,39.2266655,38.2000008,2652600.0,27.3653889
2012-08-08 00:00:00,38.8366661,38.8866653,39.3300018,38.6733322,1837800.0,27.2205429
2012-08-09 00:00:00,38.7266655,38.8033333,39.1100006,38.5400009,999900.0,27.1434422
2012-08-10 00:00:00,38.7433319,38.6633339,38.8433342,38.4199982,1123800.0,27.1551266
2012-08-13 00:00:00,38.5733337,38.5433311,38.7299995,38.2933311,1078500.0,27.0359726
2012-08-14 00:00:00,38.8033333,38.8499985,38.9333344,38.5966682,1373100.0,27.1971684
2012-08-15 00:00:00,39.3300018,38.6933327,39.4300003,38.5999985,2029200.0,27.5663204
2012-08-16 00:00:00,39.9233322,39.3066673,39.9633331,39.1566658,1967700.0,27.982172
2012-08-17 00:00:00,39.9766655,39.8666687,40.0066681,39.5733337,1502700.0,28.0195618
2012-08-20 00:00:00,39.5733337,39.8933334,39.9700012,39.5,1820700.0,27.7368622
2012-08-21 00:00:00,39.2866669,39.7366676,40.0166664,39.1100006,2278800.0,27.5359478
2012-08-22 00:00:00,39.4700012,39.2566681,39.6033325,39.1333313,1738800.0,27.6644402
2012-08-23 00:00:00,39.3499985,39.4533348,39.4833336,39.1366653,1792800.0,27.5803242
2012-08-24 00:00:00,39.7000008,39.2266655,39.7933311,39.1566658,1976700.0,27.8256474
2012-08-27 00:00:00,39.3266678,39.7966652,39.8899994,39.2400017,1713300.0,27.5639782
2012-08-28 00:00:00,39.3866653,39.1833344,39.7033348,39.1699982,1839900.0,27.6060333
2012-08-29 00:00:00,39.3533325,39.5099983,39.5133324,39.2000008,1999500.0,27.5826683
2012-08-30 00:00:00,38.9566689,39.0699997,39.1866684,38.7566681,1309800.0,27.3046455
2012-08-31 00:00:00,39.1333313,39.2366676,39.3666687,38.9266663,1247100.0,27.4284725
2012-09-04 00:00:00,39.1966667,39.0266685,39.3466682,38.8699989,1623900.0,27.4728603
2012-09-05 00:00:00,39.0099983,39.3066673,39.4599991,38.9333344,1372800.0,27.3420296
2012-09-06 00:00:00,40.1899986,39.3666687,40.2333336,39.3666687,1346700.0,28.1690903
2012-09-07 00:00:00,40.4533348,40.3066673,40.4900017,40.1333313,2163900.0,28.3536549
2012-09-10 00:00:00,40.4500008,40.3333321,40.7233315,40.3100014,1374600.0,28.3513184
2012-09-11 00:00:00,40.626667,40.4500008,40.8333321,40.3133316,1284000.0,28.4751492
2012-09-12 00:00:00,41.2266655,40.7299995,41.2599983,40.6566658,1533900.0,28.8956776
2012-09-13 00:00:00,42.126667,41.2933311,42.2333336,40.9933319,2010300.0,29.5264854
2012-09-14 00:00:00,42.6666679,42.1033325,42.7333336,42.0433311,1863600.0,29.9049797
2012-09-17 00:00:00,42.1666679,42.5,42.7233315,42.0699997,1659300.0,29.554533
2012-09-18 00:00:00,41.7766685,42.0600014,42.2166672,41.6166687,1927800.0,29.2811775
2012-09-19 00:00:00,42.0666656,42.0,42.1500015,41.5966682,1857300.0,29.484436
2012-09-20 00:00:00,41.7833328,41.8266678,42.0,41.5266685,2088900.0,29.2858467
2012-09-21 00:00:00,41.7066689,41.7833328,42.2799988,41.6633339,2817300.0,29.2321167
2012-09-24 00:00:00,41.7866669,41.5433311,42.0266685,41.3133316,1563600.0,29.2881908
2012-09-25 00:00:00,41.4566689,42.1133347,42.2000008,41.4433327,2163600.0,29.0568962
2012-09-26 00:00:00,41.0933342,41.5600014,41.5800018,41.003334,1615800.0,28.8648987
2012-09-27 00:00:00,41.6133347,41.3833313,41.7266655,41.0866661,1446300.0,29.2301655
2012-09-28 00:00:00,41.6899986,41.4000015,41.746666,41.1533318,2290800.0,29.2840118
2012-10-01 00:00:00,41.9500008,41.7666664,42.5366669,41.7666664,2510400.0,29.4666348
2012-10-02 00:00:00,42.0066681,42.1033325,42.1866684,41.7633324,1397100.0,29.5064354
2012-10-03 00:00:00,42.1366653,42.2366676,42.3300018,41.6399994,1285800.0,29.5977573
2012-10-04 00:00:00,43.0900002,42.3699989,43.0966682,42.2866669,1890600.0,30.2674046
2012-10-05 00:00:00,43.1066666,43.1800003,43.746666,42.876667,1535700.0,30.2791119
2012-10-08 00:00:00,43.0433311,42.7799988,43.1766663,42.7633324,1162500.0,30.2346096
2012-10-09 00:00:00,42.8600006,43.1300011,43.2433319,42.6599998,1245300.0,30.1058388
2012-10-10 00:00:00,42.4399986,42.9099998,42.9933319,42.2700005,1643100.0,29.8108215
2012-10-11 00:00:00,42.7599983,42.9266663,43.0900002,42.6833344,1047000.0,30.0355968
2012-10-12 00:00:00,42.4333344,42.7900009,43.0066681,42.246666,1315500.0,29.806139
2012-10-15 00:00:00,42.9300003,43.4533348,43.4533348,42.3199997,1443900.0,30.1549969
2012-10-16 00:00:00,43.7833328,43.0066681,43.9266663,42.9866676,1774500.0,30.7544079
2012-10-17 00:00:00,44.4466667,43.9099998,44.6300011,43.6300011,2626500.0,31.220356
2012-10-18 00:00:00,44.3966675,44.3333321,44.6366653,44.0933342,1712700.0,31.1852322
2012-10-19 00:00:00,43.5099983,44.3633347,44.4833336,43.4500008,2082600.0,30.5624142
2012-10-22 00:00:00,43.7033348,43.3600006,43.9233322,43.3233337,1514400.0,30.6982136
2012-10-23 00:00:00,42.7099991,43.0533333,43.0866661,42.4833336,2365500.0,30.0004807
2012-10-24 00:00:00,42.8033333,43.0566673,43.126667,42.6633339,1926000.0,30.0660286
2012-10-25 00:00:00,42.1100006,42.3333321,42.5466652,41.5933342,3450600.0,29.5790215
2012-10-26 00:00:00,42.6666679,42.7666664,42.8933334,41.7799988,2569800.0,29.9700336
2012-10-31 00:00:00,42.5999985,42.6833344,42.9333344,42.2566681,2169000.0,29.9232082
2012-11-01 00:00:00,44.1800003,42.6166687,44.1866684,42.3400002,2672100.0,31.0330486
2012-11-02 00:00:00,43.9833336,44.3466682,44.5533333,43.9833336,3042900.0,30.8948956
2012-11-05 00:00:00,43.6833344,43.8366661,44.0266685,43.3133316,1718400.0,30.6841679
2012-11-06 00:00:00,44.0566673,43.8066673,44.3533325,43.7599983,1412400.0,30.9464092
2012-11-07 00:00:00,43.0933342,42.8199997,43.7866669,42.6433334,2154900.0,30.2697353
2012-11-08 00:00:00,42.7000008,43.0933342,43.7433319,42.6966667,1936500.0,29.993454
2012-11-09 00:00:00,42.9666672,42.6199989,43.2866669,42.2266655,2277900.0,30.1807728
2012-11-12 00:00:00,43.1633339,43.1666679,43.2599983,42.8966675,1718700.0,30.3189125
2012-11-13 00:00:00,43.2866669,42.8933334,43.8300018,42.6633339,1837500.0,30.40555
2012-11-14 00:00:00,42.4833336,43.3933334,43.6666679,42.3699989,1920600.0,29.8412514
2012-11-15 00:00:00,42.5699997,42.5433311,42.9700012,42.1933327,2378100.0,29.9021397
2012-11-16 00:00:00,42.7066689,42.8899994,43.3333321,42.0333328,2445600.0,29.9981346
2012-11-19 00:00:00,43.5266685,43.1599998,43.5266685,42.8800011,2960700.0,30.5741367
2012-11-20 00:00:00,43.5666656,43.3699989,43.7566681,42.9300003,1795800.0,30.602211
2012-11-21 00:00:00,43.8699989,43.6066666,43.876667,43.4333344,1049700.0,30.8152924
2012-11-23 00:00:00,44.3933334,44.1333313,44.3933334,43.9199982,451200.0,31.1828938
2012-11-26 00:00:00,44.0166664,44.0333328,44.3066673,43.6866684,1488900.0,30.9183178
2012-11-27 00:00:00,43.8833313,43.8866653,44.0699997,43.7133331,1682700.0,30.8246517
2012-11-28 00:00:00,43.8433342,43.6166687,43.9666672,43.3666687,1749000.0,30.7965527
2012-11-29 00:00:00,44.2066689,44.1466675,44.3699989,43.9133339,948900.0,31.0517731
2012-11-30 00:00:00,44.0066681,44.2433319,44.2433319,43.9033318,2117400.0,30.9112797
2012-12-03 00:00:00,44.0233345,44.3199997,44.3199997,43.9266663,2181900.0,30.9229927
2012-12-04 00:00:00,42.9066658,43.0233345,43.2099991,42.6866684,1466700.0,30.8391323
2012-12-05 00:00:00,42.5299988,42.9733315,43.3266678,42.2666664,2357700.0,30.568409
2012-12-06 00:00:00,42.4366684,42.5433311,42.5933342,42.0699997,2160900.0,30.5013332
2012-12-07 00:00:00,42.5600014,42.6100006,42.8199997,42.2066689,1206900.0,30.5899792
2012-12-10 00:00:00,42.4700012,42.4900017,42.6333313,42.2833328,1922400.0,30.5252724
2012-12-11 00:00:00,42.4633331,42.3800011,42.6466675,42.2366676,2031900.0,30.5204906
2012-12-12 00:00:00,42.2066689,42.4633331,42.6733322,42.1100006,2098500.0,30.4052296
2012-12-13 00:00:00,42.2733345,42.1933327,42.4233322,42.0466652,1733100.0,30.4532566
2012-12-14 00:00:00,42.3300018,42.2433319,42.6666679,42.1300011,2377500.0,30.4940872
2012-12-17 00:00:00,42.9399986,42.5666656,43.0066681,42.1966667,2054400.0,30.9335175
2012-12-18 00:00:00,42.8233337,43.0699997,43.0699997,42.7366676,2880300.0,30.8494701
2012-12-19 00:00:00,42.9366684,42.9266663,43.4633331,42.7633324,1704600.0,30.9311275
2012-12-20 00:00:00,43.1366653,43.0333328,43.3066673,42.8633347,1792500.0,31.0751953
2012-12-21 00:00:00,42.7766685,42.503334,42.8866653,42.5,3511800.0,30.8158531
2012-12-24 00:00:00,42.8033333,42.7433319,42.9766655,42.2400017,1436700.0,30.8350658
2012-12-26 00:00:00,42.2099991,42.8300018,42.8300018,42.2000008,1155000.0,30.4076347
2012-12-27 00:00:00,42.0999985,42.2833328,42.2833328,41.5900002,1538100.0,30.3283901
2012-12-28 00:00:00,41.5533333,41.7433319,41.9866676,41.5233345,1482300.0,29.9345703
2012-12-31 00:00:00,41.9000015,41.5099983,41.996666,41.3366661,2783100.0,30.184309
2013-01-02 00:00:00,43.3233337,42.8666687,43.3266678,42.6699982,1933200.0,31.2096767
2013-01-03 00:00:00,43.2633324,43.3633347,43.5333328,43.0566673,2237700.0,31.166441
2013-01-04 00:00:00,43.8233337,43.3933334,43.8666687,43.2866669,1828500.0,31.5698681
2013-01-07 00:00:00,43.5099983,43.5233345,43.7366676,43.376667,1923300.0,31.3441448
2013-01-08 00:00:00,44.0600014,43.496666,44.0633316,43.1199989,2694000.0,31.7403545
2013-01-09 00:00:00,43.7900009,44.1566658,44.1566658,43.5999985,2392200.0,31.5458431
2013-01-10 00:00:00,44.6699982,44.1133347,44.6966667,43.9666672,2214600.0,32.1797905
2013-01-11 00:00:00,45.2200012,44.6366653,45.2400017,44.4833336,2075700.0,32.5760078
2013-01-14 00:00:00,45.1933327,45.1500015,45.2999992,44.873333,1483500.0,32.5567894
2013-01-15 00:00:00,45.2000008,44.8800011,45.2700005,44.8800011,1013700.0,32.5616035
2013-01-16 00:00:00,45.1899986,45.1566658,45.4166679,44.9300003,1533000.0,32.5543938
2013-01-17 00:00:00,45.2933311,45.2999992,45.5900002,45.2066689,1797000.0,32.6288452
2013-01-18 00:00:00,44.4633331,44.1666679,44.5333328,43.8866653,7918200.0,32.0309067
2013-01-22 00:00:00,44.4633331,44.4466667,44.6933327,44.3233337,3216600.0,32.0309067
2013-01-23 00:00:00,44.246666,44.3199997,44.4833336,44.1833344,2758500.0,31.8748226
2013-01-24 00:00:00,44.2966652,44.3600006,44.7200012,44.1766663,1992900.0,31.9108486
2013-01-25 00:00:00,44.8266678,44.4566689,44.8333321,44.2933311,2803800.0,32.2926598
2013-01-28 00:00:00,45.3366661,44.7666664,45.4566689,44.6500015,3410400.0,32.6600494
2013-01-29 00:00:00,45.9700012,45.3333321,46.1500015,45.0200005,3354900.0,33.1162987
2013-01-30 00:00:00,45.7733345,45.9866676,46.0600014,45.7033348,2038800.0,32.9746246
2013-01-31 00:00:00,45.626667,45.6933327,45.876667,45.4533348,3416400.0,32.8689537
2013-02-01 00:00:00,46.5900002,46.6800003,46.9366684,45.3566666,3899100.0,33.5629349
2013-02-04 00:00:00,46.25,46.3966675,46.7633324,46.1466675,2853300.0,33.3180046
2013-02-05 00:00:00,46.7099991,46.4633331,46.8199997,46.3633347,1700700.0,33.6493912
2013-02-06 00:00:00,46.8533325,46.2833328,46.8866653,46.2833328,2311800.0,33.7526398
2013-02-07 00:00:00,46.5433311,46.6333313,46.9099998,46.2366676,1579800.0,33.5293121
2013-02-08 00:00:00,46.7333336,46.6066666,46.8899994,46.5366669,1263300.0,33.6662025
2013-02-11 00:00:00,46.7200012,46.6500015,46.8300018,46.5566673,1322100.0,33.6565895
2013-02-12 00:00:00,47.4166679,46.9733315,47.4700012,46.9266663,2490300.0,34.1584549
2013-02-13 00:00:00,47.5166664,47.4099998,47.5866661,47.2200012,1505700.0,34.2304878
2013-02-14 00:00:00,48.1433334,47.3499985,48.1800003,47.126667,2801700.0,34.681942
2013-02-15 00:00:00,48.1866684,48.0166664,48.1966667,47.8499985,2812200.0,34.7131653
2013-02-19 00:00:00,48.6933327,48.1800003,48.7099991,48.0433311,2190000.0,35.0781555
2013-02-20 00:00:00,47.6933327,48.5866661,48.6633339,47.6733322,2912400.0,34.3577538
2013-02-21 00:00:00,46.9466667,47.6033325,47.6033325,46.8699989,2008800.0,33.8198776
2013-02-22 00:00:00,47.746666,47.2733345,47.7633324,47.2733345,1583400.0,34.3961945
2013-02-25 00:00:00,46.6533318,47.996666,48.0633316,46.6533318,1865100.0,33.6085701
2013-02-26 00:00:00,46.5,46.8966675,47.1166687,46.3666687,2079000.0,33.4981003
2013-02-27 00:00:00,47.2733345,46.4566689,47.3966675,46.3600006,994200.0,34.0552101
2013-02-28 00:00:00,47.0833321,47.2833328,47.4766655,47.0466652,1626000.0,33.9183273
2013-03-01 00:00:00,46.9433327,46.6933327,47.0233345,46.3199997,2821200.0,33.8174706
2013-03-04 00:00:00,47.4433327,46.9166679,47.4766655,46.7233315,1184700.0,34.1776733
2013-03-05 00:00:00,48.3566666,47.7266655,48.5699997,47.7266655,2238600.0,34.8356285
2013-03-06 00:00:00,48.7333336,48.6333313,48.8666687,48.4733315,1371600.0,35.1069641
2013-03-07 00:00:00,48.7333336,48.8066673,48.8300018,48.4533348,1424400.0,35.1069641
2013-03-08 00:00:00,48.9466667,49.0900002,49.1466675,48.4566689,1246500.0,35.2606544
2013-03-11 00:00:00,49.3199997,48.8466682,49.3333321,48.8033333,1366800.0,35.5296135
2013-03-12 00:00:00,49.3833313,49.3300018,49.4366684,49.0366669,1351200.0,35.575222
2013-03-13 00:00:00,49.6133347,49.3800011,49.7000008,49.246666,1893600.0,35.7409134
2013-03-14 00:00:00,50.0299988,49.7933311,50.2000008,49.7166672,1900200.0,36.041069
2013-03-15 00:00:00,49.9666672,49.876667,50.0600014,48.2933311,3665400.0,35.9954567
2013-03-18 00:00:00,49.3966675,49.4099998,49.6033325,49.3199997,2824200.0,35.5848389
2013-03-19 00:00:00,49.2933311,49.5299988,49.6966667,48.9866676,1735500.0,35.5103874
2013-03-20 00:00:00,49.7066689,49.6433334,49.9533348,49.5266685,1764000.0,35.8081474
2013-03-21 00:00:00,49.0466652,49.4566689,49.6100006,49.0,1741500.0,35.3326988
2013-03-22 00:00:00,49.5466652,49.3166656,49.5600014,49.1466675,1221900.0,35.6928825
2013-03-25 00:00:00,49.4900017,49.753334,49.8866653,49.3400002,1395600.0,35.6520576
2013-03-26 00:00:00,50.2400017,49.6199989,50.2733345,49.4000015,2391000.0,36.2631874
2013-03-27 00:00:00,49.8566666,49.7933311,49.9133339,49.5633316,1442100.0,35.9864998
2013-03-28 00:00:00,50.2700005,49.876667,50.3466682,49.7266655,1516500.0,36.2848396
2013-04-01 00:00:00,49.8966675,50.2166672,50.4500008,49.7200012,1114800.0,36.015358
2013-04-02 00:00:00,50.2033348,50.0333328,50.3300018,49.8400002,1200600.0,36.2367249
2013-04-03 00:00:00,48.6633339,50.2833328,50.2833328,48.503334,1702200.0,35.1251526
2013-04-04 00:00:00,49.7433319,48.6566658,49.8066673,48.6566658,2992500.0,35.9046898
2013-04-05 00:00:00,49.3566666,48.8400002,49.4166679,48.5733337,1604700.0,35.6255989
2013-04-08 00:00:00,49.8233337,49.3899994,49.8366661,49.0433311,1045800.0,35.9624443
2013-04-09 00:00:00,50.5800018,49.9000015,50.8199997,49.75,1869900.0,36.5085907
2013-04-10 00:00:00,51.7299995,50.8366661,51.9500008,50.7799988,2057700.0,37.3386688
2013-04-11 00:00:00,52.003334,51.6566658,52.2099991,51.3833313,1427400.0,37.5359573
2013-04-12 00:00:00,51.7566681,51.7733345,51.9366684,51.3499985,1034100.0,37.3579292
2013-04-15 00:00:00,50.0699997,51.6133347,51.6666679,50.0600014,1307400.0,36.1404762
2013-04-16 00:00:00,50.9366684,50.496666,51.003334,50.1800003,1569300.0,36.7660446
2013-04-17 00:00:00,49.2733345,50.3966675,50.4000015,49.0,1881600.0,35.5654564
2013-04-18 00:00:00,48.2433319,49.3666687,49.5133324,48.0333328,1796100.0,34.8219948
2013-04-19 00:00:00,48.9433327,48.5066681,49.0600014,48.3633347,1699800.0,35.3272552
2013-04-22 00:00:00,49.4099998,49.1566658,49.5333328,48.6833344,1146000.0,35.6641006
2013-04-23 00:00:00,50.5966682,49.5099983,50.7200012,49.4733315,1618800.0,36.5206261
2013-04-24 00:00:00,50.8199997,50.8100014,51.0733337,50.5466652,1511400.0,36.6818428
2013-04-25 00:00:00,51.3699989,51.0900002,51.5366669,50.7833328,1327500.0,37.0788269
2013-04-26 00:00:00,51.2033348,51.3800011,51.626667,51.1333313,1367400.0,36.9585266
2013-04-29 00:00:00,51.626667,51.3566666,51.7999992,51.2433319,1115100.0,37.2640877
2013-04-30 00:00:00,51.5533333,51.7999992,52.75,51.3966675,1891200.0,37.2111588
2013-05-01 00:00:00,51.2066689,51.5699997,51.8433342,51.0666656,2048400.0,36.9609261
2013-05-02 00:00:00,51.003334,51.1933327,51.2000008,50.6766663,2222700.0,36.8141556
2013-05-03 00:00:00,52.1366653,51.6300011,52.3333321,51.5,1612500.0,37.6322098
2013-05-06 00:00:00,52.5866661,52.1933327,52.7833328,51.9599991,1246800.0,37.9570084
2013-05-07 00:00:00,52.9300003,52.753334,52.9866676,52.3133316,1026000.0,38.204834
2013-05-08 00:00:00,53.4733315,52.9500008,53.5200005,52.7599983,1748100.0,38.5970116
2013-05-09 00:00:00,53.1100006,53.4700012,53.7700005,53.0466652,1709400.0,38.3347511
2013-05-10 00:00:00,53.7366676,53.1566658,53.7400017,53.0200005,919500.0,38.7870789
2013-05-13 00:00:00,54.3633347,54.0,54.7799988,54.0,1995600.0,39.2394142
2013-05-14 00:00:00,55.8033333,54.4533348,55.8933334,54.3266678,1773000.0,40.2787933
2013-05-15 00:00:00,55.5299988,55.5600014,55.6666679,54.8600006,2295300.0,40.081501
2013-05-16 00:00:00,55.3166656,55.2966652,56.253334,55.1466675,1888800.0,39.9275131
2013-05-17 00:00:00,56.1066666,55.5666656,56.1333313,55.0633316,1606200.0,40.4977417
2013-05-20 00:00:00,55.9500008,55.9799995,56.5400009,55.8633347,977400.0,40.3846626
2013-05-21 00:00:00,55.0766678,55.6433334,55.8666687,55.0233345,3039000.0,39.7542953
2013-05-22 00:00:00,54.5499992,55.2166672,56.2366676,54.2566681,2136900.0,39.3741417
2013-05-23 00:00:00,54.0133324,53.5733337,54.1933327,53.2066689,2218200.0,38.9867783
2013-05-24 00:00:00,54.3133316,53.5400009,54.3600006,53.3433342,1311000.0,39.2033119
2013-05-28 00:00:00,54.9366684,54.9833336,55.7333336,54.8933334,1856100.0,39.6532402
2013-05-29 00:00:00,53.9866676,54.5533333,55.0400009,53.6800003,2078700.0,38.9675255
2013-05-30 00:00:00,53.746666,54.0600014,54.6699982,53.6866684,2517300.0,38.7943039
2013-05-31 00:00:00,51.6033325,53.6599998,53.9133339,51.5499992,5000700.0,37.2472458
2013-06-03 00:00:00,51.8266678,51.6666679,51.9166679,50.1666679,4302900.0,37.4084396
2013-06-04 00:00:00,51.4233322,51.8266678,52.4399986,50.9933319,3481200.0,37.1173172
2013-06-05 00:00:00,49.496666,51.3933334,51.5233345,49.4000015,5089200.0,35.7266464
2013-06-06 00:00:00,49.8366661,49.5433311,49.876667,49.2366676,4744800.0,35.9720688
2013-06-07 00:00:00,50.1533318,49.9700012,50.2233315,49.6800003,3617400.0,36.2006302
2013-06-10 00:00:00,50.1333313,50.3333321,50.4300003,50.0200005,2906700.0,36.1861877
2013-06-11 00:00:00,49.0366669,49.4333344,49.8699989,48.8199997,3470400.0,35.3946266
2013-06-12 00:00:00,47.7666664,49.9633331,49.9633331,47.5999985,4640700.0,34.4779396
2013-06-13 00:00:00,49.0333328,47.75,49.1899986,47.5566673,4645800.0,35.3922195
2013-06-14 00:00:00,49.0433311,49.1300011,49.4500008,48.996666,4568700.0,35.3994408
2013-06-17 00:00:00,49.0900002,49.3166656,49.6133347,48.8533325,3201000.0,35.4331245
2013-06-18 00:00:00,50.3066673,49.1866684,50.3833313,48.9633331,2328300.0,36.3113136
2013-06-19 00:00:00,48.4900017,50.2000008,50.2400017,48.4733315,4308900.0,35.000042
2013-06-20 00:00:00,45.8100014,48.0,48.0,45.7233315,6586500.0,33.1316643
2013-06-21 00:00:00,45.6733322,46.5633316,46.5633316,45.503334,6136200.0,33.0328293
2013-06-24 00:00:00,44.6599998,45.5,45.5,44.2166672,5026800.0,32.2999382
2013-06-25 00:00:00,45.753334,45.253334,45.9833336,44.9566689,2987400.0,33.090683
2013-06-26 00:00:00,45.7966652,46.1666679,46.2633324,45.6733322,4122600.0,33.1220245
2013-06-27 00:00:00,46.3100014,46.1399994,46.4866676,45.9199982,2818500.0,33.4932938
2013-06-28 00:00:00,45.3400002,46.1733322,46.2066689,45.1199989,6092100.0,32.7917404
2013-07-01 00:00:00,46.1866684,45.6333313,46.4900017,45.6300011,3964500.0,33.4040871
2013-07-02 00:00:00,46.0800018,46.1500015,46.626667,45.6833344,3371700.0,33.3269386
2013-07-03 00:00:00,45.9866676,45.75,46.1699982,45.5800018,1761900.0,33.2594414
2013-07-05 00:00:00,45.6500015,46.1699982,46.3300018,45.4399986,4059000.0,33.0159454
2013-07-08 00:00:00,45.746666,46.0200005,46.2366676,45.4333344,4081800.0,33.085865
2013-07-09 00:00:00,46.4866676,46.0,46.5299988,45.5166664,3641700.0,33.6210594
2013-07-10 00:00:00,45.6599998,46.7566681,46.7566681,45.5666656,4790700.0,33.0231819
2013-07-11 00:00:00,46.6433334,46.2766685,47.0,46.1100006,5418600.0,33.7343597
2013-07-12 00:00:00,47.8300018,47.1033325,47.8633347,47.0999985,3421500.0,34.5926208
2013-07-15 00:00:00,48.1366653,47.8333321,48.253334,47.5,2658000.0,34.8144035
2013-07-16 00:00:00,48.2999992,48.1366653,48.6599998,48.0699997,2954700.0,34.9325485
2013-07-17 00:00:00,48.7733345,48.8033333,49.1500015,48.5666656,3105900.0,35.274868
2013-07-18 00:00:00,48.7099991,48.9133339,48.9300003,48.4333344,2364300.0,35.2290649
2013-07-19 00:00:00,48.6100006,48.623333,48.7333336,48.0166664,2478000.0,35.1567497
2013-07-22 00:00:00,49.6033325,48.6199989,49.6466675,48.5699997,2412600.0,35.8751564
2013-07-23 00:00:00,49.2000008,49.5499992,49.6333313,49.0400009,1986900.0,35.5834656
2013-07-24 00:00:00,48.7666664,49.4099998,49.5466652,48.6533318,3243900.0,35.2700424
2013-07-25 00:00:00,47.9833336,48.6599998,48.8433342,47.7333336,6413400.0,34.7035141
2013-07-26 00:00:00,48.6599998,47.9799995,48.6699982,47.4500008,2453700.0,35.1929016
2013-07-29 00:00:00,48.0800018,49.1300011,49.1699982,47.5499992,3284600.0,34.7734299
2013-07-30 00:00:00,48.7299995,48.2700005,49.0,48.2700005,2507700.0,35.2435417
2013-07-31 00:00:00,48.8800011,48.9900017,49.4099998,48.6199989,2167200.0,35.3520203
2013-08-01 00:00:00,50.0099983,49.3499985,50.3300018,49.3100014,2018400.0,36.1692772
2013-08-02 00:00:00,49.8899994,49.7799988,50.1300011,49.6100006,1197300.0,36.0824928
2013-08-05 00:00:00,50.0800018,50.0099983,50.3899994,49.7900009,1666500.0,36.2199135
2013-08-06 00:00:00,49.4099998,50.0,50.3199997,49.3300018,2372500.0,35.7353363
2013-08-07 00:00:00,49.4000015,49.2200012,49.6300011,49.0200005,1640900.0,35.7280884
2013-08-08 00:00:00,49.5,49.7599983,49.9500008,49.2700005,1407100.0,35.8004303
2013-08-09 00:00:00,49.3100014,49.4900017,49.8699989,49.2400017,1550200.0,35.6630135
2013-08-12 00:00:00,48.4599991,49.0,49.0299988,48.1899986,2569500.0,35.0482559
2013-08-13 00:00:00,49.0999985,48.6699982,49.1699982,48.1699982,1518400.0,35.5111351
2013-08-14 00:00:00,48.6599998,49.0499992,49.2099991,48.4500008,1512900.0,35.1929016
2013-08-15 00:00:00,47.2999992,48.1899986,48.1899986,47.0,2123200.0,34.209301
2013-08-16 00:00:00,46.6800003,47.1100006,47.2999992,46.3400002,3023800.0,33.7609062
2013-08-19 00:00:00,46.2999992,46.6800003,46.8400002,46.2799988,1833400.0,33.4860458
2013-08-20 00:00:00,46.8400002,46.2999992,47.0,46.25,1534000.0,33.8765945
2013-08-21 00:00:00,46.4500008,46.6100006,47.1399994,46.2299995,1413800.0,33.5945358
2013-08-22 00:00:00,47.75,46.6300011,48.1399994,46.5999985,1725500.0,34.5347481
2013-08-23 00:00:00,46.9700012,47.8100014,47.8100014,46.8800011,1621400.0,33.9706383
2013-08-26 00:00:00,46.9099998,47.0,47.4799995,46.9099998,1731300.0,33.9272385
2013-08-27 00:00:00,45.2000008,46.2799988,46.3600006,45.1500015,2250900.0,32.6904907
2013-08-28 00:00:00,45.25,45.2900009,45.8699989,45.1199989,1774400.0,32.7266464
2013-08-29 00:00:00,46.1800003,45.1500015,46.4199982,45.0600014,2108500.0,33.3992653
2013-08-30 00:00:00,46.1599998,46.25,46.4700012,45.6800003,2903800.0,33.3848076
2013-09-03 00:00:00,46.6199989,46.6800003,46.9900017,46.1899986,2794000.0,33.7174911
2013-09-04 00:00:00,46.9399986,46.4500008,47.0200005,46.2000008,2093400.0,33.9489288
2013-09-05 00:00:00,46.1399994,46.7900009,47.3199997,46.0099983,2317000.0,33.3703308
2013-09-06 00:00:00,47.1100006,46.2000008,47.1699982,45.9500008,3059600.0,34.0718803
2013-09-09 00:00:00,47.0999985,47.2000008,47.3800011,46.8499985,2244000.0,34.0646477
2013-09-10 00:00:00,47.7599983,47.4199982,48.0099983,47.3400002,1889100.0,34.5419807
2013-09-11 00:00:00,48.2999992,47.8199997,48.3199997,47.7400017,3253100.0,34.9325485
2013-09-12 00:00:00,48.2000008,48.1599998,48.3800011,47.9000015,2757500.0,34.8602104
2013-09-13 00:00:00,48.5499992,48.2400017,48.7200012,48.1100006,1674700.0,35.1133499
2013-09-16 00:00:00,50.1899986,49.4799995,50.4300003,49.3100014,2801900.0,36.299469
2013-09-17 00:00:00,50.5400009,50.3400002,50.8199997,50.2599983,2753100.0,36.5526047
2013-09-18 00:00:00,52.6699982,50.5099983,52.9000015,50.1800003,5008800.0,38.0931015
2013-09-19 00:00:00,52.4000015,53.0299988,54.3600006,52.1800003,5108300.0,37.8978233
2013-09-20 00:00:00,51.6899986,52.6599998,52.6599998,51.5400009,4379800.0,37.3843231
2013-09-23 00:00:00,50.8100014,51.6500015,51.6899986,50.7999992,2534200.0,36.7478714
2013-09-24 00:00:00,50.7000008,50.8800011,51.2900009,50.5299988,2177900.0,36.6683159
2013-09-25 00:00:00,50.4399986,50.8400002,51.0,50.2000008,1615800.0,36.4802704
2013-09-26 00:00:00,50.9599991,50.3499985,51.0,50.3499985,1927300.0,36.9295692
2013-09-27 00:00:00,50.8199997,50.4900017,50.8800011,50.4000015,1494700.0,36.8281212
2013-09-30 00:00:00,50.5499992,50.0900002,50.7599983,50.0,2155100.0,36.6324425
2013-10-01 00:00:00,50.8499985,50.5800018,51.1100006,50.5499992,1204200.0,36.8498573
2013-10-02 00:00:00,50.9199982,50.4799995,51.0600014,50.1899986,1659400.0,36.9005966
2013-10-03 00:00:00,50.9599991,50.7200012,51.1199989,50.0200005,2094100.0,36.9295692
2013-10-04 00:00:00,51.6699982,51.0,51.7299995,51.0,1715900.0,37.444088
2013-10-07 00:00:00,50.8199997,51.1500015,51.3699989,50.7599983,1978300.0,36.8281212
2013-10-08 00:00:00,49.5200005,50.8400002,50.8899994,49.4900017,2720500.0,35.8860397
2013-10-09 00:00:00,50.0299988,49.9099998,50.5299988,49.8600006,2175900.0,36.255619
2013-10-10 00:00:00,51.1500015,50.75,51.2599983,50.75,4442500.0,37.0672722
2013-10-11 00:00:00,51.2700005,51.0699997,51.4099998,50.9000015,2363100.0,37.1542244
2013-10-14 00:00:00,51.4500008,50.7999992,51.4700012,50.5099983,1448600.0,37.2846603
2013-10-15 00:00:00,51.1100006,51.3699989,51.6699982,50.9500008,1862200.0,37.0382767
2013-10-16 00:00:00,52.2099991,51.7000008,52.4599991,51.5699997,1963600.0,37.8354225
2013-10-17 00:00:00,53.5099983,51.9700012,53.5999985,51.7999992,1917200.0,38.7775002
2013-10-18 00:00:00,53.8499985,53.6899986,53.9500008,53.3600006,2444300.0,39.02388
2013-10-21 00:00:00,53.8499985,53.7900009,53.9300003,53.3899994,1856000.0,39.02388
2013-10-22 00:00:00,54.1599998,54.0800018,54.3600006,53.8199997,2041800.0,39.248539
2013-10-23 00:00:00,54.2900009,54.0299988,54.3199997,53.7700005,1878100.0,39.3427467
2013-10-24 00:00:00,54.4799995,52.9599991,54.5699997,52.2000008,4063000.0,39.4804459
2013-10-25 00:00:00,54.5,54.6500015,54.9799995,54.4399986,2678900.0,39.4949455
2013-10-28 00:00:00,54.4099998,54.5299988,54.7099991,54.1899986,3091600.0,39.4297142
2013-10-29 00:00:00,54.6800003,54.4300003,54.8600006,54.4099998,1788900.0,39.6253777
2013-10-30 00:00:00,54.2400017,54.7900009,55.1800003,54.1899986,4396900.0,39.3065109
2013-10-31 00:00:00,53.8600006,54.3400002,54.4799995,53.8600006,2214700.0,39.031147
2013-11-01 00:00:00,53.9799995,54.0299988,54.3400002,53.7599983,2088700.0,39.1180954
2013-11-04 00:00:00,53.7900009,54.0800018,54.1599998,53.6399994,1241000.0,38.9804039
2013-11-05 00:00:00,52.4199982,53.5,53.5299988,52.4000015,2642400.0,37.9876099
2013-11-06 00:00:00,53.0800018,52.8199997,53.3100014,52.6699982,1589800.0,38.4658813
2013-11-07 00:00:00,51.9599991,53.4199982,53.4199982,51.9000015,2278300.0,37.6542549
2013-11-08 00:00:00,52.2700005,51.8400002,52.3199997,50.75,4778600.0,37.8789062
2013-11-11 00:00:00,51.8800011,52.3499985,53.1899986,51.6199989,2129500.0,37.5962791
2013-11-12 00:00:00,52.7099991,51.8800011,52.7799988,51.5600014,3495700.0,38.1977615
2013-11-13 00:00:00,53.4599991,52.3300018,53.4900017,52.3300018,2152100.0,38.7412605
2013-11-14 00:00:00,54.2700005,53.5,54.4300003,53.5,1811200.0,39.3282661
2013-11-15 00:00:00,54.1500015,54.4700012,54.5999985,53.7999992,1901500.0,39.2413025
2013-11-18 00:00:00,53.8100014,54.25,54.3400002,53.7400017,1890200.0,38.9949074
2013-11-19 00:00:00,53.7900009,53.6800003,54.1500015,53.4799995,1542800.0,38.9804039
2013-11-20 00:00:00,53.5800018,53.7000008,54.3499985,53.3499985,1819500.0,38.828228
2013-11-21 00:00:00,54.5200005,53.9099998,54.5800018,53.7099991,1145600.0,39.5094299
2013-11-22 00:00:00,55.6500015,54.9900017,55.7000008,54.5999985,1866700.0,40.3283081
2013-11-25 00:00:00,55.4199982,55.7200012,55.7700005,55.3800011,1677800.0,40.1616364
2013-11-26 00:00:00,55.1300011,55.2999992,55.4500008,55.1300011,1183600.0,39.9514923
2013-11-27 00:00:00,55.4700012,55.1399994,55.5099983,55.0600014,1164600.0,40.197876
2013-11-29 00:00:00,55.3899994,55.6399994,55.7700005,55.3400002,1145200.0,40.1399002
2013-12-02 00:00:00,55.5099983,55.4300003,55.9599991,55.25,1944000.0,40.2268524
2013-12-03 00:00:00,54.8800011,55.2400017,55.3800011,54.5200005,2278400.0,39.7703094
2013-12-04 00:00:00,54.5499992,54.3600006,54.9799995,54.0499992,1903700.0,39.5311584
2013-12-05 00:00:00,54.0900002,54.2900009,54.4700012,53.9599991,3361400.0,39.1978149
2013-12-06 00:00:00,54.5800018,54.8800011,54.8800011,54.4199982,2170200.0,39.5529022
2013-12-09 00:00:00,55.7000008,54.6599998,55.7700005,54.3699989,2571100.0,40.3645477
2013-12-10 00:00:00,54.9900017,55.5400009,55.5400009,54.5800018,2637800.0,39.8500252
2013-12-11 00:00:00,53.7799988,55.0400009,55.0699997,53.6300011,2654100.0,38.973175
2013-12-12 00:00:00,53.7000008,53.7299995,54.0499992,53.5699997,1589400.0,38.9151917
2013-12-13 00:00:00,54.0200005,53.9500008,54.2599983,53.6199989,3952200.0,39.1470871
2013-12-16 00:00:00,54.6500015,54.4099998,54.8800011,54.2299995,1349300.0,39.6036415
2013-12-17 00:00:00,54.4300003,54.5499992,54.7099991,53.8199997,2253600.0,39.4442024
2013-12-18 00:00:00,56.0299988,54.8199997,56.0699997,53.9799995,3120600.0,40.6036835
2013-12-19 00:00:00,55.6699982,55.8800011,55.9199982,55.3100014,2691400.0,40.342804
2013-12-20 00:00:00,56.25,55.7900009,56.9000015,55.4900017,3769000.0,40.763134
2013-12-23 00:00:00,56.5800018,56.9099998,56.9900017,56.4099998,1201200.0,41.0022697
2013-12-24 00:00:00,56.7299995,56.5499992,56.7700005,56.3600006,456900.0,41.1109619
2013-12-26 00:00:00,57.1800003,56.7900009,57.3199997,56.3800011,1762200.0,41.4370689
2013-12-27 00:00:00,57.2299995,57.0299988,57.4399986,56.9000015,1567700.0,41.560524
2013-12-30 00:00:00,57.1899986,57.1199989,57.5200005,56.9900017,1108400.0,41.5314674
2013-12-31 00:00:00,57.7299995,57.2000008,57.8499985,57.1399994,1175300.0,41.9236336
2014-01-02 00:00:00,56.7200012,57.3600006,57.5600014,56.4099998,1092100.0,41.190155
2014-01-03 00:00:00,57.0800018,56.7400017,57.5900002,56.7200012,1155200.0,41.4515953
2014-01-06 00:00:00,57.2999992,57.6300011,57.9799995,57.0600014,1409400.0,41.6113586
2014-01-07 00:00:00,56.9900017,57.5400009,57.8300018,56.9700012,2258900.0,41.3862267
2014-01-08 00:00:00,56.75,57.3100014,57.3499985,56.5499992,1756600.0,41.2119484
2014-01-09 00:00:00,57.0200005,57.0,57.2900009,56.6599998,2245800.0,41.4080162
2014-01-10 00:00:00,57.7999992,56.8199997,57.8699989,56.6300011,2166700.0,41.9744644
2014-01-13 00:00:00,56.7799988,57.6599998,57.9399986,56.6399994,2063900.0,41.2337265
2014-01-14 00:00:00,58.0,57.1199989,58.0999985,57.0600014,2258700.0,42.1196976
2014-01-15 00:00:00,58.1500015,58.0999985,58.1599998,57.0900002,2282000.0,42.2286377
2014-01-16 00:00:00,58.2799988,57.9799995,58.5099983,57.8100014,1420500.0,42.32304
2014-01-17 00:00:00,58.5099983,58.3100014,58.75,58.0900002,2355300.0,42.4900589
2014-01-21 00:00:00,58.3199997,58.7000008,58.8699989,58.0999985,1829000.0,42.3520927
2014-01-22 00:00:00,58.0699997,58.4199982,58.6199989,57.7099991,1818400.0,42.1705246
2014-01-23 00:00:00,56.1800003,57.7799988,57.9399986,55.9000015,2992100.0,40.7980232
2014-01-24 00:00:00,53.5999985,55.5499992,55.5999985,53.5699997,3453800.0,38.924408
2014-01-27 00:00:00,52.9500008,53.6899986,54.0299988,52.6800003,2866100.0,38.4523773
2014-01-28 00:00:00,53.6899986,53.2799988,53.9199982,53.0999985,1933600.0,38.9897728
2014-01-29 00:00:00,52.6500015,52.9199982,53.8300018,52.3499985,3862700.0,38.23452
2014-01-30 00:00:00,52.7799988,53.5099983,54.7099991,52.6399994,2897600.0,38.3289299
2014-01-31 00:00:00,52.0099983,51.6899986,52.3300018,50.6500015,4677100.0,37.7697487
2014-02-03 00:00:00,50.2000008,51.9399986,52.0999985,50.1500015,4060100.0,36.4553185
2014-02-04 00:00:00,50.8199997,50.6800003,51.1599998,50.2599983,2482400.0,36.9055672
2014-02-05 00:00:00,50.5699997,50.6899986,50.7299995,49.9199982,1881200.0,36.7240181
2014-02-06 00:00:00,51.2200012,50.5400009,51.5,50.4099998,3254100.0,37.1960526
2014-02-07 00:00:00,52.1500015,51.6100006,52.25,51.5,4029200.0,37.8714104
2014-02-10 00:00:00,52.8499985,52.1199989,53.1399994,52.0600014,3362900.0,38.3797646
2014-02-11 00:00:00,52.8100014,52.5299988,53.3100014,52.0600014,4191200.0,38.350708
2014-02-12 00:00:00,53.1500015,52.8199997,53.7000008,52.8199997,2588800.0,38.5976219
2014-02-13 00:00:00,53.1300011,52.5800018,53.3899994,52.5099983,2987400.0,38.583107
2014-02-14 00:00:00,52.8100014,52.9700012,53.0099983,52.4199982,2438200.0,38.350708
2014-02-18 00:00:00,53.6699982,53.1599998,53.7299995,52.9399986,2377900.0,38.9752464
2014-02-19 00:00:00,52.8600006,53.3699989,54.6800003,52.7900009,2480800.0,38.3870163
2014-02-20 00:00:00,52.5400009,52.9900017,53.2299995,52.5099983,1968500.0,38.1546326
2014-02-21 00:00:00,52.4799995,52.6100006,52.9199982,52.2799988,2041500.0,38.1110535
2014-02-24 00:00:00,53.5200005,52.4399986,53.7999992,52.3899994,2674800.0,38.8663101
2014-02-25 00:00:00,52.7799988,53.3199997,53.5,52.4500008,2122500.0,38.3289299
2014-02-26 00:00:00,52.1599998,52.9099998,53.1399994,52.0400009,2886400.0,37.8786736
2014-02-27 00:00:00,52.9500008,52.1199989,53.0099983,52.1199989,1806500.0,38.4523773
2014-02-28 00:00:00,53.25,52.9099998,53.5600014,52.6399994,2883000.0,38.6702385
2014-03-03 00:00:00,52.5699997,52.4700012,52.5800018,51.5,5424200.0,38.1764221
2014-03-04 00:00:00,53.4500008,53.5400009,54.0,53.3600006,4788300.0,38.8154755
2014-03-05 00:00:00,53.4199982,53.4900017,53.4900017,53.0099983,3827000.0,38.7936897
2014-03-06 00:00:00,53.5999985,53.7000008,53.9300003,53.4399986,6599500.0,38.924408
2014-03-07 00:00:00,53.8100014,54.1100006,54.4799995,53.5800018,4133900.0,39.0769157
2014-03-10 00:00:00,53.2000008,53.8100014,53.8800011,52.8100014,2394800.0,38.6339417
2014-03-11 00:00:00,52.7599983,53.2599983,53.3899994,52.5200005,3081500.0,38.3143959
2014-03-12 00:00:00,52.8300018,52.4799995,52.9300003,52.2400017,2402800.0,38.3652306
2014-03-13 00:00:00,51.6599998,53.0699997,53.2000008,51.4500008,3844900.0,37.515583
2014-03-14 00:00:00,51.1199989,51.5900002,52.0900002,51.0,3047300.0,37.1234245
2014-03-17 00:00:00,51.9000015,51.5999985,52.2700005,51.5600014,1519900.0,37.6898727
2014-03-18 00:00:00,52.2999992,51.9900017,52.6100006,51.9099998,2864700.0,37.9803543
2014-03-19 00:00:00,51.4900017,52.2099991,52.3199997,51.2900009,2198200.0,37.3921204
2014-03-20 00:00:00,52.0600014,51.2900009,52.2900009,50.8800011,2200300.0,37.8060646
2014-03-21 00:00:00,52.3400002,52.7000008,53.2400017,51.9500008,5590900.0,38.0093956
2014-03-24 00:00:00,52.0600014,52.4000015,52.4300003,51.9399986,1902500.0,37.8060646
2014-03-25 00:00:00,52.8600006,52.3800011,52.8899994,52.2200012,3243800.0,38.3870163
2014-03-26 00:00:00,53.6800003,53.2700005,54.9500008,53.1300011,5372400.0,38.9825058
2014-03-27 00:00:00,53.0499992,53.2000008,53.3699989,52.4700012,3018700.0,38.6113167
2014-03-28 00:00:00,53.6699982,53.2099991,54.0699997,52.9300003,2004100.0,39.0625687
2014-03-31 00:00:00,54.1800003,54.0999985,54.4500008,53.9700012,1789700.0,39.4337502
2014-04-01 00:00:00,54.4199982,54.4399986,54.6899986,54.0600014,1885300.0,39.6084328
2014-04-02 00:00:00,55.0,54.5400009,55.1699982,54.0800018,2034400.0,40.0305824
2014-04-03 00:00:00,54.5900002,55.0499992,55.1599998,54.2000008,2265600.0,39.7321739
2014-04-04 00:00:00,53.4099998,54.3800011,54.7999992,53.2999992,2023900.0,38.873333
2014-04-07 00:00:00,52.0900002,53.2400017,53.2999992,52.0600014,2419000.0,37.9125977
2014-04-08 00:00:00,52.9000015,52.0900002,53.1300011,52.0299988,2450600.0,38.5021477
2014-04-09 00:00:00,53.3600006,53.0999985,53.5299988,52.6599998,1880200.0,38.8369446
2014-04-10 00:00:00,52.0200005,53.4900017,53.6100006,52.0099983,2028600.0,37.8616562
2014-04-11 00:00:00,51.7999992,51.5999985,52.3499985,51.2400017,3387400.0,37.7015305
2014-04-14 00:00:00,52.0299988,52.4399986,52.6500015,51.5499992,1648300.0,37.8689384
2014-04-15 00:00:00,51.9000015,52.3199997,52.7000008,51.1699982,2186000.0,37.7743111
2014-04-16 00:00:00,52.6800003,52.3699989,52.7599983,52.1699982,2851200.0,38.3420181
2014-04-17 00:00:00,53.7000008,52.7299995,53.8300018,52.6800003,1968700.0,39.0844078
2014-04-21 00:00:00,53.3100014,53.5,53.5900002,53.1699982,955600.0,38.8005409
2014-04-22 00:00:00,54.0499992,53.2400017,54.25,53.0099983,1416700.0,39.3391457
2014-04-23 00:00:00,54.0099983,54.0499992,54.4300003,53.8600006,1194600.0,39.3100166
2014-04-24 00:00:00,53.8600006,54.3100014,54.3800011,53.5999985,1230400.0,39.2008705
2014-04-25 00:00:00,52.7700005,53.6100006,53.7700005,52.4900017,2148700.0,38.4075165
2014-04-28 00:00:00,51.4700012,52.4900017,52.9500008,51.1599998,2562500.0,37.4613419
2014-04-29 00:00:00,51.5699997,51.8300018,51.9700012,51.3300018,2252900.0,37.5341301
2014-04-30 00:00:00,52.3499985,51.4000015,52.5999985,51.0,2235200.0,38.1018295
2014-05-01 00:00:00,52.5200005,52.3800011,52.7200012,52.0699997,1553800.0,38.2255707
2014-05-02 00:00:00,52.9500008,52.5800018,53.3800011,52.4399986,1750500.0,38.5385284
2014-05-05 00:00:00,52.5,52.5499992,52.8600006,52.0099983,1308300.0,38.2110138
2014-05-06 00:00:00,51.4500008,52.2299995,52.2900009,51.4399986,1706600.0,37.4467926
2014-05-07 00:00:00,53.1100006,51.7900009,53.1399994,51.7799988,2321200.0,38.6549835
2014-05-08 00:00:00,53.8100014,52.8499985,54.5299988,52.75,2716000.0,39.164463
2014-05-09 00:00:00,54.7999992,53.9099998,55.0,53.6100006,2922800.0,39.8850136
2014-05-12 00:00:00,55.4500008,55.0,55.5999985,54.6699982,2195500.0,40.3581009
2014-05-13 00:00:00,55.6300011,55.4500008,56.0600014,55.3600006,2585500.0,40.4891129
2014-05-14 00:00:00,55.8699989,55.6199989,56.1699982,55.4399986,2474400.0,40.6637878
2014-05-15 00:00:00,54.3100014,55.5200005,55.5999985,54.1300011,3124400.0,39.5283775
2014-05-16 00:00:00,54.3300018,54.2799988,54.4000015,53.4700012,2231700.0,39.542942
2014-05-19 00:00:00,54.9599991,54.3600006,55.0999985,54.2400017,1233500.0,40.0014763
2014-05-20 00:00:00,54.0,54.9099998,55.0099983,53.7799988,2000900.0,39.3027534
2014-05-21 00:00:00,54.8100014,54.3400002,54.9099998,54.3199997,1506700.0,39.892292
2014-05-22 00:00:00,54.7999992,54.7400017,55.25,54.4500008,2340400.0,39.8850136
2014-05-23 00:00:00,55.0,54.9799995,55.2200012,54.75,1358100.0,40.0305824
2014-05-27 00:00:00,55.2200012,55.3400002,55.4900017,54.8400002,2093500.0,40.1907043
2014-05-28 00:00:00,55.2599983,55.4500008,55.6500015,55.0299988,1642600.0,40.2198181
2014-05-29 00:00:00,55.3400002,55.2999992,55.4900017,55.1199989,782400.0,40.278038
2014-05-30 00:00:00,55.2099991,55.1500015,55.4300003,54.8600006,1108200.0,40.1834221
2014-06-02 00:00:00,55.3600006,55.4199982,55.5499992,54.9300003,1036000.0,40.2926025
2014-06-03 00:00:00,55.2200012,55.2599983,55.3899994,54.9900017,1095300.0,40.1907043
2014-06-04 00:00:00,55.7099991,55.1599998,55.7999992,55.0200005,1303900.0,40.5473404
2014-06-05 00:00:00,56.0499992,55.9099998,56.1300011,55.2099991,1436400.0,40.7947998
2014-06-06 00:00:00,56.5900002,56.3300018,57.0099983,56.1399994,1452600.0,41.1878281
2014-06-09 00:00:00,56.5800018,56.5900002,56.8100014,56.4399986,1809000.0,41.1805534
2014-06-10 00:00:00,56.7400017,56.5099983,56.9500008,55.4399986,1348300.0,41.2970123
2014-06-11 00:00:00,56.25,56.3400002,56.5900002,56.1300011,993700.0,40.9403763
2014-06-12 00:00:00,56.0200005,56.1500015,56.3800011,55.7999992,1194600.0,40.7729645
2014-06-13 00:00:00,55.6100006,56.1300011,56.2299995,55.4199982,1281500.0,40.474556
2014-06-16 00:00:00,55.3400002,55.8400002,55.9500008,55.1500015,1465700.0,40.278038
2014-06-17 00:00:00,56.1699982,55.2400017,56.4599991,54.9399986,1485300.0,40.8821449
2014-06-18 00:00:00,58.1599998,56.9099998,58.2200012,56.6699982,3483300.0,42.3305206
2014-06-19 00:00:00,57.8699989,58.2099991,58.4199982,57.7400017,1388900.0,42.1194496
2014-06-20 00:00:00,58.0400009,58.2099991,58.2900009,57.7400017,2052800.0,42.243187
2014-06-23 00:00:00,58.0800018,58.0900002,58.2599983,57.8499985,1422600.0,42.2722969
2014-06-24 00:00:00,57.4599991,57.8699989,58.2700005,57.3800011,1332800.0,41.8210411
2014-06-25 00:00:00,57.4700012,57.5,57.6399994,57.0099983,1720100.0,41.8283157
2014-06-26 00:00:00,57.4500008,57.6100006,57.7799988,57.0699997,1515900.0,41.9012604
2014-06-27 00:00:00,57.5999985,57.1300011,57.7599983,57.1300011,2305800.0,42.0106544
2014-06-30 00:00:00,57.8400002,57.0999985,57.9799995,57.0999985,1322000.0,42.185688
2014-07-01 00:00:00,57.4599991,57.6399994,57.9900017,57.4599991,2264800.0,41.9085541
2014-07-02 00:00:00,57.5200005,57.4900017,57.5699997,57.0800018,1567900.0,41.9523087
2014-07-03 00:00:00,58.2200012,57.7700005,58.2799988,57.5999985,1199900.0,42.4628525
2014-07-07 00:00:00,57.7000008,57.9599991,58.0200005,57.4300003,827500.0,42.0835915
2014-07-08 00:00:00,57.0800018,57.5,57.6199989,56.9900017,1289000.0,41.6314011
2014-07-09 00:00:00,57.5400009,57.4300003,58.1300011,57.1199989,1610500.0,41.9668961
2014-07-10 00:00:00,56.7999992,56.7000008,57.1699982,56.3499985,1366400.0,41.4271774
2014-07-11 00:00:00,57.0900002,56.7200012,57.3699989,56.5900002,1345000.0,41.6386871
2014-07-14 00:00:00,57.3300018,57.6300011,57.7099991,57.1599998,881100.0,41.813736
2014-07-15 00:00:00,57.4599991,57.0499992,57.75,57.0499992,1328500.0,41.9085541
2014-07-16 00:00:00,57.7099991,57.6399994,57.9500008,57.3100014,1012000.0,42.0908813
2014-07-17 00:00:00,56.7200012,57.3600006,57.8300018,56.6899986,1381300.0,41.368824
2014-07-18 00:00:00,57.5600014,56.9599991,57.7599983,56.8600006,1189200.0,41.9814911
2014-07-21 00:00:00,57.3300018,57.0900002,57.5400009,56.8400002,1288200.0,41.813736
2014-07-22 00:00:00,57.9500008,57.5,58.0200005,57.4199982,1376100.0,42.2659416
2014-07-23 00:00:00,58.0699997,57.9599991,58.1699982,57.7200012,1073900.0,42.353447
2014-07-24 00:00:00,57.7200012,58.0699997,58.2000008,57.6199989,1958000.0,42.0981712
2014-07-25 00:00:00,57.2299995,57.4000015,57.5800018,57.0999985,901700.0,41.7407951
2014-07-28 00:00:00,57.4099998,57.1899986,57.6500015,57.0800018,1343400.0,41.8720856
2014-07-29 00:00:00,57.0999985,57.4099998,57.8499985,57.0099983,1183600.0,41.6459732
2014-07-30 00:00:00,56.0699997,57.25,57.2700005,54.8100014,3026600.0,40.8947449
2014-07-31 00:00:00,54.1500015,55.0200005,55.2599983,54.1399994,3621200.0,39.4943924
2014-08-01 00:00:00,53.6599998,53.5200005,54.5600014,53.3400002,2279600.0,39.1370125
2014-08-04 00:00:00,53.9700012,53.9599991,54.0999985,53.6500015,2119700.0,39.3631172
2014-08-05 00:00:00,53.1699982,53.5499992,54.1100006,53.0,3049700.0,38.7796249
2014-08-06 00:00:00,54.2099991,53.0800018,54.4700012,52.6500015,1989700.0,39.538147
2014-08-07 00:00:00,53.5099983,54.3899994,54.6800003,53.3899994,1254100.0,39.0276031
2014-08-08 00:00:00,54.2700005,53.6199989,54.3199997,53.3800011,1314600.0,39.5819168
2014-08-11 00:00:00,54.4500008,54.4399986,54.7400017,54.1699982,1042900.0,39.7132034
2014-08-12 00:00:00,54.2999992,54.3699989,54.7599983,53.9199982,1524000.0,39.6037979
2014-08-13 00:00:00,54.3899994,54.5299988,54.7599983,54.3499985,1162300.0,39.6694412
2014-08-14 00:00:00,54.8499985,54.4599991,54.8899994,54.3300018,1014100.0,40.0049362
2014-08-15 00:00:00,54.7900009,55.0499992,55.0900002,54.2099991,2597500.0,39.9611816
2014-08-18 00:00:00,55.2599983,55.0800018,55.5699997,55.0200005,1174100.0,40.3039665
2014-08-19 00:00:00,55.2999992,55.2700005,55.3800011,55.0400009,981200.0,40.3331451
2014-08-20 00:00:00,55.6399994,55.25,55.8899994,55.1199989,1554400.0,40.5811272
2014-08-21 00:00:00,56.1800003,55.7400017,56.3400002,55.6300011,1263700.0,40.9749794
2014-08-22 00:00:00,55.7000008,56.0800018,56.3100014,55.6500015,1293500.0,40.6248932
2014-08-25 00:00:00,56.3699989,56.2400017,56.6500015,55.9900017,956200.0,41.1135559
2014-08-26 00:00:00,56.6199989,56.25,56.8199997,56.2200012,1061000.0,41.2958908
2014-08-27 00:00:00,56.5299988,56.6899986,56.8699989,56.3400002,864700.0,41.2302475
2014-08-28 00:00:00,56.2000008,56.1800003,56.2900009,55.8699989,777000.0,40.9895668
2014-08-29 00:00:00,56.5200005,56.3899994,56.7099991,56.1500015,1002500.0,41.2229691
2014-09-02 00:00:00,56.5999985,56.6899986,56.8499985,56.1899986,1560400.0,41.2813072
2014-09-03 00:00:00,56.4900017,56.7700005,57.0999985,56.25,1118500.0,41.2010727
2014-09-04 00:00:00,56.5099983,56.5299988,57.25,56.3100014,1234000.0,41.2156601
2014-09-05 00:00:00,56.8300018,56.4399986,56.8600006,56.0299988,1316900.0,41.4490623
2014-09-08 00:00:00,56.4199982,56.5999985,56.7299995,56.0800018,1398600.0,41.1500282
2014-09-09 00:00:00,55.8199997,56.3199997,56.3199997,55.6800003,1578500.0,40.7124138
2014-09-10 00:00:00,55.5999985,55.8699989,56.2299995,55.4199982,1507900.0,40.5519638
2014-09-11 00:00:00,55.7799988,55.3499985,55.8800011,55.3499985,1324300.0,40.683239
2014-09-12 00:00:00,55.4500008,55.7799988,56.0699997,55.2799988,1408300.0,40.442543
2014-09-15 00:00:00,55.3800011,55.4199982,55.4399986,55.1399994,973700.0,40.39151
2014-09-16 00:00:00,55.6599998,55.2799988,55.9000015,54.9099998,1203300.0,40.5957184
2014-09-17 00:00:00,55.8199997,55.7599983,56.2599983,55.6100006,1447200.0,40.7124138
2014-09-18 00:00:00,56.6699982,56.1199989,56.6899986,56.1199989,1331900.0,41.3323593
2014-09-19 00:00:00,55.8100014,56.8600006,56.9799995,55.6399994,3542600.0,40.7051086
2014-09-22 00:00:00,55.0600014,55.75,55.7900009,54.9500008,1046400.0,40.1581039
2014-09-23 00:00:00,54.6899986,54.9599991,55.4399986,54.6699982,1329400.0,39.8882561
2014-09-24 00:00:00,55.4900017,54.8100014,55.5099983,54.6500015,1209100.0,40.4717255
2014-09-25 00:00:00,54.4500008,55.1199989,55.3100014,54.1199989,1986900.0,39.7132034
2014-09-26 00:00:00,55.0,54.6899986,55.4300003,54.5499992,2306100.0,40.2029381
2014-09-29 00:00:00,54.7999992,54.2799988,54.9300003,54.0400009,2369600.0,40.0567551
2014-09-30 00:00:00,54.6100006,54.9799995,55.0699997,54.4700012,2174500.0,39.9178696
2014-10-01 00:00:00,54.1699982,54.5,54.5299988,53.7799988,4745500.0,39.5962334
2014-10-02 00:00:00,54.5600014,54.0499992,54.6899986,53.7000008,3439300.0,39.8813248
2014-10-03 00:00:00,54.6599998,54.8499985,55.0400009,54.5900002,2381100.0,39.9544144
2014-10-06 00:00:00,54.5099983,55.0699997,55.1199989,54.2700005,1167900.0,39.8447762
2014-10-07 00:00:00,53.4199982,54.0299988,54.1300011,53.2700005,3059700.0,39.0480156
2014-10-08 00:00:00,53.9099998,53.4099998,54.0,52.6599998,2978400.0,39.4062004
2014-10-09 00:00:00,51.4300003,53.8800011,53.9399986,51.4300003,5221200.0,37.5934067
2014-10-10 00:00:00,50.75,51.3800011,51.5600014,50.5600014,3497300.0,37.0963516
2014-10-13 00:00:00,50.2999992,50.8100014,51.4399986,50.25,3315800.0,36.7674217
2014-10-14 00:00:00,50.75,50.5299988,51.2000008,50.5099983,3802500.0,37.0963516
2014-10-15 00:00:00,50.5299988,49.8199997,50.7799988,49.1199989,3322200.0,36.9355469
2014-10-16 00:00:00,50.9199982,49.3199997,51.2999992,49.2999992,2649000.0,37.2206154
2014-10-17 00:00:00,51.7099991,51.5600014,51.9700012,51.1899986,2673600.0,37.7980766
2014-10-20 00:00:00,51.8899994,51.4099998,51.9399986,51.1800003,2008600.0,37.9296417
2014-10-21 00:00:00,52.9300003,52.3899994,52.9900017,52.2700005,1693800.0,38.6898537
2014-10-22 00:00:00,52.1199989,52.9399986,52.9700012,52.0800018,1675900.0,38.0977745
2014-10-23 00:00:00,52.8899994,52.7599983,53.1800003,52.3800011,2132800.0,38.6606216
2014-10-24 00:00:00,53.4099998,52.7000008,53.4900017,52.4900017,1811100.0,39.0407066
2014-10-27 00:00:00,53.9000015,52.9700012,53.9500008,52.4199982,1710400.0,39.3988762
2014-10-28 00:00:00,54.3600006,54.1699982,54.3899994,53.7299995,1406000.0,39.7351265
2014-10-29 00:00:00,54.3699989,54.5200005,54.7099991,53.9599991,1594200.0,39.7424393
2014-10-30 00:00:00,54.7900009,54.1300011,55.0,54.1300011,1161500.0,40.0494461
2014-10-31 00:00:00,55.6100006,55.4900017,55.7799988,55.2299995,1415400.0,40.648819
2014-11-03 00:00:00,55.6199989,55.5900002,55.9399986,55.2900009,1488600.0,40.656147
2014-11-04 00:00:00,55.6800003,55.4799995,55.7700005,55.1100006,1108800.0,40.7000046
2014-11-05 00:00:00,55.8699989,55.9799995,56.1899986,55.7000008,1329500.0,40.8388824
2014-11-06 00:00:00,56.3100014,56.0699997,56.3499985,55.8899994,1050000.0,41.1605072
2014-11-07 00:00:00,56.9799995,56.2999992,57.0299988,56.0400009,1722900.0,41.6502457
2014-11-10 00:00:00,56.5699997,56.9700012,57.0499992,56.4700012,1461100.0,41.3505592
2014-11-11 00:00:00,56.9900017,56.6100006,57.0499992,56.5699997,1330600.0,41.6575737
2014-11-12 00:00:00,56.9700012,56.6899986,57.0400009,56.5400009,849700.0,41.6429482
2014-11-13 00:00:00,56.7999992,57.0800018,57.2599983,56.5,810100.0,41.5186768
2014-11-14 00:00:00,56.3800011,56.6899986,56.8899994,56.3400002,840300.0,41.2116737
2014-11-17 00:00:00,56.2200012,56.3300018,56.3699989,55.9799995,780900.0,41.0947113
2014-11-18 00:00:00,56.3800011,56.2999992,56.6399994,56.0499992,709500.0,41.2116737
2014-11-19 00:00:00,56.4199982,56.4099998,56.5,55.7900009,1081500.0,41.2409058
2014-11-20 00:00:00,56.5600014,55.9700012,56.8400002,55.9599991,1195700.0,41.3432503
2014-11-21 00:00:00,56.9900017,56.9399986,57.1899986,56.7700005,1255200.0,41.6575737
2014-11-24 00:00:00,57.0400009,57.2599983,57.4500008,56.8100014,952300.0,41.6941147
2014-11-25 00:00:00,57.1199989,57.0400009,57.2700005,56.6300011,1483000.0,41.7525826
2014-11-26 00:00:00,57.0400009,57.2400017,57.2400017,56.6800003,905100.0,41.6941147
2014-11-28 00:00:00,56.8600006,57.2200012,57.2200012,56.7900009,660800.0,41.5625343
2014-12-01 00:00:00,57.0600014,56.8300018,57.2700005,56.3600006,1801300.0,41.7087326
2014-12-02 00:00:00,57.6199989,57.2200012,57.7299995,56.8800011,1155400.0,42.1180687
2014-12-03 00:00:00,58.0299988,57.5699997,58.0900002,57.3800011,1119800.0,42.4177589
2014-12-04 00:00:00,57.9599991,57.9700012,58.0,57.2599983,1444200.0,42.3666
2014-12-05 00:00:00,58.2999992,58.0099983,58.6100006,57.8600006,1463600.0,42.6151047
2014-12-08 00:00:00,58.8400002,58.4000015,59.4300003,58.1100006,1619000.0,43.0098343
2014-12-09 00:00:00,57.9099998,57.8499985,58.8400002,57.2599983,1904800.0,42.3300552
2014-12-10 00:00:00,56.4900017,57.7999992,57.9500008,56.2999992,2084600.0,41.2920876
2014-12-11 00:00:00,56.3899994,56.5999985,57.2799988,56.2900009,1169700.0,41.2189827
2014-12-12 00:00:00,53.9599991,55.8199997,56.0900002,53.9399986,2688500.0,39.4427414
2014-12-15 00:00:00,53.4700012,54.2999992,54.7000008,53.25,1978000.0,39.0845642
2014-12-16 00:00:00,53.3499985,52.9799995,54.2799988,52.2700005,3097600.0,38.9968567
2014-12-17 00:00:00,54.6399994,53.5400009,54.7200012,53.25,3361100.0,39.9397888
2014-12-18 00:00:00,56.0900002,55.3499985,56.0999985,55.0499992,1925500.0,40.9996986
2014-12-19 00:00:00,56.6899986,56.4000015,56.8600006,56.1199989,3796900.0,41.4382744
2014-12-22 00:00:00,56.7599983,56.8600006,56.9799995,56.4199982,1110800.0,41.4894409
2014-12-23 00:00:00,57.1300011,56.9000015,57.6399994,56.8199997,1246800.0,41.7598915
2014-12-24 00:00:00,56.9900017,57.1899986,57.3400002,56.9599991,381400.0,41.6575737
2014-12-26 00:00:00,57.1300011,57.2400017,57.4399986,57.0999985,851800.0,41.7598915
2014-12-29 00:00:00,56.4500008,56.5200005,57.0699997,56.2999992,1420900.0,41.737709
2014-12-30 00:00:00,56.0200005,56.4500008,56.4700012,55.9700012,993200.0,41.4197731
2014-12-31 00:00:00,55.3699989,56.2299995,56.4700012,55.3300018,1033300.0,40.9391899
2015-01-02 00:00:00,55.4900017,55.8499985,55.9099998,54.9500008,1220300.0,41.0279198
2015-01-05 00:00:00,53.6500015,54.9199982,55.1800003,53.4700012,2452500.0,39.6674538
2015-01-06 00:00:00,52.5999985,53.9199982,53.9399986,52.1899986,3468100.0,38.8911171
2015-01-07 00:00:00,53.2900009,52.5800018,53.4099998,52.5800018,1852900.0,39.4012871
2015-01-08 00:00:00,53.9900017,53.6500015,54.0,53.25,3303200.0,39.9188652
2015-01-09 00:00:00,53.8699989,54.0600014,54.1899986,53.1500015,2120300.0,39.8301353
2015-01-12 00:00:00,52.7799988,53.7099991,53.7799988,52.4300003,1741200.0,39.0242119
2015-01-13 00:00:00,52.25,52.7599983,53.5800018,51.8899994,2412200.0,38.6323395
2015-01-14 00:00:00,51.4900017,51.1899986,51.5999985,50.6599998,2460100.0,38.0704193
2015-01-15 00:00:00,50.9900017,51.5699997,51.9199982,50.8899994,2018700.0,37.7007256
2015-01-16 00:00:00,51.7999992,50.7799988,51.8499985,50.4900017,2115200.0,38.2996216
2015-01-20 00:00:00,51.5800018,51.8800011,52.0200005,51.2299995,1853400.0,38.1369629
2015-01-21 00:00:00,52.0699997,51.5299988,52.2900009,51.0800018,2137400.0,38.4992523
2015-01-22 00:00:00,54.2200012,52.5299988,54.4700012,51.9799995,3242000.0,40.0889206
2015-01-23 00:00:00,53.3100014,54.0299988,54.1699982,53.2700005,1674200.0,39.4160805
2015-01-26 00:00:00,54.1800003,53.1500015,54.2299995,53.0400009,1567600.0,40.0593376
2015-01-27 00:00:00,53.2700005,53.4700012,53.7299995,53.0400009,1693700.0,39.3865051
2015-01-28 00:00:00,52.1699982,53.6500015,53.6899986,52.1500015,1942500.0,38.5731926
2015-01-29 00:00:00,52.6500015,52.1100006,52.75,51.7599983,2384700.0,38.9280891
2015-01-30 00:00:00,51.5299988,51.4799995,52.6800003,50.6300011,3167900.0,38.0999908
2015-02-02 00:00:00,52.3199997,51.1599998,52.3800011,51.0099983,3061200.0,38.6840858
2015-02-03 00:00:00,53.5699997,52.5099983,53.6199989,52.3400002,1865500.0,39.6083221
2015-02-04 00:00:00,52.9399986,53.1899986,53.5200005,52.8600006,1621800.0,39.1425095
2015-02-05 00:00:00,53.4500008,53.3800011,53.5299988,53.0999985,1524400.0,39.5195923
2015-02-06 00:00:00,53.4799995,53.6100006,54.0,53.3100014,1743500.0,39.5417671
2015-02-09 00:00:00,53.0400009,53.1699982,53.3699989,52.8199997,1683300.0,39.2164421
2015-02-10 00:00:00,53.5400009,53.4000015,53.7299995,52.8400002,1700900.0,39.5861397
2015-02-11 00:00:00,53.4000015,53.4799995,53.5900002,53.0200005,1140800.0,39.4826279
2015-02-12 00:00:00,53.6800003,53.6699982,53.8300018,53.3800011,1153500.0,39.6896515
2015-02-13 00:00:00,53.9099998,53.7999992,54.1599998,53.6100006,1285000.0,39.8597069
2015-02-17 00:00:00,54.1100006,53.8699989,54.1800003,53.6899986,1257800.0,40.007576
2015-02-18 00:00:00,53.7700005,53.9000015,54.1699982,53.5400009,1150700.0,39.7561836
2015-02-19 00:00:00,53.8600006,53.6699982,54.0200005,53.4500008,1493300.0,39.8227348
2015-02-20 00:00:00,54.1599998,53.5699997,54.2200012,53.2900009,2102500.0,40.0445518
2015-02-23 00:00:00,53.9399986,54.0800018,54.0800018,53.7299995,1432400.0,39.8818817
2015-02-24 00:00:00,53.8400002,53.9700012,54.25,53.7799988,3683200.0,39.8079414
2015-02-25 00:00:00,54.2299995,53.8899994,54.4599991,53.8699989,2860800.0,40.0963058
2015-02-26 00:00:00,54.5200005,54.2099991,54.6399994,54.1199989,1631200.0,40.3107185
2015-02-27 00:00:00,53.8300018,54.6699982,54.7200012,53.8100014,1647300.0,39.8005524
2015-03-02 00:00:00,54.4000015,53.8300018,54.4300003,53.6300011,1132100.0,40.2219849
2015-03-03 00:00:00,53.8400002,54.0900002,54.4399986,53.5200005,1246900.0,39.8079414
2015-03-04 00:00:00,53.3300018,53.5,53.6100006,53.0499992,1326600.0,39.4308624
2015-03-05 00:00:00,54.0699997,53.4300003,54.1300011,53.1899986,1582500.0,39.9780045
2015-03-06 00:00:00,53.0499992,53.9300003,54.8499985,53.0,2487300.0,39.2238388
2015-03-09 00:00:00,53.2999992,53.2000008,53.4300003,52.9700012,2038500.0,39.4086876
2015-03-10 00:00:00,51.5800018,52.6199989,52.6199989,51.5600014,2591600.0,38.1369629
2015-03-11 00:00:00,51.7999992,51.6199989,52.0600014,51.5299988,1553700.0,38.2996216
2015-03-12 00:00:00,53.1199989,52.1899986,53.1500015,52.1899986,1960700.0,39.2755966
2015-03-13 00:00:00,52.5200005,53.0,53.0499992,51.8400002,2591500.0,38.8319702
2015-03-16 00:00:00,53.4000015,53.0,53.5200005,52.8800011,2088000.0,39.4826279
2015-03-17 00:00:00,52.6899986,52.8199997,53.0800018,52.3300018,1892300.0,38.9576645
2015-03-18 00:00:00,53.2999992,52.5499992,53.5499992,51.7999992,3529200.0,39.4086876
2015-03-19 00:00:00,52.6599998,53.0299988,53.0900002,52.2900009,1864300.0,38.935482
2015-03-20 00:00:00,53.3499985,52.75,53.6800003,52.6300011,7521700.0,39.4456482
2015-03-23 00:00:00,53.7000008,53.4900017,54.0400009,53.4599991,1539900.0,39.7044373
2015-03-24 00:00:00,52.7900009,53.5600014,53.6899986,52.7799988,1077300.0,39.0316048
2015-03-25 00:00:00,51.7000008,52.8499985,52.8800011,51.6800003,1143700.0,38.2256889
2015-03-26 00:00:00,51.75,51.3899994,52.2599983,51.2400017,2122500.0,38.2626572
2015-03-27 00:00:00,51.0800018,51.3300018,51.4799995,50.8899994,1643900.0,37.8770523
2015-03-30 00:00:00,51.7700005,51.5099983,51.8800011,51.3899994,1858300.0,38.38871
2015-03-31 00:00:00,51.3199997,51.2799988,51.6500015,51.2200012,1925200.0,38.0550308
2015-04-01 00:00:00,51.3600006,51.2799988,51.6699982,50.9399986,2246400.0,38.0846863
2015-04-02 00:00:00,51.5900002,51.25,51.8100014,51.1800003,1468900.0,38.2552376
2015-04-06 00:00:00,51.5699997,51.0999985,51.7400017,51.0299988,2873100.0,38.2404099
2015-04-07 00:00:00,51.5,51.5099983,52.0099983,51.4599991,1342900.0,38.1885033
2015-04-08 00:00:00,51.7999992,51.4900017,51.9099998,51.3699989,1180800.0,38.410965
2015-04-09 00:00:00,52.1399994,51.7599983,52.2700005,51.4700012,1740200.0,38.6630783
2015-04-10 00:00:00,51.7299995,52.0099983,52.0099983,51.5600014,1562800.0,38.3590469
2015-04-13 00:00:00,51.9099998,51.7299995,52.3600006,51.7000008,1296000.0,38.4925232
2015-04-14 00:00:00,52.2599983,52.0200005,52.3800011,51.6699982,1284100.0,38.7520599
2015-04-15 00:00:00,52.4900017,52.3400002,52.6300011,52.2900009,2004100.0,38.9226151
2015-04-16 00:00:00,52.6300011,52.5,52.7599983,52.0400009,1238300.0,39.026432
2015-04-17 00:00:00,51.1800003,52.1500015,52.1599998,51.0400009,2214400.0,37.9512177
2015-04-20 00:00:00,51.2299995,51.4500008,51.8300018,51.1699982,1820400.0,37.9882812
2015-04-21 00:00:00,51.2799988,51.5,51.6300011,51.1100006,1347100.0,38.0253601
2015-04-22 00:00:00,51.4799995,51.3400002,51.5499992,50.9099998,1394400.0,38.1736755
2015-04-23 00:00:00,51.8800011,51.4500008,52.0400009,51.25,1468500.0,38.4702835
2015-04-24 00:00:00,51.7900009,51.8899994,52.0600014,51.5600014,946100.0,38.4035454
2015-04-27 00:00:00,51.9300003,52.0,52.3499985,51.7900009,1607000.0,38.50737
2015-04-28 00:00:00,52.1199989,51.8199997,52.1699982,51.6100006,1954200.0,38.648243
2015-04-29 00:00:00,52.0200005,51.7099991,52.2599983,51.6300011,2381200.0,38.5741005
2015-04-30 00:00:00,51.5600014,51.8499985,52.1199989,51.4900017,3217400.0,38.2329979
2015-05-01 00:00:00,52.1399994,51.9500008,52.2000008,51.7299995,2589700.0,38.6630783
2015-05-04 00:00:00,52.4099998,52.1399994,52.5499992,52.1399994,2304700.0,38.8632927
2015-05-05 00:00:00,52.2000008,52.25,52.6500015,52.1100006,1646600.0,38.7075653
2015-05-06 00:00:00,51.8400002,52.4700012,52.4799995,51.6100006,1707800.0,38.4406128
2015-05-07 00:00:00,51.75,51.8300018,52.0,51.6599998,1765500.0,38.3738899
2015-05-08 00:00:00,52.2900009,52.3400002,52.4799995,52.0699997,1475700.0,38.7743034
2015-05-11 00:00:00,51.8400002,52.2700005,52.4900017,51.8100014,2130400.0,38.4406128
2015-05-12 00:00:00,51.5400009,51.5900002,51.7400017,50.9300003,1708100.0,38.2181625
2015-05-13 00:00:00,51.5600014,51.5800018,51.8400002,51.4199982,1248600.0,38.2329979
2015-05-14 00:00:00,52.1399994,51.8800011,52.1800003,51.7099991,1259900.0,38.6630783
2015-05-15 00:00:00,51.7900009,52.0499992,52.1699982,51.6300011,1453000.0,38.4035454
2015-05-18 00:00:00,52.0999985,51.7700005,52.1699982,51.7700005,1003200.0,38.633419
2015-05-19 00:00:00,51.6800003,52.0999985,52.2299995,51.4700012,1267900.0,38.3219719
2015-05-20 00:00:00,51.6899986,51.8199997,51.8899994,51.4599991,903900.0,38.3293762
2015-05-21 00:00:00,51.7099991,51.5600014,51.7799988,51.5,848900.0,38.3442307
2015-05-22 00:00:00,51.5200005,51.5499992,51.7299995,51.4900017,699800.0,38.203331
2015-05-26 00:00:00,50.9500008,51.2999992,51.4399986,50.7900009,1672900.0,37.7806664
2015-05-27 00:00:00,51.5499992,51.2000008,51.6399994,50.9399986,1072600.0,38.2255821
2015-05-28 00:00:00,51.5800018,51.3300018,51.6100006,51.2299995,1048000.0,38.2478294
2015-05-29 00:00:00,50.9099998,51.6800003,51.7299995,50.9000015,1678200.0,37.7510033
2015-06-01 00:00:00,50.9099998,51.1100006,51.2099991,50.4799995,1346900.0,37.7510033
2015-06-02 00:00:00,50.7999992,50.7999992,51.0200005,50.5800018,1548800.0,37.669426
2015-06-03 00:00:00,51.1199989,51.0400009,51.2599983,50.7700005,1196800.0,37.9067192
2015-06-04 00:00:00,50.2799988,50.6500015,51.0200005,50.1899986,2188900.0,37.2838364
2015-06-05 00:00:00,50.4199982,50.5499992,50.7099991,50.1199989,1873300.0,37.3876457
2015-06-08 00:00:00,49.8699989,49.7099991,50.5099983,49.4000015,2531000.0,36.9798164
2015-06-09 00:00:00,49.6599998,50.0,50.1199989,49.5800018,2103900.0,36.8240967
2015-06-10 00:00:00,50.2700005,49.9900017,50.4000015,49.7700005,1852400.0,37.2764244
2015-06-11 00:00:00,50.4300003,50.4399986,50.5499992,50.2299995,1756900.0,37.3950691
2015-06-12 00:00:00,50.0499992,50.2000008,50.2799988,49.8199997,1658300.0,37.1132889
2015-06-15 00:00:00,49.7400017,49.5299988,49.9799995,49.3400002,1752700.0,36.8834229
2015-06-16 00:00:00,50.3300018,49.75,50.3899994,49.6699982,2571100.0,37.3209267
2015-06-17 00:00:00,50.7999992,50.5699997,51.1100006,50.3800011,2569400.0,37.669426
2015-06-18 00:00:00,51.3499985,51.0499992,51.5499992,50.9300003,1899500.0,38.0772667
2015-06-19 00:00:00,51.4399986,51.1800003,51.4399986,50.9900017,4836700.0,38.1440048
2015-06-22 00:00:00,51.3199997,51.9399986,51.9399986,51.2200012,1839100.0,38.0550308
2015-06-23 00:00:00,51.1599998,51.3699989,51.4500008,51.0800018,1414300.0,37.9363823
2015-06-24 00:00:00,50.6199989,50.8899994,51.0800018,50.5400009,1559600.0,37.5359688
2015-06-25 00:00:00,50.3100014,50.6599998,50.7400017,50.1500015,2067100.0,37.3060989
2015-06-26 00:00:00,50.4799995,50.3499985,50.5900002,50.1599998,5572900.0,37.5440865
2015-06-29 00:00:00,48.8899994,49.8100014,49.8600006,48.8699989,1971200.0,36.3615341
2015-06-30 00:00:00,49.0299988,49.4599991,49.6100006,48.6899986,2420400.0,36.4656639
2015-07-01 00:00:00,49.3300018,49.9599991,49.9599991,48.9599991,1692300.0,36.6887817
2015-07-02 00:00:00,49.2099991,49.3199997,49.5,48.9000015,1386800.0,36.5995369
2015-07-06 00:00:00,48.8400002,48.4900017,49.0400009,47.5900002,1586600.0,36.3243484
2015-07-07 00:00:00,48.9599991,48.8199997,49.0600014,47.9599991,1976400.0,36.4135933
2015-07-08 00:00:00,47.9700012,48.4500008,48.6699982,47.9099998,2124100.0,35.6772957
2015-07-09 00:00:00,48.3600006,49.0800018,49.0800018,48.1599998,2161400.0,35.9673576
2015-07-10 00:00:00,48.7799988,49.3199997,49.3199997,48.6199989,1990300.0,36.2797279
2015-07-13 00:00:00,49.0800018,49.1699982,49.2900009,48.9700012,1756000.0,36.5028458
2015-07-14 00:00:00,48.8800011,48.9799995,49.0499992,48.7099991,1793000.0,36.3541031
2015-07-15 00:00:00,49.0400009,48.8899994,49.2900009,48.5699997,1763300.0,36.4730988
2015-07-16 00:00:00,49.6300011,49.4300003,49.6399994,49.3899994,1205900.0,36.9119072
2015-07-17 00:00:00,49.4099998,49.5299988,49.5600014,48.8600006,1085300.0,36.7482719
2015-07-20 00:00:00,49.0800018,49.4599991,49.5800018,49.0,1472400.0,36.5028458
2015-07-21 00:00:00,48.9099998,49.0099983,49.25,48.6599998,1093400.0,36.3764114
2015-07-22 00:00:00,48.4900017,48.8300018,48.9799995,48.4300003,2215200.0,36.064045
2015-07-23 00:00:00,47.5900002,48.6699982,48.7200012,47.4199982,3598300.0,35.3946686
2015-07-24 00:00:00,46.4000015,47.3899994,47.4799995,46.2999992,4762000.0,34.5096207
2015-07-27 00:00:00,46.4099998,46.0200005,46.4500008,45.9000015,3046400.0,34.5170555
2015-07-28 00:00:00,46.5200005,46.9000015,47.0299988,46.3899994,2818200.0,34.5988693
2015-07-29 00:00:00,46.5099983,46.2000008,46.7700005,45.9199982,3100700.0,34.5914307
2015-07-30 00:00:00,46.1599998,46.3499985,46.4799995,45.9000015,3102400.0,34.331131
2015-07-31 00:00:00,45.5499992,46.2999992,46.3400002,45.5099983,4240900.0,33.8774376
2015-08-03 00:00:00,45.4500008,45.4599991,45.7200012,45.1199989,3739600.0,33.8030586
2015-08-04 00:00:00,45.2099991,45.4700012,45.5,45.0299988,2798800.0,33.6245651
2015-08-05 00:00:00,45.1899986,45.6300011,45.7099991,45.1500015,2695900.0,33.6096992
2015-08-06 00:00:00,44.7099991,45.2000008,45.25,44.6100006,2587500.0,33.2526894
2015-08-07 00:00:00,44.3300018,44.6800003,44.7599983,44.0400009,2688000.0,32.9700737
2015-08-10 00:00:00,44.9300003,44.6100006,44.9399986,44.5499992,3513600.0,33.416317
2015-08-11 00:00:00,43.9500008,44.4700012,44.4700012,43.7400017,2786900.0,32.6874542
2015-08-12 00:00:00,43.9799995,43.4700012,44.0,42.8800011,4151700.0,32.7097664
2015-08-13 00:00:00,43.5699997,43.9099998,44.0200005,43.5200005,2539300.0,32.4048271
2015-08-14 00:00:00,43.6199989,43.5099983,43.6199989,43.3100014,2592600.0,32.4420128
2015-08-17 00:00:00,43.7599983,43.5699997,43.8600006,43.3300018,2304200.0,32.5461426
2015-08-18 00:00:00,43.8899994,43.7400017,43.9399986,43.6300011,2844500.0,32.6428375
2015-08-19 00:00:00,43.2700005,43.5800018,43.6899986,42.9399986,4074500.0,32.1817017
2015-08-20 00:00:00,42.0600014,42.9199982,43.1300011,42.0400009,4846100.0,31.2817822
2015-08-21 00:00:00,40.9799995,41.6399994,42.25,40.9500008,7409400.0,30.4785366
2015-08-24 00:00:00,39.4099998,39.0099983,41.1800003,38.25,9177900.0,29.3108635
2015-08-25 00:00:00,38.8499985,40.9399986,41.0299988,38.7900009,10311800.0,28.8943653
2015-08-26 00:00:00,39.9900017,39.8800011,40.0999985,38.7599983,6650400.0,29.742239
2015-08-27 00:00:00,41.0499992,40.2999992,41.0800018,40.1599998,4922400.0,30.5306015
2015-08-28 00:00:00,41.2400017,40.7900009,41.25,40.5499992,3994000.0,30.6719074
2015-08-31 00:00:00,40.5800018,40.7999992,41.1500015,40.5600014,4004400.0,30.1810513
2015-09-01 00:00:00,39.4500008,39.2599983,40.0200005,39.2099991,4017100.0,29.3406239
2015-09-02 00:00:00,39.5200005,40.0800018,40.0800018,39.1199989,3028700.0,29.3926792
2015-09-03 00:00:00,39.8100014,39.5,40.0299988,39.2799988,3676000.0,29.6083584
2015-09-04 00:00:00,39.0099983,39.1899986,39.3800011,38.8499985,3040200.0,29.0133705
2015-09-08 00:00:00,40.0699997,39.8199997,40.2400017,39.6500015,4111300.0,29.8017254
2015-09-09 00:00:00,39.6599998,40.7900009,40.9900017,39.5699997,4364800.0,29.4968014
2015-09-10 00:00:00,39.2999992,39.4500008,39.7000008,38.9900017,4758500.0,29.2290554
2015-09-11 00:00:00,39.4199982,39.1399994,39.4300003,38.9900017,2843700.0,29.3183002
2015-09-14 00:00:00,39.1699982,39.4500008,39.5400009,39.0800018,3315900.0,29.1323738
2015-09-15 00:00:00,39.4500008,39.2299995,39.6199989,39.1100006,3385100.0,29.3406239
2015-09-16 00:00:00,39.5900002,39.5299988,39.6800003,39.2999992,3855600.0,29.4447441
2015-09-17 00:00:00,39.5299988,39.6399994,40.0999985,39.2900009,5302600.0,29.4001141
2015-09-18 00:00:00,38.5099983,38.75,39.1599998,38.4000015,6373100.0,28.6414928
2015-09-21 00:00:00,38.6500015,38.8199997,38.8600006,38.3100014,3236700.0,28.7456169
2015-09-22 00:00:00,38.0099983,38.0200005,38.0999985,37.6399994,3966800.0,28.2696209
2015-09-23 00:00:00,37.5400009,38.0999985,38.2000008,37.4599991,3037700.0,27.9200706
2015-09-24 00:00:00,37.2700005,37.0900002,37.3899994,36.8100014,3161600.0,27.7192631
2015-09-25 00:00:00,37.3600006,37.6199989,38.4399986,37.1899986,2743500.0,27.7861919
2015-09-28 00:00:00,36.7000008,36.9000015,37.1100006,36.4300003,4436300.0,27.4053555
2015-09-29 00:00:00,36.3600006,36.7099991,37.0299988,36.1500015,4176300.0,27.1514606
2015-09-30 00:00:00,37.2599983,36.9099998,37.3199997,36.6199989,3748200.0,27.8235302
2015-10-01 00:00:00,37.0800018,37.0900002,37.4599991,36.6899986,4310700.0,27.6891174
2015-10-02 00:00:00,37.7599983,36.1100006,37.8100014,36.0999985,4050600.0,28.1968994
2015-10-05 00:00:00,38.6699982,38.0900002,38.9799995,38.0099983,3567300.0,28.8764267
2015-10-06 00:00:00,38.7200012,38.5200005,38.7799988,38.3400002,2486500.0,28.9137688
2015-10-07 00:00:00,39.0200005,38.9199982,39.6599998,38.7299995,4904700.0,29.1377964
2015-10-08 00:00:00,38.8899994,38.9000015,39.0200005,38.4900017,3464500.0,29.0407162
2015-10-09 00:00:00,38.8499985,38.4700012,39.2700005,38.4199982,5056000.0,29.0108509
2015-10-12 00:00:00,38.0299988,38.8100014,38.9300003,37.9099998,2626200.0,28.3985157
2015-10-13 00:00:00,37.5,37.75,38.2999992,37.4300003,4144400.0,28.0027542
2015-10-14 00:00:00,37.4700012,37.5,37.9900017,37.3800011,4143000.0,27.9803486
2015-10-15 00:00:00,37.8100014,37.6300011,37.8699989,37.3800011,4381900.0,28.2342339
2015-10-16 00:00:00,38.4700012,37.9099998,38.6699982,37.7400017,5645000.0,28.727087
2015-10-19 00:00:00,38.1500015,38.2700005,38.4000015,38.0699997,3656700.0,28.4881306
2015-10-20 00:00:00,38.1800003,38.0400009,38.2900009,38.0200005,4357200.0,28.5105305
2015-10-21 00:00:00,37.9399986,38.25,38.3699989,37.8800011,5298100.0,28.3313084
2015-10-22 00:00:00,39.7799988,38.2000008,40.5900002,38.1199989,7159600.0,29.7053146
2015-10-23 00:00:00,40.1800003,40.1399994,40.2999992,39.4199982,5139200.0,30.0040169
2015-10-26 00:00:00,40.0800018,40.1899986,40.3199997,39.9399986,2889600.0,29.9293385
2015-10-27 00:00:00,39.3699989,39.8400002,39.9900017,39.2700005,3380800.0,29.3991528
2015-10-28 00:00:00,39.9700012,39.3300018,40.0900002,39.1899986,4907000.0,29.8471928
2015-10-29 00:00:00,40.1100006,39.9300003,40.2999992,39.5900002,3782000.0,29.951746
2015-10-30 00:00:00,40.7599983,40.1699982,40.8300018,40.0099983,5739600.0,30.4371223
2015-11-02 00:00:00,41.1500015,40.8499985,41.3699989,40.6800003,3781000.0,30.7283535
2015-11-03 00:00:00,41.4000015,40.9799995,41.5299988,40.9700012,2185000.0,30.9150333
2015-11-04 00:00:00,41.1300011,41.5400009,41.5900002,41.0600014,1488400.0,30.7134209
2015-11-05 00:00:00,41.5699997,41.1500015,41.6399994,41.0400009,3006200.0,31.0419807
2015-11-06 00:00:00,40.8600006,41.7599983,42.0299988,40.7000008,4957400.0,30.5117989
2015-11-09 00:00:00,40.6500015,40.7900009,40.8499985,40.4199982,3802500.0,30.3549843
2015-11-10 00:00:00,40.7999992,40.5999985,40.8499985,40.3300018,2627400.0,30.4669876
2015-11-11 00:00:00,40.8400002,41.0800018,41.0900002,40.7200012,2826500.0,30.4968586
2015-11-12 00:00:00,40.4099998,40.4399986,40.8199997,40.3199997,3047900.0,30.1757565
2015-11-13 00:00:00,39.6199989,40.3100014,40.6300011,39.5999985,2820000.0,29.5858307
2015-11-16 00:00:00,40.5,39.5099983,40.5099983,39.3899994,2292600.0,30.2429695
2015-11-17 00:00:00,40.4199982,40.5600014,40.7999992,40.0900002,3035700.0,30.1832161
2015-11-18 00:00:00,41.4199982,40.5999985,41.5,39.8499985,2605800.0,30.9299641
2015-11-19 00:00:00,41.5800018,41.4700012,41.6899986,41.3699989,2132000.0,31.0494518
2015-11-20 00:00:00,41.3400002,41.7099991,42.0,41.1699982,1984400.0,30.8702316
2015-11-23 00:00:00,41.1899986,41.3899994,41.6599998,41.1300011,2895000.0,30.7582226
2015-11-24 00:00:00,41.2900009,40.7299995,41.5499992,40.1100006,2708400.0,30.8328896
2015-11-25 00:00:00,41.8100014,41.3800011,41.9300003,41.2999992,2071500.0,31.2211933
2015-11-27 00:00:00,41.5800018,41.7999992,41.9099998,41.3400002,788100.0,31.0494518
2015-11-30 00:00:00,41.9199982,41.6800003,42.0,41.6100006,2774200.0,31.3033352
2015-12-01 00:00:00,41.8300018,42.0999985,42.2299995,41.4900017,2896800.0,31.2361202
2015-12-02 00:00:00,41.0299988,41.8300018,41.8800011,40.8699989,2273900.0,30.6387424
2015-12-03 00:00:00,40.4199982,41.1800003,41.2200012,40.25,2810900.0,30.1832161
2015-12-04 00:00:00,41.1399994,40.5200005,41.2400017,40.3899994,3208300.0,30.7208672
2015-12-07 00:00:00,40.8199997,41.0900002,41.2200012,40.6100006,2586000.0,30.4819202
2015-12-08 00:00:00,39.3199997,39.9000015,40.0900002,39.2299995,4305900.0,29.361805
2015-12-09 00:00:00,38.5099983,39.1500015,39.6599998,38.4099998,3830900.0,28.7569561
2015-12-10 00:00:00,38.4700012,38.5099983,39.0400009,38.3600006,2699800.0,28.727087
2015-12-11 00:00:00,36.1800003,37.7700005,37.8899994,35.9199982,8029100.0,27.0170498
2015-12-14 00:00:00,35.1199989,36.0600014,36.2599983,34.6199989,9247300.0,26.2255058
2015-12-15 00:00:00,35.5999985,35.5499992,36.2200012,35.5200005,4626400.0,26.5839386
2015-12-16 00:00:00,36.1599998,35.9700012,36.2299995,35.2900009,3786800.0,27.0021172
2015-12-17 00:00:00,35.4500008,36.2200012,36.3899994,35.0800018,4842400.0,26.4719353
2015-12-18 00:00:00,35.0,35.2200012,35.2799988,34.7900009,10233300.0,26.1358967
2015-12-21 00:00:00,35.2400017,35.3400002,35.5299988,34.9300003,4330000.0,26.3151188
2015-12-22 00:00:00,35.8199997,35.1100006,35.9399986,34.9300003,6051500.0,26.7482185
2015-12-23 00:00:00,37.3600006,36.1100006,37.5,36.0099983,5262000.0,27.8982086
2015-12-24 00:00:00,36.9700012,37.1699982,37.5600014,36.7999992,1452700.0,27.7406311
2015-12-28 00:00:00,36.9199982,36.7799988,36.9700012,36.5999985,3014000.0,27.7031059
2015-12-29 00:00:00,37.4000015,37.1500015,37.5400009,37.0699997,2414300.0,28.0632839
2015-12-30 00:00:00,37.0299988,37.1899986,37.5499992,36.9900017,2354200.0,27.7856464
2015-12-31 00:00:00,36.8199997,36.7799988,37.2599983,36.6899986,2025900.0,27.6280766
2016-01-04 00:00:00,36.1800003,35.6399994,36.2099991,35.4099998,4389300.0,27.14785
2016-01-05 00:00:00,36.1199989,36.2799988,36.4300003,35.7000008,3384500.0,27.102829
2016-01-06 00:00:00,35.2000008,35.4500008,35.6500015,34.9500008,2744300.0,26.4125023
2016-01-07 00:00:00,34.0699997,34.3600006,34.9599991,33.9000015,5317900.0,25.5646
2016-01-08 00:00:00,33.6500015,34.2099991,34.4900017,33.5400009,5394300.0,25.2494564
2016-01-11 00:00:00,33.5,33.6599998,34.0,32.9599991,5795600.0,25.136898
2016-01-12 00:00:00,34.0,33.6199989,34.5099983,33.3699989,5371400.0,25.5120697
2016-01-13 00:00:00,32.9799995,34.2099991,34.3800011,32.9399986,5367100.0,24.7467079
2016-01-14 00:00:00,33.3699989,33.0900002,33.5600014,32.3899994,5260300.0,25.0393486
2016-01-15 00:00:00,32.6100006,32.3400002,32.8100014,31.9699993,5297700.0,24.46908
2016-01-19 00:00:00,33.0499992,33.1699982,33.5400009,32.5699997,5794800.0,24.7992401
2016-01-20 00:00:00,32.9099998,32.3800011,33.3400002,31.8700008,6159500.0,24.6941833
2016-01-21 00:00:00,33.2099991,32.9799995,34.3400002,32.8199997,4213800.0,24.9192924
2016-01-22 00:00:00,34.0400009,33.9700012,34.5,33.7200012,4569600.0,25.5420895
2016-01-25 00:00:00,32.5299988,33.7900009,34.0,32.4900017,4352200.0,24.4090519
2016-01-26 00:00:00,33.3699989,32.6699982,33.4099998,32.5499992,3870700.0,25.0393486
2016-01-27 00:00:00,33.2099991,33.2599983,34.2099991,32.9199982,4325200.0,24.9192924
2016-01-28 00:00:00,33.3100014,33.8199997,34.1100006,33.1100006,3656100.0,24.9943218
2016-01-29 00:00:00,34.6599998,33.7000008,34.6599998,33.5099983,5328800.0,26.0073071
2016-02-01 00:00:00,33.6899986,34.25,34.3300018,33.2000008,5590900.0,25.279459
2016-02-02 00:00:00,32.2400017,33.0900002,33.0900002,32.2000008,7069100.0,24.1914444
2016-02-03 00:00:00,32.7599983,32.7200012,33.3699989,31.1700001,6163500.0,24.5816364
2016-02-04 00:00:00,33.7900009,32.2900009,33.8899994,32.0200005,5184100.0,25.3545017
2016-02-05 00:00:00,33.7099991,33.5499992,34.2200012,33.4199982,3813700.0,25.2944736
2016-02-08 00:00:00,32.4599991,33.2200012,33.2400017,32.0200005,6520800.0,24.3565254
2016-02-09 00:00:00,32.0900002,31.6399994,32.6500015,31.5900002,4843600.0,24.0788956
2016-02-10 00:00:00,32.4500008,32.5,33.4199982,32.4300003,3547000.0,24.3490238
2016-02-11 00:00:00,31.4500008,31.5400009,32.0299988,31.0,4846500.0,23.5986729
2016-02-12 00:00:00,32.3199997,32.0800018,32.7200012,31.6000004,5505600.0,24.2514801
2016-02-16 00:00:00,33.8499985,32.9700012,33.9900017,32.8600006,4159800.0,25.3995171
2016-02-17 00:00:00,34.2599983,34.2799988,34.6199989,34.1199989,3462000.0,25.7071648
2016-02-18 00:00:00,34.6599998,34.5299988,34.8199997,34.1800003,3564400.0,26.0073071
2016-02-19 00:00:00,34.0800018,34.4300003,34.5900002,33.7799988,3214200.0,25.5721073
2016-02-22 00:00:00,35.0099983,34.7599983,35.2799988,34.7099991,3029700.0,26.2699299
2016-02-23 00:00:00,34.9399986,34.9799995,35.3899994,34.7000008,3893100.0,26.2174053
2016-02-24 00:00:00,34.7599983,34.1899986,34.9199982,33.7299995,2963800.0,26.0823441
2016-02-25 00:00:00,35.7299995,34.7700005,35.8300018,34.4599991,4113500.0,26.8101826
2016-02-26 00:00:00,36.1500015,36.1300011,36.6800003,35.7400017,3697800.0,27.1253338
2016-02-29 00:00:00,35.8499985,36.0499992,36.6699982,35.8300018,3416600.0,26.9002285
2016-03-01 00:00:00,36.9199982,36.3699989,36.9700012,36.1699982,3088400.0,27.7031059
2016-03-02 00:00:00,37.3499985,36.7799988,37.3699989,36.3800011,3222300.0,28.0257645
2016-03-03 00:00:00,37.8800011,37.4099998,38.2599983,37.3400002,3297300.0,28.4234505
2016-03-04 00:00:00,38.4700012,37.8100014,38.7999992,37.8100014,3835600.0,28.8661652
2016-03-07 00:00:00,38.4500008,37.8800011,38.5800018,37.6500015,1987400.0,28.8511562
2016-03-08 00:00:00,38.0,38.0600014,38.3899994,37.6699982,1994000.0,28.5134907
2016-03-09 00:00:00,37.4099998,38.0999985,38.3600006,37.0900002,4197300.0,28.0707836
2016-03-10 00:00:00,36.7599983,37.4799995,37.7000008,35.9700012,4387600.0,27.5830574
2016-03-11 00:00:00,38.3600006,37.4300003,38.4500008,37.3199997,3157800.0,28.7836189
2016-03-14 00:00:00,38.0900002,38.1699982,38.3300018,37.7599983,2652500.0,28.5810223
2016-03-15 00:00:00,36.8300018,36.2000008,37.4700012,36.1899986,3533900.0,27.6355801
2016-03-16 00:00:00,37.5699997,36.5800018,37.7200012,36.4599991,3436100.0,28.1908417
2016-03-17 00:00:00,38.7700005,37.5699997,39.3100014,37.4300003,3922800.0,29.0912628
2016-03-18 00:00:00,39.0900002,38.9700012,39.4900017,38.4300003,5038900.0,29.3313828
2016-03-21 00:00:00,39.0499992,38.9399986,39.3600006,38.7700005,2226600.0,29.3013668
2016-03-22 00:00:00,39.0499992,38.7400017,39.25,38.4399986,2141300.0,29.3013668
2016-03-23 00:00:00,38.5699997,38.9599991,39.1500015,38.5400009,2794200.0,28.9411869
2016-03-24 00:00:00,38.0900002,38.0600014,38.1300011,37.6699982,2872200.0,28.5810223
2016-03-28 00:00:00,38.3300018,38.25,38.4500008,37.8199997,1848000.0,28.761116
2016-03-29 00:00:00,39.0999985,37.8600006,39.1599998,37.6300011,3283300.0,29.4773159
2016-03-30 00:00:00,39.1399994,39.4700012,39.9399986,39.0299988,2888100.0,29.5074673
2016-03-31 00:00:00,39.0499992,39.1100006,39.3300018,38.9399986,2565600.0,29.4396191
2016-04-01 00:00:00,39.4599991,38.6599998,39.5200005,38.3300018,2554000.0,29.7487221
2016-04-04 00:00:00,38.7999992,39.5699997,39.5699997,38.6899986,1667100.0,29.2511444
2016-04-05 00:00:00,38.4500008,38.4900017,38.8300018,38.3199997,2297200.0,28.9872818
2016-04-06 00:00:00,38.4799995,38.3199997,38.8899994,37.9900017,3170700.0,29.0098991
2016-04-07 00:00:00,37.2000008,38.2099991,38.2799988,36.9799995,3243800.0,28.0449123
2016-04-08 00:00:00,37.2400017,37.4099998,37.75,37.1199989,3794800.0,28.0750694
2016-04-11 00:00:00,37.4300003,37.6100006,38.0900002,37.4199982,4069400.0,28.2183075
2016-04-12 00:00:00,37.9700012,37.5200005,38.3199997,37.0499992,6782400.0,28.6254101
2016-04-13 00:00:00,39.5800018,38.3199997,39.6800003,38.2200012,4035000.0,29.8391857
2016-04-14 00:00:00,39.8800011,39.6599998,40.2000008,39.5900002,2890900.0,30.0653553
2016-04-15 00:00:00,39.5099983,39.9500008,40.0400009,39.3499985,2133900.0,29.7864113
2016-04-18 00:00:00,39.6500015,39.4199982,39.8499985,39.2099991,2479200.0,29.8919563
2016-04-19 00:00:00,40.4000015,39.9700012,40.5200005,39.9300003,4764200.0,30.4573727
2016-04-20 00:00:00,40.9799995,40.5699997,41.1800003,40.3400002,3276300.0,30.8946266
2016-04-21 00:00:00,40.5400009,40.9599991,41.2400017,40.4199982,1722500.0,30.5629311
2016-04-22 00:00:00,40.6699982,40.4700012,40.9900017,40.4399986,1856900.0,30.6609287
2016-04-25 00:00:00,40.1500015,40.3699989,40.6199989,39.9599991,1971700.0,30.2689018
2016-04-26 00:00:00,40.1800003,40.2999992,40.3899994,39.8499985,2723300.0,30.2915249
2016-04-27 00:00:00,39.6500015,39.2000008,39.8100014,38.5400009,4508000.0,29.8919563
2016-04-28 00:00:00,38.1500015,39.1599998,39.2099991,37.9900017,4728600.0,28.761116
2016-04-29 00:00:00,37.3400002,37.8600006,37.9599991,37.1100006,4244900.0,28.1504574
2016-05-02 00:00:00,37.7400017,37.3699989,37.8800011,36.8899994,3696900.0,28.4520226
2016-05-03 00:00:00,36.7999992,37.2400017,37.3699989,36.2700005,2616400.0,27.743351
2016-05-04 00:00:00,36.0299988,36.3699989,36.7700005,35.7999992,2550100.0,27.1628475
2016-05-05 00:00:00,35.8300018,36.0900002,36.3699989,35.7000008,2633000.0,27.0120716
2016-05-06 00:00:00,36.0999985,35.4900017,36.1699982,35.3800011,2253400.0,27.2156258
2016-05-09 00:00:00,35.9500008,36.0099983,36.2099991,35.8400002,3312600.0,27.102541
2016-05-10 00:00:00,36.5400009,36.2200012,36.5900002,36.0299988,1854700.0,27.5473423
2016-05-11 00:00:00,35.6699982,36.3100014,36.4399986,35.6500015,5034400.0,26.8914566
2016-05-12 00:00:00,35.8400002,35.9300003,36.25,35.5299988,5272800.0,27.0196133
2016-05-13 00:00:00,35.0400009,35.8100014,36.2999992,34.9399986,3796800.0,26.4164982
2016-05-16 00:00:00,35.25,35.1500015,35.5499992,35.0499992,2033100.0,26.57481
2016-05-17 00:00:00,35.0699997,35.1699982,35.6399994,34.9399986,3035500.0,26.4391136
2016-05-18 00:00:00,35.6100006,34.9599991,35.7700005,34.8800011,4552900.0,26.8462143
2016-05-19 00:00:00,35.2099991,35.2700005,35.4399986,34.7799988,3699900.0,26.5446548
2016-05-20 00:00:00,35.5600014,35.4599991,35.9000015,35.4199982,1796900.0,26.8085289
2016-05-23 00:00:00,35.6699982,35.4500008,35.8499985,35.4000015,3101300.0,26.8914566
2016-05-24 00:00:00,36.5699997,35.9199982,36.6800003,35.8699989,2407600.0,27.5699596
2016-05-25 00:00:00,37.4900017,36.7400017,37.5800018,36.7400017,3896600.0,28.2635441
2016-05-26 00:00:00,37.0299988,37.4500008,37.6199989,37.0,1997800.0,27.9167461
2016-05-27 00:00:00,37.3600006,37.0499992,37.4000015,37.0499992,1768400.0,28.1655388
2016-05-31 00:00:00,37.3499985,37.5600014,37.6399994,37.0699997,3576200.0,28.1579952
2016-06-01 00:00:00,36.8199997,36.9500008,37.0600014,36.5200005,3582600.0,27.7584305
2016-06-02 00:00:00,35.7799988,35.9599991,36.0299988,35.4399986,5612100.0,26.9743786
2016-06-03 00:00:00,35.5900002,35.4199982,35.7299995,34.9900017,3194300.0,26.8311367
2016-06-06 00:00:00,35.7999992,35.6399994,36.25,35.4799995,3433600.0,26.9894619
2016-06-07 00:00:00,35.4500008,35.8199997,35.9399986,35.4500008,3221200.0,26.7255993
2016-06-08 00:00:00,35.25,35.4399986,35.7099991,35.1699982,1745500.0,26.57481
2016-06-09 00:00:00,34.4199982,35.1199989,35.2000008,34.1699982,4774100.0,25.9490776
2016-06-10 00:00:00,33.7900009,33.9099998,33.9300003,33.5499992,3803500.0,25.4741268
2016-06-13 00:00:00,33.2700005,33.5400009,33.8100014,33.2200012,3509000.0,25.0821095
2016-06-14 00:00:00,32.9099998,33.1199989,33.4599991,32.8100014,3748400.0,24.8106976
2016-06-15 00:00:00,33.0499992,33.2400017,33.6800003,33.0200005,3928900.0,24.9162483
2016-06-16 00:00:00,33.0499992,32.6699982,33.1300011,32.2000008,3027900.0,24.9162483
2016-06-17 00:00:00,33.3499985,33.0999985,33.5099983,33.0099983,3796200.0,25.1424141
2016-06-20 00:00:00,33.7599983,33.9799995,34.4000015,33.7400017,3755100.0,25.4515095
2016-06-21 00:00:00,33.8100014,33.8199997,34.0,33.5800018,1896000.0,25.489212
2016-06-22 00:00:00,33.7400017,33.7999992,34.0400009,33.6300011,4293600.0,25.4364338
2016-06-23 00:00:00,34.5800018,34.3499985,34.5800018,34.1199989,2051100.0,26.0697041
2016-06-24 00:00:00,32.0499992,32.2400017,33.0299988,32.0099983,5237600.0,24.1623478
2016-06-27 00:00:00,30.6700001,31.6399994,31.7700005,30.5599995,4423900.0,23.1219711
2016-06-28 00:00:00,31.0200005,31.0300007,31.2199993,30.5900002,6799000.0,23.5238972
2016-06-29 00:00:00,32.4799995,31.4200001,32.4900017,31.25,4994800.0,24.6310806
2016-06-30 00:00:00,33.3699989,32.5099983,33.3899994,32.2599983,4878200.0,25.3060093
2016-07-01 00:00:00,33.0699997,33.3699989,33.8400002,32.8899994,2843800.0,25.0785046
2016-07-05 00:00:00,32.2999992,32.5999985,32.6599998,32.0200005,2459500.0,24.4945812
2016-07-06 00:00:00,32.5299988,31.8899994,32.5499992,31.5900002,2986800.0,24.6689987
2016-07-07 00:00:00,32.5999985,32.5,33.0699997,32.3100014,3317900.0,24.7220802
2016-07-08 00:00:00,33.9799995,32.9399986,34.0099983,32.9399986,3337400.0,25.7686024
2016-07-11 00:00:00,33.9500008,34.0299988,34.3100014,33.5999985,2480700.0,25.7458515
2016-07-12 00:00:00,34.8400002,34.3800011,35.0600014,34.3600006,3052100.0,26.4207783
2016-07-13 00:00:00,34.4700012,34.8800011,35.0099983,34.2099991,2663700.0,26.1401939
2016-07-14 00:00:00,34.6399994,35.2400017,35.3499985,34.4599991,3371300.0,26.2691116
2016-07-15 00:00:00,34.6899986,34.6800003,35.0099983,34.3699989,2151300.0,26.307024
2016-07-18 00:00:00,34.9900017,34.8400002,35.0400009,34.6500015,1738300.0,26.5345325
2016-07-19 00:00:00,34.5800018,34.7599983,34.9399986,34.5200005,2076200.0,26.2236099
2016-07-20 00:00:00,35.1199989,34.8699989,35.1699982,34.3400002,3778800.0,26.6331139
2016-07-21 00:00:00,35.0099983,35.0400009,35.3699989,34.9500008,1468700.0,26.549696
2016-07-22 00:00:00,35.1699982,35.0400009,35.2299995,34.9000015,1243700.0,26.6710339
2016-07-25 00:00:00,34.6599998,35.0999985,35.2200012,34.6100006,2656500.0,26.284277
2016-07-26 00:00:00,34.5900002,34.6800003,34.7700005,34.1399994,2837100.0,26.2311916
2016-07-27 00:00:00,34.8499985,34.5999985,35.1100006,34.4099998,3879100.0,26.42836
2016-07-28 00:00:00,35.0200005,34.9599991,36.1199989,34.8400002,4134400.0,26.5572777
2016-07-29 00:00:00,36.1899986,34.9099998,36.2400017,34.5999985,5839200.0,27.4445438
2016-08-01 00:00:00,36.0299988,36.1699982,36.5699997,35.9000015,4552100.0,27.3232059
2016-08-02 00:00:00,35.0699997,35.8300018,36.1599998,34.8300018,3920500.0,26.5951958
2016-08-03 00:00:00,35.6399994,35.0900002,35.7700005,35.0800018,2985500.0,27.0274563
2016-08-04 00:00:00,35.3800011,35.7299995,35.7999992,35.25,3149300.0,26.8302822
2016-08-05 00:00:00,36.4300003,35.8199997,36.4700012,35.7400017,2980300.0,27.6265507
2016-08-08 00:00:00,36.4300003,36.5200005,36.9199982,36.3600006,3031500.0,27.6265507
2016-08-09 00:00:00,35.7599983,36.3300018,36.3600006,35.7299995,3208800.0,27.1184597
2016-08-10 00:00:00,35.5600014,35.8600006,35.9500008,35.5,1564400.0,26.966795
2016-08-11 00:00:00,35.6500015,35.7799988,35.9199982,35.5400009,1387800.0,27.0350456
2016-08-12 00:00:00,35.5299988,35.4000015,35.5900002,35.25,2283100.0,26.9440365
2016-08-15 00:00:00,35.9700012,35.7299995,36.0200005,35.7299995,1780900.0,27.27771
2016-08-16 00:00:00,36.0499992,35.8100014,36.2299995,35.7099991,2718700.0,27.3383789
2016-08-17 00:00:00,36.25,36.0400009,36.3800011,35.8899994,2244000.0,27.4900551
2016-08-18 00:00:00,36.5999985,36.1800003,36.5999985,36.1699982,1935400.0,27.7554626
2016-08-19 00:00:00,36.8199997,36.3699989,36.9300003,36.3300018,3173900.0,27.9223042
2016-08-22 00:00:00,36.5,36.7000008,36.8100014,36.4199982,2572200.0,27.6796303
2016-08-23 00:00:00,36.8699989,36.8300018,36.9900017,36.7599983,2591800.0,27.9602222
2016-08-24 00:00:00,36.2099991,36.9000015,36.9000015,36.1699982,2773200.0,27.4597168
2016-08-25 00:00:00,36.0200005,36.1199989,36.2299995,35.9399986,1781700.0,27.3156281
2016-08-26 00:00:00,36.1599998,36.2099991,36.5600014,35.9900017,2846200.0,27.4217949
2016-08-29 00:00:00,36.2999992,36.25,36.5099983,36.1500015,1621600.0,27.5279598
2016-08-30 00:00:00,36.4900017,36.3199997,36.6899986,36.2400017,2211800.0,27.6720524
2016-08-31 00:00:00,36.5,36.5900002,36.7900009,36.0800018,3387100.0,27.6796303
2016-09-01 00:00:00,35.8600006,36.6199989,36.7700005,35.6399994,2972800.0,27.1942921
2016-09-02 00:00:00,36.1500015,35.8600006,36.3499985,35.8600006,1709900.0,27.4142094
2016-09-06 00:00:00,36.1199989,36.1300011,36.2299995,35.7700005,2096900.0,27.3914661
2016-09-07 00:00:00,36.4700012,36.0800018,36.4900017,36.0400009,1852600.0,27.6568871
2016-09-08 00:00:00,36.6800003,36.3800011,36.8300018,36.1800003,2078900.0,27.816143
2016-09-09 00:00:00,35.5800018,36.4799995,36.5699997,35.5800018,3129000.0,26.9819527
2016-09-12 00:00:00,36.4300003,35.2999992,36.5299988,35.2099991,3314600.0,27.6265507
2016-09-13 00:00:00,35.2200012,35.7799988,35.8899994,35.1500015,3025500.0,26.70895
2016-09-14 00:00:00,35.1899986,35.2900009,35.6199989,34.9599991,2198700.0,26.686203
2016-09-15 00:00:00,35.75,35.1500015,35.8800011,35.0499992,1624200.0,27.1108685
2016-09-16 00:00:00,35.0999985,35.4199982,35.4599991,34.8600006,4952400.0,26.6179466
2016-09-19 00:00:00,35.2299995,35.4199982,35.7799988,35.2000008,2308900.0,26.7165318
2016-09-20 00:00:00,34.9900017,35.6899986,35.6899986,34.9900017,2039600.0,26.5345325
2016-09-21 00:00:00,35.6899986,34.9900017,35.75,34.9799995,3118800.0,27.0653744
2016-09-22 00:00:00,36.0600014,36.0200005,36.8699989,35.8699989,2118400.0,27.3459549
2016-09-23 00:00:00,35.1899986,35.8300018,36.0499992,35.1899986,2595800.0,26.686203
2016-09-26 00:00:00,34.5,34.8100014,35.1199989,34.4099998,2214900.0,26.162941
2016-09-27 00:00:00,34.6199989,34.3699989,34.7299995,34.25,1513000.0,26.2539425
2016-09-28 00:00:00,34.9399986,34.5900002,34.9700012,34.3699989,1765700.0,26.6350956
2016-09-29 00:00:00,34.7400017,34.9900017,35.3400002,34.4300003,2993400.0,26.4826431
2016-09-30 00:00:00,35.5699997,35.0900002,35.7700005,34.8199997,3100200.0,27.1153488
2016-10-03 00:00:00,36.2799988,35.5400009,36.9599991,35.5200005,4804300.0,27.6565952
2016-10-04 00:00:00,35.7700005,36.3600006,36.4199982,35.7000008,2730000.0,27.2678108
2016-10-05 00:00:00,36.7599983,36.0200005,36.8699989,35.9500008,2987200.0,28.0225029
2016-10-06 00:00:00,36.2000008,36.6300011,36.8300018,36.1399994,2461000.0,27.5956078
2016-10-07 00:00:00,35.9199982,36.2000008,36.2599983,35.6699982,2015700.0,27.3821602
2016-10-10 00:00:00,36.3800011,36.2099991,36.5699997,36.1599998,1882300.0,27.7328281
2016-10-11 00:00:00,34.7799988,36.0,36.0099983,34.75,4079000.0,26.5131264
2016-10-12 00:00:00,34.75,34.7599983,35.1599998,34.4799995,2297500.0,26.4902534
2016-10-13 00:00:00,34.4000015,34.3199997,34.5900002,33.7700005,2805100.0,26.2234478
2016-10-14 00:00:00,34.0900002,34.8400002,34.8699989,34.0900002,2411300.0,25.9871368
2016-10-17 00:00:00,33.8199997,34.0800018,34.1599998,33.7900009,1845200.0,25.7813129
2016-10-18 00:00:00,34.2299995,34.3800011,34.4199982,33.8800011,2245900.0,26.0938606
2016-10-19 00:00:00,34.8400002,34.4199982,34.9599991,34.3499985,2632800.0,26.5588703
2016-10-20 00:00:00,34.5800018,34.6899986,34.9799995,34.4399986,2377500.0,26.3606663
2016-10-21 00:00:00,34.4799995,34.2400017,34.6199989,34.1500015,2186800.0,26.2844353
2016-10-24 00:00:00,34.7299995,34.7799988,34.9500008,34.5499992,1986200.0,26.475008
2016-10-25 00:00:00,34.8199997,34.8100014,35.0999985,34.4900017,4253800.0,26.5436192
2016-10-26 00:00:00,35.0999985,34.6899986,35.4900017,33.7900009,6173200.0,26.7570667
2016-10-27 00:00:00,34.4300003,35.2200012,35.2200012,34.2799988,4041200.0,26.2463169
2016-10-28 00:00:00,34.1899986,34.5400009,34.7999992,33.8699989,3469400.0,26.0633659
2016-10-31 00:00:00,33.6599998,34.3199997,34.3600006,33.6300011,4064400.0,25.659338
2016-11-01 00:00:00,33.7000008,33.8899994,34.1500015,33.1500015,3158400.0,25.6898327
2016-11-02 00:00:00,33.1800003,33.5299988,33.6599998,33.0200005,2816000.0,25.2934322
2016-11-03 00:00:00,33.4500008,33.2400017,33.5900002,33.2200012,2467700.0,25.4992523
2016-11-04 00:00:00,33.7999992,33.3899994,34.4799995,33.3400002,3155300.0,25.7660675
2016-11-07 00:00:00,34.4300003,34.3400002,34.6300011,34.0900002,3819800.0,26.2463169
2016-11-08 00:00:00,34.25,34.2900009,34.4099998,33.8699989,3210500.0,26.1091118
2016-11-09 00:00:00,38.4900017,34.75,39.1899986,34.75,14048200.0,29.341301
2016-11-10 00:00:00,37.8499985,38.6699982,40.6899986,37.4300003,10882200.0,28.8534184
2016-11-11 00:00:00,37.2200012,37.4500008,37.8499985,36.8800011,6812200.0,28.3731651
2016-11-14 00:00:00,38.7200012,37.4700012,38.9599991,37.4399986,6056400.0,29.5166302
2016-11-15 00:00:00,38.9099998,38.5,38.9799995,38.1800003,4749200.0,29.6614666
2016-11-16 00:00:00,38.5,38.5,38.9599991,38.4300003,2691100.0,29.348917
2016-11-17 00:00:00,38.8400002,38.5,39.1100006,38.1699982,3436500.0,29.6081028
2016-11-18 00:00:00,38.8899994,38.9700012,39.1699982,38.7000008,1756800.0,29.6462173
2016-11-21 00:00:00,39.3100014,39.3499985,39.4000015,38.9199982,1553000.0,29.9663868
2016-11-22 00:00:00,39.1599998,39.4900017,39.5,38.8300018,2040400.0,29.852047
2016-11-23 00:00:00,39.2700005,38.9799995,39.4000015,38.6699982,2697600.0,29.9359016
2016-11-25 00:00:00,39.3199997,39.3300018,39.4300003,39.1300011,758600.0,29.9740086
2016-11-28 00:00:00,38.6500015,39.0099983,39.2799988,38.5600014,2452900.0,29.4632645
2016-11-29 00:00:00,38.7000008,38.7700005,39.0600014,38.5400009,1476200.0,29.5013847
2016-11-30 00:00:00,39.2599983,39.2099991,39.5,38.9199982,2512900.0,29.9282761
2016-12-01 00:00:00,39.5600014,39.4799995,39.8600006,39.2200012,2067000.0,30.1569672
2016-12-02 00:00:00,39.2099991,39.4900017,39.6899986,39.0999985,1586800.0,29.8901558
2016-12-05 00:00:00,39.7599983,39.5299988,39.9599991,39.3600006,3223300.0,30.3094273
2016-12-06 00:00:00,39.8899994,39.8899994,39.9799995,39.3100014,1917200.0,30.4085388
2016-12-07 00:00:00,40.6199989,39.8699989,40.6599998,39.7799988,2095000.0,30.9650211
2016-12-08 00:00:00,42.0200005,40.6399994,42.1800003,40.6399994,3916300.0,32.0322533
2016-12-09 00:00:00,41.0099983,41.7799988,41.9900017,40.9599991,3141700.0,31.2623234
2016-12-12 00:00:00,39.9900017,40.8600006,41.0400009,39.9799995,3229800.0,30.4847603
2016-12-13 00:00:00,39.9900017,40.2900009,40.5699997,39.5900002,3134800.0,30.4847603
2016-12-14 00:00:00,39.3100014,39.7999992,40.2400017,39.1800003,3158300.0,29.9663868
2016-12-15 00:00:00,39.4599991,39.4700012,40.0499992,39.1100006,1977000.0,30.0807438
2016-12-16 00:00:00,39.2799988,39.5999985,39.9300003,39.2000008,4152800.0,29.9435234
2016-12-19 00:00:00,39.7700005,39.5499992,39.7999992,38.9300003,4730000.0,30.3170547
2016-12-20 00:00:00,40.4000015,40.0400009,40.4000015,39.9199982,2845200.0,30.797308
2016-12-21 00:00:00,40.4099998,40.3400002,40.4900017,39.9000015,2235800.0,30.8049202
2016-12-22 00:00:00,40.2799988,40.3400002,40.3400002,40.0400009,1831600.0,30.7058239
2016-12-23 00:00:00,40.4799995,40.3199997,40.5699997,40.0400009,1361600.0,30.8582878
2016-12-27 00:00:00,40.3100014,40.6500015,40.7400017,40.1100006,1069800.0,30.7287083
2016-12-28 00:00:00,39.4700012,40.2200012,40.3600006,39.4599991,1506600.0,30.2383919
2016-12-29 00:00:00,39.4099998,39.4599991,39.7700005,39.2299995,1243400.0,30.192421
2016-12-30 00:00:00,39.5800018,39.6599998,40.3699989,39.3199997,1634900.0,30.3226624
2017-01-03 00:00:00,40.4399986,40.2400017,40.7599983,39.9099998,2402100.0,30.9815102
2017-01-04 00:00:00,41.3499985,40.6800003,41.5,40.6500015,2880000.0,31.6786823
2017-01-05 00:00:00,40.7299995,41.0,41.3100014,40.2200012,1838400.0,31.2036858
2017-01-06 00:00:00,40.75,40.7599983,40.8800011,40.2799988,1614500.0,31.2190132
2017-01-09 00:00:00,40.3100014,40.7000008,40.7000008,40.1399994,2254100.0,30.8819313
2017-01-10 00:00:00,40.4000015,40.3499985,40.7299995,40.0800018,1619300.0,30.9508762
2017-01-11 00:00:00,40.75,40.2000008,40.7700005,40.0499992,1768300.0,31.2190132
2017-01-12 00:00:00,40.4799995,40.2999992,40.5600014,39.6500015,2584000.0,31.0121555
2017-01-13 00:00:00,40.5,40.6199989,40.9199982,40.3600006,1670000.0,31.027483
2017-01-17 00:00:00,39.9399986,40.4099998,40.5600014,39.8400002,3346900.0,30.5984592
2017-01-18 00:00:00,40.0099983,39.9099998,40.0400009,39.5099983,1966500.0,30.6520786
2017-01-19 00:00:00,39.8600006,39.9399986,40.3600006,39.5200005,2215300.0,30.537178
2017-01-20 00:00:00,40.6100006,40.0600014,40.6199989,39.9900017,2209600.0,31.1117592
2017-01-23 00:00:00,40.4000015,40.4199982,40.6199989,40.1500015,1732200.0,30.9508762
2017-01-24 00:00:00,41.1599998,40.6599998,41.3400002,40.4599991,1752300.0,31.5331249
2017-01-25 00:00:00,41.8600006,41.5800018,41.9199982,41.0900002,2622700.0,32.0693893
2017-01-26 00:00:00,40.7700005,41.7200012,41.8899994,40.5699997,3755000.0,31.2343254
2017-01-27 00:00:00,40.3199997,41.1100006,41.7000008,39.75,3586100.0,30.8895912
2017-01-30 00:00:00,40.1699982,40.25,40.25,39.4599991,2488200.0,30.7746735
2017-01-31 00:00:00,39.7400017,39.9500008,40.0999985,39.5600014,3950800.0,30.44524
2017-02-01 00:00:00,39.9900017,40.0900002,40.6100006,39.7000008,2550000.0,30.6367664
2017-02-02 00:00:00,39.9000015,39.6100006,40.1399994,39.3800011,1665800.0,30.5678196
2017-02-03 00:00:00,40.3100014,40.4199982,40.4500008,40.0800018,3479000.0,30.8819313
2017-02-06 00:00:00,39.9900017,40.0699997,40.3699989,39.9500008,2065900.0,30.6367664
2017-02-07 00:00:00,40.0099983,40.1899986,40.2700005,39.7900009,1734700.0,30.6520786
2017-02-08 00:00:00,39.7400017,39.75,39.8300018,39.5200005,1757800.0,30.44524
2017-02-09 00:00:00,40.4799995,39.7400017,40.5600014,39.7400017,4341900.0,31.0121555
2017-02-10 00:00:00,40.8800011,40.6899986,40.9300003,40.6199989,2771800.0,31.3186073
2017-02-13 00:00:00,41.5099983,41.1199989,41.6500015,40.9799995,1680800.0,31.8012524
2017-02-14 00:00:00,42.0999985,41.1599998,42.1300011,41.1599998,3669800.0,32.2532616
2017-02-15 00:00:00,42.7200012,42.2799988,42.8300018,42.0600014,2365100.0,32.7282448
2017-02-16 00:00:00,42.2900009,42.7000008,42.7999992,42.0999985,1941800.0,32.398819
2017-02-17 00:00:00,42.5299988,42.0999985,42.5400009,41.9700012,2365900.0,32.5826874
2017-02-21 00:00:00,43.0299988,42.7099991,43.25,42.7099991,2395900.0,32.9657402
2017-02-22 00:00:00,42.7700005,42.75,43.0699997,42.6599998,1842600.0,32.7665634
2017-02-23 00:00:00,42.9399986,42.9000015,42.9799995,42.5200005,1324200.0,32.8967972
2017-02-24 00:00:00,42.7400017,42.6899986,43.0099983,42.5699997,2864200.0,32.7435722
2017-02-27 00:00:00,43.3699989,42.7900009,43.4099998,42.75,1760400.0,33.2262268
2017-02-28 00:00:00,43.0400009,43.0699997,43.3600006,42.7799988,3171100.0,32.9734077
2017-03-01 00:00:00,43.4399986,43.9799995,44.0999985,43.2400017,2735500.0,33.27985
2017-03-02 00:00:00,42.8899994,43.3899994,43.4300003,42.8800011,1834900.0,32.8584938
2017-03-03 00:00:00,42.6800003,43.0099983,43.0900002,42.4099998,2712500.0,32.6976013
2017-03-06 00:00:00,42.3800011,42.5600014,42.7700005,42.3100014,1728500.0,32.4677658
2017-03-07 00:00:00,42.3800011,42.4099998,42.5800018,42.1199989,1634100.0,32.4677658
2017-03-08 00:00:00,42.5600014,42.7799988,43.0299988,42.4500008,2384300.0,32.6056747
2017-03-09 00:00:00,42.4199982,42.7400017,42.9500008,42.3100014,1605400.0,32.4984207
2017-03-10 00:00:00,42.5800018,42.8100014,42.8100014,42.3499985,1288000.0,32.6209984
2017-03-13 00:00:00,42.5699997,42.6800003,42.8300018,42.4599991,1381700.0,32.6133347
2017-03-14 00:00:00,42.4300003,42.3100014,42.4900017,42.0299988,1693700.0,32.5060806
2017-03-15 00:00:00,42.9900017,42.7799988,43.0699997,42.7400017,1741900.0,32.9351044
2017-03-16 00:00:00,43.9099998,43.5800018,44.3499985,43.5800018,3164600.0,33.6399193
2017-03-17 00:00:00,42.2200012,43.4099998,43.5099983,42.0600014,5530300.0,32.3451958
2017-03-20 00:00:00,42.0400009,42.0800018,42.1899986,41.7400017,1735400.0,32.2072945
2017-03-21 00:00:00,41.3499985,42.3400002,42.4099998,40.9700012,3414700.0,31.6786823
2017-03-22 00:00:00,41.3699989,40.9799995,41.5499992,40.5999985,2302100.0,31.6939983
2017-03-23 00:00:00,41.4599991,41.2400017,41.9099998,41.2000008,1747800.0,31.7629509
2017-03-24 00:00:00,41.2599983,41.5999985,41.9500008,41.0499992,1994000.0,31.609724
2017-03-27 00:00:00,41.0900002,40.5200005,41.1800003,40.3800011,2461500.0,31.4794941
2017-03-28 00:00:00,41.9199982,41.0200005,42.0999985,40.9900017,2371600.0,32.1153564
2017-03-29 00:00:00,41.4099998,41.5999985,41.6800003,41.2099991,1158200.0,31.8767281
2017-03-30 00:00:00,42.2200012,41.3600006,42.3600006,41.2799988,1508300.0,32.500248
2017-03-31 00:00:00,42.1399994,41.9500008,42.4399986,41.8499985,1618400.0,32.4386673
2017-04-03 00:00:00,41.75,42.2400017,42.4399986,41.2200012,2106200.0,32.1384468
2017-04-04 00:00:00,41.5699997,41.4900017,41.8699989,41.4000015,1564500.0,31.9998951
2017-04-05 00:00:00,41.4000015,42.0,42.5200005,41.3300018,1594900.0,31.8690281
2017-04-06 00:00:00,41.9599991,41.4500008,42.0499992,41.0999985,1697000.0,32.300106
2017-04-07 00:00:00,41.7799988,41.75,42.2000008,41.7200012,2518000.0,32.1615486
2017-04-10 00:00:00,42.0400009,41.7599983,42.2299995,41.7000008,1755200.0,32.3616982
2017-04-11 00:00:00,41.0099983,41.7000008,41.8300018,40.5299988,4021000.0,31.5688152
2017-04-12 00:00:00,40.8100014,41.0,41.3600006,40.5400009,3282000.0,31.4148636
2017-04-13 00:00:00,40.5900002,40.6100006,41.2000008,40.4799995,2282600.0,31.2455044
2017-04-17 00:00:00,41.3699989,40.8499985,41.4099998,40.7200012,2055600.0,31.8459358
2017-04-18 00:00:00,41.6399994,41.1300011,41.8300018,41.0600014,2356000.0,32.053772
2017-04-19 00:00:00,41.2099991,41.8300018,42.0400009,41.1599998,2922900.0,31.7227707
2017-04-20 00:00:00,41.6199989,41.5499992,41.7200012,41.2200012,2065700.0,32.0383835
2017-04-21 00:00:00,41.0099983,41.5900002,41.6800003,40.9000015,2227500.0,31.5688152
2017-04-24 00:00:00,41.9099998,41.9099998,42.1300011,41.6500015,2438500.0,32.2616158
2017-04-25 00:00:00,42.0400009,42.2000008,42.2400017,41.9199982,1813000.0,32.3616982
2017-04-26 00:00:00,42.4700012,41.8899994,42.7999992,41.8800011,2761500.0,32.6926956
2017-04-27 00:00:00,42.2799988,42.6300011,42.6899986,41.75,2051000.0,32.5464401
2017-04-28 00:00:00,43.1100006,42.3499985,43.3499985,42.2700005,4427700.0,33.1853561
2017-05-01 00:00:00,42.75,43.2700005,43.4399986,42.7200012,3130500.0,32.9082336
2017-05-02 00:00:00,42.6500015,42.7000008,42.8100014,42.3699989,2202700.0,32.8312607
2017-05-03 00:00:00,42.7299995,42.4900017,42.7700005,42.4199982,1926400.0,32.8928375
2017-05-04 00:00:00,42.4599991,42.6800003,43.0600014,42.1699982,3080400.0,32.6850052
2017-05-05 00:00:00,42.7700005,42.6199989,42.7700005,42.3499985,1306000.0,32.9236412
2017-05-08 00:00:00,42.9799995,42.7900009,43.0400009,42.5900002,2014500.0,33.085289
2017-05-09 00:00:00,43.4300003,42.9799995,43.6100006,42.9799995,2352700.0,33.431694
2017-05-10 00:00:00,43.7400017,43.2799988,43.75,42.9900017,1987100.0,33.6703262
2017-05-11 00:00:00,43.3199997,43.5299988,43.7200012,43.25,2102400.0,33.3470154
2017-05-12 00:00:00,43.1699982,43.1599998,43.3400002,42.9900017,1226600.0,33.2315445
2017-05-15 00:00:00,43.5800018,43.3600006,43.6599998,43.2599983,1283300.0,33.5471535
2017-05-16 00:00:00,43.4199982,43.5699997,43.5999985,43.1399994,1632500.0,33.423996
2017-05-17 00:00:00,42.0499992,43.4199982,43.4199982,41.8499985,2050700.0,32.3693924
2017-05-18 00:00:00,41.8699989,41.4900017,42.2099991,41.1899986,4859200.0,32.2308197
2017-05-19 00:00:00,42.0400009,41.9399986,42.2700005,41.7999992,2885300.0,32.3616982
2017-05-22 00:00:00,42.1199989,42.2400017,42.4300003,41.8300018,1729600.0,32.423275
2017-05-23 00:00:00,41.4000015,41.9799995,42.0,41.2400017,3036000.0,31.8690281
2017-05-24 00:00:00,41.3499985,41.5699997,41.6500015,40.8499985,3629800.0,31.8305435
2017-05-25 00:00:00,41.7000008,41.7000008,41.9399986,41.4300003,2258900.0,32.0999603
2017-05-26 00:00:00,41.7000008,41.5299988,41.8600006,41.5,2092900.0,32.0999603
2017-05-30 00:00:00,41.6100006,41.5400009,41.7400017,41.4099998,2426300.0,32.0306854
2017-05-31 00:00:00,41.7900009,41.7000008,41.7900009,41.2000008,2892600.0,32.1692467
2017-06-01 00:00:00,42.75,42.0,42.9000015,41.7000008,2167500.0,32.9082336
2017-06-02 00:00:00,42.7599983,42.5200005,42.9199982,42.3400002,2954700.0,32.9159355
2017-06-05 00:00:00,42.8100014,42.7799988,43.0999985,42.6800003,1998900.0,32.954422
2017-06-06 00:00:00,42.5499992,42.4599991,42.7599983,42.3699989,1561100.0,32.7542801
2017-06-07 00:00:00,42.5099983,42.7299995,42.7599983,42.3300018,1754700.0,32.7234879
2017-06-08 00:00:00,42.9000015,42.5099983,43.1399994,42.4300003,2187300.0,33.0237007
2017-06-09 00:00:00,43.6800003,43.0400009,43.7599983,43.0400009,2005400.0,33.6241341
2017-06-12 00:00:00,43.9000015,43.7099991,44.0900002,43.6100006,2431900.0,33.7934875
2017-06-13 00:00:00,44.1399994,44.0,44.3100014,43.9599991,2162000.0,33.9782295
2017-06-14 00:00:00,44.2000008,43.9900017,44.2400017,43.7200012,1852500.0,34.0244217
2017-06-15 00:00:00,44.5,43.75,44.7000008,43.6300011,2986000.0,34.2553558
2017-06-16 00:00:00,44.1300011,44.4599991,44.4599991,43.9599991,2976200.0,33.9705429
2017-06-19 00:00:00,44.8400002,44.3400002,45.2099991,44.2799988,2098700.0,34.5170784
2017-06-20 00:00:00,44.5099983,44.6199989,44.8199997,44.5,1789700.0,34.2630539
2017-06-21 00:00:00,44.2599983,44.7599983,44.7599983,44.1100006,1891900.0,34.0706139
2017-06-22 00:00:00,44.3400002,44.1100006,44.7000008,43.9900017,1641700.0,34.1321945
2017-06-23 00:00:00,43.9799995,44.4799995,44.5,43.8300018,3415200.0,33.855072
2017-06-26 00:00:00,44.2400017,44.2299995,44.4099998,43.8800011,2183300.0,34.0552177
2017-06-27 00:00:00,44.4599991,44.4099998,44.7099991,44.2900009,1462200.0,34.2245674
2017-06-28 00:00:00,44.8699989,44.6899986,45.0699997,44.6199989,1844900.0,34.6962585
2017-06-29 00:00:00,44.5499992,45.3600006,45.5999985,44.2799988,1250300.0,34.4488106
2017-06-30 00:00:00,44.7900009,44.9500008,45.0,44.5200005,1544200.0,34.6343956
2017-07-03 00:00:00,45.0699997,45.1199989,45.4300003,45.0099983,1038200.0,34.850914
2017-07-05 00:00:00,45.2400017,45.2599983,45.3699989,44.8499985,1290000.0,34.9823647
2017-07-06 00:00:00,44.9199982,45.0699997,45.5099983,44.8899994,1648300.0,34.7349205
2017-07-07 00:00:00,45.4199982,45.1399994,45.6500015,45.0099983,1312000.0,35.1215477
2017-07-10 00:00:00,45.5400009,45.1899986,45.7900009,45.1899986,1627800.0,35.214344
2017-07-11 00:00:00,45.4000015,45.5699997,45.5900002,44.9500008,1526600.0,35.1060791
2017-07-12 00:00:00,45.9799995,45.5299988,46.3899994,45.4399986,3117200.0,35.5545807
2017-07-13 00:00:00,46.3199997,46.1100006,46.5099983,46.0400009,1654600.0,35.8174896
2017-07-14 00:00:00,46.2700005,46.0999985,46.6100006,46.0400009,2124200.0,35.7788277
2017-07-17 00:00:00,46.1500015,46.1300011,46.2799988,45.9799995,1754300.0,35.6860313
2017-07-18 00:00:00,46.2400017,45.9399986,46.2999992,45.8899994,1013400.0,35.7556305
2017-07-19 00:00:00,46.5699997,46.4099998,46.5999985,46.2799988,1093000.0,36.0108032
2017-07-20 00:00:00,46.8100014,46.5999985,47.0499992,46.5200005,2493300.0,36.1963882
2017-07-21 00:00:00,46.6699982,46.7400017,46.9599991,46.5999985,1072100.0,36.0881271
2017-07-24 00:00:00,46.6599998,46.2599983,46.7299995,46.2599983,1032600.0,36.0803986
2017-07-25 00:00:00,47.2799988,47.1300011,47.5800018,46.9700012,1365500.0,36.5598183
2017-07-26 00:00:00,47.2200012,47.3100014,47.6500015,47.1199989,2537400.0,36.5134125
2017-07-27 00:00:00,45.9000015,47.3199997,47.4500008,45.4500008,2767700.0,35.4927139
2017-07-28 00:00:00,44.6899986,45.7700005,45.8300018,44.2999992,2309800.0,34.5570641
2017-07-31 00:00:00,44.7799988,44.7200012,44.9599991,44.4000015,2966900.0,34.6266632
2017-08-01 00:00:00,44.7200012,45.0,45.0800018,44.5400009,2059400.0,34.5802689
2017-08-02 00:00:00,43.9399986,44.6300011,44.7200012,43.5400009,3146700.0,33.9771233
2017-08-03 00:00:00,43.8300018,43.9199982,44.0499992,43.6199989,1272700.0,33.892067
2017-08-04 00:00:00,43.7999992,44.1199989,44.1199989,43.5200005,1693500.0,33.8688622
2017-08-07 00:00:00,43.5900002,43.8199997,43.9000015,43.5,1581700.0,33.7064857
2017-08-08 00:00:00,43.6500015,43.5400009,43.9399986,43.5400009,2163400.0,33.7528839
2017-08-09 00:00:00,43.5900002,43.2799988,43.7099991,43.2799988,1499700.0,33.7064857
2017-08-10 00:00:00,42.6300011,43.3300018,43.5499992,42.6100006,1940900.0,32.9641533
2017-08-11 00:00:00,42.75,42.6599998,43.0999985,42.6300011,1383700.0,33.056942
2017-08-14 00:00:00,43.0200005,43.0699997,43.2799988,42.9099998,1250200.0,33.2657166
2017-08-15 00:00:00,42.8899994,43.0999985,43.2799988,42.6699982,1360700.0,33.1652031
2017-08-16 00:00:00,42.8300018,43.0499992,43.3899994,42.7799988,1223200.0,33.1188049
2017-08-17 00:00:00,42.0600014,42.7000008,42.9099998,42.0600014,1826600.0,32.5233955
2017-08-18 00:00:00,41.8300018,41.9900017,42.2299995,41.8300018,1796700.0,32.3455467
2017-08-21 00:00:00,41.7700005,41.7599983,41.9399986,41.6199989,1372400.0,32.2991409
2017-08-22 00:00:00,42.5099983,41.9000015,42.5999985,41.9000015,2398100.0,32.871357
2017-08-23 00:00:00,42.3499985,42.2599983,42.7799988,42.2099991,1740800.0,32.7476311
2017-08-24 00:00:00,42.3899994,42.4700012,42.5299988,42.2299995,2014900.0,32.7785683
2017-08-25 00:00:00,42.6699982,42.6300011,42.8300018,42.5600014,2055200.0,32.9950752
2017-08-28 00:00:00,42.5999985,42.8400002,42.9000015,42.5,1480600.0,32.9409523
2017-08-29 00:00:00,42.4000015,42.1199989,42.4799995,41.9300003,965100.0,32.786293
2017-08-30 00:00:00,42.6100006,42.4500008,42.6899986,42.3300018,1083800.0,32.9486847
2017-08-31 00:00:00,43.2299995,42.8699989,43.3499985,42.6300011,2089600.0,33.4281082
2017-09-01 00:00:00,43.4000015,43.2700005,43.5699997,43.1800003,943200.0,33.5595589
2017-09-05 00:00:00,41.7299995,43.0099983,43.1800003,41.7099991,3468100.0,32.2682152
2017-09-06 00:00:00,41.6100006,42.0099983,42.1300011,41.5600014,2621300.0,32.1754189
2017-09-07 00:00:00,41.1399994,41.6800003,41.7400017,40.9500008,1783600.0,31.8119946
2017-09-08 00:00:00,41.0400009,41.0800018,41.3699989,40.9599991,1662600.0,31.7346725
2017-09-11 00:00:00,41.7299995,41.5,41.9199982,41.4900017,2025500.0,32.2682152
2017-09-12 00:00:00,42.1899986,41.9900017,42.3300018,41.8499985,2791000.0,32.6239166
2017-09-13 00:00:00,41.9900017,42.1699982,42.1699982,41.4799995,2171900.0,32.469265
2017-09-14 00:00:00,42.1500015,42.0099983,42.3100014,41.8600006,2146200.0,32.5929832
2017-09-15 00:00:00,42.4799995,42.1100006,42.6199989,42.0,4614000.0,32.8481674
2017-09-18 00:00:00,42.7700005,42.5900002,42.8300018,42.5,2419100.0,33.0724106
2017-09-19 00:00:00,42.8499985,42.7900009,43.0400009,42.7000008,2013300.0,33.1342621
2017-09-20 00:00:00,42.9700012,42.9700012,43.0999985,42.7099991,2461200.0,33.2270584
2017-09-21 00:00:00,42.5800018,42.8800011,43.0,42.4399986,1806000.0,32.9254913
2017-09-22 00:00:00,42.8899994,42.5299988,42.9300003,42.5,1154300.0,33.1652031
2017-09-25 00:00:00,43.4099998,42.7799988,43.4799995,42.7799988,2171400.0,33.5672951
2017-09-26 00:00:00,43.5,43.5499992,43.6399994,43.2400017,1816300.0,33.6368904
2017-09-27 00:00:00,44.4799995,43.9399986,44.7799988,43.9199982,4174200.0,34.3946838
2017-09-28 00:00:00,44.5499992,44.2400017,44.6800003,44.1800003,2166200.0,34.6044121
2017-09-29 00:00:00,44.5099983,44.4199982,44.6699982,44.3800011,2042800.0,34.5733452
2017-10-02 00:00:00,44.7299995,44.5900002,44.7900009,44.3499985,1507800.0,34.7442284
2017-10-03 00:00:00,44.7700005,44.6500015,44.8600006,44.4099998,1635600.0,34.7752991
2017-10-04 00:00:00,44.8699989,44.7999992,44.9599991,44.6300011,3465200.0,34.8529663
2017-10-05 00:00:00,44.7599983,45.0,45.0999985,44.7599983,3107200.0,34.7675323
2017-10-06 00:00:00,44.6699982,44.8899994,45.1699982,44.5299988,2620100.0,34.6976204
2017-10-09 00:00:00,44.7099991,44.8899994,44.9300003,44.6399994,1374800.0,34.7286835
2017-10-10 00:00:00,44.9199982,44.7700005,45.3499985,44.6599998,2355600.0,34.8918076
2017-10-11 00:00:00,44.9300003,45.0,45.0400009,44.6599998,3364000.0,34.8995743
2017-10-12 00:00:00,44.7999992,44.8699989,45.1300011,44.7599983,2136500.0,34.7985992
2017-10-13 00:00:00,44.6399994,44.7599983,45.0999985,44.6399994,1914000.0,34.6743164
2017-10-16 00:00:00,44.75,44.6599998,44.8899994,44.5699997,2360500.0,34.759758
2017-10-17 00:00:00,44.3899994,44.7599983,44.8899994,44.2900009,1425000.0,34.4801292
2017-10-18 00:00:00,44.7999992,44.5,44.9199982,44.4399986,1420300.0,34.7985992
2017-10-19 00:00:00,44.8699989,44.5200005,44.9799995,44.5200005,1986400.0,34.8529663
2017-10-20 00:00:00,45.0699997,45.2299995,45.4000015,44.8899994,2007700.0,35.0083237
2017-10-23 00:00:00,44.5400009,45.0400009,45.4000015,44.5400009,2821800.0,34.5966339
2017-10-24 00:00:00,44.7999992,44.7700005,45.1699982,44.7400017,2593100.0,34.7985992
2017-10-25 00:00:00,44.1500015,44.7400017,44.7400017,43.7200012,3616300.0,34.2937164
2017-10-26 00:00:00,43.9500008,43.9799995,44.1500015,42.7599983,3197900.0,34.1383476
2017-10-27 00:00:00,42.8800011,43.7599983,43.9500008,42.8199997,2490900.0,33.3072243
2017-10-30 00:00:00,42.5400009,42.6599998,43.1500015,42.5,2493600.0,33.043129
2017-10-31 00:00:00,42.1300011,42.5499992,42.5800018,42.1199989,2432300.0,32.7246628
2017-11-01 00:00:00,42.4099998,42.4500008,42.7299995,42.25,1759100.0,32.9421539
2017-11-02 00:00:00,43.0299988,42.3400002,43.2900009,42.3100014,1995800.0,33.4237366
2017-11-03 00:00:00,42.7900009,42.8600006,42.9300003,42.3899994,1900000.0,33.2373238
2017-11-06 00:00:00,42.5900002,42.7400017,42.8800011,42.5800018,1816300.0,33.0819702
2017-11-07 00:00:00,41.7799988,42.6899986,42.8400002,41.6800003,2309700.0,32.4527931
2017-11-08 00:00:00,41.8899994,41.7200012,41.9900017,41.3600006,3167300.0,32.5382385
2017-11-09 00:00:00,41.3300018,41.5800018,41.7200012,40.8899994,2921000.0,32.1032562
2017-11-10 00:00:00,41.1300011,41.2900009,41.4500008,41.0099983,1961200.0,31.9479103
2017-11-13 00:00:00,40.8100014,40.7999992,40.9700012,40.4700012,1799400.0,31.6993465
2017-11-14 00:00:00,40.8300018,40.5499992,40.8600006,40.5499992,2339900.0,31.7148876
2017-11-15 00:00:00,40.4500008,40.5,40.7400017,40.2200012,2766600.0,31.4197178
2017-11-16 00:00:00,40.5499992,40.6100006,40.9099998,40.3100014,2033000.0,31.4973869
2017-11-17 00:00:00,40.4799995,40.4000015,40.7099991,40.2700005,1829600.0,31.4430256
2017-11-20 00:00:00,40.7599983,40.5800018,41.0,40.4500008,2086600.0,31.6605072
2017-11-21 00:00:00,41.5800018,40.9700012,41.9700012,40.8899994,3961600.0,32.2974472
2017-11-22 00:00:00,41.4000015,41.6599998,41.9099998,41.2900009,2224800.0,32.1576309
2017-11-24 00:00:00,41.2099991,41.5200005,41.5499992,41.1300011,660500.0,32.0100517
2017-11-27 00:00:00,41.1800003,41.2299995,41.5,41.1399994,1814300.0,31.986742
2017-11-28 00:00:00,42.1699982,41.2400017,42.2299995,41.0499992,2865200.0,32.7557335
2017-11-29 00:00:00,43.1300011,42.4599991,43.7599983,42.4500008,3005200.0,33.5014229
2017-11-30 00:00:00,43.3499985,43.3300018,43.9199982,43.2299995,3581500.0,33.6723022
2017-12-01 00:00:00,43.4799995,43.4199982,43.5699997,42.3300018,2921900.0,33.7732849
2017-12-04 00:00:00,44.6199989,44.0900002,44.7099991,44.0099983,2752900.0,34.658783
2017-12-05 00:00:00,44.1500015,44.6699982,44.7099991,44.0699997,2239800.0,34.2937164
2017-12-06 00:00:00,44.2900009,43.9599991,44.9000015,43.9099998,2473500.0,34.4024544
2017-12-07 00:00:00,44.5,44.1199989,44.7999992,44.1199989,1544200.0,34.5655746
2017-12-08 00:00:00,44.6699982,44.7799988,44.7799988,44.25,1504800.0,34.6976204
2017-12-11 00:00:00,44.0999985,44.7000008,44.7799988,44.0299988,1642900.0,34.2548752
2017-12-12 00:00:00,44.1500015,44.1500015,44.3100014,43.9500008,1746700.0,34.2937164
2017-12-13 00:00:00,43.6899986,44.1599998,44.6100006,43.6699982,2671200.0,33.9363976
2017-12-14 00:00:00,43.0699997,43.8899994,43.9700012,43.0699997,2254300.0,33.4548149
2017-12-15 00:00:00,43.4599991,43.2900009,43.8600006,43.2599983,2928000.0,33.75774
2017-12-18 00:00:00,43.6500015,43.8499985,43.9799995,43.5400009,1879400.0,33.9053307
2017-12-19 00:00:00,43.6800003,43.9399986,44.1599998,43.6500015,2699100.0,33.9286346
2017-12-20 00:00:00,43.6899986,44.0400009,44.1300011,43.4799995,2674900.0,33.9363976
2017-12-21 00:00:00,43.8400002,43.7299995,44.0099983,43.7299995,1730100.0,34.0529175
2017-12-22 00:00:00,43.9099998,43.8899994,44.0299988,43.6599998,966400.0,34.2871666
2017-12-26 00:00:00,43.5699997,43.9700012,44.1100006,43.4900017,941100.0,34.0216827
2017-12-27 00:00:00,43.4300003,43.5800018,43.6599998,43.3199997,1021700.0,33.9123573
2017-12-28 00:00:00,43.5299988,43.4599991,43.5499992,43.3600006,1415300.0,33.9904442
2017-12-29 00:00:00,43.3300018,43.7299995,43.7299995,43.3300018,1092800.0,33.8342819
2018-01-02 00:00:00,43.25,43.7700005,43.7700005,43.0699997,2377900.0,33.7718086
2018-01-03 00:00:00,43.4500008,43.25,43.5099983,43.0600014,2033100.0,33.9279747
2018-01-04 00:00:00,43.2999992,43.6800003,44.0400009,43.25,2110500.0,33.8108444
2018-01-05 00:00:00,43.5699997,43.3699989,43.5800018,43.0600014,1973800.0,34.0216827
2018-01-08 00:00:00,43.9199982,43.5099983,44.0400009,43.3699989,2404400.0,34.2949753
2018-01-09 00:00:00,43.6599998,44.0499992,44.5600014,43.6199989,2258200.0,34.0919609
2018-01-10 00:00:00,43.2700005,43.75,43.9199982,43.2400017,4639500.0,33.7874222
2018-01-11 00:00:00,43.9399986,43.4199982,43.9500008,43.0299988,2530000.0,34.3106003
2018-01-12 00:00:00,44.5299988,44.1699982,44.6699982,44.1199989,1996200.0,34.7712936
2018-01-16 00:00:00,43.7900009,45.7700005,45.9000015,43.75,4716100.0,34.1934662
2018-01-17 00:00:00,44.9000015,44.1100006,45.1899986,44.0499992,3268900.0,35.0602112
2018-01-18 00:00:00,44.6300011,44.8800011,45.2000008,44.5800018,3033200.0,34.8493767
2018-01-19 00:00:00,44.8899994,44.7599983,45.0400009,44.7299995,2948000.0,35.0523949
2018-01-22 00:00:00,45.3499985,44.8499985,45.3499985,44.5900002,2339800.0,35.4115906
2018-01-23 00:00:00,45.5099983,45.25,45.6399994,45.1500015,2266600.0,35.5365334
2018-01-24 00:00:00,45.5200005,45.7099991,45.9599991,45.1699982,2306200.0,35.5443306
2018-01-25 00:00:00,45.1599998,45.5800018,45.7299995,44.9000015,2191000.0,35.2632294
2018-01-26 00:00:00,45.8600006,45.3400002,45.9000015,45.0200005,3239500.0,35.8098297
2018-01-29 00:00:00,45.1199989,45.7000008,45.8699989,45.0600014,2996000.0,35.2319908
2018-01-30 00:00:00,42.7200012,44.6399994,45.2099991,42.4500008,4830500.0,33.3579559
2018-01-31 00:00:00,42.4099998,42.9199982,42.9199982,42.2299995,6746900.0,33.1158943
2018-02-01 00:00:00,42.0699997,42.0900002,42.4500008,41.4099998,6795300.0,32.8504066
2018-02-02 00:00:00,40.8800011,41.5800018,41.9700012,40.6699982,3831600.0,31.921196
2018-02-05 00:00:00,38.9500008,40.2900009,40.9599991,38.9399986,5026700.0,30.4141464
2018-02-06 00:00:00,39.7200012,37.6800003,39.8300018,37.0099983,5570500.0,31.0154037
2018-02-07 00:00:00,39.4399986,39.4599991,40.3300018,39.4399986,3689000.0,30.7967644
2018-02-08 00:00:00,38.0,39.4099998,39.5600014,37.9900017,4718000.0,29.6723366
2018-02-09 00:00:00,38.2200012,38.4500008,38.6899986,37.0600014,4443900.0,29.8441296
2018-02-12 00:00:00,38.8300018,38.5999985,39.3499985,38.4799995,3152400.0,30.3204479
2018-02-13 00:00:00,38.8400002,38.4399986,38.9700012,38.2999992,3141500.0,30.3282509
2018-02-14 00:00:00,39.8100014,38.6599998,39.8699989,38.5099983,3193400.0,31.0856743
2018-02-15 00:00:00,39.0600014,39.9799995,40.2400017,38.5600014,5113300.0,30.5000477
2018-02-16 00:00:00,39.0999985,38.8600006,39.5299988,38.7700005,4494600.0,30.5312691
2018-02-20 00:00:00,38.8600006,38.9500008,39.2599983,38.5999985,3351500.0,30.3438702
2018-02-21 00:00:00,39.0699997,39.1100006,39.8499985,38.8600006,3428100.0,30.5078506
2018-02-22 00:00:00,38.7200012,39.3800011,39.6599998,38.6599998,3469300.0,30.2345524
2018-02-23 00:00:00,39.3100014,38.8800011,39.3199997,38.6399994,3241900.0,30.6952572
2018-02-26 00:00:00,39.8400002,39.6100006,39.8499985,39.0699997,3368300.0,31.1091022
2018-02-27 00:00:00,39.1599998,39.7200012,40.0999985,39.1599998,3356100.0,30.5781212
2018-02-28 00:00:00,38.6699982,39.2900009,39.5999985,38.6599998,3681800.0,30.195507
2018-03-01 00:00:00,38.3600006,38.7299995,38.9799995,38.0999985,4802700.0,29.9534473
2018-03-02 00:00:00,38.7900009,38.1100006,38.8800011,37.9900017,2746700.0,30.2892113
2018-03-05 00:00:00,39.3800011,38.4000015,39.5299988,38.3100014,3244000.0,30.7499123
2018-03-06 00:00:00,39.5999985,39.4599991,39.9900017,39.0600014,3372700.0,30.9217014
2018-03-07 00:00:00,39.3100014,39.2000008,39.5299988,38.8199997,2315800.0,30.6952572
2018-03-08 00:00:00,39.5200005,39.5,39.6199989,39.0699997,2212500.0,30.8592339
2018-03-09 00:00:00,40.4599991,39.7799988,40.5600014,39.4900017,4139000.0,31.5932312
2018-03-12 00:00:00,39.8300018,40.4300003,40.5400009,39.7200012,2956500.0,31.1013012
2018-03-13 00:00:00,39.4199982,40.0900002,40.0999985,39.2900009,2756400.0,30.7811527
2018-03-14 00:00:00,38.8600006,39.6399994,39.6599998,38.75,4673600.0,30.3438702
2018-03-15 00:00:00,38.6599998,38.8800011,39.0,38.4000015,4205900.0,30.1877041
2018-03-16 00:00:00,38.9900017,38.7700005,39.2799988,38.7400017,3801300.0,30.4453831
2018-03-19 00:00:00,38.2400017,38.8800011,39.0800018,37.8499985,2490400.0,29.8597431
2018-03-20 00:00:00,38.3699989,38.3699989,38.5400009,37.9700012,2546000.0,29.9612503
2018-03-21 00:00:00,38.6899986,38.3699989,39.2400017,38.3600006,2226100.0,30.2111187
2018-03-22 00:00:00,37.2700005,38.25,38.3699989,37.1899986,2704900.0,29.1023178
2018-03-23 00:00:00,36.6500015,37.5,37.5900002,36.5699997,4543800.0,28.618187
2018-03-26 00:00:00,38.1100006,37.3800011,38.2999992,37.1300011,4080300.0,29.7582359
2018-03-27 00:00:00,37.6100006,38.1399994,38.4599991,37.4000015,4365700.0,29.3678074
2018-03-28 00:00:00,34.1100006,34.5900002,34.7200012,33.5800018,7007700.0,29.1371689
2018-03-29 00:00:00,34.6800003,34.3499985,34.9000015,34.2700005,5216000.0,29.6240711
2018-04-02 00:00:00,33.4500008,34.3899994,34.5499992,32.9099998,4279800.0,28.5733871
2018-04-03 00:00:00,33.9700012,33.8300018,34.2400017,33.3600006,4089600.0,29.0175858
2018-04-04 00:00:00,34.3699989,33.3199997,34.4700012,33.2400017,3119400.0,29.3592644
2018-04-05 00:00:00,34.0499992,34.2999992,34.4599991,33.8199997,2628300.0,29.0859146
2018-04-06 00:00:00,33.2200012,33.6199989,33.9799995,32.9399986,4056500.0,28.3769207
2018-04-09 00:00:00,33.0699997,32.9399986,33.7099991,32.9399986,2695600.0,28.2487869
2018-04-10 00:00:00,33.0900002,33.4900017,33.5600014,33.0200005,3254200.0,28.2658672
2018-04-11 00:00:00,32.4799995,32.6599998,32.8800011,32.4099998,4382200.0,27.7448006
2018-04-12 00:00:00,33.3400002,32.9500008,33.8100014,32.8400002,5515100.0,28.4794254
2018-04-13 00:00:00,33.1500015,33.6199989,33.8300018,33.0,3536100.0,28.3171234
2018-04-16 00:00:00,33.8400002,33.3300018,33.9900017,33.2599983,4681100.0,28.9065304
2018-04-17 00:00:00,33.9700012,33.9599991,34.0600014,33.5299988,4409400.0,29.0175858
2018-04-18 00:00:00,34.0499992,34.0699997,34.6199989,33.9099998,6075700.0,29.0859146
2018-04-19 00:00:00,34.1699982,34.0499992,34.3199997,33.8100014,3466500.0,29.1884251
2018-04-20 00:00:00,34.0400009,34.1500015,34.3100014,33.5999985,4904700.0,29.0773735
2018-04-23 00:00:00,33.6399994,34.0200005,34.0499992,33.4399986,3022500.0,28.7356892
2018-04-24 00:00:00,33.3100014,33.8300018,34.0200005,33.0900002,3703300.0,28.4538002
2018-04-25 00:00:00,33.5800018,33.1899986,33.8899994,33.1699982,3811900.0,28.6844406
2018-04-26 00:00:00,33.7799988,33.5400009,33.9599991,32.8600006,3790000.0,28.8552818
2018-04-27 00:00:00,34.2799988,33.8300018,34.4399986,33.6699982,4371600.0,29.2823849
2018-04-30 00:00:00,33.6399994,34.4700012,34.5,33.6399994,5613500.0,28.7356892
2018-05-01 00:00:00,33.0299988,33.5900002,33.7999992,32.7400017,4776000.0,28.2146187
2018-05-02 00:00:00,32.5299988,33.0200005,33.0400009,32.4900017,4036900.0,27.7875118
2018-05-03 00:00:00,32.3499985,32.3800011,32.4599991,31.6700001,3006500.0,27.6337547
2018-05-04 00:00:00,32.8600006,32.1300011,33.1699982,32.0299988,2348400.0,28.0694027
2018-05-07 00:00:00,33.4900017,32.9500008,33.5400009,32.7400017,4432900.0,28.6075592
2018-05-08 00:00:00,33.3100014,33.4000015,33.5600014,33.0400009,2675500.0,28.4538002
2018-05-09 00:00:00,32.6599998,33.2799988,33.2999992,32.1899986,5715400.0,27.8985634
2018-05-10 00:00:00,33.2000008,32.6899986,33.4300003,32.5999985,2688200.0,28.3598385
2018-05-11 00:00:00,33.2599983,33.2999992,33.4599991,33.0900002,2161000.0,28.4110851
2018-05-14 00:00:00,33.7000008,33.3199997,33.7799988,33.2999992,2193100.0,28.7869415
2018-05-15 00:00:00,33.5600014,33.1399994,33.7900009,33.1399994,2670900.0,28.6673527
2018-05-16 00:00:00,33.6500015,33.5200005,33.9399986,33.5200005,3285300.0,28.7442284
2018-05-17 00:00:00,34.0400009,33.6800003,34.3100014,33.5099983,2188200.0,29.0773735
2018-05-18 00:00:00,34.1100006,33.9799995,34.2999992,33.7999992,2750400.0,29.1371689
2018-05-21 00:00:00,34.5,34.2799988,34.6199989,34.25,3615000.0,29.4703102
2018-05-22 00:00:00,34.4700012,34.6399994,34.7799988,34.4000015,1986100.0,29.4446869
2018-05-23 00:00:00,33.8699989,34.1899986,34.2599983,33.6199989,1896900.0,28.9321575
2018-05-24 00:00:00,33.9199982,33.7400017,33.9500008,33.4500008,2254800.0,28.9748688
2018-05-25 00:00:00,34.0299988,33.7400017,34.0900002,33.6599998,1505500.0,29.0688305
2018-05-29 00:00:00,32.8300018,33.6399994,33.7299995,32.6399994,2594200.0,28.0437832
2018-05-30 00:00:00,33.6899986,33.1100006,33.7999992,33.0699997,1721500.0,28.7783985
2018-05-31 00:00:00,33.5699997,33.6100006,33.75,33.3100014,4902300.0,28.6758957
2018-06-01 00:00:00,34.1199989,33.9799995,34.3600006,33.9399986,2534800.0,29.1457081
2018-06-04 00:00:00,33.8499985,34.1699982,34.2700005,33.8300018,1636600.0,28.9150677
2018-06-05 00:00:00,33.7799988,33.7599983,33.8499985,33.2999992,1977500.0,28.8552818
2018-06-06 00:00:00,34.4700012,34.0,34.4799995,33.9700012,1829600.0,29.4446869
2018-06-07 00:00:00,34.2799988,34.6100006,34.8600006,34.2000008,2069600.0,29.2823849
2018-06-08 00:00:00,34.4099998,34.2900009,34.4500008,33.9000015,2244800.0,29.3934288
2018-06-11 00:00:00,34.2999992,34.5,34.7099991,34.2900009,2233100.0,29.2994709
2018-06-12 00:00:00,34.0600014,34.3100014,34.4000015,33.7700005,3173300.0,29.0944595
2018-06-13 00:00:00,33.3499985,34.0699997,34.3400002,33.2799988,5073800.0,28.4879665
2018-06-14 00:00:00,33.1500015,33.4399986,33.7000008,33.0900002,4434600.0,28.3171234
2018-06-15 00:00:00,33.9599991,33.0,33.9700012,32.9300003,7282300.0,29.0090351
2018-06-18 00:00:00,33.3699989,33.5699997,33.6199989,32.9500008,3259900.0,28.5050488
2018-06-19 00:00:00,33.4099998,33.0,33.5200005,32.9500008,2231400.0,28.5392227
2018-06-20 00:00:00,33.2400017,33.4700012,33.5600014,33.2000008,3709600.0,28.3940086
2018-06-21 00:00:00,32.9399986,33.1699982,33.2799988,32.8400002,2477200.0,28.1377411
2018-06-22 00:00:00,32.9000015,33.1300011,33.2599983,32.8499985,5656600.0,28.1035748
2018-06-25 00:00:00,32.7299995,32.7400017,32.8800011,32.2999992,4743200.0,27.9583569
2018-06-26 00:00:00,32.4599991,32.7700005,32.9799995,32.4199982,3295800.0,27.7277222
2018-06-27 00:00:00,32.0999985,32.5099983,32.7299995,32.0900002,3799400.0,27.4202003
2018-06-28 00:00:00,31.7999992,31.8500004,32.0200005,31.5599995,3299600.0,27.3599815
2018-06-29 00:00:00,32.0499992,32.0699997,32.5699997,32.0200005,5891400.0,27.5750713
2018-07-02 00:00:00,31.6100006,31.7000008,31.9099998,31.2800007,4297900.0,27.1965065
2018-07-03 00:00:00,31.4799995,31.8299999,32.0200005,31.3899994,1549400.0,27.0846558
2018-07-05 00:00:00,31.7199993,31.6900005,31.8799992,31.4500008,2225200.0,27.2911453
2018-07-06 00:00:00,31.7800007,31.6499996,31.9300003,31.5200005,2179300.0,27.3427696
2018-07-09 00:00:00,32.3300018,31.9099998,32.4099998,31.8199997,1859700.0,27.815979
2018-07-10 00:00:00,32.4900017,32.3100014,32.5299988,32.0499992,2936900.0,27.9536381
2018-07-11 00:00:00,32.1399994,32.0699997,32.3499985,31.8899994,3867600.0,27.652504
2018-07-12 00:00:00,32.5299988,32.3699989,32.5600014,31.9099998,6160600.0,27.9880505
2018-07-13 00:00:00,32.3300018,32.3800011,32.6199989,32.1899986,2601900.0,27.815979
2018-07-16 00:00:00,32.0999985,32.3199997,32.4000015,31.9699993,2323500.0,27.6180897
2018-07-17 00:00:00,32.1100006,32.0600014,32.2700005,32.0299988,1668700.0,27.6266975
2018-07-18 00:00:00,32.5699997,32.2000008,32.6100006,32.2000008,2452400.0,28.0224686
2018-07-19 00:00:00,32.2700005,32.4399986,32.4500008,32.0600014,1707100.0,27.7643547
2018-07-20 00:00:00,31.9799995,32.1399994,32.2099991,31.9200001,1572700.0,27.5148449
2018-07-23 00:00:00,32.4799995,32.0200005,32.4900017,32.0099983,1818800.0,27.945034
2018-07-24 00:00:00,32.5999985,32.6399994,32.9000015,32.5,1621700.0,28.048275
2018-07-25 00:00:00,32.7799988,32.5800018,32.8699989,32.2900009,2486100.0,28.2031479
2018-07-26 00:00:00,32.7299995,32.8600006,32.9700012,32.6899986,2799600.0,28.1601257
2018-07-27 00:00:00,32.4500008,32.7599983,33.0099983,32.2900009,3819800.0,27.9192238
2018-07-30 00:00:00,34.3100014,32.3899994,34.6599998,32.3899994,5906500.0,29.5195274
2018-07-31 00:00:00,34.3199997,34.4399986,34.8499985,34.1199989,8939900.0,29.5281258
2018-08-01 00:00:00,32.4500008,34.4099998,34.4799995,32.4399986,4250100.0,27.9192238
2018-08-02 00:00:00,31.8099995,32.0999985,32.1399994,31.2900009,3747100.0,27.368578
2018-08-03 00:00:00,32.2999992,31.8400002,32.4300003,31.8400002,2188100.0,27.7901649
2018-08-06 00:00:00,32.6300011,32.2999992,32.6800003,32.1100006,2748500.0,28.074091
2018-08-07 00:00:00,33.0699997,32.7299995,33.3400002,32.7000008,2441000.0,28.4526539
2018-08-08 00:00:00,33.2999992,33.0200005,33.3199997,32.8100014,2619800.0,28.6505413
2018-08-09 00:00:00,32.8899994,33.1599998,33.2200012,32.7700005,2184100.0,28.2977886
2018-08-10 00:00:00,32.0900002,32.4900017,32.5400009,31.6299992,3064700.0,27.6094856
2018-08-13 00:00:00,32.0400009,32.0900002,32.2400017,31.7000008,1862300.0,27.5664692
2018-08-14 00:00:00,32.25,32.1500015,32.3400002,32.0600014,1584800.0,27.7471485
2018-08-15 00:00:00,32.1599998,31.9500008,32.2599983,31.7199993,1932100.0,27.669714
2018-08-16 00:00:00,32.3400002,32.1599998,32.6899986,32.1300011,2048500.0,27.8245811
2018-08-17 00:00:00,32.7200012,32.2299995,32.8699989,32.2299995,3433700.0,28.1515274
2018-08-20 00:00:00,33.0900002,32.8300018,33.2099991,32.6899986,2001700.0,28.4698639
2018-08-21 00:00:00,33.1699982,33.0400009,33.3400002,32.9900017,1778300.0,28.5386868
2018-08-22 00:00:00,33.0900002,33.0699997,33.3199997,32.9799995,2494400.0,28.4698639
2018-08-23 00:00:00,32.5400009,33.1100006,33.1800003,32.5099983,1659800.0,27.9966583
2018-08-24 00:00:00,32.6800003,32.5999985,32.7200012,32.4399986,1549900.0,28.1171093
2018-08-27 00:00:00,33.2999992,32.9000015,33.5800018,32.9000015,2487900.0,28.6505413
2018-08-28 00:00:00,33.1399994,33.3600006,33.5400009,33.0999985,1887100.0,28.5128784
2018-08-29 00:00:00,33.2599983,33.0600014,33.3699989,32.8300018,1425600.0,28.6161232
2018-08-30 00:00:00,32.3699989,33.2099991,33.2099991,32.25,2747600.0,27.8503895
2018-08-31 00:00:00,31.7399998,32.2000008,32.2400017,31.5200005,5491900.0,27.3083553
2018-09-04 00:00:00,31.2600002,31.6399994,31.6800003,31.1499996,4430400.0,26.8953762
2018-09-05 00:00:00,31.4200001,31.1499996,31.8299999,31.0599995,6098700.0,27.0330353
2018-09-06 00:00:00,30.2600002,30.4599991,31.0599995,30.1399994,5256300.0,26.0349979
2018-09-07 00:00:00,30.1399994,30.1800003,30.3099995,29.9500008,3529800.0,25.9317532
2018-09-10 00:00:00,31.2299995,30.3600006,31.2800007,30.3600006,4857400.0,26.8695621
2018-09-11 00:00:00,31.1200008,30.9200001,31.5,30.6200008,5072500.0,26.7749252
2018-09-12 00:00:00,31.3400002,31.0799999,31.5599995,30.9400005,3616100.0,26.9642029
2018-09-13 00:00:00,31.3299999,31.5900002,31.6900005,31.1200008,2725500.0,26.9556026
2018-09-14 00:00:00,31.9200001,31.4500008,31.9400005,31.4500008,2372100.0,27.4632225
2018-09-17 00:00:00,31.8199997,31.9500008,32.0099983,31.6200008,2697200.0,27.377182
2018-09-18 00:00:00,31.6499996,31.9599991,32.0,31.5599995,2553700.0,27.2309208
2018-09-19 00:00:00,32.4599991,31.8099995,32.5200005,31.6599998,4757300.0,27.9278278
2018-09-20 00:00:00,32.9199982,32.6300011,33.3300018,32.6300011,6612700.0,28.323597
2018-09-21 00:00:00,32.8199997,32.9700012,33.3499985,32.6899986,8843900.0,28.2375641
2018-09-24 00:00:00,32.3400002,32.7000008,33.0299988,32.2200012,4260200.0,27.8245811
2018-09-25 00:00:00,31.6299992,32.4000015,32.4000015,31.5799999,3266400.0,27.2137127
2018-09-26 00:00:00,31.3700008,31.6200008,31.9200001,31.3400002,2333400.0,26.990015
2018-09-27 00:00:00,31.0300007,31.3799992,31.3799992,30.9400005,3165600.0,26.8946762
2018-09-28 00:00:00,30.4099998,30.7399998,30.9500008,30.3899994,2811300.0,26.3573017
2018-10-01 00:00:00,30.4899998,30.4699993,30.6399994,30.2299995,3043700.0,26.4266396
2018-10-02 00:00:00,30.4899998,30.5499992,30.9099998,30.2399998,3969100.0,26.4266396
2018-10-03 00:00:00,30.3199997,30.6599998,30.9099998,30.2900009,5276300.0,26.2792988
2018-10-04 00:00:00,30.6200008,30.2999992,30.6499996,30.2099991,2542600.0,26.5393181
2018-10-05 00:00:00,30.5300007,30.6399994,30.9799995,30.3500004,2096700.0,26.4613056
2018-10-08 00:00:00,30.9400005,30.3299999,31.0100002,30.3299999,3071100.0,26.8166695
2018-10-09 00:00:00,30.5599995,30.7999992,30.8799992,30.2999992,2846600.0,26.4873123
2018-10-10 00:00:00,29.5900002,30.5499992,30.8299999,29.5699997,4568600.0,25.6465816
2018-10-11 00:00:00,28.5400009,29.4799995,29.6900005,28.5200005,5700900.0,24.7365189
2018-10-12 00:00:00,28.5400009,29.0900002,29.1900005,28.1200008,3701000.0,24.7365189
2018-10-15 00:00:00,28.9500008,28.5400009,29.2600002,28.3899994,3438400.0,25.0918751
2018-10-16 00:00:00,29.6000004,29.2199993,29.6399994,28.7399998,4208600.0,25.6552486
2018-10-17 00:00:00,29.8899994,29.4899998,30.1200008,29.4099998,3503300.0,25.906601
2018-10-18 00:00:00,29.1599998,29.8099995,30.0699997,29.0400009,4308100.0,25.2738857
2018-10-19 00:00:00,29.7600002,29.1599998,29.9099998,29.0,3249400.0,25.7939262
2018-10-22 00:00:00,29.0400009,29.3299999,30.0,29.0400009,4026000.0,25.1698799
2018-10-23 00:00:00,28.8400002,28.5499992,29.1399994,28.2199993,5466600.0,24.9965324
2018-10-24 00:00:00,28.3299999,28.8400002,29.1800003,28.25,5721100.0,24.5545044
2018-10-25 00:00:00,29.3400002,28.6599998,30.1100006,28.2199993,7980000.0,25.4298973
2018-10-26 00:00:00,29.3099995,29.0,29.5400009,28.6900005,5586000.0,25.4038944
2018-10-29 00:00:00,29.6299992,29.7099991,30.9099998,29.2800007,4649600.0,25.6812515
2018-10-30 00:00:00,30.9799995,29.7700005,31.0100002,29.7700005,6576800.0,26.8513374
2018-10-31 00:00:00,30.5,31.1900005,31.2700005,30.4799995,6249900.0,26.4353085
2018-11-01 00:00:00,31.0,30.75,31.0599995,30.6299992,2911400.0,26.8686733
2018-11-02 00:00:00,30.7000008,31.2600002,31.3999996,30.4500008,2290700.0,26.6086559
2018-11-05 00:00:00,30.8199997,30.6900005,31.0699997,30.5599995,2268000.0,26.7126617
2018-11-06 00:00:00,31.2299995,30.8299999,31.2399998,30.7700005,1650600.0,27.0680199
2018-11-07 00:00:00,31.5200005,31.4200001,31.5400009,30.6599998,2201900.0,27.3193722
2018-11-08 00:00:00,31.6399994,31.2999992,31.8400002,31.2999992,2280200.0,27.423378
2018-11-09 00:00:00,30.8700008,31.2700005,31.3999996,30.4099998,4202500.0,26.7560005
2018-11-12 00:00:00,30.9599991,30.7900009,31.3199997,30.7900009,2910400.0,26.8340054
2018-11-13 00:00:00,31.0900002,31.0599995,31.7199993,30.8799992,3235400.0,26.9466763
2018-11-14 00:00:00,30.8099995,31.2099991,31.2700005,30.3299999,2897700.0,26.7039928
2018-11-15 00:00:00,31.5799999,30.4200001,31.6700001,30.3500004,3914300.0,27.3713818
2018-11-16 00:00:00,31.9300003,31.3299999,32.0,31.2299995,3329300.0,27.6747341
2018-11-19 00:00:00,32.2200012,31.9799995,32.4399986,31.8099995,3638200.0,27.9260864
2018-11-20 00:00:00,31.8799992,31.9599991,32.0800018,31.5400009,4583900.0,27.6313953
2018-11-21 00:00:00,32.2700005,31.9400005,32.5600014,31.7999992,2845800.0,27.9694233
2018-11-23 00:00:00,32.5800018,32.0200005,32.8800011,31.9599991,1730700.0,28.2381115
2018-11-26 00:00:00,33.3400002,32.9599991,33.6599998,32.8300018,4653900.0,28.8968296
2018-11-27 00:00:00,33.3899994,33.25,33.4399986,33.0,2966300.0,28.9401627
2018-11-28 00:00:00,33.5400009,33.3300018,33.5499992,32.6599998,4245800.0,29.0701714
2018-11-29 00:00:00,33.5,33.2700005,33.6599998,33.2299995,3298700.0,29.0355034
2018-11-30 00:00:00,33.8899994,33.4599991,33.9099998,33.2999992,5921700.0,29.3735237
2018-12-03 00:00:00,34.2700005,34.3499985,34.6500015,33.9700012,5017000.0,29.7028809
2018-12-04 00:00:00,33.2700005,34.1500015,34.1599998,33.1899986,5349000.0,28.8361549
2018-12-06 00:00:00,32.5299988,32.6100006,32.6699982,31.1399994,7148500.0,28.1947708
2018-12-07 00:00:00,32.2400017,32.4799995,33.2000008,32.0999985,4375000.0,27.9434166
2018-12-10 00:00:00,32.0499992,32.0699997,32.4300003,31.1299992,4830000.0,27.778738
2018-12-11 00:00:00,31.5400009,32.5099983,32.6399994,31.3199997,5998800.0,27.3367081
2018-12-12 00:00:00,31.9799995,32.0200005,32.2999992,31.3999996,4364900.0,27.7180691
2018-12-13 00:00:00,31.9099998,32.0099983,32.1100006,31.3500004,4722400.0,27.6573963
2018-12-14 00:00:00,31.3700008,31.5599995,32.0900002,31.2399998,4235300.0,27.1893635
2018-12-17 00:00:00,30.4899998,31.3899994,31.8099995,29.8400002,7091600.0,26.4266396
2018-12-18 00:00:00,29.9599991,31.2099991,31.2099991,29.8500004,5540200.0,25.9672699
2018-12-19 00:00:00,29.0900002,29.9099998,30.2199993,28.8999996,6902400.0,25.2132187
2018-12-20 00:00:00,28.6100006,28.9300003,29.4599991,28.5400009,6417800.0,24.7971897
2018-12-21 00:00:00,28.3999996,28.6000004,29.4500008,28.3099995,8636500.0,24.6151714
2018-12-24 00:00:00,27.7600002,28.1900005,28.4799995,27.7399998,2198300.0,24.0604668
2018-12-26 00:00:00,28.9400005,27.8700008,28.9400005,27.3400002,3077300.0,25.0832062
2018-12-27 00:00:00,29.2299995,28.3999996,29.2399998,28.3899994,4214900.0,25.3345566
2018-12-28 00:00:00,29.1700001,29.1399994,29.6100006,28.9099998,2918700.0,25.5094624
2018-12-31 00:00:00,29.6599998,29.2900009,29.6700001,29.1900005,3175000.0,25.9379711
2019-01-02 00:00:00,29.8500004,29.3600006,30.0599995,29.2099991,2670300.0,26.104126
2019-01-03 00:00:00,29.2999992,29.6399994,29.75,29.1599998,3306600.0,25.6231461
2019-01-04 00:00:00,30.2600002,29.75,30.3199997,29.5599995,2964000.0,26.4626789
2019-01-07 00:00:00,30.4099998,30.1900005,30.8700008,30.0699997,3055000.0,26.5938549
2019-01-08 00:00:00,30.5900002,30.3999996,30.8199997,30.0499992,2885700.0,26.7512646
2019-01-09 00:00:00,30.3199997,30.6000004,30.8500004,30.1499996,3435900.0,26.5151463
2019-01-10 00:00:00,30.4699993,30.1299992,30.6200008,30.0499992,3605500.0,26.6463223
2019-01-11 00:00:00,30.3299999,29.8500004,30.3400002,29.6100006,3491000.0,26.5238934
2019-01-14 00:00:00,30.3400002,29.9899998,30.6900005,29.8999996,2766500.0,26.5326366
2019-01-15 00:00:00,30.6599998,30.2399998,30.6700001,30.0699997,2530800.0,26.8124828
2019-01-16 00:00:00,30.9899998,30.8199997,31.2399998,30.7099991,2310200.0,27.1010704
2019-01-17 00:00:00,31.0699997,30.6800003,31.3600006,30.5799999,2610000.0,27.1710281
2019-01-18 00:00:00,31.5400009,31.2999992,31.8799992,31.1000004,3536100.0,27.5820503
2019-01-22 00:00:00,31.3400002,31.2199993,31.6499996,31.1200008,3715200.0,27.4071503
2019-01-23 00:00:00,31.0599995,31.4300003,31.4500008,30.7700005,2425200.0,27.1622849
2019-01-24 00:00:00,31.3299999,30.9699993,31.3799992,30.9699993,1821900.0,27.3984032
2019-01-25 00:00:00,31.5900002,31.5699997,31.9099998,31.5300007,2488800.0,27.6257725
2019-01-28 00:00:00,31.8299999,31.3799992,31.9300003,31.2999992,3017500.0,27.8356533
2019-01-29 00:00:00,31.1900005,31.7999992,31.9300003,31.1900005,3287700.0,27.2759705
2019-01-30 00:00:00,29.0900002,30.5599995,30.5599995,28.7700005,7381200.0,25.4395027
2019-01-31 00:00:00,29.6100006,28.7900009,29.8999996,28.5900002,7725000.0,25.8942451
2019-02-01 00:00:00,29.6299992,29.6299992,30.0499992,29.5,3007200.0,25.9117355
2019-02-04 00:00:00,30.1000004,29.6499996,30.1200008,29.6100006,2468400.0,26.3227558
2019-02-05 00:00:00,30.5100002,30.1100006,30.5100002,30.0,2618900.0,26.6813068
2019-02-06 00:00:00,30.3299999,30.3700008,30.6200008,30.2299995,2138600.0,26.5238934
2019-02-07 00:00:00,30.3500004,30.25,30.6499996,29.9799995,2564700.0,26.5413857
2019-02-08 00:00:00,30.0200005,30.2199993,30.3199997,29.4899998,1906200.0,26.2527943
2019-02-11 00:00:00,30.5499992,30.1399994,30.5799999,30.0799999,2450600.0,26.7162838
2019-02-12 00:00:00,31.1499996,30.8600006,31.3999996,30.7800007,3072000.0,27.2409916
2019-02-13 00:00:00,31.6200008,31.3099995,31.8299999,31.2099991,2975100.0,27.6520119
2019-02-14 00:00:00,31.6700001,31.3799992,31.7999992,31.0400009,2568000.0,27.6957417
2019-02-15 00:00:00,32.4500008,31.9500008,32.4900017,31.8400002,2665900.0,28.3778591
2019-02-19 00:00:00,32.3300018,32.25,32.4099998,32.1199989,2063200.0,28.2729168
2019-02-20 00:00:00,32.6199989,32.2299995,32.6500015,32.1500015,1666500.0,28.5265179
2019-02-21 00:00:00,32.2400017,32.5900002,32.6599998,32.1399994,1999800.0,28.1942024
2019-02-22 00:00:00,32.7299995,32.3899994,32.7400017,32.2999992,2124100.0,28.6227131
2019-02-25 00:00:00,32.4799995,32.9799995,32.9900017,32.4199982,2253700.0,28.404089
2019-02-26 00:00:00,32.75,32.4900017,33.0699997,32.2099991,2183400.0,28.6402054
2019-02-27 00:00:00,32.7700005,32.7000008,33.0499992,32.4700012,2366500.0,28.6576939
2019-02-28 00:00:00,32.6100006,32.8100014,32.8300018,32.5299988,2711700.0,28.5177784
2019-03-01 00:00:00,32.6699982,32.8699989,33.2299995,32.6399994,4118600.0,28.5702496
2019-03-04 00:00:00,32.4500008,32.7400017,33.0,32.1100006,3306700.0,28.3778591
2019-03-05 00:00:00,32.2200012,32.4199982,32.4500008,32.0699997,2342600.0,28.1767197
2019-03-06 00:00:00,31.8700008,32.1699982,32.2999992,31.7900009,2393700.0,27.8706379
2019-03-07 00:00:00,31.2399998,31.8099995,31.8299999,31.1000004,1972700.0,27.3196983
2019-03-08 00:00:00,31.3299999,31.0699997,31.3600006,30.8799992,2710000.0,27.3984032
2019-03-11 00:00:00,32.1399994,31.5599995,32.1500015,31.5400009,2042300.0,28.1067562
2019-03-12 00:00:00,32.4599991,32.2999992,32.7000008,32.2599983,2324100.0,28.3866024
2019-03-13 00:00:00,32.7700005,32.5999985,32.8400002,32.3699989,3126800.0,28.6576939
2019-03-14 00:00:00,32.5,32.6699982,32.9000015,32.4399986,4463700.0,28.4215775
2019-03-15 00:00:00,33.3199997,32.4300003,33.3499985,32.4300003,7742000.0,29.1386776
2019-03-18 00:00:00,33.7000008,33.5499992,33.9000015,33.4799995,3078900.0,29.4709873
2019-03-19 00:00:00,33.5900002,33.8499985,34.1500015,33.4399986,2123400.0,29.374794
2019-03-20 00:00:00,33.0,33.5,33.5999985,32.9500008,2888800.0,28.8588371
2019-03-21 00:00:00,33.1800003,32.8800011,33.3699989,32.5699997,2606700.0,29.0162411
2019-03-22 00:00:00,32.0999985,32.7900009,32.9500008,31.7299995,2817400.0,28.0717754
2019-03-25 00:00:00,31.9200001,32.0499992,32.3300018,31.6399994,1789800.0,27.9143639
2019-03-26 00:00:00,32.7400017,32.1899986,32.7599983,32.1199989,2586600.0,28.6314621
2019-03-27 00:00:00,32.8199997,32.8400002,33.0699997,32.5600014,3305000.0,28.7014236
2019-03-28 00:00:00,32.9000015,32.5800018,33.0499992,32.5800018,1543700.0,29.0011292
2019-03-29 00:00:00,33.1399994,33.0999985,33.3899994,33.0200005,2256700.0,29.2126865
2019-04-01 00:00:00,33.7799988,33.3899994,33.8300018,33.2599983,2060900.0,29.776844
2019-04-02 00:00:00,33.9700012,33.8699989,34.2400017,33.8300018,2297600.0,29.9443264
2019-04-03 00:00:00,34.1699982,34.1199989,34.2999992,33.9799995,2207800.0,30.1206245
2019-04-04 00:00:00,34.4399986,34.2400017,34.4799995,34.1899986,1623500.0,30.3586254
2019-04-05 00:00:00,34.8800011,34.5,34.9399986,34.2799988,2474900.0,30.7464848
2019-04-08 00:00:00,35.25,34.9199982,35.2599983,34.7999992,2067900.0,31.0726433
2019-04-09 00:00:00,34.2599983,35.1500015,35.1500015,34.2099991,2917200.0,30.1999569
2019-04-10 00:00:00,34.9799995,34.2999992,34.9900017,34.2999992,2176500.0,30.8346405
2019-04-11 00:00:00,35.0299988,35.1399994,35.4099998,34.7999992,3348900.0,30.8787079
2019-04-12 00:00:00,35.4599991,35.4900017,35.6500015,35.1199989,3111500.0,31.2577534
2019-04-15 00:00:00,34.9099998,35.7099991,35.8199997,34.8300018,2834600.0,30.7729397
2019-04-16 00:00:00,35.5499992,35.1199989,35.5499992,34.9399986,2253700.0,31.3370819
2019-04-17 00:00:00,35.5499992,35.6100006,35.6399994,35.2299995,1884500.0,31.3370819
2019-04-18 00:00:00,35.2999992,35.5200005,35.5999985,35.2200012,1848200.0,31.1167145
2019-04-22 00:00:00,35.0400009,35.1399994,35.3300018,35.0200005,1800100.0,30.8875237
2019-04-23 00:00:00,35.4500008,35.0,35.5499992,34.8199997,2005500.0,31.2489433
2019-04-24 00:00:00,35.6699982,35.3300018,35.7999992,35.1599998,2479500.0,31.4428635
2019-04-25 00:00:00,35.4399986,35.6199989,35.7599983,35.2400017,2574500.0,31.240118
2019-04-26 00:00:00,35.1100006,35.6100006,35.6100006,34.4500008,3660300.0,30.9492302
2019-04-29 00:00:00,34.1800003,35.0,35.0,34.0299988,3160600.0,30.1294441
2019-04-30 00:00:00,34.5900002,34.1300011,34.7000008,33.9099998,4406700.0,30.4908543
2019-05-01 00:00:00,34.0400009,34.6199989,34.6599998,34.0200005,2385800.0,30.006031
2019-05-02 00:00:00,34.3100014,34.1599998,34.4599991,33.8600006,2633100.0,30.2440376
2019-05-03 00:00:00,34.6500015,34.4599991,34.7400017,34.1199989,2253900.0,30.5437469
2019-05-06 00:00:00,34.4599991,34.0900002,34.5900002,33.8100014,1865600.0,30.3762627
2019-05-07 00:00:00,33.5900002,34.0099983,34.25,33.2999992,3479400.0,29.6093616
2019-05-08 00:00:00,33.8699989,33.5200005,34.1899986,33.5200005,2639400.0,29.8561802
2019-05-09 00:00:00,33.7299995,33.4500008,33.7599983,33.0800018,2975300.0,29.7327728
2019-05-10 00:00:00,34.1300011,33.6300011,34.2999992,33.1899986,3545600.0,30.0853653
2019-05-13 00:00:00,32.7200012,33.4199982,33.5299988,32.6199989,4360000.0,28.8424606
2019-05-14 00:00:00,33.4199982,32.8600006,33.6500015,32.7200012,2287400.0,29.4595051
2019-05-15 00:00:00,33.3400002,33.0699997,33.5200005,33.0,2276600.0,29.3889904
2019-05-16 00:00:00,33.5800018,33.4500008,33.9199982,33.4000015,2577500.0,29.6005478
2019-05-17 00:00:00,33.2200012,33.2099991,33.7700005,33.1100006,1648800.0,29.2832088
2019-05-20 00:00:00,33.3300018,33.0699997,33.4399986,32.9599991,1576700.0,29.3801727
2019-05-21 00:00:00,33.7299995,33.4700012,33.7400017,33.4300003,2100100.0,29.7327728
2019-05-22 00:00:00,33.6300011,33.6199989,33.9199982,33.4199982,2160500.0,29.644619
2019-05-23 00:00:00,33.1599998,33.2900009,33.3100014,32.6899986,2753500.0,29.2303181
2019-05-24 00:00:00,33.2799988,33.3499985,33.4599991,33.2000008,1639200.0,29.3360958
2019-05-28 00:00:00,32.6699982,33.2099991,33.4900017,32.6399994,3007700.0,28.7983894
2019-05-29 00:00:00,32.9700012,32.6100006,33.0,32.3300018,2841700.0,29.0628433
2019-05-30 00:00:00,32.9300003,33.0400009,33.4300003,32.8499985,2192900.0,29.0275764
2019-05-31 00:00:00,31.8199997,32.4099998,32.4500008,31.6900005,3740700.0,28.049118
2019-06-03 00:00:00,32.1399994,31.7900009,32.4399986,31.5100002,2937800.0,28.3311958
2019-06-04 00:00:00,33.0,32.5900002,33.1199989,32.4199982,2717100.0,29.0892811
2019-06-05 00:00:00,33.0099983,33.0400009,33.2299995,32.7000008,3566300.0,29.098093
2019-06-06 00:00:00,33.1699982,33.0800018,33.3600006,32.9900017,2684600.0,29.23913
2019-06-07 00:00:00,33.6399994,33.3100014,33.6500015,33.2200012,2462500.0,29.6534367
2019-06-10 00:00:00,33.4000015,33.8499985,33.9599991,33.3600006,2780100.0,29.4418812
2019-06-11 00:00:00,33.3699989,33.5,33.7900009,33.1899986,2327200.0,29.4154339
2019-06-12 00:00:00,33.2799988,33.3300018,33.4399986,33.0699997,1728900.0,29.3360958
2019-06-13 00:00:00,33.3699989,33.4399986,33.5,33.2999992,1939100.0,29.4154339
2019-06-14 00:00:00,33.3600006,33.4300003,33.4599991,33.1800003,1701200.0,29.40662
2019-06-17 00:00:00,32.8600006,33.3499985,33.4199982,32.8400002,1351400.0,28.965868
2019-06-18 00:00:00,33.5200005,33.0499992,33.7000008,32.9399986,3147400.0,29.5476551
2019-06-19 00:00:00,33.8800011,33.6300011,34.0,33.4599991,4432300.0,29.8649979
2019-06-20 00:00:00,34.5400009,34.2599983,35.0299988,34.2599983,4968100.0,30.4467831
2019-06-21 00:00:00,34.2400017,34.5099983,34.5499992,34.2000008,4012900.0,30.1823387
2019-06-24 00:00:00,34.3499985,34.2700005,34.6699982,34.1599998,2683400.0,30.279295
2019-06-25 00:00:00,33.7799988,34.4000015,34.4099998,33.7799988,2930200.0,29.776844
2019-06-26 00:00:00,34.3100014,33.9799995,34.4700012,33.8699989,2563900.0,30.2440376
2019-06-27 00:00:00,34.7200012,34.3199997,34.7599983,34.1199989,2345000.0,30.8391476
2019-06-28 00:00:00,34.7999992,34.9300003,35.1699982,34.5600014,3854900.0,30.9101982
2019-07-01 00:00:00,35.0,35.0600014,35.2200012,34.6800003,2280100.0,31.0878448
2019-07-02 00:00:00,34.8699989,35.0,35.0,34.5400009,1974200.0,30.9723759
2019-07-03 00:00:00,35.25,35.0800018,35.4199982,35.0,1098900.0,31.3099022
2019-07-05 00:00:00,35.2900009,35.2799988,35.3800011,34.9300003,1408500.0,31.3454399
2019-07-08 00:00:00,34.9599991,35.0999985,35.3899994,34.8100014,2284900.0,31.0523224
2019-07-09 00:00:00,34.9199982,34.8600006,34.9399986,34.5499992,2266700.0,31.0167828
2019-07-10 00:00:00,34.7799988,34.8899994,35.2000008,34.5999985,3339600.0,30.8924408
2019-07-11 00:00:00,34.8300018,34.8499985,34.9900017,34.6800003,2093000.0,30.9368515
2019-07-12 00:00:00,35.1899986,35.0,35.2999992,34.9700012,2357500.0,31.2566051
2019-07-15 00:00:00,35.1899986,35.2700005,35.4500008,34.9500008,1901000.0,31.2566051
2019-07-16 00:00:00,35.3199997,35.3499985,35.4199982,35.0099983,2856900.0,31.3720818
2019-07-17 00:00:00,34.8300018,35.1899986,35.25,34.8199997,3088300.0,30.9368515
2019-07-18 00:00:00,35.4500008,34.8100014,35.4700012,34.6699982,2208600.0,31.4875507
2019-07-19 00:00:00,35.5099983,35.5400009,35.7700005,35.4700012,3831400.0,31.5408421
2019-07-22 00:00:00,34.8300018,35.4799995,35.4900017,34.2599983,3024000.0,30.9368515
2019-07-23 00:00:00,34.9700012,34.9799995,35.1699982,34.6100006,1923400.0,31.061203
2019-07-24 00:00:00,35.0499992,34.7900009,35.1899986,34.6599998,1883700.0,31.1322575
2019-07-25 00:00:00,34.6199989,35.0499992,35.0999985,34.3800011,3070800.0,30.7503242
2019-07-26 00:00:00,34.9599991,34.6899986,35.0099983,34.5499992,2160300.0,31.0523224
2019-07-29 00:00:00,34.5900002,34.9399986,34.9599991,34.5900002,3904700.0,30.7236805
2019-07-30 00:00:00,33.8300018,33.9900017,34.2000008,33.4700012,4099800.0,30.0486336
2019-07-31 00:00:00,32.6300011,33.8400002,33.8499985,32.1500015,6398200.0,28.9827557
2019-08-01 00:00:00,31.5100002,32.4599991,32.4900017,31.2199993,5170700.0,27.9879475
2019-08-02 00:00:00,31.4400005,31.3500004,31.6599998,30.9099998,4484900.0,27.9257736
2019-08-05 00:00:00,30.5300007,30.7800007,31.1800003,30.3199997,3746700.0,27.1174889
2019-08-06 00:00:00,30.7199993,30.7700005,30.8899994,30.2600002,3264700.0,27.2862492
2019-08-07 00:00:00,30.3199997,30.1299992,30.4599991,29.8799992,3925000.0,26.9309597
2019-08-08 00:00:00,30.5699997,30.6599998,30.7900009,30.4300003,2097200.0,27.1530132
2019-08-09 00:00:00,29.3199997,30.2299995,30.4099998,28.7900009,4804200.0,26.0427361
2019-08-12 00:00:00,28.3099995,28.8700008,28.9200001,28.1499996,3803600.0,25.145628
2019-08-13 00:00:00,28.5300007,28.4400005,28.9699993,28.2600002,5137000.0,25.3410378
2019-08-14 00:00:00,26.9799995,27.7600002,27.9599991,26.9699993,5485400.0,23.9642906
2019-08-15 00:00:00,27.0100002,27.25,27.6900005,26.8500004,4985400.0,23.9909363
2019-08-16 00:00:00,27.3700008,27.2199993,27.5799999,27.2099991,2405500.0,24.3106976
2019-08-19 00:00:00,27.2900009,27.7199993,27.8700008,27.2600002,3403800.0,24.2396412
2019-08-20 00:00:00,27.0400009,27.1499996,27.2600002,26.9500008,3665000.0,24.0175819
2019-08-21 00:00:00,27.0400009,27.3400002,27.3400002,27.0,2173200.0,24.0175819
2019-08-22 00:00:00,27.0599995,27.1800003,27.3799992,26.9500008,1906900.0,24.0353451
2019-08-23 00:00:00,26.1299992,26.9099998,27.0400009,26.0100002,3342700.0,23.209301
2019-08-26 00:00:00,25.9300003,26.3899994,26.4799995,25.8400002,2870700.0,23.0316582
2019-08-27 00:00:00,25.9500008,26.0499992,26.3999996,25.7900009,3428800.0,23.0494213
2019-08-28 00:00:00,26.0,25.7000008,26.0300007,25.5699997,3201500.0,23.0938339
2019-08-29 00:00:00,26.3500004,26.3400002,26.5499992,26.0599995,2460500.0,23.404707
2019-08-30 00:00:00,26.2800007,26.5400009,26.6000004,26.1800003,2215500.0,23.3425331
2019-09-03 00:00:00,26.0300007,26.0100002,26.1599998,25.7600002,4049300.0,23.1204796
2019-09-04 00:00:00,26.2299995,26.2999992,26.4099998,26.1000004,1893800.0,23.2981224
2019-09-05 00:00:00,27.0300007,26.6000004,27.2399998,26.6000004,2924600.0,24.0087013
2019-09-06 00:00:00,26.9200001,27.0400009,27.1399994,26.7600002,2131000.0,23.9109955
2019-09-09 00:00:00,27.7800007,27.0799999,27.7999992,27.0699997,3260000.0,24.6748695
2019-09-10 00:00:00,28.4500008,27.9799995,28.4899998,27.9699993,4466900.0,25.2699795
2019-09-11 00:00:00,29.4799995,28.4500008,29.5400009,28.0100002,6147600.0,26.1848488
2019-09-12 00:00:00,29.7900009,29.5200005,29.9400005,29.3700008,3792200.0,26.4602013
2019-09-13 00:00:00,29.9099998,30.0,30.2099991,29.8700008,3341300.0,26.5667858
2019-09-16 00:00:00,29.7299995,29.5599995,29.8199997,29.5100002,2421300.0,26.4069061
2019-09-17 00:00:00,29.4599991,29.2999992,29.6700001,28.9899998,2395100.0,26.1670818
2019-09-18 00:00:00,29.4400005,29.3099995,29.6100006,29.2299995,1930200.0,26.1493225
2019-09-19 00:00:00,29.5599995,29.5900002,29.9500008,29.4699993,2356900.0,26.2559071
2019-09-20 00:00:00,29.3400002,29.6700001,29.6700001,29.1000004,5265000.0,26.0604992
2019-09-23 00:00:00,29.0799999,29.0100002,29.3700008,28.9200001,2956900.0,25.829565
2019-09-24 00:00:00,28.4300003,29.2099991,29.2600002,28.2399998,3664100.0,25.2522125
2019-09-25 00:00:00,28.7900009,28.4300003,28.8500004,28.3500004,3080400.0,25.5719795
2019-09-26 00:00:00,28.6599998,28.7900009,28.8199997,28.4099998,2007600.0,25.4565067
2019-09-27 00:00:00,28.6299992,28.6299992,28.9500008,28.4599991,1832600.0,25.6626663
2019-09-30 00:00:00,28.8600006,28.75,29.0799999,28.6299992,2705200.0,25.8688335
2019-10-01 00:00:00,27.9099998,28.8600006,29.0499992,27.8799992,2874600.0,25.0172939
2019-10-02 00:00:00,27.0599995,27.5499992,27.6800003,27.0499992,4004300.0,24.2553883
2019-10-03 00:00:00,27.1299992,26.9300003,27.2099991,26.4699993,2503200.0,24.3181324
2019-10-04 00:00:00,27.3799992,27.0499992,27.3799992,26.8299999,2298600.0,24.542223
2019-10-07 00:00:00,27.1399994,27.2299995,27.4500008,26.9200001,3340200.0,24.3270988
2019-10-08 00:00:00,26.2800007,26.7900009,26.7999992,26.2600002,3415000.0,23.5562344
2019-10-09 00:00:00,26.3700008,26.4799995,26.5699997,26.1800003,2770600.0,23.6369076
2019-10-10 00:00:00,26.5300007,26.5400009,26.9099998,26.4699993,2075100.0,23.7803192
2019-10-11 00:00:00,27.3199997,27.1200008,27.8299999,27.0900002,3989600.0,24.4884434
2019-10-14 00:00:00,26.9699993,27.1700001,27.1700001,26.5100002,2345900.0,24.1747189
2019-10-15 00:00:00,27.2700005,27.2399998,27.5900002,26.9799995,3570100.0,24.4436264
2019-10-16 00:00:00,26.8899994,27.2099991,27.4599991,26.8500004,2268800.0,24.1030102
2019-10-17 00:00:00,27.1399994,27.2099991,27.4099998,26.9400005,2010500.0,24.3270988
2019-10-18 00:00:00,27.2199993,27.0300007,27.5100002,26.9899998,5204700.0,24.3988056
2019-10-21 00:00:00,27.4300003,27.4899998,27.7700005,27.3799992,2502600.0,24.5870399
2019-10-22 00:00:00,27.0799999,27.4300003,27.8199997,26.9799995,4767600.0,24.2733192
2019-10-23 00:00:00,27.8799992,27.0,27.9099998,26.9599991,6935000.0,24.9904022
2019-10-24 00:00:00,28.1399994,28.0799999,28.3600006,27.8500004,4678900.0,25.2234516
2019-10-25 00:00:00,27.8299999,27.4099998,28.1299992,26.8099995,4208700.0,24.9455833
2019-10-28 00:00:00,28.4099998,28.0699997,28.5900002,28.0400009,2745200.0,25.4654732
2019-10-29 00:00:00,28.1200008,28.1900005,28.4699993,28.0,3249800.0,25.2055283
2019-10-30 00:00:00,28.0699997,27.9599991,28.1900005,27.6399994,2230900.0,25.1607075
2019-10-31 00:00:00,27.5499992,27.9200001,28.0699997,27.3700008,8275900.0,24.694603
2019-11-01 00:00:00,28.0499992,27.8199997,28.1399994,27.75,2257900.0,25.1427822
2019-11-04 00:00:00,28.6700001,28.3299999,28.7099991,28.2700005,2315600.0,25.6985226
2019-11-05 00:00:00,28.9899998,28.8299999,29.2700005,28.7199993,3974800.0,25.9853592
2019-11-06 00:00:00,28.5599995,28.9500008,29.0,28.4899998,3606800.0,25.5999203
2019-11-07 00:00:00,28.7399998,28.9099998,29.0499992,28.6100006,2585700.0,25.7612686
2019-11-08 00:00:00,28.2800007,28.6599998,28.7600002,28.1100006,2871300.0,25.3489456
2019-11-11 00:00:00,27.9599991,28.1000004,28.3500004,27.8799992,2571300.0,25.062109
2019-11-12 00:00:00,27.9699993,27.9400005,28.2099991,27.6800003,2664800.0,25.0710735
2019-11-13 00:00:00,27.2999992,27.6499996,27.6499996,27.1900005,2623400.0,24.4705143
2019-11-14 00:00:00,27.2299995,27.2199993,27.5300007,27.1200008,2520000.0,24.4077702
2019-11-15 00:00:00,27.7299995,27.4899998,27.8500004,27.3600006,2007500.0,24.8559475
2019-11-18 00:00:00,27.7299995,27.5900002,27.7299995,27.2099991,2583900.0,24.8559475
2019-11-19 00:00:00,27.7299995,27.8999996,27.9699993,27.6100006,2507700.0,24.8559475
2019-11-20 00:00:00,27.3299999,27.6200008,27.7099991,27.1800003,2544100.0,24.4974079
2019-11-21 00:00:00,27.25,27.4300003,27.5799999,27.1900005,2229000.0,24.4256954
2019-11-22 00:00:00,27.3199997,27.2900009,27.5,27.1800003,1754300.0,24.4884434
2019-11-25 00:00:00,27.9799995,27.3999996,28.0,27.3500004,2248400.0,25.0800381
2019-11-26 00:00:00,27.7199993,27.8799992,27.9500008,27.5499992,3313500.0,24.8469849
2019-11-27 00:00:00,27.8799992,27.5799999,27.9899998,27.5599995,3480200.0,24.9904022
2019-11-29 00:00:00,27.4899998,27.7999992,27.8600006,27.4500008,1485600.0,24.6408234
2019-12-02 00:00:00,26.9799995,27.5699997,27.7900009,26.9500008,3471500.0,24.1836815
2019-12-03 00:00:00,26.3799992,26.5799999,26.6100006,26.0599995,3242300.0,23.6458702
2019-12-04 00:00:00,26.4699993,26.4500008,26.8799992,26.4500008,2185300.0,23.7265434
2019-12-05 00:00:00,26.4599991,26.6200008,26.7000008,26.4200001,2405600.0,23.7175732
2019-12-06 00:00:00,27.0,26.8299999,27.1900005,26.7999992,3015700.0,24.2016087
2019-12-09 00:00:00,27.0200005,26.8799992,27.1399994,26.8099995,2073800.0,24.2195377
2019-12-10 00:00:00,25.8400002,26.8600006,26.9099998,25.7999992,5947900.0,23.1618347
2019-12-11 00:00:00,25.9300003,25.9200001,26.7099991,25.7700005,5201500.0,23.2425098
2019-12-12 00:00:00,26.7900009,26.0100002,26.7999992,25.9500008,4448300.0,24.0133762
2019-12-13 00:00:00,25.9899998,26.7900009,26.7900009,25.8600006,4868100.0,23.2962914
2019-12-16 00:00:00,26.1700001,26.2600002,26.7000008,26.1599998,2866900.0,23.4576321
2019-12-17 00:00:00,26.2399998,26.1100006,26.3899994,26.1100006,2261400.0,23.52038
2019-12-18 00:00:00,26.1000004,26.3299999,26.3500004,26.0900002,2047400.0,23.3948879
2019-12-19 00:00:00,26.1399994,26.1399994,26.1700001,25.8600006,3920900.0,23.4307404
2019-12-20 00:00:00,25.7999992,26.2399998,26.2999992,25.7000008,8169500.0,23.1259823
2019-12-23 00:00:00,26.1900005,25.8899994,26.3500004,25.8299999,3269100.0,23.475565
2019-12-24 00:00:00,26.1399994,26.2299995,26.3199997,26.0200005,1207500.0,23.4307404
2019-12-26 00:00:00,26.3199997,26.2099991,26.3600006,26.1700001,2095600.0,23.592083
2019-12-27 00:00:00,26.25,26.3999996,26.4599991,26.2099991,2707900.0,23.5293427
2019-12-30 00:00:00,25.8199997,26.2099991,26.2199993,25.7199993,2929700.0,23.3844337
2019-12-31 00:00:00,25.9799995,25.6900005,26.2000008,25.6700001,3028500.0,23.5293427
2020-01-02 00:00:00,25.6100006,25.6100006,25.7999992,25.3400002,3627000.0,23.1942425
2020-01-03 00:00:00,25.0900002,25.2299995,25.3299999,24.8700008,3735700.0,22.7232971
2020-01-06 00:00:00,25.2900009,24.9099998,25.2900009,24.7299995,3267000.0,22.9044323
2020-01-07 00:00:00,25.5599995,25.9500008,25.9500008,25.2700005,4474800.0,23.1489582
2020-01-08 00:00:00,25.4200001,25.6200008,25.7299995,25.2299995,3995200.0,23.0221653
2020-01-09 00:00:00,25.2000008,25.6200008,25.6499996,25.0300007,4126500.0,22.8229198
2020-01-10 00:00:00,25.0200005,25.25,25.3199997,24.9599991,2571700.0,22.6598949
2020-01-13 00:00:00,25.5100002,25.0200005,25.6200008,24.9899998,3554400.0,23.1036777
2020-01-14 00:00:00,25.25,25.4599991,25.5300007,25.1399994,2618400.0,22.8682003
2020-01-15 00:00:00,25.1200008,25.1399994,25.3700008,25.0,2190400.0,22.7504635
2020-01-16 00:00:00,25.7600002,25.3299999,25.7700005,25.25,2373000.0,23.3300972
2020-01-17 00:00:00,25.7399998,25.8400002,25.9300003,25.5900002,2722600.0,23.3119793
2020-01-21 00:00:00,25.5100002,25.6000004,25.7199993,25.3799992,3522700.0,23.1036777
2020-01-22 00:00:00,25.8600006,25.6900005,25.9899998,25.6000004,3102600.0,23.4206638
2020-01-23 00:00:00,25.6800003,25.9099998,25.9200001,25.3199997,3113300.0,23.2576408
2020-01-24 00:00:00,25.2600002,25.7000008,25.7399998,25.0699997,2299000.0,22.8772602
2020-01-27 00:00:00,24.6399994,24.7700005,24.8400002,24.4799995,4959500.0,22.3157425
2020-01-28 00:00:00,25.0900002,24.9400005,25.2299995,24.8600006,4314300.0,22.7232971
2020-01-29 00:00:00,24.8400002,25.3099995,25.4899998,24.8400002,4796400.0,22.4968758
2020-01-30 00:00:00,26.2099991,25.0699997,26.2399998,24.4699993,8693700.0,23.7376442
2020-01-31 00:00:00,25.2999992,26.0,26.1399994,25.1800003,14991900.0,22.9134846
2020-02-03 00:00:00,25.2000008,25.3500004,25.7000008,25.2000008,3738800.0,22.8229198
2020-02-04 00:00:00,25.5799999,25.6599998,26.0300007,25.5699997,2833300.0,23.1670761
2020-02-05 00:00:00,26.3099995,26.0699997,26.3799992,25.9099998,3182000.0,23.8282146
2020-02-06 00:00:00,26.0799999,26.5699997,26.6900005,26.0100002,2717400.0,23.6199093
2020-02-07 00:00:00,25.6000004,25.6000004,25.9899998,25.4599991,2322400.0,23.1851864
2020-02-10 00:00:00,25.6000004,25.4699993,25.6100006,25.2800007,2458500.0,23.1851864
2020-02-11 00:00:00,25.1599998,25.5100002,25.5699997,24.8999996,4121500.0,22.7866936
2020-02-12 00:00:00,24.6100006,25.3999996,25.6299992,24.5300007,5056300.0,22.2885723
2020-02-13 00:00:00,24.2099991,24.4899998,24.6399994,24.0100002,4308600.0,21.9263039
2020-02-14 00:00:00,24.3600006,24.2199993,24.3999996,23.9599991,3614200.0,22.0621567
2020-02-18 00:00:00,26.0499992,27.0300007,27.6000004,25.3099995,19282300.0,23.5927391
2020-02-19 00:00:00,25.3700008,26.1599998,26.2600002,25.1299992,8753600.0,22.9768829
2020-02-20 00:00:00,25.6700001,25.4400005,25.9300003,25.2900009,5393300.0,23.2485847
2020-02-21 00:00:00,25.2000008,25.4099998,25.4799995,24.9899998,5012600.0,22.8229198
2020-02-24 00:00:00,24.1900005,24.2600002,24.7099991,24.1000004,5771700.0,21.9081917
2020-02-25 00:00:00,23.5799999,24.4200001,24.4599991,23.5300007,5792900.0,21.3557339
2020-02-26 00:00:00,23.0100002,23.7099991,23.8199997,23.0,5036600.0,20.8394966
2020-02-27 00:00:00,22.6399994,22.4799995,23.8400002,22.1900005,7901100.0,20.5044003
2020-02-28 00:00:00,21.7600002,21.8600006,22.1399994,21.3600006,10490300.0,19.7074127
2020-03-02 00:00:00,23.3500004,21.9500008,23.3600006,21.7299995,8850900.0,21.1474285
2020-03-03 00:00:00,23.3899994,23.2000008,24.0,22.9599991,15145100.0,21.183651
2020-03-04 00:00:00,23.4200001,23.5300007,23.6700001,22.9200001,8539300.0,21.2108212
2020-03-05 00:00:00,22.1299992,22.4500008,22.6399994,21.7099991,7152800.0,20.0425072
2020-03-06 00:00:00,21.6499996,21.25,22.4899998,21.1700001,7709500.0,19.6077881
2020-03-09 00:00:00,19.5100002,19.7199993,20.6000004,19.5,7533000.0,17.6696491
2020-03-10 00:00:00,20.1499996,20.4699993,20.6800003,18.7199993,6393900.0,18.249279
2020-03-11 00:00:00,18.7999992,19.5599995,19.7199993,18.3099995,6941300.0,17.0266209
2020-03-12 00:00:00,16.7600002,17.3899994,17.7800007,16.4300003,6361300.0,15.1790514
2020-03-13 00:00:00,18.1100006,17.7999992,18.3799992,16.7999992,7078100.0,16.4017086
2020-03-16 00:00:00,17.7600002,15.6999998,18.3099995,15.3000002,7486800.0,16.0847244
2020-03-17 00:00:00,20.1599998,18.1800003,20.1599998,17.6700001,7188900.0,18.258337
2020-03-18 00:00:00,19.7999992,18.8500004,22.0400009,18.5,10336300.0,17.9322948
2020-03-19 00:00:00,19.4300003,19.3799992,21.4300003,19.3600006,8122400.0,17.5971928
2020-03-20 00:00:00,16.8999996,19.4300003,19.4300003,16.7000008,9294700.0,15.3058481
2020-03-23 00:00:00,15.3000002,16.8299999,17.1499996,15.29,7236200.0,13.8567724
2020-03-24 00:00:00,16.5599995,16.1499996,16.9099998,15.6099997,6294200.0,14.9979172
2020-03-25 00:00:00,16.7900009,16.6499996,17.9099998,15.8800001,5600000.0,15.2062216
2020-03-26 00:00:00,18.2199993,16.8999996,18.2700005,16.5499992,5650000.0,16.5013313
2020-03-27 00:00:00,17.3500004,17.7800007,18.1900005,17.0799999,4515800.0,15.713398
2020-03-30 00:00:00,17.7600002,17.2000008,17.8999996,16.8600006,4361400.0,16.3389931
2020-03-31 00:00:00,16.6900005,17.5400009,17.6900005,16.5699997,3800300.0,15.3546047
2020-04-01 00:00:00,15.8599997,16.0599995,16.2099991,15.6499996,4354100.0,14.591011
2020-04-02 00:00:00,16.0599995,15.8299999,16.75,15.7600002,5109500.0,14.7750111
2020-04-03 00:00:00,15.6099997,16.0599995,16.5,15.3299999,3697100.0,14.3610153
2020-04-06 00:00:00,16.75,16.2399998,16.9099998,16.1800003,4413800.0,15.4098034
2020-04-07 00:00:00,16.6399994,17.1100006,17.5400009,16.5799999,4032800.0,15.3086033
2020-04-08 00:00:00,17.1900005,16.8199997,17.4599991,16.1800003,4899700.0,15.8145962
2020-04-09 00:00:00,16.8099995,17.2600002,17.7399998,16.6100006,5304200.0,15.4650011
2020-04-13 00:00:00,16.0900002,16.8500004,16.8799992,15.8999996,4672900.0,14.8026094
2020-04-14 00:00:00,16.3199997,16.6000004,16.8600006,16.0900002,4572100.0,15.0142059
2020-04-15 00:00:00,15.3100004,15.8500004,15.8800001,15.21,3864500.0,14.0850201
2020-04-16 00:00:00,15.4200001,15.4300003,15.5200005,14.9099998,3634900.0,14.1862183
2020-04-17 00:00:00,16.3400002,16.1000004,16.4599991,15.7799997,4684000.0,15.032608
2020-04-20 00:00:00,16.2800007,16.0699997,16.5799999,15.8299999,4004400.0,14.9774084
2020-04-21 00:00:00,15.9799995,15.8699999,16.2199993,15.7600002,3562700.0,14.7014122
2020-04-22 00:00:00,16.1299992,16.3199997,16.4400005,16.0,3436500.0,14.8394089
2020-04-23 00:00:00,15.8599997,16.1599998,16.5900002,15.71,4032200.0,14.591011
2020-04-24 00:00:00,15.9200001,16.0100002,16.2000008,15.71,5640700.0,14.6462116
2020-04-27 00:00:00,16.8400002,16.1100006,17.0200005,15.9099998,4818300.0,15.4926014
2020-04-28 00:00:00,17.3999996,17.3299999,17.7399998,17.2199993,4401000.0,16.0077934
2020-04-29 00:00:00,18.4899998,18.0,18.5499992,17.5799999,6927600.0,17.010582
2020-04-30 00:00:00,18.8400002,18.4899998,19.3500004,17.7800007,14451800.0,17.3325768
2020-05-01 00:00:00,18.0300007,18.1299992,18.2299995,17.2800007,5329900.0,16.587389
2020-05-04 00:00:00,18.3299999,17.7700005,18.3799992,17.4699993,4729400.0,16.8633823
2020-05-05 00:00:00,17.9599991,18.5599995,18.7900009,17.8999996,3599400.0,16.5229893
2020-05-06 00:00:00,17.7399998,18.1200008,18.3700008,17.3799992,3434600.0,16.320591
2020-05-07 00:00:00,18.1399994,18.0599995,18.6299992,18.0100002,2450900.0,16.6885834
2020-05-08 00:00:00,19.2000008,18.3700008,19.25,18.3600006,3150800.0,17.6637745
2020-05-11 00:00:00,19.5699997,18.9300003,19.6599998,18.7800007,4098500.0,18.0041676
2020-05-12 00:00:00,18.0100002,19.4699993,19.6599998,18.0,3816900.0,16.5689869
2020-05-13 00:00:00,17.3299999,17.8099995,17.8999996,17.0900002,5766900.0,15.9433956
2020-05-14 00:00:00,18.0300007,16.9799995,18.0799999,16.4099998,5156900.0,16.587389
2020-05-15 00:00:00,17.7600002,17.5900002,17.8199997,17.3600006,9869800.0,16.3389931
2020-05-18 00:00:00,18.3400002,18.6299992,18.9500008,18.2600002,5871900.0,16.8725834
2020-05-19 00:00:00,17.9300003,18.25,18.4099998,17.8500004,3688600.0,16.4953899
2020-05-20 00:00:00,18.2000008,18.2299995,18.5499992,18.1100006,2882900.0,16.7437878
2020-05-21 00:00:00,17.9599991,18.1299992,18.3799992,17.9300003,2140300.0,16.5229893
2020-05-22 00:00:00,17.8899994,18.0300007,18.1599998,17.5,2771000.0,16.4585896
2020-05-26 00:00:00,18.9599991,18.5400009,19.2399998,18.5200005,3653500.0,17.4429741
2020-05-27 00:00:00,19.3500004,19.8400002,19.8400002,19.1700001,3722600.0,17.8017693
2020-05-28 00:00:00,18.9099998,19.5100002,19.5200005,18.8299999,3708100.0,17.3969765
2020-05-29 00:00:00,18.8700008,18.6399994,19.0900002,18.4699993,7218700.0,17.360178
2020-06-01 00:00:00,19.4899998,18.9599991,19.7199993,18.8500004,3388500.0,17.9305687
2020-06-02 00:00:00,19.7999992,19.5900002,20.1100006,19.5900002,3229400.0,18.2157669
2020-06-03 00:00:00,21.0900002,20.1800003,21.2700005,20.1399994,4560800.0,19.4025517
2020-06-04 00:00:00,21.5900002,20.9400005,21.6100006,20.5100002,3309700.0,19.8625469
2020-06-05 00:00:00,22.7000008,22.9899998,23.6800003,22.5499992,4136700.0,20.8837337
2020-06-08 00:00:00,24.2299995,23.0900002,24.3299999,23.0900002,6483600.0,22.2913132
2020-06-09 00:00:00,23.6499996,23.4899998,23.7800007,22.8799992,3708700.0,21.757719
2020-06-10 00:00:00,22.5400009,23.6900005,23.6900005,22.3600006,3605800.0,20.7365341
2020-06-11 00:00:00,20.8500004,21.0799999,21.7900009,20.7600002,3446800.0,19.1817551
2020-06-12 00:00:00,21.7900009,21.75,21.9300003,21.1000004,3698000.0,20.046545
2020-06-15 00:00:00,22.2299995,21.25,22.6599998,21.0100002,4422600.0,20.4513397
2020-06-16 00:00:00,22.4899998,23.1499996,23.1499996,22.1299992,3276100.0,20.6905346
2020-06-17 00:00:00,22.5,22.4799995,22.9799995,22.2900009,2278400.0,20.6997318
2020-06-18 00:00:00,22.5599995,22.2299995,22.9799995,22.0699997,3199900.0,20.7549305
2020-06-19 00:00:00,21.9500008,23.0699997,23.0699997,21.9500008,13766200.0,20.1937447
2020-06-22 00:00:00,21.6900005,21.7900009,22.0699997,21.6000004,2626800.0,19.954546
2020-06-23 00:00:00,21.5499992,22.0799999,22.1399994,21.5200005,3635000.0,19.8257427
2020-06-24 00:00:00,20.8199997,21.5,21.5,20.7299995,4216900.0,19.1541519
2020-06-25 00:00:00,21.0799999,20.75,21.2999992,20.5200005,2661100.0,19.3933506
2020-06-26 00:00:00,20.0400009,20.7299995,20.7900009,19.8899994,3973000.0,18.4365654
2020-06-29 00:00:00,20.4400005,20.2999992,20.5,20.1299992,3282000.0,18.8045559
2020-06-30 00:00:00,20.9699993,20.2999992,21.1000004,20.2700005,5676700.0,19.2921486
2020-07-01 00:00:00,20.2000008,21.0100002,21.0100002,20.1800003,2999200.0,18.5837593
2020-07-02 00:00:00,20.3799992,20.75,21.0,20.3099995,2559600.0,18.7493553
2020-07-06 00:00:00,20.9300003,20.9400005,21.25,20.7700005,2316100.0,19.255352
2020-07-07 00:00:00,20.6700001,20.6299992,20.9200001,20.5799999,2770500.0,19.0161552
2020-07-08 00:00:00,21.1299992,20.7600002,21.2299995,20.6299992,2681900.0,19.439352
2020-07-09 00:00:00,20.2700005,21.0200005,21.1100006,20.1900005,2785900.0,18.648159
2020-07-10 00:00:00,21.1000004,20.2800007,21.1599998,20.2700005,4200800.0,19.4117489
2020-07-13 00:00:00,20.8600006,21.3299999,21.3999996,20.7700005,3632700.0,19.1909561
2020-07-14 00:00:00,20.7600002,20.5499992,20.8500004,20.3299999,2194800.0,19.3494053
2020-07-15 00:00:00,21.5200005,21.3099995,21.5799999,20.8600006,2468200.0,20.0577641
2020-07-16 00:00:00,21.3099995,21.2999992,21.8400002,21.1399994,1700800.0,19.8620319
2020-07-17 00:00:00,21.0499992,21.3799992,21.6100006,20.9799995,2142000.0,19.6196976
2020-07-20 00:00:00,20.3999996,20.8700008,20.8999996,20.2999992,3621800.0,19.0138645
2020-07-21 00:00:00,21.2600002,20.5400009,21.2600002,20.5100002,3827300.0,19.8154278
2020-07-22 00:00:00,20.9099998,21.1800003,21.3299999,20.7800007,2890800.0,19.489212
2020-07-23 00:00:00,20.7999992,20.75,20.9799995,20.4699993,4056100.0,19.3866825
2020-07-24 00:00:00,20.6000004,20.8700008,21.1000004,20.5499992,3001800.0,19.2002754
2020-07-27 00:00:00,21.0200005,20.4500008,21.1700001,20.4200001,4181600.0,19.5917358
2020-07-28 00:00:00,20.5599995,20.7600002,20.7900009,19.7800007,7233300.0,19.1629925
2020-07-29 00:00:00,21.1200008,20.7700005,21.1800003,20.5400009,5442800.0,19.6849422
2020-07-30 00:00:00,20.6700001,20.6900005,20.8600006,20.4699993,3363700.0,19.2655201
2020-07-31 00:00:00,21.0499992,20.6200008,21.0599995,20.5,13424200.0,19.6196976
2020-08-03 00:00:00,21.4699993,21.0499992,21.6100006,20.9099998,3111300.0,20.0111599
2020-08-04 00:00:00,21.2099991,21.2999992,21.5100002,21.0499992,2346700.0,19.7688255
2020-08-05 00:00:00,22.1800003,21.3700008,22.2399998,21.3700008,3137400.0,20.6729164
2020-08-06 00:00:00,21.8500004,22.0499992,22.2299995,21.8099995,2363600.0,20.3653393
2020-08-07 00:00:00,22.3099995,21.6900005,22.3799992,21.6299992,2108800.0,20.7940826
2020-08-10 00:00:00,22.3799992,22.4099998,22.4699993,22.1000004,2345800.0,20.8593254
2020-08-11 00:00:00,22.6700001,22.7099991,23.2600002,22.5599995,3962000.0,21.1296215
2020-08-12 00:00:00,22.0100002,23.0200005,23.2900009,21.7900009,3520900.0,20.5144672
2020-08-13 00:00:00,21.8799992,21.8099995,22.2199993,21.6700001,2031400.0,20.393301
2020-08-14 00:00:00,21.9500008,21.7600002,22.0699997,21.5100002,1613600.0,20.4585495
2020-08-17 00:00:00,21.7999992,21.8999996,22.0599995,21.5599995,2036500.0,20.3187351
2020-08-18 00:00:00,21.7199993,21.7999992,22.0300007,21.6900005,2131700.0,20.244173
2020-08-19 00:00:00,21.6700001,21.6800003,21.9799995,21.5599995,1849400.0,20.1975689
2020-08-20 00:00:00,21.1700001,21.4500008,21.5599995,21.1700001,2058500.0,19.7315426
2020-08-21 00:00:00,20.9899998,21.1200008,21.3199997,20.7900009,2795800.0,19.5637741
2020-08-24 00:00:00,21.5699997,21.0400009,21.5799999,20.9400005,2492000.0,20.1043644
2020-08-25 00:00:00,21.4599991,21.7700005,21.8799992,21.3999996,1218900.0,20.0018368
2020-08-26 00:00:00,21.2999992,21.3999996,21.4300003,21.1700001,1904900.0,19.8527107
2020-08-27 00:00:00,21.3500004,21.3199997,21.5799999,21.0900002,2383800.0,19.8993149
2020-08-28 00:00:00,21.3299999,21.5200005,21.5200005,21.0599995,2000800.0,19.8806705
2020-08-31 00:00:00,21.0599995,21.3400002,21.3700008,20.8899994,2796500.0,19.6290188
2020-09-01 00:00:00,21.0200005,20.8700008,21.1200008,20.75,1952400.0,19.5917358
2020-09-02 00:00:00,21.7700005,21.0,21.8700008,20.9200001,3627400.0,20.2907772
2020-09-03 00:00:00,21.5200005,21.7900009,22.2000008,21.3899994,2798100.0,20.0577641
2020-09-04 00:00:00,21.2999992,21.8199997,21.9699993,21.2900009,2854200.0,19.8527107
2020-09-08 00:00:00,20.5599995,21.1299992,21.1900005,20.4300003,3195200.0,19.1629925
2020-09-09 00:00:00,20.3999996,20.6800003,20.7099991,20.2700005,3017200.0,19.0138645
2020-09-10 00:00:00,20.0699997,20.2700005,20.4300003,20.0200005,3931900.0,18.7062874
2020-09-11 00:00:00,20.2299995,20.0900002,20.3799992,20.0400009,2852100.0,18.8554153
2020-09-14 00:00:00,20.3700008,20.3299999,20.6299992,20.2199993,2438600.0,18.9859028
2020-09-15 00:00:00,20.3899994,20.4200001,20.6000004,20.3700008,2501200.0,19.0045452
2020-09-16 00:00:00,21.0599995,20.4099998,21.3799992,20.3700008,2439500.0,19.6290188
2020-09-17 00:00:00,21.0,20.7700005,21.0300007,20.6299992,2173000.0,19.5730934
2020-09-18 00:00:00,21.2199993,20.9500008,21.3999996,20.8899994,5448600.0,19.7781467
2020-09-21 00:00:00,20.1000004,20.6900005,21.0100002,20.0200005,4215000.0,18.7342491
2020-09-22 00:00:00,19.8700008,20.0599995,20.2900009,19.5599995,2695400.0,18.5198765
2020-09-23 00:00:00,19.5799999,19.8999996,20.3700008,19.5799999,2798800.0,18.2495842
2020-09-24 00:00:00,19.2700005,19.5300007,19.6100006,19.1100006,2818400.0,17.9606457
2020-09-25 00:00:00,19.6399994,19.1599998,19.7399998,19.1499996,2664800.0,18.3055019
2020-09-28 00:00:00,20.4699993,20.0,20.5799999,19.9899998,2903100.0,19.0791073
2020-09-29 00:00:00,20.0400009,20.0900002,20.1800003,19.7900009,2218900.0,18.9279861
2020-09-30 00:00:00,20.3500004,20.1299992,20.5499992,20.0699997,2446900.0,19.2207832
2020-10-01 00:00:00,19.9899998,20.3099995,20.3899994,19.8299999,2204200.0,18.8807602
2020-10-02 00:00:00,20.5200005,19.7399998,20.5900002,19.7099991,2501400.0,19.3813515
2020-10-05 00:00:00,20.7999992,20.7800007,21.1000004,20.7199993,2927300.0,19.645813
2020-10-06 00:00:00,20.9099998,20.9899998,21.5900002,20.8199997,4209100.0,19.7497082
2020-10-07 00:00:00,21.7399998,20.8600006,21.8500004,20.8600006,3692100.0,20.5336533
2020-10-08 00:00:00,22.3199997,22.2199993,22.7000008,22.1700001,6786300.0,21.0814686
2020-10-09 00:00:00,22.5900002,23.1700001,23.2999992,22.4799995,6501200.0,21.3364887
2020-10-12 00:00:00,22.9699993,22.5900002,23.0300007,22.5300007,3181700.0,21.6954021
2020-10-13 00:00:00,23.1599998,22.9699993,23.5300007,22.9300003,2854300.0,21.8748608
2020-10-14 00:00:00,23.4099998,23.1000004,23.7299995,23.0900002,2850600.0,22.1109848
2020-10-15 00:00:00,23.6200008,23.0400009,23.6599998,22.9699993,2619100.0,22.3093338
2020-10-16 00:00:00,23.4899998,23.6700001,23.8299999,23.3799992,2480700.0,22.1865425
2020-10-19 00:00:00,23.2000008,23.9699993,23.9699993,23.1000004,3682000.0,21.9126396
2020-10-20 00:00:00,22.9799995,23.4599991,23.4799995,22.9699993,3186800.0,21.7048435
2020-10-21 00:00:00,22.7600002,22.9200001,23.0799999,22.7000008,2965000.0,21.4970531
2020-10-22 00:00:00,23.1800003,22.7999992,23.2299995,22.5400009,2869500.0,21.8937492
2020-10-23 00:00:00,23.2199993,23.2900009,23.4099998,23.1200008,3217600.0,21.9315281
2020-10-26 00:00:00,22.8400002,22.8999996,22.9400005,22.2299995,4765100.0,21.5726147
2020-10-27 00:00:00,19.7299995,22.6000004,22.6000004,19.6599998,11141900.0,18.6351871
2020-10-28 00:00:00,18.6399994,19.2600002,19.5100002,18.4599991,7277300.0,17.6056709
2020-10-29 00:00:00,18.6399994,18.3600006,18.8299999,17.9699993,5961300.0,17.6056709
2020-10-30 00:00:00,18.75,18.5400009,18.8099995,18.2700005,6194100.0,17.709568
2020-11-02 00:00:00,19.5900002,19.0499992,19.5900002,18.9500008,4590000.0,18.5029583
2020-11-03 00:00:00,20.0100002,19.9500008,20.2399998,19.8799992,4171600.0,18.8996506
2020-11-04 00:00:00,19.2399998,19.6700001,19.8899994,19.1100006,3853200.0,18.1723785
2020-11-05 00:00:00,20.1299992,19.5100002,20.1800003,19.3400002,3157700.0,19.0129929
2020-11-06 00:00:00,19.4099998,20.1599998,20.2199993,19.2199993,3496900.0,18.332943
2020-11-09 00:00:00,20.4200001,21.0300007,21.5400009,20.3400002,6654200.0,19.2868996
2020-11-10 00:00:00,20.7600002,20.4200001,20.8199997,20.1900005,4538000.0,19.6080341
2020-11-11 00:00:00,20.3600006,20.8799992,21.0100002,20.2299995,4277000.0,19.2302265
2020-11-12 00:00:00,19.8099995,20.2199993,20.2999992,19.5200005,5805700.0,18.7107487
2020-11-13 00:00:00,20.5100002,20.0599995,20.5699997,20.0300007,3202000.0,19.3719063
2020-11-16 00:00:00,21.2700005,21.0599995,21.2800007,20.7900009,3534700.0,20.0897331
2020-11-17 00:00:00,21.4799995,21.0400009,21.5300007,20.9099998,3153600.0,20.2880783
2020-11-18 00:00:00,21.3199997,21.5799999,21.9799995,21.3199997,3580800.0,20.1369572
2020-11-19 00:00:00,20.8500004,21.1000004,21.2000008,20.5,3678000.0,19.693037
2020-11-20 00:00:00,20.5900002,20.7800007,20.8400002,20.3199997,4344200.0,19.4474659
2020-11-23 00:00:00,21.2600002,20.6399994,21.3400002,20.6100006,2993600.0,20.0802879
2020-11-24 00:00:00,22.3700008,21.6800003,22.3799992,21.4300003,5225400.0,21.1286964
2020-11-25 00:00:00,22.3199997,22.2299995,22.4899998,21.9500008,4278400.0,21.0814686
2020-11-27 00:00:00,22.2700005,22.1599998,22.4400005,22.0200005,2253400.0,21.0342445
2020-11-30 00:00:00,21.9899998,22.2000008,22.2600002,21.8899994,5934300.0,20.7697792
2020-12-01 00:00:00,22.3600006,22.5,22.8500004,22.2700005,3723900.0,21.1192513
2020-12-02 00:00:00,22.4899998,22.3099995,22.7999992,22.2600002,4945900.0,21.2420349
2020-12-03 00:00:00,22.9599991,22.7099991,23.4799995,22.4500008,8103400.0,21.6859531
2020-12-04 00:00:00,23.7099991,23.0,23.75,22.7900009,3156700.0,22.3943367
2020-12-07 00:00:00,23.5699997,23.6000004,23.6700001,23.2600002,3362100.0,22.2621078
2020-12-08 00:00:00,23.9599991,23.3799992,24.1800003,23.3700008,3841200.0,22.6304646
2020-12-09 00:00:00,23.9799995,24.0400009,24.3999996,23.7199993,3327900.0,22.649353
2020-12-10 00:00:00,24.2600002,23.6800003,24.3700008,23.6800003,3806700.0,22.9138184
2020-12-11 00:00:00,24.3299999,24.0,24.6200008,23.9599991,4016300.0,22.9799366
2020-12-14 00:00:00,23.7299995,24.4699993,24.6299992,23.7199993,3548900.0,22.413229
2020-12-15 00:00:00,24.6200008,23.9699993,24.6399994,23.9200001,3184700.0,23.2538433
2020-12-16 00:00:00,24.75,24.8099995,24.9500008,24.6599998,2942800.0,23.3766289
2020-12-17 00:00:00,25.1599998,24.8099995,25.2299995,24.6200008,3623400.0,23.7638779
2020-12-18 00:00:00,25.0100002,25.1700001,25.3400002,24.6599998,6123900.0,23.6222019
2020-12-21 00:00:00,24.8199997,24.7700005,24.8899994,24.3500004,3599500.0,23.4427452
2020-12-22 00:00:00,24.5499992,24.9300003,24.9300003,24.3700008,2930600.0,23.1877289
2020-12-23 00:00:00,24.7399998,24.75,25.0799999,24.6900005,2861300.0,23.3671837
2020-12-24 00:00:00,24.7999992,24.8700008,24.8899994,24.6800003,969500.0,23.4238548
2020-12-28 00:00:00,25.0400009,25.0400009,25.3099995,24.9699993,2781600.0,23.6505375
2020-12-29 00:00:00,24.7999992,25.1700001,25.2099991,24.7099991,1886600.0,23.4238548
2020-12-30 00:00:00,24.7800007,24.6499996,24.9599991,24.6100006,1983500.0,23.6722336
2020-12-31 00:00:00,24.9899998,24.7000008,25.0100002,24.5200005,2243100.0,23.8728428
2021-01-04 00:00:00,24.3400002,25.0,25.0499992,24.1800003,3416100.0,23.2519016
2021-01-05 00:00:00,24.2800007,23.9599991,24.4099998,23.9599991,3553500.0,23.1945839
2021-01-06 00:00:00,25.5300007,24.8999996,25.7600002,24.7900009,4238200.0,24.3887024
2021-01-07 00:00:00,25.4899998,25.7999992,25.9500008,25.3500004,3138900.0,24.3504925
2021-01-08 00:00:00,25.2800007,25.6599998,25.6599998,24.9200001,3305500.0,24.1498795
2021-01-11 00:00:00,25.75,25.25,25.8199997,25.1000004,2764800.0,24.5988693
2021-01-12 00:00:00,26.5300007,25.9200001,26.6800003,25.8700008,3603700.0,25.343998
2021-01-13 00:00:00,26.4500008,26.6000004,26.7199993,26.1800003,2845800.0,25.2675762
2021-01-14 00:00:00,27.1200008,26.5799999,27.2299995,26.3199997,2557100.0,25.9076252
2021-01-15 00:00:00,26.5599995,26.7199993,27.1100006,26.4699993,3107000.0,25.3726578
2021-01-19 00:00:00,27.1399994,26.7900009,27.3400002,26.5300007,2562400.0,25.9267292
2021-01-20 00:00:00,27.0300007,27.1499996,27.2800007,26.75,2281400.0,25.8216476
2021-01-21 00:00:00,26.4599991,27.0300007,27.1399994,26.4500008,2912200.0,25.2771282
2021-01-22 00:00:00,26.4699993,26.2000008,26.6599998,26.1900005,2759000.0,25.2866802
2021-01-25 00:00:00,26.5100002,26.2800007,26.6800003,25.9799995,3340400.0,25.324894
2021-01-26 00:00:00,27.6200008,26.7600002,27.7800007,26.7600002,4542300.0,26.385273
2021-01-27 00:00:00,27.1700001,27.3299999,28.5900002,27.0,8671600.0,25.9553871
2021-01-28 00:00:00,27.7299995,27.3400002,28.0100002,27.3099995,3367300.0,26.4903526
2021-01-29 00:00:00,26.2900009,27.5599995,27.6800003,26.1200008,10533100.0,25.1147289
2021-02-01 00:00:00,26.5799999,26.4200001,26.7000008,25.6700001,3439800.0,25.3917637
2021-02-02 00:00:00,25.6200008,27.0100002,27.5900002,25.4500008,5266000.0,24.4746799
2021-02-03 00:00:00,25.8600006,25.6800003,25.9899998,25.1200008,3379800.0,24.7039509
2021-02-04 00:00:00,25.6800003,25.8199997,25.9300003,25.3500004,3163100.0,24.5319977
2021-02-05 00:00:00,25.8600006,25.8500004,25.9699993,25.5599995,1977000.0,24.7039509
2021-02-08 00:00:00,26.5900002,26.0300007,26.6100006,26.0,2320900.0,25.4013157
2021-02-09 00:00:00,26.6200008,26.5699997,26.7299995,26.1299992,2835200.0,25.4299755
2021-02-10 00:00:00,27.4599991,26.9099998,27.7000008,26.8700008,3024900.0,26.2324238
2021-02-11 00:00:00,27.2199993,27.4799995,27.5499992,27.0300007,2152300.0,26.0031509
2021-02-12 00:00:00,27.6200008,27.1499996,27.7199993,27.0599995,2867700.0,26.385273
2021-02-16 00:00:00,28.0799999,27.8600006,28.5200005,27.7000008,3016100.0,26.824707
2021-02-17 00:00:00,27.6800003,27.9200001,28.0,27.3899994,2381700.0,26.4425888
2021-02-18 00:00:00,26.9899998,27.5100002,27.7299995,26.9899998,2481400.0,25.7834358
2021-02-19 00:00:00,27.5100002,27.2600002,27.6100006,27.1000004,4289100.0,26.2801895
2021-02-22 00:00:00,27.3400002,27.3500004,27.8400002,27.25,2781400.0,26.1177883
2021-02-23 00:00:00,27.0699997,27.3999996,27.3999996,26.5300007,2067200.0,25.8598595
2021-02-24 00:00:00,27.9300003,27.1900005,27.9699993,27.1000004,2348100.0,26.6814137
2021-02-25 00:00:00,26.7999992,28.1100006,28.2800007,26.6900005,3479400.0,25.6019306
2021-02-26 00:00:00,26.1700001,26.6299992,26.8299999,25.8999996,4401500.0,25.0000916
2021-03-01 00:00:00,27.2000008,26.7099991,27.5100002,26.6499996,2851700.0,25.9840469
2021-03-02 00:00:00,26.9599991,27.0599995,27.2999992,26.8799992,2976300.0,25.754776
2021-03-03 00:00:00,26.7399998,27.0799999,27.6000004,26.7299995,2980300.0,25.544611
2021-03-04 00:00:00,25.6200008,26.7000008,26.8400002,25.0499992,4907600.0,24.4746799
2021-03-05 00:00:00,26.4699993,25.9500008,26.5,24.9099998,6325900.0,25.2866802
2021-03-08 00:00:00,26.4799995,26.7299995,26.9300003,26.3700008,4126200.0,25.296236
2021-03-09 00:00:00,26.0599995,26.5100002,26.8899994,26.0400009,3536800.0,24.8950081
2021-03-10 00:00:00,28.6200008,26.7299995,28.7700005,26.5599995,8451000.0,27.3405666
2021-03-11 00:00:00,28.7900009,28.5300007,29.6800003,28.4500008,5372000.0,27.5029697
2021-03-12 00:00:00,28.8299999,28.9300003,28.9400005,28.5599995,2917000.0,27.5411816
2021-03-15 00:00:00,29.9300003,28.8299999,30.0,28.7999992,4138300.0,28.5920048
2021-03-16 00:00:00,29.7600002,29.9400005,30.1499996,29.4300003,4857300.0,28.4296055
2021-03-17 00:00:00,30.2600002,29.8099995,30.3899994,29.6299992,3014100.0,28.9072533
2021-03-18 00:00:00,29.4899998,30.2900009,30.5499992,29.4300003,2854000.0,28.1716728
2021-03-19 00:00:00,29.8700008,29.3999996,30.2600002,29.2000008,8248800.0,28.5346889
2021-03-22 00:00:00,29.9799995,29.8700008,30.1700001,29.7399998,3829900.0,28.6397686
2021-03-23 00:00:00,28.6499996,29.8199997,29.8700008,28.5400009,3343500.0,27.3692265
2021-03-24 00:00:00,28.5900002,29.0699997,29.3899994,28.5699997,2300700.0,27.3119068
2021-03-25 00:00:00,29.1200008,28.4400005,29.25,28.1100006,1699000.0,27.8182163
2021-03-26 00:00:00,29.3999996,29.3999996,29.4200001,28.8999996,3067400.0,28.0856972
2021-03-29 00:00:00,30.1100006,29.8799992,30.5400009,29.6700001,5091900.0,28.7639618
2021-03-30 00:00:00,29.3299999,29.8400002,30.1399994,29.2099991,2682700.0,28.281826
2021-03-31 00:00:00,29.6000004,29.1800003,29.8600006,29.1800003,2716400.0,28.5421791
2021-04-01 00:00:00,30.1599998,29.8099995,30.1700001,29.4300003,3126300.0,29.0821648
2021-04-05 00:00:00,30.5400009,30.4899998,30.7299995,30.1700001,2673100.0,29.4485836
2021-04-06 00:00:00,30.4099998,30.5,30.6900005,30.2700005,2416300.0,29.3232307
2021-04-07 00:00:00,30.4500008,30.5100002,30.6399994,30.2099991,1777900.0,29.3618011
2021-04-08 00:00:00,30.2600002,30.4200001,30.4899998,30.0100002,2988200.0,29.1785908
2021-04-09 00:00:00,30.6800003,30.4099998,30.6800003,30.1299992,2602800.0,29.5835819
2021-04-12 00:00:00,31.2600002,30.7399998,31.2999992,30.5400009,3046400.0,30.1428528
2021-04-13 00:00:00,29.6200008,31.3099995,31.3199997,29.5100002,5566700.0,28.5614643
2021-04-14 00:00:00,29.7600002,29.5,29.8799992,29.4899998,3135700.0,28.6964607
2021-04-15 00:00:00,30.2900009,29.9699993,30.4400005,29.9300003,3158300.0,29.2075195
2021-04-16 00:00:00,30.0499992,30.4799995,30.6000004,29.8299999,1894500.0,28.9760933
2021-04-19 00:00:00,29.9699993,30.0200005,30.2000008,29.6900005,1892300.0,28.8989544
2021-04-20 00:00:00,29.0900002,29.7600002,29.8500004,28.9599991,2668800.0,28.0504055
2021-04-21 00:00:00,29.5799999,28.9599991,29.6200008,28.6599998,2204600.0,28.522892
2021-04-22 00:00:00,28.6700001,29.5499992,29.5799999,28.6299992,3617900.0,27.6454144
2021-04-23 00:00:00,29.4200001,28.7600002,29.6299992,28.6499996,2481000.0,28.3686085
2021-04-26 00:00:00,29.8299999,29.5200005,29.9500008,29.4799995,3089200.0,28.7639599
2021-04-27 00:00:00,29.8199997,29.8199997,29.8999996,29.3899994,2029500.0,28.7543163
2021-04-28 00:00:00,30.1299992,29.8999996,30.2299995,29.7199993,2163400.0,29.053236
2021-04-29 00:00:00,30.6000004,30.3700008,30.6499996,29.9899998,3102800.0,29.5064411
2021-04-30 00:00:00,30.0,30.4300003,30.4300003,29.6800003,4621800.0,28.9278831
2021-05-03 00:00:00,30.2600002,30.2900009,30.6299992,30.0300007,3432400.0,29.1785908
2021-05-04 00:00:00,32.0400009,30.3700008,32.4500008,30.2600002,6036600.0,30.8949776
2021-05-05 00:00:00,33.6699982,32.4500008,33.8600006,32.1199989,5535300.0,32.4667244
2021-05-06 00:00:00,33.9799995,33.8100014,34.0,33.0200005,3513700.0,32.7656441
2021-05-07 00:00:00,34.0999985,33.7400017,34.2400017,33.5400009,3428600.0,32.8813553
2021-05-10 00:00:00,34.6800003,34.3400002,35.5400009,34.1100006,4478700.0,33.4406357
2021-05-11 00:00:00,33.7900009,34.0600014,34.2700005,33.3400002,3259100.0,32.5824356
2021-05-12 00:00:00,32.7000008,33.9399986,34.2000008,32.6199989,2620400.0,31.5313911
2021-05-13 00:00:00,34.0800018,32.6800003,34.8499985,32.5699997,3326100.0,32.8620758
2021-05-14 00:00:00,34.5400009,34.25,34.75,34.2099991,1880900.0,33.3056412
2021-05-17 00:00:00,34.5999985,34.3800011,34.7299995,34.1500015,4203600.0,33.3634872
2021-05-18 00:00:00,33.5999985,34.4900017,34.7200012,33.5699997,2126100.0,32.3992271
2021-05-19 00:00:00,33.4599991,33.0800018,33.4799995,32.5400009,2033000.0,32.2642288
2021-05-20 00:00:00,33.2200012,33.4399986,33.5800018,33.0200005,2152600.0,32.0328102
2021-05-21 00:00:00,33.5400009,33.3499985,33.7700005,33.2599983,2703700.0,32.3413734
2021-05-24 00:00:00,33.4900017,33.7099991,33.7099991,33.2299995,1486700.0,32.2931595
2021-05-25 00:00:00,33.0800018,33.6500015,33.8300018,32.9799995,1365200.0,31.8978119
2021-05-26 00:00:00,33.2999992,33.0800018,33.4000015,32.8600006,2329100.0,32.1099472
2021-05-27 00:00:00,34.1899986,33.7299995,34.4199982,33.5299988,8138200.0,32.9681435
2021-05-28 00:00:00,34.2099991,34.2099991,34.3400002,33.9799995,1599200.0,32.9874306
2021-06-01 00:00:00,34.5099983,34.6800003,34.7700005,34.3100014,1916300.0,33.2767105
2021-06-02 00:00:00,34.9799995,34.6100006,35.0699997,34.3300018,1351500.0,33.729908
2021-06-03 00:00:00,35.5400009,34.8100014,35.6399994,34.6500015,2096200.0,34.2698975
2021-06-04 00:00:00,35.7400017,35.5,35.7900009,35.2999992,2810200.0,34.4627533
2021-06-07 00:00:00,35.4500008,35.9399986,35.9399986,35.3300018,2112500.0,34.1831169
2021-06-08 00:00:00,35.1199989,35.3100014,35.3800011,34.7599983,2539800.0,33.8649063
2021-06-09 00:00:00,34.7900009,35.0099983,35.0699997,34.7700005,1392200.0,33.5467033
2021-06-10 00:00:00,34.4399986,35.4199982,35.5,34.4000015,1979700.0,33.2092094
2021-06-11 00:00:00,34.7900009,34.4500008,34.7999992,34.4500008,1440200.0,33.5467033
2021-06-14 00:00:00,33.9199982,34.7099991,34.8300018,33.8899994,1985800.0,32.7077904
2021-06-15 00:00:00,34.2799988,33.9099998,34.4300003,33.8100014,2572300.0,33.054924
2021-06-16 00:00:00,33.8400002,33.8400002,34.0099983,33.3400002,2218200.0,32.6306534
2021-06-17 00:00:00,32.2400017,34.0099983,34.0600014,32.0999985,3190400.0,31.0878334
2021-06-18 00:00:00,31.4300003,31.6700001,31.9200001,31.3700008,4682000.0,30.306778
2021-06-21 00:00:00,32.4199982,31.8299999,32.4399986,31.6200008,1707300.0,31.2613945
2021-06-22 00:00:00,32.1899986,32.4000015,32.4700012,31.9400005,1366100.0,31.0396156
2021-06-23 00:00:00,32.0999985,32.3899994,32.5400009,32.0999985,1488100.0,30.9528332
2021-06-24 00:00:00,32.5299988,32.3600006,32.5999985,32.0200005,1438000.0,31.367466
2021-06-25 00:00:00,33.1800003,32.5299988,33.3800011,32.5299988,2503500.0,31.9942379
2021-06-28 00:00:00,32.5400009,33.0400009,33.0400009,32.3600006,2856900.0,31.3771095
2021-06-29 00:00:00,31.9200001,32.5400009,32.7400017,31.75,2804900.0,31.0464134
2021-06-30 00:00:00,31.9899998,31.75,32.2999992,31.75,3042900.0,31.1144981
2021-07-01 00:00:00,32.2599983,32.1699982,32.3199997,31.9500008,1663200.0,31.3771076
2021-07-02 00:00:00,31.9500008,32.3400002,32.4000015,31.7399998,1537300.0,31.0755939
2021-07-06 00:00:00,31.6000004,31.7800007,31.8700008,30.9899998,3379500.0,30.7351704
2021-07-07 00:00:00,32.1100006,31.3999996,32.2200012,31.25,2751000.0,31.2312145
2021-07-08 00:00:00,31.0799999,31.4200001,31.6800003,30.9099998,2975200.0,30.2294044
2021-07-09 00:00:00,32.1500015,31.8700008,32.1500015,31.6100006,2698500.0,31.2701225
2021-07-12 00:00:00,32.2799988,31.9500008,32.7999992,31.7000008,2676400.0,31.3965607
2021-07-13 00:00:00,30.7000008,32.1899986,32.2400017,30.5499992,4038400.0,29.8598042
2021-07-14 00:00:00,30.2299995,30.7000008,30.9599991,30.0200005,3273600.0,29.4026642
2021-07-15 00:00:00,30.1900005,30.0,30.3899994,29.8500004,3556000.0,29.36376
2021-07-16 00:00:00,29.4099998,30.3500004,30.3700008,29.2000008,3153700.0,28.6051083
2021-07-19 00:00:00,28.5799999,28.6499996,28.7999992,28.3099995,4069500.0,27.7978249
2021-07-20 00:00:00,29.3199997,28.6000004,29.4099998,28.3500004,2784900.0,28.5175705
2021-07-21 00:00:00,29.9200001,29.7299995,30.2600002,29.5499992,2420900.0,29.1011505
2021-07-22 00:00:00,29.4400005,29.9400005,29.9500008,29.2800007,2784300.0,28.634285
2021-07-23 00:00:00,29.2999992,29.5900002,29.7199993,29.0900002,2114800.0,28.4981174
2021-07-26 00:00:00,29.8600006,29.3400002,30.0300007,29.3199997,2508200.0,29.0427933
2021-07-27 00:00:00,29.4400005,29.5499992,29.8299999,29.1499996,3637100.0,28.634285
2021-07-28 00:00:00,29.2000008,29.7099991,29.7900009,28.8899994,3177200.0,28.400856
2021-07-29 00:00:00,29.7999992,29.5200005,29.8099995,29.0599995,4436500.0,28.9844341
2021-07-30 00:00:00,29.5499992,29.7099991,30.0100002,29.4300003,7147800.0,28.7412758
2021-08-02 00:00:00,29.7700005,29.8799992,30.5100002,29.5900002,3806600.0,28.9552555
2021-08-03 00:00:00,30.7099991,30.1499996,30.8999996,29.4799995,3914300.0,29.8695297
2021-08-04 00:00:00,30.6000004,30.4699993,31.1800003,30.3299999,5131200.0,29.7625408
2021-08-05 00:00:00,31.0400009,30.7700005,31.0499992,30.6800003,2484300.0,30.1904984
2021-08-06 00:00:00,31.6599998,31.4099998,31.8899994,31.3299999,2853100.0,30.7935314
2021-08-09 00:00:00,32.3899994,31.5699997,32.5600014,31.4400005,4678500.0,31.5035515
2021-08-10 00:00:00,32.8199997,32.3100014,33.2700005,32.2200012,2859300.0,31.9217834
2021-08-11 00:00:00,33.4199982,33.0200005,33.5699997,32.8199997,2172600.0,32.5053596
2021-08-12 00:00:00,33.1800003,33.4199982,33.4900017,32.8400002,1434700.0,32.2719307
2021-08-13 00:00:00,32.7700005,33.1300011,33.1899986,32.7000008,1158000.0,31.8731518
2021-08-16 00:00:00,32.6300011,32.5699997,32.6399994,32.0499992,1826300.0,31.7369843
2021-08-17 00:00:00,31.6599998,32.2999992,32.3899994,31.3799992,2957500.0,30.7935314
2021-08-18 00:00:00,31.0100002,31.5100002,31.7000008,30.9799995,1801400.0,30.1613197
2021-08-19 00:00:00,30.6499996,30.5100002,30.9200001,30.2600002,2047900.0,29.8111706
2021-08-20 00:00:00,31.1299992,30.5799999,31.1499996,30.5400009,2390000.0,30.2780342
2021-08-23 00:00:00,31.5400009,31.5,31.7700005,31.3500004,1895500.0,30.676815
2021-08-24 00:00:00,32.0699997,31.4699993,32.1899986,31.4699993,2206300.0,31.1923084
2021-08-25 00:00:00,32.5400009,32.2299995,32.7999992,32.0099983,4225000.0,31.6494465
2021-08-26 00:00:00,32.1399994,32.6199989,32.6800003,32.1300011,1339200.0,31.2603931
2021-08-27 00:00:00,32.9399986,32.25,32.9900017,32.1800003,1605400.0,32.0384979
2021-08-30 00:00:00,32.4199982,33.0699997,33.0699997,32.4099998,1447900.0,31.5327263
2021-08-31 00:00:00,32.4399986,32.3800011,32.5800018,32.2099991,2650700.0,31.5521812
2021-09-01 00:00:00,32.2700005,32.5600014,32.5999985,31.7700005,2567800.0,31.3868351
2021-09-02 00:00:00,32.4399986,32.4300003,32.6399994,32.3600006,2054600.0,31.5521812
2021-09-03 00:00:00,32.0,32.5,32.5999985,31.9400005,1959500.0,31.1242256
2021-09-07 00:00:00,31.2299995,31.9400005,31.9500008,31.1599998,2348800.0,30.3752975
2021-09-08 00:00:00,31.2999992,31.1800003,31.5100002,31.0900002,1898800.0,30.4433804
2021-09-09 00:00:00,31.3600006,31.2299995,31.8299999,31.1299992,1790200.0,30.5017414
2021-09-10 00:00:00,31.3199997,31.6499996,31.9099998,31.2000008,2917800.0,30.4628334
2021-09-13 00:00:00,31.75,31.7000008,31.9599991,31.3899994,1682300.0,30.8810673
2021-09-14 00:00:00,31.3199997,31.8299999,31.9500008,31.1299992,1893000.0,30.4628334
2021-09-15 00:00:00,32.0400009,31.3999996,32.0999985,31.2900009,1316000.0,31.1631298
2021-09-16 00:00:00,31.6700001,32.0600014,32.3100014,31.6599998,2177400.0,30.803257
2021-09-17 00:00:00,31.3299999,31.5300007,32.0600014,31.2999992,5134400.0,30.4725609
2021-09-20 00:00:00,29.7700005,30.2600002,30.6700001,29.3099995,2874200.0,28.9552555
2021-09-21 00:00:00,29.6299992,30.0200005,30.1100006,29.4599991,2337400.0,28.8190861
2021-09-22 00:00:00,30.5599995,30.0799999,30.8500004,30.0599995,2663500.0,29.7236328
2021-09-23 00:00:00,31.3600006,30.8700008,31.5900002,30.8700008,1840000.0,30.5017414
2021-09-24 00:00:00,31.6599998,31.2000008,31.7700005,31.2000008,1772200.0,30.7935314
2021-09-27 00:00:00,32.1899986,32.0099983,32.4399986,31.9500008,2123900.0,31.3090229
2021-09-28 00:00:00,30.9500008,32.1899986,32.4300003,30.8999996,3549200.0,30.1029606
2021-09-29 00:00:00,30.4599991,30.7900009,30.9099998,30.2199993,3418400.0,29.896843
2021-09-30 00:00:00,29.7199993,30.7000008,30.7600002,29.7000008,3178900.0,29.1705246
2021-10-01 00:00:00,30.1000004,29.8199997,30.3700008,29.6100006,2429300.0,29.543499
2021-10-04 00:00:00,29.5499992,29.8600006,30.1599998,29.4699993,2427000.0,29.0036678
2021-10-05 00:00:00,30.2000008,29.8199997,30.4799995,29.5900002,1774700.0,29.6416512
2021-10-06 00:00:00,30.4400005,29.7600002,30.4699993,29.5699997,2376900.0,29.8772144
2021-10-07 00:00:00,30.5100002,30.8700008,31.0400009,30.4799995,1828200.0,29.945919
2021-10-08 00:00:00,30.0499992,30.3199997,30.4699993,29.9599991,3098000.0,29.4944229
2021-10-11 00:00:00,29.9400005,30.1100006,30.9099998,29.8899994,2751300.0,29.3864594
2021-10-12 00:00:00,28.8899994,29.8099995,29.8899994,28.8299999,5264500.0,28.3558712
2021-10-13 00:00:00,28.9300003,28.8400002,29.1599998,28.5200005,2460400.0,28.3951321
2021-10-14 00:00:00,30.1399994,29.4699993,30.2700005,29.3999996,2541800.0,29.5827579
2021-10-15 00:00:00,30.0499992,30.5599995,30.6399994,30.0100002,2347300.0,29.4944229
2021-10-18 00:00:00,29.7700005,29.8999996,29.9400005,29.5900002,2023600.0,29.2196026
2021-10-19 00:00:00,29.9300003,29.9300003,30.0300007,29.6299992,1727900.0,29.3766422
2021-10-20 00:00:00,30.4500008,29.9599991,30.5599995,29.8600006,2689000.0,29.8870296
2021-10-21 00:00:00,30.2099991,30.4300003,30.4899998,29.9200001,1838000.0,29.6514645
2021-10-22 00:00:00,30.7299995,30.2600002,30.75,30.2299995,2355200.0,30.1618519
2021-10-25 00:00:00,31.1100006,30.7299995,31.1800003,30.5499992,2788700.0,30.5348263
2021-10-26 00:00:00,31.0499992,31.3400002,31.6700001,31.0400009,3360600.0,30.475935
2021-10-27 00:00:00,30.3600006,30.9200001,30.9699993,30.0599995,2868000.0,29.7986927
2021-10-28 00:00:00,31.2299995,30.4300003,31.2600002,30.3099995,3459900.0,30.652607
2021-10-29 00:00:00,31.4899998,31.2299995,31.9699993,31.1399994,5941400.0,30.9078007
2021-11-01 00:00:00,35.1500015,33.5299988,36.2000008,33.5,7787400.0,34.5001373
2021-11-02 00:00:00,37.6800003,35.8499985,38.2700005,35.5099983,8870300.0,36.9833565
2021-11-03 00:00:00,37.25,37.6300011,37.8499985,36.7200012,4079400.0,36.561306
2021-11-04 00:00:00,36.2700005,37.1399994,37.1399994,35.8899994,2804000.0,35.5994263
2021-11-05 00:00:00,35.8800011,36.7099991,36.7799988,35.5800018,3157700.0,35.2166367
2021-11-08 00:00:00,35.7400017,36.2200012,36.3300018,35.5699997,2361400.0,35.0792274
2021-11-09 00:00:00,35.7200012,35.6100006,36.0699997,35.4799995,2361500.0,35.059597
2021-11-10 00:00:00,35.0099983,35.5499992,35.6100006,34.8300018,2431500.0,34.3627205
2021-11-11 00:00:00,35.4799995,35.1800003,35.6100006,34.9900017,1341500.0,34.8240318
2021-11-12 00:00:00,35.9099998,35.4599991,35.9199982,35.2799988,1800500.0,35.2460823
2021-11-15 00:00:00,35.7400017,36.0200005,36.2000008,35.6300011,1769100.0,35.0792274
2021-11-16 00:00:00,35.6500015,35.5900002,35.9399986,35.4599991,1587800.0,34.9908905
2021-11-17 00:00:00,35.0,35.4000015,35.5299988,34.8499985,1650800.0,34.3529053
2021-11-18 00:00:00,34.8199997,35.1699982,35.4099998,34.7099991,1504400.0,34.1762314
2021-11-19 00:00:00,34.6800003,34.5099983,34.7900009,34.2599983,2227400.0,34.038826
2021-11-22 00:00:00,34.5,34.9199982,35.1300011,34.4599991,1712600.0,33.8621521
2021-11-23 00:00:00,34.6899986,34.6800003,34.7700005,34.1100006,1857200.0,34.0486336
2021-11-24 00:00:00,34.4399986,34.5499992,34.6800003,34.3100014,1296200.0,33.803257
2021-11-26 00:00:00,33.1399994,33.2099991,33.5,32.5600014,1913100.0,32.5272942
2021-11-29 00:00:00,33.75,33.8100014,34.0099983,33.1699982,1945300.0,33.1260147
2021-11-30 00:00:00,32.4000015,33.3600006,33.5,32.3300018,3754800.0,31.8009796
2021-12-01 00:00:00,31.8199997,33.2900009,33.6399994,31.7999992,2421300.0,31.231699
2021-12-02 00:00:00,32.6399994,32.0600014,33.0099983,31.8500004,1929600.0,32.0365372
2021-12-03 00:00:00,31.8899994,32.6300011,32.7000008,31.3199997,3090800.0,31.3004036
2021-12-06 00:00:00,32.3300018,32.3300018,32.7299995,32.0600014,2319100.0,31.7322712
2021-12-07 00:00:00,32.9799995,32.9099998,33.2900009,32.7099991,1990700.0,32.3702507
2021-12-08 00:00:00,33.3499985,32.9799995,33.75,32.8800011,4392300.0,32.7334137
2021-12-09 00:00:00,33.2599983,33.1599998,33.8699989,32.9399986,3067000.0,32.6450768
2021-12-10 00:00:00,34.0499992,33.6300011,34.0999985,33.2000008,3716100.0,33.4204674
2021-12-13 00:00:00,34.1199989,34.0999985,34.5299988,33.2799988,3872500.0,33.4891777
2021-12-14 00:00:00,33.7299995,33.9099998,34.7000008,33.5800018,3364500.0,33.1063881
2021-12-15 00:00:00,34.6100006,33.8800011,34.7099991,33.5600014,2715900.0,33.9701157
2021-12-16 00:00:00,34.1599998,34.8899994,35.1800003,34.0699997,2135200.0,33.5284386
2021-12-17 00:00:00,33.2200012,33.5999985,33.9099998,33.0400009,7584200.0,32.6058197
2021-12-20 00:00:00,32.1399994,32.5099983,32.8699989,31.6100006,2256600.0,31.5457821
2021-12-21 00:00:00,32.9199982,32.7799988,33.0099983,32.5200005,1419400.0,32.3113632
2021-12-22 00:00:00,32.8699989,32.9300003,33.1199989,32.7200012,1330200.0,32.2622871
2021-12-23 00:00:00,33.4199982,33.0299988,33.5099983,32.9300003,942800.0,32.8021164
2021-12-27 00:00:00,34.0499992,33.4000015,34.0600014,33.3899994,973500.0,33.4204674
2021-12-28 00:00:00,34.0600014,34.0,34.2900009,33.8400002,1188200.0,33.4302864
2021-12-29 00:00:00,33.8499985,34.0,34.2000008,33.7700005,926600.0,33.2241669
2021-12-30 00:00:00,33.4399986,33.6399994,33.9300003,33.3899994,854000.0,33.1053696
2021-12-31 00:00:00,33.4900017,33.4799995,33.7700005,33.4300003,1107300.0,33.1548691
2022-01-03 00:00:00,33.4099998,33.7099991,34.0600014,33.1899986,1342900.0,33.0756683
2022-01-04 00:00:00,34.2200012,33.6500015,34.4000015,33.5699997,1714700.0,33.8775635
2022-01-05 00:00:00,33.8600006,34.4700012,34.9300003,33.8499985,3685900.0,33.5211678
2022-01-06 00:00:00,34.0999985,34.1399994,34.4199982,33.5499992,1949900.0,33.7587624
2022-01-07 00:00:00,35.1599998,34.3100014,35.2400017,34.0999985,3139800.0,34.8081589
2022-01-10 00:00:00,34.9199982,35.4199982,35.7099991,34.2099991,4176300.0,34.5705566
2022-01-11 00:00:00,35.9599991,35.2400017,35.9700012,35.0400009,3058400.0,35.6001511
2022-01-12 00:00:00,35.1199989,36.1899986,36.4500008,35.1199989,3053200.0,34.7685547
2022-01-13 00:00:00,34.9300003,35.1899986,35.5,34.8600006,2407000.0,34.5804596
2022-01-14 00:00:00,35.2700005,34.5299988,35.4000015,34.3899994,3547400.0,34.917057
2022-01-18 00:00:00,34.2599983,35.0400009,35.1800003,33.8600006,3238000.0,33.91716
2022-01-19 00:00:00,33.8199997,34.7599983,34.7599983,33.6800003,2478200.0,33.4815674
2022-01-20 00:00:00,32.7200012,34.1599998,34.2299995,32.6599998,2296900.0,32.3925743
2022-01-21 00:00:00,31.8199997,32.4099998,32.5200005,31.7299995,2701000.0,31.5015793
2022-01-24 00:00:00,31.6900005,31.0799999,31.8099995,30.2099991,3439500.0,31.3728809
2022-01-25 00:00:00,31.5499992,31.0,31.8999996,30.3899994,3654100.0,31.2342815
2022-01-26 00:00:00,31.7399998,32.2000008,32.6800003,31.3199997,2522100.0,31.4223804
2022-01-27 00:00:00,31.3299999,32.1399994,32.6599998,31.1000004,2432200.0,31.0164833
2022-01-28 00:00:00,31.2299995,30.8899994,31.25,30.2700005,4434300.0,30.9174843
2022-01-31 00:00:00,31.9699993,31.0100002,31.9899998,30.7700005,9154100.0,31.6500778
2022-02-01 00:00:00,32.1399994,32.8499985,32.9399986,31.4699993,6922600.0,31.8183765
2022-02-02 00:00:00,32.1599998,32.1399994,32.2099991,31.5799999,3985200.0,31.8381786
2022-02-03 00:00:00,30.9599991,32.1300011,32.1899986,30.9099998,2772100.0,30.6501846
2022-02-04 00:00:00,31.1200008,30.9099998,31.4799995,30.7600002,2351000.0,30.8085861
2022-02-07 00:00:00,31.0799999,31.0900002,31.6100006,30.8500004,3497900.0,30.7689857
2022-02-08 00:00:00,30.9400005,31.2099991,31.4599991,30.7700005,2633900.0,30.6303864
2022-02-09 00:00:00,31.3400002,31.2000008,31.5599995,31.0799999,2796400.0,31.0263844
2022-02-10 00:00:00,31.3899994,30.9500008,33.0299988,30.9500008,4175400.0,31.075882
2022-02-11 00:00:00,30.6299992,31.2900009,31.7099991,30.3899994,2798300.0,30.3234882
2022-02-14 00:00:00,30.3999996,30.6000004,30.9799995,29.9599991,2569000.0,30.095789
2022-02-15 00:00:00,31.0699997,30.7700005,31.1599998,30.7000008,1762700.0,30.7590847
2022-02-16 00:00:00,31.3799992,30.7999992,31.5300007,30.7999992,1744100.0,31.0659828
2022-02-17 00:00:00,30.1100006,31.0400009,31.0900002,30.0200005,1633500.0,29.8086929
2022-02-18 00:00:00,30.3700008,29.9899998,30.4500008,29.8600006,3319100.0,30.0660915
2022-02-22 00:00:00,29.5100002,30.2800007,30.2800007,29.1000004,2871900.0,29.2146969
2022-02-23 00:00:00,29.0300007,29.7999992,29.9699993,28.9500008,2292100.0,28.7395
2022-02-24 00:00:00,28.9599991,28.1700001,29.0900002,27.7000008,2551500.0,28.6701984
2022-02-25 00:00:00,30.2099991,29.0900002,30.2199993,29.0799999,2926300.0,29.90769
2022-02-28 00:00:00,29.7299995,29.4899998,30.0799999,29.3400002,2915100.0,29.4324951
2022-03-01 00:00:00,28.0799999,29.4500008,29.6399994,27.9599991,3354800.0,27.7990055
2022-03-02 00:00:00,29.4500008,28.3600006,29.5799999,28.25,2765700.0,29.1552982
2022-03-03 00:00:00,29.2099991,29.5799999,29.8999996,28.9099998,2951100.0,28.9176979
2022-03-04 00:00:00,28.2000008,28.6000004,28.6800003,27.7600002,2511300.0,27.9178066
2022-03-07 00:00:00,27.2099991,27.9899998,28.1399994,27.0499992,3402400.0,26.9377117
2022-03-08 00:00:00,27.6100006,27.5,28.2700005,27.2299995,2774200.0,27.3337097
2022-03-09 00:00:00,28.5400009,28.4899998,28.9300003,28.4500008,3574600.0,28.2544041
2022-03-10 00:00:00,27.2299995,27.9599991,28.2700005,26.4899998,4891000.0,26.9575119
2022-03-11 00:00:00,27.2600002,27.6200008,27.8500004,27.2399998,3589400.0,26.9872112
2022-03-14 00:00:00,26.8299999,27.7900009,27.9400005,26.6200008,4338000.0,26.5615139
2022-03-15 00:00:00,26.9699993,27.0799999,27.4400005,26.4500008,4022100.0,26.7001133
2022-03-16 00:00:00,27.8700008,27.4500008,28.3299999,27.1900005,4532700.0,27.5911083
2022-03-17 00:00:00,27.9400005,27.5799999,28.0100002,27.4200001,3081500.0,27.660408
2022-03-18 00:00:00,27.9200001,27.9200001,28.1399994,27.4400005,6659400.0,27.6406078
2022-03-21 00:00:00,27.6499996,27.9300003,28.3099995,27.3700008,3232300.0,27.3733082
2022-03-22 00:00:00,28.0900002,28.0400009,28.3500004,27.9200001,1944400.0,27.8089066
2022-03-23 00:00:00,27.2199993,27.8799992,27.9799995,27.2000008,2198400.0,26.9476109
2022-03-24 00:00:00,27.6000004,27.3500004,27.6100006,27.2099991,1908600.0,27.3238106
2022-03-25 00:00:00,27.8299999,27.6700001,28.0499992,27.5699997,2527300.0,27.5515079
2022-03-28 00:00:00,27.9899998,27.75,28.0,27.4300003,1580000.0,27.7099056
2022-03-29 00:00:00,28.9799995,28.5100002,29.0400009,28.3999996,2853300.0,28.6899986
2022-03-30 00:00:00,28.3899994,28.8799992,29.1000004,28.2600002,1794200.0,28.3899994
2022-03-31 00:00:00,27.9200001,28.3099995,28.6299992,27.9099998,2461900.0,27.9200001
2022-04-01 00:00:00,27.9300003,28.0699997,28.25,27.5799999,3882400.0,27.9300003
2022-04-04 00:00:00,28.0200005,27.8999996,28.3799992,27.6399994,2113100.0,28.0200005
2022-04-05 00:00:00,27.6499996,27.8500004,28.0599995,27.4699993,2748900.0,27.6499996
2022-04-06 00:00:00,26.7999992,27.3600006,27.4799995,26.6599998,2936000.0,26.7999992
2022-04-07 00:00:00,26.3600006,26.6200008,26.7600002,25.5799999,3191500.0,26.3600006
2022-04-08 00:00:00,26.2800007,26.3500004,26.8099995,25.9799995,3145000.0,26.2800007
2022-04-11 00:00:00,26.1800003,26.1399994,26.6900005,26.1100006,2648500.0,26.1800003
2022-04-12 00:00:00,25.7700005,26.0200005,26.4500008,25.6000004,4854000.0,25.7700005
2022-04-13 00:00:00,26.1800003,25.5799999,26.2399998,25.4500008,2807600.0,26.1800003
2022-04-14 00:00:00,25.5699997,26.2999992,26.5300007,25.5499992,2671500.0,25.5699997
2022-04-18 00:00:00,25.6800003,25.5,25.8400002,25.3299999,3338500.0,25.6800003
2022-04-19 00:00:00,26.7600002,25.7700005,26.8199997,25.6900005,2455400.0,26.7600002
2022-04-20 00:00:00,26.6900005,27.0400009,27.2299995,26.6599998,2302200.0,26.6900005
2022-04-21 00:00:00,26.4799995,27.0499992,27.2700005,26.3400002,3099200.0,26.4799995
2022-04-22 00:00:00,26.3899994,26.3999996,26.8799992,26.2900009,4297100.0,26.3899994
2022-04-25 00:00:00,26.6299992,26.2199993,26.6399994,25.5699997,3678100.0,26.6299992
2022-04-26 00:00:00,25.7800007,26.2999992,26.4500008,25.5599995,3668100.0,25.7800007
2022-04-27 00:00:00,25.6399994,25.7600002,26.0599995,25.5400009,2926000.0,25.6399994
2022-04-28 00:00:00,25.9500008,25.9899998,26.1100006,25.2999992,3698900.0,25.9500008
2022-04-29 00:00:00,24.5900002,25.8400002,26.0900002,24.5300007,12256600.0,24.5900002
2022-05-02 00:00:00,25.3299999,24.6100006,25.3500004,24.4500008,5203300.0,25.3299999
2022-05-03 00:00:00,25.5499992,25.0699997,26.3600006,24.9300003,7039800.0,25.5499992
2022-05-04 00:00:00,26.7999992,25.4500008,26.9099998,25.1399994,4484700.0,26.7999992
2022-05-05 00:00:00,25.0400009,26.1800003,26.3799992,24.5100002,5083800.0,25.0400009
2022-05-06 00:00:00,25.0100002,25.0499992,25.3400002,24.5,3261700.0,25.0100002
2022-05-09 00:00:00,24.8400002,24.6499996,25.2199993,24.5200005,4526900.0,24.8400002
2022-05-10 00:00:00,24.5300007,25.1100006,25.4599991,24.0499992,3717000.0,24.5300007
2022-05-11 00:00:00,23.8799992,24.3600006,24.5799999,23.7299995,3704700.0,23.8799992
2022-05-12 00:00:00,24.5200005,23.7099991,24.5699997,23.6299992,3463600.0,24.5200005
2022-05-13 00:00:00,25.0900002,24.9099998,25.2800007,24.7199993,2623000.0,25.0900002
2022-05-16 00:00:00,24.9300003,24.8600006,25.1399994,24.4200001,2207500.0,24.9300003
2022-05-17 00:00:00,25.8400002,25.5499992,25.9300003,25.2000008,2344500.0,25.8400002
2022-05-18 00:00:00,25.2299995,25.5,25.8099995,25.1100006,3190300.0,25.2299995
2022-05-19 00:00:00,25.1100006,24.8199997,25.4899998,24.7600002,3062400.0,25.1100006
2022-05-20 00:00:00,25.7999992,25.4899998,25.8199997,25.1000004,3319100.0,25.7999992
2022-05-23 00:00:00,26.0,26.2399998,26.3400002,25.7800007,2507300.0,26.0
2022-05-24 00:00:00,25.9599991,25.8199997,26.0400009,25.1100006,2672700.0,25.9599991
2022-05-25 00:00:00,26.4500008,25.7600002,26.6000004,25.7600002,2272100.0,26.4500008
