date,close,open,high,low,volume,adjclose
2012-05-14 00:00:00,107.5199966,107.5800018,108.4800034,107.2600021,1131800.0,76.4984741
2012-05-15 00:00:00,106.5,107.3899994,107.6699982,106.3600006,865400.0,75.7727432
2012-05-16 00:00:00,104.8899994,107.1500015,107.3199997,104.8000031,1023000.0,74.6272659
2012-05-17 00:00:00,101.7099991,104.7200012,105.1399994,101.6600037,1442900.0,72.364769
2012-05-18 00:00:00,100.8700027,102.5199966,102.9800034,100.4700012,1077900.0,71.7671051
2012-05-21 00:00:00,103.5,101.4499969,103.6900024,101.1699982,900300.0,73.6383286
2012-05-22 00:00:00,103.2799988,103.5699997,103.6999969,102.7200012,638600.0,73.4817886
2012-05-23 00:00:00,103.5999985,102.7399979,103.8399963,102.0999985,867000.0,73.7094574
2012-05-24 00:00:00,104.0500031,103.3600006,104.5,102.9499969,711200.0,74.0296249
2012-05-25 00:00:00,103.8499985,103.8799973,104.4700012,103.5299988,857600.0,73.8873291
2012-05-29 00:00:00,105.3300018,104.0999985,105.5999985,104.0999985,718900.0,74.9403305
2012-05-30 00:00:00,102.6699982,104.0299988,104.5999985,102.6299973,895400.0,73.0477448
2012-05-31 00:00:00,102.9300003,102.9800034,103.9599991,101.75,1224000.0,73.2327423
2012-06-01 00:00:00,101.3099976,101.1999969,102.1600037,100.8000031,1193300.0,72.0801697
2012-06-04 00:00:00,100.2699966,101.5599976,101.5599976,99.3300018,1006800.0,71.3402252
2012-06-05 00:00:00,101.5899963,100.3399963,101.8300018,99.8499985,889800.0,72.2793732
2012-06-06 00:00:00,104.1299973,102.5699997,104.1299973,101.7600021,970000.0,74.0865326
2012-06-07 00:00:00,103.8499985,105.0199966,105.3799973,103.2399979,606900.0,73.8873291
2012-06-08 00:00:00,105.1999969,103.5100021,105.1999969,103.5100021,570600.0,74.8478165
2012-06-11 00:00:00,101.8899994,105.7099991,105.8499985,101.8300018,1188800.0,72.4928284
2012-06-12 00:00:00,102.0599976,102.2099991,102.4100037,100.9700012,1214800.0,72.6137619
2012-06-13 00:00:00,101.5,101.8399963,102.7300034,101.0100021,996400.0,72.2153549
2012-06-14 00:00:00,103.2099991,101.75,103.6600037,101.4599991,655800.0,73.4319534
2012-06-15 00:00:00,104.0299988,103.7200012,104.1100006,102.8799973,1084900.0,74.0153885
2012-06-18 00:00:00,104.9400024,103.9599991,105.3799973,103.1999969,696300.0,74.6628265
2012-06-19 00:00:00,105.3099976,105.3300018,105.9800034,104.6999969,568900.0,74.9260864
2012-06-20 00:00:00,105.5400009,105.5899963,106.2600021,104.8399963,898600.0,75.0897369
2012-06-21 00:00:00,103.6399994,105.7799988,105.9599991,103.4800034,937200.0,73.7379227
2012-06-22 00:00:00,103.3099976,104.0599976,104.2099991,103.1100006,1901400.0,73.5031281
2012-06-25 00:00:00,104.0899963,102.6100006,104.4599991,102.5,933600.0,74.0580826
2012-06-26 00:00:00,104.0999985,104.3700027,104.8000031,103.3600006,655000.0,74.0652161
2012-06-27 00:00:00,103.8499985,104.1399994,104.3899994,103.1299973,499700.0,74.2797775
2012-06-28 00:00:00,104.8600006,103.3300018,105.0500031,102.6299973,416300.0,75.0021744
2012-06-29 00:00:00,108.3700027,106.8300018,108.3700027,105.9899979,984200.0,77.5127411
2012-07-02 00:00:00,109.5699997,109.2300034,109.5699997,108.0400009,900000.0,78.3710403
2012-07-03 00:00:00,110.25,109.4000015,110.3099976,109.1399994,457100.0,78.8574219
2012-07-05 00:00:00,109.3700027,110.0,110.4400024,108.9300003,513900.0,78.2280197
2012-07-06 00:00:00,110.1800003,108.3399963,110.4100037,108.2200012,609100.0,78.807373
2012-07-09 00:00:00,109.6299973,109.8899994,110.0599976,109.0800018,629100.0,78.4139709
2012-07-10 00:00:00,108.4499969,109.9700012,110.1999969,107.9199982,545100.0,77.5699539
2012-07-11 00:00:00,108.9499969,108.6800003,109.2399979,108.1999969,719200.0,77.9276047
2012-07-12 00:00:00,108.9000015,108.2600021,109.7300034,107.8799973,765600.0,77.8918457
2012-07-13 00:00:00,110.5899963,109.1600037,110.6200027,109.0800018,587400.0,79.1006241
2012-07-16 00:00:00,110.5,110.8499985,110.8499985,110.1100006,594600.0,79.0362778
2012-07-17 00:00:00,111.9499969,110.6900024,112.0899963,109.7600021,838100.0,80.0733719
2012-07-18 00:00:00,111.0199966,111.1800003,111.8600006,110.4400024,702300.0,79.4081879
2012-07-19 00:00:00,110.3499985,111.0100021,111.25,109.1800003,779100.0,78.9289474
2012-07-20 00:00:00,109.9300003,109.4499969,110.4400024,108.9599991,700100.0,78.6285553
2012-07-23 00:00:00,109.0699997,108.7200012,109.3499985,108.2099991,656100.0,78.0134048
2012-07-24 00:00:00,108.5400009,109.0299988,109.4100037,107.5199966,589100.0,77.6343384
2012-07-25 00:00:00,108.7200012,109.0,109.3899994,107.7099991,570200.0,77.7630844
2012-07-26 00:00:00,110.1100006,110.0899963,111.0899963,109.0699997,861800.0,78.7572861
2012-07-27 00:00:00,110.7900009,110.5800018,111.6699982,110.1100006,809000.0,79.2436752
2012-07-30 00:00:00,110.4199982,110.6699982,111.3799973,109.9400024,790500.0,78.9790421
2012-07-31 00:00:00,110.9000015,110.2300034,111.3099976,110.2200012,669400.0,79.3223495
2012-08-01 00:00:00,111.1999969,111.2099991,112.0,110.6100006,797500.0,79.5369263
2012-08-02 00:00:00,111.8099976,110.5500031,111.9000015,110.1900024,788200.0,79.9732285
2012-08-03 00:00:00,113.0,112.5800018,113.3000031,112.1600037,959000.0,80.8244247
2012-08-06 00:00:00,113.1699982,113.3899994,113.8300018,112.5699997,1434800.0,80.9459839
2012-08-07 00:00:00,112.5299988,112.7200012,113.0100021,111.3399963,764700.0,80.488205
2012-08-08 00:00:00,110.7900009,112.2699966,112.3300018,110.5699997,687100.0,79.2436752
2012-08-09 00:00:00,110.5199966,110.6699982,111.8899994,110.0599976,1279100.0,79.0505676
2012-08-10 00:00:00,110.6999969,110.25,110.9199982,109.8399963,595000.0,79.1792984
2012-08-13 00:00:00,111.0,110.2799988,111.4499969,110.2799988,420700.0,79.3938904
2012-08-14 00:00:00,110.5599976,111.1600037,111.4899979,110.2799988,503900.0,79.0791702
2012-08-15 00:00:00,111.3399963,110.5699997,111.5500031,110.3300018,281100.0,79.6370544
2012-08-16 00:00:00,111.9899979,111.0899963,112.1600037,110.7200012,495800.0,80.102005
2012-08-17 00:00:00,111.7600021,112.1399994,112.2099991,111.3899994,450000.0,79.9374847
2012-08-20 00:00:00,111.3399963,111.5100021,111.7699966,110.5699997,633700.0,79.6370544
2012-08-21 00:00:00,111.3499985,111.3399963,111.6100006,110.7900009,656800.0,79.6442108
2012-08-22 00:00:00,111.6200027,111.2699966,111.8399963,110.1900024,652700.0,79.8373566
2012-08-23 00:00:00,111.5800018,111.5699997,111.9300003,111.1800003,693300.0,79.8087463
2012-08-24 00:00:00,111.8399963,111.3499985,112.1999969,111.1699982,498100.0,79.9946823
2012-08-27 00:00:00,111.4300003,111.9499969,112.2699966,111.0599976,412300.0,79.7014389
2012-08-28 00:00:00,111.8499985,111.1200027,111.9800034,110.2900009,584000.0,80.0018539
2012-08-29 00:00:00,111.8499985,112.3199997,112.3199997,111.2900009,538400.0,80.0018539
2012-08-30 00:00:00,111.4000015,111.2900009,111.5899963,110.9499969,547900.0,79.6799698
2012-08-31 00:00:00,112.1299973,111.8399963,112.2600021,111.1399994,797000.0,80.2021027
2012-09-04 00:00:00,112.7600021,112.0999985,112.8199997,111.0699997,489500.0,80.6527405
2012-09-05 00:00:00,112.3799973,112.75,112.75,111.6699982,473900.0,80.3809509
2012-09-06 00:00:00,112.9499969,112.8700027,113.3099976,112.5699997,747800.0,80.7886429
2012-09-07 00:00:00,114.3700027,113.5899963,114.5100021,113.25,1020600.0,81.8043137
2012-09-10 00:00:00,113.2099991,114.1600037,114.1600037,113.0500031,736800.0,80.9745941
2012-09-11 00:00:00,112.6800003,112.8300018,113.4300003,112.2900009,810900.0,80.5955353
2012-09-12 00:00:00,112.7600021,112.9000015,113.2799988,112.4300003,746300.0,80.6527405
2012-09-13 00:00:00,114.8300018,112.7699966,114.8300018,112.4400024,1006000.0,82.1333389
2012-09-14 00:00:00,116.0699997,116.9300003,116.9400024,115.1699982,1044500.0,83.0202484
2012-09-17 00:00:00,115.8700027,116.2399979,117.0,115.5100021,517700.0,82.8772125
2012-09-18 00:00:00,114.9499969,115.5800018,115.6800003,114.6399994,452500.0,82.2191544
2012-09-19 00:00:00,113.6600037,115.0500031,115.3600006,113.6600037,630300.0,81.2964706
2012-09-20 00:00:00,112.5400009,113.5999985,113.75,112.1800003,912200.0,80.4953918
2012-09-21 00:00:00,113.5400009,112.9700012,113.9899979,112.6299973,1668400.0,81.2106476
2012-09-24 00:00:00,112.5699997,113.0999985,114.4400024,112.4899979,996500.0,80.5168533
2012-09-25 00:00:00,110.8199997,112.8199997,112.9100037,110.8000031,749200.0,79.2651215
2012-09-26 00:00:00,110.4000015,110.5699997,111.1800003,110.2200012,820700.0,79.3585892
2012-09-27 00:00:00,111.3899994,110.6999969,112.2300034,110.5599976,828100.0,80.0702286
2012-09-28 00:00:00,110.6100006,110.7900009,111.1900024,110.3199997,909700.0,79.5095291
2012-10-01 00:00:00,109.4400024,110.6699982,111.0599976,108.6200027,1086400.0,78.6685028
2012-10-02 00:00:00,109.7799988,109.7799988,110.3700027,109.0100021,697000.0,78.9129181
2012-10-03 00:00:00,110.4899979,110.0299988,111.5599976,109.9000015,604600.0,79.4232712
2012-10-04 00:00:00,109.8799973,110.8499985,111.1699982,109.6600037,509400.0,78.984787
2012-10-05 00:00:00,110.1500015,110.3000031,110.8600006,109.7200012,329100.0,79.1788712
2012-10-08 00:00:00,110.0199966,110.1100006,110.2600021,109.7799988,356000.0,79.0854263
2012-10-09 00:00:00,109.5800018,110.0599976,110.9400024,109.5,421000.0,78.7691498
2012-10-10 00:00:00,109.5,109.7699966,109.8899994,108.8600006,463800.0,78.7116394
2012-10-11 00:00:00,109.4499969,110.1399994,110.5500031,109.4499969,363200.0,78.675705
2012-10-12 00:00:00,108.9800034,109.4300003,110.2600021,108.6699982,468700.0,78.3378448
2012-10-15 00:00:00,109.8700027,108.9700012,109.9199982,108.4700012,425900.0,78.9776001
2012-10-16 00:00:00,110.2799988,110.2600021,110.9899979,109.8700027,459900.0,79.2723312
2012-10-17 00:00:00,110.1299973,109.9400024,110.4400024,109.1800003,632100.0,79.1644974
2012-10-18 00:00:00,111.4599991,110.0,111.4599991,109.9300003,676300.0,80.1205292
2012-10-19 00:00:00,109.5299988,110.9000015,111.3099976,109.2699966,950500.0,78.7332001
2012-10-22 00:00:00,109.2900009,109.3700027,109.5100021,108.2399979,791100.0,78.5606918
2012-10-23 00:00:00,107.6900024,108.0400009,108.2900009,107.3199997,852400.0,77.4105759
2012-10-24 00:00:00,107.7099991,106.8600006,108.7099991,106.8600006,1314900.0,77.4249191
2012-10-25 00:00:00,107.3499985,108.8199997,109.6999969,106.7799988,1107300.0,77.1661453
2012-10-26 00:00:00,106.5299988,107.25,107.25,105.75,1078100.0,76.5767288
2012-10-31 00:00:00,106.3000031,107.8399963,107.8399963,105.4100037,1048800.0,76.4113922
2012-11-01 00:00:00,107.1600037,106.4499969,107.2900009,105.8700027,789900.0,77.0295715
2012-11-02 00:00:00,107.2200012,107.5199966,108.0,107.1299973,638600.0,77.0727005
2012-11-05 00:00:00,106.3899994,107.7200012,107.7200012,105.7799988,814700.0,76.4760895
2012-11-06 00:00:00,107.0500031,106.6399994,107.1900024,105.8799973,815100.0,76.9505234
2012-11-07 00:00:00,106.0800018,106.2300034,107.0,105.8899994,758300.0,76.2532501
2012-11-08 00:00:00,103.6900024,105.5199966,105.7900009,103.4599991,1102400.0,74.5352402
2012-11-09 00:00:00,103.0999985,103.3700027,104.0999985,103.0199966,739800.0,74.1111374
2012-11-12 00:00:00,102.4800034,103.1800003,103.2200012,102.4000015,625200.0,73.6654663
2012-11-13 00:00:00,101.6100006,102.0899963,103.0199966,101.5,2058700.0,73.0400848
2012-11-14 00:00:00,100.0599976,101.75,101.9899979,99.8499985,1582500.0,71.9258804
2012-11-15 00:00:00,100.0299988,100.1999969,100.8199997,99.2300034,961500.0,71.904335
2012-11-16 00:00:00,100.8499985,100.2699966,101.1399994,99.3199997,708300.0,72.493782
2012-11-19 00:00:00,101.8799973,101.3099976,102.2300034,101.2099991,767400.0,73.234169
2012-11-20 00:00:00,102.25,101.6600037,102.2600021,100.9599991,472100.0,73.5001297
2012-11-21 00:00:00,101.6699982,102.2699966,102.7300034,101.2200012,595200.0,73.0831833
2012-11-23 00:00:00,103.0599976,102.3499985,103.0599976,101.6699982,304300.0,74.0823822
2012-11-26 00:00:00,102.6100006,102.3000031,103.4899979,101.9800034,978500.0,73.7589188
2012-11-27 00:00:00,101.6399994,102.1100006,103.0999985,101.1299973,1464600.0,73.0616608
2012-11-28 00:00:00,101.4499969,101.5500031,101.8300018,100.6800003,1214000.0,72.9250565
2012-11-29 00:00:00,102.1900024,101.9199982,102.5100021,101.1500015,594300.0,73.4570007
2012-11-30 00:00:00,102.6299973,102.1900024,103.0,102.1299973,940900.0,73.7733002
2012-12-03 00:00:00,102.5899963,102.9700012,103.6100006,102.2099991,632100.0,73.7445297
2012-12-04 00:00:00,102.5299988,102.4199982,103.5699997,102.1399994,627100.0,73.701416
2012-12-05 00:00:00,102.5599976,102.7200012,102.8600006,101.9599991,725000.0,73.7229691
2012-12-06 00:00:00,104.2300034,102.8899994,104.4300003,102.8899994,897600.0,74.9234238
2012-12-07 00:00:00,105.4000015,104.25,105.4400024,104.0100021,1010800.0,75.7644348
2012-12-10 00:00:00,104.9899979,105.0400009,105.3499985,104.4800034,675400.0,75.4697189
2012-12-11 00:00:00,104.8799973,105.2200012,105.4199982,104.7399979,1101400.0,75.3906403
2012-12-12 00:00:00,104.2699966,104.6600037,104.8300018,103.4300003,750500.0,74.9521637
2012-12-13 00:00:00,103.75,104.0500031,104.2699966,103.4700012,666700.0,74.5783691
2012-12-14 00:00:00,103.9800034,103.5100021,104.4000015,103.5100021,765200.0,74.7436829
2012-12-17 00:00:00,104.8399963,104.4300003,104.9000015,104.0800018,821200.0,75.3619003
2012-12-18 00:00:00,105.4000015,104.9199982,105.6900024,104.6699982,1138100.0,75.7644348
2012-12-19 00:00:00,105.1999969,105.5699997,105.6699982,104.7600021,1022500.0,75.6206589
2012-12-20 00:00:00,106.6699982,105.2699966,106.6999969,105.0199966,903600.0,76.6773529
2012-12-21 00:00:00,105.6999969,105.8899994,106.8700027,105.5899963,1400100.0,75.9800644
2012-12-24 00:00:00,105.9899979,105.4700012,106.3199997,105.0999985,249500.0,76.1885452
2012-12-26 00:00:00,105.6200027,106.1100006,106.1100006,105.0599976,535500.0,75.9225845
2012-12-27 00:00:00,105.6699982,105.4300003,105.9300003,104.2300034,690400.0,76.428894
2012-12-28 00:00:00,104.9400024,105.0400009,106.1600037,104.8499985,553800.0,75.900856
2012-12-31 00:00:00,105.8099976,104.6999969,105.8399963,104.5299988,810100.0,76.5301285
2013-01-02 00:00:00,106.6500015,106.7600021,107.2200012,105.9000015,1029500.0,77.1376801
2013-01-03 00:00:00,106.7799988,106.8000031,107.4000015,106.5199966,732900.0,77.2316971
2013-01-04 00:00:00,107.4700012,106.6999969,107.6600037,106.6999969,650000.0,77.7307892
2013-01-07 00:00:00,108.2600021,107.0299988,108.3199997,106.9300003,807400.0,78.3021851
2013-01-08 00:00:00,107.3300018,107.9100037,108.1600037,107.0400009,591500.0,77.6295166
2013-01-09 00:00:00,107.5599976,107.4499969,107.7300034,107.3300018,532700.0,77.7958755
2013-01-10 00:00:00,107.4000015,107.8700027,107.8700027,107.0,780500.0,77.6801529
2013-01-11 00:00:00,107.0,107.5500031,107.6999969,106.8799973,688600.0,77.3908463
2013-01-14 00:00:00,107.3600006,107.1200027,107.5100021,107.0599976,489200.0,77.651207
2013-01-15 00:00:00,108.6999969,107.2300034,108.8899994,107.0500031,729200.0,78.6204071
2013-01-16 00:00:00,107.5899963,108.1900024,108.2600021,106.7099991,794700.0,77.8175659
2013-01-17 00:00:00,107.1200027,107.6900024,107.9400024,107.0899963,673500.0,77.477623
2013-01-18 00:00:00,107.8300018,107.1900024,107.8700027,107.0599976,1181800.0,77.9911652
2013-01-22 00:00:00,108.9199982,107.5,108.9400024,107.4700012,633900.0,78.7795334
2013-01-23 00:00:00,108.7600021,108.5899963,109.0800018,108.3799973,496800.0,78.6638184
2013-01-24 00:00:00,109.0,108.9000015,109.3799973,108.4000015,492200.0,78.8373947
2013-01-25 00:00:00,109.4599991,109.25,109.6500015,108.8600006,564000.0,79.1700974
2013-01-28 00:00:00,108.8300018,109.4599991,109.4899979,108.4199982,735600.0,78.7144318
2013-01-29 00:00:00,108.8499985,108.9599991,109.3600006,108.4300003,644300.0,78.7289124
2013-01-30 00:00:00,106.5100021,108.5800018,109.2399979,106.0400009,1793400.0,77.0364227
2013-01-31 00:00:00,105.2799988,106.5199966,106.9000015,105.1299973,1339900.0,76.1468124
2013-02-01 00:00:00,105.0999985,105.6100006,106.3099976,105.0199966,1308100.0,76.0166092
2013-02-04 00:00:00,104.5,104.4499969,105.8499985,104.1399994,874900.0,75.5826263
2013-02-05 00:00:00,104.0199966,105.0899963,105.1100006,103.7900009,980100.0,75.2354736
2013-02-06 00:00:00,104.2300034,103.5699997,104.3499985,103.5699997,653000.0,75.3873672
2013-02-07 00:00:00,104.1800003,104.5500031,104.8899994,104.0199966,880100.0,75.3511658
2013-02-08 00:00:00,105.1399994,104.2799988,105.25,104.1800003,1054200.0,76.0455627
2013-02-11 00:00:00,105.2900009,104.9499969,105.3099976,104.6100006,1174300.0,76.1540146
2013-02-12 00:00:00,107.0299988,105.5400009,107.0599976,105.4700012,805100.0,77.4125519
2013-02-13 00:00:00,107.1800003,107.1200027,107.3499985,106.7200012,910600.0,77.5210266
2013-02-14 00:00:00,107.3499985,106.7600021,107.3600006,106.2699966,970100.0,77.6439743
2013-02-15 00:00:00,107.2099991,107.2300034,107.2799988,106.5299988,1307400.0,77.5427322
2013-02-19 00:00:00,107.3499985,107.1900024,107.8399963,106.4899979,974900.0,77.6439743
2013-02-20 00:00:00,106.5199966,107.2600021,107.7699966,106.5,678800.0,77.043663
2013-02-21 00:00:00,105.4599991,106.0999985,106.5800018,105.0699997,929400.0,76.2770081
2013-02-22 00:00:00,106.2699966,105.8899994,106.5699997,105.5899963,544600.0,76.8628387
2013-02-25 00:00:00,104.0100021,106.6900024,106.9199982,104.0,641100.0,75.228241
2013-02-26 00:00:00,104.1999969,104.5299988,105.1800003,103.5400009,932600.0,75.3656693
2013-02-27 00:00:00,103.9000015,104.0699997,104.6299973,103.8000031,943400.0,75.1486893
2013-02-28 00:00:00,103.8799973,104.0500031,104.6800003,103.0,2099100.0,75.134201
2013-03-01 00:00:00,103.5199966,103.5699997,104.3000031,102.1800003,1860200.0,74.8738174
2013-03-04 00:00:00,104.4700012,103.4800034,104.75,103.0500031,716400.0,75.5609436
2013-03-05 00:00:00,105.25,104.9300003,105.5500031,104.5,510400.0,76.1250916
2013-03-06 00:00:00,104.8300018,105.6500015,105.6500015,104.4800034,381700.0,75.8213196
2013-03-07 00:00:00,103.8300018,104.8799973,105.3300018,103.7699966,888800.0,75.0980377
2013-03-08 00:00:00,102.8899994,104.4199982,104.4199982,102.6500015,949700.0,74.4181747
2013-03-11 00:00:00,104.0400009,102.8099976,104.0599976,102.6800003,926600.0,75.2499161
2013-03-12 00:00:00,104.7799988,104.0199966,104.8399963,103.4499969,1049300.0,75.7851562
2013-03-13 00:00:00,104.9199982,104.8099976,105.0800018,104.4599991,777700.0,75.8864288
2013-03-14 00:00:00,105.6699982,105.0400009,105.9000015,104.9000015,863100.0,76.428894
2013-03-15 00:00:00,105.25,105.25,105.4000015,104.4100037,1260100.0,76.1250916
2013-03-18 00:00:00,104.7099991,104.5400009,105.1999969,104.0,1344600.0,75.73452
2013-03-19 00:00:00,102.8099976,104.5899963,104.8799973,102.5,1309500.0,74.3603058
2013-03-20 00:00:00,101.8499985,103.1299973,103.2699966,101.6699982,1547300.0,73.665947
2013-03-21 00:00:00,100.7099991,101.4100037,101.9300003,100.6600037,1371700.0,72.8414078
2013-03-22 00:00:00,100.9800034,100.9499969,101.5199966,100.7799988,1098000.0,73.036705
2013-03-25 00:00:00,100.8899994,101.3499985,101.7600021,100.6200027,1425600.0,72.9715958
2013-03-26 00:00:00,100.6600037,100.6800003,101.0999985,100.3600006,899500.0,73.2773438
2013-03-27 00:00:00,100.3300018,100.1800003,100.7900009,99.8499985,865900.0,73.0370941
2013-03-28 00:00:00,101.0599976,100.3000031,101.4700012,99.9300003,1691600.0,73.5685349
2013-04-01 00:00:00,100.5,100.8600006,101.6399994,100.0,782500.0,73.1608887
2013-04-02 00:00:00,102.1399994,100.9899979,102.3600006,100.9300003,1182300.0,74.3547516
2013-04-03 00:00:00,103.2699966,102.4800034,103.4199982,101.7699966,1162100.0,75.1773453
2013-04-04 00:00:00,105.5100021,103.5100021,105.6200027,103.4400024,1809000.0,76.8080063
2013-04-05 00:00:00,106.25,104.6200027,106.5,104.1100006,1200100.0,77.3467026
2013-04-08 00:00:00,107.7300034,106.1800003,107.7799988,105.2699966,870800.0,78.4240875
2013-04-09 00:00:00,108.3199997,107.5999985,108.8399963,106.0500031,1703500.0,78.8535843
2013-04-10 00:00:00,109.8700027,108.7600021,110.1299973,108.4000015,1481100.0,79.9819565
2013-04-11 00:00:00,110.5100021,109.7900009,110.8399963,109.7900009,1543600.0,80.4478683
2013-04-12 00:00:00,110.3600006,110.3899994,110.9000015,109.9800034,999500.0,80.3386536
2013-04-15 00:00:00,108.1600037,109.5599976,110.0,108.0699997,1936800.0,78.7371368
2013-04-16 00:00:00,109.5299988,109.9899979,110.0999985,108.4100037,1259700.0,79.7344437
2013-04-17 00:00:00,109.2900009,109.0899963,109.5400009,108.0699997,1100100.0,79.5597458
2013-04-18 00:00:00,109.0800018,109.3099976,109.5999985,108.3700027,1057900.0,79.4068527
2013-04-19 00:00:00,109.8000031,109.5,110.0800018,108.9599991,1186800.0,79.9309845
2013-04-22 00:00:00,108.8600006,109.9000015,109.9800034,108.7200012,1160300.0,79.2467041
2013-04-23 00:00:00,108.4199982,109.3499985,109.4199982,107.5699997,1433800.0,78.9263687
2013-04-24 00:00:00,108.3799973,108.6999969,109.1600037,107.9899979,1256600.0,78.8972626
2013-04-25 00:00:00,108.0500031,108.4100037,108.6800003,107.7600021,1063100.0,78.6570435
2013-04-26 00:00:00,107.7699966,107.8399963,108.4499969,107.6399994,838200.0,78.4532166
2013-04-29 00:00:00,109.1500015,107.7699966,109.2200012,107.6800003,730200.0,79.4578247
2013-04-30 00:00:00,109.4300003,108.8300018,109.5599976,108.0299988,1526100.0,79.661644
2013-05-01 00:00:00,108.7099991,108.8799973,109.3399963,108.0199966,915600.0,79.1374969
2013-05-02 00:00:00,109.0599976,108.9000015,109.6299973,108.5599976,651000.0,79.3922958
2013-05-03 00:00:00,108.5800018,109.6500015,109.6500015,108.4300003,1185900.0,79.0428467
2013-05-06 00:00:00,109.2099991,108.8600006,109.3600006,108.6500015,1035300.0,79.5014801
2013-05-07 00:00:00,110.3000031,109.1299973,110.3399963,108.5599976,1233000.0,80.29496
2013-05-08 00:00:00,110.8099976,109.9300003,110.8099976,109.1800003,1365600.0,80.6662292
2013-05-09 00:00:00,110.0400009,110.5500031,110.7900009,109.8700027,1066700.0,80.1056976
2013-05-10 00:00:00,111.2300034,110.2799988,111.2699966,109.5999985,1133300.0,80.9719696
2013-05-13 00:00:00,110.9100037,110.7399979,111.3199997,110.4599991,1011400.0,80.7390289
2013-05-14 00:00:00,110.5,111.0699997,111.2200012,110.1200027,1229600.0,80.4405594
2013-05-15 00:00:00,111.7300034,110.7300034,111.8199997,110.2200012,1074700.0,81.3359756
2013-05-16 00:00:00,111.3399963,111.3499985,112.1699982,110.8300018,784200.0,81.0520477
2013-05-17 00:00:00,112.4300003,111.5100021,112.4400024,111.2799988,1150900.0,81.8455429
2013-05-20 00:00:00,113.6999969,112.3399963,113.7600021,112.0699997,1014400.0,82.7700653
2013-05-21 00:00:00,114.5899963,114.1500015,114.8700027,113.6200027,1153000.0,83.4179535
2013-05-22 00:00:00,112.9899979,114.6800003,115.8499985,112.2699966,1498900.0,82.2531815
2013-05-23 00:00:00,112.6200027,112.0299988,112.9000015,111.0400009,1736300.0,81.9838867
2013-05-24 00:00:00,112.4400024,111.9499969,112.75,111.0100021,955800.0,81.8528214
2013-05-28 00:00:00,111.1500015,113.3600006,113.6200027,110.5500031,1366600.0,80.9137497
2013-05-29 00:00:00,109.5800018,110.9300003,111.1800003,108.3700027,1471600.0,79.7708282
2013-05-30 00:00:00,108.3099976,109.5800018,110.0199966,108.2200012,1226600.0,78.8463211
2013-05-31 00:00:00,106.5800018,108.2799988,108.9000015,106.5500031,1548500.0,77.5869293
2013-06-03 00:00:00,108.4899979,106.8799973,108.6699982,106.1800003,1683700.0,78.9773483
2013-06-04 00:00:00,108.9599991,108.6800003,109.75,108.5599976,1267400.0,79.3194885
2013-06-05 00:00:00,107.8499985,108.6299973,109.0500031,107.4000015,959500.0,78.5114517
2013-06-06 00:00:00,109.5800018,108.0699997,109.6500015,107.1800003,876200.0,79.7708282
2013-06-07 00:00:00,109.8099976,109.8499985,110.4899979,108.1200027,814200.0,79.9382629
2013-06-10 00:00:00,109.3199997,110.0,110.4499969,108.9300003,844700.0,79.5815659
2013-06-11 00:00:00,106.9000015,108.3899994,108.6299973,106.7900009,1403400.0,77.8198776
2013-06-12 00:00:00,106.5199966,107.4100037,107.7099991,106.3099976,1342200.0,77.5432434
2013-06-13 00:00:00,110.7799988,106.6600037,111.3199997,106.2600021,1225700.0,80.6443787
2013-06-14 00:00:00,110.0899963,110.7799988,113.1900024,109.7900009,1184400.0,80.1420898
2013-06-17 00:00:00,111.2300034,110.8099976,111.5199966,110.1900024,1177200.0,80.9719696
2013-06-18 00:00:00,111.1999969,111.1600037,111.9199982,110.4400024,961400.0,80.9501343
2013-06-19 00:00:00,107.5100021,111.2300034,111.6800003,107.2399979,924300.0,78.2639465
2013-06-20 00:00:00,100.5800018,106.7900009,106.9599991,99.8099976,2501000.0,73.2191238
2013-06-21 00:00:00,101.9400024,101.4700012,102.9400024,99.7099991,1823600.0,74.2091599
2013-06-24 00:00:00,102.6299973,100.4300003,104.9000015,99.5899963,1484600.0,74.7114639
2013-06-25 00:00:00,102.6600037,103.6200027,103.9000015,101.8600006,1236700.0,74.7332916
2013-06-26 00:00:00,103.9100037,103.0800018,104.3499985,102.7600021,1303000.0,76.1252594
2013-06-27 00:00:00,106.4800034,104.4499969,106.6200027,104.4400024,1164300.0,78.0080414
2013-06-28 00:00:00,105.4700012,106.3000031,106.9000015,105.3700027,1079500.0,77.2681046
2013-07-01 00:00:00,104.7600021,106.2699966,106.3600006,104.5299988,651700.0,76.7479553
2013-07-02 00:00:00,106.0899963,104.0999985,106.8300018,104.0500031,812600.0,77.7223206
2013-07-03 00:00:00,104.9300003,105.4300003,106.2600021,104.4400024,539300.0,76.8724976
2013-07-05 00:00:00,105.1800003,105.6600037,105.8399963,103.1500015,743700.0,77.0556793
2013-07-08 00:00:00,105.4700012,105.3000031,106.4199982,105.0,1128100.0,77.2681046
2013-07-09 00:00:00,107.3099976,105.9599991,107.75,105.8899994,850800.0,78.6160965
2013-07-10 00:00:00,106.8600006,107.0299988,107.2799988,105.8700027,743600.0,78.2864227
2013-07-11 00:00:00,110.6900024,107.8499985,111.1299973,107.8499985,1171200.0,81.0923386
2013-07-12 00:00:00,110.3600006,110.9100037,111.4400024,109.2099991,1178000.0,80.850563
2013-07-15 00:00:00,109.6999969,110.0,110.0,108.25,856100.0,80.3670197
2013-07-16 00:00:00,109.5,109.6600037,110.1900024,108.9000015,834900.0,80.2205048
2013-07-17 00:00:00,109.0500031,109.7699966,109.9599991,108.5699997,1004300.0,79.8908463
2013-07-18 00:00:00,110.5100021,109.5199966,110.5299988,109.1600037,548600.0,80.9604492
2013-07-19 00:00:00,110.1100006,110.4599991,110.6900024,109.3899994,670900.0,80.6674194
2013-07-22 00:00:00,111.3499985,110.0899963,111.6200027,109.8799973,654900.0,81.5758209
2013-07-23 00:00:00,111.0,111.5100021,111.8199997,110.5,487400.0,81.3194275
2013-07-24 00:00:00,109.0299988,111.0699997,111.4100037,108.4800034,1032800.0,79.8762054
2013-07-25 00:00:00,108.5500031,108.4000015,109.3700027,108.0699997,857100.0,79.524559
2013-07-26 00:00:00,109.75,108.3399963,109.7799988,107.8300018,535900.0,80.4036713
2013-07-29 00:00:00,108.9700012,109.4400024,109.8399963,108.4700012,379700.0,79.8322449
2013-07-30 00:00:00,108.7200012,109.4199982,110.25,108.4599991,747200.0,79.649086
2013-07-31 00:00:00,106.9499969,108.7399979,109.9000015,103.8199997,1628500.0,78.3523712
2013-08-01 00:00:00,105.0,106.9199982,107.4599991,104.4000015,866600.0,76.9237976
2013-08-02 00:00:00,103.9700012,105.0100021,105.3300018,103.8199997,715700.0,76.1691895
2013-08-05 00:00:00,103.9899979,103.7900009,104.4499969,103.4100037,420500.0,76.1838531
2013-08-06 00:00:00,103.9199982,103.2600021,104.4400024,103.1299973,711500.0,76.1325684
2013-08-07 00:00:00,102.6500015,103.75,103.9199982,102.25,1251700.0,75.2021561
2013-08-08 00:00:00,103.0,103.0999985,103.2099991,102.1600037,847000.0,75.4585876
2013-08-09 00:00:00,105.0899963,103.0699997,105.3000031,102.6100006,926900.0,76.9897156
2013-08-12 00:00:00,103.8300018,104.7799988,105.1999969,103.3099976,1003500.0,76.0666275
2013-08-13 00:00:00,103.1100006,103.7200012,103.9300003,102.0699997,1123200.0,75.5391464
2013-08-14 00:00:00,103.4100037,103.1100006,103.5,102.5299988,727700.0,75.7589417
2013-08-15 00:00:00,101.75,102.7600021,103.2799988,100.8199997,1327500.0,74.5428238
2013-08-16 00:00:00,99.4599991,101.3899994,101.8399963,98.2900009,1701900.0,72.8651352
2013-08-19 00:00:00,98.2699966,99.4499969,99.9100037,98.2099991,964100.0,71.9933243
2013-08-20 00:00:00,101.5500031,98.4599991,101.9199982,98.4599991,1194600.0,74.3962936
2013-08-21 00:00:00,100.8000031,101.1999969,102.3499985,99.8000031,750100.0,73.8468323
2013-08-22 00:00:00,101.4400024,100.9199982,101.6699982,100.4800034,716900.0,74.315712
2013-08-23 00:00:00,103.2900009,101.5500031,103.3600006,101.1800003,632800.0,75.6710434
2013-08-26 00:00:00,103.9599991,103.5699997,104.4499969,103.1999969,769700.0,76.1618805
2013-08-27 00:00:00,103.4100037,102.8399963,103.6200027,102.5199966,598400.0,75.7589417
2013-08-28 00:00:00,102.75,103.3499985,103.4800034,102.3099976,599300.0,75.2754059
2013-08-29 00:00:00,102.3899994,102.0500031,102.4599991,101.2600021,683500.0,75.0116882
2013-08-30 00:00:00,102.5,102.5199966,103.0800018,102.0999985,1062900.0,75.0922623
2013-09-03 00:00:00,101.6800003,103.0999985,103.2799988,100.7900009,1258800.0,74.4915161
2013-09-04 00:00:00,102.9800034,101.8300018,103.2600021,101.3300018,965100.0,75.443924
2013-09-05 00:00:00,102.4800034,103.3300018,103.4499969,102.1999969,1092300.0,75.0776138
2013-09-06 00:00:00,104.8099976,103.5500031,105.4700012,103.3499985,1015600.0,76.784584
2013-09-09 00:00:00,105.7900009,104.75,105.7900009,104.6600037,906800.0,77.5025482
2013-09-10 00:00:00,106.6200027,106.25,106.6800003,105.4000015,729000.0,78.110611
2013-09-11 00:00:00,106.9599991,106.3899994,107.0400009,106.0599976,669500.0,78.3596802
2013-09-12 00:00:00,104.5999985,106.6800003,107.2399979,104.1900024,810500.0,76.6307373
2013-09-13 00:00:00,104.8000031,104.6900024,105.3099976,104.4000015,464200.0,76.7772446
2013-09-16 00:00:00,105.8600006,106.6500015,107.1600037,105.3600006,447400.0,77.5538406
2013-09-17 00:00:00,105.6999969,105.8199997,106.8099976,105.2799988,396500.0,77.4365768
2013-09-18 00:00:00,110.8899994,105.6200027,111.0299988,104.6999969,1427100.0,81.2388306
2013-09-19 00:00:00,111.1200027,110.8000031,112.9300003,110.6900024,1181000.0,81.4073563
2013-09-20 00:00:00,109.3600006,111.0999985,111.0999985,108.9499969,1386800.0,80.1179581
2013-09-23 00:00:00,109.4300003,108.9400024,110.3799973,108.3499985,999500.0,80.1692429
2013-09-24 00:00:00,107.1999969,109.1200027,109.6399994,107.0800018,912000.0,78.5355148
2013-09-25 00:00:00,106.3099976,107.1299973,108.3700027,105.5699997,1131100.0,77.8834915
2013-09-26 00:00:00,106.7399979,106.0100021,106.8399963,105.7399979,591800.0,78.6795731
2013-09-27 00:00:00,107.0899963,106.4199982,107.4499969,106.1600037,827200.0,78.9375763
2013-09-30 00:00:00,106.9000015,106.6800003,107.9700012,106.2799988,994200.0,78.7975388
2013-10-01 00:00:00,107.7399979,107.0599976,108.9100037,106.4000015,1242700.0,79.416687
2013-10-02 00:00:00,107.5599976,106.5199966,107.6500015,105.8700027,1049300.0,79.2840118
2013-10-03 00:00:00,106.6999969,107.4700012,107.5500031,105.3499985,794500.0,78.6501083
2013-10-04 00:00:00,106.4800034,106.9400024,107.8300018,105.7699966,584500.0,78.4879303
2013-10-07 00:00:00,105.5500031,105.6800003,106.9700012,105.4400024,633800.0,77.8024139
2013-10-08 00:00:00,103.5500031,104.8199997,104.9800034,103.3300018,1316600.0,76.3281937
2013-10-09 00:00:00,103.4400024,103.8199997,104.6699982,103.1900024,755600.0,76.2470932
2013-10-10 00:00:00,105.3499985,104.2099991,105.4899979,103.8099976,1317500.0,77.6549911
2013-10-11 00:00:00,107.2799988,105.5100021,107.3300018,105.0100021,805900.0,79.0776367
2013-10-14 00:00:00,107.2200012,106.8099976,107.5,106.0999985,664500.0,79.0333862
2013-10-15 00:00:00,106.9800034,106.5199966,108.0800018,106.5199966,429400.0,78.8564835
2013-10-16 00:00:00,108.4499969,107.3199997,108.9100037,106.8600006,733900.0,79.940033
2013-10-17 00:00:00,109.1800003,108.0199966,109.5800018,107.8199997,682300.0,80.4781342
2013-10-18 00:00:00,108.8199997,108.8300018,109.3499985,107.3000031,960400.0,80.2127686
2013-10-21 00:00:00,106.9800034,108.6500015,108.6500015,106.5199966,977900.0,78.8564835
2013-10-22 00:00:00,109.3700027,107.5500031,109.6900024,107.5500031,1218700.0,80.6182022
2013-10-23 00:00:00,108.4000015,109.1200027,109.5899963,107.8700027,697300.0,79.9031906
2013-10-24 00:00:00,107.3799973,108.4000015,108.75,107.3199997,865300.0,79.1513443
2013-10-25 00:00:00,109.6399994,107.2600021,109.6699982,107.2399979,991900.0,80.8172073
2013-10-28 00:00:00,107.3899994,109.8099976,109.8300018,106.9499969,716500.0,79.158699
2013-10-29 00:00:00,107.9599991,107.3799973,108.0500031,106.2799988,1034000.0,79.5788498
2013-10-30 00:00:00,105.0599976,106.8700027,106.8700027,103.6299973,1528100.0,77.4412155
2013-10-31 00:00:00,103.5,105.0,105.6399994,102.8799973,1305500.0,76.2913361
2013-11-01 00:00:00,104.4199982,103.9599991,104.5999985,102.9899979,800800.0,76.9694595
2013-11-04 00:00:00,103.7799988,104.4599991,104.9899979,103.4199982,935100.0,76.4977417
2013-11-05 00:00:00,102.1500015,103.4000015,103.5999985,102.0,858600.0,75.2962265
2013-11-06 00:00:00,102.1500015,102.2900009,102.7900009,101.9300003,694400.0,75.2962265
2013-11-07 00:00:00,101.2300034,102.4499969,102.6900024,101.1200027,793900.0,74.6180801
2013-11-08 00:00:00,100.3300018,100.8600006,100.8700027,98.7099991,1060900.0,73.9546661
2013-11-11 00:00:00,100.9599991,100.6600037,101.7300034,100.6600037,495300.0,74.4190521
2013-11-12 00:00:00,100.6500015,100.7300034,101.0999985,99.9400024,852700.0,74.1905518
2013-11-13 00:00:00,101.3199997,100.3899994,101.3700027,100.0599976,626400.0,74.6844025
2013-11-14 00:00:00,101.5800018,101.6100006,102.4000015,101.1999969,700600.0,74.8760681
2013-11-15 00:00:00,103.0299988,101.4700012,103.1200027,101.4700012,1185300.0,75.9448853
2013-11-18 00:00:00,102.4899979,103.6999969,103.9700012,102.1299973,703600.0,75.5468445
2013-11-19 00:00:00,103.4100037,102.5699997,103.7200012,101.6200027,767900.0,76.2249908
2013-11-20 00:00:00,101.8799973,103.3099976,104.2600021,101.25,881000.0,75.0972061
2013-11-21 00:00:00,102.3600006,101.7600021,102.6800003,101.25,722500.0,75.4510269
2013-11-22 00:00:00,101.6900024,102.3600006,102.7600021,101.0400009,689700.0,74.9571609
2013-11-25 00:00:00,101.6200027,101.7099991,102.2799988,101.1999969,581300.0,74.905571
2013-11-26 00:00:00,100.6600037,101.6200027,101.8000031,100.6399994,592700.0,74.1979218
2013-11-27 00:00:00,101.6200027,100.7399979,101.7600021,100.0899963,603300.0,74.905571
2013-11-29 00:00:00,99.4899979,101.9499969,102.0500031,99.3600006,493900.0,73.3355103
2013-12-02 00:00:00,99.8399963,99.8499985,101.1600037,99.5100021,1161100.0,73.5934982
2013-12-03 00:00:00,99.4899979,99.2399979,100.0100021,98.9000015,1108600.0,73.3355103
2013-12-04 00:00:00,99.7799988,98.6100006,100.7200012,98.5199966,810800.0,73.5492554
2013-12-05 00:00:00,100.0400009,99.3899994,100.4000015,98.4199982,1091000.0,73.740921
2013-12-06 00:00:00,100.7300034,100.9300003,101.4199982,99.9400024,912000.0,74.249527
2013-12-09 00:00:00,102.0,100.9599991,102.0,100.4800034,876300.0,75.1856613
2013-12-10 00:00:00,102.2300034,101.6999969,102.9599991,101.3799973,987800.0,75.3552017
2013-12-11 00:00:00,99.6600037,102.0899963,102.0899963,99.5999985,1243800.0,73.4608154
2013-12-12 00:00:00,99.1299973,99.7699966,99.8300018,98.8300018,947100.0,73.0701447
2013-12-13 00:00:00,98.4599991,99.6200027,100.3700027,98.1800003,883800.0,72.5762634
2013-12-16 00:00:00,98.9700012,98.5899963,99.2399979,98.0400009,733000.0,72.9521866
2013-12-17 00:00:00,101.1100006,99.2600021,101.1600037,98.8799973,994400.0,74.5296249
2013-12-18 00:00:00,103.0,101.3700027,103.2099991,99.7399979,1012400.0,75.9227829
2013-12-19 00:00:00,102.1500015,103.0999985,103.0999985,101.5699997,1167800.0,75.2962265
2013-12-20 00:00:00,103.5,101.9599991,103.6200027,101.8099976,1475400.0,76.2913361
2013-12-23 00:00:00,103.7099991,103.9599991,105.2200012,103.3700027,789800.0,76.446106
2013-12-24 00:00:00,103.4199982,103.5100021,104.0299988,102.5699997,373900.0,76.2323685
2013-12-26 00:00:00,104.0,103.8899994,104.2399979,102.8300018,608100.0,76.6598969
2013-12-27 00:00:00,100.4000015,101.0699997,101.5,99.8000031,653300.0,76.1290894
2013-12-30 00:00:00,101.1100006,100.5400009,101.3000031,100.25,502100.0,76.6674576
2013-12-31 00:00:00,100.3700027,101.1500015,101.6200027,99.8899994,896800.0,76.1063614
2014-01-02 00:00:00,100.3899994,100.2200012,101.3600006,99.5500031,894800.0,76.1214981
2014-01-03 00:00:00,101.5899963,100.7300034,102.6999969,100.0699997,686800.0,77.0314102
2014-01-06 00:00:00,102.7200012,101.8399963,103.2099991,101.6999969,981000.0,77.8882828
2014-01-07 00:00:00,103.3799973,102.7099991,103.8300018,102.1299973,1127800.0,78.38871
2014-01-08 00:00:00,102.6900024,103.5100021,104.0100021,102.3399963,908900.0,77.8655243
2014-01-09 00:00:00,102.7399979,102.9300003,102.9300003,101.7399979,934100.0,77.9034424
2014-01-10 00:00:00,104.4400024,103.1500015,104.9800034,102.75,929000.0,79.1924591
2014-01-13 00:00:00,103.5999985,104.0599976,104.9400024,103.1600037,769000.0,78.5555344
2014-01-14 00:00:00,104.5599976,104.0500031,104.9899979,103.5999985,970400.0,79.2834549
2014-01-15 00:00:00,105.1900024,104.25,105.3499985,104.25,913800.0,79.7611542
2014-01-16 00:00:00,104.8700027,104.8799973,105.6600037,104.6800003,553800.0,79.5185242
2014-01-17 00:00:00,104.7399979,105.1200027,105.2399979,104.1399994,991800.0,79.4199295
2014-01-21 00:00:00,106.2099991,105.0999985,106.9300003,105.0999985,976700.0,80.534584
2014-01-22 00:00:00,107.2900009,106.5699997,107.8099976,106.4100037,705800.0,81.3534927
2014-01-23 00:00:00,106.9000015,106.2600021,107.1200027,105.9400024,662800.0,81.0578003
2014-01-24 00:00:00,104.8899994,106.75,106.8499985,104.8899994,833600.0,79.5336914
2014-01-27 00:00:00,104.3099976,104.9499969,105.6299973,103.9300003,809800.0,79.0939026
2014-01-28 00:00:00,105.3199997,104.3600006,105.9899979,104.3600006,762000.0,79.8597412
2014-01-29 00:00:00,105.8000031,104.8600006,106.8399963,104.1900024,1056800.0,80.2237167
2014-01-30 00:00:00,108.0,106.5299988,108.3399963,106.4800034,872400.0,81.8918762
2014-01-31 00:00:00,108.0899963,107.0299988,108.6299973,106.6399994,1013600.0,81.9601059
2014-02-03 00:00:00,106.0599976,107.9300003,108.4199982,105.8199997,830100.0,80.4208374
2014-02-04 00:00:00,107.7399979,106.6699982,107.9400024,105.9400024,915800.0,81.6947174
2014-02-05 00:00:00,106.7300034,107.5800018,107.7200012,106.1900024,717400.0,80.9288712
2014-02-06 00:00:00,108.4899979,106.9800034,108.6600037,106.7699966,953600.0,82.2634125
2014-02-07 00:00:00,109.1800003,108.9199982,109.9899979,107.9199982,1089000.0,82.7866058
2014-02-10 00:00:00,109.9199982,109.1500015,110.2399979,108.4100037,738100.0,83.3476944
2014-02-11 00:00:00,109.6399994,109.6800003,110.3799973,109.3199997,990100.0,83.1354141
2014-02-12 00:00:00,110.1299973,109.7200012,110.2900009,109.0299988,503600.0,83.5069504
2014-02-13 00:00:00,110.1100006,109.4700012,111.2399979,109.4700012,726700.0,83.491806
2014-02-14 00:00:00,110.9599991,110.2099991,111.2300034,109.7399979,361500.0,84.1363144
2014-02-18 00:00:00,111.3199997,110.7699966,111.3499985,109.8499985,690100.0,84.4092789
2014-02-19 00:00:00,110.8399963,110.9300003,111.9700012,110.4800034,515100.0,84.0453033
2014-02-20 00:00:00,110.6600037,110.8600006,111.7399979,110.0400009,655300.0,83.9088516
2014-02-21 00:00:00,110.9100037,110.6999969,111.6900024,110.3000031,582900.0,84.098381
2014-02-24 00:00:00,110.6299973,110.9100037,111.5400009,110.5999985,694500.0,83.8860855
2014-02-25 00:00:00,112.0999985,110.6699982,112.7200012,110.25,836700.0,85.0007248
2014-02-26 00:00:00,111.4000015,112.5800018,112.9400024,110.9800034,625200.0,84.4699402
2014-02-27 00:00:00,110.9300003,111.3600006,112.25,109.7300034,717800.0,84.1135712
2014-02-28 00:00:00,112.4300003,110.7900009,112.9599991,110.5899963,1083900.0,85.2509537
2014-03-03 00:00:00,112.1699982,111.9800034,112.8399963,110.9800034,639700.0,85.0538101
2014-03-04 00:00:00,113.5899963,113.0,114.0599976,112.5599976,938700.0,86.1305237
2014-03-05 00:00:00,112.9899979,113.4700012,113.6699982,111.1600037,903700.0,85.67556
2014-03-06 00:00:00,112.4400024,113.4599991,113.4599991,111.6100006,764400.0,85.2585373
2014-03-07 00:00:00,110.9400024,112.4400024,112.4400024,110.1699982,903700.0,84.1211472
2014-03-10 00:00:00,110.6800003,110.8499985,111.0599976,109.9400024,688400.0,83.9240036
2014-03-11 00:00:00,112.9100037,111.4800034,113.7200012,111.2300034,1205600.0,85.6149292
2014-03-12 00:00:00,111.5699997,112.1699982,113.0,111.4300003,820200.0,84.5988617
2014-03-13 00:00:00,111.6500015,111.8700027,111.9000015,110.7699966,639500.0,84.6595154
2014-03-14 00:00:00,111.8499985,111.5899963,112.7900009,111.4000015,487100.0,84.8111572
2014-03-17 00:00:00,112.1900024,112.3000031,113.0,111.6699982,645400.0,85.0689697
2014-03-18 00:00:00,113.2099991,112.2399979,113.2900009,111.8700027,588000.0,85.8423843
2014-03-19 00:00:00,112.0,113.3799973,114.4400024,111.3700027,1119700.0,84.9248886
2014-03-20 00:00:00,112.8399963,111.4499969,112.8799973,110.4899979,891700.0,85.5618286
2014-03-21 00:00:00,113.9499969,113.8700027,114.5899963,112.6699982,1095000.0,86.4035034
2014-03-24 00:00:00,113.1600037,113.9700012,114.1399994,112.1800003,745800.0,85.8044815
2014-03-25 00:00:00,113.6399994,113.6100006,114.0500031,112.8799973,482200.0,86.1684418
2014-03-26 00:00:00,112.3399963,113.8000031,113.9199982,112.1699982,955000.0,85.1827087
2014-03-27 00:00:00,113.0400009,111.6299973,113.1100006,111.3899994,776500.0,86.2123108
2014-03-28 00:00:00,113.8899994,113.3799973,114.1900024,113.3799973,522600.0,86.8605881
2014-03-31 00:00:00,114.5299988,114.1999969,115.1999969,113.1999969,685000.0,87.3486786
2014-04-01 00:00:00,115.7099991,114.5800018,115.7600021,113.8199997,884100.0,88.248642
2014-04-02 00:00:00,115.5,115.3600006,116.25,114.9000015,787200.0,88.0884933
2014-04-03 00:00:00,115.5,115.6900024,115.9199982,114.8399963,612600.0,88.0884933
2014-04-04 00:00:00,116.3099976,114.7900009,117.0,114.7900009,782700.0,88.7062531
2014-04-07 00:00:00,116.5699997,116.1999969,117.4499969,115.6399994,1302800.0,88.9045563
2014-04-08 00:00:00,117.2600021,116.5699997,117.4100037,115.9700012,719700.0,89.4307861
2014-04-09 00:00:00,116.2600021,117.2799988,117.4899979,116.0100021,969200.0,88.668129
2014-04-10 00:00:00,114.4499969,116.6100006,117.2799988,114.2300034,965200.0,87.2876892
2014-04-11 00:00:00,115.3499985,113.9599991,116.0,113.8600006,1291000.0,87.9740753
2014-04-14 00:00:00,115.4400024,115.8399963,116.4700012,114.2399979,775600.0,88.0427094
2014-04-15 00:00:00,116.7900009,115.4800034,117.0699997,115.3499985,1086800.0,89.072319
2014-04-16 00:00:00,116.8899994,117.1100006,117.5500031,115.8899994,1182500.0,89.1485977
2014-04-17 00:00:00,117.4300003,116.5400009,117.4899979,116.1999969,690700.0,89.5604553
2014-04-21 00:00:00,117.5899963,118.0,118.2399979,117.1200027,677100.0,89.6824417
2014-04-22 00:00:00,118.0100021,117.3300018,118.2600021,117.0599976,618900.0,90.0027924
2014-04-23 00:00:00,117.3700027,118.0199966,118.5,116.9599991,835200.0,89.5146942
2014-04-24 00:00:00,118.2200012,117.5199966,118.3600006,117.0199966,583400.0,90.1629486
2014-04-25 00:00:00,117.3700027,118.1200027,118.3799973,116.9800034,455200.0,89.5146942
2014-04-28 00:00:00,118.3000031,118.0999985,118.4599991,117.1100006,673300.0,90.2239685
2014-04-29 00:00:00,117.5299988,118.3199997,118.4100037,117.2200012,600100.0,89.6367035
2014-04-30 00:00:00,117.1399994,118.2900009,118.9800034,116.5599976,1110400.0,89.3392563
2014-05-01 00:00:00,118.2300034,117.3300018,118.3700027,116.4700012,813800.0,90.1705856
2014-05-02 00:00:00,117.8499985,117.9300003,118.9700012,117.1999969,1194600.0,89.8807602
2014-05-05 00:00:00,117.8000031,117.4899979,118.1699982,117.2300034,711900.0,89.8426361
2014-05-06 00:00:00,117.0599976,117.6299973,117.9000015,116.9100037,854200.0,89.2782516
2014-05-07 00:00:00,118.6999969,117.7399979,118.9400024,117.2200012,688600.0,90.5290375
2014-05-08 00:00:00,119.0599976,118.6600037,119.5,118.5199966,496000.0,90.8035889
2014-05-09 00:00:00,119.4300003,119.6600037,120.1600037,118.6399994,683400.0,91.085762
2014-05-12 00:00:00,119.7900009,119.5299988,119.9899979,119.0599976,583600.0,91.3603668
2014-05-13 00:00:00,118.7600021,120.0,120.5400009,118.3000031,585300.0,90.5748138
2014-05-14 00:00:00,118.7799988,118.9400024,119.1100006,117.9300003,493600.0,90.5900269
2014-05-15 00:00:00,119.1699982,118.6800003,119.1999969,117.5999985,865200.0,90.8874817
2014-05-16 00:00:00,120.1399994,118.6999969,120.1800003,118.2300034,757500.0,91.6272659
2014-05-19 00:00:00,120.0,119.8799973,120.1999969,118.6999969,776100.0,91.5205002
2014-05-20 00:00:00,119.8000031,119.7399979,120.3300018,119.4499969,826600.0,91.3679733
2014-05-21 00:00:00,119.1500015,120.9000015,121.0500031,119.0899963,505400.0,90.872261
2014-05-22 00:00:00,118.2600021,119.1299973,119.4100037,118.0599976,446800.0,90.1934509
2014-05-23 00:00:00,118.9100037,118.6699982,119.2699966,118.3600006,676400.0,90.6892014
2014-05-27 00:00:00,120.4300003,119.0,120.4400024,118.8300018,600200.0,91.848465
2014-05-28 00:00:00,119.3000031,120.1299973,120.1299973,118.4499969,465000.0,90.9866562
2014-05-29 00:00:00,119.4800034,119.2099991,119.5999985,118.7799988,377900.0,91.123909
2014-05-30 00:00:00,120.6800003,119.5400009,120.6800003,119.5100021,1143100.0,92.0391235
2014-06-02 00:00:00,120.9000015,120.4700012,121.4300003,120.1999969,507300.0,92.2069092
2014-06-03 00:00:00,119.9899979,120.5899963,120.8099976,119.8300018,416600.0,91.5128937
2014-06-04 00:00:00,120.3099976,119.7300034,120.6200027,119.1800003,529500.0,91.7569275
2014-06-05 00:00:00,121.9499969,120.3499985,122.0299988,119.9800034,769400.0,93.0077133
2014-06-06 00:00:00,121.9000015,121.9400024,122.0,121.3000031,668600.0,92.9695816
2014-06-09 00:00:00,119.7399979,121.9000015,122.4000015,119.1900024,838100.0,91.3222046
2014-06-10 00:00:00,117.9499969,119.4000015,119.9100037,117.7099991,905100.0,89.9570312
2014-06-11 00:00:00,117.0,117.8799973,118.1399994,116.7699966,938200.0,89.2324982
2014-06-12 00:00:00,116.25,113.6200027,117.0400009,113.6200027,1363700.0,88.6604919
2014-06-13 00:00:00,116.8099976,116.6200027,117.25,115.7200012,1082000.0,89.0875854
2014-06-16 00:00:00,116.0,116.9800034,117.4700012,115.6399994,878800.0,88.4698105
2014-06-17 00:00:00,114.9899979,115.5899963,115.6399994,114.4000015,1095900.0,87.6995163
2014-06-18 00:00:00,116.9499969,115.2300034,117.1900024,114.6600037,845700.0,89.1943512
2014-06-19 00:00:00,118.0299988,117.1900024,118.0699997,116.6399994,856300.0,90.0180359
2014-06-20 00:00:00,118.3899994,118.1500015,118.5599976,117.1500015,1021400.0,90.2926102
2014-06-23 00:00:00,118.25,118.2399979,118.8799973,117.9000015,698000.0,90.1858215
2014-06-24 00:00:00,118.7399979,118.0199966,118.7399979,117.5400009,979900.0,90.5595169
2014-06-25 00:00:00,118.3199997,118.3199997,118.8799973,117.8300018,798600.0,90.239212
2014-06-26 00:00:00,117.3099976,117.4499969,117.6900024,116.8600006,656300.0,89.96315
2014-06-27 00:00:00,118.5299988,117.3799973,118.5299988,116.9800034,845800.0,90.8987427
2014-06-30 00:00:00,118.1800003,118.2300034,118.5899963,117.3300018,694800.0,90.6303253
2014-07-01 00:00:00,118.5199966,118.3499985,119.1200027,117.6399994,767100.0,90.8910599
2014-07-02 00:00:00,117.9400024,118.1699982,118.6100006,117.5899963,630400.0,90.4462814
2014-07-03 00:00:00,117.3799973,117.8099976,117.9899979,116.9700012,728200.0,90.0168228
2014-07-07 00:00:00,118.5599976,117.5299988,118.8000031,117.1100006,1041200.0,90.9217529
2014-07-08 00:00:00,118.5999985,118.5299988,118.9000015,118.1900024,526300.0,90.9524078
2014-07-09 00:00:00,118.6299973,118.6900024,118.9000015,117.7399979,474900.0,90.9754257
2014-07-10 00:00:00,119.6900024,117.9300003,120.1900024,117.9300003,736800.0,91.7883224
2014-07-11 00:00:00,119.4199982,119.6900024,119.6900024,118.9100037,458500.0,91.5812454
2014-07-14 00:00:00,120.3700027,119.5199966,120.4400024,119.1900024,660700.0,92.3098221
2014-07-15 00:00:00,120.4499969,120.3899994,120.7200012,119.6500015,415000.0,92.3711624
2014-07-16 00:00:00,120.7900009,120.5500031,121.1699982,120.2399979,418100.0,92.6318893
2014-07-17 00:00:00,120.3199997,120.6999969,121.1100006,120.1900024,560000.0,92.2714539
2014-07-18 00:00:00,121.6900024,120.6999969,121.8399963,120.4499969,543900.0,93.3220978
2014-07-21 00:00:00,121.0,121.1999969,121.5999985,120.8799973,473800.0,92.7929459
2014-07-22 00:00:00,121.6800003,121.5500031,121.9000015,121.3499985,659900.0,93.3144073
2014-07-23 00:00:00,121.2099991,121.8499985,121.8499985,121.0599976,531400.0,92.9539871
2014-07-24 00:00:00,121.2900009,121.5400009,121.7900009,120.7200012,601400.0,93.0153351
2014-07-25 00:00:00,120.0800018,120.8000031,121.25,119.7900009,655200.0,92.0874023
2014-07-28 00:00:00,121.4499969,120.4700012,122.0,120.3700027,604500.0,93.1380539
2014-07-29 00:00:00,120.5100021,121.2600021,121.3499985,119.8799973,568700.0,92.4171524
2014-07-30 00:00:00,120.9800034,120.3499985,121.9100037,120.25,700400.0,92.7776108
2014-07-31 00:00:00,119.4499969,120.7099991,121.2900009,119.3799973,715100.0,91.6042709
2014-08-01 00:00:00,118.7799988,119.5199966,120.0699997,118.7200012,518900.0,91.0904541
2014-08-04 00:00:00,119.8199997,118.8199997,120.2399979,118.0800018,542600.0,91.8880081
2014-08-05 00:00:00,118.3099976,119.1800003,119.6399994,117.7600021,710600.0,90.7300262
2014-08-06 00:00:00,118.9599991,118.2099991,119.2300034,118.0699997,637100.0,91.228508
2014-08-07 00:00:00,118.6699982,119.1699982,119.8000031,118.4300003,456300.0,91.0060883
2014-08-08 00:00:00,120.0500031,119.8000031,120.1200027,118.4599991,515600.0,92.0643997
2014-08-11 00:00:00,120.6500015,120.6100006,121.3799973,120.1600037,482500.0,92.5245361
2014-08-12 00:00:00,120.5100021,120.5100021,120.9700012,120.0999985,360900.0,92.4171524
2014-08-13 00:00:00,121.4800034,120.75,122.1800003,120.5400009,453900.0,93.1610413
2014-08-14 00:00:00,120.9300003,121.7699966,122.0,120.8700027,450100.0,92.7392578
2014-08-15 00:00:00,120.5400009,121.3399963,121.6600037,120.3099976,598400.0,92.4401779
2014-08-18 00:00:00,122.4199982,121.2399979,122.5,120.8899994,533900.0,93.8819122
2014-08-19 00:00:00,122.9400024,122.5500031,123.1500015,121.7900009,381800.0,94.2807007
2014-08-20 00:00:00,123.4100037,122.5800018,123.8000031,121.8899994,405600.0,94.6411362
2014-08-21 00:00:00,122.9899979,123.4100037,124.0400009,122.7099991,470500.0,94.3190384
2014-08-22 00:00:00,121.9800034,122.8499985,123.3399963,121.2200012,335000.0,93.5444946
2014-08-25 00:00:00,121.3799973,122.7200012,122.7200012,120.8300018,422700.0,93.0843582
2014-08-26 00:00:00,121.1399994,121.3600006,121.9599991,121.0400009,454200.0,92.9003143
2014-08-27 00:00:00,121.4899979,121.3499985,122.2200012,121.1800003,449600.0,93.1687088
2014-08-28 00:00:00,121.0699997,121.2900009,121.6699982,120.7300034,437900.0,92.8466187
2014-08-29 00:00:00,121.4199982,121.2699966,121.5199966,120.6699982,814900.0,93.1150284
2014-09-02 00:00:00,121.2300034,121.2699966,121.8899994,121.0299988,565300.0,92.9693375
2014-09-03 00:00:00,121.8499985,121.7300034,122.3000031,121.2300034,520600.0,93.4447861
2014-09-04 00:00:00,120.6699982,121.7699966,122.3700027,120.3099976,624100.0,92.539856
2014-09-05 00:00:00,122.7900009,120.7799988,122.8899994,120.7799988,571000.0,94.1656647
2014-09-08 00:00:00,122.6600037,122.9100037,123.3300018,122.2300034,318500.0,94.0659714
2014-09-09 00:00:00,121.4000015,122.3300018,122.8199997,121.1100006,357900.0,93.0996933
2014-09-10 00:00:00,119.0500031,120.9800034,121.0400009,118.9000015,602900.0,91.2975159
2014-09-11 00:00:00,119.2799988,118.9100037,119.5899963,118.5299988,452800.0,91.4738998
2014-09-12 00:00:00,115.3000031,119.0,119.0100021,114.5500031,1078900.0,88.4216995
2014-09-15 00:00:00,114.8600006,115.5500031,116.0500031,114.1600037,686300.0,88.0842896
2014-09-16 00:00:00,116.3099976,114.9899979,116.7699966,114.4400024,781400.0,89.1962509
2014-09-17 00:00:00,117.9400024,117.2600021,118.6699982,117.0899963,1113500.0,90.4462814
2014-09-18 00:00:00,117.3600006,118.9300003,118.9300003,117.0400009,749300.0,90.0014648
2014-09-19 00:00:00,117.2099991,117.9899979,117.9899979,116.9899979,984600.0,89.8864365
2014-09-22 00:00:00,116.4800034,116.8000031,117.5699997,116.3899994,535600.0,89.3266144
2014-09-23 00:00:00,115.4599991,116.1800003,116.6200027,115.3000031,739000.0,88.5443954
2014-09-24 00:00:00,115.1100006,115.2699966,117.0299988,114.8899994,847800.0,88.276001
2014-09-25 00:00:00,113.6600037,115.4100037,115.5299988,113.6100006,1379000.0,87.1640244
2014-09-26 00:00:00,115.25,112.8399963,115.6699982,112.75,984500.0,88.8917236
2014-09-29 00:00:00,115.8700027,115.6699982,115.8899994,114.3199997,1054600.0,89.3699265
2014-09-30 00:00:00,115.7600021,115.9000015,116.3099976,114.8600006,1036500.0,89.28508
2014-10-01 00:00:00,115.9800034,115.4400024,117.0299988,115.3099976,988200.0,89.4547501
2014-10-02 00:00:00,115.9899979,115.7600021,116.5699997,115.4400024,829500.0,89.4624634
2014-10-03 00:00:00,116.4400024,116.3300018,116.8199997,115.5999985,878200.0,89.8095551
2014-10-06 00:00:00,116.3499985,116.5400009,117.1699982,115.8899994,624300.0,89.7401352
2014-10-07 00:00:00,115.0999985,115.9000015,116.7099991,115.0599976,916700.0,88.7760162
2014-10-08 00:00:00,118.5899963,115.5899963,118.6200027,115.3000031,1397400.0,91.4678192
2014-10-09 00:00:00,118.7799988,118.5,119.8499985,118.0800018,1214000.0,91.6143723
2014-10-10 00:00:00,119.3399963,119.1399994,120.7099991,119.0400009,818400.0,92.0463181
2014-10-13 00:00:00,119.3000031,119.0299988,120.7900009,119.0299988,739500.0,92.0154724
2014-10-14 00:00:00,120.6699982,119.6699982,122.3099976,119.3000031,947500.0,93.0721283
2014-10-15 00:00:00,119.4800034,120.2600021,121.0299988,118.1100006,1443100.0,92.154274
2014-10-16 00:00:00,118.4400024,118.5100021,119.3700027,117.4599991,1239100.0,91.35215
2014-10-17 00:00:00,119.5599976,118.8899994,119.8000031,117.5699997,1167500.0,92.2159958
2014-10-20 00:00:00,120.9199982,119.6800003,120.9400024,119.3700027,594400.0,93.2649536
2014-10-21 00:00:00,122.1100006,121.2900009,122.1600037,120.4400024,829900.0,94.1828079
2014-10-22 00:00:00,121.7699966,122.3000031,122.8000031,121.6200027,792200.0,93.9205627
2014-10-23 00:00:00,121.9000015,122.1999969,122.6900024,121.4499969,1057900.0,94.0208206
2014-10-24 00:00:00,121.8499985,121.9199982,122.4499969,121.3300018,755300.0,93.9822617
2014-10-27 00:00:00,122.9000015,122.0,123.0199966,121.4100037,841900.0,94.7921219
2014-10-28 00:00:00,123.1200027,122.8499985,123.1200027,121.9100037,789500.0,94.9618073
2014-10-29 00:00:00,124.7399979,124.6299973,125.5699997,122.8799973,1320800.0,96.2112961
2014-10-30 00:00:00,125.5699997,124.1399994,125.5999985,123.8799973,859600.0,96.8514786
2014-10-31 00:00:00,126.75,126.0,126.9199982,125.4300003,1159000.0,97.7616043
2014-11-03 00:00:00,128.6900024,127.0699997,128.6900024,126.6100006,1484600.0,99.2579193
2014-11-04 00:00:00,129.0299988,128.8099976,129.3300018,127.9700012,943900.0,99.5201569
2014-11-05 00:00:00,128.8500061,129.1900024,129.6100006,128.0099945,804000.0,99.3813095
2014-11-06 00:00:00,127.9199982,128.9400024,129.3899994,127.6800003,1173700.0,98.6640167
2014-11-07 00:00:00,127.8199997,127.75,128.3099976,126.7600021,1416800.0,98.5868835
2014-11-10 00:00:00,128.2899933,127.6699982,128.4100037,127.4000015,722300.0,98.949379
2014-11-11 00:00:00,127.6399994,128.4700012,128.5200043,127.0500031,643300.0,98.4480743
2014-11-12 00:00:00,126.8000031,128.2899933,128.3000031,126.4700012,776000.0,97.8001862
2014-11-13 00:00:00,127.8399963,126.8099976,127.9400024,126.3799973,847400.0,98.6023102
2014-11-14 00:00:00,126.3399963,127.6399994,128.1100006,126.0400009,624300.0,97.4453659
2014-11-17 00:00:00,126.4300003,126.5800018,127.2399979,126.2399979,721800.0,97.5147858
2014-11-18 00:00:00,127.7699966,126.6900024,127.9000015,126.2600021,849200.0,98.548317
2014-11-19 00:00:00,127.9100037,127.4300003,128.8300018,127.0699997,1046900.0,98.6563263
2014-11-20 00:00:00,127.0100021,127.0800018,127.8799973,126.4499969,846100.0,97.9621353
2014-11-21 00:00:00,128.3800049,127.7399979,128.3899994,127.2699966,1665300.0,99.018837
2014-11-24 00:00:00,128.3699951,128.8300018,128.9799957,127.9100037,707000.0,99.0111084
2014-11-25 00:00:00,128.5399933,128.25,129.1000061,127.8099976,949300.0,99.1422195
2014-11-26 00:00:00,129.2200012,128.7299957,129.6399994,128.4799957,823000.0,99.6667099
2014-11-28 00:00:00,129.6399994,129.5800018,131.1499939,128.8500061,484400.0,99.9906464
2014-12-01 00:00:00,129.9799957,129.4799957,130.7299957,129.1799927,951800.0,100.2528763
2014-12-02 00:00:00,131.4900055,129.9100037,131.7200012,129.1399994,808200.0,101.4175415
2014-12-03 00:00:00,131.0800018,131.25,131.4299927,130.3399963,1191400.0,101.1013184
2014-12-04 00:00:00,131.5200043,131.25,131.7899933,130.4100037,872400.0,101.4406815
2014-12-05 00:00:00,131.3899994,131.0700073,131.4499969,129.3200073,772500.0,101.3404007
2014-12-08 00:00:00,131.8200073,131.6300049,132.8300018,131.3500061,884800.0,101.6720734
2014-12-09 00:00:00,133.1600037,130.9799957,133.6900024,130.9799957,849200.0,102.7056122
2014-12-10 00:00:00,132.9900055,132.7400055,133.4799957,132.1600037,810700.0,102.5744858
2014-12-11 00:00:00,131.7700043,133.5099945,133.5700073,131.5700073,1017700.0,101.6335144
2014-12-12 00:00:00,130.6499939,131.3699951,132.2400055,130.6100006,687000.0,100.7696533
2014-12-15 00:00:00,128.9299927,131.0899963,131.2599945,128.6900024,1231400.0,99.4430161
2014-12-16 00:00:00,128.8200073,128.9600067,130.7299957,128.3500061,1003100.0,99.3581924
2014-12-17 00:00:00,131.9900055,129.2299957,132.1799927,128.8200073,781100.0,101.8031921
2014-12-18 00:00:00,134.1000061,132.9799957,134.1199951,132.1399994,859600.0,103.4306488
2014-12-19 00:00:00,133.7100067,134.7899933,134.8399963,132.6600037,1392800.0,103.1298218
2014-12-22 00:00:00,135.7700043,134.0399933,135.8399963,133.7100067,741600.0,104.7186737
2014-12-23 00:00:00,136.2799988,135.8399963,136.5399933,135.3800049,797600.0,105.1120453
2014-12-24 00:00:00,135.1799927,136.5599976,137.1499939,134.9199982,360500.0,104.2636108
2014-12-26 00:00:00,135.2899933,135.1600037,136.0299988,135.1199951,528300.0,104.3484421
2014-12-29 00:00:00,130.75,131.25,131.5500031,129.8999939,700700.0,104.8375626
2014-12-30 00:00:00,131.0200043,130.9499969,131.9299927,130.1199951,550400.0,105.0540543
2014-12-31 00:00:00,128.6900024,131.5700073,132.3699951,128.4900055,1107500.0,103.1858292
2015-01-02 00:00:00,131.2599945,129.3399963,131.4600067,129.2899933,612000.0,105.2465057
2015-01-05 00:00:00,132.4499969,131.8500061,132.6799927,131.0599976,892500.0,106.2006607
2015-01-06 00:00:00,135.0200043,132.9100037,135.2400055,132.7299957,1636600.0,108.2613373
2015-01-07 00:00:00,136.5299988,135.4400024,137.0399933,134.3300018,999200.0,109.4720764
2015-01-08 00:00:00,137.0800018,137.0099945,137.8800049,136.1399994,937400.0,109.9131012
2015-01-09 00:00:00,137.7700043,137.3800049,138.5200043,136.3600006,664900.0,110.4663315
2015-01-12 00:00:00,138.3399963,138.0700073,138.6900024,137.6600037,739100.0,110.9233704
2015-01-13 00:00:00,138.0399933,138.7799988,139.7799988,137.1799927,611900.0,110.6827927
2015-01-14 00:00:00,139.6600037,137.4299927,139.7700043,136.3899994,1043900.0,111.9817657
2015-01-15 00:00:00,139.9700012,139.7100067,140.3300018,139.1000061,618300.0,112.2303238
2015-01-16 00:00:00,141.0899963,139.8800049,141.3300018,139.0700073,731300.0,113.1283798
2015-01-20 00:00:00,140.5200043,141.5800018,141.8600006,140.0700073,884400.0,112.6713181
2015-01-21 00:00:00,140.5200043,140.0299988,140.9600067,139.5599976,567000.0,112.6713181
2015-01-22 00:00:00,143.1600037,140.8999939,143.4100037,140.6300049,861800.0,114.7881165
2015-01-23 00:00:00,142.6699982,143.0,143.1999969,142.0399933,519100.0,114.3952179
2015-01-26 00:00:00,144.2299957,142.3000031,144.2700043,142.0,536800.0,115.6460724
2015-01-27 00:00:00,144.2200012,143.6799927,145.1000061,143.5599976,698000.0,115.6380768
2015-01-28 00:00:00,142.9799957,144.7100067,146.0700073,142.9799957,841600.0,114.6438065
2015-01-29 00:00:00,143.4400024,143.3200073,143.9700012,142.0099945,742000.0,115.0126343
2015-01-30 00:00:00,138.8000031,142.6900024,144.0700073,138.8000031,1633000.0,111.2921906
2015-02-02 00:00:00,140.2100067,139.4499969,140.3899994,136.9700012,1535600.0,112.4227753
2015-02-03 00:00:00,141.8099976,139.5299988,141.9100037,139.0099945,747100.0,113.7056732
2015-02-04 00:00:00,141.1300049,141.5800018,142.1900024,140.1000061,892100.0,113.1604156
2015-02-05 00:00:00,143.7899933,142.0,143.9299927,141.5800018,711400.0,115.2932129
2015-02-06 00:00:00,140.9499969,143.4499969,143.5,140.2700043,1007600.0,113.0160904
2015-02-09 00:00:00,140.1900024,140.4499969,141.4400024,140.0800018,595600.0,112.4067383
2015-02-10 00:00:00,142.2200012,140.9700012,142.2400055,139.7299957,1226400.0,114.0344009
2015-02-11 00:00:00,140.9199982,142.4499969,142.8600006,139.9100037,830800.0,112.9920425
2015-02-12 00:00:00,142.6600037,141.3500061,142.7100067,140.0899963,864800.0,114.3872299
2015-02-13 00:00:00,141.0800018,142.3000031,142.3600006,140.25,529900.0,113.1203537
2015-02-17 00:00:00,140.25,140.9199982,141.7100067,139.7799988,705500.0,112.4548187
2015-02-18 00:00:00,141.7799988,140.1699982,141.8600006,139.2799988,826300.0,113.6815948
2015-02-19 00:00:00,138.4700012,141.1900024,141.1900024,138.0899963,920200.0,111.0276108
2015-02-20 00:00:00,139.3699951,138.1900024,140.1199951,137.8399963,834200.0,111.7492447
2015-02-23 00:00:00,140.9299927,140.1300049,140.9299927,139.0299988,858300.0,113.0000534
2015-02-24 00:00:00,138.2599945,140.1999969,140.6399994,137.5099945,606900.0,110.8592377
2015-02-25 00:00:00,137.6600037,138.5899963,139.6600037,137.4700012,785900.0,110.3781357
2015-02-26 00:00:00,136.2299957,137.4499969,137.7700043,136.1300049,886300.0,109.2315216
2015-02-27 00:00:00,137.4100037,136.3699951,137.8399963,135.5700073,774300.0,110.1776657
2015-03-02 00:00:00,138.7599945,137.7400055,139.8899994,137.6999969,792800.0,111.2601089
2015-03-03 00:00:00,138.75,138.6900024,139.3300018,137.5899963,586900.0,111.2520981
2015-03-04 00:00:00,137.3000031,138.6000061,138.6600037,136.9600067,792400.0,110.0894623
2015-03-05 00:00:00,139.0299988,137.8999939,139.9499969,137.8999939,810100.0,111.4766235
2015-03-06 00:00:00,133.8200073,135.7400055,137.1999969,133.6399994,1181200.0,107.2991562
2015-03-09 00:00:00,134.9400024,134.2599945,135.25,133.8600006,730700.0,108.1971588
2015-03-10 00:00:00,134.75,134.8200073,135.7299957,134.5299988,777000.0,108.0448151
2015-03-11 00:00:00,134.5800018,135.0899963,135.5,134.2799988,672400.0,107.9085083
2015-03-12 00:00:00,137.3399963,135.4900055,137.6399994,135.4100037,839300.0,110.1215439
2015-03-13 00:00:00,135.9799957,136.7100067,137.8300018,135.5899963,1046400.0,109.0310974
2015-03-16 00:00:00,137.25,136.8600006,138.7100067,136.6100006,1044000.0,110.0493851
2015-03-17 00:00:00,137.5099945,136.6799927,137.8600006,136.3999939,562800.0,110.2578278
2015-03-18 00:00:00,141.1300049,137.1699982,141.7299957,137.0800018,906700.0,113.1604156
2015-03-19 00:00:00,141.1499939,140.9900055,141.8999939,140.2599945,690300.0,113.1764755
2015-03-20 00:00:00,144.7299957,141.0200043,144.9600067,141.0,1057100.0,116.0469742
2015-03-23 00:00:00,144.7400055,144.3999939,145.8999939,143.75,775800.0,116.054985
2015-03-24 00:00:00,143.9799957,144.3200073,145.1799927,143.4400024,619100.0,115.4455719
2015-03-25 00:00:00,141.1600037,143.9900055,144.7100067,140.8399963,956300.0,113.1844864
2015-03-26 00:00:00,140.4100037,140.5299988,141.5500031,140.0500031,615800.0,112.5831451
2015-03-27 00:00:00,139.8099976,140.0700073,141.1399994,139.1000061,989100.0,112.6233749
2015-03-30 00:00:00,142.25,140.4799957,142.2700043,139.9900055,675500.0,114.5889053
2015-03-31 00:00:00,140.4799957,141.8899994,142.2299957,140.1799927,943700.0,113.1631012
2015-04-01 00:00:00,139.7100067,140.4799957,141.2400055,138.8500061,856000.0,112.5428543
2015-04-02 00:00:00,140.9299927,139.4900055,141.5399933,139.4900055,567000.0,113.5256119
2015-04-06 00:00:00,142.1699982,141.2400055,143.0899963,141.0,443200.0,114.5245285
2015-04-07 00:00:00,139.5099945,141.9900055,142.0700073,139.5099945,811300.0,112.3816986
2015-04-08 00:00:00,139.7100067,139.7899933,140.6300049,139.3699951,466900.0,112.5428543
2015-04-09 00:00:00,137.3500061,139.3800049,139.3899994,136.9100037,838800.0,110.6417542
2015-04-10 00:00:00,137.5800018,137.5899963,139.1199951,136.9900055,425900.0,110.8270264
2015-04-13 00:00:00,137.0700073,137.6100006,138.0299988,137.0700073,474900.0,110.416214
2015-04-14 00:00:00,137.6499939,137.2400055,138.4100037,137.1499939,450500.0,110.8834152
2015-04-15 00:00:00,136.4900055,137.7799988,138.1000061,136.3399963,703800.0,109.9489975
2015-04-16 00:00:00,137.6799927,136.4600067,137.9600067,135.7100067,596600.0,110.9075851
2015-04-17 00:00:00,136.6000061,137.0899963,137.8000031,135.6300049,504900.0,110.03759
2015-04-20 00:00:00,136.3899994,137.0599976,137.3800049,136.1900024,441100.0,109.8684311
2015-04-21 00:00:00,136.7700043,136.4900055,137.7100067,136.0599976,594400.0,110.1745605
2015-04-22 00:00:00,136.5099945,137.0599976,137.6399994,136.0399933,773800.0,109.9650879
2015-04-23 00:00:00,137.0299988,136.2899933,137.3999939,136.0200043,549600.0,110.3839722
2015-04-24 00:00:00,137.8699951,137.5700073,139.1600037,136.9400024,523500.0,111.0606384
2015-04-27 00:00:00,137.8000031,137.9700012,139.5800018,137.3999939,821000.0,111.0042725
2015-04-28 00:00:00,138.3500061,137.6999969,138.8899994,136.7700043,552600.0,111.447319
2015-04-29 00:00:00,134.8800049,137.3500061,138.1999969,134.7200012,935400.0,108.6520615
2015-04-30 00:00:00,132.3099976,134.1499939,134.9600067,131.4700012,895600.0,106.58181
2015-05-01 00:00:00,132.9499969,132.8999939,134.0500031,132.5700073,728900.0,107.0973434
2015-05-04 00:00:00,132.9499969,133.5099945,134.5899963,132.6100006,537900.0,107.0973434
2015-05-05 00:00:00,129.6499939,132.2100067,133.0500031,129.3600006,1231900.0,104.4390564
2015-05-06 00:00:00,128.6499939,130.25,130.2700043,128.3800049,1183700.0,103.6335068
2015-05-07 00:00:00,131.5,129.3200073,132.0500031,128.7599945,727900.0,105.9293289
2015-05-08 00:00:00,133.3300018,133.2400055,135.1999969,133.1100006,714000.0,107.4034576
2015-05-11 00:00:00,130.8399963,132.7799988,133.6100006,130.3899994,837900.0,105.3976364
2015-05-12 00:00:00,131.3699951,130.0899963,132.0,128.9299927,522200.0,105.824585
2015-05-13 00:00:00,130.6499939,131.7899933,133.1399994,130.2799988,717000.0,105.2445908
2015-05-14 00:00:00,133.3600006,131.4299927,133.4199982,130.6499939,599500.0,107.4276352
2015-05-15 00:00:00,134.6999969,133.8999939,135.4900055,133.5700073,901400.0,108.5070572
2015-05-18 00:00:00,134.3099976,134.1399994,134.9299927,133.2299957,536100.0,108.192894
2015-05-19 00:00:00,133.3899994,133.4900055,135.0599976,133.0899963,537000.0,107.4518127
2015-05-20 00:00:00,133.3099976,133.5899963,134.5200043,133.1499939,434600.0,107.387352
2015-05-21 00:00:00,132.2400055,133.3099976,133.8300018,131.7400055,735100.0,106.5253983
2015-05-22 00:00:00,132.8699951,132.3300018,133.9600067,131.6699982,420800.0,107.0328979
2015-05-26 00:00:00,131.2299957,132.4299927,132.6999969,131.0399933,642600.0,105.7118073
2015-05-27 00:00:00,131.8600006,131.3099976,132.0700073,131.3000031,606800.0,106.2192993
2015-05-28 00:00:00,131.5500031,131.6600037,132.4700012,130.6900024,660100.0,105.9696045
2015-05-29 00:00:00,130.0299988,131.5500031,132.0700073,129.6999969,1466800.0,104.745163
2015-06-01 00:00:00,131.6499939,130.0800018,131.8600006,130.0800018,968200.0,106.0501404
2015-06-02 00:00:00,129.5700073,131.0099945,131.0700073,129.3899994,787100.0,104.3746338
2015-06-03 00:00:00,127.9000015,129.4700012,130.2899933,127.4199982,849000.0,103.0293579
2015-06-04 00:00:00,127.4599991,127.7099991,128.4299927,127.0199966,561000.0,102.6748886
2015-06-05 00:00:00,126.1800003,126.5299988,128.4400024,123.3899994,1058900.0,101.6438293
2015-06-08 00:00:00,125.9899979,126.6699982,127.0699997,125.7799988,543600.0,101.4907379
2015-06-09 00:00:00,124.8899994,125.9899979,126.3099976,124.6600037,633200.0,100.6046524
2015-06-10 00:00:00,126.2200012,125.0299988,127.4199982,124.7200012,607500.0,101.676033
2015-06-11 00:00:00,126.7699966,126.7099991,127.4700012,126.5400009,474000.0,102.1190567
2015-06-12 00:00:00,126.0999985,126.2799988,126.9599991,125.8600006,543500.0,101.5793686
2015-06-15 00:00:00,125.0999985,125.6600037,125.7399979,124.6999969,915700.0,100.7738266
2015-06-16 00:00:00,126.0199966,124.9000015,126.1299973,124.8300018,832400.0,101.5149078
2015-06-17 00:00:00,126.9100037,125.9499969,126.9599991,124.7099991,754300.0,102.2318497
2015-06-18 00:00:00,128.0899963,127.4300003,129.0500031,127.0299988,762900.0,103.1823959
2015-06-19 00:00:00,126.7099991,127.5800018,127.8399963,126.3499985,773500.0,102.0707321
2015-06-22 00:00:00,125.6200027,126.7799988,127.5800018,125.4899979,713500.0,101.1927109
2015-06-23 00:00:00,124.9700012,125.1999969,126.1299973,124.5199966,731500.0,100.6690826
2015-06-24 00:00:00,124.8700027,125.1500015,125.6900024,124.6600037,917500.0,100.5885315
2015-06-25 00:00:00,123.2600021,123.6200027,124.4599991,123.1600037,944100.0,99.291626
2015-06-26 00:00:00,123.4300003,122.5199966,123.9499969,122.0899963,2556600.0,99.9556656
2015-06-29 00:00:00,120.8300018,123.1500015,124.2200012,120.7699966,921000.0,97.8501282
2015-06-30 00:00:00,121.0400009,121.6399994,122.3399963,120.4400024,782900.0,98.0202179
2015-07-01 00:00:00,122.1299973,118.1200027,122.1399994,117.9000015,887400.0,98.9028931
2015-07-02 00:00:00,121.8499985,122.6600037,123.6100006,121.6600037,771800.0,98.6761551
2015-07-06 00:00:00,122.5299988,121.0400009,122.9300003,120.2799988,824400.0,99.2268219
2015-07-07 00:00:00,124.9599991,123.0599976,125.3000031,122.5400009,855800.0,101.1946716
2015-07-08 00:00:00,123.7099991,124.3899994,124.8099976,123.5800018,607400.0,100.1824112
2015-07-09 00:00:00,123.1200027,124.4199982,125.2099991,122.8199997,469300.0,99.704628
2015-07-10 00:00:00,124.1600037,123.8600006,124.8899994,123.6299973,749200.0,100.5468369
2015-07-13 00:00:00,124.7399979,125.2200012,125.8600006,123.7699966,837500.0,101.01651
2015-07-14 00:00:00,124.6299973,124.9499969,125.3399963,123.7099991,702400.0,100.9274292
2015-07-15 00:00:00,124.1399994,124.1200027,124.6800003,123.7099991,908600.0,100.5306396
2015-07-16 00:00:00,125.9899979,124.6600037,126.0800018,124.6600037,742300.0,102.0287781
2015-07-17 00:00:00,125.5699997,125.7099991,125.9700012,125.0599976,910000.0,101.6886902
2015-07-20 00:00:00,125.8000031,125.0599976,126.3099976,125.0599976,738500.0,101.8749313
2015-07-21 00:00:00,125.4000015,125.7300034,126.4899979,125.3600006,778200.0,101.5510025
2015-07-22 00:00:00,125.9300003,125.4599991,126.6500015,125.4599991,778500.0,101.980217
2015-07-23 00:00:00,124.5400009,125.6399994,125.9499969,123.3300018,734400.0,100.8545685
2015-07-24 00:00:00,125.1600037,124.3799973,125.6500015,123.9800034,607200.0,101.3566284
2015-07-27 00:00:00,125.2300034,125.0699997,126.2200012,124.8300018,644300.0,101.4133453
2015-07-28 00:00:00,124.8199997,125.6299973,125.7300034,124.3899994,579000.0,101.0812988
2015-07-29 00:00:00,126.3199997,124.7699966,126.3899994,123.6500015,710100.0,102.2960434
2015-07-30 00:00:00,123.3399963,126.1500015,127.1500015,122.6100006,1062000.0,99.8827591
2015-07-31 00:00:00,123.2799988,124.3199997,124.9899979,123.1600037,897100.0,99.8341904
2015-08-03 00:00:00,124.6999969,123.3199997,124.8499985,123.25,588000.0,100.9841385
2015-08-04 00:00:00,123.0299988,124.3300018,124.8199997,122.8099976,730000.0,99.6317368
2015-08-05 00:00:00,121.2900009,123.5800018,123.5800018,120.9400024,1260100.0,98.2226486
2015-08-06 00:00:00,120.9499969,120.7600021,121.3600006,118.9100037,837300.0,97.9473038
2015-08-07 00:00:00,120.1699982,121.1699982,121.4199982,119.3899994,868400.0,97.3156662
2015-08-10 00:00:00,119.7399979,120.9499969,120.9499969,119.1100006,683200.0,96.9674454
2015-08-11 00:00:00,119.75,119.6900024,120.7699966,119.1100006,889700.0,96.9755325
2015-08-12 00:00:00,119.9599991,119.4199982,119.9800034,118.1900024,937700.0,97.1456146
2015-08-13 00:00:00,120.7099991,119.4700012,121.1800003,118.0100021,1184400.0,97.7529678
2015-08-14 00:00:00,121.9199982,120.5899963,121.9800034,119.7699966,698100.0,98.7328491
2015-08-17 00:00:00,122.9899979,121.9199982,123.1200027,120.6999969,710900.0,99.5993729
2015-08-18 00:00:00,122.9300003,122.8099976,123.0500031,122.1200027,567200.0,99.550766
2015-08-19 00:00:00,122.4199982,122.1299973,122.9599991,121.3499985,532800.0,99.1377487
2015-08-20 00:00:00,120.8499985,121.9700012,122.6299973,120.6600037,616100.0,97.8663254
2015-08-21 00:00:00,118.6500015,120.7099991,121.1500015,118.5999985,1133300.0,96.0847473
2015-08-24 00:00:00,112.3300018,118.6500015,118.6500015,94.9100037,1154500.0,90.966713
2015-08-25 00:00:00,108.6500015,115.0299988,115.0299988,108.5999985,1515700.0,87.9865723
2015-08-26 00:00:00,113.8099976,110.6900024,114.4199982,109.7600021,1888900.0,92.1652298
2015-08-27 00:00:00,116.7900009,114.8000031,117.8300018,114.0800018,1309800.0,94.578476
2015-08-28 00:00:00,116.6200027,116.4000015,116.7799988,115.3700027,979500.0,94.4407959
2015-08-31 00:00:00,113.3799973,116.1699982,116.1699982,113.2399979,1294800.0,91.8170013
2015-09-01 00:00:00,110.6600037,112.0,112.9599991,109.6999969,952300.0,89.6143188
2015-09-02 00:00:00,111.9100037,112.0,112.7099991,111.0899963,939400.0,90.6265869
2015-09-03 00:00:00,111.9400024,112.3499985,113.0500031,111.5699997,724700.0,90.6508789
2015-09-04 00:00:00,109.8600006,110.5800018,111.0400009,109.1299973,739000.0,88.9664307
2015-09-08 00:00:00,111.7099991,111.1299973,112.1399994,110.5299988,695000.0,90.4646149
2015-09-09 00:00:00,110.5699997,113.5500031,114.9700012,110.3399963,857000.0,89.5414352
2015-09-10 00:00:00,111.8899994,110.6100006,113.3000031,110.4300003,743200.0,90.6104126
2015-09-11 00:00:00,113.9400024,111.8199997,113.9899979,111.1200027,620200.0,92.2704926
2015-09-14 00:00:00,113.2799988,114.0100021,114.1200027,112.6100006,762300.0,91.7360001
2015-09-15 00:00:00,114.4700012,112.9300003,114.9700012,112.6900024,598100.0,92.699707
2015-09-16 00:00:00,117.7200012,114.1999969,118.1699982,113.6399994,1078000.0,95.331604
2015-09-17 00:00:00,119.4599991,117.4499969,121.75,116.9000015,1309100.0,96.7406921
2015-09-18 00:00:00,118.6500015,117.5800018,120.4899979,117.5800018,1203900.0,96.0847473
2015-09-21 00:00:00,118.6900024,118.5899963,119.8899994,118.0,785500.0,96.1171417
2015-09-22 00:00:00,116.6900024,117.9400024,118.75,116.3399963,853400.0,94.4975052
2015-09-23 00:00:00,117.0500031,116.9400024,118.0400009,116.0,924100.0,94.7890244
2015-09-24 00:00:00,115.9499969,116.7300034,117.7699966,115.2699966,894300.0,93.8982239
2015-09-25 00:00:00,116.4800034,116.3600006,117.5500031,115.5699997,630100.0,94.3274384
2015-09-28 00:00:00,114.5,115.3399963,115.8700027,113.6999969,895400.0,93.2443237
2015-09-29 00:00:00,117.4700012,114.6399994,117.75,114.3499985,954300.0,95.6629944
2015-09-30 00:00:00,118.4000015,118.6600037,119.5999985,117.25,1008800.0,96.4203491
2015-10-01 00:00:00,118.6200027,118.9700012,118.9700012,117.0299988,865500.0,96.5995255
2015-10-02 00:00:00,119.4700012,117.9700012,119.5,116.6399994,756600.0,97.2916946
2015-10-05 00:00:00,120.6200027,119.8000031,120.9899979,119.2900009,753600.0,98.228241
2015-10-06 00:00:00,120.3199997,120.4899979,121.4899979,119.9599991,806200.0,97.983902
2015-10-07 00:00:00,121.25,120.4599991,121.4499969,119.8799973,744100.0,98.7412872
2015-10-08 00:00:00,121.8899994,121.25,122.0100021,119.8099976,656900.0,99.2624664
2015-10-09 00:00:00,121.6500015,121.7799988,122.0299988,120.7600021,477800.0,99.0670013
2015-10-12 00:00:00,122.5699997,121.7699966,122.6600037,121.0100021,686600.0,99.816246
2015-10-13 00:00:00,120.5199966,122.3700027,122.5899963,120.3399963,719900.0,98.1467896
2015-10-14 00:00:00,119.9100037,120.9300003,121.6200027,119.6900024,674800.0,97.6500397
2015-10-15 00:00:00,120.7699966,120.5,120.8399963,119.8300018,818700.0,98.3503723
2015-10-16 00:00:00,122.6100006,121.4700012,122.9000015,120.9899979,872400.0,99.8488007
2015-10-19 00:00:00,124.0999985,122.4000015,124.1500015,121.8799973,532000.0,101.0622101
2015-10-20 00:00:00,122.9800034,123.6900024,124.2099991,122.4300003,729900.0,100.150116
2015-10-21 00:00:00,122.3600006,123.5699997,123.9800034,121.2099991,1647300.0,99.6452179
2015-10-22 00:00:00,123.75,123.0199966,123.9199982,122.3099976,1033000.0,100.7771683
2015-10-23 00:00:00,121.8700027,123.5299988,123.5599976,121.3399963,931000.0,99.2461777
2015-10-26 00:00:00,120.9400024,121.8700027,122.5100021,120.2600021,1265500.0,98.4888229
2015-10-27 00:00:00,121.8799973,120.9000015,122.2600021,120.6200027,751300.0,99.2543106
2015-10-28 00:00:00,122.1999969,121.9000015,122.4800034,119.7900009,538800.0,99.5149002
2015-10-29 00:00:00,122.7799988,121.6399994,123.2900009,121.6399994,792100.0,99.9872589
2015-10-30 00:00:00,125.8499985,121.8300018,126.8700027,121.1999969,1854600.0,102.4873199
2015-11-02 00:00:00,129.7700043,125.7900009,129.8999939,125.2099991,1233800.0,105.6796341
2015-11-03 00:00:00,128.5899963,129.6300049,129.6600037,127.9499969,918400.0,104.7186737
2015-11-04 00:00:00,127.1200027,128.6199951,129.2200012,126.6399994,653400.0,103.5215759
2015-11-05 00:00:00,127.9100037,127.0,128.0,126.5899963,486500.0,104.1649094
2015-11-06 00:00:00,124.1900024,126.0500031,126.6800003,123.1299973,807400.0,101.135498
2015-11-09 00:00:00,122.6800003,123.9300003,124.0400009,121.4300003,657700.0,99.9058151
2015-11-10 00:00:00,124.0,122.9000015,124.1100006,122.3499985,600000.0,100.9807739
2015-11-11 00:00:00,124.3399963,124.1500015,124.8099976,123.3499985,495300.0,101.2576599
2015-11-12 00:00:00,123.2099991,123.8899994,124.4700012,122.5599976,532400.0,100.3374023
2015-11-13 00:00:00,122.8600006,124.5100021,125.3000031,122.6800003,479300.0,100.0523987
2015-11-16 00:00:00,123.7799988,122.5899963,123.7799988,121.8399963,694800.0,100.8016281
2015-11-17 00:00:00,123.4300003,123.4400024,124.8000031,122.6999969,696800.0,100.5165558
2015-11-18 00:00:00,124.1399994,123.6999969,124.3199997,122.8399963,637300.0,101.0947876
2015-11-19 00:00:00,124.3399963,124.5400009,124.8899994,123.6999969,464000.0,101.2576599
2015-11-20 00:00:00,126.5199966,124.8700027,126.6299973,124.7799988,1185200.0,103.0329666
2015-11-23 00:00:00,125.9700012,126.6900024,127.3300018,125.4700012,561000.0,102.5850677
2015-11-24 00:00:00,124.6699982,124.9800034,125.3799973,123.4300003,631300.0,101.5264053
2015-11-25 00:00:00,124.7699966,124.9499969,125.4800034,124.1800003,507800.0,101.6078186
2015-11-27 00:00:00,125.8199997,124.6999969,126.2200012,124.1600037,257900.0,102.4629288
2015-11-30 00:00:00,124.9899979,126.1299973,126.5,124.6200027,818600.0,101.7869949
2015-12-01 00:00:00,126.6699982,125.8700027,126.7600021,125.4300003,671800.0,103.1551208
2015-12-02 00:00:00,123.4800034,126.1100006,126.8799973,123.2099991,732900.0,100.5572968
2015-12-03 00:00:00,122.3799973,122.8000031,123.5100021,121.6299973,821900.0,99.661499
2015-12-04 00:00:00,124.8399963,122.9599991,125.0199966,122.1800003,1055300.0,101.6648178
2015-12-07 00:00:00,125.0,124.0100021,125.2300034,123.8499985,441900.0,101.7951279
2015-12-08 00:00:00,124.8600006,124.8600006,125.5,124.1699982,635300.0,101.6811142
2015-12-09 00:00:00,123.5100021,124.0,124.8700027,122.3499985,633200.0,100.5817184
2015-12-10 00:00:00,122.9199982,123.4899979,124.5999985,121.9300003,685200.0,100.1012573
2015-12-11 00:00:00,123.2600021,121.8099976,123.5,121.1200027,877800.0,100.3781357
2015-12-14 00:00:00,125.3399963,122.9499969,125.5800018,122.0999985,1083600.0,102.0720062
2015-12-15 00:00:00,127.0100021,126.2600021,127.8600006,125.9700012,1208000.0,103.4319839
2015-12-16 00:00:00,130.1499939,127.3499985,130.6799927,126.9000015,1110100.0,105.9890747
2015-12-17 00:00:00,130.0200043,130.5700073,130.5700073,128.7899933,966000.0,105.8832169
2015-12-18 00:00:00,127.0800018,129.3000031,130.0700073,127.0800018,1462100.0,103.489006
2015-12-21 00:00:00,127.0699997,128.0800018,129.2100067,126.0800018,639900.0,103.4808807
2015-12-22 00:00:00,127.2399979,127.9899979,128.8899994,127.0299988,866900.0,103.6193085
2015-12-23 00:00:00,128.9499969,127.4199982,129.0099945,127.3099976,555900.0,105.0118484
2015-12-24 00:00:00,129.0099945,129.1499939,129.6399994,128.1999969,214400.0,105.06073
2015-12-28 00:00:00,129.6199951,128.7799988,129.7100067,128.1499939,473100.0,105.5574875
2015-12-29 00:00:00,129.8200073,128.7700043,129.9199982,128.25,476900.0,107.2930832
2015-12-30 00:00:00,128.6000061,129.4400024,130.0399933,128.4799957,424300.0,106.2847595
2015-12-31 00:00:00,127.5400009,128.9100037,128.9700012,127.4899979,528600.0,105.4087219
2016-01-04 00:00:00,124.1999969,125.2799988,125.9300003,122.9000015,800900.0,102.6482925
2016-01-05 00:00:00,127.2600021,124.2600021,127.7099991,123.8099976,692600.0,105.1772919
2016-01-06 00:00:00,127.2399979,126.6600037,127.3300018,126.2900009,796100.0,105.1607666
2016-01-07 00:00:00,124.9800034,125.5100021,127.2099991,124.9499969,919100.0,103.2929382
2016-01-08 00:00:00,121.4800034,125.0,125.7699966,121.2699966,803000.0,100.4002609
2016-01-11 00:00:00,122.6800003,121.9499969,123.2300034,121.6299973,763400.0,101.3920288
2016-01-12 00:00:00,121.0100021,123.4000015,124.0699997,120.4700012,903300.0,100.0118179
2016-01-13 00:00:00,118.7300034,121.1500015,122.2799988,118.5699997,719800.0,98.127449
2016-01-14 00:00:00,119.8700027,119.3499985,121.0199966,119.0800018,929600.0,99.0696487
2016-01-15 00:00:00,118.4499969,118.3399963,118.7799988,116.7200012,808100.0,97.8960495
2016-01-19 00:00:00,119.3300018,119.8199997,120.4100037,118.2099991,602800.0,98.6233444
2016-01-20 00:00:00,115.8499985,118.1699982,118.4000015,113.8399963,1154400.0,95.7472305
2016-01-21 00:00:00,116.0400009,116.3700027,117.7099991,115.4599991,628500.0,95.9042435
2016-01-22 00:00:00,119.1999969,117.4599991,119.7399979,117.4499969,647100.0,98.515892
2016-01-25 00:00:00,117.8099976,119.2099991,120.3799973,117.5999985,727100.0,97.3670883
2016-01-26 00:00:00,120.3499985,118.4400024,120.6900024,118.4400024,726300.0,99.466362
2016-01-27 00:00:00,119.1399994,119.9599991,120.7300034,118.5100021,581800.0,98.4663162
2016-01-28 00:00:00,115.4400024,119.0299988,121.1600037,114.2699966,1832000.0,95.4083328
2016-01-29 00:00:00,116.2099991,117.3099976,117.9599991,114.1999969,1888100.0,96.0447464
2016-02-01 00:00:00,116.3099976,115.4199982,118.3600006,114.8300018,1099100.0,96.1273804
2016-02-02 00:00:00,114.8199997,115.9300003,117.2900009,114.2300034,1268000.0,94.8959427
2016-02-03 00:00:00,114.6999969,115.8099976,116.1100006,114.0400009,1088300.0,94.7967529
2016-02-04 00:00:00,117.25,114.6500015,118.6399994,114.3700027,1094500.0,96.9042816
2016-02-05 00:00:00,115.0899963,116.0299988,117.25,115.0,862800.0,95.119072
2016-02-08 00:00:00,111.1399994,114.9899979,115.1299973,110.0500031,1110500.0,91.8545074
2016-02-09 00:00:00,108.9700012,110.3199997,110.9100037,107.9899979,1175000.0,90.061058
2016-02-10 00:00:00,111.1900024,109.8099976,112.4700012,109.1699982,679300.0,91.8958511
2016-02-11 00:00:00,108.1800003,109.5800018,109.9100037,107.8099976,936800.0,89.4081345
2016-02-12 00:00:00,108.6100006,109.0699997,109.75,107.2799988,714900.0,89.7635269
2016-02-16 00:00:00,110.2900009,110.3000031,110.5400009,108.8700027,1096600.0,91.1520081
2016-02-17 00:00:00,111.9700012,111.5100021,113.3000031,111.4100037,745100.0,92.5404816
2016-02-18 00:00:00,111.6200027,111.7799988,112.4199982,110.5199966,964100.0,92.2512207
2016-02-19 00:00:00,112.4000015,111.0400009,113.1699982,109.9599991,870200.0,92.8958511
2016-02-22 00:00:00,114.7600021,113.8600006,115.1200027,113.1500015,972600.0,94.846344
2016-02-23 00:00:00,114.3499985,114.1800003,116.3099976,113.4700012,1439400.0,94.5074844
2016-02-24 00:00:00,113.7200012,113.7200012,114.3899994,112.3799973,701700.0,93.9868317
2016-02-25 00:00:00,115.1800003,114.5599976,116.1800003,113.8399963,639500.0,95.1934662
2016-02-26 00:00:00,113.9000015,114.9100037,115.0899963,113.7600021,685200.0,94.1355896
2016-02-29 00:00:00,114.1399994,114.0899963,116.0999985,113.6600037,1246700.0,94.3339157
2016-03-01 00:00:00,118.0599976,115.0,118.0999985,114.2900009,816100.0,97.5737
2016-03-02 00:00:00,118.0299988,117.5199966,118.0999985,116.7799988,584900.0,97.5489273
2016-03-03 00:00:00,118.4000015,117.6699982,118.6600037,117.3199997,763700.0,97.8547211
2016-03-04 00:00:00,118.5800018,118.3300018,118.7399979,117.75,777100.0,98.0034943
2016-03-07 00:00:00,118.6500015,117.4100037,119.2900009,117.4100037,477300.0,98.0613251
2016-03-08 00:00:00,117.0999985,118.2200012,118.9100037,116.9000015,587700.0,96.7803116
2016-03-09 00:00:00,117.3399963,117.4300003,118.2799988,117.0199966,701000.0,96.978653
2016-03-10 00:00:00,117.1200027,118.0699997,118.5599976,115.6900024,362500.0,96.7968216
2016-03-11 00:00:00,122.6999969,117.9000015,122.8600006,117.0199966,1192100.0,101.408577
2016-03-14 00:00:00,122.7200012,122.3199997,122.9599991,121.4800034,692900.0,101.425087
2016-03-15 00:00:00,123.3700027,122.1200027,123.7399979,121.5400009,782300.0,101.9623184
2016-03-16 00:00:00,125.3700027,122.5400009,125.8300018,122.3899994,822200.0,103.6152496
2016-03-17 00:00:00,127.0,125.6100006,127.6399994,124.6999969,880200.0,104.9624252
2016-03-18 00:00:00,126.6600037,127.1200027,127.5199966,126.25,1233300.0,104.6814117
2016-03-21 00:00:00,125.9499969,126.0999985,127.0,125.3600006,1263300.0,104.0946121
2016-03-22 00:00:00,125.3199997,125.7200012,126.5100021,124.4400024,934400.0,103.5739365
2016-03-23 00:00:00,124.25,125.25,125.7300034,124.1800003,856900.0,102.6895981
2016-03-24 00:00:00,123.8700027,123.7799988,124.25,122.3499985,688900.0,102.3755569
2016-03-28 00:00:00,124.9300003,124.0100021,125.4599991,123.6999969,503700.0,103.2515945
2016-03-29 00:00:00,126.7699966,124.1699982,126.9599991,123.9000015,579000.0,105.3203049
2016-03-30 00:00:00,126.7200012,126.9899979,127.7699966,126.4800034,602600.0,105.2787628
2016-03-31 00:00:00,127.0800018,126.6900024,127.2300034,126.0400009,717700.0,105.5778503
2016-04-01 00:00:00,127.2900009,126.7200012,127.9400024,126.1699982,604400.0,105.7523117
2016-04-04 00:00:00,127.5,127.2600021,127.8199997,126.8199997,540100.0,105.9267807
2016-04-05 00:00:00,127.0299988,127.0999985,128.0599976,126.6600037,521400.0,105.5362854
2016-04-06 00:00:00,127.9000015,126.8499985,127.9899979,125.5100021,493800.0,106.2590866
2016-04-07 00:00:00,126.2099991,127.3399963,127.7900009,125.7099991,599200.0,104.8550491
2016-04-08 00:00:00,127.1200027,126.8499985,128.6499939,126.0599976,568500.0,105.6110687
2016-04-11 00:00:00,126.9000015,127.5199966,127.9899979,126.6200027,467300.0,105.4282913
2016-04-12 00:00:00,129.1999969,127.5,129.7299957,127.3700027,828700.0,107.3391113
2016-04-13 00:00:00,128.3500061,129.8399963,129.8800049,127.8000031,727700.0,106.6329651
2016-04-14 00:00:00,128.3200073,128.3800049,128.8399963,127.8899994,482700.0,106.6080399
2016-04-15 00:00:00,129.5800018,128.4199982,129.8000031,127.7200012,538600.0,107.6548615
2016-04-18 00:00:00,130.0099945,129.3600006,130.1699982,128.3500061,700900.0,108.0120697
2016-04-19 00:00:00,131.1399994,130.3000031,131.1600037,129.6900024,433600.0,108.9508972
2016-04-20 00:00:00,128.6799927,131.2299957,131.3300018,128.4900055,430400.0,106.907135
2016-04-21 00:00:00,127.9000015,128.6799927,129.7400055,127.4400024,661900.0,106.2590866
2016-04-22 00:00:00,129.3999939,128.4900055,129.4600067,127.9100037,416100.0,107.5052719
2016-04-25 00:00:00,130.0,128.6000061,130.1600037,128.1199951,564000.0,108.0037842
2016-04-26 00:00:00,130.5500031,130.7899933,131.2400055,129.6799927,585300.0,108.4607315
2016-04-27 00:00:00,130.6000061,130.3000031,131.5800018,128.9199982,613100.0,108.5022354
2016-04-28 00:00:00,129.6499939,130.2599945,131.1499939,129.1699982,466500.0,107.7129822
2016-04-29 00:00:00,128.8600006,128.9900055,129.6799927,128.0399933,821400.0,107.0566483
2016-05-02 00:00:00,131.1100006,129.5599976,131.4499969,128.7400055,459800.0,108.9259644
2016-05-03 00:00:00,129.9400024,130.2899933,131.0599976,129.1100006,492100.0,107.9539108
2016-05-04 00:00:00,130.5800018,128.9600067,131.0200043,128.3699951,805900.0,108.4856262
2016-05-05 00:00:00,130.8600006,130.5,131.1399994,129.8999939,596100.0,108.7182541
2016-05-06 00:00:00,130.8999939,130.7799988,131.2899933,129.5299988,922700.0,108.7514801
2016-05-09 00:00:00,132.2700043,131.2200012,132.3200073,130.8500061,760100.0,109.8896866
2016-05-10 00:00:00,133.1300049,132.9499969,133.5899963,132.3600006,850400.0,110.604187
2016-05-11 00:00:00,130.8999939,133.0,133.0,130.3800049,968000.0,108.7514801
2016-05-12 00:00:00,131.3800049,131.1199951,131.6000061,130.1100006,606100.0,109.1502762
2016-05-13 00:00:00,130.0599976,130.9700012,130.9700012,129.4199982,635100.0,108.0536041
2016-05-16 00:00:00,130.8099976,130.1399994,131.0200043,129.5,462100.0,108.676712
2016-05-17 00:00:00,130.3899994,130.3699951,131.0899963,129.5399933,922700.0,108.3277817
2016-05-18 00:00:00,127.25,129.8999939,130.7200012,125.7600021,1555400.0,105.719101
2016-05-19 00:00:00,123.7099991,125.4400024,126.1699982,123.4499969,1193600.0,102.7780533
2016-05-20 00:00:00,124.3899994,124.7099991,125.1800003,123.6900024,1094600.0,103.3429794
2016-05-23 00:00:00,124.4400024,124.6999969,125.0,123.75,712400.0,103.3845291
2016-05-24 00:00:00,125.8600006,125.4300003,127.0800018,124.7799988,767700.0,104.5642776
2016-05-25 00:00:00,125.2600021,126.1299973,126.1299973,124.2600021,863000.0,104.0657959
2016-05-26 00:00:00,124.8000031,125.2600021,125.3700027,124.4700012,632300.0,103.6836319
2016-05-27 00:00:00,125.4100037,125.0599976,126.2699966,124.6600037,573100.0,104.1904144
2016-05-31 00:00:00,125.6299973,125.9000015,126.6600037,125.0800018,948500.0,104.3731613
2016-06-01 00:00:00,127.1100006,125.1999969,127.1900024,124.9100037,732100.0,105.6027679
2016-06-02 00:00:00,127.2600021,126.7600021,127.4100037,125.8399963,624700.0,105.7273941
2016-06-03 00:00:00,127.7799988,127.9300003,128.6600037,126.8799973,737000.0,106.1593857
2016-06-06 00:00:00,127.0599976,127.6699982,128.0,126.1800003,761900.0,105.5612183
2016-06-07 00:00:00,127.8899994,127.2699966,128.4100037,127.2699966,378000.0,106.2508011
2016-06-08 00:00:00,128.0700073,127.7799988,128.2799988,127.6200027,480900.0,106.4003372
2016-06-09 00:00:00,128.9799957,127.0500031,129.2599945,127.0500031,457200.0,107.1563721
2016-06-10 00:00:00,128.2299957,128.2100067,129.1000061,127.5800018,638600.0,106.5332642
2016-06-13 00:00:00,127.1200027,128.5099945,129.6000061,126.8499985,992000.0,105.6110687
2016-06-14 00:00:00,126.2200012,126.9800034,127.5599976,125.5299988,747300.0,104.8633423
2016-06-15 00:00:00,126.6900024,126.3399963,127.8199997,125.8899994,731400.0,105.2538147
2016-06-16 00:00:00,126.5599976,126.1699982,126.75,125.4300003,839700.0,105.145813
2016-06-17 00:00:00,126.6900024,126.2399979,127.0599976,125.4100037,910000.0,105.2538147
2016-06-20 00:00:00,126.8499985,127.6600037,128.8200073,126.7300034,913100.0,105.3867569
2016-06-21 00:00:00,127.5899963,127.5800018,128.4299927,127.1200027,537500.0,106.0015564
2016-06-22 00:00:00,128.1699982,128.0099945,129.4900055,127.6500015,795000.0,106.4834061
2016-06-23 00:00:00,129.9799957,129.1600037,130.0099945,128.9199982,489300.0,107.9871445
2016-06-24 00:00:00,128.0299988,126.9400024,129.3500061,126.0899963,2652300.0,106.3670959
2016-06-27 00:00:00,126.5,127.1399994,127.4499969,125.1600037,1168600.0,105.0959778
2016-06-28 00:00:00,128.9299927,126.7699966,128.9600067,126.5100021,986000.0,107.6680298
2016-06-29 00:00:00,131.5,129.6900024,131.5,129.6900024,969400.0,109.8142319
2016-06-30 00:00:00,131.8999939,131.6300049,131.9900055,130.1999969,818500.0,110.1482773
2016-07-01 00:00:00,132.0299988,132.0899963,133.0399933,131.8099976,462000.0,110.2568207
2016-07-05 00:00:00,133.4700012,131.9100037,133.6199951,131.7799988,883300.0,111.4593658
2016-07-06 00:00:00,131.4799957,133.0599976,133.4700012,131.3999939,968700.0,109.7975235
2016-07-07 00:00:00,130.0299988,131.2899933,131.2899933,129.4900055,803400.0,108.5866547
2016-07-08 00:00:00,133.3200073,130.9700012,133.6100006,130.6600037,658000.0,111.3340988
2016-07-11 00:00:00,134.5299988,134.0,134.8099976,132.75,460200.0,112.344574
2016-07-12 00:00:00,135.9700012,134.4400024,136.1300049,133.8200073,894500.0,113.5470886
2016-07-13 00:00:00,136.6100006,136.5299988,136.6499939,135.5500031,544400.0,114.0815353
2016-07-14 00:00:00,135.8600006,136.5299988,137.1300049,135.6300049,439600.0,113.4552078
2016-07-15 00:00:00,136.0500031,136.0399933,136.2200012,134.7100067,571600.0,113.6138916
2016-07-18 00:00:00,136.5299988,136.3099976,136.6100006,135.1000061,484000.0,114.01474
2016-07-19 00:00:00,137.4499969,136.5200043,137.6100006,136.0099945,618100.0,114.78302
2016-07-20 00:00:00,137.1499939,137.4400024,137.4400024,136.6199951,486200.0,114.532486
2016-07-21 00:00:00,137.5599976,136.6799927,137.5899963,136.3500061,356600.0,114.8748703
2016-07-22 00:00:00,138.9199982,137.5200043,139.3699951,136.8899994,503900.0,116.0106049
2016-07-25 00:00:00,139.0700073,138.8399963,139.1100006,138.0,429600.0,116.1358948
2016-07-26 00:00:00,138.8500061,139.4700012,139.4700012,137.5099945,559200.0,115.9521713
2016-07-27 00:00:00,138.6499939,138.8600006,139.3200073,137.3699951,747200.0,115.7851181
2016-07-28 00:00:00,139.4400024,138.7400055,140.5099945,138.5599976,624800.0,116.4448395
2016-07-29 00:00:00,142.1300049,139.1699982,142.6300049,139.1699982,834000.0,118.6912079
2016-08-01 00:00:00,142.4700012,142.1300049,142.8500061,141.8099976,619500.0,118.9751587
2016-08-02 00:00:00,140.6399994,139.3399963,142.9299927,139.3399963,680600.0,117.4469528
2016-08-03 00:00:00,140.4100037,140.5599976,141.0899963,139.5599976,623900.0,117.2548904
2016-08-04 00:00:00,140.8699951,140.6900024,141.1199951,139.5099945,585800.0,117.6390076
2016-08-05 00:00:00,142.1100006,141.2100067,142.4199982,140.8899994,835400.0,118.6745453
2016-08-08 00:00:00,142.8000031,142.0,142.9700012,141.3699951,640800.0,119.2507401
2016-08-09 00:00:00,143.3999939,142.1799927,143.4700012,142.0500031,516300.0,119.7517776
2016-08-10 00:00:00,143.3899994,143.6199951,144.0200043,142.8099976,610200.0,119.7434311
2016-08-11 00:00:00,142.3500061,143.4700012,143.6100006,141.4499969,455000.0,118.8749466
2016-08-12 00:00:00,142.8200073,142.4700012,143.9400024,142.4700012,317200.0,119.2674637
2016-08-15 00:00:00,143.6100006,143.2599945,143.8999939,143.0800018,620700.0,119.9271774
2016-08-16 00:00:00,142.3500061,142.8999939,142.8999939,141.6999969,429300.0,118.8749466
2016-08-17 00:00:00,142.8800049,142.3099976,142.9299927,141.0500031,558200.0,119.3175507
2016-08-18 00:00:00,142.3699951,142.9499969,143.3500061,141.7599945,639600.0,118.891655
2016-08-19 00:00:00,141.3500061,141.6799927,141.9700012,140.6000061,764800.0,118.0398788
2016-08-22 00:00:00,141.8699951,141.4700012,142.2899933,140.9900055,468800.0,118.4741058
2016-08-23 00:00:00,141.3500061,142.4199982,142.6499939,141.3300018,518100.0,118.0398788
2016-08-24 00:00:00,140.3500061,141.6199951,141.6199951,140.1799927,473700.0,117.2047653
2016-08-25 00:00:00,140.4900055,140.4600067,142.1699982,140.2200012,560400.0,117.3216705
2016-08-26 00:00:00,139.1699982,140.8500061,141.5099945,138.0700073,577100.0,116.2193604
2016-08-29 00:00:00,140.4600067,139.4600067,140.8999939,139.2400055,488200.0,117.2966232
2016-08-30 00:00:00,140.4499969,140.6900024,140.6900024,138.9299927,556200.0,117.2882767
2016-08-31 00:00:00,140.1300049,140.0899963,140.3899994,139.1999969,1144900.0,117.0210571
2016-09-01 00:00:00,141.0599976,140.2799988,141.2200012,139.5299988,844400.0,117.7976913
2016-09-02 00:00:00,142.3000031,141.5700073,143.6499939,141.3800049,511600.0,118.8331985
2016-09-06 00:00:00,142.75,142.3999939,142.7599945,141.2599945,582600.0,119.208992
2016-09-07 00:00:00,143.1699982,142.4900055,143.3000031,141.8300018,367800.0,119.5597153
2016-09-08 00:00:00,141.8200073,142.4900055,142.8399963,141.2599945,1309100.0,118.4323807
2016-09-09 00:00:00,135.2200012,140.4700012,140.4700012,135.2100067,1075500.0,112.9207611
2016-09-12 00:00:00,138.4299927,134.7299957,138.8800049,134.7299957,1177900.0,115.6013794
2016-09-13 00:00:00,134.8699951,137.0800018,137.6499939,134.8000031,836700.0,112.6284943
2016-09-14 00:00:00,134.7899933,135.1300049,135.9400024,134.2100067,408500.0,112.561676
2016-09-15 00:00:00,134.7599945,134.6499939,135.25,133.8399963,655700.0,112.5366364
2016-09-16 00:00:00,134.6999969,134.1499939,134.8800049,132.8300018,1299200.0,112.486496
2016-09-19 00:00:00,135.2400055,135.4499969,135.9499969,134.8999939,514200.0,112.9374619
2016-09-20 00:00:00,135.3200073,135.9600067,136.2299957,134.8699951,487500.0,113.0042801
2016-09-21 00:00:00,137.1499939,135.5200043,137.4400024,133.3800049,533400.0,114.532486
2016-09-22 00:00:00,139.0399933,138.5200043,139.5599976,138.4600067,596900.0,116.1107864
2016-09-23 00:00:00,139.6799927,138.6499939,140.2599945,137.6000061,671900.0,116.6452484
2016-09-26 00:00:00,139.0899963,139.1199951,139.8999939,138.8699951,530900.0,116.152565
2016-09-27 00:00:00,138.1199951,139.4100037,139.4900055,137.6699982,581800.0,115.342514
2016-09-28 00:00:00,138.3800049,137.6799927,138.6999969,137.3800049,698200.0,116.106041
2016-09-29 00:00:00,136.3099976,137.4900055,138.4799957,136.3099976,678900.0,114.3692245
2016-09-30 00:00:00,136.2899933,137.3899994,137.8999939,135.8699951,840700.0,114.3524323
2016-10-03 00:00:00,133.3899994,135.4199982,135.4700012,133.0,515300.0,111.9192581
2016-10-04 00:00:00,131.4299927,134.3999939,134.3999939,130.6300049,724500.0,110.2747269
2016-10-05 00:00:00,128.3300018,132.0700073,132.0800018,128.1499939,738300.0,107.6737137
2016-10-06 00:00:00,128.8899994,127.2200012,129.1499939,126.2200012,1019800.0,108.1435776
2016-10-07 00:00:00,129.0299988,129.0899963,130.5500031,127.9700012,752900.0,108.2610245
2016-10-10 00:00:00,128.7100067,129.2400055,130.3300018,128.3899994,559600.0,107.9925537
2016-10-11 00:00:00,127.4400024,128.5,129.0,127.0899963,630100.0,106.9269562
2016-10-12 00:00:00,128.1799927,127.5500031,128.2899933,127.3600006,790000.0,107.5478439
2016-10-13 00:00:00,128.7599945,127.4000015,129.0399933,127.4000015,1101100.0,108.0345001
2016-10-14 00:00:00,126.9000015,128.0800018,128.9100037,126.5,1089400.0,106.4738846
2016-10-17 00:00:00,126.5100021,126.9100037,127.9000015,126.4100037,860000.0,106.1466599
2016-10-18 00:00:00,127.1800003,127.1600037,127.9100037,125.9800034,849500.0,106.7088089
2016-10-19 00:00:00,127.2799988,127.3799973,127.6399994,126.5999985,510300.0,106.792717
2016-10-20 00:00:00,126.0999985,127.4199982,127.9000015,125.5599976,597400.0,105.8026505
2016-10-21 00:00:00,125.8799973,125.1500015,126.0400009,124.8899994,669500.0,105.6180649
2016-10-24 00:00:00,126.1800003,126.6100006,127.3099976,125.6299973,606500.0,105.8697739
2016-10-25 00:00:00,125.3300018,125.8000031,126.1699982,124.8700027,781600.0,105.1565933
2016-10-26 00:00:00,122.8899994,124.5199966,125.0,120.9100037,1102600.0,103.1093369
2016-10-27 00:00:00,119.7799988,121.7699966,121.9100037,118.4499969,1502100.0,100.499939
2016-10-28 00:00:00,118.9400024,120.25,120.9499969,118.4300003,1023400.0,99.7951508
2016-10-31 00:00:00,120.4800034,119.2799988,120.7099991,118.4100037,881000.0,101.087265
2016-11-01 00:00:00,117.1399994,120.2799988,120.3700027,116.75,978400.0,98.284874
2016-11-02 00:00:00,114.3300018,117.1800003,117.9199982,114.2900009,1274100.0,95.9271698
2016-11-03 00:00:00,114.0699997,114.1500015,114.9700012,113.6900024,932900.0,95.7090225
2016-11-04 00:00:00,116.0800018,114.4499969,116.2099991,113.7600021,1045300.0,97.3954926
2016-11-07 00:00:00,118.0100021,117.9400024,118.5800018,116.6800003,1321200.0,99.0148468
2016-11-08 00:00:00,118.0800018,117.8000031,118.7799988,117.4199982,887400.0,99.0735779
2016-11-09 00:00:00,117.8000031,116.0699997,119.0599976,114.5500031,1052800.0,98.8386536
2016-11-10 00:00:00,122.3099976,118.2799988,122.5999985,116.1999969,2173600.0,102.6226959
2016-11-11 00:00:00,122.5,122.1600037,125.3700027,122.1399994,2278600.0,102.782135
2016-11-14 00:00:00,126.0699997,122.5,126.4700012,122.4199982,1613500.0,105.7774734
2016-11-15 00:00:00,124.5199966,126.1500015,127.4400024,124.2600021,1682400.0,104.4769821
2016-11-16 00:00:00,122.7600021,124.4000015,125.0199966,121.9499969,914900.0,103.0002823
2016-11-17 00:00:00,121.6600037,122.6200027,123.6500015,121.5999985,513000.0,102.0773315
2016-11-18 00:00:00,121.1600037,121.6999969,122.6100006,121.0400009,1582300.0,101.6578064
2016-11-21 00:00:00,120.9300003,121.2900009,122.6699982,120.6200027,873200.0,101.4648209
2016-11-22 00:00:00,122.75,121.5400009,123.0999985,120.4199982,958700.0,102.9918976
2016-11-23 00:00:00,122.4300003,122.0800018,122.5,121.3499985,446800.0,102.7233887
2016-11-25 00:00:00,122.9899979,122.4800034,123.8300018,122.4800034,237300.0,103.1932449
2016-11-28 00:00:00,123.7799988,122.5500031,124.3799973,122.5500031,987400.0,103.8561096
2016-11-29 00:00:00,125.2600021,124.0899963,126.0599976,123.75,1053000.0,105.0978622
2016-11-30 00:00:00,123.8799973,124.5299988,125.0999985,123.1100006,1204100.0,103.9399872
2016-12-01 00:00:00,121.7900009,123.1699982,123.4499969,121.1800003,1069500.0,102.1863937
2016-12-02 00:00:00,123.1100006,122.7600021,124.2600021,121.8899994,762500.0,103.2939453
2016-12-05 00:00:00,124.1200027,123.6200027,124.4700012,122.8300018,834800.0,104.1413651
2016-12-06 00:00:00,126.0299988,124.4899979,126.9199982,124.2399979,786400.0,105.7439423
2016-12-07 00:00:00,128.8399963,126.1900024,129.0500031,126.1900024,770500.0,108.1016083
2016-12-08 00:00:00,129.5,128.3500061,130.6600037,126.8600006,741600.0,108.6553955
2016-12-09 00:00:00,128.7400055,128.6699982,129.6799927,127.7699966,627500.0,108.0177383
2016-12-12 00:00:00,129.3500061,128.0200043,129.3800049,127.7300034,628500.0,108.529541
2016-12-13 00:00:00,129.0200043,130.0800018,130.3899994,127.3099976,780700.0,108.2526474
2016-12-14 00:00:00,125.1200027,128.9499969,128.9499969,125.0100021,1075700.0,104.9804077
2016-12-15 00:00:00,122.4499969,125.25,126.0100021,121.8700027,1260000.0,102.7401657
2016-12-16 00:00:00,124.3399963,122.9700012,125.3600006,122.9700012,1413600.0,104.3259583
2016-12-19 00:00:00,126.1500015,124.6999969,127.0599976,124.6999969,651000.0,105.8446198
2016-12-20 00:00:00,127.2900009,126.2799988,127.3300018,125.8799973,578900.0,106.8011093
2016-12-21 00:00:00,124.5899963,127.5199966,128.0,124.5299988,1083700.0,104.5357208
2016-12-22 00:00:00,124.5299988,124.1999969,124.75,122.2900009,749700.0,104.4853668
2016-12-23 00:00:00,124.0699997,124.6399994,124.6399994,123.0199966,502900.0,104.0993958
2016-12-27 00:00:00,124.25,124.1399994,124.9899979,123.3000031,467000.0,104.2504349
2016-12-28 00:00:00,122.4599991,123.4000015,123.5199966,121.7399979,509900.0,103.372551
2016-12-29 00:00:00,123.6699982,122.8700027,124.2900009,121.4700012,497000.0,104.3939362
2016-12-30 00:00:00,125.7799988,123.8199997,126.4800034,123.5100021,792500.0,106.1750641
2017-01-03 00:00:00,127.1800003,127.6999969,127.9300003,125.9899979,813900.0,107.3568344
2017-01-04 00:00:00,131.2200012,127.6600037,131.6100006,127.2200012,1323500.0,110.7671356
2017-01-05 00:00:00,131.8500061,130.1999969,132.5500031,128.7599945,1403000.0,111.2989578
2017-01-06 00:00:00,131.5500031,131.5899963,132.5099945,131.2100067,757500.0,111.0457153
2017-01-09 00:00:00,130.2400055,131.0599976,131.3999939,129.9600067,818800.0,109.939888
2017-01-10 00:00:00,128.7899933,129.8200073,130.2299957,128.7100067,675300.0,108.715889
2017-01-11 00:00:00,127.0,128.6399994,129.4700012,126.7399979,913500.0,107.2049103
2017-01-12 00:00:00,129.0099945,126.9300003,129.1199951,126.5100021,696000.0,108.9016113
2017-01-13 00:00:00,128.5,128.9100037,129.5299988,128.2799988,513200.0,108.4710999
2017-01-17 00:00:00,129.3999939,128.6900024,129.4900055,128.5099945,723300.0,109.2308121
2017-01-18 00:00:00,130.3600006,129.5899963,130.4700012,128.9199982,611400.0,110.041214
2017-01-19 00:00:00,128.4499969,130.3300018,130.4799957,128.3999939,844900.0,108.428894
2017-01-20 00:00:00,129.25,128.6100006,129.3699951,128.1799927,649400.0,109.1042023
2017-01-23 00:00:00,130.6000061,128.8800049,130.9100037,128.6799927,615800.0,110.2437744
2017-01-24 00:00:00,132.2100067,130.8800049,132.4299927,130.3899994,693700.0,111.602829
2017-01-25 00:00:00,130.2400055,132.6100006,132.6100006,129.9499969,796700.0,109.939888
2017-01-26 00:00:00,131.3500061,130.6199951,131.5,130.3099976,440600.0,110.8768768
2017-01-27 00:00:00,130.75,131.5800018,131.6900024,129.9299927,537000.0,110.3703918
2017-01-30 00:00:00,130.2700043,130.8999939,130.8999939,129.25,772700.0,109.9652252
2017-01-31 00:00:00,130.8999939,130.4400024,132.3699951,130.3999939,1015900.0,110.4970016
2017-02-01 00:00:00,129.2700043,131.25,134.3699951,129.1300049,1004900.0,109.1210938
2017-02-02 00:00:00,130.4700012,129.0899963,131.1499939,129.0899963,670900.0,110.1340408
2017-02-03 00:00:00,130.7200012,132.4799957,133.4799957,130.3399963,626400.0,110.3450851
2017-02-06 00:00:00,131.3200073,130.7700043,131.9400024,130.4799957,547800.0,110.8515778
2017-02-07 00:00:00,130.6399994,131.5399933,133.3099976,130.3200073,582100.0,110.2775421
2017-02-08 00:00:00,131.5700073,130.7299957,132.1300049,130.6399994,649400.0,111.0625992
2017-02-09 00:00:00,131.9799957,132.1300049,132.4799957,131.2100067,420200.0,111.4086609
2017-02-10 00:00:00,134.0,131.8200073,134.0500031,131.4700012,561500.0,113.1138306
2017-02-13 00:00:00,134.7599945,134.3500061,135.0099945,133.2799988,671400.0,113.7553787
2017-02-14 00:00:00,135.7899933,134.4600067,136.0399933,133.1600037,991900.0,114.6248169
2017-02-15 00:00:00,135.9799957,135.3099976,136.4700012,134.5200043,1301900.0,114.7852325
2017-02-16 00:00:00,136.8399963,136.2200012,138.2100067,135.4700012,891000.0,115.5111771
2017-02-17 00:00:00,137.1900024,137.1999969,137.5,135.7299957,1399100.0,115.806633
2017-02-21 00:00:00,138.8300018,136.8699951,139.1199951,136.8399963,729600.0,117.1909866
2017-02-22 00:00:00,138.6600037,139.0299988,139.1600037,136.5099945,895600.0,117.0475235
2017-02-23 00:00:00,139.1699982,138.9700012,139.5899963,138.3099976,681500.0,117.4779968
2017-02-24 00:00:00,138.1199951,139.1000061,139.1000061,137.1300049,917300.0,116.5916595
2017-02-27 00:00:00,139.8800049,138.4400024,140.1300049,137.6600037,721000.0,118.0773544
2017-02-28 00:00:00,139.0299988,139.7200012,139.7200012,138.5800018,851100.0,117.3598022
2017-03-01 00:00:00,137.8399963,138.9499969,139.3500061,137.6900024,876000.0,116.3553085
2017-03-02 00:00:00,135.5599976,137.5200043,137.6900024,135.2899933,1161300.0,114.4307022
2017-03-03 00:00:00,135.4799957,135.1999969,135.8200073,134.1399994,812300.0,114.3631516
2017-03-06 00:00:00,135.4299927,135.2100067,135.6499939,134.3399963,701900.0,114.3209305
2017-03-07 00:00:00,135.6600037,135.4400024,135.75,134.8500061,495300.0,114.5150909
2017-03-08 00:00:00,134.0899963,135.25,135.25,133.9199982,690400.0,113.1897964
2017-03-09 00:00:00,132.0299988,134.3899994,135.2100067,131.8600006,945700.0,111.4508972
2017-03-10 00:00:00,130.4299927,132.0299988,133.9400024,129.7599945,857000.0,110.100296
2017-03-13 00:00:00,130.4799957,130.5200043,131.5599976,129.8300018,944000.0,110.1424866
2017-03-14 00:00:00,129.9299927,130.3399963,130.7200012,129.3300018,593600.0,109.6781998
2017-03-15 00:00:00,132.9900055,130.3699951,133.5200043,129.8099976,954200.0,112.2612762
2017-03-16 00:00:00,132.4600067,132.7799988,133.6600037,132.1900024,517800.0,111.8138657
2017-03-17 00:00:00,133.1900024,132.7100067,133.8699951,132.1999969,899900.0,112.4300919
2017-03-20 00:00:00,133.1100006,133.1799927,133.9499969,132.3600006,501900.0,112.3625565
2017-03-21 00:00:00,132.6199951,133.7200012,134.0800018,132.0099945,869400.0,111.9489136
2017-03-22 00:00:00,132.2400055,133.0500031,133.3999939,130.8200073,561100.0,111.6281586
2017-03-23 00:00:00,133.8500061,132.0599976,134.6600037,132.0399933,984600.0,112.9872131
2017-03-24 00:00:00,132.4799957,133.8099976,134.3500061,132.0200043,879200.0,111.8307419
2017-03-27 00:00:00,131.3200073,132.1799927,132.8699951,130.8500061,634700.0,110.8515778
2017-03-28 00:00:00,131.3200073,131.3500061,131.9100037,129.3899994,701500.0,110.8515778
2017-03-29 00:00:00,131.1399994,130.6999969,131.2400055,130.1300049,1071700.0,111.3354874
2017-03-30 00:00:00,131.3800049,130.8300018,131.5700073,130.0500031,664900.0,111.5392303
2017-03-31 00:00:00,132.4100037,131.1499939,132.5599976,130.2599945,887500.0,112.4136963
2017-04-03 00:00:00,133.0200043,132.5,133.3999939,131.9799957,632200.0,112.9315567
2017-04-04 00:00:00,133.8500061,132.9499969,134.3699951,131.6900024,1087600.0,113.6362152
2017-04-05 00:00:00,134.1699982,133.8899994,134.9499969,133.75,582200.0,113.9079056
2017-04-06 00:00:00,134.5599976,133.9600067,134.7200012,133.3999939,687000.0,114.2389908
2017-04-07 00:00:00,134.6799927,134.4400024,136.0299988,134.2100067,752300.0,114.3408585
2017-04-10 00:00:00,135.6499939,134.5,136.0700073,134.1300049,699900.0,115.1643753
2017-04-11 00:00:00,136.8300018,135.6900024,136.8999939,135.3099976,637700.0,116.1661911
2017-04-12 00:00:00,136.5899963,136.5,137.3500061,136.1499939,1047800.0,115.9624176
2017-04-13 00:00:00,135.5200043,136.5200043,136.7299957,135.0599976,640300.0,115.0540314
2017-04-17 00:00:00,136.8699951,136.1699982,136.8899994,135.3699951,444200.0,116.2001419
2017-04-18 00:00:00,135.7400055,136.5399933,137.1300049,135.2799988,501100.0,115.240799
2017-04-19 00:00:00,134.6799927,135.6699982,135.9900055,134.2599945,680600.0,114.3408585
2017-04-20 00:00:00,134.6399994,134.9700012,134.9700012,133.0800018,546900.0,114.3069153
2017-04-21 00:00:00,134.3500061,134.6300049,135.0200043,134.1699982,416800.0,114.0606995
2017-04-24 00:00:00,132.7899933,134.5500031,135.0599976,131.8800049,579100.0,112.7362976
2017-04-25 00:00:00,133.9700012,133.0700073,134.0500031,132.3099976,641300.0,113.7380981
2017-04-26 00:00:00,127.3499985,132.5399933,133.5,127.2300034,1192800.0,108.1178284
2017-04-27 00:00:00,125.9899979,127.3499985,127.8799973,125.7099991,946800.0,106.9632187
2017-04-28 00:00:00,126.5999985,125.6500015,126.6900024,125.5599976,805400.0,107.481102
2017-05-01 00:00:00,126.9700012,126.8499985,127.3199997,125.9700012,591100.0,107.7952271
2017-05-02 00:00:00,126.8600006,126.8700027,127.1900024,125.9899979,531800.0,107.7018433
2017-05-03 00:00:00,124.7900009,127.3099976,127.3499985,124.3099976,670400.0,105.9444427
2017-05-04 00:00:00,123.3700027,124.5,124.5,122.4400024,1009300.0,104.7388916
2017-05-05 00:00:00,123.9000015,123.7799988,124.0599976,123.1399994,727100.0,105.188858
2017-05-08 00:00:00,123.5500031,124.2799988,124.6900024,122.5100021,754300.0,104.8916931
2017-05-09 00:00:00,123.1200027,123.4499969,123.6200027,122.4300003,432200.0,104.5266647
2017-05-10 00:00:00,123.0199966,122.7699966,123.5999985,122.1100006,857900.0,104.4417496
2017-05-11 00:00:00,121.2399979,122.1299973,122.2799988,120.6800003,887900.0,102.9305649
2017-05-12 00:00:00,120.9400024,121.2600021,121.5199966,120.6200027,703300.0,102.6758652
2017-05-15 00:00:00,120.5299988,120.8899994,121.7300034,120.0500031,625800.0,102.3277817
2017-05-16 00:00:00,120.8899994,121.0299988,121.1900024,119.9400024,754500.0,102.6334152
2017-05-17 00:00:00,120.4400024,120.7200012,121.5599976,120.1999969,754600.0,102.2513809
2017-05-18 00:00:00,120.2699966,120.6699982,122.5800018,119.5800018,948100.0,102.1070328
2017-05-19 00:00:00,121.0100021,120.2300034,122.0199966,119.5400009,665000.0,102.7352829
2017-05-22 00:00:00,121.0299988,120.9800034,121.8899994,120.8099976,918400.0,102.7522659
2017-05-23 00:00:00,121.8399963,121.3700027,123.1699982,120.9499969,867800.0,103.439949
2017-05-24 00:00:00,121.8700027,121.9100037,122.3300018,121.4300003,606100.0,103.4654083
2017-05-25 00:00:00,122.0,122.1399994,122.6999969,121.6699982,503800.0,103.5757904
2017-05-26 00:00:00,121.3499985,121.6900024,122.0,120.7399979,400800.0,103.023941
2017-05-30 00:00:00,120.8199997,121.3000031,121.8099976,120.8199997,417700.0,102.5739822
2017-05-31 00:00:00,121.3199997,121.1100006,121.7200012,120.7799988,833600.0,102.9984818
2017-06-01 00:00:00,121.75,120.9199982,122.0800018,120.5199966,617100.0,103.3635483
2017-06-02 00:00:00,122.3600006,122.5,122.8300018,121.8199997,598700.0,103.8814163
2017-06-05 00:00:00,122.2399979,122.2399979,122.6500015,121.2600021,412700.0,103.7795258
2017-06-06 00:00:00,120.9300003,122.1800003,122.1800003,120.2200012,514400.0,102.6673889
2017-06-07 00:00:00,121.7300034,121.0999985,121.8899994,121.0999985,714300.0,103.3465424
2017-06-08 00:00:00,122.5999985,121.7300034,122.6100006,120.8700027,489800.0,104.0851746
2017-06-09 00:00:00,125.2399979,122.3499985,125.6999969,122.0800018,889500.0,106.3264771
2017-06-12 00:00:00,127.1100006,125.1800003,127.1399994,125.0999985,811200.0,107.914093
2017-06-13 00:00:00,126.8199997,126.5199966,127.8399963,125.4599991,657900.0,107.6678696
2017-06-14 00:00:00,126.6200027,127.3000031,127.7799988,126.0299988,550100.0,107.4980927
2017-06-15 00:00:00,127.2799988,125.9000015,127.5899963,125.9000015,599300.0,108.0584106
2017-06-16 00:00:00,126.1200027,127.5400009,128.0399933,125.6399994,934000.0,107.073616
2017-06-19 00:00:00,125.8300018,126.0,126.2799988,124.7200012,528800.0,106.8273773
2017-06-20 00:00:00,125.9599991,125.6999969,126.3799973,124.3499985,482500.0,106.9377594
2017-06-21 00:00:00,125.1200027,125.9800034,126.4300003,124.3600006,409500.0,106.224617
2017-06-22 00:00:00,124.8399963,124.8799973,125.8499985,124.1999969,530600.0,105.9868927
2017-06-23 00:00:00,125.5699997,124.8099976,126.2600021,124.75,776900.0,106.6066666
2017-06-26 00:00:00,125.7300034,126.1100006,126.5100021,125.3899994,612400.0,106.7424927
2017-06-27 00:00:00,123.75,125.4199982,125.8700027,123.6399994,834000.0,105.0615005
2017-06-28 00:00:00,123.3899994,123.7099991,123.8700027,122.7900009,560300.0,105.3946228
2017-06-29 00:00:00,123.1800003,122.9100037,123.8000031,122.3399963,643700.0,105.2152481
2017-06-30 00:00:00,123.0199966,123.5,124.0199966,122.6299973,580200.0,105.0785904
2017-07-03 00:00:00,124.9499969,123.5999985,125.0800018,123.4300003,298200.0,106.7271194
2017-07-05 00:00:00,122.9899979,125.0299988,125.0899963,122.6100006,649000.0,105.0529709
2017-07-06 00:00:00,119.9700012,122.5100021,122.8899994,119.9199982,626800.0,102.4734039
2017-07-07 00:00:00,120.1299973,119.9700012,120.8099976,119.5999985,472700.0,102.6100693
2017-07-10 00:00:00,117.9800034,120.1399994,121.0,117.7099991,805000.0,100.7736282
2017-07-11 00:00:00,117.6999969,117.8700027,118.1800003,116.7699966,692300.0,100.5344696
2017-07-12 00:00:00,119.25,118.0599976,119.5400009,118.0599976,512800.0,101.8584137
2017-07-13 00:00:00,120.3700027,119.5899963,121.0100021,119.2600021,607300.0,102.8150787
2017-07-14 00:00:00,121.6999969,120.8499985,122.3799973,120.7200012,502100.0,103.951088
2017-07-17 00:00:00,121.5599976,121.6900024,122.4100037,121.0400009,655700.0,103.8315125
2017-07-18 00:00:00,119.1399994,121.4800034,121.9300003,118.8799973,832100.0,101.764473
2017-07-19 00:00:00,120.3600006,119.0999985,120.6299973,118.8700027,765600.0,102.8065338
2017-07-20 00:00:00,118.8099976,120.3000031,120.5800018,118.75,510700.0,101.4825592
2017-07-21 00:00:00,118.9100037,118.5999985,119.2799988,118.2799988,401900.0,101.5680084
2017-07-24 00:00:00,119.0100021,119.0899963,119.5400009,118.3799973,490200.0,101.6534119
2017-07-25 00:00:00,119.2699966,119.5,119.5,118.3300018,514200.0,101.8754883
2017-07-26 00:00:00,120.3700027,119.3600006,120.4300003,118.7699966,410200.0,102.8150787
2017-07-27 00:00:00,121.2099991,120.1500015,121.4499969,118.7200012,595200.0,103.5325546
2017-07-28 00:00:00,122.3300018,121.2399979,122.4599991,120.7099991,701300.0,104.489212
2017-07-31 00:00:00,120.9100037,122.3199997,122.7699966,119.9199982,1046700.0,103.2763214
2017-08-01 00:00:00,121.8700027,121.2200012,122.6299973,120.8600006,595100.0,104.0962982
2017-08-02 00:00:00,121.8300018,122.9899979,125.0,121.1299973,886600.0,104.062149
2017-08-03 00:00:00,123.7099991,121.8499985,123.8199997,121.8499985,694100.0,105.6679611
2017-08-04 00:00:00,124.2200012,123.6999969,124.6999969,123.3300018,765400.0,106.1035767
2017-08-07 00:00:00,122.75,124.2099991,124.2099991,122.5100021,422300.0,104.8479614
2017-08-08 00:00:00,122.9599991,122.5100021,123.4700012,122.1399994,662700.0,105.0273361
2017-08-09 00:00:00,121.6699982,122.8000031,122.8000031,121.4199982,503700.0,103.9254761
2017-08-10 00:00:00,121.2699966,121.1900024,121.4700012,120.4700012,555200.0,103.5838013
2017-08-11 00:00:00,120.0500031,120.9499969,121.5,119.0199966,564800.0,102.5417404
2017-08-14 00:00:00,122.5100021,120.4300003,122.7900009,120.4300003,670200.0,104.6429596
2017-08-15 00:00:00,122.4300003,122.3499985,122.6800003,120.4400024,749900.0,104.5746384
2017-08-16 00:00:00,122.0299988,122.4800034,123.1100006,121.4899979,668400.0,104.2329483
2017-08-17 00:00:00,121.0599976,121.2799988,121.8799973,120.6100006,744700.0,103.4044266
2017-08-18 00:00:00,119.8300018,120.7300034,120.75,118.3000031,866200.0,102.3538132
2017-08-21 00:00:00,120.7699966,119.9400024,121.7600021,119.3700027,474900.0,103.156723
2017-08-22 00:00:00,119.6200027,120.7699966,120.9599991,119.3499985,631300.0,102.1744461
2017-08-23 00:00:00,121.0500031,119.5299988,121.6500015,119.3499985,433600.0,103.3958817
2017-08-24 00:00:00,119.8899994,121.2600021,122.3099976,119.7699966,1021800.0,102.4050827
2017-08-25 00:00:00,121.4599991,120.3799973,122.0100021,119.5599976,526000.0,103.746109
2017-08-28 00:00:00,120.25,121.8000031,122.2399979,119.3199997,630200.0,102.7125702
2017-08-29 00:00:00,119.5,120.2200012,120.5599976,118.8899994,482700.0,102.0719452
2017-08-30 00:00:00,120.1900024,119.2300034,120.4800034,118.2200012,409900.0,102.6613159
2017-08-31 00:00:00,120.5999985,120.4599991,121.2699966,120.0500031,829200.0,103.0115204
2017-09-01 00:00:00,121.3000031,120.9300003,122.0500031,120.3700027,513800.0,103.6094513
2017-09-05 00:00:00,120.3700027,121.3000031,121.9800034,119.6900024,531100.0,102.8150787
2017-09-06 00:00:00,120.9300003,120.9400024,121.8899994,120.6299973,410900.0,103.2933884
2017-09-07 00:00:00,120.9100037,121.1699982,121.4800034,119.7900009,485300.0,103.2763214
2017-09-08 00:00:00,120.1699982,120.6200027,120.9300003,119.9499969,444100.0,102.6442337
2017-09-11 00:00:00,120.7099991,120.8300018,121.3700027,120.2600021,555200.0,103.105484
2017-09-12 00:00:00,120.1999969,120.6999969,121.5899963,119.7099991,414100.0,102.6698456
2017-09-13 00:00:00,119.9599991,120.0,120.3799973,119.3399963,518600.0,102.4648666
2017-09-14 00:00:00,122.3300018,119.9300003,122.3700027,119.5999985,510200.0,104.489212
2017-09-15 00:00:00,122.4000015,122.6800003,122.6800003,120.6100006,832700.0,104.5490341
2017-09-18 00:00:00,121.6800003,122.1600037,122.7300034,121.0999985,813600.0,103.9340134
2017-09-19 00:00:00,119.6399994,121.5899963,121.6299973,119.4700012,813200.0,102.1915359
2017-09-20 00:00:00,120.7799988,120.0199966,120.8399963,119.8899994,630800.0,103.1652756
2017-09-21 00:00:00,122.8399963,120.6600037,123.6900024,120.6600037,1011400.0,104.9248276
2017-09-22 00:00:00,121.6800003,122.6699982,123.75,121.6600037,466700.0,103.9340134
2017-09-25 00:00:00,122.6299973,121.3399963,123.4800034,121.1399994,459700.0,104.7454758
2017-09-26 00:00:00,123.75,122.6900024,124.1200027,122.5,612900.0,105.7021332
2017-09-27 00:00:00,122.8199997,123.5,123.8099976,122.5,458600.0,104.9077606
2017-09-28 00:00:00,122.7699966,122.1600037,122.9300003,121.9199982,537500.0,105.5093536
2017-09-29 00:00:00,122.8799973,122.4000015,123.3499985,122.2900009,705900.0,105.6038666
2017-10-02 00:00:00,121.9300003,122.9300003,123.3099976,121.7699966,662000.0,104.7874451
2017-10-03 00:00:00,122.3600006,121.7399979,122.5999985,120.7200012,849400.0,105.1569977
2017-10-04 00:00:00,123.6999969,121.8199997,123.8899994,121.8199997,831300.0,106.3085709
2017-10-05 00:00:00,125.0599976,123.8799973,126.0400009,123.8799973,737500.0,107.4773865
2017-10-06 00:00:00,126.9199982,124.9499969,126.9400024,124.4199982,1226000.0,109.0758743
2017-10-09 00:00:00,127.1699982,126.6299973,127.2799988,126.4000015,738700.0,109.2907333
2017-10-10 00:00:00,127.0999985,127.0699997,127.9800034,126.5100021,474200.0,109.2305603
2017-10-11 00:00:00,128.2799988,127.0,128.7299957,127.0,602500.0,110.2446747
2017-10-12 00:00:00,128.0,128.1000061,128.4799957,127.25,542400.0,110.0040436
2017-10-13 00:00:00,128.2899933,128.3000031,128.9900055,127.1999969,502700.0,110.2532578
2017-10-16 00:00:00,128.3800049,128.3099976,128.7200012,127.7699966,409100.0,110.3306122
2017-10-17 00:00:00,128.0599976,128.1600037,128.7299957,127.9300003,506800.0,110.0555954
2017-10-18 00:00:00,126.6699982,128.1199951,128.6499939,126.6600037,497200.0,108.8610229
2017-10-19 00:00:00,123.6299973,126.5599976,126.5899963,123.4599991,909400.0,106.2484207
2017-10-20 00:00:00,122.9300003,123.8700027,123.9300003,121.9899979,687700.0,105.6468582
2017-10-23 00:00:00,122.8799973,123.3199997,123.6800003,122.3399963,413300.0,105.6038666
2017-10-24 00:00:00,121.4199982,122.5999985,123.0400009,121.3700027,452200.0,104.349144
2017-10-25 00:00:00,121.4899979,121.4700012,122.1800003,120.25,563900.0,104.4093094
2017-10-26 00:00:00,121.2799988,122.25,122.25,120.4000015,409600.0,104.2288208
2017-10-27 00:00:00,121.2300034,121.0899963,121.8399963,120.5599976,452100.0,104.1858673
2017-10-30 00:00:00,120.8099976,121.0899963,121.8099976,120.3099976,393000.0,103.8248978
2017-10-31 00:00:00,121.1800003,120.5,121.5199966,119.9199982,577400.0,104.1428909
2017-11-01 00:00:00,121.9800034,121.2399979,122.7399979,121.0800018,614900.0,104.8304214
2017-11-02 00:00:00,122.7699966,122.0,123.6900024,121.4400024,682600.0,105.5093536
2017-11-03 00:00:00,120.6800003,122.0699997,122.1299973,119.7399979,1067600.0,103.7131577
2017-11-06 00:00:00,123.4300003,120.9599991,123.7900009,120.9599991,639900.0,106.0765228
2017-11-07 00:00:00,124.1900024,123.5199966,124.6200027,123.0699997,563200.0,106.7297058
2017-11-08 00:00:00,124.7399979,124.0800018,125.25,123.9100037,620900.0,107.2023697
2017-11-09 00:00:00,126.0100021,124.6200027,126.1299973,124.0999985,752400.0,108.293808
2017-11-10 00:00:00,125.8499985,125.0999985,126.6500015,125.0899963,566900.0,108.1562958
2017-11-13 00:00:00,125.9300003,126.1900024,126.3700027,125.2900009,386700.0,108.2250671
2017-11-14 00:00:00,124.7799988,125.7200012,126.4100037,124.1800003,542700.0,107.2367477
2017-11-15 00:00:00,124.1500015,124.8499985,125.0199966,123.9400024,409300.0,106.695343
2017-11-16 00:00:00,125.1800003,123.8899994,125.7399979,123.8399963,604200.0,107.5805283
2017-11-17 00:00:00,125.0400009,124.5599976,125.4899979,124.5400009,360000.0,107.4601822
2017-11-20 00:00:00,124.5699997,125.25,125.3899994,124.4199982,473500.0,107.056282
2017-11-21 00:00:00,125.1999969,125.1200027,125.4300003,124.4300003,480400.0,107.5976944
2017-11-22 00:00:00,125.0,124.6800003,125.5899963,124.5699997,351400.0,107.4258041
2017-11-24 00:00:00,125.1600037,125.4100037,125.75,125.0,134900.0,107.5633163
2017-11-27 00:00:00,125.2300034,125.4899979,126.0299988,124.9700012,351500.0,107.6234894
2017-11-28 00:00:00,124.6900024,125.4499969,125.6800003,124.1500015,400700.0,107.1594009
2017-11-29 00:00:00,125.0500031,124.7300034,125.4000015,124.1800003,534300.0,107.4687881
2017-11-30 00:00:00,125.3799973,125.4800034,126.2699966,124.5999985,1001400.0,107.7523956
2017-12-01 00:00:00,127.1299973,125.9300003,127.1299973,125.3399963,780800.0,109.2563553
2017-12-04 00:00:00,127.8399963,127.0800018,128.3200073,126.8499985,1802200.0,109.866539
2017-12-05 00:00:00,125.4899979,128.1900024,128.5200043,125.4100037,549100.0,107.8469162
2017-12-06 00:00:00,125.4100037,125.8300018,126.1399994,124.4800034,1411500.0,107.778183
2017-12-07 00:00:00,123.9499969,125.0299988,125.3799973,123.8000031,836700.0,106.5234451
2017-12-08 00:00:00,124.6600037,124.3700027,125.0299988,123.2900009,518500.0,107.1336212
2017-12-11 00:00:00,125.0500031,124.4599991,125.1600037,124.2699966,511300.0,107.4687881
2017-12-12 00:00:00,126.1800003,125.5899963,126.5299988,124.7099991,499300.0,108.4399109
2017-12-13 00:00:00,126.3700027,126.3700027,127.0400009,125.8099976,761200.0,108.6031952
2017-12-14 00:00:00,126.7099991,126.3799973,127.1399994,125.8499985,608300.0,108.8953857
2017-12-15 00:00:00,129.4100037,127.2600021,129.7799988,127.0899963,2158100.0,111.2158127
2017-12-18 00:00:00,130.9600067,129.4499969,132.0,129.4499969,1882500.0,112.5478897
2017-12-19 00:00:00,128.8399963,130.8800049,130.8800049,128.3300018,925100.0,110.7259293
2017-12-20 00:00:00,127.8499985,128.7200012,128.8300018,127.6900024,1903200.0,109.8751297
2017-12-21 00:00:00,126.9400024,127.8499985,128.4199982,126.7099991,702500.0,109.0930634
2017-12-22 00:00:00,127.3399963,127.3000031,127.7600021,126.7699966,382100.0,109.4368439
2017-12-26 00:00:00,128.4900055,127.6900024,128.5899963,126.9400024,330900.0,110.425148
2017-12-27 00:00:00,129.0899963,128.9499969,129.3399963,128.0,544500.0,110.9407654
2017-12-28 00:00:00,128.8399963,128.0599976,128.8800049,127.6699982,457100.0,111.4164047
2017-12-29 00:00:00,130.0299988,129.1000061,130.4199982,129.0299988,650600.0,112.4454956
2018-01-02 00:00:00,129.2799988,130.3899994,130.3899994,128.8899994,690000.0,111.7969055
2018-01-03 00:00:00,129.3500061,129.5700073,129.8000031,128.7299957,570600.0,111.8574371
2018-01-04 00:00:00,126.4800034,129.0,129.0,126.4599991,2079000.0,109.3755569
2018-01-05 00:00:00,127.8600006,126.8300018,127.9700012,126.5199966,860900.0,110.5689316
2018-01-08 00:00:00,126.7399979,127.5400009,128.0,125.8199997,724300.0,109.6004028
2018-01-09 00:00:00,125.4000015,126.0500031,126.4000015,125.2200012,598900.0,108.4416122
2018-01-10 00:00:00,124.6500015,124.9800034,124.9800034,123.6200027,582600.0,107.7930527
2018-01-11 00:00:00,123.8600006,124.9100037,125.1500015,123.7300034,447800.0,107.1098557
2018-01-12 00:00:00,122.3300018,123.9899979,124.2699966,122.2300034,636800.0,105.7867813
2018-01-16 00:00:00,121.5599976,122.7399979,124.5400009,121.4400024,825900.0,105.1209106
2018-01-17 00:00:00,122.5,122.3300018,122.5999985,120.8600006,844400.0,105.9337997
2018-01-18 00:00:00,121.1800003,122.0699997,122.3099976,120.6800003,1080900.0,104.7923203
2018-01-19 00:00:00,121.9499969,121.6600037,122.3099976,120.8899994,1061300.0,105.4581833
2018-01-22 00:00:00,123.4700012,121.9499969,123.6800003,121.6999969,1067100.0,106.7726212
2018-01-23 00:00:00,124.1500015,123.6200027,124.2900009,123.2799988,1083200.0,107.3606644
2018-01-24 00:00:00,123.2399979,124.0800018,124.6299973,122.8899994,603800.0,106.5737228
2018-01-25 00:00:00,122.6800003,123.1200027,123.6200027,121.5,846400.0,106.0894547
2018-01-26 00:00:00,122.9700012,123.2099991,123.6200027,121.8399963,559200.0,106.3402405
2018-01-29 00:00:00,121.3399963,122.3700027,122.6299973,121.1999969,604200.0,104.9306717
2018-01-30 00:00:00,119.4199982,120.8899994,121.7399979,119.3600006,1106800.0,103.2703171
2018-01-31 00:00:00,123.7099991,119.9700012,125.3700027,119.9700012,2001100.0,106.9801712
2018-02-01 00:00:00,119.1900024,123.5899963,123.8799973,119.1299973,1020500.0,103.071434
2018-02-02 00:00:00,119.3399963,118.0899963,119.5899963,117.3399963,978000.0,103.2011414
2018-02-05 00:00:00,114.7399979,118.5,120.7200012,114.5999985,1051900.0,99.2232132
2018-02-06 00:00:00,115.3199997,112.9499969,115.6600037,111.8700027,1732000.0,99.7247849
2018-02-07 00:00:00,115.3399963,114.9599991,116.9700012,114.9599991,928000.0,99.7420731
2018-02-08 00:00:00,112.0899963,114.9899979,116.4700012,112.0500031,1134900.0,96.9315948
2018-02-09 00:00:00,115.3499985,113.0999985,116.3799973,111.8199997,941500.0,99.7507095
2018-02-12 00:00:00,115.1399994,115.5899963,115.8199997,111.5699997,829200.0,99.5691223
2018-02-13 00:00:00,116.1900024,115.0599976,116.6699982,114.0500031,736600.0,100.4771194
2018-02-14 00:00:00,115.4599991,115.6699982,115.6699982,113.3199997,1006300.0,99.8458557
2018-02-15 00:00:00,117.4000015,116.5100021,118.5,116.4300003,1062300.0,101.5234833
2018-02-16 00:00:00,119.6399994,117.4499969,120.1900024,117.4499969,911600.0,103.4605637
2018-02-20 00:00:00,119.3899994,119.4899979,121.1699982,119.0999985,934200.0,103.2443619
2018-02-21 00:00:00,115.8499985,119.0,119.5800018,115.8499985,1040700.0,100.1831131
2018-02-22 00:00:00,118.4700012,116.4899979,119.9199982,116.2699966,897800.0,102.4487915
2018-02-23 00:00:00,120.9700012,118.6100006,120.9899979,118.3499985,652300.0,104.6106949
2018-02-26 00:00:00,121.4300003,121.4100037,121.9100037,119.8700027,687700.0,105.0085144
2018-02-27 00:00:00,119.5100021,121.9100037,122.2300034,119.1999969,979300.0,103.3481445
2018-02-28 00:00:00,118.8700027,119.9800034,120.7099991,118.8399963,1065000.0,102.7947083
2018-03-01 00:00:00,118.0,117.8700027,119.6999969,117.0800018,962700.0,102.0423584
2018-03-02 00:00:00,118.9300003,118.0,119.1500015,117.1600037,639900.0,102.8465729
2018-03-05 00:00:00,121.3600006,119.2699966,121.8099976,118.9199982,503100.0,104.9479599
2018-03-06 00:00:00,122.0999985,121.0999985,122.25,120.3099976,495400.0,105.5878906
2018-03-07 00:00:00,122.7399979,121.6999969,122.8499985,121.1100006,655800.0,106.1413422
2018-03-08 00:00:00,122.3099976,123.0999985,123.3399963,121.4599991,522600.0,105.7694855
2018-03-09 00:00:00,123.6200027,122.4499969,123.7600021,121.4400024,674900.0,106.9023361
2018-03-12 00:00:00,125.5599976,123.3000031,125.9199982,123.3000031,886400.0,108.5799713
2018-03-13 00:00:00,125.2600021,125.8099976,126.3899994,124.7300034,718200.0,108.3205566
2018-03-14 00:00:00,125.5899963,125.6600037,125.75,124.3000031,560000.0,108.6059113
2018-03-15 00:00:00,125.9100037,125.8399963,126.1200027,124.6600037,682300.0,108.8826599
2018-03-16 00:00:00,127.1600037,125.7099991,127.3099976,124.8099976,887100.0,109.9636002
2018-03-19 00:00:00,126.2799988,127.3000031,127.4199982,125.5699997,441100.0,109.2026138
2018-03-20 00:00:00,125.6699982,126.5299988,127.5400009,125.3799973,679000.0,108.6751022
2018-03-21 00:00:00,124.3499985,125.5100021,126.0299988,123.5,766300.0,107.5336075
2018-03-22 00:00:00,122.5800018,123.9899979,125.6200027,122.4700012,660000.0,106.0029755
2018-03-23 00:00:00,118.4300003,122.0500031,122.6299973,117.9400024,1198400.0,102.4141998
2018-03-26 00:00:00,119.8700027,119.7799988,120.1399994,118.7099991,821100.0,103.659462
2018-03-27 00:00:00,120.8700027,119.9700012,123.0100021,118.7300034,677700.0,104.5242386
2018-03-28 00:00:00,123.4000015,120.8499985,123.7900009,119.8099976,759900.0,107.4230804
2018-03-29 00:00:00,123.2200012,123.8000031,124.4700012,122.3399963,640400.0,107.2664032
2018-04-02 00:00:00,121.4599991,123.4400024,123.7300034,120.3099976,750400.0,105.7342682
2018-04-03 00:00:00,122.1900024,121.4599991,122.9800034,120.1999969,863800.0,106.3697586
2018-04-04 00:00:00,122.9199982,120.9899979,123.3799973,120.9899979,871100.0,107.0052261
2018-04-05 00:00:00,122.2699966,123.0599976,123.1800003,121.4400024,578100.0,106.4393768
2018-04-06 00:00:00,120.9599991,122.2300034,122.9899979,120.2900009,597900.0,105.2989883
2018-04-09 00:00:00,120.1200027,121.1600037,121.4700012,120.0299988,661800.0,104.567749
2018-04-10 00:00:00,121.4499969,120.75,121.9899979,120.1200027,712400.0,105.7255554
2018-04-11 00:00:00,120.9499969,121.0899963,122.1500015,120.8799973,611400.0,105.2902908
2018-04-12 00:00:00,118.8300018,121.4199982,121.4199982,118.2900009,952300.0,103.4447784
2018-04-13 00:00:00,119.9000015,118.8600006,119.9700012,118.3399963,544200.0,104.3762436
2018-04-16 00:00:00,120.5199966,120.3600006,121.2099991,119.3700027,539400.0,104.9159698
2018-04-17 00:00:00,121.6200027,121.1800003,122.4899979,120.1800003,740200.0,105.8735428
2018-04-18 00:00:00,120.8399963,122.0699997,122.3000031,120.5500031,431300.0,105.1945267
2018-04-19 00:00:00,119.3399963,120.5599976,120.7399979,118.2300034,637200.0,103.8887482
2018-04-20 00:00:00,118.75,119.8799973,119.9700012,118.3000031,520600.0,103.3751297
2018-04-23 00:00:00,118.5599976,118.8600006,119.0699997,117.5699997,506600.0,103.2097244
2018-04-24 00:00:00,118.4400024,118.6800003,119.1299973,117.5400009,943900.0,103.105278
2018-04-25 00:00:00,118.3199997,118.6500015,119.0699997,116.4300003,1410300.0,103.0008163
2018-04-26 00:00:00,120.5699997,118.5100021,120.7399979,118.4000015,903300.0,104.9594955
2018-04-27 00:00:00,122.4499969,120.25,123.1299973,120.25,606100.0,106.5960846
2018-04-30 00:00:00,121.4100037,122.6600037,123.2900009,121.3199997,635600.0,105.6907425
2018-05-01 00:00:00,122.6699982,121.6999969,122.9599991,120.8600006,673700.0,106.7876129
2018-05-02 00:00:00,120.8099976,121.8300018,122.3899994,118.6800003,884200.0,105.1684036
2018-05-03 00:00:00,121.8199997,120.4400024,122.3300018,120.3600006,537900.0,106.0476379
2018-05-04 00:00:00,124.0400009,121.6100006,124.4899979,121.5899963,563400.0,107.9802322
2018-05-07 00:00:00,124.1500015,124.5400009,124.9000015,123.7699966,451700.0,108.0759888
2018-05-08 00:00:00,122.7699966,124.0,124.0,121.8899994,1057600.0,106.8746567
2018-05-09 00:00:00,124.25,122.6399994,124.4000015,122.3600006,485300.0,108.1630249
2018-05-10 00:00:00,124.8700027,124.6600037,125.1800003,123.8199997,499600.0,108.7027588
2018-05-11 00:00:00,124.3799973,125.1100006,125.3000031,123.9899979,539700.0,108.2761993
2018-05-14 00:00:00,122.4400024,124.0100021,124.3399963,122.2799988,536000.0,106.5874023
2018-05-15 00:00:00,119.0,121.5899963,122.0299988,118.6999969,1095200.0,103.5927505
2018-05-16 00:00:00,117.1200027,119.4000015,119.8899994,116.6600037,1091100.0,101.9561691
2018-05-17 00:00:00,117.2399979,116.8399963,117.9000015,116.6800003,767800.0,102.0606384
2018-05-18 00:00:00,117.0899963,117.2200012,117.8700027,116.4400024,1877300.0,101.9300537
2018-05-21 00:00:00,118.1900024,117.7399979,118.7799988,116.0,777400.0,102.8876266
2018-05-22 00:00:00,119.2399979,118.3700027,119.5299988,117.6399994,753200.0,103.8016891
2018-05-23 00:00:00,119.9700012,119.2399979,120.9199982,118.8799973,735100.0,104.4371796
2018-05-24 00:00:00,119.4899979,120.1999969,120.3499985,118.7799988,787900.0,104.01931
2018-05-25 00:00:00,119.5899963,119.6399994,119.9800034,119.3700027,605300.0,104.1063538
2018-05-29 00:00:00,119.4000015,119.1299973,119.9800034,118.4499969,704400.0,103.9409866
2018-05-30 00:00:00,122.1299973,119.4899979,122.5199966,119.0800018,598700.0,106.3175049
2018-05-31 00:00:00,121.7699966,121.1699982,122.2900009,121.1100006,1007600.0,106.0041275
2018-06-01 00:00:00,121.5,122.1200027,122.6600037,121.4100037,581900.0,105.7690964
2018-06-04 00:00:00,123.5699997,121.9899979,123.5899963,121.5800018,564800.0,107.5710678
2018-06-05 00:00:00,122.1200027,123.8099976,124.1299973,122.0699997,652000.0,106.3088074
2018-06-06 00:00:00,122.6100006,122.1200027,123.0199966,121.6299973,442200.0,106.7353592
2018-06-07 00:00:00,122.3799973,122.7600021,123.0899963,121.1800003,653700.0,106.5351562
2018-06-08 00:00:00,122.6500015,122.6699982,122.8099976,122.0899963,502900.0,106.7702026
2018-06-11 00:00:00,122.3099976,122.9100037,123.0599976,122.0100021,395200.0,106.4742126
2018-06-12 00:00:00,122.0699997,122.0500031,122.8499985,121.3799973,612800.0,106.2652664
2018-06-13 00:00:00,119.8000031,122.2799988,122.6200027,119.7099991,646600.0,104.2891769
2018-06-14 00:00:00,119.8799973,120.0899963,120.7600021,119.4599991,590200.0,104.3588257
2018-06-15 00:00:00,120.0800018,120.2799988,121.1200027,119.7699966,1132400.0,104.5329285
2018-06-18 00:00:00,118.8700027,119.7099991,120.1500015,117.9800034,986400.0,103.479599
2018-06-19 00:00:00,118.7799988,118.6399994,119.5599976,118.5100021,731300.0,103.4012451
2018-06-20 00:00:00,121.2300034,118.9300003,121.3300018,118.6800003,613400.0,105.5340424
2018-06-21 00:00:00,122.3700027,121.6900024,122.4800034,120.7799988,1214200.0,106.5264359
2018-06-22 00:00:00,125.5999985,123.7699966,125.8899994,122.4000015,1479500.0,109.3382416
2018-06-25 00:00:00,125.1699982,125.4899979,125.7600021,123.6299973,731800.0,108.963913
2018-06-26 00:00:00,124.5699997,125.4100037,125.4599991,124.0999985,925400.0,108.4416046
2018-06-27 00:00:00,124.2399979,124.7699966,125.4599991,123.8300018,510600.0,108.154335
2018-06-28 00:00:00,124.9400024,123.7099991,125.3099976,123.5,541000.0,109.4685822
2018-06-29 00:00:00,125.4199982,124.5800018,126.1900024,123.5599976,818200.0,109.8891373
2018-07-02 00:00:00,124.6900024,125.2600021,125.5500031,123.2600021,688900.0,109.249527
2018-07-03 00:00:00,124.5800018,124.5899963,126.0800018,123.9899979,397200.0,109.1531677
2018-07-05 00:00:00,126.0699997,124.6699982,126.1699982,124.2799988,719800.0,110.4586563
2018-07-06 00:00:00,126.3000031,126.3000031,126.9100037,125.8399963,478000.0,110.6601868
2018-07-09 00:00:00,126.0400009,126.3700027,126.7200012,125.0800018,574500.0,110.4323654
2018-07-10 00:00:00,125.8499985,126.0,126.4899979,125.5,555400.0,110.2658768
2018-07-11 00:00:00,125.9400024,125.8000031,126.4000015,125.4800034,439400.0,110.3447495
2018-07-12 00:00:00,126.9599991,126.1800003,127.0800018,125.5100021,538500.0,111.2384338
2018-07-13 00:00:00,127.3199997,127.25,128.1300049,126.8700027,625700.0,111.5538559
2018-07-16 00:00:00,126.9300003,126.8099976,127.3700027,125.8300018,677500.0,111.2121506
2018-07-17 00:00:00,125.6699982,127.0899963,127.2200012,125.2399979,686500.0,110.1081848
2018-07-18 00:00:00,125.1699982,125.4499969,126.4199982,124.6800003,469700.0,109.6700974
2018-07-19 00:00:00,126.8000031,125.0800018,127.4199982,124.7799988,509500.0,111.0982513
2018-07-20 00:00:00,125.1900024,126.3499985,126.5599976,125.0500031,379200.0,109.6876373
2018-07-23 00:00:00,124.2200012,124.9800034,125.0599976,123.3300018,364100.0,108.837738
2018-07-24 00:00:00,124.6800003,124.2300034,125.2600021,123.2900009,537800.0,109.2407761
2018-07-25 00:00:00,124.8700027,124.9499969,125.4899979,124.3799973,467700.0,109.4072495
2018-07-26 00:00:00,124.5199966,125.2099991,125.9100037,124.3899994,622400.0,109.1005859
2018-07-27 00:00:00,122.8700027,124.9599991,125.2699966,122.5899963,442900.0,107.6549072
2018-07-30 00:00:00,122.0699997,122.6299973,123.0,121.7600021,482200.0,106.9539719
2018-07-31 00:00:00,125.5299988,122.9199982,125.7900009,121.9899979,1031800.0,109.985527
2018-08-01 00:00:00,129.8399963,122.3499985,130.0200043,122.3499985,1011900.0,113.7618179
2018-08-02 00:00:00,128.8999939,129.1199951,130.5200043,128.2400055,1066800.0,112.9382172
2018-08-03 00:00:00,129.1000061,128.5299988,129.7400055,127.6999969,685000.0,113.1134415
2018-08-06 00:00:00,129.5700073,129.1600037,130.0800018,129.0099945,674800.0,113.5252457
2018-08-07 00:00:00,129.7400055,129.8600006,130.0500031,128.7400055,680800.0,113.6741867
2018-08-08 00:00:00,129.6600037,129.8600006,130.0099945,128.7400055,488200.0,113.6041031
2018-08-09 00:00:00,129.3099976,129.6499939,129.7599945,128.9700012,890800.0,113.2974472
2018-08-10 00:00:00,128.9400024,128.9299927,129.9600067,128.6100006,875200.0,112.9732742
2018-08-13 00:00:00,129.4900055,129.3200073,130.0800018,129.1300049,819900.0,113.4551544
2018-08-14 00:00:00,129.7899933,129.7899933,130.5299988,128.8800049,1241500.0,113.7180023
2018-08-15 00:00:00,130.6799927,129.9199982,131.3099976,129.4199982,605800.0,114.4977875
2018-08-16 00:00:00,131.6300049,130.7200012,132.0899963,130.5099945,738800.0,115.3301697
2018-08-17 00:00:00,132.1499939,131.8699951,132.6100006,131.4199982,755100.0,115.7857513
2018-08-20 00:00:00,131.6000061,132.6000061,132.8200073,131.5500031,625500.0,115.3038712
2018-08-21 00:00:00,129.8000031,131.2400055,131.5200043,129.7899933,653400.0,113.7267609
2018-08-22 00:00:00,129.2700043,130.3300018,130.5099945,129.0099945,708600.0,113.2623901
2018-08-23 00:00:00,128.6100006,129.6000061,129.6600037,128.3500061,530000.0,112.6841202
2018-08-24 00:00:00,129.0399933,128.3899994,129.4199982,127.9599991,803800.0,113.0608673
2018-08-27 00:00:00,128.6300049,129.1399994,129.3500061,127.6999969,573900.0,112.7016525
2018-08-28 00:00:00,130.8200073,128.7700043,130.9900055,128.3000031,769000.0,114.6204681
2018-08-29 00:00:00,130.6300049,131.0800018,131.1300049,130.5,472800.0,114.4539948
2018-08-30 00:00:00,130.2599945,131.0099945,131.0200043,130.0599976,448400.0,114.1297989
2018-08-31 00:00:00,130.4499969,130.6699982,130.9700012,130.1600037,477700.0,114.296257
2018-09-04 00:00:00,129.1300049,130.0899963,131.1399994,128.4600067,596100.0,113.1397247
2018-09-05 00:00:00,131.0500031,128.7100067,131.3800049,128.4199982,1097100.0,114.8219681
2018-09-06 00:00:00,129.8899994,131.3999939,131.3999939,129.8800049,1405000.0,113.8056107
2018-09-07 00:00:00,128.6199951,129.0,129.5,128.5399933,463900.0,112.6928787
2018-09-10 00:00:00,128.5299988,129.2700043,130.2899933,128.4400024,479000.0,112.6140289
2018-09-11 00:00:00,127.9199982,127.8300018,128.9700012,127.8300018,571100.0,112.079567
2018-09-12 00:00:00,127.5,128.1499939,128.6900024,127.4899979,534000.0,111.7115707
2018-09-13 00:00:00,127.5400009,128.0599976,128.0599976,127.1399994,628800.0,111.7466202
2018-09-14 00:00:00,125.9599991,127.2399979,127.4800034,125.3000031,656500.0,110.3622742
2018-09-17 00:00:00,127.0100021,126.3799973,127.0500031,125.5400009,502600.0,111.28228
2018-09-18 00:00:00,126.1399994,126.7900009,127.7300034,126.0699997,478000.0,110.5199814
2018-09-19 00:00:00,124.25,126.4000015,126.4199982,124.1100006,532600.0,108.8640137
2018-09-20 00:00:00,125.6699982,124.3499985,125.9300003,123.8499985,585300.0,110.1081848
2018-09-21 00:00:00,126.8600006,125.5299988,127.2399979,125.1100006,1250800.0,111.1508255
2018-09-24 00:00:00,123.5500031,126.4899979,126.7300034,122.7300034,560100.0,108.2507095
2018-09-25 00:00:00,123.9899979,123.6100006,124.6399994,122.9199982,593000.0,108.6362076
2018-09-26 00:00:00,121.3799973,124.2900009,124.4000015,121.25,1003700.0,106.3494339
2018-09-27 00:00:00,120.7200012,120.6200027,121.7900009,120.6200027,780200.0,106.6055069
2018-09-28 00:00:00,123.0899963,121.0,123.1600037,121.0,1166100.0,108.6984177
2018-10-01 00:00:00,120.9599991,122.9700012,123.6699982,120.9100037,826800.0,106.8174515
2018-10-02 00:00:00,120.8000031,120.9899979,121.8499985,120.7300034,713400.0,106.6761551
2018-10-03 00:00:00,120.1500015,120.9899979,121.9499969,119.3399963,772600.0,106.1021652
2018-10-04 00:00:00,119.1600037,119.3600006,120.0699997,118.5199966,575200.0,105.2278976
2018-10-05 00:00:00,118.8600006,119.9800034,120.0800018,118.5999985,634900.0,104.9629898
2018-10-08 00:00:00,119.7600021,118.9400024,120.4899979,118.9400024,784300.0,105.7577667
2018-10-09 00:00:00,120.3099976,119.8000031,120.5599976,118.9199982,792700.0,106.243454
2018-10-10 00:00:00,119.0599976,120.1399994,121.0199966,118.8600006,620300.0,105.1396027
2018-10-11 00:00:00,114.3700027,119.4599991,119.4599991,114.3199997,1043200.0,100.9979477
2018-10-12 00:00:00,114.6999969,115.2799988,116.0699997,113.9800034,780500.0,101.28936
2018-10-15 00:00:00,115.9800034,115.5500031,117.1999969,115.5,837300.0,102.4197083
2018-10-16 00:00:00,118.0199966,116.1500015,118.4000015,115.8799973,682700.0,104.2211914
2018-10-17 00:00:00,117.5199966,117.8700027,118.1200027,116.5299988,600700.0,103.7796555
2018-10-18 00:00:00,116.4800034,117.5500031,118.6500015,116.2099991,758000.0,102.8612518
2018-10-19 00:00:00,116.9499969,116.7699966,117.5899963,116.6900024,815600.0,103.2762833
2018-10-22 00:00:00,115.0100021,117.3499985,117.7799988,114.9000015,552300.0,101.563118
2018-10-23 00:00:00,115.2399979,114.4700012,116.0100021,114.0400009,845000.0,101.7662354
2018-10-24 00:00:00,115.5400009,115.2399979,116.9199982,115.0100021,1069900.0,102.0311584
2018-10-25 00:00:00,116.9599991,115.6900024,117.6999969,115.0599976,713900.0,103.2851257
2018-10-26 00:00:00,114.9100037,116.5299988,116.6200027,113.9499969,952300.0,101.4748154
2018-10-29 00:00:00,117.0100021,116.1100006,117.7699966,115.7399979,760100.0,103.3292847
2018-10-30 00:00:00,116.9800034,117.4100037,118.7699966,116.2799988,810000.0,103.3027954
2018-10-31 00:00:00,120.7600021,119.2099991,123.2399979,118.1900024,1917600.0,106.6408386
2018-11-01 00:00:00,119.9199982,120.6999969,122.9199982,119.3300018,1129600.0,105.8990479
2018-11-02 00:00:00,119.0100021,120.0800018,120.2099991,117.7399979,900300.0,105.0954514
2018-11-05 00:00:00,120.9599991,119.8899994,121.7200012,119.8899994,786300.0,106.8174515
2018-11-06 00:00:00,122.4400024,121.3099976,122.9499969,120.1500015,613900.0,108.1244278
2018-11-07 00:00:00,123.7399979,123.2900009,123.8600006,122.3899994,508600.0,109.2724228
2018-11-08 00:00:00,124.4400024,123.6999969,125.1399994,123.1200027,704700.0,109.8905792
2018-11-09 00:00:00,124.2600021,124.4700012,125.1399994,123.3099976,525300.0,109.7316284
2018-11-12 00:00:00,124.4400024,124.2600021,125.4300003,124.2399979,525100.0,109.8905792
2018-11-13 00:00:00,124.8099976,124.7300034,125.2900009,123.8199997,746000.0,110.2172928
2018-11-14 00:00:00,124.4599991,125.0,125.4100037,123.8799973,426600.0,109.9082336
2018-11-15 00:00:00,124.1699982,123.7600021,124.1999969,122.1800003,672300.0,109.6521454
2018-11-16 00:00:00,125.5699997,124.0699997,125.6299973,123.2900009,584400.0,110.8884583
2018-11-19 00:00:00,125.6299973,126.1699982,126.8799973,124.3899994,770600.0,110.9414444
2018-11-20 00:00:00,125.4400024,125.3899994,126.1999969,124.8000031,899700.0,110.7736664
2018-11-21 00:00:00,125.6299973,125.4400024,127.4000015,124.75,710000.0,110.9414444
2018-11-23 00:00:00,125.6100006,125.6600037,126.3000031,124.4300003,197900.0,110.9237671
2018-11-26 00:00:00,125.6500015,126.3499985,126.4400024,124.75,674400.0,110.9591064
2018-11-27 00:00:00,127.0999985,125.3499985,127.5800018,125.3000031,1103900.0,112.239563
2018-11-28 00:00:00,129.9700012,126.9800034,129.9700012,126.8199997,1253300.0,114.7740173
2018-11-29 00:00:00,129.8200073,129.7700043,130.3800049,128.7299957,921100.0,114.6415482
2018-11-30 00:00:00,131.1999969,129.9400024,131.2700043,129.3300018,1286600.0,115.8601913
2018-12-03 00:00:00,132.1999969,131.5299988,132.3099976,128.9299927,864200.0,116.7432709
2018-12-04 00:00:00,130.1799927,131.9499969,132.7299957,129.7400055,1004500.0,114.9594574
2018-12-06 00:00:00,132.4799957,129.4799957,132.6300049,127.4899979,1121000.0,116.9905396
2018-12-07 00:00:00,129.0800018,132.1799927,132.3099976,128.5700073,1189100.0,113.98806
2018-12-10 00:00:00,126.9800034,128.7599945,128.7599945,125.5800018,1124100.0,112.1336136
2018-12-11 00:00:00,127.0800018,127.6800003,129.25,127.0500031,677900.0,112.2219009
2018-12-12 00:00:00,124.3700027,128.2400055,128.4700012,124.1999969,717100.0,109.8287582
2018-12-13 00:00:00,125.8499985,124.7200012,127.3000031,124.6100006,571600.0,111.135704
2018-12-14 00:00:00,125.7399979,125.4599991,126.0,124.7600021,588600.0,111.0385818
2018-12-17 00:00:00,120.0500031,125.8199997,126.1500015,119.5500031,953100.0,106.013855
2018-12-18 00:00:00,120.5500031,121.1999969,121.5999985,119.9000015,604700.0,106.4553833
2018-12-19 00:00:00,118.0199966,120.5400009,120.5400009,117.3399963,921400.0,104.2211914
2018-12-20 00:00:00,115.0100021,117.8300018,118.1200027,114.3300018,1093200.0,101.563118
2018-12-21 00:00:00,113.4700012,115.1100006,116.9400024,113.3399963,1442100.0,100.2031708
2018-12-24 00:00:00,109.0899963,113.5199966,114.2799988,109.0599976,448000.0,96.335289
2018-12-26 00:00:00,112.7399979,109.5400009,112.7399979,107.8399963,658800.0,99.5585251
2018-12-27 00:00:00,112.6800003,111.6600037,112.6800003,109.25,796000.0,99.5055389
2018-12-28 00:00:00,111.9300003,112.8499985,113.2399979,110.4100037,721300.0,99.6836624
2018-12-31 00:00:00,112.5500031,112.2200012,112.5500031,110.3000031,563600.0,100.2358322
2019-01-02 00:00:00,109.1500015,111.6999969,111.6999969,107.9400024,815000.0,97.2078323
2019-01-03 00:00:00,109.6100006,108.9899979,111.3300018,108.8199997,708400.0,97.6175079
2019-01-04 00:00:00,111.5100021,110.6399994,112.4199982,110.0400009,600900.0,99.3096161
2019-01-07 00:00:00,112.2099991,111.8199997,112.9800034,111.3300018,760900.0,99.9330368
2019-01-08 00:00:00,115.5299988,112.6699982,115.5699997,112.4899979,1241900.0,102.8897934
2019-01-09 00:00:00,117.4400024,117.1500015,117.6999969,115.5699997,879800.0,104.5908127
2019-01-10 00:00:00,119.2200012,117.0899963,119.5199966,116.9000015,654700.0,106.1760712
2019-01-11 00:00:00,119.1500015,118.8000031,119.3099976,118.1999969,431900.0,106.1137085
2019-01-14 00:00:00,118.1299973,118.7099991,119.2900009,117.7200012,476100.0,105.2053299
2019-01-15 00:00:00,119.0699997,118.1699982,119.3000031,118.0500031,422800.0,106.0424728
2019-01-16 00:00:00,119.8300018,119.2300034,119.8899994,118.4199982,545100.0,106.7193146
2019-01-17 00:00:00,120.4199982,119.7699966,120.8899994,119.3499985,608900.0,107.2447739
2019-01-18 00:00:00,121.5199966,120.6699982,121.5999985,119.8799973,822000.0,108.224411
2019-01-22 00:00:00,121.2099991,121.4499969,121.6399994,119.9700012,856000.0,107.9483337
2019-01-23 00:00:00,120.7799988,120.7200012,121.4499969,119.9000015,621400.0,107.5653915
2019-01-24 00:00:00,121.0699997,120.0999985,121.2699966,119.2399979,518900.0,107.8236618
2019-01-25 00:00:00,123.4800034,121.9700012,123.5500031,121.5199966,722100.0,109.9699783
2019-01-28 00:00:00,124.8700027,123.2799988,125.3000031,122.4499969,607100.0,111.2078857
2019-01-29 00:00:00,126.3899994,124.6699982,126.4400024,124.1299973,590800.0,112.5615921
2019-01-30 00:00:00,130.4600067,127.5,130.5099945,126.2099991,1111000.0,116.1862869
2019-01-31 00:00:00,131.8699951,130.3399963,132.0700073,129.0399933,880400.0,117.4420013
2019-02-01 00:00:00,131.1799927,132.0800018,132.0800018,129.3500061,1128200.0,116.8275146
2019-02-04 00:00:00,132.4600067,131.0399933,132.4600067,130.25,1031700.0,117.9674683
2019-02-05 00:00:00,132.0500031,132.5099945,132.5099945,131.3200073,1198100.0,117.6023407
2019-02-06 00:00:00,131.6000061,132.2100067,132.2700043,130.6600037,711200.0,117.2015686
2019-02-07 00:00:00,132.6100006,131.0399933,132.6699982,130.0399933,823200.0,118.1010666
2019-02-08 00:00:00,132.3999939,131.8099976,132.6300049,131.4199982,505000.0,117.9140167
2019-02-11 00:00:00,133.3200073,132.5800018,133.4600067,132.1900024,507100.0,118.7333832
2019-02-12 00:00:00,132.6900024,133.2799988,133.7200012,132.3000031,592500.0,118.172287
2019-02-13 00:00:00,133.7100067,132.5399933,134.0299988,132.3800049,461200.0,119.0807037
2019-02-14 00:00:00,133.1100006,133.5200043,133.9100037,132.6499939,517000.0,118.5463409
2019-02-15 00:00:00,133.6199951,134.1300049,134.2400055,133.1300049,661600.0,119.0005569
2019-02-19 00:00:00,134.6100006,133.5399933,134.9199982,133.2400055,408200.0,119.882225
2019-02-20 00:00:00,133.8699951,134.3500061,134.3500061,132.8099976,425200.0,119.2231674
2019-02-21 00:00:00,134.5599976,133.3300018,134.7299957,132.0700073,401200.0,119.8376846
2019-02-22 00:00:00,135.6699982,135.0,135.9900055,134.2299957,453200.0,120.8262558
2019-02-25 00:00:00,134.7299957,136.1000061,136.2200012,134.5500031,457900.0,119.9890976
2019-02-26 00:00:00,134.0099945,135.2299957,135.2299957,133.8899994,475400.0,119.3478928
2019-02-27 00:00:00,132.3999939,133.2400055,133.5399933,131.3099976,701000.0,117.9140167
2019-02-28 00:00:00,132.6900024,132.5,134.8699951,132.0599976,883300.0,118.172287
2019-03-01 00:00:00,131.8300018,132.8899994,133.2599945,131.2299957,995700.0,117.4063873
2019-03-04 00:00:00,132.3000031,132.2100067,132.8899994,131.3500061,877800.0,117.8249512
2019-03-05 00:00:00,133.2899933,132.0800018,133.7799988,132.0800018,888800.0,118.7066574
2019-03-06 00:00:00,132.5,133.8600006,134.0700073,132.4900055,519700.0,118.0030823
2019-03-07 00:00:00,132.4600067,132.3600006,133.6999969,131.9400024,1242500.0,117.9674683
2019-03-08 00:00:00,132.4299927,132.1300049,133.5399933,131.6000061,725300.0,117.9407196
2019-03-11 00:00:00,133.1999969,132.8600006,133.4600067,132.1999969,720400.0,118.6264877
2019-03-12 00:00:00,135.0,133.5800018,135.3600006,133.4199982,586000.0,120.2295609
2019-03-13 00:00:00,135.0399933,134.1199951,135.4900055,134.1199951,590200.0,120.2651749
2019-03-14 00:00:00,135.2700043,134.8600006,135.4900055,134.4400024,442400.0,120.4700165
2019-03-15 00:00:00,132.7400055,134.9900055,135.2599945,132.4400024,1458500.0,118.2168274
2019-03-18 00:00:00,132.8899994,133.0599976,133.8099976,132.2599945,714600.0,118.3504105
2019-03-19 00:00:00,132.2400055,132.9400024,133.6300049,131.7899933,490800.0,117.7715378
2019-03-20 00:00:00,131.8899994,131.9900055,132.8999939,130.6499939,860000.0,117.4598236
2019-03-21 00:00:00,132.9100037,131.4400024,133.3800049,131.4400024,759800.0,118.3682251
2019-03-22 00:00:00,131.5099945,132.8999939,133.8600006,131.4700012,1092500.0,117.1213837
2019-03-25 00:00:00,131.1100006,132.0,132.0,130.5500031,828700.0,116.7651672
2019-03-26 00:00:00,132.7700043,131.4600067,132.9700012,131.3999939,817100.0,118.2435532
2019-03-27 00:00:00,132.3099976,132.8899994,133.0099945,131.1600037,804300.0,117.8338852
2019-03-28 00:00:00,133.6000061,131.7700043,133.7299957,131.2400055,667100.0,119.8432083
2019-03-29 00:00:00,133.8800049,133.75,134.6000061,133.2899933,1171400.0,120.0944061
2019-04-01 00:00:00,135.4600067,134.1199951,135.5200043,133.5700073,1001000.0,121.5116959
2019-04-02 00:00:00,137.6100006,135.5800018,137.7700043,134.2700043,1035900.0,123.4403305
2019-04-03 00:00:00,138.3699951,138.0200043,138.6100006,136.9299927,893500.0,124.1220474
2019-04-04 00:00:00,137.9199982,138.1699982,138.6900024,136.6000061,595000.0,123.7183762
2019-04-05 00:00:00,138.3800049,137.75,138.4400024,137.3000031,451200.0,124.1310196
2019-04-08 00:00:00,138.0200043,138.4700012,138.4900055,137.2400055,499100.0,123.808075
2019-04-09 00:00:00,137.2799988,137.8300018,137.8699951,137.0099945,737400.0,123.1442947
2019-04-10 00:00:00,138.3899994,137.4499969,138.4499969,137.25,605700.0,124.1399918
2019-04-11 00:00:00,138.4499969,138.6999969,139.4100037,137.8999939,525900.0,124.1938019
2019-04-12 00:00:00,137.8899994,138.4199982,138.4199982,136.8699951,1226200.0,123.6914673
2019-04-15 00:00:00,137.0500031,138.2400055,138.2400055,136.4400024,672400.0,122.9379807
2019-04-16 00:00:00,134.2599945,136.8500061,137.5200043,133.5,783500.0,120.4352417
2019-04-17 00:00:00,131.7899933,134.5,134.5,131.7599945,885500.0,118.2195816
2019-04-18 00:00:00,132.9900055,131.8399963,133.4600067,131.6900024,568900.0,119.2960281
2019-04-22 00:00:00,131.5500031,132.7400055,132.8800049,130.1100006,576200.0,118.0043106
2019-04-23 00:00:00,134.7899933,132.9100037,134.9299927,132.2299957,638400.0,120.9106903
2019-04-24 00:00:00,135.9400024,135.5099945,136.3600006,134.8300018,516800.0,121.9422607
2019-04-25 00:00:00,135.8899994,136.0599976,136.2400055,134.7799988,507800.0,121.8974152
2019-04-26 00:00:00,136.9499969,136.1699982,137.1799927,135.9100037,388600.0,122.8482742
2019-04-29 00:00:00,135.3800049,136.6399994,137.6300049,135.25,375500.0,121.439949
2019-04-30 00:00:00,137.6199951,135.7200012,137.7200012,135.1699982,722500.0,123.4492874
2019-05-01 00:00:00,137.9199982,137.7299957,140.3500061,137.5899963,952900.0,123.7183762
2019-05-02 00:00:00,135.2400055,137.8600006,138.5399933,134.8399963,891200.0,121.3143539
2019-05-03 00:00:00,134.7299957,135.4900055,136.1000061,134.2400055,713400.0,120.8568573
2019-05-06 00:00:00,133.8099976,133.5399933,134.6199951,132.75,519900.0,120.0315781
2019-05-07 00:00:00,131.5800018,133.25,133.7400055,130.3099976,519400.0,118.0312195
2019-05-08 00:00:00,130.5700073,131.8000031,132.9400024,130.5299988,495200.0,117.1252136
2019-05-09 00:00:00,130.8699951,130.1900024,130.8699951,128.9700012,454100.0,117.3943176
2019-05-10 00:00:00,132.2100067,130.7100067,132.5,129.7299957,374700.0,118.5963593
2019-05-13 00:00:00,130.9600067,131.0500031,131.3699951,130.1199951,526300.0,117.4750595
2019-05-14 00:00:00,133.0099945,131.3099976,133.0599976,130.8099976,770400.0,119.3139648
2019-05-15 00:00:00,133.8899994,132.7200012,134.1900024,132.1100006,591100.0,120.1033478
2019-05-16 00:00:00,134.7100067,133.8200073,135.75,133.5,631900.0,120.838913
2019-05-17 00:00:00,133.6499939,133.7299957,134.3999939,132.8000031,591000.0,119.8880615
2019-05-20 00:00:00,132.1399994,133.5700073,133.8899994,131.3099976,423400.0,118.5335693
2019-05-21 00:00:00,132.75,132.9299927,133.3600006,132.5,639900.0,119.0807343
2019-05-22 00:00:00,132.4600067,132.7299957,132.8999939,131.9600067,481300.0,118.82061
2019-05-23 00:00:00,131.5800018,132.1000061,132.1000061,130.3300018,844800.0,118.0312195
2019-05-24 00:00:00,132.0200043,132.1100006,132.8399963,131.5500031,565900.0,118.4259262
2019-05-28 00:00:00,132.75,132.6600037,133.4299927,132.1399994,1564700.0,119.0807343
2019-05-29 00:00:00,131.5500031,132.6300049,132.6399994,130.7100067,838600.0,118.0043106
2019-05-30 00:00:00,130.8099976,131.7299957,132.7100067,130.3800049,881100.0,117.3405075
2019-05-31 00:00:00,130.8300018,129.6799927,131.9199982,129.0399933,572300.0,117.3584442
2019-06-03 00:00:00,131.8300018,131.25,132.4100037,130.8800049,840800.0,118.2554855
2019-06-04 00:00:00,132.1100006,131.9900055,132.4799957,130.5899963,670100.0,118.5066299
2019-06-05 00:00:00,135.1799927,132.7200012,135.2599945,132.7200012,569000.0,121.2605057
2019-06-06 00:00:00,135.8899994,135.3200073,135.9199982,134.3399963,518800.0,121.8974152
2019-06-07 00:00:00,136.1600037,136.3699951,137.25,136.1600037,520100.0,122.1396255
2019-06-10 00:00:00,134.6300049,136.5700073,136.5700073,134.3200073,518400.0,120.7671661
2019-06-11 00:00:00,133.6900024,135.2299957,135.2299957,132.7200012,640100.0,119.9239502
2019-06-12 00:00:00,134.2599945,133.25,134.7200012,132.4199982,455200.0,120.4352417
2019-06-13 00:00:00,135.1999969,134.9299927,135.2400055,133.6000061,502500.0,121.2784653
2019-06-14 00:00:00,135.1999969,135.1100006,135.8600006,134.6799927,483800.0,121.2784653
2019-06-17 00:00:00,136.8000031,136.25,137.0399933,136.1000061,585500.0,122.7137222
2019-06-18 00:00:00,136.3500061,137.5099945,138.8899994,135.5899963,468500.0,122.3100662
2019-06-19 00:00:00,137.3000031,136.0500031,137.8699951,135.3500061,543800.0,123.1622391
2019-06-20 00:00:00,138.7700043,138.25,139.25,137.8099976,981400.0,124.4808502
2019-06-21 00:00:00,136.0700073,138.5,138.5,135.6999969,1975400.0,122.0588837
2019-06-24 00:00:00,133.6999969,136.3999939,136.3999939,133.2899933,769800.0,119.93293
2019-06-25 00:00:00,130.8000031,133.9600067,134.3300018,130.7200012,584800.0,117.3315277
2019-06-26 00:00:00,128.5,130.9400024,131.7599945,126.9000015,1250900.0,115.268364
2019-06-27 00:00:00,128.0299988,128.5399933,129.5399933,127.5800018,901800.0,115.7021561
2019-06-28 00:00:00,129.0,128.25,130.3500061,128.25,982600.0,116.5787506
2019-07-01 00:00:00,129.1000061,129.7599945,129.7599945,127.2600021,656800.0,116.6691208
2019-07-02 00:00:00,131.2100067,129.3800049,131.3800049,129.0200043,569500.0,118.5759659
2019-07-03 00:00:00,133.0399933,131.5899963,133.2299957,131.0,345900.0,120.2297363
2019-07-05 00:00:00,131.8699951,132.0899963,132.5700073,129.5899963,397900.0,119.1724014
2019-07-08 00:00:00,132.3500061,131.7100067,132.7299957,131.2299957,575600.0,119.6061859
2019-07-09 00:00:00,132.0500031,132.1199951,132.7299957,131.4600067,885400.0,119.3350677
2019-07-10 00:00:00,133.8699951,132.0700073,134.1799927,132.0700073,668400.0,120.979805
2019-07-11 00:00:00,132.4900055,133.75,134.8000031,132.0,709300.0,119.7326889
2019-07-12 00:00:00,132.3000031,132.5500031,132.9100037,131.9199982,291700.0,119.5609818
2019-07-15 00:00:00,132.1000061,132.8600006,132.8600006,131.8399963,353000.0,119.380249
2019-07-16 00:00:00,131.4199982,131.5500031,131.9499969,131.1000061,433700.0,118.7657242
2019-07-17 00:00:00,130.1399994,131.6900024,131.9700012,129.3200073,421100.0,117.6089783
2019-07-18 00:00:00,130.3800049,130.2599945,130.7799988,129.1999969,567800.0,117.8258743
2019-07-19 00:00:00,128.0700073,130.7299957,131.0200043,127.9700012,565500.0,115.7382965
2019-07-22 00:00:00,128.3999939,127.8000031,128.6199951,127.0999985,756500.0,116.0365143
2019-07-23 00:00:00,130.0500031,129.0500031,130.2200012,128.3999939,512000.0,117.5276489
2019-07-24 00:00:00,130.3099976,129.5500031,130.5800018,129.2599945,486100.0,117.7626114
2019-07-25 00:00:00,130.6000061,130.1900024,130.8500061,129.6399994,451200.0,118.0246735
2019-07-26 00:00:00,131.3000031,130.8300018,131.5399933,130.2899933,460700.0,118.65728
2019-07-29 00:00:00,132.2899933,131.6600037,133.0200043,131.2400055,660300.0,119.5519638
2019-07-30 00:00:00,133.0099945,132.9900055,134.2799988,132.0500031,546900.0,120.2026062
2019-07-31 00:00:00,132.9499969,134.5,136.6300049,132.2200012,884000.0,120.1483917
2019-08-01 00:00:00,130.3399963,132.3800049,132.9700012,128.9499969,1037700.0,117.7897186
2019-08-02 00:00:00,130.1499939,130.4299927,131.2400055,129.5700073,506100.0,117.6180191
2019-08-05 00:00:00,127.3399963,129.1300049,129.1300049,125.6999969,928400.0,115.0785828
2019-08-06 00:00:00,127.1900024,127.7200012,128.9900055,126.4599991,896300.0,114.9430237
2019-08-07 00:00:00,128.4700012,126.1500015,129.7299957,125.3399963,733800.0,116.0997772
2019-08-08 00:00:00,130.8999939,128.7700043,131.2799988,128.1300049,616500.0,118.2957916
2019-08-09 00:00:00,129.3399963,130.7100067,131.0,128.2700043,536900.0,116.8860016
2019-08-12 00:00:00,126.8700027,128.8800049,128.9499969,126.3899994,725700.0,114.6538391
2019-08-13 00:00:00,127.2799988,126.75,128.0899963,126.4499969,594100.0,115.0243683
2019-08-14 00:00:00,125.6200027,126.4800034,126.8700027,125.2399979,582300.0,113.5242081
2019-08-15 00:00:00,127.0899963,125.5500031,127.4400024,125.5500031,760400.0,114.8526535
2019-08-16 00:00:00,128.2100067,127.4700012,128.7599945,126.6699982,567400.0,115.8648148
2019-08-19 00:00:00,128.3899994,129.1300049,129.2200012,128.1799927,404800.0,116.0274887
2019-08-20 00:00:00,127.5899963,127.9000015,128.6000061,127.3499985,492800.0,115.3045197
2019-08-21 00:00:00,127.6699982,127.75,128.4900055,126.8199997,742100.0,115.3768158
2019-08-22 00:00:00,127.9300003,128.2100067,128.2899933,126.2900009,473900.0,115.6117783
2019-08-23 00:00:00,125.8300018,127.4899979,128.1900024,125.3899994,566700.0,113.7139816
2019-08-26 00:00:00,127.0299988,126.7900009,127.1100006,125.5400009,462700.0,114.7984314
2019-08-27 00:00:00,126.2399979,127.75,128.1600037,126.1200027,587000.0,114.0845108
2019-08-28 00:00:00,126.6399994,126.1999969,126.9899979,125.9700012,333600.0,114.4459839
2019-08-29 00:00:00,128.0899963,127.4300003,128.6499939,127.0599976,364500.0,115.7563629
2019-08-30 00:00:00,128.4199982,128.6399994,128.9900055,127.8700027,453500.0,116.0545883
2019-09-03 00:00:00,128.8000031,127.7699966,128.8699951,127.4499969,548200.0,116.3980026
2019-09-04 00:00:00,129.7200012,129.7299957,130.5099945,129.1100006,575500.0,117.2294235
2019-09-05 00:00:00,129.6199951,129.8999939,129.8999939,127.7900009,619400.0,117.1390381
2019-09-06 00:00:00,130.1699982,129.9199982,130.5899963,129.6399994,472600.0,117.6360855
2019-09-09 00:00:00,130.3600006,129.8399963,130.9400024,126.1800003,984700.0,117.8078079
2019-09-10 00:00:00,130.9100037,129.6699982,130.9100037,129.0500031,1045900.0,118.3048325
2019-09-11 00:00:00,132.0200043,130.7100067,132.0299988,129.6699982,738400.0,119.3079681
2019-09-12 00:00:00,133.4299927,132.6199951,133.5500031,130.3500061,1146400.0,120.5821838
2019-09-13 00:00:00,131.3999939,133.4900055,134.0899963,130.6499939,868800.0,118.7476578
2019-09-16 00:00:00,132.0299988,131.3300018,132.1300049,130.2700043,792500.0,119.3169861
2019-09-17 00:00:00,131.1999969,131.8999939,132.2400055,130.0399933,832800.0,118.566925
2019-09-18 00:00:00,130.4400024,131.4799957,131.4799957,129.2899933,843900.0,117.8800888
2019-09-19 00:00:00,130.0299988,130.9400024,131.0200043,129.6100006,768900.0,117.5095673
2019-09-20 00:00:00,130.1100006,130.5299988,132.1199951,129.7599945,3669500.0,117.5818634
2019-09-23 00:00:00,130.25,129.5200043,131.4299927,129.0299988,1006200.0,117.7083893
2019-09-24 00:00:00,129.5200043,130.6100006,131.0200043,128.6499939,1213200.0,117.0486755
2019-09-25 00:00:00,130.1699982,129.6100006,130.9199982,128.9700012,992800.0,117.6360855
2019-09-26 00:00:00,132.5899963,130.75,132.6600037,130.4499969,739600.0,119.8230591
2019-09-27 00:00:00,130.1199951,131.9600067,131.9600067,129.1600037,894000.0,118.4395065
2019-09-30 00:00:00,129.6600037,129.8999939,130.5200043,129.1799927,780200.0,118.0208282
2019-10-01 00:00:00,128.6799927,129.8800049,130.2899933,127.5299988,634300.0,117.1287842
2019-10-02 00:00:00,125.4400024,128.0099945,128.2299957,124.9599991,1489500.0,114.1796341
2019-10-03 00:00:00,127.8899994,125.4400024,128.1799927,124.5800018,1021900.0,116.4097061
2019-10-04 00:00:00,128.7100067,128.0299988,128.8699951,127.5299988,496500.0,117.1560974
2019-10-07 00:00:00,128.1499939,128.1399994,129.3500061,127.8300018,330000.0,116.646347
2019-10-08 00:00:00,127.0800018,127.5999985,128.2799988,126.5699997,818200.0,115.6724167
2019-10-09 00:00:00,127.8600006,127.9000015,128.3399963,127.1600037,1187300.0,116.3824005
2019-10-10 00:00:00,127.1800003,127.9300003,128.25,127.1100006,409400.0,115.7634354
2019-10-11 00:00:00,128.1999969,127.7799988,129.2599945,127.6500015,571100.0,116.6918716
2019-10-14 00:00:00,127.5699997,128.1199951,128.1199951,126.2600021,384500.0,116.1184235
2019-10-15 00:00:00,128.8500061,127.3199997,128.9100037,126.6699982,555600.0,117.2835388
2019-10-16 00:00:00,128.3399963,128.3600006,129.5399933,127.7799988,520300.0,116.8193054
2019-10-17 00:00:00,127.6600037,128.0700073,128.3200073,127.0800018,542300.0,116.2003555
2019-10-18 00:00:00,128.3600006,127.9100037,128.5700073,126.9000015,507100.0,116.8375092
2019-10-21 00:00:00,129.9799957,128.1000061,129.9900055,128.1000061,530800.0,118.312088
2019-10-22 00:00:00,130.8399963,130.1499939,131.1499939,128.8699951,680000.0,119.0948792
2019-10-23 00:00:00,130.9700012,130.1600037,131.2599945,129.8000031,752200.0,119.2132187
2019-10-24 00:00:00,132.3699951,131.2299957,132.6199951,130.5800018,534700.0,120.4875259
2019-10-25 00:00:00,132.1799927,132.1000061,133.5299988,131.2700043,510400.0,120.3145981
2019-10-28 00:00:00,132.6799927,132.3600006,132.8500061,131.8800049,515900.0,120.7697144
2019-10-29 00:00:00,133.3000031,133.2799988,133.8899994,132.6699982,1042000.0,121.3340607
2019-10-30 00:00:00,138.9299927,135.9600067,140.0599976,134.3300018,1170700.0,126.4586716
2019-10-31 00:00:00,137.1999969,138.3800049,138.9299927,135.8399963,917200.0,124.8839874
2019-11-01 00:00:00,137.4400024,137.7599945,138.4299927,135.7400055,614900.0,125.102417
2019-11-04 00:00:00,138.5299988,137.3200073,138.6199951,136.9799957,532900.0,126.0945816
2019-11-05 00:00:00,136.3200073,138.0099945,138.6300049,135.5800018,822900.0,124.0829544
2019-11-06 00:00:00,137.9199982,136.9400024,138.3899994,136.8399963,751700.0,125.5393219
2019-11-07 00:00:00,137.9600067,137.6699982,138.2299957,137.0800018,678700.0,125.575737
2019-11-08 00:00:00,138.3399963,137.8999939,138.6100006,137.0099945,370400.0,125.9216385
2019-11-11 00:00:00,138.5700073,137.8399963,138.7100067,137.0099945,429600.0,126.1310043
2019-11-12 00:00:00,135.6199951,138.2599945,138.7599945,135.2400055,532600.0,123.4458008
2019-11-13 00:00:00,136.7100067,135.4299927,137.0099945,135.4199982,559900.0,124.4379654
2019-11-14 00:00:00,137.8099976,136.9600067,137.8600006,136.6100006,579100.0,125.4392014
2019-11-15 00:00:00,137.5599976,138.0700073,138.7200012,137.3999939,490300.0,125.2116394
2019-11-18 00:00:00,138.6999969,137.8899994,138.75,137.0,489600.0,126.2492905
2019-11-19 00:00:00,138.2700043,139.4100037,139.4100037,137.2200012,386500.0,125.8579254
2019-11-20 00:00:00,138.0500031,138.25,138.25,136.9600067,336800.0,125.6576538
2019-11-21 00:00:00,136.75,137.7100067,137.7100067,136.1000061,335500.0,124.4743652
2019-11-22 00:00:00,137.5899963,137.2700043,138.5700073,135.8999939,448900.0,125.2389603
2019-11-25 00:00:00,137.5399933,138.4499969,139.6399994,137.4900055,348500.0,125.1934509
2019-11-26 00:00:00,138.5099945,137.4299927,138.8600006,137.25,532100.0,126.0763397
2019-11-27 00:00:00,139.0099945,138.4499969,139.1100006,137.6799927,348500.0,126.5314941
2019-11-29 00:00:00,138.5399933,138.7599945,139.3800049,138.4600067,343700.0,126.1036835
2019-12-02 00:00:00,136.8699951,138.4400024,138.4700012,136.7299957,507100.0,124.5835876
2019-12-03 00:00:00,138.4700012,136.5599976,138.6300049,136.5599976,379800.0,126.0399704
2019-12-04 00:00:00,138.0,138.3899994,139.8899994,137.9700012,493600.0,125.6121597
2019-12-05 00:00:00,139.1199951,137.8300018,139.1399994,137.6699982,436600.0,126.6316376
2019-12-06 00:00:00,139.2799988,139.2799988,140.3000031,139.0599976,579800.0,126.7772598
2019-12-09 00:00:00,139.8699951,139.3600006,140.1600037,138.8200073,519500.0,127.31427
2019-12-10 00:00:00,139.6100006,140.0399933,140.1199951,138.7299957,451700.0,127.0776291
2019-12-11 00:00:00,137.2899933,139.9799957,139.9799957,136.7400055,653000.0,124.965889
2019-12-12 00:00:00,135.1300049,137.5,137.6300049,134.4900055,927300.0,122.9998093
2019-12-13 00:00:00,135.1100006,135.6300049,136.1600037,133.7799988,841500.0,122.981575
2019-12-16 00:00:00,135.6499939,135.6900024,135.9199982,134.2799988,530000.0,123.473114
2019-12-17 00:00:00,134.4700012,136.25,136.3200073,134.0500031,731300.0,122.399025
2019-12-18 00:00:00,135.4600067,134.2700043,136.1000061,133.6000061,956800.0,123.3001633
2019-12-19 00:00:00,135.6900024,135.2799988,136.5800018,134.9100037,656100.0,123.5095139
2019-12-20 00:00:00,135.7799988,136.4700012,136.6799927,135.7799988,1230800.0,123.5914536
2019-12-23 00:00:00,135.8099976,136.1600037,136.5399933,135.2200012,565200.0,123.6187439
2019-12-24 00:00:00,135.9400024,136.0700073,136.8800049,135.7200012,132900.0,123.7370758
2019-12-26 00:00:00,137.1399994,136.4100037,137.1600037,135.8099976,222800.0,124.8293304
2019-12-27 00:00:00,137.6799927,137.5700073,137.6799927,136.6799927,325800.0,125.3208847
2019-12-30 00:00:00,136.6699982,136.75,137.1699982,136.1499939,277600.0,125.2933884
2019-12-31 00:00:00,137.8600006,136.4199982,137.8600006,136.4199982,458700.0,126.3843307
2020-01-02 00:00:00,135.5800018,138.3000031,138.5399933,135.1300049,605700.0,124.2941055
2020-01-03 00:00:00,136.6399994,134.4199982,136.8699951,134.4199982,456800.0,125.2658691
2020-01-06 00:00:00,137.6000061,137.0599976,138.1499939,135.7899933,587100.0,126.1459732
2020-01-07 00:00:00,135.2100067,136.7200012,137.2100067,134.6199951,619800.0,123.9549103
2020-01-08 00:00:00,134.4900055,135.5200043,135.8200073,133.7100067,628600.0,123.294838
2020-01-09 00:00:00,134.5599976,134.5500031,135.4199982,134.1600037,652300.0,123.3590164
2020-01-10 00:00:00,135.0800018,134.6900024,135.5500031,134.3000031,498600.0,123.8357315
2020-01-13 00:00:00,136.7700043,135.1999969,136.9600067,135.0,523800.0,125.3850555
2020-01-14 00:00:00,136.3999939,136.6799927,136.6799927,135.1999969,468400.0,125.045845
2020-01-15 00:00:00,137.3300018,136.8200073,137.7299957,135.9199982,540800.0,125.8984375
2020-01-16 00:00:00,139.2799988,137.6900024,139.2899933,137.4499969,430200.0,127.6861267
2020-01-17 00:00:00,139.5599976,139.6300049,140.7299957,139.0899963,791800.0,127.9428024
2020-01-21 00:00:00,140.3600006,139.5599976,140.8099976,138.9199982,609000.0,128.6762238
2020-01-22 00:00:00,139.8999939,141.0,141.1499939,139.3699951,481100.0,128.2545013
2020-01-23 00:00:00,142.1399994,139.8099976,142.1999969,138.8500061,559800.0,130.3080444
2020-01-24 00:00:00,142.0099945,142.1000061,142.2400055,141.1600037,449600.0,130.188858
2020-01-27 00:00:00,141.0399933,141.2100067,141.7400055,140.6999969,600700.0,129.2995911
2020-01-28 00:00:00,141.1799927,141.3600006,142.5200043,141.0200043,786000.0,129.4279175
2020-01-29 00:00:00,142.9299927,141.9299927,143.9299927,139.7200012,913400.0,131.0322571
2020-01-30 00:00:00,143.5899963,142.5299988,143.6399994,141.8600006,753900.0,131.6373291
2020-01-31 00:00:00,143.3500061,143.3300018,144.3399963,142.8899994,917000.0,131.4173279
2020-02-03 00:00:00,143.1699982,144.0,144.7899933,143.0399933,771400.0,131.2523041
2020-02-04 00:00:00,144.5599976,143.6100006,145.4400024,143.3699951,939000.0,132.5265808
2020-02-05 00:00:00,145.0599976,144.9299927,146.0700073,144.2899933,595800.0,132.9849701
2020-02-06 00:00:00,144.3800049,145.3899994,146.0,143.9299927,897900.0,132.3616028
2020-02-07 00:00:00,142.7100067,144.2799988,144.3000031,142.1999969,641300.0,130.8305969
2020-02-10 00:00:00,143.1600037,142.9600067,143.5599976,142.2100067,844800.0,131.2431335
2020-02-11 00:00:00,144.2200012,143.3899994,144.4900055,143.3899994,517700.0,132.2149048
2020-02-12 00:00:00,145.0200043,144.4299927,145.7200012,143.8200073,563600.0,132.9483032
2020-02-13 00:00:00,145.5800018,144.7200012,146.0399933,144.7200012,492500.0,133.4617004
2020-02-14 00:00:00,147.2299957,145.7799988,147.2799988,145.3699951,616800.0,134.9743347
2020-02-18 00:00:00,147.5099945,147.5,147.5099945,146.0,524900.0,135.2310486
2020-02-19 00:00:00,144.8999939,147.7899933,147.8300018,144.8800049,680300.0,132.8383026
2020-02-20 00:00:00,146.9199982,144.9700012,147.0099945,144.6999969,527200.0,134.6901703
2020-02-21 00:00:00,145.7799988,146.4700012,146.9499969,145.2700043,811600.0,133.64505
2020-02-24 00:00:00,144.3500061,144.1699982,145.3500061,143.6900024,792800.0,132.3340912
2020-02-25 00:00:00,136.75,144.4600067,144.5099945,136.4600067,1064700.0,125.3667374
2020-02-26 00:00:00,135.4100037,137.2400055,137.7899933,135.3800049,1230600.0,124.1382751
2020-02-27 00:00:00,128.25,134.4900055,135.2899933,128.2400055,1186500.0,117.5742645
2020-02-28 00:00:00,128.9400024,125.7799988,128.9499969,123.0999985,2158400.0,118.2068253
2020-03-02 00:00:00,134.5399933,129.6300049,134.5500031,128.4299927,1327900.0,123.3406677
2020-03-03 00:00:00,132.8999939,134.4199982,137.4199982,131.8600006,1148400.0,121.8371964
2020-03-04 00:00:00,138.1199951,134.7700043,138.3800049,134.0800018,834600.0,126.6226578
2020-03-05 00:00:00,136.7299957,135.9400024,137.8200073,134.0800018,857100.0,125.3483658
2020-03-06 00:00:00,132.5800018,133.1499939,134.1699982,128.2299957,1041900.0,121.5438461
2020-03-09 00:00:00,122.8600006,124.2200012,127.2699966,121.2699966,1695300.0,112.6329346
2020-03-10 00:00:00,130.2700043,126.6399994,130.3800049,123.1399994,1588500.0,119.4261169
2020-03-11 00:00:00,121.2900009,126.7200012,127.1800003,120.1699982,1314000.0,111.1936264
2020-03-12 00:00:00,111.8899994,112.6900024,117.4499969,108.1100006,1870500.0,102.5761032
2020-03-13 00:00:00,117.0599976,118.0899963,118.2399979,111.6900024,1659000.0,107.3157425
2020-03-16 00:00:00,96.9300003,106.5299988,110.6699982,96.6900024,1617000.0,88.8613815
2020-03-17 00:00:00,105.8399963,99.3000031,109.4000015,94.2399979,1623400.0,97.0297089
2020-03-18 00:00:00,88.2099991,97.0599976,99.7699966,85.5299988,1498100.0,80.8672638
2020-03-19 00:00:00,85.5699997,86.2099991,88.8300018,82.7200012,1519100.0,78.4470139
2020-03-20 00:00:00,82.0,86.8399963,95.8399963,80.6299973,2424000.0,75.1741943
2020-03-23 00:00:00,77.9300003,82.0,83.9400024,77.2099991,2675400.0,71.4429855
2020-03-24 00:00:00,87.5899963,81.0,88.3399963,78.2699966,1897500.0,80.2988739
2020-03-25 00:00:00,90.8600006,87.9899979,97.7699966,86.6399994,2039300.0,83.296669
2020-03-26 00:00:00,92.9000015,91.9599991,93.4199982,89.25,1698900.0,85.1668625
2020-03-27 00:00:00,93.8199997,89.4599991,96.8799973,87.0100021,1689200.0,86.0102844
2020-03-30 00:00:00,92.9599991,93.9199982,96.0800018,89.0,1625700.0,86.1214523
2020-03-31 00:00:00,92.2300034,92.0400009,93.8700027,89.0500031,1526900.0,85.4451523
2020-04-01 00:00:00,85.25,87.5400009,88.7600021,82.5899963,1626300.0,78.9786301
2020-04-02 00:00:00,82.6900024,83.8099976,87.4700012,79.9100037,1902000.0,76.6069641
2020-04-03 00:00:00,83.0400009,81.9100037,85.2300034,80.7300034,1855300.0,76.9312057
2020-04-06 00:00:00,90.7200012,88.0100021,91.9400024,86.1600037,1800400.0,84.0462341
2020-04-07 00:00:00,92.6600037,96.5,98.6500015,92.5199966,2103600.0,85.8435135
2020-04-08 00:00:00,99.9100037,94.0299988,100.7600021,92.3700027,1272100.0,92.5601807
2020-04-09 00:00:00,106.0,102.2699966,107.1500015,102.1800003,1938400.0,98.2021637
2020-04-13 00:00:00,100.5599976,104.8300018,106.3300018,98.6699982,1147800.0,93.1623459
2020-04-14 00:00:00,105.6800003,102.8499985,106.0800018,102.8499985,918800.0,97.9057007
2020-04-15 00:00:00,99.6800003,102.0899963,103.4800034,98.6600037,1091500.0,92.347084
2020-04-16 00:00:00,94.0699997,99.8300018,99.8300018,93.3099976,1149400.0,87.1497879
2020-04-17 00:00:00,95.5,97.0400009,98.3700027,94.8600006,1685400.0,88.4745941
2020-04-20 00:00:00,91.4400024,94.0100021,94.75,91.3399963,1113500.0,84.7132721
2020-04-21 00:00:00,88.4300003,88.0899963,89.6699982,86.6500015,1725000.0,81.9246979
2020-04-22 00:00:00,90.6699982,90.2600021,91.8899994,89.1200027,1208400.0,83.9998932
2020-04-23 00:00:00,88.9199982,90.9499969,91.3199997,88.3000031,1180200.0,82.3786469
2020-04-24 00:00:00,90.3600006,89.3199997,90.7600021,88.1800003,1096100.0,83.7127151
2020-04-27 00:00:00,94.1399994,91.3099976,94.3600006,90.8399963,1377400.0,87.2146454
2020-04-28 00:00:00,97.0699997,97.0,98.8600006,96.1100006,1248600.0,89.9291077
2020-04-29 00:00:00,98.25,101.0,102.9400024,98.0400009,1521300.0,91.0222855
2020-04-30 00:00:00,97.1800003,96.5999985,97.9800034,95.0599976,1427500.0,90.0310059
2020-05-01 00:00:00,92.9300003,94.5800018,94.8799973,92.4800034,996600.0,86.0936584
2020-05-04 00:00:00,89.6699982,91.3700027,91.8899994,88.6999969,1714600.0,83.0734787
2020-05-05 00:00:00,87.4300003,90.9700012,91.75,87.3099976,1375600.0,80.9982529
2020-05-06 00:00:00,83.2799988,87.4400024,88.0899963,83.1299973,1523100.0,77.1535492
2020-05-07 00:00:00,85.8499985,84.8199997,86.75,83.9100037,1954700.0,79.5345001
2020-05-08 00:00:00,86.9100037,87.8600006,88.5999985,86.1299973,1843600.0,80.5165176
2020-05-11 00:00:00,83.8600006,86.2099991,87.1399994,83.8300018,1673700.0,77.6908875
2020-05-12 00:00:00,78.7699966,83.9300003,84.1200027,78.5699997,2575500.0,72.9753189
2020-05-13 00:00:00,74.8000031,77.8300018,77.8700027,74.3700027,3014400.0,69.2973709
2020-05-14 00:00:00,76.6999969,73.4400024,76.8199997,71.5699997,3009900.0,71.0576019
2020-05-15 00:00:00,74.9499969,74.9800034,75.6800003,73.0500031,2998300.0,69.4363403
2020-05-18 00:00:00,80.9300003,78.3799973,82.1600037,78.3799973,2837100.0,74.9764328
2020-05-19 00:00:00,77.8199997,80.4800034,81.2600021,77.3499985,1961000.0,72.0952225
2020-05-20 00:00:00,80.8300018,78.6699982,81.0100021,77.9599991,2015300.0,74.8837738
2020-05-21 00:00:00,79.9100037,80.7300034,81.6600037,79.2799988,1839700.0,74.0314713
2020-05-22 00:00:00,78.0100021,79.8899994,80.7300034,76.4899979,2020000.0,72.2712402
2020-05-26 00:00:00,84.5199966,81.8099976,84.75,81.4199982,2187700.0,78.30233
2020-05-27 00:00:00,88.8099976,87.7099991,89.3799973,83.3899994,2861500.0,82.2767487
2020-05-28 00:00:00,87.7600021,90.0,90.6999969,86.5100021,1730800.0,81.3039856
2020-05-29 00:00:00,85.9800034,86.5100021,87.7099991,84.3399963,2389600.0,79.6549301
2020-06-01 00:00:00,89.0,85.8099976,89.3099976,85.6100006,1118200.0,82.4527512
2020-06-02 00:00:00,90.2099991,90.4400024,92.0999985,89.3099976,1662000.0,83.5737534
2020-06-03 00:00:00,95.5400009,91.5699997,96.5,91.0199966,2562900.0,88.5116577
2020-06-04 00:00:00,96.9899979,94.8700027,97.0800018,92.9800034,1982700.0,89.8549805
2020-06-05 00:00:00,102.0400009,103.1299973,106.2699966,101.4400024,2451900.0,94.5334778
2020-06-08 00:00:00,107.1600037,104.8499985,107.9000015,104.7099991,1945500.0,99.2768326
2020-06-09 00:00:00,104.3300018,103.7300034,105.8899994,103.1299973,1915600.0,96.655014
2020-06-10 00:00:00,100.1500015,103.3799973,104.0400009,100.1299973,1862200.0,92.7825165
2020-06-11 00:00:00,92.5899963,93.6999969,98.1999969,92.1100006,2163200.0,85.7786484
2020-06-12 00:00:00,96.5400009,96.9300003,97.1800003,92.1600037,1789800.0,89.4380875
2020-06-15 00:00:00,94.9499969,92.0899963,95.5800018,92.0100021,1138200.0,87.9650421
2020-06-16 00:00:00,99.1699982,99.3700027,100.4599991,96.4199982,1137700.0,91.8746109
2020-06-17 00:00:00,97.3799973,99.6600037,99.9199982,97.1500015,1463800.0,90.2162857
2020-06-18 00:00:00,94.8300018,95.5800018,97.0,94.5,1864500.0,87.8538818
2020-06-19 00:00:00,90.7600021,96.8300018,97.5699997,90.6500015,3879600.0,84.0832825
2020-06-22 00:00:00,93.6299973,91.0,94.0400009,89.9300003,2805000.0,86.742157
2020-06-23 00:00:00,92.5999985,94.7300034,95.2200012,91.0800018,1300500.0,85.7879333
2020-06-24 00:00:00,89.6900024,90.9800034,92.3300018,87.4000015,1300600.0,83.0920029
2020-06-25 00:00:00,90.0500031,88.9199982,90.4899979,88.2900009,1647600.0,83.4255219
2020-06-26 00:00:00,87.2399979,89.6299973,90.3600006,87.0299988,1827700.0,80.8222351
2020-06-29 00:00:00,89.6699982,87.9899979,90.1500015,86.8899994,1223200.0,84.0172729
2020-06-30 00:00:00,90.3799973,89.8399963,90.7099991,88.4400024,1515600.0,84.6825104
2020-07-01 00:00:00,90.0500031,90.6299973,92.5199966,89.5500031,716300.0,84.3733139
2020-07-02 00:00:00,91.5500031,91.9599991,93.2600021,90.4000015,731600.0,85.7787476
2020-07-06 00:00:00,91.3499985,93.6999969,93.7399979,90.6800003,1022900.0,85.591362
2020-07-07 00:00:00,88.2799988,89.6699982,89.6699982,88.0500031,1050300.0,82.7148972
2020-07-08 00:00:00,87.5800018,88.2799988,89.0999985,87.2200012,955600.0,82.0590286
2020-07-09 00:00:00,85.0599976,87.0599976,87.2699966,84.2600021,1558900.0,79.6978683
2020-07-10 00:00:00,87.3899994,84.2900009,87.7799988,83.3899994,1693900.0,81.881012
2020-07-13 00:00:00,90.2200012,88.1900024,91.6500015,87.4300003,1484000.0,84.532608
2020-07-14 00:00:00,92.4499969,90.2200012,93.2099991,90.0500031,1700200.0,86.6220169
2020-07-15 00:00:00,93.1800003,93.8199997,94.6299973,92.0599976,2344700.0,87.3060074
2020-07-16 00:00:00,91.2799988,92.0199966,93.0699997,91.1900024,985400.0,85.5257645
2020-07-17 00:00:00,93.0699997,91.4700012,93.2099991,90.6699982,1076500.0,87.2029419
2020-07-20 00:00:00,89.5299988,91.9899979,92.6500015,89.3899994,1342200.0,83.8861008
2020-07-21 00:00:00,91.5400009,89.9199982,92.3399963,89.9199982,1271200.0,85.7693939
2020-07-22 00:00:00,93.1399994,90.6399994,93.2900009,90.4000015,1109000.0,87.2685242
2020-07-23 00:00:00,91.4800034,92.5,93.2900009,90.0299988,1195000.0,85.7131729
2020-07-24 00:00:00,90.6699982,91.4100037,92.2900009,89.9300003,1524600.0,84.9542236
2020-07-27 00:00:00,89.7300034,89.5100021,89.9499969,86.8600006,1675300.0,84.073494
2020-07-28 00:00:00,91.1299973,89.7300034,91.4700012,88.7799988,1579600.0,85.3852463
2020-07-29 00:00:00,90.5899963,91.0,91.0,87.0999985,1542500.0,84.8792801
2020-07-30 00:00:00,88.2699966,88.3499985,88.7200012,86.1200027,1428400.0,82.7055206
2020-07-31 00:00:00,89.0899963,88.1800003,89.1999969,86.6399994,2039900.0,83.4738388
2020-08-03 00:00:00,86.2399979,88.0100021,88.1999969,85.8799973,986900.0,80.8035049
2020-08-04 00:00:00,87.2099991,86.2399979,87.7399979,86.1200027,1152000.0,81.7123413
2020-08-05 00:00:00,86.6299973,88.0400009,88.3799973,86.0500031,1342600.0,81.1689148
2020-08-06 00:00:00,88.3000031,86.1900024,88.4400024,86.0999985,1233000.0,82.7336502
2020-08-07 00:00:00,90.0400009,87.2799988,90.0599976,86.9499969,1085100.0,84.363945
2020-08-10 00:00:00,90.9499969,90.3899994,92.3099976,89.9899979,1242700.0,85.2165833
2020-08-11 00:00:00,89.9599991,92.1600037,93.1200027,89.6600037,1274100.0,84.2889938
2020-08-12 00:00:00,88.1699982,90.6900024,91.0599976,88.0,1311700.0,82.611824
2020-08-13 00:00:00,86.2399979,87.5199966,88.75,86.1900024,1690000.0,80.8035049
2020-08-14 00:00:00,86.4300003,86.0,87.3700027,85.6800003,1402500.0,80.9815292
2020-08-17 00:00:00,86.2600021,86.4300003,86.4300003,84.9300003,893100.0,80.8222427
2020-08-18 00:00:00,85.6299973,86.0299988,86.0299988,84.6600037,1072600.0,80.2319565
2020-08-19 00:00:00,84.1699982,85.5,86.0299988,83.9000015,1240200.0,78.8639755
2020-08-20 00:00:00,85.2699966,83.7099991,85.5800018,83.4199982,873400.0,79.8946457
2020-08-21 00:00:00,84.2600021,85.4199982,85.7600021,83.9700012,1115500.0,78.9483109
2020-08-24 00:00:00,87.1299973,83.8499985,87.1999969,83.1600037,1363400.0,81.6373978
2020-08-25 00:00:00,88.4100037,87.3600006,88.5199966,86.1999969,1586300.0,82.8367081
2020-08-26 00:00:00,85.9499969,88.3700027,88.3700027,85.2699966,1421700.0,80.5317688
2020-08-27 00:00:00,88.4800034,86.1600037,88.6100006,86.1600037,906600.0,82.9022903
2020-08-28 00:00:00,88.9400024,88.4000015,89.3099976,87.5400009,1038000.0,83.3332901
2020-08-31 00:00:00,86.8700027,88.6200027,88.8499985,86.1200027,1140300.0,81.3937836
2020-09-01 00:00:00,85.3600006,85.9499969,86.4300003,85.1999969,825000.0,79.978981
2020-09-02 00:00:00,87.0100021,85.3499985,87.1900024,84.8799973,1218500.0,81.5249557
2020-09-03 00:00:00,87.6299973,87.4499969,90.25,86.7099991,901200.0,82.1058578
2020-09-04 00:00:00,87.8099976,87.8000031,89.0100021,86.2200012,1098100.0,82.2745132
2020-09-08 00:00:00,86.5800018,87.4300003,87.75,86.2699966,1750800.0,81.1220551
2020-09-09 00:00:00,85.5100021,86.9800034,87.8799973,85.1900024,1542900.0,80.1195221
2020-09-10 00:00:00,84.5,85.2399979,86.3499985,84.1600037,1791100.0,79.1731873
2020-09-11 00:00:00,83.2099991,84.5400009,84.6299973,82.5,1414400.0,77.9645157
2020-09-14 00:00:00,85.9100037,83.9899979,86.5299988,83.9899979,986200.0,80.4943085
2020-09-15 00:00:00,87.7699966,86.25,89.5599976,86.25,1044500.0,82.2370453
2020-09-16 00:00:00,89.9300003,87.7600021,90.6800003,86.4300003,1771100.0,84.2608871
2020-09-17 00:00:00,87.8700027,88.9400024,89.9100037,87.3899994,1466900.0,82.3307571
2020-09-18 00:00:00,84.8700027,86.9700012,87.5400009,84.7099991,2147300.0,79.5198593
2020-09-21 00:00:00,81.1100006,84.0,84.3700027,80.7900009,2080500.0,75.9968948
2020-09-22 00:00:00,80.5,81.0500031,83.3600006,80.1999969,2217200.0,75.4253464
2020-09-23 00:00:00,79.0,80.0800018,81.8199997,78.9400024,1610200.0,74.0198975
2020-09-24 00:00:00,79.3799973,79.1900024,80.4300003,78.4400024,982500.0,74.3759384
2020-09-25 00:00:00,80.3799973,78.5800018,80.4800034,78.4100037,844600.0,75.3129044
2020-09-28 00:00:00,82.7300034,82.2200012,84.0400009,81.8899994,1297100.0,77.5147629
2020-09-29 00:00:00,80.2799988,81.3099976,81.7699966,79.0,939600.0,76.1209183
2020-09-30 00:00:00,80.3000031,80.8199997,82.1100006,79.2799988,1320900.0,76.1398849
2020-10-01 00:00:00,82.8300018,80.5999985,82.9000015,80.3700027,885800.0,78.5388184
2020-10-02 00:00:00,85.2699966,81.2399979,85.5400009,80.7200012,1098800.0,80.8523941
2020-10-05 00:00:00,84.5,85.9199982,86.3399963,83.3199997,941300.0,80.1222916
2020-10-06 00:00:00,82.9400024,85.0899963,85.7099991,82.6100006,1296000.0,78.6431274
2020-10-07 00:00:00,82.3799973,83.1900024,83.9899979,82.0199966,1213500.0,78.1121216
2020-10-08 00:00:00,84.1699982,83.0699997,84.75,82.7399979,1566000.0,79.8093948
2020-10-09 00:00:00,82.7799988,84.5,84.5,82.0,970800.0,78.491394
2020-10-12 00:00:00,82.6999969,82.7799988,83.2300034,81.8600006,809700.0,78.4155426
2020-10-13 00:00:00,79.7600021,81.5800018,81.8099976,79.0999985,1396600.0,75.627861
2020-10-14 00:00:00,79.6100006,79.7600021,80.4000015,79.1299973,1011100.0,75.4856415
2020-10-15 00:00:00,79.5,79.0,80.2900009,78.8000031,725100.0,75.3813324
2020-10-16 00:00:00,77.6699982,79.1600037,79.2099991,77.2399979,1109400.0,73.6461258
2020-10-19 00:00:00,76.0,76.8300018,77.5100021,75.7900009,1137700.0,72.0626526
2020-10-20 00:00:00,76.1399994,77.1999969,77.6600037,75.9599991,769900.0,72.1953964
2020-10-21 00:00:00,76.0500031,75.6800003,76.3199997,74.9000015,868700.0,72.1100616
2020-10-22 00:00:00,77.2200012,76.0800018,77.4800034,75.8099976,622300.0,73.2194519
2020-10-23 00:00:00,77.6699982,77.8499985,78.2399979,76.8199997,525700.0,73.6461258
2020-10-26 00:00:00,75.4100037,77.0,77.0299988,74.6399994,1013600.0,71.5032196
2020-10-27 00:00:00,73.7399979,74.9700012,75.5500031,73.5400009,1204700.0,69.9197311
2020-10-28 00:00:00,71.1500015,73.0199966,73.0199966,70.5899963,2042700.0,67.4639282
2020-10-29 00:00:00,71.6399994,70.7300034,72.2300034,69.6900024,1604300.0,67.9285431
2020-10-30 00:00:00,72.4100037,71.5,72.5500031,71.0100021,1073900.0,68.6586456
2020-11-02 00:00:00,76.0500031,73.2600021,76.1200027,72.3199997,1230000.0,72.1100616
2020-11-03 00:00:00,77.9000015,76.9000015,78.3300018,76.2900009,996000.0,73.8642197
2020-11-04 00:00:00,74.4899979,77.7699966,77.7699966,74.4100037,1041600.0,70.6308746
2020-11-05 00:00:00,74.7399979,74.5599976,75.7900009,74.1399994,1727900.0,70.8679199
2020-11-06 00:00:00,73.4100037,75.3499985,75.8499985,72.5299988,1254000.0,69.606842
2020-11-09 00:00:00,88.7699966,83.2799988,96.4499969,83.2799988,4745200.0,84.1710739
2020-11-10 00:00:00,92.5299988,89.3899994,93.3399963,88.6299973,3635000.0,87.7362823
2020-11-11 00:00:00,90.8000031,91.9899979,91.9899979,88.2600021,1640900.0,86.0959015
2020-11-12 00:00:00,87.0899963,89.8799973,90.2300034,86.3300018,1423300.0,82.5781174
2020-11-13 00:00:00,91.6200027,88.0100021,91.7099991,87.9499969,1743500.0,86.873436
2020-11-16 00:00:00,96.5999985,96.0500031,97.3600006,94.2699966,1664400.0,91.5954132
2020-11-17 00:00:00,98.4599991,95.1500015,99.3700027,94.2200012,1851200.0,93.3590622
2020-11-18 00:00:00,96.1200027,98.7099991,99.8899994,96.1200027,1606800.0,91.1402969
2020-11-19 00:00:00,97.4199982,95.1999969,97.9599991,94.1200027,1445800.0,92.3729477
2020-11-20 00:00:00,98.3799973,98.1299973,98.6100006,96.4300003,1514400.0,93.2832108
2020-11-23 00:00:00,100.3899994,99.4300003,101.6100006,99.1600037,2204400.0,95.1890793
2020-11-24 00:00:00,104.4300003,102.3099976,105.9300003,102.3099976,1741900.0,99.0197754
2020-11-25 00:00:00,102.3499985,103.4199982,103.6800003,100.9199982,1635400.0,97.0475388
2020-11-27 00:00:00,102.4300003,102.7699966,103.1500015,101.0599976,427700.0,97.1233902
2020-11-30 00:00:00,98.1600037,101.7300034,102.3300018,98.0500031,2230400.0,93.0746155
2020-12-01 00:00:00,99.8300018,99.9800034,100.7300034,99.2799988,1196200.0,94.6580963
2020-12-02 00:00:00,101.0500031,99.9499969,101.6999969,99.0999985,1240400.0,95.814888
2020-12-03 00:00:00,103.3300018,101.25,103.8300018,101.0500031,882600.0,97.9767609
2020-12-04 00:00:00,105.3199997,104.3499985,105.9800034,103.8600006,814300.0,99.8636703
2020-12-07 00:00:00,102.9499969,105.1800003,105.1800003,102.7300034,817800.0,97.6164551
2020-12-08 00:00:00,101.4599991,102.0800018,103.0699997,101.0400009,1051600.0,96.2036514
2020-12-09 00:00:00,100.4800034,101.7699966,102.1999969,99.4300003,1358600.0,95.2744217
2020-12-10 00:00:00,101.9000015,99.5500031,102.1399994,99.0699997,1493300.0,96.6208572
2020-12-11 00:00:00,99.9800034,100.6900024,101.9499969,99.1699982,687300.0,94.8003311
2020-12-14 00:00:00,98.5,100.0,101.4899979,98.1100006,1217500.0,93.3969955
2020-12-15 00:00:00,101.0,98.9899979,101.0400009,97.3499985,1499300.0,95.7674789
2020-12-16 00:00:00,100.6999969,103.8799973,105.4499969,99.7699966,1327800.0,95.483017
2020-12-17 00:00:00,100.4199982,102.8000031,102.8000031,99.75,1311100.0,95.217514
2020-12-18 00:00:00,96.1100006,100.8199997,101.0400009,95.0899963,3082600.0,91.1308136
2020-12-21 00:00:00,94.0500031,94.7300034,94.8399963,92.5100021,1561900.0,89.1775436
2020-12-22 00:00:00,92.8899994,94.7699966,94.7699966,92.3300018,1448900.0,88.0776367
2020-12-23 00:00:00,92.5999985,93.7399979,94.5899963,92.1500015,1014000.0,87.8026505
2020-12-24 00:00:00,93.9300003,93.1999969,94.0100021,91.4700012,367300.0,89.0637512
2020-12-28 00:00:00,95.1399994,93.9599991,95.4800034,93.3799973,762400.0,90.2110748
2020-12-29 00:00:00,93.2900009,95.5800018,96.4499969,93.0100021,820500.0,88.4569092
2020-12-30 00:00:00,93.8700027,92.9400024,94.4899979,92.8099976,707900.0,89.9517899
2020-12-31 00:00:00,94.5299988,93.3799973,94.6999969,92.3300018,562900.0,90.5842514
2021-01-04 00:00:00,90.8199997,95.3000031,95.9599991,90.75,1240100.0,87.0291061
2021-01-05 00:00:00,90.0899963,91.3199997,92.8199997,89.9899979,1200500.0,86.3295746
2021-01-06 00:00:00,91.4199982,90.6600037,92.7699966,89.7600021,1960000.0,87.6040573
2021-01-07 00:00:00,90.25,91.4499969,91.4499969,89.3799973,1179600.0,86.4829025
2021-01-08 00:00:00,90.0400009,90.0500031,90.8799973,89.1399994,1123300.0,86.281662
2021-01-11 00:00:00,89.5899963,89.0500031,90.2799988,88.7799988,1534100.0,85.850441
2021-01-12 00:00:00,91.4599991,90.1800003,91.6800003,89.1999969,1075500.0,87.642395
2021-01-13 00:00:00,92.0899963,91.5500031,92.9300003,91.3499985,1302100.0,88.2460938
2021-01-14 00:00:00,94.5500031,92.9700012,95.0,92.0,1209900.0,90.6034088
2021-01-15 00:00:00,95.1500015,94.2099991,95.4400024,92.6699982,1026600.0,91.1783752
2021-01-19 00:00:00,93.2900009,95.5400009,95.5400009,92.8600006,1139300.0,89.3960114
2021-01-20 00:00:00,93.5599976,92.8499985,94.8700027,92.5199966,947400.0,89.6547318
2021-01-21 00:00:00,91.9800034,93.0100021,93.8099976,90.7699966,1472700.0,88.1406937
2021-01-22 00:00:00,91.3000031,91.0899963,91.5999985,90.1500015,809100.0,87.4890671
2021-01-25 00:00:00,91.2799988,90.6999969,91.9499969,89.5,1107000.0,87.4699097
2021-01-26 00:00:00,92.7200012,92.0299988,93.1100006,91.2300034,944000.0,88.8498001
2021-01-27 00:00:00,89.7200012,92.0,92.0699997,88.4499969,1582900.0,85.9750214
2021-01-28 00:00:00,91.9199982,89.9400024,94.0599976,89.4899979,1576500.0,88.0831909
2021-01-29 00:00:00,91.2699966,90.8199997,93.5800018,90.0699997,1633700.0,87.4603195
2021-02-01 00:00:00,90.2300034,91.5999985,91.9499969,88.8799973,1527200.0,86.4637375
2021-02-02 00:00:00,90.5,90.6800003,90.6800003,88.8899994,1223600.0,86.7224655
2021-02-03 00:00:00,91.0199966,89.9800034,91.5899963,88.8899994,1000900.0,87.2207565
2021-02-04 00:00:00,92.4199982,91.5100021,93.1999969,91.0699997,1013000.0,88.5623169
2021-02-05 00:00:00,92.1200027,93.4000015,93.4000015,91.3799973,878900.0,88.2748413
2021-02-08 00:00:00,95.3499985,92.3000031,95.5100021,92.0199966,1132100.0,91.3700256
2021-02-09 00:00:00,95.9800034,95.6999969,96.1699982,94.7399979,752300.0,91.973732
2021-02-10 00:00:00,94.6699982,96.5999985,97.7799988,94.4800034,1106400.0,90.7184067
2021-02-11 00:00:00,94.9300003,94.7200012,95.0999985,93.3199997,896400.0,90.9675522
2021-02-12 00:00:00,94.0999985,94.4400024,95.1399994,93.3300018,593700.0,90.1722031
2021-02-16 00:00:00,92.7200012,94.5,94.9199982,92.4800034,1258400.0,88.8498001
2021-02-17 00:00:00,92.75,93.2799988,93.2799988,91.6900024,912600.0,88.87854
2021-02-18 00:00:00,91.6699982,92.2900009,92.7900009,90.9700012,795600.0,87.8436279
2021-02-19 00:00:00,92.2399979,91.8099976,92.8199997,91.1600037,903800.0,88.3898392
2021-02-22 00:00:00,96.4599991,92.6600037,96.75,92.2900009,1610700.0,92.4336853
2021-02-23 00:00:00,101.1399994,97.0,101.6200027,96.2099991,2203900.0,96.9183426
2021-02-24 00:00:00,104.6900024,101.7200012,105.1800003,101.1299973,1347500.0,100.3201599
2021-02-25 00:00:00,102.7200012,105.0800018,106.9400024,101.8000031,1493600.0,98.4323883
2021-02-26 00:00:00,99.1299973,101.9400024,102.7200012,99.0999985,1360800.0,94.9922485
2021-03-01 00:00:00,101.2900009,100.7900009,103.2900009,100.2699966,1193100.0,97.062088
2021-03-02 00:00:00,101.3899994,100.6900024,101.6999969,99.2900009,1256700.0,97.1579132
2021-03-03 00:00:00,104.5400009,101.7300034,105.8799973,101.6100006,1411000.0,100.1764221
2021-03-04 00:00:00,100.9199982,104.75,105.75,99.4800034,1618700.0,96.7075195
2021-03-05 00:00:00,102.2600021,101.8300018,102.8799973,99.4700012,834300.0,97.9915924
2021-03-08 00:00:00,107.8000031,102.8899994,108.3499985,102.0999985,1224900.0,103.3003464
2021-03-09 00:00:00,105.7699966,107.8000031,108.6500015,105.7300034,1441800.0,101.3550797
2021-03-10 00:00:00,106.5100021,105.7200012,107.5999985,104.7900009,830900.0,102.0642014
2021-03-11 00:00:00,107.2900009,106.5100021,108.6500015,105.6600037,1397800.0,102.8116455
2021-03-12 00:00:00,108.5899963,108.3300018,110.3600006,107.1699982,1268400.0,104.057373
2021-03-15 00:00:00,107.0400009,107.4400024,108.5299988,105.7799988,856000.0,102.5720749
2021-03-16 00:00:00,106.0199966,106.9700012,107.2600021,104.8000031,726100.0,101.5946426
2021-03-17 00:00:00,106.1100006,105.7300034,106.5500031,104.6200027,708300.0,101.6808929
2021-03-18 00:00:00,105.6900024,106.3300018,107.5,105.0699997,973200.0,101.2784271
2021-03-19 00:00:00,104.3899994,105.2699966,106.3199997,104.1699982,1356900.0,100.0326843
2021-03-22 00:00:00,102.4400024,104.0100021,104.8499985,102.3300018,1371900.0,98.1640854
2021-03-23 00:00:00,102.25,102.2699966,103.4400024,101.4700012,1016900.0,97.9820099
2021-03-24 00:00:00,102.75,102.7200012,104.5999985,102.7200012,1076800.0,98.4611435
2021-03-25 00:00:00,104.6699982,102.25,104.9499969,100.7099991,727700.0,100.3009872
2021-03-26 00:00:00,107.0699997,105.1999969,107.1900024,104.6999969,764400.0,102.6008224
2021-03-29 00:00:00,103.0800018,106.4599991,106.7399979,102.9400024,1463000.0,98.7773666
2021-03-30 00:00:00,103.0100021,102.4499969,103.6299973,101.8499985,1122700.0,99.6577606
2021-03-31 00:00:00,101.2600021,102.3899994,102.8300018,100.5299988,1268900.0,97.9646988
2021-04-01 00:00:00,104.2600021,101.5899963,104.4000015,101.5899963,776700.0,100.8670731
2021-04-05 00:00:00,104.0199966,104.7699966,105.1299973,102.2399979,1199800.0,100.6348724
2021-04-06 00:00:00,104.2600021,103.4700012,104.5599976,103.2399979,1450900.0,100.8670731
2021-04-07 00:00:00,104.6999969,104.5100021,105.4199982,103.5899963,856400.0,101.2927475
2021-04-08 00:00:00,103.8700027,104.2900009,104.6200027,103.2600021,768200.0,100.489769
2021-04-09 00:00:00,104.7399979,104.2900009,105.1200027,103.6999969,963400.0,101.3314438
2021-04-12 00:00:00,105.1900024,105.1100006,105.4300003,103.8000031,947500.0,101.7668076
2021-04-13 00:00:00,105.5999985,105.1999969,105.8300018,104.1800003,1185400.0,102.1634598
2021-04-14 00:00:00,105.7099991,105.8000031,106.7099991,105.1500015,833300.0,102.2698822
2021-04-15 00:00:00,105.4800034,106.0699997,106.5100021,104.8700027,817100.0,102.0473785
2021-04-16 00:00:00,105.4400024,105.9899979,106.0299988,104.4899979,1193600.0,102.0086746
2021-04-19 00:00:00,106.1500015,105.7900009,106.4700012,104.3899994,983800.0,102.6955719
2021-04-20 00:00:00,106.1299973,104.9499969,106.1900024,104.8000031,1052100.0,102.6762161
2021-04-21 00:00:00,107.4000015,106.1699982,107.5,105.5100021,1622400.0,103.904892
2021-04-22 00:00:00,106.0,107.5,107.9100037,105.3099976,1595200.0,102.5504456
2021-04-23 00:00:00,106.0500031,105.9599991,106.5899963,105.5999985,798800.0,102.5988312
2021-04-26 00:00:00,107.3300018,106.3199997,107.9000015,106.3199997,1124000.0,103.8371735
2021-04-27 00:00:00,108.0999985,107.6200027,108.7799988,106.6399994,904400.0,104.5821075
2021-04-28 00:00:00,107.5400009,108.3799973,108.3799973,106.9599991,1394800.0,104.040329
2021-04-29 00:00:00,109.4199982,108.0899963,110.2200012,108.0899963,796100.0,105.8591461
2021-04-30 00:00:00,109.3499985,109.1299973,109.5599976,108.3300018,1369000.0,105.7914352
2021-05-03 00:00:00,108.0800018,109.6299973,110.0,107.7099991,909100.0,104.5627594
2021-05-04 00:00:00,108.4199982,108.3300018,109.4300003,107.2200012,794800.0,104.8916931
2021-05-05 00:00:00,106.1900024,107.8700027,108.4000015,105.3600006,1150800.0,102.7342682
2021-05-06 00:00:00,107.5100021,106.6800003,107.9400024,106.0500031,771400.0,104.0112991
2021-05-07 00:00:00,108.1600037,107.0,108.6200027,106.7300034,905500.0,104.640152
2021-05-10 00:00:00,108.2099991,109.1200027,110.5400009,108.1299973,1065400.0,104.68853
2021-05-11 00:00:00,107.5899963,107.5,108.3099976,106.1800003,706200.0,104.0886993
2021-05-12 00:00:00,103.8099976,107.6100006,108.0199966,103.5400009,1399100.0,100.4317169
2021-05-13 00:00:00,106.0100021,103.5500031,106.7699966,103.1999969,1243500.0,102.5601196
2021-05-14 00:00:00,108.1999969,106.1999969,108.3399963,106.1200027,1049300.0,104.6788406
2021-05-17 00:00:00,110.1399994,108.1999969,110.4800034,107.6800003,1427600.0,106.5557251
2021-05-18 00:00:00,112.4100037,110.1299973,113.1500015,109.6399994,1511800.0,108.7518539
2021-05-19 00:00:00,109.4400024,111.9400024,111.9400024,108.1900024,1370800.0,105.8784943
2021-05-20 00:00:00,110.5,109.3000031,111.2600021,108.5,1351400.0,106.904007
2021-05-21 00:00:00,112.0800018,110.8700027,112.8399963,110.6600037,1180500.0,108.4325867
2021-05-24 00:00:00,114.9899979,112.8199997,115.2900009,112.4199982,1054100.0,111.2478867
2021-05-25 00:00:00,114.4300003,113.5500031,114.8099976,113.0400009,1682300.0,110.7061157
2021-05-26 00:00:00,116.0599976,114.7799988,116.6800003,113.7600021,1308400.0,112.2830658
2021-05-27 00:00:00,116.6500015,116.6900024,117.3399963,116.0899963,1950300.0,112.8538666
2021-05-28 00:00:00,117.5599976,117.1600037,117.9599991,116.5500031,676500.0,113.7342529
2021-06-01 00:00:00,120.0,118.0,120.2099991,117.8099976,1124800.0,116.0948486
2021-06-02 00:00:00,121.4199982,121.1800003,121.4700012,119.4499969,921600.0,117.4686279
2021-06-03 00:00:00,120.1200027,121.0500031,121.4199982,119.6200027,890800.0,116.2109451
2021-06-04 00:00:00,120.2699966,120.4000015,120.7799988,119.2200012,826100.0,116.3560486
2021-06-07 00:00:00,123.1500015,120.6699982,123.7099991,120.1900024,850800.0,119.142334
2021-06-08 00:00:00,122.3499985,122.8000031,123.7200012,122.1800003,1068500.0,118.3683701
2021-06-09 00:00:00,122.3799973,122.7200012,123.1800003,122.2099991,567800.0,118.3973999
2021-06-10 00:00:00,122.6900024,122.9300003,123.25,121.8499985,1391100.0,118.6973114
2021-06-11 00:00:00,123.1699982,122.2900009,123.25,121.5800018,999100.0,119.1616821
2021-06-14 00:00:00,124.0299988,123.5,124.2399979,123.2600021,1111100.0,119.9936981
2021-06-15 00:00:00,122.0,123.6900024,124.1800003,121.4499969,1374000.0,118.0297623
2021-06-16 00:00:00,121.0999985,122.0,123.1100006,120.8199997,1493200.0,117.15905
2021-06-17 00:00:00,119.2600021,121.4899979,121.7600021,118.9599991,1038200.0,115.3789291
2021-06-18 00:00:00,117.2600021,118.0199966,118.9899979,117.2200012,1863000.0,113.4440231
2021-06-21 00:00:00,119.6299973,118.25,120.1100006,118.0299988,1133100.0,115.7368851
2021-06-22 00:00:00,117.7600021,119.2600021,119.3700027,117.5,1349600.0,113.927742
2021-06-23 00:00:00,118.7200012,118.4199982,119.6299973,117.6299973,1299600.0,114.8564987
2021-06-24 00:00:00,119.0699997,119.0199966,119.6200027,117.3899994,1242600.0,115.1951065
2021-06-25 00:00:00,119.8000031,119.2300034,120.2399979,118.5100021,880700.0,115.9013672
2021-06-28 00:00:00,116.7300034,119.5999985,119.8099976,115.0199966,1437700.0,112.9312668
2021-06-29 00:00:00,113.8300018,115.4499969,116.3399963,113.7900009,912900.0,111.0580215
2021-06-30 00:00:00,114.5899963,113.5599976,115.1600037,113.5599976,927800.0,111.7994995
2021-07-01 00:00:00,114.9400024,114.5999985,116.2900009,114.1900024,803600.0,112.1409912
2021-07-02 00:00:00,116.0699997,115.1100006,116.3000031,114.5599976,849200.0,113.2434769
2021-07-06 00:00:00,116.2799988,115.8799973,116.5100021,114.1800003,1378100.0,113.4483566
2021-07-07 00:00:00,114.3799973,115.0699997,115.3300018,113.75,1534000.0,111.5946198
2021-07-08 00:00:00,113.4499969,113.3000031,114.5800018,112.3799973,1008900.0,110.6872635
2021-07-09 00:00:00,117.1699982,114.8300018,117.2399979,114.2799988,925700.0,114.3166733
2021-07-12 00:00:00,118.7099991,116.5299988,119.0,116.5,828800.0,115.8191757
2021-07-13 00:00:00,116.3199997,118.6900024,118.9700012,116.0400009,460700.0,113.487381
2021-07-14 00:00:00,116.8000031,116.0599976,117.3199997,115.8600006,648300.0,113.9556961
2021-07-15 00:00:00,116.6100006,116.5800018,117.0400009,115.9000015,413500.0,113.7703171
2021-07-16 00:00:00,116.1399994,117.0800018,117.3000031,115.8099976,545600.0,113.3117599
2021-07-19 00:00:00,110.7099991,114.1999969,114.2300034,109.5,1555800.0,108.0139923
2021-07-20 00:00:00,116.0400009,111.3799973,116.3000031,110.9899979,1064000.0,113.2142029
2021-07-21 00:00:00,117.0400009,116.9100037,119.2300034,116.3300018,626500.0,114.1898422
2021-07-22 00:00:00,114.5,116.4800034,116.5,113.7099991,912600.0,111.7116928
2021-07-23 00:00:00,114.9000015,115.4800034,115.8300018,113.7600021,796800.0,112.1019592
2021-07-26 00:00:00,115.3799973,114.6999969,116.1699982,114.3099976,719800.0,112.5702667
2021-07-27 00:00:00,116.2399979,115.3499985,116.75,114.3000031,725900.0,113.4093246
2021-07-28 00:00:00,118.0,117.7699966,119.3600006,113.5299988,1292300.0,115.1264648
2021-07-29 00:00:00,118.4100037,118.9400024,119.9000015,118.3300018,618500.0,115.5264816
2021-07-30 00:00:00,117.3799973,118.8799973,120.25,117.2600021,926300.0,114.5215607
2021-08-02 00:00:00,116.3399963,118.2900009,120.2300034,116.2300034,514400.0,113.506897
2021-08-03 00:00:00,116.0699997,117.0999985,117.0999985,114.0999985,599200.0,113.2434769
2021-08-04 00:00:00,114.6900024,115.2399979,116.6999969,114.6100006,516400.0,111.8970718
2021-08-05 00:00:00,116.8700027,115.8600006,116.9800034,115.5400009,539100.0,114.0239868
2021-08-06 00:00:00,117.9000015,117.7300034,118.7099991,117.3399963,564600.0,115.0289078
2021-08-09 00:00:00,117.2200012,117.0500031,117.8300018,116.1900024,363100.0,114.3654709
2021-08-10 00:00:00,116.2699966,117.4300003,117.5299988,116.1200027,520600.0,113.4385986
2021-08-11 00:00:00,118.0999985,116.8799973,118.1600037,115.9800034,820500.0,115.2240295
2021-08-12 00:00:00,117.6399994,117.9800034,118.4599991,116.6900024,510100.0,114.775238
2021-08-13 00:00:00,117.9100037,117.6299973,118.2399979,117.3499985,431400.0,115.0386658
2021-08-16 00:00:00,117.0,117.5,118.9499969,116.6699982,568700.0,114.1508255
2021-08-17 00:00:00,115.9599991,115.9400024,116.6299973,113.6999969,907900.0,113.1361465
2021-08-18 00:00:00,113.2600021,115.2600021,115.3199997,113.0699997,635600.0,110.5018921
2021-08-19 00:00:00,112.8700027,112.7099991,114.1299973,111.5100021,970600.0,110.1214066
2021-08-20 00:00:00,113.1200027,112.2600021,113.8899994,111.2099991,813700.0,110.3653107
2021-08-23 00:00:00,113.8399963,113.7900009,114.2600021,113.1200027,531800.0,111.0677719
2021-08-24 00:00:00,114.3199997,114.0199966,114.6299973,112.9599991,515200.0,111.536087
2021-08-25 00:00:00,113.9800034,114.3099976,115.1800003,113.0599976,488800.0,111.2043686
2021-08-26 00:00:00,111.9700012,114.1100006,114.1100006,111.8099976,626300.0,109.243309
2021-08-27 00:00:00,113.0899963,112.5100021,113.6699982,112.5,749400.0,110.3360291
2021-08-30 00:00:00,111.9700012,113.0599976,113.6699982,110.6500015,896000.0,109.243309
2021-08-31 00:00:00,112.9899979,111.9599991,113.9700012,111.6800003,821700.0,110.2384644
2021-09-01 00:00:00,115.4599991,113.9000015,116.3799973,113.5400009,739100.0,112.6483231
2021-09-02 00:00:00,115.0199966,115.75,116.1399994,113.9700012,446200.0,112.2190323
2021-09-03 00:00:00,113.8799973,114.4499969,114.7399979,112.1999969,566400.0,111.1067886
2021-09-07 00:00:00,113.5199966,114.3399963,115.3799973,112.4199982,773000.0,110.7555618
2021-09-08 00:00:00,113.6900024,112.9100037,114.4100037,112.6299973,389400.0,110.9214325
2021-09-09 00:00:00,111.4000015,112.7099991,113.3499985,111.3700027,536000.0,108.6871872
2021-09-10 00:00:00,108.1100006,111.4000015,111.5899963,108.0500031,714700.0,105.4773178
2021-09-13 00:00:00,110.6299973,108.9400024,111.0999985,108.2099991,540700.0,107.9359436
2021-09-14 00:00:00,110.3799973,111.3799973,111.4300003,109.5899963,452300.0,107.6920242
2021-09-15 00:00:00,111.3799973,110.3300018,111.6800003,110.0400009,540800.0,108.6676788
2021-09-16 00:00:00,111.1699982,111.1100006,112.2200012,110.8700027,501100.0,108.4627914
2021-09-17 00:00:00,109.9899979,110.6800003,111.3099976,109.8799973,1450100.0,107.3115234
2021-09-20 00:00:00,109.5100021,108.5999985,110.3399963,107.6800003,644800.0,106.8432236
2021-09-21 00:00:00,108.8000031,110.4800034,111.25,108.7200012,505400.0,106.1505051
2021-09-22 00:00:00,111.2099991,109.7300034,112.0699997,109.1299973,668400.0,108.5018234
2021-09-23 00:00:00,112.4499969,112.0400009,114.0500031,112.0100021,839100.0,109.7116241
2021-09-24 00:00:00,112.7699966,112.4199982,113.6699982,112.1699982,974900.0,110.0238266
2021-09-27 00:00:00,113.25,113.9700012,115.3300018,113.1399994,616500.0,110.4921341
2021-09-28 00:00:00,112.9400024,113.2399979,114.0599976,112.3899994,596100.0,110.1896896
2021-09-29 00:00:00,111.2200012,112.0999985,113.3300018,111.1399994,551700.0,109.4613953
2021-09-30 00:00:00,108.3499985,111.6500015,111.6500015,108.3099976,786400.0,106.6367722
2021-10-01 00:00:00,111.8199997,109.0199966,112.2099991,108.7200012,562200.0,110.0519028
2021-10-04 00:00:00,111.9800034,111.4899979,112.9199982,111.1500015,466500.0,110.2093735
2021-10-05 00:00:00,111.1100006,112.0100021,112.3700027,110.4499969,590800.0,109.3531342
2021-10-06 00:00:00,112.9000015,110.3099976,113.0400009,109.2099991,823700.0,111.1148224
2021-10-07 00:00:00,113.4599991,113.8600006,114.4400024,112.8399963,648200.0,111.6659775
2021-10-08 00:00:00,113.8499985,113.6299973,114.6800003,113.0100021,640700.0,112.0498047
2021-10-11 00:00:00,114.6800003,113.5400009,114.8499985,113.5400009,630200.0,112.866684
2021-10-12 00:00:00,116.1200027,114.3899994,116.9499969,113.4800034,823000.0,114.2839127
2021-10-13 00:00:00,115.7799988,115.5999985,115.8700027,113.5599976,682900.0,113.9492874
2021-10-14 00:00:00,116.25,116.7699966,116.7699966,115.3600006,727600.0,114.4118576
2021-10-15 00:00:00,116.9599991,116.9499969,117.6699982,116.5199966,624300.0,115.1106339
2021-10-18 00:00:00,115.8600006,116.3399963,116.6299973,115.2300034,610600.0,114.0280228
2021-10-19 00:00:00,116.1299973,116.4599991,116.75,115.2900009,636800.0,114.2937469
2021-10-20 00:00:00,119.0500031,116.0800018,119.2799988,115.9300003,787400.0,117.1675873
2021-10-21 00:00:00,116.9300003,119.1900024,119.1900024,116.1200027,479100.0,115.0811081
2021-10-22 00:00:00,117.8300018,117.4199982,118.3600006,116.5,443200.0,115.9668732
2021-10-25 00:00:00,117.2600021,117.9400024,118.0800018,116.8899994,490100.0,115.4058914
2021-10-26 00:00:00,118.6900024,117.2600021,119.2600021,116.6100006,741700.0,116.8132782
2021-10-27 00:00:00,115.2200012,120.0,120.1100006,114.8799973,1060100.0,113.3981476
2021-10-28 00:00:00,114.1600037,115.7799988,116.0100021,112.3399963,872500.0,112.3549118
2021-10-29 00:00:00,113.6399994,113.8600006,114.6200027,113.4400024,1179200.0,111.8431244
2021-11-01 00:00:00,114.5400009,114.2300034,114.8600006,112.6299973,700700.0,112.7288971
2021-11-02 00:00:00,113.8499985,115.1999969,115.1999969,113.3199997,659200.0,112.0498047
2021-11-03 00:00:00,117.0699997,113.3700027,117.5100021,113.3700027,573000.0,115.2188873
2021-11-04 00:00:00,114.7200012,117.2399979,117.3099976,114.0100021,560900.0,112.9060516
2021-11-05 00:00:00,116.9100037,116.6900024,118.1900024,115.6200027,1038800.0,115.0614243
2021-11-08 00:00:00,118.4499969,117.9700012,119.2300034,117.6500015,555300.0,116.5770645
2021-11-09 00:00:00,117.5100021,118.5,118.9199982,116.9000015,368100.0,115.6519394
2021-11-10 00:00:00,117.4199982,117.0999985,118.5500031,117.0999985,388000.0,115.5633545
2021-11-11 00:00:00,118.2099991,117.3600006,118.5100021,116.5100021,325800.0,116.3408661
2021-11-12 00:00:00,118.0,118.2200012,119.2099991,117.6800003,397900.0,116.1341858
2021-11-15 00:00:00,120.6600037,118.7200012,120.6999969,118.1100006,540000.0,118.7521286
2021-11-16 00:00:00,117.8499985,120.5800018,120.6999969,117.2600021,595400.0,115.986557
2021-11-17 00:00:00,117.2399979,117.3700027,117.4800034,114.0400009,660900.0,115.3862
2021-11-18 00:00:00,119.2799988,117.7099991,119.6200027,117.1200027,545300.0,117.3939438
2021-11-19 00:00:00,116.9400024,119.1999969,119.1999969,115.4199982,840500.0,115.09095
2021-11-22 00:00:00,118.1299973,117.0,119.5599976,116.4199982,677300.0,116.2621307
2021-11-23 00:00:00,117.9100037,118.9599991,119.6600037,117.6100006,610600.0,116.0456161
2021-11-24 00:00:00,118.1100006,117.3399963,118.4700012,116.9199982,368100.0,116.2424469
2021-11-26 00:00:00,111.6800003,114.75,114.75,109.6500015,724400.0,109.9141159
2021-11-29 00:00:00,110.3399963,112.4899979,112.4899979,109.0299988,761400.0,108.5953064
2021-11-30 00:00:00,107.8399963,108.75,108.9599991,106.4499969,1635200.0,106.1348267
2021-12-01 00:00:00,105.3000031,110.2799988,111.4599991,105.1800003,798000.0,103.6350021
2021-12-02 00:00:00,110.4899979,106.0699997,111.4199982,105.8799973,990100.0,108.7429352
2021-12-03 00:00:00,110.2200012,111.0599976,111.9899979,108.75,910600.0,108.4772034
2021-12-06 00:00:00,113.4300003,112.8199997,115.4199982,111.1800003,1007200.0,111.6364517
2021-12-07 00:00:00,115.1800003,114.2300034,115.2300034,113.7900009,840700.0,113.3587723
2021-12-08 00:00:00,117.3499985,115.2799988,118.3499985,114.9400024,753500.0,115.4944687
2021-12-09 00:00:00,114.8099976,116.4000015,116.4000015,113.2399979,959600.0,112.9946213
2021-12-10 00:00:00,114.0999985,115.7399979,115.7399979,112.5100021,690700.0,112.2958527
2021-12-13 00:00:00,113.8000031,113.5100021,114.4700012,110.8099976,673500.0,112.0006027
2021-12-14 00:00:00,114.2799988,113.0,115.0199966,113.0,824400.0,112.4730072
2021-12-15 00:00:00,115.6600037,115.0199966,115.7300034,113.1999969,811300.0,113.831192
2021-12-16 00:00:00,114.0199966,116.1999969,116.1999969,113.0400009,925000.0,112.2171173
2021-12-17 00:00:00,114.1999969,114.2600021,115.4300003,113.2799988,1985300.0,112.3942642
2021-12-20 00:00:00,111.3199997,112.4599991,112.75,108.5899963,766300.0,109.5598068
2021-12-21 00:00:00,114.8000031,112.5,115.8799973,112.1200027,802200.0,112.9847946
2021-12-22 00:00:00,114.6699982,114.0800018,115.0599976,113.3000031,693400.0,112.856842
2021-12-23 00:00:00,114.2600021,114.5599976,115.2200012,113.4800034,864000.0,112.4533234
2021-12-27 00:00:00,115.9000015,114.2600021,115.9400024,113.4300003,545900.0,114.0673904
2021-12-28 00:00:00,115.3099976,115.3700027,116.2799988,114.5100021,484800.0,113.4867172
2021-12-29 00:00:00,115.5800018,115.6699982,115.9199982,114.0899963,346600.0,113.7524567
2021-12-30 00:00:00,115.7200012,115.0,116.7600021,114.8700027,510900.0,114.8641739
2021-12-31 00:00:00,115.1800003,115.5800018,116.4400024,115.1699982,431700.0,114.3281631
2022-01-03 00:00:00,119.9400024,116.5999985,120.0,116.0199966,1100900.0,119.0529633
2022-01-04 00:00:00,123.9300003,121.1800003,124.8499985,121.1800003,1242600.0,123.0134506
2022-01-05 00:00:00,122.2600021,124.2799988,125.3399963,121.8899994,1042800.0,121.3558044
2022-01-06 00:00:00,124.8000031,123.4499969,124.9800034,122.1800003,1045200.0,123.8770218
2022-01-07 00:00:00,125.6299973,125.0,128.0,124.8499985,1099000.0,124.7008743
2022-01-10 00:00:00,125.1100006,125.8300018,126.1699982,124.4000015,590300.0,124.1847229
2022-01-11 00:00:00,123.4700012,125.0,125.0,122.4199982,761300.0,122.5568542
2022-01-12 00:00:00,123.5199966,123.4199982,124.1900024,122.5999985,518600.0,122.6064835
2022-01-13 00:00:00,125.7099991,123.5100021,126.4199982,123.3799973,700600.0,124.7802887
2022-01-14 00:00:00,125.0800018,125.0400009,125.8700027,123.6900024,770100.0,124.154953
2022-01-18 00:00:00,123.4300003,125.0100021,125.5400009,122.8099976,814500.0,122.5171509
2022-01-19 00:00:00,120.0400009,124.1399994,124.2200012,119.9400024,712600.0,119.1522217
2022-01-20 00:00:00,116.6299973,119.7300034,121.4300003,116.4300003,730700.0,115.7674408
2022-01-21 00:00:00,114.4400024,116.8899994,116.9199982,113.6299973,989600.0,113.5936432
2022-01-24 00:00:00,115.0299988,111.8499985,115.5100021,109.5299988,1412100.0,114.1792755
2022-01-25 00:00:00,114.25,113.8099976,115.0699997,112.0599976,1071400.0,113.4050446
2022-01-26 00:00:00,114.6399994,115.3000031,118.6999969,113.4599991,1221600.0,113.79216
2022-01-27 00:00:00,110.4700012,116.0699997,116.7200012,109.6399994,1371200.0,109.6529999
2022-01-28 00:00:00,113.3000031,110.2099991,113.3300018,107.6900024,1204900.0,112.4620743
2022-01-31 00:00:00,112.0800018,111.9800034,112.7399979,110.4300003,3015300.0,111.251091
2022-02-01 00:00:00,115.4800034,111.5999985,116.1399994,111.2200012,1318800.0,114.625946
2022-02-02 00:00:00,115.5299988,115.75,117.3899994,115.0199966,892500.0,114.6755753
2022-02-03 00:00:00,113.6600037,115.3199997,115.4599991,113.1800003,547100.0,112.8194122
2022-02-04 00:00:00,112.6999969,113.0,114.1600037,111.2200012,686200.0,111.8665009
2022-02-07 00:00:00,113.8499985,112.8000031,114.6100006,112.5,820900.0,113.0080032
2022-02-08 00:00:00,113.7699966,114.6900024,115.0800018,113.0500031,1052900.0,112.9285889
2022-02-09 00:00:00,116.5299988,114.9800034,116.5999985,114.6500015,1068800.0,115.6681824
2022-02-10 00:00:00,115.5800018,115.9000015,118.8300018,114.7900009,902800.0,114.7252121
2022-02-11 00:00:00,117.6699982,115.7099991,118.8499985,115.5500031,1901900.0,116.7997513
2022-02-14 00:00:00,116.9499969,118.1399994,118.7399979,116.7200012,1234300.0,116.0850754
2022-02-15 00:00:00,119.9000015,118.0800018,120.5699997,117.4300003,1002700.0,119.0132599
2022-02-16 00:00:00,122.5800018,120.0299988,122.6699982,120.0299988,1182400.0,121.673439
2022-02-17 00:00:00,122.0199966,121.9700012,123.1699982,121.2200012,874900.0,121.1175766
2022-02-18 00:00:00,121.1999969,121.7900009,123.4000015,120.9400024,1098600.0,120.3036423
2022-02-22 00:00:00,121.2099991,121.0699997,121.8399963,118.9300003,1148000.0,120.3135681
2022-02-23 00:00:00,118.4000015,122.1900024,122.8799973,118.3600006,1030000.0,117.524353
2022-02-24 00:00:00,120.0100021,115.8399963,120.4199982,114.5899963,1458600.0,119.1224442
2022-02-25 00:00:00,123.4599991,120.9800034,123.6699982,120.6200027,855500.0,122.5469284
2022-02-28 00:00:00,122.3099976,121.0100021,123.4000015,120.6200027,1073400.0,121.4054337
2022-03-01 00:00:00,120.8399963,122.1399994,123.0500031,119.4800034,622500.0,119.9463043
2022-03-02 00:00:00,122.9000015,121.7799988,123.3000031,121.5800018,663500.0,121.9910736
2022-03-03 00:00:00,122.5100021,122.4800034,123.1600037,120.8000031,627800.0,121.6039581
2022-03-04 00:00:00,123.1600037,120.5599976,123.2300034,120.1600037,640600.0,122.2491531
2022-03-07 00:00:00,121.1100006,122.8000031,123.8199997,120.6100006,617300.0,120.2143097
2022-03-08 00:00:00,122.0500031,121.8799973,124.0299988,120.4400024,921600.0,121.1473618
2022-03-09 00:00:00,124.0199966,124.1299973,125.1999969,123.5400009,967000.0,123.1027832
2022-03-10 00:00:00,124.9700012,122.6500015,125.1900024,121.4499969,494900.0,124.0457611
2022-03-11 00:00:00,123.4400024,125.7600021,126.4199982,123.3499985,730500.0,122.5270767
2022-03-14 00:00:00,122.8000031,124.6699982,125.6800003,122.2399979,876800.0,121.8918152
2022-03-15 00:00:00,122.6600037,123.4700012,124.2399979,121.4199982,674000.0,121.7528458
2022-03-16 00:00:00,123.7799988,124.1200027,125.0,121.4100037,760000.0,122.864563
2022-03-17 00:00:00,124.7399979,123.2699966,124.75,122.8799973,536200.0,123.8174591
2022-03-18 00:00:00,124.5500031,124.3399963,124.6900024,122.5899963,1226100.0,123.6288681
2022-03-21 00:00:00,125.5100021,125.0999985,126.3600006,124.3499985,457800.0,124.5817719
2022-03-22 00:00:00,125.4199982,126.5299988,127.1500015,125.1600037,667900.0,124.4924316
2022-03-23 00:00:00,123.2799988,125.6800003,125.8000031,122.9599991,581000.0,122.3682556
2022-03-24 00:00:00,126.1200027,123.2600021,126.2099991,123.1600037,720600.0,125.1872559
2022-03-25 00:00:00,129.7799988,126.5299988,129.8899994,126.5299988,765600.0,128.8201904
2022-03-28 00:00:00,129.75,129.5399933,129.8999939,128.4299927,558100.0,128.7904053
2022-03-29 00:00:00,132.5099945,130.0,133.1100006,129.75,777500.0,131.5299988
2022-03-30 00:00:00,130.8600006,131.1999969,132.4199982,129.9499969,606100.0,130.8600006
2022-03-31 00:00:00,128.8000031,130.9600067,131.9100037,128.7299957,828000.0,128.8000031
2022-04-01 00:00:00,130.2400055,129.8399963,130.2700043,127.8799973,528900.0,130.2400055
2022-04-04 00:00:00,128.3200073,130.4600067,130.4799957,127.0599976,389200.0,128.3200073
2022-04-05 00:00:00,125.8000031,128.0399933,129.8200073,125.4700012,659000.0,125.8000031
2022-04-06 00:00:00,125.0800018,125.5400009,125.8899994,123.9400024,981000.0,125.0800018
2022-04-07 00:00:00,122.3700027,124.7200012,124.7200012,120.5299988,917800.0,122.3700027
2022-04-08 00:00:00,122.6999969,122.6299973,123.3300018,121.1399994,560200.0,122.6999969
2022-04-11 00:00:00,123.1100006,123.1299973,124.1100006,121.9599991,608200.0,123.1100006
2022-04-12 00:00:00,123.4400024,122.9000015,124.4199982,122.4000015,574300.0,123.4400024
2022-04-13 00:00:00,124.8399963,123.8899994,124.9899979,123.0800018,519900.0,124.8399963
2022-04-14 00:00:00,124.5899963,125.3199997,126.3899994,124.5199966,323100.0,124.5899963
2022-04-18 00:00:00,123.7699966,124.8899994,125.5999985,123.0500031,562500.0,123.7699966
2022-04-19 00:00:00,126.2099991,124.4300003,126.6900024,123.8799973,481800.0,126.2099991
2022-04-20 00:00:00,127.6900024,126.3300018,128.3500061,126.3300018,497600.0,127.6900024
2022-04-21 00:00:00,127.1299973,128.9299927,128.9799957,126.8600006,468200.0,127.1299973
2022-04-22 00:00:00,125.6900024,128.3099976,128.3099976,125.5699997,629000.0,125.6900024
2022-04-25 00:00:00,125.8199997,125.2099991,126.1500015,122.7099991,548400.0,125.8199997
2022-04-26 00:00:00,124.1399994,125.0299988,126.2699966,124.0800018,523900.0,124.1399994
2022-04-27 00:00:00,122.2399979,124.4300003,124.4300003,122.0299988,670200.0,122.2399979
2022-04-28 00:00:00,123.5299988,122.7399979,123.9899979,121.5199966,701200.0,123.5299988
2022-04-29 00:00:00,117.5999985,122.3000031,122.7699966,117.25,1248400.0,117.5999985
2022-05-02 00:00:00,117.2399979,117.9899979,119.1200027,114.5699997,1273700.0,117.2399979
2022-05-03 00:00:00,121.3799973,121.4499969,122.9100037,117.0599976,1175700.0,121.3799973
2022-05-04 00:00:00,122.9300003,120.8899994,123.4300003,119.2799988,1057600.0,122.9300003
2022-05-05 00:00:00,119.6699982,122.6299973,122.8899994,118.6900024,806500.0,119.6699982
2022-05-06 00:00:00,119.1200027,119.25,120.2300034,117.8399963,957400.0,119.1200027
2022-05-09 00:00:00,114.0100021,118.0,118.2699966,113.5899963,1114100.0,114.0100021
2022-05-10 00:00:00,110.2699966,114.8000031,115.8300018,109.25,946200.0,110.2699966
2022-05-11 00:00:00,109.1600037,110.2900009,112.9199982,108.9000015,787900.0,109.1600037
2022-05-12 00:00:00,111.0999985,109.0800018,111.3300018,108.4800034,772200.0,111.0999985
2022-05-13 00:00:00,112.7099991,112.25,113.1500015,110.6500015,1001200.0,112.7099991
2022-05-16 00:00:00,112.4300003,112.9400024,113.5899963,111.2600021,713800.0,112.4300003
2022-05-17 00:00:00,114.7799988,113.3300018,114.7900009,112.8399963,1002000.0,114.7799988
2022-05-18 00:00:00,109.8000031,114.3399963,114.3399963,109.4499969,797900.0,109.8000031
2022-05-19 00:00:00,105.0800018,108.7399979,110.25,105.0400009,1460000.0,105.0800018
2022-05-20 00:00:00,105.2300034,106.0999985,106.0999985,103.8300018,1104800.0,105.2300034
2022-05-23 00:00:00,106.0699997,106.9100037,107.1100006,104.9499969,1054400.0,106.0699997
2022-05-24 00:00:00,105.5800018,105.5100021,105.9000015,102.4899979,977600.0,105.5800018
2022-05-25 00:00:00,107.8199997,104.9100037,108.5500031,104.3899994,766500.0,107.8199997
