date,close,open,high,low,volume,adjclose
2012-05-14 00:00:00,158.7899933,160.4400024,162.0,157.25,1034000.0,126.7782059
2012-05-15 00:00:00,163.0599976,159.0899963,165.0800018,158.4600067,1202200.0,130.1873627
2012-05-16 00:00:00,160.3899994,163.3399963,165.8200073,160.3200073,1795900.0,128.0556335
2012-05-17 00:00:00,153.0399933,161.0800018,162.5,152.1699982,1889200.0,122.1874008
2012-05-18 00:00:00,147.8099976,153.5399933,157.1900024,146.7599945,1921900.0,118.0117188
2012-05-21 00:00:00,157.0899963,148.1799927,157.75,146.4799957,1733200.0,125.420929
2012-05-22 00:00:00,155.4700012,157.2899933,159.5700073,154.5800018,860100.0,124.1275177
2012-05-23 00:00:00,160.4600067,154.4400024,160.6600037,153.7299957,1365900.0,128.111557
2012-05-24 00:00:00,157.9700012,161.8200073,162.0,156.3500061,997900.0,126.1235428
2012-05-25 00:00:00,157.9199982,158.4299927,161.0200043,157.2700043,473300.0,126.0836029
2012-05-29 00:00:00,167.3200073,159.6300049,167.3200073,159.2200012,1800000.0,133.588562
2012-05-30 00:00:00,162.5299988,165.3699951,165.9700012,160.5,1101800.0,129.7642212
2012-05-31 00:00:00,163.1100006,163.7200012,164.8699951,159.6399994,2792400.0,130.2272949
2012-06-01 00:00:00,155.2599945,159.5399933,161.0200043,154.1600037,1501900.0,123.9598236
2012-06-04 00:00:00,157.8300018,155.1199951,158.1699982,154.6900024,677100.0,126.0116959
2012-06-05 00:00:00,158.3800049,157.7200012,159.5,156.7899933,615400.0,126.4508362
2012-06-06 00:00:00,164.1699982,160.25,164.4799957,158.9400024,952500.0,131.0735474
2012-06-07 00:00:00,161.6900024,165.8000031,166.6300049,161.1699982,666800.0,129.0935822
2012-06-08 00:00:00,167.0299988,160.8800049,167.4100037,159.7200012,1039900.0,133.3570404
2012-06-11 00:00:00,165.7100067,168.2899933,171.1499939,165.2899933,944700.0,132.3031464
2012-06-12 00:00:00,169.0700073,166.8600006,169.5299988,165.0299988,669500.0,134.9858093
2012-06-13 00:00:00,166.4700012,169.0800018,169.8500061,164.9400024,920300.0,132.9099579
2012-06-14 00:00:00,169.7299957,166.9499969,170.1499939,166.4900055,1299600.0,135.5126801
2012-06-15 00:00:00,175.5099945,170.9600067,176.1600037,169.4299927,2062300.0,140.1274872
2012-06-18 00:00:00,175.1100006,175.2599945,178.4199982,173.1499939,1597600.0,139.8081207
2012-06-19 00:00:00,169.8800049,176.8899994,177.5399933,166.5,2512500.0,135.6325073
2012-06-20 00:00:00,171.9199982,170.1100006,176.7299957,164.8000031,1981600.0,137.2612305
2012-06-21 00:00:00,167.75,172.0800018,173.1499939,166.0200043,1170800.0,133.9318542
2012-06-22 00:00:00,166.6499939,168.3800049,168.9400024,166.1900024,775200.0,133.0536499
2012-06-25 00:00:00,166.0500031,164.1100006,166.6900024,162.0,623600.0,132.5746155
2012-06-26 00:00:00,170.75,166.0800018,171.4700012,164.7599945,982500.0,136.3270874
2012-06-27 00:00:00,170.8899994,172.0800018,173.6600037,168.5899963,507500.0,136.4388275
2012-06-28 00:00:00,168.2599945,168.8800049,170.1100006,165.3200073,690600.0,134.3390198
2012-06-29 00:00:00,175.6499939,171.9299927,177.2799988,171.0899963,1090800.0,140.2392273
2012-07-02 00:00:00,176.5299988,176.0299988,178.3000031,173.4799957,618600.0,140.9418488
2012-07-03 00:00:00,177.3800049,176.5299988,179.1999969,174.6799927,280400.0,141.6204834
2012-07-05 00:00:00,177.0200043,176.3200073,178.4499969,174.6999969,485400.0,141.3330688
2012-07-06 00:00:00,174.3099976,175.1699982,176.5700073,171.5,526700.0,139.1693573
2012-07-09 00:00:00,170.3000031,175.1100006,175.4499969,169.25,929600.0,135.9678192
2012-07-10 00:00:00,167.6499939,171.9199982,173.8000031,166.5599976,890400.0,133.8520203
2012-07-11 00:00:00,167.25,168.1900024,169.0099945,164.25,874500.0,133.5326691
2012-07-12 00:00:00,167.9400024,166.0200043,168.7299957,164.4900055,869600.0,134.0835724
2012-07-13 00:00:00,169.6100006,168.0899963,170.9100037,167.4600067,429700.0,135.4169159
2012-07-16 00:00:00,170.2200012,169.5500031,171.3899994,168.8899994,406600.0,135.9039307
2012-07-17 00:00:00,171.1199951,170.8699951,171.7200012,166.1300049,521200.0,136.6224823
2012-07-18 00:00:00,166.1399994,170.5399933,171.1399994,164.0,1378900.0,132.6464691
2012-07-19 00:00:00,166.0299988,162.5700073,167.7200012,161.4100037,1660700.0,132.5586243
2012-07-20 00:00:00,167.9199982,166.0200043,169.8600006,165.6000061,740000.0,134.0676575
2012-07-23 00:00:00,162.4799957,163.6699982,164.5700073,158.9799957,1076700.0,129.7242889
2012-07-24 00:00:00,161.7299957,163.0800018,163.7200012,160.5099945,891700.0,129.1254883
2012-07-25 00:00:00,161.3699951,161.8699951,163.6999969,160.5899963,1342300.0,128.8380737
2012-07-26 00:00:00,181.8999939,172.3300018,183.6699982,172.0099945,3314100.0,145.2292786
2012-07-27 00:00:00,186.7599945,182.0899963,189.2799988,180.0,1247000.0,149.1094818
2012-07-30 00:00:00,181.5800018,183.1199951,184.7599945,177.8600006,1202200.0,144.9738007
2012-07-31 00:00:00,178.1799927,181.0599976,181.5099945,177.5800018,735100.0,142.2591858
2012-08-01 00:00:00,175.1199951,179.3200073,180.8899994,174.9499969,732200.0,139.8161163
2012-08-02 00:00:00,176.3999939,175.0,177.8099976,173.3600006,593200.0,140.8380432
2012-08-03 00:00:00,179.2200012,179.3399963,181.1699982,177.3500061,446900.0,143.0895538
2012-08-06 00:00:00,178.4499969,180.2299957,181.6799927,178.0,317300.0,142.4747925
2012-08-07 00:00:00,179.3200073,177.9400024,180.5500031,175.4600067,568100.0,143.1693878
2012-08-08 00:00:00,180.5099945,179.25,182.0,178.0399933,571000.0,144.1194916
2012-08-09 00:00:00,182.1300049,179.8899994,183.1900024,179.5399933,477000.0,145.4129181
2012-08-10 00:00:00,182.4900055,181.6399994,182.7899933,179.8699951,269400.0,145.7003632
2012-08-13 00:00:00,181.5500031,182.0,182.0,179.1600037,265500.0,144.9498291
2012-08-14 00:00:00,180.4600067,182.0,182.4600067,179.8399963,398800.0,144.0795593
2012-08-15 00:00:00,184.2799988,178.9499969,184.5299988,178.8800049,381000.0,147.1294556
2012-08-16 00:00:00,185.2100067,183.7400055,185.6799927,182.7700043,624200.0,147.871933
2012-08-17 00:00:00,188.6300049,185.5399933,188.8399963,184.5,851700.0,150.6025085
2012-08-20 00:00:00,191.0,190.0,193.4600067,189.3999939,1355900.0,152.4947205
2012-08-21 00:00:00,191.0700073,191.1900024,194.4799957,190.0500031,1398600.0,152.5505829
2012-08-22 00:00:00,192.6900024,186.4700012,193.5599976,186.1499939,1038700.0,153.8439941
2012-08-23 00:00:00,192.8999939,192.6499939,194.3899994,190.8500061,870200.0,154.0117035
2012-08-24 00:00:00,193.5099945,192.9100037,194.1000061,190.1399994,420500.0,154.4987335
2012-08-27 00:00:00,196.1399994,194.0,197.8300018,193.4600067,1239900.0,156.5984955
2012-08-28 00:00:00,198.0599976,195.0500031,198.3399963,194.2299957,752300.0,158.131424
2012-08-29 00:00:00,199.7700043,198.1900024,203.1600037,197.2700043,997800.0,159.4966888
2012-08-30 00:00:00,196.4600067,198.7400055,198.8200073,194.6000061,692400.0,156.8539581
2012-08-31 00:00:00,197.6499939,198.1999969,198.4799957,194.7100067,455800.0,157.8040619
2012-09-04 00:00:00,198.3699951,197.7599945,198.9400024,196.5800018,769400.0,158.3789368
2012-09-05 00:00:00,197.6900024,197.7299957,198.7200012,195.3699951,748200.0,157.8360443
2012-09-06 00:00:00,201.7700043,198.0,202.7299957,197.0299988,567600.0,161.0935364
2012-09-07 00:00:00,197.4700012,201.0,201.8899994,197.2700043,710700.0,157.6603546
2012-09-10 00:00:00,194.4199982,197.2899933,198.5399933,193.4400024,659300.0,155.2252502
2012-09-11 00:00:00,189.0800018,194.6000061,196.4100037,185.2700043,1612800.0,150.9617767
2012-09-12 00:00:00,186.5500031,190.2100067,190.9499969,185.0700073,1719400.0,148.9418182
2012-09-13 00:00:00,200.5,210.0099945,212.0,199.0,6341800.0,160.0795441
2012-09-14 00:00:00,195.2799988,201.5,205.0,195.0200043,1369800.0,155.9118958
2012-09-17 00:00:00,194.4900055,194.7599945,195.2799988,193.2200012,707200.0,155.2811432
2012-09-18 00:00:00,197.9499969,192.5500031,198.7599945,190.8099976,1159000.0,158.0436249
2012-09-19 00:00:00,197.8899994,197.5200043,199.7100067,197.1300049,634700.0,157.9957123
2012-09-20 00:00:00,195.2200012,196.4600067,197.2200012,194.5800018,513900.0,155.8639832
2012-09-21 00:00:00,199.4799957,197.3300018,201.2799988,196.3500061,1705200.0,159.2652435
2012-09-24 00:00:00,200.0500031,201.8500061,201.8500061,199.5,915500.0,159.7202301
2012-09-25 00:00:00,197.8000031,200.1699982,202.0,197.2700043,858100.0,157.9238281
2012-09-26 00:00:00,199.5399933,198.1499939,200.5,197.7799988,699300.0,159.3130646
2012-09-27 00:00:00,204.3999939,199.7599945,204.4799957,199.5700073,740600.0,163.1932983
2012-09-28 00:00:00,206.0500031,203.4799957,207.6600037,203.1799927,897200.0,164.5106812
2012-10-01 00:00:00,203.2299957,206.4299927,207.7700043,203.0500031,658300.0,162.2591248
2012-10-02 00:00:00,201.5399933,203.6999969,204.8899994,200.1999969,512700.0,160.9098663
2012-10-03 00:00:00,201.6799927,202.6699982,203.0899963,200.0,467100.0,161.021637
2012-10-04 00:00:00,202.3000031,201.8399963,204.3300018,200.6499939,498300.0,161.5166473
2012-10-05 00:00:00,199.7700043,203.1499939,204.6100006,199.0,781000.0,159.4966888
2012-10-08 00:00:00,200.9400024,200.0,203.8899994,198.2700043,377400.0,160.4308014
2012-10-09 00:00:00,198.0700073,200.3000031,200.3000031,196.5099945,406100.0,158.139389
2012-10-10 00:00:00,191.4600067,198.1199951,199.1199951,190.7599945,1075600.0,152.8619995
2012-10-11 00:00:00,188.6699982,193.4900055,194.0,187.2100067,1305500.0,150.6344147
2012-10-12 00:00:00,190.1900024,188.2799988,190.8200073,187.9400024,715200.0,151.8480225
2012-10-15 00:00:00,191.6000061,191.1600037,194.8300018,190.1900024,942600.0,152.9737396
2012-10-16 00:00:00,192.8999939,192.1799927,193.9600067,191.3300018,469600.0,154.0117035
2012-10-17 00:00:00,191.7200012,192.5,192.8999939,189.3200073,570800.0,153.0695648
2012-10-18 00:00:00,186.2700043,191.1199951,192.3200073,185.7700043,853800.0,148.7182465
2012-10-19 00:00:00,182.8399963,186.2700043,187.4700012,181.2200012,1429600.0,145.9797211
2012-10-22 00:00:00,183.8800049,182.5200043,185.4400024,181.8300018,840000.0,146.8101196
2012-10-23 00:00:00,185.7799988,181.3200073,187.2899933,180.9700012,619700.0,148.3270569
2012-10-24 00:00:00,185.1199951,186.1000061,187.8099976,184.0,493600.0,147.8000946
2012-10-25 00:00:00,183.8000031,189.75,191.9900055,176.7200012,2247600.0,146.7462158
2012-10-26 00:00:00,181.8300018,184.5700073,187.6699982,178.7100067,1418500.0,145.1733856
2012-10-31 00:00:00,180.5899963,181.6699982,182.0,178.5200043,718500.0,144.1833344
2012-11-01 00:00:00,183.5800018,179.9600067,187.1600037,179.7299957,1407600.0,146.5705566
2012-11-02 00:00:00,190.0,191.8399963,196.9799957,189.8800049,2617500.0,151.6962891
2012-11-05 00:00:00,183.1999969,189.2100067,190.0,179.6900024,2708800.0,146.2671814
2012-11-06 00:00:00,181.0099945,184.3999939,185.0,180.2400055,948200.0,144.5186615
2012-11-07 00:00:00,175.4199982,179.3200073,180.3099976,174.25,1210200.0,140.0555878
2012-11-08 00:00:00,172.8999939,175.5599976,176.3899994,172.0099945,1562500.0,138.0436554
2012-11-09 00:00:00,175.3000031,172.1900024,177.5399933,171.75,681300.0,139.9598389
2012-11-12 00:00:00,175.8699951,175.0200043,178.0800018,173.8999939,484000.0,140.4148865
2012-11-13 00:00:00,175.8000031,174.3999939,178.8300018,174.3999939,889800.0,140.359024
2012-11-14 00:00:00,173.6799927,176.0200043,177.6300049,173.0,654400.0,138.6663818
2012-11-15 00:00:00,175.1699982,173.5599976,175.8500061,170.7100067,985300.0,139.8560028
2012-11-16 00:00:00,178.8899994,175.1300049,179.2700043,174.2599945,871800.0,142.8260498
2012-11-19 00:00:00,182.8999939,179.0,182.9799957,179.0,885700.0,146.0276184
2012-11-20 00:00:00,184.5599976,182.7899933,186.6000061,182.1199951,606700.0,147.3529663
2012-11-21 00:00:00,185.0399933,185.0700073,186.8699951,183.6300049,445800.0,147.7362671
2012-11-23 00:00:00,186.7599945,185.0,186.8000031,184.8600006,220900.0,149.1094818
2012-11-26 00:00:00,185.4799957,186.1699982,187.7899933,183.9700012,770400.0,148.0875092
2012-11-27 00:00:00,182.6900024,185.1000061,186.0399933,182.1100006,1023600.0,145.8600159
2012-11-28 00:00:00,182.9900055,182.5700073,183.2700043,179.9299927,617400.0,146.0994873
2012-11-29 00:00:00,185.7700043,184.1999969,187.0,182.7299957,632100.0,148.3190613
2012-11-30 00:00:00,185.7599945,185.3200073,186.8099976,184.1399994,736000.0,148.3111115
2012-12-03 00:00:00,184.7200012,186.1600037,188.0,183.5700073,656400.0,147.4807434
2012-12-04 00:00:00,182.9799957,184.7299957,184.9100037,181.3200073,566600.0,146.0915222
2012-12-05 00:00:00,180.9700012,182.3300018,182.9299927,179.6999969,581300.0,144.4867401
2012-12-06 00:00:00,186.8600006,181.5200043,188.9299927,181.2200012,1078100.0,149.1893463
2012-12-07 00:00:00,189.6900024,186.1399994,190.3000031,185.1499939,898500.0,151.4488068
2012-12-10 00:00:00,194.0800018,188.7700043,194.4499969,188.6600037,1231600.0,154.9537964
2012-12-11 00:00:00,198.2599945,195.1699982,199.3000031,193.7400055,1873400.0,158.2911224
2012-12-12 00:00:00,198.0899963,198.6900024,200.0,197.25,1103000.0,158.1553955
2012-12-13 00:00:00,197.5099945,198.3399963,199.9700012,195.5599976,565400.0,157.6923218
2012-12-14 00:00:00,198.5599976,197.5700073,199.2700043,196.6999969,669700.0,158.5305939
2012-12-17 00:00:00,201.4700012,198.0200043,201.75,198.0200043,804600.0,160.8540039
2012-12-18 00:00:00,203.2299957,201.75,206.0500031,201.75,852300.0,162.2591248
2012-12-19 00:00:00,202.4799957,204.4499969,204.7899933,201.1399994,539700.0,161.6603394
2012-12-20 00:00:00,203.9900055,205.6000061,205.6000061,200.2100067,673200.0,162.865921
2012-12-21 00:00:00,202.5599976,200.1300049,204.0399933,196.7899933,2651100.0,161.7242584
2012-12-24 00:00:00,202.8300018,202.5,203.6499939,199.8800049,219500.0,161.9397888
2012-12-26 00:00:00,201.6999969,202.2899933,203.5500031,199.2400055,318800.0,161.0375977
2012-12-27 00:00:00,204.2200012,202.2599945,205.2700043,199.6499939,572900.0,163.0495605
2012-12-28 00:00:00,203.2299957,203.0899963,205.3699951,202.0099945,415600.0,162.2591248
2012-12-31 00:00:00,206.1999969,204.5299988,208.9100037,202.2200012,800600.0,164.6304016
2013-01-02 00:00:00,215.0099945,211.2299957,215.5500031,210.3500061,1086000.0,171.6643066
2013-01-03 00:00:00,212.1100006,213.9600067,216.4100037,211.6199951,629100.0,169.3489685
2013-01-04 00:00:00,215.2599945,212.3600006,215.6499939,212.1000061,701800.0,171.8639374
2013-01-07 00:00:00,218.7799988,213.0,219.1000061,212.0500031,620900.0,174.6743164
2013-01-08 00:00:00,215.2100067,218.6799927,218.6799927,213.6199951,671400.0,171.8240051
2013-01-09 00:00:00,217.8399963,214.0800018,219.8500061,214.0800018,490400.0,173.9238129
2013-01-10 00:00:00,217.7799988,219.9100037,219.9100037,213.7899933,667900.0,173.8759003
2013-01-11 00:00:00,217.7200012,217.2100067,218.1399994,215.4600067,520100.0,173.8280182
2013-01-14 00:00:00,216.0399933,217.6199951,218.1699982,214.3999939,607200.0,172.4867096
2013-01-15 00:00:00,216.7899933,215.7899933,217.4799957,214.7200012,618000.0,173.085495
2013-01-16 00:00:00,216.4700012,216.7899933,218.8600006,216.3099976,519400.0,172.8299866
2013-01-17 00:00:00,218.5,217.2599945,219.3300018,216.9600067,487300.0,174.4507904
2013-01-18 00:00:00,219.9600067,217.3300018,220.3899994,216.1799927,464900.0,175.6164398
2013-01-22 00:00:00,222.3099976,219.3500061,222.3099976,218.6499939,519200.0,177.4926605
2013-01-23 00:00:00,221.6300049,222.3099976,222.6100006,220.8099976,467800.0,176.9497833
2013-01-24 00:00:00,221.9900055,220.75,224.25,219.0099945,663100.0,177.2371521
2013-01-25 00:00:00,225.25,223.4499969,226.3399963,221.9600067,460100.0,179.8399811
2013-01-28 00:00:00,222.6900024,225.1699982,225.5599976,221.4799957,374100.0,177.7960663
2013-01-29 00:00:00,216.4499969,216.7700043,219.6199951,215.4600067,889500.0,172.8140259
2013-01-30 00:00:00,214.3800049,217.0399933,218.0200043,213.3399963,573100.0,171.1613464
2013-01-31 00:00:00,215.4299927,214.3800049,218.2899933,213.4400024,701600.0,171.999649
2013-02-01 00:00:00,217.8800049,217.5500031,218.8500061,214.3300018,821100.0,173.9557037
2013-02-04 00:00:00,214.7400055,216.6900024,218.8300018,213.0200043,507300.0,171.4488068
2013-02-05 00:00:00,218.5299988,215.8099976,220.1999969,215.25,685900.0,174.4747314
2013-02-06 00:00:00,217.9499969,217.6199951,220.1799927,216.4499969,707000.0,174.0116425
2013-02-07 00:00:00,214.0800018,217.3000031,218.5200043,211.4100037,758800.0,170.9218292
2013-02-08 00:00:00,219.7100067,214.9900055,220.0599976,214.9900055,606200.0,175.4168549
2013-02-11 00:00:00,218.0299988,217.7700043,220.0,217.5,447500.0,174.0754852
2013-02-12 00:00:00,214.5299988,216.3200073,218.7400055,212.8200073,2076400.0,171.2810822
2013-02-13 00:00:00,213.0200043,212.6999969,215.0700073,208.4199982,2106200.0,170.0755005
2013-02-14 00:00:00,226.0,223.3099976,231.2599945,217.1399994,2639400.0,180.438797
2013-02-15 00:00:00,224.5299988,223.3699951,228.0,223.3699951,1259400.0,179.2651062
2013-02-19 00:00:00,221.0800018,223.3399963,223.8099976,217.0,1685900.0,176.5106201
2013-02-20 00:00:00,215.6199951,221.6300049,221.6300049,215.5399933,888500.0,172.1513519
2013-02-21 00:00:00,214.0099945,215.0299988,215.3999939,211.8000031,836200.0,170.865921
2013-02-22 00:00:00,214.2100067,213.0099945,214.8800049,206.6199951,1686900.0,171.0256348
2013-02-25 00:00:00,210.1699982,215.2799988,215.7400055,210.0500031,520800.0,167.8000641
2013-02-26 00:00:00,213.0899963,210.4199982,214.4499969,210.4199982,602800.0,170.131424
2013-02-27 00:00:00,212.6699982,213.2599945,214.7100067,212.2599945,717600.0,169.7960663
2013-02-28 00:00:00,211.5500031,212.5,214.6799927,210.25,616400.0,168.9019012
2013-03-01 00:00:00,212.9400024,210.1699982,213.1300049,207.8099976,750600.0,170.011673
2013-03-04 00:00:00,213.0500031,210.8999939,213.6000061,209.4900055,764600.0,170.0995026
2013-03-05 00:00:00,217.3999939,213.3099976,218.4900055,213.2899933,796800.0,173.5724945
2013-03-06 00:00:00,217.5700073,217.2899933,218.2200012,216.3800049,528500.0,173.7082367
2013-03-07 00:00:00,216.0700073,218.0,218.5,213.8500061,493000.0,172.5106506
2013-03-08 00:00:00,217.0800018,216.6199951,217.5800018,215.3200073,620200.0,173.3170471
2013-03-11 00:00:00,217.4299927,217.4499969,218.8600006,216.3699951,241200.0,173.5964661
2013-03-12 00:00:00,215.8600006,216.3300018,217.5800018,214.0299988,737100.0,172.3429871
2013-03-13 00:00:00,215.3099976,215.7599945,215.9900055,212.6999969,406300.0,171.9038696
2013-03-14 00:00:00,215.0500031,216.3600006,216.3600006,213.0099945,486000.0,171.6962738
2013-03-15 00:00:00,210.1699982,214.7700043,215.5399933,209.5800018,1527200.0,167.8000641
2013-03-18 00:00:00,206.3099976,208.1699982,208.7400055,205.6999969,596300.0,164.718277
2013-03-19 00:00:00,206.9700012,207.3399963,208.3999939,205.1199951,585700.0,165.2452087
2013-03-20 00:00:00,210.8699951,209.0200043,211.8600006,207.1199951,557700.0,168.3589478
2013-03-21 00:00:00,210.8000031,209.7799988,214.5,208.5899963,476600.0,168.3030548
2013-03-22 00:00:00,211.7400055,211.8800049,212.1000061,210.5299988,455100.0,169.0535431
2013-03-25 00:00:00,210.0399933,211.8500061,212.6399994,209.4400024,443000.0,167.6963043
2013-03-26 00:00:00,211.9199982,211.3899994,212.3699951,208.8500061,358000.0,169.1972198
2013-03-27 00:00:00,213.5099945,211.2400055,213.7799988,209.6000061,358400.0,170.4667358
2013-03-28 00:00:00,216.3099976,212.75,216.5,210.3999939,462300.0,172.70224
2013-04-01 00:00:00,214.9299927,217.0,218.0,213.6699982,561000.0,171.6004486
2013-04-02 00:00:00,212.9900055,215.2400055,216.5800018,211.4700012,524900.0,170.0515747
2013-04-03 00:00:00,208.3399963,212.8200073,213.5599976,208.1199951,559300.0,166.3389893
2013-04-04 00:00:00,210.7299957,208.3000031,211.0899963,207.0599976,496500.0,168.2471619
2013-04-05 00:00:00,214.0299988,207.2200012,216.4499969,205.0,755500.0,170.8819122
2013-04-08 00:00:00,214.8000031,213.5099945,214.8800049,212.0500031,314600.0,171.4966583
2013-04-09 00:00:00,211.1999969,214.9199982,215.2400055,210.5099945,658000.0,168.6224213
2013-04-10 00:00:00,219.0200043,212.3300018,219.4199982,211.0700073,1031800.0,174.865921
2013-04-11 00:00:00,221.6900024,217.1499939,222.7100067,216.0399933,1420400.0,176.9976501
2013-04-12 00:00:00,217.4900055,221.5299988,222.4400024,217.1799927,466200.0,173.6444092
2013-04-15 00:00:00,209.6300049,216.5800018,216.5800018,208.3500061,857100.0,167.3689117
2013-04-16 00:00:00,214.8500061,210.6600037,217.6699982,210.2100067,1088100.0,171.5365906
2013-04-17 00:00:00,212.7799988,212.2200012,214.4900055,211.0800018,545000.0,169.8838959
2013-04-18 00:00:00,209.1600037,213.4799957,213.4799957,208.1999969,713200.0,166.9936829
2013-04-19 00:00:00,210.1499939,209.0800018,212.0500031,207.75,582800.0,167.7840729
2013-04-22 00:00:00,213.6399994,214.1499939,215.0,208.5,942200.0,170.5705261
2013-04-23 00:00:00,219.4100037,214.1100006,219.9400024,214.1100006,846000.0,175.1773376
2013-04-24 00:00:00,216.3800049,218.7299957,220.0,215.8600006,1576700.0,172.7581787
2013-04-25 00:00:00,213.5099945,209.7100067,221.0,209.5,2498500.0,170.4667358
2013-04-26 00:00:00,211.4900055,213.4299927,213.8399963,208.5,1040900.0,168.8539734
2013-04-29 00:00:00,210.9700012,213.2400055,214.8699951,210.3300018,705000.0,168.4388428
2013-04-30 00:00:00,214.1000061,211.8800049,214.4199982,210.9100037,1002900.0,170.9378052
2013-05-01 00:00:00,216.0500031,214.75,217.5899963,212.1499939,994500.0,172.4946594
2013-05-02 00:00:00,214.8899994,216.0500031,217.1699982,214.6900024,546800.0,171.568512
2013-05-03 00:00:00,214.5,217.1000061,217.6699982,214.0800018,615100.0,171.2571259
2013-05-06 00:00:00,215.0599976,214.3000031,216.1600037,213.3600006,353100.0,171.7042542
2013-05-07 00:00:00,217.6000061,214.0,217.6000061,213.8899994,1095900.0,173.7322083
2013-05-08 00:00:00,224.9199982,217.8000031,226.5299988,217.3500061,1130200.0,179.5765076
2013-05-09 00:00:00,221.8699951,221.3699951,222.9499969,217.0599976,1399600.0,177.1413574
2013-05-10 00:00:00,223.7299957,222.0,224.2299957,221.4100037,459200.0,178.6263733
2013-05-13 00:00:00,225.9499969,223.3999939,226.2599945,222.5099945,493000.0,180.3988342
2013-05-14 00:00:00,229.0200043,225.8999939,230.0,225.4900055,621300.0,182.8499451
2013-05-15 00:00:00,229.6699982,228.7700043,231.5599976,228.5,515700.0,183.3688812
2013-05-16 00:00:00,227.9299927,229.5399933,230.6900024,226.75,846000.0,181.9796906
2013-05-17 00:00:00,227.3000031,229.5,229.5,226.5,669500.0,181.4766693
2013-05-20 00:00:00,223.8800049,226.2899933,227.9299927,223.0099945,503500.0,178.74617
2013-05-21 00:00:00,224.1999969,224.4100037,225.8200073,222.1799927,603900.0,179.0016479
2013-05-22 00:00:00,218.2100067,224.3800049,225.2100067,217.3600006,601900.0,174.219223
2013-05-23 00:00:00,215.3099976,216.3200073,218.3099976,213.0,1149500.0,171.9038696
2013-05-24 00:00:00,214.0800018,214.6199951,216.0,211.5399933,770900.0,170.9218292
2013-05-28 00:00:00,210.1000061,216.8600006,217.1300049,210.0,743000.0,167.7441711
2013-05-29 00:00:00,204.8500061,209.7100067,210.0200043,201.6999969,1473800.0,163.552536
2013-05-30 00:00:00,203.3500061,203.5899963,205.9900055,202.6000061,956600.0,162.3549652
2013-05-31 00:00:00,202.6399994,202.1499939,204.4600067,200.2799988,1092300.0,161.7881165
2013-06-03 00:00:00,201.4100037,202.3500061,205.2599945,199.0399933,1718400.0,160.8060913
2013-06-04 00:00:00,198.0299988,199.0800018,200.1499939,195.0,1979600.0,158.1074524
2013-06-05 00:00:00,199.9499969,197.3500061,201.5099945,196.1799927,1047500.0,159.6403961
2013-06-06 00:00:00,203.8699951,199.8000031,203.8999939,199.1699982,734400.0,162.7701263
2013-06-07 00:00:00,192.5700073,188.6600037,194.8500061,187.8300018,8139500.0,153.7481842
2013-06-10 00:00:00,199.0099945,193.8699951,200.4499969,193.2100067,1669600.0,158.8898621
2013-06-11 00:00:00,196.4700012,197.5,198.1900024,194.6499939,1077300.0,156.8619537
2013-06-12 00:00:00,188.7299957,197.1199951,198.6600037,186.4400024,1891700.0,150.682312
2013-06-13 00:00:00,191.4700012,188.2799988,191.8699951,186.5700073,1132400.0,152.8699493
2013-06-14 00:00:00,191.1100006,191.6699982,192.5099945,189.8500061,630800.0,152.58255
2013-06-17 00:00:00,193.1100006,191.3999939,193.3000031,190.5299988,1150000.0,154.1793671
2013-06-18 00:00:00,191.3300018,193.1999969,194.4299927,190.9400024,780000.0,152.7582092
2013-06-19 00:00:00,185.25,191.0800018,192.0099945,184.9900055,1678400.0,147.9039001
2013-06-20 00:00:00,177.5500031,183.3000031,183.8699951,177.0,2120200.0,141.7562256
2013-06-21 00:00:00,178.0700073,178.0399933,179.1300049,174.8999939,2220200.0,142.171402
2013-06-24 00:00:00,176.1300049,177.3200073,178.3300018,172.9700012,1040300.0,140.6224976
2013-06-25 00:00:00,178.5500031,178.6399994,178.7700043,173.9499969,1479600.0,142.5546265
2013-06-26 00:00:00,182.8500061,179.5899963,184.1900024,179.3200073,1030100.0,145.9877625
2013-06-27 00:00:00,186.9199982,184.3800049,188.25,184.0099945,1409900.0,149.2372589
2013-06-28 00:00:00,184.7200012,186.2799988,186.3899994,182.4499969,1348700.0,147.4807434
2013-07-01 00:00:00,187.4199982,187.5299988,189.25,186.0,899400.0,149.6364288
2013-07-02 00:00:00,185.4700012,187.0800018,188.0399933,182.6699982,743100.0,148.0795593
2013-07-03 00:00:00,184.2700043,184.8300018,186.8099976,182.8200073,320200.0,147.1214447
2013-07-05 00:00:00,185.6699982,186.6000061,188.0200043,183.3999939,363500.0,148.2392426
2013-07-08 00:00:00,185.5399933,187.1000061,187.2899933,185.1499939,452600.0,148.135437
2013-07-09 00:00:00,187.0,186.9900055,187.3699951,184.8200073,653200.0,149.3011169
2013-07-10 00:00:00,190.8399963,186.3300018,191.3099976,186.2200012,591800.0,152.3669434
2013-07-11 00:00:00,199.5099945,193.9100037,200.8800049,192.2400055,2219300.0,159.2891083
2013-07-12 00:00:00,202.9799957,199.0,203.5800018,198.5500031,956800.0,162.0595398
2013-07-15 00:00:00,200.6399994,202.0800018,202.5500031,198.9499969,657500.0,160.19133
2013-07-16 00:00:00,200.1499939,201.0,201.9499969,198.4900055,767500.0,159.8001099
2013-07-17 00:00:00,202.5,198.0,204.75,197.4600067,809600.0,161.6763763
2013-07-18 00:00:00,200.4600067,205.3600006,205.3600006,200.1900024,764200.0,160.0476074
2013-07-19 00:00:00,198.0099945,200.3899994,202.0200043,197.5500031,976500.0,158.0915375
2013-07-22 00:00:00,194.2100067,197.8200073,197.9700012,193.6799927,808800.0,155.0575409
2013-07-23 00:00:00,193.9900055,194.1799927,195.9299927,193.5099945,653900.0,154.8819275
2013-07-24 00:00:00,191.6300049,197.0,198.5899963,191.1199951,1875400.0,152.9977264
2013-07-25 00:00:00,184.4700012,184.8699951,191.4900055,181.0,4412600.0,147.2811432
2013-07-26 00:00:00,183.75,183.4400024,185.4900055,181.9900055,1094500.0,146.7063141
2013-07-29 00:00:00,180.1000061,182.6900024,185.2400055,179.4600067,1258800.0,143.7921295
2013-07-30 00:00:00,180.1999969,181.5899963,182.2700043,177.5299988,1059500.0,143.8719788
2013-07-31 00:00:00,179.3500061,181.0700073,182.4499969,178.3699951,793700.0,143.1933441
2013-08-01 00:00:00,177.1100006,180.1799927,181.5599976,176.8500061,1474200.0,141.404953
2013-08-02 00:00:00,177.2299957,176.1000061,177.75,175.0500031,1046600.0,141.5007172
2013-08-05 00:00:00,178.9299927,176.6999969,179.0399933,175.7599945,740200.0,142.8579865
2013-08-06 00:00:00,177.1699982,178.0299988,179.4400024,176.9100037,741800.0,141.4528198
2013-08-07 00:00:00,180.3099976,177.1100006,180.8800049,176.0599976,1022300.0,143.9598236
2013-08-08 00:00:00,181.2799988,181.6199951,181.8099976,179.0299988,893200.0,144.7342377
2013-08-09 00:00:00,181.1799927,182.0,183.9100037,180.8800049,1601800.0,144.6544037
2013-08-12 00:00:00,178.75,180.7899933,181.25,178.1699982,992100.0,142.7143097
2013-08-13 00:00:00,175.25,178.6499939,179.0,174.9299927,1180700.0,139.9198761
2013-08-14 00:00:00,171.8500061,173.6399994,175.9499969,171.6399994,1380600.0,137.2053375
2013-08-15 00:00:00,165.8899994,169.8300018,169.9900055,163.7299957,3329700.0,132.4468536
2013-08-16 00:00:00,167.7799988,165.7100067,169.1000061,164.1799927,1393800.0,133.9558563
2013-08-19 00:00:00,165.9900055,168.1100006,169.9499969,165.8500061,1137200.0,132.5267334
2013-08-20 00:00:00,168.1799927,167.0800018,169.4600067,165.5,788400.0,134.275177
2013-08-21 00:00:00,166.5,167.4900055,168.8800049,166.3800049,661200.0,132.9338684
2013-08-22 00:00:00,167.2899933,166.8600006,168.8800049,165.2799988,378700.0,133.564621
2013-08-23 00:00:00,170.0099945,167.3200073,170.4199982,167.25,543700.0,135.7362671
2013-08-26 00:00:00,169.4700012,170.1699982,170.8999939,168.9900055,714500.0,135.3050842
2013-08-27 00:00:00,170.2299957,167.5,170.5500031,167.25,862600.0,135.9118958
2013-08-28 00:00:00,171.5,170.0899963,172.6499939,169.6499939,703400.0,136.9258881
2013-08-29 00:00:00,175.8600006,171.1900024,176.0800018,170.8300018,1060600.0,140.4069214
2013-08-30 00:00:00,173.7400055,175.8000031,176.4700012,173.3800049,656500.0,138.7142944
2013-09-03 00:00:00,176.9299927,175.5599976,177.9600067,173.9299927,1090300.0,141.2612
2013-09-04 00:00:00,176.3500061,176.4499969,177.9299927,175.0399933,797900.0,140.7981415
2013-09-05 00:00:00,176.6600037,175.9400024,177.6600037,174.2100067,585100.0,141.045639
2013-09-06 00:00:00,172.7700043,176.2899933,177.0700073,172.6199951,851000.0,137.9398651
2013-09-09 00:00:00,177.2599945,173.9100037,177.7100067,173.3000031,618300.0,141.5246582
2013-09-10 00:00:00,177.2299957,177.7100067,178.9299927,176.3800049,487700.0,141.5007172
2013-09-11 00:00:00,179.2200012,176.8399963,179.2599945,176.5700073,794600.0,143.0895538
2013-09-12 00:00:00,177.8000031,178.8699951,179.8600006,176.8699951,568400.0,141.9558105
2013-09-13 00:00:00,177.0500031,178.5500031,179.1100006,176.6399994,414100.0,141.3570099
2013-09-16 00:00:00,173.7599945,179.0,179.0,170.3099976,1103900.0,138.7302551
2013-09-17 00:00:00,174.9400024,174.2799988,176.2599945,173.5399933,464400.0,139.6723633
2013-09-18 00:00:00,179.2400055,175.3200073,180.8600006,174.2400055,1017600.0,143.1054993
2013-09-19 00:00:00,183.2899933,179.4400024,184.4199982,178.5200043,1158100.0,146.3390503
2013-09-20 00:00:00,184.0299988,183.5099945,184.9299927,183.25,1362100.0,146.9298553
2013-09-23 00:00:00,183.4600067,183.3000031,184.0,181.0899963,527900.0,146.4747925
2013-09-24 00:00:00,181.3899994,183.3999939,184.2200012,181.1900024,537400.0,144.8220978
2013-09-25 00:00:00,181.6100006,181.0599976,183.4700012,179.75,432800.0,144.9977112
2013-09-26 00:00:00,183.5500031,182.5299988,184.1100006,181.6300049,527200.0,146.5466156
2013-09-27 00:00:00,184.1399994,182.6000061,184.5,182.2200012,512100.0,147.0176697
2013-09-30 00:00:00,183.6499939,181.8399963,184.5599976,179.7299957,745200.0,146.6264648
2013-10-01 00:00:00,181.9199982,183.1100006,185.4400024,179.8300018,842700.0,145.245163
2013-10-02 00:00:00,175.6199951,180.0500031,181.6699982,175.3300018,1191700.0,140.2153015
2013-10-03 00:00:00,166.6100006,175.9199982,176.8899994,164.6999969,3655900.0,133.021698
2013-10-04 00:00:00,167.5700073,167.5700073,168.7299957,166.0299988,1320900.0,133.7881775
2013-10-07 00:00:00,165.6999969,166.1499939,168.3000031,165.6799927,471300.0,132.2951202
2013-10-08 00:00:00,164.2100067,165.8099976,166.4400024,162.9799957,912800.0,131.1055145
2013-10-09 00:00:00,165.3600006,164.3699951,166.0800018,163.3300018,1260000.0,132.0236969
2013-10-10 00:00:00,166.3300018,166.8300018,167.8699951,165.4799957,1222400.0,132.7981415
2013-10-11 00:00:00,167.0899963,166.3699951,167.4799957,164.6900024,468700.0,133.4049377
2013-10-14 00:00:00,166.1199951,166.1699982,167.0299988,164.2799988,438300.0,132.6304932
2013-10-15 00:00:00,164.0200043,165.0899963,166.6300049,163.6399994,632100.0,130.9538422
2013-10-16 00:00:00,165.5299988,167.8000031,167.8000031,163.9799957,606200.0,132.1594391
2013-10-17 00:00:00,168.0,164.5299988,168.9799957,164.5299988,953400.0,134.1314392
2013-10-18 00:00:00,166.8399963,169.4600067,169.4600067,166.1199951,704500.0,133.2053223
2013-10-21 00:00:00,167.0099945,166.8000031,168.3800049,166.1999969,1177900.0,133.3410645
2013-10-22 00:00:00,167.0,167.8099976,168.6000061,166.6499939,1294500.0,133.3330688
2013-10-23 00:00:00,168.6499939,166.1999969,169.2899933,162.5099945,2453700.0,134.6504059
2013-10-24 00:00:00,174.0700073,179.5299988,179.5299988,168.75,2859600.0,138.9777679
2013-10-25 00:00:00,171.5399933,175.0599976,176.0700073,170.5800018,861200.0,136.9578094
2013-10-28 00:00:00,168.9400024,171.2899933,172.2700043,168.2100067,594700.0,134.8819885
2013-10-29 00:00:00,168.3899994,168.8600006,170.4900055,166.3500061,760000.0,134.4428101
2013-10-30 00:00:00,162.1799927,167.9700012,168.0,161.3000031,2046200.0,129.484787
2013-10-31 00:00:00,161.25,162.4600067,164.8600006,161.2299957,1395300.0,128.7422943
2013-11-01 00:00:00,166.1699982,161.0,166.4400024,160.8800049,883100.0,132.6703949
2013-11-04 00:00:00,164.0099945,166.6999969,166.8500061,163.4199982,962600.0,130.9458618
2013-11-05 00:00:00,161.2700043,163.0299988,163.6900024,161.2700043,1314800.0,128.7582397
2013-11-06 00:00:00,163.2599945,162.6399994,163.6000061,160.4700012,1522700.0,130.3470612
2013-11-07 00:00:00,159.75,163.6699982,164.2400055,159.3399963,750100.0,127.5447083
2013-11-08 00:00:00,155.9400024,160.7299957,161.1000061,154.5,1943200.0,124.502739
2013-11-11 00:00:00,157.2200012,155.8500061,158.6900024,155.0800018,941800.0,125.5247192
2013-11-12 00:00:00,155.1799927,156.2700043,157.2100067,154.5,1468100.0,123.8959808
2013-11-13 00:00:00,157.8300018,154.1699982,157.9499969,152.8200073,1327800.0,126.0116959
2013-11-14 00:00:00,162.2400055,158.0,164.8999939,156.4900055,1489700.0,129.5326691
2013-11-15 00:00:00,167.6100006,164.8699951,172.5800018,163.6999969,2948800.0,133.8200836
2013-11-18 00:00:00,164.1399994,168.1300049,169.3099976,163.8800049,1144200.0,131.0496368
2013-11-19 00:00:00,161.5800018,164.4600067,165.2700043,161.1499939,667500.0,129.0057373
2013-11-20 00:00:00,160.6199951,161.5899963,163.2100067,159.4299927,1120800.0,128.2392578
2013-11-21 00:00:00,160.6300049,161.0099945,162.5700073,159.1199951,918600.0,128.2472839
2013-11-22 00:00:00,160.3099976,160.3899994,160.6699982,157.7599945,792400.0,127.9917908
2013-11-25 00:00:00,162.25,160.2299957,163.8500061,159.0299988,904000.0,129.5406952
2013-11-26 00:00:00,162.5299988,161.9799957,163.5,161.1199951,502600.0,129.7642212
2013-11-27 00:00:00,160.6199951,163.0800018,163.0800018,160.5,611600.0,128.2392578
2013-11-29 00:00:00,160.6999969,161.3399963,162.1499939,160.4299927,261700.0,128.3031616
2013-12-02 00:00:00,159.5500031,161.1000061,162.1000061,159.3899994,596700.0,127.3850021
2013-12-03 00:00:00,159.3899994,157.2100067,159.6799927,155.8300018,1100700.0,127.2572021
2013-12-04 00:00:00,161.7899933,158.3399963,162.4700012,157.9400024,988200.0,129.1733704
2013-12-05 00:00:00,167.4299927,165.9700012,168.7700043,164.1600037,1756400.0,133.6763916
2013-12-06 00:00:00,165.4799957,169.1900024,169.1900024,164.8099976,1023600.0,132.1194916
2013-12-09 00:00:00,168.3600006,165.3800049,168.8800049,165.1799927,791800.0,134.4188843
2013-12-10 00:00:00,168.5800018,166.8200073,169.3999939,166.0899963,935400.0,134.594574
2013-12-11 00:00:00,167.7299957,169.3600006,170.6199951,167.4499969,731200.0,133.9158936
2013-12-12 00:00:00,168.0,167.3200073,169.7599945,165.9799957,642600.0,134.1314392
2013-12-13 00:00:00,168.7899933,168.0599976,169.5200043,167.4700012,533800.0,134.7621765
2013-12-16 00:00:00,169.7400055,169.2700043,170.1199951,167.5500031,626000.0,135.5207062
2013-12-17 00:00:00,169.0200043,168.6699982,169.8099976,166.5899963,809600.0,134.9458466
2013-12-18 00:00:00,170.4199982,169.4100037,170.7299957,167.4400024,875000.0,136.0636444
2013-12-19 00:00:00,169.0299988,170.8800049,171.1100006,168.5,648500.0,134.9538574
2013-12-20 00:00:00,170.6900024,169.2899933,171.0500031,168.6000061,1338100.0,136.2791595
2013-12-23 00:00:00,174.8200073,171.8399963,175.1199951,170.6900024,1046700.0,139.5765533
2013-12-24 00:00:00,175.6199951,175.0,176.5899963,174.4799957,388400.0,140.2153015
2013-12-26 00:00:00,175.9199982,176.1300049,178.6799927,175.5599976,481000.0,140.4548187
2013-12-27 00:00:00,174.5800018,176.8600006,177.2100067,174.4700012,405200.0,139.384964
2013-12-30 00:00:00,173.0700073,174.8600006,174.9900055,172.9700012,572600.0,138.1793823
2013-12-31 00:00:00,177.4499969,173.0800018,177.5099945,173.0099945,644500.0,141.6763611
2014-01-02 00:00:00,174.7599945,177.6300049,177.6300049,171.9100037,823200.0,139.5286713
2014-01-03 00:00:00,173.4199982,174.9100037,175.4100037,172.6499939,419600.0,138.4588165
2014-01-06 00:00:00,174.1799927,174.0,174.7899933,172.5599976,573000.0,139.0655975
2014-01-07 00:00:00,179.5899963,174.8000031,182.0200043,173.5700073,1347800.0,143.384964
2014-01-08 00:00:00,180.2899933,179.6799927,180.9700012,178.3699951,1091400.0,143.9438324
2014-01-09 00:00:00,177.4900055,180.0800018,180.6799927,176.0099945,532300.0,141.7083435
2014-01-10 00:00:00,179.0099945,177.9400024,179.1300049,176.5200043,599600.0,142.921875
2014-01-13 00:00:00,174.9199982,179.8200073,179.9400024,174.7299957,931900.0,139.6563873
2014-01-14 00:00:00,178.7400055,175.4100037,179.2799988,175.1100006,710200.0,142.7062988
2014-01-15 00:00:00,179.5299988,178.5700073,181.0099945,178.3300018,763000.0,143.3370667
2014-01-16 00:00:00,179.4799957,179.3000031,180.9700012,178.4299927,735100.0,143.2971039
2014-01-17 00:00:00,175.8699951,178.9199982,180.4299927,175.0099945,777500.0,140.4148865
2014-01-21 00:00:00,179.2899933,177.5299988,179.9400024,176.0500031,1021200.0,143.1454163
2014-01-22 00:00:00,178.9700012,179.6000061,179.9799957,177.3300018,1430800.0,142.8899384
2014-01-23 00:00:00,182.6399994,178.2799988,183.0,177.2799988,2325500.0,145.8200989
2014-01-24 00:00:00,183.8800049,181.1399994,187.6699982,180.1499939,2153300.0,146.8101196
2014-01-27 00:00:00,181.0700073,184.1399994,184.4299927,179.3600006,1215400.0,144.5665741
2014-01-28 00:00:00,182.6000061,181.0700073,182.8200073,179.1000061,736000.0,145.7881927
2014-01-29 00:00:00,182.6399994,182.4600067,183.7799988,180.0200043,704400.0,145.8200989
2014-01-30 00:00:00,184.3399963,183.3200073,185.6699982,182.7599945,762800.0,147.1773376
2014-01-31 00:00:00,185.1999969,182.1999969,186.5,181.5700073,766500.0,147.8639832
2014-02-03 00:00:00,179.1399994,185.7799988,185.9199982,179.0500031,1977500.0,143.02565
2014-02-04 00:00:00,183.9900055,180.6799927,184.5399933,178.5800018,1103300.0,146.8979492
2014-02-05 00:00:00,181.0099945,182.9199982,183.9900055,180.1799927,730600.0,144.5186615
2014-02-06 00:00:00,183.0599976,181.2700043,183.6000061,180.9499969,712800.0,146.1553955
2014-02-07 00:00:00,186.3099976,184.0899963,186.8300018,182.3600006,970200.0,148.7501984
2014-02-10 00:00:00,189.9299927,186.2400055,190.1300049,184.6900024,989900.0,151.6404419
2014-02-11 00:00:00,190.7400055,188.9799957,191.6999969,188.7299957,770800.0,152.2871399
2014-02-12 00:00:00,190.75,190.0200043,191.0700073,188.6999969,1158800.0,152.2951202
2014-02-13 00:00:00,191.8500061,189.9900055,192.6900024,188.8000031,569800.0,153.1733704
2014-02-14 00:00:00,193.2400055,191.1399994,193.4100037,188.8899994,804700.0,154.2830811
2014-02-18 00:00:00,194.0200043,192.1199951,194.3800049,192.0599976,959400.0,154.905899
2014-02-19 00:00:00,192.6199951,194.75,194.8000031,190.6399994,1125700.0,153.788147
2014-02-20 00:00:00,187.9499969,191.6900024,196.1999969,186.0,2197200.0,150.0596008
2014-02-21 00:00:00,189.4299927,189.2100067,190.0200043,187.7899933,1009800.0,151.2412262
2014-02-24 00:00:00,189.7899933,189.3600006,190.1699982,188.8899994,636600.0,151.528656
2014-02-25 00:00:00,188.5,190.4499969,192.6999969,188.0099945,1108500.0,150.4987335
2014-02-26 00:00:00,190.0,189.6900024,191.5599976,189.3200073,736400.0,151.6962891
2014-02-27 00:00:00,191.8500061,190.1100006,193.0,188.0099945,700500.0,153.1733704
2014-02-28 00:00:00,189.9600067,192.0800018,192.2100067,188.5299988,811000.0,151.6643524
2014-03-03 00:00:00,189.4700012,188.9700012,190.9499969,187.3800049,629700.0,151.2731476
2014-03-04 00:00:00,191.0500031,190.6300049,191.9900055,189.5800018,709200.0,152.5346527
2014-03-05 00:00:00,192.0299988,191.1499939,192.8000031,189.6499939,408800.0,153.3170624
2014-03-06 00:00:00,193.7700043,192.6999969,194.0,191.1799927,378000.0,154.7062988
2014-03-07 00:00:00,193.4400024,193.9199982,194.0,191.2400055,497300.0,154.4428406
2014-03-10 00:00:00,192.2700043,193.5800018,193.9400024,190.7799988,646800.0,153.5086975
2014-03-11 00:00:00,189.8600006,191.9900055,194.9900055,189.4199982,796700.0,151.5844879
2014-03-12 00:00:00,190.25,188.9400024,191.0500031,187.4400024,538700.0,151.8959198
2014-03-13 00:00:00,181.7100067,190.5,191.9199982,181.6300049,1558300.0,145.0775604
2014-03-14 00:00:00,183.0899963,181.1000061,183.4199982,180.3099976,669700.0,146.1793823
2014-03-17 00:00:00,183.3899994,183.7200012,184.8099976,181.8300018,375500.0,146.4188843
2014-03-18 00:00:00,183.1900024,183.1199951,184.5800018,182.2400055,448000.0,146.2591858
2014-03-19 00:00:00,180.9499969,183.3999939,183.75,178.7599945,1323100.0,144.4707489
2014-03-20 00:00:00,181.4400024,182.9900055,182.9900055,179.8000031,439800.0,144.86203
2014-03-21 00:00:00,180.3399963,182.6499939,182.7899933,180.0200043,888000.0,143.9837494
2014-03-24 00:00:00,181.3000031,181.6300049,181.8999939,178.6900024,707700.0,144.7501984
2014-03-25 00:00:00,182.5,183.2400055,184.6999969,180.4400024,649600.0,145.7082825
2014-03-26 00:00:00,180.6900024,183.5700073,184.9199982,180.6499939,881300.0,144.2631836
2014-03-27 00:00:00,181.3500061,180.1199951,183.0700073,179.4299927,769900.0,144.7901459
2014-03-28 00:00:00,184.0200043,181.25,184.3000031,180.1100006,695800.0,146.9218292
2014-03-31 00:00:00,184.8399963,185.0,185.5200043,183.1499939,699500.0,147.5765839
2014-04-01 00:00:00,185.4400024,185.4799957,185.9900055,184.2400055,934500.0,148.055542
2014-04-02 00:00:00,184.4400024,185.6799927,186.4199982,184.25,1097100.0,147.2572174
2014-04-03 00:00:00,182.9799957,186.1199951,186.1199951,182.2599945,1187600.0,146.0915222
2014-04-04 00:00:00,179.0,183.8899994,184.8999939,177.9600067,1713300.0,142.9138794
2014-04-07 00:00:00,177.0599976,178.4100037,180.25,175.0,1747300.0,141.3649902
2014-04-08 00:00:00,177.4799957,177.3200073,178.3500061,176.0299988,893000.0,141.7003021
2014-04-09 00:00:00,176.8200073,178.1900024,178.75,175.0,946400.0,141.1733856
2014-04-10 00:00:00,173.3500061,176.7299957,178.0299988,171.8800049,1012700.0,138.4029388
2014-04-11 00:00:00,170.4799957,172.2700043,173.5599976,169.9499969,807200.0,136.1115112
2014-04-14 00:00:00,171.5700073,171.9900055,173.4100037,170.0,903200.0,136.981781
2014-04-15 00:00:00,174.1399994,173.5899963,174.4799957,170.8699951,1054900.0,139.0336304
2014-04-16 00:00:00,179.75,175.1900024,182.7200012,174.5099945,1904000.0,143.5126953
2014-04-17 00:00:00,178.9700012,180.1600037,183.7299957,178.7899933,967200.0,142.8899384
2014-04-21 00:00:00,180.3099976,178.7700043,180.4100037,177.6399994,651500.0,143.9598236
2014-04-22 00:00:00,180.4900055,180.4600067,181.6199951,180.0,471700.0,144.1035461
2014-04-23 00:00:00,180.1199951,180.0500031,182.8999939,179.0299988,891300.0,143.8080597
2014-04-24 00:00:00,180.5399933,182.2700043,182.4700012,179.0,452400.0,144.1434479
2014-04-25 00:00:00,180.1999969,178.7899933,180.6499939,178.2100067,786600.0,143.8719788
2014-04-28 00:00:00,179.8500061,181.1999969,182.2899933,176.4900055,1233100.0,143.5925903
2014-04-29 00:00:00,185.3800049,181.0,185.4900055,180.9299927,1309500.0,148.0077209
2014-04-30 00:00:00,187.8099976,186.8999939,188.6199951,182.4600067,1079700.0,149.9478607
2014-05-01 00:00:00,189.0200043,188.0099945,189.9600067,182.2899933,1393300.0,150.9138641
2014-05-02 00:00:00,186.8300018,189.8699951,189.9499969,186.2100067,767300.0,149.1653595
2014-05-05 00:00:00,190.9700012,185.7299957,191.3500061,183.5299988,511900.0,152.4707489
2014-05-06 00:00:00,188.25,189.9100037,191.4799957,188.0500031,991100.0,150.2991028
2014-05-07 00:00:00,187.3600006,188.2899933,188.8699951,184.0399933,584300.0,149.5885468
2014-05-08 00:00:00,188.2700043,186.5399933,190.5099945,185.2200012,611900.0,150.3151093
2014-05-09 00:00:00,190.6000061,187.9700012,190.8200073,186.6799927,560000.0,152.1753235
2014-05-12 00:00:00,192.2899933,191.0,192.9199982,190.5899963,922800.0,153.5246277
2014-05-13 00:00:00,193.9600067,192.5099945,195.5,192.3999939,846000.0,154.8579712
2014-05-14 00:00:00,195.4499969,193.1000061,196.8300018,192.3000031,714900.0,156.0475464
2014-05-15 00:00:00,195.9199982,195.3099976,195.9199982,193.0,579000.0,156.4228668
2014-05-16 00:00:00,195.2700043,196.1399994,196.3200073,194.5200043,718700.0,155.9038849
2014-05-19 00:00:00,196.5500031,195.0,197.3300018,193.75,653300.0,156.9258575
2014-05-20 00:00:00,193.5200043,196.5200043,197.4499969,193.2700043,593900.0,154.5066833
2014-05-21 00:00:00,194.6999969,193.8999939,195.5200043,193.3000031,506000.0,155.448822
2014-05-22 00:00:00,195.4400024,194.5700073,195.8000031,193.0700073,509100.0,156.0395966
2014-05-23 00:00:00,196.4100037,195.4100037,196.5299988,193.5200043,389100.0,156.8140411
2014-05-27 00:00:00,198.1699982,197.4499969,198.3800049,196.5399933,945300.0,158.219223
2014-05-28 00:00:00,198.5200043,197.75,199.6699982,197.1699982,769000.0,158.4986877
2014-05-29 00:00:00,199.5599976,198.9600067,200.4600067,198.0700073,589600.0,159.3290558
2014-05-30 00:00:00,198.75,199.6399994,199.6399994,196.9199982,506800.0,158.6823425
2014-06-02 00:00:00,200.0700073,199.1100006,200.5800018,197.3399963,517100.0,159.7362366
2014-06-03 00:00:00,196.7200012,199.1300049,199.6100006,196.6799927,450500.0,157.0615692
2014-06-04 00:00:00,199.8200073,196.0,200.0,196.0,657300.0,159.5366364
2014-06-05 00:00:00,200.0599976,199.7799988,200.5899963,198.9199982,614000.0,159.7282104
2014-06-06 00:00:00,201.9799957,200.5200043,202.6699982,200.0099945,786600.0,161.2611389
2014-06-09 00:00:00,201.6999969,201.5800018,203.2200012,201.1499939,737100.0,161.0375977
2014-06-10 00:00:00,201.9799957,200.8800049,203.8500061,200.8800049,1409300.0,161.2611389
2014-06-11 00:00:00,201.5099945,201.7899933,203.5,201.3399963,750400.0,160.8859253
2014-06-12 00:00:00,202.75,201.3000031,203.6199951,200.3099976,1476300.0,161.8759155
2014-06-13 00:00:00,206.0399933,202.75,206.1900024,201.8899994,1157100.0,164.5026398
2014-06-16 00:00:00,206.8099976,205.7400055,207.4299927,205.4600067,544200.0,165.1174622
2014-06-17 00:00:00,206.8699951,206.1900024,208.4600067,206.1900024,807500.0,165.1653595
2014-06-18 00:00:00,208.5899963,207.4600067,208.8000031,206.3899994,643500.0,166.538559
2014-06-19 00:00:00,207.3000031,208.6600037,208.8899994,206.8300018,685200.0,165.508667
2014-06-20 00:00:00,209.1999969,208.0200043,209.6600037,205.4700012,1528400.0,167.0256195
2014-06-23 00:00:00,209.0500031,208.9100037,209.2599945,206.3500061,612300.0,166.9058533
2014-06-24 00:00:00,209.4600067,209.0,210.1799927,207.9700012,1209300.0,167.2332306
2014-06-25 00:00:00,208.3999939,209.9700012,211.8600006,207.6399994,730600.0,166.3869019
2014-06-26 00:00:00,208.6699982,208.5,210.2299957,204.6100006,1351600.0,166.6024628
2014-06-27 00:00:00,210.1100006,208.4700012,210.7899933,204.0399933,910400.0,167.7521515
2014-06-30 00:00:00,210.0899963,210.0800018,211.2799988,208.8800049,662600.0,167.7361908
2014-07-01 00:00:00,212.5099945,211.0099945,214.0200043,210.9900055,645400.0,169.6683197
2014-07-02 00:00:00,211.8200073,213.0200043,214.3200073,211.2200012,502700.0,169.1174469
2014-07-03 00:00:00,212.9900055,212.4199982,214.5,211.5299988,425000.0,170.0515747
2014-07-07 00:00:00,212.2200012,212.3500061,214.1000061,211.4700012,405400.0,169.4368286
2014-07-08 00:00:00,209.75,212.0800018,212.9900055,207.3800049,921200.0,167.4647522
2014-07-09 00:00:00,212.5899963,210.0599976,212.6900024,208.9199982,793700.0,169.732193
2014-07-10 00:00:00,211.5099945,208.5299988,212.2599945,207.0299988,688100.0,168.8699341
2014-07-11 00:00:00,211.4100037,211.8600006,212.4900055,210.7400055,272100.0,168.7901001
2014-07-14 00:00:00,211.1600037,212.5200043,212.8600006,210.9299927,627300.0,168.5904846
2014-07-15 00:00:00,211.4600067,211.1999969,212.4299927,210.1100006,368100.0,168.8300629
2014-07-16 00:00:00,210.0099945,212.0800018,212.0800018,208.9900055,407700.0,167.672348
2014-07-17 00:00:00,208.5299988,209.6199951,210.5299988,207.7599945,315000.0,166.4906616
2014-07-18 00:00:00,210.6699982,218.8399963,218.8399963,209.4799957,332000.0,168.1992798
2014-07-21 00:00:00,210.3800049,209.6499939,211.1000061,208.5800018,250500.0,167.9677429
2014-07-22 00:00:00,213.1900024,211.0,214.0700073,210.8800049,497400.0,170.2112732
2014-07-23 00:00:00,215.5099945,213.6399994,216.0299988,212.4799957,579200.0,172.0635071
2014-07-24 00:00:00,217.1100006,214.4499969,217.5599976,213.1699982,635800.0,173.3409882
2014-07-25 00:00:00,218.0099945,215.8999939,218.5299988,215.6100006,885400.0,174.0595245
2014-07-28 00:00:00,217.3300018,217.5599976,219.6100006,216.6999969,1152800.0,173.5166321
2014-07-29 00:00:00,215.0899963,217.7799988,217.7799988,214.7799988,509400.0,171.7281799
2014-07-30 00:00:00,215.75,214.5500031,217.8099976,214.5500031,450800.0,172.2551575
2014-07-31 00:00:00,214.5200043,216.0,220.8500061,210.0,1502500.0,171.2731171
2014-08-01 00:00:00,211.3800049,213.5599976,214.9900055,209.3000031,617800.0,168.7661438
2014-08-04 00:00:00,211.7299957,211.6999969,212.5200043,209.2599945,493700.0,169.0455933
2014-08-05 00:00:00,210.6199951,210.7400055,212.4199982,208.9199982,459500.0,168.1593628
2014-08-06 00:00:00,208.9199982,208.8000031,210.3399963,208.2799988,306000.0,166.802063
2014-08-07 00:00:00,209.6000061,210.3000031,211.6100006,207.5500031,259800.0,167.344986
2014-08-08 00:00:00,210.3999939,210.3999939,210.7299957,208.3899994,491800.0,167.9837189
2014-08-11 00:00:00,211.3699951,210.5399933,213.1999969,209.3099976,720900.0,168.7581482
2014-08-12 00:00:00,212.6300049,211.1900024,213.0,210.0099945,436700.0,169.7641449
2014-08-13 00:00:00,214.8699951,212.7100067,215.3899994,211.6199951,355200.0,171.5525513
2014-08-14 00:00:00,217.6300049,215.3999939,217.7100067,214.4900055,362000.0,173.7561798
2014-08-15 00:00:00,216.9499969,218.6300049,218.6300049,215.1199951,389200.0,173.2132568
2014-08-18 00:00:00,219.8800049,218.0099945,220.4700012,216.5800018,551500.0,175.5525513
2014-08-19 00:00:00,220.6999969,219.8000031,221.7899933,216.5299988,341000.0,176.2072296
2014-08-20 00:00:00,220.3800049,220.4400024,220.7100067,219.0,420800.0,175.9517212
2014-08-21 00:00:00,223.5800018,220.9400024,224.4799957,219.6900024,445800.0,178.5066376
2014-08-22 00:00:00,222.8000031,223.5599976,224.4400024,221.3500061,964200.0,177.8838806
2014-08-25 00:00:00,221.6900024,224.1300049,224.1300049,220.1399994,252800.0,176.9976501
2014-08-26 00:00:00,217.25,221.3699951,222.3200073,216.6300049,600100.0,173.4527893
2014-08-27 00:00:00,217.3800049,218.8000031,218.8000031,216.5700073,385000.0,173.5565491
2014-08-28 00:00:00,216.1900024,217.0399933,217.2799988,215.2899933,434200.0,172.6064453
2014-08-29 00:00:00,218.2599945,217.6000061,218.8500061,216.1999969,445100.0,174.2591248
2014-09-02 00:00:00,219.4499969,217.6499939,219.9700012,217.6199951,634200.0,175.2092285
2014-09-03 00:00:00,219.2599945,219.0599976,219.9499969,217.3699951,546400.0,175.0575409
2014-09-04 00:00:00,218.6600037,218.5800018,220.0,218.1100006,431900.0,174.5784912
2014-09-05 00:00:00,219.3200073,218.2899933,220.1499939,218.1100006,825800.0,175.1054535
2014-09-08 00:00:00,218.9199982,218.8099976,219.9199982,217.8300018,638800.0,174.786087
2014-09-09 00:00:00,216.7100067,218.1100006,218.6499939,216.0700073,346100.0,173.021637
2014-09-10 00:00:00,217.7700043,217.5800018,218.4499969,216.0899963,449700.0,173.8679047
2014-09-11 00:00:00,217.1499939,216.6999969,217.8300018,215.2700043,345600.0,173.3729248
2014-09-12 00:00:00,216.7299957,217.4299927,218.0599976,213.9100037,525200.0,173.0375977
2014-09-15 00:00:00,215.6499939,216.4799957,216.9299927,214.6499939,338400.0,172.175293
2014-09-16 00:00:00,216.6100006,215.4499969,218.1999969,215.2599945,666900.0,172.9417725
2014-09-17 00:00:00,216.7400055,216.9600067,218.1300049,215.6399994,1302100.0,173.045578
2014-09-18 00:00:00,219.1100006,216.6799927,219.1900024,216.2400055,522500.0,174.9378052
2014-09-19 00:00:00,217.4799957,220.2700043,221.3899994,217.2899933,1178900.0,173.6363983
2014-09-22 00:00:00,214.2400055,216.3800049,216.5399933,212.5,414700.0,171.0495911
2014-09-23 00:00:00,209.2599945,210.0700073,212.4600067,209.1999969,594600.0,167.0735321
2014-09-24 00:00:00,210.0899963,208.6900024,210.5,208.0500031,859600.0,167.7361908
2014-09-25 00:00:00,206.2599945,210.0399933,210.2899933,205.7700043,531100.0,164.6783295
2014-09-26 00:00:00,209.7100067,206.1699982,210.25,205.5099945,588000.0,167.4328308
2014-09-29 00:00:00,212.0700073,208.2700043,212.1199951,207.0899963,483900.0,169.3170319
2014-09-30 00:00:00,212.4799957,211.8399963,213.5399933,210.3600006,593700.0,169.6443634
2014-10-01 00:00:00,206.3999939,212.4100037,212.4100037,205.3399963,1170300.0,164.7901154
2014-10-02 00:00:00,204.6600037,206.7899933,207.4799957,202.9100037,655600.0,163.4009094
2014-10-03 00:00:00,208.7700043,205.4400024,209.8800049,205.0500031,407800.0,166.6823273
2014-10-06 00:00:00,206.5200043,209.6199951,210.3699951,205.9299927,545700.0,164.8858948
2014-10-07 00:00:00,202.3300018,204.9400024,205.8399963,201.9299927,441700.0,161.5406036
2014-10-08 00:00:00,206.6900024,202.1999969,206.9700012,201.3200073,664800.0,165.021637
2014-10-09 00:00:00,200.6999969,206.6499939,207.4100037,199.8800049,663500.0,160.2391968
2014-10-10 00:00:00,194.1199951,200.0,201.1300049,193.6600037,1100600.0,154.9857025
2014-10-13 00:00:00,192.8999939,194.6199951,196.5800018,192.5800018,693700.0,154.0117035
2014-10-14 00:00:00,196.2599945,193.8600006,196.3000031,192.9900055,860600.0,156.6942902
2014-10-15 00:00:00,193.3999939,193.2400055,196.4799957,190.4199982,843200.0,154.4108582
2014-10-16 00:00:00,192.2400055,190.0,194.5599976,190.0,496800.0,153.4847565
2014-10-17 00:00:00,206.3800049,195.1699982,208.5899963,195.1699982,1275200.0,164.7741241
2014-10-20 00:00:00,203.6799927,205.1900024,207.3500061,201.0700073,846600.0,162.618454
2014-10-21 00:00:00,207.0500031,204.3800049,208.6300049,204.2299957,633900.0,165.3091125
2014-10-22 00:00:00,200.4600067,206.8099976,207.5200043,200.1300049,1513800.0,160.0476074
2014-10-23 00:00:00,197.7299957,196.5399933,199.0599976,195.3300018,872500.0,164.0634766
2014-10-24 00:00:00,194.8699951,195.1699982,195.4900055,192.0599976,923800.0,161.6904449
2014-10-27 00:00:00,191.9600067,194.6999969,195.8600006,190.5,929700.0,159.2759552
2014-10-28 00:00:00,193.0099945,192.7799988,193.8899994,191.9299927,1244100.0,160.1471558
2014-10-29 00:00:00,192.4299927,193.6600037,194.9600067,189.5500031,1262200.0,159.6659241
2014-10-30 00:00:00,207.3699951,194.4400024,207.8600006,192.0200043,1641100.0,172.0621643
2014-10-31 00:00:00,208.8999939,210.6499939,210.8999939,206.9299927,884800.0,173.3316345
2014-11-03 00:00:00,210.8200073,208.8399963,210.9199982,208.0399933,1358900.0,174.9247589
2014-11-04 00:00:00,210.7400055,210.0200043,211.3899994,209.0500031,678300.0,174.8583832
2014-11-05 00:00:00,212.8500061,212.9299927,213.5599976,208.8399963,460800.0,176.6091461
2014-11-06 00:00:00,214.8699951,213.5200043,215.75,212.8600006,475500.0,178.2851562
2014-11-07 00:00:00,214.0299988,215.7299957,215.7299957,212.8200073,403000.0,177.5882263
2014-11-10 00:00:00,218.0299988,213.4900055,218.75,213.2400055,759200.0,180.9071045
2014-11-11 00:00:00,222.0,218.4100037,222.8800049,216.8699951,826700.0,184.2011871
2014-11-12 00:00:00,222.1900024,220.3300018,222.4600067,219.3999939,741500.0,184.3588257
2014-11-13 00:00:00,221.9700012,222.1799927,224.1499939,221.7200012,665400.0,184.1762848
2014-11-14 00:00:00,222.0899963,221.2700043,222.25,220.8099976,477000.0,184.2758636
2014-11-17 00:00:00,224.2700043,222.8300018,224.3000031,220.8399963,419900.0,186.0847168
2014-11-18 00:00:00,225.1100006,223.7700043,226.7400055,223.0399933,440900.0,186.7816467
2014-11-19 00:00:00,225.6799927,223.8800049,226.2899933,222.1799927,323900.0,187.2545776
2014-11-20 00:00:00,222.5700073,223.8200073,224.8099976,221.2299957,529400.0,184.6741333
2014-11-21 00:00:00,223.6799927,225.3500061,225.9100037,221.4700012,469700.0,185.5951385
2014-11-24 00:00:00,224.5,223.7400055,224.5700073,221.1900024,538100.0,186.2755585
2014-11-25 00:00:00,226.5299988,224.9499969,226.6199951,224.0,527900.0,187.9598846
2014-11-26 00:00:00,226.4600067,226.0,226.8500061,224.6499939,403400.0,187.9017944
2014-11-28 00:00:00,227.1699982,227.0,229.1600037,223.8200073,284300.0,188.4909058
2014-12-01 00:00:00,224.1799927,227.1499939,227.2200012,224.0,438400.0,186.0099945
2014-12-02 00:00:00,225.4100037,224.0899963,225.6199951,222.6799927,406800.0,187.0305939
2014-12-03 00:00:00,227.8699951,225.6900024,228.3500061,224.6100006,327000.0,189.0717163
2014-12-04 00:00:00,230.4400024,228.4700012,230.5599976,226.2200012,420400.0,191.2041321
2014-12-05 00:00:00,231.6799927,231.0,232.2299957,229.9400024,564400.0,192.233017
2014-12-08 00:00:00,229.0099945,230.6000061,231.4600067,227.0899963,375700.0,190.0176239
2014-12-09 00:00:00,229.8600006,225.9299927,231.1399994,225.0399933,664000.0,190.7228851
2014-12-10 00:00:00,229.7299957,229.8500061,231.3899994,228.2299957,919300.0,190.6150055
2014-12-11 00:00:00,232.25,231.1300049,233.8200073,230.2100067,652600.0,192.7059326
2014-12-12 00:00:00,226.3300018,229.6600037,232.3600006,225.7599945,1008400.0,187.7939301
2014-12-15 00:00:00,221.8600006,227.25,229.9100037,220.2400055,1163100.0,184.0849762
2014-12-16 00:00:00,220.0200043,220.3399963,223.2200012,217.6799927,682200.0,182.5583191
2014-12-17 00:00:00,224.6699982,220.0,224.9400024,218.4700012,454300.0,186.4165955
2014-12-18 00:00:00,228.1999969,229.0099945,231.2200012,227.1799927,1052700.0,189.3455505
2014-12-19 00:00:00,234.1000061,227.8200073,234.9799957,226.5700073,1006100.0,194.2409821
2014-12-22 00:00:00,233.6000061,234.8099976,235.8399963,232.6600037,460200.0,193.8261261
2014-12-23 00:00:00,231.9799957,235.4700012,235.4700012,231.8300018,304700.0,192.4819336
2014-12-24 00:00:00,233.1600037,233.2299957,234.2799988,232.0,153300.0,193.4610443
2014-12-26 00:00:00,232.7599945,234.3699951,235.3800049,232.2200012,324900.0,193.1291504
2014-12-29 00:00:00,229.9799957,232.7100067,233.5399933,229.6999969,291100.0,190.8224945
2014-12-30 00:00:00,229.6799927,229.4900055,231.25,227.9700012,279300.0,190.5735779
2014-12-31 00:00:00,226.7299957,229.6000061,230.0,225.7599945,351000.0,188.1258545
2015-01-02 00:00:00,226.6499939,228.5099945,229.5599976,224.2799988,383500.0,188.0594025
2015-01-05 00:00:00,224.3200073,226.1399994,227.3699951,224.2599945,553600.0,186.1261749
2015-01-06 00:00:00,219.4299927,224.1900024,226.4199982,219.25,826200.0,182.0687408
2015-01-07 00:00:00,220.1499939,220.7200012,221.5500031,219.1100006,482300.0,182.6661682
2015-01-08 00:00:00,222.7799988,221.9499969,224.9900055,219.8999939,550700.0,184.8483734
2015-01-09 00:00:00,216.8899994,222.2299957,223.1999969,216.7299957,716300.0,179.9612732
2015-01-12 00:00:00,216.8800049,216.8899994,219.1600037,215.0,816400.0,179.9529572
2015-01-13 00:00:00,217.25,218.9499969,220.5399933,215.2299957,733000.0,180.2599487
2015-01-14 00:00:00,218.8800049,215.5500031,219.3099976,214.5500031,711900.0,181.6124115
2015-01-15 00:00:00,218.2100067,218.7400055,220.1799927,217.5399933,678300.0,181.056488
2015-01-16 00:00:00,220.2400055,218.2200012,220.9700012,217.0899963,966600.0,182.74086
2015-01-20 00:00:00,222.3999939,221.3899994,223.0500031,219.4700012,391200.0,184.5330811
2015-01-21 00:00:00,223.4199982,222.5899963,224.5899963,220.2899933,497300.0,185.3793945
2015-01-22 00:00:00,229.1499939,224.0099945,229.8099976,222.0500031,694700.0,190.133728
2015-01-23 00:00:00,230.6000061,229.8800049,231.3200073,228.1499939,916400.0,191.336853
2015-01-26 00:00:00,229.4100037,233.6000061,233.6000061,226.9700012,384900.0,190.3495026
2015-01-27 00:00:00,221.8999939,226.0599976,229.3999939,221.5899963,486400.0,184.1181946
2015-01-28 00:00:00,217.1000061,222.8000031,223.1499939,215.0800018,804700.0,180.1354828
2015-01-29 00:00:00,221.9199982,216.8300018,222.5399933,216.6100006,432100.0,184.1347809
2015-01-30 00:00:00,216.8600006,219.0899963,220.9700012,216.5299988,389200.0,179.9363251
2015-02-02 00:00:00,218.0,218.0500031,219.9799957,213.8899994,681000.0,180.8822174
2015-02-03 00:00:00,223.6000061,219.6799927,223.7200012,218.5,556200.0,185.5287476
2015-02-04 00:00:00,222.1199951,221.4299927,224.25,221.3899994,421300.0,184.3007507
2015-02-05 00:00:00,225.8000031,223.5099945,226.2400055,220.1199951,485600.0,187.354187
2015-02-06 00:00:00,219.4299927,226.9499969,226.9499969,218.3300018,440600.0,182.0687408
2015-02-09 00:00:00,217.3000031,218.0399933,219.2700043,214.4900055,704100.0,180.3014221
2015-02-10 00:00:00,219.8200073,219.3200073,222.2100067,217.25,425500.0,182.392334
2015-02-11 00:00:00,221.0700073,221.3500061,222.4900055,219.6300049,481300.0,183.4295197
2015-02-12 00:00:00,227.7400055,223.6900024,228.9499969,222.6999969,539200.0,188.963913
2015-02-13 00:00:00,227.6999969,228.9299927,229.0200043,227.3800049,387800.0,188.9307098
2015-02-17 00:00:00,225.1799927,226.3899994,227.6900024,224.1600037,498700.0,186.8396759
2015-02-18 00:00:00,228.9100037,222.7700043,229.4799957,222.4700012,723300.0,189.9346466
2015-02-19 00:00:00,229.4100037,227.8999939,230.7100067,224.5399933,639100.0,190.3495026
2015-02-20 00:00:00,235.3800049,225.8600006,238.8099976,220.8399963,1637500.0,195.3030243
2015-02-23 00:00:00,232.9600067,234.2400055,235.4900055,230.6900024,839400.0,193.2950592
2015-02-24 00:00:00,232.1699982,232.1900024,233.3800049,230.3999939,690800.0,192.6396027
2015-02-25 00:00:00,228.3899994,232.3800049,233.5500031,227.7899933,502100.0,189.5031586
2015-02-26 00:00:00,226.3999939,228.3800049,228.8999939,225.5500031,329500.0,187.852005
2015-02-27 00:00:00,224.1799927,227.8899994,227.8899994,223.6499939,478400.0,186.0099945
2015-03-02 00:00:00,223.6399994,224.9299927,226.6199951,221.2299957,723500.0,185.5619202
2015-03-03 00:00:00,221.1199951,224.0,224.6900024,219.3000031,619300.0,183.4710236
2015-03-04 00:00:00,223.8300018,219.7400055,225.2799988,219.7400055,805100.0,185.7196045
2015-03-05 00:00:00,234.3000031,223.8000031,235.2700043,223.3699951,1314100.0,194.4069214
2015-03-06 00:00:00,235.5200043,232.7200012,238.7100067,230.1199951,1320700.0,195.4191589
2015-03-09 00:00:00,231.25,234.5599976,235.1900024,230.1600037,704200.0,193.2630005
2015-03-10 00:00:00,227.6499939,229.4299927,230.0099945,225.9499969,501400.0,190.2543793
2015-03-11 00:00:00,227.0200043,228.2400055,228.8000031,225.9299927,548900.0,189.7278748
2015-03-12 00:00:00,231.4900055,227.8099976,232.8999939,226.3300018,640200.0,193.4635773
2015-03-13 00:00:00,230.4900055,230.5899963,232.4400024,227.9100037,717100.0,192.6278839
2015-03-16 00:00:00,236.1399994,232.5299988,237.8099976,232.5200043,957400.0,197.349762
2015-03-17 00:00:00,234.2599945,234.7200012,236.8699951,233.3200073,430100.0,195.7785492
2015-03-18 00:00:00,236.5099945,233.3300018,236.7799988,230.6600037,711700.0,197.658905
2015-03-19 00:00:00,235.8999939,234.6199951,236.9799957,234.1600037,699900.0,197.1491852
2015-03-20 00:00:00,238.9499969,237.9400024,244.9700012,237.1199951,13251000.0,199.6981659
2015-03-23 00:00:00,238.6499939,239.2599945,239.9900055,235.8000031,791900.0,199.447403
2015-03-24 00:00:00,231.3399963,237.4600067,238.6000061,231.25,646400.0,193.3382263
2015-03-25 00:00:00,228.8600006,231.3500061,232.0899963,227.6900024,627900.0,191.265625
2015-03-26 00:00:00,227.8600006,226.3099976,228.9199982,225.0200043,554500.0,190.4298859
2015-03-27 00:00:00,229.7299957,226.5700073,230.6000061,226.5700073,517800.0,191.992691
2015-03-30 00:00:00,234.2200012,230.8200073,234.5200043,229.3099976,646000.0,195.7451477
2015-03-31 00:00:00,232.8500061,232.7400055,236.5399933,231.4600067,913200.0,194.6001434
2015-04-01 00:00:00,233.5899963,233.3099976,233.9499969,230.6100006,610800.0,195.2185974
2015-04-02 00:00:00,235.6000061,233.2899933,236.7100067,230.9600067,470200.0,196.8984528
2015-04-06 00:00:00,235.1499939,233.3300018,236.5399933,231.9199982,306900.0,196.5223389
2015-04-07 00:00:00,234.2899933,235.6100006,237.1999969,234.1799927,301200.0,195.8036194
2015-04-08 00:00:00,239.0899963,235.1100006,239.6699982,233.7200012,636900.0,199.8151703
2015-04-09 00:00:00,240.0599976,238.9600067,240.3000031,238.6600037,439600.0,200.6257782
2015-04-10 00:00:00,239.6499939,240.0599976,241.2400055,236.4799957,524700.0,200.2831116
2015-04-13 00:00:00,239.7700043,239.7599945,242.3200073,239.4600067,625300.0,200.3834534
2015-04-14 00:00:00,241.4900055,239.2799988,242.0299988,237.6499939,503700.0,201.8209229
2015-04-15 00:00:00,241.1900024,242.3300018,242.9499969,241.0299988,509900.0,201.5701752
2015-04-16 00:00:00,241.5599976,240.1100006,242.9600067,240.1100006,568500.0,201.8793793
2015-04-17 00:00:00,236.1399994,238.2599945,240.8300018,233.1900024,860000.0,197.349762
2015-04-20 00:00:00,239.8699951,238.0,240.6100006,236.9600067,508800.0,200.4670105
2015-04-21 00:00:00,243.7799988,240.5899963,244.9799957,239.6300049,779100.0,203.7347107
2015-04-22 00:00:00,244.7799988,244.8800049,245.5,242.8800049,595700.0,204.5704498
2015-04-23 00:00:00,246.9299927,244.0099945,248.3000031,242.4900055,587300.0,206.3673401
2015-04-24 00:00:00,246.0700073,246.6499939,247.6900024,245.3000031,504600.0,205.6485748
2015-04-27 00:00:00,244.8500061,244.9900055,246.4100037,243.3200073,800200.0,204.6289673
2015-04-28 00:00:00,246.3800049,244.1600037,247.8300018,243.7299957,730700.0,205.9076233
2015-04-29 00:00:00,244.8000031,244.4499969,246.9799957,242.7700043,716200.0,204.5871582
2015-04-30 00:00:00,255.9299927,255.25,262.0,249.6999969,1743400.0,213.8889008
2015-05-01 00:00:00,258.8800049,258.9299927,260.0,256.2399902,1149400.0,216.3543243
2015-05-04 00:00:00,259.1300049,260.2999878,260.2999878,257.7999878,1009000.0,216.5631714
2015-05-05 00:00:00,257.1799927,258.2399902,259.8599854,257.1700134,977700.0,214.933548
2015-05-06 00:00:00,258.2799988,258.8099976,259.4700012,256.0400085,804900.0,215.8528442
2015-05-07 00:00:00,262.0,265.25,270.4599915,261.2099915,1533800.0,218.9617615
2015-05-08 00:00:00,267.9299927,264.0899963,269.8900146,262.0899963,862200.0,223.9176483
2015-05-11 00:00:00,263.4200134,268.2799988,269.7999878,263.25,601900.0,220.1485138
2015-05-12 00:00:00,259.2999878,261.0499878,261.6900024,258.269989,944700.0,216.7052612
2015-05-13 00:00:00,259.6799927,259.6099854,261.5599976,256.8999939,611100.0,217.0228729
2015-05-14 00:00:00,261.4100037,260.6700134,262.0599976,258.1300049,408400.0,218.4686737
2015-05-15 00:00:00,260.3999939,261.6199951,261.6199951,259.5799866,385900.0,217.6245575
2015-05-18 00:00:00,262.2900085,260.4899902,264.1099854,259.1600037,326800.0,219.2041626
2015-05-19 00:00:00,263.6799927,261.9700012,263.980011,260.980011,377700.0,220.3658142
2015-05-20 00:00:00,269.8999939,269.9100037,270.1499939,266.1900024,1201100.0,225.5640869
2015-05-21 00:00:00,268.2200012,266.8800049,268.75,263.2099915,2051300.0,224.1600342
2015-05-22 00:00:00,268.0,266.7399902,268.1300049,265.5700073,644900.0,225.396347
2015-05-26 00:00:00,266.769989,265.0299988,267.3500061,263.5400085,577700.0,224.3618622
2015-05-27 00:00:00,270.0100098,267.7000122,270.0400085,265.0499878,389200.0,227.0868225
2015-05-28 00:00:00,269.1900024,269.6900024,270.519989,267.7099915,589600.0,226.3971863
2015-05-29 00:00:00,268.0700073,268.0299988,269.3599854,265.6499939,1128600.0,225.4552155
2015-06-01 00:00:00,270.1499939,274.1300049,274.1300049,267.9500122,557500.0,227.2045898
2015-06-02 00:00:00,268.9500122,266.6799927,269.9599915,265.8399963,1008500.0,226.1953278
2015-06-03 00:00:00,266.1400146,268.3200073,268.9500122,265.6400146,882600.0,223.8320312
2015-06-04 00:00:00,263.0599976,264.5700073,266.4899902,262.2999878,916300.0,221.2416534
2015-06-05 00:00:00,263.0499878,263.0400085,265.0,261.8900146,656200.0,221.2331696
2015-06-08 00:00:00,261.4500122,263.6099854,264.8099976,261.3699951,401400.0,219.8876038
2015-06-09 00:00:00,257.8099976,260.8500061,262.8200073,257.0,514400.0,216.8262329
2015-06-10 00:00:00,260.3699951,258.4599915,262.1799927,257.6300049,482300.0,218.979248
2015-06-11 00:00:00,260.9299927,261.0100098,262.5100098,260.6799927,313500.0,219.4502563
2015-06-12 00:00:00,260.7200012,259.9200134,261.8099976,259.0700073,458100.0,219.2736816
2015-06-15 00:00:00,255.8600006,258.1000061,260.6499939,255.7599945,555800.0,215.186203
2015-06-16 00:00:00,255.6999969,252.8000031,257.7900085,252.6199951,817300.0,215.0516968
2015-06-17 00:00:00,257.1199951,257.9500122,258.2200012,255.6900024,794900.0,216.2459412
2015-06-18 00:00:00,261.3500061,257.730011,261.8599854,256.0899963,1183600.0,219.8034821
2015-06-19 00:00:00,262.7900085,261.3399963,263.1900024,260.0400085,2106400.0,221.0145264
2015-06-22 00:00:00,260.0400085,264.0700073,264.980011,259.6600037,448200.0,218.7017059
2015-06-23 00:00:00,259.2600098,259.8999939,261.0299988,258.5499878,525500.0,218.0457611
2015-06-24 00:00:00,256.1099854,259.0100098,260.0899963,254.9100037,451600.0,215.3964844
2015-06-25 00:00:00,256.5899963,255.8999939,257.480011,255.2599945,517200.0,215.8001709
2015-06-26 00:00:00,258.8699951,256.5299988,258.8900146,254.8099976,775000.0,217.7176819
2015-06-29 00:00:00,250.3300018,256.6600037,257.0,249.9900055,800900.0,210.5353241
2015-06-30 00:00:00,254.0,251.5899963,255.1699982,249.9600067,699600.0,213.6219482
2015-07-01 00:00:00,255.6399994,255.5399933,256.1499939,253.1399994,466300.0,215.0011597
2015-07-02 00:00:00,255.3399963,256.1400146,257.2099915,253.8099976,349500.0,214.7489014
2015-07-06 00:00:00,255.5099945,253.1399994,256.2099915,251.4499969,543600.0,214.8918304
2015-07-07 00:00:00,257.5,255.5099945,258.8200073,253.0,817500.0,216.5654907
2015-07-08 00:00:00,256.3500061,257.0,259.6199951,256.1700134,520500.0,215.5982971
2015-07-09 00:00:00,256.6799927,258.6400146,260.2000122,255.9499969,518200.0,215.8758392
2015-07-10 00:00:00,258.7799988,260.0400085,261.6600037,257.8299866,544900.0,217.6420135
2015-07-13 00:00:00,259.9400024,260.1799927,262.519989,258.8500061,435300.0,218.61763
2015-07-14 00:00:00,261.0700073,260.1000061,262.4700012,259.3900146,361500.0,219.5680389
2015-07-15 00:00:00,259.7999878,261.1000061,263.3900146,258.75,378600.0,218.4998779
2015-07-16 00:00:00,262.1199951,261.4599915,263.6700134,260.019989,484100.0,220.4510498
2015-07-17 00:00:00,263.5,261.6700134,263.8699951,260.0499878,438600.0,221.6117401
2015-07-20 00:00:00,270.2399902,263.9400024,270.5599976,263.0700073,678700.0,227.2802582
2015-07-21 00:00:00,268.8399963,270.2399902,272.3200073,268.6400146,474200.0,226.1027832
2015-07-22 00:00:00,269.5499878,268.5499878,271.5899963,267.6700134,461700.0,226.6999969
2015-07-23 00:00:00,269.3900146,269.3200073,273.0499878,267.7200012,538700.0,226.5654144
2015-07-24 00:00:00,276.0599976,268.2999878,276.1199951,267.3800049,653400.0,232.1750336
2015-07-27 00:00:00,276.6400146,274.8500061,277.5400085,271.3500061,748800.0,232.6629028
2015-07-28 00:00:00,279.2000122,278.9400024,281.3599854,275.519989,993100.0,234.815918
2015-07-29 00:00:00,279.2200012,278.9700012,280.5,276.8699951,714100.0,234.8327026
2015-07-30 00:00:00,282.5799866,281.3999939,288.1199951,280.0599976,821300.0,237.6585236
2015-07-31 00:00:00,278.9100037,283.6700134,284.1499939,278.6799927,523800.0,234.5719452
2015-08-03 00:00:00,282.8900146,279.769989,284.269989,277.6900024,642400.0,237.9192352
2015-08-04 00:00:00,280.0400085,281.9899902,284.2600098,279.5499878,419900.0,235.5223541
2015-08-05 00:00:00,280.4500122,281.5899963,283.6099854,279.4299927,478100.0,235.8672333
2015-08-06 00:00:00,280.0,281.0400085,281.0499878,274.6600037,520800.0,235.4886322
2015-08-07 00:00:00,280.3900146,279.9700012,280.7399902,273.019989,309600.0,235.8167877
2015-08-10 00:00:00,280.0899963,282.8900146,283.4400024,278.0,996600.0,235.5643921
2015-08-11 00:00:00,279.4299927,278.4299927,282.4899902,276.9700012,550600.0,235.0092163
2015-08-12 00:00:00,280.3500061,277.4400024,281.5799866,275.230011,697400.0,235.78302
2015-08-13 00:00:00,282.230011,283.9700012,284.2600098,278.8399963,539300.0,237.364212
2015-08-14 00:00:00,284.3999939,285.1099854,287.7799988,281.8900146,980100.0,239.1892242
2015-08-17 00:00:00,284.5100098,282.8299866,284.5700073,281.0899963,404500.0,239.2817688
2015-08-18 00:00:00,287.4200134,284.4400024,287.75,283.4700012,405200.0,241.7291412
2015-08-19 00:00:00,285.5899963,286.1300049,288.5,283.980011,494200.0,240.1900635
2015-08-20 00:00:00,279.9599915,284.2200012,284.6499939,279.9200134,568700.0,235.4550476
2015-08-21 00:00:00,271.3099976,277.1600037,279.7900085,271.3099976,1271900.0,228.180191
2015-08-24 00:00:00,255.5299988,260.0,267.0899963,251.0,1306700.0,216.2557678
2015-08-25 00:00:00,251.1100006,260.3099976,263.6700134,250.8600006,1294200.0,212.5150757
2015-08-26 00:00:00,260.7999878,257.019989,261.8099976,252.0299988,1077000.0,220.7157745
2015-08-27 00:00:00,266.1400146,262.0899963,268.1799927,261.519989,704700.0,225.2350311
2015-08-28 00:00:00,268.7799988,264.7099915,270.0,264.4899902,588600.0,227.4692078
2015-08-31 00:00:00,269.769989,267.519989,270.1000061,265.0,4911600.0,228.3070984
2015-09-01 00:00:00,262.8699951,265.0899963,266.769989,260.4299927,1298200.0,222.4676056
2015-09-02 00:00:00,269.9500122,264.9899902,269.980011,263.6199951,1049100.0,228.4594574
2015-09-03 00:00:00,274.4400024,269.5100098,275.1799927,269.4100037,1006000.0,232.2592773
2015-09-04 00:00:00,269.8800049,272.8200073,273.230011,268.0700073,824700.0,228.4001617
2015-09-08 00:00:00,279.2799988,271.2200012,279.75,270.2600098,850000.0,236.3553925
2015-09-09 00:00:00,281.0,282.3599854,283.7200012,280.5100098,884500.0,237.8110504
2015-09-10 00:00:00,285.1400146,279.7200012,287.9100037,279.1199951,1220500.0,241.3147888
2015-09-11 00:00:00,289.6199951,284.5700073,289.6199951,283.1600037,1095900.0,245.1062317
2015-09-14 00:00:00,289.7000122,289.8699951,291.6199951,287.1499939,1071400.0,245.1738434
2015-09-15 00:00:00,290.0499878,290.75,291.7099915,288.3200073,784900.0,245.470047
2015-09-16 00:00:00,290.5700073,289.5100098,291.1600037,286.3999939,674000.0,245.9101715
2015-09-17 00:00:00,290.0700073,290.6400146,294.4899902,288.480011,899200.0,245.4870605
2015-09-18 00:00:00,285.5100098,285.8900146,294.4599915,283.2900085,1469800.0,241.6278534
2015-09-21 00:00:00,292.019989,287.519989,292.4599915,286.2099915,596500.0,247.1372986
2015-09-22 00:00:00,288.4500122,285.7999878,289.8699951,285.7999878,622400.0,244.1160889
2015-09-23 00:00:00,288.8900146,287.4500122,289.8099976,284.5799866,526900.0,244.4883575
2015-09-24 00:00:00,279.6700134,287.7099915,289.8299866,279.0599976,841500.0,236.6855469
2015-09-25 00:00:00,279.2999878,284.1700134,285.4400024,277.6000061,1018800.0,236.3723907
2015-09-28 00:00:00,270.4899902,279.0,284.6099854,269.6700134,959800.0,228.9163513
2015-09-29 00:00:00,268.980011,271.5,271.5,268.1199951,1202800.0,227.6384735
2015-09-30 00:00:00,273.3999939,270.4500122,273.8900146,269.1300049,802100.0,231.3792114
2015-10-01 00:00:00,276.4599915,274.8599854,276.7399902,271.7000122,828100.0,233.9688263
2015-10-02 00:00:00,279.5799866,271.980011,279.6700134,270.0,536200.0,236.609314
2015-10-05 00:00:00,283.4400024,281.25,285.0,279.8999939,636600.0,239.8760223
2015-10-06 00:00:00,271.5499878,272.9599915,278.0,270.0700073,743000.0,239.0485077
2015-10-07 00:00:00,265.4100037,273.4599915,273.480011,263.2000122,1031700.0,233.6434479
2015-10-08 00:00:00,267.3399963,265.1300049,267.6799927,262.6000061,766300.0,235.3424377
2015-10-09 00:00:00,269.8800049,267.0899963,270.6099854,265.5799866,749000.0,237.5783997
2015-10-12 00:00:00,272.5599976,269.4100037,273.2799988,269.4100037,510000.0,239.9376984
2015-10-13 00:00:00,271.7000122,270.9299927,273.3999939,269.3299866,555000.0,239.1806335
2015-10-14 00:00:00,274.7000122,271.0799866,275.75,269.730011,723100.0,241.8215179
2015-10-15 00:00:00,280.1000061,275.4500122,280.3999939,270.0,755200.0,246.5752258
2015-10-16 00:00:00,286.2999878,281.2000122,286.5599976,276.269989,569200.0,252.0331268
2015-10-19 00:00:00,290.7099915,284.9700012,291.269989,283.9599915,840100.0,255.9153137
2015-10-20 00:00:00,293.3599854,290.8800049,293.8999939,289.75,646800.0,258.2481689
2015-10-21 00:00:00,292.2799988,294.730011,296.6900024,291.8900146,818100.0,257.2973938
2015-10-22 00:00:00,294.6199951,292.5899963,296.3900146,292.3299866,1297300.0,259.3572998
2015-10-23 00:00:00,294.8399963,297.5799866,297.5799866,292.0,974000.0,259.5510254
2015-10-26 00:00:00,301.2000122,295.269989,301.769989,294.2799988,894300.0,265.1497498
2015-10-27 00:00:00,296.0899963,300.0799866,300.7399902,295.4500122,846600.0,260.6513367
2015-10-28 00:00:00,294.5899963,296.7999878,297.8500061,290.3699951,1290800.0,259.3309937
2015-10-29 00:00:00,292.9100037,291.3099976,301.6799927,285.7399902,1197500.0,257.8521729
2015-10-30 00:00:00,296.6799927,293.6199951,298.3599854,291.0,690600.0,261.1707458
2015-11-02 00:00:00,303.5799866,297.769989,304.730011,297.3299866,679800.0,267.2449036
2015-11-03 00:00:00,299.3099976,302.6900024,303.5700073,297.4100037,609000.0,263.4859924
2015-11-04 00:00:00,295.9899902,299.3399963,302.3200073,292.9200134,622500.0,260.563385
2015-11-05 00:00:00,295.7999878,295.6099854,297.0899963,291.25,485100.0,260.3961487
2015-11-06 00:00:00,290.3699951,295.4200134,298.0,287.0,853500.0,255.6159973
2015-11-09 00:00:00,292.3999939,291.0100098,293.9400024,287.1300049,869300.0,257.4030762
2015-11-10 00:00:00,297.5400085,292.3800049,297.7000122,290.5599976,789500.0,261.9278564
2015-11-11 00:00:00,296.9200134,299.7999878,301.5499878,296.019989,588800.0,261.3820496
2015-11-12 00:00:00,294.7399902,296.2200012,298.1600037,294.6199951,432500.0,259.4629517
2015-11-13 00:00:00,291.0700073,294.6799927,296.0,290.1300049,659300.0,256.2322998
2015-11-16 00:00:00,295.3900146,290.0899963,295.5400085,290.0,531500.0,260.0352173
2015-11-17 00:00:00,299.0700073,293.2399902,302.7600098,291.980011,876300.0,263.2747498
2015-11-18 00:00:00,293.0899963,298.9599915,298.9599915,287.5100098,1114200.0,258.0105591
2015-11-19 00:00:00,286.1099854,287.75,288.5,282.7999878,2297300.0,251.8657837
2015-11-20 00:00:00,298.6000061,286.8900146,298.6000061,286.2999878,1885300.0,262.8609314
2015-11-23 00:00:00,297.730011,297.7600098,300.7999878,295.0400085,640500.0,262.0950623
2015-11-24 00:00:00,293.2099915,296.6900024,298.1700134,293.1300049,599400.0,258.1161499
2015-11-25 00:00:00,295.1300049,293.8299866,296.5100098,292.1400146,357200.0,259.8063049
2015-11-27 00:00:00,297.75,295.0100098,298.3299866,293.6000061,226700.0,262.1127014
2015-11-30 00:00:00,296.5,297.75,298.980011,292.7399902,679500.0,261.0123901
2015-12-01 00:00:00,300.6300049,297.7000122,300.8099976,296.5,489000.0,264.6480713
2015-12-02 00:00:00,299.6600037,300.769989,303.1400146,299.25,518800.0,263.7940979
2015-12-03 00:00:00,295.2200012,298.3699951,300.0,293.8999939,683800.0,259.8855591
2015-12-04 00:00:00,301.2000122,296.2200012,301.7600098,291.9500122,838100.0,265.1497498
2015-12-07 00:00:00,297.5799866,302.4100037,302.4100037,296.6000061,538200.0,263.4411926
2015-12-08 00:00:00,298.1000061,295.519989,301.1000061,295.1499939,690200.0,263.9015198
2015-12-09 00:00:00,298.2399902,297.6900024,300.6499939,295.3699951,671900.0,264.0254822
2015-12-10 00:00:00,295.6499939,297.8399963,299.3399963,293.9400024,700000.0,261.7325745
2015-12-11 00:00:00,289.9400024,292.5899963,295.2399902,287.2999878,809700.0,256.6776733
2015-12-14 00:00:00,293.5499878,290.7900085,298.6900024,290.230011,1172100.0,259.8735352
2015-12-15 00:00:00,290.019989,294.6700134,295.1700134,289.9200134,1006400.0,256.7484131
2015-12-16 00:00:00,295.4899902,290.8800049,296.5700073,290.1199951,1140900.0,261.5910034
2015-12-17 00:00:00,293.4100037,296.2099915,297.3399963,292.4400024,682000.0,259.7496033
2015-12-18 00:00:00,289.3500061,292.2000122,294.7900085,289.3500061,2005000.0,256.1553955
2015-12-21 00:00:00,295.7399902,291.0700073,296.1300049,289.2200012,881300.0,261.8123474
2015-12-22 00:00:00,296.9299927,295.9899902,298.5299988,292.6000061,583500.0,262.8657532
2015-12-23 00:00:00,297.3500061,297.9299927,297.9299927,292.8500061,542100.0,263.2375183
2015-12-24 00:00:00,297.1900024,296.9899902,298.4500122,295.9100037,206700.0,263.0960083
2015-12-28 00:00:00,300.9100037,296.5599976,301.5499878,295.2900085,338400.0,266.3890991
2015-12-29 00:00:00,304.980011,305.0,305.0,301.9500122,416200.0,269.9923096
2015-12-30 00:00:00,302.6900024,303.4400024,304.8299866,302.2000122,321000.0,267.9649963
2015-12-31 00:00:00,302.3999939,302.4899902,304.3699951,299.6000061,404300.0,267.7082214
2016-01-04 00:00:00,296.0799866,299.75,300.6000061,293.25,879600.0,262.1132507
2016-01-05 00:00:00,303.4100037,297.980011,304.5299988,294.1700134,1440300.0,268.6023865
2016-01-06 00:00:00,309.1300049,299.6400146,310.2799988,298.8800049,1147500.0,273.6661987
2016-01-07 00:00:00,303.2900085,304.730011,306.7000122,302.25,1151900.0,268.4961548
2016-01-08 00:00:00,309.7900085,304.6000061,312.2900085,304.3200073,1462700.0,274.2503967
2016-01-11 00:00:00,312.8800049,311.7399902,318.3599854,309.3599854,1605900.0,276.9859924
2016-01-12 00:00:00,314.9200134,314.7600098,316.0,309.8299866,860600.0,278.7918701
2016-01-13 00:00:00,305.5799866,314.2399902,316.2000122,304.6900024,1222900.0,270.5234375
2016-01-14 00:00:00,310.9899902,306.0700073,315.5,297.2900085,3697900.0,275.3128357
2016-01-15 00:00:00,303.1900024,305.0100098,309.9700012,299.7999878,1256300.0,268.4076538
2016-01-19 00:00:00,295.1099854,308.5,308.9400024,289.7200012,1831600.0,261.2545776
2016-01-20 00:00:00,294.3599854,290.8399963,297.25,281.8500061,1383600.0,260.5906372
2016-01-21 00:00:00,289.7799988,294.2900085,295.3500061,287.3099976,860400.0,256.5361023
2016-01-22 00:00:00,297.0499878,293.7000122,298.5499878,291.3599854,1268800.0,262.9719543
2016-01-25 00:00:00,299.9299927,296.2600098,306.3099976,295.7799988,1369700.0,265.521637
2016-01-26 00:00:00,303.6400146,304.1799927,305.9899902,299.8800049,1045200.0,268.8059998
2016-01-27 00:00:00,299.5700073,304.2399902,307.9599915,297.019989,1089600.0,265.2029724
2016-01-28 00:00:00,300.2200012,301.25,309.9599915,295.5100098,1032400.0,265.7782288
2016-01-29 00:00:00,310.5700073,301.3299866,310.8299866,300.0100098,1145300.0,274.9409485
2016-02-01 00:00:00,311.4400024,310.0499878,315.8099976,308.8800049,812200.0,275.7111511
2016-02-02 00:00:00,312.5899963,307.9299927,313.8699951,307.2600098,1013500.0,276.7292175
2016-02-03 00:00:00,309.5400085,313.5,314.8800049,304.3399963,1268100.0,274.0291138
2016-02-04 00:00:00,308.4500122,312.1700134,314.0799866,305.3599854,1032900.0,273.0640869
2016-02-05 00:00:00,288.4400024,306.9100037,307.3399963,288.1099854,1390300.0,255.3498077
2016-02-08 00:00:00,268.8399963,285.8800049,286.0,261.8099976,1850300.0,237.998291
2016-02-09 00:00:00,265.0499878,268.6900024,269.9899902,255.4499969,2097000.0,234.6430969
2016-02-10 00:00:00,273.3399963,268.0499878,278.2799988,266.2900085,1498100.0,241.9820557
2016-02-11 00:00:00,275.0499878,265.3999939,279.2900085,265.3999939,978600.0,243.4958954
2016-02-12 00:00:00,284.8800049,279.5400085,285.1700134,276.5599976,1081600.0,252.1982574
2016-02-16 00:00:00,291.2999878,285.8200073,291.6799927,284.4400024,1304600.0,257.8815918
2016-02-17 00:00:00,290.6499939,291.2999878,296.4299927,285.9500122,1320100.0,257.3062439
2016-02-18 00:00:00,290.3099976,288.019989,293.6700134,286.9500122,1178300.0,257.0052795
2016-02-19 00:00:00,299.3699951,287.8999939,304.1300049,284.7600098,2163900.0,265.0258179
2016-02-22 00:00:00,299.8299866,302.1700134,304.8299866,298.1700134,940900.0,265.433136
2016-02-23 00:00:00,292.0599976,298.8500061,299.8999939,290.6199951,969900.0,258.5545349
2016-02-24 00:00:00,295.0100098,290.5899963,296.6099854,287.6900024,1078300.0,261.1660461
2016-02-25 00:00:00,307.4899902,296.230011,307.6199951,296.230011,999000.0,272.2142639
2016-02-26 00:00:00,306.769989,306.4899902,315.0599976,303.6600037,897300.0,271.5769653
2016-02-29 00:00:00,303.6900024,305.3099976,308.769989,302.9500122,1007800.0,268.8502502
2016-03-01 00:00:00,308.3999939,306.2399902,308.5700073,303.019989,1335000.0,273.0200195
2016-03-02 00:00:00,304.0100098,307.7099915,308.0,299.2999878,1016300.0,269.1334839
2016-03-03 00:00:00,310.5899963,302.7799988,310.8099976,301.7000122,1113100.0,274.9586792
2016-03-04 00:00:00,309.7200012,310.5899963,311.4400024,303.5,1008400.0,274.188446
2016-03-07 00:00:00,297.730011,305.8900146,308.019989,294.0499878,1079800.0,265.0717468
2016-03-08 00:00:00,298.75,295.8399963,303.7200012,295.3699951,872500.0,265.9798584
2016-03-09 00:00:00,301.2600098,299.9200134,303.7000122,299.2900085,674900.0,268.2145691
2016-03-10 00:00:00,306.7099915,303.4599915,307.6000061,301.2999878,811400.0,273.0667419
2016-03-11 00:00:00,318.0,310.0,319.3599854,308.6600037,983600.0,283.1182861
2016-03-14 00:00:00,314.019989,313.769989,315.6700134,309.3699951,836800.0,279.5749512
2016-03-15 00:00:00,312.4700012,311.2600098,315.6099854,311.2600098,850800.0,278.1948547
2016-03-16 00:00:00,316.7600098,310.2799988,318.3200073,310.2799988,671300.0,282.0143127
2016-03-17 00:00:00,316.980011,316.5899963,321.4500122,315.0700073,1008900.0,282.2102051
2016-03-18 00:00:00,315.7600098,317.5,318.2900085,314.2000122,1049200.0,281.1239624
2016-03-21 00:00:00,317.3900146,314.7600098,319.0,311.9500122,619900.0,282.5751343
2016-03-22 00:00:00,319.0400085,315.6499939,320.4500122,315.3099976,528300.0,284.044281
2016-03-23 00:00:00,319.3599854,319.3099976,320.4899902,317.7200012,456900.0,284.3291016
2016-03-24 00:00:00,320.75,317.9599915,323.0,317.7999878,547800.0,285.5665894
2016-03-28 00:00:00,323.769989,321.7000122,324.9700012,320.6900024,389700.0,288.2554321
2016-03-29 00:00:00,329.3399963,322.769989,329.4100037,322.769989,515300.0,293.2143555
2016-03-30 00:00:00,328.1099854,330.2900085,331.6700134,327.7900085,534700.0,292.1192627
2016-03-31 00:00:00,330.7099915,327.5400085,331.7999878,326.9599915,819300.0,294.4341736
2016-04-01 00:00:00,329.9400024,328.3099976,332.2000122,327.7099915,499900.0,293.7485962
2016-04-04 00:00:00,333.1099854,331.9500122,334.1799927,330.3399963,515200.0,296.5708008
2016-04-05 00:00:00,328.6400146,330.0,333.2099915,328.2399902,427200.0,292.591217
2016-04-06 00:00:00,327.4100037,328.0100098,329.7000122,326.1600037,735900.0,291.4961243
2016-04-07 00:00:00,325.8099976,325.6000061,326.9500122,323.1199951,573600.0,290.0716248
2016-04-08 00:00:00,325.9899902,328.7200012,329.7200012,322.9200134,554800.0,290.2319031
2016-04-11 00:00:00,323.9899902,327.9599915,328.0,323.4599915,608500.0,288.4512634
2016-04-12 00:00:00,322.1300049,326.2000122,326.2000122,321.2099915,663000.0,286.7952576
2016-04-13 00:00:00,321.5499878,322.3999939,322.3999939,318.4100037,520000.0,286.2789001
2016-04-14 00:00:00,320.75,320.7799988,322.1900024,318.6000061,357200.0,285.5665894
2016-04-15 00:00:00,324.1000061,320.5,325.3200073,319.6400146,480400.0,288.5491638
2016-04-18 00:00:00,325.5899963,323.0100098,326.0100098,322.230011,303500.0,289.8757324
2016-04-19 00:00:00,324.8599854,327.2099915,327.8800049,321.6799927,318600.0,289.2257996
2016-04-20 00:00:00,325.1099854,325.0700073,326.9599915,322.3399963,464200.0,289.4483948
2016-04-21 00:00:00,319.8900146,324.230011,329.3200073,318.0700073,695500.0,284.8009949
2016-04-22 00:00:00,322.0100098,320.1400146,322.9200134,316.2999878,395300.0,286.688446
2016-04-25 00:00:00,326.8200073,321.5400085,326.8500061,320.1600037,373300.0,290.9708862
2016-04-26 00:00:00,330.1099854,326.5700073,333.4500122,325.5700073,653000.0,293.8999023
2016-04-27 00:00:00,331.8200073,330.0499878,334.5700073,326.25,623700.0,295.4223938
2016-04-28 00:00:00,328.2399902,330.769989,334.6199951,327.1900024,471500.0,292.2350769
2016-04-29 00:00:00,330.3500061,327.1700134,331.8399963,324.6900024,465500.0,294.1136169
2016-05-02 00:00:00,333.6199951,331.1000061,333.8500061,329.5,395000.0,297.0249329
2016-05-03 00:00:00,332.8900146,332.4500122,333.4899902,328.2600098,625700.0,296.3750305
2016-05-04 00:00:00,334.8299866,330.8200073,337.1199951,330.019989,1049800.0,298.1021423
2016-05-05 00:00:00,330.8900146,334.2600098,336.9100037,326.9500122,1010800.0,294.5943909
2016-05-06 00:00:00,336.9599915,328.8099976,337.7900085,326.5599976,820200.0,299.9985352
2016-05-09 00:00:00,341.0400085,336.8999939,343.4700012,335.5400085,529000.0,303.6310425
2016-05-10 00:00:00,341.1099854,341.9299927,342.980011,339.5599976,435300.0,303.6932373
2016-05-11 00:00:00,340.6799927,341.5700073,343.3800049,337.8399963,584300.0,303.3105164
2016-05-12 00:00:00,346.2099915,342.6000061,346.980011,338.8299866,491400.0,308.2339478
2016-05-13 00:00:00,344.3699951,346.2000122,347.6300049,343.1799927,354100.0,306.5957031
2016-05-16 00:00:00,348.6000061,344.9100037,348.75,343.5100098,414100.0,310.3616943
2016-05-17 00:00:00,342.3200073,345.0,348.2999878,341.4500122,462900.0,304.7706299
2016-05-18 00:00:00,342.0499878,342.0299988,344.8500061,336.6000061,550000.0,304.5301819
2016-05-19 00:00:00,343.0499878,338.980011,345.480011,338.980011,610500.0,305.4205017
2016-05-20 00:00:00,345.0,344.2799988,346.4100037,340.0599976,534900.0,307.1566772
2016-05-23 00:00:00,344.6600037,343.3399963,345.8599854,341.3999939,332300.0,308.4184265
2016-05-24 00:00:00,354.730011,345.6499939,355.230011,344.6799927,1005400.0,317.4295044
2016-05-25 00:00:00,357.730011,356.7399902,359.1199951,353.4400024,897400.0,320.1140747
2016-05-26 00:00:00,363.0899963,358.3800049,363.2200012,356.7999878,756700.0,324.9104309
2016-05-27 00:00:00,366.5599976,363.1000061,368.6900024,363.1000061,824700.0,328.0155945
2016-05-31 00:00:00,362.0,368.7600098,368.8900146,361.5400085,1151500.0,323.9350586
2016-06-01 00:00:00,365.9400024,360.9700012,366.019989,360.2099915,643300.0,327.4607239
2016-06-02 00:00:00,367.5299988,364.9400024,367.8200073,362.9400024,587100.0,328.8835754
2016-06-03 00:00:00,364.6900024,367.5499878,368.8699951,362.1400146,593100.0,326.3421936
2016-06-06 00:00:00,369.2900085,365.0,370.2399902,364.8699951,1001800.0,330.4585266
2016-06-07 00:00:00,370.9500122,369.2000122,374.3900146,369.0499878,568700.0,331.9439392
2016-06-08 00:00:00,372.9400024,372.5700073,373.75,369.9899902,598800.0,333.7247009
2016-06-09 00:00:00,373.2099915,371.730011,373.8800049,371.5100098,396400.0,333.9663086
2016-06-10 00:00:00,370.2999878,372.6900024,374.1900024,368.4700012,703800.0,331.3622742
2016-06-13 00:00:00,369.3200073,370.0100098,376.730011,369.0100098,703300.0,330.485321
2016-06-14 00:00:00,369.3099976,369.0,371.3399963,367.2000122,884700.0,330.4764709
2016-06-15 00:00:00,372.1000061,370.7999878,373.5100098,368.4200134,442800.0,332.973053
2016-06-16 00:00:00,377.4599915,369.25,378.2600098,369.25,830800.0,337.7694092
2016-06-17 00:00:00,374.5799866,375.6499939,378.3099976,369.230011,1338100.0,335.1922302
2016-06-20 00:00:00,373.9100037,378.7799988,379.0,373.6700134,551300.0,334.5927124
2016-06-21 00:00:00,379.5100098,374.6600037,380.2600098,374.6600037,553500.0,339.6039124
2016-06-22 00:00:00,379.6499939,383.1900024,383.8299866,379.480011,688400.0,339.7290344
2016-06-23 00:00:00,385.4299927,381.7200012,387.4500122,375.8800049,898600.0,344.9013367
2016-06-24 00:00:00,375.9500122,373.2099915,384.0899963,370.5700073,1408900.0,336.4182434
2016-06-27 00:00:00,371.1600037,374.9899902,375.2099915,367.480011,838800.0,332.1318665
2016-06-28 00:00:00,377.0299988,373.3099976,377.5799866,372.0700073,579800.0,337.3845215
2016-06-29 00:00:00,386.019989,379.3500061,386.4899902,379.3500061,614700.0,345.4292908
2016-06-30 00:00:00,387.730011,387.019989,387.9299927,383.1499939,525800.0,346.9594421
2016-07-01 00:00:00,386.8800049,387.8200073,390.7399902,384.7600098,397100.0,346.1989136
2016-07-05 00:00:00,386.1400146,386.0,388.3800049,383.7099915,469000.0,345.5366211
2016-07-06 00:00:00,387.4400024,384.3099976,388.2600098,379.5899963,627200.0,346.6999207
2016-07-07 00:00:00,382.6799927,387.3399963,387.8299866,381.8800049,386200.0,342.4404907
2016-07-08 00:00:00,389.4500122,384.6499939,390.5,384.2099915,400000.0,348.4985962
2016-07-11 00:00:00,388.75,390.0100098,391.0700073,385.2399902,331500.0,347.8722839
2016-07-12 00:00:00,387.2000122,389.730011,390.3900146,383.4700012,446000.0,346.4852295
2016-07-13 00:00:00,386.7099915,389.0799866,389.4100037,384.7399902,322000.0,346.0467529
2016-07-14 00:00:00,383.8099976,388.2900085,390.0,381.3800049,392800.0,343.4516296
2016-07-15 00:00:00,379.9700012,381.980011,381.980011,377.3699951,763200.0,340.0154724
2016-07-18 00:00:00,380.3999939,380.9500122,381.5100098,378.1400146,337600.0,340.400238
2016-07-19 00:00:00,380.0100098,379.2200012,381.4200134,378.480011,499900.0,340.0512085
2016-07-20 00:00:00,379.4500122,380.7999878,381.9100037,378.9400024,393100.0,339.5501099
2016-07-21 00:00:00,372.5599976,378.3299866,378.730011,370.3500061,571900.0,333.3846741
2016-07-22 00:00:00,376.8599854,373.5,378.980011,372.8699951,596700.0,337.2324829
2016-07-25 00:00:00,376.3299866,377.1700134,378.1000061,372.6099854,271200.0,336.7582703
2016-07-26 00:00:00,377.4400024,377.2000122,379.2200012,370.0100098,284900.0,337.7514954
2016-07-27 00:00:00,373.7399902,377.2200012,377.4700012,371.8299866,346400.0,334.4405823
2016-07-28 00:00:00,380.1700134,374.0,380.7900085,373.269989,435900.0,340.1944275
2016-07-29 00:00:00,372.8699951,380.0,380.8599854,372.7999878,607400.0,333.6620483
2016-08-01 00:00:00,378.9700012,373.9299927,379.2900085,372.9500122,434300.0,339.120575
2016-08-02 00:00:00,373.4599915,379.2200012,380.0,371.4100037,540500.0,334.1899719
2016-08-03 00:00:00,370.3399963,372.2399902,375.6900024,368.6300049,742600.0,331.3981018
2016-08-04 00:00:00,371.3999939,372.8599854,374.1799927,366.0100098,892800.0,332.3465881
2016-08-05 00:00:00,365.5,371.9500122,373.730011,365.2399902,661900.0,327.0669861
2016-08-08 00:00:00,364.2999878,364.8999939,365.4700012,361.2200012,713400.0,325.9932251
2016-08-09 00:00:00,367.230011,364.1499939,369.9100037,363.6700134,490800.0,328.6150513
2016-08-10 00:00:00,367.8299866,367.5100098,370.2000122,365.6300049,320300.0,329.1519165
2016-08-11 00:00:00,367.75,367.5100098,369.2799988,362.75,523800.0,329.0803833
2016-08-12 00:00:00,369.0400085,366.6199951,370.9500122,365.7200012,342200.0,330.2348022
2016-08-15 00:00:00,371.3299866,368.7600098,372.7200012,368.5,329100.0,332.2839661
2016-08-16 00:00:00,367.0799866,370.3299866,371.4700012,366.7200012,398700.0,328.480835
2016-08-17 00:00:00,367.0,367.8800049,367.8800049,362.6700134,558700.0,328.4093933
2016-08-18 00:00:00,363.9700012,366.5899963,369.6499939,363.730011,488900.0,325.6979065
2016-08-19 00:00:00,366.3099976,363.519989,367.4899902,361.4299927,373500.0,327.7917175
2016-08-22 00:00:00,366.9700012,367.2099915,368.6099854,364.019989,376300.0,329.9587402
2016-08-23 00:00:00,368.1400146,369.0299988,370.0,367.0499878,323600.0,331.0108032
2016-08-24 00:00:00,364.769989,367.6300049,369.5100098,363.8900146,495000.0,327.9806824
2016-08-25 00:00:00,363.980011,364.6000061,366.7900085,362.5299988,342300.0,327.2703552
2016-08-26 00:00:00,364.7200012,364.4299927,368.3500061,362.0899963,599700.0,327.9356995
2016-08-29 00:00:00,368.3399963,365.9200134,369.8999939,365.1700134,437500.0,331.1905823
2016-08-30 00:00:00,368.0700073,368.1900024,369.230011,364.8200073,472000.0,330.947876
2016-08-31 00:00:00,368.6499939,367.7200012,370.9100037,366.9700012,571100.0,331.4693604
2016-09-01 00:00:00,366.7600098,368.4100037,369.6700134,365.0100098,452300.0,329.7699585
2016-09-02 00:00:00,371.4599915,367.4299927,371.8099976,367.4299927,641900.0,333.9959717
2016-09-06 00:00:00,377.9700012,374.2900085,378.6499939,371.7900085,870900.0,339.8493958
2016-09-07 00:00:00,378.2000122,378.0499878,378.9200134,376.2900085,580300.0,340.0562134
2016-09-08 00:00:00,373.0299988,377.1900024,379.230011,372.8599854,780900.0,335.4076233
2016-09-09 00:00:00,362.7799988,371.4700012,372.5100098,362.5700073,731900.0,326.1913147
2016-09-12 00:00:00,366.0,363.0299988,367.8999939,362.3099976,716700.0,329.0865784
2016-09-13 00:00:00,356.9100037,363.0100098,364.9200134,356.5100098,624900.0,320.9133911
2016-09-14 00:00:00,355.2900085,356.1799927,359.7099915,354.3299866,488200.0,319.4567871
2016-09-15 00:00:00,361.7900085,353.9599915,362.5299988,352.5100098,495100.0,325.3012695
2016-09-16 00:00:00,358.2099915,359.8200073,361.5,356.3800049,1050400.0,322.0822449
2016-09-19 00:00:00,366.730011,360.4500122,366.7900085,359.2000122,514200.0,329.7430115
2016-09-20 00:00:00,355.0100098,367.4899902,369.2900085,349.6000061,1445400.0,319.2049866
2016-09-21 00:00:00,356.9100037,355.3299866,357.3200073,348.1000061,1038600.0,320.9133911
2016-09-22 00:00:00,360.3800049,359.5499878,361.8099976,358.6199951,465300.0,324.0333862
2016-09-23 00:00:00,359.7799988,359.7200012,361.1300049,355.5299988,417700.0,323.4938965
2016-09-26 00:00:00,362.3999939,358.0899963,363.0499878,357.4299927,359300.0,325.8496704
2016-09-27 00:00:00,362.2600098,364.6600037,364.6600037,361.2900085,381700.0,325.7238464
2016-09-28 00:00:00,362.3800049,363.8500061,363.9700012,360.4700012,478200.0,325.8317871
2016-09-29 00:00:00,359.9500122,360.2799988,362.9200134,357.8800049,405900.0,323.6468201
2016-09-30 00:00:00,360.25,360.2999878,363.480011,357.3200073,611300.0,323.9165344
2016-10-03 00:00:00,356.1900024,360.6300049,360.6300049,354.9899902,449500.0,320.2659912
2016-10-04 00:00:00,353.1199951,357.3599854,357.3599854,351.0899963,526900.0,317.5056458
2016-10-05 00:00:00,349.0299988,353.1300049,354.6900024,342.2799988,818400.0,313.8280945
2016-10-06 00:00:00,353.1499939,348.1600037,354.3999939,345.9200134,510200.0,317.5325623
2016-10-07 00:00:00,351.0899963,354.1400146,354.9899902,347.9700012,390400.0,315.6803589
2016-10-10 00:00:00,356.4200134,352.1199951,358.6900024,351.3599854,491500.0,320.4729004
2016-10-11 00:00:00,352.7999878,350.0599976,357.6900024,350.0599976,475100.0,317.217865
2016-10-12 00:00:00,359.8999939,353.0,360.25,351.7000122,449300.0,323.6018372
2016-10-13 00:00:00,361.8999939,356.9500122,361.9899902,355.7099915,456300.0,325.400116
2016-10-14 00:00:00,361.7200012,363.5100098,366.2799988,360.5599976,286900.0,325.2382812
2016-10-17 00:00:00,361.1499939,361.480011,364.0,359.0700073,286300.0,324.7257996
2016-10-18 00:00:00,365.9400024,362.3800049,368.4400024,362.0799866,332600.0,329.0326538
2016-10-19 00:00:00,368.5100098,367.3999939,369.1099854,362.9700012,540700.0,331.3433533
2016-10-20 00:00:00,367.980011,369.4500122,369.7999878,365.5299988,611500.0,330.8668518
2016-10-21 00:00:00,369.9100037,365.4700012,371.1000061,364.75,345300.0,332.6022339
2016-10-24 00:00:00,372.1099854,371.9899902,374.2600098,369.1600037,322900.0,334.5804138
2016-10-25 00:00:00,373.2200012,370.4100037,374.0899963,367.7600098,405500.0,335.5785217
2016-10-26 00:00:00,367.9100037,372.7900085,373.9500122,367.3599854,382300.0,330.8039551
2016-10-27 00:00:00,351.5599976,368.1000061,369.9899902,350.1700134,995300.0,316.1029358
2016-10-28 00:00:00,354.9700012,352.25,355.6600037,350.3500061,469900.0,319.1690369
2016-10-31 00:00:00,357.2799988,354.5899963,359.2200012,350.2399902,424900.0,321.2460327
2016-11-01 00:00:00,347.7099915,357.7799988,357.7799988,347.4500122,891100.0,312.6412048
2016-11-02 00:00:00,346.1700134,348.0499878,349.7200012,343.2200012,924600.0,311.2565613
2016-11-03 00:00:00,338.7099915,347.6600037,347.6600037,338.1000061,1061300.0,304.5489502
2016-11-04 00:00:00,340.519989,339.0499878,341.1000061,333.8599854,1570000.0,306.1764526
2016-11-07 00:00:00,350.1400146,343.8099976,350.730011,341.7200012,761200.0,314.8262634
2016-11-08 00:00:00,356.25,351.4400024,358.2000122,349.7600098,713800.0,320.3199158
2016-11-09 00:00:00,347.9299927,347.1900024,350.4400024,343.1099854,806300.0,312.8391418
2016-11-10 00:00:00,330.7999878,347.3200073,347.3200073,321.8500061,1623400.0,297.4367065
2016-11-11 00:00:00,325.0499878,330.8900146,334.480011,324.5100098,855000.0,292.2666016
2016-11-14 00:00:00,330.2000122,323.5599976,331.0,314.5499878,897000.0,298.5042725
2016-11-15 00:00:00,336.3399963,331.1199951,343.8099976,330.2000122,1022200.0,304.0549927
2016-11-16 00:00:00,335.980011,334.4899902,336.1900024,330.7799988,479700.0,303.7295227
2016-11-17 00:00:00,331.1400146,335.0700073,337.6000061,330.3399963,445300.0,299.3540955
2016-11-18 00:00:00,333.2399902,331.7200012,335.5499878,331.1400146,535300.0,301.2525635
2016-11-21 00:00:00,335.9400024,334.3500061,337.6000061,333.4299927,380800.0,303.6933899
2016-11-22 00:00:00,343.9599915,336.9200134,345.2200012,335.5400085,525900.0,310.943573
2016-11-23 00:00:00,338.2099915,343.730011,344.1400146,336.730011,494300.0,305.7454834
2016-11-25 00:00:00,339.7600098,337.7399902,341.3900146,336.6700134,235600.0,307.146698
2016-11-28 00:00:00,341.230011,338.5,343.6799927,338.5,422200.0,308.4755554
2016-11-29 00:00:00,343.3900146,339.5700073,347.8299866,338.0599976,432000.0,310.4283142
2016-11-30 00:00:00,338.7600098,342.5,343.1499939,336.3399963,923000.0,306.2426758
2016-12-01 00:00:00,329.4200134,338.4500122,338.4500122,327.8599854,686200.0,297.7991943
2016-12-02 00:00:00,330.6799927,327.7600098,335.0799866,327.7600098,601200.0,298.938324
2016-12-05 00:00:00,332.0799866,332.2600098,333.7200012,331.0,402800.0,300.2038269
2016-12-06 00:00:00,329.4899902,333.6099854,342.8099976,329.1799927,948800.0,297.8625183
2016-12-07 00:00:00,339.0,330.2099915,339.5400085,327.3699951,829100.0,306.4596558
2016-12-08 00:00:00,346.4599915,338.4700012,348.3299866,337.9100037,647700.0,313.2035217
2016-12-09 00:00:00,346.0299988,345.0499878,351.1400146,343.5899963,579100.0,312.8148193
2016-12-12 00:00:00,357.2200012,344.9299927,359.4400024,343.5499878,895100.0,322.9306946
2016-12-13 00:00:00,361.3900146,357.1199951,369.6700134,357.1199951,794300.0,326.7004395
2016-12-14 00:00:00,354.5899963,361.25,364.2999878,354.0700073,872700.0,320.5531921
2016-12-15 00:00:00,349.8099976,355.2600098,356.9299927,348.7999878,963900.0,316.2319641
2016-12-16 00:00:00,350.0,351.25,354.9700012,349.0599976,988600.0,316.4037476
2016-12-19 00:00:00,354.4899902,351.4200134,355.8800049,349.5,502000.0,320.462738
2016-12-20 00:00:00,354.7399902,355.1700134,357.4500122,352.6400146,513100.0,320.6887207
2016-12-21 00:00:00,350.019989,355.4899902,356.7399902,349.7600098,596200.0,316.421875
2016-12-22 00:00:00,351.0400085,350.9599915,351.7600098,347.9899902,628000.0,317.3439331
2016-12-23 00:00:00,356.6099854,352.1000061,358.1400146,350.3699951,338100.0,322.3792114
2016-12-27 00:00:00,356.7200012,356.7799988,359.6499939,355.1099854,294600.0,322.4787292
2016-12-28 00:00:00,353.8599854,357.2200012,359.5499878,353.4299927,294400.0,319.893219
2016-12-29 00:00:00,357.0899963,353.4200134,358.9299927,351.8900146,372000.0,322.8131714
2016-12-30 00:00:00,357.4100037,358.1499939,358.3399963,353.480011,500500.0,323.1024475
2017-01-03 00:00:00,358.7200012,357.2900085,360.480011,355.1799927,411500.0,324.2866821
2017-01-04 00:00:00,365.9100037,358.5299988,367.2999878,357.1000061,644300.0,330.7865601
2017-01-05 00:00:00,369.75,366.2099915,370.0,363.1799927,492900.0,334.2579346
2017-01-06 00:00:00,370.4899902,369.9400024,373.0899963,367.8900146,458400.0,334.9269409
2017-01-09 00:00:00,373.1900024,370.4899902,375.1499939,368.1700134,568300.0,337.3677368
2017-01-10 00:00:00,370.0299988,373.5100098,373.5100098,368.0100098,450000.0,334.5110779
2017-01-11 00:00:00,371.5799866,369.1799927,374.7999878,368.6900024,547300.0,335.9122925
2017-01-12 00:00:00,374.1499939,371.4200134,374.75,368.7999878,453400.0,338.2355957
2017-01-13 00:00:00,374.9500122,373.6400146,377.2000122,372.2000122,260000.0,338.9588013
2017-01-17 00:00:00,376.1300049,374.769989,378.9100037,373.2999878,363200.0,340.0254822
2017-01-18 00:00:00,376.730011,377.1199951,378.8999939,375.0499878,353100.0,340.5679626
2017-01-19 00:00:00,381.1499939,376.730011,381.9599915,375.3299866,628200.0,344.5636902
2017-01-20 00:00:00,383.269989,381.9899902,383.4599915,380.5599976,397500.0,346.4801941
2017-01-23 00:00:00,385.3500061,382.6400146,387.3999939,381.4100037,533200.0,348.3605957
2017-01-24 00:00:00,389.6600037,386.5,389.9700012,384.0599976,401700.0,352.2568665
2017-01-25 00:00:00,384.4299927,389.3099976,390.519989,383.1400146,597400.0,347.5288391
2017-01-26 00:00:00,384.2099915,383.2900085,387.3299866,382.5499878,507500.0,347.3299561
2017-01-27 00:00:00,382.9599915,385.2600098,385.519989,382.0,353000.0,346.1998901
2017-01-30 00:00:00,386.3699951,381.8900146,386.4400024,380.8800049,313000.0,349.2825928
2017-01-31 00:00:00,384.980011,386.4500122,387.9200134,383.7099915,333600.0,348.026001
2017-02-01 00:00:00,381.2999878,385.0,386.7999878,380.8800049,471800.0,344.6992493
2017-02-02 00:00:00,383.0799866,381.9200134,385.3699951,380.3200073,339000.0,346.3084106
2017-02-03 00:00:00,384.8200073,385.3900146,386.3999939,384.0899963,286200.0,347.8813782
2017-02-06 00:00:00,381.6700134,385.2600098,385.7000122,381.2600098,380500.0,345.0336914
2017-02-07 00:00:00,380.6400146,381.8699951,383.5499878,380.3200073,383500.0,344.1026611
2017-02-08 00:00:00,383.9700012,381.6300049,384.4200134,380.4100037,466600.0,347.1130066
2017-02-09 00:00:00,385.7999878,384.4299927,387.1300049,382.519989,471100.0,348.767395
2017-02-10 00:00:00,386.4500122,386.8500061,387.480011,384.3399963,334100.0,349.3549194
2017-02-13 00:00:00,386.6900024,388.2999878,388.2999878,384.8099976,339200.0,349.5718994
2017-02-14 00:00:00,382.6400146,386.8999939,386.8999939,380.1400146,329100.0,345.9106445
2017-02-15 00:00:00,380.7600098,379.7900085,383.6099854,378.75,457200.0,344.2111511
2017-02-16 00:00:00,373.1799927,375.0,384.1099854,369.6600037,1233800.0,337.3587036
2017-02-17 00:00:00,374.2799988,373.8500061,378.6099854,371.6000061,606200.0,338.3531189
2017-02-21 00:00:00,371.3399963,373.0400085,377.0,368.6000061,695800.0,335.6953125
2017-02-22 00:00:00,373.3200073,371.1700134,373.7799988,369.7900085,509400.0,337.4852905
2017-02-23 00:00:00,370.8500061,373.3299866,375.0,368.5700073,569800.0,337.0580444
2017-02-24 00:00:00,379.6400146,371.1900024,379.7999878,369.9899902,593700.0,345.0472107
2017-02-27 00:00:00,377.2399902,379.8699951,381.2600098,376.8399963,356600.0,342.8657532
2017-02-28 00:00:00,376.0700073,377.0599976,380.4899902,375.5899963,433800.0,341.8024597
2017-03-01 00:00:00,377.9899902,375.980011,381.2000122,373.4400024,490100.0,343.5474854
2017-03-02 00:00:00,372.730011,378.0,378.2200012,372.6099854,602700.0,338.7667847
2017-03-03 00:00:00,375.6900024,371.1799927,375.8099976,370.8800049,331500.0,341.4571838
2017-03-06 00:00:00,377.5499878,371.5499878,378.5799866,371.5499878,365000.0,343.147583
2017-03-07 00:00:00,375.2399902,377.5799866,378.3599854,374.019989,264100.0,341.0480957
2017-03-08 00:00:00,363.4299927,375.4299927,375.4299927,361.8999939,781500.0,330.31427
2017-03-09 00:00:00,376.0100098,364.0,376.4899902,364.0,3219700.0,341.7478638
2017-03-10 00:00:00,379.1600037,377.7999878,380.5100098,373.6499939,1249700.0,344.6109009
2017-03-13 00:00:00,380.3200073,381.2200012,385.7799988,379.2099915,1226200.0,345.6652832
2017-03-14 00:00:00,381.3800049,380.4899902,385.1499939,379.1900024,817700.0,346.6286011
2017-03-15 00:00:00,383.7799988,381.6700134,385.480011,379.1400146,663000.0,348.809967
2017-03-16 00:00:00,378.1700134,383.8699951,384.019989,376.5400085,743100.0,343.7111511
2017-03-17 00:00:00,375.6400146,378.5100098,378.8099976,374.7799988,1162600.0,341.4115601
2017-03-20 00:00:00,383.5700073,376.730011,385.3500061,376.1000061,964600.0,348.6190796
2017-03-21 00:00:00,383.4100037,385.8500061,391.3900146,382.5299988,833400.0,348.4736633
2017-03-22 00:00:00,387.4700012,383.6099854,388.4299927,383.1600037,551100.0,352.1637268
2017-03-23 00:00:00,388.0499878,386.9500122,392.9200134,385.7900085,718200.0,352.6908569
2017-03-24 00:00:00,388.0899963,390.6600037,392.4299927,384.0799866,1714600.0,352.7271729
2017-03-27 00:00:00,384.0,385.0,386.4400024,381.6600037,643800.0,349.0099182
2017-03-28 00:00:00,384.8599854,384.2200012,386.769989,383.2600098,403400.0,349.7915039
2017-03-29 00:00:00,394.0,386.0499878,394.4700012,384.7399902,588900.0,358.0987549
2017-03-30 00:00:00,397.1400146,393.0799866,398.0,391.7999878,482800.0,360.9525452
2017-03-31 00:00:00,400.3699951,396.0100098,403.6199951,395.480011,969400.0,363.8881836
2017-04-03 00:00:00,402.4700012,400.9400024,403.3299866,397.230011,537800.0,365.7969055
2017-04-04 00:00:00,399.980011,402.6300049,402.6300049,398.3099976,423700.0,363.533783
2017-04-05 00:00:00,400.0400085,399.1099854,404.5400085,398.1700134,414100.0,363.5883484
2017-04-06 00:00:00,402.1799927,399.4200134,402.9899902,398.519989,337900.0,365.5333557
2017-04-07 00:00:00,401.7399902,402.8800049,404.0799866,401.25,424700.0,365.1333008
2017-04-10 00:00:00,400.9299927,401.4899902,402.5,399.0700073,418000.0,364.3972168
2017-04-11 00:00:00,399.8399963,400.2399902,401.6300049,397.1199951,450100.0,363.4065552
2017-04-12 00:00:00,399.7600098,398.8399963,400.5299988,396.9400024,487900.0,363.3338318
2017-04-13 00:00:00,399.1099854,400.2999878,402.0,398.5499878,366700.0,362.743103
2017-04-17 00:00:00,403.0100098,398.9599915,403.019989,398.9599915,388300.0,366.2876892
2017-04-18 00:00:00,402.9500122,402.230011,404.2399902,401.2600098,285600.0,366.2331543
2017-04-19 00:00:00,403.9599915,403.25,404.6199951,401.1400146,325500.0,367.1511536
2017-04-20 00:00:00,405.1300049,404.6600037,407.5499878,401.7600098,459000.0,368.2145386
2017-04-21 00:00:00,401.8399963,405.4100037,405.5799866,401.2900085,462700.0,365.2242432
2017-04-24 00:00:00,404.0299988,405.1199951,406.4700012,398.6099854,539600.0,367.2147522
2017-04-25 00:00:00,406.5499878,404.2999878,406.8599854,403.2000122,457000.0,369.5051575
2017-04-26 00:00:00,407.3299866,407.2799988,409.8699951,404.5499878,556100.0,370.2140503
2017-04-27 00:00:00,410.9400024,414.3900146,414.7999878,403.0,619800.0,373.4951477
2017-04-28 00:00:00,417.7000122,410.6499939,418.1199951,409.1799927,568400.0,379.6391296
2017-05-01 00:00:00,420.1799927,417.6900024,420.7000122,416.2999878,569300.0,381.8931274
2017-05-02 00:00:00,422.8599854,420.480011,423.5599976,418.1600037,479100.0,384.3289185
2017-05-03 00:00:00,423.1799927,424.0899963,424.9700012,420.1799927,506200.0,384.619812
2017-05-04 00:00:00,424.2799988,422.9299927,425.3399963,418.6300049,574900.0,385.6195068
2017-05-05 00:00:00,426.25,424.5400085,426.4500122,421.75,462200.0,387.4100647
2017-05-08 00:00:00,426.6400146,426.6600037,427.6900024,422.1300049,598100.0,387.7646179
2017-05-09 00:00:00,425.9100037,427.6400146,427.8200073,424.4200134,341100.0,387.1009827
2017-05-10 00:00:00,425.0499878,426.0799866,427.2900085,423.730011,366900.0,386.3193665
2017-05-11 00:00:00,428.769989,424.3500061,429.3200073,422.9100037,357300.0,389.7004089
2017-05-12 00:00:00,431.0700073,427.769989,431.2900085,426.6199951,532700.0,391.7908936
2017-05-15 00:00:00,429.8099976,430.8800049,433.769989,429.0599976,505700.0,390.6456299
2017-05-16 00:00:00,427.6400146,429.7999878,431.3900146,424.6499939,368500.0,388.6734009
2017-05-17 00:00:00,426.9700012,426.6000061,430.1400146,426.1600037,414000.0,388.0644836
2017-05-18 00:00:00,425.7600098,425.5,426.5599976,420.9599915,530000.0,386.9646912
2017-05-19 00:00:00,426.7399902,426.6900024,429.7900085,423.980011,366400.0,387.8554382
2017-05-22 00:00:00,434.6799927,425.3099976,435.3500061,425.3099976,407400.0,396.9321594
2017-05-23 00:00:00,435.7900085,435.7999878,439.1000061,434.3500061,341000.0,397.9458313
2017-05-24 00:00:00,440.4299927,434.9400024,441.7200012,434.9400024,423500.0,402.1828613
2017-05-25 00:00:00,444.9700012,442.6400146,446.0,439.9400024,423200.0,406.3286133
2017-05-26 00:00:00,441.2200012,444.980011,446.5799866,439.9700012,296600.0,402.9042664
2017-05-30 00:00:00,439.9100037,440.4700012,442.7600098,439.7900085,345400.0,401.7081604
2017-05-31 00:00:00,441.0100098,440.6799927,442.6499939,436.9100037,741500.0,402.7125854
2017-06-01 00:00:00,436.9299927,441.7000122,443.019989,436.0299988,493800.0,398.986908
2017-06-02 00:00:00,444.3200073,437.9299927,444.7099915,435.0,530900.0,405.7350769
2017-06-05 00:00:00,444.2099915,442.5599976,445.2099915,440.1499939,353600.0,405.6346741
2017-06-06 00:00:00,442.3099976,444.4400024,447.2600098,441.0799866,373100.0,403.8995972
2017-06-07 00:00:00,440.6900024,442.019989,444.3200073,437.1600037,406400.0,402.4202881
2017-06-08 00:00:00,440.3900146,441.75,441.8699951,434.0599976,394000.0,402.1464233
2017-06-09 00:00:00,439.2099915,439.3900146,442.7000122,435.7799988,555000.0,401.0687866
2017-06-12 00:00:00,425.0100098,436.7799988,440.1700134,422.269989,869800.0,388.1019592
2017-06-13 00:00:00,430.5400085,425.5700073,435.0,425.4400024,393400.0,393.1517639
2017-06-14 00:00:00,432.1000061,436.4299927,437.3399963,430.7799988,408700.0,394.5762329
2017-06-15 00:00:00,433.9599915,429.0799866,435.2799988,427.1000061,315600.0,396.2746887
2017-06-16 00:00:00,427.2799988,436.3599854,437.3399963,424.019989,1718100.0,390.1748047
2017-06-19 00:00:00,432.2200012,427.8599854,432.6400146,426.6499939,457500.0,394.6858826
2017-06-20 00:00:00,433.9400024,433.7799988,435.5499878,430.1000061,456100.0,396.2565002
2017-06-21 00:00:00,436.4899902,431.8999939,437.0,426.7799988,702500.0,398.585022
2017-06-22 00:00:00,440.2900085,436.2000122,442.5,433.0100098,606100.0,402.0549927
2017-06-23 00:00:00,434.0700073,439.7900085,442.6199951,433.7900085,1409500.0,396.3751526
2017-06-26 00:00:00,438.4899902,434.3699951,440.1400146,433.7000122,473600.0,400.4113464
2017-06-27 00:00:00,433.6499939,437.9400024,439.8299866,433.1499939,404700.0,395.9916687
2017-06-28 00:00:00,430.7600098,436.6499939,437.9599915,429.3399963,357500.0,393.3526611
2017-06-29 00:00:00,421.2799988,428.1199951,431.0,416.7200012,587600.0,384.6958923
2017-06-30 00:00:00,429.1600037,424.0799866,431.230011,423.5599976,528000.0,391.89151
2017-07-03 00:00:00,422.7600098,431.5400085,435.1099854,421.3200073,253300.0,386.0473022
2017-07-05 00:00:00,424.0799866,424.0299988,425.5599976,420.5899963,368200.0,387.2528076
2017-07-06 00:00:00,418.4299927,421.5,423.6900024,416.6400146,436400.0,382.0933838
2017-07-07 00:00:00,423.2999878,418.980011,425.3500061,418.7799988,365400.0,386.5403748
2017-07-10 00:00:00,427.0899963,423.769989,427.9899902,423.1499939,427400.0,390.0013123
2017-07-11 00:00:00,431.0400085,427.980011,431.8200073,426.2999878,547100.0,393.6083679
2017-07-12 00:00:00,437.1099854,433.25,439.9400024,430.9700012,438000.0,399.1511536
2017-07-13 00:00:00,436.2399902,436.4299927,438.5299988,434.230011,301600.0,398.3567505
2017-07-14 00:00:00,437.7000122,437.9200134,443.4500122,436.6799927,311200.0,399.6900024
2017-07-17 00:00:00,435.480011,437.7000122,438.8699951,433.6400146,458200.0,397.6627808
2017-07-18 00:00:00,438.2799988,435.0,438.5700073,431.8599854,384500.0,400.2196045
2017-07-19 00:00:00,440.5,438.6199951,444.5499878,434.0899963,383500.0,402.2468872
2017-07-20 00:00:00,441.2099915,440.2000122,443.6000061,438.0599976,470600.0,402.8951416
2017-07-21 00:00:00,441.4400024,439.5299988,445.2000122,439.5299988,514800.0,403.1051636
2017-07-24 00:00:00,441.6000061,441.0400085,442.7200012,438.2600098,280700.0,403.2513123
2017-07-25 00:00:00,436.9599915,442.5299988,445.3500061,434.5599976,261600.0,399.0142822
2017-07-26 00:00:00,440.0400085,438.3200073,442.480011,436.9599915,327300.0,401.8267822
2017-07-27 00:00:00,442.8699951,441.9700012,443.9599915,436.1900024,374000.0,404.4110413
2017-07-28 00:00:00,447.8999939,441.7900085,448.3299866,441.7900085,393800.0,409.0041809
2017-07-31 00:00:00,450.730011,449.1400146,451.2900085,446.4400024,369700.0,411.5883789
2017-08-01 00:00:00,453.0799866,452.25,455.3699951,450.8599854,458200.0,413.734375
2017-08-02 00:00:00,455.4700012,454.0799866,457.4599915,445.730011,633200.0,415.9167786
2017-08-03 00:00:00,449.3599854,459.0,459.0,442.6199951,816300.0,410.3373718
2017-08-04 00:00:00,445.5799866,449.4500122,453.5400085,441.8200073,441300.0,406.8856506
2017-08-07 00:00:00,444.230011,445.9599915,450.5400085,443.9500122,478700.0,405.6528931
2017-08-08 00:00:00,441.5299988,442.8099976,444.8900146,439.1000061,296700.0,403.1874084
2017-08-09 00:00:00,447.8099976,441.6099854,448.4599915,440.1700134,359500.0,408.9219971
2017-08-10 00:00:00,439.480011,446.6600037,446.9200134,438.5400085,279700.0,401.3153992
2017-08-11 00:00:00,438.3900146,440.7099915,441.8999939,437.3200073,327500.0,400.3200989
2017-08-14 00:00:00,449.4899902,441.3900146,450.2999878,441.3900146,442400.0,410.4560852
2017-08-15 00:00:00,448.3299866,445.7200012,449.480011,445.7200012,280600.0,409.3968201
2017-08-16 00:00:00,454.7900085,449.6600037,455.7399902,447.6600037,307900.0,415.2958984
2017-08-17 00:00:00,451.5499878,454.7799988,458.8500061,451.230011,379100.0,412.3371887
2017-08-18 00:00:00,450.0,450.9599915,454.2900085,448.2999878,520700.0,410.921814
2017-08-21 00:00:00,450.2900085,447.2000122,451.5,447.1900024,302400.0,413.0223083
2017-08-22 00:00:00,456.2900085,450.5499878,457.0400085,448.9299927,340000.0,418.5257874
2017-08-23 00:00:00,461.7999878,455.7099915,462.230011,455.6099854,561700.0,423.5797119
2017-08-24 00:00:00,463.5299988,461.9299927,465.8900146,460.6400146,478800.0,425.1664734
2017-08-25 00:00:00,466.1900024,465.2399902,468.1600037,463.7099915,438600.0,427.6063232
2017-08-28 00:00:00,462.9100037,467.6799927,468.8599854,460.9599915,304900.0,424.5977478
2017-08-29 00:00:00,466.2399902,462.1099854,467.4100037,460.4500122,329800.0,427.6521912
2017-08-30 00:00:00,465.6700134,465.769989,466.7900085,463.4299927,325400.0,427.129364
2017-08-31 00:00:00,468.4100037,467.0100098,470.4400024,465.5799866,466600.0,429.6426086
2017-09-01 00:00:00,465.9599915,468.2399902,469.8800049,464.1900024,348500.0,427.3953857
2017-09-05 00:00:00,463.4899902,464.8299866,465.4899902,456.2000122,733400.0,425.1298218
2017-09-06 00:00:00,463.519989,462.8500061,464.5100098,460.7399902,519700.0,425.1573181
2017-09-07 00:00:00,464.8200073,464.0,468.8599854,462.2600098,378500.0,426.3497009
2017-09-08 00:00:00,462.0,463.1900024,464.6099854,460.3299866,655300.0,423.7630615
2017-09-11 00:00:00,474.4200134,464.519989,474.7099915,462.4500122,591300.0,435.1552124
2017-09-12 00:00:00,468.3800049,474.1900024,475.2799988,464.2900085,452400.0,429.6150513
2017-09-13 00:00:00,458.8699951,468.3599854,468.4200134,457.6499939,805200.0,420.8921814
2017-09-14 00:00:00,454.9100037,457.3200073,457.6600037,451.3099976,697700.0,417.2598877
2017-09-15 00:00:00,455.3099976,456.5799866,457.730011,447.519989,1024900.0,417.6268005
2017-09-18 00:00:00,450.1499939,456.2200012,457.2000122,449.0899963,788600.0,412.8938599
2017-09-19 00:00:00,453.0400085,450.4500122,456.9899902,448.9500122,788000.0,415.5446472
2017-09-20 00:00:00,449.2399902,453.7399902,456.4700012,447.019989,1020600.0,412.0591736
2017-09-21 00:00:00,446.5700073,449.5499878,451.0,446.5,421200.0,409.6101685
2017-09-22 00:00:00,441.6600037,447.1000061,449.3399963,440.8399963,407100.0,405.1065979
2017-09-25 00:00:00,437.2099915,441.8399963,441.9899902,435.8999939,462500.0,401.0248108
2017-09-26 00:00:00,434.4200134,439.0,439.0700073,434.1900024,418100.0,398.4657898
2017-09-27 00:00:00,441.9299927,434.6799927,443.4500122,430.7099915,656100.0,405.3541565
2017-09-28 00:00:00,441.7200012,441.3800049,443.8200073,439.2799988,285300.0,405.1615906
2017-09-29 00:00:00,446.2999878,441.5100098,447.1000061,439.6700134,402600.0,409.3625488
2017-10-02 00:00:00,444.480011,447.3299866,451.5599976,444.2999878,420400.0,407.6931458
2017-10-03 00:00:00,442.3599854,443.9299927,443.9299927,440.2999878,261700.0,405.7485962
2017-10-04 00:00:00,442.9700012,442.3500061,444.0799866,439.5400085,226200.0,406.308075
2017-10-05 00:00:00,445.4200134,445.1600037,448.1499939,443.1900024,320400.0,408.5553894
2017-10-06 00:00:00,448.8299866,443.8099976,449.9500122,440.3099976,381800.0,411.683075
2017-10-09 00:00:00,451.3200073,448.9599915,452.4599915,447.980011,207800.0,413.9670715
2017-10-10 00:00:00,451.8900146,453.1900024,457.2900085,451.5100098,259000.0,414.4898376
2017-10-11 00:00:00,458.9700012,453.6499939,461.2799988,453.5700073,392900.0,420.9838867
2017-10-12 00:00:00,464.7000122,458.3800049,468.2200012,458.3800049,439200.0,426.2397156
2017-10-13 00:00:00,462.8200073,467.2900085,467.2900085,460.8299866,252500.0,424.5152588
2017-10-16 00:00:00,461.3500061,463.6099854,465.9200134,460.1400146,220700.0,423.1669006
2017-10-17 00:00:00,461.5799866,460.4100037,462.7999878,458.5899963,279000.0,423.3778687
2017-10-18 00:00:00,471.230011,464.0499878,471.6199951,458.0,407600.0,432.229187
2017-10-19 00:00:00,470.5499878,470.7000122,472.4100037,469.4599915,370500.0,431.6054993
2017-10-20 00:00:00,468.7600098,472.7099915,472.7099915,466.4700012,321800.0,429.9637146
2017-10-23 00:00:00,458.8099976,469.4299927,469.4299927,458.2000122,484700.0,420.8371582
2017-10-24 00:00:00,462.9700012,461.3699951,464.480011,460.5899963,299100.0,424.6528015
2017-10-25 00:00:00,457.9299927,462.75,466.4899902,457.3299866,484800.0,420.0299072
2017-10-26 00:00:00,454.2000122,460.3200073,462.7099915,453.269989,468800.0,416.6086121
2017-10-27 00:00:00,456.5100098,454.5700073,457.1900024,453.0499878,333500.0,418.727478
2017-10-30 00:00:00,459.730011,456.3200073,461.7900085,455.1799927,246400.0,421.6810303
2017-10-31 00:00:00,463.5,458.3599854,464.480011,457.3099976,352600.0,425.1389465
2017-11-01 00:00:00,467.0599976,464.9700012,467.7399902,463.519989,427600.0,428.4043579
2017-11-02 00:00:00,488.6799927,481.0,491.7999878,476.3999939,867800.0,448.2350159
2017-11-03 00:00:00,486.6499939,485.8699951,489.9200134,482.6600037,464900.0,446.3729858
2017-11-06 00:00:00,491.6199951,484.9899902,493.0899963,484.9899902,398100.0,450.9316406
2017-11-07 00:00:00,488.0599976,492.8599854,493.7999878,483.019989,489900.0,447.6662903
2017-11-08 00:00:00,492.980011,486.9400024,495.3500061,486.9400024,435600.0,452.1790161
2017-11-09 00:00:00,484.8599854,491.730011,493.9100037,483.6900024,244000.0,444.7311707
2017-11-10 00:00:00,482.2099915,484.2399902,485.0700073,480.9200134,279000.0,442.3004761
2017-11-13 00:00:00,484.1199951,481.9100037,485.9200134,478.5400085,428400.0,444.0524292
2017-11-14 00:00:00,481.0499878,480.0700073,484.3099976,478.3200073,278000.0,443.0668945
2017-11-15 00:00:00,474.4200134,479.3699951,483.4400024,473.519989,312900.0,436.9603577
2017-11-16 00:00:00,475.0899963,474.8999939,477.3999939,473.3399963,528400.0,437.5774841
2017-11-17 00:00:00,472.7999878,473.7399902,475.6300049,470.0100098,297700.0,435.4682617
2017-11-20 00:00:00,471.8900146,474.269989,474.5299988,470.4899902,174800.0,434.6300964
2017-11-21 00:00:00,474.2600098,472.6900024,475.1300049,471.2799988,374700.0,436.8130188
2017-11-22 00:00:00,472.3699951,473.0799866,475.019989,470.7999878,173800.0,435.0722351
2017-11-24 00:00:00,474.0700073,473.0,476.730011,472.269989,99600.0,436.6380005
2017-11-27 00:00:00,478.9200134,474.0400085,481.2399902,472.1099854,316300.0,441.105072
2017-11-28 00:00:00,477.9500122,481.3999939,481.4899902,475.8599854,391700.0,440.2116394
2017-11-29 00:00:00,468.3200073,478.0,478.0,464.9299927,420100.0,431.342041
2017-11-30 00:00:00,464.4899902,468.1900024,468.1900024,461.2999878,590700.0,427.8144226
2017-12-01 00:00:00,469.1600037,464.75,469.4599915,461.2399902,367600.0,432.1156921
2017-12-04 00:00:00,442.2799988,471.0299988,471.3900146,441.7799988,654200.0,407.3581543
2017-12-05 00:00:00,445.5899963,442.2900085,449.3999939,441.0,427700.0,410.4067078
2017-12-06 00:00:00,450.2399902,446.8800049,452.730011,445.5299988,325900.0,414.6895142
2017-12-07 00:00:00,455.769989,450.7399902,458.1099854,448.019989,551200.0,419.7829285
2017-12-08 00:00:00,452.3900146,459.0400085,459.6600037,450.1900024,384600.0,416.6698303
2017-12-11 00:00:00,449.5799866,451.6300049,455.5799866,446.4200134,496700.0,414.0816956
2017-12-12 00:00:00,450.2099915,449.7000122,453.1099854,446.4100037,327500.0,414.6618958
2017-12-13 00:00:00,451.2799988,454.7099915,457.9700012,450.25,638500.0,415.6474609
2017-12-14 00:00:00,460.3500061,452.3399963,461.1700134,450.2099915,391400.0,424.0013428
2017-12-15 00:00:00,457.8500061,462.4299927,462.4299927,455.3099976,846700.0,421.6987
2017-12-18 00:00:00,455.8200073,457.8500061,461.980011,455.4599915,551600.0,419.829071
2017-12-19 00:00:00,448.519989,455.6499939,456.5799866,445.3099976,376900.0,413.1054077
2017-12-20 00:00:00,447.2000122,446.2399902,448.1700134,444.9599915,486100.0,411.8896484
2017-12-21 00:00:00,445.8900146,448.8099976,451.0799866,444.6600037,327200.0,410.683075
2017-12-22 00:00:00,446.6000061,446.6099854,448.2000122,443.75,444500.0,411.3370056
2017-12-26 00:00:00,446.7000122,443.0100098,447.5100098,442.6499939,315600.0,411.4291077
2017-12-27 00:00:00,451.6900024,447.7000122,452.1600037,445.730011,299200.0,416.0251465
2017-12-28 00:00:00,455.1099854,451.1199951,456.6300049,449.3999939,316800.0,419.1750183
2017-12-29 00:00:00,453.2200012,455.5499878,458.8599854,452.769989,266200.0,417.4342957
2018-01-02 00:00:00,446.9200134,453.5299988,456.5599976,445.9700012,614300.0,411.6316833
2018-01-03 00:00:00,448.980011,449.1400146,452.5599976,446.6499939,464600.0,413.5291138
2018-01-04 00:00:00,447.9500122,449.3299866,450.4599915,447.4299927,450500.0,412.5804138
2018-01-05 00:00:00,449.4899902,450.1499939,450.9400024,447.8099976,335800.0,413.9988098
2018-01-08 00:00:00,458.2000122,450.7900085,461.3599854,448.0,532500.0,422.0211182
2018-01-09 00:00:00,455.980011,459.8900146,461.730011,454.0100098,397500.0,419.9763794
2018-01-10 00:00:00,443.0,453.019989,453.7799988,442.2600098,636300.0,408.0212708
2018-01-11 00:00:00,435.3900146,443.0,452.2799988,435.0400085,606400.0,401.0121155
2018-01-12 00:00:00,435.9500122,436.1700134,439.5400085,428.2999878,1090100.0,401.5279846
2018-01-16 00:00:00,448.1000061,436.7999878,452.6099854,436.4899902,858100.0,412.7185974
2018-01-17 00:00:00,441.8999939,448.8699951,452.4899902,439.1600037,627500.0,407.0080566
2018-01-18 00:00:00,437.4500122,440.1000061,444.9299927,436.8200073,807400.0,402.9094849
2018-01-19 00:00:00,437.8900146,438.7799988,442.0700073,433.480011,598900.0,403.3147278
2018-01-22 00:00:00,436.0499878,438.0,439.2799988,433.3099976,702000.0,401.6199951
2018-01-23 00:00:00,442.0,436.1900024,446.2099915,434.5700073,797600.0,407.1002502
2018-01-24 00:00:00,441.2999878,442.7799988,445.730011,438.8500061,612200.0,406.4554443
2018-01-25 00:00:00,439.1700134,441.4599915,444.7799988,433.0,929000.0,404.4936523
2018-01-26 00:00:00,441.5899963,435.0,442.6799927,432.0100098,1228700.0,406.7225647
2018-01-29 00:00:00,435.1600037,446.980011,449.8999939,434.4700012,630800.0,400.8002625
2018-01-30 00:00:00,439.5599976,430.0,441.8399963,430.0,700200.0,404.8528748
2018-01-31 00:00:00,455.1900024,442.4500122,458.6400146,440.1000061,739500.0,419.2487488
2018-02-01 00:00:00,444.5400085,452.6900024,457.8599854,443.7600098,568500.0,409.4396667
2018-02-02 00:00:00,437.3500061,442.0,446.2600098,435.519989,533000.0,402.8174133
2018-02-05 00:00:00,429.8099976,436.980011,441.8399963,427.0,580700.0,395.8727112
2018-02-06 00:00:00,430.8500061,427.3099976,434.0400085,421.2099915,726100.0,396.8305969
2018-02-07 00:00:00,426.0799866,430.0,438.0499878,425.7999878,424000.0,392.4371338
2018-02-08 00:00:00,409.980011,427.5700073,430.0,409.9400024,964900.0,377.6084595
2018-02-09 00:00:00,425.8099976,412.0,430.0100098,409.480011,1045500.0,392.1885986
2018-02-12 00:00:00,431.4500122,428.6099854,438.1700134,416.1600037,876400.0,397.3832092
2018-02-13 00:00:00,436.25,431.6900024,437.8299866,426.0100098,910100.0,401.8041382
2018-02-14 00:00:00,435.8299866,434.2999878,436.8800049,428.9299927,879400.0,401.4173279
2018-02-15 00:00:00,407.3099976,418.269989,420.0,401.0,2817100.0,375.1493225
2018-02-16 00:00:00,403.2999878,405.2900085,408.6799927,396.2900085,1316300.0,371.4559021
2018-02-20 00:00:00,396.4400024,400.75,405.9599915,396.1199951,794600.0,365.1376038
2018-02-21 00:00:00,384.9200134,395.0100098,396.0400085,384.5899963,1193900.0,354.5272217
2018-02-22 00:00:00,390.4500122,388.8500061,393.5400085,384.2200012,858700.0,359.6205139
2018-02-23 00:00:00,394.8399963,390.1400146,402.5,390.1400146,1033900.0,365.7999268
2018-02-26 00:00:00,394.1799927,396.6799927,397.4200134,391.0400085,453200.0,365.1885071
2018-02-27 00:00:00,391.2099915,394.8699951,396.6499939,389.4599915,513700.0,362.4369507
2018-02-28 00:00:00,392.1000061,396.5799866,398.4500122,391.2799988,603800.0,363.2615356
2018-03-01 00:00:00,386.2900085,393.0100098,394.6799927,385.480011,548700.0,357.8787537
2018-03-02 00:00:00,381.8200073,385.6600037,387.019989,374.9100037,807900.0,353.7376099
2018-03-05 00:00:00,388.5100098,370.7900085,391.0,370.7900085,426100.0,359.9354858
2018-03-06 00:00:00,391.6199951,387.8999939,395.019989,386.9599915,432500.0,362.8167725
2018-03-07 00:00:00,391.3800049,390.1499939,394.1600037,389.7799988,649400.0,362.5943909
2018-03-08 00:00:00,389.4200134,393.0599976,393.0599976,387.3699951,549100.0,360.778595
2018-03-09 00:00:00,395.1600037,391.2999878,395.3800049,388.8599854,456800.0,366.0964355
2018-03-12 00:00:00,395.3500061,397.4899902,399.8900146,394.8800049,1087200.0,366.2724609
2018-03-13 00:00:00,405.4200134,397.3900146,405.9599915,397.3399963,801700.0,375.6018677
2018-03-14 00:00:00,413.7099915,404.8999939,416.4400024,404.1499939,908700.0,383.282135
2018-03-15 00:00:00,415.230011,412.5799866,415.6799927,410.7200012,707100.0,384.6903381
2018-03-16 00:00:00,419.8900146,417.3299866,421.0,413.75,1072900.0,389.0075684
2018-03-19 00:00:00,411.7099915,415.3399963,418.1700134,409.1199951,945300.0,381.4291687
2018-03-20 00:00:00,415.2600098,411.3200073,415.9599915,411.3200073,424200.0,384.7180786
2018-03-21 00:00:00,411.8399963,415.7399902,415.980011,407.6900024,618800.0,381.5496216
2018-03-22 00:00:00,417.5799866,410.8599854,420.8500061,407.8200073,1023700.0,386.8674316
2018-03-23 00:00:00,401.6799927,417.7399902,419.1099854,401.0,852300.0,372.1369324
2018-03-26 00:00:00,409.6099854,405.8399963,410.269989,404.3699951,450400.0,379.4836731
2018-03-27 00:00:00,409.8800049,410.7600098,417.25,404.0,517100.0,379.7337341
2018-03-28 00:00:00,417.019989,411.3999939,418.4400024,410.9500122,590500.0,386.3486328
2018-03-29 00:00:00,418.1400146,420.0899963,421.5899963,414.7999878,628800.0,387.386261
2018-04-02 00:00:00,408.5499878,419.1199951,419.8099976,403.7000122,627400.0,378.5015564
2018-04-03 00:00:00,408.6000061,409.1099854,412.4299927,404.980011,467500.0,378.5479126
2018-04-04 00:00:00,411.9899902,406.1900024,413.1799927,404.1799927,497900.0,381.6885986
2018-04-05 00:00:00,413.5899963,412.6099854,414.6099854,409.0100098,386000.0,383.1708984
2018-04-06 00:00:00,407.0400085,411.8500061,416.230011,404.4400024,518900.0,377.1026917
2018-04-09 00:00:00,409.5700073,410.0899963,417.8800049,408.0499878,535700.0,379.4465637
2018-04-10 00:00:00,405.5899963,412.3399963,415.1799927,402.6700134,576500.0,375.7593079
2018-04-11 00:00:00,408.980011,403.2399902,411.8699951,401.6600037,465600.0,378.8999634
2018-04-12 00:00:00,401.2000122,410.2600098,410.6000061,400.7399902,358700.0,371.6921082
2018-04-13 00:00:00,401.4500122,402.0400085,404.8999939,399.9200134,345800.0,371.9237976
2018-04-16 00:00:00,405.519989,402.8200073,406.6300049,401.0100098,396700.0,375.694519
2018-04-17 00:00:00,409.7600098,406.0499878,413.3200073,403.0799866,578800.0,379.6226501
2018-04-18 00:00:00,414.1799927,411.5299988,415.0,409.1700134,483400.0,383.7174683
2018-04-19 00:00:00,409.3699951,412.519989,412.519989,406.0,382300.0,379.2612915
2018-04-20 00:00:00,406.0599976,411.2000122,414.2799988,405.1099854,411100.0,376.1947632
2018-04-23 00:00:00,407.5799866,406.6099854,408.8399963,405.1300049,568500.0,377.6029053
2018-04-24 00:00:00,409.5299988,409.0,410.7200012,407.3299866,615900.0,379.4095154
2018-04-25 00:00:00,410.2099915,408.5899963,411.3800049,406.1700134,460400.0,380.0395508
2018-04-26 00:00:00,416.0799866,412.9700012,418.5299988,409.9500122,364700.0,385.4778137
2018-04-27 00:00:00,421.1499939,416.2600098,422.1900024,415.0,485800.0,390.1748962
2018-04-30 00:00:00,420.7900085,422.4700012,423.3999939,419.0499878,538500.0,389.8413086
2018-05-01 00:00:00,423.0299988,420.7900085,424.8699951,417.8900146,450200.0,391.9165955
2018-05-02 00:00:00,424.0899963,422.1600037,433.2600098,420.2600098,1047400.0,392.8986816
2018-05-03 00:00:00,398.1300049,417.0,423.0,393.1199951,1441000.0,368.8479919
2018-05-04 00:00:00,403.8800049,396.2000122,405.769989,396.2000122,548700.0,374.1750488
2018-05-07 00:00:00,394.1600037,404.0899963,405.4500122,392.2099915,705400.0,365.1700134
2018-05-08 00:00:00,388.3399963,392.480011,393.9200134,384.4500122,978500.0,359.7780457
2018-05-09 00:00:00,388.1700134,389.2600098,390.2900085,386.1400146,484000.0,359.6205139
2018-05-10 00:00:00,398.6600037,390.2200012,398.9500122,389.519989,390300.0,369.3390503
2018-05-11 00:00:00,401.8900146,400.0,406.019989,398.1799927,431900.0,372.3314819
2018-05-14 00:00:00,397.9500122,400.4500122,402.6099854,396.8399963,274700.0,368.6812439
2018-05-15 00:00:00,388.3200073,394.4700012,395.7999878,386.6099854,553200.0,359.759552
2018-05-16 00:00:00,385.7600098,388.9599915,394.0100098,384.5599976,425100.0,357.3877258
2018-05-17 00:00:00,381.9299927,386.019989,387.6799927,380.1600037,426600.0,353.8394775
2018-05-18 00:00:00,385.8599854,382.0,389.6700134,381.9500122,634200.0,357.4804077
2018-05-21 00:00:00,388.75,387.2399902,388.9299927,384.9100037,482800.0,360.1578064
2018-05-22 00:00:00,383.1900024,387.8500061,388.2900085,382.2600098,413300.0,357.1011963
2018-05-23 00:00:00,384.4200134,381.9599915,385.0,379.6600037,553000.0,358.2474365
2018-05-24 00:00:00,387.0,391.5700073,392.0,385.1799927,610400.0,360.6518555
2018-05-25 00:00:00,388.0499878,386.4500122,391.3699951,384.730011,365300.0,361.6303406
2018-05-29 00:00:00,396.1000061,388.6499939,396.6400146,385.5700073,589500.0,369.1322327
2018-05-30 00:00:00,401.2900085,393.8500061,403.3200073,393.8500061,603600.0,373.9688721
2018-05-31 00:00:00,396.8500061,396.25,403.1499939,394.0100098,901500.0,369.8311157
2018-06-01 00:00:00,399.2099915,397.1900024,400.4700012,395.2399902,670300.0,372.0304565
2018-06-04 00:00:00,400.9400024,398.5299988,401.6799927,395.8999939,403300.0,373.6427002
2018-06-05 00:00:00,395.5700073,401.4100037,403.0,394.9100037,518100.0,368.6383362
2018-06-06 00:00:00,395.5100098,395.6400146,397.769989,390.7399902,418400.0,368.5823669
2018-06-07 00:00:00,397.4200134,395.4299927,398.6600037,393.3999939,390200.0,370.3624268
2018-06-08 00:00:00,403.3500061,396.0,403.7999878,395.1700134,439500.0,375.8886414
2018-06-11 00:00:00,404.230011,403.0899963,407.730011,402.5400085,521900.0,376.7086792
2018-06-12 00:00:00,405.3299866,404.2600098,407.6600037,401.7900085,504000.0,377.7339172
2018-06-13 00:00:00,392.6900024,405.8999939,406.9899902,391.2200012,559900.0,365.9543457
2018-06-14 00:00:00,396.7399902,395.1799927,397.4599915,393.0100098,588600.0,369.7286987
2018-06-15 00:00:00,398.7600098,397.4899902,401.980011,395.7600098,831300.0,371.6111145
2018-06-18 00:00:00,401.6900024,397.3599854,402.0100098,395.0599976,451200.0,374.3417053
2018-06-19 00:00:00,401.7600098,396.980011,404.5,396.980011,628900.0,374.4068909
2018-06-20 00:00:00,410.7200012,401.7600098,417.8699951,401.6099854,1151100.0,382.7568665
2018-06-21 00:00:00,419.0,411.5,421.2399902,410.1400146,999700.0,390.4730835
2018-06-22 00:00:00,418.8599854,421.0,421.0,410.5799866,1106300.0,390.3426514
2018-06-25 00:00:00,418.5700073,415.9200134,420.9299927,413.6900024,1060300.0,390.0724487
2018-06-26 00:00:00,429.0,420.0,431.980011,417.7099915,1497000.0,399.7923279
2018-06-27 00:00:00,425.5700073,431.1099854,431.6300049,425.3399963,730700.0,396.5958862
2018-06-28 00:00:00,427.0499878,427.3599854,429.7000122,420.5499878,445300.0,397.9750366
2018-06-29 00:00:00,429.8900146,428.519989,432.4200134,421.8900146,547700.0,400.6216736
2018-07-02 00:00:00,428.2099915,429.3399963,431.1799927,423.1700134,562200.0,399.0561218
2018-07-03 00:00:00,426.2399902,428.6400146,429.5899963,425.0899963,333500.0,397.2202454
2018-07-05 00:00:00,440.1499939,427.4599915,440.269989,427.4599915,795900.0,410.1831665
2018-07-06 00:00:00,445.7000122,442.6700134,446.9100037,442.6700134,524500.0,415.3553467
2018-07-09 00:00:00,442.5100098,446.9200134,446.9200134,439.3500061,422700.0,412.3825378
2018-07-10 00:00:00,445.8800049,442.0,449.3900146,440.0,470700.0,415.5230408
2018-07-11 00:00:00,443.4700012,445.3699951,447.8900146,441.1400146,381200.0,413.2770691
2018-07-12 00:00:00,445.6700134,444.6099854,446.6600037,441.9599915,339400.0,415.3273926
2018-07-13 00:00:00,443.4299927,445.1199951,447.4500122,442.8599854,281700.0,413.2399597
2018-07-16 00:00:00,439.7799988,443.1400146,444.7000122,437.2600098,371400.0,409.8383789
2018-07-17 00:00:00,438.4500122,441.1099854,442.4400024,437.6099854,406000.0,408.598877
2018-07-18 00:00:00,434.5499878,436.3299866,438.9100037,423.5899963,350600.0,404.9645081
2018-07-19 00:00:00,437.1900024,434.9400024,439.7900085,433.7399902,376900.0,407.4246826
2018-07-20 00:00:00,434.2200012,437.7200012,437.7200012,432.2600098,361000.0,404.6568909
2018-07-23 00:00:00,428.7999878,432.8399963,435.769989,426.7399902,505700.0,399.6059265
2018-07-24 00:00:00,428.730011,428.9599915,429.9899902,424.4400024,746900.0,399.5406494
2018-07-25 00:00:00,432.6400146,430.1600037,433.9100037,428.269989,398600.0,403.1845093
2018-07-26 00:00:00,435.2000122,434.0,438.1000061,430.3999939,487200.0,405.5702515
2018-07-27 00:00:00,443.2000122,434.7000122,448.75,434.7000122,594800.0,413.0255432
2018-07-30 00:00:00,432.6600037,442.9100037,445.8999939,432.1600037,639400.0,403.2030945
2018-07-31 00:00:00,439.2799988,434.7900085,442.3999939,433.1900024,684700.0,409.3724365
2018-08-01 00:00:00,445.1300049,437.0,446.3599854,426.0,527800.0,414.8241272
2018-08-02 00:00:00,447.8900146,444.2600098,450.2999878,439.6600037,476500.0,417.3962097
2018-08-03 00:00:00,455.4299927,447.6000061,456.7999878,443.3999939,643000.0,424.422821
2018-08-06 00:00:00,452.8699951,454.4500122,457.9899902,447.8599854,539800.0,422.0371704
2018-08-07 00:00:00,447.8999939,453.1499939,453.1499939,445.980011,492400.0,417.4054871
2018-08-08 00:00:00,447.5,453.1499939,453.1499939,446.480011,631700.0,417.0327454
2018-08-09 00:00:00,444.9899902,435.5100098,455.2000122,435.4299927,963700.0,414.6936646
2018-08-10 00:00:00,437.2399902,442.7000122,443.8299866,437.0100098,675400.0,407.4712524
2018-08-13 00:00:00,440.8099976,438.019989,442.0499878,437.0700073,425200.0,410.7982178
2018-08-14 00:00:00,434.019989,438.9200134,441.2900085,433.4899902,638700.0,404.47052
2018-08-15 00:00:00,436.4100037,433.2399902,438.1900024,432.5799866,524100.0,406.6978455
2018-08-16 00:00:00,443.6000061,437.7999878,444.7200012,436.3200073,820700.0,413.3982849
2018-08-17 00:00:00,438.769989,441.5100098,444.4100037,437.6400146,486600.0,408.8971252
2018-08-20 00:00:00,438.3299866,440.7000122,440.7000122,435.2999878,509300.0,408.4870911
2018-08-21 00:00:00,432.6099854,435.6799927,436.0,432.3699951,467500.0,405.2645264
2018-08-22 00:00:00,429.9400024,432.6499939,434.8999939,428.230011,339700.0,402.7633362
2018-08-23 00:00:00,429.1700134,431.4100037,432.6099854,428.4599915,325900.0,402.0419617
2018-08-24 00:00:00,430.019989,428.6099854,432.4700012,426.3999939,501800.0,402.8381958
2018-08-27 00:00:00,432.5499878,430.8800049,433.3800049,429.7000122,391600.0,405.2082825
2018-08-28 00:00:00,435.6799927,432.3399963,435.8999939,430.1499939,324400.0,408.1404419
2018-08-29 00:00:00,436.1099854,435.5499878,439.8900146,434.3800049,324100.0,408.5432739
2018-08-30 00:00:00,430.6900024,436.4100037,437.8099976,428.0299988,339500.0,403.4658813
2018-08-31 00:00:00,436.1300049,430.9400024,436.6600037,430.9400024,442800.0,408.5620422
2018-09-04 00:00:00,428.3900146,434.3299866,435.9200134,425.8900146,486000.0,401.3113403
2018-09-05 00:00:00,430.2099915,427.5,431.1199951,421.5,663700.0,403.0162048
2018-09-06 00:00:00,431.6499939,429.9500122,432.6099854,426.1199951,432900.0,404.3652344
2018-09-07 00:00:00,431.0899963,430.7999878,433.75,429.5,318900.0,403.8406372
2018-09-10 00:00:00,434.019989,431.3800049,437.4899902,430.0,536100.0,406.5853882
2018-09-11 00:00:00,434.6600037,433.5100098,435.2000122,430.5,370500.0,407.184906
2018-09-12 00:00:00,439.4299927,436.6000061,439.9700012,432.0,412900.0,411.6534119
2018-09-13 00:00:00,443.8399963,442.0400085,446.0,439.3999939,527200.0,415.784729
2018-09-14 00:00:00,448.1400146,443.3399963,448.3299866,440.4500122,473200.0,419.8128357
2018-09-17 00:00:00,447.2999878,448.2099915,449.7600098,444.4100037,509700.0,419.0260315
2018-09-18 00:00:00,445.2099915,447.7000122,449.9100037,444.6400146,349100.0,417.0680847
2018-09-19 00:00:00,442.269989,444.4299927,447.25,441.3500061,283300.0,414.3138733
2018-09-20 00:00:00,445.0100098,442.7000122,446.8999939,441.4599915,388100.0,416.8807068
2018-09-21 00:00:00,441.6799927,446.4700012,447.7999878,441.5700073,658300.0,413.7612305
2018-09-24 00:00:00,431.9700012,438.4400024,438.4400024,429.2200012,453200.0,404.6650085
2018-09-25 00:00:00,428.7600098,440.9400024,440.9400024,425.8099976,428300.0,401.6579285
2018-09-26 00:00:00,423.1300049,428.8200073,428.8200073,421.9200134,579200.0,396.3838501
2018-09-27 00:00:00,430.1499939,423.980011,432.1400146,422.9299927,518400.0,402.960022
2018-09-28 00:00:00,432.8900146,430.1499939,437.230011,429.1099854,651400.0,405.5268555
2018-10-01 00:00:00,431.3500061,433.2600098,435.8399963,431.230011,407900.0,404.084259
2018-10-02 00:00:00,431.8099976,432.2799988,432.8500061,428.1099854,350000.0,404.5151367
2018-10-03 00:00:00,425.2999878,431.7799988,436.1499939,423.769989,459600.0,398.4165649
2018-10-04 00:00:00,422.4599915,423.5,424.7600098,418.5,267600.0,395.7561035
2018-10-05 00:00:00,417.3200073,421.9599915,422.9700012,416.5899963,670100.0,390.94104
2018-10-08 00:00:00,418.9400024,415.9100037,422.8399963,415.2600098,514400.0,392.4586182
2018-10-09 00:00:00,416.5899963,417.5400085,421.8200073,414.9100037,519500.0,390.2572327
2018-10-10 00:00:00,410.0799866,416.0,419.75,410.0,579300.0,384.1587219
2018-10-11 00:00:00,397.0799866,410.3699951,410.6300049,394.769989,640200.0,371.9804077
2018-10-12 00:00:00,395.9400024,399.519989,402.2600098,392.9299927,690900.0,370.9124756
2018-10-15 00:00:00,396.5899963,396.6199951,400.1000061,394.3800049,305900.0,371.5213928
2018-10-16 00:00:00,408.2900085,399.3099976,409.3599854,397.5299988,374400.0,382.481842
2018-10-17 00:00:00,410.4400024,408.1799927,411.3800049,406.2600098,345900.0,384.4960022
2018-10-18 00:00:00,411.6499939,409.8399963,413.519989,407.1600037,356500.0,385.629364
2018-10-19 00:00:00,414.3099976,411.7799988,419.3999939,411.7799988,435700.0,388.1212463
2018-10-22 00:00:00,411.730011,414.6000061,417.8200073,410.9700012,263000.0,385.7043762
2018-10-23 00:00:00,411.4100037,409.2099915,413.1600037,404.9400024,401200.0,385.4046326
2018-10-24 00:00:00,416.75,411.2900085,420.5899963,411.2900085,359200.0,390.4070435
2018-10-25 00:00:00,411.9700012,418.6400146,421.0299988,410.0599976,458800.0,385.9291992
2018-10-26 00:00:00,385.2200012,409.5799866,410.0,383.8399963,1076000.0,360.8701172
2018-10-29 00:00:00,379.9100037,388.2000122,391.75,377.25,701200.0,355.895752
2018-10-30 00:00:00,376.7900085,380.5299988,383.6000061,374.3900146,851200.0,352.9729309
2018-10-31 00:00:00,378.7399902,384.1799927,384.1799927,376.5400085,804100.0,354.7996826
2018-11-01 00:00:00,386.6900024,379.8200073,390.8099976,379.0100098,577300.0,362.2471313
2018-11-02 00:00:00,392.4299927,392.230011,397.269989,382.480011,1086300.0,367.6242981
2018-11-05 00:00:00,396.4599915,397.5,401.3900146,393.5700073,709900.0,371.3995972
2018-11-06 00:00:00,396.0400085,396.6700134,399.8399963,393.1600037,548400.0,371.0061646
2018-11-07 00:00:00,400.0,400.0,401.6799927,396.8599854,533300.0,374.7158203
2018-11-08 00:00:00,389.480011,400.5899963,401.1400146,389.1400146,755800.0,364.8608093
2018-11-09 00:00:00,384.9400024,389.4599915,390.25,380.8200073,741200.0,360.6077881
2018-11-12 00:00:00,389.4200134,384.8599854,391.2399902,384.8599854,487700.0,364.8045654
2018-11-13 00:00:00,383.5299988,388.4299927,388.8399963,382.8999939,490700.0,361.402832
2018-11-14 00:00:00,385.3200073,385.269989,388.2999878,380.0599976,438700.0,363.0896301
2018-11-15 00:00:00,385.2799988,384.7399902,387.1300049,377.480011,497000.0,363.0518799
2018-11-16 00:00:00,388.6300049,383.1799927,389.4299927,383.0,650100.0,366.2086182
2018-11-19 00:00:00,383.4700012,389.7200012,394.8299866,381.5899963,438200.0,361.3463135
2018-11-20 00:00:00,376.5,383.8500061,386.0,374.2399902,813400.0,354.7785034
2018-11-21 00:00:00,382.8900146,377.6400146,386.1199951,374.7399902,440200.0,360.7998352
2018-11-23 00:00:00,380.3999939,380.9500122,382.4700012,378.5700073,193700.0,358.4534607
2018-11-26 00:00:00,382.1700134,382.4500122,383.9899902,380.2799988,572100.0,360.1213684
2018-11-27 00:00:00,382.1099854,382.1799927,385.4400024,378.3699951,334300.0,360.0647278
2018-11-28 00:00:00,384.0599976,382.230011,385.4700012,379.7900085,618400.0,361.9022827
2018-11-29 00:00:00,384.1099854,385.5400085,386.1700134,381.4100037,486500.0,361.9494324
2018-11-30 00:00:00,385.2799988,383.75,388.3200073,381.6700134,786500.0,363.0518799
2018-12-03 00:00:00,391.1099854,387.4500122,391.6900024,385.2799988,487500.0,368.5455627
2018-12-04 00:00:00,385.0899963,392.7399902,396.5899963,383.9100037,753600.0,362.8728027
2018-12-06 00:00:00,392.7200012,381.9200134,392.8999939,377.9500122,663500.0,370.0626526
2018-12-07 00:00:00,386.4700012,390.7900085,393.3299866,383.9500122,450300.0,364.1731873
2018-12-10 00:00:00,387.0799866,388.1499939,389.7600098,381.6199951,403100.0,364.7480164
2018-12-11 00:00:00,389.7999878,388.6900024,391.6700134,387.0599976,449400.0,367.3111267
2018-12-12 00:00:00,387.1199951,390.3099976,396.5,386.6900024,525900.0,364.7857666
2018-12-13 00:00:00,389.3200073,388.3099976,395.25,388.230011,429000.0,366.8588257
2018-12-14 00:00:00,386.8999939,387.7399902,389.2399902,383.769989,505300.0,364.5784302
2018-12-17 00:00:00,369.0599976,386.8900146,387.5400085,368.5599976,832600.0,347.7677002
2018-12-18 00:00:00,370.9700012,371.8699951,377.0599976,369.480011,527300.0,349.5674744
2018-12-19 00:00:00,368.4400024,370.5,374.0899963,367.0799866,795500.0,347.1834412
2018-12-20 00:00:00,358.2099915,367.4200134,367.7999878,355.3299866,762800.0,337.5437012
2018-12-21 00:00:00,350.3099976,358.6199951,363.6799927,348.6199951,1277500.0,330.0993958
2018-12-24 00:00:00,339.019989,348.75,349.8999939,338.9700012,339700.0,319.4608154
2018-12-26 00:00:00,349.269989,340.3999939,349.269989,335.2900085,594800.0,329.1193848
2018-12-27 00:00:00,346.3900146,345.6499939,348.9899902,337.6700134,569700.0,326.4055786
2018-12-28 00:00:00,352.8500061,348.75,356.1400146,347.1000061,569900.0,332.4929199
2018-12-31 00:00:00,352.5599976,352.3500061,353.2999878,347.6099854,384400.0,332.2196045
2019-01-02 00:00:00,350.0,349.2799988,352.6900024,343.5799866,664600.0,329.807312
2019-01-03 00:00:00,345.9400024,348.6600037,355.4700012,345.1700134,779700.0,325.9815063
2019-01-04 00:00:00,353.7900085,347.7999878,356.6400146,346.3599854,543700.0,333.3786621
2019-01-07 00:00:00,354.5,353.0,357.019989,351.4100037,730300.0,334.0476379
2019-01-08 00:00:00,361.8599854,357.4200134,363.1799927,357.4200134,680800.0,340.9830322
2019-01-09 00:00:00,357.3200073,363.6900024,365.0899963,348.2399902,1024800.0,336.7050476
2019-01-10 00:00:00,370.6799927,356.3099976,371.2200012,355.0400085,1033200.0,349.29422
2019-01-11 00:00:00,371.4299927,369.9599915,372.2999878,366.5499878,433600.0,350.0009766
2019-01-14 00:00:00,376.5799866,370.2999878,377.1499939,369.9899902,638200.0,354.8539124
2019-01-15 00:00:00,382.980011,379.4599915,383.5899963,378.1499939,721200.0,360.884613
2019-01-16 00:00:00,381.1099854,381.2099915,384.1799927,379.5299988,620800.0,359.1224365
2019-01-17 00:00:00,381.8299866,380.9700012,383.5899963,379.2099915,490200.0,359.8009644
2019-01-18 00:00:00,374.6700134,383.480011,383.480011,373.75,638100.0,353.0540161
2019-01-22 00:00:00,371.0100098,374.6700134,375.7900085,368.2600098,858600.0,349.6051941
2019-01-23 00:00:00,365.2600098,370.8599854,371.6900024,363.1499939,667100.0,344.1868896
2019-01-24 00:00:00,371.2799988,357.3500061,371.5599976,357.3500061,492600.0,349.8595581
2019-01-25 00:00:00,369.4400024,371.7799988,373.1400146,364.9100037,760600.0,348.1257324
2019-01-28 00:00:00,377.1099854,367.9500122,377.9700012,363.8999939,466600.0,355.353241
2019-01-29 00:00:00,379.2900085,378.1000061,379.8800049,373.8900146,352100.0,357.4074402
2019-01-30 00:00:00,383.0100098,379.2900085,384.7999878,379.1499939,400300.0,360.9128418
2019-01-31 00:00:00,394.0,382.8299866,394.8299866,379.9100037,591400.0,371.2688293
2019-02-01 00:00:00,396.3800049,393.4500122,396.6600037,390.8699951,646100.0,373.5115662
2019-02-04 00:00:00,395.2900085,397.0,397.0,392.3699951,487600.0,372.4844055
2019-02-05 00:00:00,395.7900085,397.0400085,399.0,372.75,527700.0,372.9555969
2019-02-06 00:00:00,390.1000061,395.0,396.9700012,388.3900146,732600.0,367.593811
2019-02-07 00:00:00,389.7900085,389.0,392.1199951,385.980011,402400.0,367.3017273
2019-02-08 00:00:00,395.8200073,388.519989,395.9899902,387.8900146,354600.0,372.9838257
2019-02-11 00:00:00,400.0700073,396.9500122,400.8500061,395.6300049,408300.0,376.9886475
2019-02-12 00:00:00,397.480011,400.6400146,400.6400146,393.5799866,346100.0,374.5480957
2019-02-13 00:00:00,391.9100037,386.9500122,398.7799988,385.9100037,575500.0,369.2994385
2019-02-14 00:00:00,420.5899963,412.0,422.4400024,399.5700073,1551900.0,396.3247986
2019-02-15 00:00:00,421.3900146,421.4700012,422.0599976,417.4100037,689300.0,397.0786438
2019-02-19 00:00:00,430.5899963,422.0,433.019989,418.3999939,660500.0,405.7477722
2019-02-20 00:00:00,431.5299988,428.4299927,433.6400146,427.5,598400.0,406.633606
2019-02-21 00:00:00,425.8599854,429.0700073,430.0,424.2999878,397000.0,401.2907104
2019-02-22 00:00:00,428.5400085,427.980011,430.25,423.75,341700.0,403.8160706
2019-02-25 00:00:00,428.980011,429.0,430.0,425.519989,580000.0,404.2307129
2019-02-26 00:00:00,425.8399963,428.0799866,428.75,425.0,422300.0,403.5862122
2019-02-27 00:00:00,418.1499939,421.4700012,426.5,417.25,525500.0,396.2980957
2019-02-28 00:00:00,423.5,422.1900024,426.0799866,417.5899963,1549800.0,401.3685303
2019-03-01 00:00:00,432.7900085,424.4599915,433.5400085,420.0,786500.0,410.1730652
2019-03-04 00:00:00,426.980011,433.4500122,434.1499939,423.230011,704300.0,404.666626
2019-03-05 00:00:00,426.9200134,426.9500122,430.2600098,424.6000061,420300.0,404.6098633
2019-03-06 00:00:00,424.6600037,426.1700134,428.0,422.8699951,376500.0,402.4678955
2019-03-07 00:00:00,426.75,422.7399902,431.3800049,421.1900024,510200.0,404.4486694
2019-03-08 00:00:00,430.3800049,426.8500061,431.0,424.5,581500.0,407.8889465
2019-03-11 00:00:00,438.3299866,430.8800049,438.5,430.8800049,560400.0,415.4235229
2019-03-12 00:00:00,438.5,439.75,442.5599976,438.1199951,614000.0,415.5846558
2019-03-13 00:00:00,438.8699951,438.019989,441.8699951,437.8399963,588500.0,415.9352722
2019-03-14 00:00:00,440.480011,439.5,442.9200134,436.2999878,398400.0,417.4612122
2019-03-15 00:00:00,441.6099854,439.9100037,442.75,438.3299866,1207400.0,418.532074
2019-03-18 00:00:00,444.1000061,442.5,444.7999878,440.8500061,370000.0,420.8920288
2019-03-19 00:00:00,443.5499878,445.019989,446.1499939,441.9100037,383300.0,420.3707275
2019-03-20 00:00:00,448.0799866,442.1499939,449.0,441.4899902,590200.0,424.664032
2019-03-21 00:00:00,458.2900085,447.9299927,458.4100037,444.5,569500.0,434.3404541
2019-03-22 00:00:00,451.5,458.8299866,460.8800049,451.1099854,644400.0,427.905304
2019-03-25 00:00:00,446.1799927,452.25,453.4899902,445.2799988,449500.0,422.8633423
2019-03-26 00:00:00,447.6700134,445.8800049,448.7200012,442.75,379200.0,424.2754211
2019-03-27 00:00:00,448.0799866,449.480011,451.5400085,445.0299988,390900.0,424.664032
2019-03-28 00:00:00,449.9599915,449.7399902,452.2200012,446.8500061,415200.0,426.4457397
2019-03-29 00:00:00,453.1600037,451.4700012,453.8500061,444.9599915,524400.0,429.4785767
2019-04-01 00:00:00,456.2999878,443.5599976,456.769989,443.5599976,376200.0,432.4543762
2019-04-02 00:00:00,460.4400024,457.4599915,461.75,455.019989,484000.0,436.3781433
2019-04-03 00:00:00,462.0100098,461.7099915,466.1099854,455.6900024,531700.0,437.8660583
2019-04-04 00:00:00,461.4400024,462.5499878,464.730011,459.8999939,448900.0,437.3258362
2019-04-05 00:00:00,466.6199951,461.9700012,467.2900085,460.4500122,284800.0,442.235199
2019-04-08 00:00:00,463.4100037,466.7399902,467.9899902,460.3200073,251000.0,439.1929016
2019-04-09 00:00:00,460.1099854,463.1900024,464.230011,459.1600037,284600.0,436.0653381
2019-04-10 00:00:00,461.2099915,461.5599976,462.9899902,459.519989,304200.0,437.1078796
2019-04-11 00:00:00,460.6700134,456.9899902,462.9200134,456.9899902,256300.0,436.5960693
2019-04-12 00:00:00,463.3800049,457.8200073,464.0,453.7200012,369900.0,439.1644592
2019-04-15 00:00:00,460.0,462.3099976,463.0700073,457.3500061,286100.0,435.9610901
2019-04-16 00:00:00,452.6600037,461.9200134,461.9200134,451.3299866,346900.0,429.0047302
2019-04-17 00:00:00,447.519989,454.4100037,454.5100098,445.0299988,342300.0,424.1333008
2019-04-18 00:00:00,446.4400024,450.1700134,450.1700134,444.9400024,452600.0,423.1097412
2019-04-22 00:00:00,447.230011,445.7399902,448.9700012,442.8200073,445200.0,423.8584595
2019-04-23 00:00:00,450.2099915,449.4500122,452.8200073,444.5100098,369800.0,426.6827087
2019-04-24 00:00:00,453.4599915,450.7799988,454.1799927,445.9299927,268400.0,429.7628479
2019-04-25 00:00:00,453.8900146,450.9100037,455.7799988,447.2600098,223800.0,430.1704102
2019-04-26 00:00:00,453.0499878,453.8200073,453.8200073,440.7200012,361000.0,429.3742676
2019-04-29 00:00:00,448.8099976,451.5599976,453.980011,446.2600098,296200.0,425.355835
2019-04-30 00:00:00,454.7000122,449.6199951,456.1499939,446.0400085,408100.0,430.9380493
2019-05-01 00:00:00,450.0100098,453.6000061,459.5100098,449.5299988,499000.0,426.4931335
2019-05-02 00:00:00,465.0100098,470.0,479.9400024,461.9400024,726200.0,440.7092896
2019-05-03 00:00:00,476.9899902,466.3200073,476.9899902,464.3999939,420200.0,452.0631714
2019-05-06 00:00:00,478.5299988,472.4599915,480.7999878,472.2600098,496500.0,453.5227661
2019-05-07 00:00:00,474.9299927,477.8999939,478.5,471.9299927,523700.0,450.1108704
2019-05-08 00:00:00,478.980011,473.5700073,483.6400146,471.6499939,590600.0,453.9492798
2019-05-09 00:00:00,476.5899963,477.7799988,479.3299866,473.0100098,335800.0,451.6841125
2019-05-10 00:00:00,479.8200073,476.2600098,481.730011,474.6400146,438200.0,454.7453308
2019-05-13 00:00:00,476.2399902,473.5599976,477.1900024,472.4700012,498800.0,451.352417
2019-05-14 00:00:00,484.0,477.5400085,484.5,477.0100098,419700.0,458.7069092
2019-05-15 00:00:00,486.6199951,484.25,488.3800049,483.1300049,279100.0,461.1899719
2019-05-16 00:00:00,491.7600098,487.519989,494.0,487.019989,327000.0,466.0613098
2019-05-17 00:00:00,490.2799988,487.6199951,490.8399963,485.1600037,289400.0,464.6587219
2019-05-20 00:00:00,480.1199951,487.8800049,488.4299927,480.1099854,379400.0,455.0296631
2019-05-21 00:00:00,484.4500122,477.9299927,486.0799866,477.9299927,403100.0,461.4979858
2019-05-22 00:00:00,493.9899902,483.8399963,494.6199951,480.5100098,332600.0,470.5859985
2019-05-23 00:00:00,496.2600098,492.8599854,496.5700073,492.0,467900.0,472.7484741
2019-05-24 00:00:00,496.519989,498.7600098,500.0,495.9599915,251600.0,472.9961548
2019-05-28 00:00:00,491.230011,496.7999878,500.2000122,491.230011,285100.0,467.9567871
2019-05-29 00:00:00,482.5499878,490.9899902,491.6000061,481.2999878,278000.0,459.6879578
2019-05-30 00:00:00,487.3099976,483.1000061,487.8299866,483.1000061,332600.0,464.2224731
2019-05-31 00:00:00,485.7900085,485.1499939,489.1900024,483.6600037,337700.0,462.7744751
2019-06-03 00:00:00,485.5799866,487.6099854,489.6199951,482.1600037,461900.0,462.5744629
2019-06-04 00:00:00,481.0499878,485.519989,485.5899963,471.7999878,494200.0,458.2590637
2019-06-05 00:00:00,495.2900085,484.3699951,495.3999939,482.4599915,306800.0,471.8243713
2019-06-06 00:00:00,494.6600037,496.8200073,497.9200134,491.2900085,334000.0,471.2242737
2019-06-07 00:00:00,499.6000061,496.5400085,499.9599915,495.1000061,262100.0,475.9302063
2019-06-10 00:00:00,506.019989,499.1400146,507.3099976,497.6000061,329400.0,482.0460815
2019-06-11 00:00:00,504.2399902,507.2900085,508.7600098,499.2600098,303300.0,480.3503723
2019-06-12 00:00:00,503.6700134,505.7600098,508.9899902,502.980011,221500.0,479.8074036
2019-06-13 00:00:00,507.2999878,505.4400024,508.0299988,503.2399902,399900.0,483.2653198
2019-06-14 00:00:00,509.9200134,507.2999878,512.9299927,505.5100098,318600.0,485.7612915
2019-06-17 00:00:00,511.480011,511.2600098,515.0800171,509.2900085,354200.0,487.247406
2019-06-18 00:00:00,503.230011,514.4500122,516.9500122,502.4500122,461300.0,479.3882751
2019-06-19 00:00:00,511.1700134,502.6900024,513.7999878,501.8900146,351900.0,486.9520569
2019-06-20 00:00:00,508.3699951,515.039978,515.8800049,506.7099915,433000.0,484.2846375
2019-06-21 00:00:00,508.0899963,509.0400085,509.3699951,499.5100098,761600.0,484.0179749
2019-06-24 00:00:00,510.0400085,510.0,512.9000244,506.0700073,285500.0,485.8756104
2019-06-25 00:00:00,500.0499878,508.8299866,512.9899902,499.4299927,246000.0,476.3589172
2019-06-26 00:00:00,490.2799988,500.0299988,501.0899963,485.5799866,489800.0,467.0517578
2019-06-27 00:00:00,498.1900024,491.3299866,498.9299927,491.3299866,262500.0,474.5869751
2019-06-28 00:00:00,504.2900085,498.75,504.6900024,496.3599854,551000.0,480.3980713
2019-07-01 00:00:00,504.9400024,509.0400085,510.0,498.0299988,366800.0,481.0172119
2019-07-02 00:00:00,514.9400024,506.3699951,515.2700195,505.0700073,349000.0,490.5434265
2019-07-03 00:00:00,518.9500122,515.3699951,520.2399902,515.3699951,180200.0,494.3634338
2019-07-05 00:00:00,518.1799927,517.0300293,520.3499756,510.5299988,168000.0,493.6298828
2019-07-08 00:00:00,519.1599731,518.4000244,520.0,515.8400269,196400.0,494.5634155
2019-07-09 00:00:00,521.5,517.3200073,521.7000122,516.8300171,235300.0,496.7926636
2019-07-10 00:00:00,527.1599731,522.1400146,527.4099731,518.0999756,315600.0,502.1845398
2019-07-11 00:00:00,523.8800049,528.9699707,528.9799805,520.5599976,292400.0,499.0598755
2019-07-12 00:00:00,518.0100098,525.0,526.9299927,516.5100098,301700.0,493.4679565
2019-07-15 00:00:00,516.9899902,521.3099976,523.5999756,515.5900269,181400.0,492.4962769
2019-07-16 00:00:00,514.2199707,515.3200073,516.6400146,511.9700012,319400.0,489.8575439
2019-07-17 00:00:00,512.1799927,518.789978,519.039978,509.0100098,211900.0,487.9141846
2019-07-18 00:00:00,512.1699829,509.5299988,513.460022,508.1900024,293700.0,487.9046936
2019-07-19 00:00:00,506.6099854,514.4699707,515.7999878,506.5599976,305100.0,482.6080627
2019-07-22 00:00:00,506.3999939,505.4100037,508.769989,504.0799866,243800.0,482.4080811
2019-07-23 00:00:00,507.3299866,508.4299927,509.8999939,501.8800049,335400.0,483.2939453
2019-07-24 00:00:00,508.3200073,507.3800049,510.980011,504.7099915,279500.0,484.2370911
2019-07-25 00:00:00,490.480011,507.0,507.5100098,490.0499878,533200.0,467.2423096
2019-07-26 00:00:00,488.8099976,492.1700134,495.0,484.4599915,523600.0,465.6513672
2019-07-29 00:00:00,486.5799866,494.980011,496.9599915,484.2399902,393800.0,463.5270386
2019-07-30 00:00:00,498.8200073,485.2000122,499.5,484.5700073,464900.0,475.1871948
2019-07-31 00:00:00,502.1000061,497.6600037,511.2900085,493.9200134,741300.0,478.3117371
2019-08-01 00:00:00,522.75,529.4799805,530.7199707,504.9100037,720100.0,497.9833984
2019-08-02 00:00:00,524.0900269,526.1099854,533.0800171,520.7600098,580300.0,499.2599182
2019-08-05 00:00:00,512.6799927,518.5700073,523.6699829,506.0499878,429700.0,488.3905029
2019-08-06 00:00:00,519.8599854,513.4799805,523.5200195,513.0,366400.0,495.2304077
2019-08-07 00:00:00,533.0900269,518.0499878,534.8300171,511.9899902,436600.0,507.8335571
2019-08-08 00:00:00,549.2399902,531.2999878,550.0,527.5300293,550800.0,523.2184448
2019-08-09 00:00:00,552.4199829,550.0,553.5200195,546.8300171,499100.0,526.2476807
2019-08-12 00:00:00,553.2999878,550.539978,557.539978,549.6099854,403900.0,527.0859985
2019-08-13 00:00:00,548.3800049,553.75,554.3499756,545.0,452200.0,522.3991699
2019-08-14 00:00:00,539.8800049,544.4500122,548.6699829,537.2000122,472900.0,514.3018799
2019-08-15 00:00:00,546.3400269,541.2999878,550.1599731,539.5,359100.0,520.4558105
2019-08-16 00:00:00,551.8099976,547.25,553.8499756,545.0100098,575000.0,525.6665649
2019-08-19 00:00:00,555.7299805,556.2199707,557.960022,550.3800049,279600.0,529.4008789
2019-08-20 00:00:00,547.0,551.2399902,554.4799805,546.7299805,257600.0,523.4014893
2019-08-21 00:00:00,552.0999756,548.8200073,552.0999756,545.3599854,198900.0,528.2813721
2019-08-22 00:00:00,554.4199829,551.6400146,558.4299927,547.6199951,270500.0,530.5012817
2019-08-23 00:00:00,549.4199829,557.4099731,559.3200073,547.1400146,319200.0,525.7171021
2019-08-26 00:00:00,558.6799927,550.0300293,558.789978,550.0,203100.0,534.5774536
2019-08-27 00:00:00,557.5200195,560.4899902,562.4699707,555.4500122,590000.0,533.4676514
2019-08-28 00:00:00,553.5300293,558.3599854,559.6400146,551.3800049,304000.0,529.6497192
2019-08-29 00:00:00,557.7199707,556.710022,558.7999878,554.960022,339500.0,533.6589355
2019-08-30 00:00:00,556.2800293,558.0,559.5499878,553.2199707,288200.0,532.2810669
2019-09-03 00:00:00,565.9099731,555.3800049,566.3900146,554.210022,296600.0,541.4955444
2019-09-04 00:00:00,558.4899902,564.9000244,567.8900146,555.0300293,445900.0,534.3956299
2019-09-05 00:00:00,551.0,558.7600098,560.0,547.6900024,486500.0,527.2288208
2019-09-06 00:00:00,554.0900269,552.4400024,560.6699829,551.710022,366900.0,530.1854858
2019-09-09 00:00:00,538.210022,554.0999756,554.3099976,536.7600098,397000.0,514.9906006
2019-09-10 00:00:00,531.4400024,535.5100098,535.5100098,525.3800049,496300.0,508.5127563
2019-09-11 00:00:00,528.4400024,530.1900024,533.3599854,526.0,529900.0,505.6421204
2019-09-12 00:00:00,538.8800049,529.9899902,539.6799927,528.5,435400.0,515.6316528
2019-09-13 00:00:00,536.7999878,537.0,539.0800171,531.789978,329600.0,513.6415405
2019-09-16 00:00:00,549.9299927,537.7399902,551.2000122,536.1900024,297300.0,526.2049561
2019-09-17 00:00:00,558.9099731,551.4699707,559.9899902,545.2000122,380400.0,534.7976074
2019-09-18 00:00:00,561.0,559.5,561.1900024,545.6699829,359100.0,536.7974854
2019-09-19 00:00:00,569.0300293,560.5100098,570.8300171,559.3300171,470100.0,544.4810181
2019-09-20 00:00:00,566.4500122,568.5700073,571.7000122,564.6900024,1067300.0,542.0123901
2019-09-23 00:00:00,581.710022,575.0300293,609.9699707,569.8300171,715300.0,556.6140137
2019-09-24 00:00:00,572.039978,582.210022,582.9500122,567.1099854,519700.0,547.3610229
2019-09-25 00:00:00,579.25,574.5599976,580.3300171,562.0,381200.0,554.2601318
2019-09-26 00:00:00,583.0200195,577.3400269,584.5,577.1300049,270600.0,557.8674927
2019-09-27 00:00:00,576.6199951,581.0100098,583.4899902,573.3300171,290500.0,551.7434082
2019-09-30 00:00:00,576.7999878,578.7199707,582.2299805,574.289978,301000.0,551.9157104
2019-10-01 00:00:00,569.5900269,574.8400269,578.2199707,567.9500122,313000.0,545.0168457
2019-10-02 00:00:00,561.5200195,568.1199951,571.5100098,555.1799927,531300.0,537.2950439
2019-10-03 00:00:00,575.75,563.1599731,575.7600098,562.7700195,417600.0,550.9110718
2019-10-04 00:00:00,581.6500244,577.6300049,582.4299927,575.9299927,295700.0,556.5565796
2019-10-07 00:00:00,577.3099976,577.8699951,580.9500122,575.5499878,224800.0,552.4037476
2019-10-08 00:00:00,569.5,576.1699829,577.7700195,569.3400269,280500.0,544.9306641
2019-10-09 00:00:00,575.0,570.9099731,579.289978,570.0700073,274000.0,550.1934204
2019-10-10 00:00:00,572.2000122,573.5300293,574.9199829,568.1400146,230600.0,547.5142212
2019-10-11 00:00:00,566.6099854,576.1900024,576.1900024,565.8699951,280100.0,542.1653442
2019-10-14 00:00:00,567.5,566.9799805,571.2199707,565.0499878,181500.0,543.0170898
2019-10-15 00:00:00,571.6500244,570.5999756,574.1699829,566.0,207100.0,546.9880371
2019-10-16 00:00:00,567.8900146,568.1599731,568.9000244,560.8900146,313200.0,543.3901367
2019-10-17 00:00:00,571.8400269,570.9299927,576.4799805,569.4500122,198100.0,547.1697388
2019-10-18 00:00:00,576.4099731,574.8200073,577.1699829,571.3200073,247900.0,551.5426025
2019-10-21 00:00:00,577.3499756,576.4099731,578.3200073,572.0300293,270800.0,552.4420166
2019-10-22 00:00:00,569.9299927,582.6799927,582.6799927,569.8300171,271100.0,545.3421021
2019-10-23 00:00:00,566.6199951,569.6900024,572.6099854,558.9299927,370600.0,542.1749268
2019-10-24 00:00:00,563.3400269,569.5,569.5,561.2800293,329300.0,539.036499
2019-10-25 00:00:00,565.7399902,562.3400269,566.539978,553.6699829,379200.0,541.3328857
2019-10-28 00:00:00,567.1300049,564.2299805,568.5599976,563.1799927,288100.0,542.6630859
2019-10-29 00:00:00,567.5200195,565.8900146,576.25,565.7600098,305000.0,543.0360718
2019-10-30 00:00:00,571.1599731,570.7199707,577.710022,566.4500122,556100.0,546.519104
2019-10-31 00:00:00,566.7800293,572.7000122,574.9000244,553.8099976,690100.0,542.328125
2019-11-01 00:00:00,562.2399902,565.3300171,567.460022,557.1400146,431900.0,537.9840088
2019-11-04 00:00:00,543.2000122,560.6699829,560.7999878,542.3800049,661300.0,519.7653198
2019-11-05 00:00:00,527.1900024,542.1400146,542.1400146,523.789978,934300.0,504.4460144
2019-11-06 00:00:00,531.8800049,530.0700073,534.9899902,527.8499756,375800.0,508.9336548
2019-11-07 00:00:00,522.5,530.960022,530.960022,519.3699951,383600.0,499.9584656
2019-11-08 00:00:00,530.3099976,523.460022,535.960022,521.9199829,505500.0,507.431427
2019-11-11 00:00:00,535.0,530.2600098,539.3599854,530.2600098,309400.0,511.9190369
2019-11-12 00:00:00,531.2399902,535.6300049,539.0100098,526.8499756,358000.0,508.3212585
2019-11-13 00:00:00,540.7299805,533.7199707,541.960022,532.5300293,414100.0,517.4017944
2019-11-14 00:00:00,544.710022,542.2000122,549.0999756,539.3200073,521700.0,521.210144
2019-11-15 00:00:00,550.4099731,548.8400269,552.0100098,543.7199707,448200.0,526.6642456
2019-11-18 00:00:00,558.210022,550.0,560.960022,550.0,350400.0,534.1278687
2019-11-19 00:00:00,564.960022,557.289978,568.9000244,555.3699951,403600.0,542.9794922
2019-11-20 00:00:00,568.7600098,565.0,573.1799927,563.9000244,398200.0,546.6315308
2019-11-21 00:00:00,560.1699829,565.5800171,570.5999756,558.1300049,322600.0,538.3757935
2019-11-22 00:00:00,557.5800171,562.8400269,567.3499756,556.25,318900.0,535.8864746
2019-11-25 00:00:00,553.8499756,559.6099854,563.4699707,553.2000122,472500.0,532.3016968
2019-11-26 00:00:00,554.6799927,553.2199707,556.710022,550.9099731,848700.0,533.0993652
2019-11-27 00:00:00,565.1900024,555.460022,566.9699707,551.5200195,302300.0,543.2006226
2019-11-29 00:00:00,566.8499756,565.6099854,569.0700073,565.1699829,187200.0,544.7958374
2019-12-02 00:00:00,549.7399902,564.8099976,564.8099976,549.6900024,394500.0,528.3516235
2019-12-03 00:00:00,552.5999756,550.7000122,555.9699707,547.0599976,447200.0,531.1003418
2019-12-04 00:00:00,562.9299927,549.7600098,564.0200195,548.7600098,413700.0,541.0283203
2019-12-05 00:00:00,560.0599976,561.2700195,563.9799805,555.9299927,337700.0,538.2701416
2019-12-06 00:00:00,559.1900024,562.1900024,566.9899902,558.8800049,307300.0,537.43396
2019-12-09 00:00:00,560.7199707,559.5599976,562.6199951,557.289978,208200.0,538.9044189
2019-12-10 00:00:00,557.7299805,563.4799805,564.8300171,556.1799927,340500.0,536.0307617
2019-12-11 00:00:00,559.1400146,559.2199707,564.1199951,554.5,333000.0,537.3859253
2019-12-12 00:00:00,547.7999878,561.3699951,561.3699951,546.2600098,387300.0,526.4870605
2019-12-13 00:00:00,551.8400269,547.6699829,552.7299805,543.1099854,553600.0,530.3699341
2019-12-16 00:00:00,562.7999878,552.5499878,563.8599854,547.1500244,473100.0,540.9035034
2019-12-17 00:00:00,557.5200195,565.5800171,571.0100098,556.0,411500.0,535.8289795
2019-12-18 00:00:00,565.4500122,559.5999756,566.8499756,558.3400269,491700.0,543.4504395
2019-12-19 00:00:00,575.9199829,566.5200195,578.4799805,564.5200195,388900.0,553.5130005
2019-12-20 00:00:00,577.710022,581.8499756,582.2000122,573.7999878,931900.0,555.2332764
2019-12-23 00:00:00,571.6400146,577.3699951,579.3400269,570.1099854,181700.0,549.3995972
2019-12-24 00:00:00,573.2399902,571.539978,576.710022,569.1599731,82600.0,550.9372559
2019-12-26 00:00:00,579.5100098,573.6699829,580.1199951,572.1599731,153100.0,556.9633789
2019-12-27 00:00:00,582.5,582.3699951,584.4500122,578.1500244,231800.0,559.8369141
2019-12-30 00:00:00,580.2399902,580.2999878,582.4299927,575.0300293,247100.0,557.664978
2019-12-31 00:00:00,583.7000122,580.539978,583.9099731,578.3599854,292700.0,560.9902954
2020-01-02 00:00:00,579.3499756,583.9099731,584.9099731,576.0300293,448500.0,556.8096313
2020-01-03 00:00:00,585.1199951,575.4699707,590.3599854,575.4699707,385200.0,562.3551025
2020-01-06 00:00:00,584.4799805,585.1300049,588.0,579.75,284200.0,561.7400513
2020-01-07 00:00:00,581.8800049,584.4699707,586.5,575.0200195,252600.0,559.2411499
2020-01-08 00:00:00,583.7999878,583.0,586.1599731,575.0100098,261000.0,561.0865479
2020-01-09 00:00:00,588.9899902,582.9500122,590.0,575.4099731,229600.0,566.0744629
2020-01-10 00:00:00,594.0,593.3200073,595.7700195,587.3200073,307900.0,570.8896484
2020-01-13 00:00:00,594.960022,594.8900146,598.5300293,592.2600098,396300.0,571.8123169
2020-01-14 00:00:00,586.5,595.8099976,597.0,582.9299927,385400.0,563.6813354
2020-01-15 00:00:00,586.2399902,588.5599976,592.5300293,585.0499878,394300.0,563.4315186
2020-01-16 00:00:00,595.1199951,587.5499878,596.4000244,586.6099854,522100.0,571.9660645
2020-01-17 00:00:00,588.0,594.0,596.6900024,587.9000244,794200.0,565.1230469
2020-01-21 00:00:00,590.0,591.5100098,594.5499878,583.9400024,680900.0,567.045166
2020-01-22 00:00:00,591.5300293,595.3499756,599.1799927,590.789978,444100.0,568.5157471
2020-01-23 00:00:00,596.0100098,594.4899902,603.7000122,592.5599976,352200.0,572.8214722
2020-01-24 00:00:00,591.960022,597.3699951,603.3499756,590.039978,329000.0,568.9289551
2020-01-27 00:00:00,593.9500122,589.9099731,594.960022,585.6099854,233200.0,570.8415527
2020-01-28 00:00:00,602.5700073,595.9899902,604.6699829,595.3900146,318100.0,579.1260986
2020-01-29 00:00:00,602.6799927,600.0599976,604.25,596.789978,243200.0,579.2318726
2020-01-30 00:00:00,603.0,602.7000122,608.1099854,602.7000122,348400.0,579.5394287
2020-01-31 00:00:00,589.7299805,604.0700073,605.2700195,587.3599854,488700.0,566.7857666
2020-02-03 00:00:00,603.5999756,592.5599976,606.1400146,591.0499878,445700.0,580.1161499
2020-02-04 00:00:00,607.8499756,608.0900269,609.4699707,605.2600098,325900.0,584.2006836
2020-02-05 00:00:00,601.2600098,608.4899902,609.2199707,600.0,327400.0,577.8672485
2020-02-06 00:00:00,603.7299805,606.2600098,607.8300171,594.5599976,215000.0,580.2410278
2020-02-07 00:00:00,606.0,605.1400146,607.5499878,602.1300049,186900.0,582.4226685
2020-02-10 00:00:00,612.0300293,609.1900024,613.7399902,607.0700073,270300.0,588.2180176
2020-02-11 00:00:00,613.5700073,613.0999756,619.75,611.0100098,345000.0,589.6981812
2020-02-12 00:00:00,623.1400146,616.2299805,624.5800171,612.3300171,566400.0,598.8959351
2020-02-13 00:00:00,635.75,615.0999756,636.4299927,611.9899902,508300.0,611.0152588
2020-02-14 00:00:00,648.6500244,639.0900269,654.3200073,637.1900024,438600.0,623.4133301
2020-02-18 00:00:00,643.5900269,644.1699829,649.9899902,639.3499756,427900.0,618.5502319
2020-02-19 00:00:00,643.7199707,648.1900024,650.1099854,641.4000244,405000.0,618.6752319
2020-02-20 00:00:00,648.3900146,644.0,648.5200195,639.2999878,353600.0,623.1635132
2020-02-21 00:00:00,655.9899902,651.960022,657.0,644.0999756,604900.0,630.4677124
2020-02-24 00:00:00,644.9000244,648.1799927,654.4400024,637.6900024,543200.0,619.8092651
2020-02-25 00:00:00,631.9799805,643.0499878,645.9099731,627.5,677700.0,609.9075317
2020-02-26 00:00:00,629.8400269,634.5499878,637.8300171,624.8800049,414600.0,607.8423462
2020-02-27 00:00:00,597.4899902,623.9199829,630.7299805,597.2600098,718200.0,576.6221924
2020-02-28 00:00:00,572.7999878,586.5300293,589.960022,563.5499878,1132000.0,552.7944946
2020-03-02 00:00:00,618.8800049,577.8800049,620.289978,577.2600098,757100.0,597.2652588
2020-03-03 00:00:00,615.1599731,621.7199707,634.039978,600.0,678800.0,593.6749878
2020-03-04 00:00:00,645.4899902,626.0,646.5200195,621.9199829,586400.0,622.9457397
2020-03-05 00:00:00,616.6699829,629.0200195,641.8300171,611.0499878,578100.0,595.1322632
2020-03-06 00:00:00,608.6699829,599.5900269,609.9899902,582.5200195,826300.0,587.4116821
2020-03-09 00:00:00,574.0599976,571.0,601.9400024,570.1300049,724500.0,554.010437
2020-03-10 00:00:00,610.2800293,600.0,615.039978,571.0499878,706400.0,588.9655762
2020-03-11 00:00:00,598.7999878,591.6400146,604.9799805,584.8900146,897900.0,577.8864136
2020-03-12 00:00:00,565.1300049,556.9099731,595.0,546.1500244,1003900.0,545.392334
2020-03-13 00:00:00,621.0900269,585.289978,623.8400269,566.7399902,1081100.0,599.3979492
2020-03-16 00:00:00,542.4299927,582.5900269,586.2800293,530.0,1018900.0,523.4851685
2020-03-17 00:00:00,575.1799927,558.6199951,598.2299805,554.7199707,1215500.0,555.0913086
2020-03-18 00:00:00,572.1400146,545.0,585.039978,534.4400024,1027900.0,552.1575317
2020-03-19 00:00:00,550.0,571.8900146,590.1099854,535.5499878,985200.0,530.7907715
2020-03-20 00:00:00,506.519989,549.75,559.9799805,493.2000122,1230300.0,488.8293457
2020-03-23 00:00:00,489.1400146,505.0400085,506.0,477.8699951,882100.0,472.0563965
2020-03-24 00:00:00,545.8900146,509.8399963,552.9500122,496.6600037,914300.0,526.8243408
2020-03-25 00:00:00,553.9199829,535.7999878,593.6900024,535.3699951,723800.0,534.5739136
2020-03-26 00:00:00,587.5800171,559.5300293,604.25,551.2600098,754700.0,567.0582275
2020-03-27 00:00:00,594.2700195,573.5200195,605.0,553.9000244,616200.0,573.5145874
2020-03-30 00:00:00,644.8699951,605.9899902,649.0,594.0200195,778600.0,622.3474731
2020-03-31 00:00:00,624.5700073,640.0,644.9299927,611.0599976,1135000.0,602.7564087
2020-04-01 00:00:00,595.460022,608.1799927,620.0,580.6900024,714800.0,574.6630859
2020-04-02 00:00:00,626.1500244,594.789978,629.039978,590.7000122,801500.0,604.28125
2020-04-03 00:00:00,624.6900024,626.3099976,636.210022,604.4099731,557200.0,602.8723145
2020-04-06 00:00:00,652.2199707,639.7800293,658.9799805,630.0,698800.0,629.4406738
2020-04-07 00:00:00,623.6199951,678.9199829,679.6599731,621.7199707,621200.0,601.8395386
2020-04-08 00:00:00,664.2600098,624.0200195,668.7299805,621.5499878,533700.0,641.0601196
2020-04-09 00:00:00,686.9400024,666.8900146,692.6300049,666.210022,904300.0,662.9481201
2020-04-13 00:00:00,657.1900024,681.6099854,681.6099854,644.7600098,541000.0,634.2370605
2020-04-14 00:00:00,688.8900146,677.3599854,695.8699951,671.8099976,549800.0,664.8299561
2020-04-15 00:00:00,675.5300293,677.7600098,685.1900024,665.5,361100.0,651.9365234
2020-04-16 00:00:00,682.7399902,659.0300293,688.0,659.0300293,521700.0,658.8947754
2020-04-17 00:00:00,694.9500122,681.8499756,696.789978,669.2999878,502600.0,670.6783447
2020-04-20 00:00:00,670.75,684.0,687.0,665.7999878,519500.0,647.3235474
2020-04-21 00:00:00,672.2000122,658.4099731,681.0900269,654.9500122,420700.0,648.7227783
2020-04-22 00:00:00,684.789978,679.9099731,698.7399902,673.2000122,434000.0,660.8731079
2020-04-23 00:00:00,685.4899902,683.6400146,698.9899902,681.0100098,382400.0,661.5487061
2020-04-24 00:00:00,685.0999756,685.4899902,689.5499878,672.9099731,459800.0,661.1722412
2020-04-27 00:00:00,702.0,691.8699951,707.0200195,685.2399902,349800.0,677.4820557
2020-04-28 00:00:00,683.7600098,713.6099854,715.75,682.289978,374300.0,659.8792114
2020-04-29 00:00:00,679.3200073,685.5,688.7999878,672.0999756,605800.0,655.5942383
2020-04-30 00:00:00,675.2000122,675.6400146,686.5599976,663.7700195,752000.0,651.618103
2020-05-01 00:00:00,670.8499756,670.3400269,680.8900146,665.2399902,346700.0,647.4199219
2020-05-04 00:00:00,675.9699707,664.5100098,677.0,660.9199829,515200.0,652.361145
2020-05-05 00:00:00,686.3900146,689.3800049,692.5999756,672.5100098,321600.0,662.4172363
2020-05-06 00:00:00,684.1900024,680.4099731,701.1500244,680.25,388300.0,660.2940674
2020-05-07 00:00:00,675.3400269,662.0100098,679.1500244,656.0,663100.0,651.7532959
2020-05-08 00:00:00,678.1599731,679.8900146,686.9899902,671.3499756,439400.0,654.4745483
2020-05-11 00:00:00,678.0,672.4699707,686.8900146,670.4500122,558900.0,654.3202515
2020-05-12 00:00:00,663.6500244,668.5100098,676.2999878,660.0,1527300.0,640.4715576
2020-05-13 00:00:00,678.7999878,663.4799805,686.3300171,663.25,1572000.0,655.0922852
2020-05-14 00:00:00,659.2600098,679.6199951,682.1699829,645.9000244,800500.0,636.2348022
2020-05-15 00:00:00,658.6599731,656.8800049,662.3499756,646.5800171,564600.0,635.6557617
2020-05-18 00:00:00,662.3800049,680.75,680.75,659.3900146,586600.0,639.2459106
2020-05-19 00:00:00,650.1300049,663.0,669.9799805,649.2000122,455600.0,629.9534302
2020-05-20 00:00:00,655.4799805,653.539978,656.210022,647.1099854,590200.0,635.1374512
2020-05-21 00:00:00,644.4000244,650.0,653.7700195,639.4299927,512300.0,624.4013062
2020-05-22 00:00:00,670.0200195,643.1099854,671.4099731,641.9199829,503000.0,649.2262573
2020-05-26 00:00:00,658.0100098,681.0999756,685.0,656.5900269,573200.0,637.5888672
2020-05-27 00:00:00,675.539978,666.5599976,676.3499756,646.5599976,555400.0,654.5748901
2020-05-28 00:00:00,693.3499756,681.6699829,694.7999878,676.7399902,441200.0,671.8320923
2020-05-29 00:00:00,697.6300049,697.1799927,700.4899902,685.3699951,589300.0,675.9793091
2020-06-01 00:00:00,710.1699829,699.8699951,716.3200073,696.8300171,447200.0,688.130188
2020-06-02 00:00:00,696.6900024,718.3300171,718.3300171,687.9400024,621400.0,675.0685425
2020-06-03 00:00:00,688.9899902,691.6900024,696.0200195,682.5900269,436700.0,667.6074829
2020-06-04 00:00:00,665.1799927,680.8599854,688.0300293,660.1900024,508300.0,644.536377
2020-06-05 00:00:00,673.5,662.7399902,675.0900269,647.7600098,828400.0,652.5982666
2020-06-08 00:00:00,676.2399902,661.6799927,676.6199951,661.6799927,563500.0,655.2531128
2020-06-09 00:00:00,691.2199707,679.8800049,694.0700073,675.4000244,525800.0,669.7682495
2020-06-10 00:00:00,695.5300293,695.2299805,699.8699951,680.5100098,473400.0,673.944458
2020-06-11 00:00:00,660.7000122,693.1900024,693.1900024,659.789978,582100.0,640.1955566
2020-06-12 00:00:00,676.6400146,668.6900024,680.0,663.4400024,539300.0,655.6407471
2020-06-15 00:00:00,694.5300293,669.289978,695.6199951,661.8300171,546900.0,672.9755249
2020-06-16 00:00:00,697.2000122,702.0,710.0,687.4199829,570900.0,675.562561
2020-06-17 00:00:00,698.0,702.0900269,704.4699707,694.1500244,392200.0,676.3377686
2020-06-18 00:00:00,696.5100098,696.5499878,699.3800049,689.2800293,313100.0,674.894043
2020-06-19 00:00:00,711.4299927,713.4199829,714.0,688.5599976,1364400.0,689.3509521
2020-06-22 00:00:00,697.1400146,709.1699829,710.9799805,692.710022,603600.0,675.5045166
2020-06-23 00:00:00,694.6900024,700.0,705.0,688.5999756,594900.0,673.1304932
2020-06-24 00:00:00,689.6300049,690.0,694.5599976,678.4299927,522200.0,668.2276001
2020-06-25 00:00:00,696.8400269,684.5200195,698.2000122,683.6400146,487600.0,675.2138672
2020-06-26 00:00:00,686.539978,697.1400146,698.0100098,682.9400024,563500.0,665.2333984
2020-06-29 00:00:00,688.9199829,692.7999878,693.0,684.0800171,319100.0,667.5396729
2020-06-30 00:00:00,702.2999878,698.5,704.9299927,690.4899902,470000.0,680.5043335
2020-07-01 00:00:00,728.1699829,703.039978,730.539978,701.2000122,573400.0,705.5714722
2020-07-02 00:00:00,718.4099731,732.7999878,735.9899902,716.960022,433100.0,696.1143799
2020-07-06 00:00:00,722.6699829,723.3800049,728.5300293,713.460022,421300.0,700.2420654
2020-07-07 00:00:00,721.0700073,718.4500122,730.7800293,715.9899902,316000.0,698.6917725
2020-07-08 00:00:00,720.3499756,725.5700073,730.6599731,714.6099854,333600.0,697.9942627
2020-07-09 00:00:00,728.6900024,721.789978,733.0300293,715.1099854,239200.0,706.0753784
2020-07-10 00:00:00,716.5900269,734.9799805,734.9799805,713.5900269,339600.0,694.3508911
2020-07-13 00:00:00,701.1199951,720.2399902,723.75,698.0200195,439200.0,679.3610229
2020-07-14 00:00:00,716.9099731,716.8200073,718.9899902,697.2800293,333100.0,694.6608887
2020-07-15 00:00:00,713.8800049,724.1699829,724.7700195,710.9500122,367600.0,691.7249756
2020-07-16 00:00:00,714.0900269,716.4000244,717.9899902,707.1300049,228000.0,691.9284668
2020-07-17 00:00:00,724.2299805,717.2999878,730.8900146,709.0700073,338900.0,701.7537842
2020-07-20 00:00:00,731.8400269,726.0300293,734.7199707,721.5800171,299200.0,709.1275635
2020-07-21 00:00:00,725.9799805,735.5,735.5,724.460022,278200.0,703.4494629
2020-07-22 00:00:00,735.5200195,729.75,737.7700195,725.0,279400.0,712.6934204
2020-07-23 00:00:00,736.6900024,738.6400146,744.460022,728.2700195,336500.0,713.8270264
2020-07-24 00:00:00,737.3900146,729.8099976,739.5100098,729.5700073,252900.0,714.5053101
2020-07-27 00:00:00,754.0,737.7000122,756.0900269,735.0300293,399400.0,730.5998535
2020-07-28 00:00:00,752.5300293,762.3900146,762.3900146,748.5,401500.0,729.1755981
2020-07-29 00:00:00,770.0,760.0999756,770.8800049,756.1599731,379500.0,746.1032715
2020-07-30 00:00:00,777.9500122,780.0,787.7000122,770.0,461400.0,753.8065796
2020-07-31 00:00:00,785.4799805,774.1799927,785.7999878,770.8800049,334600.0,761.1029663
2020-08-03 00:00:00,779.1199951,776.6400146,785.4699707,775.1900024,386500.0,754.9403076
2020-08-04 00:00:00,793.4299927,783.460022,794.7199707,775.0300293,382900.0,768.8061523
2020-08-05 00:00:00,794.039978,799.0,799.0,786.2399902,250100.0,769.3973389
2020-08-06 00:00:00,792.0599976,787.6699829,793.7800293,786.4699707,254300.0,767.4786377
2020-08-07 00:00:00,791.7000122,791.6900024,798.4799805,788.4400024,224900.0,767.1298828
2020-08-10 00:00:00,782.7399902,797.9500122,805.8099976,780.0300293,307700.0,758.447937
2020-08-11 00:00:00,758.1699829,781.460022,781.460022,754.9199829,505600.0,734.6404419
2020-08-12 00:00:00,772.9899902,764.6799927,776.210022,756.6199951,315300.0,749.0005493
2020-08-13 00:00:00,770.1199951,769.3200073,778.1699829,767.9400024,284500.0,746.2196655
2020-08-14 00:00:00,762.0100098,771.2000122,776.3400269,758.1099854,361600.0,738.3613281
2020-08-17 00:00:00,772.0800171,758.3599854,773.0100098,758.3599854,390700.0,748.1187744
2020-08-18 00:00:00,786.8499756,772.0,789.9799805,770.460022,453600.0,765.0662231
2020-08-19 00:00:00,778.710022,794.6300049,794.6300049,774.2299805,334000.0,757.1516724
2020-08-20 00:00:00,784.9099731,776.6199951,788.0900269,776.6199951,312100.0,763.1799316
2020-08-21 00:00:00,782.1699829,787.710022,787.710022,774.6300049,504600.0,760.5158081
2020-08-24 00:00:00,772.4699707,785.0,785.0,763.1300049,371200.0,751.0843506
2020-08-25 00:00:00,779.710022,776.3200073,782.0599976,771.4799805,186200.0,758.1239014
2020-08-26 00:00:00,782.0,781.5700073,782.5,770.3900146,313500.0,760.350647
2020-08-27 00:00:00,789.6500244,787.0300293,795.5,783.0,302800.0,767.7886963
2020-08-28 00:00:00,787.0200195,788.2800293,788.2800293,778.1300049,286900.0,765.2315063
2020-08-31 00:00:00,789.7800293,788.0,796.3900146,787.5300293,580500.0,767.9151611
2020-09-01 00:00:00,789.7999878,790.1599731,793.0,773.539978,306400.0,767.9345703
2020-09-02 00:00:00,799.6099854,787.0,801.9799805,776.6400146,535800.0,777.4729004
2020-09-03 00:00:00,762.4500122,789.6300049,793.4299927,754.710022,449800.0,741.3417358
2020-09-04 00:00:00,752.1799927,762.0499878,767.4000244,737.8699951,399900.0,731.3561401
2020-09-08 00:00:00,741.0499878,743.5999756,753.4400024,738.0800171,362600.0,720.5342407
2020-09-09 00:00:00,753.4199829,749.0,760.8800049,746.539978,320500.0,732.5617065
2020-09-10 00:00:00,742.8699951,752.2299805,753.8099976,742.0,274800.0,722.303833
2020-09-11 00:00:00,747.789978,747.1099854,750.7600098,737.9699707,222000.0,727.0875854
2020-09-14 00:00:00,756.039978,751.6900024,761.1799927,747.0,278400.0,735.1091919
2020-09-15 00:00:00,768.4500122,759.0700073,773.3099976,759.0700073,218000.0,747.1757202
2020-09-16 00:00:00,767.3400269,778.8099976,783.3900146,766.5300293,264500.0,746.0964355
2020-09-17 00:00:00,755.6500244,763.5,766.5200195,744.7299805,294500.0,734.7300415
2020-09-18 00:00:00,752.0700073,754.7399902,757.8400269,746.6699829,421300.0,731.2491455
2020-09-21 00:00:00,745.5499878,750.0,751.3200073,730.0100098,350000.0,724.9096069
2020-09-22 00:00:00,750.0,742.5800171,756.3300171,742.5800171,327200.0,729.2364502
2020-09-23 00:00:00,730.6699829,729.3900146,754.1199951,729.3900146,317500.0,710.4415283
2020-09-24 00:00:00,733.7299805,734.2700195,744.8300171,730.6900024,346900.0,713.4168701
2020-09-25 00:00:00,751.3200073,732.6199951,751.6799927,731.9400024,251100.0,730.5198975
2020-09-28 00:00:00,764.8099976,766.9699707,771.4299927,760.4899902,333100.0,743.6364136
2020-09-29 00:00:00,763.460022,764.8099976,768.5999756,760.4199829,290400.0,742.3237915
2020-09-30 00:00:00,760.1300049,767.5700073,770.1599731,752.6799927,442200.0,739.0860596
2020-10-01 00:00:00,768.3499756,764.2600098,771.6099854,756.0200195,378200.0,747.0783691
2020-10-02 00:00:00,778.0,764.3800049,779.8099976,760.3400269,446700.0,756.4613647
2020-10-05 00:00:00,788.2600098,777.789978,788.2700195,762.8099976,301100.0,766.4372559
2020-10-06 00:00:00,790.8300171,787.4199829,796.9400024,775.0,394500.0,768.9360962
2020-10-07 00:00:00,803.2600098,790.8200073,805.7700195,789.6099854,347200.0,781.0219116
2020-10-08 00:00:00,824.4000244,803.039978,835.5900269,797.5,613100.0,801.5767212
2020-10-09 00:00:00,829.3499756,834.2800293,834.2800293,825.5499878,356600.0,806.3896484
2020-10-12 00:00:00,835.0,832.8800049,839.7700195,823.9400024,301500.0,811.8832397
2020-10-13 00:00:00,826.1099854,838.2600098,838.2600098,822.0300293,305500.0,803.2393799
2020-10-14 00:00:00,817.4000244,823.8900146,828.1099854,812.6099854,472900.0,794.7705688
2020-10-15 00:00:00,814.8300171,814.0100098,822.0,811.4699707,255200.0,792.2716675
2020-10-16 00:00:00,817.6900024,816.2600098,826.7999878,812.0800171,324900.0,795.0525513
2020-10-19 00:00:00,810.0,820.1400146,822.7700195,808.3499756,284000.0,787.5753174
2020-10-20 00:00:00,804.9400024,810.7800293,813.3499756,800.0,300100.0,782.6554565
2020-10-21 00:00:00,803.1599731,802.7800293,806.9299927,797.5200195,307600.0,780.9246826
2020-10-22 00:00:00,777.5499878,806.1199951,809.4299927,776.3400269,419000.0,756.0236816
2020-10-23 00:00:00,777.0300293,778.0,781.0900269,769.5100098,378100.0,755.5180664
2020-10-26 00:00:00,770.4799805,777.0,777.0,762.5,293300.0,749.1494141
2020-10-27 00:00:00,773.3099976,778.7999878,778.7999878,767.1099854,308600.0,751.901001
2020-10-28 00:00:00,756.0700073,763.1900024,771.6799927,755.0100098,487600.0,735.1383667
2020-10-29 00:00:00,740.6799927,767.7399902,767.7399902,737.7999878,574100.0,720.1744385
2020-10-30 00:00:00,731.2399902,731.460022,739.710022,719.8599854,413400.0,710.9957886
2020-11-02 00:00:00,738.3200073,740.25,748.0,729.8400269,426500.0,717.8798828
2020-11-03 00:00:00,752.2800293,742.5999756,755.3300171,738.3699951,313800.0,731.4533081
2020-11-04 00:00:00,777.289978,759.3499756,787.0,758.7199707,363800.0,755.770874
2020-11-05 00:00:00,781.0499878,790.0,795.3400269,779.75,335200.0,759.4268188
2020-11-06 00:00:00,794.3900146,790.7199707,797.2700195,781.25,471500.0,772.397522
2020-11-09 00:00:00,743.210022,800.4099731,808.0200195,740.539978,852400.0,722.6344604
2020-11-10 00:00:00,726.7700195,743.1300049,743.8699951,716.0300293,770200.0,706.6496582
2020-11-11 00:00:00,760.8499756,733.7199707,766.0499878,731.0,554800.0,739.7860107
2020-11-12 00:00:00,760.3099976,767.1199951,767.2199707,754.3300171,390100.0,739.2609253
2020-11-13 00:00:00,760.8099976,764.5999756,766.2999878,755.3099976,313700.0,739.7471313
2020-11-16 00:00:00,755.0900269,762.5700073,764.4799805,736.2000122,405000.0,734.1854858
2020-11-17 00:00:00,751.1799927,750.6099854,755.0,743.8200073,512200.0,732.9658203
2020-11-18 00:00:00,734.3200073,747.8900146,758.0999756,733.3699951,658500.0,716.5146484
2020-11-19 00:00:00,730.5900269,737.7299805,737.7299805,727.75,444500.0,712.875061
2020-11-20 00:00:00,728.1199951,732.9699707,742.3200073,725.5499878,538300.0,710.4649658
2020-11-23 00:00:00,711.460022,727.2000122,733.0,709.3800049,516500.0,694.2089233
2020-11-24 00:00:00,692.3800049,714.9500122,715.8499756,690.0599976,1209900.0,675.5915527
2020-11-25 00:00:00,693.539978,698.9899902,705.3499756,686.7700195,880700.0,676.7233887
2020-11-27 00:00:00,700.5200195,701.039978,705.7000122,691.6300049,469700.0,683.5342407
2020-11-30 00:00:00,697.789978,701.5999756,706.7299805,695.4400024,1021700.0,680.8703613
2020-12-01 00:00:00,712.5800171,706.5900269,714.8599854,700.0300293,798100.0,695.3018799
2020-12-02 00:00:00,690.6199951,710.0,712.9299927,688.1400146,552200.0,673.8742065
2020-12-03 00:00:00,692.6500244,701.7299805,701.7299805,689.7800293,669100.0,675.8550415
2020-12-04 00:00:00,708.3300171,692.9000244,712.960022,690.4899902,632900.0,691.1547852
2020-12-07 00:00:00,697.5499878,714.960022,717.7600098,694.3800049,682000.0,680.6361694
2020-12-08 00:00:00,695.2800293,705.0,706.4099731,692.1300049,454200.0,678.4213867
2020-12-09 00:00:00,678.4000244,702.9099731,703.8900146,675.8400269,596900.0,661.9506226
2020-12-10 00:00:00,686.9899902,676.0300293,689.25,676.0300293,419700.0,670.3322754
2020-12-11 00:00:00,688.8599854,685.460022,689.7000122,671.9000244,455000.0,672.1569214
2020-12-14 00:00:00,690.0300293,688.9799805,699.75,687.0,454000.0,673.298584
2020-12-15 00:00:00,695.6400146,696.5200195,698.289978,687.4500122,414600.0,678.772583
2020-12-16 00:00:00,690.1900024,699.4899902,702.5200195,686.9299927,379100.0,673.4546509
2020-12-17 00:00:00,712.7399902,696.3699951,717.7299805,695.8200073,565400.0,695.4578247
2020-12-18 00:00:00,709.7299805,713.7999878,713.7999878,704.1300049,862000.0,692.520874
2020-12-21 00:00:00,704.4000244,701.3300171,706.3900146,697.0800171,516300.0,687.3201904
2020-12-22 00:00:00,713.4400024,700.0,714.0900269,698.0800171,371400.0,696.1409302
2020-12-23 00:00:00,703.0800171,714.9199829,719.2399902,703.0800171,342400.0,686.0321045
2020-12-24 00:00:00,705.9400024,707.9400024,711.4299927,702.6099854,97300.0,688.8227539
2020-12-28 00:00:00,709.8800049,707.8499756,710.75,703.3200073,265300.0,692.6672363
2020-12-29 00:00:00,708.7800293,715.0,716.2299805,705.5,230800.0,691.5939331
2020-12-30 00:00:00,700.4000244,711.5800171,715.6699829,698.2600098,348300.0,683.4171143
2020-12-31 00:00:00,714.1799927,701.4799805,714.9299927,697.2800293,293500.0,696.8629761
2021-01-04 00:00:00,692.5599976,718.3400269,719.2399902,691.6300049,567100.0,675.7671509
2021-01-05 00:00:00,691.539978,698.0,698.8599854,690.2299805,473600.0,674.7718506
2021-01-06 00:00:00,668.960022,685.0,686.5300293,663.8499756,568600.0,652.7393799
2021-01-07 00:00:00,678.9699707,673.2199707,684.25,670.3200073,698000.0,662.5067139
2021-01-08 00:00:00,692.460022,686.3099976,698.6500244,683.7600098,624200.0,675.6696167
2021-01-11 00:00:00,682.3900146,696.9899902,699.9500122,680.7999878,502400.0,665.843811
2021-01-12 00:00:00,676.5300293,681.3300171,681.7600098,660.7199707,412300.0,660.1259155
2021-01-13 00:00:00,690.1199951,681.4500122,691.5800171,678.7700195,455300.0,673.3863525
2021-01-14 00:00:00,689.6699829,689.0499878,692.8800049,684.9500122,530100.0,672.9473267
2021-01-15 00:00:00,707.7600098,690.9400024,709.8599854,690.7299805,549800.0,690.5986328
2021-01-19 00:00:00,716.3200073,716.8300171,722.9899902,711.6400146,558500.0,698.9511108
2021-01-20 00:00:00,727.7399902,718.2299805,734.5300293,715.0,456100.0,710.0941772
2021-01-21 00:00:00,719.9000244,727.2199707,729.0800171,716.7600098,318300.0,702.4442749
2021-01-22 00:00:00,721.1599731,720.1799927,728.9299927,720.1799927,484900.0,703.6737061
2021-01-25 00:00:00,723.1599731,728.460022,728.8599854,719.3499756,315700.0,705.6252441
2021-01-26 00:00:00,735.2399902,721.2800293,736.0,719.5499878,369900.0,717.4122925
2021-01-27 00:00:00,731.7000122,737.3200073,737.3200073,730.0,492700.0,713.9580688
2021-01-28 00:00:00,738.2299805,729.0,747.4299927,724.1099854,450100.0,720.3297729
2021-01-29 00:00:00,739.960022,733.4699707,745.5,726.3599854,487800.0,722.0178833
2021-02-01 00:00:00,756.7199707,737.960022,759.5599976,731.5,343800.0,738.3713989
2021-02-02 00:00:00,768.5700073,760.0900269,770.3499756,758.2800293,575800.0,749.9341431
2021-02-03 00:00:00,754.8900146,764.0999756,766.0,745.8900146,320100.0,736.5859375
2021-02-04 00:00:00,746.9099731,760.0200195,760.0200195,742.0100098,421100.0,728.7993774
2021-02-05 00:00:00,754.289978,749.1199951,756.289978,740.9500122,378200.0,736.0003662
2021-02-08 00:00:00,747.4099731,751.0200195,754.5499878,739.1599731,371700.0,729.2871704
2021-02-09 00:00:00,750.4699707,751.4299927,755.2600098,742.5900269,299700.0,732.2730103
2021-02-10 00:00:00,751.0,756.9400024,758.5200195,748.2299805,465800.0,732.7901611
2021-02-11 00:00:00,717.7000122,749.25,758.6199951,711.0999756,798600.0,700.2976685
2021-02-12 00:00:00,709.8099976,711.2299805,724.1699829,700.0200195,638700.0,692.598877
2021-02-16 00:00:00,688.0900269,723.6400146,724.0,684.4699707,617200.0,671.4055786
2021-02-17 00:00:00,694.4299927,686.2299805,700.3200073,684.6500244,561700.0,677.5917969
2021-02-18 00:00:00,685.5599976,692.9199829,692.9199829,682.6199951,964800.0,668.9369507
2021-02-19 00:00:00,680.2199707,694.7299805,700.3800049,674.2600098,727300.0,663.7263794
2021-02-22 00:00:00,667.3400269,677.6900024,677.6900024,662.1500244,810600.0,651.1587524
2021-02-23 00:00:00,658.8200073,663.0700073,667.289978,654.210022,871300.0,645.6218872
2021-02-24 00:00:00,639.0,658.789978,660.7600098,637.5300293,1076000.0,626.1990356
2021-02-25 00:00:00,638.3699951,637.0,644.4099731,624.0300293,1367300.0,625.581604
2021-02-26 00:00:00,648.3400269,643.8300171,660.25,640.0,978600.0,635.3518066
2021-03-01 00:00:00,648.2600098,649.3200073,658.6900024,642.0,935100.0,635.2734985
2021-03-02 00:00:00,640.0499878,646.6400146,649.3400269,629.4199829,820400.0,627.2279663
2021-03-03 00:00:00,611.3400269,630.7399902,638.1699829,609.2600098,631400.0,599.0930786
2021-03-04 00:00:00,603.5700073,615.7700195,627.1799927,602.2399902,942600.0,591.4786987
2021-03-05 00:00:00,610.5599976,606.3499756,616.4799805,586.7299805,864300.0,598.3286743
2021-03-08 00:00:00,594.9199829,605.0499878,615.6799927,594.0300293,1030000.0,583.0019531
2021-03-09 00:00:00,622.710022,611.9000244,629.8099976,606.9000244,765800.0,610.2353516
2021-03-10 00:00:00,638.7000122,634.6099854,645.6199951,626.0200195,1029700.0,625.9049683
2021-03-11 00:00:00,654.5900269,640.9799805,661.1900024,640.9799805,731600.0,641.4766846
2021-03-12 00:00:00,668.0,644.4899902,669.4000244,642.8200073,718100.0,654.618042
2021-03-15 00:00:00,669.5499878,662.25,675.5100098,662.25,587400.0,656.1369629
2021-03-16 00:00:00,671.3300171,673.3699951,682.0800171,669.0700073,289000.0,657.8814087
2021-03-17 00:00:00,656.4500122,666.3800049,668.4099731,653.3400269,470100.0,643.2993774
2021-03-18 00:00:00,646.8300171,648.7000122,653.3900146,639.1699829,573800.0,633.8721313
2021-03-19 00:00:00,653.0599976,650.0800171,662.8699951,646.8099976,668900.0,639.977356
2021-03-22 00:00:00,666.6900024,649.7299805,669.6300049,649.7299805,479700.0,653.3342896
2021-03-23 00:00:00,675.7700195,674.1099854,683.8400269,660.5999756,436900.0,662.2323608
2021-03-24 00:00:00,662.3400269,670.9699707,675.75,658.1300049,529100.0,649.0714111
2021-03-25 00:00:00,668.1199951,667.4899902,670.210022,655.3699951,386500.0,654.7356567
2021-03-26 00:00:00,683.6300049,664.2999878,684.0499878,660.4799805,401000.0,669.9349365
2021-03-29 00:00:00,687.8400269,684.9899902,691.2199707,674.0,451600.0,674.0606689
2021-03-30 00:00:00,674.8400269,680.2000122,687.7299805,673.2600098,300800.0,661.3209839
2021-03-31 00:00:00,679.5900269,676.3200073,686.6599731,665.0,413400.0,665.9758301
2021-04-01 00:00:00,678.0,685.7000122,686.0700073,673.3099976,735300.0,664.4177246
2021-04-05 00:00:00,690.2399902,686.2000122,690.7000122,682.3800049,407700.0,676.4124756
2021-04-06 00:00:00,688.710022,687.2299805,691.8099976,682.3699951,447500.0,674.913208
2021-04-07 00:00:00,684.4500122,688.8800049,689.3400269,680.6699829,365100.0,670.7384644
2021-04-08 00:00:00,687.6900024,693.9899902,699.1799927,685.4000244,362500.0,673.9135742
2021-04-09 00:00:00,687.460022,685.9899902,691.6900024,683.039978,319900.0,673.6882324
2021-04-12 00:00:00,691.4299927,688.1199951,692.5499878,679.0300293,355100.0,677.5786743
2021-04-13 00:00:00,705.7700195,694.5,707.4899902,692.6599731,380300.0,691.6314087
2021-04-14 00:00:00,694.3099976,707.0499878,708.8800049,692.6900024,353800.0,680.4009399
2021-04-15 00:00:00,718.8499756,698.25,720.3800049,697.4000244,422800.0,704.4492798
2021-04-16 00:00:00,708.1400146,720.9500122,720.9500122,707.710022,383400.0,693.9539185
2021-04-19 00:00:00,717.289978,709.0,719.6300049,706.0599976,264000.0,702.9205933
2021-04-20 00:00:00,726.2199707,714.3099976,728.9799805,714.1699829,310300.0,711.6716309
2021-04-21 00:00:00,726.1300049,728.289978,735.7700195,724.1400146,422600.0,711.5834351
2021-04-22 00:00:00,717.9699707,710.5100098,724.7299805,710.0100098,336600.0,703.5869141
2021-04-23 00:00:00,718.1099854,716.960022,722.9299927,715.1400146,366300.0,703.7241211
2021-04-26 00:00:00,716.9699707,719.539978,720.0,710.0,266000.0,702.6069336
2021-04-27 00:00:00,713.8800049,723.7999878,723.7999878,710.25,271500.0,699.5788574
2021-04-28 00:00:00,707.3800049,715.0100098,715.4899902,703.9500122,403900.0,693.2091675
2021-04-29 00:00:00,706.0800171,722.4199829,722.4199829,695.0200195,503400.0,691.9351807
2021-04-30 00:00:00,720.7600098,703.960022,725.4500122,703.789978,669800.0,706.321106
2021-05-03 00:00:00,711.0499878,720.7800293,720.9899902,708.789978,469600.0,696.805481
2021-05-04 00:00:00,710.0300293,711.9000244,718.539978,705.3800049,676800.0,695.8060913
2021-05-05 00:00:00,693.0,703.6500244,710.0,690.8300171,472900.0,679.1171875
2021-05-06 00:00:00,699.0800171,693.6300049,702.5100098,690.5999756,355100.0,685.0753784
2021-05-07 00:00:00,713.4500122,696.8200073,714.2999878,696.8200073,379200.0,699.1575928
2021-05-10 00:00:00,720.0,715.4799805,723.789978,708.1699829,522700.0,705.5762939
2021-05-11 00:00:00,718.039978,716.9099731,718.8599854,704.9699707,376100.0,703.6555176
2021-05-12 00:00:00,705.3599854,710.4500122,712.6199951,704.2299805,518900.0,691.2296143
2021-05-13 00:00:00,715.4299927,706.7299805,720.6300049,701.0300293,383700.0,701.0979004
2021-05-14 00:00:00,722.0200195,719.8099976,727.9699707,714.4299927,322400.0,707.5558472
2021-05-17 00:00:00,715.0300293,714.960022,721.9199829,711.3900146,415400.0,700.7058716
2021-05-18 00:00:00,715.3300171,714.0700073,720.289978,704.9000244,249700.0,703.8248901
2021-05-19 00:00:00,715.3599854,710.2600098,719.9699707,707.4299927,286000.0,703.8544312
2021-05-20 00:00:00,728.1199951,715.1699829,733.9199829,714.8200073,434900.0,716.4091797
2021-05-21 00:00:00,725.2199707,722.0,731.6599731,721.4400024,621800.0,713.5558472
2021-05-24 00:00:00,723.2999878,724.0,733.4899902,719.7199707,640200.0,711.666687
2021-05-25 00:00:00,735.2600098,726.6500244,737.0900269,718.4899902,325200.0,723.4343872
2021-05-26 00:00:00,735.3900146,740.0200195,742.9000244,733.0700073,425100.0,723.5623169
2021-05-27 00:00:00,735.0900269,734.5599976,736.5700073,727.5100098,395500.0,723.2670898
2021-05-28 00:00:00,736.7199707,741.5300293,745.8599854,735.8900146,314700.0,724.8707886
2021-06-01 00:00:00,739.4199829,739.5300293,740.9000244,733.039978,419800.0,727.5274048
2021-06-02 00:00:00,758.1300049,743.9199829,759.8599854,741.5800171,561600.0,745.9365234
2021-06-03 00:00:00,777.039978,750.1099854,779.1400146,750.1099854,723100.0,764.5423584
2021-06-04 00:00:00,785.3900146,779.4199829,788.6900024,776.2700195,573200.0,772.7580566
2021-06-07 00:00:00,795.0599976,791.2299805,807.7199707,787.3499756,778500.0,782.272522
2021-06-08 00:00:00,816.6599731,799.9899902,818.3300171,799.9899902,622600.0,803.5251465
2021-06-09 00:00:00,810.0100098,814.960022,819.539978,808.1900024,532700.0,796.9821167
2021-06-10 00:00:00,822.9899902,808.1599731,828.6900024,806.8200073,542400.0,809.7533569
2021-06-11 00:00:00,816.039978,812.9699707,820.5499878,812.6599731,590100.0,802.9151001
2021-06-14 00:00:00,823.9899902,814.7700195,825.5999756,811.539978,490800.0,810.7372437
2021-06-15 00:00:00,809.0,819.7600098,826.2800293,807.0300293,526300.0,795.9883423
2021-06-16 00:00:00,809.9699707,813.0,819.6799927,806.75,636400.0,796.942688
2021-06-17 00:00:00,815.460022,809.9699707,816.8200073,805.9000244,661400.0,802.3444824
2021-06-18 00:00:00,822.7700195,815.5,829.6099854,799.8400269,3751600.0,809.5368652
2021-06-21 00:00:00,822.5,818.6699829,826.8099976,802.6500244,1036800.0,809.2711792
2021-06-22 00:00:00,822.5700073,823.6500244,824.9899902,811.5700073,573600.0,809.3400879
2021-06-23 00:00:00,803.5599976,821.6199951,824.7199707,792.0300293,909400.0,790.6357422
2021-06-24 00:00:00,779.3200073,804.0100098,809.6300049,772.9500122,1107300.0,766.7857056
2021-06-25 00:00:00,783.4000244,780.1900024,785.7700195,774.3200073,1128500.0,770.8001099
2021-06-28 00:00:00,798.5200195,789.3400269,798.9000244,783.0200195,675100.0,785.6769409
2021-06-29 00:00:00,802.3300171,792.0200195,804.0999756,789.3900146,493400.0,789.4255981
2021-06-30 00:00:00,802.5999756,808.2999878,809.8499756,798.5900269,717100.0,789.6912231
2021-07-01 00:00:00,797.6400146,800.5599976,808.5999756,795.2000122,506100.0,784.8110962
2021-07-02 00:00:00,800.5,800.6400146,804.3099976,796.0100098,379900.0,787.6251221
2021-07-06 00:00:00,819.1099854,801.3800049,819.8499756,799.9899902,458300.0,805.93573
2021-07-07 00:00:00,827.8099976,822.7800293,831.7199707,817.2199707,525800.0,814.4957886
2021-07-08 00:00:00,828.1900024,825.0,832.9199829,820.6300049,402400.0,814.8696899
2021-07-09 00:00:00,820.3200073,827.8900146,834.0,812.9799805,480900.0,807.1262817
2021-07-12 00:00:00,829.5499878,823.0499878,833.9400024,815.6900024,600700.0,816.2078247
2021-07-13 00:00:00,823.039978,826.2999878,835.710022,821.5599976,398200.0,809.8024902
2021-07-14 00:00:00,831.8400269,822.3200073,834.7700195,818.9000244,412400.0,818.4609985
2021-07-15 00:00:00,834.039978,832.6500244,835.710022,824.6500244,310200.0,820.6256714
2021-07-16 00:00:00,831.4699707,834.1599731,845.6199951,829.289978,541600.0,818.0969238
2021-07-19 00:00:00,834.2999878,828.3599854,838.8599854,824.1599731,477800.0,820.8814087
2021-07-20 00:00:00,832.6500244,838.5,840.0,828.1799927,409400.0,819.2579346
2021-07-21 00:00:00,819.7600098,829.5300293,829.5300293,812.8400269,582300.0,806.5753174
2021-07-22 00:00:00,820.8200073,823.2299805,826.789978,817.5700073,377700.0,807.6182251
2021-07-23 00:00:00,833.4799805,820.6099854,835.460022,815.960022,348600.0,820.074585
2021-07-26 00:00:00,829.5100098,831.9899902,835.0200195,823.8499756,393900.0,816.168457
2021-07-27 00:00:00,841.8300171,827.6599731,842.5300293,825.3900146,392400.0,828.2903442
2021-07-28 00:00:00,836.3099976,836.2600098,841.5900269,832.3200073,390600.0,822.8590698
2021-07-29 00:00:00,786.3800049,825.4199829,836.25,784.289978,883700.0,773.7321167
2021-07-30 00:00:00,820.4099731,790.960022,829.7399902,790.960022,676400.0,807.2148438
2021-08-02 00:00:00,818.9899902,820.0,826.0599976,813.4199829,505700.0,805.817627
2021-08-03 00:00:00,820.3099976,822.8900146,834.0,816.1500244,478900.0,807.1164551
2021-08-04 00:00:00,828.3400269,821.960022,832.8499756,818.8400269,331500.0,815.0172119
2021-08-05 00:00:00,830.6199951,832.0800171,833.9000244,822.5200195,334800.0,817.2606201
2021-08-06 00:00:00,820.1500244,825.3699951,829.039978,818.6099854,525200.0,806.9590454
2021-08-09 00:00:00,814.9899902,824.0200195,824.0200195,814.289978,422100.0,801.881958
2021-08-10 00:00:00,797.9699707,818.1799927,818.1799927,797.6500244,487900.0,785.1357422
2021-08-11 00:00:00,806.8800049,803.2700195,809.9000244,797.6699829,596200.0,793.9024048
2021-08-12 00:00:00,811.7199707,809.7199707,817.0300293,805.210022,454300.0,798.6645508
2021-08-13 00:00:00,814.0900269,813.6500244,817.0800171,805.2000122,315700.0,800.996521
2021-08-16 00:00:00,822.9400024,814.0700073,824.2800293,814.0700073,300600.0,809.7041626
2021-08-17 00:00:00,827.8099976,820.0,829.0800171,816.0599976,295400.0,817.3463135
2021-08-18 00:00:00,814.2700195,824.4799805,826.0200195,811.9400024,269400.0,803.977417
2021-08-19 00:00:00,833.960022,814.2700195,838.0,811.2299805,451800.0,823.4185181
2021-08-20 00:00:00,835.6300049,833.1300049,843.5,829.789978,339200.0,825.0674438
2021-08-23 00:00:00,835.5700073,835.0,840.0,830.1699829,392300.0,825.0081177
2021-08-24 00:00:00,820.2399902,838.0,838.0,819.2999878,349800.0,809.8719482
2021-08-25 00:00:00,807.5300293,819.0900269,821.4799805,801.2000122,317200.0,797.3226929
2021-08-26 00:00:00,824.9899902,807.5300293,830.1799927,807.5300293,516000.0,814.5618896
2021-08-27 00:00:00,824.8099976,827.9000244,830.2600098,819.0,384300.0,814.3842163
2021-08-30 00:00:00,840.0300293,825.5,842.789978,824.6500244,322600.0,829.4118652
2021-08-31 00:00:00,843.4500122,840.0,848.4799805,833.8300171,508100.0,832.7885742
2021-09-01 00:00:00,868.8400269,837.9299927,869.8800049,837.9299927,477500.0,857.857605
2021-09-02 00:00:00,874.4299927,866.0499878,875.789978,852.1099854,616700.0,863.3769531
2021-09-03 00:00:00,882.8300171,866.789978,885.2600098,866.0,516500.0,871.6707764
2021-09-07 00:00:00,881.7600098,865.5,884.2299805,859.5599976,447700.0,870.6143188
2021-09-08 00:00:00,882.3099976,880.7199707,883.2399902,874.0900269,331700.0,871.1574097
2021-09-09 00:00:00,854.5599976,877.8200073,878.0900269,852.4199829,533000.0,843.7581177
2021-09-10 00:00:00,844.0,845.6699829,850.8900146,832.9099731,475200.0,833.331604
2021-09-13 00:00:00,839.539978,850.0,852.9299927,833.460022,435900.0,828.9279175
2021-09-14 00:00:00,834.8900146,847.0,852.5700073,832.789978,609100.0,824.336792
2021-09-15 00:00:00,843.4400024,843.7999878,850.1500244,833.0800171,466700.0,832.7787476
2021-09-16 00:00:00,853.25,841.5900269,855.4099731,838.2000122,514400.0,842.4647217
2021-09-17 00:00:00,872.5800171,848.75,873.7700195,844.0800171,3852500.0,861.550354
2021-09-20 00:00:00,850.2299805,861.8099976,871.2399902,840.9799805,856800.0,839.4828491
2021-09-21 00:00:00,848.2000122,850.0,861.4899902,848.1400146,392300.0,837.4785767
2021-09-22 00:00:00,860.1199951,850.7399902,864.3400269,842.7199707,557900.0,849.2478638
2021-09-23 00:00:00,848.0100098,861.1099854,868.8200073,834.0499878,637200.0,837.2909546
2021-09-24 00:00:00,834.6799927,846.5100098,847.8400269,828.5200195,472800.0,824.1293945
2021-09-27 00:00:00,807.5300293,827.6900024,828.9000244,807.0900269,489300.0,797.3226929
2021-09-28 00:00:00,798.9400024,800.0,802.9299927,786.8900146,517300.0,788.8411865
2021-09-29 00:00:00,801.5800171,802.75,810.7600098,800.4199829,376400.0,791.4478149
2021-09-30 00:00:00,790.1300049,808.3699951,812.0700073,789.0700073,522100.0,780.1425781
2021-10-01 00:00:00,789.3200073,793.0,796.3800049,780.4400024,515100.0,779.3427734
2021-10-04 00:00:00,785.6099854,790.8099976,795.7399902,779.5800171,405300.0,775.6796875
2021-10-05 00:00:00,760.0700073,774.0,776.7800293,755.6500244,675400.0,750.4625854
2021-10-06 00:00:00,762.3200073,762.0,766.2800293,747.8800049,725900.0,752.684082
2021-10-07 00:00:00,766.4899902,765.7199707,774.9000244,760.8699951,535500.0,756.8013916
2021-10-08 00:00:00,750.960022,762.6799927,765.1400146,748.0300293,468800.0,741.4677124
2021-10-11 00:00:00,750.0100098,754.1699829,755.0200195,744.789978,320800.0,740.5296631
2021-10-12 00:00:00,759.4299927,748.7399902,760.4199829,746.2199707,352000.0,749.8306274
2021-10-13 00:00:00,763.4500122,755.7399902,767.8900146,755.7399902,386600.0,753.7998047
2021-10-14 00:00:00,769.6500244,769.3300171,776.25,766.1900024,353500.0,759.9214478
2021-10-15 00:00:00,781.3900146,772.2299805,784.4899902,768.0800171,544200.0,771.5130615
2021-10-18 00:00:00,767.7700195,775.4400024,781.9899902,766.8900146,475000.0,758.0652466
2021-10-19 00:00:00,779.6699829,775.0200195,780.0,769.1199951,549700.0,769.8147583
2021-10-20 00:00:00,793.8400269,779.6699829,795.7999878,779.6699829,457700.0,783.8056641
2021-10-21 00:00:00,810.1599731,798.8499756,815.1500244,792.7399902,421000.0,799.9193115
2021-10-22 00:00:00,821.0200195,815.7700195,824.539978,811.7800293,308800.0,810.6421509
2021-10-25 00:00:00,822.7800293,820.3099976,829.5,815.3499756,312100.0,812.3798218
2021-10-26 00:00:00,831.8499756,826.0999756,834.5700073,824.2299805,279600.0,821.3352051
2021-10-27 00:00:00,824.8200073,843.5599976,849.5100098,824.4099731,305300.0,814.394043
2021-10-28 00:00:00,847.2999878,824.8200073,847.8400269,824.8200073,331400.0,836.5899048
2021-10-29 00:00:00,837.0700073,842.0100098,849.1099854,833.4299927,512400.0,826.4892578
2021-11-01 00:00:00,830.460022,836.7000122,836.7000122,821.1400146,365500.0,819.9628296
2021-11-02 00:00:00,836.9099731,833.2000122,845.9199829,829.1199951,279800.0,826.3312378
2021-11-03 00:00:00,837.8800049,843.5,847.0,828.1300049,212600.0,827.2890015
2021-11-04 00:00:00,803.5900269,808.0,809.4699707,784.8099976,636200.0,793.4324341
2021-11-05 00:00:00,781.9199829,808.2399902,809.9500122,780.2399902,547700.0,772.036377
2021-11-08 00:00:00,786.9000244,783.0,792.8200073,770.0,424100.0,776.9533691
2021-11-09 00:00:00,797.789978,790.7600098,804.5599976,788.1500244,298200.0,787.7057495
2021-11-10 00:00:00,781.4099731,796.1199951,801.9899902,779.5599976,431400.0,771.5327148
2021-11-11 00:00:00,774.6699829,787.9500122,788.3400269,770.6199951,410000.0,764.8779297
2021-11-12 00:00:00,775.3900146,781.8099976,781.8200073,774.210022,575300.0,765.5889282
2021-11-15 00:00:00,797.8400269,775.75,800.0,775.3900146,739600.0,787.755127
2021-11-16 00:00:00,795.0999756,798.2700195,802.0,794.7800293,427400.0,787.8838501
2021-11-17 00:00:00,798.0,799.8699951,803.6900024,795.6900024,594400.0,790.7575684
2021-11-18 00:00:00,792.8400269,799.9899902,799.9899902,791.210022,330900.0,785.6444702
2021-11-19 00:00:00,788.5300293,800.0,800.7600098,787.4500122,656300.0,781.3735352
2021-11-22 00:00:00,777.210022,787.4699707,788.6199951,774.5700073,531000.0,770.156311
2021-11-23 00:00:00,779.3599854,777.9699707,782.1400146,771.0300293,725100.0,772.2867432
2021-11-24 00:00:00,797.5900269,782.1500244,798.1900024,771.0800171,325500.0,790.3513794
2021-11-26 00:00:00,793.8400269,796.6199951,813.789978,789.539978,325300.0,786.635376
2021-11-29 00:00:00,820.0,796.8300171,822.1300049,790.6099854,589100.0,812.5579224
2021-11-30 00:00:00,812.2000122,817.289978,833.3800049,810.8099976,1068900.0,804.8287354
2021-12-01 00:00:00,803.4500122,815.5200195,823.0,802.4799805,834000.0,796.1581421
2021-12-02 00:00:00,798.6099854,803.5800171,805.210022,791.6799927,457700.0,791.3619995
2021-12-03 00:00:00,794.0300293,807.0200195,807.6199951,783.6199951,393200.0,786.8236084
2021-12-06 00:00:00,796.4699707,795.5300293,799.8599854,789.2199707,299300.0,789.2414551
2021-12-07 00:00:00,812.8599854,803.8300171,818.9199829,800.5900269,316500.0,805.4827271
2021-12-08 00:00:00,814.460022,810.9199829,815.6199951,802.4099731,321900.0,807.0682373
2021-12-09 00:00:00,798.7999878,814.3400269,814.3400269,792.8300171,247400.0,791.550293
2021-12-10 00:00:00,797.8900146,801.1599731,802.2000122,793.7399902,305500.0,790.6486206
2021-12-13 00:00:00,816.1699829,793.789978,820.9099731,793.789978,408100.0,808.7626953
2021-12-14 00:00:00,805.8300171,815.0,815.0,790.3200073,527300.0,798.5165405
2021-12-15 00:00:00,817.0900269,811.2700195,821.4699707,807.539978,462600.0,809.6743164
2021-12-16 00:00:00,822.9000244,820.2700195,829.6900024,818.4500122,385100.0,815.4316406
2021-12-17 00:00:00,822.2600098,811.6300049,830.8800049,811.6300049,713000.0,814.7974243
2021-12-20 00:00:00,822.3499756,817.210022,826.8200073,812.0200195,450900.0,814.8865967
2021-12-21 00:00:00,804.5800171,826.4799805,828.3800049,799.2399902,506500.0,797.2778931
2021-12-22 00:00:00,818.7299805,810.1599731,819.4199829,805.8900146,333200.0,811.2994385
2021-12-23 00:00:00,818.7600098,820.0,821.8200073,813.9099731,433200.0,811.3291626
2021-12-27 00:00:00,835.1099854,823.1300049,835.1199951,818.4199829,296900.0,827.5308228
2021-12-28 00:00:00,838.0100098,835.1099854,842.2000122,829.8900146,242900.0,830.40448
2021-12-29 00:00:00,842.0,840.0100098,843.9000244,833.3300171,248700.0,834.3582764
2021-12-30 00:00:00,845.4899902,842.8300171,847.0999756,833.5599976,239200.0,837.8165894
2021-12-31 00:00:00,845.8400269,847.0700073,853.4199829,843.4000244,278600.0,838.1633911
2022-01-03 00:00:00,836.1099854,845.6799927,847.710022,819.7299805,351800.0,828.5217285
2022-01-04 00:00:00,814.6300049,832.9000244,839.0499878,810.9899902,399000.0,807.2366943
2022-01-05 00:00:00,789.0999756,812.8699951,814.4199829,787.6599731,394800.0,781.9383545
2022-01-06 00:00:00,775.0800171,781.5499878,784.4500122,761.4199829,366700.0,768.0455933
2022-01-07 00:00:00,774.9400024,759.7000122,783.9899902,759.7000122,355700.0,767.9068604
2022-01-10 00:00:00,764.3300171,756.7800293,764.5599976,743.6099854,415300.0,757.3931885
2022-01-11 00:00:00,766.8800049,759.75,767.6500244,749.5100098,322600.0,759.9200439
2022-01-12 00:00:00,764.460022,763.8499756,777.289978,762.0300293,343300.0,757.5220337
2022-01-13 00:00:00,748.1199951,767.7700195,767.9000244,746.4400024,424700.0,741.3303223
2022-01-14 00:00:00,746.7600098,745.0900269,749.4000244,730.0499878,510800.0,739.982605
2022-01-18 00:00:00,742.9400024,733.2999878,745.75,726.710022,460800.0,736.1973267
2022-01-19 00:00:00,730.4899902,742.7999878,752.1500244,729.5900269,471400.0,723.8602905
2022-01-20 00:00:00,730.5100098,732.960022,746.7800293,728.9099731,425300.0,723.880127
2022-01-21 00:00:00,721.5800171,735.6199951,741.7399902,720.9299927,374600.0,715.031189
2022-01-24 00:00:00,730.8400269,720.8599854,731.6799927,700.9799805,620500.0,724.2071533
2022-01-25 00:00:00,719.6699829,728.1599731,730.5,715.0,477800.0,713.1384888
2022-01-26 00:00:00,695.8300171,720.0999756,727.6699829,692.5100098,559700.0,689.5148926
2022-01-27 00:00:00,683.0200195,700.4400024,705.1699829,680.5,487700.0,676.821167
2022-01-28 00:00:00,707.5599976,686.0300293,707.7399902,673.1599731,619300.0,701.1383667
2022-01-31 00:00:00,724.9000244,712.6400146,725.6699829,708.9500122,679000.0,718.3210449
2022-02-01 00:00:00,715.289978,726.75,727.9899902,707.6300049,508900.0,708.7982178
2022-02-02 00:00:00,716.5499878,718.4799805,723.1300049,714.4400024,393700.0,710.046814
2022-02-03 00:00:00,712.9099731,710.5800171,719.0300293,704.1300049,438600.0,706.4398193
2022-02-04 00:00:00,702.1500244,705.0,713.9199829,700.789978,400500.0,695.7774658
2022-02-07 00:00:00,698.1500244,702.0900269,708.0,695.6400146,400300.0,691.8138428
2022-02-08 00:00:00,690.5200195,693.039978,704.0900269,689.5900269,750400.0,684.2530518
2022-02-09 00:00:00,718.6099854,703.6300049,719.5599976,703.6300049,596700.0,712.0880737
2022-02-10 00:00:00,687.7199707,705.1599731,713.6099854,685.9099731,415700.0,681.4783936
2022-02-11 00:00:00,671.5200195,689.1799927,695.7600098,668.9199829,484100.0,665.4254761
2022-02-14 00:00:00,669.3800049,666.8900146,673.9799805,662.4500122,539400.0,663.3048706
2022-02-15 00:00:00,673.3800049,675.5300293,680.6799927,670.2999878,443900.0,667.2686157
2022-02-16 00:00:00,673.5800171,677.6400146,677.6400146,666.2399902,451300.0,667.4667969
2022-02-17 00:00:00,691.6099854,713.1400146,719.9500122,689.4400024,767100.0,685.3331909
2022-02-18 00:00:00,692.9400024,691.1799927,702.5200195,688.2199707,536400.0,686.651062
2022-02-22 00:00:00,680.7700195,679.0,691.7999878,676.0,588800.0,674.5915527
2022-02-23 00:00:00,674.1300049,681.8099976,693.1900024,672.3200073,415800.0,668.0117798
2022-02-24 00:00:00,705.4899902,668.0,709.1900024,662.2600098,832300.0,699.0871582
2022-02-25 00:00:00,715.7399902,700.0,718.5900269,691.8599854,565800.0,709.2441406
2022-02-28 00:00:00,709.7299805,707.6699829,711.0200195,698.6099854,583100.0,703.2886963
2022-03-01 00:00:00,710.7999878,711.4500122,717.0599976,703.6599731,506300.0,704.348999
2022-03-02 00:00:00,709.460022,705.4400024,712.0,699.039978,530500.0,703.0211792
2022-03-03 00:00:00,720.8200073,710.2800293,725.2999878,709.0200195,406900.0,714.2780762
2022-03-04 00:00:00,720.9199829,717.7199707,725.4699707,713.3599854,463800.0,717.4627075
2022-03-07 00:00:00,703.0700073,717.9400024,720.5599976,701.9699707,460600.0,699.6983032
2022-03-08 00:00:00,681.4199829,703.7800293,703.7800293,681.0700073,702900.0,678.1520996
2022-03-09 00:00:00,704.2000122,699.4500122,713.7700195,688.1199951,465300.0,700.822876
2022-03-10 00:00:00,706.4799805,689.8099976,708.2600098,687.0,464900.0,703.0919189
2022-03-11 00:00:00,693.5499878,710.8200073,711.0999756,693.5300293,359900.0,690.223938
2022-03-14 00:00:00,683.5999756,698.7399902,702.2399902,676.3900146,355100.0,680.3216553
2022-03-15 00:00:00,701.6400146,693.1199951,704.0,681.3300171,330800.0,698.2752075
2022-03-16 00:00:00,704.0599976,707.2399902,711.2199707,690.4199829,434300.0,700.6835327
2022-03-17 00:00:00,719.8599854,705.7700195,720.3499756,705.7700195,312200.0,716.4077759
2022-03-18 00:00:00,732.2600098,724.8800049,734.8400269,719.8599854,714700.0,728.7483521
2022-03-21 00:00:00,717.75,728.1500244,735.5,713.5999756,348800.0,714.3079224
2022-03-22 00:00:00,719.0999756,719.6099854,721.4000244,714.7999878,348800.0,715.6514282
2022-03-23 00:00:00,707.8200073,715.8599854,718.2299805,701.9699707,264800.0,704.4255371
2022-03-24 00:00:00,711.6300049,708.9199829,711.9899902,702.539978,273600.0,708.2172852
2022-03-25 00:00:00,710.1400146,717.1199951,717.7399902,700.5499878,361400.0,706.734436
2022-03-28 00:00:00,730.9199829,709.8900146,733.6400146,706.6900024,515500.0,727.4147339
2022-03-29 00:00:00,761.3800049,730.0,765.0700073,730.0,663200.0,757.7286987
2022-03-30 00:00:00,753.8099976,759.0,763.0100098,746.6099854,331100.0,750.1949463
2022-03-31 00:00:00,741.6199951,758.0599976,763.8099976,740.8400269,556500.0,738.0634155
2022-04-01 00:00:00,763.0,741.7299805,763.6300049,738.6599731,357000.0,759.3408813
2022-04-04 00:00:00,764.460022,761.6599731,769.2000122,760.5599976,347500.0,760.7939453
2022-04-05 00:00:00,762.4000244,758.5599976,775.9400024,757.5999756,310500.0,758.7438354
2022-04-06 00:00:00,766.5700073,758.4500122,767.6699829,751.710022,371700.0,762.8937988
2022-04-07 00:00:00,759.2299805,764.7399902,766.9699707,754.039978,273200.0,755.5889893
2022-04-08 00:00:00,768.7800293,760.2199707,769.3800049,755.7399902,367700.0,765.0932007
2022-04-11 00:00:00,751.6099854,768.0,774.0,749.1300049,267400.0,748.0054932
2022-04-12 00:00:00,741.6500244,749.5,751.9400024,737.8099976,275900.0,738.0933228
2022-04-13 00:00:00,751.9299927,742.5700073,752.8400269,741.3400269,263000.0,748.3239746
2022-04-14 00:00:00,735.2399902,753.0200195,753.0200195,734.1799927,274400.0,731.7140503
2022-04-18 00:00:00,730.6599731,738.8200073,738.8200073,726.2600098,264500.0,727.1559448
2022-04-19 00:00:00,754.2199707,730.6599731,756.789978,730.6599731,464000.0,750.6029663
2022-04-20 00:00:00,768.1699829,758.0,772.7999878,754.3200073,466700.0,764.486084
2022-04-21 00:00:00,757.6300049,766.5499878,776.3499756,756.7999878,350800.0,753.9966431
2022-04-22 00:00:00,745.4099731,757.6599731,759.1400146,744.6599731,312700.0,741.8352051
2022-04-25 00:00:00,752.5200195,749.7800293,755.4099731,738.2399902,566900.0,748.9111938
2022-04-26 00:00:00,739.2800293,750.0,757.5700073,738.3800049,434500.0,735.7346802
2022-04-27 00:00:00,717.9000244,733.0,744.0499878,716.789978,488700.0,714.4572144
2022-04-28 00:00:00,756.4500122,746.4099731,760.3499756,732.2000122,571900.0,752.8223267
2022-04-29 00:00:00,719.0800171,752.539978,758.5599976,717.0700073,649000.0,715.6315308
2022-05-02 00:00:00,702.3900146,721.6500244,721.6500244,686.5300293,488800.0,699.0216064
2022-05-03 00:00:00,721.3200073,707.5599976,726.8099976,703.2800293,419000.0,717.8607788
2022-05-04 00:00:00,732.1400146,721.4000244,734.1400146,709.1699829,352200.0,728.6289062
2022-05-05 00:00:00,713.3900146,735.6900024,735.6900024,708.0800171,470700.0,709.968811
2022-05-06 00:00:00,713.4400024,708.0900269,715.8099976,698.7999878,295100.0,710.0185547
2022-05-09 00:00:00,654.1900024,709.4799805,709.4799805,651.7299805,664400.0,651.0527344
2022-05-10 00:00:00,630.0499878,663.4799805,668.7999878,623.1199951,687800.0,627.0285034
2022-05-11 00:00:00,624.1699829,631.6199951,645.75,621.5499878,741700.0,621.1766968
2022-05-12 00:00:00,629.8800049,623.9099731,631.5499878,621.3400269,711200.0,626.859314
2022-05-13 00:00:00,659.7999878,642.4199829,662.7999878,635.1699829,690800.0,656.6358032
2022-05-16 00:00:00,646.4199829,658.5,660.3200073,646.2000122,405600.0,643.3199463
2022-05-17 00:00:00,646.8099976,651.9099731,651.9099731,637.539978,364000.0,646.8099976
2022-05-18 00:00:00,637.4400024,644.0900269,645.5300293,633.3699951,461400.0,637.4400024
2022-05-19 00:00:00,635.0900269,632.5599976,648.2399902,632.5599976,448600.0,635.0900269
2022-05-20 00:00:00,651.789978,645.2000122,653.3400269,639.8900146,587800.0,651.789978
2022-05-23 00:00:00,663.5300293,658.3900146,663.7399902,649.4299927,475200.0,663.5300293
2022-05-24 00:00:00,671.8099976,662.0800171,674.9899902,651.9099731,479800.0,671.8099976
2022-05-25 00:00:00,686.5300293,673.2199707,689.3800049,672.289978,582100.0,686.5300293
