date,close,open,high,low,volume,adjclose
2012-05-14 00:00:00,23.7399998,23.75,24.0799999,23.3700008,1037600.0,21.1536407
2012-05-15 00:00:00,23.6200008,23.6100006,23.8500004,23.2199993,1645300.0,21.0467167
2012-05-16 00:00:00,23.5499992,23.6599998,24.0200005,23.3999996,979000.0,20.9843388
2012-05-17 00:00:00,22.5,23.6000004,23.6000004,22.3999996,1165600.0,20.0487309
2012-05-18 00:00:00,21.7800007,22.5599995,22.5900002,21.6700001,1891000.0,19.4071712
2012-05-21 00:00:00,22.1100006,21.8400002,22.1299992,21.5,1507100.0,19.7012177
2012-05-22 00:00:00,22.0499992,22.1599998,22.2700005,21.9699993,1569200.0,19.6477528
2012-05-23 00:00:00,22.0,21.8600006,22.1700001,21.6700001,1240200.0,19.6032047
2012-05-24 00:00:00,22.3600006,22.0900002,22.4599991,22.0300007,1269800.0,19.9239845
2012-05-25 00:00:00,22.6000004,22.4699993,22.7299995,22.3099995,823300.0,20.1378384
2012-05-29 00:00:00,23.1000004,22.75,23.2199993,22.75,1116500.0,20.5833645
2012-05-30 00:00:00,22.8400002,22.9300003,23.0100002,22.5599995,2110300.0,20.3516865
2012-05-31 00:00:00,22.6200008,22.8099995,22.8099995,21.5100002,2029900.0,20.1556587
2012-06-01 00:00:00,21.1299992,22.0499992,22.0499992,20.4400005,3606600.0,18.8279877
2012-06-04 00:00:00,20.5799999,21.1000004,21.1000004,20.1399994,1389200.0,18.3379021
2012-06-05 00:00:00,20.6200008,20.5400009,20.7299995,20.2399998,1377400.0,18.3735504
2012-06-06 00:00:00,21.3099995,20.7999992,21.3500004,20.7099991,830500.0,18.9883766
2012-06-07 00:00:00,21.7000008,21.5900002,22.0300007,21.4300003,1219400.0,19.3358879
2012-06-08 00:00:00,22.3400002,21.6700001,22.3799992,21.3999996,868300.0,19.9061661
2012-06-11 00:00:00,21.7999992,22.5599995,22.6200008,21.7700005,852800.0,19.4249897
2012-06-12 00:00:00,22.0200005,21.9300003,22.1200008,21.7600002,946100.0,19.6210232
2012-06-13 00:00:00,21.4099998,22.0,22.0,21.3400002,1031100.0,19.0774841
2012-06-14 00:00:00,21.5900002,21.4599991,21.6599998,21.2299995,759600.0,19.2378712
2012-06-15 00:00:00,21.9699993,21.7000008,22.0599995,21.3999996,1242800.0,19.5764694
2012-06-18 00:00:00,22.8799992,21.7999992,23.0300007,21.7999992,1461300.0,20.3873329
2012-06-19 00:00:00,23.2099991,22.9500008,23.4500008,22.8999996,1323100.0,20.6813755
2012-06-20 00:00:00,22.7700005,23.1000004,23.1700001,22.4500008,1002600.0,20.2893143
2012-06-21 00:00:00,20.5499992,22.2900009,22.4799995,20.5200005,2574800.0,18.3111687
2012-06-22 00:00:00,20.4699993,20.5699997,20.6800003,20.0599995,2682100.0,18.2398891
2012-06-25 00:00:00,20.1499996,20.1200008,20.2900009,19.2700005,1176600.0,17.9547539
2012-06-26 00:00:00,20.6499996,20.2000008,21.1100006,19.8700008,1316400.0,18.4002743
2012-06-27 00:00:00,21.1599998,20.7000008,21.1800003,20.3899994,1331000.0,18.8547211
2012-06-28 00:00:00,21.7800007,20.9500008,21.7800007,20.6599998,1798200.0,19.4071712
2012-06-29 00:00:00,22.2700005,22.1800003,22.3500004,21.5100002,1413800.0,19.8437881
2012-07-02 00:00:00,23.3700008,22.4200001,23.5499992,22.3199997,2206200.0,20.8239517
2012-07-03 00:00:00,23.4300003,23.3400002,23.7999992,22.9799995,1669400.0,20.8774128
2012-07-05 00:00:00,23.6000004,23.3899994,23.8899994,23.3099995,1311000.0,21.0288906
2012-07-06 00:00:00,22.9699993,23.3199997,23.5599995,22.4300003,2053800.0,20.4675255
2012-07-09 00:00:00,22.6100006,22.9599991,23.0200005,22.2999992,1398200.0,20.1467457
2012-07-10 00:00:00,21.5900002,23.0499992,23.0499992,21.3400002,1291500.0,19.2378712
2012-07-11 00:00:00,21.8099995,21.6299992,22.2199993,21.4500008,934900.0,19.4339066
2012-07-12 00:00:00,21.8099995,21.6100006,21.8999996,21.1299992,798500.0,19.4339066
2012-07-13 00:00:00,22.1000004,21.8099995,22.5599995,21.8099995,1636500.0,19.6923046
2012-07-16 00:00:00,21.5100002,22.0,22.1599998,21.25,1198400.0,19.1665821
2012-07-17 00:00:00,21.4099998,21.6100006,21.6299992,20.6100006,1170100.0,19.0774841
2012-07-18 00:00:00,22.4200001,21.3099995,22.4599991,21.2399998,1320000.0,19.9774475
2012-07-19 00:00:00,22.8999996,22.5300007,23.0200005,22.4200001,1274100.0,20.4051495
2012-07-20 00:00:00,22.4300003,22.6599998,22.9599991,22.4099998,982200.0,19.9863548
2012-07-23 00:00:00,21.9500008,21.8299999,22.2800007,21.5300007,791200.0,19.5586472
2012-07-24 00:00:00,21.5200005,21.9899998,22.0,20.8500004,1291800.0,19.1754951
2012-07-25 00:00:00,20.7299995,21.5,21.5499992,20.5900002,1276600.0,18.4715633
2012-07-26 00:00:00,21.3299999,21.25,21.9699993,21.0499992,1138500.0,19.0061989
2012-07-27 00:00:00,22.1299992,20.9899998,22.7900009,20.2000008,3356400.0,19.7190437
2012-07-30 00:00:00,22.3899994,22.0499992,22.5,21.8899994,1134800.0,19.9507141
2012-07-31 00:00:00,22.1200008,22.2900009,22.6800003,21.8700008,1108500.0,19.7101288
2012-08-01 00:00:00,21.8799992,22.25,22.6599998,21.7999992,808100.0,19.496273
2012-08-02 00:00:00,21.4099998,21.6000004,21.7999992,21.25,1369900.0,19.0774841
2012-08-03 00:00:00,22.5100002,21.8700008,22.5799999,21.5,676300.0,20.057642
2012-08-06 00:00:00,22.7099991,22.5,22.9300003,22.4200001,669000.0,20.2358532
2012-08-07 00:00:00,22.9099998,22.8999996,23.2600002,22.5799999,690900.0,20.4140587
2012-08-08 00:00:00,22.75,22.7600002,23.2000008,22.4599991,564400.0,20.2714939
2012-08-09 00:00:00,22.5699997,22.7700005,22.9899998,22.4699993,638800.0,20.1111012
2012-08-10 00:00:00,22.3999996,22.5200005,22.6499996,22.2399998,357600.0,19.9596195
2012-08-13 00:00:00,22.6499996,22.3899994,22.6599998,22.2600002,593100.0,20.1823959
2012-08-14 00:00:00,23.4099998,22.7199993,23.5300007,22.2800007,1656400.0,20.8595886
2012-08-15 00:00:00,23.6800003,23.2099991,23.75,23.2099991,1152700.0,21.1001778
2012-08-16 00:00:00,24.2700005,23.6499996,24.4899998,23.5,1111000.0,21.6259003
2012-08-17 00:00:00,24.6200008,23.9699993,24.6599998,23.8999996,1092700.0,21.9377728
2012-08-20 00:00:00,24.2700005,24.4899998,24.5200005,24.0300007,870800.0,21.6259003
2012-08-21 00:00:00,24.2099991,24.2600002,24.5,23.9699993,1384700.0,21.5724335
2012-08-22 00:00:00,24.1900005,24.2199993,24.3500004,23.7900009,694300.0,21.5546131
2012-08-23 00:00:00,24.5,24.2000008,24.6399994,23.8999996,822900.0,21.8308392
2012-08-24 00:00:00,24.6499996,24.3700008,25.0499992,23.9300003,2325300.0,21.9644947
2012-08-27 00:00:00,24.9200001,24.8500004,25.0400009,24.4699993,721000.0,22.2050762
2012-08-28 00:00:00,25.0900002,24.8799992,25.25,24.7700005,1137200.0,22.3565578
2012-08-29 00:00:00,25.5,25.1900005,25.6000004,25.0200005,1081100.0,22.7218914
2012-08-30 00:00:00,25.3700008,25.2900009,25.5499992,25.1499996,655800.0,22.6060581
2012-08-31 00:00:00,25.5,25.3500004,25.7299995,25.1100006,869900.0,22.7218914
2012-09-04 00:00:00,25.5699997,25.4599991,25.8299999,24.9400005,859100.0,22.7842617
2012-09-05 00:00:00,25.2999992,25.6000004,25.6499996,25.0400009,899700.0,22.543684
2012-09-06 00:00:00,26.8999996,25.3999996,26.9699993,25.3999996,1808000.0,23.9693737
2012-09-07 00:00:00,26.6399994,27.0900002,27.2099991,26.5799999,1407800.0,23.7376957
2012-09-10 00:00:00,26.0,26.2900009,26.6599998,25.9899998,1329400.0,23.1674232
2012-09-11 00:00:00,26.0,26.1299992,26.4599991,25.9699993,1502800.0,23.1674232
2012-09-12 00:00:00,26.5200005,26.1499996,26.5300007,25.9799995,1291500.0,23.6307716
2012-09-13 00:00:00,27.5,26.6200008,27.7099991,26.25,1990800.0,24.5040035
2012-09-14 00:00:00,28.1900005,27.5,29.0200005,27.5,3205400.0,25.1188297
2012-09-17 00:00:00,27.7600002,28.0900002,28.2199993,27.5499992,1177900.0,24.7356777
2012-09-18 00:00:00,27.2800007,27.6299992,28.0,26.9699993,3163300.0,24.3079739
2012-09-19 00:00:00,27.4400005,27.3500004,27.7000008,27.1100006,2343900.0,24.4505444
2012-09-20 00:00:00,27.5499992,27.3999996,27.6299992,27.1800003,2477300.0,24.5485554
2012-09-21 00:00:00,28.6499996,27.7199993,29.1200008,27.6499996,3441200.0,25.5287209
2012-09-24 00:00:00,28.3199997,28.3299999,28.7299995,28.0499992,1314100.0,25.234663
2012-09-25 00:00:00,27.5699997,28.4400005,28.5100002,27.5,1431000.0,24.5663757
2012-09-26 00:00:00,27.0400009,27.6000004,27.6499996,26.6000004,1167500.0,24.09412
2012-09-27 00:00:00,27.4899998,27.1299992,27.5699997,26.7999992,972400.0,24.4950886
2012-09-28 00:00:00,27.0100002,27.3999996,27.6399994,26.9400005,1087500.0,24.0673847
2012-10-01 00:00:00,26.7800007,27.0200005,27.3199997,26.6299992,1348900.0,23.8624477
2012-10-02 00:00:00,27.1000004,26.9799995,27.2399998,26.7800007,978000.0,24.1475754
2012-10-03 00:00:00,27.7600002,27.2000008,27.9599991,26.8700008,1552600.0,24.7356777
2012-10-04 00:00:00,27.9799995,27.7600002,28.0,27.6800003,1233600.0,24.9317093
2012-10-05 00:00:00,28.0499992,28.1000004,28.7399998,27.9699993,1720500.0,24.9940834
2012-10-08 00:00:00,27.7900009,27.8400002,27.9200001,27.6399994,1353300.0,24.7624111
2012-10-09 00:00:00,26.8999996,27.8199997,27.9200001,26.8899994,2193000.0,23.9693737
2012-10-10 00:00:00,26.8999996,26.8600006,27.2900009,26.7399998,765100.0,23.9693737
2012-10-11 00:00:00,26.9899998,27.1000004,27.2199993,26.5499992,1161700.0,24.0495644
2012-10-12 00:00:00,27.0300007,26.9799995,27.2099991,26.7800007,699500.0,24.0852089
2012-10-15 00:00:00,27.2399998,27.1299992,27.3299999,26.8999996,958600.0,24.2723293
2012-10-16 00:00:00,27.8799992,27.4899998,27.9899998,27.3700008,922400.0,24.8426018
2012-10-17 00:00:00,28.7199993,28.0400009,28.9899998,28.0100002,1662900.0,25.5910912
2012-10-18 00:00:00,29.2700005,28.6000004,29.3099995,28.3799992,1250600.0,26.0811749
2012-10-19 00:00:00,29.3099995,29.2000008,29.4099998,28.9799995,1036600.0,26.1168137
2012-10-22 00:00:00,28.1399994,29.2399998,29.2999992,27.9799995,2358700.0,25.0742798
2012-10-23 00:00:00,26.9699993,27.7700005,28.0100002,26.7900009,2808400.0,24.0317402
2012-10-24 00:00:00,29.2000008,28.2299995,30.2700005,28.2299995,4678800.0,26.018795
2012-10-25 00:00:00,28.4400005,29.4300003,29.6200008,28.1200008,2054300.0,25.3415966
2012-10-26 00:00:00,27.7099991,28.5300007,28.8999996,27.6000004,2512500.0,24.6911182
2012-10-31 00:00:00,28.4400005,27.8700008,28.8999996,27.2199993,1861800.0,25.3415966
2012-11-01 00:00:00,29.9899998,29.0599995,30.0300007,28.9400005,2657500.0,26.7227287
2012-11-02 00:00:00,29.4200001,30.1499996,30.5,29.3299999,1542200.0,26.2148304
2012-11-05 00:00:00,29.6100006,29.3700008,29.8999996,29.1200008,1233600.0,26.3841286
2012-11-06 00:00:00,29.3299999,29.8400002,30.0900002,29.2299995,1371700.0,26.1346378
2012-11-07 00:00:00,29.0300007,28.9099998,29.2399998,28.3099995,1222600.0,25.867321
2012-11-08 00:00:00,27.9699993,28.9200001,28.9599991,27.9599991,2247400.0,24.9228058
2012-11-09 00:00:00,27.9899998,27.7999992,28.0599995,26.9300003,1726200.0,24.9406166
2012-11-12 00:00:00,27.9300003,28.1299992,28.3500004,27.6100006,1659500.0,24.8871555
2012-11-13 00:00:00,28.2099991,27.7000008,28.6000004,27.6499996,1332500.0,25.1366596
2012-11-14 00:00:00,27.3899994,28.1100006,28.2900009,27.2999992,2786300.0,24.4059906
2012-11-15 00:00:00,26.8799992,27.2600002,27.4300003,26.3199997,1933700.0,23.9515514
2012-11-16 00:00:00,26.8999996,26.8700008,27.25,26.6499996,1701900.0,23.9693737
2012-11-19 00:00:00,27.9899998,27.2800007,28.7600002,27.2600002,1589600.0,24.9406166
2012-11-20 00:00:00,29.0499992,28.0,29.1200008,28.0,2001200.0,25.8851395
2012-11-21 00:00:00,28.9899998,29.0699997,29.7199993,28.8799992,964400.0,25.8316822
2012-11-23 00:00:00,29.4400005,29.9400005,29.9500008,29.1800003,340100.0,26.2326469
2012-11-26 00:00:00,28.75,29.2399998,29.3700008,28.7199993,1117300.0,25.6178226
2012-11-27 00:00:00,28.4799995,28.7900009,29.1100006,28.3299999,1233000.0,25.3772316
2012-11-28 00:00:00,28.7999992,28.4099998,28.8400002,27.8999996,796800.0,25.6623726
2012-11-29 00:00:00,29.6599998,28.9400005,29.7000008,28.3999996,1401600.0,26.4286861
2012-11-30 00:00:00,29.9899998,29.6599998,30.2700005,29.3700008,6396200.0,26.7227287
2012-12-03 00:00:00,29.75,29.8899994,30.0799999,29.5,1593200.0,26.5088768
2012-12-04 00:00:00,30.0,29.7900009,30.0900002,29.6900005,1150200.0,26.731638
2012-12-05 00:00:00,29.1399994,29.9799995,30.0300007,28.9400005,1286700.0,25.965332
2012-12-06 00:00:00,29.0499992,29.0499992,29.1100006,28.4300003,1152300.0,25.8851395
2012-12-07 00:00:00,28.9599991,29.1800003,29.3600006,28.7199993,722400.0,25.804945
2012-12-10 00:00:00,28.75,28.9899998,29.0200005,28.6499996,860800.0,25.6178226
2012-12-11 00:00:00,28.7600002,28.9899998,28.9899998,28.5599995,851500.0,25.6267357
2012-12-12 00:00:00,29.6700001,28.9099998,30.0499992,28.8299999,2314400.0,26.4375935
2012-12-13 00:00:00,29.5300007,29.2700005,29.7399998,29.2099991,1266500.0,26.312849
2012-12-14 00:00:00,29.3199997,29.3700008,29.6700001,29.1200008,910800.0,26.1257248
2012-12-17 00:00:00,29.6900005,29.3899994,29.7000008,28.9599991,2391000.0,26.4554119
2012-12-18 00:00:00,30.1399994,29.8099995,30.25,29.6499996,1962000.0,26.8563862
2012-12-19 00:00:00,30.0100002,30.2900009,30.2999992,29.7999992,1084700.0,26.740551
2012-12-20 00:00:00,30.3299999,30.0499992,30.3500004,29.4899998,2158400.0,27.0256901
2012-12-21 00:00:00,29.9200001,29.8899994,29.9799995,29.5300007,3717400.0,26.6603546
2012-12-24 00:00:00,29.7900009,29.9300003,30.1700001,29.6200008,395400.0,26.5445194
2012-12-26 00:00:00,28.9899998,29.7900009,29.9200001,28.9099998,793500.0,25.8316822
2012-12-27 00:00:00,29.1299992,28.9799995,29.3099995,28.4400005,799100.0,25.9564266
2012-12-28 00:00:00,28.8500004,28.8799992,29.1900005,28.6800003,877400.0,25.7069283
2012-12-31 00:00:00,29.2199993,28.6900005,29.6000004,28.5799999,741100.0,26.0366154
2013-01-02 00:00:00,30.7299995,29.9099998,30.7399998,29.9099998,1371800.0,27.3821087
2013-01-03 00:00:00,30.5900002,30.7800007,31.1900005,30.4899998,847000.0,27.2573643
2013-01-04 00:00:00,30.8899994,30.7199993,30.9099998,30.5100002,604200.0,27.5246792
2013-01-07 00:00:00,30.8899994,30.8500004,31.0,30.6700001,742800.0,27.5246792
2013-01-08 00:00:00,31.2199993,30.9599991,31.4400005,30.7099991,1060600.0,27.8187351
2013-01-09 00:00:00,31.5499992,31.4099998,31.8099995,31.2299995,829000.0,28.1127777
2013-01-10 00:00:00,31.25,31.7199993,31.7299995,31.0400009,1570200.0,27.8454628
2013-01-11 00:00:00,31.5200005,31.1499996,31.6000004,31.1499996,735200.0,28.0860462
2013-01-14 00:00:00,31.0,31.3299999,31.6000004,30.9099998,966800.0,27.6226959
2013-01-15 00:00:00,31.0,31.0300007,31.1800003,30.8999996,1503900.0,27.6226959
2013-01-16 00:00:00,30.8700008,31.0,31.0799999,30.8199997,730700.0,27.5068569
2013-01-17 00:00:00,31.1700001,31.0499992,31.2900009,30.8600006,1903600.0,27.7741814
2013-01-18 00:00:00,31.6900005,31.2800007,32.0400009,31.1100006,1813300.0,28.2375259
2013-01-22 00:00:00,31.7800007,31.7800007,31.8400002,31.4799995,1243800.0,28.3177204
2013-01-23 00:00:00,31.9500008,31.7800007,32.1500015,31.6900005,1205000.0,28.4691963
2013-01-24 00:00:00,32.0800018,32.0400009,32.9000015,31.8500004,1357500.0,28.5850353
2013-01-25 00:00:00,32.3800011,32.2099991,32.3800011,31.8099995,768800.0,28.8523579
2013-01-28 00:00:00,32.2799988,32.5800018,32.6899986,31.7800007,887800.0,28.7632446
2013-01-29 00:00:00,32.7099991,32.25,32.7900009,31.8999996,1461600.0,29.1464005
2013-01-30 00:00:00,32.3400002,32.75,32.8300018,32.2999992,1128300.0,28.8167152
2013-01-31 00:00:00,32.7400017,32.3300018,32.9399986,31.7199993,2958500.0,29.1731319
2013-02-01 00:00:00,33.0999985,33.0,33.7999992,32.8100014,2776700.0,29.4939041
2013-02-04 00:00:00,32.4300003,32.8199997,33.0499992,32.2799988,1451400.0,28.8969078
2013-02-05 00:00:00,32.3600006,32.6300011,32.6300011,32.0999985,2488700.0,28.8345337
2013-02-06 00:00:00,32.7999992,32.3800011,33.0,32.3100014,2799200.0,29.226593
2013-02-07 00:00:00,33.25,33.1899986,33.3699989,32.6399994,1985500.0,29.6275692
2013-02-08 00:00:00,33.6100006,33.2599983,33.6199989,33.1899986,853600.0,29.9483604
2013-02-11 00:00:00,33.5499992,33.6399994,33.7400017,33.3800011,1201000.0,29.8948841
2013-02-12 00:00:00,34.5999985,33.9000015,34.6100006,33.7200012,1581400.0,30.8304977
2013-02-13 00:00:00,34.6199989,34.7999992,35.6300011,34.3499985,2526000.0,30.8483162
2013-02-14 00:00:00,34.2200012,34.5200005,34.5999985,34.0499992,1193300.0,30.491888
2013-02-15 00:00:00,34.0299988,34.25,34.2700005,33.8199997,1223000.0,30.3225861
2013-02-19 00:00:00,33.9000015,34.1399994,34.3800011,33.5699997,1855000.0,30.2067604
2013-02-20 00:00:00,32.5600014,33.8699989,34.0499992,32.5099983,1737400.0,29.0127373
2013-02-21 00:00:00,33.4199982,32.6100006,33.4900017,32.5200005,2343600.0,29.7790451
2013-02-22 00:00:00,34.1300011,33.5,34.1399994,33.4000015,1129100.0,30.4116974
2013-02-25 00:00:00,33.0999985,34.2700005,34.3400002,33.0800018,2300400.0,29.4939041
2013-02-26 00:00:00,33.9000015,33.3800011,34.0099983,33.0,1243500.0,30.2067604
2013-02-27 00:00:00,34.5499992,33.8199997,34.8899994,33.7799988,888600.0,30.7859364
2013-02-28 00:00:00,34.5499992,34.5699997,34.9599991,34.4099998,1046200.0,30.7859364
2013-03-01 00:00:00,34.3699989,34.2099991,34.5099983,33.5099983,1488100.0,30.6255436
2013-03-04 00:00:00,34.9199982,34.1800003,34.9799995,34.0699997,866700.0,31.1156311
2013-03-05 00:00:00,35.4700012,35.0,35.4700012,34.9099998,945900.0,31.6057129
2013-03-06 00:00:00,36.0400009,35.4799995,36.0999985,35.4399986,1732100.0,32.1136169
2013-03-07 00:00:00,35.8499985,35.9700012,35.9799995,35.3899994,1146500.0,31.9443073
2013-03-08 00:00:00,36.0200005,36.1300011,36.3400002,35.7599983,627800.0,32.0957832
2013-03-11 00:00:00,35.8499985,36.0600014,36.1699982,35.5600014,1050200.0,31.9443073
2013-03-12 00:00:00,35.5900002,35.8699989,35.9399986,35.2900009,1065200.0,31.7126312
2013-03-13 00:00:00,35.9599991,35.5800018,36.0099983,35.4199982,1078100.0,32.0423317
2013-03-14 00:00:00,36.3300018,36.0299988,36.3400002,35.8400002,816300.0,32.3720169
2013-03-15 00:00:00,36.3499985,36.3600006,36.5600014,36.0299988,1880100.0,32.3898315
2013-03-18 00:00:00,36.2599983,35.8499985,36.5699997,35.7099991,1050900.0,32.3096352
2013-03-19 00:00:00,36.3699989,36.4700012,36.6300011,35.7400017,1053800.0,32.4076653
2013-03-20 00:00:00,37.6699982,36.7400017,37.7799988,36.6899986,1299500.0,33.5660362
2013-03-21 00:00:00,36.2900009,38.1599998,38.1599998,36.2099991,1524000.0,32.33638
2013-03-22 00:00:00,36.6800003,36.5600014,36.8800011,36.3499985,593400.0,32.6838722
2013-03-25 00:00:00,37.1100006,37.0,37.4599991,36.6100006,950000.0,33.0670433
2013-03-26 00:00:00,36.7299995,37.1300011,37.1899986,36.0900002,1427400.0,32.7284393
2013-03-27 00:00:00,36.7400017,36.5999985,36.8100014,36.3199997,610500.0,32.7373543
2013-03-28 00:00:00,37.4300003,36.8300018,37.4700012,36.7599983,808200.0,33.3521729
2013-04-01 00:00:00,36.2299995,37.3400002,37.3600006,36.1199989,893600.0,32.2829056
2013-04-02 00:00:00,35.6800003,36.5,36.9000015,35.5299988,1274500.0,31.7928391
2013-04-03 00:00:00,34.5800018,35.7099991,35.7900009,34.25,1649500.0,30.8126678
2013-04-04 00:00:00,34.25,34.5900002,34.75,33.7799988,1583200.0,30.5186157
2013-04-05 00:00:00,34.4300003,33.7599983,34.6899986,33.2000008,1721300.0,30.6790199
2013-04-08 00:00:00,35.1500015,34.5600014,35.3699989,34.1699982,1215200.0,31.3205757
2013-04-09 00:00:00,35.0900002,35.3100014,35.3400002,34.9099998,965100.0,31.2671165
2013-04-10 00:00:00,35.5600014,35.1199989,35.7299995,34.9700012,926900.0,31.685894
2013-04-11 00:00:00,36.1800003,35.6100006,36.4900017,35.4000015,664800.0,32.2383537
2013-04-12 00:00:00,36.7000008,36.0999985,37.1699982,35.9599991,1912300.0,32.7017136
2013-04-15 00:00:00,34.4500008,36.5400009,36.6100006,34.4000015,2541300.0,30.6968327
2013-04-16 00:00:00,35.4799995,34.8600006,35.5099983,34.8600006,1700200.0,31.6146259
2013-04-17 00:00:00,34.7900009,35.0400009,35.0400009,34.2299995,1348700.0,30.999794
2013-04-18 00:00:00,35.0600014,34.9000015,35.0999985,34.5900002,1308400.0,31.240387
2013-04-19 00:00:00,36.4599991,35.1199989,36.5,34.9700012,1064500.0,32.487854
2013-04-22 00:00:00,36.2999992,36.5200005,36.6599998,35.5999985,922600.0,32.3452759
2013-04-23 00:00:00,36.7099991,36.6800003,37.0999985,36.2299995,1458100.0,32.7106247
2013-04-24 00:00:00,36.2400017,36.7299995,37.0999985,35.9700012,1965800.0,32.2918205
2013-04-25 00:00:00,36.6599998,36.4700012,37.1199989,36.25,2002600.0,32.6660614
2013-04-26 00:00:00,36.7599983,36.7200012,37.0800018,36.4900017,1007200.0,32.7551689
2013-04-29 00:00:00,36.4500008,36.8100014,37.0299988,36.3600006,1260200.0,32.4789467
2013-04-30 00:00:00,36.3899994,36.4599991,36.9000015,36.0699997,2237200.0,32.4254875
2013-05-01 00:00:00,36.2599983,36.4199982,36.7200012,36.0600014,2167200.0,32.3096352
2013-05-02 00:00:00,37.4300003,36.2599983,37.7200012,36.2599983,1963500.0,33.3521729
2013-05-03 00:00:00,39.7200012,39.7200012,41.6699982,38.5,5297400.0,35.3926849
2013-05-06 00:00:00,40.1300011,39.8800011,40.4099998,39.3600006,1521000.0,35.7580261
2013-05-07 00:00:00,40.6699982,40.1500015,40.75,39.9000015,886500.0,36.239193
2013-05-08 00:00:00,40.4599991,40.6599998,40.6599998,40.0,1110300.0,36.0520744
2013-05-09 00:00:00,40.5299988,40.5,40.7999992,40.4599991,1001000.0,36.1144485
2013-05-10 00:00:00,40.7299995,40.5600014,40.9300003,40.3499985,508600.0,36.2926559
2013-05-13 00:00:00,41.3199997,40.6899986,41.3899994,40.3699989,960900.0,36.8183784
2013-05-14 00:00:00,42.5600014,41.4099998,42.5900002,41.3499985,1092100.0,37.9232941
2013-05-15 00:00:00,43.5200005,42.4700012,43.5999985,42.1500015,1237500.0,38.7787018
2013-05-16 00:00:00,42.7900009,43.2099991,43.4399986,42.6100006,1291500.0,38.1282349
2013-05-17 00:00:00,43.5400009,43.1199989,43.7200012,43.0,1218500.0,38.7965202
2013-05-20 00:00:00,43.3400002,43.0999985,43.7599983,42.8499985,1156200.0,38.618309
2013-05-21 00:00:00,43.4199982,43.3100014,43.6300011,42.7900009,1022200.0,38.6895943
2013-05-22 00:00:00,42.9399986,43.3400002,43.8800011,42.7999992,2165600.0,38.2618904
2013-05-23 00:00:00,42.6899986,42.1599998,42.9900017,41.7599983,1062600.0,38.0391273
2013-05-24 00:00:00,42.7599983,42.4300003,42.8600006,41.9399986,938100.0,38.10149
2013-05-28 00:00:00,43.2599983,43.5800018,44.0400009,42.75,985200.0,38.5470238
2013-05-29 00:00:00,42.1899986,42.7299995,42.7900009,41.6500015,1481900.0,37.6806946
2013-05-30 00:00:00,42.6199989,42.5,42.8699989,42.1899986,561200.0,38.0647392
2013-05-31 00:00:00,42.2799988,42.3400002,43.0,42.1199989,684900.0,37.7610664
2013-06-03 00:00:00,41.7299995,42.25,42.4599991,40.6399994,1183400.0,37.2698669
2013-06-04 00:00:00,40.3699989,41.7400017,42.2900009,40.2099991,1519800.0,36.0552139
2013-06-05 00:00:00,38.9199982,40.3800011,40.3800011,38.8499985,2234600.0,34.7601929
2013-06-06 00:00:00,38.9799995,38.8100014,39.0499992,38.25,3196500.0,34.8137856
2013-06-07 00:00:00,40.0600014,39.4000015,40.1800003,38.7799988,2020500.0,35.7783546
2013-06-10 00:00:00,39.0299988,40.2999992,40.2999992,38.4500008,2258700.0,34.858448
2013-06-11 00:00:00,38.6199989,38.2700005,39.3499985,38.1100006,881800.0,34.49226
2013-06-12 00:00:00,38.4000015,39.0999985,39.2400017,38.2999992,939100.0,34.2957802
2013-06-13 00:00:00,39.5,38.4000015,39.6699982,38.4000015,641500.0,35.2782097
2013-06-14 00:00:00,40.0999985,39.4399986,40.1699982,39.2299995,1015300.0,35.8140678
2013-06-17 00:00:00,41.2700005,40.5699997,41.4799995,40.5,1379100.0,36.8590469
2013-06-18 00:00:00,41.9099998,41.2200012,41.9799995,40.9399986,935700.0,37.4306221
2013-06-19 00:00:00,41.4000015,41.7400017,42.2000008,41.3100014,1100800.0,36.9751396
2013-06-20 00:00:00,38.6699982,40.7599983,40.8499985,38.2299995,1845600.0,34.5369225
2013-06-21 00:00:00,37.8199997,38.8699989,38.9700012,36.0900002,4786500.0,33.7777786
2013-06-24 00:00:00,36.9000015,37.0600014,37.0600014,35.8699989,2301800.0,32.9561005
2013-06-25 00:00:00,38.0200005,37.7799988,39.2400017,37.7200012,1459700.0,33.956398
2013-06-26 00:00:00,38.0699997,38.0999985,38.6899986,37.8600006,1056000.0,34.0010529
2013-06-27 00:00:00,38.9700012,38.4500008,39.0600014,38.1500015,1010700.0,34.8048592
2013-06-28 00:00:00,38.7400017,38.9500008,38.9500008,38.1899986,2398800.0,34.5994339
2013-07-01 00:00:00,39.2700005,38.8300018,39.9099998,38.8300018,1464200.0,35.0727882
2013-07-02 00:00:00,38.7799988,39.2599983,39.6399994,38.3499985,1840300.0,34.6351585
2013-07-03 00:00:00,39.25,38.4700012,39.6899986,38.4700012,1199100.0,35.054924
2013-07-05 00:00:00,39.5600014,39.5699997,39.6300011,38.6300011,815700.0,35.3317871
2013-07-08 00:00:00,39.2700005,39.6500015,40.2299995,39.1399994,1100400.0,35.0727882
2013-07-09 00:00:00,39.7299995,39.5299988,39.9000015,39.0999985,1477200.0,35.4836273
2013-07-10 00:00:00,39.8199997,39.8899994,39.9399986,39.1300011,804500.0,35.5640068
2013-07-11 00:00:00,41.9099998,40.5999985,42.1599998,40.5400009,1379800.0,37.4306221
2013-07-12 00:00:00,42.2900009,42.0200005,42.6300011,41.6699982,996100.0,37.7700043
2013-07-15 00:00:00,41.5800018,42.3899994,42.75,41.3800011,998700.0,37.1358948
2013-07-16 00:00:00,41.1199989,41.5900002,41.8400002,40.9599991,851000.0,36.7250633
2013-07-17 00:00:00,41.0499992,41.3400002,41.3800011,40.2400017,862000.0,36.6625443
2013-07-18 00:00:00,41.0600014,41.0499992,41.6100006,40.8199997,910500.0,36.6714745
2013-07-19 00:00:00,41.4399986,41.0600014,41.6300011,40.9099998,1110300.0,37.0108604
2013-07-22 00:00:00,42.4099998,41.8400002,42.4300003,41.8100014,1236100.0,37.8771782
2013-07-23 00:00:00,42.3899994,42.4599991,42.7299995,42.0200005,822900.0,37.8593178
2013-07-24 00:00:00,41.6500015,42.5299988,42.7799988,41.3899994,1018400.0,37.1984062
2013-07-25 00:00:00,41.4099998,37.9199982,41.6500015,37.9199982,3255100.0,36.9840622
2013-07-26 00:00:00,41.6500015,41.1199989,42.1800003,41.0200005,1124500.0,37.1984062
2013-07-29 00:00:00,40.9599991,41.4900017,41.9700012,40.8600006,897300.0,36.5821724
2013-07-30 00:00:00,41.0999985,41.3800011,41.7900009,40.8800011,661100.0,36.7071915
2013-07-31 00:00:00,41.3100014,41.2700005,41.7599983,40.7099991,947000.0,36.8947563
2013-08-01 00:00:00,41.8800011,41.7400017,42.1500015,41.5800018,1714500.0,37.4038315
2013-08-02 00:00:00,42.5,42.5999985,42.6199989,41.7000008,931500.0,37.9575691
2013-08-05 00:00:00,41.75,42.25,42.5099983,41.5999985,859500.0,37.2877274
2013-08-06 00:00:00,40.0,41.75,41.8499985,39.9199982,1401200.0,35.7247696
2013-08-07 00:00:00,38.7999992,39.9300003,40.0600014,38.6899986,1319900.0,34.6530228
2013-08-08 00:00:00,38.5999985,38.9700012,39.2999992,38.4399986,1093500.0,34.4743996
2013-08-09 00:00:00,38.25,38.5200005,38.6100006,37.6500015,1063400.0,34.1618004
2013-08-12 00:00:00,37.9000015,38.0900002,38.5,37.7900009,882000.0,33.8492241
2013-08-13 00:00:00,37.2999992,37.9300003,37.9900017,36.9099998,2163700.0,33.3133469
2013-08-14 00:00:00,37.0099983,37.3100014,37.5999985,36.9700012,1414700.0,33.0543365
2013-08-15 00:00:00,37.8499985,36.2999992,37.9399986,35.7999992,2304100.0,33.8045578
2013-08-16 00:00:00,37.9799995,37.9300003,38.5600014,37.6699982,1487300.0,33.9206657
2013-08-19 00:00:00,37.4700012,37.8300018,38.2099991,37.4099998,1453400.0,33.4651756
2013-08-20 00:00:00,38.4199982,37.8499985,38.5400009,37.3499985,909500.0,34.3136482
2013-08-21 00:00:00,38.8199997,38.2999992,39.5499992,38.2000008,1515600.0,34.6708908
2013-08-22 00:00:00,38.75,39.0,39.3699989,38.6100006,504000.0,34.6083755
2013-08-23 00:00:00,37.8899994,38.7400017,38.7400017,37.5999985,1019800.0,33.8402863
2013-08-26 00:00:00,38.2299995,38.0299988,38.5699997,37.6300011,613700.0,34.1439552
2013-08-27 00:00:00,36.9500008,37.6300011,37.7900009,36.9000015,630000.0,33.0873032
2013-08-28 00:00:00,36.9700012,36.9300003,37.3899994,36.5499992,549400.0,33.1052132
2013-08-29 00:00:00,37.4599991,36.7999992,38.0400009,36.7999992,577700.0,33.5439873
2013-08-30 00:00:00,36.8400002,37.4599991,37.5999985,36.7200012,599700.0,32.9888039
2013-09-03 00:00:00,36.7900009,37.3100014,37.7900009,36.3600006,1598800.0,32.9440384
2013-09-04 00:00:00,36.7200012,36.7900009,37.2000008,36.4099998,1535000.0,32.8813515
2013-09-05 00:00:00,37.0900002,36.6899986,37.3400002,36.4900017,1128200.0,33.2126617
2013-09-06 00:00:00,37.8400002,37.4599991,38.2900009,37.2200012,1601000.0,33.8842735
2013-09-09 00:00:00,39.8100014,38.1100006,39.9399986,37.7999992,1523500.0,35.6483154
2013-09-10 00:00:00,40.8899994,40.0,41.0,39.8400002,1700500.0,36.6154099
2013-09-11 00:00:00,40.7400017,40.7900009,41.2099991,40.2200012,964100.0,36.4811096
2013-09-12 00:00:00,40.8899994,40.6599998,41.3400002,40.6599998,1134800.0,36.6154099
2013-09-13 00:00:00,40.8300018,40.8600006,41.0999985,40.4799995,784000.0,36.5616913
2013-09-16 00:00:00,41.4000015,41.6899986,41.9300003,41.2000008,916400.0,37.0721054
2013-09-17 00:00:00,41.6199989,41.3100014,41.7000008,41.1899986,784000.0,37.2691002
2013-09-18 00:00:00,43.2299995,41.4900017,43.2900009,41.1699982,1050300.0,38.710804
2013-09-19 00:00:00,42.1500015,43.1599998,43.6899986,42.1199989,873900.0,37.7436981
2013-09-20 00:00:00,41.2000008,42.7099991,43.1300011,41.1699982,1493500.0,36.8930168
2013-09-23 00:00:00,40.7700005,41.1199989,41.3499985,40.5,801800.0,36.5079651
2013-09-24 00:00:00,40.9000015,40.6699982,41.5900002,40.3499985,720400.0,36.624382
2013-09-25 00:00:00,40.8899994,41.0200005,41.4199982,40.4500008,479900.0,36.6154099
2013-09-26 00:00:00,40.9000015,41.0400009,41.3499985,40.5600014,724200.0,36.624382
2013-09-27 00:00:00,41.5999985,40.5400009,41.7999992,40.4900017,973600.0,37.251194
2013-09-30 00:00:00,41.6300011,40.9500008,41.7099991,40.75,1198000.0,37.2780571
2013-10-01 00:00:00,42.6500015,41.5999985,42.7900009,41.5999985,2067600.0,38.1914406
2013-10-02 00:00:00,42.7400017,42.1500015,42.75,41.7299995,1135900.0,38.2720261
2013-10-03 00:00:00,42.4599991,42.5099983,42.7299995,41.7200012,1672100.0,38.0212898
2013-10-04 00:00:00,42.5299988,42.3300018,42.9399986,42.1300011,1105500.0,38.0839729
2013-10-07 00:00:00,41.2799988,41.8600006,42.0400009,41.2700005,1742000.0,36.964653
2013-10-08 00:00:00,39.6199989,41.1300011,41.2599983,39.5800018,1718100.0,35.4781761
2013-10-09 00:00:00,39.25,39.9099998,39.9099998,38.7599983,1509700.0,35.1468697
2013-10-10 00:00:00,40.0,39.7400017,40.0699997,39.25,946300.0,35.8184509
2013-10-11 00:00:00,40.7400017,40.0099983,40.7700005,39.6899986,1112600.0,36.4811096
2013-10-14 00:00:00,40.0400009,40.3400002,40.5499992,39.6100006,1391500.0,35.8542709
2013-10-15 00:00:00,38.5099983,39.9199982,40.0,38.4099998,2272800.0,34.4842186
2013-10-16 00:00:00,38.25,38.6500015,38.7000008,37.75,2385100.0,34.2514038
2013-10-17 00:00:00,38.4399986,38.0200005,38.8100014,37.9099998,2158700.0,34.4215431
2013-10-18 00:00:00,39.0299988,38.7799988,39.0699997,38.4900017,1505200.0,34.949852
2013-10-21 00:00:00,38.8600006,38.8600006,39.2200012,38.2900009,1532100.0,34.7976189
2013-10-22 00:00:00,40.7299995,39.1899986,40.8300018,39.1100006,1635000.0,36.4721489
2013-10-23 00:00:00,40.3499985,40.3600006,40.8499985,40.1699982,1888100.0,36.1318626
2013-10-24 00:00:00,42.7000008,44.0099983,44.0099983,41.9599991,2869900.0,38.2362175
2013-10-25 00:00:00,43.4099998,42.7000008,43.4099998,42.3499985,1300900.0,38.8719864
2013-10-28 00:00:00,43.0600014,43.25,43.7299995,42.6300011,1931800.0,38.558567
2013-10-29 00:00:00,43.4799995,43.0900002,43.4900017,43.0299988,1111500.0,38.9346695
2013-10-30 00:00:00,43.5,43.4900017,43.7299995,43.1599998,1174800.0,38.9525757
2013-10-31 00:00:00,43.0800018,43.5900002,43.7200012,42.8699989,1187600.0,38.5764809
2013-11-01 00:00:00,42.4900017,43.0699997,43.3300018,41.9199982,1132100.0,38.0481606
2013-11-04 00:00:00,42.8199997,42.6899986,42.9199982,42.1599998,828200.0,38.3436623
2013-11-05 00:00:00,42.0900002,42.5499992,42.8100014,41.8600006,793000.0,37.6899796
2013-11-06 00:00:00,41.8499985,42.1899986,42.2200012,41.6100006,780700.0,37.4750595
2013-11-07 00:00:00,41.0800018,42.0200005,42.2099991,40.9399986,951600.0,36.7855644
2013-11-08 00:00:00,40.8300018,40.8800011,41.3300018,40.1100006,1103700.0,36.5616913
2013-11-11 00:00:00,40.5999985,40.8400002,41.1399994,40.3199997,708000.0,36.355732
2013-11-12 00:00:00,40.5800018,40.5400009,40.75,40.3600006,1044100.0,36.3378258
2013-11-13 00:00:00,41.3699989,40.4000015,41.3899994,40.2099991,1298800.0,37.0452309
2013-11-14 00:00:00,42.2799988,41.3800011,42.3300018,41.1699982,1192500.0,37.8601074
2013-11-15 00:00:00,42.2400017,42.2599983,42.5499992,42.0999985,754100.0,37.8243027
2013-11-18 00:00:00,41.7200012,42.2599983,42.8800011,41.6399994,1261600.0,37.3586502
2013-11-19 00:00:00,41.8899994,41.8600006,42.5200005,41.7200012,677400.0,37.5108833
2013-11-20 00:00:00,41.8800011,41.7999992,43.0999985,41.7400017,1614600.0,37.5019188
2013-11-21 00:00:00,43.25,41.9900017,43.4500008,41.9000015,826000.0,38.7287064
2013-11-22 00:00:00,42.7000008,43.4000015,43.5,42.4599991,1018600.0,38.2362175
2013-11-25 00:00:00,42.6899986,42.7599983,42.9199982,42.1300011,679800.0,38.2272453
2013-11-26 00:00:00,43.75,42.5499992,43.9099998,42.4300003,1101400.0,39.2684212
2013-11-27 00:00:00,44.0699997,43.9500008,44.4900017,43.7000008,1433400.0,39.5556374
2013-11-29 00:00:00,43.5999985,44.0400009,44.0400009,43.5,343600.0,39.1338005
2013-12-02 00:00:00,42.4199982,43.4900017,43.5499992,42.2999992,1066400.0,38.0746613
2013-12-03 00:00:00,42.1500015,42.4099998,42.5699997,41.6599998,752100.0,37.832325
2013-12-04 00:00:00,41.75,41.6500015,41.9500008,40.9300003,948300.0,37.4732933
2013-12-05 00:00:00,41.7900009,41.7400017,41.8600006,41.4000015,624800.0,37.5091972
2013-12-06 00:00:00,42.3400002,42.5200005,42.9000015,41.6800003,949300.0,38.0028534
2013-12-09 00:00:00,42.6500015,42.3300018,43.0400009,41.9500008,1034500.0,38.281105
2013-12-10 00:00:00,42.9399986,42.4300003,43.6800003,42.4300003,1146100.0,38.5414047
2013-12-11 00:00:00,42.3699989,43.0200005,43.0900002,42.2999992,979800.0,38.029789
2013-12-12 00:00:00,42.4599991,42.2999992,42.5800018,42.1800003,656900.0,38.1105614
2013-12-13 00:00:00,42.5099983,42.5400009,42.8600006,42.0900002,779200.0,38.1554337
2013-12-16 00:00:00,42.7000008,42.7200012,43.0999985,42.5900002,587900.0,38.3259888
2013-12-17 00:00:00,42.0999985,42.5099983,42.6899986,41.7900009,885400.0,37.7874413
2013-12-18 00:00:00,43.5099983,42.2799988,43.5200005,41.9300003,1188700.0,39.0530128
2013-12-19 00:00:00,43.2700005,43.5099983,43.6599998,43.0400009,629200.0,38.8375816
2013-12-20 00:00:00,44.0600014,43.3899994,44.0999985,43.2700005,1600000.0,39.5466728
2013-12-23 00:00:00,44.9900017,44.25,45.0200005,44.0299988,920500.0,40.3814087
2013-12-24 00:00:00,45.2599983,44.9000015,45.4399986,44.8199997,481500.0,40.6237526
2013-12-26 00:00:00,45.2299995,45.2999992,45.5299988,44.9300003,552100.0,40.5968132
2013-12-27 00:00:00,44.9099998,45.3499985,45.5499992,44.7000008,391900.0,40.3096046
2013-12-30 00:00:00,45.5299988,44.9000015,45.5999985,44.9000015,604000.0,40.8660889
2013-12-31 00:00:00,45.7000008,45.7799988,46.0800018,45.5600014,598500.0,41.0186691
2014-01-02 00:00:00,45.4300003,45.5,46.0400009,45.2000008,1022000.0,40.7763329
2014-01-03 00:00:00,45.5800018,45.5900002,45.8899994,45.2400017,774200.0,40.9109612
2014-01-06 00:00:00,44.9500008,45.4599991,45.8100014,44.7400017,813100.0,40.3455009
2014-01-07 00:00:00,45.3400002,45.0900002,45.8499985,44.7599983,682300.0,40.695549
2014-01-08 00:00:00,45.5499992,45.1699982,46.0999985,44.9500008,682100.0,40.8840446
2014-01-09 00:00:00,45.8499985,45.5999985,45.9099998,45.1599998,491000.0,41.1533089
2014-01-10 00:00:00,46.7900009,45.8899994,46.8499985,45.8899994,686300.0,41.9970245
2014-01-13 00:00:00,46.3400002,46.5200005,46.7999992,46.25,2051100.0,41.5931168
2014-01-14 00:00:00,47.6500015,46.3600006,47.6599998,46.2799988,1239500.0,42.7689247
2014-01-15 00:00:00,47.8300018,47.6699982,47.9199982,47.2900009,1190100.0,42.9304848
2014-01-16 00:00:00,47.1399994,47.5499992,47.8499985,46.9199982,1931700.0,42.311161
2014-01-17 00:00:00,46.5600014,47.2200012,47.2700005,46.3199997,2455400.0,41.7905769
2014-01-21 00:00:00,47.1500015,46.8800011,47.1699982,46.2000008,1083400.0,42.320137
2014-01-22 00:00:00,47.75,47.2000008,47.7900009,46.8800011,1181000.0,42.8586845
2014-01-23 00:00:00,47.5900002,47.5099983,47.6500015,46.8899994,1261500.0,42.7150726
2014-01-24 00:00:00,45.6399994,47.2099991,47.3100014,45.4399986,1463900.0,40.9648285
2014-01-27 00:00:00,45.3300018,45.6899986,46.0099983,44.7200012,1770100.0,40.6865768
2014-01-28 00:00:00,46.3899994,45.3899994,46.4000015,45.3899994,1107200.0,41.637989
2014-01-29 00:00:00,45.6500015,45.9300003,46.5099983,45.5499992,1552100.0,40.9737968
2014-01-30 00:00:00,43.2099991,43.2799988,43.7400017,41.5299988,4031700.0,38.7837372
2014-01-31 00:00:00,45.0600014,43.6199989,45.4700012,42.8300018,2347400.0,40.4442444
2014-02-03 00:00:00,42.4500008,44.7000008,45.1699982,42.2200012,2420100.0,38.1015816
2014-02-04 00:00:00,43.1300011,42.6199989,43.5800018,42.2799988,2089800.0,38.711937
2014-02-05 00:00:00,43.3600006,42.9500008,43.5699997,42.3800011,1532000.0,38.9183731
2014-02-06 00:00:00,44.4300003,43.4399986,44.5099983,43.3899994,1285300.0,39.8787689
2014-02-07 00:00:00,44.9799995,44.8100014,45.3800011,44.4300003,1746200.0,40.3724289
2014-02-10 00:00:00,44.0600014,44.9700012,45.0200005,44.0400009,1092400.0,39.5466728
2014-02-11 00:00:00,44.8199997,44.2599983,45.0800018,44.2599983,969300.0,40.228817
2014-02-12 00:00:00,45.5200005,44.9799995,45.5600014,44.7700005,1556900.0,40.8571091
2014-02-13 00:00:00,45.1599998,45.0800018,45.4900017,45.0600014,990700.0,40.5340004
2014-02-14 00:00:00,45.8800011,45.0099983,45.8899994,45.0099983,998000.0,41.1802368
2014-02-18 00:00:00,45.8499985,45.9199982,46.4199982,45.3699989,1220800.0,41.1533089
2014-02-19 00:00:00,45.6100006,45.5499992,46.0099983,45.5499992,1650200.0,40.9378929
2014-02-20 00:00:00,45.5299988,45.5699997,45.9399986,45.4000015,1233400.0,40.8660889
2014-02-21 00:00:00,44.9799995,45.5400009,45.6399994,44.9099998,924100.0,40.3724289
2014-02-24 00:00:00,44.7299995,44.9700012,45.5200005,44.7299995,859100.0,40.1480408
2014-02-25 00:00:00,44.8100014,44.7299995,45.0800018,44.6399994,1216200.0,40.2198448
2014-02-26 00:00:00,46.5299988,45.5099983,46.6800003,44.6599998,1545900.0,41.8757973
2014-02-27 00:00:00,47.0800018,45.7999992,47.1699982,45.7999992,1498200.0,42.3707771
2014-02-28 00:00:00,46.7400017,47.1500015,47.4500008,46.4399986,1451600.0,42.064785
2014-03-03 00:00:00,45.9700012,46.0200005,46.2299995,45.2999992,953400.0,41.3718147
2014-03-04 00:00:00,46.8400002,46.5099983,46.8800011,46.1699982,923000.0,42.1547928
2014-03-05 00:00:00,46.8300018,46.9300003,47.3800011,46.7099991,696800.0,42.1457939
2014-03-06 00:00:00,47.0099983,46.8800011,47.2799988,46.7900009,658500.0,42.3077888
2014-03-07 00:00:00,46.5800018,47.25,47.4900017,46.4900017,1077900.0,41.9207954
2014-03-10 00:00:00,45.6699982,46.3100014,46.4300003,45.6399994,831400.0,41.1018143
2014-03-11 00:00:00,45.1699982,45.7599983,46.2000008,45.0999985,950200.0,40.6518326
2014-03-12 00:00:00,44.6899986,44.8199997,45.0299988,44.2900009,1470900.0,40.219841
2014-03-13 00:00:00,42.75,44.8600006,44.9700012,42.6500015,1728900.0,38.473896
2014-03-14 00:00:00,43.2799988,42.8300018,43.3800011,42.5999985,1397900.0,38.9508781
2014-03-17 00:00:00,43.7299995,43.5400009,44.1399994,43.3699989,727100.0,39.3558655
2014-03-18 00:00:00,44.2700005,43.8199997,44.5,43.6399994,855400.0,39.8418541
2014-03-19 00:00:00,44.1599998,44.4300003,45.2700005,43.9700012,1066500.0,39.7428589
2014-03-20 00:00:00,43.1599998,44.0699997,44.2799988,43.0099983,1007200.0,38.8428879
2014-03-21 00:00:00,42.3300018,43.3199997,43.7400017,42.2900009,4617600.0,38.0959129
2014-03-24 00:00:00,41.0,42.4900017,42.9099998,40.8499985,2615600.0,36.898941
2014-03-25 00:00:00,42.0600014,41.1100006,42.3600006,41.0699997,3209200.0,37.8529167
2014-03-26 00:00:00,40.7700005,42.2799988,42.4099998,40.7099991,1956100.0,36.6919441
2014-03-27 00:00:00,40.2000008,40.7400017,40.9300003,39.8300018,2150500.0,36.1789589
2014-03-28 00:00:00,41.7900009,40.2999992,41.9599991,40.0999985,2091000.0,37.6099129
2014-03-31 00:00:00,42.0800018,41.9700012,42.4000015,41.3400002,1446500.0,37.8709145
2014-04-01 00:00:00,42.5299988,42.1899986,42.9300003,42.0499992,1734700.0,38.2758942
2014-04-02 00:00:00,42.4799995,42.4900017,42.8100014,42.2099991,1433800.0,38.2308998
2014-04-03 00:00:00,42.0800018,42.4799995,42.7900009,42.0299988,1594400.0,37.8709145
2014-04-04 00:00:00,42.0900002,42.4700012,43.5099983,41.7200012,1690900.0,37.8799171
2014-04-07 00:00:00,40.6199989,41.9399986,42.25,40.3499985,1410700.0,36.5569534
2014-04-08 00:00:00,41.0699997,40.5699997,41.1599998,40.0900002,1463400.0,36.9619331
2014-04-09 00:00:00,42.0,41.8899994,42.3199997,41.1599998,1510500.0,37.7989197
2014-04-10 00:00:00,40.9399986,41.8699989,42.0,40.5800018,1399900.0,36.844944
2014-04-11 00:00:00,40.4500008,40.5,41.0699997,40.2299995,929400.0,36.4039459
2014-04-14 00:00:00,40.2900009,40.7700005,40.8300018,39.9700012,1055900.0,36.2599564
2014-04-15 00:00:00,40.25,40.4199982,40.7999992,39.6300011,1443900.0,36.2239532
2014-04-16 00:00:00,40.8600006,40.5699997,41.3199997,40.5499992,1194500.0,36.7729492
2014-04-17 00:00:00,40.4399986,40.8499985,41.1800003,40.4099998,932500.0,36.3949585
2014-04-21 00:00:00,40.7700005,40.5299988,40.9099998,40.1199989,1028200.0,36.6919441
2014-04-22 00:00:00,41.4000015,40.8499985,41.9000015,40.8300018,1171400.0,37.2589264
2014-04-23 00:00:00,41.2900009,41.3600006,41.5800018,40.9000015,1066400.0,37.159935
2014-04-24 00:00:00,42.0,41.4700012,42.0099983,41.0200005,1348300.0,37.7989197
2014-04-25 00:00:00,40.3400002,41.5200005,41.5400009,39.7599983,2285000.0,36.3049622
2014-04-28 00:00:00,39.4599991,40.4599991,40.8499985,38.7200012,3267100.0,35.5129814
2014-04-29 00:00:00,40.1100006,39.6100006,40.2400017,39.1500015,1282700.0,36.0979652
2014-04-30 00:00:00,39.8499985,40.0,40.1199989,39.3600006,1797900.0,35.8639755
2014-05-01 00:00:00,39.5600014,42.1399994,42.1399994,38.5699997,4122600.0,35.6029778
2014-05-02 00:00:00,40.8199997,39.5,41.0999985,39.5,2618400.0,36.7369461
2014-05-05 00:00:00,40.2999992,40.4099998,40.5099983,39.8400002,1357600.0,36.2689667
2014-05-06 00:00:00,39.2599983,40.25,40.25,39.1699982,1310500.0,35.3329849
2014-05-07 00:00:00,38.9599991,39.2299995,39.4099998,38.5400009,2011300.0,35.0629997
2014-05-08 00:00:00,38.9900017,38.7900009,39.5400009,38.6899986,1766400.0,35.0899963
2014-05-09 00:00:00,39.5400009,39.0800018,39.5800018,38.7700005,1880900.0,35.5849762
2014-05-12 00:00:00,40.4700012,39.9199982,40.8199997,39.6800003,1266100.0,36.4219475
2014-05-13 00:00:00,39.8899994,40.4700012,40.7400017,39.8600006,858500.0,35.8999634
2014-05-14 00:00:00,38.7400017,39.8100014,39.8699989,38.6500015,1210500.0,34.8650017
2014-05-15 00:00:00,37.8499985,38.6699982,38.7599983,37.2799988,2510700.0,34.0640106
2014-05-16 00:00:00,38.3400002,38.0200005,38.4099998,37.8699989,2245600.0,34.5050087
2014-05-19 00:00:00,38.9599991,38.4300003,39.7000008,38.1800003,1839700.0,35.0629997
2014-05-20 00:00:00,38.7400017,38.7799988,39.2000008,38.7099991,1768100.0,34.8650017
2014-05-21 00:00:00,39.0099983,38.8400002,39.5600014,38.7900009,1108900.0,35.1079826
2014-05-22 00:00:00,39.8899994,39.1699982,40.25,38.9500008,1424600.0,35.8999634
2014-05-23 00:00:00,40.3800011,39.7799988,40.5699997,39.7400017,1193200.0,36.3409615
2014-05-27 00:00:00,40.6899986,40.5299988,40.8199997,40.3199997,1184000.0,36.6199417
2014-05-28 00:00:00,39.9099998,40.4500008,40.6599998,39.8600006,1572600.0,36.0242119
2014-05-29 00:00:00,40.1100006,39.9700012,40.4300003,39.75,901000.0,36.204731
2014-05-30 00:00:00,39.9799995,39.9900017,40.1800003,39.6300011,1278700.0,36.0873871
2014-06-02 00:00:00,40.0,39.9700012,40.3300018,39.6500015,1095700.0,36.1054382
2014-06-03 00:00:00,39.9700012,40.0999985,40.5099983,39.75,1118300.0,36.0783615
2014-06-04 00:00:00,39.6699982,39.9000015,40.1800003,39.6399994,1546500.0,35.80756
2014-06-05 00:00:00,39.9399986,39.8800011,40.4599991,39.3899994,2826600.0,36.0512848
2014-06-06 00:00:00,40.3199997,40.0200005,40.4199982,39.9199982,1637700.0,36.3942909
2014-06-09 00:00:00,40.75,40.25,41.1500015,40.1599998,1301900.0,36.7824135
2014-06-10 00:00:00,40.6399994,40.6899986,40.8800011,40.2799988,1221000.0,36.6831398
2014-06-11 00:00:00,40.5299988,40.4799995,40.5400009,39.9300003,1620800.0,36.5838356
2014-06-12 00:00:00,40.2099991,40.5200005,40.6300011,39.9500008,2156100.0,36.2949982
2014-06-13 00:00:00,39.7999992,40.3199997,40.3600006,39.6899986,1152400.0,35.9249229
2014-06-16 00:00:00,39.6399994,39.6500015,40.0699997,39.4099998,1035500.0,35.7804909
2014-06-17 00:00:00,39.2400017,39.4599991,39.6300011,38.9500008,1795700.0,35.4194489
2014-06-18 00:00:00,39.5499992,39.2200012,39.5900002,38.6899986,2234500.0,35.6992607
2014-06-19 00:00:00,40.5299988,39.5999985,40.5400009,39.3499985,2491400.0,36.5838356
2014-06-20 00:00:00,39.5099983,40.2599983,40.3100014,38.8300018,4744400.0,35.6631508
2014-06-23 00:00:00,39.2999992,39.5600014,39.9700012,39.2599983,1120600.0,35.4735909
2014-06-24 00:00:00,39.3899994,39.2799988,40.0299988,39.0600014,1167800.0,35.5548325
2014-06-25 00:00:00,39.6800003,39.25,39.8100014,39.25,836400.0,35.8166046
2014-06-26 00:00:00,39.0900002,39.4300003,39.7400017,38.8800011,1007200.0,35.2840538
2014-06-27 00:00:00,39.5499992,38.9900017,39.6199989,38.8899994,2593700.0,35.6992607
2014-06-30 00:00:00,39.9300003,39.4199982,39.9500008,39.1699982,1325600.0,36.0422707
2014-07-01 00:00:00,40.4000015,40.0099983,40.9599991,39.9799995,1632100.0,36.4664993
2014-07-02 00:00:00,40.0,40.2299995,40.5699997,39.8899994,1305900.0,36.1054382
2014-07-03 00:00:00,40.8499985,40.1100006,40.8499985,39.9599991,942500.0,36.8726807
2014-07-07 00:00:00,39.8699989,40.6300011,40.7000008,39.8199997,1761000.0,35.9880943
2014-07-08 00:00:00,39.2400017,39.7299995,39.8400002,39.1699982,1430800.0,35.4194489
2014-07-09 00:00:00,39.1599998,39.3300018,39.8899994,39.0900002,1285700.0,35.347229
2014-07-10 00:00:00,38.0200005,38.1899986,38.2999992,36.9199982,3240100.0,34.3182259
2014-07-11 00:00:00,37.5099983,37.8800011,38.2900009,37.4900017,2387900.0,33.8578796
2014-07-14 00:00:00,37.9500008,37.5800018,38.0999985,37.5800018,1989300.0,34.255043
2014-07-15 00:00:00,37.4399986,37.6399994,37.9399986,37.2400017,1238200.0,33.7946892
2014-07-16 00:00:00,37.5600014,37.7200012,37.8199997,37.2599983,1554300.0,33.9030151
2014-07-17 00:00:00,37.5699997,37.1899986,37.6300011,36.9599991,2607500.0,33.9120369
2014-07-18 00:00:00,38.0099983,37.6100006,38.0099983,37.3800011,1998400.0,34.3091965
2014-07-21 00:00:00,38.1699982,37.7299995,38.2400017,37.5900002,1653300.0,34.4536171
2014-07-22 00:00:00,39.0900002,38.3100014,39.3499985,38.25,2826200.0,35.2840538
2014-07-23 00:00:00,39.0,38.9500008,39.5299988,38.5499992,1951200.0,35.202816
2014-07-24 00:00:00,38.6399994,38.9399986,39.3300018,38.5,2137800.0,34.8778687
2014-07-25 00:00:00,38.1899986,38.2900009,38.5499992,38.0299988,1318900.0,34.4716759
2014-07-28 00:00:00,36.7700005,37.6599998,37.8400002,36.6500015,2538800.0,33.18993
2014-07-29 00:00:00,37.2000008,37.2400017,37.7099991,37.1899986,4317000.0,33.5780602
2014-07-30 00:00:00,37.2400017,37.3300018,37.5499992,36.9799995,2723300.0,33.6141815
2014-07-31 00:00:00,37.7900009,37.2099991,38.6500015,36.7700005,4309100.0,34.1106186
2014-08-01 00:00:00,37.8199997,37.7200012,38.2000008,37.1399994,2550100.0,34.1376915
2014-08-04 00:00:00,38.4500008,37.8600006,38.5800018,37.8499985,2410500.0,34.7063599
2014-08-05 00:00:00,39.2599983,38.1899986,39.5499992,38.1899986,3029700.0,35.4374962
2014-08-06 00:00:00,39.6599998,38.8899994,40.1100006,38.8499985,2110800.0,35.7985535
2014-08-07 00:00:00,39.8400002,39.8899994,40.0900002,39.4599991,2280800.0,35.9610214
2014-08-08 00:00:00,41.0999985,39.9399986,41.25,39.8100014,2438400.0,37.0983391
2014-08-11 00:00:00,41.3400002,41.3699989,41.5,41.0299988,1707800.0,37.3149834
2014-08-12 00:00:00,40.9700012,41.1500015,41.2900009,40.6199989,1434300.0,36.9810104
2014-08-13 00:00:00,41.0800018,41.0,41.3600006,40.8300018,1545300.0,37.0802841
2014-08-14 00:00:00,41.75,41.1699982,41.7599983,40.9700012,1420000.0,37.6850586
2014-08-15 00:00:00,41.7400017,41.8600006,41.9900017,41.1899986,1519900.0,37.6760292
2014-08-18 00:00:00,42.7099991,42.0,43.1100006,42.0,1920500.0,38.5515862
2014-08-19 00:00:00,42.8199997,43.0099983,43.5999985,42.7700005,1433400.0,38.6508713
2014-08-20 00:00:00,43.2400017,42.9799995,43.3300018,42.6100006,1231000.0,39.0299873
2014-08-21 00:00:00,43.2099991,43.1800003,43.3400002,42.5900002,834100.0,39.0029068
2014-08-22 00:00:00,43.2700005,43.0699997,43.4300003,42.9099998,636400.0,39.0570602
2014-08-25 00:00:00,43.2900009,43.4300003,43.8499985,43.1300011,1068500.0,39.0751266
2014-08-26 00:00:00,43.5200005,43.4099998,43.7200012,43.1800003,542100.0,39.2827225
2014-08-27 00:00:00,43.2000008,43.5200005,43.5900002,43.0200005,688300.0,39.1016846
2014-08-28 00:00:00,43.0400009,42.8899994,43.2400017,42.5,1038600.0,38.956871
2014-08-29 00:00:00,43.2099991,43.0400009,43.4099998,42.8800011,586400.0,39.1107483
2014-09-02 00:00:00,43.6300011,43.3100014,43.7400017,43.1199989,1338900.0,39.4909096
2014-09-03 00:00:00,43.4500008,43.7099991,43.7799988,43.2599983,1195200.0,39.3279762
2014-09-04 00:00:00,43.8300018,43.3899994,44.2400017,43.2999992,1401100.0,39.6719398
2014-09-05 00:00:00,43.9599991,43.7400017,44.0499992,43.3899994,883100.0,39.7895927
2014-09-08 00:00:00,44.0200005,43.7099991,44.1100006,43.5800018,929400.0,39.8439064
2014-09-09 00:00:00,43.5999985,43.9199982,43.9799995,43.3300018,793900.0,39.4637527
2014-09-10 00:00:00,43.6300011,43.5999985,43.7599983,43.2799988,946300.0,39.4909096
2014-09-11 00:00:00,43.8400002,43.4599991,44.0200005,43.3100014,1148800.0,39.6809731
2014-09-12 00:00:00,43.1300011,43.7400017,43.9099998,42.7000008,1493500.0,39.0383415
2014-09-15 00:00:00,42.8300018,43.1199989,43.1800003,42.6699982,790900.0,38.7667999
2014-09-16 00:00:00,42.8499985,42.6899986,43.0299988,42.5200005,1307500.0,38.7849045
2014-09-17 00:00:00,43.5099983,43.0400009,43.7700005,42.9199982,1074000.0,39.3822899
2014-09-18 00:00:00,42.9000015,43.5299988,43.6100006,42.8699989,794500.0,38.8301582
2014-09-19 00:00:00,42.6199989,43.0299988,43.0499992,41.9799995,3308300.0,38.576725
2014-09-22 00:00:00,41.8400002,42.6100006,42.6100006,41.6500015,1094400.0,37.8707161
2014-09-23 00:00:00,41.7799988,41.5900002,42.0900002,41.2599983,1084500.0,37.8164101
2014-09-24 00:00:00,41.8600006,41.7700005,42.0299988,41.5400009,833500.0,37.8888168
2014-09-25 00:00:00,40.9900017,41.7099991,41.8300018,40.9900017,1076100.0,37.1013603
2014-09-26 00:00:00,41.6399994,40.9799995,41.7000008,40.9799995,849500.0,37.6896935
2014-09-29 00:00:00,41.0299988,41.1100006,41.3199997,40.9000015,808300.0,37.1375504
2014-09-30 00:00:00,41.1100006,41.2700005,41.7999992,40.7099991,1604700.0,37.2099686
2014-10-01 00:00:00,40.2599983,41.3400002,41.3499985,40.0600014,1695400.0,36.440609
2014-10-02 00:00:00,40.5499992,40.1899986,40.7400017,39.7700005,1024800.0,36.7031021
2014-10-03 00:00:00,40.7400017,40.8400002,41.0999985,40.6300011,1071400.0,36.8750916
2014-10-06 00:00:00,40.6599998,41.0099983,41.1500015,40.4900017,963600.0,36.8026772
2014-10-07 00:00:00,39.8699989,40.3300018,40.4000015,39.8400002,1014800.0,36.0876045
2014-10-08 00:00:00,40.2999992,39.9500008,40.3400002,39.2700005,1417400.0,36.4768181
2014-10-09 00:00:00,39.4099998,40.1399994,40.3899994,39.3899994,1250900.0,35.6712456
2014-10-10 00:00:00,38.5,39.1599998,39.6300011,38.5,1301700.0,34.8475761
2014-10-13 00:00:00,37.7400017,38.5999985,38.9099998,37.7000008,1316800.0,34.1596794
2014-10-14 00:00:00,37.7599983,37.8699989,38.4500008,37.0,2010100.0,34.1777763
2014-10-15 00:00:00,38.2200012,37.0299988,38.6300011,36.5400009,2180700.0,34.5941353
2014-10-16 00:00:00,38.9399986,37.4700012,39.2999992,37.3400002,1434900.0,35.2458305
2014-10-17 00:00:00,40.1699982,39.3699989,40.2599983,39.0299988,1440800.0,36.3591537
2014-10-20 00:00:00,40.1300011,40.0099983,40.4700012,39.8800011,1238400.0,36.3229332
2014-10-21 00:00:00,41.0099983,40.3400002,41.1800003,40.3100014,842900.0,37.1194649
2014-10-22 00:00:00,40.7900009,40.9500008,41.5200005,40.7799988,734800.0,36.9203224
2014-10-23 00:00:00,41.5600014,41.2700005,41.8899994,41.1199989,1022800.0,37.6172867
2014-10-24 00:00:00,41.8499985,41.6599998,41.9700012,41.1800003,720400.0,37.8797607
2014-10-27 00:00:00,41.9900017,41.75,42.0400009,41.3699989,585600.0,38.006485
2014-10-28 00:00:00,42.5600014,42.1100006,42.6199989,41.8300018,964600.0,38.5224113
2014-10-29 00:00:00,42.3400002,42.4599991,42.9099998,41.7700005,1683800.0,38.3232727
2014-10-30 00:00:00,41.8899994,40.3300018,42.2000008,39.4900017,3965900.0,37.9159775
2014-10-31 00:00:00,43.25,42.6399994,43.3499985,42.3499985,1973700.0,39.1469536
2014-11-03 00:00:00,43.2700005,43.2700005,43.7599983,43.0099983,1372700.0,39.165062
2014-11-04 00:00:00,42.4399986,42.9599991,43.0999985,42.0200005,931100.0,38.4138069
2014-11-05 00:00:00,41.9399986,42.9000015,42.9000015,41.8400002,1106500.0,37.9612198
2014-11-06 00:00:00,42.6300011,42.0600014,42.6399994,41.7700005,966300.0,38.5857735
2014-11-07 00:00:00,42.7999992,42.7099991,42.8199997,42.3400002,735400.0,38.7396507
2014-11-10 00:00:00,42.6300011,42.9700012,43.2900009,42.5299988,719800.0,38.5857735
2014-11-11 00:00:00,42.9099998,42.5699997,42.9799995,42.5499992,461900.0,38.8392143
2014-11-12 00:00:00,42.8100014,42.6300011,42.9300003,42.4799995,733200.0,38.7486954
2014-11-13 00:00:00,42.5299988,42.9399986,42.9900017,42.2299995,489500.0,38.4952621
2014-11-14 00:00:00,42.7700005,42.5299988,42.9000015,42.2799988,742100.0,38.7124901
2014-11-17 00:00:00,42.0900002,42.5699997,42.5699997,41.9700012,595600.0,38.0970039
2014-11-18 00:00:00,42.9599991,42.2000008,43.2000008,42.0099983,886700.0,38.8844566
2014-11-19 00:00:00,42.8400002,42.8499985,43.1399994,42.5999985,792700.0,38.7758522
2014-11-20 00:00:00,43.8400002,42.5299988,43.8600006,42.5299988,754100.0,39.6809731
2014-11-21 00:00:00,44.6199989,44.0900002,44.8199997,44.0299988,1585900.0,40.3869858
2014-11-24 00:00:00,45.7700005,44.8300018,45.8199997,44.7999992,1511900.0,41.427887
2014-11-25 00:00:00,45.1300011,45.6399994,45.9900017,44.8499985,982500.0,40.955986
2014-11-26 00:00:00,45.0299988,45.1100006,45.2200012,44.9099998,458200.0,40.8652191
2014-11-28 00:00:00,44.9199982,44.9199982,45.25,44.6399994,357600.0,40.7653961
2014-12-01 00:00:00,44.4000015,44.7900009,44.9799995,44.1500015,839800.0,40.293499
2014-12-02 00:00:00,45.0900002,44.5,45.3699989,44.3199997,1051500.0,40.9196854
2014-12-03 00:00:00,45.6100006,45.2599983,45.6699982,45.0,575700.0,41.3915939
2014-12-04 00:00:00,45.6399994,45.4799995,45.6699982,45.2799988,464700.0,41.4188118
2014-12-05 00:00:00,45.5900002,45.6599998,46.0,45.4500008,455100.0,41.3734322
2014-12-08 00:00:00,45.0699997,45.4000015,45.7799988,44.8800011,518400.0,40.901535
2014-12-09 00:00:00,45.8499985,44.6500015,45.9599991,44.5299988,534900.0,41.6093826
2014-12-10 00:00:00,44.2999992,45.7999992,45.7999992,44.2900009,702100.0,40.2027397
2014-12-11 00:00:00,44.5900002,44.5900002,45.5099983,44.4099998,704700.0,40.4659195
2014-12-12 00:00:00,44.0,44.2900009,44.6500015,43.8400002,578000.0,39.9304962
2014-12-15 00:00:00,43.5699997,44.4599991,44.5800018,43.1500015,712000.0,39.5402565
2014-12-16 00:00:00,43.8600006,43.4000015,44.25,42.9799995,1715200.0,39.8034477
2014-12-17 00:00:00,45.0200005,44.0,45.1699982,43.5400009,915400.0,40.8561554
2014-12-18 00:00:00,45.5400009,45.6199989,45.7200012,44.8199997,754700.0,41.328064
2014-12-19 00:00:00,45.0800018,45.6199989,45.6800003,44.9199982,1839200.0,40.910614
2014-12-22 00:00:00,45.0800018,45.2200012,45.2200012,44.6699982,567900.0,40.910614
2014-12-23 00:00:00,44.7200012,45.0800018,45.5299988,44.7200012,834500.0,40.5839043
2014-12-24 00:00:00,44.6399994,44.7099991,44.8300018,44.6199989,546100.0,40.5112877
2014-12-26 00:00:00,44.7799988,44.8300018,45.0699997,44.6800003,725500.0,40.6383476
2014-12-29 00:00:00,45.2400017,44.6500015,45.4500008,44.5999985,1139400.0,41.0558167
2014-12-30 00:00:00,45.0499992,45.1300011,45.4099998,44.7299995,937200.0,40.8833733
2014-12-31 00:00:00,45.2700005,45.2599983,45.9500008,44.9799995,1073400.0,41.0830383
2015-01-02 00:00:00,44.7900009,45.6199989,45.9399986,44.2000008,747600.0,40.6474266
2015-01-05 00:00:00,44.1899986,44.4599991,44.6899986,43.9000015,823000.0,40.102932
2015-01-06 00:00:00,43.1899986,44.3899994,44.5299988,42.75,1337900.0,39.1954041
2015-01-07 00:00:00,43.8100014,43.4900017,44.0200005,43.2299995,882700.0,39.7580681
2015-01-08 00:00:00,45.2299995,44.2599983,45.25,44.0299988,1074600.0,41.0467339
2015-01-09 00:00:00,45.7799988,45.3499985,46.3699989,45.1500015,1305100.0,41.5458603
2015-01-12 00:00:00,45.8400002,45.7599983,46.1399994,45.3600006,1351200.0,41.6003151
2015-01-13 00:00:00,45.5400009,46.4099998,47.5200005,44.7099991,2900100.0,41.328064
2015-01-14 00:00:00,45.6599998,45.1399994,46.1500015,45.1399994,1393400.0,41.4369698
2015-01-15 00:00:00,43.6899986,45.9900017,46.0800018,43.6399994,999300.0,39.6491623
2015-01-16 00:00:00,44.9099998,43.5499992,44.9700012,43.0099983,909800.0,40.7563362
2015-01-20 00:00:00,44.2299995,45.0400009,45.2299995,43.6500015,680700.0,40.1392365
2015-01-21 00:00:00,44.3400002,44.1800003,45.0800018,43.9799995,1108300.0,40.2390594
2015-01-22 00:00:00,44.8400002,44.5999985,45.0499992,43.8800011,1027300.0,40.6927948
2015-01-23 00:00:00,44.8499985,44.7700005,45.1899986,44.4000015,440900.0,40.701889
2015-01-26 00:00:00,45.4500008,44.8499985,45.8100014,44.75,853900.0,41.2463875
2015-01-27 00:00:00,45.3400002,44.8499985,45.4399986,44.5200005,682800.0,41.1465607
2015-01-28 00:00:00,45.2000008,45.7599983,46.1100006,45.0499992,924200.0,41.019516
2015-01-29 00:00:00,45.3800011,45.0299988,45.8400002,44.8600006,1145100.0,41.1828651
2015-01-30 00:00:00,44.7900009,45.2099991,45.5200005,44.7000008,1358300.0,40.6474266
2015-02-02 00:00:00,45.8800011,45.0499992,45.9399986,44.4000015,1581900.0,41.6366119
2015-02-03 00:00:00,47.1399994,46.2299995,47.3699989,45.9000015,2077600.0,42.7800865
2015-02-04 00:00:00,47.2299995,46.7200012,47.9399986,46.2599983,2585200.0,42.861763
2015-02-05 00:00:00,43.9300003,45.0,45.7099991,43.0699997,5975100.0,39.8669586
2015-02-06 00:00:00,43.2999992,43.6300011,44.0099983,43.1100006,2360900.0,39.2952347
2015-02-09 00:00:00,43.0400009,43.2700005,43.7299995,42.9799995,2095300.0,39.0592842
2015-02-10 00:00:00,44.2999992,43.2799988,44.6100006,42.7999992,2406100.0,40.2027397
2015-02-11 00:00:00,44.4700012,44.2900009,44.5099983,43.8100014,1769300.0,40.3570328
2015-02-12 00:00:00,45.5600014,44.4500008,45.5999985,44.3800011,2417700.0,41.3462219
2015-02-13 00:00:00,46.5800018,45.6800003,46.8100014,45.5200005,3087000.0,42.2718735
2015-02-17 00:00:00,46.9900017,46.3899994,47.4300003,46.0800018,1982200.0,42.6439476
2015-02-18 00:00:00,47.0999985,46.8300018,47.1500015,46.6800003,1095400.0,42.743782
2015-02-19 00:00:00,47.7799988,46.9300003,47.9000015,46.9000015,1590200.0,43.3608856
2015-02-20 00:00:00,48.0,47.8499985,48.0999985,47.5,1132000.0,43.5605392
2015-02-23 00:00:00,47.8699989,47.7799988,48.0299988,47.3899994,992800.0,43.4425583
2015-02-24 00:00:00,47.9500008,48.0200005,48.1699982,47.5900002,1320300.0,43.5151711
2015-02-25 00:00:00,47.5800018,47.8699989,47.9300003,47.4199982,1141400.0,43.3058281
2015-02-26 00:00:00,46.9000015,47.3400002,47.5400009,46.5900002,1507000.0,42.6869164
2015-02-27 00:00:00,46.3199997,46.9700012,47.1800003,46.2900009,1141000.0,42.1590157
2015-03-02 00:00:00,47.2599983,46.3199997,47.3100014,46.3199997,784000.0,43.014576
2015-03-03 00:00:00,46.5299988,47.0699997,47.1599998,46.2400017,816900.0,42.3501396
2015-03-04 00:00:00,46.3699989,46.3899994,46.4099998,45.7400017,666200.0,42.2045097
2015-03-05 00:00:00,46.2999992,46.3699989,46.4000015,45.9700012,651400.0,42.1408119
2015-03-06 00:00:00,44.9599991,45.7999992,46.0299988,44.8300018,959600.0,40.9211807
2015-03-09 00:00:00,45.3300018,45.0999985,45.5999985,44.7900009,1192400.0,41.2579575
2015-03-10 00:00:00,45.0099983,44.9799995,45.1800003,44.7700005,1119400.0,40.9666862
2015-03-11 00:00:00,45.3800011,44.9799995,45.5900002,44.7299995,679300.0,41.3034592
2015-03-12 00:00:00,45.4099998,45.7200012,46.0600014,45.2700005,777000.0,41.3307648
2015-03-13 00:00:00,44.8899994,45.1800003,45.4000015,44.75,1404300.0,40.8574677
2015-03-16 00:00:00,45.0900002,45.0,45.4099998,44.9900017,1045200.0,41.0395088
2015-03-17 00:00:00,44.2200012,44.7700005,45.0,44.2000008,1758200.0,40.2476578
2015-03-18 00:00:00,44.9700012,44.1199989,45.3499985,43.6899986,1421400.0,40.9302864
2015-03-19 00:00:00,45.0800018,44.8899994,45.7299995,44.7999992,977900.0,41.0304108
2015-03-20 00:00:00,46.1599998,45.3199997,46.2299995,45.3199997,1907600.0,42.0133858
2015-03-23 00:00:00,45.8800011,46.6699982,46.7400017,45.5499992,1345800.0,41.7585373
2015-03-24 00:00:00,46.1599998,45.9300003,46.3100014,45.5099983,1230000.0,42.0133858
2015-03-25 00:00:00,44.9500008,46.2200012,46.2999992,44.8899994,1157900.0,40.912075
2015-03-26 00:00:00,44.3499985,44.7900009,44.8199997,44.1599998,798100.0,40.3659821
2015-03-27 00:00:00,44.2900009,44.2700005,44.4799995,44.0999985,1050100.0,40.3113747
2015-03-30 00:00:00,47.0099983,45.1800003,47.5400009,45.1699982,1999300.0,42.7870216
2015-03-31 00:00:00,47.4799995,46.9199982,47.5999985,46.7200012,1346500.0,43.2148094
2015-04-01 00:00:00,46.7000008,47.5600014,47.7799988,46.3699989,1327700.0,42.504879
2015-04-02 00:00:00,46.8800011,46.3699989,47.4199982,46.2900009,1068200.0,42.6687164
2015-04-06 00:00:00,46.7900009,46.2299995,46.9000015,46.1800003,1076600.0,42.5867996
2015-04-07 00:00:00,46.2799988,46.5600014,47.0499992,46.2599983,669000.0,42.122612
2015-04-08 00:00:00,46.3800011,46.2700005,46.5499992,46.0800018,1009500.0,42.2136192
2015-04-09 00:00:00,45.9900017,46.2200012,46.5999985,45.4700012,1582900.0,41.8586578
2015-04-10 00:00:00,46.1399994,45.9900017,46.2400017,45.75,960000.0,41.9951782
2015-04-13 00:00:00,45.9199982,45.9900017,46.3100014,45.7299995,614400.0,41.7949524
2015-04-14 00:00:00,46.1100006,45.9900017,46.1599998,45.1100006,820000.0,41.9678726
2015-04-15 00:00:00,45.8899994,46.2299995,46.3899994,45.8499985,953100.0,41.7676468
2015-04-16 00:00:00,45.1300011,45.6800003,45.6800003,44.8600006,940200.0,41.0759163
2015-04-17 00:00:00,44.8600006,44.7400017,44.9500008,44.2799988,900700.0,40.8301697
2015-04-20 00:00:00,45.7000008,45.1699982,46.0200005,44.9599991,1342200.0,41.5947075
2015-04-21 00:00:00,46.25,45.8699989,46.4399986,45.6300011,1101600.0,42.0953026
2015-04-22 00:00:00,46.6300011,46.3400002,46.9700012,45.9900017,1218200.0,42.4411659
2015-04-23 00:00:00,46.4099998,46.2599983,46.4399986,45.9199982,1658600.0,42.2409286
2015-04-24 00:00:00,46.7599983,46.5,46.8300018,46.0800018,863100.0,42.5594864
2015-04-27 00:00:00,45.6199989,46.8699989,46.8699989,45.5099983,1838000.0,41.5218964
2015-04-28 00:00:00,45.7599983,45.4500008,45.7900009,44.9799995,2067300.0,41.6493263
2015-04-29 00:00:00,45.8499985,45.5200005,46.2400017,45.1500015,1490000.0,41.7312279
2015-04-30 00:00:00,44.5999985,45.5699997,46.1100006,44.4300003,2713100.0,40.5935135
2015-05-01 00:00:00,44.4599991,44.3800011,45.7599983,43.9000015,3661400.0,40.4661102
2015-05-04 00:00:00,44.75,44.6100006,45.0699997,44.3800011,2504500.0,40.7300529
2015-05-05 00:00:00,44.6300011,44.5800018,45.0400009,44.5600014,1719500.0,40.6208305
2015-05-06 00:00:00,44.0699997,44.7000008,44.8699989,43.7900009,1960400.0,40.1111336
2015-05-07 00:00:00,44.5,43.8400002,44.6300011,43.8199997,769900.0,40.5025177
2015-05-08 00:00:00,44.5900002,45.2999992,45.7099991,44.5299988,1041100.0,40.5844154
2015-05-11 00:00:00,44.5099983,44.5999985,44.8600006,44.4099998,1064600.0,40.5116081
2015-05-12 00:00:00,44.0800018,44.3199997,44.5600014,43.8400002,1069100.0,40.1202393
2015-05-13 00:00:00,44.9300003,44.3199997,45.4399986,44.2999992,2188800.0,40.8938828
2015-05-14 00:00:00,45.2299995,45.3499985,45.4399986,44.9000015,1172800.0,41.1669312
2015-05-15 00:00:00,45.2200012,45.2000008,45.4199982,45.0699997,1082600.0,41.1578331
2015-05-18 00:00:00,45.3199997,45.1599998,45.4599991,45.0099983,1201200.0,41.2488365
2015-05-19 00:00:00,46.0900002,45.7200012,46.4599991,45.6199989,1632500.0,41.9496803
2015-05-20 00:00:00,45.9399986,46.2400017,46.4900017,45.8199997,1443800.0,41.8131485
2015-05-21 00:00:00,46.1100006,45.8899994,46.2599983,45.6699982,1839100.0,41.9678726
2015-05-22 00:00:00,46.1599998,46.1500015,46.3300018,46.0800018,1194500.0,42.0133858
2015-05-26 00:00:00,46.4099998,45.9700012,46.5499992,45.9500008,2097800.0,42.2409286
2015-05-27 00:00:00,46.4500008,46.4300003,46.6199989,46.1699982,1403500.0,42.4052505
2015-05-28 00:00:00,46.5600014,46.4000015,46.6699982,46.1800003,1335200.0,42.5056839
2015-05-29 00:00:00,45.8600006,46.5699997,46.6599998,45.6699982,6370000.0,41.8666229
2015-06-01 00:00:00,46.1500015,45.9399986,46.4599991,45.4000015,1163500.0,42.1313782
2015-06-02 00:00:00,46.7299995,45.9900017,47.0600014,45.9199982,1585800.0,42.6608734
2015-06-03 00:00:00,46.3800011,46.5900002,46.5900002,46.0900002,1386900.0,42.3413506
2015-06-04 00:00:00,45.7999992,46.0900002,46.2799988,45.6899986,1202200.0,41.8118477
2015-06-05 00:00:00,46.2000008,45.4500008,46.2999992,45.0999985,961100.0,42.177021
2015-06-08 00:00:00,45.9000015,46.0600014,46.3400002,45.8300018,1378000.0,41.9031487
2015-06-09 00:00:00,45.6199989,45.2900009,46.2900009,45.2900009,878500.0,41.6475296
2015-06-10 00:00:00,46.0999985,45.8400002,46.3699989,45.7200012,1091400.0,42.0857277
2015-06-11 00:00:00,46.2400017,46.1599998,46.5699997,46.0699997,1018800.0,42.2135468
2015-06-12 00:00:00,46.25,46.1800003,46.3600006,45.8800011,660600.0,42.2226753
2015-06-15 00:00:00,45.6800003,45.9799995,45.9799995,45.4900017,1056300.0,41.7022934
2015-06-16 00:00:00,45.7799988,45.5099983,45.8899994,45.4000015,753400.0,41.7935982
2015-06-17 00:00:00,45.6800003,45.7299995,46.0200005,45.1699982,949500.0,41.7022934
2015-06-18 00:00:00,46.0299988,45.7400017,46.1599998,45.5600014,753800.0,42.0218315
2015-06-19 00:00:00,46.0499992,46.1199989,46.3800011,45.9799995,1286500.0,42.040081
2015-06-22 00:00:00,46.75,46.3199997,46.75,46.1300011,1122400.0,42.6791306
2015-06-23 00:00:00,46.5499992,46.7900009,46.9500008,46.3300018,907800.0,42.4965477
2015-06-24 00:00:00,45.6899986,46.4000015,46.8899994,45.6599998,958400.0,41.7114182
2015-06-25 00:00:00,45.9500008,45.9399986,46.1399994,45.5999985,945400.0,41.9488029
2015-06-26 00:00:00,46.6399994,45.9900017,46.6599998,45.9500008,1345200.0,42.5787125
2015-06-29 00:00:00,45.2700005,46.25,46.4500008,45.2299995,718600.0,41.3280067
2015-06-30 00:00:00,45.8199997,45.5,46.0999985,45.3899994,1163800.0,41.8301125
2015-07-01 00:00:00,45.9700012,46.2700005,46.7099991,45.7200012,1419900.0,41.9670601
2015-07-02 00:00:00,46.0200005,46.0,46.1399994,45.6899986,904100.0,42.0126915
2015-07-06 00:00:00,45.1699982,45.7200012,46.0900002,45.1399994,1372400.0,41.2367134
2015-07-07 00:00:00,45.4900017,45.2599983,45.5699997,44.7299995,1564600.0,41.5288544
2015-07-08 00:00:00,44.8199997,45.1399994,45.4399986,44.6899986,852700.0,40.9171982
2015-07-09 00:00:00,44.7299995,45.3600006,45.5499992,44.7000008,914900.0,40.8350334
2015-07-10 00:00:00,45.0400009,45.1699982,45.2700005,44.9099998,866700.0,41.118042
2015-07-13 00:00:00,45.8800011,45.4900017,45.9099998,45.4000015,766900.0,41.8848915
2015-07-14 00:00:00,46.1699982,45.7400017,46.2700005,45.6599998,813400.0,42.1496353
2015-07-15 00:00:00,45.25,46.2000008,46.3100014,45.0900002,1221900.0,41.3097572
2015-07-16 00:00:00,44.8300018,45.6199989,45.6199989,44.7200012,1346000.0,40.9263344
2015-07-17 00:00:00,44.2900009,44.8100014,44.9300003,43.9199982,1744700.0,40.4333534
2015-07-20 00:00:00,44.5600014,44.2799988,45.0900002,43.9000015,2267000.0,40.6798325
2015-07-21 00:00:00,44.1199989,44.4900017,44.9199982,43.9000015,2149400.0,40.278141
2015-07-22 00:00:00,44.1800003,43.8699989,44.6800003,43.8699989,2309000.0,40.3329239
2015-07-23 00:00:00,47.0699997,45.3499985,47.9900017,45.0999985,6416300.0,42.9712563
2015-07-24 00:00:00,46.5900002,47.0,47.0999985,46.0299988,3112600.0,42.5330658
2015-07-27 00:00:00,45.6500015,46.25,46.4000015,45.5699997,1522200.0,41.6749191
2015-07-28 00:00:00,46.6500015,46.0299988,46.8100014,45.8800011,1296800.0,42.5878487
2015-07-29 00:00:00,47.6699982,46.75,47.8800011,46.4300003,1338200.0,43.5190239
2015-07-30 00:00:00,47.9900017,47.4500008,48.1599998,47.2799988,1005900.0,43.811161
2015-07-31 00:00:00,47.75,48.4099998,48.5,47.6100006,1078200.0,43.5920563
2015-08-03 00:00:00,47.4500008,47.9500008,48.0699997,47.2200012,969800.0,43.3181763
2015-08-04 00:00:00,47.7400017,47.1699982,47.9900017,47.1699982,869800.0,43.5829353
2015-08-05 00:00:00,47.5699997,47.8800011,48.0800018,47.1699982,1406400.0,43.4277306
2015-08-06 00:00:00,47.3699989,47.5800018,48.2400017,47.2599983,1047300.0,43.2451401
2015-08-07 00:00:00,48.2099991,47.1899986,48.2299995,47.1199989,1429200.0,44.0119972
2015-08-10 00:00:00,48.9799995,48.5,49.4300003,48.3899994,1715100.0,44.7149506
2015-08-11 00:00:00,49.6899986,48.4500008,49.7599983,48.4099998,1746700.0,45.3631172
2015-08-12 00:00:00,49.8600006,49.0699997,50.0099983,48.4799995,1795700.0,45.5183144
2015-08-13 00:00:00,50.3800011,49.7900009,50.5099983,49.6800003,962700.0,45.9930305
2015-08-14 00:00:00,50.9000015,50.2200012,51.0400009,50.0900002,1128300.0,46.4677582
2015-08-17 00:00:00,51.4199982,50.9900017,51.4900017,50.6500015,986400.0,46.9424782
2015-08-18 00:00:00,52.0499992,51.5099983,52.6699982,51.3899994,1997700.0,47.5176239
2015-08-19 00:00:00,52.5,51.6599998,52.8499985,51.6300011,1849200.0,47.928421
2015-08-20 00:00:00,50.6500015,52.1500015,52.4599991,50.5999985,1894400.0,46.2395325
2015-08-21 00:00:00,49.6800003,50.0400009,50.7400017,49.6500015,1456100.0,45.3539925
2015-08-24 00:00:00,47.0600014,44.3699989,49.1599998,41.1699982,2492500.0,42.9621353
2015-08-25 00:00:00,46.3199997,48.4599991,48.4700012,46.3100014,1823200.0,42.2865753
2015-08-26 00:00:00,47.3499985,47.0,47.5999985,45.9599991,1744900.0,43.357933
2015-08-27 00:00:00,48.4199982,47.8899994,48.6500015,47.5900002,1063200.0,44.3377228
2015-08-28 00:00:00,48.3400002,48.2000008,48.6199989,47.6399994,881500.0,44.2644615
2015-08-31 00:00:00,47.8499985,48.1500015,48.2900009,47.5800018,1349900.0,43.8157768
2015-09-01 00:00:00,46.4099998,47.0099983,47.1699982,46.2099991,1052500.0,42.4971809
2015-09-02 00:00:00,48.3800011,46.9399986,48.3899994,46.7599983,1666500.0,44.3010902
2015-09-03 00:00:00,48.9399986,48.3699989,49.4500008,48.3100014,1137300.0,44.8138809
2015-09-04 00:00:00,48.7900009,48.1500015,49.0299988,48.0299988,1553600.0,44.6765213
2015-09-08 00:00:00,50.75,49.5900002,50.8199997,49.2599983,2077000.0,46.4712791
2015-09-09 00:00:00,50.6800003,50.9099998,51.3100014,50.5900002,1413500.0,46.407177
2015-09-10 00:00:00,50.8899994,50.8899994,51.6300011,50.3100014,1867700.0,46.5994759
2015-09-11 00:00:00,51.7799988,50.5200005,51.8300018,50.5099983,1483700.0,47.4144363
2015-09-14 00:00:00,51.9599991,52.0,52.0699997,51.3800011,993600.0,47.5792618
2015-09-15 00:00:00,52.0299988,52.0900002,52.3100014,51.8699989,1576400.0,47.643364
2015-09-16 00:00:00,51.8899994,51.8400002,52.25,51.7900009,1165300.0,47.5151711
2015-09-17 00:00:00,52.0,51.9500008,53.0099983,51.7700005,1765800.0,47.6158905
2015-09-18 00:00:00,51.3600006,51.2599983,51.9700012,51.0499992,2100100.0,47.0298538
2015-09-21 00:00:00,51.0600014,51.4799995,51.8400002,50.5999985,1157900.0,46.7551422
2015-09-22 00:00:00,50.3699989,50.1399994,50.5400009,49.9300003,1041400.0,46.1233101
2015-09-23 00:00:00,50.0900002,50.2599983,50.5800018,49.7599983,825000.0,45.8669319
2015-09-24 00:00:00,49.3499985,49.8899994,50.0,48.8600006,2010800.0,45.1893082
2015-09-25 00:00:00,49.3100014,49.7799988,49.9000015,49.0400009,900400.0,45.1526833
2015-09-28 00:00:00,48.0800018,49.0,49.3199997,47.6500015,1678500.0,44.0263863
2015-09-29 00:00:00,46.75,47.9799995,48.3100014,46.4000015,1895200.0,42.8085175
2015-09-30 00:00:00,47.4700012,47.1100006,47.7999992,46.6399994,1830800.0,43.4678154
2015-10-01 00:00:00,48.0200005,47.5099983,48.1300011,47.1199989,1726200.0,43.971447
2015-10-02 00:00:00,48.2299995,47.5699997,48.3300018,47.0999985,1792200.0,44.163723
2015-10-05 00:00:00,48.9000015,48.7000008,49.4599991,48.2799988,2636300.0,44.7772598
2015-10-06 00:00:00,48.6399994,49.3699989,49.5299988,48.2799988,1491900.0,44.5391693
2015-10-07 00:00:00,49.6199989,48.9599991,49.6500015,48.6899986,1318600.0,45.4365425
2015-10-08 00:00:00,50.2900009,49.5200005,50.6699982,49.2700005,1292900.0,46.0500679
2015-10-09 00:00:00,50.6199989,50.3800011,50.8100014,50.1500015,1045300.0,46.3522377
2015-10-12 00:00:00,50.8400002,50.7200012,50.8800011,50.4300003,826500.0,46.553688
2015-10-13 00:00:00,48.8400002,49.75,50.5099983,48.7999992,1685400.0,44.7223091
2015-10-14 00:00:00,47.6399994,48.6699982,48.9300003,47.6399994,2057000.0,43.623497
2015-10-15 00:00:00,48.6699982,47.8800011,48.7099991,47.7200012,1359900.0,44.5666428
2015-10-16 00:00:00,48.8400002,48.9000015,48.9500008,48.4000015,1380000.0,44.7223091
2015-10-19 00:00:00,48.5900002,48.6899986,49.0400009,48.4900017,1527600.0,44.4933815
2015-10-20 00:00:00,49.1399994,48.6100006,49.8300018,48.5,2154600.0,44.9970131
2015-10-21 00:00:00,49.2700005,49.4300003,50.0400009,48.8699989,2473700.0,45.1160622
2015-10-22 00:00:00,52.0299988,49.2599983,52.0900002,48.7000008,2877800.0,47.643364
2015-10-23 00:00:00,51.7799988,52.25,52.25,50.9199982,2171600.0,47.4144363
2015-10-26 00:00:00,52.0400009,51.8100014,52.2000008,51.4300003,1449200.0,47.6525116
2015-10-27 00:00:00,51.2400017,51.7599983,51.9199982,50.9199982,1973000.0,46.9199677
2015-10-28 00:00:00,51.8499985,51.4799995,52.3699989,51.2999992,1496800.0,47.4785347
2015-10-29 00:00:00,52.0200005,51.9399986,52.1899986,51.3600006,2310300.0,47.6341896
2015-10-30 00:00:00,52.3300018,51.9300003,53.2700005,51.9300003,1547100.0,47.9180641
2015-11-02 00:00:00,53.2999992,52.7400017,53.4000015,52.3699989,1409400.0,48.8062897
2015-11-03 00:00:00,52.5099983,53.0200005,53.2099991,52.4500008,874900.0,48.0828934
2015-11-04 00:00:00,52.2700005,52.5099983,52.8800011,52.0800018,1321700.0,47.8631248
2015-11-05 00:00:00,52.8600006,52.4300003,52.9500008,52.2400017,753800.0,48.4033928
2015-11-06 00:00:00,51.9700012,52.7900009,53.2000008,51.7099991,1127500.0,47.5884171
2015-11-09 00:00:00,52.0,51.9900017,52.1599998,51.2900009,1238300.0,47.6158905
2015-11-10 00:00:00,52.3100014,51.7799988,52.3699989,51.7799988,850000.0,47.8997574
2015-11-11 00:00:00,52.8100014,52.4700012,53.2099991,52.3199997,628200.0,48.357605
2015-11-12 00:00:00,52.2099991,52.2799988,52.6800003,51.8899994,827300.0,47.8081932
2015-11-13 00:00:00,51.5099983,52.0099983,52.4199982,51.4700012,747100.0,47.167202
2015-11-16 00:00:00,52.2400017,51.5600014,52.3300018,51.3100014,702000.0,47.8356552
2015-11-17 00:00:00,52.6399994,52.4199982,52.8800011,52.4199982,901300.0,48.2019272
2015-11-18 00:00:00,54.1300011,52.6699982,54.2299995,52.6699982,1309500.0,49.5663109
2015-11-19 00:00:00,54.5400009,54.1100006,54.6100006,53.8800011,1088000.0,49.9417419
2015-11-20 00:00:00,54.6100006,54.5499992,55.0900002,54.4000015,797100.0,50.0058441
2015-11-23 00:00:00,55.3100014,54.5499992,55.4799995,54.5499992,1001500.0,50.6468277
2015-11-24 00:00:00,55.2900009,54.5699997,55.6199989,54.5699997,661400.0,50.7569885
2015-11-25 00:00:00,55.5999985,55.2400017,55.8800011,55.2400017,576900.0,51.0415802
2015-11-27 00:00:00,55.6100006,55.6699982,56.0099983,55.4099998,297900.0,51.0507584
2015-11-30 00:00:00,54.9700012,55.8600006,55.8600006,54.8300018,1057700.0,50.4632339
2015-12-01 00:00:00,55.8600006,55.4900017,56.0600014,55.2299995,683800.0,51.2802429
2015-12-02 00:00:00,56.4000015,55.7000008,56.4099998,55.5299988,1474700.0,51.7759933
2015-12-03 00:00:00,55.0200005,56.4000015,56.4599991,54.6899986,2046300.0,50.5091248
2015-12-04 00:00:00,55.9300003,55.0999985,55.9599991,54.9500008,719700.0,51.3445129
2015-12-07 00:00:00,55.6500015,55.6899986,55.7599983,54.9900017,1057500.0,51.087471
2015-12-08 00:00:00,55.6899986,54.7000008,55.8600006,54.0400009,868600.0,51.1241798
2015-12-09 00:00:00,54.2000008,55.2400017,55.8199997,53.9799995,1309200.0,49.7563553
2015-12-10 00:00:00,55.1399994,54.4500008,55.8199997,54.2999992,1286200.0,50.6192856
2015-12-11 00:00:00,55.2999992,54.6300011,55.5699997,54.3899994,1440500.0,50.7661667
2015-12-14 00:00:00,55.6399994,55.5200005,55.9799995,54.5999985,1377100.0,51.0782928
2015-12-15 00:00:00,55.4700012,55.8899994,55.8899994,55.1800003,1108900.0,50.922226
2015-12-16 00:00:00,56.0699997,55.9799995,56.5400009,55.2299995,1013300.0,51.4730415
2015-12-17 00:00:00,55.2999992,56.3499985,56.3499985,55.2900009,1189600.0,50.7661667
2015-12-18 00:00:00,53.7599983,55.2599983,55.2900009,53.5999985,5663500.0,49.3524246
2015-12-21 00:00:00,54.6100006,54.2200012,55.0800018,54.0299988,1033700.0,50.13274
2015-12-22 00:00:00,55.2799988,55.0299988,55.3800011,54.4099998,900900.0,50.747818
2015-12-23 00:00:00,56.3100014,55.5200005,56.3199997,55.5200005,879600.0,51.6933517
2015-12-24 00:00:00,56.2900009,55.9599991,56.3800011,55.8400002,399900.0,51.6750031
2015-12-28 00:00:00,56.4700012,56.0,56.5200005,55.7400017,611700.0,51.8402405
2015-12-29 00:00:00,56.3600006,56.7000008,56.9900017,56.0099983,574100.0,51.7392693
2015-12-30 00:00:00,56.25,56.3400002,56.6599998,56.0499992,546600.0,51.6382751
2015-12-31 00:00:00,55.5,56.1599998,56.5299988,55.5,630000.0,50.9497604
2016-01-04 00:00:00,54.8800011,54.8600006,54.8800011,53.8800011,1418700.0,50.3806038
2016-01-05 00:00:00,54.2099991,54.8800011,55.3600006,54.1800003,903200.0,49.7655296
2016-01-06 00:00:00,52.3800011,52.7999992,53.0999985,51.7799988,2219300.0,48.0855675
2016-01-07 00:00:00,49.6800003,51.6800003,51.8300018,49.6699982,2021100.0,45.606926
2016-01-08 00:00:00,50.4399986,50.2000008,51.0200005,50.0099983,1794300.0,46.3046227
2016-01-11 00:00:00,49.8400002,50.6500015,51.0200005,49.2700005,1475600.0,45.7538033
2016-01-12 00:00:00,49.8899994,50.4599991,50.9099998,49.0800018,1540600.0,45.7997131
2016-01-13 00:00:00,47.1699982,49.9900017,50.0600014,47.0600014,2072100.0,43.3027077
2016-01-14 00:00:00,48.2099991,47.5600014,48.6300011,46.8499985,2445800.0,44.2574425
2016-01-15 00:00:00,47.1899986,46.3899994,48.2099991,46.3899994,2059000.0,43.3210754
2016-01-19 00:00:00,47.5099983,47.7799988,49.0800018,47.1899986,1528900.0,43.6148338
2016-01-20 00:00:00,47.6699982,46.7599983,48.3600006,45.5699997,1860400.0,43.7617302
2016-01-21 00:00:00,47.6800003,47.6100006,48.6500015,47.2700005,1288200.0,43.7709084
2016-01-22 00:00:00,48.5400009,48.4099998,49.7799988,48.0800018,1679900.0,44.5603905
2016-01-25 00:00:00,47.5400009,48.0900002,48.5600014,47.3899994,798600.0,43.6423836
2016-01-26 00:00:00,47.8300018,47.1599998,48.1599998,46.4099998,1810000.0,43.9086037
2016-01-27 00:00:00,47.1199989,47.4900017,48.2000008,46.5800018,1375800.0,43.256813
2016-01-28 00:00:00,46.7799988,47.3899994,48.0900002,46.7400017,1521200.0,42.9446831
2016-01-29 00:00:00,48.5900002,47.0999985,48.6899986,47.0999985,2218800.0,44.6062927
2016-02-01 00:00:00,48.1300011,48.3199997,48.5800018,47.6699982,2992200.0,44.1839981
2016-02-02 00:00:00,46.5499992,47.6399994,47.6899986,46.4799995,1946800.0,42.7335434
2016-02-03 00:00:00,46.3800011,46.8600006,47.3100014,45.2299995,2160900.0,42.5774727
2016-02-04 00:00:00,46.6399994,44.4599991,48.7099991,44.2099991,2805300.0,42.8161621
2016-02-05 00:00:00,45.4799995,46.5999985,46.8899994,45.2799988,2565100.0,41.7512703
2016-02-08 00:00:00,45.2900009,44.7700005,45.5499992,44.1899986,4829100.0,41.5768471
2016-02-09 00:00:00,45.6100006,44.6300011,45.9000015,44.3100014,2481600.0,41.8706207
2016-02-10 00:00:00,46.0,45.9000015,47.6899986,45.8899994,2771600.0,42.2286377
2016-02-11 00:00:00,45.2700005,45.4099998,46.0699997,44.6899986,2595200.0,41.5584908
2016-02-12 00:00:00,46.8600006,45.8199997,47.1100006,45.4000015,2321900.0,43.0181389
2016-02-16 00:00:00,47.75,47.6199989,48.0299988,47.4300003,2495800.0,43.8351555
2016-02-17 00:00:00,49.5299988,47.9799995,49.6100006,47.8600006,2384800.0,45.4692192
2016-02-18 00:00:00,49.6100006,49.2200012,49.8499985,48.6500015,2641700.0,45.5426712
2016-02-19 00:00:00,49.5800018,49.2599983,50.4500008,49.1800003,2100100.0,45.5151253
2016-02-22 00:00:00,50.2599983,49.9900017,50.4199982,49.7299995,1649700.0,46.1393814
2016-02-23 00:00:00,51.1300011,50.2099991,51.6100006,50.2099991,2447000.0,46.9380455
2016-02-24 00:00:00,51.0699997,50.4000015,51.3300018,49.9900017,1542300.0,47.0301399
2016-02-25 00:00:00,50.9300003,51.3100014,51.6399994,50.4900017,1222600.0,46.9012146
2016-02-26 00:00:00,51.1699982,51.1500015,51.2900009,50.5699997,1413200.0,47.1222305
2016-02-29 00:00:00,50.2200012,51.2099991,51.5,50.2000008,1385000.0,46.2473793
2016-03-01 00:00:00,51.3800011,50.7200012,51.5,50.3600006,1264000.0,47.3156204
2016-03-02 00:00:00,51.4099998,51.1899986,51.4300003,50.7299995,760500.0,47.3432465
2016-03-03 00:00:00,51.4000015,51.4599991,51.6100006,50.6699982,790100.0,47.3340378
2016-03-04 00:00:00,52.1100006,51.4099998,52.5999985,51.2599983,1310200.0,47.9878769
2016-03-07 00:00:00,51.3400002,51.75,51.8699989,51.1300011,1126500.0,47.2787743
2016-03-08 00:00:00,50.7999992,51.1599998,51.5900002,50.4900017,1153200.0,46.7814941
2016-03-09 00:00:00,50.9099998,51.0600014,51.3100014,50.5,791800.0,46.8827896
2016-03-10 00:00:00,50.8699989,51.2000008,51.7700005,50.3899994,743000.0,46.8459587
2016-03-11 00:00:00,51.3699989,51.2000008,51.5600014,50.7900009,765300.0,47.3064079
2016-03-14 00:00:00,51.8199997,51.0999985,52.0099983,50.9000015,1173600.0,47.7208099
2016-03-15 00:00:00,52.8899994,51.4000015,52.9199982,51.2099991,1672700.0,48.7061653
2016-03-16 00:00:00,54.1100006,52.8699989,54.1500015,52.7599983,1562400.0,49.8296585
2016-03-17 00:00:00,54.1599998,54.0,54.6800003,53.7099991,1103000.0,49.8757057
2016-03-18 00:00:00,55.0,54.0400009,55.1199989,54.0,1451700.0,50.6492615
2016-03-21 00:00:00,54.6100006,54.7999992,55.1500015,54.5600014,1024800.0,50.2901077
2016-03-22 00:00:00,54.5900002,54.2599983,54.75,54.1399994,1012500.0,50.2716942
2016-03-23 00:00:00,54.6500015,54.6100006,55.6599998,54.4399986,1543300.0,50.3269539
2016-03-24 00:00:00,54.5600014,54.4599991,54.6699982,54.0499992,805200.0,50.2440643
2016-03-28 00:00:00,55.0,54.6199989,55.0800018,54.5,622100.0,50.6492615
2016-03-29 00:00:00,55.9700012,54.8600006,55.9799995,54.8600006,1067000.0,51.5425301
2016-03-30 00:00:00,55.7999992,56.0600014,56.0600014,55.5200005,612900.0,51.3859711
2016-03-31 00:00:00,56.0400009,55.9000015,56.3600006,55.3899994,800800.0,51.6069984
2016-04-01 00:00:00,56.4700012,55.7099991,56.7200012,55.7000008,1194000.0,52.0029678
2016-04-04 00:00:00,55.6599998,56.2999992,56.4500008,55.0299988,1205200.0,51.2570496
2016-04-05 00:00:00,55.4300003,55.1599998,55.75,54.9799995,640500.0,51.0452423
2016-04-06 00:00:00,56.6399994,55.5299988,56.6599998,55.4700012,876000.0,52.159523
2016-04-07 00:00:00,56.1800003,56.4000015,58.3199997,55.5,1560300.0,51.7359238
2016-04-08 00:00:00,56.8699989,56.7799988,57.4000015,56.5,1135900.0,52.3713493
2016-04-11 00:00:00,57.0099983,57.0499992,57.6699982,56.9700012,1666800.0,52.5002632
2016-04-12 00:00:00,57.5200005,56.9700012,57.5900002,56.8699989,1400800.0,52.9699173
2016-04-13 00:00:00,58.8400002,57.8300018,59.2599983,57.7299995,1202200.0,54.1854935
2016-04-14 00:00:00,58.3199997,58.7299995,59.9599991,58.1500015,788900.0,53.7066345
2016-04-15 00:00:00,58.5800018,58.4099998,58.6199989,58.1199989,1197000.0,53.9460716
2016-04-18 00:00:00,59.1899986,58.4900017,59.2000008,58.3400002,961500.0,54.5078011
2016-04-19 00:00:00,58.3699989,59.2299995,59.5900002,58.1800003,1381400.0,53.7526855
2016-04-20 00:00:00,59.0600014,58.2700005,59.3300018,58.0999985,1384600.0,54.3880882
2016-04-21 00:00:00,57.9500008,59.6300011,59.9799995,57.7099991,2278800.0,53.3659058
2016-04-22 00:00:00,57.1100006,57.8100014,58.0900002,56.9199982,1774600.0,52.5923538
2016-04-25 00:00:00,57.3699989,57.1800003,57.4799995,56.8800011,920100.0,52.8317871
2016-04-26 00:00:00,57.3800011,57.4000015,57.5600014,56.7099991,968800.0,52.840992
2016-04-27 00:00:00,56.9300003,57.0699997,57.3600006,56.4099998,1129900.0,52.4265862
2016-04-28 00:00:00,56.2299995,56.5800018,57.2799988,56.0400009,701500.0,51.7819519
2016-04-29 00:00:00,55.4099998,56.2799988,56.2799988,54.8899994,1166400.0,51.0268326
2016-05-02 00:00:00,56.3899994,55.7900009,56.5200005,55.3400002,1152500.0,51.9293098
2016-05-03 00:00:00,55.3899994,55.9300003,56.1899986,55.1300011,993200.0,51.0084114
2016-05-04 00:00:00,55.0900002,55.0999985,55.2799988,54.5600014,532400.0,50.7321434
2016-05-05 00:00:00,55.5999985,55.2799988,55.8199997,55.0099983,594900.0,51.2017975
2016-05-06 00:00:00,56.1399994,55.2700005,56.1899986,55.2400017,684900.0,51.6990852
2016-05-09 00:00:00,56.7400017,56.0900002,56.9799995,56.0900002,1420500.0,52.2516174
2016-05-10 00:00:00,57.1800003,57.0,57.3100014,56.5499992,1069400.0,52.6568184
2016-05-11 00:00:00,55.8199997,56.9000015,57.3300018,55.75,930600.0,51.4043961
2016-05-12 00:00:00,55.9799995,55.9199982,56.3600006,55.4399986,994400.0,51.5517349
2016-05-13 00:00:00,55.4099998,55.7799988,56.1599998,55.2000008,951400.0,51.0268326
2016-05-16 00:00:00,56.4300003,55.5400009,56.5999985,55.4000015,843600.0,51.9661293
2016-05-17 00:00:00,55.8499985,56.4700012,56.4700012,55.5,789400.0,51.4320107
2016-05-18 00:00:00,56.5699997,55.5699997,56.8899994,55.5,985200.0,52.0950661
2016-05-19 00:00:00,56.6800003,56.1599998,56.7400017,55.8300018,1130400.0,52.1963654
2016-05-20 00:00:00,57.6800003,56.9399986,57.9199982,56.9099998,1072500.0,53.1172562
2016-05-23 00:00:00,57.3100014,57.6800003,57.9000015,57.0999985,598600.0,52.7765236
2016-05-24 00:00:00,58.7999992,57.7700005,59.0499992,57.3100014,1441300.0,54.1486549
2016-05-25 00:00:00,58.7200012,58.9099998,59.2200012,58.3100014,874700.0,54.222538
2016-05-26 00:00:00,58.4599991,58.8300018,59.0200005,58.3300018,446600.0,53.9824486
2016-05-27 00:00:00,58.9300003,58.4700012,59.4000015,58.2799988,705400.0,54.4164505
2016-05-31 00:00:00,58.6699982,59.0,59.1800003,58.2999992,914400.0,54.1763611
2016-06-01 00:00:00,58.7299995,58.3300018,58.8100014,58.0900002,573000.0,54.2317657
2016-06-02 00:00:00,58.6699982,58.5499992,58.6699982,57.9700012,760000.0,54.1763611
2016-06-03 00:00:00,58.3699989,58.4799995,58.6899986,57.8499985,513100.0,53.8993416
2016-06-06 00:00:00,57.6500015,58.4300003,58.4300003,57.4000015,1090300.0,53.2344933
2016-06-07 00:00:00,58.4199982,57.5900002,58.7099991,57.5299988,988100.0,53.9455032
2016-06-08 00:00:00,58.7700005,58.3800011,58.9700012,58.1899986,669900.0,54.2687073
2016-06-09 00:00:00,58.5600014,58.4000015,58.7000008,58.0699997,727200.0,54.074791
2016-06-10 00:00:00,57.0099983,57.9700012,58.2299995,56.8800011,714800.0,52.6434898
2016-06-13 00:00:00,56.3400002,56.5400009,56.9700012,56.3100014,784200.0,52.0248299
2016-06-14 00:00:00,55.9700012,56.2799988,56.4099998,55.3800011,995900.0,51.6831512
2016-06-15 00:00:00,55.9300003,56.1399994,56.3899994,55.8600006,957900.0,51.646225
2016-06-16 00:00:00,56.4099998,55.5299988,56.5299988,55.1699982,1016700.0,52.0894508
2016-06-17 00:00:00,56.4900017,56.3499985,56.6300011,55.8600006,2284700.0,52.1633377
2016-06-20 00:00:00,57.6399994,57.1699982,58.2799988,57.1699982,942000.0,53.2252541
2016-06-21 00:00:00,57.5699997,57.6399994,57.9099998,57.2999992,734900.0,53.160614
2016-06-22 00:00:00,57.1599998,57.5499992,57.9199982,57.1399994,2978900.0,52.7820129
2016-06-23 00:00:00,56.8400002,57.7000008,57.7299995,56.8400002,31805600.0,52.4865341
2016-06-24 00:00:00,55.7400017,54.8600006,56.7900009,54.5099983,4578400.0,51.4707794
2016-06-27 00:00:00,55.1100006,55.1300011,55.3199997,54.5900002,2431800.0,50.8890419
2016-06-28 00:00:00,56.1500015,55.7299995,56.3100014,55.4900017,1863300.0,51.849369
2016-06-29 00:00:00,56.7099991,56.7200012,56.9099998,56.3199997,1196400.0,52.3664856
2016-06-30 00:00:00,57.9700012,56.9000015,58.0,56.6100006,1305400.0,53.5299683
2016-07-01 00:00:00,58.0999985,58.0,58.4199982,57.7000008,1448600.0,53.6500244
2016-07-05 00:00:00,57.7599983,58.0,58.0,57.25,1188800.0,53.3360596
2016-07-06 00:00:00,58.5900002,57.7900009,58.6800003,57.6699982,1153800.0,54.1024933
2016-07-07 00:00:00,58.7799988,58.5699997,58.8400002,58.3400002,1062000.0,54.2779427
2016-07-08 00:00:00,60.2099991,59.0,60.3199997,59.0,1544200.0,55.5984077
2016-07-11 00:00:00,61.0999985,60.5,61.1800003,60.4900017,1233200.0,56.4202461
2016-07-12 00:00:00,61.0600014,61.2999992,61.4599991,60.6899986,1618500.0,56.3833122
2016-07-13 00:00:00,61.3800011,61.4500008,61.6399994,60.9399986,1078400.0,56.6788063
2016-07-14 00:00:00,61.3300018,61.7999992,62.1699982,61.3199997,891100.0,56.6326447
2016-07-15 00:00:00,61.2900009,61.6100006,61.8699989,61.1100006,1054100.0,56.5956917
2016-07-18 00:00:00,61.2999992,61.3600006,61.6100006,61.1100006,663700.0,56.6049271
2016-07-19 00:00:00,61.1399994,61.0999985,61.4399986,60.9000015,644300.0,56.4571838
2016-07-20 00:00:00,61.5900002,61.2700005,61.7700005,61.1199989,601100.0,56.8727303
2016-07-21 00:00:00,60.1300011,61.4599991,61.5,60.0900002,1532600.0,55.5245323
2016-07-22 00:00:00,60.4500008,60.4300003,60.5699997,59.4700012,1787500.0,55.820034
2016-07-25 00:00:00,60.7999992,60.25,60.7999992,60.0999985,947200.0,56.1432152
2016-07-26 00:00:00,61.6199989,61.2200012,61.8199997,61.0200005,1671500.0,56.9004097
2016-07-27 00:00:00,61.7599983,61.9300003,62.8400002,61.4000015,1544500.0,57.0296898
2016-07-28 00:00:00,63.8400002,62.4599991,64.4700012,62.4399986,3090400.0,58.9503975
2016-07-29 00:00:00,63.2700005,63.6699982,64.2099991,63.2099991,1827200.0,58.4240379
2016-08-01 00:00:00,63.5999985,63.3800011,63.6899986,62.9099998,1026400.0,58.7287712
2016-08-02 00:00:00,63.1899986,63.4799995,63.4799995,62.5999985,1233700.0,58.3501625
2016-08-03 00:00:00,63.4399986,63.0800018,63.4399986,62.6599998,1188700.0,58.5810204
2016-08-04 00:00:00,63.4599991,63.7200012,63.9000015,63.1300011,1345700.0,58.5994911
2016-08-05 00:00:00,63.75,63.8100014,64.0199966,63.0200005,1469300.0,58.8672714
2016-08-08 00:00:00,63.9599991,63.8300018,64.0500031,63.6300011,1197100.0,59.0611916
2016-08-09 00:00:00,63.8699989,63.9000015,64.0400009,63.4900017,1523800.0,58.9780846
2016-08-10 00:00:00,63.9500008,63.9799995,64.0400009,63.2900009,1029900.0,59.0519638
2016-08-11 00:00:00,64.0400009,64.1399994,64.3899994,63.6300011,1637200.0,59.135067
2016-08-12 00:00:00,63.8899994,64.0500031,64.0500031,63.3699989,1146100.0,58.9965553
2016-08-15 00:00:00,63.8800011,63.9199982,64.1200027,63.6699982,650000.0,58.9873276
2016-08-16 00:00:00,62.9599991,63.6300011,63.75,62.8400002,1555900.0,58.1377907
2016-08-17 00:00:00,62.4500008,62.8499985,62.8499985,61.9099998,1325000.0,57.6668472
2016-08-18 00:00:00,62.5699997,62.4399986,62.7200012,62.0800018,806100.0,57.7776413
2016-08-19 00:00:00,62.7000008,62.3899994,62.8400002,62.0999985,931100.0,57.8976974
2016-08-22 00:00:00,62.8300018,62.8300018,62.9099998,62.3199997,1222700.0,58.0177498
2016-08-23 00:00:00,63.7299995,62.9799995,64.0,62.9799995,1183700.0,58.8488007
2016-08-24 00:00:00,63.0999985,63.4000015,63.6100006,63.0299988,684200.0,58.4137192
2016-08-25 00:00:00,63.5200005,63.0299988,63.5900002,62.8100014,848400.0,58.8025284
2016-08-26 00:00:00,63.4000015,63.6599998,63.9199982,62.9500008,616600.0,58.6914368
2016-08-29 00:00:00,63.8300018,63.4900017,64.0599976,63.4900017,493100.0,59.0895081
2016-08-30 00:00:00,63.6599998,63.7900009,63.9000015,63.3100014,671300.0,58.9321365
2016-08-31 00:00:00,63.5600014,63.4099998,63.8199997,63.1100006,706900.0,58.8395538
2016-09-01 00:00:00,63.8300018,63.6699982,63.9599991,62.8199997,871500.0,59.0895081
2016-09-02 00:00:00,63.7900009,63.8699989,64.1100006,63.2799988,920500.0,59.0524712
2016-09-06 00:00:00,63.0,63.8699989,64.0199966,62.7799988,875000.0,58.3211479
2016-09-07 00:00:00,62.5200005,62.7400017,63.0800018,62.2000008,960100.0,57.8767929
2016-09-08 00:00:00,61.9300003,62.2599983,62.6800003,61.75,952700.0,57.330616
2016-09-09 00:00:00,58.7200012,61.5499992,61.5499992,58.5800018,1938000.0,54.3590088
2016-09-12 00:00:00,59.0,58.3699989,59.2599983,58.1100006,1905500.0,54.6182213
2016-09-13 00:00:00,58.2000008,58.6599998,58.9000015,57.9599991,1238400.0,53.8776207
2016-09-14 00:00:00,57.5,58.2000008,58.4000015,57.3800011,1106500.0,53.2296066
2016-09-15 00:00:00,57.8300018,57.4000015,57.9900017,57.4000015,941600.0,53.5351067
2016-09-16 00:00:00,56.0999985,57.4900017,57.4900017,56.0900002,2723300.0,51.9335861
2016-09-19 00:00:00,56.4500008,56.4099998,57.1199989,56.1599998,1818000.0,52.2575912
2016-09-20 00:00:00,56.4199982,56.8600006,56.8600006,56.1500015,1602900.0,52.2298241
2016-09-21 00:00:00,57.0299988,56.5900002,57.0600014,56.1699982,1764600.0,52.7945175
2016-09-22 00:00:00,58.2000008,57.4900017,58.3300018,57.4900017,1483900.0,53.8776207
2016-09-23 00:00:00,58.6699982,58.1399994,58.8400002,57.8899994,1664300.0,54.3127213
2016-09-26 00:00:00,58.6800003,58.2200012,59.0400009,58.1300011,1353300.0,54.3219833
2016-09-27 00:00:00,58.9900017,58.5299988,59.2299995,58.4900017,1465400.0,54.6089592
2016-09-28 00:00:00,58.5400009,58.9799995,59.3199997,58.2400017,1856800.0,54.1923752
2016-09-29 00:00:00,57.9099998,58.7299995,59.0400009,57.9000015,1451700.0,53.6091652
2016-09-30 00:00:00,58.0999985,58.1899986,58.5400009,57.7000008,1292000.0,53.7850533
2016-10-03 00:00:00,57.0200005,57.7900009,58.1100006,56.8699989,1174400.0,52.7852592
2016-10-04 00:00:00,57.1500015,57.3100014,57.5299988,57.0299988,1008600.0,52.9056129
2016-10-05 00:00:00,56.4799995,57.4300003,57.4500008,56.4199982,1367200.0,52.2853584
2016-10-06 00:00:00,57.5400009,56.3899994,57.6599998,56.2900009,1405900.0,53.2666512
2016-10-07 00:00:00,55.7000008,57.4099998,57.4799995,55.7000008,1735100.0,51.5632935
2016-10-10 00:00:00,56.0999985,56.0999985,56.4599991,55.9700012,899000.0,51.9335861
2016-10-11 00:00:00,54.7799988,55.8800011,56.1100006,54.6100006,1368800.0,50.7116203
2016-10-12 00:00:00,55.5299988,54.8899994,55.7400017,54.7999992,1006400.0,51.4059181
2016-10-13 00:00:00,55.1300011,55.0499992,55.2700005,54.3600006,887600.0,51.0356255
2016-10-14 00:00:00,55.0400009,55.4399986,55.8499985,55.0400009,966300.0,50.9523163
2016-10-17 00:00:00,55.6100006,55.2700005,55.75,55.0099983,1024500.0,51.4799843
2016-10-18 00:00:00,54.8100014,55.8699989,55.8699989,54.7799988,1073200.0,50.7393951
2016-10-19 00:00:00,53.8899994,54.7200012,54.8899994,53.4199982,3305500.0,49.8877296
2016-10-20 00:00:00,54.1199989,53.7000008,54.2200012,53.5299988,1656100.0,50.1006393
2016-10-21 00:00:00,54.2900009,53.7400017,54.3499985,53.5400009,816300.0,50.2580261
2016-10-24 00:00:00,55.3699989,54.7000008,55.6899986,54.6899986,1612100.0,51.2578125
2016-10-25 00:00:00,52.3100014,54.9000015,54.9000015,52.2599983,3072000.0,48.4250641
2016-10-26 00:00:00,53.1599998,52.2299995,53.5,52.0499992,2952900.0,49.2119293
2016-10-27 00:00:00,54.0200005,53.75,55.1399994,53.25,4003800.0,50.0080757
2016-10-28 00:00:00,53.7299995,53.8300018,54.25,53.25,2400600.0,49.7396011
2016-10-31 00:00:00,54.6300011,54.0600014,55.0699997,53.8899994,1969300.0,50.5727577
2016-11-01 00:00:00,53.3400002,54.6199989,54.6300011,52.6599998,1803500.0,49.3785629
2016-11-02 00:00:00,53.1399994,53.2900009,53.8499985,52.8199997,1908100.0,49.1934242
2016-11-03 00:00:00,52.8400002,53.1599998,53.3899994,52.5600014,1732800.0,48.915699
2016-11-04 00:00:00,52.8600006,53.0600014,53.7400017,52.7999992,1107300.0,48.9342232
2016-11-07 00:00:00,54.5499992,53.7599983,54.5800018,53.4099998,1481000.0,50.4987068
2016-11-08 00:00:00,54.3899994,54.3300018,54.7000008,53.8899994,1217800.0,50.3505898
2016-11-09 00:00:00,54.7000008,53.75,54.9700012,53.3499985,1790700.0,50.637558
2016-11-10 00:00:00,55.7400017,55.0600014,55.9900017,54.8800011,1732100.0,51.600338
2016-11-11 00:00:00,55.2400017,55.5900002,56.2999992,55.0,1116500.0,51.137455
2016-11-14 00:00:00,56.0800018,55.5900002,56.1399994,55.2599983,1344900.0,51.9150734
2016-11-15 00:00:00,57.1100006,56.5600014,57.1300011,56.25,1791800.0,52.868576
2016-11-16 00:00:00,56.1599998,56.9099998,57.0999985,55.9599991,975300.0,51.9891357
2016-11-17 00:00:00,57.4000015,56.5099983,57.4900017,56.2700005,1141400.0,53.1370354
2016-11-18 00:00:00,57.5900002,57.2999992,57.75,57.0200005,1187500.0,53.3129349
2016-11-21 00:00:00,58.0699997,57.7700005,58.3899994,57.4099998,1227000.0,53.7572861
2016-11-22 00:00:00,56.75,57.9300003,58.0800018,56.5800018,1337500.0,52.6804657
2016-11-23 00:00:00,57.0800018,56.75,57.1399994,56.4500008,697500.0,52.986805
2016-11-25 00:00:00,57.3600006,57.0999985,57.4099998,56.8899994,319700.0,53.2467194
2016-11-28 00:00:00,56.1800003,57.1199989,57.4099998,55.6800003,1208800.0,52.1513481
2016-11-29 00:00:00,56.2000008,56.3300018,56.9599991,56.0600014,1625000.0,52.1699066
2016-11-30 00:00:00,55.1500015,56.3100014,56.6100006,55.1300011,1357300.0,51.1951942
2016-12-01 00:00:00,53.8199997,55.1399994,55.2099991,53.5999985,1617700.0,49.9605713
2016-12-02 00:00:00,53.7999992,53.9399986,54.2599983,53.5400009,1032400.0,49.9420128
2016-12-05 00:00:00,54.9700012,54.2000008,55.1199989,54.1800003,1132300.0,51.0281143
2016-12-06 00:00:00,55.1500015,55.25,55.2799988,54.7000008,1341100.0,51.1951942
2016-12-07 00:00:00,55.6699982,55.2299995,55.8100014,55.0400009,1865900.0,51.6779022
2016-12-08 00:00:00,56.4399986,55.6699982,56.6100006,55.3499985,1627400.0,52.3926926
2016-12-09 00:00:00,56.3699989,56.3499985,56.6599998,56.0600014,605400.0,52.3277054
2016-12-12 00:00:00,55.2700005,55.7900009,55.9199982,55.0299988,855600.0,51.3066063
2016-12-13 00:00:00,55.4300003,55.5,55.8699989,55.2799988,1024700.0,51.4551239
2016-12-14 00:00:00,56.0200005,55.3199997,56.9199982,55.3199997,1306600.0,52.0028152
2016-12-15 00:00:00,54.5999985,56.0,56.3899994,54.5299988,1142000.0,50.6846428
2016-12-16 00:00:00,55.2599983,54.7999992,55.4199982,54.5400009,2524300.0,51.2973175
2016-12-19 00:00:00,55.1500015,55.4599991,55.9300003,54.9700012,901300.0,51.1951942
2016-12-20 00:00:00,54.9000015,55.1599998,55.4599991,54.5499992,1232400.0,50.9631348
2016-12-21 00:00:00,55.3899994,55.0,55.9099998,54.7799988,1734100.0,51.417984
2016-12-22 00:00:00,54.9799995,55.5,55.5,54.8400002,1013000.0,51.0373955
2016-12-23 00:00:00,54.9799995,55.2000008,55.2400017,54.8699989,324100.0,51.0373955
2016-12-27 00:00:00,55.2200012,54.9500008,55.3300018,54.9300003,635600.0,51.2601814
2016-12-28 00:00:00,54.1800003,55.4300003,55.4300003,54.1500015,777000.0,50.2947655
2016-12-29 00:00:00,54.0499992,54.1300011,54.4199982,53.8699989,780400.0,50.1740799
2016-12-30 00:00:00,53.4599991,54.3400002,54.3400002,53.2400017,1087800.0,49.6263924
2017-01-03 00:00:00,53.8899994,53.9900017,54.7200012,53.3199997,1842300.0,50.0255661
2017-01-04 00:00:00,54.4599991,53.9399986,54.8100014,53.8300018,1041800.0,50.5546837
2017-01-05 00:00:00,53.9500008,54.4599991,54.75,53.8800011,1191900.0,50.0812531
2017-01-06 00:00:00,54.7799988,53.9000015,55.0600014,53.9000015,2122200.0,50.8517342
2017-01-09 00:00:00,53.9000015,54.6100006,54.6100006,53.8699989,1456100.0,50.0348396
2017-01-10 00:00:00,54.1699982,53.8300018,54.4700012,53.7700005,834200.0,50.2854691
2017-01-11 00:00:00,54.4700012,54.0200005,54.5699997,53.9799995,969400.0,50.5639763
2017-01-12 00:00:00,54.2400017,54.2999992,54.5400009,53.1500015,1330400.0,50.3504562
2017-01-13 00:00:00,54.2700005,54.3600006,54.6199989,54.25,995400.0,50.3782997
2017-01-17 00:00:00,54.0,54.0900002,54.3899994,53.7599983,1338500.0,50.1276588
2017-01-18 00:00:00,54.2999992,54.0900002,54.3600006,53.6800003,1624800.0,50.4061508
2017-01-19 00:00:00,54.8600006,54.2400017,55.1500015,54.2400017,1241800.0,50.9259949
2017-01-20 00:00:00,55.4099998,54.9000015,55.4799995,54.8199997,1319700.0,51.436554
2017-01-23 00:00:00,55.6199989,55.1899986,55.7000008,55.1899986,1063800.0,51.6315041
2017-01-24 00:00:00,56.7599983,55.9399986,56.9900017,55.8300018,1312200.0,52.6897392
2017-01-25 00:00:00,57.0200005,56.9799995,57.25,56.7200012,1181100.0,52.9310989
2017-01-26 00:00:00,56.4599991,57.3100014,57.3100014,56.0699997,1170000.0,52.4112625
2017-01-27 00:00:00,56.0,56.6899986,56.6899986,55.8400002,876300.0,51.9842606
2017-01-30 00:00:00,55.6399994,56.0499992,56.0499992,54.9500008,1044400.0,51.6500587
2017-01-31 00:00:00,55.1300011,55.4599991,55.75,54.6199989,1470200.0,51.1766319
2017-02-01 00:00:00,56.2999992,55.0499992,57.0,55.0499992,2613600.0,52.2627335
2017-02-02 00:00:00,55.6399994,56.2099991,56.2200012,55.1399994,2064300.0,51.6500587
2017-02-03 00:00:00,56.0999985,56.0499992,56.4399986,55.9799995,1119000.0,52.0770683
2017-02-06 00:00:00,55.8600006,55.8699989,56.0699997,55.6699982,1118200.0,51.8542786
2017-02-07 00:00:00,55.8199997,56.0699997,56.0699997,55.7000008,945600.0,51.8171577
2017-02-08 00:00:00,55.9399986,55.9199982,55.9599991,55.25,1081700.0,51.9285545
2017-02-09 00:00:00,56.2799988,55.8800011,56.3899994,55.5900002,1230600.0,52.2441673
2017-02-10 00:00:00,57.0699997,56.4399986,57.2099991,56.0999985,769100.0,52.9775124
2017-02-13 00:00:00,57.0800018,57.1800003,57.6100006,56.7999992,601200.0,52.986805
2017-02-14 00:00:00,56.8600006,57.2999992,57.2999992,56.1899986,974900.0,52.7825813
2017-02-15 00:00:00,57.3899994,56.7999992,57.4799995,56.5999985,1105400.0,53.2745667
2017-02-16 00:00:00,57.0,57.4500008,57.6899986,56.7799988,1173100.0,52.9125404
2017-02-17 00:00:00,57.0600014,56.8600006,57.0600014,56.4099998,864100.0,52.968235
2017-02-21 00:00:00,57.3800011,57.0200005,57.6899986,56.9199982,983000.0,53.2652855
2017-02-22 00:00:00,56.9099998,57.2000008,57.4099998,56.6699982,987700.0,52.9952393
2017-02-23 00:00:00,57.0699997,57.1699982,57.2900009,56.3300018,1440300.0,53.1442299
2017-02-24 00:00:00,57.4000015,56.8199997,57.4000015,56.5600014,814000.0,53.4515266
2017-02-27 00:00:00,58.2099991,57.4000015,58.2400017,57.4000015,1494700.0,54.2058029
2017-02-28 00:00:00,57.8300018,58.2000008,58.2000008,57.5299988,1254800.0,53.8519478
2017-03-01 00:00:00,58.7200012,58.5600014,59.1300011,58.5200005,1360100.0,54.6807289
2017-03-02 00:00:00,58.5,58.9599991,59.0,58.4599991,908900.0,54.4758644
2017-03-03 00:00:00,58.7200012,58.9199982,59.0999985,58.4399986,1577500.0,54.6807289
2017-03-06 00:00:00,57.9000015,58.3499985,58.5900002,57.7599983,1104400.0,53.9171371
2017-03-07 00:00:00,57.9199982,57.8800011,58.3199997,57.7999992,1053400.0,53.9357567
2017-03-08 00:00:00,58.7000008,57.9099998,58.7200012,57.7099991,947500.0,54.6621094
2017-03-09 00:00:00,59.3800011,59.0800018,59.8300018,58.9300003,1538200.0,55.2953339
2017-03-10 00:00:00,60.0699997,59.6500015,60.1100006,59.6199989,1111800.0,55.9378662
2017-03-13 00:00:00,60.0999985,59.8199997,60.2200012,59.7599983,1200400.0,55.9657974
2017-03-14 00:00:00,60.0200005,59.7599983,60.3899994,59.5600014,853000.0,55.8913078
2017-03-15 00:00:00,61.1399994,60.3100014,61.3899994,60.2900009,891200.0,56.9342651
2017-03-16 00:00:00,61.0800018,61.0800018,61.6699982,60.9599991,1121800.0,56.8783913
2017-03-17 00:00:00,61.0400009,61.2000008,61.3300018,60.9399986,1200400.0,56.8411331
2017-03-20 00:00:00,60.9399986,61.0800018,61.2900009,60.6699982,581300.0,56.7480202
2017-03-21 00:00:00,59.7400017,61.0,61.2400017,59.6899986,1497500.0,55.6305695
2017-03-22 00:00:00,59.7700005,59.7400017,60.1800003,59.4199982,1521500.0,55.6584969
2017-03-23 00:00:00,60.1800003,59.7700005,60.5400009,59.6800003,756800.0,56.0402985
2017-03-24 00:00:00,60.3800011,60.2299995,60.5400009,59.9900017,1761100.0,56.2265472
2017-03-27 00:00:00,60.2799988,59.6500015,60.3300018,59.5600014,989800.0,56.1334076
2017-03-28 00:00:00,60.6599998,60.1399994,60.8400002,59.8800011,785000.0,56.4872742
2017-03-29 00:00:00,60.9000015,60.3400002,60.9000015,60.0099983,1485400.0,56.7107735
2017-03-30 00:00:00,60.9700012,60.8300018,61.1100006,60.6199989,1287600.0,56.7759628
2017-03-31 00:00:00,60.8499985,60.8100014,61.0600014,60.5200005,1125600.0,56.6642075
2017-04-03 00:00:00,60.6199989,60.8899994,61.1699982,60.2200012,1402800.0,56.4500389
2017-04-04 00:00:00,60.6199989,60.4799995,60.7799988,60.3699989,1344100.0,56.4500389
2017-04-05 00:00:00,60.4799995,60.7099991,61.1599998,60.2900009,1729000.0,56.3196526
2017-04-06 00:00:00,61.8499985,61.9500008,62.2799988,61.2900009,2099600.0,57.595417
2017-04-07 00:00:00,61.8600006,61.75,62.0200005,61.5499992,1149000.0,57.6047325
2017-04-10 00:00:00,61.9700012,61.7599983,62.6199989,61.7599983,951800.0,57.7071724
2017-04-11 00:00:00,62.0600014,61.7999992,62.1500015,61.7200012,1385700.0,57.7909813
2017-04-12 00:00:00,61.7099991,61.7200012,61.8300018,60.3199997,2218100.0,57.4650574
2017-04-13 00:00:00,61.5,61.4900017,62.0299988,61.4900017,1537300.0,57.2694931
2017-04-17 00:00:00,61.9199982,61.6500015,61.9399986,61.4599991,1030200.0,57.6605988
2017-04-18 00:00:00,62.0499992,61.5099983,62.1399994,61.3300018,1060100.0,57.7816696
2017-04-19 00:00:00,62.1500015,62.2900009,62.7799988,62.0600014,955400.0,57.8747864
2017-04-20 00:00:00,62.3199997,62.3899994,62.5900002,62.1300011,1178100.0,58.0330925
2017-04-21 00:00:00,62.8199997,62.4000015,62.9199982,62.2700005,932700.0,58.498703
2017-04-24 00:00:00,63.6599998,63.2200012,63.8600006,63.1699982,1182600.0,59.2809105
2017-04-25 00:00:00,64.9300003,64.4100037,65.1800003,63.8499985,1855100.0,60.4635506
2017-04-26 00:00:00,65.5999985,65.1900024,66.0100021,64.9100037,1770900.0,61.087471
2017-04-27 00:00:00,64.1900024,65.0,65.5299988,63.5499992,3964900.0,59.7744637
2017-04-28 00:00:00,63.7400017,64.1699982,64.1699982,63.4300003,2142400.0,59.3554115
2017-05-01 00:00:00,63.3199997,63.9599991,63.9599991,63.2999992,1568700.0,58.9642944
2017-05-02 00:00:00,63.7200012,63.4399986,63.7200012,63.3199997,1556500.0,59.3367805
2017-05-03 00:00:00,63.1899986,63.3499985,63.5200005,63.0999985,1161000.0,58.8432465
2017-05-04 00:00:00,63.3400002,63.2799988,63.4700012,62.8300018,1086000.0,58.9829254
2017-05-05 00:00:00,63.4799995,63.4599991,63.5999985,63.0600014,775900.0,59.1133118
2017-05-08 00:00:00,63.4300003,63.3499985,63.7200012,63.2900009,915800.0,59.0667343
2017-05-09 00:00:00,63.5,63.4500008,63.7000008,63.3800011,861900.0,59.131916
2017-05-10 00:00:00,63.6399994,63.3699989,63.7000008,63.3699989,620700.0,59.262291
2017-05-11 00:00:00,63.0699997,63.2799988,63.3199997,62.7000008,907100.0,58.7314987
2017-05-12 00:00:00,62.5699997,62.9300003,63.0800018,62.5299988,1843000.0,58.2658882
2017-05-15 00:00:00,63.1599998,62.7799988,63.3400002,62.6500015,1326500.0,58.8153076
2017-05-16 00:00:00,62.8899994,63.2099991,63.2099991,62.7599983,1168400.0,58.5638771
2017-05-17 00:00:00,62.3499985,62.8899994,62.8899994,62.0699997,1306300.0,58.0610275
2017-05-18 00:00:00,62.8400002,62.1500015,63.0900002,62.0499992,1452500.0,58.5173225
2017-05-19 00:00:00,63.3100014,63.0600014,63.6100006,62.7799988,1576000.0,58.9549904
2017-05-22 00:00:00,63.0699997,63.4199982,63.5699997,63.0299988,545300.0,58.7314987
2017-05-23 00:00:00,62.6100006,63.1500015,63.4000015,62.5299988,680200.0,58.3031464
2017-05-24 00:00:00,63.1199989,62.4799995,63.1500015,62.3300018,684000.0,58.9475288
2017-05-25 00:00:00,63.1699982,63.3100014,63.4700012,62.9399986,611500.0,58.9942207
2017-05-26 00:00:00,62.8499985,63.1199989,63.1300011,62.75,426300.0,58.6953735
2017-05-30 00:00:00,62.8899994,62.7599983,62.9799995,62.5200005,398900.0,58.7327309
2017-05-31 00:00:00,63.0999985,62.9900017,63.2299995,62.4500008,853900.0,58.9288483
2017-06-01 00:00:00,63.3400002,63.2700005,63.5299988,62.9500008,763700.0,59.1529846
2017-06-02 00:00:00,63.5,63.3699989,63.7299995,63.25,775200.0,59.3024025
2017-06-05 00:00:00,62.9900017,63.5,63.5099983,62.9799995,474400.0,58.8261223
2017-06-06 00:00:00,62.4300003,62.75,62.7700005,62.2999992,650700.0,58.3031425
2017-06-07 00:00:00,62.6599998,62.5299988,62.7999992,62.4399986,697100.0,58.5179329
2017-06-08 00:00:00,62.75,62.6599998,62.9700012,62.2000008,709000.0,58.6019897
2017-06-09 00:00:00,63.3100014,62.8100014,63.4700012,62.7099991,715700.0,59.1249695
2017-06-12 00:00:00,63.3800011,63.2099991,63.6300011,62.7599983,919900.0,59.1903343
2017-06-13 00:00:00,64.5899963,63.2900009,64.7600021,63.1500015,911300.0,60.3203545
2017-06-14 00:00:00,65.3300018,64.6699982,65.6900024,64.5999985,1014700.0,61.0114326
2017-06-15 00:00:00,64.8000031,64.9300003,65.1500015,64.5599976,1022800.0,60.5164795
2017-06-16 00:00:00,64.3600006,64.8600006,64.8700027,64.0599976,1383600.0,60.1055679
2017-06-19 00:00:00,65.4400024,64.6699982,65.5400009,64.4700012,790700.0,61.1141624
2017-06-20 00:00:00,65.3399963,65.4100037,65.8499985,65.2200012,656100.0,61.0207748
2017-06-21 00:00:00,65.0299988,65.1399994,65.4100037,64.8399963,909200.0,60.7312622
2017-06-22 00:00:00,65.0899963,65.0999985,65.3199997,64.7200012,618200.0,60.7873077
2017-06-23 00:00:00,66.0500031,65.4000015,66.0899963,65.0800018,1569600.0,61.683857
2017-06-26 00:00:00,65.9000015,66.1200027,66.3499985,65.9000015,790700.0,61.5437546
2017-06-27 00:00:00,65.4700012,65.7399979,66.0,65.4599991,1124900.0,61.1421852
2017-06-28 00:00:00,65.8700027,65.9100037,66.0,65.5,695600.0,61.5157585
2017-06-29 00:00:00,64.9199982,65.8600006,65.8600006,64.2699966,1107300.0,60.6285324
2017-06-30 00:00:00,65.2399979,65.0899963,65.6999969,65.0899963,667900.0,60.9273834
2017-07-03 00:00:00,65.4100037,65.5999985,65.7799988,65.2099991,379800.0,61.0861664
2017-07-05 00:00:00,65.4100037,65.3399963,65.5,64.9300003,825000.0,61.0861664
2017-07-06 00:00:00,65.0500031,65.0199966,65.1600037,64.7699966,879200.0,60.7499466
2017-07-07 00:00:00,65.9300003,65.1600037,66.5,65.0800018,860900.0,61.5717697
2017-07-10 00:00:00,66.4499969,65.9000015,66.7099991,65.5999985,1063400.0,62.0574036
2017-07-11 00:00:00,66.5599976,66.3899994,66.6900024,66.0299988,1144300.0,62.1601372
2017-07-12 00:00:00,66.8000031,66.9599991,67.1500015,66.5699997,859000.0,62.3842621
2017-07-13 00:00:00,67.3000031,66.7900009,67.3300018,66.7600021,1314400.0,62.8512192
2017-07-14 00:00:00,67.0999985,67.3600006,67.5,67.0299988,904800.0,62.6644287
2017-07-17 00:00:00,67.0699997,67.0500031,67.2099991,66.8399963,916000.0,62.636425
2017-07-18 00:00:00,66.7600021,66.9800034,67.1299973,66.4400024,520900.0,62.3469238
2017-07-19 00:00:00,67.1100006,65.7600021,67.1900024,65.7600021,1213700.0,62.6737747
2017-07-20 00:00:00,65.6299973,67.0699997,67.1999969,65.5999985,1090000.0,61.2915993
2017-07-21 00:00:00,65.8799973,65.5299988,66.0299988,65.3399963,599400.0,61.5250664
2017-07-24 00:00:00,65.7099991,65.8799973,65.8799973,65.4499969,777100.0,61.3663216
2017-07-25 00:00:00,65.9300003,66.1500015,66.25,65.6399994,460800.0,61.5717697
2017-07-26 00:00:00,65.9100037,65.8700027,66.1699982,65.7099991,513700.0,61.5531044
2017-07-27 00:00:00,65.7399979,65.9899979,66.4000015,65.5400009,685200.0,61.3943329
2017-07-28 00:00:00,65.6600037,65.75,66.1600037,65.2200012,844500.0,61.3196373
2017-07-31 00:00:00,65.6699982,65.8300018,66.0899963,65.4000015,909900.0,61.3289528
2017-08-01 00:00:00,66.1600037,65.9199982,66.3000031,65.7600021,1383600.0,61.7865715
2017-08-02 00:00:00,66.25,66.0299988,66.5800018,65.8300018,1371800.0,61.8706207
2017-08-03 00:00:00,65.0400009,65.8799973,66.4300003,63.7400017,2536800.0,60.7406082
2017-08-04 00:00:00,65.2300034,65.1299973,65.5400009,65.0599976,1144800.0,60.9180489
2017-08-07 00:00:00,65.2600021,65.1900024,65.3899994,64.8300018,1460100.0,60.9460831
2017-08-08 00:00:00,64.3499985,65.0800018,65.0800018,64.3300018,1652700.0,60.0962105
2017-08-09 00:00:00,63.8699989,64.3300018,64.3600006,63.6800003,1715600.0,59.6479607
2017-08-10 00:00:00,62.8899994,63.6699982,63.7900009,62.8199997,1440500.0,58.7327309
2017-08-11 00:00:00,63.3100014,62.7000008,63.5800018,62.5600014,1002000.0,59.1249695
2017-08-14 00:00:00,64.25,63.75,64.5100021,63.5400009,633900.0,60.0028343
2017-08-15 00:00:00,63.8899994,64.2600021,64.5500031,63.8300018,510000.0,59.666626
2017-08-16 00:00:00,64.1600037,63.9700012,64.5,63.9700012,685600.0,59.9187813
2017-08-17 00:00:00,62.6899986,63.8800011,64.0899963,62.6699982,862900.0,58.5459557
2017-08-18 00:00:00,62.5,62.5200005,62.6399994,62.0299988,1327500.0,58.3685188
2017-08-21 00:00:00,62.8199997,62.5,62.9000015,62.2599983,675600.0,58.667366
2017-08-22 00:00:00,63.25,62.9199982,63.3800011,62.7999992,755700.0,59.0689278
2017-08-23 00:00:00,62.5800018,62.7700005,63.0900002,62.3400002,964200.0,58.6100273
2017-08-24 00:00:00,62.4599991,62.7200012,62.8499985,62.3100014,754300.0,58.4976273
2017-08-25 00:00:00,62.3499985,62.7599983,62.7599983,62.0900002,886500.0,58.3946075
2017-08-28 00:00:00,61.9500008,62.6599998,62.6599998,61.8199997,656800.0,58.0199814
2017-08-29 00:00:00,61.9399986,61.6199989,62.1100006,61.3400002,592200.0,58.0106277
2017-08-30 00:00:00,62.0099983,62.0699997,62.1899986,61.8400002,846200.0,58.0761757
2017-08-31 00:00:00,62.5299988,62.3600006,62.6599998,62.0999985,1257500.0,58.5631828
2017-09-01 00:00:00,62.9700012,62.7900009,63.0099983,62.5699997,836900.0,58.9752808
2017-09-05 00:00:00,62.6399994,62.8699989,63.0900002,62.3699989,782500.0,58.6662102
2017-09-06 00:00:00,63.3199997,62.7599983,63.4599991,62.6500015,1039000.0,59.3030663
2017-09-07 00:00:00,62.9599991,63.4700012,63.4700012,62.7200012,1072500.0,58.9659157
2017-09-08 00:00:00,64.4300003,62.9099998,64.5699997,62.7200012,1019100.0,60.342659
2017-09-11 00:00:00,64.5,64.6600037,64.6600037,63.8899994,983200.0,60.4082069
2017-09-12 00:00:00,65.4400024,64.6699982,65.5500031,64.6399994,982500.0,61.2885857
2017-09-13 00:00:00,64.75,65.3700027,65.3700027,64.4400024,682400.0,60.6423454
2017-09-14 00:00:00,64.4300003,64.5199966,64.7399979,64.0100021,708100.0,60.342659
2017-09-15 00:00:00,64.7399979,64.4100037,64.9199982,64.0,1191200.0,60.632988
2017-09-18 00:00:00,64.25,64.8799973,65.1600037,64.2300034,687900.0,60.1740799
2017-09-19 00:00:00,64.3099976,64.3199997,64.5100021,64.1800003,566400.0,60.2302704
2017-09-20 00:00:00,64.5100021,64.1800003,64.6699982,64.1699982,527300.0,60.4175911
2017-09-21 00:00:00,64.8899994,64.4499969,65.0,64.1900024,572800.0,60.7734718
2017-09-22 00:00:00,64.9100037,64.7900009,65.4100037,64.5500031,630700.0,60.7922173
2017-09-25 00:00:00,65.3000031,64.7699966,65.4899979,64.6800003,620500.0,61.1574707
2017-09-26 00:00:00,65.4300003,65.4000015,65.9000015,65.25,687700.0,61.2792168
2017-09-27 00:00:00,66.4100037,65.5800018,66.6399994,65.4300003,882300.0,62.1970482
2017-09-28 00:00:00,67.2600021,66.3499985,67.2900009,66.3499985,827200.0,62.9931412
2017-09-29 00:00:00,67.2300034,67.3199997,67.7699966,66.9400024,967700.0,62.9650269
2017-10-02 00:00:00,67.6800003,67.2600021,67.75,67.0699997,767700.0,63.3864975
2017-10-03 00:00:00,66.7799988,67.5699997,67.5699997,66.6100006,1559800.0,62.5435753
2017-10-04 00:00:00,66.3300018,66.9400024,66.9400024,66.0400009,1341400.0,62.1221199
2017-10-05 00:00:00,65.75,66.4800034,66.4800034,65.6900024,823100.0,61.5789223
2017-10-06 00:00:00,65.9599991,65.5999985,65.9700012,65.5400009,767500.0,61.7755928
2017-10-09 00:00:00,66.0,65.9599991,66.1699982,65.7600021,641200.0,61.8130684
2017-10-10 00:00:00,65.6200027,66.1999969,66.1999969,65.4800034,691700.0,61.4571609
2017-10-11 00:00:00,66.0599976,65.6999969,66.1999969,65.5400009,709300.0,61.8692436
2017-10-12 00:00:00,66.25,66.0800018,66.5500031,66.0800018,824900.0,62.0472031
2017-10-13 00:00:00,66.2399979,66.3700027,66.4499969,66.1100006,586900.0,62.037838
2017-10-16 00:00:00,66.3000031,66.3000031,66.3700027,65.8799973,478300.0,62.0940437
2017-10-17 00:00:00,66.0800018,66.3199997,66.5500031,65.9199982,662800.0,61.8879738
2017-10-18 00:00:00,65.3499985,66.2200012,66.4599991,65.3300018,1189900.0,61.2042961
2017-10-19 00:00:00,65.5800018,65.1600037,65.6999969,64.8899994,1748300.0,61.4196968
2017-10-20 00:00:00,67.0,65.9400024,67.1699982,65.9000015,1167100.0,62.7496185
2017-10-23 00:00:00,67.5400009,67.0999985,68.1100006,66.9899979,1551800.0,63.2553711
2017-10-24 00:00:00,68.1200027,67.2200012,68.3600006,66.9400024,1778100.0,63.7985725
2017-10-25 00:00:00,66.8799973,67.9300003,67.9899979,66.4599991,1082200.0,62.6372147
2017-10-26 00:00:00,68.3499985,66.4199982,68.8199997,66.4199982,1998100.0,64.0139923
2017-10-27 00:00:00,66.8300018,67.6200027,68.3600006,66.7200012,1091700.0,62.5904045
2017-10-30 00:00:00,66.1500015,66.9199982,67.0199966,66.0,1023600.0,61.9535446
2017-10-31 00:00:00,66.0599976,66.1399994,66.3499985,65.8399963,925300.0,61.8692436
2017-11-01 00:00:00,65.1999969,66.4000015,66.4000015,65.0,971600.0,61.0638046
2017-11-02 00:00:00,64.5599976,65.2099991,65.5199966,63.8499985,1057300.0,60.4644051
2017-11-03 00:00:00,64.1699982,64.3799973,64.9400024,63.9799995,1105600.0,60.0991516
2017-11-06 00:00:00,64.2200012,63.9300003,64.4000015,63.8199997,768300.0,60.1459808
2017-11-07 00:00:00,64.4599991,64.25,64.7699966,64.1600037,1058300.0,60.3707619
2017-11-08 00:00:00,64.1200027,64.3199997,64.3399963,63.6800003,738300.0,60.0523262
2017-11-09 00:00:00,64.0,63.7400017,64.0899963,63.4199982,1011900.0,59.9399452
2017-11-10 00:00:00,63.9700012,64.0800018,64.1999969,63.6599998,646000.0,59.9118309
2017-11-13 00:00:00,64.4300003,63.7200012,64.6399994,63.4099998,792400.0,60.342659
2017-11-14 00:00:00,64.6900024,64.2699966,64.8199997,64.0699997,607200.0,60.5861664
2017-11-15 00:00:00,64.0599976,64.4800034,64.4800034,63.8100014,586900.0,59.9961243
2017-11-16 00:00:00,64.4400024,64.2600021,65.0299988,64.1699982,598900.0,60.3520241
2017-11-17 00:00:00,64.7600021,64.2699966,64.9899979,64.0699997,406300.0,60.6517181
2017-11-20 00:00:00,64.8700027,65.0,65.0899963,64.5299988,597900.0,60.7547493
2017-11-21 00:00:00,65.3700027,65.0299988,65.5400009,64.6100006,619100.0,61.2230263
2017-11-22 00:00:00,64.8499985,65.2900009,65.3700027,64.6999969,458900.0,60.9037132
2017-11-24 00:00:00,64.6800003,65.3499985,65.4199982,64.5400009,263900.0,60.7440529
2017-11-27 00:00:00,64.5199966,64.7699966,64.9599991,64.4199982,519000.0,60.5937996
2017-11-28 00:00:00,65.7200012,64.6299973,65.7799988,64.5800018,751700.0,61.7207832
2017-11-29 00:00:00,66.8700027,65.9400024,67.0500031,65.8099976,906900.0,62.8008003
2017-11-30 00:00:00,68.4199982,67.0,68.8000031,67.0,1177600.0,64.2564621
2017-12-01 00:00:00,67.5199966,68.3799973,69.0100021,66.9599991,1414300.0,63.4112206
2017-12-04 00:00:00,68.8899994,67.9599991,69.6100006,67.75,1364900.0,64.6978607
2017-12-05 00:00:00,68.4800034,68.8000031,69.1900024,67.9800034,966100.0,64.3128204
2017-12-06 00:00:00,67.7600021,68.3000031,68.7099991,67.7300034,526300.0,63.6366463
2017-12-07 00:00:00,68.2399979,67.5999985,68.4100037,67.5100021,508900.0,64.0874176
2017-12-08 00:00:00,68.2200012,68.4800034,68.4800034,67.6900024,865700.0,64.0686493
2017-12-11 00:00:00,68.1200027,68.5,68.5,67.9199982,1104700.0,63.9747429
2017-12-12 00:00:00,67.2300034,68.2099991,68.5299988,67.1999969,679900.0,63.1388893
2017-12-13 00:00:00,67.3199997,67.3899994,67.7799988,67.1399994,704700.0,63.2234039
2017-12-14 00:00:00,66.6999969,67.5599976,67.6200027,66.5899963,927900.0,62.6411476
2017-12-15 00:00:00,66.4199982,67.0899963,67.1299973,66.3099976,2256300.0,62.3781815
2017-12-18 00:00:00,67.4800034,66.5899963,67.5899963,66.4700012,1419900.0,63.3736954
2017-12-19 00:00:00,67.6900024,67.6999969,68.0599976,67.4899979,642100.0,63.5708961
2017-12-20 00:00:00,67.9000015,68.0199966,68.0699997,67.4700012,759900.0,63.7681122
2017-12-21 00:00:00,69.3199997,68.4199982,69.7600021,68.0500031,1204600.0,65.1017075
2017-12-22 00:00:00,68.5299988,69.4800034,69.4800034,68.25,510200.0,64.3597794
2017-12-26 00:00:00,68.9400024,68.6299973,69.2600021,68.4700012,423500.0,64.7448273
2017-12-27 00:00:00,68.7399979,69.0299988,69.0299988,68.6100006,610500.0,64.5569992
2017-12-28 00:00:00,68.7799988,69.0199966,69.0500031,68.4199982,566100.0,64.5945663
2017-12-29 00:00:00,68.4400024,68.7799988,69.1600037,68.4300003,658300.0,64.2752609
2018-01-02 00:00:00,68.7399979,68.7099991,68.8700027,68.3399963,799200.0,64.5569992
2018-01-03 00:00:00,69.5500031,68.9100037,69.6200027,68.7200012,1058600.0,65.3177261
2018-01-04 00:00:00,70.1299973,69.9199982,70.3199997,69.6200027,594900.0,65.8623886
2018-01-05 00:00:00,71.6200027,70.6800003,71.6500015,70.6299973,1329800.0,67.2617416
2018-01-08 00:00:00,71.4300003,71.5599976,71.7099991,70.9400024,1084500.0,67.0833054
2018-01-09 00:00:00,70.3199997,71.3199997,71.7300034,70.2699966,902900.0,66.040863
2018-01-10 00:00:00,69.0800018,70.0999985,70.1999969,68.9599991,1197100.0,64.8763046
2018-01-11 00:00:00,69.7799988,69.3600006,69.7799988,68.5400009,672700.0,65.533699
2018-01-12 00:00:00,70.6200027,70.0599976,70.6299973,69.5199966,921800.0,66.3226013
2018-01-16 00:00:00,70.4000015,70.9499969,71.0500031,70.0800018,1561200.0,66.1159897
2018-01-17 00:00:00,71.8099976,70.9199982,72.0299988,70.8099976,1387400.0,67.4401779
2018-01-18 00:00:00,72.6299973,71.75,72.6399994,71.2900009,1293000.0,68.210289
2018-01-19 00:00:00,72.6399994,72.8099976,72.9400024,72.3399963,915600.0,68.2196655
2018-01-22 00:00:00,72.8399963,72.75,72.8600006,72.3300018,635800.0,68.4075165
2018-01-23 00:00:00,72.5,72.5800018,73.1100006,72.1299973,897300.0,68.0882034
2018-01-24 00:00:00,73.1299973,72.6699982,73.6200027,72.5699997,1038400.0,68.6798553
2018-01-25 00:00:00,72.4800034,73.3799973,73.3799973,72.2300034,847400.0,68.0694199
2018-01-26 00:00:00,73.0699997,72.6500015,73.0999985,72.3199997,531000.0,68.6235199
2018-01-29 00:00:00,71.5999985,72.5999985,72.6500015,71.5599976,1193000.0,67.2429581
2018-01-30 00:00:00,70.8199997,71.0199966,71.1399994,70.3799973,1052000.0,66.5104218
2018-01-31 00:00:00,70.9300003,71.1200027,71.6200027,70.8199997,1261300.0,66.613739
2018-02-01 00:00:00,69.8199997,70.7900009,71.0199966,69.7600021,1728400.0,65.5712738
2018-02-02 00:00:00,64.9000015,64.2900009,67.8399963,64.2900009,4064700.0,60.9506836
2018-02-05 00:00:00,62.9799995,64.5800018,65.5599976,62.9799995,3063700.0,59.1475105
2018-02-06 00:00:00,64.1600037,61.9300003,64.4300003,61.0099983,2912800.0,60.2556992
2018-02-07 00:00:00,63.4000015,64.0199966,64.8700027,63.2799988,3292300.0,59.5419464
2018-02-08 00:00:00,62.4399986,63.4799995,64.5999985,62.4300003,3572900.0,58.6403694
2018-02-09 00:00:00,61.7099991,62.75,63.5200005,61.0900002,3588400.0,57.954792
2018-02-12 00:00:00,63.1500015,62.4799995,63.6899986,62.0099983,3198100.0,59.3071671
2018-02-13 00:00:00,63.0800018,63.0299988,63.2700005,62.6199989,1314200.0,59.2414322
2018-02-14 00:00:00,63.1599998,62.5299988,63.3100014,62.4700012,1631400.0,59.3165627
2018-02-15 00:00:00,62.9099998,63.7000008,63.8199997,62.4599991,2158900.0,59.081768
2018-02-16 00:00:00,63.8199997,62.6899986,64.2900009,62.6899986,3327100.0,59.9363861
2018-02-20 00:00:00,63.8300018,63.7799988,64.4400024,63.5499992,1879700.0,59.9457855
2018-02-21 00:00:00,63.4799995,63.9199982,64.7300034,63.4500008,1842400.0,59.6170845
2018-02-22 00:00:00,63.2599983,63.6399994,64.1699982,63.2099991,1661200.0,59.5982399
2018-02-23 00:00:00,63.5200005,63.5200005,63.5499992,63.1199989,1797500.0,59.8431892
2018-02-26 00:00:00,63.5099983,63.9199982,63.9300003,63.1100006,1311800.0,59.8337631
2018-02-27 00:00:00,62.5200005,63.7000008,64.0100021,62.4900017,1431300.0,58.9010735
2018-02-28 00:00:00,60.6599998,62.8800011,62.8800011,60.6500015,2097400.0,57.1487312
2018-03-01 00:00:00,59.9000015,60.6800003,61.0,59.4300003,2307100.0,56.4327278
2018-03-02 00:00:00,60.0099983,59.5999985,60.2299995,59.1100006,2014700.0,56.5363655
2018-03-05 00:00:00,61.0999985,59.7099991,61.4099998,59.3800011,2378400.0,57.5632706
2018-03-06 00:00:00,62.2299995,61.2799988,62.2700005,61.0200005,1613800.0,58.627861
2018-03-07 00:00:00,61.7900009,61.5600014,62.1599998,61.3499985,1024800.0,58.2133331
2018-03-08 00:00:00,61.9700012,62.1100006,62.2599983,61.7099991,1407700.0,58.3829117
2018-03-09 00:00:00,63.5200005,62.4500008,63.5499992,61.8800011,1236300.0,59.8431892
2018-03-12 00:00:00,62.7599983,63.6899986,63.6899986,62.4300003,1829400.0,59.1271744
2018-03-13 00:00:00,62.5699997,63.2000008,63.5800018,62.5,730000.0,58.9481773
2018-03-14 00:00:00,61.7000008,62.7599983,63.0099983,61.2900009,1463300.0,58.1285439
2018-03-15 00:00:00,61.6599998,61.8800011,62.2999992,61.5800018,1458500.0,58.090847
2018-03-16 00:00:00,62.0800018,61.5600014,62.4300003,61.5600014,1609400.0,58.4865417
2018-03-19 00:00:00,60.9700012,61.8699989,61.9000015,60.4799995,1660600.0,57.4407959
2018-03-20 00:00:00,60.6800003,61.0200005,61.2400017,60.6199989,907400.0,57.1675835
2018-03-21 00:00:00,60.8699989,60.8600006,61.4500008,60.5900002,978300.0,57.3465805
2018-03-22 00:00:00,59.6899986,60.4199982,60.9000015,59.6800003,1341200.0,56.2348824
2018-03-23 00:00:00,57.8899994,59.7200012,60.0600014,57.75,1735500.0,54.5390816
2018-03-26 00:00:00,59.4199982,58.5800018,59.4900017,58.4500008,1204800.0,55.9805107
2018-03-27 00:00:00,58.2700005,59.4199982,59.4199982,58.0099983,2231300.0,54.8970871
2018-03-28 00:00:00,58.2999992,58.4399986,59.2000008,58.0900002,1365800.0,54.9253426
2018-03-29 00:00:00,58.8899994,58.5499992,59.2799988,58.4599991,1911500.0,55.4811935
2018-04-02 00:00:00,57.1199989,58.9000015,59.0600014,56.5900002,1226600.0,53.8136406
2018-04-03 00:00:00,57.7999992,57.2700005,57.8600006,57.0400009,1245000.0,54.4542847
2018-04-04 00:00:00,58.9700012,57.0,59.1100006,56.9500008,2399600.0,55.5565605
2018-04-05 00:00:00,59.9500008,59.2799988,60.3400002,59.25,1880900.0,56.4798431
2018-04-06 00:00:00,58.7200012,59.4000015,59.8499985,58.1199989,1457100.0,55.3210373
2018-04-09 00:00:00,58.1699982,59.2099991,59.2099991,58.1100006,1072500.0,54.8028755
2018-04-10 00:00:00,58.7099991,58.8899994,59.4199982,58.5,1289500.0,55.3116112
2018-04-11 00:00:00,58.7200012,58.3300018,59.0099983,58.1899986,1001500.0,55.3210373
2018-04-12 00:00:00,58.8499985,58.9099998,59.1500015,58.5200005,1638700.0,55.4435043
2018-04-13 00:00:00,58.3499985,59.2999992,59.4399986,58.1500015,1185900.0,54.9724541
2018-04-16 00:00:00,58.9199982,58.7099991,59.3600006,58.3400002,1148700.0,55.5094604
2018-04-17 00:00:00,59.1599998,59.4199982,59.4300003,58.9799995,1043600.0,55.7355652
2018-04-18 00:00:00,58.9300003,59.4500008,59.6100006,58.8699989,1979400.0,55.5188828
2018-04-19 00:00:00,57.5099983,58.5900002,58.9599991,56.8899994,1345900.0,54.1810722
2018-04-20 00:00:00,57.0999985,57.5400009,57.7000008,56.8199997,1802200.0,53.7948074
2018-04-23 00:00:00,57.2599983,57.3499985,57.5200005,56.5699997,2561400.0,53.9455452
2018-04-24 00:00:00,55.1300011,56.6100006,57.0400009,54.8800011,2865200.0,51.9388504
2018-04-25 00:00:00,56.0299988,55.1399994,56.4399986,54.7900009,1518000.0,52.7867432
2018-04-26 00:00:00,56.6399994,56.25,56.8100014,55.6300011,2388700.0,53.3614349
2018-04-27 00:00:00,56.8800011,55.4500008,57.9099998,55.0499992,3817900.0,53.5875397
2018-04-30 00:00:00,54.6899986,56.8800011,56.8800011,54.6899986,2446700.0,51.5243034
2018-05-01 00:00:00,55.7400017,54.75,55.7700005,53.9199982,2483900.0,52.5135231
2018-05-02 00:00:00,54.5699997,55.5699997,55.7400017,54.4399986,2193100.0,51.4112549
2018-05-03 00:00:00,54.2999992,54.2700005,54.8499985,53.5600014,1722000.0,51.1568794
2018-05-04 00:00:00,55.3600006,54.2099991,55.6399994,53.9700012,1599700.0,52.155529
2018-05-07 00:00:00,55.0200005,55.5,55.5099983,54.7299995,1092300.0,51.8352051
2018-05-08 00:00:00,55.4199982,55.4799995,55.5999985,54.9199982,1385600.0,52.2120476
2018-05-09 00:00:00,55.25,55.4300003,55.4900017,54.7099991,1227400.0,52.0518875
2018-05-10 00:00:00,55.8100014,55.3300018,55.8400002,55.1500015,1195100.0,52.5794792
2018-05-11 00:00:00,56.1199989,55.8100014,56.4300003,55.6800003,1336100.0,52.8715439
2018-05-14 00:00:00,56.1500015,55.6599998,56.1699982,55.4399986,1769300.0,52.8997993
2018-05-15 00:00:00,55.9599991,55.9599991,56.1199989,55.1500015,2132600.0,52.7207985
2018-05-16 00:00:00,56.4099998,56.0099983,56.6599998,55.7599983,1843700.0,53.1447372
2018-05-17 00:00:00,56.9900017,56.2400017,57.2599983,56.2400017,1961700.0,53.6911774
2018-05-18 00:00:00,57.7799988,56.9599991,58.25,56.8899994,4846600.0,54.4354477
2018-05-21 00:00:00,57.7400017,58.0299988,58.2200012,57.5099983,1521000.0,54.3977585
2018-05-22 00:00:00,56.9199982,57.7299995,57.9599991,56.9099998,1443300.0,53.6252251
2018-05-23 00:00:00,57.0800018,56.7700005,57.1599998,56.3100014,2125000.0,53.7759628
2018-05-24 00:00:00,56.9700012,56.8899994,57.3800011,56.6599998,1525200.0,53.8610497
2018-05-25 00:00:00,57.5,56.8199997,57.5800018,56.7599983,1800800.0,54.3621292
2018-05-29 00:00:00,56.7999992,57.0699997,58.6100006,56.4500008,1614800.0,53.7003288
2018-05-30 00:00:00,57.4199982,57.2000008,57.7700005,56.7400017,1115900.0,54.286499
2018-05-31 00:00:00,56.1699982,57.4599991,57.4799995,56.0,1402800.0,53.1047096
2018-06-01 00:00:00,56.7999992,56.5,57.2599983,56.3499985,1071200.0,53.7003288
2018-06-04 00:00:00,57.1300011,57.0099983,57.4300003,56.6699982,1104200.0,54.0123215
2018-06-05 00:00:00,57.9199982,57.1199989,58.0800018,57.1199989,2747900.0,54.759201
2018-06-06 00:00:00,57.9199982,58.0200005,58.2900009,57.6300011,2194500.0,54.759201
2018-06-07 00:00:00,57.6399994,57.9500008,58.3300018,57.4900017,1638000.0,54.4944839
2018-06-08 00:00:00,58.5200005,57.7299995,58.5999985,57.5800018,2211600.0,55.3264656
2018-06-11 00:00:00,57.8199997,58.6100006,58.75,57.7900009,1539000.0,54.664669
2018-06-12 00:00:00,57.9900017,57.9300003,58.0699997,57.5900002,1836900.0,54.825386
2018-06-13 00:00:00,56.2400017,58.1800003,58.1800003,56.2000008,2293800.0,53.1708946
2018-06-14 00:00:00,56.7999992,56.5,56.9500008,56.2799988,2417400.0,53.7003288
2018-06-15 00:00:00,56.8699989,56.5999985,56.9900017,55.9700012,3819500.0,53.7665176
2018-06-18 00:00:00,56.0,56.5299988,56.8800011,55.9599991,2093600.0,52.9439888
2018-06-19 00:00:00,56.6100006,55.6500015,56.6800003,55.1500015,3376300.0,53.5206947
2018-06-20 00:00:00,56.3600006,56.8199997,56.8199997,56.1300011,1250600.0,53.2843475
2018-06-21 00:00:00,55.5,56.2999992,56.3199997,55.3300018,1141900.0,52.4712677
2018-06-22 00:00:00,55.25,55.3300018,55.7999992,55.0299988,2455100.0,52.2349167
2018-06-25 00:00:00,54.3300018,55.1399994,55.2000008,54.0999985,1275100.0,51.3651276
2018-06-26 00:00:00,54.5699997,54.7200012,55.0499992,54.1899986,1342600.0,51.5920258
2018-06-27 00:00:00,53.2999992,54.5499992,54.7700005,53.2799988,1751100.0,50.3913307
2018-06-28 00:00:00,53.3899994,53.2799988,53.5999985,52.6300011,1600100.0,50.4764175
2018-06-29 00:00:00,53.6899986,53.6800003,54.1699982,53.3100014,1953600.0,50.7600517
2018-07-02 00:00:00,53.3800011,53.2599983,53.4799995,52.8100014,1122900.0,50.4669571
2018-07-03 00:00:00,53.4000015,53.6399994,53.9199982,53.3600006,425400.0,50.4858742
2018-07-05 00:00:00,54.2599983,53.7099991,54.2799988,53.2099991,1639800.0,51.2989426
2018-07-06 00:00:00,54.5499992,54.2999992,54.9000015,53.7299995,947100.0,51.5731125
2018-07-09 00:00:00,55.2200012,54.7099991,55.3899994,54.4500008,1128100.0,52.2065506
2018-07-10 00:00:00,55.1899986,55.2200012,55.3600006,54.6800003,1683600.0,52.178196
2018-07-11 00:00:00,54.4000015,54.8100014,55.4300003,54.2000008,1126300.0,51.4313011
2018-07-12 00:00:00,54.4900017,54.7599983,54.8800011,54.2200012,1206000.0,51.5163956
2018-07-13 00:00:00,55.1800003,54.4700012,55.3600006,54.4700012,935600.0,52.1687355
2018-07-16 00:00:00,55.1300011,55.2599983,55.6599998,54.9500008,2125900.0,52.1214714
2018-07-17 00:00:00,56.1800003,55.1399994,56.2200012,55.0600014,1863200.0,53.1141701
2018-07-18 00:00:00,56.5200005,56.1199989,56.7000008,55.9599991,1732900.0,53.4356041
2018-07-19 00:00:00,56.75,56.3100014,56.8899994,56.1399994,1374300.0,53.6530571
2018-07-20 00:00:00,56.2299995,56.5299988,56.8600006,56.1300011,1119500.0,53.161438
2018-07-23 00:00:00,55.3400002,56.1899986,56.3300018,55.1699982,1170700.0,52.3200073
2018-07-24 00:00:00,55.3600006,55.7599983,55.9000015,55.0900002,2377600.0,52.3389168
2018-07-25 00:00:00,53.9300003,54.9900017,55.0600014,53.3800011,2000300.0,50.9869499
2018-07-26 00:00:00,53.9700012,53.5,54.6300011,53.2200012,4063100.0,51.024765
2018-07-27 00:00:00,57.3300018,54.7900009,58.0999985,53.7700005,4180900.0,54.201416
2018-07-30 00:00:00,56.5099983,57.4599991,57.8699989,56.4099998,2086200.0,53.4261551
2018-07-31 00:00:00,58.0,56.5900002,58.1500015,55.6599998,2894200.0,54.8348465
2018-08-01 00:00:00,56.9599991,57.9099998,58.0499992,56.6899986,1919700.0,53.8516006
2018-08-02 00:00:00,57.5,57.0699997,57.6699982,56.5800018,1508900.0,54.3621292
2018-08-03 00:00:00,57.5200005,57.5900002,58.2099991,57.1100006,852900.0,54.3810349
2018-08-06 00:00:00,57.3499985,57.5400009,57.7000008,57.2299995,874000.0,54.220314
2018-08-07 00:00:00,57.25,57.3699989,57.9199982,57.1599998,1614700.0,54.1257706
2018-08-08 00:00:00,56.1100006,57.0400009,57.2200012,56.0600014,984600.0,53.0479813
2018-08-09 00:00:00,55.9599991,56.0800018,56.7999992,55.8899994,833300.0,52.9061699
2018-08-10 00:00:00,54.6300011,54.6399994,55.1699982,54.3100014,1171900.0,51.6487465
2018-08-13 00:00:00,53.6399994,54.6399994,54.6399994,53.2900009,1113000.0,50.7127762
2018-08-14 00:00:00,54.1699982,53.7599983,54.4500008,53.6300011,976300.0,51.2138519
2018-08-15 00:00:00,54.2400017,54.2200012,54.2900009,53.3899994,697200.0,51.2800331
2018-08-16 00:00:00,54.9300003,54.4500008,55.2200012,54.2900009,1604100.0,51.9323769
2018-08-17 00:00:00,54.9300003,54.8600006,55.2400017,54.7900009,913400.0,51.9323769
2018-08-20 00:00:00,54.8600006,55.1500015,55.2999992,54.7099991,773900.0,51.8661957
2018-08-21 00:00:00,55.9300003,55.0,56.4199982,54.9199982,2177900.0,52.8778
2018-08-22 00:00:00,54.8800011,55.7000008,55.7900009,54.3899994,1572900.0,51.8851166
2018-08-23 00:00:00,54.1699982,54.9099998,54.9099998,54.0099983,1092500.0,51.2138519
2018-08-24 00:00:00,54.2900009,54.4500008,55.8499985,54.2099991,1441600.0,51.3273048
2018-08-27 00:00:00,54.8199997,54.5400009,55.6300011,54.4300003,881900.0,51.8283768
2018-08-28 00:00:00,54.7099991,54.7999992,55.1699982,54.5999985,784000.0,51.7243805
2018-08-29 00:00:00,53.9900017,54.75,54.7599983,53.9700012,1078800.0,51.0436783
2018-08-30 00:00:00,53.2700005,53.7200012,53.75,52.8199997,1540200.0,50.5502205
2018-08-31 00:00:00,52.9799995,53.0900002,53.5400009,52.5499992,1877700.0,50.2750359
2018-09-04 00:00:00,52.9199982,53.0499992,53.6399994,52.5200005,2211600.0,50.2180939
2018-09-05 00:00:00,53.8699989,52.8800011,54.0099983,52.7400017,1300100.0,51.1195869
2018-09-06 00:00:00,53.9000015,53.7400017,54.2200012,52.9700012,1579700.0,51.1480522
2018-09-07 00:00:00,54.1199989,53.6899986,54.2700005,53.1699982,2372300.0,51.3568306
2018-09-10 00:00:00,54.9500008,54.4300003,55.2099991,54.2299995,2162800.0,52.1444473
2018-09-11 00:00:00,55.4300003,54.9000015,55.8100014,54.5699997,2161500.0,52.5999451
2018-09-12 00:00:00,55.4599991,55.4500008,55.5900002,54.9500008,1747600.0,52.6284103
2018-09-13 00:00:00,55.0800018,55.7400017,55.7799988,54.5200005,1468700.0,52.2678146
2018-09-14 00:00:00,55.2599983,55.1199989,55.4300003,54.7599983,1108200.0,52.4386215
2018-09-17 00:00:00,55.25,55.3300018,55.7099991,54.9399986,1216900.0,52.4291306
2018-09-18 00:00:00,55.0800018,55.2099991,55.4799995,54.4199982,1012800.0,52.2678146
2018-09-19 00:00:00,55.4199982,55.2400017,56.25,54.9500008,1795800.0,52.5904579
2018-09-20 00:00:00,55.1300011,55.6699982,56.3100014,55.0499992,1582800.0,52.3152657
2018-09-21 00:00:00,55.2200012,55.2200012,55.3100014,54.4599991,2492700.0,52.4006691
2018-09-24 00:00:00,54.5900002,54.9599991,55.2599983,54.3600006,2374400.0,51.8028297
2018-09-25 00:00:00,54.3899994,54.5999985,54.5999985,54.1300011,3595000.0,51.6130371
2018-09-26 00:00:00,53.3499985,54.5800018,54.6399994,52.8899994,1628800.0,50.6261444
2018-09-27 00:00:00,53.2099991,53.3699989,53.5699997,52.7799988,1779900.0,50.4932823
2018-09-28 00:00:00,52.3600006,53.1100006,53.4700012,52.3199997,3132500.0,49.6866875
2018-10-01 00:00:00,52.2799988,52.9700012,53.4599991,51.9599991,2260400.0,49.6107674
2018-10-02 00:00:00,52.8899994,52.2700005,53.2900009,52.0200005,1998900.0,50.1896286
2018-10-03 00:00:00,53.2599983,52.9000015,53.6100006,52.7299995,1895500.0,50.5407295
2018-10-04 00:00:00,52.5,52.9000015,53.2299995,52.2799988,1355000.0,49.8195457
2018-10-05 00:00:00,51.6100006,52.5999985,52.8100014,51.1199989,2212900.0,48.9749794
2018-10-08 00:00:00,51.7400017,51.4599991,51.8600006,51.1800003,1435200.0,49.0983467
2018-10-09 00:00:00,49.9700012,51.7700005,51.8499985,49.9000015,1459400.0,47.418705
2018-10-10 00:00:00,49.1399994,49.6699982,50.0800018,49.0,1489500.0,46.6310806
2018-10-11 00:00:00,48.0,49.2000008,49.6199989,47.9799995,1488400.0,45.5492935
2018-10-12 00:00:00,47.6300011,48.2400017,48.9599991,47.0,1794500.0,45.198185
2018-10-15 00:00:00,47.9700012,47.3800011,48.4000015,47.3400002,1310800.0,45.5208244
2018-10-16 00:00:00,48.9000015,47.9000015,49.0499992,47.1899986,1729100.0,46.4033394
2018-10-17 00:00:00,48.0600014,48.4199982,48.5999985,47.7200012,1973300.0,45.6062279
2018-10-18 00:00:00,46.6300011,47.7299995,47.9399986,46.3699989,2367500.0,44.2492371
2018-10-19 00:00:00,46.4199982,46.7299995,47.3199997,46.2799988,1519800.0,44.0499573
2018-10-22 00:00:00,45.7599983,46.5800018,46.6199989,45.5900002,2922200.0,43.4236641
2018-10-23 00:00:00,46.5699997,45.1899986,46.9500008,44.75,3273600.0,44.1923065
2018-10-24 00:00:00,45.2000008,46.3499985,47.0,45.1300011,1789500.0,42.8922501
2018-10-25 00:00:00,46.7700005,45.5299988,47.0299988,45.4700012,2964800.0,44.3820915
2018-10-26 00:00:00,41.5800018,43.7099991,44.6800003,41.1699982,6685300.0,39.4570732
2018-10-29 00:00:00,41.4099998,42.0800018,43.8300018,40.8899994,3911300.0,39.2957573
2018-10-30 00:00:00,44.1699982,41.4000015,44.4000015,40.9199982,3918800.0,41.9148369
2018-10-31 00:00:00,44.8300018,44.5499992,45.4900017,44.25,2922400.0,42.5411377
2018-11-01 00:00:00,46.9300003,45.1500015,47.2000008,44.8400002,3135100.0,44.5339317
2018-11-02 00:00:00,45.7000008,47.2700005,47.6800003,45.5699997,3774400.0,43.3667297
2018-11-05 00:00:00,45.7000008,45.6899986,46.0499992,45.25,2047700.0,43.3667297
2018-11-06 00:00:00,45.1399994,45.6100006,46.0600014,45.0600014,1816900.0,42.8353081
2018-11-07 00:00:00,45.5,45.5699997,45.6800003,44.6500015,3246200.0,43.1769295
2018-11-08 00:00:00,44.0699997,45.3800011,45.3899994,43.9199982,2663000.0,41.8199387
2018-11-09 00:00:00,43.4900017,43.9500008,44.2900009,43.0299988,1969500.0,41.269558
2018-11-12 00:00:00,42.8199997,43.2999992,43.6199989,42.7599983,1525400.0,40.6337662
2018-11-13 00:00:00,43.1500015,43.0999985,43.9500008,42.9799995,1922300.0,40.9469223
2018-11-14 00:00:00,42.4599991,43.3600006,43.9500008,42.4199982,3973100.0,40.292141
2018-11-15 00:00:00,43.0400009,42.0,43.25,41.2900009,2006500.0,40.8425255
2018-11-16 00:00:00,42.6100006,42.7900009,43.1699982,42.1699982,2006000.0,40.4344902
2018-11-19 00:00:00,42.7599983,42.3800011,43.0699997,42.2000008,1935800.0,40.5768242
2018-11-20 00:00:00,42.7299995,42.1800003,43.5699997,41.7599983,2125500.0,40.5483589
2018-11-21 00:00:00,43.2900009,43.0299988,43.9300003,42.6399994,1145900.0,41.0797691
2018-11-23 00:00:00,43.2000008,43.1199989,43.6800003,42.9500008,452000.0,40.9943581
2018-11-26 00:00:00,43.9599991,43.7000008,44.1300011,43.4000015,1765700.0,41.7155571
2018-11-27 00:00:00,43.1599998,43.6500015,44.0499992,43.0499992,1850000.0,40.9564018
2018-11-28 00:00:00,44.2099991,43.25,44.2400017,42.0200005,1605400.0,41.9527893
2018-11-29 00:00:00,43.4199982,43.8400002,43.8400002,42.7099991,1714300.0,41.3903732
2018-11-30 00:00:00,43.7999992,43.3699989,44.0099983,43.2000008,2333100.0,41.7526169
2018-12-03 00:00:00,44.9099998,44.7099991,45.3300018,44.1100006,1924900.0,42.81073
2018-12-04 00:00:00,42.2299995,44.5,44.8899994,42.1199989,2542900.0,40.2559929
2018-12-06 00:00:00,42.5400009,41.5800018,42.6399994,41.2099991,2478200.0,40.5515099
2018-12-07 00:00:00,42.5900002,42.4300003,43.6500015,42.4300003,2621300.0,40.5991707
2018-12-10 00:00:00,42.8300018,43.25,43.5900002,42.3899994,2546200.0,40.8279572
2018-12-11 00:00:00,41.75,43.4799995,43.6399994,41.6100006,1763900.0,39.7984352
2018-12-12 00:00:00,42.1199989,42.3199997,42.9199982,42.0900002,1216900.0,40.1511421
2018-12-13 00:00:00,40.9900017,42.3400002,42.5400009,40.9000015,1576700.0,39.0739708
2018-12-14 00:00:00,40.4199982,40.4500008,41.5699997,40.3300018,2569200.0,38.5306053
2018-12-17 00:00:00,39.6300011,40.25,40.8400002,39.3300018,4158700.0,37.7775345
2018-12-18 00:00:00,39.5900002,39.3300018,40.2999992,39.0499992,3944800.0,37.7394066
2018-12-19 00:00:00,39.25,39.6500015,41.0800018,39.1199989,2541400.0,37.4152985
2018-12-20 00:00:00,37.8400002,38.9000015,39.4199982,37.6500015,3446800.0,36.0712166
2018-12-21 00:00:00,37.1300011,38.0,38.7900009,36.8499985,2940900.0,35.3943939
2018-12-24 00:00:00,35.9599991,36.7700005,37.0900002,35.9300003,795100.0,34.2790794
2018-12-26 00:00:00,37.3899994,36.1100006,37.3899994,35.2700005,1761500.0,35.6422386
2018-12-27 00:00:00,37.9000015,36.8199997,37.9000015,36.3199997,1805800.0,36.1284027
2018-12-28 00:00:00,37.6199989,37.9599991,38.5499992,37.3600006,2213200.0,35.8614883
2018-12-31 00:00:00,37.9900017,37.7099991,38.2400017,37.0200005,1675000.0,36.2141991
2019-01-02 00:00:00,38.5,37.4700012,38.6699982,37.2099991,1605200.0,36.7003593
2019-01-03 00:00:00,37.6599998,38.2900009,38.5200005,37.4500008,1336200.0,35.8996201
2019-01-04 00:00:00,39.8800011,38.9000015,40.0299988,38.2599983,1756500.0,38.0158501
2019-01-07 00:00:00,40.7999992,40.1399994,41.2200012,39.5299988,1407800.0,38.892849
2019-01-08 00:00:00,40.9399986,41.25,41.5900002,40.6599998,1951200.0,39.0262947
2019-01-09 00:00:00,42.1599998,40.9199982,42.4500008,40.3600006,1962100.0,40.1892776
2019-01-10 00:00:00,42.5800018,41.9300003,42.75,41.7599983,1549800.0,40.5896378
2019-01-11 00:00:00,42.8600006,42.1199989,43.0200005,41.9900017,1272000.0,40.8565521
2019-01-14 00:00:00,42.7099991,42.5499992,43.1399994,42.4799995,943200.0,40.7135696
2019-01-15 00:00:00,42.0400009,42.5699997,42.7099991,41.3899994,1270100.0,40.0748825
2019-01-16 00:00:00,41.4300003,41.9700012,42.2799988,41.4000015,1175700.0,39.4933968
2019-01-17 00:00:00,42.2299995,41.2599983,42.5299988,41.1300011,1006800.0,40.2559929
2019-01-18 00:00:00,43.0600014,42.5,43.5499992,42.1399994,1845200.0,41.0472145
2019-01-22 00:00:00,41.7700005,42.7400017,42.8899994,41.2599983,1488900.0,39.8175049
2019-01-23 00:00:00,41.1599998,42.0099983,42.3899994,40.6100006,1670800.0,39.2360191
2019-01-24 00:00:00,42.0,41.0999985,42.0200005,40.9799995,837500.0,40.036747
2019-01-25 00:00:00,41.9500008,42.4799995,42.9799995,41.8499985,1359000.0,39.98909
2019-01-28 00:00:00,42.4399986,41.5499992,42.5499992,41.4300003,1281500.0,40.4561882
2019-01-29 00:00:00,43.0600014,42.1500015,43.5699997,41.7000008,1900700.0,41.0472145
2019-01-30 00:00:00,43.5400009,43.1699982,43.7799988,42.3800011,1807300.0,41.5047722
2019-01-31 00:00:00,45.2999992,43.3400002,45.3600006,43.25,3331700.0,43.1824951
2019-02-01 00:00:00,44.9000015,44.75,46.9099998,44.5400009,5015400.0,42.8011932
2019-02-04 00:00:00,45.7200012,44.8300018,45.8699989,44.7400017,2442600.0,43.5828705
2019-02-05 00:00:00,45.3199997,45.8800011,46.0800018,45.1500015,2236900.0,43.201561
2019-02-06 00:00:00,44.7999992,45.1300011,45.6100006,44.2999992,2711200.0,42.7058601
2019-02-07 00:00:00,44.75,44.7099991,45.1500015,44.0099983,1945100.0,42.6582108
2019-02-08 00:00:00,44.75,44.5,45.1199989,44.1300011,1938400.0,42.6582108
2019-02-11 00:00:00,45.1699982,44.8800011,45.2599983,44.6399994,858300.0,43.0585747
2019-02-12 00:00:00,47.0699997,45.4799995,47.1800003,45.4799995,2416000.0,44.8697624
2019-02-13 00:00:00,47.4399986,47.2999992,47.6100006,46.9500008,1612900.0,45.2224655
2019-02-14 00:00:00,47.0400009,47.0800018,47.3499985,46.8199997,857200.0,44.8411598
2019-02-15 00:00:00,47.4000015,47.3600006,47.6500015,46.9399986,1186800.0,45.1843376
2019-02-19 00:00:00,48.0600014,47.1500015,48.3199997,47.0600014,1292600.0,45.8134804
2019-02-20 00:00:00,47.8300018,48.0900002,48.1800003,47.6699982,1321300.0,45.5942345
2019-02-21 00:00:00,47.9900017,47.4300003,48.2200012,47.3600006,1144300.0,45.9581375
2019-02-22 00:00:00,48.6500015,48.0900002,48.7900009,47.9199982,2073000.0,46.5902023
2019-02-25 00:00:00,48.4000015,48.9500008,49.5900002,48.3499985,2481100.0,46.3507919
2019-02-26 00:00:00,48.0299988,48.25,48.6399994,47.7700005,1069800.0,45.9964485
2019-02-27 00:00:00,48.1800003,47.9199982,48.4199982,47.6500015,907100.0,46.1400986
2019-02-28 00:00:00,47.1199989,48.0,48.0,46.9099998,2299600.0,45.1249771
2019-03-01 00:00:00,47.5600014,47.6399994,48.4900017,47.2299995,1375900.0,45.5463486
2019-03-04 00:00:00,48.0699997,47.7400017,48.4300003,47.5800018,1538100.0,46.0347633
2019-03-05 00:00:00,46.9900017,48.2000008,48.3199997,46.9700012,1118200.0,45.0004883
2019-03-06 00:00:00,46.8199997,47.0,47.3600006,46.7299995,930300.0,44.837677
2019-03-07 00:00:00,46.0400009,46.6699982,46.6899986,45.7599983,1461100.0,44.0907059
2019-03-08 00:00:00,46.2099991,45.7400017,46.2599983,45.7000008,1018100.0,44.2535057
2019-03-11 00:00:00,46.2099991,46.1199989,46.5600014,46.0900002,1022100.0,44.2535057
2019-03-12 00:00:00,46.3300018,46.3199997,46.6199989,46.0800018,919600.0,44.3684273
2019-03-13 00:00:00,46.2599983,46.3199997,46.5299988,45.2099991,1228600.0,44.3013954
2019-03-14 00:00:00,45.7299995,46.1500015,46.2200012,45.5900002,1048100.0,43.7938309
2019-03-15 00:00:00,45.9399986,45.7400017,46.3499985,45.7400017,1359200.0,43.9949417
2019-03-18 00:00:00,46.4399986,46.1300011,46.5600014,45.9900017,661500.0,44.4737701
2019-03-19 00:00:00,46.1300011,46.6500015,47.0499992,46.0299988,845400.0,44.1768951
2019-03-20 00:00:00,45.5600014,46.0800018,46.2299995,44.7999992,795300.0,43.6310349
2019-03-21 00:00:00,46.3800011,45.3899994,46.5699997,45.3899994,872800.0,44.4163132
2019-03-22 00:00:00,45.0099983,46.2000008,46.2000008,44.7900009,1586700.0,43.1043167
2019-03-25 00:00:00,45.5099983,44.9500008,45.9000015,44.9099998,1199900.0,43.5831451
2019-03-26 00:00:00,45.8100014,45.7299995,45.9900017,45.1399994,1368100.0,43.8704453
2019-03-27 00:00:00,46.0600014,45.8899994,46.4599991,45.8899994,1774000.0,44.1098633
2019-03-28 00:00:00,46.75,46.2700005,46.7799988,45.9500008,2570900.0,44.770649
2019-03-29 00:00:00,47.6100006,47.0,47.8699989,46.8800011,1984100.0,45.5942383
2019-04-01 00:00:00,47.8899994,47.9500008,48.6699982,47.6899986,2225100.0,45.862381
2019-04-02 00:00:00,47.5600014,47.8600006,47.9000015,47.1599998,2268700.0,45.5463486
2019-04-03 00:00:00,48.2099991,47.7299995,48.3499985,47.6399994,1634300.0,46.1688309
2019-04-04 00:00:00,48.9199982,48.25,49.2099991,48.25,921400.0,46.8487625
2019-04-05 00:00:00,50.2599983,49.1300011,50.3600006,49.1300011,1795200.0,48.1320381
2019-04-08 00:00:00,50.4900017,50.2200012,50.6100006,49.7999992,1160800.0,48.3522987
2019-04-09 00:00:00,49.4000015,50.1300011,50.1300011,49.3100014,1250700.0,47.3084526
2019-04-10 00:00:00,49.6699982,49.5600014,49.7599983,49.2299995,797000.0,47.5670128
2019-04-11 00:00:00,49.1100006,48.3699989,49.1500015,47.5099983,1615900.0,47.0307312
2019-04-12 00:00:00,49.1300011,49.6199989,50.0,48.9599991,1473800.0,47.049881
2019-04-15 00:00:00,49.4099998,49.2799988,49.6599998,49.0900002,1110000.0,47.3180237
2019-04-16 00:00:00,49.3699989,49.6399994,49.8100014,49.1199989,1130200.0,47.2797165
2019-04-17 00:00:00,48.5299988,49.5400009,49.6399994,48.4000015,1518200.0,46.4752808
2019-04-18 00:00:00,48.9700012,48.5800018,49.0999985,48.5099983,1014600.0,46.896656
2019-04-22 00:00:00,48.3300018,48.8400002,49.2900009,48.1699982,1292000.0,46.2837486
2019-04-23 00:00:00,49.3600006,48.4099998,49.3800011,48.3300018,1485100.0,47.2701416
2019-04-24 00:00:00,49.8499985,49.5,50.1100006,49.2000008,2507800.0,47.7393951
2019-04-25 00:00:00,52.0499992,52.5499992,53.4799995,51.5200005,4896800.0,49.8462524
2019-04-26 00:00:00,52.3600006,52.1699982,52.4700012,51.75,2202000.0,50.1431198
2019-04-29 00:00:00,52.5999985,52.3600006,52.9300003,51.8199997,2039000.0,50.3729591
2019-04-30 00:00:00,52.7799988,52.4300003,53.2099991,51.8899994,2840800.0,50.5453415
2019-05-01 00:00:00,52.7599983,52.7900009,53.7599983,52.6899986,1337300.0,50.5261841
2019-05-02 00:00:00,53.8300018,52.7200012,53.8699989,52.5499992,1483100.0,51.5508919
2019-05-03 00:00:00,55.5800018,54.0,55.6699982,54.0,1975900.0,53.2267952
2019-05-06 00:00:00,55.1599998,54.5,55.2299995,54.1100006,1969200.0,52.8245735
2019-05-07 00:00:00,54.4300003,54.6699982,55.0600014,54.0499992,2547200.0,52.1254807
2019-05-08 00:00:00,54.1899986,54.2299995,55.0099983,54.1399994,1346600.0,51.8956451
2019-05-09 00:00:00,54.0200005,53.7000008,54.1500015,53.1300011,1571700.0,51.7328415
2019-05-10 00:00:00,54.1500015,53.7200012,54.2400017,52.5900002,1137700.0,51.857338
2019-05-13 00:00:00,52.3699989,53.0299988,53.1199989,51.9199982,1861800.0,50.1526985
2019-05-14 00:00:00,53.0,52.4900017,53.2000008,52.3800011,1208000.0,50.7560196
2019-05-15 00:00:00,53.1699982,52.5999985,53.3400002,52.2099991,1126400.0,50.9188232
2019-05-16 00:00:00,53.2099991,53.2900009,53.5400009,53.0600014,1073100.0,50.9571342
2019-05-17 00:00:00,52.7900009,52.8100014,53.6399994,52.5299988,779300.0,50.5549164
2019-05-20 00:00:00,52.3199997,52.3699989,52.6599998,52.0699997,889400.0,50.1048088
2019-05-21 00:00:00,53.3499985,52.5999985,53.4700012,52.4300003,1046400.0,51.0912094
2019-05-22 00:00:00,52.7299995,53.0,53.0200005,52.5699997,1034300.0,50.4974518
2019-05-23 00:00:00,52.4399986,52.2799988,53.3400002,51.9900017,2655600.0,50.219738
2019-05-24 00:00:00,52.9700012,52.7599983,53.0499992,52.5999985,874300.0,50.7272949
2019-05-28 00:00:00,51.0200005,53.1199989,53.1800003,51.0,1430600.0,48.8598595
2019-05-29 00:00:00,50.2700005,50.6399994,50.7999992,49.8699989,1812800.0,48.141613
2019-05-30 00:00:00,50.4599991,50.2599983,50.7400017,49.9900017,1422300.0,48.5359802
2019-05-31 00:00:00,48.0600014,49.7299995,49.7400017,47.8499985,2666000.0,46.2274857
2019-06-03 00:00:00,49.1199989,48.2000008,49.3699989,48.0600014,1707300.0,47.2470779
2019-06-04 00:00:00,51.1899986,49.7000008,51.2400017,49.7000008,1119800.0,49.2381401
2019-06-05 00:00:00,52.1500015,51.7400017,52.2599983,51.2700005,1305200.0,50.1615448
2019-06-06 00:00:00,52.0800018,52.1500015,52.2200012,51.2700005,1360700.0,50.0942154
2019-06-07 00:00:00,51.9900017,52.1599998,52.4300003,51.5999985,1237400.0,50.0076408
2019-06-10 00:00:00,52.6899986,52.2200012,53.1699982,52.0800018,1208700.0,50.6809425
2019-06-11 00:00:00,52.2599983,53.0900002,53.25,51.9399986,863200.0,50.2673454
2019-06-12 00:00:00,51.8899994,52.2599983,52.4700012,51.7900009,938400.0,49.9114494
2019-06-13 00:00:00,53.1899986,52.1399994,53.2299995,52.1399994,974700.0,51.1618881
2019-06-14 00:00:00,54.0099983,53.0999985,54.2999992,52.7599983,1429900.0,51.9506149
2019-06-17 00:00:00,53.4000015,54.0600014,54.0600014,53.0699997,950500.0,51.3638878
2019-06-18 00:00:00,54.6599998,53.9099998,54.8600006,53.75,1397000.0,52.5758286
2019-06-19 00:00:00,54.5999985,54.5999985,54.75,53.7400017,1283100.0,52.5181236
2019-06-20 00:00:00,55.6800003,55.1899986,55.8199997,54.7700005,1114700.0,53.556942
2019-06-21 00:00:00,55.0400009,55.6300011,55.9700012,54.9700012,1976900.0,52.9413452
2019-06-24 00:00:00,55.3800011,55.2099991,55.7700005,54.9000015,915400.0,53.2683792
2019-06-25 00:00:00,55.1300011,55.6100006,55.7400017,54.9099998,1043500.0,53.0279198
2019-06-26 00:00:00,55.2400017,55.3300018,55.5600014,54.8600006,1071500.0,53.1337242
2019-06-27 00:00:00,55.9599991,55.5699997,56.3400002,55.3400002,758500.0,53.8262634
2019-06-28 00:00:00,57.1300011,55.9599991,57.1599998,55.9599991,1438300.0,54.9516563
2019-07-01 00:00:00,57.4399986,57.75,58.1500015,57.0299988,1408800.0,55.2498245
2019-07-02 00:00:00,56.4300003,56.3199997,56.4399986,55.0900002,1192000.0,54.278347
2019-07-03 00:00:00,56.8600006,56.6399994,57.0200005,56.1800003,559300.0,54.6919518
2019-07-05 00:00:00,56.5200005,56.4700012,56.6599998,55.8600006,607600.0,54.3649139
2019-07-08 00:00:00,55.9399986,56.1500015,56.3899994,55.7099991,1156800.0,53.8070335
2019-07-09 00:00:00,55.7000008,55.8899994,55.9799995,54.9399986,1047500.0,53.5761795
2019-07-10 00:00:00,54.9900017,56.0,56.0600014,54.4300003,1341000.0,52.8932457
2019-07-11 00:00:00,54.9099998,55.0400009,55.0499992,54.1300011,865100.0,52.8163033
2019-07-12 00:00:00,56.1300011,55.2099991,56.4199982,55.2099991,850700.0,53.9897881
2019-07-15 00:00:00,56.3600006,56.2400017,56.5,55.7099991,581400.0,54.2110138
2019-07-16 00:00:00,56.5499992,56.4700012,56.7299995,56.2000008,755000.0,54.3937683
2019-07-17 00:00:00,55.4599991,56.5,56.5,55.4500008,863000.0,53.3453331
2019-07-18 00:00:00,54.5800018,55.3199997,55.3199997,54.3699989,1638800.0,52.4988899
2019-07-19 00:00:00,53.6500015,54.9500008,55.2799988,53.5400009,2172700.0,51.6043396
2019-07-22 00:00:00,52.4399986,53.5200005,53.7999992,52.4199982,1983000.0,50.4404869
2019-07-23 00:00:00,53.4199982,52.7900009,53.7599983,52.6500015,1962400.0,51.3831139
2019-07-24 00:00:00,54.8300018,53.2599983,55.0600014,53.25,1191000.0,52.739357
2019-07-25 00:00:00,55.7700005,55.2099991,56.5299988,55.0299988,1486500.0,53.6435127
2019-07-26 00:00:00,55.5299988,55.4199982,55.8899994,54.8300018,1020200.0,53.4126587
2019-07-29 00:00:00,54.8499985,55.5499992,55.7200012,54.6399994,751600.0,52.7585945
2019-07-30 00:00:00,55.9700012,54.4799995,56.2799988,54.4000015,1401300.0,53.8358879
2019-07-31 00:00:00,54.9399986,55.9300003,55.9900017,54.6100006,1314100.0,52.8451614
2019-08-01 00:00:00,52.9300003,54.8899994,55.9199982,52.7700005,2202500.0,50.9118004
2019-08-02 00:00:00,51.6599998,52.0299988,52.1899986,50.7599983,2725300.0,49.6902237
2019-08-05 00:00:00,50.4900017,50.5699997,50.9900017,49.8100014,2587400.0,48.5648384
2019-08-06 00:00:00,51.4799995,50.7799988,51.6699982,49.9399986,1580600.0,49.517086
2019-08-07 00:00:00,51.9700012,50.75,52.1599998,50.2400017,1620900.0,49.9884071
2019-08-08 00:00:00,53.0400009,52.2299995,53.6399994,52.2299995,1207200.0,51.0176086
2019-08-09 00:00:00,51.8600006,52.7700005,52.8400002,51.5999985,995500.0,49.8825951
2019-08-12 00:00:00,50.9000015,51.5999985,51.5999985,50.8199997,640300.0,48.9592056
2019-08-13 00:00:00,51.6399994,50.7999992,52.4500008,50.7999992,966000.0,49.6709824
2019-08-14 00:00:00,49.8499985,50.9199982,50.9199982,49.4700012,1499400.0,47.9492378
2019-08-15 00:00:00,49.7299995,50.0,50.1800003,49.4300003,853200.0,47.8338165
2019-08-16 00:00:00,50.5200005,50.0999985,50.6100006,49.8199997,786200.0,48.5936966
2019-08-19 00:00:00,51.1800003,51.3600006,51.3699989,49.4300003,479300.0,49.2285233
2019-08-20 00:00:00,50.9199982,51.0200005,51.2999992,50.6599998,640300.0,48.9784393
2019-08-21 00:00:00,52.0800018,51.7099991,52.25,51.5699997,933100.0,50.0942154
2019-08-22 00:00:00,52.2299995,52.2999992,52.6300011,51.3400002,988700.0,50.2384911
2019-08-23 00:00:00,49.5600014,51.7900009,51.7900009,49.3100014,1071500.0,47.6702919
2019-08-26 00:00:00,50.2299995,50.0299988,50.3300018,49.4799995,645600.0,48.314743
2019-08-27 00:00:00,49.4399986,50.5499992,50.6300011,49.2999992,893400.0,47.5548668
2019-08-28 00:00:00,49.7200012,49.1599998,49.9700012,49.0,1092800.0,47.8241959
2019-08-29 00:00:00,50.8899994,50.2099991,50.9300003,50.1899986,768700.0,49.1671333
2019-08-30 00:00:00,51.0600014,51.3199997,51.3600006,50.7900009,686300.0,49.3313828
2019-09-03 00:00:00,49.0200005,50.4799995,50.5900002,48.4300003,1115000.0,47.3604431
2019-09-04 00:00:00,49.9099998,49.7700005,50.0499992,49.4399986,762600.0,48.2203102
2019-09-05 00:00:00,51.5299988,50.75,51.7599983,50.6199989,900300.0,49.7854691
2019-09-06 00:00:00,51.5699997,51.7799988,52.4099998,51.5200005,740200.0,49.8241158
2019-09-09 00:00:00,52.1399994,51.9500008,52.2200012,51.5800018,770900.0,50.3748169
2019-09-10 00:00:00,53.5200005,52.1399994,53.5499992,51.9099998,770600.0,51.7080994
2019-09-11 00:00:00,54.7400017,53.7099991,54.7700005,53.1599998,927800.0,52.886795
2019-09-12 00:00:00,54.25,55.0,55.0499992,53.7400017,764200.0,52.4133873
2019-09-13 00:00:00,54.4500008,54.7700005,54.7700005,54.25,683900.0,52.606617
2019-09-16 00:00:00,53.4500008,54.0699997,54.4300003,53.3400002,1027300.0,51.6404724
2019-09-17 00:00:00,52.7400017,53.2099991,53.4799995,51.9599991,1190700.0,50.9545097
2019-09-18 00:00:00,52.8600006,52.5499992,53.0499992,52.2200012,825800.0,51.0704384
2019-09-19 00:00:00,53.0600014,53.0200005,53.5600014,52.6899986,834800.0,51.2636681
2019-09-20 00:00:00,52.75,53.3300018,53.6899986,52.6399994,1379000.0,50.9641685
2019-09-23 00:00:00,53.1899986,52.5699997,53.5900002,52.2999992,933900.0,51.3892746
2019-09-24 00:00:00,53.3400002,53.4900017,53.9700012,53.1399994,1396100.0,51.5341911
2019-09-25 00:00:00,53.9300003,53.2400017,54.0400009,53.2099991,952900.0,52.1042175
2019-09-26 00:00:00,54.2999992,54.0900002,54.7700005,53.8899994,826400.0,52.4616966
2019-09-27 00:00:00,54.4799995,54.6399994,54.7200012,53.9199982,695700.0,52.6355972
2019-09-30 00:00:00,54.7000008,54.8499985,55.0200005,54.5699997,811700.0,52.8481522
2019-10-01 00:00:00,54.4000015,55.0900002,55.7900009,54.0299988,1363400.0,52.5583076
2019-10-02 00:00:00,54.4399986,53.8499985,54.6100006,53.2400017,1850300.0,52.5969467
2019-10-03 00:00:00,54.9199982,54.2799988,54.9799995,53.4700012,1618400.0,53.0606995
2019-10-04 00:00:00,56.1199989,55.0299988,56.1599998,54.9199982,1119300.0,54.2200699
2019-10-07 00:00:00,56.2299995,55.8300018,56.7400017,55.4300003,1536700.0,54.3263435
2019-10-08 00:00:00,55.2400017,55.4199982,55.9500008,54.9900017,959900.0,53.369873
2019-10-09 00:00:00,55.7299995,55.7900009,56.0,55.2400017,1215700.0,53.843277
2019-10-10 00:00:00,55.6800003,55.5600014,56.1899986,55.3600006,1315700.0,53.7949715
2019-10-11 00:00:00,56.6199989,56.2599983,57.3699989,56.2599983,2447700.0,54.7031479
2019-10-14 00:00:00,56.0999985,56.6800003,56.6800003,55.9500008,2105500.0,54.2007446
2019-10-15 00:00:00,57.0099983,56.3600006,57.1300011,56.0099983,1522500.0,55.0799446
2019-10-16 00:00:00,57.2400017,56.9300003,57.7000008,56.7299995,1638800.0,55.3021622
2019-10-17 00:00:00,58.4500008,57.6399994,58.4700012,57.3899994,2046400.0,56.4711952
2019-10-18 00:00:00,58.9199982,58.3300018,59.0400009,58.2799988,1245700.0,56.9252853
2019-10-21 00:00:00,58.2400017,58.6699982,59.3899994,58.0299988,2230000.0,56.2683029
2019-10-22 00:00:00,58.4700012,58.6100006,58.9799995,57.7999992,1907100.0,56.4905167
2019-10-23 00:00:00,58.3800011,58.3199997,58.8899994,58.1699982,1771300.0,56.4035645
2019-10-24 00:00:00,60.7700005,59.4000015,61.0099983,58.1899986,2674800.0,58.7126503
2019-10-25 00:00:00,60.3600006,60.6300011,61.7799988,60.3499985,2251900.0,58.3165283
2019-10-28 00:00:00,60.6699982,61.4000015,61.4000015,60.0200005,1821300.0,58.6160431
2019-10-29 00:00:00,60.7299995,60.5200005,61.2999992,60.5200005,1125600.0,58.6740074
2019-10-30 00:00:00,60.8699989,60.6699982,60.9900017,60.2900009,1013900.0,58.8092651
2019-10-31 00:00:00,60.0499992,60.7700005,60.9000015,59.6800003,1243400.0,58.0170212
2019-11-01 00:00:00,61.4000015,60.6199989,61.4300003,60.3699989,910500.0,59.3213196
2019-11-04 00:00:00,61.9599991,61.8800011,62.1800003,61.4500008,1022700.0,59.8623619
2019-11-05 00:00:00,62.0,62.1699982,62.5999985,61.9500008,1265800.0,59.9010048
2019-11-06 00:00:00,61.8199997,62.1500015,62.1500015,60.9399986,802000.0,59.727108
2019-11-07 00:00:00,61.5600014,62.0999985,62.4199982,61.3600006,679000.0,59.4759064
2019-11-08 00:00:00,62.0600014,61.4099998,62.0600014,61.2599983,478800.0,59.9589844
2019-11-11 00:00:00,61.6699982,61.4300003,61.9199982,61.3199997,611200.0,59.5821724
2019-11-12 00:00:00,62.3800011,61.9099998,62.4000015,61.7599983,799800.0,60.2681503
2019-11-13 00:00:00,62.6800003,62.1500015,62.8600006,61.9799995,997300.0,60.557991
2019-11-14 00:00:00,63.1500015,62.4399986,63.2299995,62.4399986,1073000.0,61.0120811
2019-11-15 00:00:00,63.0600014,63.6599998,63.8199997,62.7799988,1246000.0,60.9251328
2019-11-18 00:00:00,63.5699997,62.7900009,63.6599998,62.7900009,1115900.0,61.4178581
2019-11-19 00:00:00,62.2400017,63.2400017,63.5,62.2400017,1081600.0,60.132885
2019-11-20 00:00:00,61.9500008,62.2099991,62.7799988,61.5999985,1252900.0,59.8527069
2019-11-21 00:00:00,62.5600014,62.3800011,62.6599998,61.9599991,1031500.0,60.4420547
2019-11-22 00:00:00,62.9500008,62.8100014,63.0,62.2900009,803000.0,60.8188515
2019-11-25 00:00:00,63.7700005,63.1500015,63.8199997,63.0400009,647200.0,61.611084
2019-11-26 00:00:00,64.8000031,64.0199966,64.9700012,63.6800003,1643500.0,62.6062126
2019-11-27 00:00:00,64.3799973,64.6699982,64.8600006,64.0599976,1048500.0,62.4123268
2019-11-29 00:00:00,63.2599983,64.1900024,64.2099991,63.2200012,333500.0,61.3265533
2019-12-02 00:00:00,62.4300003,63.2700005,63.3899994,62.3899994,803500.0,60.5219231
2019-12-03 00:00:00,62.2299995,61.6899986,62.5200005,61.4900017,1394000.0,60.3280373
2019-12-04 00:00:00,63.1599998,62.5200005,63.7299995,62.5200005,1566500.0,61.2296181
2019-12-05 00:00:00,63.9000015,63.3499985,64.0,63.0400009,1195800.0,61.9470024
2019-12-06 00:00:00,64.5999985,64.7600021,65.1200027,64.4499969,995700.0,62.6256027
2019-12-09 00:00:00,64.0999985,64.3799973,64.5,64.0800018,870300.0,62.1408882
2019-12-10 00:00:00,64.0,64.2799988,64.3099976,63.75,720000.0,62.0439415
2019-12-11 00:00:00,65.1600037,64.1399994,65.3799973,63.5099983,1060600.0,63.1684875
2019-12-12 00:00:00,65.5199966,64.6800003,65.6500015,64.4000015,912900.0,63.5174904
2019-12-13 00:00:00,65.0899963,65.2200012,66.0199966,64.9700012,1041200.0,63.1006393
2019-12-16 00:00:00,65.4599991,65.5999985,66.0699997,65.4199982,954500.0,63.4593239
2019-12-17 00:00:00,65.9800034,65.25,66.0100021,65.0899963,954700.0,63.9634438
2019-12-18 00:00:00,65.7399979,66.0999985,66.1500015,65.1699982,931100.0,63.7307549
2019-12-19 00:00:00,65.2600021,65.4700012,65.6600037,64.3799973,1281600.0,63.2654419
2019-12-20 00:00:00,65.3000031,65.6399994,65.7900009,64.9199982,3160200.0,63.3042259
2019-12-23 00:00:00,64.4700012,65.3600006,65.5800018,64.3399963,1342300.0,62.4995842
2019-12-24 00:00:00,65.3099976,64.5699997,65.3199997,64.4700012,273400.0,63.3138924
2019-12-26 00:00:00,65.4899979,65.2600021,65.4899979,64.8099976,522400.0,63.4884033
2019-12-27 00:00:00,65.5899963,65.6900024,65.6900024,65.2600021,572400.0,63.5853424
2019-12-30 00:00:00,65.3799973,65.5699997,65.7099991,65.0,633500.0,63.3817596
2019-12-31 00:00:00,65.3399963,65.2799988,65.6699982,65.0299988,585500.0,63.3429832
2020-01-02 00:00:00,65.8099976,65.5,65.8099976,64.6999969,1070600.0,63.7986259
2020-01-03 00:00:00,65.3899994,64.8700027,65.5,64.5500031,739700.0,63.3914604
2020-01-06 00:00:00,65.8899994,65.2699966,65.8899994,65.0800018,934700.0,63.8761826
2020-01-07 00:00:00,65.5599976,65.5199966,65.9000015,65.4199982,1157600.0,63.556263
2020-01-08 00:00:00,66.7900009,65.8399963,67.1299973,65.6900024,1130700.0,64.7486725
2020-01-09 00:00:00,66.6299973,67.1900024,67.2799988,66.3799973,859200.0,64.5935593
2020-01-10 00:00:00,66.9599991,66.7300034,67.1200027,66.2799988,796300.0,64.9134827
2020-01-13 00:00:00,68.0999985,67.1800003,68.1299973,66.9400024,902600.0,66.0186234
2020-01-14 00:00:00,68.0199966,68.2699966,68.4400024,67.6299973,767700.0,65.9410782
2020-01-15 00:00:00,69.0699997,68.0199966,69.25,67.8700027,1128000.0,66.9589844
2020-01-16 00:00:00,69.5999985,69.6600037,70.1600037,68.8000031,1102600.0,67.4727936
2020-01-17 00:00:00,69.4100037,70.0,70.1100006,69.3099976,1219300.0,67.2885895
2020-01-21 00:00:00,69.9000015,69.2300034,69.9700012,69.1500015,1058600.0,67.7636337
2020-01-22 00:00:00,69.9800034,70.0,70.8499985,69.8099976,1069400.0,67.8411636
2020-01-23 00:00:00,70.5599976,69.7300034,70.7799988,69.4300003,830900.0,68.40345
2020-01-24 00:00:00,69.5100021,70.4800034,70.6299973,69.1100006,826200.0,67.3855515
2020-01-27 00:00:00,67.4599991,68.2300034,68.6900024,67.0100021,2085000.0,65.3981934
2020-01-28 00:00:00,67.8899994,68.0,68.4000015,67.1100006,2675100.0,65.8150558
2020-01-29 00:00:00,67.2600021,68.2600021,68.8799973,67.0899963,1724500.0,65.2043076
2020-01-30 00:00:00,71.0100021,66.7399979,71.7799988,66.7399979,3575500.0,68.8396988
2020-01-31 00:00:00,68.7099991,70.2799988,70.6699982,68.4000015,3051400.0,66.609993
2020-02-03 00:00:00,68.9800034,68.9499969,70.0999985,68.8300018,1845500.0,66.8717499
2020-02-04 00:00:00,71.2399979,70.2200012,71.4599991,69.9800034,1153600.0,69.0626678
2020-02-05 00:00:00,72.0599976,71.8600006,72.3099976,71.2900009,831600.0,69.857605
2020-02-06 00:00:00,71.5400009,72.5,72.5,71.3300018,976100.0,69.3534927
2020-02-07 00:00:00,70.75,71.0299988,71.3199997,70.4400024,1132700.0,68.5876312
2020-02-10 00:00:00,71.7300034,70.5299988,71.7699966,70.5299988,1018700.0,69.5376968
2020-02-11 00:00:00,72.3700027,72.3899994,72.7200012,71.8199997,1322900.0,70.1581345
2020-02-12 00:00:00,72.4800034,72.6699982,72.7600021,72.0100021,831100.0,70.2647781
2020-02-13 00:00:00,72.6399994,72.0999985,73.0,71.8600006,1129700.0,70.4198685
2020-02-14 00:00:00,72.9899979,72.5699997,73.2799988,72.4100037,967800.0,70.7591782
2020-02-18 00:00:00,72.6100006,72.6600037,72.8899994,72.1999969,1355100.0,70.3907928
2020-02-19 00:00:00,72.3300018,72.7600021,73.1399994,72.1999969,741000.0,70.1193542
2020-02-20 00:00:00,72.9899979,72.0999985,73.2699966,71.9599991,586600.0,70.7591782
2020-02-21 00:00:00,71.0299988,72.5299988,72.9000015,70.7200012,1076300.0,68.8590775
2020-02-24 00:00:00,69.3399963,68.6200027,69.7600021,68.3300018,1133000.0,67.2207413
2020-02-25 00:00:00,67.1100006,69.6600037,69.6600037,66.7399979,1714500.0,65.0588989
2020-02-26 00:00:00,64.8300018,67.5199966,68.1299973,64.8000031,1499900.0,62.8485832
2020-02-27 00:00:00,62.2999992,63.3800011,65.3000031,62.25,2096300.0,60.6203156
2020-02-28 00:00:00,61.75,60.1399994,62.5299988,59.9399986,2820000.0,60.0851479
2020-03-02 00:00:00,63.6699982,62.2700005,63.6699982,61.1399994,1904900.0,61.9533806
2020-03-03 00:00:00,62.8199997,63.3600006,65.4599991,61.9099998,1592900.0,61.1263008
2020-03-04 00:00:00,67.1800003,64.5800018,67.1999969,64.3700027,2544500.0,65.3687592
2020-03-05 00:00:00,63.8699989,65.0400009,65.8000031,63.1899986,1314100.0,62.147995
2020-03-06 00:00:00,60.4199982,61.5099983,62.3400002,59.1399994,1496600.0,58.7910042
2020-03-09 00:00:00,56.1699982,56.1599998,57.2099991,55.5,2749300.0,54.6555901
2020-03-10 00:00:00,59.3600006,58.0299988,59.4300003,56.0400009,1770300.0,57.7595863
2020-03-11 00:00:00,54.9399986,57.4399986,58.1699982,54.6100006,1781900.0,53.4587555
2020-03-12 00:00:00,47.6500015,51.4099998,52.3400002,47.6199989,2857900.0,46.3652916
2020-03-13 00:00:00,48.5999985,50.1699982,50.4700012,44.7599983,2800800.0,47.2896843
2020-03-16 00:00:00,40.9000015,43.9599991,44.9099998,40.1399994,2285800.0,39.797287
2020-03-17 00:00:00,41.7000008,41.6699982,44.2200012,39.9300003,2591400.0,40.5757256
2020-03-18 00:00:00,36.5,38.4700012,39.0099983,34.1300011,1708900.0,35.5159111
2020-03-19 00:00:00,37.7200012,35.9000015,38.8300018,34.1500015,1792500.0,36.7030296
2020-03-20 00:00:00,36.5999985,38.8600006,39.6800003,36.2999992,2254000.0,35.6132202
2020-03-23 00:00:00,34.8300018,36.0400009,38.1399994,33.9000015,1692700.0,33.8909454
2020-03-24 00:00:00,40.3699989,36.9900017,40.6300011,36.8100014,898000.0,39.2815742
2020-03-25 00:00:00,42.4099998,40.4300003,44.4700012,39.1899986,1208000.0,41.266571
2020-03-26 00:00:00,44.4500008,43.0699997,44.9199982,42.5099983,1617300.0,43.2515793
2020-03-27 00:00:00,43.4399986,42.5600014,44.7599983,41.4700012,1081700.0,42.2688026
2020-03-30 00:00:00,44.5099983,43.2200012,44.8100014,41.7299995,896700.0,43.3099594
2020-03-31 00:00:00,43.25,44.0600014,44.7700005,43.1800003,1801500.0,42.0839233
2020-04-01 00:00:00,39.3800011,41.0499992,41.9300003,38.9799995,1583700.0,38.3182716
2020-04-02 00:00:00,38.4599991,38.6599998,40.1199989,37.1899986,1975300.0,37.423069
2020-04-03 00:00:00,35.4199982,38.3600006,39.1399994,35.2099991,2083400.0,34.4650269
2020-04-06 00:00:00,40.6199989,37.5299988,41.0099983,37.0,2269600.0,39.5248375
2020-04-07 00:00:00,43.6500015,42.8600006,45.5200005,42.8600006,2124800.0,42.4731445
2020-04-08 00:00:00,47.2900009,44.2099991,48.0600014,43.5600014,1520700.0,46.0150032
2020-04-09 00:00:00,50.8300018,48.2700005,51.8199997,48.0299988,2544100.0,49.459568
2020-04-13 00:00:00,46.8600006,50.0699997,50.6399994,46.1100006,1378700.0,45.5965958
2020-04-14 00:00:00,46.1500015,48.1699982,48.2999992,45.7099991,1502600.0,44.9057388
2020-04-15 00:00:00,43.3300018,44.1899986,44.6300011,42.5200005,1390800.0,42.1617737
2020-04-16 00:00:00,43.7900009,42.7099991,44.0099983,41.4399986,2025600.0,42.6093636
2020-04-17 00:00:00,46.5999985,47.0499992,47.75,45.9700012,1469600.0,45.3436089
2020-04-20 00:00:00,43.9199982,45.0,45.75,43.75,1325600.0,42.7358589
2020-04-21 00:00:00,42.25,42.5,43.0900002,41.7999992,1164300.0,41.1108932
2020-04-22 00:00:00,43.0800018,43.3400002,43.5200005,42.4500008,1676800.0,41.9185181
2020-04-23 00:00:00,43.7999992,43.5999985,45.2999992,43.4599991,1205800.0,42.6191025
2020-04-24 00:00:00,43.7200012,43.5900002,44.3100014,42.9500008,1336500.0,42.5412636
2020-04-27 00:00:00,46.8199997,44.2599983,47.1599998,43.9399986,1319000.0,45.5576744
2020-04-28 00:00:00,49.6599998,48.2900009,50.5,48.2799988,1754600.0,48.3211098
2020-04-29 00:00:00,51.5299988,51.4500008,52.0600014,50.8800011,1543800.0,50.1406937
2020-04-30 00:00:00,48.2000008,50.5099983,50.5099983,47.5999985,3004400.0,46.9004669
2020-05-01 00:00:00,51.5,52.0999985,54.1899986,50.7400017,3004700.0,50.1114998
2020-05-04 00:00:00,51.1100006,50.3800011,51.2700005,49.9199982,1564500.0,49.7320137
2020-05-05 00:00:00,53.0699997,51.6699982,53.5600014,51.6699982,1550300.0,51.6391678
2020-05-06 00:00:00,51.9399986,53.3800011,53.8100014,51.5699997,1136300.0,50.5396271
2020-05-07 00:00:00,53.8300018,52.5900002,54.2299995,52.5900002,1370200.0,52.3786812
2020-05-08 00:00:00,56.0900002,54.8300018,56.2000008,54.8199997,908700.0,54.5777512
2020-05-11 00:00:00,54.2000008,55.0999985,55.2799988,53.6599998,1087100.0,52.7387009
2020-05-12 00:00:00,51.8400002,54.2299995,54.7299995,51.8400002,1040300.0,50.442337
2020-05-13 00:00:00,49.6300011,51.5,51.7299995,49.1599998,1058400.0,48.2919235
2020-05-14 00:00:00,51.6399994,48.5900002,51.6500015,47.5,1203500.0,50.2477264
2020-05-15 00:00:00,53.5600014,51.0099983,53.9300003,50.5699997,1175000.0,52.1159592
2020-05-18 00:00:00,60.4199982,56.8600006,61.0299988,56.2999992,2236700.0,58.7910042
2020-05-19 00:00:00,59.5900002,59.9500008,61.0,59.2099991,1376000.0,57.9833832
2020-05-20 00:00:00,60.5299988,60.5200005,61.6800003,60.1800003,1487700.0,58.898037
2020-05-21 00:00:00,60.3300018,60.3899994,61.8100014,60.1800003,1130600.0,58.703434
2020-05-22 00:00:00,60.5400009,60.4700012,60.5900002,59.2099991,897200.0,58.9077721
2020-05-26 00:00:00,62.6100006,63.1800003,63.7799988,62.5,946800.0,60.9219589
2020-05-27 00:00:00,64.2200012,64.0599976,64.5400009,62.8800011,1277700.0,62.4885597
2020-05-28 00:00:00,61.1300011,64.8000031,65.0,60.9099998,1086000.0,59.7049942
2020-05-29 00:00:00,60.9599991,61.1300011,61.3300018,59.4099998,1865400.0,59.5389481
2020-06-01 00:00:00,61.3800011,60.9900017,61.9799995,60.5499992,816200.0,59.9491653
2020-06-02 00:00:00,61.0299988,61.25,61.6899986,60.7099991,1682600.0,59.6073189
2020-06-03 00:00:00,63.1199989,61.9300003,63.6399994,61.9300003,864600.0,61.6486015
2020-06-04 00:00:00,63.7200012,62.4799995,63.7400017,62.2000008,890800.0,62.2346153
2020-06-05 00:00:00,65.2799988,66.1699982,67.9700012,65.2099991,1195100.0,63.7582436
2020-06-08 00:00:00,64.7600021,65.25,66.6399994,64.5500031,885000.0,63.25037
2020-06-09 00:00:00,63.3300018,63.4099998,64.3799973,63.1199989,836900.0,61.8537064
2020-06-10 00:00:00,62.3100014,63.0699997,63.4500008,61.3499985,1199000.0,60.8574791
2020-06-11 00:00:00,57.6199989,59.75,60.1500015,57.5299988,1086100.0,56.2768097
2020-06-12 00:00:00,58.4000015,60.5400009,60.5499992,56.0900002,1240900.0,57.0386314
2020-06-15 00:00:00,61.3400002,56.3800011,61.3699989,56.0299988,1524800.0,59.9100914
2020-06-16 00:00:00,63.5600014,63.8300018,64.0,60.8899994,1457200.0,62.0783463
2020-06-17 00:00:00,62.6800003,63.6500015,64.4100037,62.6100006,1086300.0,61.2188568
2020-06-18 00:00:00,62.5499992,62.0099983,63.9099998,61.6699982,747300.0,61.0918846
2020-06-19 00:00:00,61.3300018,63.8300018,64.0299988,60.4700012,1669600.0,59.9003296
2020-06-22 00:00:00,62.0299988,60.9099998,62.4000015,60.0,968200.0,60.5840111
2020-06-23 00:00:00,62.6699982,63.0600014,63.2000008,61.9399986,748700.0,61.2090874
2020-06-24 00:00:00,59.2999992,61.7000008,61.9500008,59.2000008,935300.0,57.9176407
2020-06-25 00:00:00,61.6500015,58.9000015,61.7400017,58.3699989,1444800.0,60.2128677
2020-06-26 00:00:00,60.5999985,60.5200005,61.1100006,59.7599983,2196000.0,59.1873436
2020-06-29 00:00:00,62.8800011,61.4799995,63.0299988,60.9700012,1176500.0,61.414196
2020-06-30 00:00:00,63.9300003,62.8300018,64.4000015,62.7099991,1462100.0,62.4397163
2020-07-01 00:00:00,62.3899994,64.3000031,64.3099976,61.9399986,758800.0,60.9356232
2020-07-02 00:00:00,62.6899986,63.6100006,64.7099991,62.2000008,723600.0,61.2286186
2020-07-06 00:00:00,64.8399963,64.4499969,64.9800034,64.0800018,784900.0,63.3284988
2020-07-07 00:00:00,63.7299995,64.0400009,64.5500031,63.6699982,723600.0,62.244381
2020-07-08 00:00:00,65.1200027,63.9399986,65.3499985,63.7999992,1210600.0,63.6019783
2020-07-09 00:00:00,64.1500015,64.9599991,65.3600006,63.1800003,1104100.0,62.6545906
2020-07-10 00:00:00,64.8300018,64.5599976,66.0,64.1800003,1044000.0,63.318737
2020-07-13 00:00:00,64.3000031,65.2399979,66.6100006,64.1600037,804300.0,62.8010979
2020-07-14 00:00:00,66.7099991,64.1800003,66.8000031,64.0,827600.0,65.1549149
2020-07-15 00:00:00,68.3799973,67.9899979,68.8099976,66.7399979,838800.0,66.7859955
2020-07-16 00:00:00,69.0699997,68.1999969,69.3000031,67.4599991,832000.0,67.4599075
2020-07-17 00:00:00,69.1699982,69.0699997,69.7300034,68.5699997,736400.0,67.5575638
2020-07-20 00:00:00,69.0199966,68.9800034,69.5100021,68.7200012,572500.0,67.4110565
2020-07-21 00:00:00,69.1500015,69.3000031,69.8099976,68.6999969,545100.0,67.5380325
2020-07-22 00:00:00,70.5199966,68.7099991,71.0400009,68.7099991,1069000.0,68.8760986
2020-07-23 00:00:00,71.0,70.7099991,72.2399979,70.3600006,1240400.0,69.344902
2020-07-24 00:00:00,71.0,71.0,71.2799988,70.0899963,832800.0,69.344902
2020-07-27 00:00:00,74.2600021,71.1900024,74.3899994,71.1900024,1410200.0,72.528923
2020-07-28 00:00:00,72.2900009,73.6900024,73.7099991,72.1699982,1304400.0,70.6048431
2020-07-29 00:00:00,75.9499969,72.5899963,76.3199997,72.5899963,2077100.0,74.179512
2020-07-30 00:00:00,76.9899979,74.0899963,78.25,74.0899963,1991500.0,75.1952744
2020-07-31 00:00:00,76.5,76.2200012,76.5299988,74.5100021,1344600.0,74.7166901
2020-08-03 00:00:00,78.4300003,77.0,78.9499969,76.0999985,1216200.0,76.6016998
2020-08-04 00:00:00,77.5800018,77.8799973,78.1200027,77.1900024,1180900.0,75.7715225
2020-08-05 00:00:00,78.4400024,78.5800018,79.2200012,77.6999969,824700.0,76.6114807
2020-08-06 00:00:00,78.4300003,78.4800034,78.7300034,77.6900024,723300.0,76.6016998
2020-08-07 00:00:00,79.8099976,78.3600006,79.9700012,78.2200012,890700.0,77.9495392
2020-08-10 00:00:00,81.0199966,79.5999985,81.1500015,79.4800034,814100.0,79.1313324
2020-08-11 00:00:00,81.0899963,81.8899994,82.25,80.9599991,1612700.0,79.1996918
2020-08-12 00:00:00,83.0100021,81.8600006,83.4899979,81.1900024,1381700.0,81.0749359
2020-08-13 00:00:00,83.3300018,82.5299988,83.7900009,82.2699966,600300.0,81.3874893
2020-08-14 00:00:00,83.0599976,82.8000031,83.2399979,82.4599991,993100.0,81.1237793
2020-08-17 00:00:00,85.6299973,83.3600006,85.9700012,83.3199997,1421700.0,83.6338654
2020-08-18 00:00:00,83.9499969,85.8000031,86.1900024,83.8399963,1130600.0,81.9930344
2020-08-19 00:00:00,83.6800003,84.1500015,84.4100037,83.5100021,861600.0,81.7293243
2020-08-20 00:00:00,83.1399994,82.8799973,83.5800018,82.5100021,1216400.0,81.2019196
2020-08-21 00:00:00,85.2099991,83.1399994,85.2099991,82.9100037,1082400.0,83.2236633
2020-08-24 00:00:00,85.4199982,85.7799988,85.9400024,84.4100037,1162000.0,83.4287643
2020-08-25 00:00:00,85.5199966,85.8099976,85.9899979,83.6100006,1348300.0,83.5264206
2020-08-26 00:00:00,85.6699982,85.3499985,85.7600021,84.7399979,826600.0,83.6729202
2020-08-27 00:00:00,84.8600006,85.8499985,86.4700012,83.9199982,941100.0,83.1146545
2020-08-28 00:00:00,85.4100037,85.0,86.2799988,84.6699982,1187100.0,83.6533432
2020-08-31 00:00:00,84.0800018,85.3099976,85.5599976,84.0100021,1073600.0,82.3506927
2020-09-01 00:00:00,85.7399979,84.0599976,85.8199997,83.9000015,982600.0,83.9765549
2020-09-02 00:00:00,86.4100037,85.8199997,86.8000031,84.9400024,715800.0,84.632782
2020-09-03 00:00:00,82.9800034,86.0,86.4599991,82.0100021,890900.0,81.2733307
2020-09-04 00:00:00,82.5599976,84.4000015,84.5299988,80.5100021,799000.0,80.861969
2020-09-08 00:00:00,81.4000015,81.5100021,83.1100006,80.3499985,903800.0,79.7258148
2020-09-09 00:00:00,82.5500031,81.9899979,83.1299973,81.7399979,1146400.0,80.8521652
2020-09-10 00:00:00,81.9499969,84.3799973,84.5,81.7099991,1276700.0,80.2645035
2020-09-11 00:00:00,82.6100006,82.5699997,82.9599991,81.5100021,837600.0,80.9109344
2020-09-14 00:00:00,83.7699966,83.5,83.8300018,82.4599991,1011300.0,82.0470581
2020-09-15 00:00:00,84.0800018,84.3000031,85.25,83.7699966,773200.0,82.3506927
2020-09-16 00:00:00,85.2099991,84.9400024,86.4199982,83.8799973,1269700.0,83.4574509
2020-09-17 00:00:00,84.7699966,84.25,85.5899963,83.4199982,1136200.0,83.0265045
2020-09-18 00:00:00,84.3199997,84.6600037,85.3700027,83.5400009,2006300.0,82.585762
2020-09-21 00:00:00,82.3399963,82.8099976,82.9700012,80.0100021,1008600.0,80.6464844
2020-09-22 00:00:00,84.5,82.7600021,84.8099976,82.5999985,796000.0,82.7620544
2020-09-23 00:00:00,82.3899994,84.1600037,85.1100006,82.3300018,833200.0,80.6954575
2020-09-24 00:00:00,82.0599976,81.9499969,83.5299988,81.2699966,660900.0,80.3722382
2020-09-25 00:00:00,83.1399994,81.4800034,83.7099991,81.3199997,763200.0,81.4300232
2020-09-28 00:00:00,85.8199997,84.5800018,86.5999985,84.2200012,922300.0,84.0549088
2020-09-29 00:00:00,85.25,86.1699982,86.5699997,84.9199982,721000.0,83.4966354
2020-09-30 00:00:00,86.5199966,85.5199966,87.3799973,85.5199966,1592900.0,84.7405014
2020-10-01 00:00:00,87.6699982,87.4199982,88.2099991,86.1299973,1195800.0,85.8668594
2020-10-02 00:00:00,87.5199966,86.0899963,88.0699997,85.2699966,835600.0,85.7199478
2020-10-05 00:00:00,88.8099976,88.3099976,88.8799973,88.0699997,1190100.0,86.9834061
2020-10-06 00:00:00,87.1800003,89.0,89.5599976,87.0699997,809600.0,85.3869324
2020-10-07 00:00:00,87.5999985,88.4300003,88.5999985,86.8000031,1060300.0,85.7982941
2020-10-08 00:00:00,89.3300018,87.9499969,89.6100006,87.9499969,712600.0,87.4927139
2020-10-09 00:00:00,88.6900024,90.0,90.2799988,88.5199966,581000.0,86.8658905
2020-10-12 00:00:00,89.1299973,89.5100021,89.5100021,88.5599976,667800.0,87.2968216
2020-10-13 00:00:00,88.2799988,88.8499985,89.2399979,87.8000031,644400.0,86.4643173
2020-10-14 00:00:00,88.5,89.1699982,89.4899979,88.1699982,577500.0,86.6797867
2020-10-15 00:00:00,89.8099976,87.4199982,89.9100037,87.25,538800.0,87.9628448
2020-10-16 00:00:00,90.2600021,90.0599976,90.9400024,89.6999969,665100.0,88.4035797
2020-10-19 00:00:00,86.9199982,90.25,90.4199982,86.7600021,964400.0,85.1322861
2020-10-20 00:00:00,87.6299973,87.6200027,89.2200012,87.3399963,487800.0,85.8276749
2020-10-21 00:00:00,85.9100037,87.4599991,88.6299973,85.5100021,878200.0,84.1430664
2020-10-22 00:00:00,85.2699966,86.5299988,86.5299988,84.5500031,684600.0,83.5162125
2020-10-23 00:00:00,85.4700012,86.0299988,86.3899994,84.2600021,781200.0,83.7121124
2020-10-26 00:00:00,82.0800018,84.1100006,84.6600037,81.4700012,706900.0,80.3918304
2020-10-27 00:00:00,81.8099976,82.5100021,82.7399979,81.4700012,772500.0,80.127388
2020-10-28 00:00:00,81.4100037,79.6500015,82.4499969,78.8099976,1942700.0,79.7356186
2020-10-29 00:00:00,81.8799973,81.0,84.0699997,80.9400024,1440400.0,80.1959305
2020-10-30 00:00:00,80.8700027,81.7699966,82.2600021,79.4700012,1221500.0,79.2067261
2020-11-02 00:00:00,84.5800018,81.9300003,84.75,81.7799988,1202000.0,82.840416
2020-11-03 00:00:00,84.9400024,85.7799988,86.1299973,84.2799988,852200.0,83.1930161
2020-11-04 00:00:00,87.7900009,84.8899994,89.0199966,84.5599976,1278300.0,85.9843979
2020-11-05 00:00:00,89.1299973,89.0500031,90.4899979,88.2200012,784700.0,87.2968216
2020-11-06 00:00:00,88.1399994,88.9000015,89.3600006,86.9400024,597800.0,86.3271942
2020-11-09 00:00:00,80.0599976,91.4100037,92.5899963,80.0500031,1585700.0,78.4133682
2020-11-10 00:00:00,79.6999969,80.5800018,81.2900009,79.1900024,1953200.0,78.0607758
2020-11-11 00:00:00,83.0500031,81.1100006,83.1100006,79.9400024,1998900.0,81.3418808
2020-11-12 00:00:00,82.3300018,83.0,84.1399994,81.7099991,1112000.0,80.6366959
2020-11-13 00:00:00,83.8000031,82.9599991,84.7200012,82.9599991,640000.0,82.0764542
2020-11-16 00:00:00,82.6100006,84.2099991,85.0,82.1999969,1218600.0,80.9109344
2020-11-17 00:00:00,83.3899994,82.3700027,83.8899994,81.7600021,1068900.0,81.6748886
2020-11-18 00:00:00,83.3199997,84.1100006,84.3300018,82.8499985,986600.0,81.6063232
2020-11-19 00:00:00,85.1100006,83.4300003,85.4300003,83.1200027,1147300.0,83.3595047
2020-11-20 00:00:00,84.4599991,84.7900009,85.1100006,83.4899979,836800.0,82.7228775
2020-11-23 00:00:00,86.1100006,84.7300034,86.5299988,84.7300034,840200.0,84.3389511
2020-11-24 00:00:00,84.6800003,86.6399994,87.2799988,84.3199997,1144900.0,82.9383621
2020-11-25 00:00:00,84.8600006,84.5,85.3099976,83.8700027,842900.0,83.3508911
2020-11-27 00:00:00,85.0100021,84.9700012,86.25,84.7600021,395100.0,83.4982147
2020-11-30 00:00:00,83.5,84.5400009,85.1699982,82.9499969,1619800.0,82.0150681
2020-12-01 00:00:00,82.8899994,83.9000015,84.5199966,82.3799973,1203200.0,81.4159241
2020-12-02 00:00:00,80.1800003,82.3000031,82.6800003,79.4599991,1588500.0,78.7541122
2020-12-03 00:00:00,81.7799988,80.4700012,82.8700027,80.2200012,1449900.0,80.3256607
2020-12-04 00:00:00,80.9800034,81.75,82.2399979,80.2099991,812800.0,79.5398941
2020-12-07 00:00:00,83.0699997,81.0400009,83.8300018,81.0400009,972700.0,81.59272
2020-12-08 00:00:00,82.9300003,82.6500015,83.3499985,82.1600037,901900.0,81.4552078
2020-12-09 00:00:00,84.5199966,84.2099991,85.6399994,83.5699997,1499500.0,83.0169296
2020-12-10 00:00:00,83.9400024,83.6900024,85.0599976,82.4000015,990300.0,82.4472504
2020-12-11 00:00:00,83.2300034,83.4400024,84.1399994,82.7600021,1062400.0,81.7498779
2020-12-14 00:00:00,83.0699997,83.8700027,84.5,83.0500031,788700.0,81.59272
2020-12-15 00:00:00,85.4300003,83.5599976,85.8399963,83.5599976,939600.0,83.9107513
2020-12-16 00:00:00,86.2600021,85.9499969,86.9599991,85.5500031,1833100.0,84.7259903
2020-12-17 00:00:00,88.8899994,86.75,89.9000015,86.5100021,1424400.0,87.309227
2020-12-18 00:00:00,89.6299973,89.4499969,91.6299973,88.0899963,2593200.0,88.0360565
2020-12-21 00:00:00,88.6699982,88.0299988,90.2300034,87.8000031,1393300.0,87.093132
2020-12-22 00:00:00,87.7799988,88.7200012,89.3600006,87.5199966,671100.0,86.2189636
2020-12-23 00:00:00,87.7699966,87.8600006,88.2200012,86.3399963,642100.0,86.2091293
2020-12-24 00:00:00,89.0699997,88.0400009,89.1100006,87.5800018,179900.0,87.4860153
2020-12-28 00:00:00,86.4000015,89.6600037,89.7600021,86.2200012,566000.0,84.8635025
2020-12-29 00:00:00,85.1900024,86.6699982,87.0,84.3099976,613800.0,83.6750259
2020-12-30 00:00:00,85.8099976,85.4400024,86.6500015,85.3000031,528200.0,84.283989
2020-12-31 00:00:00,85.7200012,86.0800018,86.25,84.4700012,493400.0,84.1955872
2021-01-04 00:00:00,84.8000031,86.0899963,86.6500015,83.9300003,980300.0,83.2919617
2021-01-05 00:00:00,84.7300034,84.5299988,85.75,84.2600021,661800.0,83.2231979
2021-01-06 00:00:00,86.0500031,85.0800018,87.1800003,84.6399994,1264900.0,84.5197296
2021-01-07 00:00:00,88.5299988,86.5999985,88.6399994,85.7699966,650400.0,86.9556198
2021-01-08 00:00:00,86.6800003,88.7600021,89.1200027,85.7300034,787300.0,85.1385269
2021-01-11 00:00:00,87.5400009,85.6500015,87.9800034,85.2600021,582400.0,85.9832306
2021-01-12 00:00:00,89.4300003,87.4899979,89.7200012,87.0199966,754600.0,87.8396225
2021-01-13 00:00:00,87.8499985,89.6500015,91.0800018,87.6800003,757900.0,86.2877045
2021-01-14 00:00:00,89.3000031,89.9300003,90.5400009,88.1699982,743300.0,87.7119293
2021-01-15 00:00:00,88.3199997,88.5899963,89.2900009,86.6200027,717500.0,86.7493591
2021-01-19 00:00:00,88.5199966,88.9700012,90.4100037,88.4700012,675200.0,86.9457855
2021-01-20 00:00:00,91.8499985,88.7699966,91.9400024,88.6200027,863500.0,90.2165756
2021-01-21 00:00:00,92.1500015,92.0100021,93.0500031,90.7399979,836200.0,90.5112457
2021-01-22 00:00:00,92.5699997,91.7300034,92.8799973,91.3499985,848900.0,90.9237747
2021-01-25 00:00:00,91.4400024,91.9199982,93.4000015,90.8399963,772100.0,89.8138809
2021-01-26 00:00:00,87.7300034,92.0500031,92.0500031,87.4700012,726200.0,86.1698532
2021-01-27 00:00:00,84.3700027,86.1100006,86.2799988,83.7300034,969900.0,82.8695984
2021-01-28 00:00:00,87.3700027,85.4000015,87.7900009,84.5999985,1008100.0,85.816246
2021-01-29 00:00:00,86.25,86.5,87.2699966,84.2799988,1673600.0,84.7161636
2021-02-01 00:00:00,88.3199997,88.0400009,89.1200027,86.8700027,1061200.0,86.7493591
2021-02-02 00:00:00,88.9599991,88.7600021,90.1299973,88.6299973,903200.0,87.3779755
2021-02-03 00:00:00,87.2900009,88.0599976,91.0899963,86.1999969,1541300.0,85.7376862
2021-02-04 00:00:00,88.7099991,87.6800003,90.2200012,86.8099976,842900.0,87.1324081
2021-02-05 00:00:00,88.5299988,88.9199982,89.4400024,88.4100037,752600.0,86.9556198
2021-02-08 00:00:00,91.5699997,88.9499969,91.6399994,88.5800018,704000.0,89.9415588
2021-02-09 00:00:00,91.7699966,91.0,92.5199966,90.7699966,852500.0,90.1380081
2021-02-10 00:00:00,90.1200027,92.2600021,92.4499969,89.4100037,768600.0,88.5173416
2021-02-11 00:00:00,90.4199982,90.5699997,91.0100021,88.9499969,480000.0,88.8120117
2021-02-12 00:00:00,89.8399963,89.8000031,90.8199997,88.5299988,942900.0,88.2423172
2021-02-16 00:00:00,86.0,89.7900009,89.8700027,85.9400024,875100.0,84.4706192
2021-02-17 00:00:00,85.7399979,86.0899963,86.4100037,84.25,1222500.0,84.2152252
2021-02-18 00:00:00,85.8300018,85.7600021,86.6999969,85.0800018,635200.0,84.3036423
2021-02-19 00:00:00,87.5500031,86.3199997,87.8799973,86.0400009,484200.0,85.9930496
2021-02-22 00:00:00,86.9400024,86.5699997,88.3099976,86.0800018,688400.0,85.393898
2021-02-23 00:00:00,87.5400009,86.3099976,87.75,84.5199966,982200.0,85.9832306
2021-02-24 00:00:00,87.25,86.8899994,88.4800034,86.1200027,972100.0,85.6983871
2021-02-25 00:00:00,83.4800034,86.6600037,87.2900009,83.0100021,1249600.0,82.240509
2021-02-26 00:00:00,83.1399994,83.8300018,84.7799988,83.0800018,1665200.0,81.9055481
2021-03-01 00:00:00,86.2099991,83.9899979,87.4199982,83.9899979,832400.0,84.9299698
2021-03-02 00:00:00,85.2200012,86.4400024,86.6299973,84.4300003,1018200.0,83.9546738
2021-03-03 00:00:00,83.4199982,84.9100037,85.4199982,83.25,1073200.0,82.1813812
2021-03-04 00:00:00,82.4100037,83.1500015,84.7399979,80.4000015,986500.0,81.1863861
2021-03-05 00:00:00,85.7600021,83.1800003,86.1600037,81.6399994,981800.0,84.4866486
2021-03-08 00:00:00,86.9599991,86.0,88.0899963,85.1699982,1033800.0,85.6688309
2021-03-09 00:00:00,87.5,87.2799988,88.4599991,87.0199966,656600.0,86.2008209
2021-03-10 00:00:00,89.8899994,88.0,90.6500015,87.2799988,778400.0,88.5553284
2021-03-11 00:00:00,89.4499969,90.7200012,91.3399963,89.1299973,755200.0,88.1218567
2021-03-12 00:00:00,89.5400009,89.0999985,90.1600037,88.8199997,614900.0,88.2105179
2021-03-15 00:00:00,90.5899963,89.2600021,90.6900024,87.7900009,491700.0,89.2449188
2021-03-16 00:00:00,89.4899979,90.6699982,90.8600006,89.0400009,742900.0,88.1612625
2021-03-17 00:00:00,91.3499985,89.8700027,91.3700027,88.6900024,895800.0,89.9936447
2021-03-18 00:00:00,91.6399994,91.0999985,93.3199997,90.7699966,1428200.0,90.2793427
2021-03-19 00:00:00,91.5,91.8399963,92.3600006,90.5199966,1415200.0,90.1414261
2021-03-22 00:00:00,90.7099991,91.5,91.5899963,88.6999969,849200.0,89.3631516
2021-03-23 00:00:00,87.5199966,89.7799988,91.25,87.2099991,715000.0,86.2205124
2021-03-24 00:00:00,88.3700027,88.1999969,90.1699982,88.0400009,726900.0,87.0578995
2021-03-25 00:00:00,90.7300034,88.2799988,90.9400024,87.1999969,564300.0,89.3828583
2021-03-26 00:00:00,93.9899979,91.0,94.1200027,90.6500015,965400.0,92.5944443
2021-03-29 00:00:00,94.0599976,94.0,94.9700012,93.5100021,1126200.0,92.6634064
2021-03-30 00:00:00,96.0,93.6600037,96.25,93.6200027,1088900.0,94.5746155
2021-03-31 00:00:00,95.8199997,96.0800018,97.1299973,95.8000031,1128100.0,94.3972855
2021-04-01 00:00:00,97.1500015,96.2200012,97.2799988,95.8199997,1005300.0,95.7075272
2021-04-05 00:00:00,97.7799988,98.2600021,98.75,96.6999969,714100.0,96.3281708
2021-04-06 00:00:00,98.5500031,97.9000015,98.6600037,97.2200012,846100.0,97.0867462
2021-04-07 00:00:00,98.3600006,98.6800003,98.8099976,97.7399979,750000.0,96.8995667
2021-04-08 00:00:00,98.4400024,98.4000015,98.8000031,97.7699966,856900.0,96.9783783
2021-04-09 00:00:00,100.6900024,99.0,101.5999985,98.2900009,766100.0,99.1949692
2021-04-12 00:00:00,101.0199966,100.6699982,101.7600021,100.6699982,674900.0,99.5200653
2021-04-13 00:00:00,99.9100037,100.8499985,100.8499985,98.7099991,522500.0,98.4265518
2021-04-14 00:00:00,99.9800034,99.5800018,100.6699982,99.2799988,658400.0,98.4955063
2021-04-15 00:00:00,101.3000031,100.5999985,101.6299973,100.4599991,954700.0,99.7959061
2021-04-16 00:00:00,103.2200012,102.1600037,103.7300034,102.0100021,771300.0,101.6874008
2021-04-19 00:00:00,102.5100021,103.4700012,103.5599976,101.6999969,709900.0,100.9879456
2021-04-20 00:00:00,100.6399994,102.0699997,102.7200012,99.2799988,768400.0,99.1456985
2021-04-21 00:00:00,101.9899979,100.5899963,102.3399963,100.5899963,731900.0,100.4756622
2021-04-22 00:00:00,102.5299988,102.3099976,103.4000015,101.5999985,867700.0,101.0076447
2021-04-23 00:00:00,104.9000015,102.8099976,105.1399994,102.4899979,808400.0,103.3424606
2021-04-26 00:00:00,104.8799973,105.4599991,106.3799973,104.4300003,1041500.0,103.3227539
2021-04-27 00:00:00,105.1100006,104.9400024,106.1500015,104.9100037,642200.0,103.5493393
2021-04-28 00:00:00,103.7799988,105.1200027,105.2200012,103.6500015,762800.0,102.2390823
2021-04-29 00:00:00,104.9199982,104.4899979,105.3499985,103.7300034,740200.0,103.3621521
2021-04-30 00:00:00,104.9800034,106.0,107.2900009,103.7300034,1647500.0,103.4212723
2021-05-03 00:00:00,107.7300034,106.0,108.3199997,105.3399963,943400.0,106.1304474
2021-05-04 00:00:00,108.6999969,107.1900024,109.3899994,106.8099976,1103900.0,107.0860367
2021-05-05 00:00:00,109.0100021,109.0,109.8399963,107.2200012,844400.0,107.3914337
2021-05-06 00:00:00,109.6299973,109.1999969,109.6699982,108.3000031,615800.0,108.0022278
2021-05-07 00:00:00,111.5599976,109.8099976,111.7900009,108.9599991,473300.0,109.9035721
2021-05-10 00:00:00,111.9599991,111.8600006,114.0100021,111.4000015,791600.0,110.2976303
2021-05-11 00:00:00,108.7399979,111.1800003,111.9199982,108.5,907600.0,107.1254425
2021-05-12 00:00:00,103.7200012,108.3700027,108.7600021,103.5199966,1041200.0,102.1799698
2021-05-13 00:00:00,107.3600006,104.4400024,108.0599976,104.3000031,616700.0,105.7659454
2021-05-14 00:00:00,107.9499969,107.8300018,108.6900024,107.1699982,480500.0,106.3471603
2021-05-17 00:00:00,106.3399963,107.7200012,107.8099976,104.8499985,629300.0,104.7610703
2021-05-18 00:00:00,103.9199982,106.6299973,106.6299973,103.8099976,1016900.0,102.3770142
2021-05-19 00:00:00,103.0,102.2900009,104.1200027,100.9400024,1088700.0,101.4706726
2021-05-20 00:00:00,104.2399979,103.5299988,104.5,102.5400009,746500.0,102.6922455
2021-05-21 00:00:00,103.5899963,104.8300018,105.7300034,103.2699966,532500.0,102.0519028
2021-05-24 00:00:00,104.2799988,104.3399963,104.8199997,103.6900024,446600.0,102.7316666
2021-05-25 00:00:00,104.2799988,104.5899963,105.6699982,104.0400009,717900.0,102.7316666
2021-05-26 00:00:00,105.5100021,104.3600006,105.7699966,104.3399963,640500.0,103.9434052
2021-05-27 00:00:00,104.9700012,105.8399963,106.0400009,103.6800003,1402300.0,103.6668777
2021-05-28 00:00:00,103.1600037,105.6999969,105.7699966,103.1200027,1014100.0,101.8793488
2021-06-01 00:00:00,104.3700027,104.4300003,105.4700012,103.5999985,867600.0,103.0743332
2021-06-02 00:00:00,102.0899963,104.2699966,104.3099976,101.7799988,723000.0,100.8226242
2021-06-03 00:00:00,101.8499985,101.5,102.3300018,100.8199997,912800.0,100.5856094
2021-06-04 00:00:00,103.0899963,102.1600037,103.1299973,101.5699997,580000.0,101.8102188
2021-06-07 00:00:00,102.1500015,103.3000031,103.5999985,101.4599991,481600.0,100.8818893
2021-06-08 00:00:00,102.5400009,102.5500031,102.8499985,101.6399994,579600.0,101.2670517
2021-06-09 00:00:00,100.2399979,102.8799973,102.8799973,100.0999985,621500.0,98.9955902
2021-06-10 00:00:00,98.6999969,100.6900024,100.7900009,98.4499969,613600.0,97.4747086
2021-06-11 00:00:00,98.6900024,99.1999969,100.1600037,98.1399994,1176100.0,97.4648438
2021-06-14 00:00:00,97.9499969,98.6200027,98.7099991,97.3199997,796900.0,96.7340164
2021-06-15 00:00:00,98.9400024,98.3199997,99.5500031,98.2099991,1054400.0,97.711731
2021-06-16 00:00:00,98.1500015,98.6699982,99.0800018,97.3899994,1175000.0,96.9315491
2021-06-17 00:00:00,96.2099991,98.25,98.5400009,94.5400009,1125100.0,95.015625
2021-06-18 00:00:00,95.7600021,94.8499985,96.5199966,94.5400009,1410400.0,94.5712204
2021-06-21 00:00:00,97.7099991,96.6399994,98.1900024,96.5400009,887900.0,96.4970093
2021-06-22 00:00:00,98.3499985,99.1299973,99.4100037,98.2699966,777300.0,97.1290665
2021-06-23 00:00:00,97.3700027,98.1900024,98.3600006,96.8300018,525300.0,96.161232
2021-06-24 00:00:00,97.6900024,97.8799973,98.3300018,96.8600006,516100.0,96.4772568
2021-06-25 00:00:00,97.3700027,97.7699966,98.4499969,96.8899994,1818200.0,96.161232
2021-06-28 00:00:00,98.8899994,97.5999985,99.2399979,97.1900024,1556600.0,97.6623535
2021-06-29 00:00:00,99.8000031,99.6100006,100.8700027,99.0400009,776000.0,98.561058
2021-06-30 00:00:00,99.6100006,99.7200012,100.1299973,99.0999985,940100.0,98.3734207
2021-07-01 00:00:00,99.6800003,100.2600021,100.5299988,99.2200012,782900.0,98.4425507
2021-07-02 00:00:00,99.0599976,99.7300034,99.9199982,98.9899979,693600.0,97.830246
2021-07-06 00:00:00,97.2600021,99.3700027,99.3700027,95.7099991,1119600.0,96.0525894
2021-07-07 00:00:00,99.1100006,96.75,99.4599991,96.75,735000.0,97.879631
2021-07-08 00:00:00,96.2699966,97.2900009,97.75,95.5100021,988400.0,95.0748749
2021-07-09 00:00:00,98.4899979,97.7399979,98.7099991,97.2099991,520500.0,97.2673187
2021-07-12 00:00:00,98.5199966,98.0,98.5500031,97.4599991,354300.0,97.2969437
2021-07-13 00:00:00,96.1999969,98.0299988,98.3399963,96.0,561100.0,95.0057449
2021-07-14 00:00:00,96.2699966,96.4700012,96.9199982,95.3899994,485800.0,95.0748749
2021-07-15 00:00:00,96.4800034,95.6399994,97.1999969,95.6100006,419600.0,95.2822723
2021-07-16 00:00:00,95.4100037,96.3399963,96.8899994,95.25,432900.0,94.225563
2021-07-19 00:00:00,94.3899994,93.6200027,94.9400024,93.25,599800.0,93.2182159
2021-07-20 00:00:00,95.9199982,94.4499969,96.3300018,94.0,611200.0,94.7292252
2021-07-21 00:00:00,97.7200012,96.5500031,97.8300018,96.0299988,565800.0,96.5068817
2021-07-22 00:00:00,96.3600006,97.8199997,97.8199997,96.0,488400.0,95.163765
2021-07-23 00:00:00,98.1699982,97.1699982,98.7099991,96.9700012,673500.0,96.9512939
2021-07-26 00:00:00,97.3799973,98.1699982,98.6699982,97.0899963,575300.0,96.1711044
2021-07-27 00:00:00,97.1999969,96.6900024,98.0500031,95.5400009,657100.0,95.9933319
2021-07-28 00:00:00,96.5500031,97.4400024,97.6399994,95.5,1034700.0,95.3514099
2021-07-29 00:00:00,96.8099976,97.8000031,99.5,95.0400009,1049900.0,95.6081696
2021-07-30 00:00:00,97.4700012,96.75,98.25,96.5400009,594300.0,96.2599869
2021-08-02 00:00:00,97.9300003,98.0899963,99.1200027,97.5,895200.0,96.7142715
2021-08-03 00:00:00,100.1900024,98.0800018,100.3000031,97.2200012,806100.0,98.9462128
2021-08-04 00:00:00,99.0699997,99.8600006,100.9899979,98.8300018,1009900.0,97.840126
2021-08-05 00:00:00,99.2699966,99.0699997,100.25,98.8499985,618700.0,98.0376282
2021-08-06 00:00:00,99.7300034,99.9000015,100.4599991,99.2200012,466500.0,98.4919357
2021-08-09 00:00:00,98.1999969,99.1900024,99.3499985,98.1200027,526100.0,96.9809189
2021-08-10 00:00:00,99.4800034,98.0400009,100.0699997,97.7799988,321800.0,98.2450333
2021-08-11 00:00:00,102.4300003,99.8300018,102.4800034,99.3799973,452300.0,101.1584167
2021-08-12 00:00:00,102.3600006,102.6100006,103.5,101.9000015,435500.0,101.0892792
2021-08-13 00:00:00,102.5100021,102.3199997,102.8899994,101.8799973,316400.0,101.2374191
2021-08-16 00:00:00,103.3300018,102.25,103.9800034,101.7399979,527700.0,102.0472412
2021-08-17 00:00:00,99.8000031,102.1699982,102.5800018,98.9300003,957800.0,98.561058
2021-08-18 00:00:00,98.0999985,99.5400009,100.5599976,98.0299988,563200.0,96.8821564
2021-08-19 00:00:00,97.3899994,97.1399994,98.2300034,96.5299988,511400.0,96.1809692
2021-08-20 00:00:00,98.4599991,97.3700027,99.0699997,97.0599976,724200.0,97.2376862
2021-08-23 00:00:00,98.1699982,99.0,99.2799988,97.2799988,442400.0,96.9512939
2021-08-24 00:00:00,99.6800003,98.6399994,100.3199997,98.25,357400.0,98.4425507
2021-08-25 00:00:00,102.2099991,100.3300018,102.5100021,99.6600037,654800.0,100.9411469
2021-08-26 00:00:00,99.9499969,101.7099991,101.8399963,99.7799988,430200.0,98.9609375
2021-08-27 00:00:00,101.7399979,100.2699966,101.9300003,100.0,398900.0,100.7332153
2021-08-30 00:00:00,100.7799988,102.0299988,102.3600006,100.7600021,484400.0,99.7827225
2021-08-31 00:00:00,97.3700027,100.1500015,100.4400024,96.8499985,1222200.0,96.4064636
2021-09-01 00:00:00,98.3799973,97.6500015,98.8799973,96.9199982,744000.0,97.4064636
2021-09-02 00:00:00,99.1100006,98.8300018,99.1900024,98.3399963,383000.0,98.1292496
2021-09-03 00:00:00,98.1399994,98.6200027,98.9100037,97.5199966,572500.0,97.1688538
2021-09-07 00:00:00,96.1699982,97.5699997,97.6699982,96.0100021,611300.0,95.218338
2021-09-08 00:00:00,95.7399979,95.6500015,95.75,94.1999969,1052000.0,94.7925949
2021-09-09 00:00:00,95.8199997,96.0500031,97.2099991,95.3499985,585800.0,94.8718033
2021-09-10 00:00:00,95.6999969,96.1200027,96.5199966,95.2099991,594900.0,94.7529831
2021-09-13 00:00:00,97.3199997,97.4100037,98.9100037,96.8799973,807600.0,96.3569565
2021-09-14 00:00:00,96.1999969,97.5500031,97.5500031,95.6699982,585000.0,95.2480392
2021-09-15 00:00:00,95.6100006,95.9300003,96.3399963,95.1800003,806100.0,94.6638794
2021-09-16 00:00:00,95.1399994,95.5999985,96.0500031,94.5800018,842700.0,94.1985321
2021-09-17 00:00:00,94.75,94.2300034,95.0400009,93.9899979,1678800.0,93.8123932
2021-09-20 00:00:00,93.3099976,92.9499969,93.7099991,91.9100037,1108400.0,92.3866425
2021-09-21 00:00:00,92.3799973,93.7399979,93.8300018,91.6299973,668800.0,91.4658432
2021-09-22 00:00:00,93.2300034,93.2099991,94.7600021,93.0400009,808600.0,92.3074341
2021-09-23 00:00:00,93.2699966,93.7799988,94.5199966,93.2399979,772000.0,92.3470383
2021-09-24 00:00:00,91.9800034,92.9000015,93.0999985,91.9199982,970800.0,91.069809
2021-09-27 00:00:00,93.0500031,91.8899994,93.7300034,91.5800018,876800.0,92.1292114
2021-09-28 00:00:00,90.9100037,92.2900009,93.1600037,90.3000031,1211500.0,90.0103912
2021-09-29 00:00:00,91.7799988,91.4800034,92.5599976,90.9300003,1198100.0,90.871788
2021-09-30 00:00:00,89.4199982,92.1800003,92.6600037,89.3899994,973600.0,88.535141
2021-10-01 00:00:00,89.8899994,89.8199997,90.5,89.1100006,1031100.0,89.0004807
2021-10-04 00:00:00,91.4000015,89.8099976,91.5199966,89.4100037,1230900.0,90.4955444
2021-10-05 00:00:00,92.2099991,91.4400024,92.7099991,91.0199966,1050500.0,91.2975235
2021-10-06 00:00:00,93.8899994,91.3600006,94.3700027,91.3600006,1248500.0,92.9608994
2021-10-07 00:00:00,95.4199982,94.9899979,96.9599991,94.9800034,859800.0,94.4757614
2021-10-08 00:00:00,94.6800003,95.1299973,95.4300003,94.2699966,515900.0,93.7430878
2021-10-11 00:00:00,93.0400009,94.3799973,95.1500015,92.8199997,1188500.0,92.1193237
2021-10-12 00:00:00,92.6900024,93.3000031,94.0999985,92.1399994,1731200.0,91.7727814
2021-10-13 00:00:00,92.0800018,92.9899979,93.2200012,91.8000031,882300.0,91.1688156
2021-10-14 00:00:00,95.1100006,93.0299988,95.6999969,92.7799988,744500.0,94.1688309
2021-10-15 00:00:00,94.75,96.1900024,96.5500031,94.6800003,585100.0,93.8123932
2021-10-18 00:00:00,96.9599991,94.7799988,97.0500031,93.7099991,1172300.0,96.0005264
2021-10-19 00:00:00,96.5899963,97.3799973,97.3799973,96.2799988,589400.0,95.6341782
2021-10-20 00:00:00,98.3199997,96.6500015,98.4300003,96.6500015,673200.0,97.3470688
2021-10-21 00:00:00,95.9899979,97.4599991,98.2900009,94.9000015,1407400.0,95.0401154
2021-10-22 00:00:00,96.2099991,96.0,97.2300034,96.0,706000.0,95.2579422
2021-10-25 00:00:00,97.25,96.1699982,97.9300003,95.6999969,973100.0,96.2876511
2021-10-26 00:00:00,97.5100021,97.4300003,97.9800034,96.6299973,1255900.0,96.5450821
2021-10-27 00:00:00,99.1900024,103.5999985,104.5100021,99.1100006,1836100.0,98.2084579
2021-10-28 00:00:00,102.1500015,99.4499969,102.5,99.2799988,1149200.0,101.1391678
2021-10-29 00:00:00,101.4000015,101.4899979,102.7600021,100.8300018,882300.0,100.3965836
2021-11-01 00:00:00,101.1399994,101.8199997,102.0100021,100.3399963,557300.0,100.1391602
2021-11-02 00:00:00,101.4199982,101.2200012,101.8799973,100.6200027,754200.0,100.4163895
2021-11-03 00:00:00,101.0899963,101.3799973,102.2600021,100.8600006,704200.0,100.089653
2021-11-04 00:00:00,101.6600037,101.0800018,103.0999985,101.0800018,604200.0,100.6540146
2021-11-05 00:00:00,102.3600006,102.4599991,103.6500015,101.8700027,655500.0,101.3470917
2021-11-08 00:00:00,102.6500015,103.6699982,104.3799973,101.7600021,509700.0,101.6342163
2021-11-09 00:00:00,104.6200027,102.5699997,104.6399994,102.5699997,674800.0,103.5847244
2021-11-10 00:00:00,103.1100006,103.9199982,105.2399979,102.8399963,619600.0,102.0896606
2021-11-11 00:00:00,103.1200027,103.4599991,103.8099976,102.5199966,507300.0,102.0995636
2021-11-12 00:00:00,106.5,103.3000031,106.5400009,103.1699982,707700.0,105.4461136
2021-11-15 00:00:00,106.9000015,106.2799988,107.5100021,105.7900009,804400.0,105.8421631
2021-11-16 00:00:00,108.8199997,107.5,109.2300034,107.0100021,812400.0,107.7431564
2021-11-17 00:00:00,108.3000031,108.7099991,108.9800034,107.5500031,380700.0,107.2283096
2021-11-18 00:00:00,107.5899963,108.5800018,109.0999985,107.0999985,644600.0,106.5253296
2021-11-19 00:00:00,107.3499985,107.8199997,108.8499985,107.3099976,830700.0,106.2877045
2021-11-22 00:00:00,106.8799973,107.6399994,109.0,106.8700027,808800.0,105.8223572
2021-11-23 00:00:00,105.9800034,106.8000031,106.8000031,105.0,1431700.0,104.9312744
2021-11-24 00:00:00,105.5999985,105.3300018,105.9800034,104.7099991,712900.0,104.8121567
2021-11-26 00:00:00,102.9300003,103.3600006,104.8799973,102.2300034,528100.0,102.1620789
2021-11-29 00:00:00,102.9599991,103.8700027,103.8700027,102.1699982,593700.0,102.1918564
2021-11-30 00:00:00,100.5299988,102.4400024,102.8899994,100.0,1713800.0,99.7799835
2021-12-01 00:00:00,98.4899979,102.0500031,103.3499985,98.4499969,2467000.0,97.7552032
2021-12-02 00:00:00,102.4899979,99.4100037,102.7900009,99.0,1285400.0,101.7253571
2021-12-03 00:00:00,103.7300034,102.9499969,104.4300003,102.7900009,705000.0,102.9561081
2021-12-06 00:00:00,104.0500031,105.0199966,105.2300034,103.9499969,718200.0,103.2737274
2021-12-07 00:00:00,105.4199982,104.9300003,106.8300018,104.6699982,1166200.0,104.6334991
2021-12-08 00:00:00,107.2600021,105.5999985,107.7600021,105.3300018,1028900.0,106.4597778
2021-12-09 00:00:00,105.9199982,106.7399979,106.9700012,105.5299988,529800.0,105.1297684
2021-12-10 00:00:00,105.6800003,106.6699982,106.6800003,105.0400009,791300.0,104.8915634
2021-12-13 00:00:00,104.4199982,105.3099976,106.0699997,104.0899963,678100.0,103.6409607
2021-12-14 00:00:00,103.7600021,104.1600037,104.9899979,103.4499969,1011600.0,102.9858856
2021-12-15 00:00:00,106.0,104.2900009,106.0599976,103.4599991,998000.0,105.2091751
2021-12-16 00:00:00,104.8899994,106.75,106.9000015,104.5800018,615100.0,104.1074524
2021-12-17 00:00:00,100.7399979,104.3000031,104.3000031,100.6600037,1581700.0,99.9884109
2021-12-20 00:00:00,97.1900024,99.8600006,99.8600006,96.2799988,871300.0,96.4649048
2021-12-21 00:00:00,99.5599976,98.2699966,99.6299973,97.5800018,737500.0,98.8172226
2021-12-22 00:00:00,100.4700012,99.4100037,101.0800018,99.4100037,523100.0,99.7204285
2021-12-23 00:00:00,102.75,100.8199997,103.3199997,100.8199997,792200.0,101.9834137
2021-12-27 00:00:00,104.7600021,103.0500031,104.8700027,102.6399994,724700.0,103.9784241
2021-12-28 00:00:00,105.9100037,104.8199997,106.4800034,104.8199997,564900.0,105.1198502
2021-12-29 00:00:00,106.6299973,105.9499969,107.2399979,105.9499969,646600.0,105.834465
2021-12-30 00:00:00,105.7799988,107.0,107.7799988,105.6200027,341900.0,104.9908142
2021-12-31 00:00:00,106.9000015,105.6999969,107.3099976,105.1100006,292900.0,106.1024628
2022-01-03 00:00:00,104.6699982,107.0,107.1800003,102.9499969,981100.0,103.8890991
2022-01-04 00:00:00,107.3099976,105.2099991,107.6800003,105.1299973,955500.0,106.5093994
2022-01-05 00:00:00,104.1200027,107.6200027,108.4100037,103.8499985,707800.0,103.3432007
2022-01-06 00:00:00,104.8399963,104.8300018,105.0299988,102.5699997,726800.0,104.0578308
2022-01-07 00:00:00,101.3199997,104.5400009,104.6399994,101.0599976,854600.0,100.5640945
2022-01-10 00:00:00,100.3700027,100.0,100.4599991,98.5999985,832700.0,99.6211853
2022-01-11 00:00:00,102.9000015,100.6900024,102.9800034,99.6900024,908700.0,102.1323013
2022-01-12 00:00:00,104.8000031,103.9300003,105.1100006,103.4499969,848300.0,104.0181274
2022-01-13 00:00:00,103.8600006,105.1299973,106.3899994,103.5500031,557400.0,103.085144
2022-01-14 00:00:00,101.4800034,102.1600037,103.3799973,100.5699997,547600.0,100.7229004
2022-01-18 00:00:00,98.3700027,100.4000015,100.6800003,97.8700027,699000.0,97.6361008
2022-01-19 00:00:00,96.9499969,99.0599976,99.4100037,96.8700027,526200.0,96.2266846
2022-01-20 00:00:00,96.5500031,98.1500015,99.8899994,96.2799988,978100.0,95.8296814
2022-01-21 00:00:00,94.4100037,95.7699966,97.5699997,94.3399963,796700.0,93.7056427
2022-01-24 00:00:00,97.8700027,92.6200027,98.1699982,92.3799973,956700.0,97.1398315
2022-01-25 00:00:00,95.1900024,95.7300034,97.2300034,93.8799973,495000.0,94.4798203
2022-01-26 00:00:00,92.1399994,96.1800003,97.3600006,91.3799973,970600.0,91.4525833
2022-01-27 00:00:00,90.6699982,92.9000015,93.9599991,89.3000031,965100.0,89.9935455
2022-01-28 00:00:00,92.5,90.5199966,92.5899963,87.9499969,1325000.0,91.8098984
2022-01-31 00:00:00,94.1699982,92.2099991,94.3399963,91.7900009,777800.0,93.4674301
2022-02-01 00:00:00,93.9400024,94.1800003,95.0,91.7200012,829400.0,93.239151
2022-02-02 00:00:00,94.9599991,94.0999985,95.0800018,92.7200012,1212000.0,94.2515411
2022-02-03 00:00:00,90.9899979,94.0100021,94.0100021,89.6299973,1562000.0,90.3111572
2022-02-04 00:00:00,89.4100037,90.3099976,90.5,87.4300003,1416900.0,88.7429504
2022-02-07 00:00:00,89.25,89.4100037,90.4199982,88.8300018,1124400.0,88.584137
2022-02-08 00:00:00,90.9499969,89.0,91.7399979,88.8000031,1255100.0,90.2714539
2022-02-09 00:00:00,93.2699966,91.8899994,93.5999985,91.8899994,867300.0,92.5741425
2022-02-10 00:00:00,89.6200027,91.3000031,92.9700012,89.2399979,1279700.0,88.9513855
2022-02-11 00:00:00,88.8000031,89.9400024,91.0500031,88.4599991,1218400.0,88.1374969
2022-02-14 00:00:00,89.2399979,89.1399994,90.0199966,88.0400009,1645000.0,88.5742111
2022-02-15 00:00:00,90.4100037,90.6399994,91.3499985,89.8600006,1074900.0,89.7354813
2022-02-16 00:00:00,91.1100006,89.9899979,91.8199997,89.6699982,1396600.0,90.4302597
2022-02-17 00:00:00,89.3700027,90.5899963,91.4700012,89.2900009,914400.0,88.7032471
2022-02-18 00:00:00,88.7900009,89.5699997,90.8300018,88.5599976,1331800.0,88.1275787
2022-02-22 00:00:00,86.2799988,88.2300034,89.0999985,85.8399963,1348000.0,85.6362915
2022-02-23 00:00:00,84.2099991,87.0599976,87.3399963,84.0,1215400.0,83.5817413
2022-02-24 00:00:00,85.0500031,81.5899963,85.0500031,81.2300034,1950900.0,84.6970978
2022-02-25 00:00:00,87.9800034,85.25,88.0599976,84.6900024,1560900.0,87.6149445
2022-02-28 00:00:00,86.9000015,86.6500015,87.5500031,85.6200027,1314400.0,86.5394211
2022-03-01 00:00:00,83.8499985,86.5599976,86.6100006,83.0299988,1517100.0,83.5020752
2022-03-02 00:00:00,86.3199997,84.5400009,86.8199997,83.8499985,1904800.0,85.9618225
2022-03-03 00:00:00,87.0199966,87.7300034,88.2600021,86.5599976,1396200.0,86.6589203
2022-03-04 00:00:00,84.7900009,85.9400024,86.3000031,84.0,1273800.0,84.438179
2022-03-07 00:00:00,81.0100021,84.9499969,84.9899979,80.9700012,1427000.0,80.6738586
2022-03-08 00:00:00,81.3700027,81.25,83.5199966,80.3399963,1512100.0,81.0323715
2022-03-09 00:00:00,84.9700012,83.4800034,86.1299973,83.0599976,1289300.0,84.6174316
2022-03-10 00:00:00,84.2900009,83.2699966,84.5899963,83.1500015,949700.0,83.9402466
2022-03-11 00:00:00,83.8799973,85.3600006,85.6500015,83.7600021,1016100.0,83.5319443
2022-03-14 00:00:00,82.5299988,84.6699982,84.8700027,82.1600037,1024200.0,82.1875534
2022-03-15 00:00:00,84.3199997,83.1999969,84.6100006,82.9400024,1207800.0,83.9701233
2022-03-16 00:00:00,85.5199966,85.1600037,86.7200012,83.2300034,1604200.0,85.1651382
2022-03-17 00:00:00,86.2900009,84.6399994,86.5100021,84.5899963,743900.0,85.9319534
2022-03-18 00:00:00,86.9300003,86.0800018,87.4400024,84.9400024,1564500.0,86.5692978
2022-03-21 00:00:00,83.2300034,84.1200027,85.8099976,82.5899963,1174700.0,82.8846512
2022-03-22 00:00:00,82.7200012,83.8000031,83.9400024,81.9700012,1485200.0,82.3767624
2022-03-23 00:00:00,79.5400009,81.5500031,81.6699982,79.0999985,1728200.0,79.2099609
2022-03-24 00:00:00,77.5699997,79.4000015,79.5599976,77.1800003,2108500.0,77.2481308
2022-03-25 00:00:00,77.5999985,77.7300034,77.9899979,75.6699982,1770200.0,77.2780075
2022-03-28 00:00:00,77.9899979,77.7900009,78.3899994,77.2600021,1314600.0,77.6663895
2022-03-29 00:00:00,80.4499969,79.4899979,81.8899994,79.3300018,1482000.0,80.1161804
2022-03-30 00:00:00,77.7099991,79.8499985,80.3799973,77.3000031,1204400.0,77.3875504
2022-03-31 00:00:00,74.2799988,77.2099991,77.5,74.2600021,2039500.0,73.9717865
2022-04-01 00:00:00,74.9000015,75.3700027,75.8000031,73.5,2738500.0,74.5892105
2022-04-04 00:00:00,75.4100037,74.75,75.7799988,74.0599976,2070100.0,75.0970993
2022-04-05 00:00:00,74.6500015,75.4199982,76.0100021,74.3700027,2234300.0,74.3402481
2022-04-06 00:00:00,72.7900009,73.5899963,73.8499985,72.0199966,2379200.0,72.4879684
2022-04-07 00:00:00,71.9300003,72.5199966,72.8199997,70.8399963,2229800.0,71.6315384
2022-04-08 00:00:00,72.8899994,72.3099976,74.6600037,71.7099991,2214300.0,72.5875549
2022-04-11 00:00:00,71.3499985,70.6500015,72.2699966,70.6500015,2238600.0,71.0539398
2022-04-12 00:00:00,70.3300018,72.1500015,73.6600037,70.0500031,1565600.0,70.0381775
2022-04-13 00:00:00,71.3000031,70.0,71.3099976,70.0,1600400.0,71.0041504
2022-04-14 00:00:00,69.6399994,71.3899994,71.9700012,69.5899963,1287700.0,69.3510361
2022-04-18 00:00:00,68.9599991,69.4800034,70.3499985,68.2699966,1172000.0,68.6738586
2022-04-19 00:00:00,71.7300034,69.1100006,72.2600021,69.1100006,1750900.0,71.4323654
2022-04-20 00:00:00,72.5299988,72.6100006,73.1999969,71.7900009,1100600.0,72.2290421
2022-04-21 00:00:00,72.7099991,73.8600006,74.4599991,72.3199997,1602800.0,72.4082947
2022-04-22 00:00:00,70.5299988,72.2900009,72.2900009,70.4400024,1314800.0,70.2373428
2022-04-25 00:00:00,73.1500015,70.2099991,73.3000031,69.3099976,1731300.0,72.8464737
2022-04-26 00:00:00,72.2600021,72.9800034,74.1500015,71.8799973,1507200.0,71.9601669
2022-04-27 00:00:00,73.2099991,72.5400009,74.1100006,71.4300003,2724700.0,72.9062195
2022-04-28 00:00:00,76.0400009,73.8600006,76.5699997,73.0400009,2342100.0,75.7244797
2022-04-29 00:00:00,71.25,75.6200027,78.9100037,71.0400009,4023500.0,70.9543533
2022-05-02 00:00:00,71.1900024,71.3399963,72.5599976,69.5999985,2609300.0,70.8946075
2022-05-03 00:00:00,73.9400024,71.0299988,74.4599991,71.0299988,2398800.0,73.633194
2022-05-04 00:00:00,77.3300018,73.6699982,77.5500031,72.8000031,1892700.0,77.0091324
2022-05-05 00:00:00,72.9800034,76.2200012,76.3099976,72.2200012,1682300.0,72.6771851
2022-05-06 00:00:00,70.9100037,72.9199982,72.9199982,70.2699966,2159600.0,70.6157684
2022-05-09 00:00:00,71.2200012,70.3600006,72.1699982,69.8600006,1487700.0,70.9244843
2022-05-10 00:00:00,69.3600006,72.6399994,72.6900024,69.0199966,1544900.0,69.072197
2022-05-11 00:00:00,66.5599976,69.3499985,70.25,66.5299988,1506700.0,66.2838135
2022-05-12 00:00:00,68.6699982,66.4100037,69.0299988,66.0100021,1688000.0,68.3850632
2022-05-13 00:00:00,69.6500015,69.1900024,70.7699966,68.8799973,1645100.0,69.3610001
2022-05-16 00:00:00,68.6699982,69.3199997,69.5500031,66.6399994,2153000.0,68.3850632
2022-05-17 00:00:00,70.0599976,70.1299973,70.5100021,68.3600006,1036200.0,69.7692947
2022-05-18 00:00:00,66.2099991,68.5699997,69.0599976,65.6699982,1450300.0,65.9352722
2022-05-19 00:00:00,66.4400024,65.8099976,67.4100037,65.6100006,1371200.0,66.1643143
2022-05-20 00:00:00,66.7699966,67.2399979,67.4899979,64.8499985,1427900.0,66.4929428
2022-05-23 00:00:00,67.5,68.0,68.0999985,66.4100037,1248500.0,67.2199173
2022-05-24 00:00:00,65.7699966,67.1600037,67.3199997,64.4599991,1076300.0,65.4970932
2022-05-25 00:00:00,67.4800034,65.2699966,67.6800003,65.1200027,928000.0,67.2000046
