date,close,open,high,low,volume,adjclose
2012-05-14 00:00:00,39.1599998,39.1100006,39.2799988,39.0099983,3159800.0,27.9524479
2012-05-15 00:00:00,39.5800018,39.1199989,39.6399994,39.0800018,6467700.0,28.2522488
2012-05-16 00:00:00,39.6399994,39.5499992,39.7200012,39.3800011,5436200.0,28.2950668
2012-05-17 00:00:00,39.1899986,39.6899986,39.7000008,39.1899986,3401900.0,27.9738579
2012-05-18 00:00:00,38.9500008,39.3400002,39.3499985,38.7299995,5358900.0,27.8025532
2012-05-21 00:00:00,38.5499992,38.9900017,39.0099983,38.3600006,4189400.0,27.5170269
2012-05-22 00:00:00,38.5800018,38.5499992,38.6399994,38.4199982,3616800.0,27.5384579
2012-05-23 00:00:00,38.5900002,38.5600014,38.6300011,38.2299995,3860000.0,27.5455799
2012-05-24 00:00:00,38.9799995,38.7099991,39.0200005,38.5200005,4071700.0,27.8239689
2012-05-25 00:00:00,39.0800018,38.9399986,39.1300011,38.8899994,3324800.0,27.8953495
2012-05-29 00:00:00,39.0699997,39.1899986,39.2599983,38.9599991,3589200.0,27.8882065
2012-05-30 00:00:00,38.5200005,38.9799995,39.3100014,38.4799995,5433300.0,27.4956207
2012-05-31 00:00:00,38.2799988,38.4399986,38.5299988,38.2400017,4224300.0,27.3243027
2012-06-01 00:00:00,37.9000015,38.0900002,38.2200012,37.8699989,4340200.0,27.0530567
2012-06-04 00:00:00,37.8400002,37.7999992,37.9199982,37.6399994,3676700.0,27.010231
2012-06-05 00:00:00,37.7999992,37.7400017,37.8600006,37.5099983,2889300.0,26.9816818
2012-06-06 00:00:00,37.9300003,37.8499985,37.9900017,37.5999985,6514700.0,27.0744762
2012-06-07 00:00:00,38.0200005,38.1300011,38.3199997,37.9599991,5342900.0,27.1387291
2012-06-08 00:00:00,38.2000008,38.0999985,38.2099991,37.9500008,3776100.0,27.2672005
2012-06-11 00:00:00,37.9099998,38.2799988,38.3800011,37.9000015,4138500.0,27.0601902
2012-06-12 00:00:00,37.9399986,37.9099998,38.0499992,37.8600006,4069500.0,27.0816097
2012-06-13 00:00:00,38.0299988,37.9900017,38.1199989,37.75,4404100.0,27.1458492
2012-06-14 00:00:00,38.0900002,38.1199989,38.2599983,37.9000015,3897400.0,27.1886845
2012-06-15 00:00:00,38.4599991,38.2299995,38.5400009,38.1300011,4066000.0,27.4527912
2012-06-18 00:00:00,38.6500015,38.4300003,38.75,38.3699989,2079400.0,27.5884113
2012-06-19 00:00:00,38.7999992,38.6399994,38.9199982,38.5,3025100.0,27.6954842
2012-06-20 00:00:00,38.7200012,38.7999992,38.9399986,38.6300011,3578200.0,27.6383743
2012-06-21 00:00:00,38.3600006,38.8499985,38.9599991,38.3600006,3797100.0,27.3814125
2012-06-22 00:00:00,38.4399986,38.4799995,38.5800018,38.3199997,2751600.0,27.4385109
2012-06-25 00:00:00,38.4300003,38.3100014,38.5299988,38.2099991,4295500.0,27.4313774
2012-06-26 00:00:00,38.1500015,38.5499992,38.5499992,38.0400009,4103100.0,27.2315044
2012-06-27 00:00:00,37.5499992,37.7599983,37.8699989,36.75,8711700.0,26.8032265
2012-06-28 00:00:00,37.7999992,37.6599998,37.8600006,37.2599983,6332700.0,26.9816818
2012-06-29 00:00:00,38.5400009,38.1899986,38.5400009,37.9700012,5555200.0,27.5098953
2012-07-02 00:00:00,38.9799995,38.4099998,39.0,38.2700005,4636300.0,27.8239689
2012-07-03 00:00:00,39.0200005,39.0,39.1800003,38.7700005,2958800.0,27.85252
2012-07-05 00:00:00,39.0400009,39.0299988,39.2200012,38.8499985,4597500.0,27.8667946
2012-07-06 00:00:00,38.7599983,38.7200012,38.8400002,38.4300003,3832200.0,27.9027939
2012-07-09 00:00:00,38.4599991,38.7999992,38.8199997,38.2900009,4032000.0,27.6868172
2012-07-10 00:00:00,38.6500015,38.5,38.7200012,38.4399986,4979100.0,27.823597
2012-07-11 00:00:00,39.1300011,38.7900009,39.3300018,38.6899986,6225100.0,28.1691494
2012-07-12 00:00:00,38.8199997,38.9199982,39.0900002,38.6899986,4845500.0,27.9459801
2012-07-13 00:00:00,39.0400009,38.9500008,39.0999985,38.8300018,4238500.0,28.1043606
2012-07-16 00:00:00,38.7700005,39.0,39.0900002,38.6800003,3756500.0,27.9099922
2012-07-17 00:00:00,38.8499985,38.9099998,38.9199982,38.5400009,4488100.0,27.9675789
2012-07-18 00:00:00,39.0099983,38.7599983,39.0499992,38.6500015,3186600.0,28.0827541
2012-07-19 00:00:00,38.9799995,39.0099983,39.0600014,38.7400017,3321000.0,28.061161
2012-07-20 00:00:00,38.7799988,38.9199982,38.9199982,38.4000015,5326000.0,27.9171848
2012-07-23 00:00:00,38.2099991,38.6199989,38.6199989,38.0600014,4398500.0,27.5068474
2012-07-24 00:00:00,37.9099998,38.2099991,38.2400017,37.7700005,3491300.0,27.290884
2012-07-25 00:00:00,37.9599991,38.0200005,38.1399994,37.7200012,3321700.0,27.3268814
2012-07-26 00:00:00,38.1899986,38.2400017,38.4000015,38.0699997,3332900.0,27.4924526
2012-07-27 00:00:00,38.5200005,38.2999992,38.6100006,38.2200012,5519600.0,27.7300129
2012-07-30 00:00:00,38.7400017,38.4399986,38.8499985,38.4199982,3037300.0,27.8883934
2012-07-31 00:00:00,38.7000008,38.6899986,38.8300018,38.5900002,3716700.0,27.8595867
2012-08-01 00:00:00,38.4300003,38.7900009,38.9500008,38.0800018,6000200.0,27.6652279
2012-08-02 00:00:00,38.0200005,37.9700012,38.2400017,37.9000015,5202400.0,27.3700752
2012-08-03 00:00:00,38.5200005,38.2999992,38.7700005,38.1599998,4604500.0,27.7300129
2012-08-06 00:00:00,38.4900017,38.5699997,38.8100014,38.4500008,4073400.0,27.7084217
2012-08-07 00:00:00,38.3400002,38.4599991,38.5,38.2299995,3551000.0,27.6004391
2012-08-08 00:00:00,38.4000015,38.4199982,38.6100006,38.3100014,4435700.0,27.6436272
2012-08-09 00:00:00,38.5299988,38.4300003,38.6100006,38.3699989,2810900.0,27.7372169
2012-08-10 00:00:00,38.6300011,38.4900017,38.6699982,38.3100014,2003800.0,27.8091908
2012-08-13 00:00:00,38.5,38.5099983,38.6199989,38.4399986,2421300.0,27.71562
2012-08-14 00:00:00,38.4199982,38.5299988,38.5900002,38.3300018,2844900.0,27.6580257
2012-08-15 00:00:00,38.3499985,38.3300018,38.4700012,38.2099991,3513500.0,27.6076241
2012-08-16 00:00:00,38.4900017,38.3300018,38.5,38.2900009,5074100.0,27.7084217
2012-08-17 00:00:00,38.5,38.4099998,38.5,38.3899994,3537300.0,27.71562
2012-08-20 00:00:00,38.8100014,38.4300003,38.8400002,38.4300003,3641600.0,27.9387836
2012-08-21 00:00:00,38.6300011,38.7999992,38.8199997,38.5699997,3229300.0,27.8091908
2012-08-22 00:00:00,38.4599991,38.5499992,38.6300011,38.3600006,2849000.0,27.6868172
2012-08-23 00:00:00,38.3300018,38.5299988,38.5400009,38.2999992,2501400.0,27.5932426
2012-08-24 00:00:00,39.0400009,38.2900009,39.0900002,38.2900009,5481100.0,28.1043606
2012-08-27 00:00:00,39.4099998,39.0099983,39.5499992,39.0099983,5142400.0,28.3707085
2012-08-28 00:00:00,39.4399986,39.3699989,39.6899986,39.3699989,3655200.0,28.392313
2012-08-29 00:00:00,39.5699997,39.5499992,39.7599983,39.4300003,4648300.0,28.4858913
2012-08-30 00:00:00,39.3400002,39.5299988,39.5900002,39.2299995,2967200.0,28.3203259
2012-08-31 00:00:00,39.3300018,39.4700012,39.4700012,39.1500015,3606100.0,28.3131237
2012-09-04 00:00:00,39.3300018,39.1500015,39.3800011,39.0299988,4182800.0,28.3131237
2012-09-05 00:00:00,38.9900017,39.2999992,39.2999992,38.8600006,3584000.0,28.068367
2012-09-06 00:00:00,39.3199997,39.2200012,39.3499985,39.1100006,4129100.0,28.3059158
2012-09-07 00:00:00,39.2400017,39.3300018,39.4799995,39.1399994,4537200.0,28.2483349
2012-09-10 00:00:00,39.2900009,39.3199997,39.4300003,39.1699982,3080900.0,28.2843304
2012-09-11 00:00:00,39.2900009,39.3600006,39.3899994,39.0800018,4441900.0,28.2843304
2012-09-12 00:00:00,39.2999992,39.3600006,39.5,39.0900002,3605500.0,28.2915192
2012-09-13 00:00:00,39.4599991,39.2999992,39.4900017,38.9300003,4422500.0,28.406702
2012-09-14 00:00:00,38.8899994,39.25,39.25,38.7799988,6385200.0,27.996376
2012-09-17 00:00:00,38.9599991,38.7999992,39.1399994,38.7900009,4793100.0,28.0467663
2012-09-18 00:00:00,39.3100014,38.9599991,39.4000015,38.9599991,7412600.0,28.2987309
2012-09-19 00:00:00,40.0200005,39.5999985,40.2400017,39.4500008,10463700.0,28.8098488
2012-09-20 00:00:00,40.4399986,40.0800018,40.7599983,40.0800018,6822800.0,29.1121998
2012-09-21 00:00:00,40.2999992,40.4500008,40.5200005,40.1699982,6507800.0,29.0114174
2012-09-24 00:00:00,40.2299995,40.2200012,40.3400002,40.0400009,2818700.0,28.9610157
2012-09-25 00:00:00,40.1100006,40.2700005,40.3400002,40.0,4297300.0,28.8746319
2012-09-26 00:00:00,39.9500008,40.0600014,40.2200012,39.9099998,3502700.0,28.7594566
2012-09-27 00:00:00,39.8899994,39.9599991,40.0800018,39.7000008,3067700.0,28.7162647
2012-09-28 00:00:00,39.8499985,39.8199997,39.9000015,39.5400009,3073300.0,28.6874657
2012-10-01 00:00:00,39.9700012,39.7900009,40.1599998,39.7200012,3551000.0,28.7738533
2012-10-02 00:00:00,40.1199989,40.0699997,40.25,39.9500008,3334500.0,28.8818264
2012-10-03 00:00:00,40.1699982,40.1699982,40.2599983,39.9000015,2952800.0,28.9178276
2012-10-04 00:00:00,40.3199997,40.2400017,40.3699989,40.1199989,2794500.0,29.0258026
2012-10-05 00:00:00,40.0499992,40.2000008,40.3100014,39.9900017,3208500.0,29.0693626
2012-10-08 00:00:00,39.8100014,39.8499985,40.0699997,39.6500015,2558000.0,28.8951588
2012-10-09 00:00:00,39.5099983,39.7799988,39.9300003,39.5099983,3090900.0,28.6774216
2012-10-10 00:00:00,39.5800018,39.5999985,39.8499985,39.5600014,2843800.0,28.72822
2012-10-11 00:00:00,39.5,39.7599983,39.8199997,39.5,3947100.0,28.6701584
2012-10-12 00:00:00,39.1899986,39.5999985,39.6300011,39.0699997,3639700.0,28.4451485
2012-10-15 00:00:00,39.2999992,39.2200012,39.4199982,39.1100006,3580700.0,28.5249863
2012-10-16 00:00:00,39.7000008,39.5299988,39.8600006,39.4300003,3121500.0,28.8153172
2012-10-17 00:00:00,40.0699997,39.8800011,40.2099991,39.75,2625000.0,29.0838737
2012-10-18 00:00:00,40.5,40.0800018,40.6199989,39.9300003,4411400.0,29.3959866
2012-10-19 00:00:00,39.9900017,40.5,40.5200005,39.9500008,3724700.0,29.0258179
2012-10-22 00:00:00,39.8199997,39.9000015,39.9599991,39.4500008,2886200.0,28.9024143
2012-10-23 00:00:00,39.4799995,39.5400009,39.6599998,39.3199997,2740200.0,28.6556492
2012-10-24 00:00:00,39.5800018,39.5400009,39.7799988,39.5,3176700.0,28.72822
2012-10-25 00:00:00,39.9099998,39.7799988,39.9099998,39.6500015,3069700.0,28.9677448
2012-10-26 00:00:00,39.8499985,39.9500008,39.9700012,39.6300011,3013500.0,28.9241943
2012-10-31 00:00:00,40.0800018,39.8100014,40.0900002,39.75,5189400.0,29.0911312
2012-11-01 00:00:00,40.1800003,40.1699982,40.2999992,39.8499985,3925700.0,29.1637173
2012-11-02 00:00:00,39.8100014,40.2900009,40.3499985,39.7799988,3431900.0,28.8951588
2012-11-05 00:00:00,39.7700005,39.7000008,39.8699989,39.5099983,4154800.0,28.8661213
2012-11-06 00:00:00,39.7999992,39.8100014,40.0400009,39.7599983,3684300.0,28.8879013
2012-11-07 00:00:00,39.7200012,39.7200012,39.9799995,39.4700012,3876300.0,28.829834
2012-11-08 00:00:00,39.3100014,39.6699982,39.6699982,39.3100014,3512100.0,28.5322552
2012-11-09 00:00:00,39.3699989,39.2299995,39.6599998,39.1500015,2662100.0,28.575798
2012-11-12 00:00:00,39.2000008,39.3800011,39.4099998,39.1399994,2503000.0,28.4524059
2012-11-13 00:00:00,39.3499985,39.1800003,39.5800018,39.1599998,3632800.0,28.5612812
2012-11-14 00:00:00,39.8600006,39.3499985,40.2999992,39.3499985,7973500.0,28.9314556
2012-11-15 00:00:00,39.8699989,39.7900009,40.0,39.75,5461800.0,28.9387112
2012-11-16 00:00:00,39.7900009,39.9099998,39.9700012,39.5499992,4133000.0,28.88064
2012-11-19 00:00:00,40.4599991,39.9399986,40.4599991,39.9199982,4361600.0,29.366951
2012-11-20 00:00:00,40.4199982,40.3100014,40.4900017,40.0999985,3437400.0,29.3379116
2012-11-21 00:00:00,40.4599991,40.4300003,40.4700012,40.2200012,2369900.0,29.366951
2012-11-23 00:00:00,40.7700005,40.5,40.7700005,40.4099998,1329400.0,29.5919514
2012-11-26 00:00:00,40.4500008,40.6500015,40.6899986,40.3400002,2358200.0,29.3596897
2012-11-27 00:00:00,40.6199989,40.5,40.8899994,40.5,2750900.0,29.4830837
2012-11-28 00:00:00,40.6500015,40.5999985,40.7799988,40.4799995,3570800.0,29.5048599
2012-11-29 00:00:00,40.7999992,40.5900002,40.8899994,40.5699997,3349100.0,29.6137371
2012-11-30 00:00:00,40.9900017,40.8199997,40.9900017,40.5999985,4754900.0,29.7516384
2012-12-03 00:00:00,40.4799995,41.0299988,41.0299988,40.4799995,3952600.0,29.3814735
2012-12-04 00:00:00,40.6300011,40.5800018,40.75,40.5099983,3221600.0,29.4903431
2012-12-05 00:00:00,40.9500008,40.6899986,40.9900017,40.6399994,3353400.0,29.7226067
2012-12-06 00:00:00,40.7299995,41.0299988,41.0299988,40.5200005,2947300.0,29.5629272
2012-12-07 00:00:00,40.9399986,40.8300018,40.9500008,40.6599998,3072200.0,29.7153492
2012-12-10 00:00:00,41.0,40.9399986,41.0099983,40.7599983,3099300.0,29.7589035
2012-12-11 00:00:00,41.3899994,41.0499992,41.4900017,40.9799995,4471400.0,30.0419617
2012-12-12 00:00:00,41.2799988,41.4300003,41.4599991,41.1399994,3719900.0,29.9621277
2012-12-13 00:00:00,41.4900017,41.3300018,41.6199989,41.2900009,3731700.0,30.1145458
2012-12-14 00:00:00,41.4500008,41.4000015,41.5200005,41.2999992,3118900.0,30.0855312
2012-12-17 00:00:00,41.7299995,41.5,41.7299995,41.3699989,4312200.0,30.2887516
2012-12-18 00:00:00,41.7700005,41.6399994,41.7700005,41.3600006,5527000.0,30.3177872
2012-12-19 00:00:00,41.2700005,41.7900009,41.8800011,41.1599998,5644900.0,29.9548798
2012-12-20 00:00:00,41.5699997,41.4700012,41.6500015,41.3100014,3531400.0,30.1726189
2012-12-21 00:00:00,41.0999985,41.5200005,41.6500015,40.7599983,5812700.0,29.8314762
2012-12-24 00:00:00,41.0,41.0299988,41.1599998,40.8600006,1139300.0,29.7589035
2012-12-26 00:00:00,40.7000008,40.9799995,41.0699997,40.5800018,2235100.0,29.5411415
2012-12-27 00:00:00,40.5800018,40.7000008,40.7900009,40.3100014,2259700.0,29.4540558
2012-12-28 00:00:00,40.0600014,40.4000015,40.5499992,40.0400009,3316700.0,29.0766182
2012-12-31 00:00:00,40.4199982,39.8499985,40.4599991,39.75,4230900.0,29.3379116
2013-01-02 00:00:00,41.3199997,40.9000015,41.3199997,40.7599983,3998000.0,29.991169
2013-01-03 00:00:00,41.3400002,41.4399986,41.4900017,41.1699982,4064900.0,30.0056839
2013-01-04 00:00:00,41.7700005,41.4399986,41.8699989,41.2900009,4054700.0,30.3177872
2013-01-07 00:00:00,41.5999985,41.5999985,41.75,41.4199982,4724300.0,30.194397
2013-01-08 00:00:00,41.2700005,41.1899986,41.3800011,41.0,4949100.0,30.194397
2013-01-09 00:00:00,41.2299995,41.2700005,41.3699989,41.0400009,2847500.0,30.1651268
2013-01-10 00:00:00,41.5999985,41.2900009,41.5999985,41.1500015,3760400.0,30.4358292
2013-01-11 00:00:00,40.6199989,40.9900017,41.1500015,40.4399986,7339100.0,29.7188301
2013-01-14 00:00:00,40.9300003,40.6899986,41.0800018,40.6500015,3475300.0,29.9456406
2013-01-15 00:00:00,40.8199997,40.8699989,40.9099998,40.7000008,3275200.0,29.86516
2013-01-16 00:00:00,40.8400002,40.8300018,41.0200005,40.7400017,3312400.0,29.8797855
2013-01-17 00:00:00,41.1500015,40.9300003,41.3100014,40.9000015,3050200.0,30.1066036
2013-01-18 00:00:00,41.3699989,41.1899986,41.3699989,41.1100006,2954500.0,30.2675552
2013-01-22 00:00:00,41.4900017,41.3899994,41.5999985,41.3199997,2745300.0,30.3553467
2013-01-23 00:00:00,41.5099983,41.4900017,41.5999985,41.2700005,2192500.0,30.369978
2013-01-24 00:00:00,41.7000008,41.4399986,41.8300018,41.4399986,2632200.0,30.5089893
2013-01-25 00:00:00,41.75,41.8600006,41.8699989,41.6599998,2596900.0,30.5455742
2013-01-28 00:00:00,41.7400017,41.7000008,41.8199997,41.5400009,2625500.0,30.5382595
2013-01-29 00:00:00,41.9700012,41.6599998,42.0099983,41.5999985,2555000.0,30.7065334
2013-01-30 00:00:00,42.0400009,41.9599991,42.1800003,41.8499985,3014000.0,30.7577324
2013-01-31 00:00:00,41.9399986,42.0400009,42.2400017,41.9399986,3714700.0,30.6845894
2013-02-01 00:00:00,42.1300011,42.3100014,42.4500008,42.0299988,2771400.0,30.823595
2013-02-04 00:00:00,41.75,41.9700012,42.1199989,41.7200012,2818000.0,30.5455742
2013-02-05 00:00:00,42.1300011,41.9399986,42.3300018,41.9099998,3319700.0,30.823595
2013-02-06 00:00:00,42.3600006,42.0,42.3600006,41.9599991,3520700.0,30.9918633
2013-02-07 00:00:00,42.4700012,42.3100014,42.6100006,42.2700005,2790500.0,31.0723495
2013-02-08 00:00:00,42.5999985,42.4500008,42.6599998,42.4099998,2092000.0,31.1674538
2013-02-11 00:00:00,42.6699982,42.5900002,42.6699982,42.5,2359600.0,31.2186584
2013-02-12 00:00:00,42.9700012,42.6100006,42.9900017,42.5999985,3851700.0,31.4381638
2013-02-13 00:00:00,42.9799995,42.9799995,43.0900002,42.8499985,3084900.0,31.4454842
2013-02-14 00:00:00,44.3100014,43.2000008,44.5200005,43.0200005,11824000.0,32.4185638
2013-02-15 00:00:00,44.5900002,44.5900002,44.6199989,44.1399994,6661400.0,32.6233978
2013-02-19 00:00:00,45.4300003,44.6699982,45.4399986,44.5,6384900.0,33.2379684
2013-02-20 00:00:00,45.4700012,45.3899994,45.7299995,45.1399994,5389200.0,33.2672424
2013-02-21 00:00:00,45.3300018,45.3899994,45.4500008,45.1800003,3933800.0,33.164814
2013-02-22 00:00:00,45.6699982,45.3300018,45.6699982,45.2599983,3040900.0,33.4135666
2013-02-25 00:00:00,45.4199982,45.7400017,46.0099983,45.4199982,4307400.0,33.2306671
2013-02-26 00:00:00,46.0099983,45.5699997,46.0299988,45.4700012,5022800.0,33.662323
2013-02-27 00:00:00,46.2799988,46.0,46.3699989,45.8199997,2607700.0,33.8598518
2013-02-28 00:00:00,46.25,46.2799988,46.4700012,46.0999985,3379400.0,33.8379097
2013-03-01 00:00:00,46.3899994,46.2200012,46.5299988,45.8100014,5480000.0,33.9403305
2013-03-04 00:00:00,46.4500008,46.3600006,46.4900017,46.2400017,4240500.0,33.9842339
2013-03-05 00:00:00,46.4900017,46.5,46.6899986,46.3899994,4314000.0,34.013504
2013-03-06 00:00:00,46.4300003,46.5499992,46.7200012,46.3800011,3459200.0,33.9696083
2013-03-07 00:00:00,46.4599991,46.4500008,46.6899986,46.4000015,3282000.0,33.9915581
2013-03-08 00:00:00,46.3300018,46.5200005,46.6199989,46.2999992,3265300.0,33.8964348
2013-03-11 00:00:00,45.7000008,46.0600014,46.2000008,45.5600014,6328800.0,33.4355202
2013-03-12 00:00:00,46.2700005,45.5600014,46.3499985,45.5099983,4696000.0,33.8525467
2013-03-13 00:00:00,46.4799995,46.3199997,46.5,46.1699982,3630000.0,34.0061874
2013-03-14 00:00:00,46.4199982,46.4900017,46.5299988,46.2000008,3569700.0,33.9622841
2013-03-15 00:00:00,46.2400017,46.2099991,46.4000015,46.0200005,5181400.0,33.8306046
2013-03-18 00:00:00,46.3300018,45.9799995,46.4599991,45.9300003,3547000.0,33.8964348
2013-03-19 00:00:00,46.4199982,46.3800011,46.5,46.1699982,4179600.0,33.9622841
2013-03-20 00:00:00,47.6100006,46.5699997,48.0200005,46.4099998,9057800.0,34.8329277
2013-03-21 00:00:00,47.8600006,47.5499992,48.3100014,47.2999992,7078500.0,35.0158424
2013-03-22 00:00:00,48.1500015,47.9399986,48.2900009,47.9000015,3324800.0,35.2280197
2013-03-25 00:00:00,48.0800018,48.1699982,48.6399994,47.8499985,3381800.0,35.1767998
2013-03-26 00:00:00,48.6300011,48.1899986,48.6300011,48.0900002,3557300.0,35.5792007
2013-03-27 00:00:00,48.7900009,48.5800018,48.9500008,48.5499992,3858500.0,35.6962585
2013-03-28 00:00:00,49.3100014,48.9700012,49.3699989,48.8199997,4746600.0,36.0766983
2013-04-01 00:00:00,48.6800003,48.25,48.9799995,48.2099991,4340200.0,35.6157608
2013-04-02 00:00:00,48.8100014,48.8100014,49.1399994,48.6800003,3659600.0,35.7108879
2013-04-03 00:00:00,48.2700005,48.7999992,48.7999992,48.1300011,4437000.0,35.3157959
2013-04-04 00:00:00,49.0200005,48.3499985,49.0499992,48.3499985,5303300.0,35.8645287
2013-04-05 00:00:00,48.7400017,48.75,48.8499985,48.4099998,3624400.0,35.659668
2013-04-08 00:00:00,48.7000008,48.3400002,48.7000008,48.2000008,3088600.0,35.8732948
2013-04-09 00:00:00,48.6899986,48.7900009,48.9500008,48.3400002,2939000.0,35.865921
2013-04-10 00:00:00,49.0299988,48.8100014,49.1699982,48.6899986,3526200.0,36.116375
2013-04-11 00:00:00,49.25,49.2000008,49.5800018,49.0499992,3174100.0,36.2784309
2013-04-12 00:00:00,49.3499985,49.1599998,49.4099998,48.9500008,2314700.0,36.3520813
2013-04-15 00:00:00,49.0600014,49.1699982,49.4799995,48.9700012,4136300.0,36.1384697
2013-04-16 00:00:00,49.8600006,49.2599983,49.8800011,49.0600014,3186000.0,36.7277641
2013-04-17 00:00:00,49.5400009,49.7400017,49.8499985,49.4199982,3421200.0,36.4920502
2013-04-18 00:00:00,49.8600006,49.6100006,49.9099998,49.5200005,3724600.0,36.7277641
2013-04-19 00:00:00,50.3400002,49.9700012,50.5200005,49.9000015,4231600.0,37.081337
2013-04-22 00:00:00,50.4500008,50.3300018,50.5299988,50.1399994,1877200.0,37.1623688
2013-04-23 00:00:00,50.6800003,50.5299988,50.9000015,50.2000008,3335800.0,37.3317871
2013-04-24 00:00:00,49.3400002,50.6800003,50.7799988,49.3100014,5661900.0,36.3447227
2013-04-25 00:00:00,49.3899994,49.4199982,49.6800003,49.2200012,3900700.0,36.3815613
2013-04-26 00:00:00,49.6800003,49.4199982,49.8199997,49.3899994,2366500.0,36.5951691
2013-04-29 00:00:00,50.2099991,49.7000008,50.2999992,49.7000008,2821800.0,36.9855843
2013-04-30 00:00:00,50.4199982,50.0999985,50.4199982,49.8800011,2827100.0,37.1402855
2013-05-01 00:00:00,50.4000015,50.4500008,50.75,50.3400002,3348400.0,37.1255531
2013-05-02 00:00:00,50.4500008,50.3499985,50.5900002,50.1699982,2626300.0,37.1623688
2013-05-03 00:00:00,50.7200012,50.6899986,50.8699989,50.4300003,2733100.0,37.3612518
2013-05-06 00:00:00,49.5900002,50.5499992,50.6100006,49.5200005,4080400.0,36.5288887
2013-05-07 00:00:00,50.7599983,49.7299995,50.7599983,49.6399994,4117400.0,37.3907318
2013-05-08 00:00:00,49.9399986,50.7299995,50.8400002,49.7400017,4217300.0,36.7866974
2013-05-09 00:00:00,49.6300011,50.0299988,50.1300011,49.5,3073300.0,36.5583534
2013-05-10 00:00:00,49.9099998,49.6800003,49.9799995,49.5800018,2728300.0,36.764595
2013-05-13 00:00:00,50.0900002,49.8699989,50.2999992,49.4300003,3009000.0,36.8971825
2013-05-14 00:00:00,50.6300011,50.1399994,50.7099991,50.1100006,3625000.0,37.2949677
2013-05-15 00:00:00,50.9300003,50.5200005,50.9700012,50.1599998,2849500.0,37.5159454
2013-05-16 00:00:00,50.4700012,50.8699989,50.9700012,50.4500008,2616800.0,37.1771088
2013-05-17 00:00:00,50.3600006,50.4099998,50.5299988,49.8600006,3260500.0,37.0960693
2013-05-20 00:00:00,49.1300011,50.4199982,50.6399994,49.0900002,5327000.0,36.1900406
2013-05-21 00:00:00,49.3600006,49.1300011,49.5200005,48.8699989,4614300.0,36.3594589
2013-05-22 00:00:00,49.0299988,49.2999992,49.7900009,48.8899994,4708200.0,36.116375
2013-05-23 00:00:00,48.8499985,48.7999992,48.9700012,48.2400017,3959800.0,35.9837799
2013-05-24 00:00:00,48.9799995,48.75,48.9799995,48.3699989,2725000.0,36.0795441
2013-05-28 00:00:00,49.1100006,49.4399986,49.4900017,48.8699989,2902500.0,36.175312
2013-05-29 00:00:00,48.1800003,48.7799988,49.1500015,47.8400002,4187800.0,35.4902458
2013-05-30 00:00:00,47.8400002,47.9300003,48.2799988,47.6199989,3755400.0,35.2398071
2013-05-31 00:00:00,47.0800018,47.6199989,47.8100014,47.0800018,6859300.0,34.679966
2013-06-03 00:00:00,47.5,47.1399994,47.5,46.1800003,6212600.0,34.9893532
2013-06-04 00:00:00,47.8699989,47.5299988,48.0499992,47.3899994,3966400.0,35.2618904
2013-06-05 00:00:00,47.1899986,47.7799988,47.7900009,47.1699982,3180400.0,34.7609978
2013-06-06 00:00:00,47.4000015,47.2599983,47.4799995,47.0499992,3970200.0,34.9156876
2013-06-07 00:00:00,48.0800018,47.6399994,48.1300011,47.5099983,3431900.0,35.4165916
2013-06-10 00:00:00,48.2000008,48.1100006,48.2000008,47.7200012,2954600.0,35.5049782
2013-06-11 00:00:00,48.3300018,48.1100006,48.7299995,47.7900009,3647300.0,35.6007462
2013-06-12 00:00:00,48.4599991,49.3199997,49.3199997,48.4399986,3372200.0,35.6965065
2013-06-13 00:00:00,49.0200005,48.4500008,49.0699997,48.0999985,2969800.0,36.1090126
2013-06-14 00:00:00,49.2900009,49.0,49.5299988,48.9399986,3097800.0,36.3078995
2013-06-17 00:00:00,49.7999992,49.5200005,49.9700012,49.3699989,3137000.0,36.6835747
2013-06-18 00:00:00,49.9099998,49.8400002,49.9900017,49.4300003,2256100.0,36.764595
2013-06-19 00:00:00,49.1800003,49.7000008,50.0200005,49.1100006,3676400.0,36.2268677
2013-06-20 00:00:00,48.2099991,48.8600006,49.1199989,48.1500015,4301000.0,35.512352
2013-06-21 00:00:00,48.6399994,48.5800018,48.8400002,48.3499985,4961100.0,35.8290977
2013-06-24 00:00:00,48.3199997,48.3499985,48.8199997,48.1199989,4339000.0,35.5933685
2013-06-25 00:00:00,48.3300018,48.7200012,49.0200005,48.1800003,3466600.0,35.6007462
2013-06-26 00:00:00,48.0999985,48.0699997,48.25,47.5600014,5121000.0,35.4313087
2013-06-27 00:00:00,48.3400002,48.3899994,48.75,48.2900009,4370600.0,35.6081047
2013-06-28 00:00:00,48.5299988,48.3600006,48.8400002,48.2299995,5136500.0,35.7480621
2013-07-01 00:00:00,48.7900009,48.5400009,49.1300011,48.5299988,2996800.0,35.9395905
2013-07-02 00:00:00,49.1699982,48.7799988,49.3100014,48.6599998,3222800.0,36.2194977
2013-07-03 00:00:00,48.9500008,49.1199989,49.2099991,48.7799988,2144900.0,36.0574417
2013-07-05 00:00:00,49.0299988,49.0299988,49.2700005,48.6199989,2432800.0,36.116375
2013-07-08 00:00:00,49.2999992,48.9799995,49.5200005,48.7900009,3989300.0,36.5989189
2013-07-09 00:00:00,49.5299988,49.5099983,49.7299995,49.3899994,3030200.0,36.7696609
2013-07-10 00:00:00,49.9099998,49.5800018,50.0,49.5099983,3447900.0,37.0517654
2013-07-11 00:00:00,51.0299988,50.4300003,51.1300011,50.4300003,3838000.0,37.8832169
2013-07-12 00:00:00,51.0900002,50.9900017,51.4000015,50.6599998,3587300.0,37.9277687
2013-07-15 00:00:00,51.2200012,51.1500015,51.5800018,51.0900002,2628000.0,38.0242653
2013-07-16 00:00:00,51.1500015,51.1399994,51.2900009,50.7999992,2230500.0,37.9723091
2013-07-17 00:00:00,51.1399994,51.3100014,51.4099998,51.0299988,2115400.0,37.9648819
2013-07-18 00:00:00,51.2599983,51.1500015,51.4900017,51.1500015,2000100.0,38.0539551
2013-07-19 00:00:00,51.6800003,51.4599991,51.7999992,51.2999992,2337600.0,38.3657532
2013-07-22 00:00:00,51.5299988,51.7299995,51.8300018,51.4300003,1791000.0,38.2544022
2013-07-23 00:00:00,51.4599991,51.5400009,51.6699982,51.25,2441600.0,38.202446
2013-07-24 00:00:00,51.0600014,51.5800018,51.5900002,50.7400017,3102100.0,37.9054871
2013-07-25 00:00:00,51.4300003,51.0400009,51.5,50.8100014,1755900.0,38.1801682
2013-07-26 00:00:00,51.5099983,51.3100014,51.5299988,50.8899994,2033900.0,38.2395515
2013-07-29 00:00:00,51.8300018,51.5200005,51.9799995,51.4000015,2163300.0,38.4771156
2013-07-30 00:00:00,51.8899994,51.8499985,52.3800011,51.8100014,2771500.0,38.5216637
2013-07-31 00:00:00,52.0,52.1300011,52.2799988,51.8300018,3307200.0,38.6033173
2013-08-01 00:00:00,52.7299995,53.0299988,53.0699997,52.4500008,4468900.0,39.1452522
2013-08-02 00:00:00,52.3499985,52.6599998,52.6599998,51.9599991,3806100.0,38.8631401
2013-08-05 00:00:00,52.5699997,52.3400002,52.6899986,52.0,2290700.0,39.026474
2013-08-06 00:00:00,52.6100006,52.5600014,52.7799988,52.3499985,2074600.0,39.0561485
2013-08-07 00:00:00,52.4399986,52.5499992,52.6599998,52.1699982,1976100.0,38.9299507
2013-08-08 00:00:00,52.6699982,52.6899986,52.8499985,52.4000015,1772900.0,39.1007042
2013-08-09 00:00:00,52.4199982,52.6699982,52.7000008,52.2799988,1777000.0,38.9151115
2013-08-12 00:00:00,52.4900017,52.3100014,52.6100006,52.1199989,1879100.0,38.9670753
2013-08-13 00:00:00,52.4199982,52.5,52.7700005,52.3699989,2216600.0,38.9151115
2013-08-14 00:00:00,52.0499992,52.3699989,52.5,52.0200005,2870100.0,38.6404343
2013-08-15 00:00:00,50.5499992,51.4599991,51.5600014,50.1300011,5434800.0,37.5268784
2013-08-16 00:00:00,49.3800011,50.0200005,50.0999985,49.1300011,5824000.0,36.6582985
2013-08-19 00:00:00,49.5,49.2799988,49.6599998,49.2799988,2878000.0,36.7473907
2013-08-20 00:00:00,49.4000015,49.5400009,49.7400017,49.4000015,3211300.0,36.6731529
2013-08-21 00:00:00,49.0699997,49.4399986,49.5800018,49.0200005,3340600.0,36.4281693
2013-08-22 00:00:00,49.2999992,49.1100006,49.5400009,48.8699989,2349000.0,36.5989189
2013-08-23 00:00:00,49.8199997,49.4500008,49.9300003,49.3499985,2293100.0,36.9849472
2013-08-26 00:00:00,49.3800011,49.8600006,49.9500008,49.3800011,3278000.0,36.6582985
2013-08-27 00:00:00,49.1399994,49.0900002,49.4900017,49.0,3593000.0,36.4801445
2013-08-28 00:00:00,48.7400017,49.0200005,49.1899986,48.7299995,2936700.0,36.1831856
2013-08-29 00:00:00,49.2099991,48.6899986,49.4399986,48.25,3515400.0,36.5321007
2013-08-30 00:00:00,49.3199997,49.2400017,49.3699989,48.9500008,3064300.0,36.6137733
2013-09-03 00:00:00,49.1899986,49.6699982,49.7999992,48.8100014,3163800.0,36.5172539
2013-09-04 00:00:00,49.0999985,49.0800018,49.2900009,48.8499985,3007600.0,36.4504433
2013-09-05 00:00:00,49.0999985,49.1399994,49.1399994,48.6800003,3636300.0,36.4504433
2013-09-06 00:00:00,49.1899986,49.25,49.5,48.8499985,2652600.0,36.5172539
2013-09-09 00:00:00,49.0600014,49.1500015,49.4300003,48.9900017,3423700.0,36.4207458
2013-09-10 00:00:00,48.7099991,49.3199997,49.4799995,48.5999985,5745700.0,36.1609116
2013-09-11 00:00:00,48.7999992,48.6500015,48.9599991,48.4399986,6864400.0,36.227726
2013-09-12 00:00:00,48.8800011,48.8199997,48.9399986,48.5999985,9576800.0,36.2871208
2013-09-13 00:00:00,49.25,49.0,49.25,48.9099998,2717700.0,36.5617943
2013-09-16 00:00:00,49.7299995,49.7400017,50.0699997,49.6599998,3230800.0,36.9181328
2013-09-17 00:00:00,49.7799988,49.7000008,50.0699997,49.7000008,2772400.0,36.9552498
2013-09-18 00:00:00,50.1500015,50.0,50.3600006,49.0999985,5001500.0,37.2299309
2013-09-19 00:00:00,48.8300018,49.7700005,49.7700005,48.4199982,5492400.0,36.2500076
2013-09-20 00:00:00,48.6599998,48.8199997,48.8300018,48.4500008,5411900.0,36.1237984
2013-09-23 00:00:00,48.6399994,48.6800003,48.7299995,48.3300018,2881600.0,36.1089554
2013-09-24 00:00:00,48.8499985,48.8300018,49.0999985,48.5,3374800.0,36.264843
2013-09-25 00:00:00,48.3800011,48.75,48.8699989,48.3800011,3272200.0,35.9159355
2013-09-26 00:00:00,48.5200005,48.4799995,48.6399994,48.2999992,1728900.0,36.0198593
2013-09-27 00:00:00,48.0800018,48.2999992,48.4000015,47.9900017,2842600.0,35.6932259
2013-09-30 00:00:00,47.9199982,47.7700005,47.9300003,47.5,3262800.0,35.5744324
2013-10-01 00:00:00,47.9799995,47.7299995,48.0,47.5499992,3161000.0,35.6189919
2013-10-02 00:00:00,48.0099983,47.9099998,48.0099983,47.4000015,3764900.0,35.6412544
2013-10-03 00:00:00,47.6300011,47.9500008,47.9900017,47.3600006,3210800.0,35.3591614
2013-10-04 00:00:00,47.9500008,47.6300011,48.0,47.5200005,2423800.0,35.5967064
2013-10-07 00:00:00,47.9900017,47.9099998,48.2400017,47.6599998,3374200.0,35.6264153
2013-10-08 00:00:00,47.4099998,47.8499985,47.8499985,47.3600006,4241400.0,35.4767494
2013-10-09 00:00:00,47.6800003,47.5400009,47.9700012,47.3100014,3358900.0,35.678791
2013-10-10 00:00:00,48.4500008,47.9900017,48.4500008,47.9599991,3408600.0,36.254982
2013-10-11 00:00:00,48.3499985,48.4000015,48.4799995,48.1599998,1960000.0,36.1801453
2013-10-14 00:00:00,48.3400002,48.2000008,48.4599991,47.8899994,2036600.0,36.1726646
2013-10-15 00:00:00,47.9099998,48.25,48.4000015,47.8600006,1936900.0,35.8508987
2013-10-16 00:00:00,48.7700005,48.2099991,48.7999992,48.1699982,2941400.0,36.4944305
2013-10-17 00:00:00,48.9700012,48.6399994,49.0699997,48.6300011,2789500.0,36.6440887
2013-10-18 00:00:00,49.1899986,49.1599998,49.3100014,49.0400009,2339800.0,36.8087158
2013-10-21 00:00:00,48.9700012,48.7999992,49.0400009,48.4599991,3986100.0,36.6440887
2013-10-22 00:00:00,49.6500015,49.0499992,49.8199997,49.0099983,2451100.0,37.1529427
2013-10-23 00:00:00,50.0200005,49.4500008,50.2299995,49.4500008,2751200.0,37.4298019
2013-10-24 00:00:00,49.9099998,49.9700012,50.1100006,49.7099991,1649400.0,37.3474922
2013-10-25 00:00:00,50.0600014,49.9000015,50.0699997,49.7099991,1360800.0,37.4597473
2013-10-28 00:00:00,50.7000008,50.0099983,50.9799995,50.0099983,3460300.0,37.9386444
2013-10-29 00:00:00,51.0600014,50.7700005,51.1199989,50.7200012,1886500.0,38.2080345
2013-10-30 00:00:00,50.6399994,51.1100006,51.1100006,50.4900017,2060900.0,37.8937378
2013-10-31 00:00:00,50.4199982,50.6500015,50.7999992,50.3600006,2620900.0,37.7291145
2013-11-01 00:00:00,50.3199997,50.5499992,50.75,50.1100006,3600600.0,37.6542892
2013-11-04 00:00:00,50.4599991,50.5,50.75,50.2400017,1976200.0,37.7590637
2013-11-05 00:00:00,50.7000008,50.2400017,50.7700005,50.0900002,2347400.0,37.9386444
2013-11-06 00:00:00,51.1500015,50.9700012,51.25,50.6699982,1727200.0,38.2753868
2013-11-07 00:00:00,50.4000015,51.0499992,51.2400017,50.2999992,2694000.0,37.7141609
2013-11-08 00:00:00,50.5400009,50.2000008,50.5400009,49.6500015,2618000.0,37.8189163
2013-11-11 00:00:00,50.4500008,50.5999985,50.8199997,50.2799988,1642500.0,37.751564
2013-11-12 00:00:00,50.4599991,50.4399986,50.4799995,50.0999985,1974200.0,37.7590637
2013-11-13 00:00:00,50.8800011,50.2700005,50.8899994,50.0900002,2484600.0,38.0733414
2013-11-14 00:00:00,51.5299988,50.9700012,51.5699997,50.8800011,2125100.0,38.5597343
2013-11-15 00:00:00,51.3100014,51.5200005,51.6599998,50.9000015,2338000.0,38.3951035
2013-11-18 00:00:00,50.9500008,51.25,51.3199997,50.5200005,3182100.0,38.1257248
2013-11-19 00:00:00,50.3800011,50.5400009,50.5800018,49.9500008,4195400.0,37.6991959
2013-11-20 00:00:00,49.2400017,50.4599991,50.4599991,49.2000008,5515700.0,36.8461456
2013-11-21 00:00:00,49.4199982,49.3400002,49.6899986,49.2299995,2737700.0,36.9808235
2013-11-22 00:00:00,50.1199989,49.4500008,50.2200012,49.3100014,3025500.0,37.5046349
2013-11-25 00:00:00,49.8800011,50.2599983,50.4099998,49.8199997,2222500.0,37.3250313
2013-11-26 00:00:00,50.4799995,50.0600014,50.6800003,50.0400009,4162900.0,37.7740211
2013-11-27 00:00:00,50.5299988,50.4900017,50.6100006,50.3800011,1663000.0,37.8114281
2013-11-29 00:00:00,50.4300003,50.5099983,50.9199982,50.3499985,1216100.0,37.736599
2013-12-02 00:00:00,50.2599983,50.2200012,50.4300003,49.9399986,1996400.0,37.6093979
2013-12-03 00:00:00,50.5999985,50.2000008,50.5999985,50.0,2226600.0,37.8638229
2013-12-04 00:00:00,50.7099991,50.3100014,50.9399986,50.1899986,2143100.0,37.9461288
2013-12-05 00:00:00,50.2599983,50.4900017,50.6699982,50.1800003,2578400.0,37.6093979
2013-12-06 00:00:00,51.5,50.6300011,51.5099983,50.5900002,3245200.0,38.5372925
2013-12-09 00:00:00,51.4399986,51.5499992,51.9599991,51.25,2958200.0,38.4923859
2013-12-10 00:00:00,50.7299995,51.2700005,51.2999992,50.4500008,2762200.0,37.9610939
2013-12-11 00:00:00,50.5900002,50.7900009,50.9300003,50.3499985,3494100.0,37.8563347
2013-12-12 00:00:00,49.5699997,50.4500008,50.4599991,49.5,4073200.0,37.093071
2013-12-13 00:00:00,49.6399994,49.5900002,49.9099998,49.3699989,2781900.0,37.1454544
2013-12-16 00:00:00,49.9099998,49.7799988,50.1199989,49.5999985,3360200.0,37.3474922
2013-12-17 00:00:00,49.5800018,49.8499985,50.1300011,49.3499985,3729000.0,37.1005592
2013-12-18 00:00:00,49.7299995,48.8499985,49.75,48.2400017,7334500.0,37.2127953
2013-12-19 00:00:00,49.3600006,50.2799988,50.2799988,48.5299988,5780700.0,36.9359283
2013-12-20 00:00:00,49.2999992,49.3199997,49.5600014,49.0699997,5604800.0,36.8910294
2013-12-23 00:00:00,49.1599998,49.2999992,49.4500008,48.6800003,3259100.0,36.7862663
2013-12-24 00:00:00,49.2799988,49.2299995,49.5,49.1599998,1114600.0,36.8760567
2013-12-26 00:00:00,49.7000008,49.4500008,49.7400017,49.3300018,2162900.0,37.1903572
2013-12-27 00:00:00,49.8400002,49.8100014,50.1100006,49.6300011,1805500.0,37.2951088
2013-12-30 00:00:00,49.9599991,49.9000015,50.0,49.6899986,2052100.0,37.384903
2013-12-31 00:00:00,49.9099998,49.9300003,50.0099983,49.6300011,1928800.0,37.3474922
2014-01-02 00:00:00,49.4000015,49.5999985,49.6800003,49.2700005,2205500.0,36.9658661
2014-01-03 00:00:00,49.2599983,49.4099998,49.5600014,49.0999985,2309700.0,36.8610878
2014-01-06 00:00:00,49.3400002,49.3800011,49.5999985,49.0800018,3260200.0,36.9209671
2014-01-07 00:00:00,49.8499985,49.6399994,49.9399986,49.2599983,4606800.0,37.3025932
2014-01-08 00:00:00,48.5699997,49.3400002,49.4199982,48.4000015,5747800.0,36.6239548
2014-01-09 00:00:00,49.0,48.6399994,49.0699997,48.5999985,4565600.0,36.9481964
2014-01-10 00:00:00,49.2900009,49.1699982,49.3100014,49.0400009,2797700.0,37.1668625
2014-01-13 00:00:00,48.8100014,49.1300011,49.4700012,48.7299995,2674600.0,36.804924
2014-01-14 00:00:00,48.7999992,48.2700005,49.0200005,48.25,4311800.0,36.7973785
2014-01-15 00:00:00,48.4000015,48.9300003,48.9500008,48.3499985,3929400.0,36.4957619
2014-01-16 00:00:00,48.5200005,48.2999992,48.7299995,48.2599983,3255100.0,36.5862541
2014-01-17 00:00:00,48.2799988,48.4399986,48.5999985,48.2200012,3790700.0,36.4052849
2014-01-21 00:00:00,48.5400009,48.5499992,48.7999992,48.2900009,3473800.0,36.6013298
2014-01-22 00:00:00,48.7700005,48.5400009,48.9799995,48.5,2986500.0,36.7747612
2014-01-23 00:00:00,48.7099991,48.5,48.8300018,48.2099991,3504100.0,36.7295113
2014-01-24 00:00:00,48.2799988,48.4500008,49.1100006,48.2799988,4033200.0,36.4052849
2014-01-27 00:00:00,48.5299988,48.3400002,48.7900009,48.2799988,3413400.0,36.5937881
2014-01-28 00:00:00,48.9599991,48.5299988,49.1300011,48.5,3129000.0,36.9180412
2014-01-29 00:00:00,47.9399986,48.6699982,48.7099991,47.8499985,5125700.0,36.1489067
2014-01-30 00:00:00,48.5699997,48.0699997,48.6599998,47.9399986,3290600.0,36.6239548
2014-01-31 00:00:00,48.0200005,48.0200005,48.3699989,47.7200012,3734200.0,36.2092285
2014-02-03 00:00:00,46.8600006,48.0699997,48.0699997,46.8300018,4716800.0,35.3345451
2014-02-04 00:00:00,47.0900002,46.9900017,47.2900009,46.9000015,2649200.0,35.5079651
2014-02-05 00:00:00,47.3600006,46.8899994,47.4599991,46.7000008,3004400.0,35.7115555
2014-02-06 00:00:00,47.6599998,47.4900017,47.75,47.3100014,3025100.0,35.9377785
2014-02-07 00:00:00,48.0499992,47.7400017,48.1300011,47.6699982,2376800.0,36.2318459
2014-02-10 00:00:00,48.3100014,47.9599991,48.3499985,47.8400002,1863000.0,36.4278984
2014-02-11 00:00:00,48.9300003,48.1300011,49.0,47.9000015,3307000.0,36.8954124
2014-02-12 00:00:00,48.5299988,48.7999992,49.1100006,48.4700012,2918400.0,36.5937881
2014-02-13 00:00:00,49.1899986,48.2700005,49.2700005,48.2599983,2607400.0,37.0914612
2014-02-14 00:00:00,49.8899994,49.1399994,49.9500008,49.0800018,3774600.0,37.6192932
2014-02-18 00:00:00,49.6800003,49.9399986,49.9399986,49.3600006,2825900.0,37.4609375
2014-02-19 00:00:00,49.2700005,49.4700012,49.6500015,49.1800003,2131600.0,37.1517754
2014-02-20 00:00:00,49.7799988,49.2700005,49.9399986,49.2099991,2436000.0,37.5363579
2014-02-21 00:00:00,49.5099983,49.8899994,50.0900002,49.4900017,2937200.0,37.3327484
2014-02-24 00:00:00,49.8499985,49.7299995,50.0600014,49.6199989,2828300.0,37.5891342
2014-02-25 00:00:00,50.0499992,49.9300003,50.2700005,49.8100014,2760400.0,37.739933
2014-02-26 00:00:00,49.6599998,50.0900002,50.2900009,49.5699997,2141600.0,37.4458542
2014-02-27 00:00:00,49.7799988,49.4799995,49.8300018,49.4500008,2172300.0,37.5363579
2014-02-28 00:00:00,50.0299988,49.8199997,50.3199997,49.7900009,3337200.0,37.724865
2014-03-03 00:00:00,49.8600006,49.5200005,50.0099983,49.5200005,3464600.0,37.5966759
2014-03-04 00:00:00,50.7400017,50.2200012,50.7599983,50.1199989,3823600.0,38.2602386
2014-03-05 00:00:00,50.6399994,50.6199989,50.9099998,50.4599991,2317300.0,38.1848259
2014-03-06 00:00:00,50.6699982,50.5800018,50.8400002,50.5600014,1962100.0,38.2074547
2014-03-07 00:00:00,50.7999992,50.7299995,50.8400002,50.4300003,1808600.0,38.3054771
2014-03-10 00:00:00,50.4500008,50.5499992,50.5699997,50.2799988,2581800.0,38.0415573
2014-03-11 00:00:00,50.7400017,50.5600014,50.8400002,50.4000015,2281100.0,38.2602386
2014-03-12 00:00:00,51.3499985,50.6100006,51.4000015,50.5499992,2964600.0,38.720192
2014-03-13 00:00:00,51.0099983,51.3899994,51.6699982,50.7999992,3737200.0,38.463829
2014-03-14 00:00:00,49.7700005,49.4399986,50.3199997,49.4399986,5782700.0,37.5288162
2014-03-17 00:00:00,50.4300003,50.0400009,50.5299988,49.9700012,3428800.0,38.0264816
2014-03-18 00:00:00,50.7099991,50.7099991,50.9900017,50.3499985,3077500.0,38.2376099
2014-03-19 00:00:00,50.7400017,50.6500015,51.4000015,50.6100006,3425700.0,38.2602386
2014-03-20 00:00:00,51.0499992,50.8800011,51.2900009,50.7200012,3369600.0,38.4939804
2014-03-21 00:00:00,51.0299988,51.4399986,51.7000008,51.0299988,6460100.0,38.4788971
2014-03-24 00:00:00,50.7200012,51.2200012,51.4399986,50.7200012,3534500.0,38.2451515
2014-03-25 00:00:00,51.0800018,51.0299988,51.25,50.7999992,3425200.0,38.516613
2014-03-26 00:00:00,51.0999985,51.0499992,51.2099991,50.8400002,4643700.0,38.5316849
2014-03-27 00:00:00,51.0800018,51.0699997,51.3600006,50.9599991,4844200.0,38.516613
2014-03-28 00:00:00,51.2999992,51.3699989,51.5200005,51.1300011,1943100.0,38.6825027
2014-03-31 00:00:00,51.8199997,51.5299988,52.0,51.4900017,2995600.0,39.0746002
2014-04-01 00:00:00,51.7799988,51.6500015,51.8899994,51.3800011,2782200.0,39.0444374
2014-04-02 00:00:00,51.6199989,51.8499985,51.8600006,51.4300003,2339700.0,38.9237823
2014-04-03 00:00:00,52.2299995,51.9199982,52.3300018,51.5400009,3611400.0,39.3837585
2014-04-04 00:00:00,51.25,51.9199982,52.0200005,51.2099991,4452200.0,38.6447868
2014-04-07 00:00:00,51.8499985,51.4500008,52.2999992,51.3400002,5409100.0,39.0972252
2014-04-08 00:00:00,51.2799988,51.4399986,51.5400009,51.1100006,4559300.0,38.9756165
2014-04-09 00:00:00,51.2700005,51.2200012,51.4099998,51.0499992,3248000.0,38.9680023
2014-04-10 00:00:00,51.0,51.3600006,52.0400009,50.9799995,4626400.0,38.7627945
2014-04-11 00:00:00,51.1500015,51.0200005,51.5400009,50.9700012,4236400.0,38.8768044
2014-04-14 00:00:00,51.2999992,51.4700012,51.5499992,51.0400009,2618200.0,38.9908142
2014-04-15 00:00:00,51.25,51.3400002,51.4300003,51.0499992,4045300.0,38.9528084
2014-04-16 00:00:00,52.2599983,51.5600014,52.4000015,51.4799995,3755700.0,39.7204666
2014-04-17 00:00:00,52.0900002,52.2299995,52.25,51.8499985,2648800.0,39.5912666
2014-04-21 00:00:00,52.2999992,52.0699997,52.4900017,51.9199982,2039100.0,39.7508621
2014-04-22 00:00:00,52.1899986,52.1599998,52.4000015,52.0200005,2163100.0,39.667263
2014-04-23 00:00:00,52.3699989,52.2299995,52.6500015,52.1300011,2660800.0,39.8040771
2014-04-24 00:00:00,52.4300003,52.3300018,52.5400009,52.2400017,2290600.0,39.8496704
2014-04-25 00:00:00,52.2900009,52.4300003,52.6699982,52.1399994,2205000.0,39.7432594
2014-04-28 00:00:00,53.1699982,52.5800018,53.3199997,52.5099983,3315500.0,40.412117
2014-04-29 00:00:00,52.8100014,53.2700005,53.3899994,52.7700005,2055600.0,40.1385002
2014-04-30 00:00:00,53.0200005,52.7799988,53.0900002,52.75,2273400.0,40.2981071
2014-05-01 00:00:00,52.6800003,53.2200012,53.25,52.4599991,2115300.0,40.0396881
2014-05-02 00:00:00,52.75,52.5400009,52.8899994,52.4700012,1943300.0,40.0928955
2014-05-05 00:00:00,53.0099983,52.5800018,53.0600014,52.4500008,1773700.0,40.2904968
2014-05-06 00:00:00,52.8600006,52.9900017,53.3400002,52.8400002,2309100.0,40.176506
2014-05-07 00:00:00,53.5400009,53.0699997,53.6399994,53.0400009,2637700.0,40.6933365
2014-05-08 00:00:00,53.6699982,53.4399986,53.6899986,53.3199997,2208800.0,40.7921486
2014-05-09 00:00:00,54.4000015,53.6599998,54.4500008,53.5900002,3889000.0,41.3469887
2014-05-12 00:00:00,54.2599983,54.5499992,54.7799988,54.0800018,2748200.0,41.2405739
2014-05-13 00:00:00,54.3699989,54.2599983,54.5,54.2299995,1788100.0,41.3241844
2014-05-14 00:00:00,54.0999985,54.4000015,54.4199982,54.0099983,1480600.0,41.1189575
2014-05-15 00:00:00,53.4099998,53.9799995,54.1800003,53.3199997,3143200.0,40.594532
2014-05-16 00:00:00,53.8100014,53.3199997,53.8400002,53.3199997,2657400.0,40.8985558
2014-05-19 00:00:00,53.7200012,53.5600014,53.8199997,53.4399986,1241400.0,40.8301392
2014-05-20 00:00:00,53.4799995,53.7000008,53.7000008,53.2700005,2100900.0,40.6477318
2014-05-21 00:00:00,53.4799995,53.5,53.5600014,53.1599998,1842700.0,40.6477318
2014-05-22 00:00:00,53.7400017,53.5,53.7999992,53.3100014,1694000.0,40.8453445
2014-05-23 00:00:00,53.8100014,53.75,53.9099998,53.7400017,1317100.0,40.8985558
2014-05-27 00:00:00,54.2400017,53.9599991,54.2799988,53.9300003,2210000.0,41.2253838
2014-05-28 00:00:00,54.2400017,54.3499985,54.3699989,54.2000008,1899900.0,41.2253838
2014-05-29 00:00:00,54.7000008,54.3899994,54.7099991,54.1599998,1674500.0,41.5750008
2014-05-30 00:00:00,54.9300003,54.5099983,54.9799995,54.5099983,2516300.0,41.7498131
2014-06-02 00:00:00,54.9099998,54.8699989,55.0600014,54.75,1883300.0,41.7346039
2014-06-03 00:00:00,55.0499992,54.5999985,55.0699997,54.5999985,2100500.0,41.841011
2014-06-04 00:00:00,55.5600014,54.9000015,55.5699997,54.9000015,2405100.0,42.2286453
2014-06-05 00:00:00,55.3400002,55.4799995,55.6399994,55.2700005,1776000.0,42.0614433
2014-06-06 00:00:00,55.4099998,55.2999992,55.4500008,55.2099991,1580200.0,42.1146393
2014-06-09 00:00:00,55.1699982,55.4099998,55.6300011,55.0900002,1815800.0,41.9322243
2014-06-10 00:00:00,55.1599998,55.0699997,55.2799988,54.9399986,1772200.0,41.9246254
2014-06-11 00:00:00,54.75,55.1399994,55.2400017,54.6500015,1559600.0,41.6130066
2014-06-12 00:00:00,54.2000008,54.5099983,54.75,54.0099983,2276700.0,41.1949692
2014-06-13 00:00:00,54.3100014,54.2599983,54.4500008,54.0900002,2414400.0,41.2785797
2014-06-16 00:00:00,54.2099991,54.3100014,54.3100014,54.1199989,2468400.0,41.2025795
2014-06-17 00:00:00,54.2900009,54.3100014,54.4099998,54.1899986,2379800.0,41.2633781
2014-06-18 00:00:00,54.6800003,54.0600014,54.7099991,54.0,3641600.0,41.5598068
2014-06-19 00:00:00,54.8400002,54.5499992,54.8400002,54.4900017,2506200.0,41.6814079
2014-06-20 00:00:00,54.6399994,54.9799995,55.0600014,54.5400009,4096900.0,41.5294037
2014-06-23 00:00:00,54.2700005,54.6399994,54.6699982,54.2000008,2761200.0,41.2481728
2014-06-24 00:00:00,53.7000008,54.1599998,54.1699982,53.7000008,4624000.0,40.8149529
2014-06-25 00:00:00,51.7599983,51.7999992,52.2599983,51.5,8822200.0,39.3404427
2014-06-26 00:00:00,52.0299988,51.8699989,52.2200012,51.6899986,5677200.0,39.5456505
2014-06-27 00:00:00,52.3100014,52.0,52.3699989,51.8300018,4480000.0,39.7584763
2014-06-30 00:00:00,52.5400009,52.25,52.8400002,52.0800018,4011100.0,39.9332809
2014-07-01 00:00:00,52.9000015,52.1800003,53.1199989,52.1800003,3924100.0,40.206913
2014-07-02 00:00:00,53.0099983,52.8899994,53.1399994,52.7999992,2465300.0,40.2904968
2014-07-03 00:00:00,53.0499992,53.3600006,53.5200005,53.0499992,2975100.0,40.3209076
2014-07-07 00:00:00,53.4199982,53.0999985,53.6500015,53.0999985,2934100.0,40.6021309
2014-07-08 00:00:00,53.0999985,53.0,53.4199982,52.7299995,4049900.0,40.6710701
2014-07-09 00:00:00,53.2599983,53.3300018,53.4300003,53.0299988,2711900.0,40.7936172
2014-07-10 00:00:00,53.0200005,52.9000015,53.2599983,52.7299995,2737800.0,40.609787
2014-07-11 00:00:00,52.9099998,53.0800018,53.0800018,52.7400017,2053400.0,40.5255394
2014-07-14 00:00:00,53.0400009,53.1199989,53.2700005,52.9799995,2280200.0,40.6251068
2014-07-15 00:00:00,52.9300003,53.0099983,53.1100006,52.8899994,2430200.0,40.540863
2014-07-16 00:00:00,53.0800018,52.9799995,53.1199989,52.7099991,2831200.0,40.6557465
2014-07-17 00:00:00,52.7799988,53.0,53.1699982,52.7700005,2609500.0,40.4259682
2014-07-18 00:00:00,53.0600014,53.0200005,53.2599983,52.8100014,2869700.0,40.6404266
2014-07-21 00:00:00,52.8600006,52.9399986,53.0900002,52.7700005,1699300.0,40.4872437
2014-07-22 00:00:00,52.9500008,52.7599983,53.0999985,52.7200012,1770100.0,40.5561638
2014-07-23 00:00:00,52.9000015,52.9500008,53.1100006,52.8199997,2213300.0,40.5178604
2014-07-24 00:00:00,52.9500008,52.9599991,53.0800018,52.8800011,2051400.0,40.5561638
2014-07-25 00:00:00,52.8100014,52.9199982,52.9900017,52.6300011,1665300.0,40.4489479
2014-07-28 00:00:00,52.8699989,52.7900009,53.1500015,52.7900009,1900000.0,40.4948921
2014-07-29 00:00:00,52.5099983,52.8100014,53.1300011,52.5099983,1966900.0,40.2191582
2014-07-30 00:00:00,51.6500015,52.5800018,52.7000008,51.6199989,3684900.0,39.5604706
2014-07-31 00:00:00,50.1500015,51.3499985,51.4000015,50.1399994,5499600.0,38.4115639
2014-08-01 00:00:00,50.9300003,50.2799988,51.0900002,50.2400017,4714400.0,39.0089836
2014-08-04 00:00:00,51.2900009,51.0900002,51.2999992,50.8600006,2926900.0,39.2847252
2014-08-05 00:00:00,50.8800011,51.2400017,51.2400017,50.7900009,2969400.0,38.9706955
2014-08-06 00:00:00,51.7200012,50.8199997,51.7799988,50.7099991,3270600.0,39.6140747
2014-08-07 00:00:00,51.2799988,51.3499985,51.9199982,51.1699982,1872200.0,39.2770729
2014-08-08 00:00:00,51.9700012,51.3699989,51.9900017,51.25,2113000.0,39.8055687
2014-08-11 00:00:00,52.4399986,52.0200005,52.7200012,52.0200005,2422600.0,40.1655426
2014-08-12 00:00:00,52.4799995,52.25,52.5699997,52.1699982,1908500.0,40.1961937
2014-08-13 00:00:00,52.5499992,52.6899986,52.7000008,52.4000015,1607700.0,40.2498016
2014-08-14 00:00:00,52.7799988,52.5,52.7799988,52.4799995,1696700.0,40.4259682
2014-08-15 00:00:00,52.6599998,52.9300003,53.1500015,52.3699989,1973200.0,40.3340492
2014-08-18 00:00:00,52.9900017,52.9300003,53.0400009,52.7200012,2166900.0,40.5868225
2014-08-19 00:00:00,53.2299995,53.0,53.2999992,52.7700005,1637400.0,40.7706413
2014-08-20 00:00:00,53.4199982,53.0499992,53.5200005,52.9099998,1662000.0,40.9161606
2014-08-21 00:00:00,53.2200012,53.5,53.6500015,53.1899986,2389600.0,40.7629776
2014-08-22 00:00:00,52.7099991,53.2400017,53.3699989,52.6300011,3286400.0,40.372345
2014-08-25 00:00:00,52.8499985,53.0999985,53.1500015,52.7400017,2269700.0,40.4795723
2014-08-26 00:00:00,52.9799995,53.1599998,53.2700005,52.8899994,2242800.0,40.5791473
2014-08-27 00:00:00,53.2599983,52.9099998,53.2700005,52.9099998,1532600.0,40.7936172
2014-08-28 00:00:00,53.1899986,53.0800018,53.2900009,53.0600014,1380400.0,40.7400017
2014-08-29 00:00:00,53.3800011,53.2000008,53.4300003,53.1800003,2313700.0,40.8855324
2014-09-02 00:00:00,53.3600006,53.4000015,53.7400017,53.2400017,2045600.0,40.8702087
2014-09-03 00:00:00,53.5400009,53.5800018,53.6500015,53.3600006,2191300.0,41.0080795
2014-09-04 00:00:00,53.4799995,53.5600014,53.7799988,53.3499985,1882200.0,40.9621162
2014-09-05 00:00:00,53.8199997,53.4500008,53.8400002,53.2400017,1959800.0,41.2225342
2014-09-08 00:00:00,53.5099983,53.5400009,53.8300018,53.4700012,1365700.0,40.9850922
2014-09-09 00:00:00,53.1699982,53.3300018,53.6699982,53.1399994,3897200.0,40.7246704
2014-09-10 00:00:00,53.2299995,53.1100006,53.2900009,52.8300018,2233300.0,40.7706413
2014-09-11 00:00:00,53.2700005,53.1899986,53.2799988,52.9500008,2113300.0,40.801281
2014-09-12 00:00:00,52.7900009,53.1699982,53.2799988,52.6599998,1951800.0,40.4336243
2014-09-15 00:00:00,53.1800003,52.8800011,53.2299995,52.5999985,2209300.0,40.732338
2014-09-16 00:00:00,53.1800003,53.1800003,53.5600014,53.0200005,3174700.0,40.732338
2014-09-17 00:00:00,50.8300018,52.0400009,52.2900009,50.5600014,11820900.0,38.9323921
2014-09-18 00:00:00,51.2200012,50.8400002,51.3800011,50.3400002,7498600.0,39.2311096
2014-09-19 00:00:00,51.2799988,51.4500008,51.4500008,51.0900002,4140100.0,39.2770729
2014-09-22 00:00:00,50.75,51.2000008,51.2799988,50.7400017,3550500.0,38.8711281
2014-09-23 00:00:00,50.4099998,50.5600014,50.6599998,50.3899994,4522800.0,38.610714
2014-09-24 00:00:00,50.4500008,50.5,50.8400002,50.4300003,5138300.0,38.641346
2014-09-25 00:00:00,50.1199989,50.4900017,50.4900017,49.9300003,4126500.0,38.3885918
2014-09-26 00:00:00,50.2799988,50.1199989,50.4300003,49.8600006,3002400.0,38.5111275
2014-09-29 00:00:00,50.6300011,50.0900002,50.7900009,50.0400009,2691400.0,38.7792015
2014-09-30 00:00:00,50.4500008,50.4599991,50.7000008,50.2999992,2822800.0,38.641346
2014-10-01 00:00:00,49.9799995,49.7099991,50.0900002,49.5999985,3788400.0,38.2813492
2014-10-02 00:00:00,50.1399994,49.9799995,50.2299995,49.8300018,3471900.0,38.4039001
2014-10-03 00:00:00,50.4700012,50.4099998,50.6399994,50.2200012,2383700.0,38.6566582
2014-10-06 00:00:00,50.5900002,50.6100006,50.7299995,50.2299995,2866300.0,38.7485733
2014-10-07 00:00:00,50.1800003,50.4099998,50.6899986,50.1800003,3305600.0,38.4345398
2014-10-08 00:00:00,50.1500015,49.7999992,50.2099991,49.6199989,3417500.0,38.7279892
2014-10-09 00:00:00,49.8899994,50.1800003,50.6300011,49.8899994,3548000.0,38.5272141
2014-10-10 00:00:00,49.8100014,49.8899994,50.5099983,49.7700005,3800300.0,38.4654312
2014-10-13 00:00:00,49.2799988,50.0299988,50.0400009,49.2599983,2955900.0,38.0561295
2014-10-14 00:00:00,49.5200005,49.4199982,49.9799995,49.2999992,2621100.0,38.2414856
2014-10-15 00:00:00,49.1100006,49.1699982,49.4199982,48.3199997,4586100.0,37.9248619
2014-10-16 00:00:00,48.8600006,48.4300003,49.1599998,48.4000015,3742000.0,37.7317963
2014-10-17 00:00:00,49.2900009,49.3300018,49.5800018,49.0299988,3005500.0,38.0638657
2014-10-20 00:00:00,49.9199982,49.2999992,50.0499992,49.25,2614300.0,38.5503693
2014-10-21 00:00:00,50.4599991,50.2200012,50.4900017,49.9000015,3401400.0,38.9673805
2014-10-22 00:00:00,50.5999985,50.6199989,50.9199982,50.5200005,2170100.0,39.0754967
2014-10-23 00:00:00,50.5099983,50.8300018,50.9000015,50.4500008,1709700.0,39.0060043
2014-10-24 00:00:00,51.0299988,50.5400009,51.0400009,50.5400009,1744800.0,39.4075661
2014-10-27 00:00:00,51.1599998,51.0,51.4500008,50.8400002,1366300.0,39.5079613
2014-10-28 00:00:00,51.3800011,51.4399986,51.4399986,51.0299988,1370600.0,39.6778488
2014-10-29 00:00:00,50.9000015,51.4199982,51.4500008,50.4000015,2920300.0,39.3071823
2014-10-30 00:00:00,51.4500008,50.6500015,51.5600014,50.5999985,2055500.0,39.7319031
2014-10-31 00:00:00,51.9599991,51.9099998,52.0,51.6599998,2666300.0,40.1257553
2014-11-03 00:00:00,52.6599998,52.0,52.7299995,51.8899994,3457700.0,40.6663246
2014-11-04 00:00:00,52.8600006,52.7200012,52.9599991,52.5900002,3903800.0,40.8207664
2014-11-05 00:00:00,53.1699982,53.1300011,53.4399986,52.9199982,2398200.0,41.0601654
2014-11-06 00:00:00,53.2700005,53.2099991,53.3199997,52.7700005,1962600.0,41.137394
2014-11-07 00:00:00,51.3600006,51.4599991,52.1300011,51.0999985,6440300.0,39.6624069
2014-11-10 00:00:00,50.8699989,51.2999992,51.2999992,50.4300003,4397400.0,39.2840004
2014-11-11 00:00:00,50.9700012,50.8300018,51.1500015,50.6699982,2570600.0,39.3612404
2014-11-12 00:00:00,50.9599991,50.5999985,51.0800018,50.5299988,2615800.0,39.3535042
2014-11-13 00:00:00,51.0,51.1100006,51.1699982,50.6100006,3048200.0,39.3844032
2014-11-14 00:00:00,50.8199997,50.9900017,51.0400009,50.6399994,2814100.0,39.2454033
2014-11-17 00:00:00,51.3499985,50.8199997,51.4399986,50.7999992,2196300.0,39.654686
2014-11-18 00:00:00,51.5900002,51.4199982,51.7200012,51.2599983,2215300.0,39.840023
2014-11-19 00:00:00,51.9199982,51.4000015,51.9599991,51.3699989,1920600.0,40.0948639
2014-11-20 00:00:00,51.6399994,51.8199997,51.8499985,51.5499992,1540100.0,39.8786392
2014-11-21 00:00:00,51.8499985,52.2299995,52.2299995,51.5999985,2508700.0,40.0408096
2014-11-24 00:00:00,51.5,51.7900009,51.9900017,51.3699989,2213600.0,39.7705078
2014-11-25 00:00:00,51.6500015,51.5,51.8499985,51.3899994,3555200.0,39.886364
2014-11-26 00:00:00,51.8499985,51.7200012,51.8899994,51.6399994,1355500.0,40.0408096
2014-11-28 00:00:00,52.75,52.1300011,52.8600006,52.0,1664500.0,40.7358208
2014-12-01 00:00:00,52.6300011,52.5299988,52.7599983,52.2200012,2183900.0,40.643158
2014-12-02 00:00:00,53.0499992,52.7900009,53.1300011,52.6699982,3093400.0,40.9675026
2014-12-03 00:00:00,53.0400009,52.9000015,53.4500008,52.6599998,4708000.0,40.9597816
2014-12-04 00:00:00,53.0,52.9500008,53.1899986,52.7400017,2933100.0,40.9288826
2014-12-05 00:00:00,53.1199989,53.0,53.2299995,52.8699989,2579300.0,41.0215492
2014-12-08 00:00:00,52.9300003,52.9099998,53.2400017,52.6100006,2878600.0,40.874836
2014-12-09 00:00:00,52.2799988,52.5900002,52.8100014,52.1100006,2956600.0,40.3728828
2014-12-10 00:00:00,51.9900017,52.5099983,52.5299988,51.9500008,2518700.0,40.1489105
2014-12-11 00:00:00,52.4799995,52.0900002,52.7000008,52.0299988,4118200.0,40.5273285
2014-12-12 00:00:00,52.0999985,52.0600014,52.5499992,52.0099983,4610000.0,40.2338676
2014-12-15 00:00:00,51.4700012,52.1599998,52.3499985,51.2299995,3319100.0,39.7473602
2014-12-16 00:00:00,51.1300011,51.4300003,52.4500008,51.0800018,3904700.0,39.484787
2014-12-17 00:00:00,52.1899986,51.5299988,52.4099998,51.4000015,4644500.0,40.3033676
2014-12-18 00:00:00,53.5099983,52.5,53.5299988,52.4599991,4622100.0,41.3227272
2014-12-19 00:00:00,53.8100014,53.5,53.9799995,53.2599983,4901900.0,41.5543976
2014-12-22 00:00:00,54.3800011,53.9500008,54.3899994,53.8199997,2552400.0,41.9945793
2014-12-23 00:00:00,54.4099998,54.5600014,54.6100006,54.2299995,2340700.0,42.0177536
2014-12-24 00:00:00,54.3100014,54.3400002,54.5600014,54.2400017,1214500.0,41.9405289
2014-12-26 00:00:00,54.3800011,54.3400002,54.5800018,54.2599983,1053800.0,41.9945793
2014-12-29 00:00:00,54.3100014,54.2200012,54.4500008,54.1199989,1486500.0,41.9405289
2014-12-30 00:00:00,54.3499985,54.2999992,54.5999985,54.2400017,1361600.0,41.9714127
2014-12-31 00:00:00,53.3300018,54.1899986,54.2700005,53.2400017,2516700.0,41.1837349
2015-01-02 00:00:00,53.1100006,53.0999985,53.5999985,52.7999992,2165000.0,41.0138321
2015-01-05 00:00:00,52.1500015,52.2700005,52.6899986,52.0600014,4149500.0,40.2724762
2015-01-06 00:00:00,52.0200005,52.4399986,52.6199989,51.9000015,3036200.0,40.172081
2015-01-07 00:00:00,53.1199989,52.4500008,53.2599983,52.3699989,3204200.0,41.0215492
2015-01-08 00:00:00,53.5699997,53.0900002,53.6599998,52.9700012,3998400.0,41.6908531
2015-01-09 00:00:00,53.0299988,53.5900002,53.6800003,52.7999992,2051900.0,41.2706032
2015-01-12 00:00:00,52.6500015,52.8800011,53.1800003,52.5200005,2009400.0,40.9748611
2015-01-13 00:00:00,52.7099991,53.0299988,53.2700005,52.4700012,2967600.0,41.021553
2015-01-14 00:00:00,52.9199982,52.4199982,52.9900017,52.2999992,4427800.0,41.1849785
2015-01-15 00:00:00,53.4500008,53.1800003,53.9199982,52.8100014,4532100.0,41.5974655
2015-01-16 00:00:00,53.4099998,53.3199997,53.5499992,53.0299988,4273100.0,41.5663261
2015-01-20 00:00:00,54.4000015,53.6100006,54.5499992,53.2200012,5217700.0,42.3367958
2015-01-21 00:00:00,54.0800018,54.0999985,54.4799995,53.8800011,3565500.0,42.0877495
2015-01-22 00:00:00,54.7799988,54.4099998,54.7999992,53.9000015,2986200.0,42.6325264
2015-01-23 00:00:00,54.5600014,54.6800003,54.7200012,54.2400017,2998800.0,42.4613228
2015-01-26 00:00:00,54.9500008,54.5,54.9700012,54.2799988,3717200.0,42.7648468
2015-01-27 00:00:00,55.1100006,54.3600006,55.4700012,54.2700005,4819600.0,42.8893471
2015-01-28 00:00:00,54.0800018,55.2400017,55.5900002,54.0200005,3116500.0,42.0877495
2015-01-29 00:00:00,53.6300011,53.5999985,53.7299995,52.8600006,4450100.0,41.737545
2015-01-30 00:00:00,52.4799995,53.1899986,53.4000015,52.4199982,3919500.0,40.842556
2015-02-02 00:00:00,53.0699997,52.6500015,53.0999985,51.9000015,3631400.0,41.3017273
2015-02-03 00:00:00,53.2599983,53.4500008,53.5,52.8300018,2632400.0,41.4495926
2015-02-04 00:00:00,53.2200012,53.2799988,53.6599998,53.0600014,2434800.0,41.4184608
2015-02-05 00:00:00,53.4000015,53.2700005,53.4500008,53.1100006,1948800.0,41.558548
2015-02-06 00:00:00,53.1599998,53.2599983,53.4599991,52.9900017,1997100.0,41.371769
2015-02-09 00:00:00,53.0,53.0600014,53.2299995,52.8199997,3168100.0,41.2472496
2015-02-10 00:00:00,53.2299995,53.0999985,53.4099998,52.8400002,2529900.0,41.4262352
2015-02-11 00:00:00,53.1599998,53.3699989,53.5299988,52.7700005,2523600.0,41.371769
2015-02-12 00:00:00,52.9300003,52.5499992,52.9599991,52.4099998,3115600.0,41.1927795
2015-02-13 00:00:00,52.4799995,52.6599998,52.6599998,51.9500008,3464700.0,40.842556
2015-02-17 00:00:00,52.3400002,52.3300018,52.5200005,52.0,3534100.0,40.7335968
2015-02-18 00:00:00,52.8800011,52.3400002,52.9599991,52.3300018,2572900.0,41.1538658
2015-02-19 00:00:00,53.4500008,52.8800011,53.6399994,52.75,3431700.0,41.5974655
2015-02-20 00:00:00,53.4700012,53.4099998,53.5699997,53.0299988,3113000.0,41.6130333
2015-02-23 00:00:00,53.4900017,53.3800011,53.5499992,53.2599983,1747200.0,41.6285896
2015-02-24 00:00:00,53.4199982,53.3699989,53.5,53.0200005,2463500.0,41.5741043
2015-02-25 00:00:00,53.5400009,53.3600006,53.6599998,53.3199997,1824200.0,41.6675072
2015-02-26 00:00:00,53.4199982,53.6300011,53.6300011,53.3600006,2099100.0,41.5741043
2015-02-27 00:00:00,53.7900009,53.4500008,53.8400002,53.3300018,3038300.0,41.8620567
2015-03-02 00:00:00,53.5,53.6100006,53.7599983,53.3300018,1518900.0,41.6363716
2015-03-03 00:00:00,53.4799995,53.4099998,53.5,53.0499992,1690700.0,41.6208
2015-03-04 00:00:00,53.2099991,53.3400002,53.4399986,52.9700012,1993300.0,41.410675
2015-03-05 00:00:00,53.2799988,53.3499985,53.3499985,52.9199982,1600700.0,41.4651642
2015-03-06 00:00:00,52.1300011,52.9399986,52.9500008,51.9399986,3430900.0,40.5701714
2015-03-09 00:00:00,52.5,52.0900002,52.6599998,51.9399986,2170100.0,40.85812
2015-03-10 00:00:00,51.7900009,52.2099991,52.3100014,51.7900009,2280200.0,40.3055649
2015-03-11 00:00:00,51.7000008,51.9599991,52.0999985,51.4300003,2545100.0,40.2355156
2015-03-12 00:00:00,52.6199989,51.8800011,52.7000008,51.8699989,2501100.0,40.9515038
2015-03-13 00:00:00,52.1500015,52.4700012,52.5499992,51.7700005,2240100.0,40.5857391
2015-03-16 00:00:00,52.4099998,52.3400002,52.6100006,52.0900002,2811800.0,40.7880745
2015-03-17 00:00:00,52.0499992,52.2200012,52.2200012,51.7999992,2854500.0,40.5079117
2015-03-18 00:00:00,52.8600006,51.8899994,53.1500015,51.4500008,5122800.0,41.138298
2015-03-19 00:00:00,52.5400009,52.7299995,53.1699982,52.5099983,2496000.0,40.8892517
2015-03-20 00:00:00,53.4500008,52.8300018,53.7299995,52.7700005,4070100.0,41.5974655
2015-03-23 00:00:00,53.7400017,53.4500008,54.0699997,53.4000015,2623000.0,41.8231544
2015-03-24 00:00:00,53.2000008,53.8800011,54.0999985,53.1800003,2854600.0,41.4029007
2015-03-25 00:00:00,53.7400017,53.7700005,54.8300018,53.3300018,6753300.0,41.8231544
2015-03-26 00:00:00,53.9399986,53.5299988,54.0400009,53.5099983,5693100.0,41.9788017
2015-03-27 00:00:00,54.9900017,53.9099998,55.0,53.8600006,4990800.0,42.7959709
2015-03-30 00:00:00,56.3499985,55.0299988,56.3800011,54.7299995,7165900.0,43.8543892
2015-03-31 00:00:00,56.5999985,56.2200012,57.25,56.1599998,7898300.0,44.0489426
2015-04-01 00:00:00,56.4799995,56.3899994,56.5200005,55.6899986,4627900.0,43.9555664
2015-04-02 00:00:00,56.5499992,56.4399986,56.8300018,56.25,3270800.0,44.0100403
2015-04-06 00:00:00,56.7400017,57.5400009,57.7299995,56.6300011,4173000.0,44.1578979
2015-04-07 00:00:00,56.0800018,56.7400017,56.7400017,56.0,3108600.0,43.6442566
2015-04-08 00:00:00,55.8300018,55.7000008,55.8600006,55.4300003,2874400.0,43.7932854
2015-04-09 00:00:00,56.1300011,55.7000008,56.2099991,55.5999985,2261000.0,44.028614
2015-04-10 00:00:00,56.4900017,56.1699982,56.5099983,56.0600014,2962900.0,44.3110046
2015-04-13 00:00:00,56.4300003,56.4700012,56.5999985,56.3600006,2555800.0,44.2639389
2015-04-14 00:00:00,56.6300011,56.4900017,56.8600006,56.2799988,2443900.0,44.4208107
2015-04-15 00:00:00,56.4500008,56.7799988,56.8400002,56.3499985,2067600.0,44.2796211
2015-04-16 00:00:00,56.2299995,56.3800011,56.4000015,56.0999985,2704600.0,44.1070557
2015-04-17 00:00:00,56.0900002,55.8600006,56.1899986,55.6899986,2639300.0,43.9972382
2015-04-20 00:00:00,56.4500008,56.6899986,57.1199989,56.4000015,2276600.0,44.2796211
2015-04-21 00:00:00,56.1100006,56.4500008,56.5999985,56.0400009,1805700.0,44.012928
2015-04-22 00:00:00,56.2099991,56.3699989,56.3699989,55.9500008,1891600.0,44.0913658
2015-04-23 00:00:00,56.2900009,55.9799995,56.5,55.8800011,2411700.0,44.1541176
2015-04-24 00:00:00,56.3800011,56.4599991,56.6399994,56.2000008,1754800.0,44.2247086
2015-04-27 00:00:00,56.0499992,56.4399986,56.5,56.0,1696300.0,43.9658585
2015-04-28 00:00:00,56.0999985,56.0,56.2299995,55.7599983,1805500.0,44.0050812
2015-04-29 00:00:00,55.5699997,56.0099983,56.1899986,55.4700012,2069200.0,43.589344
2015-04-30 00:00:00,55.3400002,55.5800018,55.6800003,55.1100006,1815600.0,43.4089317
2015-05-01 00:00:00,55.7000008,55.5099983,55.8199997,55.2599983,2573900.0,43.6913223
2015-05-04 00:00:00,55.8499985,55.7299995,55.9300003,55.6699982,1425600.0,43.808979
2015-05-05 00:00:00,55.6300011,56.0,56.1599998,55.4099998,2097800.0,43.6364136
2015-05-06 00:00:00,55.2999992,55.8600006,55.9300003,54.9399986,2197800.0,43.3775597
2015-05-07 00:00:00,55.6300011,55.25,55.7900009,55.1399994,1620900.0,43.6364136
2015-05-08 00:00:00,56.2700005,55.9399986,56.5299988,55.9199982,1884800.0,44.1384392
2015-05-11 00:00:00,56.0699997,56.1399994,56.4399986,56.0400009,1351600.0,43.9815521
2015-05-12 00:00:00,56.4000015,55.9199982,56.4900017,55.7700005,1780100.0,44.2404099
2015-05-13 00:00:00,56.2200012,56.3600006,56.7999992,56.1100006,1735500.0,44.0992088
2015-05-14 00:00:00,56.8400002,56.5999985,56.8699989,56.3899994,2412600.0,44.5855446
2015-05-15 00:00:00,57.1399994,56.7799988,57.25,56.7000008,2170500.0,44.8208694
2015-05-18 00:00:00,56.8499985,56.9000015,57.0299988,56.7099991,2545300.0,44.5933876
2015-05-19 00:00:00,56.8600006,56.7900009,56.9599991,56.6100006,1566600.0,44.6012306
2015-05-20 00:00:00,56.9700012,56.8400002,57.25,56.8300018,1391100.0,44.6875191
2015-05-21 00:00:00,56.8199997,56.9500008,57.0200005,56.6599998,1572500.0,44.5698586
2015-05-22 00:00:00,56.5200005,56.7099991,56.8600006,56.5200005,1813500.0,44.3345299
2015-05-26 00:00:00,55.9799995,56.5099983,56.5699997,55.9300003,2141300.0,43.910965
2015-05-27 00:00:00,56.4700012,56.1300011,56.5600014,56.0099983,1617200.0,44.2953224
2015-05-28 00:00:00,56.25,56.3499985,56.4500008,56.0800018,1841900.0,44.1227455
2015-05-29 00:00:00,56.1500015,56.2200012,56.2799988,55.8699989,3132300.0,44.0443039
2015-06-01 00:00:00,56.2900009,56.3199997,56.3899994,55.9099998,2285400.0,44.1541176
2015-06-02 00:00:00,55.8600006,56.1300011,56.2599983,55.6300011,1244900.0,43.8168259
2015-06-03 00:00:00,55.7000008,56.0499992,56.0999985,55.5699997,1820400.0,43.6913223
2015-06-04 00:00:00,55.0600014,55.3899994,55.6899986,54.9700012,2186300.0,43.1893082
2015-06-05 00:00:00,54.4199982,54.8699989,54.9199982,54.1399994,2454900.0,42.6872864
2015-06-08 00:00:00,54.3600006,54.4799995,54.6199989,54.2900009,1609600.0,42.6402206
2015-06-09 00:00:00,54.4500008,54.5400009,54.8899994,54.3499985,2178500.0,42.7108231
2015-06-10 00:00:00,55.0900002,54.6699982,55.2900009,54.5,2287900.0,43.2128334
2015-06-11 00:00:00,55.1100006,55.1500015,55.3199997,55.0,1843200.0,43.2285194
2015-06-12 00:00:00,54.9199982,55.0099983,55.0999985,54.7400017,1342400.0,43.0794792
2015-06-15 00:00:00,54.4000015,54.6100006,54.7299995,54.3499985,2200400.0,42.6716003
2015-06-16 00:00:00,55.0900002,54.5099983,55.1500015,54.4399986,2302300.0,43.2128334
2015-06-17 00:00:00,55.25,55.0600014,55.4000015,54.8499985,2301500.0,43.3383446
2015-06-18 00:00:00,55.8499985,55.4700012,56.1500015,55.3100014,2999400.0,43.808979
2015-06-19 00:00:00,56.1300011,55.8499985,56.4199982,55.6699982,4183700.0,44.028614
2015-06-22 00:00:00,56.5699997,56.3899994,56.8600006,56.2799988,2174900.0,44.3737488
2015-06-23 00:00:00,56.5600014,56.5699997,56.7900009,56.4199982,2163000.0,44.3659058
2015-06-24 00:00:00,56.5499992,56.5499992,56.9099998,56.4099998,4657500.0,44.3580704
2015-06-25 00:00:00,56.4900017,57.0200005,57.0200005,56.3100014,3766700.0,44.3110046
2015-06-26 00:00:00,56.9300003,56.6899986,57.0600014,56.4700012,5394700.0,44.6561394
2015-06-29 00:00:00,56.0600014,56.5200005,56.7400017,55.9900017,3735900.0,43.9737091
2015-06-30 00:00:00,55.7200012,56.3600006,56.4900017,55.6500015,3432100.0,43.7070084
2015-07-01 00:00:00,57.0900002,55.1199989,57.1800003,54.1300011,10353200.0,44.7816391
2015-07-02 00:00:00,57.0499992,57.1800003,57.7999992,56.8400002,8850700.0,44.7502594
2015-07-06 00:00:00,56.5900002,56.9099998,57.2999992,56.3100014,3468700.0,44.3894348
2015-07-07 00:00:00,57.8899994,56.7000008,57.9799995,56.5999985,4285700.0,45.4091606
2015-07-08 00:00:00,56.9500008,57.2900009,57.5299988,56.9500008,3604000.0,45.0139656
2015-07-09 00:00:00,56.9300003,57.4099998,57.6699982,56.9099998,2234600.0,44.9981499
2015-07-10 00:00:00,57.2700005,57.2599983,57.5,57.1800003,2011000.0,45.2668953
2015-07-13 00:00:00,57.5200005,57.4900017,57.6699982,57.3199997,2412700.0,45.4644966
2015-07-14 00:00:00,57.25,57.5,57.6300011,57.0600014,3175400.0,45.2510872
2015-07-15 00:00:00,56.8100014,57.0699997,57.3800011,56.6500015,3591700.0,44.9033051
2015-07-16 00:00:00,57.0299988,57.1599998,57.5400009,56.9399986,2871500.0,45.0771904
2015-07-17 00:00:00,56.9399986,56.8499985,57.0,56.6199989,2514600.0,45.0060616
2015-07-20 00:00:00,56.8300018,56.9799995,57.2000008,56.7000008,4683500.0,44.9191093
2015-07-21 00:00:00,57.2099991,57.3800011,57.4799995,57.0800018,4491200.0,45.2194672
2015-07-22 00:00:00,57.6300011,57.25,57.9500008,57.25,2045300.0,45.551445
2015-07-23 00:00:00,57.0800018,57.5499992,57.7000008,57.0200005,1717900.0,45.1167183
2015-07-24 00:00:00,56.9199982,56.9399986,57.25,56.7799988,1994600.0,44.9902573
2015-07-27 00:00:00,56.9599991,56.5999985,57.0600014,56.4500008,2927000.0,45.0218658
2015-07-28 00:00:00,57.5499992,57.2599983,57.5800018,56.6300011,2846300.0,45.4882164
2015-07-29 00:00:00,57.4900017,57.5499992,57.8600006,57.3699989,3360300.0,45.4407845
2015-07-30 00:00:00,58.2599983,57.2999992,58.3600006,57.1100006,2716200.0,46.0493965
2015-07-31 00:00:00,58.2099991,58.4900017,58.5299988,58.0400009,3013900.0,46.0098724
2015-08-03 00:00:00,58.9300003,58.2900009,58.9500008,58.2000008,2593300.0,46.5789642
2015-08-04 00:00:00,58.9900017,58.9000015,59.3100014,58.6599998,2502400.0,46.6264038
2015-08-05 00:00:00,59.4000015,59.0800018,59.6899986,58.5800018,2248000.0,46.9504814
2015-08-06 00:00:00,59.5499992,59.7599983,59.8699989,59.1300011,2583700.0,47.0690308
2015-08-07 00:00:00,59.1100006,59.2900009,59.4900017,58.7999992,2325200.0,46.7212524
2015-08-10 00:00:00,59.4000015,59.2299995,59.5499992,59.1599998,1895400.0,46.9504814
2015-08-11 00:00:00,59.1399994,58.9700012,59.3100014,58.75,1798000.0,46.7449646
2015-08-12 00:00:00,59.0999985,58.7700005,59.1399994,58.1100006,2881600.0,46.7133446
2015-08-13 00:00:00,58.8899994,58.9399986,59.3400002,58.8100014,2527200.0,46.5473633
2015-08-14 00:00:00,59.2599983,58.9500008,59.2999992,58.7700005,1440500.0,46.8398094
2015-08-17 00:00:00,59.2900009,59.0800018,59.4599991,58.9199982,1484600.0,46.8635254
2015-08-18 00:00:00,58.9399986,59.1599998,59.5,58.8499985,2180800.0,46.5868721
2015-08-19 00:00:00,58.5299988,58.6800003,58.8800011,57.9900017,3119500.0,46.2628174
2015-08-20 00:00:00,57.8199997,58.0699997,58.4199982,57.7700005,2668100.0,45.7016182
2015-08-21 00:00:00,56.2099991,57.5200005,57.5999985,56.1800003,4083600.0,44.4290543
2015-08-24 00:00:00,54.5200005,53.9300003,55.6100006,47.5,6846800.0,43.0932579
2015-08-25 00:00:00,54.8100014,55.8699989,55.9799995,54.8100014,5662300.0,43.3224754
2015-08-26 00:00:00,55.8899994,55.7599983,56.3199997,54.3899994,5065400.0,44.1761169
2015-08-27 00:00:00,56.9599991,56.3400002,58.4700012,55.8800011,4011200.0,45.0218658
2015-08-28 00:00:00,57.1300011,56.6100006,57.1699982,56.6100006,4289000.0,45.1562309
2015-08-31 00:00:00,56.7599983,56.7900009,57.0200005,56.5600014,3389400.0,44.8637772
2015-09-01 00:00:00,55.5299988,55.8499985,56.2099991,55.2400017,4629300.0,43.8915749
2015-09-02 00:00:00,56.8199997,56.5800018,56.8199997,56.0699997,5751700.0,44.9112091
2015-09-03 00:00:00,57.6100006,56.7900009,57.9300003,56.7000008,5217600.0,45.5356293
2015-09-04 00:00:00,56.5900002,56.9399986,57.0200005,56.4000015,4330200.0,44.7294044
2015-09-08 00:00:00,57.1599998,57.2099991,57.4399986,56.6300011,3844600.0,45.1799431
2015-09-09 00:00:00,55.7900009,57.4799995,57.5400009,55.6199989,4923700.0,44.097084
2015-09-10 00:00:00,55.8899994,55.7099991,56.25,55.5299988,4112800.0,44.1761169
2015-09-11 00:00:00,56.4700012,55.7599983,56.4900017,55.5900002,2623200.0,44.6345711
2015-09-14 00:00:00,56.0900002,56.3699989,56.4700012,55.9099998,3336800.0,44.3342056
2015-09-15 00:00:00,56.7400017,56.25,56.8400002,55.7099991,2508100.0,44.8479767
2015-09-16 00:00:00,57.1199989,56.9399986,57.25,56.6399994,3031200.0,45.1483269
2015-09-17 00:00:00,57.4799995,57.1800003,58.1399994,57.0,2826300.0,45.4328766
2015-09-18 00:00:00,56.5699997,56.6199989,57.4300003,56.4399986,5248100.0,44.7136002
2015-09-21 00:00:00,56.7900009,56.9500008,57.1199989,56.6599998,4194400.0,44.8875008
2015-09-22 00:00:00,57.1300011,56.7799988,57.4199982,56.2099991,5960300.0,45.1562309
2015-09-23 00:00:00,57.4099998,57.1800003,57.4700012,56.7000008,4745600.0,45.3775482
2015-09-24 00:00:00,56.9500008,57.1899986,57.3800011,56.5499992,5120900.0,45.0139656
2015-09-25 00:00:00,57.4300003,57.1399994,58.4399986,57.1399994,4836000.0,45.3933716
2015-09-28 00:00:00,55.4099998,57.2000008,57.4399986,55.1399994,8991100.0,43.7967262
2015-09-29 00:00:00,55.5600014,55.5600014,55.7400017,55.1800003,4037000.0,43.9152908
2015-09-30 00:00:00,56.1300011,56.1399994,56.2999992,55.4799995,4474100.0,44.365818
2015-10-01 00:00:00,55.9900017,55.8899994,56.2200012,55.2900009,3493600.0,44.2551651
2015-10-02 00:00:00,56.6199989,55.5999985,56.6599998,55.3100014,4062300.0,44.7531281
2015-10-05 00:00:00,57.2200012,57.0,57.2700005,56.7700005,4898100.0,45.2273636
2015-10-06 00:00:00,55.7000008,57.2299995,57.2299995,55.6599998,5045400.0,44.0259476
2015-10-07 00:00:00,55.7200012,55.5699997,55.9900017,55.3100014,4356900.0,44.3924294
2015-10-08 00:00:00,56.4799995,55.6500015,56.5699997,55.5099983,2836900.0,44.9979248
2015-10-09 00:00:00,56.6100006,56.4199982,56.9599991,56.4199982,2593900.0,45.1015091
2015-10-12 00:00:00,57.1699982,56.5200005,57.1699982,56.5,2357200.0,45.5476532
2015-10-13 00:00:00,56.5900002,56.9000015,57.2000008,56.4799995,2492300.0,45.0855713
2015-10-14 00:00:00,56.0900002,56.5600014,56.8300018,55.9900017,2330700.0,44.6872101
2015-10-15 00:00:00,56.4000015,56.4500008,56.5299988,55.8800011,2137100.0,44.934185
2015-10-16 00:00:00,56.9399986,56.5600014,56.9599991,56.3300018,2331800.0,45.3644066
2015-10-19 00:00:00,56.6800003,56.8100014,57.0900002,56.5999985,1939100.0,45.1572609
2015-10-20 00:00:00,56.5999985,56.7000008,56.8400002,56.3199997,2025200.0,45.0935249
2015-10-21 00:00:00,56.9799995,56.6699982,57.3699989,56.5200005,3316600.0,45.3962746
2015-10-22 00:00:00,59.2299995,57.2599983,59.3600006,57.25,4470000.0,47.1888618
2015-10-23 00:00:00,58.3300018,59.2299995,59.25,58.1100006,3335100.0,46.4718246
2015-10-26 00:00:00,58.3100014,58.4599991,58.5,58.1300011,2385000.0,46.4558983
2015-10-27 00:00:00,58.2200012,58.0200005,58.4000015,57.8100014,2765400.0,46.3841934
2015-10-28 00:00:00,58.1199989,58.4900017,58.5499992,57.6899986,2353700.0,46.3045273
2015-10-29 00:00:00,58.1800003,58.0299988,58.3699989,57.6399994,1620700.0,46.3523254
2015-10-30 00:00:00,58.1100006,58.1199989,58.6300011,57.9099998,2373700.0,46.2965584
2015-11-02 00:00:00,57.9799995,58.1800003,58.2599983,57.5499992,1842500.0,46.1929893
2015-11-03 00:00:00,57.3100014,57.6899986,57.7099991,57.0499992,3530000.0,45.6591949
2015-11-04 00:00:00,57.2900009,57.5099983,57.5800018,57.1500015,2485200.0,45.6432648
2015-11-05 00:00:00,57.6199989,57.25,57.6699982,57.0900002,2419200.0,45.9061699
2015-11-06 00:00:00,56.5800018,57.3100014,57.3199997,56.1599998,3318700.0,45.0775948
2015-11-09 00:00:00,56.4300003,56.3800011,56.6699982,55.9700012,3864500.0,44.9580803
2015-11-10 00:00:00,56.6599998,56.2900009,56.8400002,56.2700005,2460300.0,45.1413345
2015-11-11 00:00:00,57.1300011,56.8300018,57.4199982,56.6699982,1907700.0,45.5157776
2015-11-12 00:00:00,56.2000008,56.6899986,57.0299988,56.2000008,2378500.0,44.7748489
2015-11-13 00:00:00,55.8100014,56.1399994,56.6500015,55.7299995,3124800.0,44.4641418
2015-11-16 00:00:00,57.1100006,55.9099998,57.1300011,55.9099998,2771000.0,45.499855
2015-11-17 00:00:00,56.1899986,57.0800018,57.2999992,56.0400009,4712300.0,44.76688
2015-11-18 00:00:00,57.1699982,56.2700005,57.2400017,56.25,2636100.0,45.5476532
2015-11-19 00:00:00,56.9099998,57.2900009,57.4099998,56.9000015,3296800.0,45.3405113
2015-11-20 00:00:00,56.75,57.2299995,57.6300011,56.6899986,2643400.0,45.2130318
2015-11-23 00:00:00,57.8100014,56.9500008,58.0299988,56.8400002,2704700.0,46.0575371
2015-11-24 00:00:00,57.9700012,57.5200005,58.1599998,57.4000015,3217800.0,46.1850204
2015-11-25 00:00:00,58.2400017,57.9799995,58.4599991,57.8699989,1912300.0,46.400135
2015-11-27 00:00:00,58.4099998,58.3300018,58.5699997,58.1100006,950200.0,46.5355682
2015-11-30 00:00:00,57.7599983,58.5699997,58.6100006,57.75,3706300.0,46.0177078
2015-12-01 00:00:00,58.2599983,58.2000008,58.9199982,57.9599991,3413900.0,46.4160614
2015-12-02 00:00:00,57.7900009,58.1399994,58.2200012,57.7200012,2674800.0,46.0416145
2015-12-03 00:00:00,57.2700005,57.8899994,58.3100014,56.9799995,4353500.0,45.627327
2015-12-04 00:00:00,58.5200005,57.4900017,58.7099991,57.4500008,4048000.0,46.6232109
2015-12-07 00:00:00,58.5800018,58.4000015,58.8300018,58.0,3932200.0,46.6709938
2015-12-08 00:00:00,59.0099983,58.0900002,59.1599998,58.0,3421500.0,47.0135918
2015-12-09 00:00:00,58.5800018,58.5800018,59.2400017,58.3800011,3309300.0,46.6709938
2015-12-10 00:00:00,58.7799988,58.5900002,59.1100006,58.2799988,2635300.0,46.8303566
2015-12-11 00:00:00,58.0999985,58.2400017,58.4399986,57.7700005,3910400.0,46.2885895
2015-12-14 00:00:00,58.4300003,58.2000008,58.6599998,57.9900017,3637300.0,46.5514984
2015-12-15 00:00:00,58.5499992,58.8499985,58.9099998,58.1899986,3975000.0,46.6470985
2015-12-16 00:00:00,59.1899986,58.7799988,59.3300018,58.3199997,4610700.0,47.1569939
2015-12-17 00:00:00,57.2299995,57.9099998,58.1800003,56.4199982,7538800.0,45.5954514
2015-12-18 00:00:00,56.9399986,56.5999985,57.7200012,56.2299995,6772600.0,45.3644066
2015-12-21 00:00:00,57.4099998,57.2799988,57.5999985,56.7900009,4099300.0,45.7388611
2015-12-22 00:00:00,58.4099998,57.6899986,58.5699997,57.4099998,3037100.0,46.5355682
2015-12-23 00:00:00,58.9199982,58.5499992,59.0,58.2799988,3050500.0,46.9418907
2015-12-24 00:00:00,58.7200012,58.9199982,58.9799995,58.5,1252400.0,46.7825508
2015-12-28 00:00:00,58.5800018,58.5400009,58.8100014,58.4300003,2344500.0,46.6709938
2015-12-29 00:00:00,58.8800011,58.7700005,59.0099983,58.7400017,2187300.0,46.9100189
2015-12-30 00:00:00,58.5600014,58.9799995,59.0499992,58.4799995,1880600.0,46.6550751
2015-12-31 00:00:00,57.6599998,58.0699997,58.2599983,57.2099991,2341900.0,45.9380341
2016-01-04 00:00:00,57.4599991,56.8400002,57.4799995,56.6599998,4257500.0,45.7787018
2016-01-05 00:00:00,57.2000008,57.6800003,57.9099998,56.9599991,3653800.0,45.5715637
2016-01-06 00:00:00,56.7299995,56.7999992,57.2000008,56.5,4709400.0,45.1971092
2016-01-07 00:00:00,55.1100006,55.7000008,55.9599991,54.9199982,5417400.0,44.2496376
2016-01-08 00:00:00,55.2900009,55.1699982,55.9399986,55.0600014,4295600.0,44.3941689
2016-01-11 00:00:00,55.9099998,55.3899994,56.0400009,55.3199997,4830800.0,44.8919907
2016-01-12 00:00:00,56.3699989,56.2099991,56.4500008,55.8199997,3511300.0,45.2613449
2016-01-13 00:00:00,55.2999992,56.4900017,56.5400009,55.1800003,4001800.0,44.4022026
2016-01-14 00:00:00,55.3499985,55.3400002,55.6399994,55.0999985,4465100.0,44.4423485
2016-01-15 00:00:00,54.7400017,54.2700005,54.9099998,54.1699982,6695500.0,43.9525528
2016-01-19 00:00:00,55.4199982,55.2999992,55.6300011,55.1100006,4203700.0,44.4985466
2016-01-20 00:00:00,54.5600014,54.7700005,55.1399994,53.7000008,4257600.0,43.8080215
2016-01-21 00:00:00,54.1199989,54.5900002,54.7799988,53.5299988,4912300.0,43.4547348
2016-01-22 00:00:00,55.3300018,54.7599983,55.5400009,54.2999992,3452200.0,44.4262772
2016-01-25 00:00:00,54.7999992,55.2799988,55.3300018,54.7200012,2848000.0,44.0007324
2016-01-26 00:00:00,55.1300011,54.8600006,55.4799995,54.8600006,2716600.0,44.2657089
2016-01-27 00:00:00,54.9399986,55.2599983,55.5999985,54.6399994,2553500.0,44.1131439
2016-01-28 00:00:00,55.2099991,55.3499985,55.7000008,54.9799995,3283400.0,44.3299294
2016-01-29 00:00:00,56.5099983,55.2099991,56.6199989,55.2099991,4407700.0,45.3737411
2016-02-01 00:00:00,56.6699982,56.5600014,56.9000015,56.2700005,2415700.0,45.5022125
2016-02-02 00:00:00,55.7999992,56.1199989,56.3800011,55.6599998,3177700.0,44.8036652
2016-02-03 00:00:00,55.6699982,55.9399986,56.2099991,55.1599998,3277500.0,44.6992798
2016-02-04 00:00:00,55.1199989,55.3800011,55.5099983,54.8400002,3089100.0,44.2576752
2016-02-05 00:00:00,55.3699989,55.1199989,55.5200005,54.9099998,3245300.0,44.4584084
2016-02-08 00:00:00,55.7200012,55.1300011,55.8899994,54.8600006,3279100.0,44.7394333
2016-02-09 00:00:00,55.9399986,55.2999992,56.2299995,54.8400002,3983100.0,44.9160728
2016-02-10 00:00:00,56.0900002,56.1599998,57.0099983,55.9799995,2991400.0,45.0365143
2016-02-11 00:00:00,55.9799995,55.4000015,56.2700005,55.3600006,3302500.0,44.948185
2016-02-12 00:00:00,56.8899994,56.1699982,56.9399986,56.0200005,3569800.0,45.6788559
2016-02-16 00:00:00,57.6599998,57.0,57.7000008,56.3400002,4095500.0,46.2971153
2016-02-17 00:00:00,58.1399994,57.9900017,58.4300003,57.5699997,5210800.0,46.6825218
2016-02-18 00:00:00,58.5999985,58.1100006,58.75,57.8400002,3141200.0,47.0518799
2016-02-19 00:00:00,58.7200012,58.5299988,59.1399994,58.2000008,2626300.0,47.1482353
2016-02-22 00:00:00,58.3699989,58.9599991,59.0900002,58.2599983,3887400.0,46.8672028
2016-02-23 00:00:00,58.8199997,58.2900009,58.9199982,58.2599983,2675300.0,47.2285271
2016-02-24 00:00:00,58.9599991,58.5299988,59.0,58.1899986,2683800.0,47.3409348
2016-02-25 00:00:00,60.1399994,59.0400009,60.1800003,58.9399986,3195700.0,48.2883873
2016-02-26 00:00:00,59.0,60.0499992,60.1500015,58.6800003,2774700.0,47.3730545
2016-02-29 00:00:00,58.8499985,58.9300003,59.3400002,58.6599998,2804200.0,47.2526131
2016-03-01 00:00:00,59.3699989,59.25,59.4599991,58.9000015,2869900.0,47.6701355
2016-03-02 00:00:00,59.5299988,59.1500015,59.5400009,58.7000008,2862700.0,47.7986107
2016-03-03 00:00:00,59.7900009,59.4900017,59.8400002,59.1100006,2272600.0,48.0073662
2016-03-04 00:00:00,60.2000008,59.7099991,60.2400017,59.5499992,2667300.0,48.3365746
2016-03-07 00:00:00,59.6199989,59.7999992,60.0,59.4099998,2242700.0,47.8708687
2016-03-08 00:00:00,59.9500008,59.3300018,60.0999985,59.2200012,3333500.0,48.1358337
2016-03-09 00:00:00,60.4399986,60.1100006,60.9199982,60.0299988,3051400.0,48.529274
2016-03-10 00:00:00,60.5299988,60.5900002,60.7400017,60.0400009,2638800.0,48.6015396
2016-03-11 00:00:00,61.0600014,60.8899994,61.2599983,60.7000008,2794600.0,49.0270958
2016-03-14 00:00:00,60.8899994,60.9900017,61.0699997,60.7000008,1920300.0,48.8906021
2016-03-15 00:00:00,61.2400017,60.6399994,61.3100014,60.2900009,2387400.0,49.171627
2016-03-16 00:00:00,61.3899994,61.1100006,61.5800018,60.5,2458800.0,49.2920609
2016-03-17 00:00:00,61.7799988,61.5699997,62.0699997,61.2999992,3229300.0,49.6052017
2016-03-18 00:00:00,61.7900009,61.8100014,61.8199997,61.3600006,8676300.0,49.6132355
2016-03-21 00:00:00,61.2999992,61.5499992,61.6599998,60.9900017,4670600.0,49.219799
2016-03-22 00:00:00,60.7900009,61.1100006,61.2200012,60.5900002,4229400.0,48.8103104
2016-03-23 00:00:00,61.0099983,60.5299988,61.3600006,60.1399994,5265200.0,48.9869576
2016-03-24 00:00:00,61.3600006,60.7999992,61.8899994,60.6699982,4916300.0,49.267971
2016-03-28 00:00:00,61.8800011,61.4500008,62.1500015,61.4500008,3444500.0,49.6855049
2016-03-29 00:00:00,62.9399986,61.9199982,63.1500015,61.7999992,6390900.0,50.5366058
2016-03-30 00:00:00,63.3100014,63.3600006,63.4700012,62.5600014,4861200.0,50.8336983
2016-03-31 00:00:00,63.3499985,63.2099991,63.7299995,63.2099991,8874500.0,50.8658104
2016-04-01 00:00:00,64.9599991,62.9000015,65.0,62.9000015,7433900.0,52.1585388
2016-04-04 00:00:00,65.3600006,65.0,65.3799973,64.1399994,6174600.0,52.4797134
2016-04-05 00:00:00,64.2799988,65.3700027,65.4899979,64.2200012,4835500.0,51.6125336
2016-04-06 00:00:00,64.1399994,64.4199982,64.4899979,63.7900009,5110500.0,51.5001259
2016-04-07 00:00:00,63.1199989,63.1399994,63.5600014,62.7799988,4445900.0,51.047245
2016-04-08 00:00:00,63.2999992,63.2000008,63.4399986,62.9199982,3470900.0,51.1928101
2016-04-11 00:00:00,62.8800011,63.4199982,63.6800003,62.7099991,3295900.0,50.853138
2016-04-12 00:00:00,63.4599991,63.1199989,63.5900002,62.9700012,3606400.0,51.3222046
2016-04-13 00:00:00,62.6899986,63.4500008,63.5200005,62.5,2559100.0,50.6994743
2016-04-14 00:00:00,62.1100006,62.6800003,62.8199997,62.0600014,2687300.0,50.2304153
2016-04-15 00:00:00,62.4500008,62.2400017,62.4700012,61.9500008,2960500.0,50.505394
2016-04-18 00:00:00,62.5299988,62.4500008,62.6199989,62.1100006,3185900.0,50.5700798
2016-04-19 00:00:00,62.3800011,62.7000008,62.7400017,62.0400009,2135100.0,50.4487762
2016-04-20 00:00:00,61.6399994,62.3699989,62.3699989,61.5999985,2464800.0,49.8503151
2016-04-21 00:00:00,60.1199989,61.5800018,61.6599998,60.0999985,3570000.0,48.6210327
2016-04-22 00:00:00,60.5600014,60.2299995,60.5900002,60.0400009,3207100.0,48.9768791
2016-04-25 00:00:00,61.0900002,60.4500008,61.2700005,60.3499985,2258700.0,49.4055023
2016-04-26 00:00:00,60.7099991,61.1199989,61.2799988,60.5800018,2164200.0,49.0981903
2016-04-27 00:00:00,61.1300011,60.9000015,61.4700012,60.5699997,2685500.0,49.4378548
2016-04-28 00:00:00,61.2599983,60.7000008,61.6599998,60.3899994,2166100.0,49.5429916
2016-04-29 00:00:00,61.3400002,61.0600014,61.4700012,60.8899994,2703200.0,49.6076851
2016-05-02 00:00:00,62.2200012,61.5900002,62.3600006,61.5200005,2848500.0,50.3193855
2016-05-03 00:00:00,61.6500015,61.9199982,62.2000008,61.4700012,2731500.0,49.8583908
2016-05-04 00:00:00,61.7400017,61.3300018,62.0600014,61.2099991,2648100.0,49.9311943
2016-05-05 00:00:00,62.0800018,61.7999992,62.2900009,61.7799988,3084800.0,50.2061501
2016-05-06 00:00:00,62.1100006,62.0699997,62.2700005,61.4599991,2271900.0,50.2304153
2016-05-09 00:00:00,62.7299995,62.2099991,62.8800011,62.0,2418900.0,50.7318382
2016-05-10 00:00:00,63.7299995,62.8800011,63.7999992,62.7299995,3245700.0,51.5405693
2016-05-11 00:00:00,64.0100021,63.7299995,64.3700027,63.7000008,3449800.0,51.7670097
2016-05-12 00:00:00,64.7200012,64.1299973,64.7799988,64.0800018,2563800.0,52.3412056
2016-05-13 00:00:00,64.5199966,64.6100006,65.1100006,64.1699982,2763800.0,52.1794624
2016-05-16 00:00:00,64.5699997,64.3899994,64.7900009,64.2300034,2274800.0,52.2198906
2016-05-17 00:00:00,62.9900017,64.3000031,64.4300003,62.7400017,3497200.0,50.9421082
2016-05-18 00:00:00,62.3899994,62.7200012,62.8199997,61.9300003,3023600.0,50.4568596
2016-05-19 00:00:00,62.9199982,62.2799988,62.9500008,62.0600014,2577100.0,50.8854866
2016-05-20 00:00:00,62.4500008,62.9099998,62.9099998,62.2799988,3313300.0,50.505394
2016-05-23 00:00:00,62.7000008,62.5499992,63.0299988,62.4900017,2127200.0,50.7075691
2016-05-24 00:00:00,62.4000015,61.6899986,62.7200012,61.5999985,4197400.0,50.4649429
2016-05-25 00:00:00,62.3600006,62.5099983,62.75,62.2000008,2631400.0,50.4326019
2016-05-26 00:00:00,62.8699989,62.5299988,63.1199989,62.4199982,1776300.0,50.8450546
2016-05-27 00:00:00,62.8699989,62.7099991,63.2299995,62.6500015,1634100.0,50.8450546
2016-05-31 00:00:00,62.7799988,62.9599991,63.3499985,62.5499992,3160700.0,50.7722588
2016-06-01 00:00:00,63.1699982,62.7700005,63.3300018,62.6500015,2538500.0,51.087677
2016-06-02 00:00:00,63.2299995,63.0699997,63.2599983,62.8400002,1593600.0,51.1361961
2016-06-03 00:00:00,63.6899986,63.2000008,63.8400002,63.1899986,1979900.0,51.5082207
2016-06-06 00:00:00,63.5800018,63.6599998,63.8899994,63.2700005,1649200.0,51.4192581
2016-06-07 00:00:00,64.0199966,63.6800003,64.1699982,63.6300011,2000500.0,51.7750969
2016-06-08 00:00:00,64.4199982,64.0,64.4899979,63.8300018,2323200.0,52.0985909
2016-06-09 00:00:00,65.3399963,64.4300003,65.3899994,64.3499985,2460600.0,52.8426285
2016-06-10 00:00:00,65.4100037,65.0599976,65.5,65.0100021,2677100.0,52.8992386
2016-06-13 00:00:00,64.8499985,65.0199966,65.4899979,64.7300034,2400100.0,52.4463539
2016-06-14 00:00:00,65.0400009,64.6399994,65.1299973,64.2900009,2671400.0,52.6000023
2016-06-15 00:00:00,64.8899994,64.9700012,65.25,64.7099991,2042400.0,52.4787025
2016-06-16 00:00:00,65.7799988,64.8399963,65.7900009,64.7699966,2147100.0,53.1984596
2016-06-17 00:00:00,65.8099976,65.6299973,65.8199997,65.0899963,3331300.0,53.2227249
2016-06-20 00:00:00,65.8799973,65.9700012,66.4100037,65.8700027,2321600.0,53.2793236
2016-06-21 00:00:00,66.5199966,66.0699997,66.6600037,65.9899979,3132800.0,53.796917
2016-06-22 00:00:00,66.4000015,66.5899963,66.7900009,66.1999969,2630200.0,53.6998825
2016-06-23 00:00:00,66.7699966,66.75,66.8799973,66.2600021,2107800.0,53.999115
2016-06-24 00:00:00,66.1399994,65.6600037,66.8499985,65.4100037,4836000.0,53.4896088
2016-06-27 00:00:00,66.1900024,65.8300018,66.4000015,65.6299973,4252300.0,53.5300522
2016-06-28 00:00:00,65.7600021,66.25,66.25,65.1600037,4961400.0,53.1822891
2016-06-29 00:00:00,67.8600006,66.1699982,67.9100037,65.6399994,7759700.0,54.8806305
2016-06-30 00:00:00,71.3199997,68.0,71.7799988,68.0,12380000.0,57.6788406
2016-07-01 00:00:00,71.9400024,71.1900024,72.1900024,70.8600006,6075900.0,58.1802559
2016-07-05 00:00:00,72.1100006,71.8799973,72.6600037,71.7300034,4806000.0,58.317749
2016-07-06 00:00:00,72.5599976,72.2699966,72.9499969,71.8600006,7086800.0,58.6816635
2016-07-07 00:00:00,72.0199966,72.4400024,72.7699966,71.7699966,4383900.0,58.6328239
2016-07-08 00:00:00,72.4599991,72.3899994,72.4800034,71.5599976,4234100.0,58.9910583
2016-07-11 00:00:00,71.8099976,72.2699966,72.3000031,71.6999969,3559900.0,58.4618607
2016-07-12 00:00:00,71.4199982,71.4700012,71.8099976,71.1200027,3486500.0,58.1443672
2016-07-13 00:00:00,71.9400024,71.4899979,71.9700012,71.3600006,2852100.0,58.5676994
2016-07-14 00:00:00,72.0899963,71.6900024,72.3199997,71.6800003,2689500.0,58.6898117
2016-07-15 00:00:00,72.0199966,72.25,72.2799988,71.8499985,2848900.0,58.6328239
2016-07-18 00:00:00,72.2799988,72.1900024,72.4000015,71.9700012,2217100.0,58.8445015
2016-07-19 00:00:00,72.6399994,72.2099991,72.6600037,72.0,1996200.0,59.1375885
2016-07-20 00:00:00,71.6999969,72.6500015,72.6999969,71.6399994,2841000.0,58.3722992
2016-07-21 00:00:00,71.2099991,71.7099991,71.7200012,70.9899979,3008800.0,57.9733887
2016-07-22 00:00:00,71.2200012,71.4400024,71.6399994,71.0699997,3079200.0,57.9815445
2016-07-25 00:00:00,71.6900024,71.2099991,71.7200012,71.1500015,2574700.0,58.3641777
2016-07-26 00:00:00,71.2799988,71.6500015,72.5100021,71.1900024,2592100.0,58.0303688
2016-07-27 00:00:00,70.5500031,71.4800034,71.5899963,70.4000015,4578300.0,57.4360809
2016-07-28 00:00:00,71.3399963,70.5100021,71.4400024,70.5,2724500.0,58.0792351
2016-07-29 00:00:00,71.8899994,71.1900024,72.2200012,71.1699982,2728800.0,58.5269966
2016-08-01 00:00:00,71.6299973,71.9800034,72.1500015,71.4000015,3417600.0,58.3153419
2016-08-02 00:00:00,70.9700012,71.5500031,71.7200012,70.8199997,4370300.0,57.7779999
2016-08-03 00:00:00,69.7799988,71.1200027,71.1399994,69.2300034,5387400.0,56.8091927
2016-08-04 00:00:00,70.4899979,70.0,70.5100021,69.9199982,4234700.0,57.3872299
2016-08-05 00:00:00,70.5500031,70.5,70.8000031,70.3000031,2539200.0,57.4360809
2016-08-08 00:00:00,70.6299973,70.4899979,70.8799973,70.1500015,2428700.0,57.5012054
2016-08-09 00:00:00,70.9300003,70.75,71.0599976,70.5299988,2333000.0,57.7454529
2016-08-10 00:00:00,71.0599976,70.9599991,71.3000031,70.8300018,2189600.0,57.8512764
2016-08-11 00:00:00,71.0699997,71.0999985,71.2799988,70.8600006,2212700.0,57.8594131
2016-08-12 00:00:00,71.1699982,71.1600037,71.4499969,71.0100021,1871300.0,57.9408417
2016-08-15 00:00:00,71.0400009,71.0299988,71.1699982,70.7799988,2096200.0,57.8349915
2016-08-16 00:00:00,70.5,70.5699997,70.9899979,70.3700027,2642300.0,57.3953781
2016-08-17 00:00:00,70.5599976,70.5100021,70.8700027,70.2200012,3923300.0,57.4442253
2016-08-18 00:00:00,71.2699966,70.5599976,71.4000015,70.5100021,2517000.0,58.0222359
2016-08-19 00:00:00,71.4499969,71.2600021,71.5,70.9199982,2543700.0,58.1687813
2016-08-22 00:00:00,71.5599976,71.5299988,71.8199997,71.2699966,2277400.0,58.2583313
2016-08-23 00:00:00,71.0999985,71.5599976,71.6299973,70.9300003,2270300.0,57.8838425
2016-08-24 00:00:00,71.0,71.0,71.0599976,70.4599991,2494700.0,57.8024216
2016-08-25 00:00:00,71.3899994,70.8199997,71.9599991,70.7600021,3197300.0,58.1199379
2016-08-26 00:00:00,70.8700027,71.3399963,71.6800003,70.6900024,1975300.0,57.6965981
2016-08-29 00:00:00,71.4199982,70.9899979,71.5699997,70.9899979,2489600.0,58.1443672
2016-08-30 00:00:00,70.5100021,71.3899994,71.5800018,70.3499985,4402700.0,57.403511
2016-08-31 00:00:00,70.8199997,70.5599976,70.9100037,70.3799973,3776200.0,57.6558952
2016-09-01 00:00:00,70.1100006,70.6699982,70.8000031,69.6600037,4253500.0,57.0778618
2016-09-02 00:00:00,70.9400024,70.5699997,71.1200027,70.4499969,2446600.0,57.7535934
2016-09-06 00:00:00,70.9000015,71.0400009,71.3300018,70.3600006,3566500.0,57.7210121
2016-09-07 00:00:00,67.8499985,70.4499969,70.6399994,67.6100006,6769900.0,55.2379608
2016-09-08 00:00:00,67.4700012,67.5999985,68.0699997,67.3099976,4110500.0,54.9286003
2016-09-09 00:00:00,65.0500031,66.9700012,66.9800034,65.0500031,6391300.0,52.9584198
2016-09-12 00:00:00,66.2799988,65.0,66.4199982,65.0,4290800.0,53.9597816
2016-09-13 00:00:00,65.5999985,66.4899979,66.5299988,65.5500031,3536400.0,53.4061966
2016-09-14 00:00:00,65.4800034,65.8099976,66.0100021,65.2099991,3010700.0,53.3084984
2016-09-15 00:00:00,65.5400009,65.2200012,65.7200012,65.1399994,2821300.0,53.3573341
2016-09-16 00:00:00,65.1900024,65.2600021,65.4599991,64.8300018,3705300.0,53.072403
2016-09-19 00:00:00,65.2099991,65.0500031,65.5100021,64.9599991,2546000.0,53.0886879
2016-09-20 00:00:00,64.6999969,65.1999969,65.4000015,64.6600037,3527600.0,52.6734886
2016-09-21 00:00:00,65.2600021,64.0599976,65.3700027,63.1500015,5468900.0,53.1293983
2016-09-22 00:00:00,65.0599976,65.2600021,65.5699997,64.7900009,4140200.0,52.9665604
2016-09-23 00:00:00,64.6500015,64.8899994,65.2399979,64.6500015,3252600.0,52.6327782
2016-09-26 00:00:00,63.9000015,64.4499969,64.4800034,63.7999992,3176500.0,52.0221901
2016-09-27 00:00:00,63.9199982,64.0599976,64.0800018,63.5600014,2693100.0,52.0384712
2016-09-28 00:00:00,64.0800018,64.1500015,64.1900024,63.7599983,2474900.0,52.1687241
2016-09-29 00:00:00,63.6599998,64.0500031,64.3899994,63.6500015,3006600.0,51.8268013
2016-09-30 00:00:00,63.8800011,63.9199982,64.1800003,63.6899986,3328400.0,52.0059013
2016-10-03 00:00:00,63.8800011,63.7599983,64.0199966,63.3800011,2758800.0,52.0059013
2016-10-04 00:00:00,63.0499992,63.8600006,63.9199982,62.8899994,3618000.0,51.3301926
2016-10-05 00:00:00,62.3600006,62.6100006,62.8800011,62.0299988,5118100.0,51.157917
2016-10-06 00:00:00,62.4199982,62.1599998,62.6500015,62.0200005,3091400.0,51.2071304
2016-10-07 00:00:00,62.1300011,62.4000015,62.5900002,61.6399994,2759300.0,50.9692345
2016-10-10 00:00:00,62.4399986,62.4500008,62.7700005,62.1699982,2847000.0,51.2235413
2016-10-11 00:00:00,61.9500008,62.2799988,62.3800011,61.7099991,3007500.0,50.8215599
2016-10-12 00:00:00,62.1300011,62.1699982,62.3100014,61.8899994,2832500.0,50.9692345
2016-10-13 00:00:00,62.2200012,61.7599983,62.2599983,61.6800003,2683200.0,51.0430679
2016-10-14 00:00:00,61.7799988,62.4199982,62.4799995,61.7299995,3337200.0,50.6820946
2016-10-17 00:00:00,61.7700005,62.4799995,62.4799995,61.7099991,3404100.0,50.6738892
2016-10-18 00:00:00,61.9099998,62.2400017,62.25,61.7299995,5041300.0,50.7887459
2016-10-19 00:00:00,61.5699997,61.9500008,61.9500008,61.3400002,4423300.0,50.5098228
2016-10-20 00:00:00,61.0,61.5600014,61.5600014,60.9399986,4403100.0,50.0422134
2016-10-21 00:00:00,60.7099991,60.7900009,60.9199982,60.4399986,3710000.0,49.8043098
2016-10-24 00:00:00,60.8899994,60.9900017,61.2400017,60.5800018,3040500.0,49.9519806
2016-10-25 00:00:00,61.0999985,60.9700012,61.1399994,60.8499985,2012000.0,50.1242523
2016-10-26 00:00:00,60.8400002,61.2000008,61.3199997,60.7700005,1852600.0,49.9109535
2016-10-27 00:00:00,60.7200012,61.0099983,61.2200012,60.6300011,2277500.0,49.8125153
2016-10-28 00:00:00,61.6599998,60.8400002,61.8499985,60.7900009,2750100.0,50.5836601
2016-10-31 00:00:00,61.9799995,61.7000008,62.0200005,61.5,2745300.0,50.8461761
2016-11-01 00:00:00,61.6300011,62.1599998,62.1899986,61.3899994,3449700.0,50.5590477
2016-11-02 00:00:00,61.3800011,61.6199989,61.9099998,61.3600006,2889600.0,50.3539543
2016-11-03 00:00:00,61.1199989,61.3600006,61.6699982,61.0499992,2317100.0,50.1406555
2016-11-04 00:00:00,60.6500015,61.0499992,61.2099991,60.6500015,2578300.0,49.7550888
2016-11-07 00:00:00,61.8300018,61.0299988,61.9399986,60.9099998,3173900.0,50.7231102
2016-11-08 00:00:00,63.7099991,61.8600006,63.9300003,61.8400002,4599900.0,52.2653999
2016-11-09 00:00:00,62.7400017,62.4199982,62.9500008,61.1699982,4893200.0,51.4696465
2016-11-10 00:00:00,61.0699997,62.4199982,62.5099983,60.8100014,6338200.0,50.0996399
2016-11-11 00:00:00,61.0400009,61.0900002,61.6500015,60.5499992,3329700.0,50.0750275
2016-11-14 00:00:00,61.2000008,60.9300003,61.4700012,60.6599998,3466500.0,50.2062912
2016-11-15 00:00:00,61.2999992,61.4700012,61.6199989,61.0,3852400.0,50.2883263
2016-11-16 00:00:00,61.2599983,61.3300018,61.7200012,61.0600014,3284300.0,50.2555084
2016-11-17 00:00:00,61.3600006,61.3199997,61.6899986,60.9700012,2902900.0,50.3375473
2016-11-18 00:00:00,61.2599983,61.3600006,61.6300011,60.9799995,2227900.0,50.2555084
2016-11-21 00:00:00,61.6300011,61.2599983,61.7799988,60.9500008,2392800.0,50.5590477
2016-11-22 00:00:00,62.6800003,61.9300003,62.7999992,61.9199982,2739500.0,51.4204292
2016-11-23 00:00:00,61.4799995,62.4199982,62.75,61.3899994,2557400.0,50.4359932
2016-11-25 00:00:00,62.2999992,61.7400017,62.2999992,61.7400017,1069500.0,51.108696
2016-11-28 00:00:00,62.0800018,62.1199989,62.3800011,61.8800011,2206300.0,50.9282074
2016-11-29 00:00:00,62.6599998,62.25,62.8100014,61.7900009,3143600.0,51.4040184
2016-11-30 00:00:00,60.9399986,62.3300018,62.4000015,60.9099998,5940000.0,49.9929886
2016-12-01 00:00:00,60.5900002,60.9199982,60.9199982,60.3699989,3215100.0,49.705864
2016-12-02 00:00:00,60.9399986,60.7900009,61.1899986,60.5800018,2349200.0,49.9929886
2016-12-05 00:00:00,61.1300011,61.0,61.1599998,60.8300018,2133000.0,50.1488647
2016-12-06 00:00:00,61.0299988,61.1800003,61.3800011,60.7999992,1821400.0,50.0668259
2016-12-07 00:00:00,62.9900017,61.2400017,63.2700005,61.2400017,3564600.0,51.6747398
2016-12-08 00:00:00,62.4799995,62.7000008,62.7700005,62.1300011,2646200.0,51.2563591
2016-12-09 00:00:00,63.2000008,62.5600014,63.2200012,62.3600006,1938500.0,51.8470154
2016-12-12 00:00:00,63.8699989,63.0499992,63.9199982,63.0499992,1802600.0,52.3966599
2016-12-13 00:00:00,63.7400017,63.8499985,64.0299988,63.4700012,3113000.0,52.2900162
2016-12-14 00:00:00,62.8699989,63.9000015,64.0599976,62.6699982,2594100.0,51.5762978
2016-12-15 00:00:00,62.8199997,62.0699997,62.9700012,61.9199982,2963700.0,51.5352745
2016-12-16 00:00:00,63.5,62.8800011,63.6699982,62.8800011,3883900.0,52.0931206
2016-12-19 00:00:00,63.0600014,63.7400017,63.7400017,62.9099998,2913300.0,51.7321663
2016-12-20 00:00:00,61.4500008,61.0600014,62.1899986,60.5200005,6168100.0,50.411377
2016-12-21 00:00:00,62.3899994,61.4199982,62.9500008,61.4000015,4290200.0,51.1825218
2016-12-22 00:00:00,62.4599991,62.2799988,62.5200005,62.0200005,2645300.0,51.2399445
2016-12-23 00:00:00,62.1599998,62.4599991,62.4700012,61.8699989,1460100.0,50.9938431
2016-12-27 00:00:00,62.2000008,62.3199997,62.4300003,61.9700012,1599700.0,51.0266495
2016-12-28 00:00:00,61.8899994,62.1100006,62.5,61.6699982,1701700.0,50.7723389
2016-12-29 00:00:00,62.3600006,61.7099991,62.4199982,61.6699982,1483300.0,51.157917
2016-12-30 00:00:00,61.7700005,62.3699989,62.4700012,61.5800018,1937700.0,50.6738892
2017-01-03 00:00:00,62.0900002,62.0900002,62.2400017,61.3600006,2327900.0,50.9364052
2017-01-04 00:00:00,62.0699997,62.0499992,62.5600014,61.9500008,2137200.0,50.920002
2017-01-05 00:00:00,62.25,62.0,62.4700012,61.7099991,2558500.0,51.0676689
2017-01-06 00:00:00,61.4700012,61.7200012,61.8199997,61.3600006,2282000.0,50.8196449
2017-01-09 00:00:00,60.5600014,61.3600006,61.5600014,60.5200005,3408900.0,50.0673218
2017-01-10 00:00:00,60.4500008,60.5999985,60.7299995,60.2700005,3244300.0,49.9763718
2017-01-11 00:00:00,60.9799995,60.4500008,61.1100006,60.3100014,3374000.0,50.414547
2017-01-12 00:00:00,61.2700005,60.9199982,61.8800011,60.8600006,2961800.0,50.6543007
2017-01-13 00:00:00,61.0800018,61.2099991,61.4700012,60.9300003,1853800.0,50.4972229
2017-01-17 00:00:00,61.9799995,60.9599991,62.0600014,60.9599991,2775100.0,51.2412834
2017-01-18 00:00:00,62.0800018,61.8800011,62.2799988,61.8199997,2116400.0,51.3239594
2017-01-19 00:00:00,61.6500015,62.1100006,62.1300011,61.6199989,2421500.0,50.9684639
2017-01-20 00:00:00,62.4199982,62.0,62.7200012,61.9199982,3104000.0,51.6050491
2017-01-23 00:00:00,62.1199989,62.1899986,62.3499985,61.5499992,2837400.0,51.3570137
2017-01-24 00:00:00,62.6699982,62.0699997,62.8899994,62.0600014,2632500.0,51.8117371
2017-01-25 00:00:00,63.0099983,62.8400002,63.1100006,62.4199982,2681400.0,52.092823
2017-01-26 00:00:00,62.7000008,62.8899994,63.0400009,62.4199982,1957100.0,51.8365402
2017-01-27 00:00:00,62.7200012,62.75,62.8600006,62.2799988,1845100.0,51.8530693
2017-01-30 00:00:00,62.5999985,62.5600014,62.9399986,62.3300018,1692300.0,51.7538643
2017-01-31 00:00:00,62.4799995,62.5999985,62.9500008,62.3199997,3543600.0,51.6546516
2017-02-01 00:00:00,61.3699989,62.3199997,62.4500008,61.3600006,2644100.0,50.7369766
2017-02-02 00:00:00,61.7200012,61.6399994,62.0200005,61.5,2167900.0,51.0263329
2017-02-03 00:00:00,62.7299995,62.1300011,62.9900017,61.8699989,2532400.0,51.8613358
2017-02-06 00:00:00,61.4399986,62.5400009,62.6100006,61.4000015,2335600.0,50.7948494
2017-02-07 00:00:00,61.8199997,61.6800003,61.8899994,61.5200005,1622800.0,51.109005
2017-02-08 00:00:00,62.2200012,61.7400017,62.3300018,61.6300011,1682200.0,51.4397049
2017-02-09 00:00:00,63.0600014,62.2200012,63.2299995,62.0099983,2509300.0,52.1341705
2017-02-10 00:00:00,62.7599983,62.8600006,63.3400002,62.6300011,1977900.0,51.8861313
2017-02-13 00:00:00,62.8899994,62.7700005,63.0299988,62.4399986,1843600.0,51.993618
2017-02-14 00:00:00,63.0900002,62.8100014,63.7299995,62.5400009,3639700.0,52.1589699
2017-02-15 00:00:00,63.1899986,62.6800003,63.3499985,62.0099983,2651400.0,52.2416344
2017-02-16 00:00:00,61.5400009,63.0699997,63.2700005,61.3899994,6019600.0,50.8775253
2017-02-17 00:00:00,59.2299995,58.8899994,60.1800003,58.7000008,11680900.0,48.9677429
2017-02-21 00:00:00,61.0200005,60.9199982,61.5900002,60.0299988,7527700.0,50.4476204
2017-02-22 00:00:00,60.5900002,60.75,60.9900017,60.2400017,3327000.0,50.0921135
2017-02-23 00:00:00,60.7799988,60.8899994,60.9799995,60.4599991,2499900.0,50.2491989
2017-02-24 00:00:00,61.3699989,60.8300018,61.3800011,60.7599983,2594300.0,50.7369766
2017-02-27 00:00:00,59.9399986,61.1100006,61.1100006,59.7900009,3803800.0,49.5547295
2017-02-28 00:00:00,60.3699989,60.0800018,60.6599998,59.9900017,3654100.0,49.9102325
2017-03-01 00:00:00,60.5499992,60.7799988,60.9399986,60.0999985,3178700.0,50.0590553
2017-03-02 00:00:00,60.9099998,60.5999985,60.9700012,60.3400002,3826700.0,50.3566856
2017-03-03 00:00:00,60.7299995,60.9799995,61.0,60.5,1891300.0,50.207859
2017-03-06 00:00:00,60.4300003,60.4599991,60.6300011,60.0999985,2246100.0,49.9598427
2017-03-07 00:00:00,60.25,60.4900017,60.9000015,60.2000008,2282400.0,49.8110199
2017-03-08 00:00:00,60.0699997,60.2999992,60.3600006,59.9500008,2114800.0,49.6622086
2017-03-09 00:00:00,60.6300011,60.25,60.6800003,60.0,2272100.0,50.1251831
2017-03-10 00:00:00,60.5699997,60.9099998,61.0999985,60.5,2745300.0,50.0755806
2017-03-13 00:00:00,60.5200005,60.4700012,60.5600014,60.1500015,2988300.0,50.0342445
2017-03-14 00:00:00,60.4599991,60.5200005,60.5900002,60.2599983,1710500.0,49.9846344
2017-03-15 00:00:00,61.1599998,60.4300003,61.3400002,60.3899994,4713100.0,50.5633545
2017-03-16 00:00:00,60.8100014,60.9900017,61.1500015,60.5099983,4250100.0,50.2740021
2017-03-17 00:00:00,60.6599998,61.0699997,61.1500015,60.6300011,10957800.0,50.1499901
2017-03-20 00:00:00,60.2599983,60.7700005,60.9500008,60.2599983,4817600.0,49.8192863
2017-03-21 00:00:00,59.7599983,59.6599998,60.75,59.5099983,5442300.0,49.4059219
2017-03-22 00:00:00,58.9399986,59.4799995,59.5999985,58.5900002,5135300.0,48.727993
2017-03-23 00:00:00,59.3699989,58.9099998,59.7000008,58.9099998,2982100.0,49.0834923
2017-03-24 00:00:00,59.1599998,59.6399994,59.75,59.0099983,3070900.0,48.909874
2017-03-27 00:00:00,58.7900009,59.0099983,59.2900009,58.7599983,3263800.0,48.6039925
2017-03-28 00:00:00,59.0099983,58.7700005,59.2200012,58.6100006,2517900.0,48.785862
2017-03-29 00:00:00,59.4399986,59.1800003,59.5299988,58.9599991,2505500.0,49.1413651
2017-03-30 00:00:00,59.0699997,59.4099998,59.5499992,59.0299988,1936200.0,48.8354683
2017-03-31 00:00:00,59.0099983,59.0999985,59.4500008,59.0,2506800.0,48.785862
2017-04-03 00:00:00,58.5499992,59.0499992,59.2200012,58.3800011,3398400.0,48.4055672
2017-04-04 00:00:00,58.3800011,58.5900002,58.8400002,58.0999985,3430300.0,48.2650223
2017-04-05 00:00:00,58.25,58.4399986,58.8400002,58.25,3185000.0,48.1575394
2017-04-06 00:00:00,57.6899986,57.8899994,58.0299988,57.5,3471100.0,48.0908623
2017-04-07 00:00:00,57.6500015,57.8199997,57.9099998,57.6199989,2217200.0,48.0575142
2017-04-10 00:00:00,57.5200005,57.6800003,57.8800011,57.4500008,2483400.0,47.9491539
2017-04-11 00:00:00,57.4199982,57.4700012,57.6100006,57.1399994,2494700.0,47.8657837
2017-04-12 00:00:00,57.5800018,57.25,57.8199997,57.2400017,3230500.0,47.999157
2017-04-13 00:00:00,57.1699982,57.5299988,57.7999992,57.1699982,2226400.0,47.6573753
2017-04-17 00:00:00,57.5999985,57.2599983,57.7200012,57.2000008,2333100.0,48.015831
2017-04-18 00:00:00,58.1599998,57.7000008,58.5999985,57.5999985,3223700.0,48.4826584
2017-04-19 00:00:00,57.8400002,58.2000008,58.4099998,57.6899986,2464100.0,48.2159004
2017-04-20 00:00:00,57.8800011,57.8499985,58.1300011,57.4599991,2967000.0,48.2492485
2017-04-21 00:00:00,57.7299995,57.8300018,58.0499992,57.6300011,2219700.0,48.1242104
2017-04-24 00:00:00,58.1399994,58.0299988,58.2700005,57.8899994,2638900.0,48.4659805
2017-04-25 00:00:00,58.2400017,58.1699982,58.3600006,58.0200005,2549800.0,48.5493393
2017-04-26 00:00:00,57.8800011,58.2900009,58.3300018,57.75,2401900.0,48.2492485
2017-04-27 00:00:00,57.4099998,58.0400009,58.0600014,57.3300018,2393000.0,47.8574448
2017-04-28 00:00:00,57.5099983,57.5,57.5600014,57.1399994,3564900.0,47.9408073
2017-05-01 00:00:00,56.5999985,57.5600014,57.6399994,56.5900002,3035900.0,47.1822243
2017-05-02 00:00:00,55.9199982,56.9000015,56.9000015,55.7999992,4419900.0,46.6153717
2017-05-03 00:00:00,56.0499992,55.9900017,56.2400017,55.6699982,3473900.0,46.7237434
2017-05-04 00:00:00,57.0499992,56.1100006,60.2099991,55.9599991,19747400.0,47.5573387
2017-05-05 00:00:00,57.2999992,57.3300018,57.4500008,57.0600014,3745900.0,47.7657547
2017-05-08 00:00:00,57.4000015,57.3699989,57.7400017,57.0900002,2982400.0,47.8491135
2017-05-09 00:00:00,56.3699989,57.4000015,57.4900017,56.1300011,4154600.0,46.9904938
2017-05-10 00:00:00,56.3400002,56.3699989,56.5499992,56.2099991,3914500.0,46.9654884
2017-05-11 00:00:00,56.2599983,56.4000015,56.4399986,55.8899994,3963700.0,46.8987961
2017-05-12 00:00:00,56.25,56.1599998,56.3199997,56.0800018,2316200.0,46.890461
2017-05-15 00:00:00,56.3600006,56.3199997,56.5900002,56.1800003,2239100.0,46.9821625
2017-05-16 00:00:00,56.0900002,56.4399986,56.4500008,56.0299988,2303400.0,46.7570839
2017-05-17 00:00:00,56.0299988,56.0900002,56.2900009,55.5699997,2786700.0,46.7070694
2017-05-18 00:00:00,55.9099998,56.0,56.1599998,55.75,3304400.0,46.6070328
2017-05-19 00:00:00,56.2299995,55.9199982,56.3300018,55.6300011,3748600.0,46.8737946
2017-05-22 00:00:00,56.7099991,56.0900002,56.8600006,56.0900002,3703000.0,47.2739182
2017-05-23 00:00:00,56.6899986,56.7200012,56.9700012,56.5699997,2544200.0,47.2572479
2017-05-24 00:00:00,56.9099998,56.6800003,56.9500008,56.5600014,2388300.0,47.4406471
2017-05-25 00:00:00,56.8300018,56.8899994,57.0200005,56.6899986,2115500.0,47.3739548
2017-05-26 00:00:00,57.3199997,56.9700012,57.3199997,56.7700005,2920400.0,47.7824135
2017-05-30 00:00:00,56.5699997,57.0699997,57.1100006,56.2599983,5513700.0,47.1572189
2017-05-31 00:00:00,56.7400017,56.5,57.0299988,56.4300003,6567500.0,47.2989311
2017-06-01 00:00:00,57.5499992,56.8899994,57.5499992,56.6199989,3283900.0,47.9741516
2017-06-02 00:00:00,57.5499992,57.6899986,57.7200012,57.2400017,3544900.0,47.9741516
2017-06-05 00:00:00,57.4399986,57.4700012,57.5900002,57.0900002,2734200.0,47.8824539
2017-06-06 00:00:00,57.5299988,57.4300003,57.7200012,57.2000008,3384200.0,47.9574738
2017-06-07 00:00:00,57.7000008,57.5999985,57.8300018,57.3499985,3034700.0,48.0991898
2017-06-08 00:00:00,57.2000008,57.7000008,57.8300018,57.1699982,3650800.0,47.6823921
2017-06-09 00:00:00,57.0900002,57.0699997,57.4599991,56.8600006,2866000.0,47.5907021
2017-06-12 00:00:00,57.2400017,57.0900002,57.5999985,56.9599991,3851800.0,47.7157364
2017-06-13 00:00:00,58.1699982,57.2299995,58.2799988,56.7099991,4012700.0,48.4909897
2017-06-14 00:00:00,58.75,58.3600006,59.5800018,58.2999992,6702700.0,48.9744797
2017-06-15 00:00:00,58.8300018,58.7400017,58.9399986,58.3600006,4683600.0,49.041172
2017-06-16 00:00:00,57.0999985,58.6100006,58.7900009,56.6800003,7376700.0,47.5990295
2017-06-19 00:00:00,57.1199989,57.3100014,57.3199997,56.7000008,3401000.0,47.6156998
2017-06-20 00:00:00,56.7400017,57.1800003,57.2700005,56.7299995,2313700.0,47.2989311
2017-06-21 00:00:00,56.2099991,56.8300018,56.9500008,56.0900002,2691100.0,46.8571205
2017-06-22 00:00:00,56.0,56.1599998,56.4399986,55.9000015,3037500.0,46.6820564
2017-06-23 00:00:00,55.9399986,55.9399986,56.1899986,55.7599983,5621900.0,46.6320381
2017-06-26 00:00:00,56.1699982,56.0099983,56.4599991,55.8800011,3095100.0,46.8237686
2017-06-27 00:00:00,55.5200005,56.0200005,56.3499985,55.5099983,4248800.0,46.281929
2017-06-28 00:00:00,56.4199982,56.8699989,57.7900009,56.3199997,6688600.0,47.0321808
2017-06-29 00:00:00,54.9700012,56.4000015,56.4500008,54.8899994,6560700.0,45.8234406
2017-06-30 00:00:00,55.4000015,55.1100006,55.7700005,55.0299988,4250800.0,46.1818924
2017-07-03 00:00:00,55.1800003,55.2900009,55.5,55.0999985,2083100.0,45.9985046
2017-07-05 00:00:00,54.8100014,55.2299995,55.5699997,54.8100014,4845500.0,45.6900673
2017-07-06 00:00:00,53.8199997,54.2099991,54.4500008,53.7599983,5105600.0,45.2695007
2017-07-07 00:00:00,53.6300011,53.8699989,53.9599991,53.5499992,3825200.0,45.1096878
2017-07-10 00:00:00,53.4000015,53.7299995,53.7799988,53.3100014,3209300.0,44.9162331
2017-07-11 00:00:00,53.5299988,53.2900009,54.0099983,53.2400017,7055300.0,45.0255623
2017-07-12 00:00:00,53.4399986,53.8800011,54.0999985,53.4099998,3962400.0,44.9498749
2017-07-13 00:00:00,53.2799988,53.4099998,53.5600014,53.2400017,3247000.0,44.8152924
2017-07-14 00:00:00,53.7400017,53.4000015,53.8600006,53.4000015,2853600.0,45.2022133
2017-07-17 00:00:00,54.1500015,53.6500015,54.2999992,53.6100006,7040800.0,45.5470772
2017-07-18 00:00:00,53.6699982,54.1100006,54.1599998,53.6100006,3985800.0,45.1433334
2017-07-19 00:00:00,53.8499985,53.5999985,54.0299988,53.5499992,2880200.0,45.294735
2017-07-20 00:00:00,54.1699982,53.9399986,54.1899986,53.5099983,3947500.0,45.5638962
2017-07-21 00:00:00,54.3499985,54.0800018,54.4300003,53.9099998,3664500.0,45.7152977
2017-07-24 00:00:00,54.4799995,54.3400002,54.7799988,54.2000008,4570000.0,45.8246536
2017-07-25 00:00:00,55.1199989,54.6399994,55.3199997,54.6100006,3129100.0,46.3629761
2017-07-26 00:00:00,55.1300011,55.0800018,55.2299995,54.7799988,3402100.0,46.3713799
2017-07-27 00:00:00,55.4900017,55.0699997,55.5299988,54.8300018,3837200.0,46.6741867
2017-07-28 00:00:00,55.3300018,55.4500008,55.5299988,55.0900002,2409500.0,46.5396156
2017-07-31 00:00:00,55.6599998,55.3100014,55.8699989,55.2099991,3782800.0,46.8171768
2017-08-01 00:00:00,55.2000008,55.6399994,55.6699982,54.9700012,3727900.0,46.4302521
2017-08-02 00:00:00,56.0699997,55.2099991,56.7900009,54.7200012,6152900.0,47.1620445
2017-08-03 00:00:00,56.2200012,56.0800018,56.5099983,56.0200005,3970600.0,47.2882042
2017-08-04 00:00:00,56.1699982,56.2999992,56.6100006,55.9500008,5578300.0,47.246151
2017-08-07 00:00:00,56.3800011,56.1800003,56.5499992,56.0299988,3412600.0,47.4227943
2017-08-08 00:00:00,55.7799988,56.1899986,56.3199997,55.7400017,3124900.0,46.9181137
2017-08-09 00:00:00,55.7700005,55.7200012,55.8899994,55.6199989,2660400.0,46.9097061
2017-08-10 00:00:00,56.2900009,55.5200005,56.4399986,55.5099983,3668200.0,47.3470879
2017-08-11 00:00:00,56.5900002,56.25,56.9900017,56.1199989,3702000.0,47.5994263
2017-08-14 00:00:00,57.4000015,56.7200012,57.5499992,56.6800003,3509600.0,48.2807388
2017-08-15 00:00:00,57.3100014,57.3300018,57.5699997,57.25,4509500.0,48.2050514
2017-08-16 00:00:00,57.5299988,57.3100014,57.7299995,57.2299995,2792800.0,48.3900757
2017-08-17 00:00:00,57.5699997,57.4799995,57.8400002,57.3600006,4338300.0,48.4237328
2017-08-18 00:00:00,57.1399994,57.4799995,57.5299988,57.0400009,4595600.0,48.0620461
2017-08-21 00:00:00,57.2900009,57.1500015,57.5999985,57.0999985,2914800.0,48.1882133
2017-08-22 00:00:00,57.5,57.2000008,57.6100006,57.1500015,1926800.0,48.3648491
2017-08-23 00:00:00,57.6800003,57.4199982,57.7900009,57.3899994,3344100.0,48.5162582
2017-08-24 00:00:00,55.6800003,57.3899994,57.4500008,55.6300011,4606500.0,46.8339958
2017-08-25 00:00:00,55.0200005,56.0299988,56.0299988,55.0099983,3735600.0,46.2788544
2017-08-28 00:00:00,54.2799988,55.0499992,55.0699997,54.1599998,3675500.0,45.6564178
2017-08-29 00:00:00,53.9300003,54.4099998,54.4099998,53.9000015,4260900.0,45.36203
2017-08-30 00:00:00,53.75,53.9500008,54.1199989,53.4300003,3923500.0,45.2106209
2017-08-31 00:00:00,53.2599983,53.4199982,53.7999992,52.7599983,6367700.0,44.7984734
2017-09-01 00:00:00,53.7200012,53.2599983,54.1199989,53.2599983,3912400.0,45.1853867
2017-09-05 00:00:00,53.7200012,53.7599983,54.0600014,53.3800011,4257200.0,45.1853867
2017-09-06 00:00:00,54.7000008,53.8800011,54.7299995,53.5999985,5716000.0,46.0097008
2017-09-07 00:00:00,54.6599998,54.4199982,54.9799995,54.0900002,4754100.0,45.9760551
2017-09-08 00:00:00,55.3499985,54.6599998,55.7400017,54.5699997,3388500.0,46.5564232
2017-09-11 00:00:00,55.7799988,55.5800018,56.0699997,55.4700012,2869500.0,46.9181137
2017-09-12 00:00:00,55.5600014,55.8400002,56.2099991,55.3800011,2900400.0,46.7330666
2017-09-13 00:00:00,55.2900009,55.5,55.8600006,55.2299995,2253800.0,46.5059624
2017-09-14 00:00:00,55.0499992,55.1500015,55.2599983,54.6699982,3128100.0,46.3040848
2017-09-15 00:00:00,55.7999992,55.0400009,55.8499985,54.9300003,4350200.0,46.9349327
2017-09-18 00:00:00,56.4300003,55.8199997,56.5400009,55.7000008,4519400.0,47.4648514
2017-09-19 00:00:00,55.3800011,56.1800003,56.2999992,55.1899986,6223900.0,46.581665
2017-09-20 00:00:00,52.1699982,51.75,53.2200012,50.4000015,16077000.0,43.8816414
2017-09-21 00:00:00,51.6899986,52.0699997,52.5,51.3899994,6509600.0,43.4778976
2017-09-22 00:00:00,51.2299995,51.7999992,52.1800003,51.0600014,4499100.0,43.0909729
2017-09-25 00:00:00,52.2700005,51.2299995,52.4300003,51.2200012,4141400.0,43.9657516
2017-09-26 00:00:00,51.9700012,52.2999992,52.4500008,51.8600006,2782900.0,43.7134094
2017-09-27 00:00:00,52.4300003,51.9399986,52.4700012,51.3899994,4358800.0,44.1003418
2017-09-28 00:00:00,52.2599983,52.1300011,52.8800011,52.0,2755400.0,43.9573479
2017-09-29 00:00:00,51.7599983,52.4599991,52.7200012,51.7400017,4430700.0,43.5367813
2017-10-02 00:00:00,51.8100014,51.5699997,51.9700012,51.2099991,4336100.0,43.5788345
2017-10-03 00:00:00,51.3199997,51.8699989,51.8699989,51.2900009,3435800.0,43.1666908
2017-10-04 00:00:00,52.0099983,51.3199997,52.8199997,51.0800018,5458900.0,43.7470665
2017-10-05 00:00:00,52.0900002,52.0299988,52.5600014,51.9599991,3229900.0,43.8143578
2017-10-06 00:00:00,51.4000015,51.7299995,51.8400002,51.3100014,2606100.0,43.6445351
2017-10-09 00:00:00,50.1899986,51.4399986,51.5200005,50.1300011,4798000.0,42.6170998
2017-10-10 00:00:00,50.9500008,50.4199982,50.9599991,50.3400002,3458700.0,43.2624321
2017-10-11 00:00:00,50.8699989,50.9700012,51.2700005,50.6500015,3992800.0,43.1944962
2017-10-12 00:00:00,51.2700005,50.8600006,51.5699997,50.7599983,3399200.0,43.5341415
2017-10-13 00:00:00,51.5299988,51.4500008,51.5499992,51.3100014,3619400.0,43.7549095
2017-10-16 00:00:00,51.8100014,51.5299988,51.8800011,51.4300003,2650700.0,43.9926682
2017-10-17 00:00:00,51.7000008,51.8100014,51.8499985,51.3100014,3049500.0,43.8992653
2017-10-18 00:00:00,52.25,51.6800003,52.4799995,51.2700005,5962900.0,44.3662834
2017-10-19 00:00:00,52.0299988,52.1100006,52.2999992,51.5600014,3903800.0,44.1794662
2017-10-20 00:00:00,52.0099983,52.1100006,52.1300011,51.6899986,3372400.0,44.1624908
2017-10-23 00:00:00,51.6699982,52.1100006,52.3400002,51.5900002,2992300.0,43.8737907
2017-10-24 00:00:00,51.7900009,51.7999992,52.0600014,51.6100006,3049000.0,43.9756889
2017-10-25 00:00:00,51.5299988,51.6699982,51.7599983,51.1599998,2752200.0,43.7549095
2017-10-26 00:00:00,51.7599983,51.5900002,52.0400009,51.3100014,3248500.0,43.9502106
2017-10-27 00:00:00,51.5699997,51.7999992,51.8300018,51.2299995,2096700.0,43.7888794
2017-10-30 00:00:00,50.6599998,51.7599983,51.8100014,50.4399986,5329400.0,43.0161819
2017-10-31 00:00:00,51.9199982,51.0600014,52.2000008,51.0600014,4668300.0,44.086071
2017-11-01 00:00:00,52.0299988,51.9799995,52.3400002,51.5699997,2647700.0,44.1794662
2017-11-02 00:00:00,51.7599983,51.9700012,52.1100006,51.4000015,2665400.0,43.9502106
2017-11-03 00:00:00,51.3400002,51.6100006,51.7999992,51.25,1955000.0,43.593586
2017-11-06 00:00:00,50.0999985,51.0800018,51.1899986,50.0800018,3778900.0,42.5406761
2017-11-07 00:00:00,50.9700012,50.0699997,51.0299988,49.6500015,3655500.0,43.2794151
2017-11-08 00:00:00,52.2400017,51.4900017,52.25,51.3800011,3989900.0,44.3577919
2017-11-09 00:00:00,51.7799988,52.0600014,52.6100006,51.7099991,3907600.0,43.9671936
2017-11-10 00:00:00,53.2799988,51.5800018,53.4000015,51.5,5059000.0,45.2408676
2017-11-13 00:00:00,52.9700012,53.0200005,53.5900002,52.7400017,3453800.0,44.9776421
2017-11-14 00:00:00,54.1199989,53.0600014,54.2799988,53.0299988,5395400.0,45.9541321
2017-11-15 00:00:00,52.5299988,53.9500008,54.4099998,52.5,4864000.0,44.6040306
2017-11-16 00:00:00,53.6699982,52.7799988,53.7700005,52.7299995,3355300.0,45.5720215
2017-11-17 00:00:00,53.7200012,53.4900017,53.9300003,53.3800011,4463500.0,45.6144791
2017-11-20 00:00:00,54.2400017,53.6899986,54.4700012,53.6599998,3728100.0,46.0560265
2017-11-21 00:00:00,53.5200005,53.8300018,54.1199989,53.3400002,3928800.0,45.4446678
2017-11-22 00:00:00,53.6500015,53.4099998,53.6699982,53.2099991,2186500.0,45.5550385
2017-11-24 00:00:00,53.6500015,53.8400002,53.9799995,53.5800018,1036300.0,45.5550385
2017-11-27 00:00:00,54.0499992,53.6699982,54.1800003,53.4199982,3058000.0,45.8946838
2017-11-28 00:00:00,54.8400002,54.2000008,54.8499985,53.8800011,3947900.0,46.5654869
2017-11-29 00:00:00,56.3400002,54.7900009,56.5600014,54.7799988,5637700.0,47.8391609
2017-11-30 00:00:00,56.5600014,56.3199997,56.9599991,55.7099991,6381600.0,48.0259628
2017-12-01 00:00:00,56.4599991,56.5099983,56.6599998,55.2900009,4289500.0,47.9410515
2017-12-04 00:00:00,57.8600006,56.6500015,57.9300003,56.5,6296100.0,49.1298065
2017-12-05 00:00:00,57.25,57.1199989,58.0900002,56.7799988,4209800.0,48.6118469
2017-12-06 00:00:00,57.4099998,57.2000008,57.6300011,57.0600014,2973400.0,48.7477074
2017-12-07 00:00:00,56.6899986,56.7799988,57.2400017,56.5299988,3129900.0,48.1363487
2017-12-08 00:00:00,55.8400002,56.7099991,56.7099991,55.4700012,3991000.0,47.4146042
2017-12-11 00:00:00,55.8899994,55.6500015,55.9300003,55.3800011,3303400.0,47.457058
2017-12-12 00:00:00,56.0600014,56.0400009,56.3600006,55.9700012,2785900.0,47.6014099
2017-12-13 00:00:00,56.4700012,56.0600014,56.5800018,55.8400002,4274100.0,47.9495468
2017-12-14 00:00:00,56.1300011,56.3600006,56.4799995,56.1199989,2842700.0,47.6608429
2017-12-15 00:00:00,56.8899994,56.3800011,57.1699982,56.1599998,9335800.0,48.3061638
2017-12-18 00:00:00,57.7999992,57.5,58.0999985,57.4300003,5170400.0,49.0788689
2017-12-19 00:00:00,57.6300011,57.9500008,58.3800011,57.5600014,5604900.0,48.9345131
2017-12-20 00:00:00,58.7599983,58.0999985,59.0299988,56.6300011,6879100.0,49.8940163
2017-12-21 00:00:00,59.5299988,58.9500008,60.0800018,58.7799988,7547600.0,50.5478401
2017-12-22 00:00:00,60.1300011,59.6699982,60.1899986,59.6300011,6498100.0,51.0573044
2017-12-26 00:00:00,60.1199989,60.0400009,60.3199997,59.9500008,2224600.0,51.0488129
2017-12-27 00:00:00,60.1800003,60.0,60.5900002,59.9300003,2292400.0,51.0997696
2017-12-28 00:00:00,59.5499992,60.0999985,60.1699982,59.3400002,2237800.0,50.5648193
2017-12-29 00:00:00,59.2900009,59.4900017,60.1500015,59.2799988,2450700.0,50.3440475
2018-01-02 00:00:00,59.0400009,59.4300003,59.5099983,58.5499992,4103600.0,50.1317596
2018-01-03 00:00:00,58.7299995,59.5900002,59.6199989,58.7099991,3118800.0,49.8685493
2018-01-04 00:00:00,59.4099998,59.0099983,59.6100006,58.6300011,3211100.0,50.4459419
2018-01-05 00:00:00,59.9199982,59.5800018,59.9500008,59.3199997,2308100.0,50.8789864
2018-01-08 00:00:00,60.1199989,59.7799988,60.2000008,59.5699997,3332700.0,51.0488129
2018-01-09 00:00:00,59.3199997,59.6800003,59.6800003,59.2000008,2865600.0,50.7834282
2018-01-10 00:00:00,58.6300011,58.8899994,58.9599991,58.3600006,3097200.0,50.1927223
2018-01-11 00:00:00,58.0900002,58.7000008,58.7900009,57.9199982,2878400.0,49.7304306
2018-01-12 00:00:00,57.8499985,58.2700005,58.3400002,57.7299995,2585300.0,49.5249672
2018-01-16 00:00:00,58.4300003,57.9700012,58.75,57.9000015,3961500.0,50.0215034
2018-01-17 00:00:00,59.1199989,58.6699982,59.4900017,58.4900017,3186500.0,50.6121979
2018-01-18 00:00:00,58.6599998,59.2299995,59.2299995,58.3699989,2298800.0,50.2184067
2018-01-19 00:00:00,59.1100006,58.8600006,59.5600014,58.6300011,4130400.0,50.6036491
2018-01-22 00:00:00,59.7700005,59.1800003,59.7900009,58.9900017,3154700.0,51.1686592
2018-01-23 00:00:00,59.7900009,59.5099983,60.0600014,59.1800003,2682900.0,51.185791
2018-01-24 00:00:00,59.7200012,59.9199982,60.1199989,59.7200012,4391300.0,51.1258698
2018-01-25 00:00:00,60.1399994,59.9300003,60.6899986,59.5499992,2352100.0,51.485424
2018-01-26 00:00:00,60.2000008,60.1500015,60.2000008,59.4000015,5439000.0,51.5367851
2018-01-29 00:00:00,59.5800018,60.3499985,60.4900017,59.5200005,2263400.0,51.006012
2018-01-30 00:00:00,58.5800018,59.4300003,59.9500008,58.5699997,3177000.0,50.14991
2018-01-31 00:00:00,58.4900017,58.6500015,58.9300003,58.2200012,3535200.0,50.0728722
2018-02-01 00:00:00,57.8800011,58.9000015,59.0099983,57.7200012,3538500.0,49.5506516
2018-02-02 00:00:00,55.9500008,57.5900002,57.5999985,55.8800011,4130200.0,47.8983879
2018-02-05 00:00:00,54.0099983,55.8300018,56.3400002,54.0099983,4534600.0,46.2375679
2018-02-06 00:00:00,55.7799988,53.4900017,55.8499985,52.9599991,5553300.0,47.752861
2018-02-07 00:00:00,54.6500015,55.4700012,56.2400017,54.6199989,3502600.0,46.7854767
2018-02-08 00:00:00,53.9900017,54.75,55.2700005,53.9599991,3359600.0,46.2204552
2018-02-09 00:00:00,54.7200012,54.4099998,55.2299995,53.3100014,3037500.0,46.8454018
2018-02-12 00:00:00,54.9199982,55.0,55.4500008,54.5600014,2589900.0,47.016613
2018-02-13 00:00:00,54.7900009,54.7099991,55.0499992,54.1399994,2069600.0,46.9053307
2018-02-14 00:00:00,56.0299988,54.8699989,56.0800018,54.5099983,3233600.0,47.9668846
2018-02-15 00:00:00,56.8899994,56.1199989,56.9099998,55.1500015,2636600.0,48.7031136
2018-02-16 00:00:00,56.4300003,56.4700012,56.7200012,56.0699997,3423500.0,48.3093185
2018-02-20 00:00:00,55.9500008,56.1199989,56.3699989,55.3199997,4500200.0,47.8983879
2018-02-21 00:00:00,54.4799995,55.9599991,56.3199997,54.4799995,5077300.0,46.6399345
2018-02-22 00:00:00,54.9500008,54.7599983,55.6899986,54.6800003,3589500.0,47.0423012
2018-02-23 00:00:00,52.9799995,52.2999992,53.4300003,51.6599998,11895800.0,45.3558006
2018-02-26 00:00:00,51.4199982,51.4700012,52.4900017,51.0099983,10259900.0,44.0202904
2018-02-27 00:00:00,50.7799988,51.7000008,51.9399986,50.6699982,11478700.0,43.4723892
2018-02-28 00:00:00,50.5499992,50.9000015,51.25,50.2700005,7330400.0,43.2754936
2018-03-01 00:00:00,50.5699997,50.5999985,51.3600006,50.2200012,8649300.0,43.2926102
2018-03-02 00:00:00,50.9399986,50.4300003,51.2099991,50.4300003,3815300.0,43.6093636
2018-03-05 00:00:00,50.6199989,50.7900009,51.4199982,50.6100006,5695200.0,43.3354149
2018-03-06 00:00:00,51.0600014,50.6199989,51.1300011,50.3100014,6230600.0,43.7120934
2018-03-07 00:00:00,51.0600014,50.6399994,51.3400002,50.4700012,4674400.0,43.7120934
2018-03-08 00:00:00,51.7000008,51.1800003,51.7900009,50.9099998,4088400.0,44.2599983
2018-03-09 00:00:00,51.4500008,51.9000015,51.9799995,51.1599998,2701800.0,44.0459709
2018-03-12 00:00:00,51.9700012,51.5800018,52.4799995,51.5800018,3644700.0,44.4911461
2018-03-13 00:00:00,51.9900017,52.2299995,52.3499985,51.8300018,4207500.0,44.5082588
2018-03-14 00:00:00,51.8100014,52.0999985,52.8699989,51.7299995,4577700.0,44.3541641
2018-03-15 00:00:00,50.9300003,51.7900009,52.1100006,50.5200005,5328700.0,43.600811
2018-03-16 00:00:00,50.4900017,51.0,51.2700005,50.4099998,8455200.0,43.2241249
2018-03-19 00:00:00,50.2099991,50.3800011,50.8300018,50.0400009,4930800.0,42.9844131
2018-03-20 00:00:00,49.9300003,50.3400002,50.5299988,49.7000008,6444000.0,42.7447166
2018-03-21 00:00:00,45.5099983,45.0299988,46.25,44.7900009,25201900.0,38.9607849
2018-03-22 00:00:00,44.4500008,45.4300003,45.9399986,44.4399986,11606900.0,38.0533257
2018-03-23 00:00:00,44.2099991,44.9599991,45.6800003,44.1500015,10248600.0,37.8478622
2018-03-26 00:00:00,45.2999992,44.6300011,45.4799995,44.5999985,9082700.0,38.7809982
2018-03-27 00:00:00,45.3100014,45.5999985,46.4300003,44.9599991,9419100.0,38.789566
2018-03-28 00:00:00,44.3499985,43.9599991,45.0499992,43.9599991,19133200.0,37.9677124
2018-03-29 00:00:00,45.0600014,44.8300018,45.2599983,44.5699997,7767500.0,38.5755501
2018-04-02 00:00:00,44.0900002,45.0,45.1199989,43.8400002,9616600.0,37.7451324
2018-04-03 00:00:00,44.2999992,44.3100014,44.4900017,43.8600006,6313900.0,37.9249191
2018-04-04 00:00:00,45.3699989,44.0800018,45.5499992,43.9399986,10253000.0,38.8409309
2018-04-05 00:00:00,45.4300003,45.5099983,45.6800003,45.1100006,5409500.0,38.8922997
2018-04-06 00:00:00,45.4700012,45.5,45.9799995,45.1500015,6369100.0,38.9265366
2018-04-09 00:00:00,44.9500008,45.1399994,45.5,44.5099983,5040700.0,38.9005737
2018-04-10 00:00:00,44.5099983,45.0699997,45.25,44.4300003,6704700.0,38.5197945
2018-04-11 00:00:00,44.8699989,44.4700012,45.0699997,44.3499985,4316300.0,38.8313408
2018-04-12 00:00:00,44.5800018,44.9900017,45.1100006,44.2700005,3888900.0,38.5803719
2018-04-13 00:00:00,44.7999992,44.7000008,45.1100006,44.3600006,4340400.0,38.7707672
2018-04-16 00:00:00,45.2400017,44.7999992,45.5800018,44.6199989,3585400.0,39.1515465
2018-04-17 00:00:00,45.2599983,45.3600006,45.5499992,45.0200005,3757600.0,39.1688576
2018-04-18 00:00:00,44.7299995,45.2200012,45.2799988,44.7000008,3768600.0,38.7101936
2018-04-19 00:00:00,44.0299988,44.6599998,44.7299995,43.7299995,8286900.0,38.1043854
2018-04-20 00:00:00,43.4099998,44.2000008,44.5800018,43.1800003,5464700.0,37.5678329
2018-04-23 00:00:00,44.5600014,43.8800011,44.5900002,43.5400009,5166100.0,38.5630608
2018-04-24 00:00:00,44.3699989,44.7000008,44.7700005,44.0,6492500.0,38.398632
2018-04-25 00:00:00,44.0400009,44.3400002,44.7299995,43.8899994,5908600.0,38.1130486
2018-04-26 00:00:00,44.3699989,44.0099983,44.5200005,43.5299988,4440600.0,38.398632
2018-04-27 00:00:00,44.5200005,44.5600014,44.9000015,44.3300018,3601900.0,38.5284462
2018-04-30 00:00:00,43.7400017,44.6500015,44.7299995,43.6899986,4635400.0,37.8534164
2018-05-01 00:00:00,43.5499992,43.8800011,43.9300003,43.2000008,4366000.0,37.6889915
2018-05-02 00:00:00,42.4900017,43.4700012,43.4700012,42.3400002,5543800.0,36.7716522
2018-05-03 00:00:00,41.2099991,42.5200005,42.5299988,41.0099983,9867100.0,35.6639099
2018-05-04 00:00:00,42.5400009,41.25,42.8199997,41.25,6150700.0,36.8149185
2018-05-07 00:00:00,42.3400002,42.5400009,42.6300011,41.9199982,4190800.0,36.6418343
2018-05-08 00:00:00,42.2999992,42.1199989,42.3400002,41.9099998,3704400.0,36.6072235
2018-05-09 00:00:00,42.5099983,42.4900017,42.8100014,42.1800003,2989900.0,36.7889481
2018-05-10 00:00:00,42.6199989,42.6699982,42.9199982,42.5099983,3703300.0,36.8841476
2018-05-11 00:00:00,42.6599998,42.7299995,42.9599991,42.3899994,3249400.0,36.9187698
2018-05-14 00:00:00,42.5299988,42.7099991,42.75,42.4099998,4398800.0,36.8062668
2018-05-15 00:00:00,42.4900017,42.4399986,43.0699997,42.1399994,4588600.0,36.7716522
2018-05-16 00:00:00,43.0499992,42.7099991,43.0499992,42.4500008,3468500.0,37.256279
2018-05-17 00:00:00,42.8100014,42.9099998,43.1500015,42.5699997,3686700.0,37.0485802
2018-05-18 00:00:00,41.8199997,42.1800003,42.2000008,41.0600014,7512300.0,36.1918106
2018-05-21 00:00:00,41.7700005,41.9300003,42.1899986,41.4500008,4815600.0,36.1485519
2018-05-22 00:00:00,41.9300003,41.9399986,42.0699997,41.6599998,5184100.0,36.2870216
2018-05-23 00:00:00,42.2900009,41.9199982,42.2999992,41.8800011,3853300.0,36.5985641
2018-05-24 00:00:00,42.2000008,42.25,42.3800011,41.8400002,4104200.0,36.5206718
2018-05-25 00:00:00,42.6399994,42.2599983,43.1599998,42.2599983,3901400.0,36.9014587
2018-05-29 00:00:00,42.4799995,42.4399986,42.8800011,42.3100014,5404800.0,36.762989
2018-05-30 00:00:00,42.9000015,42.6300011,43.1199989,42.3199997,5289200.0,37.126461
2018-05-31 00:00:00,42.2900009,42.75,42.7700005,42.0200005,10900400.0,36.5985641
2018-06-01 00:00:00,42.5999985,42.3899994,42.9199982,42.2700005,4189800.0,36.8668442
2018-06-04 00:00:00,43.2799988,42.9500008,43.5400009,42.8199997,5105900.0,37.4553261
2018-06-05 00:00:00,42.4900017,43.3899994,43.3899994,42.3100014,6784300.0,36.7716522
2018-06-06 00:00:00,42.5999985,42.6500015,42.6500015,41.9700012,4650600.0,36.8668442
2018-06-07 00:00:00,42.2200012,41.9500008,42.8699989,41.8199997,8108400.0,36.5379829
2018-06-08 00:00:00,42.9099998,42.3800011,43.0499992,42.2799988,5084700.0,37.1351242
2018-06-11 00:00:00,44.4199982,43.0999985,44.5699997,43.0600014,8167600.0,38.4419098
2018-06-12 00:00:00,44.5200005,44.5299988,44.6399994,43.7999992,5146000.0,38.5284462
2018-06-13 00:00:00,44.6199989,44.5,44.9199982,44.3899994,5782400.0,38.6149826
2018-06-14 00:00:00,44.5099983,44.7000008,44.7200012,44.2999992,5219700.0,38.5197945
2018-06-15 00:00:00,45.4300003,44.3499985,45.5099983,44.3499985,12354100.0,39.315979
2018-06-18 00:00:00,44.7299995,45.7200012,46.6500015,44.3400002,8514000.0,38.7101936
2018-06-19 00:00:00,44.9799995,44.5999985,45.1100006,44.4900017,4150000.0,38.9265366
2018-06-20 00:00:00,44.8699989,44.8600006,45.0400009,44.1399994,4102900.0,38.8313408
2018-06-21 00:00:00,44.9700012,44.7999992,45.4700012,44.7599983,3882200.0,38.9178963
2018-06-22 00:00:00,45.2200012,44.9500008,45.6800003,44.8899994,5853700.0,39.1342506
2018-06-25 00:00:00,46.0099983,45.3600006,46.1399994,45.25,6909700.0,39.8179169
2018-06-26 00:00:00,46.0600014,46.0200005,46.2799988,45.7000008,7207700.0,39.8611984
2018-06-27 00:00:00,45.7299995,46.5,47.1399994,45.4199982,11075500.0,39.5755997
2018-06-28 00:00:00,44.6800003,45.5,46.0299988,44.1800003,7967500.0,38.6669083
2018-06-29 00:00:00,44.2599983,44.7099991,44.7200012,43.7700005,6546600.0,38.3034439
2018-07-02 00:00:00,43.4399986,44.0200005,44.1599998,43.3600006,7075600.0,37.5937881
2018-07-03 00:00:00,43.5299988,43.5999985,43.9000015,43.4599991,3167600.0,37.6716766
2018-07-05 00:00:00,44.8400002,43.6800003,44.8400002,43.5299988,6755300.0,38.805378
2018-07-06 00:00:00,45.0400009,45.0,45.4099998,44.6399994,4302600.0,38.9784622
2018-07-09 00:00:00,44.3100014,44.5499992,44.9000015,44.2099991,3777200.0,38.7684822
2018-07-10 00:00:00,44.6899986,44.3100014,44.7200012,43.7999992,6012200.0,39.100956
2018-07-11 00:00:00,44.6899986,44.5999985,44.9099998,44.3199997,4057300.0,39.100956
2018-07-12 00:00:00,44.5800018,44.7400017,45.1599998,44.3699989,4524800.0,39.004715
2018-07-13 00:00:00,44.9099998,44.7000008,45.0299988,44.6100006,2922300.0,39.2934456
2018-07-16 00:00:00,43.9599991,44.9700012,44.9700012,43.8499985,3954200.0,38.4622498
2018-07-17 00:00:00,44.2299995,43.9099998,44.4199982,43.8800011,3485800.0,38.6984863
2018-07-18 00:00:00,43.0900002,44.1500015,44.1899986,43.0299988,4526400.0,37.7010498
2018-07-19 00:00:00,43.3499985,43.0299988,43.4300003,42.8199997,4363800.0,37.9285393
2018-07-20 00:00:00,43.3600006,43.3499985,43.5699997,43.1300011,3427400.0,37.9372864
2018-07-23 00:00:00,42.8899994,43.2999992,43.3499985,42.7200012,2988000.0,37.5260696
2018-07-24 00:00:00,43.0900002,42.8600006,43.2400017,42.6500015,4801600.0,37.7010498
2018-07-25 00:00:00,43.5499992,43.2599983,43.6399994,42.9799995,3375900.0,38.1035233
2018-07-26 00:00:00,44.1699982,43.7900009,44.6899986,43.7900009,3849900.0,38.6459885
2018-07-27 00:00:00,44.9799995,44.3600006,45.0299988,44.25,5342300.0,39.3546906
2018-07-30 00:00:00,45.9199982,44.6800003,45.9900017,44.6199989,5746400.0,40.1771202
2018-07-31 00:00:00,46.0600014,46.0600014,46.3600006,45.7000008,7127700.0,40.2996216
2018-08-01 00:00:00,45.0800018,46.0499992,46.1899986,45.0699997,5684200.0,39.4421844
2018-08-02 00:00:00,45.7400017,44.9900017,45.7900009,44.4000015,5298600.0,40.0196419
2018-08-03 00:00:00,47.2400017,45.9300003,47.7700005,45.7700005,8204100.0,41.3320503
2018-08-06 00:00:00,47.0999985,47.2000008,47.5200005,46.9500008,4034300.0,41.2095566
2018-08-07 00:00:00,46.4799995,47.0999985,47.0999985,46.2999992,4347400.0,40.667099
2018-08-08 00:00:00,45.2200012,46.5999985,46.5999985,45.1599998,6007900.0,39.5646782
2018-08-09 00:00:00,45.2700005,45.25,45.5200005,45.0299988,2498100.0,39.608429
2018-08-10 00:00:00,45.1800003,45.1300011,45.4399986,44.7700005,2566300.0,39.5296783
2018-08-13 00:00:00,45.4700012,45.4599991,45.5200005,44.9300003,3489500.0,39.7834053
2018-08-14 00:00:00,45.7999992,45.6699982,46.1800003,45.6100006,3093900.0,40.0721321
2018-08-15 00:00:00,46.2299995,45.7799988,46.4399986,45.4199982,4976800.0,40.4483604
2018-08-16 00:00:00,46.5999985,46.3199997,47.0499992,46.2900009,4127700.0,40.7720871
2018-08-17 00:00:00,47.2099991,46.4199982,47.2700005,46.4199982,3374000.0,41.3058014
2018-08-20 00:00:00,47.5800018,47.25,47.7099991,47.1699982,3717700.0,41.6295319
2018-08-21 00:00:00,46.1300011,47.4599991,47.4900017,46.0600014,3774600.0,40.3608704
2018-08-22 00:00:00,45.75,46.0,46.0499992,45.3600006,2936200.0,40.028389
2018-08-23 00:00:00,45.5900002,45.4500008,45.8800011,45.25,2788000.0,39.8883934
2018-08-24 00:00:00,45.9799995,45.6399994,46.2200012,45.4799995,2231400.0,40.2296219
2018-08-27 00:00:00,45.8699989,46.1100006,46.2700005,45.7599983,2179700.0,40.1333847
2018-08-28 00:00:00,45.3800011,45.8400002,45.9599991,45.2799988,2499700.0,39.70467
2018-08-29 00:00:00,45.6800003,45.3800011,45.6899986,45.2099991,2275500.0,39.9671402
2018-08-30 00:00:00,45.6399994,45.4900017,45.8600006,45.2700005,2681000.0,39.9321518
2018-08-31 00:00:00,46.0099983,45.8199997,46.3400002,45.7200012,3628900.0,40.2558708
2018-09-04 00:00:00,45.9199982,46.0,46.2599983,45.7799988,4056400.0,40.1771202
2018-09-05 00:00:00,45.5499992,45.6599998,46.3800011,45.2599983,6033200.0,39.8534012
2018-09-06 00:00:00,47.0099983,45.5600014,47.1399994,45.5499992,4913000.0,41.1308098
2018-09-07 00:00:00,47.5499992,46.7900009,47.6100006,46.5900002,3982900.0,41.6032753
2018-09-10 00:00:00,47.4300003,47.6399994,48.0900002,47.2400017,3285900.0,41.4982834
2018-09-11 00:00:00,46.75,47.3699989,47.4300003,46.5699997,4303600.0,40.9033203
2018-09-12 00:00:00,47.5099983,46.7799988,47.5900002,46.75,2651300.0,41.5682831
2018-09-13 00:00:00,47.5900002,47.6699982,47.7799988,47.25,3015900.0,41.6382713
2018-09-14 00:00:00,47.75,47.5699997,47.7599983,47.2200012,4884200.0,41.7782707
2018-09-17 00:00:00,47.7700005,47.5,48.1100006,47.5,7788400.0,41.7957611
2018-09-18 00:00:00,44.1300011,46.5600014,46.9700012,43.5699997,16268000.0,38.6109962
2018-09-19 00:00:00,44.2700005,44.3400002,45.3199997,43.9599991,10130000.0,38.7334824
2018-09-20 00:00:00,44.3699989,44.4099998,44.5800018,44.1599998,6018800.0,38.8209801
2018-09-21 00:00:00,44.4599991,44.5600014,45.0200005,44.1300011,8076200.0,38.8997231
2018-09-24 00:00:00,44.0099983,44.3899994,44.8300018,43.9700012,3365600.0,38.5060005
2018-09-25 00:00:00,43.7799988,44.0299988,44.2700005,43.6199989,3735500.0,38.3047562
2018-09-26 00:00:00,43.7000008,43.8499985,44.0499992,43.6300011,3669500.0,38.2347717
2018-09-27 00:00:00,43.0299988,43.3600006,43.7599983,42.8699989,4580400.0,37.6485558
2018-09-28 00:00:00,42.9199982,43.0800018,43.1599998,42.6100006,4950000.0,37.5523186
2018-10-01 00:00:00,42.6699982,42.9700012,43.0600014,42.4799995,5797200.0,37.3335762
2018-10-02 00:00:00,43.2200012,42.9900017,43.5499992,42.7000008,4008900.0,37.8148003
2018-10-03 00:00:00,43.0,43.5299988,43.7400017,42.9000015,4350500.0,37.6223183
2018-10-04 00:00:00,43.3400002,42.8699989,43.4199982,42.6500015,3368100.0,37.9197998
2018-10-05 00:00:00,43.4900017,43.3499985,43.7400017,43.3300018,4341100.0,38.051033
2018-10-08 00:00:00,44.3899994,43.5600014,44.4799995,43.4199982,4931600.0,38.8384743
2018-10-09 00:00:00,43.2900009,43.9000015,44.0299988,43.0600014,3639200.0,38.2988091
2018-10-10 00:00:00,43.9399986,43.2400017,44.6899986,43.0999985,6114800.0,38.8738708
2018-10-11 00:00:00,42.8499985,44.0299988,44.1899986,42.6599998,5175900.0,37.9095459
2018-10-12 00:00:00,43.0999985,43.0299988,43.2299995,42.4399986,4272300.0,38.1307182
2018-10-15 00:00:00,43.5699997,43.1100006,43.8899994,43.0800018,3148600.0,38.5465317
2018-10-16 00:00:00,44.3699989,43.5699997,44.4199982,43.4099998,4004400.0,39.2542915
2018-10-17 00:00:00,44.0600014,44.2000008,44.4599991,43.75,2857200.0,38.9800339
2018-10-18 00:00:00,43.6500015,44.1599998,44.4300003,43.5699997,3092900.0,38.6173019
2018-10-19 00:00:00,44.5400009,43.9099998,44.7700005,43.9099998,3852000.0,39.4046898
2018-10-22 00:00:00,44.1500015,44.5299988,44.9000015,43.8600006,3436500.0,39.0596542
2018-10-23 00:00:00,44.4900017,44.0200005,44.5999985,43.7299995,4377600.0,39.3604584
2018-10-24 00:00:00,44.8199997,44.5,45.4000015,44.4900017,4000800.0,39.6523972
2018-10-25 00:00:00,44.4700012,44.6300011,45.0,44.1100006,4140800.0,39.3427582
2018-10-26 00:00:00,43.5200005,44.4099998,44.9300003,43.25,5142600.0,38.5022926
2018-10-29 00:00:00,44.1399994,43.75,44.6800003,43.75,5483700.0,39.0508041
2018-10-30 00:00:00,45.5,44.5400009,45.5600014,44.3499985,7296600.0,40.253994
2018-10-31 00:00:00,43.7999992,44.6800003,44.6800003,43.1199989,6805400.0,38.7500076
2018-11-01 00:00:00,44.3199997,43.9500008,44.5099983,43.7200012,4365500.0,39.2100525
2018-11-02 00:00:00,42.1699982,43.8699989,44.0699997,41.7400017,9583100.0,37.3079376
2018-11-05 00:00:00,42.9700012,42.2700005,43.2999992,42.2599983,5852700.0,38.0157051
2018-11-06 00:00:00,43.8199997,42.8800011,43.9399986,42.7400017,3773300.0,38.7677002
2018-11-07 00:00:00,43.8499985,43.9900017,44.0600014,43.1300011,3631700.0,38.794239
2018-11-08 00:00:00,44.4399986,43.7000008,44.5499992,43.7000008,3676800.0,39.3162079
2018-11-09 00:00:00,45.3100014,44.4799995,45.4199982,44.4799995,4825500.0,40.085907
2018-11-12 00:00:00,45.6800003,45.25,46.1300011,45.25,4211500.0,40.4132423
2018-11-13 00:00:00,45.4799995,45.6899986,46.3300018,45.2000008,3719500.0,40.2363091
2018-11-14 00:00:00,45.2999992,45.25,45.8300018,45.0099983,3837600.0,40.0770607
2018-11-15 00:00:00,45.2299995,44.8899994,45.4199982,44.4900017,4013400.0,40.0151329
2018-11-16 00:00:00,44.1800003,45.1800003,45.4700012,44.1100006,6056400.0,39.0861969
2018-11-19 00:00:00,44.2299995,44.2299995,44.7799988,43.6899986,6875900.0,39.1304283
2018-11-20 00:00:00,44.1800003,44.4799995,45.0999985,43.9799995,3717300.0,39.0861969
2018-11-21 00:00:00,43.3100014,44.1199989,44.1500015,43.0900002,4111900.0,38.3164978
2018-11-23 00:00:00,43.3699989,43.3899994,43.6399994,43.0400009,1114600.0,38.3695908
2018-11-26 00:00:00,42.3800011,43.3899994,43.6399994,42.3199997,4636800.0,37.4937325
2018-11-27 00:00:00,42.4500008,42.2299995,42.6500015,41.8899994,4094100.0,37.5556488
2018-11-28 00:00:00,41.8800011,41.9500008,41.9599991,41.3699989,5269500.0,37.0513763
2018-11-29 00:00:00,42.2099991,41.8499985,42.3800011,41.7000008,6458000.0,37.3433228
2018-11-30 00:00:00,42.3100014,42.1100006,42.5900002,41.9900017,6085200.0,37.4318085
2018-12-03 00:00:00,41.5,42.0600014,42.3400002,41.0600014,7978500.0,36.7151833
2018-12-04 00:00:00,40.2700005,41.6599998,41.9500008,40.2099991,8535300.0,35.6270027
2018-12-06 00:00:00,39.7299995,40.3400002,40.3800011,39.3199997,12064800.0,35.1492653
2018-12-07 00:00:00,38.4799995,39.5600014,39.7000008,38.1699982,10226800.0,34.0433846
2018-12-10 00:00:00,38.5400009,38.7400017,38.9399986,38.0800018,6664800.0,34.0964699
2018-12-11 00:00:00,38.7299995,38.7099991,39.4500008,38.4500008,6570100.0,34.2645645
2018-12-12 00:00:00,38.5600014,38.9399986,39.3100014,38.5099983,9250000.0,34.1141624
2018-12-13 00:00:00,38.1199989,38.5600014,38.6800003,38.0699997,7061000.0,33.7248955
2018-12-14 00:00:00,37.3800011,38.0099983,38.0699997,37.2200012,6719500.0,33.0702095
2018-12-17 00:00:00,36.7400017,37.4099998,37.7000008,36.4199982,8633300.0,32.5039978
2018-12-18 00:00:00,36.7000008,36.9900017,37.3400002,36.5499992,8108700.0,32.4686165
2018-12-19 00:00:00,38.5499992,38.7999992,40.3800011,38.4099998,14213500.0,34.1053123
2018-12-20 00:00:00,39.0699997,38.1899986,39.2299995,37.4199982,10024600.0,34.5653572
2018-12-21 00:00:00,38.8100014,39.0,40.4199982,38.75,13092200.0,34.3353424
2018-12-24 00:00:00,37.5900002,38.7299995,38.8600006,37.5400009,3958000.0,33.2560043
2018-12-26 00:00:00,38.4199982,37.8100014,38.4300003,37.3400002,6692700.0,33.9902992
2018-12-27 00:00:00,39.0299988,38.3199997,39.0299988,37.3499985,8036100.0,34.5299759
2018-12-28 00:00:00,38.7599983,39.0800018,39.4599991,38.5,5779600.0,34.2910995
2018-12-31 00:00:00,38.9399986,38.7400017,38.9900017,38.2799988,5292900.0,34.4503441
2019-01-02 00:00:00,38.4300003,38.8199997,38.9399986,38.1199989,6478900.0,33.999157
2019-01-03 00:00:00,39.0299988,38.3800011,39.4099998,38.2000008,6359800.0,34.5299759
2019-01-04 00:00:00,39.8199997,39.1199989,39.9399986,38.9000015,6326100.0,35.2288857
2019-01-07 00:00:00,40.4799995,39.8100014,40.7400017,39.4900017,5695600.0,35.8127899
2019-01-08 00:00:00,41.0900002,40.7900009,41.2200012,40.6300011,6609400.0,36.3524628
2019-01-09 00:00:00,40.4199982,40.3499985,40.7799988,40.0499992,4521300.0,36.191288
2019-01-10 00:00:00,41.4199982,40.4199982,41.4399986,40.4199982,8279800.0,37.0866699
2019-01-11 00:00:00,41.7999992,41.4500008,41.8199997,41.0800018,7417400.0,37.4269142
2019-01-14 00:00:00,41.7900009,41.6500015,41.7999992,41.4199982,3874400.0,37.4179649
2019-01-15 00:00:00,41.9000015,41.6800003,42.0600014,41.4599991,4486300.0,37.5164566
2019-01-16 00:00:00,42.2700005,41.9700012,42.2999992,41.6899986,4905600.0,37.8477516
2019-01-17 00:00:00,42.9700012,42.2799988,43.0499992,42.2000008,4664400.0,38.474514
2019-01-18 00:00:00,43.4700012,43.2000008,43.7000008,43.0200005,5564800.0,38.9221992
2019-01-22 00:00:00,43.2400017,43.5099983,43.7200012,42.8800011,9260500.0,38.7162704
2019-01-23 00:00:00,44.0099983,43.6800003,44.2900009,43.6199989,5208600.0,39.4057083
2019-01-24 00:00:00,43.5200005,43.4500008,44.0,42.8800011,4700400.0,38.9669724
2019-01-25 00:00:00,43.2900009,43.5600014,44.2200012,43.2099991,7013900.0,38.7610321
2019-01-28 00:00:00,43.5499992,43.4199982,43.5699997,42.8400002,3552900.0,38.9938316
2019-01-29 00:00:00,43.5800018,43.6500015,43.7200012,43.2000008,3431900.0,39.0207024
2019-01-30 00:00:00,43.7099991,43.4900017,44.0099983,43.4500008,3140900.0,39.1370964
2019-01-31 00:00:00,44.4399986,43.7299995,44.4700012,43.4799995,4730000.0,39.7907181
2019-02-01 00:00:00,44.2400017,44.7000008,45.0,43.8199997,5061700.0,39.6116524
2019-02-04 00:00:00,43.8300018,44.2299995,44.2999992,43.5900002,3462400.0,39.2445412
2019-02-05 00:00:00,44.6100006,43.8300018,44.6300011,43.6800003,4625900.0,39.9429359
2019-02-06 00:00:00,43.8499985,44.4799995,44.6899986,43.7700005,3527100.0,39.2624435
2019-02-07 00:00:00,43.8600006,43.0,44.1800003,42.7999992,4021200.0,39.2714005
2019-02-08 00:00:00,43.9500008,43.7099991,43.9700012,43.1199989,3362000.0,39.3519859
2019-02-11 00:00:00,43.9900017,44.0800018,44.1899986,43.5,4027900.0,39.3878059
2019-02-12 00:00:00,44.8400002,43.9900017,44.9399986,43.9900017,4349500.0,40.1488724
2019-02-13 00:00:00,44.4700012,44.8400002,44.9399986,44.2999992,2993300.0,39.8175888
2019-02-14 00:00:00,44.5299988,44.1899986,44.7599983,43.9099998,2867700.0,39.8713036
2019-02-15 00:00:00,45.0400009,44.8400002,45.2999992,44.7700005,4188300.0,40.3279533
2019-02-19 00:00:00,45.7400017,45.0,45.9199982,44.8100014,5193200.0,40.9547195
2019-02-20 00:00:00,46.9500008,45.7400017,47.1199989,45.7099991,6591700.0,42.0381279
2019-02-21 00:00:00,46.9500008,46.75,47.2200012,46.4300003,5108200.0,42.0381279
2019-02-22 00:00:00,46.5800018,44.6399994,46.5999985,44.1300011,9796000.0,41.7068405
2019-02-25 00:00:00,46.2000008,46.7299995,46.7999992,45.8199997,6076800.0,41.3665924
2019-02-26 00:00:00,46.8600006,46.5499992,47.0400009,46.3499985,6002700.0,41.9575424
2019-02-27 00:00:00,47.0900002,46.75,47.0900002,46.5099983,5274500.0,42.1634789
2019-02-28 00:00:00,47.1300011,47.1500015,47.3199997,46.7299995,4245600.0,42.1992989
2019-03-01 00:00:00,47.2200012,47.25,47.4000015,46.8300018,3342400.0,42.2798767
2019-03-04 00:00:00,46.7799988,47.2999992,47.3499985,46.2299995,3450400.0,41.88591
2019-03-05 00:00:00,46.8199997,46.6199989,47.0,46.4300003,3609800.0,41.92173
2019-03-06 00:00:00,46.8100014,46.9199982,47.0200005,46.5099983,2905100.0,41.9127808
2019-03-07 00:00:00,46.4000015,46.5099983,46.7999992,46.25,3081700.0,41.5456657
2019-03-08 00:00:00,46.5600014,46.5800018,46.6800003,46.1899986,2440800.0,41.6889305
2019-03-11 00:00:00,46.9099998,46.4599991,46.9399986,46.4099998,3158700.0,42.0023117
2019-03-12 00:00:00,46.8300018,46.9199982,47.0900002,46.7599983,3066800.0,41.9306793
2019-03-13 00:00:00,47.0800018,46.8300018,47.3800011,46.8300018,3924200.0,42.1545258
2019-03-14 00:00:00,47.4599991,47.5,47.75,47.2999992,5222000.0,42.4947777
2019-03-15 00:00:00,47.5099983,47.5099983,47.7099991,47.1800003,8548000.0,42.5395432
2019-03-18 00:00:00,47.6199989,47.4199982,47.8100014,47.3800011,4196200.0,42.6380348
2019-03-19 00:00:00,47.2400017,47.1800003,47.6899986,47.0200005,5196900.0,42.2977905
2019-03-20 00:00:00,48.2900009,48.3400002,49.5,48.1699982,12337400.0,43.2379379
2019-03-21 00:00:00,50.0400009,48.2299995,50.1899986,48.2299995,7582700.0,44.8048553
2019-03-22 00:00:00,50.7400017,50.2200012,50.9799995,50.1899986,5314500.0,45.4316216
2019-03-25 00:00:00,51.0900002,50.5400009,51.1699982,50.4099998,3267600.0,45.7450104
2019-03-26 00:00:00,51.7999992,51.2000008,51.9300003,50.8899994,3734600.0,46.3807182
2019-03-27 00:00:00,51.2999992,51.6800003,51.8800011,51.2799988,4201300.0,45.9330292
2019-03-28 00:00:00,51.4900017,51.4199982,51.6800003,51.1699982,4718700.0,46.1031532
2019-03-29 00:00:00,51.75,51.4599991,51.9599991,51.3400002,4884900.0,46.3359489
2019-04-01 00:00:00,50.9900017,51.7400017,51.8100014,50.6199989,6089800.0,45.655468
2019-04-02 00:00:00,50.9799995,50.9900017,51.0099983,50.6500015,4857300.0,45.6465149
2019-04-03 00:00:00,50.2900009,50.8199997,50.8800011,50.2700005,5171100.0,45.0287056
2019-04-04 00:00:00,50.2599983,50.4300003,50.5400009,50.1500015,3342600.0,45.0018349
2019-04-05 00:00:00,50.8800011,50.25,50.8899994,50.1899986,3686800.0,45.5569801
2019-04-08 00:00:00,51.3100014,50.8100014,51.3800011,50.75,3642500.0,45.9419899
2019-04-09 00:00:00,51.0299988,50.6699982,51.2799988,50.5299988,4412800.0,46.1318321
2019-04-10 00:00:00,51.5499992,50.9900017,51.5999985,50.9799995,4208800.0,46.6019173
2019-04-11 00:00:00,51.5600014,51.7099991,51.7400017,51.2999992,2666400.0,46.6109619
2019-04-12 00:00:00,51.5800018,51.3699989,51.6800003,51.1399994,1959900.0,46.6290359
2019-04-15 00:00:00,51.7200012,51.6899986,51.8300018,51.4500008,2331900.0,46.7556038
2019-04-16 00:00:00,51.4700012,51.7200012,52.1699982,51.2599983,3025000.0,46.5295982
2019-04-17 00:00:00,51.75,51.6399994,51.8300018,51.2900009,2420700.0,46.7827187
2019-04-18 00:00:00,51.7200012,51.5900002,51.9700012,51.5099983,2321800.0,46.7556038
2019-04-22 00:00:00,51.75,51.7200012,51.9000015,51.5600014,1732000.0,46.7827187
2019-04-23 00:00:00,51.0099983,51.7000008,52.0,50.8100014,4866400.0,46.1137543
2019-04-24 00:00:00,50.6800003,50.8899994,51.25,50.4599991,5687200.0,45.8154259
2019-04-25 00:00:00,50.2200012,50.4500008,50.6399994,50.0200005,4034800.0,45.3995743
2019-04-26 00:00:00,51.0900002,50.5499992,51.0999985,50.2900009,2812300.0,46.1860695
2019-04-29 00:00:00,50.9399986,50.9399986,51.0999985,50.8400002,2248400.0,46.0504723
2019-04-30 00:00:00,51.4700012,51.0699997,51.6300011,50.9500008,4730600.0,46.5295982
2019-05-01 00:00:00,51.3100014,51.5600014,51.7299995,51.1500015,3563700.0,46.3849525
2019-05-02 00:00:00,51.2599983,51.0400009,51.3499985,50.6500015,2978200.0,46.3397522
2019-05-03 00:00:00,51.1800003,51.2299995,51.5,51.1100006,2408000.0,46.2674332
2019-05-06 00:00:00,51.4500008,51.1300011,51.5699997,50.8100014,2224400.0,46.5115166
2019-05-07 00:00:00,51.1899986,51.0600014,51.4300003,50.9099998,3548000.0,46.2764702
2019-05-08 00:00:00,50.8699989,51.25,51.25,50.6100006,2645100.0,45.9871826
2019-05-09 00:00:00,51.4099998,50.9399986,51.5499992,50.7799988,3621400.0,46.4753571
2019-05-10 00:00:00,51.5400009,51.1699982,51.6100006,50.6500015,2921700.0,46.5928841
2019-05-13 00:00:00,51.7900009,51.1399994,51.9099998,50.9599991,3053600.0,46.8188858
2019-05-14 00:00:00,51.9700012,51.7700005,52.2999992,51.5099983,3254200.0,46.9816132
2019-05-15 00:00:00,52.4099998,51.9099998,52.4599991,51.5099983,2355800.0,47.379364
2019-05-16 00:00:00,52.0999985,52.4199982,53.0,51.9700012,5230400.0,47.0991287
2019-05-17 00:00:00,52.4000015,52.0499992,52.5600014,51.9000015,3954400.0,47.3703346
2019-05-20 00:00:00,52.7099991,52.3499985,52.8800011,52.2400017,4319400.0,47.6505737
2019-05-21 00:00:00,52.3899994,52.7700005,52.8100014,52.2900009,3501400.0,47.3612862
2019-05-22 00:00:00,52.7099991,52.4900017,52.7999992,51.9799995,2876200.0,47.6505737
2019-05-23 00:00:00,53.4300003,52.5999985,53.6599998,52.3800011,6855600.0,48.3014679
2019-05-24 00:00:00,52.8100014,53.4500008,53.5299988,52.7799988,3033900.0,47.7409821
2019-05-28 00:00:00,51.0900002,52.5699997,52.9399986,51.0499992,7617100.0,46.1860695
2019-05-29 00:00:00,48.25,49.0499992,49.1100006,47.7799988,11266300.0,43.6186714
2019-05-30 00:00:00,48.8199997,48.4399986,48.9799995,48.2400017,5388800.0,44.1339607
2019-05-31 00:00:00,49.4399986,48.5900002,49.5,48.3199997,4499300.0,44.6944504
2019-06-03 00:00:00,50.6399994,49.4300003,50.8800011,49.4300003,4230400.0,45.7792664
2019-06-04 00:00:00,50.8800011,50.8899994,51.1899986,50.6199989,4467300.0,45.9962311
2019-06-05 00:00:00,51.2799988,51.5499992,51.6500015,51.0,4372200.0,46.3578339
2019-06-06 00:00:00,51.3300018,51.3400002,51.5099983,50.8300018,3412500.0,46.4030418
2019-06-07 00:00:00,51.8100014,51.6199989,52.0400009,51.5499992,2749000.0,46.8369637
2019-06-10 00:00:00,51.3400002,51.7000008,51.8499985,50.8199997,2718000.0,46.412075
2019-06-11 00:00:00,52.3699989,51.0999985,52.5600014,51.0,4044800.0,47.3432007
2019-06-12 00:00:00,52.6100006,52.6599998,52.8600006,52.4199982,3151800.0,47.5601768
2019-06-13 00:00:00,52.9900017,52.6899986,53.1699982,52.6100006,2496800.0,47.903698
2019-06-14 00:00:00,53.4099998,53.1599998,53.5999985,53.0999985,2449900.0,48.2833824
2019-06-17 00:00:00,52.9799995,53.5,53.6399994,52.5999985,2884000.0,47.8946533
2019-06-18 00:00:00,52.4500008,53.2799988,53.3300018,52.4000015,3015100.0,47.4155312
2019-06-19 00:00:00,53.3199997,52.3699989,53.3699989,52.0900002,3321800.0,48.2020264
2019-06-20 00:00:00,54.0200005,53.3499985,54.1899986,52.9000015,4221000.0,48.8348351
2019-06-21 00:00:00,53.7700005,54.0400009,54.3899994,53.75,7342100.0,48.6088333
2019-06-24 00:00:00,53.6699982,54.0,54.1399994,53.2999992,3151900.0,48.518425
2019-06-25 00:00:00,53.7000008,53.8699989,54.1399994,53.5099983,5883400.0,48.5455475
2019-06-26 00:00:00,51.3100014,50.3899994,51.9300003,48.5699997,15537900.0,46.3849525
2019-06-27 00:00:00,52.2200012,51.2000008,52.3499985,50.8699989,5996800.0,47.2076035
2019-06-28 00:00:00,52.5200005,52.1500015,53.0099983,51.9599991,6302200.0,47.4788132
2019-07-01 00:00:00,53.3300018,52.8899994,53.8800011,52.6800003,5734200.0,48.2110672
2019-07-02 00:00:00,53.5499992,53.4399986,53.6800003,53.0099983,3700300.0,48.4099503
2019-07-03 00:00:00,54.3400002,53.8400002,54.5999985,53.7200012,4190800.0,49.1241188
2019-07-05 00:00:00,54.1800003,54.1500015,54.2999992,53.2200012,2955500.0,48.9794731
2019-07-08 00:00:00,54.0499992,54.2299995,54.6300011,53.8100014,3483200.0,48.8619499
2019-07-09 00:00:00,53.3100014,53.5800018,53.6899986,52.8199997,3767000.0,48.6338806
2019-07-10 00:00:00,54.5,53.6899986,54.7400017,53.6899986,5428000.0,49.7195015
2019-07-11 00:00:00,53.5600014,54.6599998,54.7299995,53.2900009,5411600.0,48.8619537
2019-07-12 00:00:00,53.4399986,53.6399994,53.7299995,52.9599991,3420500.0,48.7524719
2019-07-15 00:00:00,53.1199989,53.4900017,53.8699989,52.6300011,3792000.0,48.4605484
2019-07-16 00:00:00,52.8600006,52.9599991,53.3899994,52.75,5142900.0,48.2233543
2019-07-17 00:00:00,53.0499992,52.6599998,53.1100006,52.4300003,3595800.0,48.3966904
2019-07-18 00:00:00,53.2799988,53.0200005,53.4099998,52.6599998,3415900.0,48.6065102
2019-07-19 00:00:00,52.7700005,53.4700012,53.5,52.7599983,2322300.0,48.1412468
2019-07-22 00:00:00,52.4599991,52.8499985,52.9300003,52.1100006,2444400.0,47.8584366
2019-07-23 00:00:00,52.3899994,52.6399994,52.8899994,52.1300011,3013800.0,47.7945786
2019-07-24 00:00:00,52.8400002,52.25,52.8800011,52.0099983,3110000.0,48.2051048
2019-07-25 00:00:00,53.7299995,52.8199997,53.7999992,52.4500008,4329100.0,49.0170441
2019-07-26 00:00:00,53.6399994,53.7700005,53.7900009,53.25,2788300.0,48.9349365
2019-07-29 00:00:00,53.7000008,53.7200012,53.8699989,53.4599991,2632500.0,48.9896736
2019-07-30 00:00:00,53.6800003,53.8600006,53.9099998,53.4199982,2588500.0,48.9714279
2019-07-31 00:00:00,53.1100006,53.7099991,53.7900009,52.2599983,4185900.0,48.4514236
2019-08-01 00:00:00,54.0099983,53.3300018,54.6199989,53.3199997,4957300.0,49.2724762
2019-08-02 00:00:00,53.7000008,54.0200005,54.2200012,53.3300018,3521400.0,48.9896736
2019-08-05 00:00:00,52.8100014,53.5299988,53.8300018,52.3600006,3763000.0,48.177742
2019-08-06 00:00:00,52.5099983,52.7000008,53.0,52.1100006,3499500.0,47.9040527
2019-08-07 00:00:00,52.9199982,52.3800011,53.1500015,51.6199989,3183200.0,48.2780838
2019-08-08 00:00:00,54.0200005,52.4399986,54.0600014,52.25,3147000.0,49.2816086
2019-08-09 00:00:00,53.9199982,53.9799995,54.4799995,53.7299995,2579200.0,49.1903687
2019-08-12 00:00:00,54.2700005,53.9199982,54.3800011,53.6100006,3347600.0,49.5096741
2019-08-13 00:00:00,54.3800011,54.3899994,54.7299995,54.0800018,2970100.0,49.6100273
2019-08-14 00:00:00,53.7700005,54.2599983,54.6300011,53.5900002,3562200.0,49.0535393
2019-08-15 00:00:00,54.3300018,53.9700012,54.7200012,53.5099983,3398600.0,49.5644112
2019-08-16 00:00:00,55.0200005,54.8499985,55.2900009,54.6399994,4339100.0,50.1938896
2019-08-19 00:00:00,55.2000008,55.0800018,55.4300003,54.6599998,4191800.0,50.3580971
2019-08-20 00:00:00,54.2900009,55.0099983,55.0400009,54.25,3067100.0,49.5279274
2019-08-21 00:00:00,54.3800011,54.6199989,54.8400002,54.2200012,2843300.0,49.6100273
2019-08-22 00:00:00,54.6800003,54.4099998,54.8300018,54.2200012,2022100.0,49.883709
2019-08-23 00:00:00,53.6300011,54.7900009,54.8300018,53.3699989,2715900.0,48.9258118
2019-08-26 00:00:00,53.9799995,53.8300018,54.1399994,53.6500015,3758200.0,49.2451134
2019-08-27 00:00:00,51.9099998,53.4199982,53.4900017,51.25,6000000.0,47.3566856
2019-08-28 00:00:00,53.1199989,52.0299988,53.1800003,51.9799995,3444700.0,48.4605484
2019-08-29 00:00:00,53.3499985,53.4199982,53.5400009,52.8699989,2194300.0,48.6703682
2019-08-30 00:00:00,53.7999992,53.7299995,54.3800011,53.5,3400600.0,49.0809059
2019-09-03 00:00:00,54.2999992,53.7799988,54.3400002,53.3899994,3414900.0,49.5370369
2019-09-04 00:00:00,54.3100014,54.5,54.5900002,53.4900017,3766900.0,49.5461655
2019-09-05 00:00:00,54.1599998,54.4900017,54.5800018,53.9700012,2622500.0,49.4093285
2019-09-06 00:00:00,54.9599991,54.2000008,55.2099991,54.0699997,3391800.0,50.1391525
2019-09-09 00:00:00,55.5900002,55.0499992,56.4000015,54.6199989,6216000.0,50.7138863
2019-09-10 00:00:00,54.5299988,55.25,55.8100014,54.0999985,4662400.0,49.7468643
2019-09-11 00:00:00,54.3199997,54.3300018,54.7599983,53.8600006,4218100.0,49.555294
2019-09-12 00:00:00,54.0900002,54.7299995,55.0200005,54.0499992,3246900.0,49.3454628
2019-09-13 00:00:00,53.9700012,53.7999992,54.5800018,53.7400017,2971200.0,49.2359962
2019-09-16 00:00:00,54.5400009,53.7000008,54.9099998,53.6800003,3409800.0,49.7559967
2019-09-17 00:00:00,55.0299988,54.4700012,55.6199989,54.3899994,4909300.0,50.2030182
2019-09-18 00:00:00,54.5299988,55.6399994,55.9300003,53.6300011,6600700.0,49.7468643
2019-09-19 00:00:00,54.3899994,54.3800011,54.7400017,54.1199989,4449200.0,49.6191483
2019-09-20 00:00:00,54.3300018,54.5299988,54.5800018,54.1899986,6122400.0,49.5644112
2019-09-23 00:00:00,53.9000015,54.4900017,54.9000015,53.8499985,2165300.0,49.1721306
2019-09-24 00:00:00,54.1800003,54.1599998,54.6399994,53.75,3315100.0,49.4275703
2019-09-25 00:00:00,54.1699982,54.2999992,54.5499992,53.9799995,2830700.0,49.4184418
2019-09-26 00:00:00,54.9900017,54.3100014,55.0,54.2700005,2417000.0,50.166523
2019-09-27 00:00:00,54.8699989,55.0,55.0200005,54.3600006,2083500.0,50.0570412
2019-09-30 00:00:00,55.1199989,54.9799995,55.5900002,54.9000015,2609000.0,50.2851143
2019-10-01 00:00:00,54.3899994,55.1300011,55.4300003,54.2700005,2448400.0,49.6191483
2019-10-02 00:00:00,52.9099998,54.2200012,54.4000015,52.7900009,3764500.0,48.2689667
2019-10-03 00:00:00,53.3699989,53.2000008,53.5699997,52.7900009,2953700.0,48.6886177
2019-10-04 00:00:00,54.2999992,53.5800018,54.2999992,53.4199982,4293800.0,49.5370369
2019-10-07 00:00:00,54.5,54.0699997,54.6500015,53.8100014,2377900.0,49.7195015
2019-10-08 00:00:00,54.1500015,54.4300003,54.4300003,53.7599983,3465500.0,49.4002075
2019-10-09 00:00:00,54.1599998,53.7999992,54.3699989,53.6699982,3612000.0,49.8605118
2019-10-10 00:00:00,54.6100006,53.9500008,54.8499985,53.9099998,2623200.0,50.2747841
2019-10-11 00:00:00,54.3499985,54.8100014,54.8100014,53.9099998,3114200.0,50.0354195
2019-10-14 00:00:00,54.0099983,54.4000015,54.5800018,53.8400002,4744200.0,49.7224159
2019-10-15 00:00:00,53.6100006,54.0999985,54.2000008,53.3899994,3847800.0,49.3541641
2019-10-16 00:00:00,52.6500015,53.5999985,53.6599998,52.6100006,4073200.0,48.4703865
2019-10-17 00:00:00,52.9599991,52.5299988,53.0200005,52.1500015,3414300.0,48.7557678
2019-10-18 00:00:00,52.5499992,52.8800011,53.0499992,52.3800011,3064400.0,48.3783226
2019-10-21 00:00:00,52.5099983,52.3600006,52.7400017,52.2000008,1927000.0,48.3414917
2019-10-22 00:00:00,51.0900002,52.5699997,52.5999985,50.9700012,4014300.0,47.034214
2019-10-23 00:00:00,51.1800003,51.0600014,51.4099998,50.8100014,2954300.0,47.1170769
2019-10-24 00:00:00,51.1100006,51.0800018,51.2999992,50.5200005,2314900.0,47.0526314
2019-10-25 00:00:00,50.5099983,51.1500015,51.3100014,50.0900002,2898000.0,46.500267
2019-10-28 00:00:00,50.0,50.5099983,50.5999985,49.9700012,3350600.0,46.0307465
2019-10-29 00:00:00,50.4599991,50.4000015,51.0200005,50.0699997,3127900.0,46.4542274
2019-10-30 00:00:00,50.7099991,50.8300018,50.8300018,50.1300011,4417500.0,46.684391
2019-10-31 00:00:00,50.8600006,50.8400002,51.3699989,50.4099998,3711000.0,46.8224831
2019-11-01 00:00:00,51.1800003,50.9900017,51.3800011,50.9199982,2746600.0,47.1170769
2019-11-04 00:00:00,51.3800011,51.2000008,51.5299988,51.0200005,2526300.0,47.3011971
2019-11-05 00:00:00,51.5900002,51.3899994,51.6300011,51.2000008,3022800.0,47.4945335
2019-11-06 00:00:00,52.4700012,51.7999992,52.9099998,51.6500015,4153600.0,48.3046722
2019-11-07 00:00:00,51.9799995,52.1399994,52.6699982,51.75,3273400.0,47.8535728
2019-11-08 00:00:00,52.5,51.9199982,52.5099983,51.7700005,2656300.0,48.3322868
2019-11-11 00:00:00,52.3600006,52.4500008,52.4599991,52.1300011,2362900.0,48.2034035
2019-11-12 00:00:00,52.3600006,52.2200012,52.4300003,51.9399986,1958700.0,48.2034035
2019-11-13 00:00:00,52.5999985,52.5,53.0499992,52.3300018,2407800.0,48.4243507
2019-11-14 00:00:00,52.5299988,52.8600006,52.9599991,52.3600006,1850000.0,48.3599014
2019-11-15 00:00:00,52.5600014,52.5099983,52.6300011,52.3400002,2098500.0,48.3875237
2019-11-18 00:00:00,52.8899994,52.5800018,53.2000008,52.2099991,1987400.0,48.6913261
2019-11-19 00:00:00,52.9099998,53.0,53.0600014,52.7900009,2484700.0,48.7097435
2019-11-20 00:00:00,53.1699982,52.9500008,53.1899986,52.6599998,2240100.0,48.9491005
2019-11-21 00:00:00,52.3400002,53.0,53.0600014,52.25,1797100.0,48.1849899
2019-11-22 00:00:00,52.6899986,52.4799995,52.9099998,52.2400017,2097600.0,48.507206
2019-11-25 00:00:00,52.7200012,52.8899994,52.8899994,52.4799995,2496300.0,48.5348206
2019-11-26 00:00:00,53.2999992,52.8199997,53.3400002,52.5999985,2533900.0,49.068779
2019-11-27 00:00:00,53.4799995,53.4399986,53.7200012,53.2000008,1884100.0,49.2344894
2019-11-29 00:00:00,53.3199997,53.4599991,53.5499992,52.9199982,1144300.0,49.0871887
2019-12-02 00:00:00,53.4799995,53.0999985,53.6100006,52.7200012,2339500.0,49.2344894
2019-12-03 00:00:00,53.6500015,53.6699982,53.7900009,53.1399994,3607400.0,49.3909988
2019-12-04 00:00:00,53.2999992,53.5099983,53.9799995,53.2299995,3146700.0,49.068779
2019-12-05 00:00:00,53.9000015,53.0999985,53.9000015,53.0499992,3123800.0,49.6211548
2019-12-06 00:00:00,53.3100014,53.9700012,53.9900017,53.2299995,2815000.0,49.0779839
2019-12-09 00:00:00,53.1599998,53.4399986,53.4700012,52.9799995,2766900.0,48.9398956
2019-12-10 00:00:00,53.2400017,53.2200012,53.4399986,53.0200005,3566500.0,49.0135384
2019-12-11 00:00:00,51.5800018,53.0699997,53.2299995,51.3600006,5365200.0,47.485321
2019-12-12 00:00:00,51.6599998,51.9500008,52.4500008,51.5900002,4398700.0,47.5589752
2019-12-13 00:00:00,51.5999985,51.5900002,51.9900017,51.2700005,4405300.0,47.5037308
2019-12-16 00:00:00,52.3800011,51.8199997,52.5900002,51.7299995,5553600.0,48.221817
2019-12-17 00:00:00,52.1699982,52.2099991,52.6199989,51.9300003,4612600.0,48.0284843
2019-12-18 00:00:00,53.1800003,52.6800003,53.3600006,51.9199982,9596200.0,48.9583054
2019-12-19 00:00:00,53.2000008,53.4799995,53.5999985,52.5299988,5892200.0,48.9767189
2019-12-20 00:00:00,53.2799988,53.75,53.7900009,53.0600014,7900100.0,49.0503654
2019-12-23 00:00:00,52.7200012,53.4900017,53.6599998,52.5800018,3088500.0,48.5348206
2019-12-24 00:00:00,52.9799995,52.8199997,52.9799995,52.7299995,811200.0,48.7741776
2019-12-26 00:00:00,52.4199982,52.9799995,53.0499992,52.25,2843600.0,48.2586365
2019-12-27 00:00:00,53.1899986,52.5600014,53.1899986,52.4599991,2017400.0,48.967514
2019-12-30 00:00:00,52.7400017,52.9399986,53.0999985,52.5999985,2578300.0,48.5532379
2019-12-31 00:00:00,53.5600014,52.75,53.5600014,52.5999985,3945800.0,49.3081398
2020-01-02 00:00:00,52.1300011,53.6300011,53.7999992,52.0400009,4422100.0,47.9916611
2020-01-03 00:00:00,51.9399986,52.2299995,52.5200005,51.8199997,4718900.0,47.8167381
2020-01-06 00:00:00,52.5900002,52.0800018,52.7299995,51.9799995,3884700.0,48.4151382
2020-01-07 00:00:00,52.2299995,52.2999992,52.4900017,51.9399986,4274300.0,48.0837173
2020-01-08 00:00:00,52.9799995,52.4900017,53.0600014,52.2799988,4143400.0,48.7741776
2020-01-09 00:00:00,52.3800011,52.2599983,52.6599998,51.9700012,3842000.0,48.6719742
2020-01-10 00:00:00,52.25,52.4900017,52.5200005,52.1800003,2274400.0,48.5511703
2020-01-13 00:00:00,53.0600014,52.3699989,53.0600014,52.2999992,3670300.0,49.303833
2020-01-14 00:00:00,53.0,53.0999985,53.3100014,52.7599983,3351700.0,49.248085
2020-01-15 00:00:00,53.3699989,52.9599991,53.5699997,52.9300003,3213100.0,49.5918808
2020-01-16 00:00:00,53.7200012,53.5299988,53.9399986,53.3499985,4395300.0,49.9171143
2020-01-17 00:00:00,53.8499985,53.9099998,53.9500008,53.5999985,3231500.0,50.0379066
2020-01-21 00:00:00,54.3400002,53.7599983,54.4199982,53.7099991,5254100.0,50.4932251
2020-01-22 00:00:00,53.9799995,54.2999992,54.5699997,53.9599991,2976800.0,50.1587029
2020-01-23 00:00:00,54.2400017,53.8300018,54.4099998,53.7999992,2905500.0,50.4003029
2020-01-24 00:00:00,53.7099991,54.3699989,54.3699989,53.4700012,2554400.0,49.9078178
2020-01-27 00:00:00,53.2200012,53.3300018,53.7299995,53.1599998,2547000.0,49.452507
2020-01-28 00:00:00,53.0099983,53.1300011,53.5400009,52.9599991,2553700.0,49.2573662
2020-01-29 00:00:00,53.0299988,53.0200005,53.4799995,52.8300018,2680000.0,49.2759552
2020-01-30 00:00:00,53.7299995,53.0499992,53.8199997,53.0,2802500.0,49.9263992
2020-01-31 00:00:00,52.2200012,53.6100006,53.7599983,52.0900002,4695800.0,48.5233002
2020-02-03 00:00:00,52.9900017,52.6100006,53.0400009,52.4399986,4367100.0,49.2387924
2020-02-04 00:00:00,52.5499992,53.3499985,53.6500015,52.5499992,3889800.0,48.829937
2020-02-05 00:00:00,52.5600014,52.6199989,52.9399986,52.0600014,4967400.0,48.839222
2020-02-06 00:00:00,51.7099991,52.3199997,52.5,51.5600014,4006900.0,48.0494003
2020-02-07 00:00:00,51.9000015,51.7700005,51.9599991,51.4799995,2470800.0,48.2259521
2020-02-10 00:00:00,52.3600006,51.9000015,52.4799995,51.8400002,2147900.0,48.6533852
2020-02-11 00:00:00,52.7599983,52.4099998,52.8699989,52.2599983,2731900.0,49.025074
2020-02-12 00:00:00,52.9300003,52.75,53.0499992,52.5400009,3174200.0,49.1830406
2020-02-13 00:00:00,52.9900017,52.9000015,53.0299988,52.5200005,2405900.0,49.2387924
2020-02-14 00:00:00,53.3100014,53.1699982,53.7700005,53.0499992,2525400.0,49.5361328
2020-02-18 00:00:00,53.5400009,52.5,53.7799988,52.5,3181500.0,49.749855
2020-02-19 00:00:00,53.2400017,53.5600014,53.5699997,52.8300018,4543100.0,49.471096
2020-02-20 00:00:00,54.1300011,53.2000008,54.1599998,53.0099983,4830500.0,50.2980881
2020-02-21 00:00:00,53.9199982,54.0299988,55.1800003,53.8800011,5010600.0,50.102951
2020-02-24 00:00:00,53.7200012,53.3199997,53.9199982,53.0,4159600.0,49.9171143
2020-02-25 00:00:00,52.5299988,53.6800003,53.9599991,52.4799995,3947500.0,48.811348
2020-02-26 00:00:00,52.1399994,52.7599983,53.5999985,52.1399994,3366700.0,48.4489632
2020-02-27 00:00:00,50.1399994,51.8100014,52.2599983,50.1300011,5097500.0,46.5905418
2020-02-28 00:00:00,49.0,48.8699989,49.0099983,46.5900002,10113000.0,45.5312424
2020-03-02 00:00:00,51.4099998,49.2099991,51.4099998,48.8600006,7603400.0,47.7706337
2020-03-03 00:00:00,51.6500015,51.4000015,53.0600014,51.0600014,7073000.0,47.9936447
2020-03-04 00:00:00,54.1699982,52.4900017,54.1699982,52.2999992,4298100.0,50.3352509
2020-03-05 00:00:00,54.2999992,53.4399986,54.4599991,53.1899986,5406600.0,50.4560509
2020-03-06 00:00:00,54.7700005,52.5999985,55.0200005,52.4399986,6130000.0,50.8927841
2020-03-09 00:00:00,54.1399994,51.6699982,55.0200005,51.6300011,8204100.0,50.3073845
2020-03-10 00:00:00,54.0900002,54.6699982,55.6800003,51.8699989,7927800.0,50.2609138
2020-03-11 00:00:00,52.8699989,52.8600006,53.3499985,51.3499985,8693500.0,49.127285
2020-03-12 00:00:00,50.0,49.2000008,50.8699989,47.5299988,9145700.0,46.460453
2020-03-13 00:00:00,53.4799995,52.9500008,53.75,50.0200005,9723900.0,49.6941071
2020-03-16 00:00:00,53.3800011,49.4000015,55.8600006,48.75,13060100.0,49.6011772
2020-03-17 00:00:00,59.6699982,53.9599991,60.0,52.9300003,17279000.0,55.4459038
2020-03-18 00:00:00,57.75,57.6500015,59.9599991,54.0600014,11170500.0,53.6618233
2020-03-19 00:00:00,53.6800003,58.1899986,58.7299995,53.1899986,7293600.0,49.8799438
2020-03-20 00:00:00,53.3699989,53.0,54.2799988,51.2200012,11007300.0,49.5918808
2020-03-23 00:00:00,47.2799988,52.3400002,53.3600006,46.8800011,8448300.0,43.9330063
2020-03-24 00:00:00,48.2299995,49.0299988,50.1800003,47.1100006,7348200.0,44.8157578
2020-03-25 00:00:00,47.6500015,48.1199989,49.2000008,46.9500008,6019500.0,44.2768135
2020-03-26 00:00:00,50.0,47.8100014,50.5,47.3800011,5600200.0,46.460453
2020-03-27 00:00:00,51.8199997,48.9900017,52.5,48.9000015,6662000.0,48.1516075
2020-03-30 00:00:00,54.0999985,52.5299988,54.1500015,52.4799995,7425700.0,50.2702103
2020-03-31 00:00:00,52.7700005,53.9900017,54.4900017,52.2999992,5795300.0,49.0343628
2020-04-01 00:00:00,53.1199989,51.7400017,53.9700012,51.5099983,4669300.0,49.3595848
2020-04-02 00:00:00,54.8800011,52.5999985,55.0200005,52.5,4961400.0,50.9949875
2020-04-03 00:00:00,56.7099991,54.2000008,56.9000015,54.0099983,6876900.0,52.6954498
2020-04-06 00:00:00,57.7000008,56.4000015,58.0,55.9000015,6353700.0,53.6153641
2020-04-07 00:00:00,56.4399986,57.9000015,57.9199982,55.5699997,6516000.0,52.444561
2020-04-08 00:00:00,55.7299995,56.0900002,56.3699989,55.1800003,4553900.0,52.2383423
2020-04-09 00:00:00,57.4000015,55.4700012,57.9900017,55.3699989,4270200.0,53.8037071
2020-04-13 00:00:00,57.6699982,57.0999985,57.7799988,56.3199997,2707300.0,54.056797
2020-04-14 00:00:00,58.8499985,58.4799995,59.0499992,57.7200012,3999600.0,55.1628609
2020-04-15 00:00:00,59.0499992,59.6500015,59.6500015,58.5200005,3824200.0,55.3503342
2020-04-16 00:00:00,60.6899986,59.4799995,60.9199982,59.1899986,4632800.0,56.8875809
2020-04-17 00:00:00,60.6699982,60.7299995,60.9000015,58.7400017,4952300.0,56.8688354
2020-04-20 00:00:00,60.7599983,60.4900017,61.6599998,60.0499992,4189100.0,56.9531937
2020-04-21 00:00:00,59.7799988,60.9000015,61.0600014,59.5099983,2695000.0,56.0345955
2020-04-22 00:00:00,60.1899986,59.9300003,60.6500015,59.6699982,2816800.0,56.418911
2020-04-23 00:00:00,59.7099991,59.8199997,60.4000015,59.4500008,3167900.0,55.9689865
2020-04-24 00:00:00,60.4799995,60.0800018,60.5999985,59.4399986,3215300.0,56.6907387
2020-04-27 00:00:00,59.9799995,60.6199989,60.9799995,59.9500008,3134100.0,56.2220688
2020-04-28 00:00:00,60.9599991,60.2700005,61.2599983,60.0299988,4588400.0,57.1406593
2020-04-29 00:00:00,60.2999992,60.6500015,61.4099998,60.1100006,4115100.0,56.5220146
2020-04-30 00:00:00,59.8899994,60.5,60.8199997,59.5400009,3263000.0,56.1377068
2020-05-01 00:00:00,59.5800018,59.5,60.5499992,59.1100006,2606300.0,55.8471298
2020-05-04 00:00:00,59.7299995,59.8400002,60.0600014,58.7900009,2266200.0,55.9877281
2020-05-05 00:00:00,59.8100014,59.7000008,60.4500008,59.4500008,2344500.0,56.0627174
2020-05-06 00:00:00,58.9700012,59.9700012,60.3899994,58.9399986,2791600.0,55.2753487
2020-05-07 00:00:00,58.7700005,59.3899994,59.5,58.4799995,2576100.0,55.0878754
2020-05-08 00:00:00,59.7599983,59.3899994,60.0,58.9000015,2039600.0,56.0158424
2020-05-11 00:00:00,60.8100014,59.9700012,61.2999992,59.9000015,2957900.0,57.0000648
2020-05-12 00:00:00,62.5099983,61.2900009,62.75,61.1399994,4541900.0,58.5935555
2020-05-13 00:00:00,63.5600014,62.6399994,64.2300034,62.5499992,5467300.0,59.5777702
2020-05-14 00:00:00,62.2099991,63.7299995,64.3099976,61.5800018,4164000.0,58.3123474
2020-05-15 00:00:00,62.4900017,62.2099991,63.4300003,62.1399994,4684900.0,58.5748138
2020-05-18 00:00:00,61.5800018,63.0200005,63.0400009,61.2799988,3334300.0,57.7218246
2020-05-19 00:00:00,60.7299995,61.8300018,62.0,60.6599998,2579900.0,56.9250717
2020-05-20 00:00:00,60.9300003,61.0699997,61.3499985,60.2700005,2206100.0,57.112545
2020-05-21 00:00:00,59.9500008,60.8899994,60.8899994,59.3899994,3384600.0,56.1939507
2020-05-22 00:00:00,59.9599991,59.7900009,60.0400009,59.4799995,2089500.0,56.2033234
2020-05-26 00:00:00,59.9199982,59.9799995,60.3699989,59.5800018,3530600.0,56.1658249
2020-05-27 00:00:00,60.8199997,59.5499992,60.8400002,59.4799995,3316500.0,57.0094376
2020-05-28 00:00:00,61.9099998,61.3600006,62.0800018,61.3199997,2793100.0,58.031147
2020-05-29 00:00:00,63.0400009,62.2200012,63.3300018,61.8800011,5433800.0,59.0903511
2020-06-01 00:00:00,63.5400009,62.9300003,64.0,62.7599983,2524200.0,59.5590248
2020-06-02 00:00:00,63.4199982,63.4300003,63.5299988,62.6199989,3560400.0,59.4465446
2020-06-03 00:00:00,61.4700012,63.5900002,63.6500015,61.4099998,3509200.0,57.6187134
2020-06-04 00:00:00,60.7599983,60.7799988,61.2000008,59.7099991,5792000.0,56.9531937
2020-06-05 00:00:00,61.0,60.6599998,61.1500015,58.9599991,5489900.0,57.1781616
2020-06-08 00:00:00,62.1399994,60.0499992,62.2999992,59.9300003,4558400.0,58.2467346
2020-06-09 00:00:00,62.8199997,62.2799988,63.0,61.2400017,8080300.0,58.8841324
2020-06-10 00:00:00,62.7799988,63.0400009,63.5200005,62.6500015,4618500.0,58.8466339
2020-06-11 00:00:00,60.5800018,62.2200012,62.8899994,60.4000015,4042700.0,56.7844772
2020-06-12 00:00:00,60.1500015,60.7200012,60.9500008,59.6500015,4259000.0,56.3814163
2020-06-15 00:00:00,60.8699989,59.8499985,60.8699989,59.0400009,5598500.0,57.0563087
2020-06-16 00:00:00,61.7900009,61.4099998,61.8600006,60.7799988,3749000.0,57.9186668
2020-06-17 00:00:00,61.7999992,61.7900009,62.2799988,61.5099983,3290600.0,57.9280434
2020-06-18 00:00:00,61.7599983,61.6399994,62.0999985,61.2400017,2871700.0,57.8905411
2020-06-19 00:00:00,61.5800018,62.3600006,62.4099998,61.0400009,13648500.0,57.7218246
2020-06-22 00:00:00,61.5200005,61.7000008,61.9900017,61.2799988,2297600.0,57.6655846
2020-06-23 00:00:00,61.0,61.9199982,62.1699982,60.9500008,3234400.0,57.1781616
2020-06-24 00:00:00,60.2900009,60.5900002,60.7999992,59.4099998,4327600.0,56.5126495
2020-06-25 00:00:00,60.3300018,60.2900009,60.5499992,59.7299995,3076200.0,56.5501404
2020-06-26 00:00:00,59.2099991,60.5800018,61.0600014,59.1599998,5593400.0,55.500309
2020-06-29 00:00:00,60.7400017,59.6800003,61.0400009,59.6399994,4282300.0,56.9344521
2020-06-30 00:00:00,61.6500015,61.2700005,61.6500015,60.25,5646500.0,57.7874336
2020-07-01 00:00:00,60.4300003,60.4799995,61.0999985,59.6699982,6906800.0,56.6438751
2020-07-02 00:00:00,61.4799995,61.1199989,62.0699997,60.8499985,5715000.0,57.6280899
2020-07-06 00:00:00,62.1899986,61.7900009,62.3899994,61.1399994,5791100.0,58.293602
2020-07-07 00:00:00,62.9799995,62.2299995,63.2999992,62.0800018,4820100.0,59.034111
2020-07-08 00:00:00,62.9399986,62.8800011,63.1500015,62.5900002,4059900.0,58.9966125
2020-07-09 00:00:00,62.5499992,62.3699989,62.9500008,62.1300011,3289600.0,59.0910797
2020-07-10 00:00:00,63.5499992,62.75,63.5999985,62.5900002,3640100.0,60.0357819
2020-07-13 00:00:00,63.5600014,63.7000008,64.9800034,63.5400009,5406300.0,60.0452347
2020-07-14 00:00:00,65.1699982,63.6300011,65.2900009,63.5999985,4604500.0,61.5662079
2020-07-15 00:00:00,64.5999985,65.2300034,65.4100037,64.5299988,3837900.0,61.0277176
2020-07-16 00:00:00,64.6900024,64.6100006,65.2900009,64.5,3268600.0,61.1127472
2020-07-17 00:00:00,64.6399994,65.0400009,65.1200027,64.5800018,5570200.0,61.0655098
2020-07-20 00:00:00,63.6399994,64.4499969,64.6500015,63.4300003,3519500.0,60.1208076
2020-07-21 00:00:00,64.5,63.5999985,64.9800034,63.5999985,2800200.0,60.9332504
2020-07-22 00:00:00,64.7200012,64.5,64.7600021,63.7599983,2030000.0,61.1410866
2020-07-23 00:00:00,64.9899979,65.0,65.4300003,64.6600037,2214000.0,61.3961601
2020-07-24 00:00:00,64.2300034,65.0100021,65.4800034,63.9599991,2779400.0,60.6781845
2020-07-27 00:00:00,64.0800018,64.1999969,64.3600006,63.5400009,3150900.0,60.5364799
2020-07-28 00:00:00,64.5400009,64.1800003,64.9300003,64.1399994,2950600.0,60.9710388
2020-07-29 00:00:00,64.3700027,64.6999969,64.9300003,64.0100021,2131000.0,60.8104439
2020-07-30 00:00:00,63.4799995,64.1100006,64.4000015,63.0299988,2663300.0,59.9696579
2020-07-31 00:00:00,63.2700005,63.0699997,63.8899994,62.3600006,7101800.0,59.7712708
2020-08-03 00:00:00,64.5999985,63.8199997,64.8199997,63.8199997,2580400.0,61.0277176
2020-08-04 00:00:00,65.7399979,64.4400024,66.1399994,64.4100037,3823900.0,62.1046791
2020-08-05 00:00:00,64.4199982,65.5,65.6900024,64.0400009,2837900.0,60.8576736
2020-08-06 00:00:00,64.1800003,64.3000031,64.8199997,63.9500008,1607200.0,60.6309509
2020-08-07 00:00:00,64.3499985,63.9300003,64.4599991,63.7700005,1847000.0,60.7915459
2020-08-10 00:00:00,63.75,64.2600021,64.3099976,63.5099983,2250700.0,60.2247238
2020-08-11 00:00:00,62.1399994,63.8699989,63.9000015,62.0099983,4117400.0,58.7037582
2020-08-12 00:00:00,63.0600014,62.2599983,63.5400009,62.2400017,2131400.0,59.5728836
2020-08-13 00:00:00,62.9700012,62.9399986,63.3300018,62.5699997,1241400.0,59.4878578
2020-08-14 00:00:00,63.2700005,63.1100006,63.5999985,62.9500008,2104000.0,59.7712708
2020-08-17 00:00:00,64.2799988,63.3800011,64.4000015,63.1800003,1910100.0,60.7254181
2020-08-18 00:00:00,64.6299973,64.2699966,65.0599976,63.6699982,2073800.0,61.0560608
2020-08-19 00:00:00,64.4599991,64.8499985,64.9800034,64.4199982,1665000.0,60.895462
2020-08-20 00:00:00,64.2099991,64.2099991,64.4800034,63.9300003,1266600.0,60.6592865
2020-08-21 00:00:00,64.0199966,64.2600021,64.2600021,63.3699989,1786200.0,60.4797935
2020-08-24 00:00:00,64.1299973,64.0199966,64.2300034,63.5200005,1431000.0,60.5837097
2020-08-25 00:00:00,63.9000015,64.5899963,64.5999985,63.7700005,1735700.0,60.3664322
2020-08-26 00:00:00,64.25,63.6699982,64.3499985,63.6300011,2229900.0,60.6970787
2020-08-27 00:00:00,64.7099991,64.5,65.1600037,64.3899994,2158800.0,61.1316338
2020-08-28 00:00:00,63.3899994,64.7099991,64.7099991,63.0,2982900.0,59.8846359
2020-08-31 00:00:00,63.9500008,63.3199997,64.1600037,63.2900009,2646200.0,60.413662
2020-09-01 00:00:00,63.1199989,63.9199982,64.0800018,62.4900017,2539000.0,59.6295624
2020-09-02 00:00:00,64.5,63.0600014,64.7300034,62.9500008,2669100.0,60.9332504
2020-09-03 00:00:00,62.9700012,64.4499969,65.5199966,62.4000015,3408500.0,59.4878578
2020-09-04 00:00:00,63.1500015,62.9399986,63.4399986,62.3499985,2566400.0,59.6579056
2020-09-08 00:00:00,59.5200005,63.0,63.3499985,59.1500015,5062200.0,56.2286377
2020-09-09 00:00:00,59.9799995,60.1300011,60.7799988,59.5200005,4654500.0,56.6632042
2020-09-10 00:00:00,58.4900017,59.8600006,60.1300011,58.3800011,3399800.0,55.2555962
2020-09-11 00:00:00,58.5400009,58.5999985,59.0499992,57.8400002,3557400.0,55.3028336
2020-09-14 00:00:00,58.7599983,58.8600006,59.6399994,58.2799988,3679800.0,55.5106621
2020-09-15 00:00:00,59.0200005,58.8800011,59.4900017,58.25,2522900.0,55.7562904
2020-09-16 00:00:00,58.75,59.1899986,59.5400009,58.6699982,2432400.0,55.5012207
2020-09-17 00:00:00,57.5800018,58.3800011,58.5999985,57.3199997,4270100.0,54.395916
2020-09-18 00:00:00,57.3199997,57.3300018,58.0600014,57.1500015,4671000.0,54.1502953
2020-09-21 00:00:00,57.8699989,57.0,58.2000008,56.9199982,3401200.0,54.6698799
2020-09-22 00:00:00,57.9900017,58.0099983,58.7700005,57.6300011,3821200.0,54.7832413
2020-09-23 00:00:00,57.7200012,58.7000008,59.3699989,57.4799995,5711100.0,54.5281754
2020-09-24 00:00:00,58.7000008,58.0999985,59.3199997,57.9799995,4351700.0,55.4539871
2020-09-25 00:00:00,59.6699982,59.7599983,60.2799988,59.2900009,5859800.0,56.3703423
2020-09-28 00:00:00,59.9000015,59.8699989,60.5,59.1500015,2781700.0,56.5876236
2020-09-29 00:00:00,59.8600006,59.8699989,60.2400017,59.4300003,2246100.0,56.549839
2020-09-30 00:00:00,61.6800003,59.9300003,62.0299988,59.7900009,7706300.0,58.2691956
2020-10-01 00:00:00,62.5699997,61.8100014,62.6800003,60.7700005,6250800.0,59.1099777
2020-10-02 00:00:00,62.5200005,62.3499985,63.2900009,61.9799995,4497500.0,59.0627441
2020-10-05 00:00:00,62.6800003,62.4099998,63.0299988,62.25,2519900.0,59.2138977
2020-10-06 00:00:00,61.2299995,62.3899994,62.6199989,60.9700012,3363100.0,57.8440742
2020-10-07 00:00:00,61.5900002,61.5,61.8600006,60.7999992,3213400.0,58.1841736
2020-10-08 00:00:00,61.3899994,61.2599983,61.5900002,60.7400017,2459400.0,58.4794731
2020-10-09 00:00:00,61.8699989,61.5099983,62.2299995,61.1300011,3061500.0,58.9367142
2020-10-12 00:00:00,62.3499985,62.0099983,62.8600006,61.7999992,2232000.0,59.393959
2020-10-13 00:00:00,62.7200012,62.3600006,62.8699989,62.1699982,2934800.0,59.746418
2020-10-14 00:00:00,62.0900002,62.6899986,62.9399986,61.9099998,1759700.0,59.146286
2020-10-15 00:00:00,62.7000008,62.0499992,62.9900017,61.5400009,2203100.0,59.7273712
2020-10-16 00:00:00,62.3699989,62.8600006,62.9000015,62.3199997,2884000.0,59.4130135
2020-10-19 00:00:00,61.2900009,62.3800011,62.5800018,61.1500015,2200900.0,58.3842163
2020-10-20 00:00:00,61.1199989,61.5999985,61.7599983,60.9700012,2332100.0,58.222271
2020-10-21 00:00:00,60.9700012,60.7299995,61.4199982,60.7299995,1551700.0,58.0793877
2020-10-22 00:00:00,61.3100014,60.7700005,61.4700012,60.3100014,1836600.0,58.4032707
2020-10-23 00:00:00,61.7799988,61.6500015,61.9700012,61.1899986,1443600.0,58.8509865
2020-10-26 00:00:00,60.9799995,61.75,61.9399986,60.6599998,2652000.0,58.088913
2020-10-27 00:00:00,61.1199989,60.8899994,61.7099991,60.8100014,2305400.0,58.222271
2020-10-28 00:00:00,59.5200005,60.4199982,61.0600014,59.4700012,3556200.0,56.6981316
2020-10-29 00:00:00,59.2200012,59.7000008,59.9500008,58.7200012,2567600.0,56.4123535
2020-10-30 00:00:00,59.1199989,59.0099983,59.6300011,58.6699982,2501800.0,56.3170929
2020-11-02 00:00:00,59.7299995,59.7900009,60.5699997,59.4399986,2554700.0,56.8981743
2020-11-03 00:00:00,60.8899994,60.1500015,61.7099991,60.1500015,2149500.0,58.0031738
2020-11-04 00:00:00,60.4700012,61.4900017,61.7799988,60.4099998,2580000.0,57.6030922
2020-11-05 00:00:00,60.5600014,60.9599991,61.6800003,60.5200005,2466200.0,57.6888237
2020-11-06 00:00:00,61.0699997,60.6100006,61.3600006,60.5,1986700.0,58.1746445
2020-11-09 00:00:00,58.3600006,61.0600014,61.6699982,58.2999992,4560800.0,55.5931282
2020-11-10 00:00:00,58.9199982,58.2200012,58.9700012,57.2400017,6858600.0,56.1265755
2020-11-11 00:00:00,59.8899994,59.0099983,60.2099991,58.4900017,3771300.0,57.0505867
2020-11-12 00:00:00,60.4900017,60.2200012,60.5,58.9799995,4467100.0,57.6221428
2020-11-13 00:00:00,60.9700012,60.6599998,61.0900002,60.25,1907500.0,58.0793877
2020-11-16 00:00:00,61.2099991,60.7299995,61.2700005,59.8899994,3620600.0,58.3080101
2020-11-17 00:00:00,61.2799988,61.0,61.5400009,60.5299988,3657900.0,58.374691
2020-11-18 00:00:00,61.1300011,61.2000008,62.0,60.8499985,4061800.0,58.2318039
2020-11-19 00:00:00,62.0,60.9199982,62.0200005,60.5,2551500.0,59.0605545
2020-11-20 00:00:00,61.3600006,61.9500008,62.3600006,60.8899994,3097000.0,58.4508972
2020-11-23 00:00:00,61.0200005,61.2299995,61.4399986,60.6899986,2957300.0,58.1270218
2020-11-24 00:00:00,60.5699997,61.5499992,61.5499992,60.2099991,3728700.0,57.698349
2020-11-25 00:00:00,60.0,60.7400017,61.0900002,59.9300003,3285200.0,57.1553764
2020-11-27 00:00:00,60.1300011,60.3499985,60.3499985,59.8100014,1376100.0,57.2792091
2020-11-30 00:00:00,60.8199997,60.0900002,60.8499985,59.6199989,4468200.0,57.9364967
2020-12-01 00:00:00,61.3100014,60.7000008,61.4300003,60.4500008,3298400.0,58.4032707
2020-12-02 00:00:00,60.2200012,61.2099991,61.8400002,59.9500008,3716300.0,57.3649445
2020-12-03 00:00:00,60.4399986,60.1500015,60.6300011,59.9199982,3162000.0,57.5745125
2020-12-04 00:00:00,60.4399986,60.3100014,60.8100014,60.0099983,3298400.0,57.5745125
2020-12-07 00:00:00,59.7400017,60.3699989,60.5699997,59.5200005,3166600.0,56.9077034
2020-12-08 00:00:00,60.4000015,59.6399994,60.5299988,59.5900002,2626900.0,57.5364113
2020-12-09 00:00:00,59.3300018,60.2799988,60.4599991,59.0999985,3923100.0,56.5171432
2020-12-10 00:00:00,58.8699989,59.3600006,59.6399994,58.5299988,3685100.0,56.0789413
2020-12-11 00:00:00,59.3199997,58.7900009,59.4599991,58.6300011,2351800.0,56.5076103
2020-12-14 00:00:00,59.3499985,59.7000008,60.4399986,59.3300018,3582800.0,56.5361938
2020-12-15 00:00:00,59.0299988,59.5800018,59.5900002,58.5400009,3465200.0,56.2313576
2020-12-16 00:00:00,58.9199982,59.0099983,59.6599998,58.6699982,4057900.0,56.1265755
2020-12-17 00:00:00,59.7000008,59.3100014,60.1599998,58.5200005,5089900.0,56.8695984
2020-12-18 00:00:00,59.4000015,59.6500015,60.2000008,59.0600014,6367400.0,56.5838242
2020-12-21 00:00:00,58.9900017,59.0999985,59.3100014,58.1800003,3196900.0,56.1932602
2020-12-22 00:00:00,58.5999985,58.9000015,58.9599991,58.2900009,2771000.0,55.8217506
2020-12-23 00:00:00,58.9900017,58.6699982,59.25,58.6199989,2521100.0,56.1932602
2020-12-24 00:00:00,59.1300011,58.75,59.1599998,58.6199989,1127400.0,56.3266258
2020-12-28 00:00:00,59.3499985,59.2200012,59.4199982,58.9199982,2659000.0,56.5361938
2020-12-29 00:00:00,59.1500015,59.4000015,59.8199997,58.9599991,2328900.0,56.3456726
2020-12-30 00:00:00,58.5600014,59.0600014,59.2200012,58.5299988,1955600.0,55.7836494
2020-12-31 00:00:00,58.7999992,58.5299988,58.8699989,58.0999985,3378200.0,56.0122643
2021-01-04 00:00:00,59.0299988,58.5800018,59.1899986,57.8100014,4513500.0,56.2313576
2021-01-05 00:00:00,59.0900002,58.9599991,59.6500015,58.5499992,2739000.0,56.288517
2021-01-06 00:00:00,58.9399986,58.9799995,59.5800018,58.8199997,3630200.0,56.1456299
2021-01-07 00:00:00,57.9500008,58.5,58.8199997,57.9399986,3395700.0,55.6843948
2021-01-08 00:00:00,56.4000015,58.0,58.0900002,56.2200012,6715100.0,54.1949959
2021-01-11 00:00:00,55.5699997,56.3800011,56.6699982,55.4000015,5552000.0,53.3974419
2021-01-12 00:00:00,54.3699989,55.4500008,55.5099983,53.9599991,10158700.0,52.2443581
2021-01-13 00:00:00,55.3899994,54.5600014,55.7900009,54.1399994,8174900.0,53.2244835
2021-01-14 00:00:00,55.75,55.4199982,55.7599983,54.4799995,6436300.0,53.5704079
2021-01-15 00:00:00,56.2400017,55.7200012,56.6699982,55.1500015,8579300.0,54.0412521
2021-01-19 00:00:00,55.6699982,56.6199989,56.6300011,55.6300011,3898300.0,53.4935303
2021-01-20 00:00:00,55.3400002,55.6199989,55.6800003,54.5200005,4428400.0,53.1764374
2021-01-21 00:00:00,55.2900009,55.2799988,55.5299988,54.9099998,3058600.0,53.1283913
2021-01-22 00:00:00,55.9700012,55.1800003,56.0900002,54.7599983,4745400.0,53.7818069
2021-01-25 00:00:00,57.9000015,55.9199982,58.2900009,55.8899994,6958800.0,55.6363525
2021-01-26 00:00:00,59.1300011,57.8600006,59.2200012,57.4000015,6024900.0,56.818264
2021-01-27 00:00:00,60.4000015,59.0999985,61.4599991,59.0099983,7344900.0,58.0386086
2021-01-28 00:00:00,59.3600006,60.3499985,61.2000008,58.5699997,7919100.0,57.0392723
2021-01-29 00:00:00,58.0999985,59.25,60.1899986,57.9799995,7118900.0,55.8285332
2021-02-01 00:00:00,57.5499992,58.1199989,58.4900017,57.0499992,5139500.0,55.3000374
2021-02-02 00:00:00,57.6199989,57.9000015,58.3499985,57.0800018,3811000.0,55.3672981
2021-02-03 00:00:00,56.8199997,57.4599991,57.7000008,56.4199982,3793400.0,54.5985756
2021-02-04 00:00:00,56.9000015,56.75,57.5299988,56.2799988,3195000.0,54.6754456
2021-02-05 00:00:00,57.4000015,56.9799995,57.6599998,56.6599998,3166900.0,55.155899
2021-02-08 00:00:00,57.7000008,57.5,57.7799988,57.2000008,2990500.0,55.4441719
2021-02-09 00:00:00,57.6699982,57.9399986,58.0999985,57.3499985,1744100.0,55.4153404
2021-02-10 00:00:00,58.0900002,58.0099983,58.1800003,57.4500008,2704900.0,55.8189201
2021-02-11 00:00:00,56.9099998,58.1500015,58.1699982,56.7000008,2893100.0,54.6850548
2021-02-12 00:00:00,57.1199989,56.8199997,57.1500015,56.3800011,3422700.0,54.8868446
2021-02-16 00:00:00,56.2900009,56.7900009,56.9000015,55.8699989,4162300.0,54.0892982
2021-02-17 00:00:00,56.8100014,56.0400009,56.8600006,55.8699989,3022700.0,54.5889664
2021-02-18 00:00:00,58.0200005,56.7799988,58.4000015,56.6399994,3027600.0,55.7516594
2021-02-19 00:00:00,56.5,58.0200005,58.1300011,56.4799995,3381600.0,54.2910843
2021-02-22 00:00:00,56.1699982,56.5299988,56.6199989,55.5699997,3878900.0,53.9739838
2021-02-23 00:00:00,56.8199997,56.3100014,57.0600014,55.9500008,3249700.0,54.5985756
2021-02-24 00:00:00,56.2000008,56.7900009,56.9099998,56.1599998,3648400.0,54.0028152
2021-02-25 00:00:00,55.8400002,56.2799988,56.8400002,55.5800018,3846800.0,53.6568871
2021-02-26 00:00:00,55.0099983,55.9300003,56.1300011,54.8699989,5642500.0,52.8593369
2021-03-01 00:00:00,54.7400017,55.1399994,55.5200005,54.6300011,5634800.0,52.5998955
2021-03-02 00:00:00,55.0699997,54.8800011,55.3100014,54.3100014,4198600.0,52.9169922
2021-03-03 00:00:00,54.8899994,54.8699989,55.3300018,54.6100006,3459500.0,52.7440262
2021-03-04 00:00:00,55.2900009,54.9900017,56.3199997,54.9000015,5633900.0,53.1283913
2021-03-05 00:00:00,56.7799988,55.5699997,57.0600014,55.2799988,6444300.0,54.5601387
2021-03-08 00:00:00,57.7599983,57.0099983,58.2999992,56.5900002,3993600.0,55.5018234
2021-03-09 00:00:00,57.4000015,57.6800003,58.4099998,57.2700005,3634800.0,55.155899
2021-03-10 00:00:00,58.5600014,57.5699997,59.2599983,56.9099998,6827700.0,56.2705498
2021-03-11 00:00:00,58.1300011,58.3100014,58.8800011,58.1199989,4993000.0,55.8573608
2021-03-12 00:00:00,58.75,58.0900002,58.8300018,57.9799995,4302300.0,56.4531136
2021-03-15 00:00:00,59.0200005,59.1599998,59.2599983,58.5900002,4426300.0,56.7125664
2021-03-16 00:00:00,59.3800011,59.0,59.7200012,58.8499985,3880900.0,57.0584869
2021-03-17 00:00:00,59.3899994,59.5400009,59.8800011,59.1599998,3536800.0,57.0681
2021-03-18 00:00:00,59.9000015,59.1800003,60.2000008,59.1800003,4229700.0,57.5581589
2021-03-19 00:00:00,60.0699997,59.8499985,60.4300003,59.6300011,8212200.0,57.7215118
2021-03-22 00:00:00,61.4500008,59.9199982,61.6300011,59.5600014,6493600.0,59.0475616
2021-03-23 00:00:00,61.1899986,61.7000008,62.0200005,61.0,5231700.0,58.7977219
2021-03-24 00:00:00,58.6199989,58.5200005,59.4799995,57.8100014,10643100.0,56.3282013
2021-03-25 00:00:00,59.5299988,58.4799995,60.2700005,58.1500015,6369200.0,57.2026291
2021-03-26 00:00:00,60.9700012,59.5900002,61.1500015,58.7299995,5314600.0,58.5863266
2021-03-29 00:00:00,62.4900017,61.0699997,62.5999985,61.0,6452900.0,60.0469055
2021-03-30 00:00:00,61.7900009,62.6599998,62.7000008,61.6699982,4835700.0,59.3742676
2021-03-31 00:00:00,61.3199997,61.5200005,62.2400017,61.1599998,5734500.0,58.9226379
2021-04-01 00:00:00,60.9199982,61.2099991,61.4799995,60.1800003,7171200.0,58.5382805
2021-04-05 00:00:00,61.5299988,61.0699997,62.0099983,61.0099983,4473200.0,59.1244316
2021-04-06 00:00:00,61.7400017,61.3600006,62.0600014,61.1300011,4969600.0,59.3262215
2021-04-07 00:00:00,61.3899994,61.8600006,62.0999985,61.1699982,3846300.0,58.9899063
2021-04-08 00:00:00,60.9500008,60.9900017,61.2700005,60.7400017,3236700.0,59.0577354
2021-04-09 00:00:00,60.1300011,61.0,61.2000008,59.6399994,3895700.0,58.2631912
2021-04-12 00:00:00,60.9700012,60.2599983,61.0499992,60.25,3445700.0,59.0771141
2021-04-13 00:00:00,60.6800003,60.9199982,61.4599991,60.6800003,3403000.0,58.7961159
2021-04-14 00:00:00,60.6100006,60.7299995,60.8199997,60.0299988,3329900.0,58.7282867
2021-04-15 00:00:00,60.5499992,60.7700005,61.2099991,60.4900017,4159100.0,58.6701469
2021-04-16 00:00:00,61.2999992,60.8300018,61.3300018,60.5299988,9941800.0,59.396862
2021-04-19 00:00:00,61.2999992,61.1599998,61.5400009,60.6199989,4160100.0,59.396862
2021-04-20 00:00:00,62.2999992,61.25,62.8600006,61.1300011,5510900.0,60.3658142
2021-04-21 00:00:00,62.7599983,62.5800018,63.1699982,62.3600006,5046200.0,60.8115387
2021-04-22 00:00:00,62.0299988,62.6500015,62.75,62.0,3676400.0,60.1041985
2021-04-23 00:00:00,61.2599983,61.8600006,62.1100006,61.1199989,3117000.0,59.3581085
2021-04-26 00:00:00,60.5400009,61.3499985,61.4199982,60.4399986,4074200.0,58.6604614
2021-04-27 00:00:00,60.5400009,60.4199982,60.75,60.1399994,3804100.0,58.6604614
2021-04-28 00:00:00,60.7999992,60.9000015,61.3400002,60.5299988,2747700.0,58.912384
2021-04-29 00:00:00,61.4300003,60.8699989,61.6599998,60.7999992,3489000.0,59.522831
2021-04-30 00:00:00,60.8600006,61.5200005,61.6199989,60.6199989,4829000.0,58.9705238
2021-05-03 00:00:00,61.5999985,60.8600006,62.0299988,60.8600006,3128400.0,59.6875496
2021-05-04 00:00:00,61.7999992,61.8199997,62.2599983,61.3300018,3528500.0,59.88134
2021-05-05 00:00:00,61.8300018,61.6599998,61.9099998,60.9900017,2877100.0,59.9104118
2021-05-06 00:00:00,63.6399994,62.5,64.2399979,62.3899994,7476900.0,61.6642151
2021-05-07 00:00:00,63.0499992,63.3499985,63.6800003,62.4000015,3574900.0,61.0925331
2021-05-10 00:00:00,63.8300018,63.1800003,64.1399994,63.1599998,2431600.0,61.84832
2021-05-11 00:00:00,63.1100006,64.0599976,64.3000031,62.8199997,3651800.0,61.1506691
2021-05-12 00:00:00,62.9599991,63.1899986,63.6399994,62.75,3365600.0,61.0053253
2021-05-13 00:00:00,63.9799995,62.6899986,64.6500015,62.4399986,5330900.0,61.99366
2021-05-14 00:00:00,63.4000015,64.1299973,64.6500015,63.3699989,3233300.0,61.4316711
2021-05-17 00:00:00,62.7900009,63.0999985,63.6100006,62.5400009,4006400.0,60.8406067
2021-05-18 00:00:00,62.9300003,62.7000008,63.1699982,62.3300018,3116100.0,60.9762611
2021-05-19 00:00:00,62.5999985,62.7400017,63.0400009,62.1699982,2743100.0,60.6565056
2021-05-20 00:00:00,62.9000015,62.7000008,63.3800011,62.3899994,3202100.0,60.9471931
2021-05-21 00:00:00,63.1300011,63.0600014,63.8800011,62.9500008,2701000.0,61.1700554
2021-05-24 00:00:00,63.0499992,63.2799988,63.6399994,63.0400009,1816300.0,61.0925331
2021-05-25 00:00:00,62.8499985,63.0499992,63.2000008,62.3199997,2596100.0,60.8987427
2021-05-26 00:00:00,62.8300018,62.8400002,63.0999985,62.6399994,2876800.0,60.8793678
2021-05-27 00:00:00,62.2799988,62.8400002,63.4099998,62.2000008,3535400.0,60.3464394
2021-05-28 00:00:00,62.8600006,62.4500008,63.2599983,62.4199982,2934400.0,60.908432
2021-06-01 00:00:00,62.6599998,63.1599998,63.4000015,62.4700012,3239600.0,60.7146416
2021-06-02 00:00:00,63.4900017,62.7999992,63.8699989,62.5699997,5019700.0,61.5188789
2021-06-03 00:00:00,63.7999992,63.4399986,63.9300003,63.1199989,4176900.0,61.8192482
2021-06-04 00:00:00,64.0299988,63.7999992,64.4000015,63.7099991,4104500.0,62.0421066
2021-06-07 00:00:00,63.7200012,64.1299973,64.1800003,63.3300018,3493200.0,61.7417374
2021-06-08 00:00:00,63.1899986,63.8100014,63.8800011,63.0200005,2263100.0,61.2281837
2021-06-09 00:00:00,62.1199989,61.7799988,63.0600014,61.6100006,6910800.0,60.1914101
2021-06-10 00:00:00,62.5699997,62.1399994,63.0,61.9700012,2880700.0,60.6274338
2021-06-11 00:00:00,62.5200005,62.6800003,62.8100014,62.0600014,2602300.0,60.5789871
2021-06-14 00:00:00,62.6500015,62.4000015,62.7000008,61.9500008,2020300.0,60.7049522
2021-06-15 00:00:00,62.1399994,62.75,62.8499985,62.0699997,5381400.0,60.2107849
2021-06-16 00:00:00,61.1500015,62.3699989,62.3899994,61.1100006,3842600.0,59.2515259
2021-06-17 00:00:00,61.0999985,61.0400009,61.3499985,60.4099998,3149200.0,59.2030716
2021-06-18 00:00:00,59.7599983,60.7599983,60.9599991,59.7599983,5416900.0,57.9046745
2021-06-21 00:00:00,60.1399994,60.1500015,60.4399986,59.7799988,2926400.0,58.2728806
2021-06-22 00:00:00,60.2099991,60.2099991,60.4799995,60.0099983,3433000.0,58.3407059
2021-06-23 00:00:00,59.2099991,60.0699997,60.1300011,59.2000008,3058900.0,57.3717499
2021-06-24 00:00:00,59.1500015,59.0699997,59.3199997,58.8300018,3121400.0,57.3136139
2021-06-25 00:00:00,59.6300011,59.0299988,59.6699982,58.9599991,3047400.0,57.7787094
2021-06-28 00:00:00,60.5499992,59.75,60.7000008,59.7200012,4843300.0,58.6701469
2021-06-29 00:00:00,60.0299988,60.5900002,60.8899994,59.7700005,3715400.0,58.1662941
2021-06-30 00:00:00,60.9300003,59.9500008,61.6699982,59.9099998,7163600.0,59.038353
2021-07-01 00:00:00,60.2200012,60.9500008,61.0,60.1100006,3446700.0,58.350399
2021-07-02 00:00:00,60.2200012,60.5200005,60.6500015,60.1100006,3086200.0,58.350399
2021-07-06 00:00:00,59.8400002,60.1199989,60.3899994,59.6100006,4172500.0,57.9821892
2021-07-07 00:00:00,60.3899994,59.7999992,60.7599983,59.7000008,3793600.0,58.5151176
2021-07-08 00:00:00,59.6599998,59.8499985,60.6899986,59.4599991,2755200.0,58.3001328
2021-07-09 00:00:00,59.7000008,59.6399994,60.0900002,59.5,3037300.0,58.3392181
2021-07-12 00:00:00,59.2700005,59.6599998,59.7299995,58.9700012,2775700.0,57.9190216
2021-07-13 00:00:00,59.1300011,59.2000008,59.75,58.9799995,3538500.0,57.7822113
2021-07-14 00:00:00,59.2700005,58.8499985,59.4199982,58.5400009,3681700.0,57.9190216
2021-07-15 00:00:00,59.7799988,59.2799988,59.8499985,58.9599991,2448700.0,58.4173965
2021-07-16 00:00:00,60.0499992,59.8699989,60.1399994,59.7599983,3324200.0,58.6812401
2021-07-19 00:00:00,60.7299995,60.0099983,60.8300018,59.5299988,4381400.0,59.3457413
2021-07-20 00:00:00,59.9199982,60.9900017,61.5800018,59.8800011,4422300.0,58.554203
2021-07-21 00:00:00,58.9900017,59.8600006,59.9599991,58.9199982,4272600.0,57.6454048
2021-07-22 00:00:00,58.7999992,58.7799988,59.0400009,58.4300003,1934000.0,57.4597321
2021-07-23 00:00:00,59.4000015,58.8300018,59.6100006,58.5600014,2466400.0,58.0460587
2021-07-26 00:00:00,59.3199997,59.3400002,59.6399994,59.2099991,2171700.0,57.9678764
2021-07-27 00:00:00,59.5499992,59.3600006,60.0400009,59.1300011,2337600.0,58.1926346
2021-07-28 00:00:00,58.8199997,59.2299995,59.4900017,58.6599998,2844500.0,57.4792747
2021-07-29 00:00:00,58.9099998,59.0099983,59.3100014,58.7200012,2308000.0,57.5672264
2021-07-30 00:00:00,58.8600006,59.0999985,59.3499985,58.7700005,3325600.0,57.5183678
2021-08-02 00:00:00,59.3699989,58.8400002,59.4300003,58.7099991,3720500.0,58.0167389
2021-08-03 00:00:00,59.3899994,59.3699989,59.9599991,59.1300011,2623900.0,58.0362854
2021-08-04 00:00:00,57.6300011,59.2999992,59.2999992,57.5900002,4681100.0,56.3164024
2021-08-05 00:00:00,57.5800018,57.5699997,57.9300003,57.4500008,2899500.0,56.2675438
2021-08-06 00:00:00,57.8699989,57.5999985,58.4500008,57.5999985,3114100.0,56.55093
2021-08-09 00:00:00,58.3499985,58.0499992,58.4099998,57.9300003,1958600.0,57.019989
2021-08-10 00:00:00,58.4900017,58.2299995,58.5600014,58.0400009,2677300.0,57.1568031
2021-08-11 00:00:00,59.0499992,58.6599998,59.3600006,58.5800018,2435700.0,57.7040329
2021-08-12 00:00:00,58.9500008,58.9700012,59.3400002,58.8800011,2047500.0,57.6063156
2021-08-13 00:00:00,59.8400002,59.2000008,59.9399986,59.0400009,2206200.0,58.4760246
2021-08-16 00:00:00,60.1300011,59.9199982,60.3300018,59.8100014,2468400.0,58.7594185
2021-08-17 00:00:00,60.8600006,60.1899986,61.0099983,60.0099983,2880200.0,59.4727783
2021-08-18 00:00:00,59.2799988,60.6800003,60.7299995,59.2299995,3578300.0,57.928791
2021-08-19 00:00:00,60.1300011,59.2999992,60.25,59.2900009,2620400.0,58.7594185
2021-08-20 00:00:00,60.2999992,60.3300018,60.8400002,59.9000015,3151700.0,58.9255409
2021-08-23 00:00:00,59.5999985,60.1699982,60.2000008,59.5499992,2275900.0,58.241497
2021-08-24 00:00:00,58.4199982,59.5099983,59.5099983,58.3100014,3016800.0,57.0883904
2021-08-25 00:00:00,58.1599998,58.2299995,58.3899994,57.9900017,2539200.0,56.8343239
2021-08-26 00:00:00,57.2999992,58.0099983,58.0299988,57.0400009,4820200.0,55.9939232
2021-08-27 00:00:00,57.7299995,57.2099991,57.8199997,56.9500008,2878100.0,56.4141197
2021-08-30 00:00:00,57.5800018,57.5800018,58.0,57.4300003,2605300.0,56.2675438
2021-08-31 00:00:00,57.8100014,57.6399994,57.8300018,57.3199997,6098400.0,56.4922981
2021-09-01 00:00:00,57.7000008,57.9199982,58.0099983,57.3100014,2444700.0,56.3848076
2021-09-02 00:00:00,57.9199982,57.7099991,58.3800011,57.7099991,2579400.0,56.5997887
2021-09-03 00:00:00,57.7700005,57.9599991,58.1100006,57.5400009,2270900.0,56.4532127
2021-09-07 00:00:00,56.7900009,57.5800018,57.7400017,56.6699982,3925200.0,55.4955521
2021-09-08 00:00:00,59.3800011,58.0,59.7400017,57.9300003,9179900.0,58.0265121
2021-09-09 00:00:00,58.4500008,59.0099983,59.4900017,58.4399986,5723500.0,57.1177139
2021-09-10 00:00:00,58.4300003,58.2900009,58.7999992,57.8300018,3640700.0,57.0981674
2021-09-13 00:00:00,58.6300011,58.1500015,58.7999992,57.8199997,6841400.0,57.2936096
2021-09-14 00:00:00,58.7700005,58.7999992,59.2299995,58.5999985,7179200.0,57.4304199
2021-09-15 00:00:00,58.7200012,58.7200012,59.2400017,58.6100006,2506100.0,57.3815613
2021-09-16 00:00:00,58.7200012,58.75,59.2599983,58.25,2533200.0,57.3815613
2021-09-17 00:00:00,58.9199982,58.5099983,59.1899986,58.2999992,6750500.0,57.576992
2021-09-20 00:00:00,58.75,58.7200012,59.2099991,58.4799995,3643200.0,57.4108696
2021-09-21 00:00:00,58.0099983,58.1399994,58.4799995,57.4700012,7307700.0,56.6877403
2021-09-22 00:00:00,59.9199982,59.7900009,60.7099991,58.7000008,5660300.0,58.554203
2021-09-23 00:00:00,60.2799988,60.1800003,60.6399994,59.6500015,5039800.0,58.906002
2021-09-24 00:00:00,60.5400009,60.3199997,60.7299995,60.2200012,3154500.0,59.1600723
2021-09-27 00:00:00,59.6500015,60.5699997,60.9199982,59.5299988,4018900.0,58.2903595
2021-09-28 00:00:00,59.3300018,59.8100014,59.9599991,58.8499985,3270100.0,57.9776573
2021-09-29 00:00:00,60.7700005,59.1399994,61.25,59.1399994,4632100.0,59.3848305
2021-09-30 00:00:00,59.8199997,60.8699989,61.1599998,59.8199997,4064500.0,58.4564819
2021-10-01 00:00:00,60.6199989,60.8100014,60.8800011,59.9000015,4769200.0,59.2382507
2021-10-04 00:00:00,61.4500008,60.5900002,61.5800018,60.5,4943700.0,60.0493317
2021-10-05 00:00:00,61.5400009,61.4300003,61.7700005,61.0800018,4137000.0,60.1372795
2021-10-06 00:00:00,62.1300011,61.5099983,62.1899986,61.0900002,3099900.0,60.713829
2021-10-07 00:00:00,61.3199997,61.7000008,61.7700005,61.1399994,3872200.0,60.4182396
2021-10-08 00:00:00,61.4599991,61.3600006,62.0099983,61.0800018,2559900.0,60.556179
2021-10-11 00:00:00,61.6899986,61.4900017,62.0999985,61.3300018,2879800.0,60.7827988
2021-10-12 00:00:00,62.1399994,61.8400002,62.7700005,61.6399994,4557300.0,61.226181
2021-10-13 00:00:00,61.8600006,62.0099983,62.3499985,61.1599998,3198600.0,60.9502983
2021-10-14 00:00:00,62.3600006,62.0200005,62.4799995,61.8800011,2608500.0,61.4429474
2021-10-15 00:00:00,62.1599998,62.4799995,62.6199989,61.9000015,6426100.0,61.2458878
2021-10-18 00:00:00,61.5200005,62.0800018,62.2299995,61.5,3164200.0,60.6152992
2021-10-19 00:00:00,61.6899986,61.4799995,61.7999992,61.2599983,1945300.0,60.7827988
2021-10-20 00:00:00,62.7099991,61.7799988,62.9000015,61.7799988,2645900.0,61.7877998
2021-10-21 00:00:00,62.4900017,62.8400002,62.9000015,62.1599998,2267700.0,61.5710373
2021-10-22 00:00:00,62.6800003,62.5,63.0699997,62.4500008,2028900.0,61.7582436
2021-10-25 00:00:00,61.8899994,62.5200005,62.5600014,61.7000008,3888400.0,60.9798584
2021-10-26 00:00:00,62.0900002,61.9700012,62.3199997,61.8899994,2600000.0,61.1769142
2021-10-27 00:00:00,61.2999992,62.3699989,62.6599998,61.2000008,2593100.0,60.3985329
2021-10-28 00:00:00,62.0400009,61.5099983,62.1500015,61.4099998,2473300.0,61.127655
2021-10-29 00:00:00,61.7999992,61.9099998,62.4700012,61.7599983,2470400.0,60.8911781
2021-11-01 00:00:00,62.2900009,61.8199997,62.3899994,61.8199997,1964300.0,61.3739777
2021-11-02 00:00:00,62.6300011,62.4599991,62.7999992,62.1100006,2147000.0,61.7089767
2021-11-03 00:00:00,63.1399994,62.6899986,63.2599983,62.6100006,2196400.0,62.2114754
2021-11-04 00:00:00,62.7099991,63.0,63.4000015,62.3899994,2627400.0,61.7877998
2021-11-05 00:00:00,62.6500015,62.7999992,62.9199982,62.4099998,2048400.0,61.7286835
2021-11-08 00:00:00,62.6399994,62.6599998,62.7999992,62.0200005,1911700.0,61.7188301
2021-11-09 00:00:00,63.1699982,62.8899994,63.2599983,62.5299988,1780800.0,62.2410316
2021-11-10 00:00:00,63.5299988,63.3899994,63.9500008,63.0099983,2447300.0,62.5957375
2021-11-11 00:00:00,62.9000015,63.2599983,63.9500008,62.7200012,2726800.0,61.9750061
2021-11-12 00:00:00,63.2400017,63.0499992,63.5299988,62.6399994,2903900.0,62.310009
2021-11-15 00:00:00,63.7000008,63.2299995,63.8300018,63.0,1751100.0,62.7632446
2021-11-16 00:00:00,63.2599983,63.7799988,63.7799988,63.2299995,2020100.0,62.3297081
2021-11-17 00:00:00,63.1199989,63.1800003,63.3100014,62.9000015,1925400.0,62.1917686
2021-11-18 00:00:00,62.9000015,62.8899994,63.2999992,62.6199989,1844100.0,61.9750061
2021-11-19 00:00:00,62.0400009,63.2099991,63.7400017,62.0099983,2656800.0,61.127655
2021-11-22 00:00:00,62.8800011,62.0,63.4300003,61.8800011,1936600.0,61.9552994
2021-11-23 00:00:00,63.4399986,62.9900017,63.6899986,62.9300003,2026000.0,62.507061
2021-11-24 00:00:00,63.2999992,63.5099983,63.6800003,62.8899994,1484500.0,62.3691216
2021-11-26 00:00:00,62.7599983,63.2400017,64.0899963,62.6100006,1704100.0,61.8370628
2021-11-29 00:00:00,63.5200005,62.9199982,63.5499992,62.3600006,3536300.0,62.5858879
2021-11-30 00:00:00,61.7700005,63.2299995,63.3400002,61.6899986,9085800.0,60.8616219
2021-12-01 00:00:00,61.4300003,61.9599991,62.5600014,61.4099998,3386500.0,60.5266228
2021-12-02 00:00:00,62.8600006,61.8899994,63.1100006,61.8100014,4692100.0,61.9355927
2021-12-03 00:00:00,64.2300034,63.1899986,64.2399979,63.0900002,4066800.0,63.28545
2021-12-06 00:00:00,64.4400024,64.3600006,65.0599976,64.2799988,3516300.0,63.4923592
2021-12-07 00:00:00,64.5699997,64.2399979,65.0199966,63.8400002,2863800.0,63.6204453
2021-12-08 00:00:00,64.2099991,64.5599976,65.0299988,63.4900017,2484500.0,63.2657394
2021-12-09 00:00:00,63.9700012,64.2399979,64.3600006,63.6800003,2685700.0,63.029274
2021-12-10 00:00:00,64.7600021,64.3600006,64.9000015,64.1299973,2784300.0,63.8076553
2021-12-13 00:00:00,65.9300003,64.6999969,66.1699982,64.2600021,4602000.0,64.9604492
2021-12-14 00:00:00,65.9100037,65.9899979,66.2799988,65.6200027,4487700.0,64.9407425
2021-12-15 00:00:00,67.3399963,66.0899963,67.3899994,66.0400009,4700700.0,66.3497086
2021-12-16 00:00:00,68.8600006,67.1399994,68.8799973,66.75,4705300.0,67.8473587
2021-12-17 00:00:00,67.6500015,68.7900009,69.6800003,67.6299973,6564800.0,66.6551514
2021-12-20 00:00:00,67.7900009,67.1200027,68.0100021,67.0299988,3891400.0,66.7930908
2021-12-21 00:00:00,65.0599976,64.5,65.5800018,63.9000015,6915200.0,64.103241
2021-12-22 00:00:00,65.6999969,65.0899963,65.7200012,64.5800018,3885300.0,64.7338257
2021-12-23 00:00:00,65.9899979,66.0,66.2200012,65.8300018,2332100.0,65.0195618
2021-12-27 00:00:00,66.0599976,66.1600037,66.3700027,65.7300034,2503100.0,65.0885315
2021-12-28 00:00:00,66.8899994,66.0400009,66.9199982,66.0400009,1929100.0,65.9063263
2021-12-29 00:00:00,67.0199966,67.0800018,67.2699966,66.7099991,1871400.0,66.0344162
2021-12-30 00:00:00,67.0500031,67.1900024,67.3700027,66.6800003,1822900.0,66.0639801
2021-12-31 00:00:00,67.3799973,67.0100021,67.5299988,66.8000031,2017300.0,66.389122
2022-01-03 00:00:00,67.2600021,67.1999969,67.3099976,65.8899994,4013300.0,66.2708893
2022-01-04 00:00:00,67.8899994,67.2699966,68.6600037,67.25,4659000.0,66.8916245
2022-01-05 00:00:00,68.8000031,68.1399994,69.3600006,68.0999985,5202500.0,67.7882462
2022-01-06 00:00:00,68.4899979,68.9499969,69.6600037,68.3600006,4417200.0,67.4827957
2022-01-07 00:00:00,68.5699997,68.0899963,69.3399963,67.6999969,4973100.0,68.0684814
2022-01-10 00:00:00,68.7699966,68.5899963,69.3899994,68.5199966,4442100.0,68.2670212
2022-01-11 00:00:00,68.5299988,68.9599991,69.0800018,67.4000015,2891700.0,68.0287781
2022-01-12 00:00:00,68.3300018,68.2600021,68.4599991,67.7600021,2919200.0,67.830246
2022-01-13 00:00:00,68.9000015,68.3700027,69.3399963,68.0699997,3010100.0,68.3960724
2022-01-14 00:00:00,69.9000015,68.9400024,69.9499969,68.7900009,3466600.0,69.3887558
2022-01-18 00:00:00,69.2600021,69.4199982,69.6800003,68.5100021,3332500.0,68.7534409
2022-01-19 00:00:00,69.1500015,69.1600037,69.8300018,68.7799988,2611700.0,68.6442413
2022-01-20 00:00:00,68.4800034,69.0999985,69.3099976,68.4300003,3801600.0,67.9791489
2022-01-21 00:00:00,69.0299988,69.2300034,69.8499985,68.7799988,8034300.0,68.525116
2022-01-24 00:00:00,68.5500031,68.9800034,69.7300034,67.2600021,4706900.0,68.0486374
2022-01-25 00:00:00,68.3399963,68.2099991,68.6699982,67.4400024,3968500.0,67.8401642
2022-01-26 00:00:00,67.8000031,68.0,68.6699982,67.4499969,3680400.0,67.3041229
2022-01-27 00:00:00,68.3499985,68.1800003,69.1299973,67.9499969,2608600.0,67.85009
2022-01-28 00:00:00,69.3799973,68.2600021,69.4000015,67.7200012,3473700.0,68.8725586
2022-01-31 00:00:00,68.6800003,68.8199997,69.0500031,68.0299988,3856800.0,68.177681
2022-02-01 00:00:00,68.25,68.7200012,68.9300003,67.5899963,3577700.0,67.750824
2022-02-02 00:00:00,68.7699966,68.1200027,69.0500031,68.0,2898500.0,68.2670212
2022-02-03 00:00:00,69.0500031,68.9800034,69.5899963,68.6600037,3600900.0,68.5449753
2022-02-04 00:00:00,67.9199982,68.8000031,68.9300003,67.3199997,2823000.0,67.4232407
2022-02-07 00:00:00,68.1399994,68.25,68.3300018,67.4899979,3149600.0,67.6416321
2022-02-08 00:00:00,68.4300003,68.4499969,68.7600021,68.0899963,2466000.0,67.929512
2022-02-09 00:00:00,68.1699982,68.5599976,68.8000031,68.0100021,2655200.0,67.6714096
2022-02-10 00:00:00,67.0800018,67.9599991,68.3799973,66.8499985,4477200.0,66.589386
2022-02-11 00:00:00,68.0599976,67.2200012,68.5299988,67.0899963,4301500.0,67.5622101
2022-02-14 00:00:00,67.6299973,68.2699966,68.4800034,66.6200027,3001300.0,67.1353607
2022-02-15 00:00:00,67.0,67.6900024,67.9700012,66.8000031,2688500.0,66.5099716
2022-02-16 00:00:00,66.7600021,66.9499969,67.6299973,66.2200012,3060600.0,66.2717285
2022-02-17 00:00:00,67.7900009,66.8700027,68.0699997,66.6299973,3177000.0,67.2941895
2022-02-18 00:00:00,68.1500015,67.5100021,68.3799973,67.5,2942400.0,67.6515579
2022-02-22 00:00:00,67.3399963,68.0800018,68.5800018,66.9199982,3654300.0,66.8474808
2022-02-23 00:00:00,67.1100006,67.5,67.6600037,67.0100021,2849700.0,66.6191635
2022-02-24 00:00:00,65.5599976,66.8600006,67.0199966,64.4499969,4956500.0,65.0804977
2022-02-25 00:00:00,67.9899979,65.7699966,68.0400009,65.6999969,3892500.0,67.4927216
2022-02-28 00:00:00,67.4300003,66.9899979,67.6900024,66.6699982,6353700.0,66.936821
2022-03-01 00:00:00,66.8199997,66.9000015,67.5299988,66.4199982,3474400.0,66.3312836
2022-03-02 00:00:00,67.4599991,66.5500031,67.7600021,66.1800003,3108200.0,66.9666061
2022-03-03 00:00:00,68.2699966,67.6399994,68.7900009,67.4300003,3754300.0,67.7706757
2022-03-04 00:00:00,68.1200027,67.3199997,68.6800003,67.1299973,4240400.0,67.6217804
2022-03-07 00:00:00,67.6699982,67.6100006,68.2699966,66.7600021,4374100.0,67.1750641
2022-03-08 00:00:00,63.7599983,67.3600006,67.7099991,63.7200012,6768800.0,63.293663
2022-03-09 00:00:00,64.1100006,64.4800034,65.3899994,64.0100021,3761200.0,63.6411057
2022-03-10 00:00:00,63.0999985,63.7700005,63.9300003,62.5,3560300.0,62.6384926
2022-03-11 00:00:00,62.2700005,63.0800018,63.7599983,62.2000008,3535500.0,61.8145638
2022-03-14 00:00:00,62.5699997,62.6800003,63.3800011,62.1599998,3156200.0,62.1123695
2022-03-15 00:00:00,63.2799988,63.1599998,63.4900017,62.7599983,3143200.0,62.817173
2022-03-16 00:00:00,62.6500015,63.3300018,63.3800011,61.9099998,3631300.0,62.1917839
2022-03-17 00:00:00,63.2200012,62.6100006,63.5200005,62.3899994,3712800.0,62.7576141
2022-03-18 00:00:00,62.4099998,63.25,63.2900009,61.6699982,7789800.0,61.9535408
2022-03-21 00:00:00,62.8199997,62.7400017,63.3400002,62.1100006,4519300.0,62.3605385
2022-03-22 00:00:00,62.6800003,62.8300018,63.1800003,61.8600006,5658200.0,62.2215652
2022-03-23 00:00:00,64.2300034,65.3000031,66.3099976,63.8300018,7668400.0,63.760231
2022-03-24 00:00:00,66.3600006,64.4899979,66.6500015,64.4199982,5427200.0,65.874649
2022-03-25 00:00:00,67.3899994,66.6399994,67.8399963,66.5,4047200.0,66.8971176
2022-03-28 00:00:00,66.8600006,67.3499985,67.4300003,66.3799973,2807400.0,66.3709946
2022-03-29 00:00:00,67.6600037,67.1800003,67.6699982,66.8799973,2568300.0,67.1651459
2022-03-30 00:00:00,67.9400024,67.5400009,67.9599991,67.0,2966300.0,67.4430923
2022-03-31 00:00:00,67.7200012,67.8600006,68.4100037,67.6999969,3027300.0,67.2247009
2022-04-01 00:00:00,68.8499985,67.9199982,68.9000015,67.4599991,2380600.0,68.3464355
2022-04-04 00:00:00,68.4899979,68.6299973,68.7200012,67.6100006,2542000.0,67.9890671
2022-04-05 00:00:00,69.1600037,68.3499985,69.9000015,68.3399963,3335800.0,68.6541748
2022-04-06 00:00:00,69.7300034,69.25,70.0599976,68.9100037,3944800.0,69.2200012
2022-04-07 00:00:00,69.75,69.3700027,69.9000015,69.0,3256100.0,69.75
2022-04-08 00:00:00,70.1699982,69.9400024,70.4300003,69.3499985,4041000.0,70.1699982
2022-04-11 00:00:00,70.5100021,70.6600037,70.9599991,69.9300003,3154600.0,70.5100021
2022-04-12 00:00:00,70.4300003,70.2799988,70.9300003,69.8000031,3677300.0,70.4300003
2022-04-13 00:00:00,70.6800003,70.2300034,70.75,69.8300018,3104600.0,70.6800003
2022-04-14 00:00:00,70.9199982,71.0,71.2399979,70.5500031,6956500.0,70.9199982
2022-04-18 00:00:00,70.8399963,70.9499969,71.3000031,70.5699997,2860700.0,70.8399963
2022-04-19 00:00:00,71.7200012,70.9000015,71.8000031,70.8199997,3297400.0,71.7200012
2022-04-20 00:00:00,72.8300018,71.7900009,72.9300003,71.7900009,2944800.0,72.8300018
2022-04-21 00:00:00,73.1900024,72.8600006,73.8000031,72.6100006,2728600.0,73.1900024
2022-04-22 00:00:00,72.5,73.2399979,73.4199982,72.4499969,3399800.0,72.5
2022-04-25 00:00:00,72.1999969,72.5,72.8799973,71.4199982,3814300.0,72.1999969
2022-04-26 00:00:00,71.0299988,72.3399963,72.6500015,71.0100021,3812200.0,71.0299988
2022-04-27 00:00:00,71.3600006,71.5999985,72.3000031,71.2799988,5876100.0,71.3600006
2022-04-28 00:00:00,72.2699966,71.8700027,72.2900009,71.4499969,3216300.0,72.2699966
2022-04-29 00:00:00,70.7300034,71.9700012,72.1699982,70.6399994,2771500.0,70.7300034
2022-05-02 00:00:00,69.4800034,72.1500015,72.1900024,68.9199982,4443300.0,69.4800034
2022-05-03 00:00:00,69.6500015,69.3899994,70.4000015,68.9800034,3703500.0,69.6500015
2022-05-04 00:00:00,70.8099976,69.6900024,70.8600006,69.5699997,3012500.0,70.8099976
2022-05-05 00:00:00,70.75,70.7799988,71.2200012,70.3600006,3169600.0,70.75
2022-05-06 00:00:00,71.4000015,70.4700012,71.5100021,70.4700012,2759600.0,71.4000015
2022-05-09 00:00:00,73.5,71.1500015,73.7399979,70.9499969,6105900.0,73.5
2022-05-10 00:00:00,71.7399979,73.2099991,73.9899979,71.5100021,3472300.0,71.7399979
2022-05-11 00:00:00,71.8000031,71.4000015,72.6100006,71.1500015,2656600.0,71.8000031
2022-05-12 00:00:00,72.2099991,72.1399994,72.8600006,71.5,3218200.0,72.2099991
2022-05-13 00:00:00,73.0999985,72.3799973,73.1500015,71.9499969,3366700.0,73.0999985
2022-05-16 00:00:00,73.4599991,73.0999985,73.6200027,72.8399963,3379000.0,73.4599991
2022-05-17 00:00:00,72.9100037,73.1100006,73.1699982,70.8000031,4173700.0,72.9100037
2022-05-18 00:00:00,67.5699997,72.5299988,72.6500015,67.1399994,5645600.0,67.5699997
2022-05-19 00:00:00,66.1299973,66.3000031,66.7099991,65.0500031,4364700.0,66.1299973
2022-05-20 00:00:00,67.0100021,66.5899963,67.2300034,65.5100021,4804100.0,67.0100021
2022-05-23 00:00:00,67.4800034,67.7699966,68.5199966,67.3300018,3504800.0,67.4800034
2022-05-24 00:00:00,69.1399994,67.7399979,69.1900024,67.6900024,2345800.0,69.1399994
2022-05-25 00:00:00,69.2600021,69.1299973,69.5100021,68.7099991,2876500.0,69.2600021
