date,close,open,high,low,volume,adjclose
2012-05-14 00:00:00,31.7399998,31.7466679,31.9933338,31.4333324,1606950.0,29.014967
2012-05-15 00:00:00,31.3266678,31.7199993,31.7466679,31.2800007,866850.0,28.6371212
2012-05-16 00:00:00,30.8999996,31.5333328,31.5733337,30.8999996,1368300.0,28.2470856
2012-05-17 00:00:00,30.5,30.9200001,31.0200005,30.4733334,1292700.0,27.8814297
2012-05-18 00:00:00,30.3333321,30.6533337,30.8466663,30.2533321,1470450.0,27.7290649
2012-05-21 00:00:00,30.7800007,30.3333321,30.7999992,30.1066666,1295250.0,28.1373863
2012-05-22 00:00:00,30.8533325,30.7933331,31.0799999,30.6200008,1274700.0,28.204422
2012-05-23 00:00:00,30.9666672,30.6399994,31.0400009,30.2600002,1587900.0,28.3080311
2012-05-24 00:00:00,31.3799992,30.8266678,31.3799992,30.6733322,1526550.0,28.6858749
2012-05-25 00:00:00,30.9799995,31.3199997,31.3333321,30.9200001,692700.0,28.320219
2012-05-29 00:00:00,31.0599995,31.2333336,31.3333321,30.8533325,976950.0,28.3933468
2012-05-30 00:00:00,30.7733326,30.8266678,30.8666668,30.5599995,1221750.0,28.1312904
2012-05-31 00:00:00,31.1066666,30.8133335,31.3466663,30.5333328,1948800.0,28.4360085
2012-06-01 00:00:00,30.373333,30.5933323,30.7066669,30.3600006,1487700.0,27.7656403
2012-06-04 00:00:00,30.1933327,30.4133339,30.5799999,30.0799999,1353150.0,27.6010895
2012-06-05 00:00:00,30.6733322,30.0599995,30.7999992,30.0599995,1148850.0,28.0398731
2012-06-06 00:00:00,31.4533329,30.8866673,31.4533329,30.7533321,1121850.0,28.7529144
2012-06-07 00:00:00,31.5133324,31.5599995,32.1333313,31.4466667,1118400.0,28.8077602
2012-06-08 00:00:00,31.6666679,31.3400002,31.6666679,31.2199993,925200.0,28.9479275
2012-06-11 00:00:00,31.5599995,31.9599991,32.0,31.5266666,1623000.0,28.85042
2012-06-12 00:00:00,31.8933334,31.6133327,31.8999996,31.5333328,1622400.0,29.1551304
2012-06-13 00:00:00,31.5466671,31.7999992,32.0066681,31.4666672,899250.0,28.838232
2012-06-14 00:00:00,31.9866676,31.6200008,32.1399994,31.6200008,870900.0,29.2404556
2012-06-15 00:00:00,32.2133331,32.1733322,32.2866669,31.9533329,1611300.0,29.4476585
2012-06-18 00:00:00,32.8400002,32.126667,32.9399986,32.0133324,2011650.0,30.0205269
2012-06-19 00:00:00,33.2133331,33.0066681,33.3933334,32.9666672,1417650.0,30.3618088
2012-06-20 00:00:00,33.0400009,33.1599998,33.3866653,32.8133316,1108950.0,30.2033558
2012-06-21 00:00:00,32.4466667,33.1399994,33.246666,32.3866653,1016100.0,29.6609688
2012-06-22 00:00:00,32.5200005,32.6533318,32.7333336,32.4266663,1142100.0,29.7279968
2012-06-25 00:00:00,32.2200012,32.2133331,32.3133316,31.8933334,935400.0,29.4537601
2012-06-26 00:00:00,32.4266663,32.2666664,32.5600014,32.1066666,891750.0,29.6426754
2012-06-27 00:00:00,32.9333344,32.5266685,33.0400009,32.3066673,1147050.0,30.1058407
2012-06-28 00:00:00,33.0666656,32.6466675,33.0866661,32.4000015,1102200.0,30.227726
2012-06-29 00:00:00,33.7000008,33.7999992,33.8533325,33.373333,1445100.0,30.806694
2012-07-02 00:00:00,33.8266678,33.9000015,33.9666672,33.5666656,946500.0,30.9224892
2012-07-03 00:00:00,34.2400017,33.7266655,34.253334,33.6133347,325800.0,31.3931446
2012-07-05 00:00:00,34.1399994,34.0400009,34.3199997,33.8600006,1064850.0,31.301445
2012-07-06 00:00:00,33.9266663,33.8266678,34.0333328,33.6466675,664200.0,31.1058636
2012-07-09 00:00:00,33.8666687,33.9199982,33.9799995,33.6866684,822600.0,31.050848
2012-07-10 00:00:00,33.7799988,34.0,34.2266655,33.6599998,573300.0,30.971384
2012-07-11 00:00:00,34.0466652,33.8600006,34.1599998,33.6866684,674250.0,31.2158794
2012-07-12 00:00:00,33.8266678,33.8466682,33.9866676,33.5800018,694500.0,31.0141754
2012-07-13 00:00:00,34.5999985,33.9599991,34.5999985,33.9333344,577500.0,31.7232075
2012-07-16 00:00:00,34.3266678,34.5933342,34.6599998,34.2666664,724050.0,31.472599
2012-07-17 00:00:00,34.3866653,34.4466667,34.4466667,33.9466667,988200.0,31.5276051
2012-07-18 00:00:00,34.5866661,34.2666664,34.6466675,34.2599983,943650.0,31.7109833
2012-07-19 00:00:00,34.3866653,34.6199989,34.6666679,34.3533325,870000.0,31.5276051
2012-07-20 00:00:00,34.126667,34.1599998,34.3333321,34.0666656,923100.0,31.2892323
2012-07-23 00:00:00,33.8800011,33.7333336,34.0666656,33.5066681,664200.0,31.0630646
2012-07-24 00:00:00,33.6133347,33.9266663,33.9266663,33.4399986,1053900.0,30.8185711
2012-07-25 00:00:00,33.5800018,33.8199997,33.8199997,33.1133347,2086050.0,30.7880116
2012-07-26 00:00:00,32.7333336,33.6666679,33.6666679,32.1533318,3138600.0,30.011734
2012-07-27 00:00:00,33.3400002,33.0466652,33.4933319,32.8466682,1576050.0,30.5679722
2012-07-30 00:00:00,33.3600006,33.2933311,33.4933319,33.2266655,934800.0,30.5863037
2012-07-31 00:00:00,33.1666679,33.3800011,33.6199989,33.0666656,954300.0,30.40905
2012-08-01 00:00:00,33.0999985,33.2266655,33.4866676,32.9333344,1002000.0,30.3479195
2012-08-02 00:00:00,33.5933342,32.9266663,33.9466667,32.9000015,1682700.0,30.8002224
2012-08-03 00:00:00,34.2400017,34.0466652,34.5133324,33.9466667,1632750.0,31.3931446
2012-08-06 00:00:00,34.246666,34.3066673,34.5333328,34.2333336,645600.0,31.3992558
2012-08-07 00:00:00,34.246666,34.373333,34.5133324,34.2000008,882600.0,31.3992558
2012-08-08 00:00:00,33.8066673,34.0733337,34.1599998,33.6933327,1909050.0,30.9958286
2012-08-09 00:00:00,33.2000008,33.7200012,33.873333,33.0999985,1943250.0,30.4396095
2012-08-10 00:00:00,33.5400009,33.1599998,33.6133347,32.9333344,1486050.0,30.7513371
2012-08-13 00:00:00,33.6533318,33.4533348,33.7066689,33.2733345,1250700.0,30.8552456
2012-08-14 00:00:00,33.5466652,33.7799988,33.9199982,33.4666672,714150.0,30.7574482
2012-08-15 00:00:00,33.6866684,33.5400009,33.7266655,33.4733315,645450.0,30.8858185
2012-08-16 00:00:00,33.9399986,33.6666679,34.0,33.5200005,570300.0,31.1180782
2012-08-17 00:00:00,34.0733337,33.8533325,34.0933342,33.8199997,563550.0,31.2403183
2012-08-20 00:00:00,34.0466652,33.9933319,34.126667,33.873333,667950.0,31.2158794
2012-08-21 00:00:00,33.7666664,34.2200012,34.2733345,33.7400017,943050.0,30.9591579
2012-08-22 00:00:00,33.7133331,33.6533318,33.8666687,33.4333344,969150.0,30.9102554
2012-08-23 00:00:00,33.6466675,33.6333313,33.7599983,33.4466667,849750.0,30.8491421
2012-08-24 00:00:00,33.9599991,33.5600014,34.0266685,33.4733315,930450.0,31.1364136
2012-08-27 00:00:00,34.0800018,34.0533333,34.1733322,33.9799995,777150.0,31.2464352
2012-08-28 00:00:00,33.9866676,33.9466667,34.2066689,33.8333321,816450.0,31.1608639
2012-08-29 00:00:00,34.0666656,34.0333328,34.1733322,33.9666672,910650.0,31.2342129
2012-08-30 00:00:00,33.8866653,33.9733315,34.0466652,33.8666687,824850.0,31.06917
2012-08-31 00:00:00,34.1199989,34.0800018,34.4533348,33.9466667,908700.0,31.2831173
2012-09-04 00:00:00,34.3400002,34.1199989,34.4466667,34.0600014,888450.0,31.4848251
2012-09-05 00:00:00,34.3800011,34.4533348,34.5333328,34.253334,897000.0,31.5215054
2012-09-06 00:00:00,34.7599983,34.4866676,34.7799988,34.4199982,816450.0,31.8698959
2012-09-07 00:00:00,34.8466682,34.8933334,34.9666672,34.6800003,727950.0,31.9493542
2012-09-10 00:00:00,34.5933342,34.7799988,34.8533325,34.5933342,799200.0,31.7170944
2012-09-11 00:00:00,34.8933334,34.5400009,34.9000015,34.4399986,800850.0,31.9921532
2012-09-12 00:00:00,34.7933311,34.9933319,35.126667,34.6333313,621900.0,31.9004478
2012-09-13 00:00:00,35.0466652,34.6866684,35.1199989,34.6199989,974850.0,32.1327171
2012-09-14 00:00:00,35.1733322,35.0933342,35.4333344,34.9666672,771000.0,32.2488632
2012-09-17 00:00:00,34.8266678,35.1066666,35.1733322,34.746666,502650.0,31.9310246
2012-09-18 00:00:00,34.7266655,34.4533348,35.126667,34.4533348,773100.0,31.8393383
2012-09-19 00:00:00,34.753334,34.7799988,34.9199982,34.6866684,557250.0,31.8637905
2012-09-20 00:00:00,34.8199997,34.5400009,34.8333321,34.5133324,924600.0,31.9249191
2012-09-21 00:00:00,34.6133347,35.1599998,35.3066673,34.1933327,1541100.0,31.7354374
2012-09-24 00:00:00,34.6533318,34.5400009,34.7999992,34.4066658,459750.0,31.7721043
2012-09-25 00:00:00,34.2066689,34.7000008,34.8533325,34.2000008,695250.0,31.3625736
2012-09-26 00:00:00,33.8800011,34.1599998,34.1933327,33.8066673,834900.0,31.0630646
2012-09-27 00:00:00,34.0999985,34.0999985,34.2333336,33.8266678,639900.0,31.2647629
2012-09-28 00:00:00,34.2333336,34.0,34.2733345,33.8400002,1097850.0,31.387022
2012-10-01 00:00:00,34.2066689,34.2933311,34.5,34.0800018,863550.0,31.3625736
2012-10-02 00:00:00,34.0200005,34.2866669,34.4399986,33.7400017,698700.0,31.1914234
2012-10-03 00:00:00,34.0200005,33.9399986,34.1399994,33.9000015,706950.0,31.2833824
2012-10-04 00:00:00,34.4599991,34.1933327,34.4933319,34.0466652,472800.0,31.6879845
2012-10-05 00:00:00,34.6199989,34.6599998,34.8400002,34.4733315,501450.0,31.8351231
2012-10-08 00:00:00,34.5,34.5333328,34.5866661,34.3933334,231150.0,31.7247696
2012-10-09 00:00:00,34.0600014,34.4000015,34.4866676,34.0333328,451200.0,31.3201675
2012-10-10 00:00:00,33.9133339,34.0266685,34.0600014,33.7599983,919200.0,31.1852951
2012-10-11 00:00:00,34.1466675,34.1133347,34.3866653,33.9933319,543600.0,31.3998566
2012-10-12 00:00:00,33.8466682,34.1333313,34.4266663,33.7733345,544950.0,31.1239872
2012-10-15 00:00:00,33.8333321,34.0200005,34.0200005,33.6733322,1021350.0,31.1117401
2012-10-16 00:00:00,34.2599983,33.9733315,34.3666687,33.8666687,1504500.0,31.5040646
2012-10-17 00:00:00,34.7266655,34.4399986,34.8466682,34.3266678,668100.0,31.9332047
2012-10-18 00:00:00,34.626667,34.7799988,34.9066658,34.6066666,1014450.0,31.8412457
2012-10-19 00:00:00,34.0666656,34.5999985,34.6399994,33.9399986,922050.0,31.3262939
2012-10-22 00:00:00,34.126667,34.0066681,34.2400017,33.0800018,1212450.0,31.3814716
2012-10-23 00:00:00,33.8933334,33.7066689,34.0133324,33.6133347,660900.0,31.1668968
2012-10-24 00:00:00,33.9933319,33.9199982,34.253334,33.7999992,763050.0,31.2588749
2012-10-25 00:00:00,33.4466667,33.9933319,34.0466652,33.2599983,2052600.0,30.7561779
2012-10-26 00:00:00,33.6399994,33.4866676,33.746666,33.4133339,1127400.0,30.9339561
2012-10-31 00:00:00,33.7266655,33.5266685,33.7400017,33.3933334,752700.0,31.0136433
2012-11-01 00:00:00,34.0,33.7999992,34.0266685,33.3333321,1012500.0,31.2649994
2012-11-02 00:00:00,33.7066689,34.0200005,34.3333321,33.6666679,839700.0,30.9952583
2012-11-05 00:00:00,33.7599983,33.4866676,33.8533325,33.3333321,538950.0,31.0442982
2012-11-06 00:00:00,33.8666687,33.7666664,34.1666679,33.7666664,1019250.0,31.142395
2012-11-07 00:00:00,33.2133331,33.5733337,33.6733322,33.0999985,1405650.0,30.541605
2012-11-08 00:00:00,33.1800003,33.1199989,33.4466667,33.1199989,1261200.0,30.5109558
2012-11-09 00:00:00,33.4799995,33.0733337,33.6466675,33.0333328,1353600.0,30.7868252
2012-11-12 00:00:00,33.373333,33.5066681,33.6333313,33.3266678,1213050.0,30.688736
2012-11-13 00:00:00,33.3400002,33.2599983,33.7333336,33.1533318,1071300.0,30.6580811
2012-11-14 00:00:00,33.0333328,33.3933334,33.5733337,32.8066673,1562400.0,30.3760872
2012-11-15 00:00:00,33.2200012,33.0866661,33.3933334,32.873333,1078500.0,30.5477409
2012-11-16 00:00:00,33.6466675,33.1666679,33.6599998,32.7333336,4140600.0,30.9400883
2012-11-19 00:00:00,33.9466667,33.9466667,34.0600014,33.7799988,744000.0,31.2159443
2012-11-20 00:00:00,34.1066666,33.8600006,34.1066666,33.7866669,525150.0,31.3630829
2012-11-21 00:00:00,34.1533318,34.2000008,34.2000008,33.9666672,431250.0,31.4060001
2012-11-23 00:00:00,34.5600014,34.3333321,34.5600014,34.0666656,426900.0,31.7799511
2012-11-26 00:00:00,34.4666672,34.2999992,34.4733315,34.1933327,656400.0,31.6941242
2012-11-27 00:00:00,34.3866653,34.4133339,34.5600014,34.2666664,951750.0,31.6205502
2012-11-28 00:00:00,34.5133324,34.2733345,34.5200005,34.1533318,893100.0,31.7370377
2012-11-29 00:00:00,34.5999985,34.626667,34.6866684,34.4133339,771150.0,31.8167286
2012-11-30 00:00:00,34.6599998,34.6399994,34.7133331,34.4799995,1314600.0,31.871891
2012-12-03 00:00:00,34.5400009,34.6399994,34.7733345,34.4666672,1008150.0,31.7615585
2012-12-04 00:00:00,34.4466667,34.6133347,34.6399994,34.4000015,956250.0,31.6757431
2012-12-05 00:00:00,34.5466652,34.5200005,34.7000008,34.253334,935250.0,31.7676868
2012-12-06 00:00:00,34.4199982,34.5666656,34.5933342,34.0533333,1350000.0,31.6512032
2012-12-07 00:00:00,34.5133324,34.5266685,34.6599998,34.3266678,673500.0,31.7370377
2012-12-10 00:00:00,34.7400017,34.4399986,34.8266678,34.3666687,874950.0,31.9454575
2012-12-11 00:00:00,34.6666679,34.8333321,34.8600006,34.6066666,602550.0,31.8780251
2012-12-12 00:00:00,34.7266655,34.7666664,35.1333313,34.6599998,624000.0,31.9332047
2012-12-13 00:00:00,34.0933342,34.6866684,34.7733345,34.0666656,1064700.0,31.3508263
2012-12-14 00:00:00,33.7200012,34.0800018,34.1199989,33.6800003,775950.0,31.0075226
2012-12-17 00:00:00,34.5400009,33.8466682,34.5466652,33.8466682,1316850.0,31.7615585
2012-12-18 00:00:00,34.5733337,34.5733337,34.5800018,34.253334,1311300.0,31.7922096
2012-12-19 00:00:00,34.5800018,34.6666679,34.9933319,34.5600014,1528200.0,31.7983513
2012-12-20 00:00:00,35.3133316,34.5999985,35.3199997,34.5866661,1118400.0,32.4726791
2012-12-21 00:00:00,34.7400017,34.9599991,35.0600014,34.5266685,1186200.0,31.9454575
2012-12-24 00:00:00,34.7333336,34.7400017,34.9799995,34.5066681,502500.0,31.9393463
2012-12-26 00:00:00,34.4000015,34.7999992,34.7999992,34.2733345,553500.0,31.6328278
2012-12-27 00:00:00,34.0933342,34.4399986,34.4599991,33.7866669,920100.0,31.3508263
2012-12-28 00:00:00,33.9733315,33.9066658,34.2000008,33.8133316,756450.0,31.2404728
2012-12-31 00:00:00,34.4466667,33.9866676,34.4466667,33.7333336,787800.0,31.6757431
2013-01-02 00:00:00,35.0333328,34.9333344,35.0400009,34.4199982,705300.0,32.3089943
2013-01-03 00:00:00,35.4199982,35.0133324,35.4266663,34.8866653,1110900.0,32.665596
2013-01-04 00:00:00,35.6399994,35.3866653,35.7933311,35.3866653,833550.0,32.8684883
2013-01-07 00:00:00,35.6866684,35.4133339,35.7133331,35.2400017,667500.0,32.9115257
2013-01-08 00:00:00,35.3666687,35.5266685,35.5933342,35.246666,1071450.0,32.6164246
2013-01-09 00:00:00,35.3533325,35.3400002,35.6599998,35.3199997,1060200.0,32.6041145
2013-01-10 00:00:00,35.4933319,34.7866669,35.5999985,34.7866669,1386000.0,32.7332268
2013-01-11 00:00:00,35.6333313,35.626667,35.6866684,35.2599983,883350.0,32.8623428
2013-01-14 00:00:00,35.6800003,35.6466675,35.8133316,35.4333344,857850.0,32.9053841
2013-01-15 00:00:00,35.626667,35.5,35.6533318,35.3666687,565800.0,32.8561859
2013-01-16 00:00:00,35.7133331,35.5200005,35.753334,35.3466682,668550.0,32.9361267
2013-01-17 00:00:00,35.7400017,35.7666664,36.0200005,35.7066689,804300.0,32.9607048
2013-01-18 00:00:00,35.8400002,35.8066673,35.8800011,35.5466652,591600.0,33.052948
2013-01-22 00:00:00,36.2866669,35.8400002,36.2933311,35.753334,736650.0,33.4648781
2013-01-23 00:00:00,36.2933311,36.1666679,36.3266678,36.0666656,518100.0,33.4710121
2013-01-24 00:00:00,37.0066681,36.5600014,37.1800003,36.5600014,1318650.0,34.1288719
2013-01-25 00:00:00,37.3199997,37.2200012,37.4066658,36.7133331,1442400.0,34.4178543
2013-01-28 00:00:00,37.0999985,37.3199997,37.3400002,36.9066658,1244850.0,34.2149506
2013-01-29 00:00:00,37.1066666,37.0999985,37.1733322,36.9466667,1117350.0,34.2211037
2013-01-30 00:00:00,37.0533333,37.0666656,37.1333313,36.8466682,597600.0,34.1719131
2013-01-31 00:00:00,37.1399994,37.0533333,37.1733322,36.8333321,1011900.0,34.2518463
2013-02-01 00:00:00,37.3466682,37.5066681,37.6199989,37.2999992,940650.0,34.4424324
2013-02-04 00:00:00,36.9199982,37.1066666,37.2999992,36.8933334,774150.0,34.0489426
2013-02-05 00:00:00,36.6866684,36.6533318,37.1466675,36.3333321,1632600.0,33.8337708
2013-02-06 00:00:00,37.1866684,36.5400009,37.2400017,36.5066681,1154250.0,34.2948837
2013-02-07 00:00:00,36.9866676,37.2599983,37.3533325,36.7000008,1112100.0,34.1104202
2013-02-08 00:00:00,37.0333328,36.9599991,37.1333313,36.873333,537600.0,34.1534729
2013-02-11 00:00:00,37.2133331,37.0533333,37.2333336,36.8800011,538200.0,34.3194809
2013-02-12 00:00:00,37.3333321,37.2200012,37.3533325,37.0999985,594900.0,34.43013
2013-02-13 00:00:00,37.4199982,37.3133316,37.5066681,37.2266655,630600.0,34.5100594
2013-02-14 00:00:00,37.3199997,37.2733345,37.3533325,37.0200005,625350.0,34.4178543
2013-02-15 00:00:00,37.4733315,37.5133324,37.6133347,37.2200012,914550.0,34.5592613
2013-02-19 00:00:00,37.8199997,37.7066689,37.9199982,37.2999992,973950.0,34.8789597
2013-02-20 00:00:00,37.2799988,37.7866669,37.8199997,37.2333336,886200.0,34.3809662
2013-02-21 00:00:00,37.1333313,37.2133331,37.3333321,36.9799995,707550.0,34.2456856
2013-02-22 00:00:00,37.4199982,37.3333321,37.4199982,37.0733337,798300.0,34.5100594
2013-02-25 00:00:00,36.6666679,37.5466652,37.5999985,36.6599998,1157400.0,33.8153267
2013-02-26 00:00:00,36.8800011,36.8466682,37.0733337,36.5800018,763950.0,34.0120659
2013-02-27 00:00:00,37.4000015,36.8466682,37.4533348,36.8466682,642150.0,34.4916191
2013-02-28 00:00:00,37.4599991,37.3400002,37.6599998,37.1666679,1164000.0,34.5469551
2013-03-01 00:00:00,37.5333328,37.2066689,37.6333313,36.9199982,850350.0,34.6145973
2013-03-04 00:00:00,37.8199997,37.3800011,37.8199997,37.2666664,513750.0,34.8789597
2013-03-05 00:00:00,38.2733345,38.0066681,38.3866653,37.9933319,861900.0,35.2970314
2013-03-06 00:00:00,38.5533333,38.4000015,38.626667,38.3266678,624300.0,35.5552635
2013-03-07 00:00:00,38.6333313,38.5733337,38.753334,38.4199982,738600.0,35.629055
2013-03-08 00:00:00,38.9000015,38.8333321,39.1066666,38.7000008,789000.0,35.8749809
2013-03-11 00:00:00,39.1866684,38.7866669,39.1933327,38.746666,634500.0,36.1393509
2013-03-12 00:00:00,39.1800003,39.1933327,39.253334,39.0600014,530550.0,36.1332054
2013-03-13 00:00:00,39.5933342,39.1933327,39.6133347,39.1399994,618900.0,36.5143967
2013-03-14 00:00:00,39.753334,39.6933327,39.8333321,39.5133324,1161750.0,36.661953
2013-03-15 00:00:00,39.5733337,39.626667,39.7933311,39.3133316,1102650.0,36.4959602
2013-03-18 00:00:00,39.1066666,39.1399994,39.4933319,39.0266685,724050.0,36.0655746
2013-03-19 00:00:00,39.1533318,39.2000008,39.373333,38.9333344,415800.0,36.1086121
2013-03-20 00:00:00,39.4466667,39.3800011,39.7599983,39.2733345,801150.0,36.3791351
2013-03-21 00:00:00,39.2799988,39.2400017,39.4399986,39.0800018,527250.0,36.2254333
2013-03-22 00:00:00,39.5266685,39.3800011,39.5266685,39.2400017,478350.0,36.4529228
2013-03-25 00:00:00,39.4533348,39.6466675,39.6933327,39.2133331,450150.0,36.3852806
2013-03-26 00:00:00,39.5466652,39.6466675,39.6466675,39.3800011,602100.0,36.4713478
2013-03-27 00:00:00,39.5600014,39.3066673,39.5999985,39.2400017,644550.0,36.4836617
2013-03-28 00:00:00,39.8666687,39.4933319,39.9066658,39.4933319,1093050.0,36.7664719
2013-04-01 00:00:00,39.6399994,39.8866653,39.9799995,39.4199982,580050.0,36.5574379
2013-04-02 00:00:00,39.746666,39.7733345,39.9266663,39.5400009,807450.0,36.6557999
2013-04-03 00:00:00,38.8866653,39.6533318,39.6533318,38.7733345,1053150.0,35.965229
2013-04-04 00:00:00,39.3133316,39.0066681,39.3466682,38.9266663,860100.0,36.3598404
2013-04-05 00:00:00,38.7599983,38.8066673,38.8600006,38.4599991,847350.0,35.8480835
2013-04-08 00:00:00,38.9133339,38.7866669,38.9199982,38.4733315,780450.0,35.9898987
2013-04-09 00:00:00,38.9066658,39.0,39.1133347,38.7933311,784200.0,35.9837265
2013-04-10 00:00:00,39.9866676,39.0933342,40.0066681,38.8266678,1174650.0,36.9825935
2013-04-11 00:00:00,39.8866653,39.9733315,40.0200005,39.7200012,716850.0,36.8900986
2013-04-12 00:00:00,39.746666,39.7000008,39.7999992,39.5866661,610500.0,36.7606201
2013-04-15 00:00:00,38.8266678,39.6800003,39.7200012,38.8266678,712200.0,35.9097328
2013-04-16 00:00:00,39.6333313,39.0600014,39.6800003,39.0533333,763650.0,36.6558075
2013-04-17 00:00:00,39.0266685,39.3800011,39.4933319,38.9000015,777600.0,36.0947189
2013-04-18 00:00:00,39.1133347,39.0866661,39.2599983,38.7866669,1164900.0,36.1748657
2013-04-19 00:00:00,39.5333328,39.1933327,39.5533333,39.0266685,681750.0,36.5633125
2013-04-22 00:00:00,39.5,39.5533333,39.626667,39.0400009,541050.0,36.5324936
2013-04-23 00:00:00,40.0733337,39.5733337,40.1866684,39.4266663,764550.0,37.0627403
2013-04-24 00:00:00,40.4466667,40.2866669,40.7133331,39.8133316,890250.0,37.4080238
2013-04-25 00:00:00,40.9466667,40.6199989,41.1599998,40.2999992,1007100.0,37.8704643
2013-04-26 00:00:00,40.873333,40.9666672,41.1199989,40.6333313,590850.0,37.8026581
2013-04-29 00:00:00,41.2666664,40.9333344,41.3199997,40.753334,543750.0,38.1664314
2013-04-30 00:00:00,41.3800011,41.1533318,41.5200005,41.0200005,944550.0,38.2712479
2013-05-01 00:00:00,40.873333,40.8266678,41.4333344,40.8266678,689250.0,37.8026581
2013-05-02 00:00:00,41.4866676,41.0400009,41.5,40.5666656,675150.0,38.3698959
2013-05-03 00:00:00,41.753334,41.9333344,42.0066681,41.7066689,859800.0,38.6165314
2013-05-06 00:00:00,42.0,41.7333336,42.1066666,41.7133331,518550.0,38.8446732
2013-05-07 00:00:00,42.3533325,41.9933319,42.373333,41.9599991,620100.0,39.1714516
2013-05-08 00:00:00,42.7999992,42.2866669,42.7999992,42.2733345,1023900.0,39.584568
2013-05-09 00:00:00,42.7133331,42.8066673,42.8533325,42.5266685,870900.0,39.5044212
2013-05-10 00:00:00,42.7999992,42.7200012,42.8333321,42.4799995,659700.0,39.584568
2013-05-13 00:00:00,42.7866669,42.7066689,42.8933334,42.5200005,532500.0,39.5722313
2013-05-14 00:00:00,43.2599983,42.7666664,43.2599983,42.5933342,1104000.0,40.0100021
2013-05-15 00:00:00,43.5800018,43.1800003,43.6599998,43.0266685,712650.0,40.3059616
2013-05-16 00:00:00,43.0400009,43.4733315,43.5066681,42.9333344,862500.0,39.80653
2013-05-17 00:00:00,43.2400017,43.1199989,43.4133339,43.1199989,1062450.0,39.9915085
2013-05-20 00:00:00,43.4466667,43.1599998,43.4466667,42.9866676,688200.0,40.1826591
2013-05-21 00:00:00,43.4466667,43.4399986,43.5533333,43.2000008,678750.0,40.1826591
2013-05-22 00:00:00,42.9599991,43.2333336,43.6866684,42.8133316,1000500.0,39.7325439
2013-05-23 00:00:00,42.8933334,42.4666672,43.0266685,42.373333,806550.0,39.6708908
2013-05-24 00:00:00,42.8400002,42.7000008,42.873333,42.2866669,356850.0,39.6215591
2013-05-28 00:00:00,43.1199989,43.246666,43.5866661,42.9133339,896550.0,39.8805275
2013-05-29 00:00:00,43.0600014,42.873333,43.246666,42.7066689,568950.0,39.8250351
2013-05-30 00:00:00,43.5933342,43.0933342,43.7599983,43.0733337,627900.0,40.3183022
2013-05-31 00:00:00,43.0066681,43.4733315,43.8266678,43.0066681,853500.0,39.7757034
2013-06-03 00:00:00,42.8266678,42.9399986,43.0,42.0933342,937650.0,39.6092262
2013-06-04 00:00:00,42.1800003,42.8266678,43.0999985,41.8333321,1371300.0,39.0111542
2013-06-05 00:00:00,41.8333321,42.0200005,42.1666679,41.6866684,880800.0,38.6905289
2013-06-06 00:00:00,42.6399994,41.8466682,42.6399994,41.6733322,789300.0,39.4365845
2013-06-07 00:00:00,43.3066673,42.9199982,43.3333321,42.6733322,579450.0,40.0531654
2013-06-10 00:00:00,43.4066658,43.3600006,43.5600014,43.2799988,584700.0,40.1456604
2013-06-11 00:00:00,42.9133339,42.2999992,43.3533325,42.2999992,565650.0,39.6893959
2013-06-12 00:00:00,43.0,43.1199989,43.6066666,42.9133339,1072800.0,39.7695351
2013-06-13 00:00:00,43.5266685,43.0266685,43.626667,42.7999992,585750.0,40.256649
2013-06-14 00:00:00,43.1066666,43.4933319,43.5066681,42.8466682,498450.0,39.8681984
2013-06-17 00:00:00,43.5933342,43.3866653,43.7066689,43.3533325,732900.0,40.3183022
2013-06-18 00:00:00,43.5133324,43.5933342,43.5999985,43.1399994,770100.0,40.2443008
2013-06-19 00:00:00,43.2000008,43.5533333,43.9199982,43.2000008,557550.0,39.9545174
2013-06-20 00:00:00,43.0866661,42.9133339,43.4733315,42.7333336,906000.0,39.8496933
2013-06-21 00:00:00,43.0333328,43.4266663,43.4266663,42.8199997,791700.0,39.8003731
2013-06-24 00:00:00,42.5600014,42.6399994,42.7999992,42.2599983,629400.0,39.362606
2013-06-25 00:00:00,43.0666656,42.9333344,43.1933327,42.4666672,557850.0,39.8311996
2013-06-26 00:00:00,43.3600006,43.3466682,43.5333328,43.0466652,320100.0,40.1024971
2013-06-27 00:00:00,43.8133316,43.6133347,43.8866653,43.4333344,521400.0,40.5217705
2013-06-28 00:00:00,43.4266663,43.3533325,43.6933327,43.1800003,812700.0,40.1641617
2013-07-01 00:00:00,43.8866653,43.6533318,44.0,43.6333313,705000.0,40.5895996
2013-07-02 00:00:00,43.9599991,43.7866669,44.0733337,43.6466675,693450.0,40.7626801
2013-07-03 00:00:00,43.8866653,43.7333336,44.1733322,43.7200012,337200.0,40.6946907
2013-07-05 00:00:00,44.7200012,44.2666664,44.7266655,44.2000008,626250.0,41.4674072
2013-07-08 00:00:00,45.0933342,44.9666672,45.3266678,44.9333344,591750.0,41.8135872
2013-07-09 00:00:00,45.373333,45.4000015,45.6133347,45.3066673,817200.0,42.0732193
2013-07-10 00:00:00,45.7200012,45.2333336,45.8333321,45.2000008,569400.0,42.3946686
2013-07-11 00:00:00,45.9199982,46.2599983,46.3266678,45.7266655,822750.0,42.5801315
2013-07-12 00:00:00,46.1599998,45.3866653,46.1866684,45.3866653,877200.0,42.8026695
2013-07-15 00:00:00,46.1800003,46.2599983,46.3600006,46.0200005,372600.0,42.8212128
2013-07-16 00:00:00,45.8600006,46.253334,46.4733315,45.8066673,554400.0,42.5245056
2013-07-17 00:00:00,45.7999992,45.9133339,46.1800003,45.6199989,684000.0,42.4688568
2013-07-18 00:00:00,46.3533325,45.9799995,46.4199982,45.8666687,414450.0,42.9819412
2013-07-19 00:00:00,46.3666687,46.9199982,46.9199982,45.9666672,475050.0,42.9943199
2013-07-22 00:00:00,47.0533333,46.3666687,47.0533333,46.3333321,513450.0,43.6310349
2013-07-23 00:00:00,46.8933334,47.1066666,47.1399994,46.7733345,530850.0,43.482666
2013-07-24 00:00:00,46.5066681,47.0133324,47.0733337,46.4533348,475650.0,43.1241188
2013-07-25 00:00:00,47.0800018,46.7666664,47.1933327,46.2999992,698100.0,43.6557732
2013-07-26 00:00:00,46.8933334,46.7266655,46.9333344,46.4866676,756300.0,43.482666
2013-07-29 00:00:00,46.9000015,46.8800011,47.0,46.6866684,682500.0,43.4888573
2013-07-30 00:00:00,47.1466675,47.1333313,47.3199997,46.9866676,588300.0,43.7175713
2013-07-31 00:00:00,47.3866653,47.3066673,47.8266678,47.0933342,760050.0,43.9401207
2013-08-01 00:00:00,48.626667,47.8333321,48.7266655,47.6933327,764100.0,45.0899353
2013-08-02 00:00:00,48.2666664,48.4333344,48.4933319,47.9599991,466950.0,44.7561188
2013-08-05 00:00:00,47.753334,48.2666664,48.3066673,47.5800018,591750.0,44.2801247
2013-08-06 00:00:00,47.3933334,47.746666,47.746666,47.0666656,682950.0,43.9463081
2013-08-07 00:00:00,47.2200012,47.2933311,47.3800011,46.9133339,383250.0,43.7855759
2013-08-08 00:00:00,47.4399986,47.5,47.7799988,47.1066666,344100.0,43.9895706
2013-08-09 00:00:00,47.4399986,47.4000015,47.6066666,47.1800003,442200.0,43.9895706
2013-08-12 00:00:00,47.4266663,47.2733345,47.5266685,47.1800003,452700.0,43.9772186
2013-08-13 00:00:00,47.6800003,47.5133324,47.7866669,47.2866669,420750.0,44.2121315
2013-08-14 00:00:00,47.4333344,47.5800018,47.7066689,47.3066673,272850.0,43.9834023
2013-08-15 00:00:00,46.9399986,47.1399994,47.246666,46.7133331,412950.0,43.5259399
2013-08-16 00:00:00,47.2866669,46.8866653,47.6933327,46.8600006,451350.0,43.8474083
2013-08-19 00:00:00,46.6666679,47.2266655,47.4000015,46.6599998,717600.0,43.2724876
2013-08-20 00:00:00,46.9599991,46.7400017,47.1733322,46.3800011,507750.0,43.5444908
2013-08-21 00:00:00,46.6399994,46.8666687,47.0866661,46.4399986,553350.0,43.2477531
2013-08-22 00:00:00,47.5400009,46.7933311,47.746666,46.6733322,396600.0,44.0823097
2013-08-23 00:00:00,47.5466652,47.5800018,47.9133339,47.1800003,516000.0,44.0884933
2013-08-26 00:00:00,47.3800011,47.5666656,47.6866684,47.2333336,510000.0,43.9339447
2013-08-27 00:00:00,46.0666656,47.0,47.0066681,46.0466652,677550.0,42.7161293
2013-08-28 00:00:00,46.2400017,46.0999985,46.4666672,45.9266663,597300.0,42.8768578
2013-08-29 00:00:00,46.4199982,46.1933327,46.8066673,45.9733315,453000.0,43.0437584
2013-08-30 00:00:00,45.9266663,46.3866653,46.5866661,45.7933311,567450.0,42.5863113
2013-09-03 00:00:00,46.1133347,46.4533348,46.8400002,45.8266678,558750.0,42.7594032
2013-09-04 00:00:00,46.7666664,46.126667,47.0200005,46.0933342,578400.0,43.3652115
2013-09-05 00:00:00,47.246666,46.7400017,47.3333321,46.6866684,527100.0,43.8103065
2013-09-06 00:00:00,47.0333328,47.4399986,47.4466667,46.4799995,397650.0,43.6125031
2013-09-09 00:00:00,47.6199989,47.0333328,47.6333313,46.9266663,272700.0,44.1564789
2013-09-10 00:00:00,48.0933342,47.9266663,48.1066666,47.7333336,494850.0,44.5953979
2013-09-11 00:00:00,48.3866653,48.1066666,48.4266663,47.8533325,475950.0,44.8673973
2013-09-12 00:00:00,48.0999985,48.4000015,48.4000015,47.9066658,267900.0,44.6015739
2013-09-13 00:00:00,48.1133347,48.253334,48.253334,47.8933334,210900.0,44.6139488
2013-09-16 00:00:00,48.5999985,48.7400017,48.7400017,48.2999992,306300.0,45.0652084
2013-09-17 00:00:00,48.5333328,48.5999985,48.6199989,48.3400002,700050.0,45.0033798
2013-09-18 00:00:00,48.1666679,48.5600014,48.7200012,47.9199982,1050300.0,44.6633949
2013-09-19 00:00:00,47.8800011,48.2666664,48.4000015,47.6533318,1076700.0,44.3975716
2013-09-20 00:00:00,47.9599991,48.1399994,48.2400017,47.7999992,893400.0,44.4717636
2013-09-23 00:00:00,47.9933319,48.0666656,48.1066666,47.7000008,687150.0,44.5026779
2013-09-24 00:00:00,48.0866661,48.0466652,48.5266685,47.8666687,469050.0,44.5892143
2013-09-25 00:00:00,48.4333344,48.1733322,48.5800018,47.9933319,375900.0,44.9106674
2013-09-26 00:00:00,48.6533318,48.4199982,48.7599983,48.2933311,435300.0,45.1146622
2013-09-27 00:00:00,48.5600014,48.2999992,48.6533318,48.2799988,328350.0,45.0281219
2013-09-30 00:00:00,48.2333336,48.1199989,48.5,47.9666672,476550.0,44.7252159
2013-10-01 00:00:00,48.0800018,47.753334,48.3466682,47.4866676,705600.0,44.5830231
2013-10-02 00:00:00,47.8066673,47.5733337,47.8066673,47.3199997,701400.0,44.4343071
2013-10-03 00:00:00,47.5400009,47.6466675,47.9799995,47.1666679,637200.0,44.1864662
2013-10-04 00:00:00,48.373333,47.5533333,48.3866653,47.5200005,511800.0,44.9609985
2013-10-07 00:00:00,47.8600006,47.9866676,48.2400017,47.7333336,384900.0,44.4838829
2013-10-08 00:00:00,47.2133331,47.8866653,47.9666672,47.2066689,382950.0,43.8828506
2013-10-09 00:00:00,47.1133347,47.2799988,47.3866653,46.8400002,592200.0,43.7898903
2013-10-10 00:00:00,48.5866661,47.6933327,48.5866661,47.6933327,660150.0,45.1592979
2013-10-11 00:00:00,48.7733345,48.4733315,48.9599991,48.3266678,434700.0,45.3327904
2013-10-14 00:00:00,48.8600006,48.3199997,49.0333328,48.1800003,585600.0,45.4133492
2013-10-15 00:00:00,48.4866676,48.7133331,49.2200012,48.3533325,656850.0,45.0663376
2013-10-16 00:00:00,49.373333,48.6733322,49.5066681,48.6199989,460650.0,45.8904648
2013-10-17 00:00:00,50.0533333,49.1666679,50.0800018,48.8400002,762600.0,46.5225067
2013-10-18 00:00:00,50.0133324,50.0333328,50.0533333,49.4533348,621750.0,46.4853096
2013-10-21 00:00:00,50.0933342,50.0400009,50.1666679,49.8266678,456900.0,46.5596848
2013-10-22 00:00:00,50.0800018,50.1399994,50.5266685,49.9733315,410100.0,46.5472832
2013-10-23 00:00:00,49.6399994,50.1800003,50.1800003,49.1800003,536250.0,46.1383247
2013-10-24 00:00:00,49.1066666,49.6399994,49.6399994,48.5066681,837750.0,45.6426048
2013-10-25 00:00:00,48.9066658,49.0533333,49.5933342,48.6866684,725400.0,45.4567223
2013-10-28 00:00:00,48.8866653,48.9533348,49.1666679,48.7733345,693000.0,45.4381332
2013-10-29 00:00:00,49.0266685,49.1066666,49.4000015,48.9066658,1247100.0,45.5682526
2013-10-30 00:00:00,48.8666687,48.9066658,49.5066681,48.6133347,977400.0,45.4195442
2013-10-31 00:00:00,48.5733337,48.753334,49.0200005,48.5,1171650.0,45.1468964
2013-11-01 00:00:00,48.5133324,48.5466652,48.7866669,48.3400002,742350.0,45.0911255
2013-11-04 00:00:00,48.5800018,48.6733322,48.746666,48.3533325,557250.0,45.1530876
2013-11-05 00:00:00,48.5666656,48.5066681,48.7133331,48.3266678,810150.0,45.1407051
2013-11-06 00:00:00,49.0333328,48.7666664,49.0400009,48.6466675,448800.0,45.5744514
2013-11-07 00:00:00,48.7000008,49.0933342,49.5866661,48.6666679,730500.0,45.2646294
2013-11-08 00:00:00,49.2666664,48.6933327,49.7266655,48.6933327,889350.0,45.7913322
2013-11-11 00:00:00,49.3666687,49.2666664,49.4000015,48.7599983,570450.0,45.8842735
2013-11-12 00:00:00,49.0933342,49.1533318,49.373333,48.3466682,516450.0,45.6302223
2013-11-13 00:00:00,49.8800011,49.0133324,49.9199982,48.7333336,697050.0,46.3614006
2013-11-14 00:00:00,50.2799988,50.0266685,50.3600006,49.6533318,611100.0,46.7331848
2013-11-15 00:00:00,50.2799988,50.2333336,50.3133316,49.7866669,679500.0,46.7331848
2013-11-18 00:00:00,50.1066666,50.4599991,50.5666656,50.0,716250.0,46.5720634
2013-11-19 00:00:00,49.746666,50.1066666,50.1133347,49.6533318,748350.0,46.2374611
2013-11-20 00:00:00,49.6199989,49.9399986,49.9399986,49.4733315,750000.0,46.1197433
2013-11-21 00:00:00,50.1066666,49.9066658,50.2733345,49.746666,754200.0,46.5720634
2013-11-22 00:00:00,50.2733345,49.9933319,50.3133316,49.8133316,482250.0,46.7269821
2013-11-25 00:00:00,50.3466682,50.3533325,50.5133324,50.126667,421350.0,46.7951317
2013-11-26 00:00:00,50.6866684,50.3333321,50.8866653,50.2866669,898800.0,47.1111641
2013-11-27 00:00:00,50.9133339,50.8533325,50.9599991,50.6066666,475800.0,47.3218384
2013-11-29 00:00:00,50.6666679,50.9066658,51.253334,50.6133347,252450.0,47.0925636
2013-12-02 00:00:00,50.7799988,50.7000008,51.3600006,50.6133347,463650.0,47.1978989
2013-12-03 00:00:00,50.1599998,50.4866676,50.8466682,49.9066658,670800.0,46.6216393
2013-12-04 00:00:00,50.5133324,50.0066681,50.626667,49.7400017,1057500.0,46.9500465
2013-12-05 00:00:00,50.373333,50.4933319,50.6133347,50.1733322,593100.0,46.8199272
2013-12-06 00:00:00,51.1866684,50.8533325,51.1933327,50.5999985,604050.0,47.575882
2013-12-09 00:00:00,51.2933311,51.4333344,51.4333344,51.1399994,588150.0,47.6750298
2013-12-10 00:00:00,51.0200005,51.0866661,51.2999992,50.8800011,550950.0,47.4209671
2013-12-11 00:00:00,50.7733345,50.9866676,51.0733337,50.6133347,827100.0,47.1917152
2013-12-12 00:00:00,50.7400017,50.626667,50.9066658,50.4666672,476250.0,47.1607246
2013-12-13 00:00:00,50.5600014,50.8333321,50.9133339,50.4399986,526800.0,46.9934196
2013-12-16 00:00:00,50.7599983,50.7266655,51.0999985,50.5666656,815100.0,47.1793289
2013-12-17 00:00:00,50.7200012,50.8333321,50.8933334,50.3666687,632850.0,47.1421547
2013-12-18 00:00:00,51.253334,50.9066658,51.2799988,49.9199982,1120950.0,47.6378441
2013-12-19 00:00:00,51.3333321,51.2000008,51.4133339,50.8400002,695700.0,47.712204
2013-12-20 00:00:00,51.9000015,51.4333344,52.0066681,51.0466652,1252800.0,48.2389069
2013-12-23 00:00:00,52.0333328,52.0400009,52.2266655,51.7200012,784200.0,48.3628197
2013-12-24 00:00:00,52.1800003,52.0066681,52.3133316,51.7999992,170550.0,48.4991531
2013-12-26 00:00:00,52.3533325,52.253334,52.4799995,52.0266685,350850.0,48.6602669
2013-12-27 00:00:00,52.1599998,52.4133339,52.9466667,51.9733315,295350.0,48.4805679
2013-12-30 00:00:00,52.1866684,52.1599998,52.2000008,51.9599991,351450.0,48.505352
2013-12-31 00:00:00,52.0999985,52.1733322,52.253334,51.873333,495300.0,48.5301819
2014-01-02 00:00:00,51.6199989,52.1199989,52.1199989,51.3866653,578250.0,48.0830727
2014-01-03 00:00:00,51.7200012,51.6399994,51.9000015,51.4199982,456600.0,48.1762314
2014-01-06 00:00:00,51.5333328,51.8933334,51.9599991,51.3533325,716850.0,48.0023422
2014-01-07 00:00:00,51.9599991,51.7333336,52.3266678,51.5333328,658050.0,48.3997726
2014-01-08 00:00:00,52.3533325,52.0400009,52.4533348,51.8533325,1135800.0,48.7661705
2014-01-09 00:00:00,52.4599991,52.3666687,52.5,51.9466667,1021950.0,48.8655243
2014-01-10 00:00:00,52.1800003,52.5600014,52.626667,51.9066658,764250.0,48.6047134
2014-01-13 00:00:00,51.4466667,52.0266685,52.2866669,51.2733345,637050.0,47.9216194
2014-01-14 00:00:00,52.2133331,51.5733337,52.2200012,51.3400002,830250.0,48.6357574
2014-01-15 00:00:00,52.2733345,51.4199982,52.2999992,51.4199982,849750.0,48.6916466
2014-01-16 00:00:00,51.9799995,52.1599998,52.2333336,51.873333,358350.0,48.4184151
2014-01-17 00:00:00,51.8066673,52.0133324,52.0866661,51.6466675,491400.0,48.2569504
2014-01-21 00:00:00,51.5600014,52.1133347,52.1599998,51.4333344,613650.0,48.0271912
2014-01-22 00:00:00,51.6333313,51.626667,51.9000015,51.4266663,569700.0,48.0954933
2014-01-23 00:00:00,50.9733315,51.253334,51.2666664,50.753334,801450.0,47.4807167
2014-01-24 00:00:00,49.7066689,50.626667,50.7266655,49.7066689,859950.0,46.3008461
2014-01-27 00:00:00,49.4466667,49.7133331,50.0133324,49.0600014,732750.0,46.0586433
2014-01-28 00:00:00,49.7599983,49.4733315,49.9000015,49.4466667,714450.0,46.3505211
2014-01-29 00:00:00,49.3800011,49.3466682,49.7866669,49.3266678,816900.0,45.9965477
2014-01-30 00:00:00,50.4666672,49.6599998,50.5266685,49.5266685,774150.0,47.0087624
2014-01-31 00:00:00,50.0999985,49.8333321,50.5733337,49.5733337,1295850.0,46.6672134
2014-02-03 00:00:00,48.3666687,50.0666656,50.2866669,48.2599983,1097400.0,45.0526581
2014-02-04 00:00:00,48.6399994,48.5333328,49.2000008,48.0266685,1192800.0,45.3072586
2014-02-05 00:00:00,48.7400017,48.4933319,48.8533325,47.8266678,566700.0,45.4004097
2014-02-06 00:00:00,49.3333321,48.7666664,49.4000015,48.5933342,922500.0,45.953083
2014-02-07 00:00:00,50.0533333,49.5533333,50.1466675,49.3400002,820800.0,46.6237564
2014-02-10 00:00:00,50.1399994,49.8133316,50.1733322,49.4866676,694050.0,46.7044716
2014-02-11 00:00:00,50.3466682,50.0333328,50.5466652,49.8266678,964500.0,46.8969803
2014-02-12 00:00:00,50.1866684,50.5,50.8533325,50.0466652,1035750.0,46.7479515
2014-02-13 00:00:00,50.5666656,49.8866653,50.5733337,49.6599998,1127100.0,47.1019249
2014-02-14 00:00:00,50.5733337,50.5133324,50.7000008,50.2799988,690150.0,47.1081238
2014-02-18 00:00:00,51.1333313,50.5666656,51.1800003,50.4666672,557850.0,47.6297607
2014-02-19 00:00:00,50.4799995,50.9933319,51.5733337,50.4399986,524100.0,47.0211792
2014-02-20 00:00:00,50.7266655,50.5333328,50.8266678,50.1066666,437100.0,47.2509575
2014-02-21 00:00:00,50.7200012,50.8199997,51.0,50.6199989,809250.0,47.244751
2014-02-24 00:00:00,50.6933327,50.7000008,51.0133324,50.4866676,879000.0,47.2199059
2014-02-25 00:00:00,50.6866684,50.746666,50.9733315,50.5600014,607050.0,47.2136993
2014-02-26 00:00:00,50.7200012,50.9266663,50.9466667,50.5,475500.0,47.244751
2014-02-27 00:00:00,51.0666656,50.6466675,51.2200012,50.4000015,473700.0,47.5676384
2014-02-28 00:00:00,51.6733322,51.0533333,52.0600014,50.8466682,884850.0,48.1327438
2014-03-03 00:00:00,51.3466682,51.0866661,51.5400009,50.9666672,476700.0,47.8284721
2014-03-04 00:00:00,52.4000015,51.9266663,52.4266663,51.9266663,705150.0,48.8096352
2014-03-05 00:00:00,52.4533348,52.2999992,52.5466652,52.1199989,376950.0,48.8593063
2014-03-06 00:00:00,52.9333344,52.5533333,53.0466652,52.4466667,633900.0,49.3064156
2014-03-07 00:00:00,53.5133324,53.2333336,53.5800018,53.0933342,713550.0,49.8466797
2014-03-10 00:00:00,53.2200012,53.4066658,53.6199989,53.0666656,616650.0,49.573452
2014-03-11 00:00:00,52.6399994,53.4599991,53.5333328,52.5400009,575250.0,49.0331726
2014-03-12 00:00:00,52.6199989,52.1733322,52.6533318,52.0400009,636000.0,49.0145531
2014-03-13 00:00:00,52.0933342,53.0,53.0266685,51.9866676,745200.0,48.5239792
2014-03-14 00:00:00,51.9933319,52.0533333,52.3933334,51.7200012,636000.0,48.4308243
2014-03-17 00:00:00,52.253334,52.2266655,52.5133324,52.0800018,595500.0,48.6730194
2014-03-18 00:00:00,52.5866661,52.3466682,52.7266655,52.1533318,414000.0,48.9835014
2014-03-19 00:00:00,52.4066658,52.5733337,52.7266655,52.0466652,508650.0,48.8158455
2014-03-20 00:00:00,52.5400009,52.1533318,52.9399986,52.1533318,559950.0,48.9400406
2014-03-21 00:00:00,52.8066673,53.0133324,53.1866684,52.6800003,1225800.0,49.188427
2014-03-24 00:00:00,52.5533333,52.9666672,53.1399994,52.3800011,646950.0,48.9524612
2014-03-25 00:00:00,52.5133324,52.8800011,52.9933319,52.2266655,522450.0,48.9151955
2014-03-26 00:00:00,51.8933334,52.7200012,52.9666672,51.8933334,370800.0,48.3376732
2014-03-27 00:00:00,51.3199997,51.9533348,52.126667,51.1599998,598650.0,47.8036346
2014-03-28 00:00:00,51.5666656,51.6466675,51.8800011,51.3333321,499950.0,48.0333939
2014-03-31 00:00:00,52.4666672,51.7999992,52.5,51.7999992,729150.0,48.871727
2014-04-01 00:00:00,52.7266655,52.4133339,52.746666,52.0066681,570000.0,49.2327766
2014-04-02 00:00:00,52.753334,52.7333336,52.9266663,52.5066681,516300.0,49.2576714
2014-04-03 00:00:00,52.7933311,52.8333321,53.0200005,52.6066666,518850.0,49.2950211
2014-04-04 00:00:00,52.2799988,53.126667,53.4533348,52.2599983,892800.0,48.8157005
2014-04-07 00:00:00,51.5466652,52.0999985,52.2866669,51.4599991,961800.0,48.1309509
2014-04-08 00:00:00,51.8466682,51.4599991,52.0666656,51.2666664,615300.0,48.4110832
2014-04-09 00:00:00,52.4399986,52.0133324,52.5066681,51.6599998,549900.0,48.9650955
2014-04-10 00:00:00,51.5333328,52.5200005,52.7333336,51.5,815550.0,48.1185265
2014-04-11 00:00:00,50.9733315,51.3333321,51.7000008,50.9599991,727950.0,47.595623
2014-04-14 00:00:00,51.0466652,51.4266663,51.4733315,50.626667,630300.0,47.6641006
2014-04-15 00:00:00,51.4199982,51.0533333,51.5866661,50.8466682,665850.0,48.0126991
2014-04-16 00:00:00,52.0333328,51.9466667,52.0533333,51.5866661,318450.0,48.5853806
2014-04-17 00:00:00,52.3199997,51.9399986,52.4933319,51.8266678,428250.0,48.8530388
2014-04-21 00:00:00,52.0466652,52.373333,52.5266685,51.9799995,441300.0,48.5978279
2014-04-22 00:00:00,52.3400002,52.0466652,52.5733337,51.9466667,604800.0,48.8717232
2014-04-23 00:00:00,52.6666679,52.8066673,53.2200012,52.4799995,829950.0,49.1767578
2014-04-24 00:00:00,52.5933342,52.9399986,53.0333328,52.0999985,1148850.0,49.1082764
2014-04-25 00:00:00,52.2599983,52.5466652,52.6399994,52.1133347,911550.0,48.7970276
2014-04-28 00:00:00,52.0333328,52.5333328,52.5800018,51.5400009,800100.0,48.5853806
2014-04-29 00:00:00,52.5266685,52.2733345,52.8199997,52.1066666,890850.0,49.0460281
2014-04-30 00:00:00,53.1333313,52.6399994,53.1599998,52.3666687,777600.0,49.612484
2014-05-01 00:00:00,53.1933327,53.0733337,53.4599991,52.8600006,764550.0,49.6685066
2014-05-02 00:00:00,53.3666687,53.1933327,53.753334,53.1933327,497850.0,49.8303642
2014-05-05 00:00:00,53.3600006,53.0466652,53.5,52.746666,633300.0,49.8241463
2014-05-06 00:00:00,52.7666664,53.1399994,53.3866653,52.7000008,751500.0,49.270134
2014-05-07 00:00:00,53.5066681,52.8666687,53.5266685,52.6733322,694650.0,49.9610863
2014-05-08 00:00:00,53.7933311,53.2933311,54.0333328,53.2933311,523200.0,50.2287521
2014-05-09 00:00:00,53.8266678,53.6533318,53.9066658,53.2666664,356850.0,50.2598839
2014-05-12 00:00:00,54.4000015,53.9199982,54.4333344,53.8266678,413100.0,50.7952156
2014-05-13 00:00:00,54.3666687,54.5266685,54.6533318,54.2000008,377550.0,50.7641068
2014-05-14 00:00:00,53.7333336,54.2999992,54.2999992,53.5733337,451350.0,50.1727295
2014-05-15 00:00:00,53.2000008,53.4933319,53.4933319,52.6133347,615000.0,49.6747322
2014-05-16 00:00:00,53.3199997,52.7933311,53.3600006,52.6866684,772050.0,49.7867851
2014-05-19 00:00:00,53.6333313,53.0933342,53.6733322,53.0933342,485850.0,50.0793571
2014-05-20 00:00:00,53.3466682,53.5999985,53.6133347,53.1133347,558600.0,49.8116837
2014-05-21 00:00:00,53.8333321,53.5866661,53.8466682,53.4333344,532950.0,50.2661133
2014-05-22 00:00:00,53.9466667,53.7599983,54.0466652,53.6666679,576900.0,50.3719177
2014-05-23 00:00:00,54.0600014,53.9000015,54.1333313,53.8266678,318600.0,50.4777527
2014-05-27 00:00:00,54.2000008,54.1666679,54.5466652,54.0733337,799800.0,50.6084938
2014-05-28 00:00:00,53.9266663,54.1333313,54.2200012,53.7999992,732900.0,50.3532524
2014-05-29 00:00:00,53.9000015,53.8600006,54.0866661,53.6533318,583350.0,50.4468575
2014-05-30 00:00:00,53.9533348,53.8533325,54.1666679,53.753334,778500.0,50.4967728
2014-06-02 00:00:00,54.3666687,54.1066666,54.4466667,53.8333321,637950.0,50.883625
2014-06-03 00:00:00,54.4799995,54.4199982,54.5866661,54.0600014,561150.0,50.9896927
2014-06-04 00:00:00,54.6599998,54.5400009,55.1199989,54.3333321,690450.0,51.158165
2014-06-05 00:00:00,54.7066689,54.7400017,54.8199997,54.3199997,646500.0,51.2018318
2014-06-06 00:00:00,54.9466667,54.7000008,55.0866661,54.6199989,418350.0,51.4264641
2014-06-09 00:00:00,54.9733315,54.8800011,55.253334,54.8133316,439650.0,51.451416
2014-06-10 00:00:00,55.0733337,54.8533325,55.1599998,54.7799988,380700.0,51.5450134
2014-06-11 00:00:00,54.6666679,54.9199982,54.9199982,54.5600014,316650.0,51.164402
2014-06-12 00:00:00,54.1800003,54.5866661,54.6133347,54.0200005,480750.0,50.7089195
2014-06-13 00:00:00,54.3066673,54.2333336,54.4266663,54.0,492000.0,50.8274612
2014-06-16 00:00:00,54.253334,54.246666,54.3600006,53.9666672,466500.0,50.7775459
2014-06-17 00:00:00,54.9466667,54.1800003,55.0266685,54.1599998,532950.0,51.4264641
2014-06-18 00:00:00,55.0266685,54.9266663,55.0533333,54.5400009,434550.0,51.5013466
2014-06-19 00:00:00,54.8466682,55.1066666,55.1066666,54.6599998,449700.0,51.332859
2014-06-20 00:00:00,54.8533325,54.9533348,55.1599998,54.746666,569850.0,51.3391037
2014-06-23 00:00:00,54.8133316,54.8133316,54.9133339,54.5066681,295800.0,51.3016701
2014-06-24 00:00:00,54.5933342,54.6199989,55.1399994,54.4733315,416100.0,51.095768
2014-06-25 00:00:00,54.8400002,54.4000015,54.9133339,54.3533325,388500.0,51.3266258
2014-06-26 00:00:00,54.7999992,54.753334,54.8533325,54.3800011,286800.0,51.2891922
2014-06-27 00:00:00,54.6533318,54.7266655,55.0466652,54.5866661,711900.0,51.1519127
2014-06-30 00:00:00,54.6133347,54.5733337,54.9066658,54.5066681,496650.0,51.1144829
2014-07-01 00:00:00,54.9266663,54.8533325,55.246666,54.7733345,350550.0,51.4077415
2014-07-02 00:00:00,54.8300018,54.9599991,56.4900017,54.6100006,764200.0,51.3172684
2014-07-03 00:00:00,55.2200012,55.0699997,55.5099983,55.0499992,323100.0,51.6822891
2014-07-07 00:00:00,55.1800003,55.2200012,55.4300003,55.0200005,505700.0,51.6448402
2014-07-08 00:00:00,54.9799995,55.1899986,55.2099991,54.8100014,486300.0,51.4576569
2014-07-09 00:00:00,55.1100006,55.1500015,55.3499985,54.9500008,289400.0,51.5793266
2014-07-10 00:00:00,54.7799988,54.1800003,54.9599991,54.1399994,617600.0,51.2704849
2014-07-11 00:00:00,55.1199989,54.6599998,55.2799988,54.4300003,519700.0,51.5886841
2014-07-14 00:00:00,55.25,55.4000015,55.6800003,55.1699982,693300.0,51.7103539
2014-07-15 00:00:00,55.6800003,55.25,55.7400017,55.25,678500.0,52.1128159
2014-07-16 00:00:00,55.3899994,55.7900009,55.8899994,55.3499985,465700.0,51.8413887
2014-07-17 00:00:00,54.4900017,55.1199989,55.4300003,54.4700012,567300.0,50.999054
2014-07-18 00:00:00,55.2000008,54.7400017,55.2099991,54.6500015,382000.0,51.6635628
2014-07-21 00:00:00,54.7299995,54.9300003,55.1100006,54.6500015,679600.0,51.223671
2014-07-22 00:00:00,54.8699989,54.8800011,55.0,54.7599983,611500.0,51.3546906
2014-07-23 00:00:00,54.5400009,54.8699989,54.8800011,54.4799995,448800.0,51.045845
2014-07-24 00:00:00,54.0400009,54.4900017,54.8300018,53.75,998300.0,50.5778809
2014-07-25 00:00:00,53.5299988,53.7400017,54.0,53.5099983,991100.0,50.1005516
2014-07-28 00:00:00,54.25,53.6399994,54.2799988,53.1599998,664300.0,50.7744331
2014-07-29 00:00:00,53.7000008,54.2099991,54.4199982,53.7000008,553500.0,50.259655
2014-07-30 00:00:00,53.5800018,53.7799988,53.8899994,53.2900009,578700.0,50.1473427
2014-07-31 00:00:00,52.7400017,53.3600006,53.5200005,52.7200012,666400.0,49.3611641
2014-08-01 00:00:00,52.6899986,52.6100006,52.9799995,52.0499992,625000.0,49.3143768
2014-08-04 00:00:00,53.2999992,52.8699989,53.4300003,52.7200012,622100.0,49.8852806
2014-08-05 00:00:00,53.1199989,53.1899986,53.3199997,52.8600006,984300.0,49.7168121
2014-08-06 00:00:00,53.4599991,53.0600014,53.5699997,52.8300018,690800.0,50.035038
2014-08-07 00:00:00,52.9700012,53.8699989,53.9599991,52.8199997,514300.0,49.5764389
2014-08-08 00:00:00,53.3300018,53.0900002,53.3699989,52.8499985,403500.0,49.913372
2014-08-11 00:00:00,52.9799995,53.3600006,53.5600014,52.9399986,763600.0,49.5857925
2014-08-12 00:00:00,53.0,52.9099998,53.1699982,52.9000015,531200.0,49.6045074
2014-08-13 00:00:00,53.1899986,53.1100006,53.3699989,53.0200005,513600.0,49.7823296
2014-08-14 00:00:00,53.5499992,53.25,53.5900002,53.0,300100.0,50.1192665
2014-08-15 00:00:00,53.2599983,53.8100014,53.8100014,52.8699989,525600.0,49.8478432
2014-08-18 00:00:00,53.8600006,53.5099983,53.8600006,53.4900017,408200.0,50.4094124
2014-08-19 00:00:00,53.7999992,53.8600006,54.0299988,53.75,368300.0,50.3532562
2014-08-20 00:00:00,54.0299988,53.6300011,54.1100006,53.5499992,470500.0,50.5685234
2014-08-21 00:00:00,54.4700012,54.0200005,54.5800018,53.7999992,360900.0,50.9803352
2014-08-22 00:00:00,54.0800018,54.4500008,54.6199989,54.0699997,305200.0,50.6153069
2014-08-25 00:00:00,54.5299988,54.4199982,54.6699982,54.1800003,385800.0,51.0364952
2014-08-26 00:00:00,54.8400002,54.5,54.9199982,54.5,331800.0,51.3266258
2014-08-27 00:00:00,54.8600006,54.9399986,55.0699997,54.7799988,357200.0,51.3453445
2014-08-28 00:00:00,54.9300003,54.5600014,55.0699997,54.3699989,335100.0,51.4108582
2014-08-29 00:00:00,54.5499992,55.1500015,55.3100014,54.5299988,777500.0,51.0551949
2014-09-02 00:00:00,54.4700012,54.5900002,54.9199982,54.3600006,687600.0,50.9803352
2014-09-03 00:00:00,54.4099998,54.8300018,54.8300018,54.3699989,603200.0,50.9241753
2014-09-04 00:00:00,54.1599998,54.5600014,54.6800003,54.1199989,473400.0,50.6901932
2014-09-05 00:00:00,54.2400017,54.1100006,54.3300018,54.0,591900.0,50.7650681
2014-09-08 00:00:00,54.1199989,54.2700005,54.3300018,53.9500008,312500.0,50.6527443
2014-09-09 00:00:00,53.5,53.9900017,53.9900017,53.4799995,727300.0,50.0724792
2014-09-10 00:00:00,53.5999985,53.5499992,53.8699989,53.2999992,548300.0,50.166069
2014-09-11 00:00:00,53.5900002,53.4099998,53.6699982,53.2799988,340600.0,50.1567116
2014-09-12 00:00:00,53.6500015,53.4199982,53.7700005,53.3499985,419900.0,50.2128792
2014-09-15 00:00:00,53.3899994,53.5800018,53.6399994,53.3600006,436300.0,49.9695244
2014-09-16 00:00:00,53.5299988,53.4199982,53.7400017,53.3100014,387800.0,50.1005516
2014-09-17 00:00:00,53.5900002,53.5699997,53.9300003,53.3899994,350900.0,50.1567116
2014-09-18 00:00:00,53.8300018,53.7200012,54.0900002,53.7200012,552100.0,50.38134
2014-09-19 00:00:00,53.5600014,54.1100006,54.2599983,53.4300003,949800.0,50.1286278
2014-09-22 00:00:00,53.25,53.3600006,53.4799995,53.1199989,614900.0,49.8384972
2014-09-23 00:00:00,52.6199989,53.0099983,53.2400017,52.6199989,534400.0,49.248848
2014-09-24 00:00:00,53.2599983,52.5900002,53.3499985,52.4900017,561400.0,49.8478432
2014-09-25 00:00:00,52.5699997,53.0499992,53.1500015,52.5699997,533200.0,49.2020569
2014-09-26 00:00:00,52.9599991,52.7200012,53.0900002,52.4700012,442100.0,49.5670776
2014-09-29 00:00:00,52.6399994,52.5099983,52.8800011,52.2799988,661700.0,49.2675781
2014-09-30 00:00:00,52.3699989,52.7200012,52.7299995,52.3400002,662900.0,49.0148659
2014-10-01 00:00:00,51.9199982,52.2700005,52.2799988,51.7999992,1069100.0,48.7118225
2014-10-02 00:00:00,52.0699997,51.7700005,52.3100014,51.6100006,840200.0,48.8525581
2014-10-03 00:00:00,52.6100006,52.4399986,52.7700005,52.3699989,699500.0,49.3591995
2014-10-06 00:00:00,52.4399986,52.7900009,52.8499985,52.2200012,602500.0,49.1996918
2014-10-07 00:00:00,51.5,52.1300011,52.4099998,51.5,653500.0,48.3177719
2014-10-08 00:00:00,52.5200005,51.4399986,52.5900002,51.2599983,882700.0,49.2747536
2014-10-09 00:00:00,51.8600006,52.4700012,52.5099983,51.7999992,930600.0,48.6555367
2014-10-10 00:00:00,51.5,51.8600006,52.4199982,51.5,760800.0,48.3177719
2014-10-13 00:00:00,51.1100006,51.4599991,51.8600006,51.1100006,650300.0,47.9518738
2014-10-14 00:00:00,51.4700012,51.2999992,51.8699989,51.2700005,618100.0,48.2896423
2014-10-15 00:00:00,50.6300011,50.7099991,50.9900017,49.9700012,972800.0,47.5015411
2014-10-16 00:00:00,50.3199997,49.9199982,50.5099983,49.8800011,805500.0,47.2106972
2014-10-17 00:00:00,51.3100014,50.75,51.4399986,50.6800003,574300.0,48.1395302
2014-10-20 00:00:00,51.6699982,51.2299995,51.6899986,51.0,547800.0,48.4772758
2014-10-21 00:00:00,52.8800011,51.9900017,52.8899994,51.9199982,596500.0,49.6125145
2014-10-22 00:00:00,52.6100006,52.9799995,53.1399994,52.5699997,598300.0,49.3591995
2014-10-23 00:00:00,50.5699997,52.1100006,52.1100006,49.7099991,2997700.0,47.4452438
2014-10-24 00:00:00,51.25,50.4900017,51.4700012,50.2700005,1213300.0,48.0832214
2014-10-27 00:00:00,51.3499985,51.1500015,51.3899994,50.9399986,683800.0,48.1770554
2014-10-28 00:00:00,51.6500015,51.6399994,51.8600006,51.1699982,1326400.0,48.4585152
2014-10-29 00:00:00,51.7599983,51.8300018,52.1300011,51.5999985,761700.0,48.5617104
2014-10-30 00:00:00,52.2000008,51.5900002,52.4799995,51.5499992,652300.0,48.9745255
2014-10-31 00:00:00,52.9599991,52.9399986,53.0,52.7200012,745400.0,49.687561
2014-11-03 00:00:00,53.0299988,52.9099998,53.1399994,52.7099991,1041600.0,49.7532349
2014-11-04 00:00:00,53.3600006,52.9399986,53.3699989,52.7700005,615300.0,50.0628624
2014-11-05 00:00:00,53.75,53.6399994,53.7599983,53.2999992,942800.0,50.4287529
2014-11-06 00:00:00,53.4000015,53.5800018,53.7599983,53.1300011,1013600.0,50.1003914
2014-11-07 00:00:00,53.4599991,53.2299995,53.5800018,53.0800018,608300.0,50.1566734
2014-11-10 00:00:00,53.0900002,53.3899994,53.4199982,53.0,1297400.0,49.809536
2014-11-11 00:00:00,53.1800003,53.0,53.2599983,52.9099998,395200.0,49.8939819
2014-11-12 00:00:00,53.2599983,52.8899994,53.3300018,52.5800018,678000.0,49.9690247
2014-11-13 00:00:00,53.2799988,53.4300003,53.4300003,53.0099983,542000.0,49.9878044
2014-11-14 00:00:00,53.2599983,53.1800003,53.4399986,53.0,476400.0,49.9690247
2014-11-17 00:00:00,53.3100014,53.2400017,53.3300018,52.9399986,488600.0,50.0159454
2014-11-18 00:00:00,53.5,53.3899994,53.7299995,53.2599983,445500.0,50.1941986
2014-11-19 00:00:00,53.2400017,53.5400009,53.6599998,53.0800018,663500.0,49.950264
2014-11-20 00:00:00,53.4700012,52.9399986,53.4799995,52.8199997,377200.0,50.1660614
2014-11-21 00:00:00,53.7999992,53.9199982,54.1500015,53.6800003,617400.0,50.4756622
2014-11-24 00:00:00,54.1300011,54.0200005,54.2299995,53.6899986,759000.0,50.7852745
2014-11-25 00:00:00,53.9300003,54.1899986,54.2200012,53.75,527700.0,50.5976257
2014-11-26 00:00:00,53.8300018,53.9799995,54.0600014,53.6899986,493100.0,50.5038185
2014-11-28 00:00:00,53.75,53.9300003,54.1399994,53.6699982,284900.0,50.4287529
2014-12-01 00:00:00,53.2999992,53.5400009,53.6599998,53.2799988,742900.0,50.0065536
2014-12-02 00:00:00,53.4500008,53.2000008,53.4599991,52.7400017,1093200.0,50.1472816
2014-12-03 00:00:00,53.6599998,53.4399986,53.7000008,52.7400017,1635400.0,50.3443108
2014-12-04 00:00:00,53.4599991,53.6599998,53.8400002,53.2700005,745600.0,50.1566734
2014-12-05 00:00:00,54.0900002,53.6199989,54.3199997,53.6199989,715800.0,50.7477341
2014-12-08 00:00:00,54.4099998,54.0800018,54.6899986,53.9500008,906200.0,51.0479736
2014-12-09 00:00:00,54.2099991,53.7700005,54.2799988,53.6300011,526100.0,50.8603325
2014-12-10 00:00:00,53.6100006,54.0099983,54.3699989,53.5699997,648700.0,50.2973938
2014-12-11 00:00:00,53.7299995,53.7299995,54.3100014,53.6100006,648400.0,50.4099884
2014-12-12 00:00:00,52.1399994,53.25,53.5099983,52.1399994,599300.0,48.918232
2014-12-15 00:00:00,51.7200012,52.4199982,52.6300011,51.5,754400.0,48.5241852
2014-12-16 00:00:00,51.6199989,51.4500008,52.4700012,51.2799988,718800.0,48.4303665
2014-12-17 00:00:00,53.0200005,51.8199997,53.0999985,51.6899986,981900.0,49.7438583
2014-12-18 00:00:00,54.4399986,53.6199989,54.4399986,53.4599991,1119900.0,51.0761108
2014-12-19 00:00:00,54.4599991,54.6599998,54.6599998,54.1599998,1427500.0,51.0948868
2014-12-22 00:00:00,55.0099983,54.5600014,55.0499992,54.4000015,603500.0,51.6108971
2014-12-23 00:00:00,55.4199982,55.1199989,55.7400017,55.0800018,445900.0,51.9955559
2014-12-24 00:00:00,55.1800003,55.4799995,55.5,54.9900017,138300.0,51.7703857
2014-12-26 00:00:00,55.2599983,55.2799988,55.4000015,55.1399994,411000.0,51.8454437
2014-12-29 00:00:00,55.3400002,55.1399994,55.8800011,55.1399994,265000.0,51.9205055
2014-12-30 00:00:00,55.0400009,55.1300011,55.4900017,54.8699989,485100.0,51.6390495
2014-12-31 00:00:00,54.1699982,55.2099991,55.2099991,54.1399994,448900.0,50.9403381
2015-01-02 00:00:00,54.1599998,54.5099983,54.5999985,53.6699982,617800.0,50.9309273
2015-01-05 00:00:00,53.1899986,53.7400017,53.8699989,53.0400009,505300.0,50.0187836
2015-01-06 00:00:00,52.4700012,53.1100006,53.1699982,52.3600006,669000.0,49.3416862
2015-01-07 00:00:00,52.5299988,51.8300018,53.0600014,51.8300018,1254300.0,49.3981209
2015-01-08 00:00:00,53.3400002,53.0200005,53.7000008,52.8800011,1059400.0,50.1598282
2015-01-09 00:00:00,52.5699997,53.4000015,53.5600014,52.5499992,537700.0,49.4357414
2015-01-12 00:00:00,52.0999985,52.6899986,52.7299995,51.9700012,347700.0,48.993763
2015-01-13 00:00:00,51.8100014,52.4500008,52.8800011,51.4500008,672700.0,48.7210541
2015-01-14 00:00:00,51.3100014,51.1500015,51.7000008,50.8499985,591900.0,48.2508621
2015-01-15 00:00:00,51.0,51.3100014,51.7400017,50.9000015,505300.0,47.9593468
2015-01-16 00:00:00,51.8499985,50.8899994,51.8699989,50.7599983,614400.0,48.758667
2015-01-20 00:00:00,51.3600006,52.1599998,52.25,51.1100006,650200.0,48.2978783
2015-01-21 00:00:00,51.4300003,51.1899986,51.75,50.9399986,467600.0,48.3636818
2015-01-22 00:00:00,52.2700005,51.7099991,52.4700012,51.2400017,638100.0,49.153614
2015-01-23 00:00:00,51.7599983,52.25,52.3600006,51.7400017,490500.0,48.6740189
2015-01-26 00:00:00,51.8300018,51.7200012,51.9300003,51.4399986,711200.0,48.7398491
2015-01-27 00:00:00,51.3199997,50.9300003,51.6300011,50.9300003,480000.0,48.2602577
2015-01-28 00:00:00,50.3199997,51.5200005,51.7700005,50.3199997,654000.0,47.3198853
2015-01-29 00:00:00,50.8499985,50.4000015,50.9300003,50.2000008,667100.0,47.8182755
2015-01-30 00:00:00,50.0699997,50.3899994,51.0400009,49.9799995,828000.0,47.0847855
2015-02-02 00:00:00,51.0600014,50.0499992,51.1800003,49.8300018,901800.0,48.0157738
2015-02-03 00:00:00,50.9900017,50.9599991,51.3499985,49.7700005,1225900.0,47.9499321
2015-02-04 00:00:00,51.9300003,50.9099998,52.2000008,50.8199997,1398500.0,48.8338928
2015-02-05 00:00:00,52.5200005,51.5200005,52.5699997,51.4799995,685000.0,49.3887138
2015-02-06 00:00:00,53.0099983,52.7099991,53.2799988,52.5499992,737500.0,49.8495026
2015-02-09 00:00:00,52.9300003,52.6399994,53.0600014,52.5600014,718000.0,49.7742691
2015-02-10 00:00:00,53.0099983,53.3699989,53.3699989,52.6399994,654100.0,49.8495026
2015-02-11 00:00:00,53.4399986,53.2000008,53.6300011,53.0200005,470700.0,50.253849
2015-02-12 00:00:00,53.7000008,53.5200005,53.8499985,53.2599983,521000.0,50.4983635
2015-02-13 00:00:00,54.0499992,53.6199989,54.1199989,53.5299988,521800.0,50.8274956
2015-02-17 00:00:00,53.9799995,53.9000015,54.3300018,53.6899986,773900.0,50.7616692
2015-02-18 00:00:00,53.7299995,53.7999992,53.8499985,53.6300011,644200.0,50.5265694
2015-02-19 00:00:00,53.8300018,53.6399994,53.9900017,53.3600006,490200.0,50.6206017
2015-02-20 00:00:00,54.1800003,53.5999985,54.25,52.9799995,901500.0,50.9497414
2015-02-23 00:00:00,53.7299995,54.1300011,54.1300011,53.4799995,613500.0,50.5265694
2015-02-24 00:00:00,53.8600006,53.6699982,54.3600006,53.6699982,932300.0,50.648819
2015-02-25 00:00:00,53.6100006,53.7799988,53.8400002,53.3899994,487800.0,50.4137154
2015-02-26 00:00:00,53.4700012,53.5499992,53.7299995,53.2999992,594500.0,50.282074
2015-02-27 00:00:00,53.25,53.4500008,53.6899986,53.1899986,688400.0,50.0751877
2015-03-02 00:00:00,53.9900017,53.25,54.0099983,53.1300011,673600.0,50.7710876
2015-03-03 00:00:00,53.9599991,53.7000008,54.0699997,53.5099983,1005100.0,50.7428627
2015-03-04 00:00:00,53.4000015,53.6500015,53.9300003,53.1199989,548900.0,50.2162437
2015-03-05 00:00:00,53.6599998,53.5400009,53.7099991,53.2099991,451700.0,50.4607544
2015-03-06 00:00:00,53.7900009,53.5400009,54.5299988,53.5400009,700700.0,50.5829926
2015-03-09 00:00:00,54.0800018,53.7599983,54.1800003,53.5999985,677200.0,50.8557129
2015-03-10 00:00:00,53.3199997,53.4599991,53.7999992,53.2099991,992900.0,50.1410217
2015-03-11 00:00:00,53.4099998,53.4199982,53.6300011,53.25,556100.0,50.2256546
2015-03-12 00:00:00,54.1800003,53.7099991,54.2099991,53.4700012,393200.0,50.9497414
2015-03-13 00:00:00,53.5699997,54.0099983,54.1399994,53.1199989,624900.0,50.3761101
2015-03-16 00:00:00,54.3199997,53.7299995,54.3300018,53.5999985,519000.0,51.0814018
2015-03-17 00:00:00,54.4399986,54.1699982,54.5699997,53.9500008,522900.0,51.1942406
2015-03-18 00:00:00,55.2400017,54.1699982,55.3800011,54.1699982,1190700.0,51.9465523
2015-03-19 00:00:00,54.9000015,55.2799988,55.4399986,54.4799995,829700.0,51.626812
2015-03-20 00:00:00,55.6599998,55.0099983,55.7599983,55.0099983,1366700.0,52.3414955
2015-03-23 00:00:00,55.5200005,55.7400017,56.1899986,55.5099983,685700.0,52.2098541
2015-03-24 00:00:00,55.3699989,55.4000015,55.5900002,55.1899986,677500.0,52.0688057
2015-03-25 00:00:00,54.6699982,55.3699989,55.4399986,54.6199989,827600.0,51.4105339
2015-03-26 00:00:00,54.7599983,54.5900002,54.9900017,54.3800011,895200.0,51.495163
2015-03-27 00:00:00,54.6699982,54.6899986,54.8300018,54.3600006,638200.0,51.4105339
2015-03-30 00:00:00,55.2200012,54.8600006,55.2599983,54.7299995,560000.0,51.9277458
2015-03-31 00:00:00,54.9199982,54.7599983,55.0200005,54.4399986,717300.0,51.7721863
2015-04-01 00:00:00,54.9799995,54.8499985,55.0400009,54.5400009,577700.0,51.8287582
2015-04-02 00:00:00,55.1100006,54.9500008,55.2999992,54.8899994,525400.0,51.9513245
2015-04-06 00:00:00,55.1699982,54.5499992,55.3600006,54.5099983,520600.0,52.0078697
2015-04-07 00:00:00,55.0600014,55.1699982,55.3100014,54.9000015,641300.0,51.9041786
2015-04-08 00:00:00,55.5800018,55.1800003,55.5999985,55.1100006,450900.0,52.3943672
2015-04-09 00:00:00,55.9300003,55.5800018,55.9799995,55.4500008,500400.0,52.7243118
2015-04-10 00:00:00,55.8600006,55.8899994,55.9799995,55.6399994,533300.0,52.6583138
2015-04-13 00:00:00,55.8300018,55.75,56.0400009,55.7099991,311200.0,52.6300468
2015-04-14 00:00:00,56.0,55.8600006,56.2700005,55.7200012,619900.0,52.7902946
2015-04-15 00:00:00,56.4099998,56.0699997,56.7200012,55.9700012,548000.0,53.176796
2015-04-16 00:00:00,56.6800003,56.3100014,56.8400002,56.1800003,656400.0,53.4313278
2015-04-17 00:00:00,56.4900017,56.2299995,56.5699997,55.9700012,808800.0,53.2522011
2015-04-20 00:00:00,56.6599998,56.8199997,56.8800011,56.4900017,521900.0,53.4124641
2015-04-21 00:00:00,56.0999985,55.5,56.5900002,55.5,752700.0,52.8845673
2015-04-22 00:00:00,56.3800011,56.1899986,56.4199982,55.7299995,806000.0,53.1485138
2015-04-23 00:00:00,56.2000008,56.2200012,56.5699997,55.7000008,861800.0,52.9788361
2015-04-24 00:00:00,56.0900002,56.2200012,56.3300018,55.8400002,536900.0,52.8751373
2015-04-27 00:00:00,55.8699989,56.2099991,56.5,55.7700005,658400.0,52.6677399
2015-04-28 00:00:00,56.2700005,55.7700005,56.3100014,55.6199989,375700.0,53.0448151
2015-04-29 00:00:00,56.5099983,55.9700012,56.7999992,55.9300003,550400.0,53.2710724
2015-04-30 00:00:00,56.1100006,56.2400017,56.8300018,56.0499992,785600.0,52.8939972
2015-05-01 00:00:00,56.3800011,56.4300003,56.75,55.8899994,781000.0,53.1485138
2015-05-04 00:00:00,56.7999992,56.4300003,56.9000015,56.2700005,450900.0,53.5444489
2015-05-05 00:00:00,56.5800018,56.6800003,57.0,56.4099998,590100.0,53.3370514
2015-05-06 00:00:00,56.8400002,56.8400002,57.0999985,56.4799995,634100.0,53.5821495
2015-05-07 00:00:00,56.9799995,56.8100014,57.2900009,56.5299988,471100.0,53.7141304
2015-05-08 00:00:00,57.2000008,57.3100014,57.4399986,57.0900002,537000.0,53.9215126
2015-05-11 00:00:00,57.1800003,57.2200012,57.4900017,57.1699982,497900.0,53.9026642
2015-05-12 00:00:00,56.6699982,57.0200005,57.1599998,56.5800018,968000.0,53.4218826
2015-05-13 00:00:00,56.5999985,56.75,56.9300003,56.5699997,793800.0,53.3558922
2015-05-14 00:00:00,56.75,56.8499985,56.9399986,56.5499992,887900.0,53.497303
2015-05-15 00:00:00,56.4500008,56.7900009,56.9399986,56.3899994,785700.0,53.2145042
2015-05-18 00:00:00,56.9500008,56.5099983,57.0600014,56.4099998,979300.0,53.6858444
2015-05-19 00:00:00,57.6599998,57.1300011,57.7200012,56.9900017,815800.0,54.3551445
2015-05-20 00:00:00,57.9399986,57.6800003,58.0299988,57.2900009,700700.0,54.6190987
2015-05-21 00:00:00,57.8699989,57.8199997,58.0999985,57.6899986,615100.0,54.553112
2015-05-22 00:00:00,57.6800003,57.7799988,58.1599998,57.6500015,516500.0,54.3740082
2015-05-26 00:00:00,56.9900017,57.5800018,57.7400017,56.9099998,466100.0,53.7235527
2015-05-27 00:00:00,57.3699989,56.9799995,57.4900017,56.9000015,368400.0,54.081768
2015-05-28 00:00:00,57.4399986,57.3400002,57.4399986,57.0800018,372600.0,54.1477547
2015-05-29 00:00:00,57.0699997,57.4300003,57.4300003,56.7700005,559300.0,53.7989731
2015-06-01 00:00:00,56.9399986,57.3400002,57.3400002,56.8300018,427000.0,53.6763992
2015-06-02 00:00:00,57.2200012,56.9000015,57.4099998,56.7799988,515200.0,53.9403725
2015-06-03 00:00:00,57.5900002,57.5699997,57.8199997,57.3499985,800700.0,54.2891617
2015-06-04 00:00:00,57.2700005,57.2900009,57.5299988,57.1100006,533400.0,53.9874916
2015-06-05 00:00:00,57.5200005,57.6500015,57.9900017,57.2400017,686400.0,54.2231712
2015-06-08 00:00:00,57.2700005,57.4399986,57.7999992,57.2700005,602800.0,53.9874916
2015-06-09 00:00:00,57.5400009,57.2400017,57.6899986,57.1399994,663900.0,54.2420273
2015-06-10 00:00:00,58.0,57.8600006,58.4000015,57.5600014,919100.0,54.6756477
2015-06-11 00:00:00,58.3400002,58.0800018,58.4199982,57.9000015,1873300.0,54.9961739
2015-06-12 00:00:00,58.1899986,58.3300018,58.3600006,57.9300003,991600.0,54.8547668
2015-06-15 00:00:00,57.9099998,57.6599998,58.1599998,57.5299988,977700.0,54.5908127
2015-06-16 00:00:00,58.2700005,57.8600006,58.4599991,57.8499985,430200.0,54.9301796
2015-06-17 00:00:00,58.4300003,58.5099983,58.7400017,58.3499985,595600.0,55.0810204
2015-06-18 00:00:00,58.9399986,58.5499992,59.0,58.4300003,566600.0,55.5617867
2015-06-19 00:00:00,58.7099991,58.7099991,58.8899994,58.5299988,1259600.0,55.3449707
2015-06-22 00:00:00,59.0299988,59.1699982,59.2200012,58.8199997,575900.0,55.6466255
2015-06-23 00:00:00,59.0600014,59.1800003,59.3400002,58.8199997,692400.0,55.6749077
2015-06-24 00:00:00,58.7099991,58.9099998,59.1599998,58.6800003,385100.0,55.3449707
2015-06-25 00:00:00,58.6899986,58.9700012,59.0600014,58.5800018,479200.0,55.3261147
2015-06-26 00:00:00,59.1500015,58.9199982,59.1699982,58.7400017,852800.0,55.7597504
2015-06-29 00:00:00,57.8300018,58.2200012,58.75,57.8100014,738100.0,54.5154076
2015-06-30 00:00:00,58.2200012,58.4900017,58.5,57.8499985,932600.0,55.0114822
2015-07-01 00:00:00,58.9099998,59.0999985,59.3899994,58.7000008,625500.0,55.6634483
2015-07-02 00:00:00,58.8199997,58.9000015,59.1899986,58.4900017,558700.0,55.5784073
2015-07-06 00:00:00,58.5699997,58.1899986,58.7200012,58.0099983,652000.0,55.3421936
2015-07-07 00:00:00,58.75,58.4500008,58.7700005,57.8300018,548400.0,55.5122643
2015-07-08 00:00:00,57.5299988,58.1399994,58.3800011,57.4199982,607600.0,54.3594971
2015-07-09 00:00:00,57.7700005,58.1899986,58.2299995,57.7099991,472100.0,54.5862732
2015-07-10 00:00:00,58.75,58.2299995,58.8800011,58.0600014,539300.0,55.5122643
2015-07-13 00:00:00,59.1300011,59.1500015,59.3300018,58.8600006,642700.0,55.8713264
2015-07-14 00:00:00,59.4399986,58.9900017,59.4599991,58.9300003,404700.0,56.1642303
2015-07-15 00:00:00,60.2000008,59.5400009,60.2799988,59.2799988,693500.0,56.8823509
2015-07-16 00:00:00,60.9300003,60.6699982,60.9500008,60.4099998,536800.0,57.5721283
2015-07-17 00:00:00,60.3199997,60.8300018,61.0099983,60.25,578100.0,56.995739
2015-07-20 00:00:00,60.3800011,60.4099998,60.5400009,60.1800003,451300.0,57.052433
2015-07-21 00:00:00,60.3300018,60.4300003,60.8400002,60.1599998,455600.0,57.0051804
2015-07-22 00:00:00,60.5200005,60.3300018,60.7000008,60.3300018,399800.0,57.1847305
2015-07-23 00:00:00,60.0400009,60.5600014,60.7400017,59.9099998,475300.0,56.7311783
2015-07-24 00:00:00,62.1599998,60.7299995,62.6599998,60.2999992,1644000.0,58.734333
2015-07-27 00:00:00,61.2099991,61.7200012,61.9199982,60.9700012,731400.0,57.8366966
2015-07-28 00:00:00,59.8699989,59.5400009,60.1800003,55.6199989,1226800.0,56.5705338
2015-07-29 00:00:00,61.4700012,59.8699989,61.5800018,59.7099991,946000.0,58.0823631
2015-07-30 00:00:00,61.7900009,61.4099998,61.9799995,61.0200005,758800.0,58.3847275
2015-07-31 00:00:00,61.6100006,61.7999992,62.1800003,61.0299988,803700.0,58.2146454
2015-08-03 00:00:00,62.3199997,61.7099991,62.4599991,61.5600014,754000.0,58.8855133
2015-08-04 00:00:00,62.3400002,62.4000015,62.6300011,62.1899986,500900.0,58.9044151
2015-08-05 00:00:00,62.6899986,62.6599998,62.9500008,62.4399986,477100.0,59.2351265
2015-08-06 00:00:00,62.1800003,62.7400017,62.8699989,61.8699989,537500.0,58.753231
2015-08-07 00:00:00,61.9700012,62.0299988,62.3600006,61.4500008,713100.0,58.5548058
2015-08-10 00:00:00,63.1199989,62.4199982,63.2099991,62.4199982,573700.0,59.6414413
2015-08-11 00:00:00,62.8600006,62.7400017,63.2599983,62.6599998,526200.0,59.3957672
2015-08-12 00:00:00,62.4700012,62.4099998,62.6100006,61.5400009,460000.0,59.027256
2015-08-13 00:00:00,62.2000008,61.9799995,62.7200012,60.9599991,1090600.0,58.7721252
2015-08-14 00:00:00,62.5,62.2000008,62.7299995,62.0999985,614600.0,59.0555954
2015-08-17 00:00:00,62.7099991,62.2099991,62.7099991,61.5800018,482500.0,59.2540359
2015-08-18 00:00:00,62.6300011,62.7000008,62.8800011,62.4500008,480100.0,59.1784363
2015-08-19 00:00:00,62.5200005,62.3699989,62.7400017,61.8499985,543700.0,59.0744972
2015-08-20 00:00:00,61.1300011,62.1599998,62.1899986,61.1199989,638500.0,57.7611008
2015-08-21 00:00:00,59.3499985,60.6100006,60.7700005,59.3400002,906200.0,56.0791931
2015-08-24 00:00:00,56.4300003,56.3899994,58.2299995,55.9900017,1800400.0,53.3201065
2015-08-25 00:00:00,55.6199989,57.6899986,57.7999992,55.5900002,1359700.0,52.55476
2015-08-26 00:00:00,57.5499992,57.0,57.7900009,56.3800011,1191500.0,54.3784027
2015-08-27 00:00:00,58.8199997,58.3699989,59.2200012,57.8499985,1021600.0,55.5784073
2015-08-28 00:00:00,58.9199982,58.5800018,59.7000008,58.4300003,801100.0,55.6728859
2015-08-31 00:00:00,58.4599991,58.5900002,58.8499985,58.3100014,773400.0,55.2382469
2015-09-01 00:00:00,56.6699982,57.3100014,57.8100014,56.4599991,734800.0,53.5468864
2015-09-02 00:00:00,57.4300003,57.2999992,57.4500008,56.6800003,477000.0,54.2650108
2015-09-03 00:00:00,57.6800003,57.5699997,58.2000008,57.25,354800.0,54.5012398
2015-09-04 00:00:00,56.9000015,56.9799995,57.3899994,56.5999985,853300.0,53.7642097
2015-09-08 00:00:00,57.7900009,57.8499985,57.9000015,57.0200005,991500.0,54.6051674
2015-09-09 00:00:00,57.1300011,58.4599991,58.6699982,57.0099983,641200.0,53.9815407
2015-09-10 00:00:00,57.2000008,56.8899994,57.6300011,56.7599983,660500.0,54.0476837
2015-09-11 00:00:00,57.6199989,56.9500008,57.6399994,56.7099991,443400.0,54.4445267
2015-09-14 00:00:00,57.3499985,57.6500015,57.6500015,57.2099991,407400.0,54.1894188
2015-09-15 00:00:00,58.25,57.4099998,58.3199997,57.4099998,563700.0,55.0398254
2015-09-16 00:00:00,58.5600014,58.2400017,58.6699982,58.1199989,586300.0,55.3327408
2015-09-17 00:00:00,57.75,58.5800018,58.7799988,57.6500015,749100.0,54.5673714
2015-09-18 00:00:00,56.6599998,57.0099983,57.2599983,56.4199982,2821000.0,53.5374451
2015-09-21 00:00:00,57.5099983,56.9000015,57.7000008,56.8300018,743900.0,54.3406029
2015-09-22 00:00:00,56.7400017,56.7700005,56.9900017,56.4099998,479000.0,53.6130333
2015-09-23 00:00:00,56.8899994,56.7700005,57.1500015,56.6199989,529800.0,53.7547684
2015-09-24 00:00:00,56.8499985,56.6599998,57.0,56.2700005,517700.0,53.7169609
2015-09-25 00:00:00,57.3899994,57.4900017,57.7900009,57.1100006,602700.0,54.227211
2015-09-28 00:00:00,56.2400017,57.0099983,57.0800018,56.1399994,527500.0,53.1405983
2015-09-29 00:00:00,56.6699982,56.4199982,56.7900009,56.1399994,615000.0,53.5468864
2015-09-30 00:00:00,56.4000015,57.1500015,57.3300018,56.1899986,1140400.0,53.4190369
2015-10-01 00:00:00,56.4000015,56.5,56.6800003,55.9099998,899700.0,53.4190369
2015-10-02 00:00:00,56.5099983,55.0099983,56.5099983,55.0099983,920200.0,53.5232239
2015-10-05 00:00:00,57.2799988,56.8300018,57.5,56.6800003,665200.0,54.2525177
2015-10-06 00:00:00,57.0499992,57.1699982,57.4900017,56.8600006,736200.0,54.0346718
2015-10-07 00:00:00,57.6399994,57.3600006,57.7900009,57.0699997,585500.0,54.5934906
2015-10-08 00:00:00,57.9000015,57.5,58.0400009,57.4300003,651100.0,54.8397369
2015-10-09 00:00:00,57.9000015,57.9399986,58.1899986,57.6300011,501300.0,54.8397369
2015-10-12 00:00:00,58.0499992,57.9000015,58.1300011,57.7999992,365700.0,54.9818153
2015-10-13 00:00:00,57.4099998,57.8199997,58.0600014,57.3499985,383800.0,54.3756371
2015-10-14 00:00:00,56.6899986,57.3600006,58.4599991,56.6500015,759800.0,53.6936913
2015-10-15 00:00:00,57.5400009,57.0999985,57.5400009,56.5,754300.0,54.4987755
2015-10-16 00:00:00,58.0800018,57.8699989,58.2999992,57.5699997,543400.0,55.0102348
2015-10-19 00:00:00,57.9599991,57.8699989,58.2799988,56.7099991,375100.0,54.8965683
2015-10-20 00:00:00,58.0699997,57.9799995,58.2099991,57.8300018,418700.0,55.0007668
2015-10-21 00:00:00,57.6199989,58.2599983,58.4399986,57.5800018,423400.0,54.5745354
2015-10-22 00:00:00,58.3899994,57.9000015,58.6399994,57.7599983,654000.0,55.3038521
2015-10-23 00:00:00,59.0299988,58.7599983,59.1899986,58.5499992,479300.0,55.9100227
2015-10-26 00:00:00,58.4500008,58.9300003,59.1199989,58.25,705100.0,55.3606796
2015-10-27 00:00:00,56.7599983,57.4900017,57.7099991,56.2799988,1710600.0,53.7600021
2015-10-28 00:00:00,58.4300003,56.7599983,58.4599991,56.5800018,1753000.0,55.3417397
2015-10-29 00:00:00,58.7200012,58.3600006,59.1599998,58.3600006,1264700.0,55.6163979
2015-10-30 00:00:00,58.0099983,58.7900009,58.9599991,57.9500008,757000.0,54.9439278
2015-11-02 00:00:00,59.0099983,58.1800003,59.1300011,58.1800003,711300.0,55.8910828
2015-11-03 00:00:00,58.75,58.8100014,58.9900017,58.5600014,562400.0,55.6448212
2015-11-04 00:00:00,58.4099998,58.7400017,58.9500008,58.2999992,380900.0,55.3227806
2015-11-05 00:00:00,58.5600014,58.3600006,58.7200012,58.2000008,228400.0,55.4648705
2015-11-06 00:00:00,59.7599983,59.1899986,59.8600006,58.7799988,732100.0,56.6014442
2015-11-09 00:00:00,59.3499985,59.7400017,59.7599983,58.5999985,892900.0,56.2131042
2015-11-10 00:00:00,60.0499992,59.1199989,60.2999992,59.1199989,627400.0,56.8761139
2015-11-11 00:00:00,59.7799988,60.2400017,60.3699989,59.7400017,559600.0,56.6203766
2015-11-12 00:00:00,58.7400017,59.2299995,59.5499992,58.7400017,498800.0,55.6353493
2015-11-13 00:00:00,58.5499992,58.6100006,58.8400002,58.3899994,528100.0,55.4553871
2015-11-16 00:00:00,59.5200005,58.4500008,59.5299988,58.4000015,481800.0,56.3741264
2015-11-17 00:00:00,59.6500015,59.5800018,60.2000008,59.1500015,765200.0,56.4972534
2015-11-18 00:00:00,59.9799995,59.7200012,60.1399994,59.4300003,721200.0,56.8098183
2015-11-19 00:00:00,60.2200012,60.0,60.3899994,59.7599983,398800.0,57.0371246
2015-11-20 00:00:00,60.5299988,60.4099998,60.7599983,60.1599998,497800.0,57.3307419
2015-11-23 00:00:00,60.4599991,60.5299988,60.8899994,60.3100014,410200.0,57.2644348
2015-11-24 00:00:00,60.8600006,60.0299988,60.9199982,59.9900017,699300.0,57.6432953
2015-11-25 00:00:00,60.7000008,60.8800011,60.8800011,60.5200005,349200.0,57.4917603
2015-11-27 00:00:00,60.9500008,60.8199997,60.9900017,60.6100006,165500.0,57.7285347
2015-11-30 00:00:00,60.6199989,60.9700012,61.0200005,60.4799995,850800.0,57.4159813
2015-12-01 00:00:00,61.1899986,60.9799995,61.2799988,60.8800011,809300.0,57.9558411
2015-12-02 00:00:00,60.7999992,61.2799988,61.4199982,60.7099991,466100.0,57.5864677
2015-12-03 00:00:00,59.9700012,60.9700012,60.9700012,59.7099991,592000.0,56.8003387
2015-12-04 00:00:00,60.9799995,60.1100006,61.0499992,59.9700012,495100.0,57.7569656
2015-12-07 00:00:00,60.7200012,60.8600006,61.0800018,60.2999992,464900.0,57.5107002
2015-12-08 00:00:00,60.1800003,60.1399994,60.4799995,59.9799995,370600.0,56.9992409
2015-12-09 00:00:00,59.5299988,59.9500008,60.6100006,59.3400002,852000.0,56.3835983
2015-12-10 00:00:00,59.5800018,59.5299988,60.0200005,59.3600006,544300.0,56.430954
2015-12-11 00:00:00,58.4799995,58.5699997,59.2599983,58.1800003,516700.0,55.3890915
2015-12-14 00:00:00,57.2799988,58.6500015,59.0,57.0,1243300.0,54.2525177
2015-12-15 00:00:00,57.8600006,57.8400002,58.2799988,57.1500015,1079700.0,54.8018646
2015-12-16 00:00:00,58.2700005,58.3100014,58.4500008,57.6399994,873100.0,55.1901855
2015-12-17 00:00:00,56.9900017,58.5099983,58.7099991,56.6199989,1121300.0,53.9778442
2015-12-18 00:00:00,55.3600006,56.6300011,56.6599998,55.3499985,1379300.0,52.4339905
2015-12-21 00:00:00,55.7599983,55.7599983,56.0600014,55.3300018,660000.0,52.8128624
2015-12-22 00:00:00,56.6300011,56.0800018,56.6800003,55.5999985,741500.0,53.6368637
2015-12-23 00:00:00,57.2400017,56.9099998,57.2400017,56.6399994,608100.0,54.2146339
2015-12-24 00:00:00,57.2700005,57.2299995,57.5099983,57.0900002,210200.0,54.2430305
2015-12-28 00:00:00,57.2900009,56.9399986,57.3100014,56.7200012,337100.0,54.262001
2015-12-29 00:00:00,57.8400002,57.7599983,57.9599991,57.4599991,345200.0,54.7829323
2015-12-30 00:00:00,57.5900002,57.7900009,57.8899994,57.4900017,338400.0,54.5461349
2015-12-31 00:00:00,57.1599998,57.5,57.7999992,57.0699997,567000.0,54.1388626
2016-01-04 00:00:00,56.3199997,56.0200005,56.3499985,55.2400017,977600.0,53.4695396
2016-01-05 00:00:00,57.0099983,56.2599983,57.1899986,56.1699982,1048900.0,54.1246071
2016-01-06 00:00:00,55.9099998,56.1899986,56.3699989,55.6399994,826000.0,53.0802879
2016-01-07 00:00:00,54.9700012,54.8300018,55.5299988,54.6199989,1212300.0,52.18787
2016-01-08 00:00:00,54.4199982,55.3699989,55.5699997,54.3699989,863100.0,51.665699
2016-01-11 00:00:00,54.4399986,54.5200005,54.9599991,53.8800011,967500.0,51.6846809
2016-01-12 00:00:00,54.6300011,54.8499985,55.0299988,54.2200012,972900.0,51.865078
2016-01-13 00:00:00,53.5200005,55.0600014,55.6300011,53.0900002,1040000.0,50.8112564
2016-01-14 00:00:00,53.9099998,53.7000008,54.1599998,52.9900017,732300.0,51.1814995
2016-01-15 00:00:00,52.9500008,52.6199989,53.3499985,52.5099983,924600.0,50.2701073
2016-01-19 00:00:00,52.8699989,53.7000008,53.8100014,52.5099983,741600.0,50.1941605
2016-01-20 00:00:00,51.6599998,52.0,52.2000008,50.5600014,850500.0,49.0453949
2016-01-21 00:00:00,51.7999992,51.7099991,52.6100006,51.5200005,763800.0,49.1783066
2016-01-22 00:00:00,53.0999985,52.5600014,53.2900009,52.3699989,772200.0,50.4125099
2016-01-25 00:00:00,52.2200012,52.9300003,53.1500015,52.1800003,587400.0,49.5770493
2016-01-26 00:00:00,52.9000015,52.4799995,53.2799988,52.1599998,573600.0,50.2226372
2016-01-27 00:00:00,52.5099983,52.6399994,53.6100006,52.2799988,651700.0,49.852375
2016-01-28 00:00:00,53.0099983,52.9099998,53.1599998,52.4700012,670900.0,50.3270607
2016-01-29 00:00:00,54.3400002,53.2900009,54.3600006,52.8600006,856600.0,51.5897598
2016-02-01 00:00:00,54.3300018,53.9199982,54.6199989,53.5200005,791000.0,51.5802536
2016-02-02 00:00:00,52.7599983,53.1699982,53.7000008,52.5400009,1102300.0,50.0897026
2016-02-03 00:00:00,52.2400017,53.2000008,53.2700005,51.7700005,1386100.0,49.5960426
2016-02-04 00:00:00,52.3800011,52.5,54.1199989,51.9599991,1911900.0,49.7289543
2016-02-05 00:00:00,52.8199997,52.4599991,53.0600014,52.2000008,1168100.0,50.1466789
2016-02-08 00:00:00,51.2400017,52.0400009,52.0600014,50.3300018,1224400.0,48.6466522
2016-02-09 00:00:00,51.1100006,50.6899986,51.5099983,50.3899994,869200.0,48.5232277
2016-02-10 00:00:00,51.0499992,51.4099998,51.8100014,50.8600006,870100.0,48.4662666
2016-02-11 00:00:00,48.5800018,49.5699997,50.0600014,48.4700012,1741400.0,46.1212692
2016-02-12 00:00:00,50.1199989,49.3100014,50.1699982,49.2299995,786300.0,47.5833282
2016-02-16 00:00:00,51.0900002,50.75,51.2400017,50.2200012,840700.0,48.5042496
2016-02-17 00:00:00,52.2799988,51.7000008,52.4399986,51.7000008,556300.0,49.6339989
2016-02-18 00:00:00,52.0699997,52.2999992,52.3899994,51.9199982,461200.0,49.4346313
2016-02-19 00:00:00,51.8800011,51.7000008,52.2299995,51.3600006,856300.0,49.2542572
2016-02-22 00:00:00,52.4900017,51.8800011,52.6199989,51.8800011,415100.0,49.8333778
2016-02-23 00:00:00,51.8199997,52.3899994,52.3899994,51.5299988,483500.0,49.1973
2016-02-24 00:00:00,50.6399994,49.3400002,50.8699989,48.7000008,1265000.0,48.0770187
2016-02-25 00:00:00,51.4099998,50.7700005,51.4500008,50.7700005,654600.0,48.8080406
2016-02-26 00:00:00,52.1699982,51.9099998,52.5800018,51.7099991,569300.0,49.5295868
2016-02-29 00:00:00,51.2200012,52.0499992,52.4900017,51.2099991,720100.0,48.6276665
2016-03-01 00:00:00,52.9700012,51.6199989,53.0099983,51.6199989,719600.0,50.289093
2016-03-02 00:00:00,53.4399986,53.0999985,53.4700012,52.8300018,747000.0,50.735302
2016-03-03 00:00:00,53.2900009,53.3600006,53.6500015,53.1300011,822800.0,50.5928879
2016-03-04 00:00:00,53.4399986,53.7400017,54.0499992,53.0499992,656400.0,50.735302
2016-03-07 00:00:00,53.6899986,52.9900017,53.7099991,52.9399986,501400.0,50.9726448
2016-03-08 00:00:00,52.6100006,53.0999985,53.2900009,52.3400002,608600.0,49.9473114
2016-03-09 00:00:00,52.8699989,53.0,53.4799995,52.5099983,530500.0,50.1941605
2016-03-10 00:00:00,52.9199982,53.0900002,53.4700012,52.1899986,556500.0,50.2416267
2016-03-11 00:00:00,54.8199997,53.6199989,54.9199982,53.4500008,649000.0,52.0454521
2016-03-14 00:00:00,54.7000008,54.6399994,54.9399986,53.2700005,476100.0,51.9315338
2016-03-15 00:00:00,54.5800018,54.2900009,54.6399994,53.9000015,410700.0,51.8176003
2016-03-16 00:00:00,55.0,54.4599991,55.1800003,54.4599991,482800.0,52.2163429
2016-03-17 00:00:00,55.75,54.9300003,56.0699997,54.7200012,782900.0,52.9283905
2016-03-18 00:00:00,55.7099991,56.0099983,56.1199989,55.4399986,2034200.0,52.890419
2016-03-21 00:00:00,55.4399986,55.5499992,56.4099998,55.2200012,758400.0,52.6340752
2016-03-22 00:00:00,55.1100006,54.9599991,55.4599991,54.6800003,531100.0,52.3207893
2016-03-23 00:00:00,54.7000008,55.1399994,55.1699982,54.6899986,391800.0,51.9315338
2016-03-24 00:00:00,54.1300011,54.2000008,54.4900017,53.6300011,582300.0,51.390377
2016-03-28 00:00:00,54.4199982,54.3199997,54.5999985,53.9900017,389700.0,51.665699
2016-03-29 00:00:00,54.25,54.25,54.2799988,53.6100006,579800.0,51.5043106
2016-03-30 00:00:00,54.7999992,54.4599991,55.3699989,54.4300003,461100.0,52.026474
2016-03-31 00:00:00,54.1599998,54.6599998,54.6899986,53.9599991,562500.0,51.5505562
2016-04-01 00:00:00,54.6899986,53.9900017,54.7799988,53.6899986,405300.0,52.0550308
2016-04-04 00:00:00,54.0600014,54.5900002,54.6699982,53.9399986,478800.0,51.4553719
2016-04-05 00:00:00,53.5999985,53.5299988,53.9500008,53.4099998,440100.0,51.01754
2016-04-06 00:00:00,53.9700012,53.5600014,54.1599998,53.3699989,519200.0,51.3697166
2016-04-07 00:00:00,52.8300018,53.5099983,53.6300011,52.4599991,619800.0,50.2846413
2016-04-08 00:00:00,53.3899994,53.3800011,53.8899994,53.1699982,629500.0,50.8176613
2016-04-11 00:00:00,53.5900002,53.7599983,54.0600014,53.3100014,438700.0,51.0080223
2016-04-12 00:00:00,54.7599983,53.7999992,54.7900009,53.4700012,589300.0,52.1216507
2016-04-13 00:00:00,55.4000015,55.2000008,55.5499992,54.9500008,390200.0,52.7308159
2016-04-14 00:00:00,55.4500008,55.4399986,55.8499985,55.2099991,362500.0,52.7784119
2016-04-15 00:00:00,55.5600014,55.4399986,55.7299995,55.2200012,677500.0,52.8831139
2016-04-18 00:00:00,55.7999992,55.2900009,55.8499985,54.9900017,293900.0,53.1115456
2016-04-19 00:00:00,56.3199997,56.0800018,56.4199982,55.9300003,381900.0,53.6064949
2016-04-20 00:00:00,57.0,56.5,57.1500015,56.3100014,478200.0,54.2537231
2016-04-21 00:00:00,56.2799988,56.8400002,57.0400009,56.1599998,514700.0,53.5684204
2016-04-22 00:00:00,57.1300011,56.4799995,57.3899994,56.3600006,562900.0,54.3774681
2016-04-25 00:00:00,57.0400009,56.8199997,57.0400009,56.5200005,600000.0,54.2918053
2016-04-26 00:00:00,57.1699982,57.1399994,57.3600006,56.9000015,589700.0,54.4155312
2016-04-27 00:00:00,58.3499985,58.0099983,58.8400002,57.5099983,702900.0,55.538681
2016-04-28 00:00:00,58.0200005,57.9700012,58.8899994,57.6699982,545500.0,55.2245789
2016-04-29 00:00:00,57.8899994,57.9300003,58.1699982,57.5800018,538500.0,55.100853
2016-05-02 00:00:00,57.9900017,58.1800003,58.3600006,57.75,733500.0,55.1960297
2016-05-03 00:00:00,57.5699997,57.2000008,57.6100006,56.8499985,489500.0,54.7962646
2016-05-04 00:00:00,57.8100014,57.0900002,57.8100014,56.8899994,704000.0,55.0247078
2016-05-05 00:00:00,57.9500008,57.7000008,58.2000008,57.4799995,633100.0,55.1579704
2016-05-06 00:00:00,58.1399994,57.5200005,58.2000008,57.1599998,725900.0,55.3387909
2016-05-09 00:00:00,58.2000008,57.9500008,58.3300018,57.7900009,660700.0,55.3959122
2016-05-10 00:00:00,58.7900009,58.4399986,59.0099983,58.4399986,695200.0,55.9574852
2016-05-11 00:00:00,58.5600014,58.6500015,59.0999985,58.5400009,443800.0,55.738575
2016-05-12 00:00:00,58.5499992,58.8199997,59.1500015,58.0200005,659400.0,55.7290535
2016-05-13 00:00:00,58.2999992,58.4099998,58.8300018,58.0200005,719500.0,55.4910927
2016-05-16 00:00:00,58.5099983,58.3100014,58.8800011,58.25,490900.0,55.6909752
2016-05-17 00:00:00,58.4399986,58.3800011,58.7599983,58.1399994,608000.0,55.6243477
2016-05-18 00:00:00,59.6699982,58.3899994,59.8300018,58.2999992,656100.0,56.7950859
2016-05-19 00:00:00,59.0800018,59.2799988,59.6500015,58.6500015,522500.0,56.2335091
2016-05-20 00:00:00,59.6199989,59.4399986,59.8199997,59.1500015,1123000.0,56.7474899
2016-05-23 00:00:00,59.4399986,59.4799995,59.6500015,59.1199989,493800.0,56.5761566
2016-05-24 00:00:00,60.5299988,59.8899994,60.8699989,59.7400017,849000.0,57.6136551
2016-05-25 00:00:00,60.4700012,60.6599998,61.0099983,60.4000015,632600.0,57.5565414
2016-05-26 00:00:00,60.4099998,60.4300003,60.4700012,60.0999985,451400.0,57.4994431
2016-05-27 00:00:00,60.9399986,60.4900017,60.9500008,60.2000008,372100.0,58.0038948
2016-05-31 00:00:00,61.6300011,61.2900009,61.7099991,60.9399986,1435600.0,58.6606598
2016-06-01 00:00:00,61.4300003,61.0299988,61.5200005,60.4599991,1289800.0,58.4703064
2016-06-02 00:00:00,61.5099983,61.2400017,61.5099983,61.0400009,691300.0,58.5464363
2016-06-03 00:00:00,60.4500008,60.7900009,60.9300003,60.1199989,671800.0,57.5375099
2016-06-06 00:00:00,60.8800011,60.6599998,60.9900017,60.4300003,489800.0,57.9467888
2016-06-07 00:00:00,60.9399986,60.9199982,61.1500015,60.6899986,367800.0,58.0038948
2016-06-08 00:00:00,61.1500015,61.0,61.2099991,60.5800018,436500.0,58.2037888
2016-06-09 00:00:00,60.6399994,60.8100014,60.9500008,60.3899994,412400.0,57.7183571
2016-06-10 00:00:00,60.1800003,60.1599998,60.3499985,59.8899994,653300.0,57.2805252
2016-06-13 00:00:00,59.8899994,59.8499985,60.7400017,59.75,769300.0,57.0044823
2016-06-14 00:00:00,59.8300018,59.7299995,60.3400002,59.6399994,571300.0,56.9473839
2016-06-15 00:00:00,59.3300018,59.8400002,59.9599991,59.2599983,739900.0,56.4714813
2016-06-16 00:00:00,59.9500008,58.9700012,60.0400009,58.7000008,605800.0,57.0615921
2016-06-17 00:00:00,60.0900002,60.0800018,60.2799988,59.7099991,879300.0,57.1948509
2016-06-20 00:00:00,60.7200012,60.8600006,61.3899994,60.6800003,590600.0,57.7944908
2016-06-21 00:00:00,60.9300003,60.8699989,61.1599998,60.6300011,361400.0,57.994381
2016-06-22 00:00:00,61.0900002,61.0299988,61.4799995,61.0299988,379900.0,58.1466713
2016-06-23 00:00:00,62.3899994,61.9799995,62.3899994,61.7099991,384100.0,59.3840408
2016-06-24 00:00:00,59.6100006,59.3199997,60.7099991,59.2799988,1256000.0,56.7379723
2016-06-27 00:00:00,57.6800003,58.7000008,58.7000008,57.4900017,679700.0,54.9009781
2016-06-28 00:00:00,58.6399994,58.4500008,58.9700012,57.9599991,565400.0,55.8147202
2016-06-29 00:00:00,60.2299995,59.2799988,60.2900009,58.7000008,568400.0,57.4652977
2016-06-30 00:00:00,61.8199997,60.3800011,61.8499985,60.0999985,785500.0,58.9823151
2016-07-01 00:00:00,61.7099991,61.6199989,62.0900002,61.5600014,522400.0,58.8773727
2016-07-05 00:00:00,60.3800011,60.9900017,60.9900017,60.2099991,793500.0,57.6084213
2016-07-06 00:00:00,60.5600014,60.0699997,60.6699982,59.25,664300.0,57.780159
2016-07-07 00:00:00,60.5400009,60.5699997,61.1800003,60.0400009,846100.0,57.7610779
2016-07-08 00:00:00,61.3199997,61.2200012,61.3899994,60.8499985,715200.0,58.5052643
2016-07-11 00:00:00,61.4599991,61.6699982,62.0499992,61.4399986,312200.0,58.6388435
2016-07-12 00:00:00,62.0600014,62.0800018,62.3499985,61.5400009,1210400.0,59.2112999
2016-07-13 00:00:00,61.75,61.8800011,62.1100006,61.6199989,541100.0,58.915535
2016-07-14 00:00:00,62.2400017,62.7999992,63.0999985,62.1399994,581000.0,59.3830376
2016-07-15 00:00:00,62.5499992,62.8300018,62.8800011,62.3699989,495600.0,59.6788101
2016-07-18 00:00:00,62.4500008,62.4000015,62.7299995,62.3899994,329600.0,59.5834084
2016-07-19 00:00:00,62.4000015,62.1500015,62.4900017,61.9300003,281700.0,59.5356979
2016-07-20 00:00:00,62.3400002,62.5299988,62.5900002,62.25,331400.0,59.4784431
2016-07-21 00:00:00,61.9799995,62.3400002,62.3400002,61.9199982,351800.0,59.1349831
2016-07-22 00:00:00,62.25,62.2000008,62.2599983,61.8600006,491200.0,59.3925667
2016-07-25 00:00:00,61.8400002,62.2000008,62.2299995,61.7200012,514000.0,59.0014076
2016-07-26 00:00:00,61.6399994,61.9199982,62.1500015,61.4099998,580700.0,58.8105812
2016-07-27 00:00:00,61.4000015,61.6300011,61.7900009,61.1599998,689600.0,58.5816078
2016-07-28 00:00:00,61.9900017,61.7799988,62.4900017,61.7799988,676000.0,59.1445198
2016-07-29 00:00:00,61.8699989,61.7999992,62.3800011,61.7299995,993400.0,59.0300179
2016-08-01 00:00:00,61.2900009,62.0,62.2099991,61.0699997,866500.0,58.4766502
2016-08-02 00:00:00,60.9500008,61.1899986,61.2400017,60.4900017,647000.0,58.1522446
2016-08-03 00:00:00,61.5499992,61.0699997,61.7200012,60.9700012,553500.0,58.7247124
2016-08-04 00:00:00,61.2400017,61.4300003,61.4599991,61.1399994,426800.0,58.4289513
2016-08-05 00:00:00,62.1100006,61.9399986,62.2599983,61.7200012,724300.0,59.2590027
2016-08-08 00:00:00,61.9399986,62.0499992,62.1899986,61.7799988,528600.0,59.0968094
2016-08-09 00:00:00,62.1100006,62.0499992,62.2700005,61.8699989,366900.0,59.2590027
2016-08-10 00:00:00,62.0299988,62.1399994,62.3100014,61.8699989,375300.0,59.1826782
2016-08-11 00:00:00,61.9500008,62.1500015,62.3600006,61.9399986,545000.0,59.1063538
2016-08-12 00:00:00,61.0999985,61.4900017,61.5099983,60.9199982,643400.0,58.2953682
2016-08-15 00:00:00,62.2099991,61.3899994,62.3699989,61.3899994,658900.0,59.3544159
2016-08-16 00:00:00,62.0299988,61.9700012,62.25,61.8300018,411500.0,59.1826782
2016-08-17 00:00:00,62.4000015,62.1500015,62.4000015,61.9199982,462600.0,59.5356979
2016-08-18 00:00:00,62.5299988,62.3699989,62.5499992,62.2299995,357700.0,59.6597328
2016-08-19 00:00:00,62.9000015,62.3199997,62.9599991,61.9599991,528300.0,60.0127449
2016-08-22 00:00:00,62.7200012,62.8699989,62.8699989,62.4099998,270500.0,59.8410072
2016-08-23 00:00:00,62.9700012,62.8800011,63.1100006,62.8199997,282500.0,60.079525
2016-08-24 00:00:00,63.4000015,62.9099998,63.5699997,62.9099998,437400.0,60.4897995
2016-08-25 00:00:00,63.7999992,63.3300018,63.8100014,63.2299995,327700.0,60.8714333
2016-08-26 00:00:00,63.4399986,63.8899994,64.0100021,63.0,659800.0,60.5279541
2016-08-29 00:00:00,64.0100021,63.6399994,64.2600021,63.5800018,436700.0,61.0717964
2016-08-30 00:00:00,64.5500031,64.1600037,64.5500031,64.0500031,376600.0,61.5870056
2016-08-31 00:00:00,64.6800003,64.5899963,64.7399979,64.0800018,464400.0,61.7110367
2016-09-01 00:00:00,64.6399994,64.8399963,64.9599991,64.0699997,483000.0,61.6728706
2016-09-02 00:00:00,65.0800018,64.8899994,65.0999985,64.6699982,403200.0,62.0926666
2016-09-06 00:00:00,65.0500031,65.0400009,65.1999969,64.8199997,367300.0,62.064064
2016-09-07 00:00:00,64.8399963,64.8899994,65.0999985,64.5699997,451600.0,61.8636818
2016-09-08 00:00:00,64.8499985,64.9599991,65.0899963,64.75,334200.0,61.8732338
2016-09-09 00:00:00,64.3700027,64.3300018,65.1999969,64.3000031,643800.0,61.4152794
2016-09-12 00:00:00,64.7099991,63.9500008,64.8700027,63.8100014,769200.0,61.7396622
2016-09-13 00:00:00,64.4199982,64.1399994,64.8899994,63.9700012,579400.0,61.4629707
2016-09-14 00:00:00,64.4400024,64.5100021,64.8300018,64.25,393000.0,61.4820633
2016-09-15 00:00:00,64.75,64.4000015,64.9899979,64.3499985,452900.0,61.7778282
2016-09-16 00:00:00,63.8400002,64.4300003,64.4300003,63.7200012,884400.0,60.9095917
2016-09-19 00:00:00,64.0699997,64.0800018,64.5500031,63.9399986,490700.0,61.1290321
2016-09-20 00:00:00,64.3700027,64.4199982,64.5199966,63.9799995,429100.0,61.4152794
2016-09-21 00:00:00,65.2099991,64.7600021,65.2799988,64.5699997,316400.0,62.2167053
2016-09-22 00:00:00,64.8600006,65.5299988,65.5999985,64.7699966,425500.0,61.8827782
2016-09-23 00:00:00,63.8499985,63.9500008,64.8099976,63.8400002,523200.0,60.9191399
2016-09-26 00:00:00,63.2000008,63.5200005,63.6300011,63.0400009,417100.0,60.2989769
2016-09-27 00:00:00,63.4799995,63.0600014,63.5499992,62.9599991,477800.0,60.5661201
2016-09-28 00:00:00,63.9300003,63.5200005,63.9700012,63.1500015,381400.0,60.9954605
2016-09-29 00:00:00,63.2299995,63.8199997,64.0500031,62.9700012,374700.0,60.3275986
2016-09-30 00:00:00,63.8899994,63.5800018,64.1999969,63.3600006,585400.0,60.9573021
2016-10-03 00:00:00,63.7700005,63.6399994,64.0599976,63.5299988,477200.0,60.8428078
2016-10-04 00:00:00,63.9000015,63.8199997,64.3000031,63.7400017,416300.0,60.9668465
2016-10-05 00:00:00,64.7200012,64.0299988,64.8799973,63.9799995,632100.0,61.8847885
2016-10-06 00:00:00,64.3799973,64.9000015,64.9800034,64.3300018,591000.0,61.5596771
2016-10-07 00:00:00,64.3799973,64.4000015,64.5299988,63.9000015,369900.0,61.5596771
2016-10-10 00:00:00,64.8199997,64.8399963,65.0400009,64.5400009,386800.0,61.9804153
2016-10-11 00:00:00,64.2099991,64.5699997,65.0,63.9700012,474300.0,61.3971405
2016-10-12 00:00:00,64.3899994,64.3199997,64.5899963,64.1500015,576900.0,61.5692368
2016-10-13 00:00:00,63.6199989,63.8699989,63.8699989,63.2599983,395300.0,60.8329773
2016-10-14 00:00:00,63.7400017,64.0899963,64.3399963,63.6399994,651100.0,60.9477272
2016-10-17 00:00:00,63.7299995,63.8800011,64.1399994,63.6800003,438100.0,60.9381638
2016-10-18 00:00:00,64.3099976,64.4300003,64.5500031,64.0899963,448800.0,61.4927597
2016-10-19 00:00:00,64.4199982,64.5,64.8099976,64.4000015,343000.0,61.5979309
2016-10-20 00:00:00,63.8899994,64.1699982,64.3099976,63.75,233700.0,61.0911446
2016-10-21 00:00:00,63.4799995,63.4099998,63.6500015,63.1599998,266000.0,60.6991081
2016-10-24 00:00:00,63.6599998,63.8199997,63.9799995,63.5600014,281100.0,60.8712311
2016-10-25 00:00:00,63.1899986,63.6399994,63.7200012,63.0400009,456300.0,60.4218063
2016-10-26 00:00:00,63.1699982,63.7700005,64.0899963,63.1100006,369300.0,60.4026947
2016-10-27 00:00:00,63.3400002,63.9000015,63.9000015,63.0900002,643900.0,60.5652466
2016-10-28 00:00:00,63.3699989,63.5,63.9500008,62.9599991,493700.0,60.5939293
2016-10-31 00:00:00,63.4099998,63.7099991,64.1900024,63.3899994,907000.0,60.6321754
2016-11-01 00:00:00,63.3300018,63.7200012,63.7200012,62.8600006,536600.0,60.555687
2016-11-02 00:00:00,63.3100014,63.1599998,63.5699997,63.0900002,414400.0,60.5365601
2016-11-03 00:00:00,63.8100014,63.4300003,63.9700012,63.2900009,412400.0,61.0146523
2016-11-04 00:00:00,63.6500015,63.8400002,64.0500031,63.3699989,513200.0,60.8616676
2016-11-07 00:00:00,64.9000015,64.6800003,65.0500031,64.5599976,537800.0,62.0569191
2016-11-08 00:00:00,65.4300003,64.8099976,65.6999969,64.6100006,389700.0,62.5636864
2016-11-09 00:00:00,67.5400009,66.1100006,68.0500031,65.6600037,1013700.0,64.5812607
2016-11-10 00:00:00,69.5899963,70.2200012,70.2200012,68.3499985,887200.0,66.5414429
2016-11-11 00:00:00,70.0199966,69.4599991,70.1699982,69.0899963,606800.0,66.9526138
2016-11-14 00:00:00,70.8099976,70.6999969,71.4899979,70.4400024,596500.0,67.7080078
2016-11-15 00:00:00,69.9899979,70.5,70.6800003,69.6800003,779400.0,66.9239349
2016-11-16 00:00:00,69.1999969,69.6399994,70.0699997,69.1399994,553800.0,66.1685257
2016-11-17 00:00:00,70.1600037,69.1500015,70.3199997,69.1500015,488500.0,67.0864639
2016-11-18 00:00:00,70.0599976,69.4499969,70.4499969,69.3199997,842400.0,66.9908752
2016-11-21 00:00:00,70.3799973,70.3700027,70.4100037,69.6699982,370800.0,67.2968292
2016-11-22 00:00:00,70.6699982,70.5100021,70.75,70.1100006,448800.0,67.5741272
2016-11-23 00:00:00,70.9199982,70.8499985,71.0699997,70.5,599000.0,67.8131714
2016-11-25 00:00:00,71.0999985,70.9499969,71.0999985,70.6500015,144400.0,67.9852982
2016-11-28 00:00:00,69.5899963,70.7699966,70.9800034,69.5500031,865400.0,66.5414429
2016-11-29 00:00:00,69.6699982,69.8899994,70.1800003,69.5899963,659900.0,66.6179352
2016-11-30 00:00:00,70.0899963,70.2799988,70.5,69.9100037,767600.0,67.0195465
2016-12-01 00:00:00,71.3600006,70.5699997,71.4100037,70.4899979,532300.0,68.233902
2016-12-02 00:00:00,70.9800034,71.3099976,71.4499969,70.5899963,441900.0,67.8705444
2016-12-05 00:00:00,71.5299988,71.6200027,71.7399979,71.0500031,610600.0,68.3964615
2016-12-06 00:00:00,72.2900009,71.6900024,72.4000015,71.2300034,603500.0,69.1231613
2016-12-07 00:00:00,73.2900009,72.5599976,73.3499985,72.1399994,682100.0,70.0793457
2016-12-08 00:00:00,74.0,73.4800034,74.3300018,73.3600006,502200.0,70.7582626
2016-12-09 00:00:00,73.6900024,73.8700027,73.9899979,73.2799988,524300.0,70.4618378
2016-12-12 00:00:00,73.0299988,73.4499969,73.8000031,72.7200012,574300.0,69.8307495
2016-12-13 00:00:00,73.4800034,73.1200027,73.5899963,72.6900024,384600.0,70.2610397
2016-12-14 00:00:00,73.4499969,73.2200012,74.2399979,73.0800018,687400.0,70.232338
2016-12-15 00:00:00,73.7399979,73.5400009,74.2699966,73.4599991,420100.0,70.5096512
2016-12-16 00:00:00,73.3499985,73.75,73.8199997,73.1200027,1076700.0,70.136734
2016-12-19 00:00:00,74.3399963,73.2799988,74.4100037,73.0100021,837400.0,71.0833664
2016-12-20 00:00:00,74.8000031,74.6600037,74.9000015,74.3499985,460800.0,71.5232239
2016-12-21 00:00:00,74.8300018,74.9300003,75.0699997,74.4300003,314700.0,71.5519028
2016-12-22 00:00:00,74.6200027,74.6999969,74.7600021,74.1900024,390700.0,71.3510971
2016-12-23 00:00:00,74.2699966,74.5800018,74.6500015,74.2300034,242300.0,71.0164108
2016-12-27 00:00:00,74.4899979,74.2699966,74.5599976,74.2099991,349200.0,71.2267838
2016-12-28 00:00:00,73.8799973,74.4899979,74.7799988,73.8199997,417700.0,70.6435089
2016-12-29 00:00:00,73.6299973,73.9100037,74.25,73.4100037,257600.0,70.4044647
2016-12-30 00:00:00,73.7600021,73.9499969,73.9499969,73.5100021,289600.0,70.5287628
2017-01-03 00:00:00,73.9199982,74.6299973,74.9800034,73.3700027,551600.0,70.6817627
2017-01-04 00:00:00,74.6500015,74.0299988,74.7600021,73.7900009,462700.0,71.5152435
2017-01-05 00:00:00,74.1900024,74.6299973,74.7399979,73.6800003,429900.0,71.0745468
2017-01-06 00:00:00,74.5899963,74.5699997,74.9000015,74.2900009,329600.0,71.457756
2017-01-09 00:00:00,73.9100037,73.8600006,74.3600006,73.8199997,526200.0,70.8063049
2017-01-10 00:00:00,74.0100021,73.7699966,74.4300003,73.5999985,529100.0,70.902092
2017-01-11 00:00:00,73.75,73.4300003,74.0199966,73.3399963,861100.0,70.6530075
2017-01-12 00:00:00,73.4000015,73.4199982,73.5999985,72.6600037,478100.0,70.3177185
2017-01-13 00:00:00,73.8799973,73.8000031,74.4300003,73.6800003,313700.0,70.777565
2017-01-17 00:00:00,73.0,73.5,73.5100021,72.75,380100.0,69.9345169
2017-01-18 00:00:00,73.8099976,73.4800034,73.9700012,72.8799973,423900.0,70.7105026
2017-01-19 00:00:00,73.6200027,73.9000015,73.9000015,73.0199966,356800.0,70.5284882
2017-01-20 00:00:00,73.9899979,73.7399979,74.2699966,73.5,370000.0,70.8829269
2017-01-23 00:00:00,73.5899963,73.8600006,74.0599976,73.1500015,311700.0,70.4997406
2017-01-24 00:00:00,74.2600021,73.9700012,74.5800018,73.9100037,359500.0,71.1416016
2017-01-25 00:00:00,74.6900024,74.7099991,74.9599991,74.5,441200.0,71.5535431
2017-01-26 00:00:00,74.8600006,74.5100021,75.2399979,74.5100021,388700.0,71.716423
2017-01-27 00:00:00,74.5500031,74.8700027,75.0,74.25,269400.0,71.4194183
2017-01-30 00:00:00,74.0500031,74.1500015,74.1500015,73.5599976,259000.0,70.9404373
2017-01-31 00:00:00,73.5400009,74.0199966,74.4100037,72.9700012,500600.0,70.451828
2017-02-01 00:00:00,73.5400009,74.0899963,74.5400009,73.4599991,398300.0,70.451828
2017-02-02 00:00:00,73.6600037,72.5899963,74.5299988,72.5899963,443300.0,70.566803
2017-02-03 00:00:00,74.25,74.4899979,74.8899994,74.0500031,493300.0,71.1320267
2017-02-06 00:00:00,74.3899994,73.9499969,74.5199966,73.7699966,408000.0,71.2661285
2017-02-07 00:00:00,74.1800003,74.4599991,74.7099991,74.0699997,333000.0,71.0649567
2017-02-08 00:00:00,73.8300018,73.9000015,74.2900009,73.5299988,668900.0,70.7296677
2017-02-09 00:00:00,74.4499969,74.0899963,74.7200012,73.7900009,565000.0,71.323616
2017-02-10 00:00:00,74.9199982,74.8199997,75.2200012,74.5599976,437900.0,71.7738953
2017-02-13 00:00:00,75.8600006,75.2799988,76.1100006,75.2099991,381800.0,72.6744385
2017-02-14 00:00:00,76.1699982,75.6200027,76.25,75.5599976,336400.0,72.9713898
2017-02-15 00:00:00,76.9899979,76.3799973,77.0500031,76.1200027,328900.0,73.7569733
2017-02-16 00:00:00,77.4199982,76.7799988,77.4300003,76.4599991,411400.0,74.1689148
2017-02-17 00:00:00,77.1200027,77.0800018,77.3300018,76.5100021,452500.0,73.8815155
2017-02-21 00:00:00,77.2600021,77.1100006,77.4000015,76.9700012,409000.0,74.0156326
2017-02-22 00:00:00,77.5100021,76.8700027,77.7200012,76.7200012,387800.0,74.2551193
2017-02-23 00:00:00,77.5599976,77.5999985,77.8600006,77.0999985,273900.0,74.3030243
2017-02-24 00:00:00,77.5500031,76.9800034,77.6399994,76.8700027,447700.0,74.2934341
2017-02-27 00:00:00,77.4700012,76.8399963,77.7799988,76.8399963,341900.0,74.2168198
2017-02-28 00:00:00,77.5299988,77.1299973,77.6200027,76.9199982,558400.0,74.2742844
2017-03-01 00:00:00,78.6999969,78.4800034,79.0500031,78.3199997,752800.0,75.3951569
2017-03-02 00:00:00,77.8799973,78.8600006,78.8600006,77.8399963,454700.0,74.609581
2017-03-03 00:00:00,78.1900024,77.9800034,78.3000031,77.6699982,503900.0,74.9065781
2017-03-06 00:00:00,77.9199982,77.6699982,78.2200012,77.6699982,319300.0,74.6479111
2017-03-07 00:00:00,78.0299988,77.8700027,78.2799988,77.5400009,367300.0,74.7532959
2017-03-08 00:00:00,77.5899963,78.8399963,79.5299988,77.4800034,464400.0,74.3317719
2017-03-09 00:00:00,78.2099991,77.9499969,78.3700027,77.7900009,499700.0,74.9257278
2017-03-10 00:00:00,78.3399963,78.3199997,78.5199966,77.8099976,365300.0,75.0502777
2017-03-13 00:00:00,78.3799973,78.2900009,78.5899963,78.0500031,350900.0,75.0886002
2017-03-14 00:00:00,78.4100037,78.0899963,78.5100021,77.9400024,378700.0,75.1173248
2017-03-15 00:00:00,78.6299973,78.4599991,78.75,78.2200012,376000.0,75.3280945
2017-03-16 00:00:00,78.7099991,78.8399963,79.0500031,78.5,384100.0,75.404747
2017-03-17 00:00:00,78.6299973,78.7699966,78.9700012,78.0899963,766900.0,75.3280945
2017-03-20 00:00:00,78.4199982,78.5199966,78.8899994,78.0599976,444800.0,75.1269302
2017-03-21 00:00:00,76.5699997,78.7699966,78.8199997,76.4700012,636400.0,73.3546066
2017-03-22 00:00:00,76.4800034,76.3199997,76.6699982,75.7300034,670200.0,73.2683945
2017-03-23 00:00:00,76.5599976,76.3300018,77.1399994,76.0899963,593200.0,73.3450241
2017-03-24 00:00:00,76.5899963,76.6999969,77.2900009,76.2799988,358600.0,73.373764
2017-03-27 00:00:00,76.3399963,75.4700012,76.4300003,75.3499985,365700.0,73.1342468
2017-03-28 00:00:00,76.9199982,76.2300034,77.3499985,76.2099991,469200.0,73.6899033
2017-03-29 00:00:00,76.2399979,76.6399994,76.6999969,75.9599991,573300.0,73.0384598
2017-03-30 00:00:00,77.1699982,76.0299988,77.2600021,76.0299988,431300.0,74.0751572
2017-03-31 00:00:00,77.0400009,77.0299988,77.4199982,76.8600006,550500.0,73.9503708
2017-04-03 00:00:00,76.6600037,77.1500015,77.3700027,75.8399963,454500.0,73.5856247
2017-04-04 00:00:00,76.8199997,76.6399994,76.8899994,76.3499985,355600.0,73.7391891
2017-04-05 00:00:00,76.0299988,77.2900009,77.3600006,75.9499969,339500.0,72.9808731
2017-04-06 00:00:00,76.2600021,75.9599991,76.5100021,75.4700012,447700.0,73.2016449
2017-04-07 00:00:00,76.1600037,75.8399963,76.5100021,75.5,382000.0,73.1056519
2017-04-10 00:00:00,76.0899963,76.0599976,76.4199982,75.7300034,367700.0,73.0384674
2017-04-11 00:00:00,76.2300034,75.7600021,76.2399979,75.4199982,492700.0,73.1728516
2017-04-12 00:00:00,75.3899994,76.2300034,76.2300034,75.0599976,328100.0,72.3665237
2017-04-13 00:00:00,74.4800034,75.1699982,75.6299973,74.4800034,474300.0,71.4930267
2017-04-17 00:00:00,75.5500031,74.7699966,75.6399994,74.5599976,535500.0,72.5201263
2017-04-18 00:00:00,75.0,75.1500015,75.5,74.6399994,351400.0,71.9921722
2017-04-19 00:00:00,74.7600021,75.5100021,75.5199966,74.5,622100.0,71.761795
2017-04-20 00:00:00,76.0,75.4100037,76.7399979,75.1100006,854000.0,72.9520798
2017-04-21 00:00:00,76.3300018,75.9599991,76.7099991,75.6500015,748400.0,73.2688293
2017-04-24 00:00:00,77.2799988,77.8600006,77.9800034,76.7900009,798700.0,74.1807404
2017-04-25 00:00:00,77.2699966,77.8099976,78.0,77.0199966,544100.0,74.1711349
2017-04-26 00:00:00,77.0699997,77.1299973,77.5500031,76.9700012,583400.0,73.9791641
2017-04-27 00:00:00,77.4300003,77.1900024,77.9300003,77.1100006,811900.0,74.324707
2017-04-28 00:00:00,76.7099991,77.3899994,77.6299973,76.6399994,412900.0,73.6335983
2017-05-01 00:00:00,76.9000015,77.0699997,77.1399994,76.5800018,382000.0,73.8159943
2017-05-02 00:00:00,76.7600021,76.8000031,77.1900024,76.6900024,375300.0,73.6815796
2017-05-03 00:00:00,76.8799973,76.5800018,77.1399994,76.5,361900.0,73.7967682
2017-05-04 00:00:00,76.7099991,77.3000031,77.7600021,76.4599991,601800.0,73.6335983
2017-05-05 00:00:00,76.8300018,76.8399963,76.9100037,76.3799973,332400.0,73.7487793
2017-05-08 00:00:00,76.6200027,76.9000015,77.1299973,76.3799973,252200.0,73.5471954
2017-05-09 00:00:00,76.0400009,76.7300034,76.8499985,75.9800034,357300.0,72.9904556
2017-05-10 00:00:00,76.1200027,75.8099976,76.2900009,75.6299973,541200.0,73.0672607
2017-05-11 00:00:00,75.5800018,75.8899994,76.0100021,75.0199966,473400.0,72.5489197
2017-05-12 00:00:00,75.2399979,75.1600037,75.5699997,75.0500031,417000.0,72.2225571
2017-05-15 00:00:00,76.0199966,75.4199982,76.0800018,75.2099991,471400.0,72.9712677
2017-05-16 00:00:00,75.6399994,76.3199997,76.6399994,75.5,518500.0,72.6065063
2017-05-17 00:00:00,74.1100006,75.6399994,75.6399994,73.9899979,492200.0,71.1378708
2017-05-18 00:00:00,74.5699997,74.1100006,74.9899979,74.0699997,522800.0,71.579422
2017-05-19 00:00:00,74.3700027,74.7099991,75.0699997,74.1900024,813900.0,71.3874435
2017-05-22 00:00:00,74.75,74.75,74.9199982,74.3899994,382500.0,71.7522049
2017-05-23 00:00:00,75.0599976,74.7699966,75.3000031,74.3300018,262400.0,72.0497665
2017-05-24 00:00:00,74.7600021,75.1200027,75.1900024,74.3600006,345200.0,71.761795
2017-05-25 00:00:00,75.6500015,75.0999985,75.8300018,74.8700027,365600.0,72.6160965
2017-05-26 00:00:00,75.2300034,75.4400024,75.5999985,75.1800003,230600.0,72.2129288
2017-05-30 00:00:00,75.2699966,74.9800034,75.4300003,74.7900009,247700.0,72.2513428
2017-05-31 00:00:00,75.5,75.3700027,75.5400009,74.5999985,1007000.0,72.4721375
2017-06-01 00:00:00,76.5899963,75.7300034,76.6200027,75.2600021,443900.0,73.5184021
2017-06-02 00:00:00,76.4700012,76.3899994,76.8799973,76.0599976,374300.0,73.4032135
2017-06-05 00:00:00,75.8600006,76.3700027,76.8399963,75.8300018,361700.0,72.8176956
2017-06-06 00:00:00,74.8000031,75.4400024,75.5599976,74.7099991,562800.0,71.8002167
2017-06-07 00:00:00,74.7099991,74.8499985,75.1600037,74.5400009,467700.0,71.7138138
2017-06-08 00:00:00,75.2900009,74.7099991,75.7900009,74.6100006,620500.0,72.270546
2017-06-09 00:00:00,76.7600021,75.5800018,76.8399963,75.2099991,462300.0,73.6815796
2017-06-12 00:00:00,76.6299973,76.7300034,77.1200027,76.5699997,374700.0,73.5568161
2017-06-13 00:00:00,76.9599991,76.6999969,77.0899963,76.5199966,276000.0,73.8735657
2017-06-14 00:00:00,76.9400024,76.5400009,76.9599991,75.9899979,277300.0,73.8543701
2017-06-15 00:00:00,76.9899979,76.6600037,77.0899963,76.1800003,353100.0,73.9023438
2017-06-16 00:00:00,77.2399979,77.1100006,77.2900009,76.2300034,904700.0,74.142334
2017-06-19 00:00:00,77.7699966,77.6399994,77.8000031,77.2200012,473400.0,74.6510849
2017-06-20 00:00:00,77.2099991,77.4800034,77.7399979,77.1500015,528700.0,74.1135483
2017-06-21 00:00:00,76.1399994,77.2099991,77.2799988,76.0699997,408100.0,73.0864487
2017-06-22 00:00:00,75.6399994,75.9000015,76.0800018,75.2600021,438200.0,72.6065063
2017-06-23 00:00:00,75.6800003,75.8300018,75.9300003,75.3199997,827500.0,72.6448975
2017-06-26 00:00:00,75.9599991,75.8700027,76.3399963,75.3199997,602700.0,72.9136734
2017-06-27 00:00:00,75.6699982,76.1699982,76.3700027,75.6699982,479000.0,72.6352997
2017-06-28 00:00:00,76.8099976,76.0800018,76.9599991,76.0400009,852000.0,73.7295914
2017-06-29 00:00:00,76.3199997,77.9100037,77.9100037,75.8300018,518500.0,73.2592621
2017-06-30 00:00:00,76.5,76.5699997,76.8799973,76.0299988,666600.0,73.576622
2017-07-03 00:00:00,77.25,77.0599976,78.2399979,76.8499985,284500.0,74.2979813
2017-07-05 00:00:00,76.8000031,77.4899979,77.4899979,76.6699982,456800.0,73.8651657
2017-07-06 00:00:00,76.7300034,76.75,77.3399963,76.4300003,621900.0,73.7978363
2017-07-07 00:00:00,77.6399994,77.0400009,77.8600006,76.8799973,346400.0,74.6730576
2017-07-10 00:00:00,77.8600006,77.4300003,78.0599976,77.3300018,414900.0,74.8846588
2017-07-11 00:00:00,77.4499969,77.8600006,77.9800034,77.3199997,291500.0,74.4903183
2017-07-12 00:00:00,77.8000031,77.4400024,77.8899994,77.2699966,241000.0,74.8269424
2017-07-13 00:00:00,78.2300034,77.7699966,78.4000015,77.6699982,254600.0,75.2405014
2017-07-14 00:00:00,78.1500015,77.5899963,78.5299988,77.3600006,238700.0,75.1635742
2017-07-17 00:00:00,78.3700027,78.1399994,78.4499969,77.6699982,291700.0,75.375145
2017-07-18 00:00:00,78.0899963,77.9599991,78.4000015,77.9599991,551400.0,75.1058578
2017-07-19 00:00:00,78.2099991,78.1900024,78.4000015,77.9800034,329600.0,75.2212753
2017-07-20 00:00:00,78.2399979,78.3300018,78.7399979,78.1699982,213600.0,75.2501373
2017-07-21 00:00:00,78.3199997,78.1800003,78.5500031,78.0599976,333500.0,75.3270721
2017-07-24 00:00:00,78.4899979,78.3300018,78.6299973,78.25,216800.0,75.4905853
2017-07-25 00:00:00,78.7900009,79.3199997,79.3600006,78.7200012,405300.0,75.7791138
2017-07-26 00:00:00,77.9599991,78.8300018,78.8300018,77.9100037,248500.0,74.9808502
2017-07-27 00:00:00,78.8000031,79.3700027,79.3700027,77.9400024,540500.0,75.7887268
2017-07-28 00:00:00,78.8899994,78.9199982,79.1999969,78.1999969,498900.0,75.8752975
2017-07-31 00:00:00,78.9700012,79.1699982,79.3199997,78.8000031,373200.0,75.9522247
2017-08-01 00:00:00,79.1200027,79.3000031,79.3000031,78.2699966,527100.0,76.0965118
2017-08-02 00:00:00,78.9300003,78.9800034,79.3499985,78.6800003,440400.0,75.9137726
2017-08-03 00:00:00,78.8399963,78.8499985,79.0599976,78.6800003,336300.0,75.8272018
2017-08-04 00:00:00,79.0699997,79.0899963,79.3199997,78.9800034,213500.0,76.0484085
2017-08-07 00:00:00,78.9800034,79.0400009,79.1100006,78.8399963,288100.0,75.9618607
2017-08-08 00:00:00,79.2699966,78.9499969,79.9000015,78.9499969,394300.0,76.2407761
2017-08-09 00:00:00,79.2300034,78.8899994,79.2600021,78.3899994,541200.0,76.2022934
2017-08-10 00:00:00,78.4499969,78.6500015,79.0400009,78.4000015,613800.0,75.4521103
2017-08-11 00:00:00,78.1600037,78.5400009,78.7099991,78.1399994,358700.0,75.1731949
2017-08-14 00:00:00,78.7699966,78.75,79.0299988,78.6600037,286700.0,75.7598877
2017-08-15 00:00:00,78.8600006,79.0699997,79.4700012,78.8199997,379000.0,75.8464279
2017-08-16 00:00:00,78.75,79.2099991,79.4899979,78.6900024,351300.0,75.740654
2017-08-17 00:00:00,76.8499985,78.6200027,78.7099991,76.8000031,521000.0,73.9132385
2017-08-18 00:00:00,76.6100006,76.7300034,77.0800018,76.3300018,491000.0,73.6824188
2017-08-21 00:00:00,76.5199966,76.5999985,76.7799988,76.25,410200.0,73.5958481
2017-08-22 00:00:00,77.4300003,76.75,77.4800034,76.6999969,351400.0,74.4710922
2017-08-23 00:00:00,77.3000031,76.9199982,77.6699982,76.9199982,304500.0,74.3460541
2017-08-24 00:00:00,77.0999985,77.4899979,77.6200027,77.0699997,255100.0,74.1536865
2017-08-25 00:00:00,77.6999969,77.4499969,77.8399963,77.3000031,279500.0,74.7307663
2017-08-28 00:00:00,77.2099991,77.7099991,77.7099991,77.1100006,357300.0,74.259491
2017-08-29 00:00:00,76.8099976,76.5899963,76.9899979,76.5599976,320400.0,73.8747787
2017-08-30 00:00:00,76.9400024,76.7900009,77.2099991,76.7900009,236300.0,73.9998093
2017-08-31 00:00:00,76.9700012,77.1299973,77.1900024,76.7099991,517000.0,74.028656
2017-09-01 00:00:00,77.5199966,77.2799988,77.8399963,77.1900024,365000.0,74.5576324
2017-09-05 00:00:00,75.8700027,76.9899979,76.9899979,75.7799988,425800.0,72.9706879
2017-09-06 00:00:00,76.0500031,76.2200012,76.4199982,75.9300003,497500.0,73.143837
2017-09-07 00:00:00,74.6800003,76.0599976,76.0599976,74.4800034,404200.0,71.8261795
2017-09-08 00:00:00,76.0699997,74.5699997,76.3700027,74.5699997,458500.0,73.1630707
2017-09-11 00:00:00,76.8399963,76.7699966,77.1600037,76.1600037,403000.0,73.9036255
2017-09-12 00:00:00,77.7799988,77.0999985,77.7799988,76.9800034,257400.0,74.8077011
2017-09-13 00:00:00,77.1600037,77.4499969,77.4700012,76.9700012,370300.0,74.2114029
2017-09-14 00:00:00,76.9300003,77.0699997,77.3799973,76.6800003,345300.0,73.9901962
2017-09-15 00:00:00,77.2200012,76.8499985,77.3000031,76.6999969,658200.0,74.2691116
2017-09-18 00:00:00,77.5299988,77.3899994,77.6200027,77.0599976,333300.0,74.5672836
2017-09-19 00:00:00,77.8899994,77.5500031,78.0,77.4199982,385600.0,74.9135056
2017-09-20 00:00:00,78.6200027,78.0199966,78.9300003,77.6100006,389200.0,75.6156006
2017-09-21 00:00:00,78.6500015,78.5699997,78.9100037,78.3799973,329200.0,75.6444702
2017-09-22 00:00:00,78.6399994,78.4899979,78.7900009,78.3000031,275700.0,75.6348495
2017-09-25 00:00:00,78.9199982,78.5,78.9499969,78.1600037,611000.0,75.9041519
2017-09-26 00:00:00,78.8700027,78.9499969,79.1299973,78.5400009,420500.0,75.8560562
2017-09-27 00:00:00,79.8399963,79.5299988,80.0999985,79.3700027,432500.0,76.7889786
2017-09-28 00:00:00,79.7399979,79.75,79.8399963,79.4000015,305100.0,76.6928101
2017-09-29 00:00:00,80.0899963,79.6200027,80.3000031,79.6100006,490300.0,77.0294189
2017-10-02 00:00:00,80.3300018,80.1699982,80.5100021,79.7900009,380800.0,77.2602615
2017-10-03 00:00:00,80.4100037,80.2600021,80.4300003,79.9400024,244300.0,77.337204
2017-10-04 00:00:00,80.3199997,80.3099976,80.5999985,80.1500015,263400.0,77.2506409
2017-10-05 00:00:00,80.8099976,80.2200012,81.0100021,80.2200012,218000.0,77.8673401
2017-10-06 00:00:00,80.8099976,81.0100021,81.1699982,80.4000015,371900.0,77.8673401
2017-10-09 00:00:00,80.5299988,80.9700012,81.0800018,80.4300003,240700.0,77.5975342
2017-10-10 00:00:00,80.9300003,80.5299988,80.9700012,80.4800034,359600.0,77.9829788
2017-10-11 00:00:00,81.0999985,80.8199997,81.0999985,80.2799988,349900.0,78.1467896
2017-10-12 00:00:00,81.5299988,81.0999985,81.6200027,80.9100037,428600.0,78.5611115
2017-10-13 00:00:00,81.6100006,81.5699997,81.9199982,81.2799988,304200.0,78.6382217
2017-10-16 00:00:00,82.0500031,81.5899963,82.0800018,81.5899963,225200.0,79.0621796
2017-10-17 00:00:00,81.8899994,82.0999985,82.25,81.5899963,433700.0,78.90802
2017-10-18 00:00:00,82.1600037,82.1500015,82.4300003,82.0299988,306100.0,79.16819
2017-10-19 00:00:00,82.5299988,81.8600006,82.5500031,81.7799988,225800.0,79.5247116
2017-10-20 00:00:00,83.1200027,83.3799973,83.4800034,82.9199982,459800.0,80.0932236
2017-10-23 00:00:00,83.6999969,83.2799988,83.7399979,82.8899994,394000.0,80.6520996
2017-10-24 00:00:00,83.8799973,83.6900024,84.0699997,83.4400024,384600.0,80.8255463
2017-10-25 00:00:00,84.5800018,84.4800034,86.5,83.1100006,729500.0,81.5000458
2017-10-26 00:00:00,85.0800018,84.9599991,85.4899979,82.0500031,880500.0,81.981842
2017-10-27 00:00:00,84.9599991,84.9599991,85.3899994,84.3600006,442000.0,81.8662109
2017-10-30 00:00:00,84.5199966,84.5999985,85.1200027,84.4400024,399700.0,81.4422531
2017-10-31 00:00:00,84.1299973,84.8499985,84.9199982,84.0,390500.0,81.0664444
2017-11-01 00:00:00,84.7600021,84.5400009,85.0699997,84.2699966,376300.0,81.6735077
2017-11-02 00:00:00,85.5400009,84.75,85.7300034,84.6399994,424900.0,82.4250946
2017-11-03 00:00:00,85.4199982,85.2600021,85.8099976,85.1900024,558800.0,82.3094635
2017-11-06 00:00:00,85.6800003,85.2799988,85.75,84.8099976,468500.0,82.5599899
2017-11-07 00:00:00,85.1800003,85.5999985,86.2200012,84.9100037,431100.0,82.0782166
2017-11-08 00:00:00,85.2399979,85.0599976,85.5500031,84.8600006,521100.0,82.1360245
2017-11-09 00:00:00,84.5,84.8600006,85.2099991,84.1500015,474000.0,81.4229736
2017-11-10 00:00:00,84.2600021,84.6100006,84.6500015,83.6600037,527600.0,81.1917267
2017-11-13 00:00:00,84.6900024,84.1399994,84.7600021,83.9599991,441000.0,81.6060562
2017-11-14 00:00:00,85.1800003,84.4000015,85.3600006,84.2399979,558200.0,82.0782166
2017-11-15 00:00:00,85.3700027,84.7099991,85.8499985,84.5999985,663000.0,82.2612915
2017-11-16 00:00:00,85.0100021,85.5400009,85.8799973,84.9400024,493200.0,81.9144211
2017-11-17 00:00:00,85.4400024,84.6800003,85.7200012,84.5599976,517000.0,82.328743
2017-11-20 00:00:00,85.0800018,85.5,85.5400009,84.9199982,420200.0,81.981842
2017-11-21 00:00:00,85.2699966,85.3199997,85.5999985,85.2099991,469100.0,82.164917
2017-11-22 00:00:00,85.1699982,85.2900009,85.3700027,84.7600021,279700.0,82.068573
2017-11-24 00:00:00,85.1600037,85.3899994,85.5199966,85.0999985,173600.0,82.0589371
2017-11-27 00:00:00,85.7399979,85.2200012,86.0299988,85.1100006,364900.0,82.6178207
2017-11-28 00:00:00,87.5299988,86.0599976,87.6600037,86.0599976,724400.0,84.3426285
2017-11-29 00:00:00,89.0899963,87.8300018,89.5400009,87.8300018,456000.0,85.8458176
2017-11-30 00:00:00,88.8499985,89.4000015,90.3199997,88.75,947200.0,85.6145782
2017-12-01 00:00:00,88.5299988,89.0899963,89.0899963,86.6900024,623400.0,85.306221
2017-12-04 00:00:00,89.4000015,89.6200027,89.8799973,88.7900009,702600.0,86.1445465
2017-12-05 00:00:00,89.0,89.6600037,90.0699997,88.8199997,531300.0,85.7590866
2017-12-06 00:00:00,89.0299988,88.8799973,89.7300034,88.6999969,555900.0,85.7880096
2017-12-07 00:00:00,89.1699982,88.7699966,89.3700027,88.7699966,290500.0,85.9229202
2017-12-08 00:00:00,89.9499969,89.4800034,90.1399994,89.0800018,506300.0,86.6745071
2017-12-11 00:00:00,89.6299973,89.8600006,90.0899963,89.3799973,461500.0,86.3661652
2017-12-12 00:00:00,89.7699966,89.75,90.0100021,89.1999969,521400.0,86.5010605
2017-12-13 00:00:00,89.3099976,89.6699982,90.3499985,89.2699966,769800.0,86.0578156
2017-12-14 00:00:00,88.8600006,89.4100037,89.8300018,88.7699966,471700.0,85.6241989
2017-12-15 00:00:00,89.6100006,89.2799988,90.2799988,88.9000015,991500.0,86.3468933
2017-12-18 00:00:00,89.8700027,90.1299973,90.2699966,89.4899979,572100.0,86.597435
2017-12-19 00:00:00,90.1399994,90.3199997,90.8099976,89.9800034,717700.0,86.8575897
2017-12-20 00:00:00,90.4199982,90.6800003,90.8700027,90.1800003,644300.0,87.127388
2017-12-21 00:00:00,90.5100021,90.8799973,90.9800034,90.2099991,628800.0,87.2141342
2017-12-22 00:00:00,90.6900024,90.9899979,91.0,90.1200027,376500.0,87.387558
2017-12-26 00:00:00,90.6299973,90.7099991,90.9499969,90.3899994,169500.0,87.3297501
2017-12-27 00:00:00,90.6900024,90.5199966,90.9199982,90.3799973,247300.0,87.387558
2017-12-28 00:00:00,91.1600037,90.9700012,91.1900024,90.5599976,274600.0,87.8404617
2017-12-29 00:00:00,90.7099991,91.25,91.2900009,90.7099991,279600.0,87.4068527
2018-01-02 00:00:00,90.2099991,91.4199982,91.4199982,90.0800018,515400.0,86.9250641
2018-01-03 00:00:00,90.4700012,90.1999969,90.5599976,89.9899979,460200.0,87.1755753
2018-01-04 00:00:00,90.6999969,90.5800018,91.2900009,90.5800018,464800.0,87.5423355
2018-01-05 00:00:00,91.0599976,90.9300003,91.0899963,90.4800034,749600.0,87.889801
2018-01-08 00:00:00,91.3300018,91.1999969,91.4400024,90.7300034,426500.0,88.1504211
2018-01-09 00:00:00,92.0699997,91.7099991,92.7300034,91.7099991,508000.0,88.8646545
2018-01-10 00:00:00,92.7600021,92.2600021,93.1999969,92.0199966,367600.0,89.5306244
2018-01-11 00:00:00,92.8600006,93.1100006,93.3399963,92.6200027,622100.0,89.6271439
2018-01-12 00:00:00,92.25,93.1500015,93.1500015,91.6500015,727700.0,89.0383682
2018-01-16 00:00:00,91.4199982,92.3199997,92.6399994,91.0599976,727800.0,88.2372742
2018-01-17 00:00:00,92.0299988,91.8199997,92.5599976,91.5,594100.0,88.8260422
2018-01-18 00:00:00,91.6600037,92.3099976,92.6200027,91.5,558200.0,88.4689331
2018-01-19 00:00:00,92.1500015,91.9899979,92.4599991,91.5699997,545700.0,88.941864
2018-01-22 00:00:00,92.7799988,92.4300003,92.8000031,92.0199966,466600.0,89.5499344
2018-01-23 00:00:00,92.7699966,92.4800034,92.9599991,92.2300034,373400.0,89.5402832
2018-01-24 00:00:00,93.0699997,93.1399994,93.3199997,92.5299988,625400.0,89.8298416
2018-01-25 00:00:00,92.7099991,93.2600021,93.2600021,92.4700012,299000.0,89.4823685
2018-01-26 00:00:00,93.3199997,92.9000015,93.4499969,92.4499969,558700.0,90.0711288
2018-01-29 00:00:00,92.3399963,93.2200012,93.5999985,92.3300018,548500.0,89.1252441
2018-01-30 00:00:00,91.3300018,91.7699966,92.4599991,91.1800003,745500.0,88.1504211
2018-01-31 00:00:00,90.8499985,91.3000031,91.75,90.4599991,853800.0,87.6871262
2018-02-01 00:00:00,90.7399979,90.8600006,91.4000015,90.2699966,1095600.0,87.5809631
2018-02-02 00:00:00,88.2099991,90.4400024,90.6500015,88.1900024,796900.0,85.1390457
2018-02-05 00:00:00,83.9599991,87.4300003,87.9000015,83.5500031,1356500.0,81.0369949
2018-02-06 00:00:00,83.4199982,81.9899979,84.0899963,81.5999985,1357300.0,80.5157852
2018-02-07 00:00:00,83.2799988,83.0599976,84.4400024,82.7099991,976500.0,80.3806763
2018-02-08 00:00:00,80.5199966,83.2799988,84.0199966,80.4300003,1109800.0,77.7167511
2018-02-09 00:00:00,82.6399994,81.5500031,83.1200027,81.0400009,1226800.0,79.7629623
2018-02-12 00:00:00,83.5299988,83.2600021,84.3099976,82.3199997,974400.0,80.6219711
2018-02-13 00:00:00,84.0400009,82.8399963,84.3300018,82.7099991,680400.0,81.1142044
2018-02-14 00:00:00,86.3000031,83.7099991,86.3600006,83.6299973,771700.0,83.2955246
2018-02-15 00:00:00,86.1200027,86.9100037,86.9499969,85.6399994,525600.0,83.1217957
2018-02-16 00:00:00,86.6500015,85.8000031,87.0100021,85.7600021,698200.0,83.6333542
2018-02-20 00:00:00,86.3799973,86.5800018,87.1600037,86.0500031,606300.0,83.3727417
2018-02-21 00:00:00,86.1699982,86.1999969,87.5500031,86.0599976,572900.0,83.1700516
2018-02-22 00:00:00,85.6399994,86.5,86.9300003,85.5800018,722100.0,82.6585159
2018-02-23 00:00:00,86.5100021,85.8600006,86.5500031,85.6800003,350300.0,83.49823
2018-02-26 00:00:00,87.5999985,86.7900009,87.6200027,86.3499985,433400.0,84.5502777
2018-02-27 00:00:00,86.9899979,87.5,88.1600037,86.9899979,510700.0,83.9614944
2018-02-28 00:00:00,85.3700027,87.4100037,87.5999985,85.3399963,507600.0,82.3979187
2018-03-01 00:00:00,83.1699982,85.4499969,85.6100006,82.7399979,815900.0,80.274498
2018-03-02 00:00:00,82.9599991,82.3499985,83.1800003,81.5599976,832700.0,80.0718079
2018-03-05 00:00:00,84.1100006,82.3899994,84.6100006,82.1500015,794100.0,81.181778
2018-03-06 00:00:00,84.7200012,84.2200012,84.8499985,83.6299973,784400.0,81.7705383
2018-03-07 00:00:00,84.8399963,83.9100037,85.0800018,83.7799988,504200.0,81.8863602
2018-03-08 00:00:00,85.6200027,85.1299973,85.6600037,84.0500031,651200.0,82.6392136
2018-03-09 00:00:00,87.3399963,86.0599976,87.4000015,85.9000015,572800.0,84.2993164
2018-03-12 00:00:00,87.0199966,87.1500015,87.7399979,86.7099991,630200.0,83.9904709
2018-03-13 00:00:00,86.3799973,87.5299988,87.5299988,86.0699997,625500.0,83.3727417
2018-03-14 00:00:00,85.2399979,86.8399963,86.8399963,85.0599976,490500.0,82.2724457
2018-03-15 00:00:00,85.5400009,85.4199982,85.7799988,85.1399994,575200.0,82.5619888
2018-03-16 00:00:00,85.5899963,85.4700012,85.9800034,85.1999969,1345600.0,82.61026
2018-03-19 00:00:00,85.4400024,85.6600037,85.6600037,84.5500031,726000.0,82.4654617
2018-03-20 00:00:00,86.0299988,85.8499985,86.3199997,85.5599976,475700.0,83.034935
2018-03-21 00:00:00,86.0599976,86.1699982,86.9199982,85.9199982,649700.0,83.0638962
2018-03-22 00:00:00,83.8300018,85.0500031,85.6500015,83.7200012,554500.0,80.9115295
2018-03-23 00:00:00,80.9100037,84.1100006,84.1100006,80.7799988,560000.0,78.0931931
2018-03-26 00:00:00,84.1200027,82.3700027,84.2900009,82.1100006,813100.0,81.1914291
2018-03-27 00:00:00,83.1699982,84.6600037,84.6600037,82.7600021,676400.0,80.274498
2018-03-28 00:00:00,83.6999969,83.4100037,84.1200027,82.6699982,653100.0,80.7860413
2018-03-29 00:00:00,84.1699982,84.1600037,84.8799973,83.8300018,628000.0,81.2396851
2018-04-02 00:00:00,82.1999969,84.1999969,84.2600021,81.1900024,600600.0,79.4893723
2018-04-03 00:00:00,83.5800018,82.8300018,83.7699966,82.2600021,708300.0,80.8238678
2018-04-04 00:00:00,84.5899963,82.3899994,84.8199997,82.3899994,1224200.0,81.80056
2018-04-05 00:00:00,84.9599991,85.0599976,85.4599991,84.4199982,822300.0,82.1583633
2018-04-06 00:00:00,82.9800034,84.1299973,84.6399994,82.1800003,782600.0,80.24366
2018-04-09 00:00:00,83.1500015,83.5199966,84.5599976,83.0699997,392900.0,80.4080505
2018-04-10 00:00:00,84.1699982,84.25,84.8899994,83.8399963,506800.0,81.3944016
2018-04-11 00:00:00,83.4199982,83.3399963,83.8700027,83.0,482600.0,80.669136
2018-04-12 00:00:00,84.2300034,83.9100037,84.5,83.6800003,441400.0,81.4524384
2018-04-13 00:00:00,84.3399963,84.8799973,84.9700012,83.9400024,660400.0,81.5587997
2018-04-16 00:00:00,85.0899963,84.9800034,85.6200027,84.7600021,632000.0,82.2840576
2018-04-17 00:00:00,85.3600006,85.6900024,86.0999985,84.8600006,684700.0,82.5451889
2018-04-18 00:00:00,85.7099991,85.6900024,86.1699982,85.2300034,557600.0,82.8836288
2018-04-19 00:00:00,87.2200012,87.0500031,87.6999969,86.1299973,658000.0,84.3438263
2018-04-20 00:00:00,87.1800003,87.2200012,87.9800034,86.6699982,792000.0,84.3051682
2018-04-23 00:00:00,86.8899994,87.5,87.9199982,86.6200027,531200.0,84.0247116
2018-04-24 00:00:00,86.1200027,87.2099991,87.5400009,85.5899963,823000.0,83.2801056
2018-04-25 00:00:00,86.4700012,86.1699982,86.9599991,85.5599976,435900.0,83.6185455
2018-04-26 00:00:00,86.7699966,86.4800034,87.2399979,86.0800018,386600.0,83.9086838
2018-04-27 00:00:00,87.5199966,86.5299988,87.6699982,86.3899994,368500.0,84.633934
2018-04-30 00:00:00,86.7399979,87.7799988,88.25,86.7399979,447800.0,83.8796692
2018-05-01 00:00:00,86.6800003,86.4800034,86.7699966,85.9000015,292400.0,83.82164
2018-05-02 00:00:00,84.8700027,86.2399979,86.2399979,84.7399979,632300.0,82.0713196
2018-05-03 00:00:00,84.0899963,84.4100037,84.8099976,83.0199966,518000.0,81.3170471
2018-05-04 00:00:00,85.4599991,83.6399994,85.9300003,83.3700027,340200.0,82.6418762
2018-05-07 00:00:00,85.4400024,85.5500031,85.8000031,84.9899979,438800.0,82.6225357
2018-05-08 00:00:00,85.0400009,85.4000015,86.0100021,84.7799988,453200.0,82.235733
2018-05-09 00:00:00,85.0199966,85.3499985,85.4300003,84.4899979,412400.0,82.2163773
2018-05-10 00:00:00,85.3799973,85.0199966,85.5299988,84.5800018,337300.0,82.5644913
2018-05-11 00:00:00,85.5199966,85.4700012,86.1699982,85.3300018,241900.0,82.6998978
2018-05-14 00:00:00,84.75,85.6100006,85.7399979,84.5999985,368600.0,81.9552994
2018-05-15 00:00:00,84.8899994,84.5899963,85.25,84.4100037,511100.0,82.0906754
2018-05-16 00:00:00,85.3000031,84.7200012,85.6800003,84.7200012,398600.0,82.4871521
2018-05-17 00:00:00,85.6699982,85.2600021,85.9100037,85.0,327000.0,82.8449478
2018-05-18 00:00:00,85.6399994,85.6299973,85.9800034,85.4000015,800000.0,82.8159409
2018-05-21 00:00:00,86.5800018,85.9199982,86.7399979,85.8199997,517000.0,83.7249527
2018-05-22 00:00:00,86.9899979,86.5999985,87.2699966,86.4700012,347700.0,84.1214218
2018-05-23 00:00:00,86.5800018,86.6500015,86.7200012,86.2399979,412500.0,83.7249527
2018-05-24 00:00:00,86.2099991,86.2699966,86.5100021,85.5,431000.0,83.3671341
2018-05-25 00:00:00,85.7099991,85.9599991,86.5,85.3899994,328400.0,82.8836288
2018-05-29 00:00:00,83.1299973,84.5299988,84.8499985,82.5899963,678400.0,80.3887177
2018-05-30 00:00:00,85.0999985,83.9899979,85.4499969,83.8399963,718000.0,82.2937393
2018-05-31 00:00:00,84.8300018,84.8899994,85.3099976,84.1299973,627800.0,82.0326462
2018-06-01 00:00:00,85.7799988,85.8700027,86.6299973,85.7799988,506900.0,82.9513168
2018-06-04 00:00:00,85.1800003,85.9800034,86.4100037,85.1200027,408200.0,82.3711166
2018-06-05 00:00:00,84.9300003,84.9800034,85.0500031,84.0199966,655500.0,82.129364
2018-06-06 00:00:00,85.5199966,85.3000031,85.7600021,84.8300018,473800.0,82.6998978
2018-06-07 00:00:00,85.6600037,85.7799988,85.9100037,85.2399979,783800.0,82.8352737
2018-06-08 00:00:00,86.2399979,85.7900009,86.3000031,85.5100021,479300.0,83.3961487
2018-06-11 00:00:00,85.6800003,86.5100021,86.6699982,85.5,297700.0,82.8546066
2018-06-12 00:00:00,84.6200027,85.6900024,85.6900024,84.3899994,399700.0,81.829567
2018-06-13 00:00:00,84.3399963,84.75,85.1299973,84.0400009,927400.0,81.5587997
2018-06-14 00:00:00,84.1999969,84.6100006,84.8000031,83.75,803400.0,81.4234009
2018-06-15 00:00:00,84.4800034,83.7600021,84.5599976,82.9700012,1023500.0,81.6941833
2018-06-18 00:00:00,84.1200027,84.0299988,84.3600006,83.4000015,652600.0,81.346077
2018-06-19 00:00:00,84.2699966,83.4599991,84.5100021,83.4199982,641300.0,81.4911118
2018-06-20 00:00:00,84.0500031,84.6200027,84.8799973,83.9800034,816600.0,81.2783737
2018-06-21 00:00:00,83.6999969,83.9300003,84.3000031,83.4499969,663900.0,80.9399109
2018-06-22 00:00:00,83.6800003,84.1299973,84.2300034,83.4000015,1060900.0,80.9205704
2018-06-25 00:00:00,83.6200027,83.3099976,83.9000015,82.7600021,486000.0,80.8625412
2018-06-26 00:00:00,83.0199966,83.6500015,83.6500015,83.0,425300.0,80.2823181
2018-06-27 00:00:00,81.3600006,82.8300018,83.2900009,81.3300018,376400.0,78.6770706
2018-06-28 00:00:00,81.1500015,81.25,81.5800018,80.6600037,510600.0,78.4740067
2018-06-29 00:00:00,81.4100037,81.6999969,82.6100006,81.3199997,597400.0,78.7254333
2018-07-02 00:00:00,81.9100037,81.0100021,82.0100021,80.9000015,557000.0,79.208931
2018-07-03 00:00:00,82.0800018,82.1900024,82.6999969,81.9899979,371900.0,79.5286942
2018-07-05 00:00:00,82.2900009,82.3899994,82.4400024,81.8300018,685000.0,79.7321472
2018-07-06 00:00:00,82.7900009,82.0299988,83.0299988,81.8199997,441300.0,80.2166138
2018-07-09 00:00:00,84.8600006,83.3000031,84.9400024,83.2900009,634000.0,82.2222672
2018-07-10 00:00:00,84.7699966,84.9000015,84.9100037,84.0699997,512800.0,82.1350479
2018-07-11 00:00:00,83.7900009,84.2200012,84.5299988,83.5699997,448600.0,81.185524
2018-07-12 00:00:00,83.3899994,84.3899994,84.3899994,82.7200012,353700.0,80.797966
2018-07-13 00:00:00,83.4300003,83.0500031,83.8300018,82.9199982,612700.0,80.8367233
2018-07-16 00:00:00,84.4599991,83.5800018,84.5100021,83.5800018,483900.0,81.8346939
2018-07-17 00:00:00,84.5599976,84.4800034,84.8000031,84.1399994,336800.0,81.9315872
2018-07-18 00:00:00,85.2799988,84.7200012,85.4100037,84.5899963,445700.0,82.6292038
2018-07-19 00:00:00,83.9700012,85.0999985,85.1100006,83.8099976,530600.0,81.3599319
2018-07-20 00:00:00,83.4700012,83.6600037,83.7699966,83.1200027,346500.0,80.8754654
2018-07-23 00:00:00,84.3499985,83.4800034,84.4400024,83.1800003,389200.0,81.7281189
2018-07-24 00:00:00,84.5199966,84.1999969,85.0199966,83.9899979,461800.0,81.8928223
2018-07-25 00:00:00,83.8700027,84.4499969,84.4499969,83.0599976,353700.0,81.2630386
2018-07-26 00:00:00,86.7799988,86.1200027,87.8899994,84.8700027,963400.0,84.0825882
2018-07-27 00:00:00,87.7300034,87.0199966,87.9300003,86.9100037,459000.0,85.0030594
2018-07-30 00:00:00,88.1699982,87.8399963,88.6999969,87.7200012,525000.0,85.4293823
2018-07-31 00:00:00,88.0699997,88.5500031,88.7200012,87.8499985,493800.0,85.3324966
2018-08-01 00:00:00,87.2099991,88.4899979,88.9499969,87.0299988,406300.0,84.4992142
2018-08-02 00:00:00,86.3799973,86.8700027,86.8899994,86.0599976,538800.0,83.695015
2018-08-03 00:00:00,86.8700027,86.2900009,86.8899994,85.7200012,344900.0,84.1697922
2018-08-06 00:00:00,87.2699966,86.8899994,87.5599976,86.6500015,362800.0,84.557373
2018-08-07 00:00:00,87.5299988,86.8899994,88.1900024,86.8899994,246900.0,84.8092804
2018-08-08 00:00:00,88.0199966,87.5199966,88.0800018,87.2200012,218000.0,85.2840347
2018-08-09 00:00:00,87.5299988,87.9800034,88.1800003,87.4199982,243500.0,84.8092804
2018-08-10 00:00:00,86.6100006,86.75,87.2099991,86.0500031,436500.0,83.9178772
2018-08-13 00:00:00,86.3099976,86.5299988,86.9400024,86.1100006,253200.0,83.627182
2018-08-14 00:00:00,87.0999985,86.5199966,87.3899994,86.4199982,294100.0,84.3926239
2018-08-15 00:00:00,86.8199997,86.5500031,87.0400009,86.4499969,305500.0,84.1213379
2018-08-16 00:00:00,87.9599991,87.2699966,88.1999969,87.1600037,330900.0,85.2258987
2018-08-17 00:00:00,88.1800003,87.7799988,88.3399963,87.6299973,505500.0,85.4390793
2018-08-20 00:00:00,88.3499985,88.4000015,88.6399994,88.1399994,324600.0,85.6037827
2018-08-21 00:00:00,89.1900024,88.5400009,89.5899963,88.3700027,368300.0,86.4176865
2018-08-22 00:00:00,88.7699966,88.9800034,89.2799988,88.4700012,438300.0,86.0107422
2018-08-23 00:00:00,87.75,88.7099991,88.7099991,87.5500031,276900.0,85.0224228
2018-08-24 00:00:00,88.4199982,88.0400009,88.4499969,87.8799973,216200.0,85.671608
2018-08-27 00:00:00,88.6999969,88.5,89.3499985,88.5,554800.0,85.9429092
2018-08-28 00:00:00,88.25,88.9199982,89.0299988,87.8700027,513700.0,85.5068817
2018-08-29 00:00:00,88.1200027,88.3000031,88.4100037,87.3099976,366700.0,85.3809433
2018-08-30 00:00:00,87.7099991,88.0500031,88.0999985,87.5999985,270900.0,84.9836884
2018-08-31 00:00:00,87.9199982,87.6399994,87.9700012,87.2200012,395200.0,85.1871643
2018-09-04 00:00:00,88.2300034,87.8099976,88.3799973,87.5400009,338600.0,85.4875183
2018-09-05 00:00:00,89.0999985,88.1900024,89.4000015,88.1900024,406900.0,86.3304749
2018-09-06 00:00:00,88.6100006,89.0400009,89.4599991,88.4899979,334500.0,85.8557053
2018-09-07 00:00:00,88.3899994,88.6500015,88.7200012,88.0800018,411600.0,85.6425476
2018-09-10 00:00:00,84.4599991,85.3899994,85.3899994,81.8000031,1298700.0,81.8346939
2018-09-11 00:00:00,84.8600006,84.1200027,85.25,83.5699997,763000.0,82.2222672
2018-09-12 00:00:00,84.2900009,84.7200012,84.8399963,84.0100021,379000.0,81.6699905
2018-09-13 00:00:00,85.1299973,84.6600037,85.2900009,84.4300003,390700.0,82.4838791
2018-09-14 00:00:00,86.8399963,85.4199982,87.0899963,85.2900009,419400.0,84.1407166
2018-09-17 00:00:00,85.7699966,87.0999985,87.0999985,85.6699982,615300.0,83.1039734
2018-09-18 00:00:00,85.9700012,85.8700027,86.2200012,85.4499969,930200.0,83.2977753
2018-09-19 00:00:00,87.1699982,86.1600037,87.4800034,86.1200027,447600.0,84.4604645
2018-09-20 00:00:00,88.3300018,87.7399979,88.6100006,87.5599976,524600.0,85.5844116
2018-09-21 00:00:00,88.8899994,88.75,88.9700012,87.9300003,1098800.0,86.1269989
2018-09-24 00:00:00,88.0899963,88.8799973,88.9599991,88.0500031,525500.0,85.35186
2018-09-25 00:00:00,87.5699997,88.3600006,88.6299973,87.3300018,487400.0,84.8480377
2018-09-26 00:00:00,86.5599976,87.7399979,87.8499985,86.4100037,446500.0,83.8694153
2018-09-27 00:00:00,86.2699966,86.25,86.8399963,85.9199982,406100.0,83.5884323
2018-09-28 00:00:00,86.6900024,86.0899963,86.9800034,85.5899963,456900.0,83.9953842
2018-10-01 00:00:00,86.5199966,87.2200012,87.5400009,86.1299973,388400.0,83.830658
2018-10-02 00:00:00,86.7900009,86.5100021,86.9199982,85.6200027,297800.0,84.0922775
2018-10-03 00:00:00,87.2200012,87.4499969,87.9100037,86.9300003,628600.0,84.5089188
2018-10-04 00:00:00,87.9700012,87.3199997,88.2399979,87.3199997,506400.0,85.3922348
2018-10-05 00:00:00,87.4199982,88.0999985,88.5400009,87.2600021,575100.0,84.8583603
2018-10-08 00:00:00,88.6999969,87.1399994,89.1399994,86.6900024,706700.0,86.100853
2018-10-09 00:00:00,88.8499985,88.4700012,89.2900009,88.0,421000.0,86.24646
2018-10-10 00:00:00,87.3600006,88.9599991,89.6200027,87.3000031,634100.0,84.8001175
2018-10-11 00:00:00,83.5800018,87.1500015,87.1999969,83.5699997,884400.0,81.1308899
2018-10-12 00:00:00,83.9800034,84.3600006,84.6500015,82.2900009,809000.0,81.519165
2018-10-15 00:00:00,83.7900009,83.7900009,84.6600037,83.5500031,628000.0,81.3347244
2018-10-16 00:00:00,84.7399979,84.2200012,84.7600021,83.2799988,1011400.0,82.2568893
2018-10-17 00:00:00,85.8300018,84.8399963,86.4899979,84.6399994,735400.0,83.314949
2018-10-18 00:00:00,84.9199982,85.8099976,86.4000015,84.3300018,675400.0,82.4316177
2018-10-19 00:00:00,86.0299988,84.4700012,86.5500031,84.1100006,572200.0,83.5091095
2018-10-22 00:00:00,84.6600037,86.0400009,86.5199966,84.6100006,522600.0,82.1792374
2018-10-23 00:00:00,84.1500015,83.5400009,84.6299973,82.8499985,616900.0,81.6841888
2018-10-24 00:00:00,80.9300003,83.7600021,83.8300018,80.7200012,723400.0,78.5585556
2018-10-25 00:00:00,83.0699997,82.2200012,83.9700012,80.3399963,856400.0,80.6358185
2018-10-26 00:00:00,82.6900024,83.0,83.5400009,82.0999985,906000.0,80.2669601
2018-10-29 00:00:00,83.0400009,83.4300003,84.4599991,82.3899994,627600.0,80.60672
2018-10-30 00:00:00,84.7799988,83.5199966,84.9100037,83.1900024,621700.0,82.2957077
2018-10-31 00:00:00,84.6600037,85.5899963,86.4100037,84.5999985,723700.0,82.1792374
2018-11-01 00:00:00,85.3399963,85.1399994,85.4599991,84.5599976,533400.0,82.8393021
2018-11-02 00:00:00,84.7300034,86.1699982,87.0599976,84.4100037,475800.0,82.2472
2018-11-05 00:00:00,85.8700027,84.8499985,85.9400024,84.8499985,403300.0,83.3537827
2018-11-06 00:00:00,86.6999969,85.5899963,86.75,85.5199966,385900.0,84.159462
2018-11-07 00:00:00,87.6999969,87.3300018,87.8600006,86.25,495600.0,85.1301575
2018-11-08 00:00:00,87.4899979,86.9700012,87.9000015,86.9300003,533400.0,84.9263
2018-11-09 00:00:00,86.9199982,87.2600021,87.9100037,86.5599976,567900.0,84.3730087
2018-11-12 00:00:00,85.8799973,86.9199982,87.5100021,85.7699966,331200.0,83.3634796
2018-11-13 00:00:00,86.8000031,85.9800034,87.4800034,85.8899994,519200.0,84.256546
2018-11-14 00:00:00,86.4499969,87.4700012,88.1900024,85.5,505300.0,83.9167862
2018-11-15 00:00:00,86.5199966,85.7300034,86.7600021,84.9499969,650100.0,83.984726
2018-11-16 00:00:00,86.4000015,85.8499985,86.6900024,84.8700027,952700.0,83.868248
2018-11-19 00:00:00,86.9899979,86.4199982,87.2399979,85.9800034,440300.0,84.4409561
2018-11-20 00:00:00,85.6699982,86.4199982,86.9599991,85.3700027,664000.0,83.1596527
2018-11-21 00:00:00,86.0999985,85.75,87.5699997,85.4899979,428300.0,83.5770493
2018-11-23 00:00:00,86.0599976,85.4100037,86.9800034,85.0800018,223900.0,83.5382156
2018-11-26 00:00:00,86.8199997,87.1500015,87.6900024,86.1600037,477000.0,84.2759476
2018-11-27 00:00:00,85.1200027,86.4300003,86.9599991,85.0,709800.0,82.6257629
2018-11-28 00:00:00,87.8899994,84.9700012,87.9000015,84.8099976,810100.0,85.3145905
2018-11-29 00:00:00,87.3199997,87.1200027,88.0100021,87.0599976,540900.0,84.7612991
2018-11-30 00:00:00,86.4100037,87.3199997,87.7099991,86.3799973,813600.0,83.8779602
2018-12-03 00:00:00,86.5500031,87.0899963,89.2399979,86.1200027,538300.0,84.0138626
2018-12-04 00:00:00,82.2200012,86.3300018,86.3300018,82.1100006,780900.0,79.8107452
2018-12-06 00:00:00,81.0,81.0599976,81.5199966,79.3700027,1093600.0,78.6264801
2018-12-07 00:00:00,80.25,80.9000015,82.3000031,79.9300003,782800.0,77.898468
2018-12-10 00:00:00,78.9199982,80.1500015,80.2799988,77.3700027,629000.0,76.6074371
2018-12-11 00:00:00,78.0500031,79.8499985,80.2099991,77.8399963,861400.0,75.7629318
2018-12-12 00:00:00,78.5500031,79.3700027,79.6100006,78.1800003,907300.0,76.248291
2018-12-13 00:00:00,78.0199966,78.7200012,79.2099991,77.5699997,1047300.0,75.7338028
2018-12-14 00:00:00,77.1399994,77.4100037,77.75,76.8899994,847700.0,74.8796158
2018-12-17 00:00:00,75.8899994,76.8899994,77.7300034,75.6200027,1111300.0,73.666214
2018-12-18 00:00:00,75.8300018,76.0599976,77.1900024,75.6100006,685100.0,73.6079865
2018-12-19 00:00:00,74.4400024,75.7399979,76.9400024,74.1100006,839900.0,72.2587051
2018-12-20 00:00:00,73.8199997,73.9400024,74.7200012,73.0400009,716600.0,71.656868
2018-12-21 00:00:00,72.5299988,73.5100021,75.0999985,72.3799973,1127800.0,70.4046631
2018-12-24 00:00:00,70.6100006,71.9800034,72.4700012,70.5999985,262100.0,68.5409241
2018-12-26 00:00:00,73.4400024,70.75,73.4800034,69.6800003,553000.0,71.2880096
2018-12-27 00:00:00,74.3000031,72.4199982,74.3000031,71.9199982,527200.0,72.122818
2018-12-28 00:00:00,73.8499985,74.4800034,74.9599991,73.6399994,447700.0,71.6859818
2018-12-31 00:00:00,74.5299988,74.0999985,74.7600021,73.7600021,455600.0,72.3460693
2019-01-02 00:00:00,76.3700027,73.7099991,76.5,73.5199966,939100.0,74.1321564
2019-01-03 00:00:00,75.0100021,75.8799973,76.5800018,74.9400024,677600.0,72.9648819
2019-01-04 00:00:00,77.6699982,76.2399979,77.9899979,75.8099976,784100.0,75.5523605
2019-01-07 00:00:00,77.9599991,77.3799973,78.5100021,76.6200027,642100.0,75.8344498
2019-01-08 00:00:00,78.8600006,78.3300018,78.8600006,77.4599991,651800.0,76.7098999
2019-01-09 00:00:00,79.7099991,78.7799988,79.9599991,78.7799988,525100.0,77.5367355
2019-01-10 00:00:00,79.8199997,79.5699997,80.0899963,79.3399963,354400.0,77.6437302
2019-01-11 00:00:00,80.0800018,79.4199982,80.1699982,78.9899979,383300.0,77.8966446
2019-01-14 00:00:00,80.0199966,79.3700027,80.5199966,79.3700027,431500.0,77.8382645
2019-01-15 00:00:00,80.5,79.9100037,80.5199966,79.6200027,341900.0,78.305191
2019-01-16 00:00:00,81.2600021,81.0299988,81.6100006,80.4800034,610300.0,79.0444717
2019-01-17 00:00:00,81.6999969,80.7799988,81.8199997,80.5,554500.0,79.4724731
2019-01-18 00:00:00,81.9800034,82.2799988,82.3000031,81.4700012,752300.0,79.7448502
2019-01-22 00:00:00,81.0699997,81.6999969,82.1900024,80.8199997,670200.0,78.8596344
2019-01-23 00:00:00,81.6699982,81.4000015,81.7699966,80.6600037,535200.0,79.4432831
2019-01-24 00:00:00,82.5100021,81.5299988,82.7300034,81.5,406500.0,80.260376
2019-01-25 00:00:00,83.2699966,83.3199997,83.8899994,82.7300034,427900.0,80.9996719
2019-01-28 00:00:00,82.9400024,82.6100006,83.3000031,82.0999985,426500.0,80.6786652
2019-01-29 00:00:00,82.3600006,82.8700027,83.1800003,82.2900009,338400.0,80.1144943
2019-01-30 00:00:00,82.8099976,82.4100037,83.3000031,81.3799973,423100.0,80.5522003
2019-01-31 00:00:00,83.7600021,82.3099976,83.8899994,82.0500031,469100.0,81.4763107
2019-02-01 00:00:00,84.0500031,84.0100021,84.3199997,83.4899979,422700.0,81.7584076
2019-02-04 00:00:00,83.4800034,83.9899979,84.1600037,83.0899963,582400.0,81.2039642
2019-02-05 00:00:00,83.4800034,83.6999969,83.6999969,82.7300034,585200.0,81.2039642
2019-02-06 00:00:00,82.1500015,82.8600006,84.5100021,81.5400009,740500.0,79.910202
2019-02-07 00:00:00,81.5199966,81.6500015,82.4599991,80.7099991,695300.0,79.2973709
2019-02-08 00:00:00,81.0199966,81.0899963,81.5800018,79.6999969,474600.0,78.8110123
2019-02-11 00:00:00,81.3899994,81.4100037,81.4800034,80.1600037,347500.0,79.1709213
2019-02-12 00:00:00,82.7399979,82.0699997,83.0500031,82.0199966,525900.0,80.4841156
2019-02-13 00:00:00,82.5800018,82.9899979,83.6200027,82.4599991,398800.0,80.3284912
2019-02-14 00:00:00,81.8300018,81.8300018,82.3700027,81.3600006,463000.0,79.598938
2019-02-15 00:00:00,83.3600006,82.6200027,83.4100037,82.4400024,642800.0,81.0872269
2019-02-19 00:00:00,83.6399994,83.0500031,83.7200012,82.6200027,431700.0,81.3595886
2019-02-20 00:00:00,84.0100021,83.6500015,84.0400009,83.1900024,386200.0,81.7194824
2019-02-21 00:00:00,83.1999969,84.0599976,84.2399979,83.0100021,462100.0,80.9315643
2019-02-22 00:00:00,82.9400024,83.4300003,83.4300003,82.75,486800.0,80.6786652
2019-02-25 00:00:00,82.6200027,83.4400024,83.4400024,82.4800034,423300.0,80.3674011
2019-02-26 00:00:00,82.6100006,82.2799988,83.1800003,82.2799988,326700.0,80.3576508
2019-02-27 00:00:00,82.7399979,82.5100021,83.0299988,82.4300003,345600.0,80.4841156
2019-02-28 00:00:00,82.5599976,82.6900024,83.0800018,82.3899994,503500.0,80.3090286
2019-03-01 00:00:00,82.8700027,83.1100006,83.6800003,82.7699966,591000.0,80.6105652
2019-03-04 00:00:00,82.4300003,83.0100021,83.5400009,81.6999969,516400.0,80.182579
2019-03-05 00:00:00,82.5500031,82.6699982,83.0699997,81.7699966,405100.0,80.2993088
2019-03-06 00:00:00,81.7900009,82.4300003,82.6600037,81.7799988,307100.0,79.5600128
2019-03-07 00:00:00,81.25,81.4899979,81.5,80.4499969,545300.0,79.0347366
2019-03-08 00:00:00,81.1500015,80.6800003,81.2399979,80.5,517100.0,78.9374847
2019-03-11 00:00:00,82.0899963,81.4400024,82.1399994,81.2699966,578300.0,79.8518372
2019-03-12 00:00:00,82.3199997,82.3300018,82.6200027,82.1500015,495500.0,80.0755615
2019-03-13 00:00:00,82.5599976,82.75,83.1600037,82.1600037,571000.0,80.3090286
2019-03-14 00:00:00,82.6800003,82.5100021,82.7200012,82.0199966,521800.0,80.4257584
2019-03-15 00:00:00,83.1100006,82.6200027,83.3499985,82.4100037,932500.0,80.844017
2019-03-18 00:00:00,84.0100021,83.4199982,84.5400009,83.3499985,592200.0,81.7194824
2019-03-19 00:00:00,83.4100037,84.4000015,84.6500015,83.2900009,509100.0,81.135849
2019-03-20 00:00:00,81.9199982,83.4100037,83.4599991,81.8000031,686400.0,79.6864777
2019-03-21 00:00:00,82.3700027,81.4700012,82.5500031,80.9199982,464100.0,80.1242065
2019-03-22 00:00:00,80.3099976,81.6399994,81.7900009,80.25,772700.0,78.120369
2019-03-25 00:00:00,80.8499985,80.3499985,81.3799973,80.1399994,438200.0,78.6456375
2019-03-26 00:00:00,81.8700027,81.4599991,81.9700012,81.1900024,361000.0,79.6378403
2019-03-27 00:00:00,81.9499969,81.75,82.4199982,81.6900024,395900.0,79.7156601
2019-03-28 00:00:00,81.8000031,82.0699997,82.4899979,81.0,477700.0,79.5697479
2019-03-29 00:00:00,81.9499969,82.4000015,82.6600037,81.7300034,603200.0,79.7156601
2019-04-01 00:00:00,84.1600037,82.4199982,84.2300034,82.4199982,685300.0,81.8653793
2019-04-02 00:00:00,83.8700027,84.0899963,84.5599976,83.5699997,633400.0,81.583313
2019-04-03 00:00:00,84.6900024,84.5800018,85.0400009,84.3600006,548700.0,82.3809586
2019-04-04 00:00:00,84.5699997,84.5599976,85.3199997,84.3099976,294300.0,82.4326248
2019-04-05 00:00:00,85.3199997,84.5899963,85.3399963,84.2300034,606700.0,83.1636658
2019-04-08 00:00:00,85.4599991,85.1399994,85.5599976,85.0800018,408300.0,83.3001099
2019-04-09 00:00:00,84.2200012,84.9400024,84.9700012,84.0999985,376000.0,82.0914536
2019-04-10 00:00:00,85.0199966,84.2799988,85.1500015,84.0999985,350500.0,82.8712463
2019-04-11 00:00:00,85.4499969,85.3099976,86.1299973,84.9599991,423800.0,83.2903519
2019-04-12 00:00:00,86.8399963,86.5199966,87.1299973,86.0599976,370500.0,84.6452332
2019-04-15 00:00:00,86.1200027,86.6299973,87.1600037,85.9499969,351000.0,83.9434433
2019-04-16 00:00:00,87.0999985,86.4700012,87.3099976,86.3899994,397100.0,84.8986588
2019-04-17 00:00:00,86.2600021,87.4899979,87.4899979,86.2099991,703000.0,84.079895
2019-04-18 00:00:00,88.7399979,86.5100021,91.2799988,86.5100021,1051900.0,86.4972076
2019-04-22 00:00:00,87.0599976,88.8499985,88.8700027,86.4300003,710900.0,84.8596878
2019-04-23 00:00:00,86.8099976,86.9499969,87.2300034,86.5199966,611300.0,84.6159973
2019-04-24 00:00:00,86.3499985,86.6299973,86.7399979,86.0899963,526200.0,84.1676331
2019-04-25 00:00:00,86.5500031,85.7300034,86.8399963,85.25,406200.0,84.3625793
2019-04-26 00:00:00,87.0,86.7099991,87.0199966,86.1200027,282600.0,84.8012085
2019-04-29 00:00:00,87.7099991,87.1900024,88.0400009,87.0800018,447300.0,85.4932556
2019-04-30 00:00:00,87.6600037,87.8099976,87.8099976,86.7699966,465700.0,85.444519
2019-05-01 00:00:00,87.3099976,87.5699997,88.0299988,87.0899963,435300.0,85.1033554
2019-05-02 00:00:00,87.5,87.3899994,87.9599991,86.9199982,390800.0,85.2885742
2019-05-03 00:00:00,87.9000015,87.7300034,88.3199997,87.4700012,284300.0,85.6784515
2019-05-06 00:00:00,87.9400024,86.6100006,88.2300034,86.3600006,250700.0,85.7174377
2019-05-07 00:00:00,86.5599976,87.4000015,87.7900009,85.9800034,328400.0,84.3723068
2019-05-08 00:00:00,86.8700027,86.2799988,87.4800034,86.0299988,426100.0,84.6744843
2019-05-09 00:00:00,87.1399994,86.0800018,87.4000015,85.9000015,338900.0,84.9376526
2019-05-10 00:00:00,88.2399979,86.7699966,88.3499985,86.3799973,331700.0,86.0098572
2019-05-13 00:00:00,86.3000031,86.8199997,87.2699966,85.8499985,481300.0,84.1188965
2019-05-14 00:00:00,87.3099976,86.4499969,87.8700027,86.4499969,415900.0,85.1033554
2019-05-15 00:00:00,86.75,86.5100021,87.2399979,86.0699997,356900.0,84.5574951
2019-05-16 00:00:00,87.3899994,87.1600037,87.8199997,87.1200027,442300.0,85.1813354
2019-05-17 00:00:00,87.3899994,86.5199966,88.1500015,86.5,507100.0,85.1813354
2019-05-20 00:00:00,88.3000031,87.2799988,88.4100037,87.2099991,589900.0,86.0683517
2019-05-21 00:00:00,88.8199997,88.7799988,89.4100037,88.5100021,473500.0,86.5751953
2019-05-22 00:00:00,88.4499969,88.4599991,88.75,88.1600037,500700.0,86.2145386
2019-05-23 00:00:00,86.6600037,87.4499969,87.5999985,86.1200027,565000.0,84.4698029
2019-05-24 00:00:00,87.1900024,86.8899994,87.3300018,86.4499969,443800.0,84.9863968
2019-05-28 00:00:00,86.2799988,87.0400009,87.2399979,86.1900024,649200.0,84.0993805
2019-05-29 00:00:00,86.8099976,86.0299988,86.9499969,85.7399979,532400.0,84.6159973
2019-05-30 00:00:00,86.4899979,86.8099976,87.6200027,86.4000015,308900.0,84.3040924
2019-05-31 00:00:00,85.5100021,85.5699997,86.1399994,85.3300018,412900.0,83.3488617
2019-06-03 00:00:00,86.8099976,85.4300003,86.8399963,85.3099976,436200.0,84.6159973
2019-06-04 00:00:00,88.2300034,87.8499985,88.3000031,87.25,526800.0,86.0001068
2019-06-05 00:00:00,88.3000031,88.3700027,88.6500015,87.5199966,536300.0,86.0683517
2019-06-06 00:00:00,88.9300003,88.4899979,89.0999985,88.1800003,309900.0,86.6824188
2019-06-07 00:00:00,88.8700027,88.8099976,89.5299988,88.8099976,329900.0,86.6239395
2019-06-10 00:00:00,88.8000031,89.6200027,89.7200012,88.7799988,354800.0,86.5557022
2019-06-11 00:00:00,88.4199982,89.2600021,89.5100021,88.3799973,422800.0,86.1853027
2019-06-12 00:00:00,88.4499969,88.3300018,88.7399979,87.9000015,430500.0,86.2145386
2019-06-13 00:00:00,88.6299973,88.4700012,88.9499969,88.2600021,386700.0,86.3899918
2019-06-14 00:00:00,89.1699982,88.6999969,89.2600021,88.3300018,335500.0,86.9163589
2019-06-17 00:00:00,88.3199997,89.2200012,89.4800034,88.2300034,275900.0,86.0878372
2019-06-18 00:00:00,88.7900009,88.3700027,89.0400009,87.9700012,330800.0,86.5459595
2019-06-19 00:00:00,88.5999985,88.7300034,89.5,88.4300003,378000.0,86.3607635
2019-06-20 00:00:00,89.3700027,89.2099991,89.4899979,88.0599976,378300.0,87.1113052
2019-06-21 00:00:00,88.0800018,89.4899979,89.5899963,88.0500031,1055800.0,85.8539047
2019-06-24 00:00:00,88.3399963,88.1399994,89.3000031,88.1399994,450000.0,86.1073227
2019-06-25 00:00:00,88.25,88.4199982,88.5,87.8099976,371500.0,86.0195999
2019-06-26 00:00:00,87.5800018,88.3899994,88.6299973,87.5800018,384300.0,85.3665314
2019-06-27 00:00:00,88.4400024,87.8199997,88.5699997,87.7699966,343700.0,86.2047958
2019-06-28 00:00:00,89.4599991,89.0299988,89.6699982,89.0299988,913500.0,87.1990128
2019-07-01 00:00:00,91.1299973,90.0699997,91.2699966,90.0699997,460600.0,88.8268051
2019-07-02 00:00:00,90.5100021,91.1699982,91.2900009,89.9899979,400800.0,88.2224808
2019-07-03 00:00:00,91.6299973,90.6500015,91.7699966,90.6399994,255200.0,89.4852219
2019-07-05 00:00:00,91.7699966,91.6600037,91.8300018,90.9899979,408600.0,89.621933
2019-07-08 00:00:00,90.8700027,91.3199997,91.6200027,90.8099976,451200.0,88.7430038
2019-07-09 00:00:00,91.5400009,90.3099976,91.5699997,90.3099976,463900.0,89.3973312
2019-07-10 00:00:00,91.1200027,91.5400009,91.8399963,90.9899979,485500.0,88.9871597
2019-07-11 00:00:00,91.6800003,91.4800034,91.6999969,90.7699966,565500.0,89.5340576
2019-07-12 00:00:00,92.0500031,91.8499985,92.1800003,91.3300018,452800.0,89.8953934
2019-07-15 00:00:00,92.2600021,92.3399963,92.3600006,91.7099991,375900.0,90.1004715
2019-07-16 00:00:00,91.9100037,92.4199982,92.4199982,91.7699966,504600.0,89.7586899
2019-07-17 00:00:00,91.3099976,91.7600021,92.0299988,90.9599991,348400.0,89.1727066
2019-07-18 00:00:00,91.8300018,91.2200012,91.9800034,91.0400009,367700.0,89.680542
2019-07-19 00:00:00,91.0400009,91.9400024,92.2099991,91.0,341800.0,88.9090424
2019-07-22 00:00:00,91.0999985,91.0299988,91.4199982,90.8499985,374900.0,88.9676285
2019-07-23 00:00:00,91.3199997,91.1100006,91.6299973,90.5800018,358100.0,89.1824799
2019-07-24 00:00:00,90.8799973,91.1800003,91.4400024,90.3499985,556000.0,88.7527847
2019-07-25 00:00:00,92.1500015,92.0800018,93.2600021,91.3899994,673200.0,89.9930496
2019-07-26 00:00:00,92.9300003,92.4199982,92.9599991,91.6900024,629800.0,90.7547989
2019-07-29 00:00:00,91.9000015,93.0800018,93.1500015,91.5699997,478000.0,89.7489166
2019-07-30 00:00:00,91.7200012,91.5,92.1500015,91.2799988,351200.0,89.5731277
2019-07-31 00:00:00,91.3199997,91.7099991,92.1500015,90.9400024,613500.0,89.1824799
2019-08-01 00:00:00,88.6100006,91.0999985,91.1900024,87.75,718000.0,86.5359039
2019-08-02 00:00:00,87.6500015,88.5400009,88.5999985,87.1299973,558800.0,85.5983887
2019-08-05 00:00:00,84.7099991,86.3099976,86.3199997,84.1200027,614400.0,82.7271957
2019-08-06 00:00:00,86.3799973,85.1999969,86.4300003,84.5699997,535300.0,84.3581009
2019-08-07 00:00:00,85.9899979,84.9100037,86.4300003,83.6699982,540000.0,83.9772263
2019-08-08 00:00:00,88.0999985,86.8600006,88.2200012,86.4199982,526400.0,86.0378647
2019-08-09 00:00:00,88.0100021,88.9899979,88.9899979,86.6800003,280800.0,85.9499741
2019-08-12 00:00:00,87.3000031,87.3499985,89.0,87.0800018,391400.0,85.2565765
2019-08-13 00:00:00,88.5,86.8700027,89.25,86.7099991,367200.0,86.4284821
2019-08-14 00:00:00,85.0699997,87.3399963,87.5899963,85.0199966,511800.0,83.0787735
2019-08-15 00:00:00,85.8099976,85.4199982,86.1800003,85.0800018,317700.0,83.8014603
2019-08-16 00:00:00,87.1699982,86.2399979,87.5699997,86.2099991,593000.0,85.1296158
2019-08-19 00:00:00,87.6999969,88.6200027,88.6200027,86.2099991,277300.0,85.6472092
2019-08-20 00:00:00,86.5599976,87.4700012,87.5199966,86.4499969,316200.0,84.5338821
2019-08-21 00:00:00,87.7099991,87.2399979,87.75,86.4800034,307700.0,85.6569824
2019-08-22 00:00:00,88.3199997,88.1399994,88.7099991,87.3399963,387200.0,86.2527008
2019-08-23 00:00:00,86.1299973,88.1500015,88.7200012,85.7300034,383400.0,84.1139679
2019-08-26 00:00:00,87.1200027,86.9000015,87.3700027,86.3399963,267400.0,85.0808029
2019-08-27 00:00:00,86.5199966,87.6800003,87.8099976,85.9499969,331900.0,84.4948273
2019-08-28 00:00:00,87.0800018,85.9100037,87.25,85.9100037,302800.0,85.0417328
2019-08-29 00:00:00,88.0699997,86.9199982,88.6500015,86.9199982,477200.0,86.0085602
2019-08-30 00:00:00,89.2600021,88.8899994,89.4100037,88.5400009,658600.0,87.1707077
2019-09-03 00:00:00,88.1399994,88.25,88.5699997,87.1100006,609900.0,86.0769196
2019-09-04 00:00:00,88.7600021,89.0199966,89.0599976,88.3099976,367200.0,86.6823959
2019-09-05 00:00:00,90.8399963,89.8000031,91.5699997,89.8000031,367500.0,88.713707
2019-09-06 00:00:00,91.6800003,90.9599991,91.9300003,90.4499969,463700.0,89.5340576
2019-09-09 00:00:00,93.0999985,92.2300034,93.3300018,91.8099976,571700.0,90.9208145
2019-09-10 00:00:00,94.2699966,93.3000031,94.4100037,93.2399979,533600.0,92.0634232
2019-09-11 00:00:00,95.1299973,94.3199997,95.1399994,92.75,637400.0,92.9033051
2019-09-12 00:00:00,94.7300034,94.7600021,95.3399963,94.2799988,513800.0,92.5126572
2019-09-13 00:00:00,95.3499985,95.3899994,96.0999985,94.7099991,581300.0,93.1181488
2019-09-16 00:00:00,93.7200012,94.8399963,94.9300003,93.5699997,352600.0,91.5263138
2019-09-17 00:00:00,94.3399963,93.3899994,94.3600006,93.0100021,359200.0,92.1317902
2019-09-18 00:00:00,94.9400024,93.7699966,95.0,93.2200012,382800.0,92.7177505
2019-09-19 00:00:00,94.3199997,94.8000031,95.3499985,94.1800003,259800.0,92.1122513
2019-09-20 00:00:00,94.6500015,95.6800003,96.0299988,94.3199997,775700.0,92.4345474
2019-09-23 00:00:00,95.3499985,93.8700027,95.5599976,93.6800003,318800.0,93.1181488
2019-09-24 00:00:00,95.0400009,96.0500031,96.0899963,94.8499985,418200.0,92.8154144
2019-09-25 00:00:00,95.4400024,95.0199966,96.1699982,94.8300018,278700.0,93.2060471
2019-09-26 00:00:00,96.0599976,95.3799973,96.2099991,95.0999985,266600.0,93.8115311
2019-09-27 00:00:00,96.1999969,96.5999985,96.9199982,95.6999969,249400.0,93.9482498
2019-09-30 00:00:00,95.7600021,96.3600006,96.7200012,95.6200027,513800.0,93.5185623
2019-10-01 00:00:00,94.2900009,96.2600021,96.6200027,94.2099991,328000.0,92.0829391
2019-10-02 00:00:00,92.4899979,93.3899994,93.6699982,92.1399994,509800.0,90.3250885
2019-10-03 00:00:00,92.6500015,91.9899979,92.6500015,90.6699982,468400.0,90.6509094
2019-10-04 00:00:00,94.5100021,92.9400024,94.5400009,92.75,232200.0,92.4707642
2019-10-07 00:00:00,93.8000031,94.0400009,94.5500031,93.75,340900.0,91.7761002
2019-10-08 00:00:00,92.3600006,93.1299973,93.1299973,92.1900024,450500.0,90.3671799
2019-10-09 00:00:00,92.8499985,93.0899963,93.5800018,92.6500015,341300.0,90.8465729
2019-10-10 00:00:00,93.2099991,92.5400009,94.0,92.5400009,339400.0,91.198822
2019-10-11 00:00:00,94.25,94.7900009,95.3899994,94.1500015,397100.0,92.2163925
2019-10-14 00:00:00,94.0800018,93.75,94.3199997,93.4599991,245900.0,92.0500565
2019-10-15 00:00:00,95.1500015,95.4400024,96.0,94.75,466000.0,93.0969543
2019-10-16 00:00:00,94.2699966,94.8099976,95.0400009,93.9800034,394800.0,92.2359543
2019-10-17 00:00:00,94.5299988,94.9599991,95.4199982,94.3399963,286200.0,92.4903488
2019-10-18 00:00:00,94.6800003,94.4000015,95.0699997,94.1100006,386100.0,92.6371155
2019-10-21 00:00:00,95.6800003,95.4000015,95.7600021,94.9800034,314600.0,93.6155243
2019-10-22 00:00:00,95.9300003,95.8199997,96.3399963,95.6100006,325000.0,93.8601379
2019-10-23 00:00:00,95.6699982,95.6999969,96.5100021,95.4300003,386200.0,93.605751
2019-10-24 00:00:00,96.4700012,96.7300034,97.7900009,96.1299973,567300.0,94.3884811
2019-10-25 00:00:00,96.3899994,95.9800034,96.8000031,95.0999985,440300.0,94.3102036
2019-10-28 00:00:00,96.8399963,96.7600021,97.6800003,96.7600021,263500.0,94.7504807
2019-10-29 00:00:00,97.8000031,96.5699997,97.8099976,96.5699997,447400.0,95.6897736
2019-10-30 00:00:00,97.25,97.6299973,97.6299973,96.3399963,268100.0,95.1516495
2019-10-31 00:00:00,97.3300018,96.75,97.3600006,96.2399979,516700.0,95.2299271
2019-11-01 00:00:00,98.0999985,97.6399994,98.4599991,97.5599976,268700.0,95.9833069
2019-11-04 00:00:00,97.9599991,98.6200027,98.9000015,97.1699982,601300.0,95.8463287
2019-11-05 00:00:00,98.1299973,97.9700012,99.2900009,97.7900009,361400.0,96.0126648
2019-11-06 00:00:00,98.5199966,97.9300003,98.5400009,97.6999969,375600.0,96.3942413
2019-11-07 00:00:00,98.9400024,98.7699966,99.6200027,98.7699966,312400.0,96.805191
2019-11-08 00:00:00,98.9300003,98.9800034,99.1999969,98.1200027,393200.0,96.7954025
2019-11-11 00:00:00,98.7099991,98.4100037,99.1999969,98.0199966,339100.0,96.5801544
2019-11-12 00:00:00,99.3600006,98.9899979,99.6600037,98.5199966,298000.0,97.2161331
2019-11-13 00:00:00,99.5699997,98.7600021,99.5999985,98.1800003,393900.0,97.4216003
2019-11-14 00:00:00,100.1399994,99.3000031,100.2099991,99.2399979,413400.0,97.9792938
2019-11-15 00:00:00,99.2300034,100.3499985,100.8300018,99.1200027,800200.0,97.0889206
2019-11-18 00:00:00,99.5299988,98.8399963,99.5699997,98.4499969,449200.0,97.3824615
2019-11-19 00:00:00,99.3899994,99.8099976,100.25,99.2200012,464000.0,97.2454758
2019-11-20 00:00:00,100.0899963,99.1800003,100.4700012,99.0,602900.0,97.9303741
2019-11-21 00:00:00,100.3399963,100.2799988,100.5299988,99.5999985,392800.0,98.1749802
2019-11-22 00:00:00,100.9400024,100.6699982,101.0100021,100.0100021,325000.0,98.7620392
2019-11-25 00:00:00,101.3700027,101.0400009,101.6200027,100.6999969,402700.0,99.1827621
2019-11-26 00:00:00,102.3499985,101.2399979,102.4000015,101.0699997,1211500.0,100.1416016
2019-11-27 00:00:00,103.1299973,102.7799988,103.5299988,102.4199982,440200.0,100.9047852
2019-11-29 00:00:00,102.7600021,103.0800018,103.2799988,102.6699982,265800.0,100.5427628
2019-12-02 00:00:00,102.4100037,103.3099976,103.6200027,102.4100037,655400.0,100.2003174
2019-12-03 00:00:00,100.7300034,101.3199997,101.3199997,100.2300034,483100.0,98.5565643
2019-12-04 00:00:00,101.6200027,100.8300018,102.0,100.8300018,463900.0,99.4273758
2019-12-05 00:00:00,102.0899963,101.6399994,102.2300034,101.5400009,346200.0,99.8872223
2019-12-06 00:00:00,103.3000031,103.1100006,103.5899963,102.8499985,357500.0,101.0711212
2019-12-09 00:00:00,103.9100037,104.0,104.2799988,103.5100021,368300.0,101.6679535
2019-12-10 00:00:00,104.3499985,104.4100037,104.4300003,103.5899963,463900.0,102.0984573
2019-12-11 00:00:00,104.8899994,104.5,105.1399994,104.2900009,361000.0,102.6268082
2019-12-12 00:00:00,106.3499985,105.0100021,106.6299973,105.0100021,765200.0,104.0552979
2019-12-13 00:00:00,105.6200027,106.2799988,106.5199966,104.8199997,443500.0,103.3410568
2019-12-16 00:00:00,106.1399994,106.4300003,106.8199997,106.0500031,542100.0,103.8498306
2019-12-17 00:00:00,106.4499969,106.1299973,106.9300003,106.0500031,504800.0,104.1531372
2019-12-18 00:00:00,106.0599976,106.5599976,106.7799988,105.7799988,466500.0,103.7715607
2019-12-19 00:00:00,105.7600021,106.0400009,106.0400009,105.4400024,404500.0,103.4780273
2019-12-20 00:00:00,106.6299973,106.3600006,107.2799988,105.9700012,995700.0,104.3292465
2019-12-23 00:00:00,105.7799988,106.8700027,106.8700027,105.6800003,434400.0,103.4976044
2019-12-24 00:00:00,106.1399994,106.2799988,106.2799988,105.5400009,254600.0,103.8498306
2019-12-26 00:00:00,105.9700012,106.4499969,106.6399994,105.7099991,200500.0,103.6835098
2019-12-27 00:00:00,105.8600006,106.2399979,106.2399979,105.5500031,262600.0,103.5758743
2019-12-30 00:00:00,105.1900024,106.0299988,106.1900024,105.1699982,324200.0,102.9203339
2019-12-31 00:00:00,105.25,105.1900024,105.6600037,104.9100037,548300.0,102.9790344
2020-01-02 00:00:00,105.5599976,105.3300018,105.8600006,104.3399963,837100.0,103.4523926
2020-01-03 00:00:00,104.3000031,104.6399994,104.6399994,103.7300034,392700.0,102.2175598
2020-01-06 00:00:00,103.75,103.4899979,103.8700027,103.0800018,571100.0,101.6785431
2020-01-07 00:00:00,103.6500015,103.3700027,104.0199966,103.0299988,311400.0,101.5805359
2020-01-08 00:00:00,103.5999985,103.8199997,104.6900024,103.1299973,367600.0,101.5315247
2020-01-09 00:00:00,104.6500015,104.4000015,104.6600037,103.9000015,311200.0,102.5605774
2020-01-10 00:00:00,104.25,104.6100006,105.0100021,103.9899979,270400.0,102.1685562
2020-01-13 00:00:00,104.0899963,104.2099991,104.5,103.8799973,772200.0,102.0117416
2020-01-14 00:00:00,103.9300003,104.0100021,104.2399979,103.6500015,396600.0,101.8549423
2020-01-15 00:00:00,103.7200012,103.5100021,103.9899979,103.3399963,440300.0,101.6491394
2020-01-16 00:00:00,104.4499969,104.1999969,104.5400009,103.7399979,577500.0,102.364563
2020-01-17 00:00:00,104.4499969,104.8199997,105.3600006,104.0599976,613800.0,102.364563
2020-01-21 00:00:00,103.8499985,103.9400024,104.6800003,103.6100006,381600.0,101.776535
2020-01-22 00:00:00,103.6600037,104.2399979,104.8000031,103.5699997,433600.0,101.590332
2020-01-23 00:00:00,104.7699966,103.0199966,105.0,102.7900009,386200.0,102.6781693
2020-01-24 00:00:00,104.7900009,104.8899994,105.5,103.9300003,300000.0,102.6977692
2020-01-27 00:00:00,103.2399979,102.8199997,103.7900009,102.6600037,366200.0,101.1787109
2020-01-28 00:00:00,104.9899979,103.8000031,105.6500015,103.3600006,474800.0,102.8937836
2020-01-29 00:00:00,105.9599991,105.2399979,106.25,105.2399979,299900.0,103.8444138
2020-01-30 00:00:00,107.2900009,105.1999969,107.3700027,105.1999969,329500.0,105.1478577
2020-01-31 00:00:00,104.2600021,106.3700027,106.6999969,103.8600006,506700.0,102.1783447
2020-02-03 00:00:00,105.4100037,105.2099991,106.0999985,105.0699997,436400.0,103.305397
2020-02-04 00:00:00,107.1299973,106.5400009,107.6699982,106.5400009,454400.0,104.9910583
2020-02-05 00:00:00,108.4000015,105.5899963,108.6500015,104.6100006,652300.0,106.2357025
2020-02-06 00:00:00,108.0800018,108.9800034,109.0999985,107.4800034,370300.0,105.922081
2020-02-07 00:00:00,108.5800018,107.9199982,109.0,107.7600021,383000.0,106.4120941
2020-02-10 00:00:00,108.7900009,108.0400009,108.9499969,107.8899994,241500.0,106.6179199
2020-02-11 00:00:00,109.4400024,109.0,109.8300018,108.9199982,424300.0,107.2549362
2020-02-12 00:00:00,109.3899994,109.7900009,110.4000015,109.2799988,236900.0,107.205925
2020-02-13 00:00:00,110.5899963,109.1500015,110.6699982,108.9800034,334400.0,108.381958
2020-02-14 00:00:00,110.9499969,110.6200027,111.0,110.1100006,288500.0,108.7347641
2020-02-18 00:00:00,110.3300018,110.5899963,111.0699997,109.7099991,298700.0,108.1271591
2020-02-19 00:00:00,110.5699997,110.8099976,111.0800018,110.2399979,215000.0,108.362381
2020-02-20 00:00:00,111.1600037,110.2699966,111.4300003,109.3499985,414100.0,108.9405899
2020-02-21 00:00:00,110.1399994,110.7099991,111.1200027,109.6299973,428800.0,107.9409409
2020-02-24 00:00:00,106.6699982,107.6900024,108.4800034,106.2200012,371800.0,104.5402298
2020-02-25 00:00:00,103.0800018,106.9100037,106.9100037,102.6900024,454500.0,101.021904
2020-02-26 00:00:00,100.7399979,103.5,104.1900024,100.6699982,676000.0,98.7286224
2020-02-27 00:00:00,95.4800034,99.0,100.4899979,95.4400024,744300.0,93.5736618
2020-02-28 00:00:00,92.6600037,92.4700012,93.8099976,90.2699966,1402400.0,90.8099594
2020-03-02 00:00:00,96.1399994,93.1600037,96.1600037,92.0800018,773200.0,94.2204742
2020-03-03 00:00:00,91.1800003,95.6800003,96.8099976,90.9800034,822600.0,89.3595047
2020-03-04 00:00:00,95.0500031,92.7699966,95.1299973,90.3300018,787800.0,93.1522446
2020-03-05 00:00:00,89.6500015,92.0,92.4599991,88.5299988,639200.0,87.860054
2020-03-06 00:00:00,86.5999985,86.0599976,87.6299973,84.7300034,990300.0,84.8709564
2020-03-09 00:00:00,74.9700012,79.0,80.1600037,74.1600037,1235900.0,73.4731522
2020-03-10 00:00:00,78.7300034,77.25,78.7799988,73.8600006,959600.0,77.1580811
2020-03-11 00:00:00,73.3700027,76.4599991,77.2300034,72.8799973,1029400.0,71.905098
2020-03-12 00:00:00,63.7799988,67.9899979,68.6900024,62.5699997,1134700.0,62.5065689
2020-03-13 00:00:00,71.5800018,68.1800003,71.6500015,63.7999992,1003300.0,70.1508408
2020-03-16 00:00:00,61.9500008,62.5699997,67.6399994,61.5999985,947300.0,60.7131119
2020-03-17 00:00:00,67.6299973,63.2900009,67.7900009,60.7299995,928600.0,66.2797012
2020-03-18 00:00:00,67.0599976,63.9199982,69.0100021,62.0099983,1512500.0,65.7210846
2020-03-19 00:00:00,64.5,65.6600037,67.0899963,62.3800011,804800.0,63.2121964
2020-03-20 00:00:00,61.4099998,64.6200027,66.9800034,61.0299988,1224500.0,60.1838951
2020-03-23 00:00:00,58.1500015,61.5,61.5,56.7400017,720100.0,56.9889832
2020-03-24 00:00:00,65.3799973,60.5699997,65.5999985,60.5099983,660300.0,64.0746307
2020-03-25 00:00:00,67.8199997,64.9000015,71.6500015,63.6699982,978300.0,66.4659119
2020-03-26 00:00:00,72.3099976,68.7300034,73.0,67.0699997,1027100.0,70.8662643
2020-03-27 00:00:00,71.2300034,70.1299973,72.9899979,68.9199982,631200.0,69.8078232
2020-03-30 00:00:00,74.2200012,70.9800034,74.6399994,68.9599991,808400.0,72.738121
2020-03-31 00:00:00,71.9700012,73.1900024,74.7799988,71.2900009,869100.0,70.5330582
2020-04-01 00:00:00,66.0199966,68.0699997,69.6800003,65.0400009,857100.0,64.7018356
2020-04-02 00:00:00,66.9599991,65.0500031,67.8399963,64.9100037,768600.0,65.8104858
2020-04-03 00:00:00,63.9300003,65.8099976,66.7200012,63.0800018,816700.0,62.8325043
2020-04-06 00:00:00,71.8700027,67.8099976,72.5,67.3399963,715200.0,70.6361923
2020-04-07 00:00:00,71.3000031,75.6800003,76.5999985,71.0400009,727700.0,70.0759811
2020-04-08 00:00:00,75.2099991,71.5800018,75.6299973,70.6399994,614500.0,73.9188538
2020-04-09 00:00:00,80.4000015,76.0699997,81.2699966,75.9400024,668400.0,79.0197525
2020-04-13 00:00:00,79.7099991,78.75,80.2399979,77.5299988,517200.0,78.3416061
2020-04-14 00:00:00,80.0199966,81.5,81.6699982,78.6299973,834700.0,78.6462784
2020-04-15 00:00:00,75.0,77.1900024,77.2699966,74.5699997,698300.0,73.712471
2020-04-16 00:00:00,72.8000031,74.1900024,75.1500015,72.5500031,610400.0,71.5502319
2020-04-17 00:00:00,77.25,76.1299973,77.8199997,74.9000015,646600.0,75.9238434
2020-04-20 00:00:00,75.5999985,75.8199997,76.6999969,74.0699997,723400.0,74.3021545
2020-04-21 00:00:00,73.5100021,73.5599976,74.75,72.8899994,599000.0,72.2480316
2020-04-22 00:00:00,73.2200012,75.6699982,75.6699982,73.1999969,503700.0,71.9630127
2020-04-23 00:00:00,74.8600006,72.8899994,77.1100006,71.6500015,871200.0,73.5748596
2020-04-24 00:00:00,76.0699997,75.6900024,76.2099991,73.8899994,599900.0,74.7640991
2020-04-27 00:00:00,82.2300034,76.3700027,82.4899979,76.3399963,863700.0,80.8183517
2020-04-28 00:00:00,83.0699997,84.4400024,86.0800018,82.8199997,759700.0,81.6439209
2020-04-29 00:00:00,85.3899994,85.6999969,86.4100037,83.6600037,439500.0,83.9241028
2020-04-30 00:00:00,82.3399963,83.0999985,84.5699997,82.25,485900.0,80.926445
2020-05-01 00:00:00,79.9899979,80.8000031,81.0400009,79.0599976,532200.0,78.6167908
2020-05-04 00:00:00,78.5599976,78.9899979,79.7099991,77.4599991,641300.0,77.2113419
2020-05-05 00:00:00,77.5400009,80.4000015,80.6100006,77.5,475900.0,76.2088623
2020-05-06 00:00:00,74.1900024,78.0699997,78.3199997,74.0899963,529200.0,72.9163666
2020-05-07 00:00:00,75.7300034,75.0400009,77.8499985,75.0400009,661700.0,74.4299316
2020-05-08 00:00:00,77.75,77.4499969,77.75,75.5199966,614900.0,76.4152451
2020-05-11 00:00:00,75.1100006,76.4700012,77.2799988,75.0,612500.0,73.8205643
2020-05-12 00:00:00,71.6100006,74.9800034,75.3899994,71.6100006,574200.0,70.3806686
2020-05-13 00:00:00,66.5500031,70.8099976,70.8099976,65.9000015,821800.0,65.4075241
2020-05-14 00:00:00,67.3700027,65.2900009,67.5500031,62.75,754400.0,66.2134552
2020-05-15 00:00:00,68.7600021,66.4800034,69.0299988,65.3099976,2836500.0,67.5795822
2020-05-18 00:00:00,73.9400024,72.4899979,75.0400009,71.5999985,1604300.0,72.6706467
2020-05-19 00:00:00,70.75,73.6800003,73.8300018,70.7399979,487900.0,69.5354233
2020-05-20 00:00:00,72.5999985,71.8099976,73.6200027,71.5699997,447500.0,71.3536606
2020-05-21 00:00:00,73.3799973,72.1200027,73.8499985,72.1200027,397300.0,72.1202698
2020-05-22 00:00:00,72.5400009,73.3600006,73.4499969,71.6699982,546900.0,71.294693
2020-05-26 00:00:00,76.8300018,75.8199997,78.2300034,75.2699966,472000.0,75.5110474
2020-05-27 00:00:00,78.4400024,80.3499985,81.0599976,78.1399994,578300.0,77.0934067
2020-05-28 00:00:00,77.0800018,79.1800003,79.1800003,76.7300034,516500.0,75.7567596
2020-05-29 00:00:00,77.0199966,76.0400009,77.8099976,75.25,878100.0,75.6977768
2020-06-01 00:00:00,79.25,77.3300018,79.9499969,76.3799973,696200.0,77.8895035
2020-06-02 00:00:00,78.9400024,80.6699982,81.0100021,78.5100021,620500.0,77.584816
2020-06-03 00:00:00,80.8600006,80.9400024,82.7699966,80.3399963,521300.0,79.4718628
2020-06-04 00:00:00,82.6399994,80.25,82.6800003,79.5400009,651300.0,81.2212982
2020-06-05 00:00:00,85.9199982,87.3600006,88.4300003,85.6900024,611800.0,84.4449921
2020-06-08 00:00:00,87.2399979,86.3199997,88.5299988,86.2200012,649800.0,85.7423325
2020-06-09 00:00:00,85.0100021,84.6299973,85.9400024,83.7699966,441700.0,83.550621
2020-06-10 00:00:00,82.4899979,84.4100037,84.9100037,82.3099976,551600.0,81.0738754
2020-06-11 00:00:00,74.0,78.1399994,79.6900024,73.9199982,591800.0,72.7296295
2020-06-12 00:00:00,75.9000015,77.2699966,77.75,73.6900024,511800.0,74.5970078
2020-06-15 00:00:00,76.8600006,72.9499969,77.4000015,72.8199997,537500.0,75.5405273
2020-06-16 00:00:00,78.2200012,81.0,81.0,76.7200012,605100.0,76.877182
2020-06-17 00:00:00,76.4800034,78.4300003,78.6399994,76.1100006,897100.0,75.1670532
2020-06-18 00:00:00,76.6399994,75.4199982,77.4300003,75.3300018,394200.0,75.3243027
2020-06-19 00:00:00,76.1999969,78.6399994,78.6399994,74.5999985,1027200.0,74.8918533
2020-06-22 00:00:00,75.4499969,75.8099976,75.8099976,74.3199997,499600.0,74.1547394
2020-06-23 00:00:00,74.8199997,77.0400009,77.25,74.7699966,647800.0,73.5355453
2020-06-24 00:00:00,71.1900024,73.8300018,73.8300018,71.1299973,978500.0,69.9678726
2020-06-25 00:00:00,72.6600037,70.6500015,72.8000031,70.4599991,651100.0,71.4126434
2020-06-26 00:00:00,70.8499985,71.5400009,72.0299988,70.1900024,888600.0,69.6336975
2020-06-29 00:00:00,72.3499985,72.1299973,73.0199966,71.1399994,501400.0,71.1079483
2020-06-30 00:00:00,74.2300034,72.1800003,74.7600021,72.1800003,631500.0,72.9556808
2020-07-01 00:00:00,72.8000031,74.5999985,74.6299973,72.2699966,583500.0,71.5502319
2020-07-02 00:00:00,72.5299988,74.6100006,75.0400009,72.2900009,424200.0,71.469429
2020-07-06 00:00:00,73.9199982,74.4000015,75.1800003,73.0599976,537600.0,72.8390961
2020-07-07 00:00:00,71.5,72.7900009,73.0800018,71.3799973,760600.0,70.4544907
2020-07-08 00:00:00,72.1999969,71.8199997,73.0999985,71.1999969,846800.0,71.144249
2020-07-09 00:00:00,70.1900024,72.1500015,72.1500015,69.4700012,426700.0,69.1636505
2020-07-10 00:00:00,72.3199997,70.3700027,72.3499985,70.3199997,661300.0,71.2624969
2020-07-13 00:00:00,72.5199966,73.3499985,73.6800003,71.9800034,379900.0,71.4595642
2020-07-14 00:00:00,73.3799973,72.25,73.6500015,71.7799988,387500.0,72.3069992
2020-07-15 00:00:00,75.3099976,75.0500031,75.7900009,74.1200027,344400.0,74.2087784
2020-07-16 00:00:00,75.9700012,74.5599976,77.3199997,74.4000015,380300.0,74.8591232
2020-07-17 00:00:00,75.3199997,76.1900024,76.1900024,74.7399979,423400.0,74.2186203
2020-07-20 00:00:00,74.1399994,74.7799988,75.1200027,73.5299988,354900.0,73.0558777
2020-07-21 00:00:00,75.2099991,74.3099976,76.1500015,74.2200012,502200.0,74.1102448
2020-07-22 00:00:00,75.6800003,74.5599976,75.8600006,74.4400024,469600.0,74.5733566
2020-07-23 00:00:00,80.3199997,78.9700012,80.8899994,78.0299988,999500.0,79.1455078
2020-07-24 00:00:00,80.3700027,81.1800003,81.2600021,78.9400024,773300.0,79.1947861
2020-07-27 00:00:00,79.5699997,79.6100006,80.2200012,78.7200012,716900.0,78.4064789
2020-07-28 00:00:00,78.3899994,79.1200027,80.0999985,78.3099976,334400.0,77.2437439
2020-07-29 00:00:00,80.7399979,78.1399994,81.0999985,78.1399994,505600.0,79.5593796
2020-07-30 00:00:00,79.7399979,78.8799973,80.1100006,78.4700012,608000.0,78.5740051
2020-07-31 00:00:00,79.5999985,79.6299973,80.4100037,78.9300003,678300.0,78.4360428
2020-08-03 00:00:00,79.5500031,79.8399963,80.1900024,78.9400024,503800.0,78.3867874
2020-08-04 00:00:00,78.6800003,79.2200012,79.5800018,78.5599976,339700.0,77.5294952
2020-08-05 00:00:00,80.3000031,79.4499969,80.7099991,79.3000031,617700.0,79.125824
2020-08-06 00:00:00,80.3300018,80.0500031,81.0999985,79.9199982,580700.0,79.1553802
2020-08-07 00:00:00,82.6800003,79.9100037,82.8000031,79.8099976,431400.0,81.4710083
2020-08-10 00:00:00,84.7900009,82.8199997,85.0800018,82.7600021,431200.0,83.5501633
2020-08-11 00:00:00,85.7600021,86.5699997,87.5100021,85.4100037,487900.0,84.5059814
2020-08-12 00:00:00,85.5400009,87.2799988,87.2799988,84.6200027,330100.0,84.2891846
2020-08-13 00:00:00,84.9800034,84.5,85.5400009,83.8399963,267100.0,83.7373734
2020-08-14 00:00:00,85.4800034,84.3700027,85.9400024,84.3700027,250500.0,84.2300644
2020-08-17 00:00:00,83.4100037,85.1699982,85.4100037,83.2799988,358800.0,82.1903381
2020-08-18 00:00:00,82.6600037,83.3700027,83.8600006,82.2600021,473200.0,81.4512939
2020-08-19 00:00:00,82.6100006,82.6800003,83.5599976,82.4300003,271000.0,81.4020309
2020-08-20 00:00:00,81.1600037,81.3499985,82.1200027,81.0100021,283900.0,79.9732437
2020-08-21 00:00:00,80.7300034,81.0400009,81.6600037,80.2900009,317900.0,79.5495377
2020-08-24 00:00:00,84.4899979,81.3899994,84.5,80.9800034,398200.0,83.2545395
2020-08-25 00:00:00,84.3099976,85.3899994,85.6299973,83.9100037,349000.0,83.077179
2020-08-26 00:00:00,84.1600037,84.0899963,84.5899963,83.2399979,346000.0,82.9293594
2020-08-27 00:00:00,85.0899963,83.9100037,85.9199982,83.9100037,406400.0,83.8457565
2020-08-28 00:00:00,84.8199997,85.7699966,85.7699966,84.4499969,430600.0,83.5797195
2020-08-31 00:00:00,82.4800034,84.6600037,84.6600037,82.4400024,499900.0,81.2739334
2020-09-01 00:00:00,82.0299988,81.8600006,83.5999985,81.4499969,494100.0,80.8305054
2020-09-02 00:00:00,82.9800034,82.0,83.5699997,81.6100006,599400.0,81.7666245
2020-09-03 00:00:00,81.8499985,83.8799973,85.9899979,81.4700012,625400.0,80.6531448
2020-09-04 00:00:00,83.8899994,84.0,84.7200012,82.7900009,640900.0,82.6633224
2020-09-08 00:00:00,81.5199966,83.4000015,83.4000015,80.6299973,527800.0,80.3279724
2020-09-09 00:00:00,81.5999985,82.3600006,82.5800018,81.2699966,440600.0,80.4067993
2020-09-10 00:00:00,80.0699997,82.1600037,82.6999969,80.0699997,480300.0,78.8991776
2020-09-11 00:00:00,81.4700012,80.0800018,81.9000015,79.5500031,368700.0,80.2786942
2020-09-14 00:00:00,83.2300034,82.2399979,83.8300018,82.2399979,346000.0,82.01297
2020-09-15 00:00:00,83.3899994,83.1500015,84.0100021,82.3799973,576500.0,82.1706314
2020-09-16 00:00:00,83.8099976,83.25,85.1800003,83.25,591000.0,82.5844803
2020-09-17 00:00:00,83.4000015,83.0,84.1500015,82.5599976,542200.0,82.180481
2020-09-18 00:00:00,82.4599991,82.9800034,84.0199966,82.3600006,836900.0,81.2542191
2020-09-21 00:00:00,79.2900009,80.4700012,81.3199997,78.2200012,861400.0,78.1305695
2020-09-22 00:00:00,79.4700012,78.9899979,80.6699982,78.9899979,786600.0,78.3079453
2020-09-23 00:00:00,77.4100037,79.8799973,80.9599991,77.3099976,443700.0,76.2780762
2020-09-24 00:00:00,77.7799988,77.3700027,79.1800003,75.3899994,463800.0,76.6426468
2020-09-25 00:00:00,78.4700012,77.0,78.9199982,76.8700027,326000.0,77.3225708
2020-09-28 00:00:00,79.8499985,79.8799973,80.7099991,79.2600021,450600.0,78.6823959
2020-09-29 00:00:00,79.0100021,79.3899994,80.0299988,78.7200012,414600.0,77.8546753
2020-09-30 00:00:00,79.9000015,79.3700027,80.6500015,79.1100006,511100.0,78.7316513
2020-10-01 00:00:00,80.5199966,79.7900009,80.7699966,78.8899994,415900.0,79.3425827
2020-10-02 00:00:00,80.7900009,79.2600021,81.6200027,79.0800018,372200.0,79.79496
2020-10-05 00:00:00,82.1699982,81.9100037,82.8000031,81.4599991,323200.0,81.157959
2020-10-06 00:00:00,81.0599976,82.8600006,83.7799988,80.9100037,409400.0,80.0616226
2020-10-07 00:00:00,82.1399994,81.9400024,83.0400009,81.7099991,399400.0,81.1283264
2020-10-08 00:00:00,82.9700012,82.9000015,83.5999985,82.1900024,457000.0,81.9481049
2020-10-09 00:00:00,81.7900009,83.8300018,84.0,81.7699966,300600.0,80.7826309
2020-10-12 00:00:00,82.4400024,81.75,82.9899979,81.75,266600.0,81.4246292
2020-10-13 00:00:00,81.3199997,81.75,82.4000015,80.7799988,537800.0,80.3184128
2020-10-14 00:00:00,81.5199966,81.8600006,83.0199966,81.4400024,451200.0,80.5159531
2020-10-15 00:00:00,82.8700027,80.4300003,83.2600021,80.2300034,428700.0,81.8493347
2020-10-16 00:00:00,83.2399979,82.9899979,83.8099976,82.3000031,414000.0,82.2147827
2020-10-19 00:00:00,82.6800003,83.2200012,84.5699997,82.4400024,398100.0,81.6616821
2020-10-20 00:00:00,83.4499969,83.25,84.5999985,83.1299973,440300.0,82.4221802
2020-10-21 00:00:00,84.1299973,83.4599991,84.6699982,83.4599991,591000.0,83.0938034
2020-10-22 00:00:00,86.4800034,84.0800018,86.9899979,81.9800034,814900.0,85.4148712
2020-10-23 00:00:00,86.1399994,87.1600037,87.75,85.4000015,499300.0,85.0790558
2020-10-26 00:00:00,83.8300018,85.0,85.0,83.4800034,472000.0,82.7975159
2020-10-27 00:00:00,81.3499985,83.3600006,83.9400024,81.2600021,414900.0,80.3480453
2020-10-28 00:00:00,78.7900009,79.8099976,80.6200027,78.6200027,513100.0,77.8195801
2020-10-29 00:00:00,79.7699966,78.4800034,80.4700012,77.7099991,484100.0,78.7875061
2020-10-30 00:00:00,81.0899963,79.5800018,81.6299973,79.3499985,731600.0,80.0912552
2020-11-02 00:00:00,83.25,82.5299988,83.7399979,81.6600037,379700.0,82.2246552
2020-11-03 00:00:00,85.1500015,84.8600006,86.3399963,84.2699966,478400.0,84.101265
2020-11-04 00:00:00,83.75,83.0100021,86.3600006,82.25,361900.0,82.7184982
2020-11-05 00:00:00,86.3000031,84.2699966,86.75,84.2699966,326900.0,85.2370987
2020-11-06 00:00:00,84.6999969,86.7200012,87.3499985,84.2300034,283400.0,83.6567993
2020-11-09 00:00:00,91.4700012,93.0100021,93.5899963,90.0299988,744900.0,90.3434219
2020-11-10 00:00:00,92.7699966,91.8300018,93.4000015,91.4400024,388500.0,91.6274109
2020-11-11 00:00:00,91.9899979,93.1800003,93.1800003,90.7699966,340100.0,90.8570175
2020-11-12 00:00:00,89.3499985,91.0299988,91.4000015,88.5699997,342600.0,88.2495193
2020-11-13 00:00:00,92.0400009,90.4400024,92.5699997,90.3600006,331000.0,90.9063873
2020-11-16 00:00:00,94.2600021,94.5699997,94.9700012,92.9300003,369600.0,93.0990524
2020-11-17 00:00:00,93.7900009,92.9899979,94.2200012,92.25,334500.0,92.6348343
2020-11-18 00:00:00,92.4599991,93.8899994,95.2099991,92.3799973,381900.0,91.3212204
2020-11-19 00:00:00,93.3499985,91.75,93.6100006,91.1999969,399400.0,92.2002563
2020-11-20 00:00:00,93.2900009,92.9800034,93.7300034,92.5400009,373800.0,92.1409988
2020-11-23 00:00:00,94.6299973,94.4800034,95.0599976,93.7099991,413000.0,93.4644852
2020-11-24 00:00:00,97.5199966,96.3099976,97.5999985,95.3899994,503300.0,96.3188858
2020-11-25 00:00:00,96.6500015,96.5999985,96.9499969,95.3399963,308900.0,95.4596176
2020-11-27 00:00:00,96.0199966,96.1699982,97.4499969,95.8399963,194100.0,94.8373718
2020-11-30 00:00:00,93.0999985,95.25,95.7799988,92.9300003,1550200.0,91.9533386
2020-12-01 00:00:00,94.4400024,94.9300003,95.5500031,93.8600006,477800.0,93.2768478
2020-12-02 00:00:00,95.1299973,94.25,95.3399963,94.1100006,268000.0,93.9583359
2020-12-03 00:00:00,94.9499969,94.6999969,95.7300034,94.5699997,323200.0,93.7805481
2020-12-04 00:00:00,96.4599991,95.7300034,97.1699982,95.6600037,370400.0,95.2719574
2020-12-07 00:00:00,94.8799973,95.7699966,96.0199966,94.5599976,294800.0,93.7114105
2020-12-08 00:00:00,94.5500031,93.7099991,94.75,93.7099991,426400.0,93.3854828
2020-12-09 00:00:00,94.3600006,95.1699982,95.25,93.8199997,341000.0,93.1978149
2020-12-10 00:00:00,94.8799973,93.5800018,95.1500015,93.5800018,395100.0,93.7114105
2020-12-11 00:00:00,93.6999969,93.7699966,95.1600037,93.4899979,332200.0,92.5459366
2020-12-14 00:00:00,91.7699966,95.0699997,95.0699997,91.7699966,426600.0,90.6397171
2020-12-15 00:00:00,93.7099991,92.8399963,93.8799973,92.0999985,411600.0,92.5558243
2020-12-16 00:00:00,93.5299988,94.1299973,94.5299988,92.9499969,315600.0,92.3780365
2020-12-17 00:00:00,93.4300003,93.5599976,93.6399994,92.6399994,337900.0,92.279274
2020-12-18 00:00:00,92.8099976,93.3700027,94.0599976,92.0800018,1211600.0,91.6669083
2020-12-21 00:00:00,92.25,93.3099976,93.3099976,89.9199982,471700.0,91.1138077
2020-12-22 00:00:00,91.75,92.2300034,92.9300003,91.5899963,447600.0,90.619957
2020-12-23 00:00:00,92.9000015,92.1100006,93.6299973,92.1100006,554300.0,91.755806
2020-12-24 00:00:00,92.8700027,93.3000031,93.5599976,91.8799973,76100.0,91.7261734
2020-12-28 00:00:00,93.2900009,93.4400024,94.6600037,92.9300003,345500.0,92.1409988
2020-12-29 00:00:00,92.1600037,93.7200012,93.7699966,92.0800018,514800.0,91.0249252
2020-12-30 00:00:00,93.2099991,92.6500015,93.8399963,92.6500015,400000.0,92.0619812
2020-12-31 00:00:00,94.9599991,93.0800018,95.1200027,92.6999969,250800.0,93.7904282
2021-01-04 00:00:00,92.4000015,95.3600006,95.5999985,92.0400009,390700.0,91.2619553
2021-01-05 00:00:00,92.3300018,92.1200027,93.2200012,91.8799973,289000.0,91.1928253
2021-01-06 00:00:00,97.4700012,94.3600006,97.7900009,93.8499985,624700.0,96.269516
2021-01-07 00:00:00,96.9700012,98.0699997,98.8199997,96.9199982,457100.0,95.960762
2021-01-08 00:00:00,96.4400024,97.1399994,97.3799973,95.3799973,297300.0,95.4362793
2021-01-11 00:00:00,95.3600006,95.2699966,96.3799973,94.8499985,341600.0,94.3675232
2021-01-12 00:00:00,95.6500015,95.4199982,96.5800018,95.1200027,392300.0,94.6545029
2021-01-13 00:00:00,95.9100037,95.4400024,96.2399979,95.1100006,389300.0,94.9117966
2021-01-14 00:00:00,96.5800018,96.4800034,97.2300034,96.0,357500.0,95.5748138
2021-01-15 00:00:00,96.0800018,95.5699997,96.4000015,95.0899963,365700.0,95.0800247
2021-01-19 00:00:00,96.8799973,96.4199982,97.7399979,96.1399994,409000.0,95.8716965
2021-01-20 00:00:00,96.5199966,96.7399979,96.9800034,95.9599991,352000.0,95.5154419
2021-01-21 00:00:00,95.7099991,96.2300034,96.6100006,95.5599976,375100.0,94.7138748
2021-01-22 00:00:00,94.3399963,94.4800034,95.0299988,94.0100021,592100.0,93.3581314
2021-01-25 00:00:00,93.5,93.3199997,94.4499969,92.3499985,455400.0,92.526886
2021-01-26 00:00:00,93.1100006,93.8499985,94.1600037,93.0899963,382900.0,92.1409378
2021-01-27 00:00:00,90.1999969,91.5599976,92.3600006,90.0699997,489400.0,89.2612228
2021-01-28 00:00:00,92.7600021,91.3300018,94.3399963,90.9499969,475500.0,91.7945709
2021-01-29 00:00:00,90.3899994,92.0100021,92.2099991,89.8399963,547200.0,89.4492416
2021-02-01 00:00:00,91.3300018,91.0999985,91.5899963,89.5800018,632100.0,90.3794632
2021-02-02 00:00:00,92.5800018,92.5,93.5,91.2699966,501900.0,91.6164551
2021-02-03 00:00:00,90.8399963,92.4000015,94.3300018,89.7699966,649000.0,89.8945541
2021-02-04 00:00:00,93.0299988,90.9300003,94.0500031,90.9300003,407500.0,92.0617676
2021-02-05 00:00:00,93.6600037,93.4000015,93.8099976,91.9499969,379200.0,92.6852188
2021-02-08 00:00:00,94.0999985,93.5299988,94.4599991,93.4000015,461300.0,93.1206284
2021-02-09 00:00:00,92.75,93.5899963,93.7900009,92.6600037,415000.0,91.7846832
2021-02-10 00:00:00,92.3600006,93.1399994,93.1900024,91.8199997,464300.0,91.3987427
2021-02-11 00:00:00,92.7099991,92.2600021,93.2300034,92.0400009,377800.0,91.7451019
2021-02-12 00:00:00,94.0199966,92.8499985,94.0599976,92.8499985,306500.0,93.0414581
2021-02-16 00:00:00,93.7799988,94.0999985,94.9100037,93.6999969,693800.0,92.8039627
2021-02-17 00:00:00,94.6800003,93.5699997,94.8499985,93.0899963,420000.0,93.6945953
2021-02-18 00:00:00,93.5800018,94.1200027,94.4400024,93.0299988,762700.0,92.606041
2021-02-19 00:00:00,95.3000031,94.0500031,95.7099991,93.2799988,603800.0,94.3081436
2021-02-22 00:00:00,96.5400009,94.9700012,97.2200012,94.9700012,531800.0,95.5352402
2021-02-23 00:00:00,96.1699982,97.2600021,97.4400024,95.3700027,666700.0,95.1690826
2021-02-24 00:00:00,98.3199997,96.1399994,98.9899979,96.1399994,372400.0,97.2967148
2021-02-25 00:00:00,96.2300034,99.0999985,99.2600021,95.4300003,400700.0,95.2284698
2021-02-26 00:00:00,93.4000015,95.8199997,96.0,93.3000031,700800.0,92.4279251
2021-03-01 00:00:00,95.1200027,95.0699997,96.5999985,94.9300003,501300.0,94.1300278
2021-03-02 00:00:00,96.0599976,95.0400009,96.7300034,94.9300003,392400.0,95.0602417
2021-03-03 00:00:00,96.3199997,96.2200012,97.75,96.0500031,358800.0,95.3175354
2021-03-04 00:00:00,94.5100021,96.0,96.4300003,93.5500031,409900.0,93.5263672
2021-03-05 00:00:00,97.3199997,95.4400024,97.8399963,94.1699982,423500.0,96.3071136
2021-03-08 00:00:00,99.4700012,98.4300003,101.5800018,98.2600021,491800.0,98.4347458
2021-03-09 00:00:00,99.0500031,98.6600037,100.8000031,97.5699997,507900.0,98.0191116
2021-03-10 00:00:00,101.1399994,98.9000015,101.8000031,98.9000015,418600.0,100.0873642
2021-03-11 00:00:00,99.8499985,99.1500015,101.0199966,99.1500015,340500.0,98.810791
2021-03-12 00:00:00,101.3899994,101.3099976,101.5299988,100.0699997,414500.0,100.3347626
2021-03-15 00:00:00,101.1800003,101.1500015,101.1900024,99.6399994,254900.0,100.1269379
2021-03-16 00:00:00,99.6299973,100.2900009,100.8899994,98.9000015,264600.0,98.593071
2021-03-17 00:00:00,100.5100021,100.5500031,101.3899994,99.4899979,317400.0,99.4639206
2021-03-18 00:00:00,100.0400009,101.75,102.25,99.8899994,443200.0,98.9988174
2021-03-19 00:00:00,98.9599991,99.1900024,100.0199966,97.8799973,985300.0,97.9300461
2021-03-22 00:00:00,98.1699982,98.2099991,98.8499985,97.4400024,392200.0,97.1482697
2021-03-23 00:00:00,96.25,97.2699966,98.3199997,95.7699966,495000.0,95.2482605
2021-03-24 00:00:00,96.6500015,96.9499969,98.25,96.6100006,391600.0,95.6440964
2021-03-25 00:00:00,98.1399994,96.7200012,98.4100037,95.5299988,463000.0,97.1185837
2021-03-26 00:00:00,98.4599991,99.1900024,99.1900024,97.4100037,381500.0,97.4352493
2021-03-29 00:00:00,97.3199997,97.2600021,98.3399963,96.3799973,373700.0,96.3071136
2021-03-30 00:00:00,98.3199997,97.6800003,98.6200027,97.2699966,291500.0,97.2967148
2021-03-31 00:00:00,96.6299973,97.6699982,98.4700012,96.5999985,466300.0,95.6242981
2021-04-01 00:00:00,98.6900024,95.9599991,98.7300034,95.9199982,371700.0,97.8633957
2021-04-05 00:00:00,98.6900024,99.4000015,100.0100021,98.3700027,303400.0,97.8633957
2021-04-06 00:00:00,98.9199982,98.6399994,99.3300018,98.25,510300.0,98.0914612
2021-04-07 00:00:00,98.8899994,98.6600037,99.6399994,98.2799988,243700.0,98.0617142
2021-04-08 00:00:00,97.9800034,98.2399979,98.5299988,97.6600037,227000.0,97.1593399
2021-04-09 00:00:00,99.4100037,99.0299988,99.4100037,98.4300003,345000.0,98.5773621
2021-04-12 00:00:00,100.8000031,99.7900009,101.25,99.1800003,444600.0,99.9557114
2021-04-13 00:00:00,100.6399994,100.25,101.0299988,99.6399994,369900.0,99.7970581
2021-04-14 00:00:00,101.7600021,100.4400024,101.8499985,100.4400024,371100.0,100.9076691
2021-04-15 00:00:00,102.0999985,101.9899979,102.3600006,101.1299973,319300.0,101.2448273
2021-04-16 00:00:00,104.4100037,103.4300003,104.6200027,103.4100037,492900.0,103.5354767
2021-04-19 00:00:00,104.2699966,104.6800003,105.0500031,103.9100037,320300.0,103.3966446
2021-04-20 00:00:00,103.3199997,103.8300018,104.1999969,102.8099976,560700.0,102.4546051
2021-04-21 00:00:00,105.3700027,103.6800003,105.5800018,103.2399979,474900.0,104.487442
2021-04-22 00:00:00,102.1100006,104.8399963,104.8399963,101.2600021,538700.0,101.2547455
2021-04-23 00:00:00,103.0800018,102.1399994,103.6500015,102.1399994,344600.0,102.2166138
2021-04-26 00:00:00,102.4700012,103.5699997,104.6200027,102.4100037,295800.0,101.6117249
2021-04-27 00:00:00,102.6999969,102.0500031,103.0599976,101.8899994,316700.0,101.839798
2021-04-28 00:00:00,102.3099976,103.1800003,103.1900024,102.2200012,251000.0,101.453064
2021-04-29 00:00:00,103.4300003,103.1500015,103.8099976,102.6600037,303800.0,102.5636826
2021-04-30 00:00:00,102.4899979,103.1800003,103.5199966,102.1699982,418700.0,101.6315536
2021-05-03 00:00:00,103.3300018,103.7699966,104.1999969,103.1600037,428500.0,102.4645233
2021-05-04 00:00:00,103.9599991,102.9400024,104.1100006,102.5599976,351300.0,103.0892487
2021-05-05 00:00:00,105.2300034,103.9100037,105.2600021,103.5999985,383900.0,104.3486099
2021-05-06 00:00:00,106.2799988,105.6900024,106.4199982,104.6999969,393300.0,105.3898163
2021-05-07 00:00:00,105.9899979,104.6100006,106.1100006,104.3399963,349900.0,105.1022415
2021-05-10 00:00:00,105.8600006,106.6200027,108.2200012,105.8300018,319000.0,104.9733353
2021-05-11 00:00:00,103.9100037,105.0999985,105.6699982,103.8300018,349600.0,103.0396652
2021-05-12 00:00:00,102.1200027,104.5,104.5,101.8700027,328200.0,101.2646561
2021-05-13 00:00:00,105.0999985,101.6800003,105.5599976,101.6800003,335600.0,104.219696
2021-05-14 00:00:00,106.4300003,105.1900024,106.8000031,104.6999969,233100.0,105.538559
2021-05-17 00:00:00,105.7900009,106.2099991,106.5299988,105.2799988,316000.0,104.9039154
2021-05-18 00:00:00,105.1800003,105.5500031,106.4599991,105.0999985,278900.0,104.2990189
2021-05-19 00:00:00,105.0400009,104.0500031,105.1200027,103.4000015,333700.0,104.1601944
2021-05-20 00:00:00,104.6900024,105.0899963,105.2300034,103.6399994,260600.0,103.8131332
2021-05-21 00:00:00,105.4700012,105.0100021,106.1699982,104.7900009,266300.0,104.5865936
2021-05-24 00:00:00,105.3399963,105.6600037,105.6699982,104.9100037,245400.0,104.4576797
2021-05-25 00:00:00,103.6900024,105.0999985,106.0800018,103.3499985,353600.0,102.8215027
2021-05-26 00:00:00,103.9899979,104.3899994,104.4499969,103.1999969,385200.0,103.1190033
2021-05-27 00:00:00,105.1900024,104.9700012,105.4100037,104.5400009,499200.0,104.3089523
2021-05-28 00:00:00,105.4199982,105.7399979,105.8000031,104.7399979,285800.0,104.5370102
2021-06-01 00:00:00,105.9800034,106.3199997,106.9199982,105.2200012,319200.0,105.0923386
2021-06-02 00:00:00,106.0899963,106.0800018,106.5400009,105.2200012,321800.0,105.2014008
2021-06-03 00:00:00,106.3199997,105.5100021,106.7099991,105.0899963,277800.0,105.4294815
2021-06-04 00:00:00,106.4899979,106.0599976,106.6500015,105.3199997,209000.0,105.598053
2021-06-07 00:00:00,106.4700012,107.0,107.0,106.0899963,276700.0,105.5782166
2021-06-08 00:00:00,106.3799973,105.9000015,106.6299973,104.9499969,305100.0,105.4889755
2021-06-09 00:00:00,104.8199997,105.9800034,106.0400009,104.7399979,314700.0,103.9420471
2021-06-10 00:00:00,103.5500031,105.6100006,105.6100006,103.4199982,257700.0,102.6826782
2021-06-11 00:00:00,104.1600037,103.8099976,104.3899994,103.2600021,274100.0,103.2875748
2021-06-14 00:00:00,102.9700012,104.0500031,104.1100006,102.5199966,236300.0,102.1075439
2021-06-15 00:00:00,104.1600037,103.2399979,104.6600037,102.6600037,433800.0,103.2875748
2021-06-16 00:00:00,103.0599976,104.0100021,104.1699982,102.6100006,484400.0,102.1967773
2021-06-17 00:00:00,98.1100006,103.6100006,103.7900009,98.0800018,541700.0,97.2882462
2021-06-18 00:00:00,92.25,95.4599991,96.5400009,91.8600006,1855900.0,91.4773254
2021-06-21 00:00:00,95.6999969,93.0800018,95.8600006,93.0800018,817000.0,94.8984299
2021-06-22 00:00:00,95.0500031,95.6999969,95.7300034,94.2399979,486200.0,94.2538757
2021-06-23 00:00:00,95.0500031,95.4400024,96.0699997,94.8799973,547500.0,94.2538757
2021-06-24 00:00:00,96.3000031,95.2799988,96.8799973,94.9800034,630700.0,95.4934158
2021-06-25 00:00:00,98.0199966,96.8099976,98.4000015,96.2799988,453500.0,97.1989975
2021-06-28 00:00:00,96.1900024,97.7399979,97.9800034,96.0400009,429600.0,95.3843231
2021-06-29 00:00:00,95.1600037,96.8700027,97.4300003,95.0800018,377600.0,94.3629532
2021-06-30 00:00:00,95.25,94.6800003,95.4199982,94.4400024,700700.0,94.4522018
2021-07-01 00:00:00,96.6600037,95.6200027,96.7699966,95.1299973,740800.0,96.0500565
2021-07-02 00:00:00,95.7900009,96.4599991,96.9000015,95.4599991,315900.0,95.1855392
2021-07-06 00:00:00,94.0699997,95.6999969,95.6999969,93.2200012,555200.0,93.4763947
2021-07-07 00:00:00,94.6399994,93.1800003,94.8700027,93.1800003,473300.0,94.0427933
2021-07-08 00:00:00,91.7399979,92.5699997,92.9100037,91.1999969,649300.0,91.1610947
2021-07-09 00:00:00,94.4599991,92.9700012,94.5199966,92.7900009,331500.0,93.8639297
2021-07-12 00:00:00,94.5,93.6699982,94.5999985,93.1399994,310700.0,93.9036713
2021-07-13 00:00:00,94.0699997,94.0899963,94.4400024,93.6100006,356400.0,93.4763947
2021-07-14 00:00:00,93.7699966,93.9100037,95.0699997,93.2900009,280500.0,93.1782761
2021-07-15 00:00:00,94.4899979,92.5199966,94.6200027,92.4499969,270200.0,93.8937378
2021-07-16 00:00:00,94.0500031,95.3199997,95.3199997,93.7799988,324400.0,93.4565201
2021-07-19 00:00:00,90.6299973,92.1399994,92.5100021,90.0800018,492200.0,90.0580978
2021-07-20 00:00:00,93.0999985,90.8899994,94.0299988,90.8899994,431400.0,92.5125122
2021-07-21 00:00:00,93.8499985,94.0699997,95.5,93.2900009,331000.0,93.257782
2021-07-22 00:00:00,92.9100037,93.9499969,94.5,92.3099976,615500.0,92.3237152
2021-07-23 00:00:00,93.3600006,93.5199966,94.25,92.9700012,553400.0,92.770874
2021-07-26 00:00:00,93.8600006,93.4000015,94.7200012,93.1399994,607100.0,93.2677231
2021-07-27 00:00:00,93.4100037,92.8799973,94.3099976,92.3700027,316100.0,92.8205643
2021-07-28 00:00:00,93.1399994,93.8000031,94.3799973,92.7399979,331600.0,92.5522614
2021-07-29 00:00:00,94.2300034,94.0500031,95.1800003,93.2900009,343800.0,93.6353836
2021-07-30 00:00:00,93.1100006,93.7300034,94.6900024,92.8899994,472000.0,92.5224457
2021-08-02 00:00:00,92.6999969,93.8499985,94.8899994,92.5299988,399100.0,92.115036
2021-08-03 00:00:00,92.3499985,93.2699966,93.5100021,91.5299988,379100.0,91.7672501
2021-08-04 00:00:00,91.5999985,91.25,92.7200012,91.0199966,405300.0,91.0219803
2021-08-05 00:00:00,92.6200027,92.4199982,93.4300003,91.7799988,251500.0,92.0355453
2021-08-06 00:00:00,94.1299973,93.8700027,94.6200027,93.4899979,309000.0,93.5360107
2021-08-09 00:00:00,94.2799988,93.9599991,94.9300003,93.4100037,262700.0,93.6850662
2021-08-10 00:00:00,95.6299973,94.4000015,96.0500031,93.8799973,387900.0,95.0265427
2021-08-11 00:00:00,97.4899979,95.9400024,97.5899963,95.1999969,371800.0,96.8748169
2021-08-12 00:00:00,96.6800003,97.4899979,97.6800003,96.4499969,224200.0,96.0699234
2021-08-13 00:00:00,96.4000015,96.4400024,96.6699982,96.1100006,204800.0,95.7916946
2021-08-16 00:00:00,96.2699966,95.7399979,97.1999969,95.3700027,365600.0,95.6625061
2021-08-17 00:00:00,96.1600037,95.6299973,96.6100006,95.2600021,237800.0,95.5531998
2021-08-18 00:00:00,95.6100006,95.6800003,96.6800003,95.2200012,269200.0,95.0066833
2021-08-19 00:00:00,94.8700027,94.8399963,95.9599991,94.3300018,251100.0,94.271347
2021-08-20 00:00:00,94.9800034,94.6600037,95.1800003,94.1600037,311500.0,94.3806534
2021-08-23 00:00:00,95.8700027,95.8499985,96.5400009,95.4800034,330700.0,95.2650375
2021-08-24 00:00:00,96.5500031,96.0400009,96.8499985,95.9199982,172800.0,95.9407501
2021-08-25 00:00:00,97.1500015,96.9499969,97.8799973,96.2399979,208200.0,96.5369568
2021-08-26 00:00:00,95.5999985,97.5699997,97.6399994,95.4000015,244000.0,94.9967422
2021-08-27 00:00:00,96.9499969,95.7399979,97.3799973,95.4100037,179500.0,96.3382111
2021-08-30 00:00:00,95.9800034,97.3300018,97.3300018,95.8499985,222100.0,95.3743439
2021-08-31 00:00:00,96.0699997,95.6200027,97.0299988,95.6200027,400700.0,95.4637756
2021-09-01 00:00:00,95.5,96.2099991,96.4700012,94.9499969,273000.0,94.897377
2021-09-02 00:00:00,94.8000031,95.7699966,95.9499969,94.5400009,255500.0,94.2017899
2021-09-03 00:00:00,94.2900009,94.6699982,94.8000031,93.8899994,247700.0,93.6949997
2021-09-07 00:00:00,93.1100006,94.1500015,94.7699966,92.9300003,407500.0,92.5224457
2021-09-08 00:00:00,92.9000015,93.0800018,93.4199982,92.2799988,291300.0,92.3137817
2021-09-09 00:00:00,93.0899963,92.5,94.2200012,92.5,223300.0,92.5025711
2021-09-10 00:00:00,92.0299988,93.7200012,93.9800034,91.9599991,223300.0,91.4492645
2021-09-13 00:00:00,93.1900024,92.8700027,93.8000031,92.4499969,216600.0,92.6019516
2021-09-14 00:00:00,92.1200027,93.5699997,93.5800018,92.0,276300.0,91.5387039
2021-09-15 00:00:00,92.2799988,92.0299988,92.7600021,91.9499969,265500.0,91.6976776
2021-09-16 00:00:00,91.8499985,92.3199997,93.0699997,91.2699966,258700.0,91.270401
2021-09-17 00:00:00,89.6699982,91.3700027,92.3499985,89.3300018,1514200.0,89.1041565
2021-09-20 00:00:00,87.8399963,87.6699982,88.3300018,86.2099991,490100.0,87.2857056
2021-09-21 00:00:00,86.5699997,88.3700027,88.4300003,86.2399979,336200.0,86.0237198
2021-09-22 00:00:00,87.9100037,87.4499969,88.4700012,86.9199982,412400.0,87.3552704
2021-09-23 00:00:00,89.0,88.9499969,90.2099991,88.7699966,314500.0,88.438385
2021-09-24 00:00:00,88.7600021,89.0199966,90.3099976,88.6999969,281600.0,88.1998978
2021-09-27 00:00:00,90.9800034,89.5400009,91.6600037,89.0,308000.0,90.4058914
2021-09-28 00:00:00,89.7300034,91.3099976,92.1200027,89.6900024,359700.0,89.1637878
2021-09-29 00:00:00,90.0999985,89.7900009,90.6200027,89.2699966,216500.0,89.5314484
2021-09-30 00:00:00,89.0299988,90.6100006,90.7900009,89.0199966,523700.0,88.4681931
2021-10-01 00:00:00,90.2699966,89.4000015,90.8700027,88.6999969,372000.0,89.9003067
2021-10-04 00:00:00,89.8600006,89.8399963,91.6100006,89.4400024,400200.0,89.4919815
2021-10-05 00:00:00,91.5999985,90.6800003,91.8099976,89.6699982,458600.0,91.2248611
2021-10-06 00:00:00,92.5,90.6500015,92.6500015,90.1500015,491200.0,92.12117
2021-10-07 00:00:00,93.9199982,93.5599976,95.1200027,92.8899994,400400.0,93.5353546
2021-10-08 00:00:00,94.4199982,93.6399994,94.9499969,93.5999985,311300.0,94.0333099
2021-10-11 00:00:00,93.5500031,94.9499969,95.5199966,93.5400009,221700.0,93.1668777
2021-10-12 00:00:00,94.0500031,93.2099991,94.3000031,93.2099991,401600.0,93.6648254
2021-10-13 00:00:00,94.0,94.0,94.2799988,92.5100021,308800.0,93.615036
2021-10-14 00:00:00,96.1900024,95.1900024,96.2200012,94.3899994,228700.0,95.7960587
2021-10-15 00:00:00,97.4599991,96.9800034,98.1500015,96.7300034,388200.0,97.0608597
2021-10-18 00:00:00,97.0299988,97.0299988,97.7099991,96.5299988,435000.0,96.6326218
2021-10-19 00:00:00,97.4800034,97.6699982,98.4100037,97.1999969,387700.0,97.0807877
2021-10-20 00:00:00,98.4800034,97.1200027,98.5400009,97.0899963,277800.0,98.076683
2021-10-21 00:00:00,93.3700027,91.8499985,94.4599991,91.8399963,790200.0,92.9876099
2021-10-22 00:00:00,93.1999969,93.3000031,94.2200012,92.7200012,418700.0,92.818306
2021-10-25 00:00:00,92.75,93.1699982,93.7099991,92.0199966,605900.0,92.3701553
2021-10-26 00:00:00,91.6999969,92.9800034,93.3899994,91.6900024,484200.0,91.3244476
2021-10-27 00:00:00,90.9100037,91.3399963,92.5299988,90.8399963,435300.0,90.5376892
2021-10-28 00:00:00,91.0500031,91.2600021,91.8199997,90.7900009,398800.0,90.6771164
2021-10-29 00:00:00,89.0199966,91.1200027,91.3399963,88.8000031,673700.0,88.655426
2021-11-01 00:00:00,91.5100021,89.3700027,91.6500015,89.3700027,638500.0,91.135231
2021-11-02 00:00:00,91.9800034,91.5,92.2200012,90.9000015,398500.0,91.6033096
2021-11-03 00:00:00,92.4899979,92.0,93.2200012,91.7300034,594300.0,92.1112137
2021-11-04 00:00:00,92.5599976,92.2900009,92.6399994,91.5999985,479100.0,92.1809235
2021-11-05 00:00:00,94.8499985,93.5999985,95.5100021,93.4100037,729300.0,94.4615479
2021-11-08 00:00:00,93.8700027,95.3399963,96.0899963,93.6299973,468600.0,93.4855652
2021-11-09 00:00:00,92.3399963,93.0599976,93.5400009,92.2699966,499700.0,91.9618301
2021-11-10 00:00:00,92.7699966,92.7600021,93.6100006,92.3700027,384100.0,92.3900604
2021-11-11 00:00:00,93.3499985,92.5100021,93.4199982,92.4499969,382700.0,92.9676971
2021-11-12 00:00:00,94.4199982,93.1999969,94.5599976,92.4300003,356800.0,94.0333099
2021-11-15 00:00:00,94.5800018,95.0100021,95.0299988,93.7200012,341800.0,94.1926575
2021-11-16 00:00:00,94.6600037,94.9800034,95.5100021,94.3499985,614200.0,94.2723312
2021-11-17 00:00:00,94.1999969,94.2900009,94.8000031,93.4199982,405200.0,93.814209
2021-11-18 00:00:00,93.1500015,93.9000015,94.3300018,92.8499985,452200.0,92.7685165
2021-11-19 00:00:00,92.4499969,92.3399963,93.3399963,91.9700012,709100.0,92.0713806
2021-11-22 00:00:00,92.8099976,93.3000031,93.9300003,92.1500015,542200.0,92.4299088
2021-11-23 00:00:00,94.6299973,93.3199997,94.7699966,92.8199997,463000.0,94.2424469
2021-11-24 00:00:00,93.5599976,94.4199982,94.6100006,93.4400024,388800.0,93.1768341
2021-11-26 00:00:00,89.0800018,89.7699966,90.3199997,87.9700012,434400.0,88.7151794
2021-11-29 00:00:00,88.4700012,90.1299973,90.2600021,88.1399994,565200.0,88.1076813
2021-11-30 00:00:00,86.5400009,87.1600037,88.2799988,86.2799988,1802300.0,86.185585
2021-12-01 00:00:00,85.2600021,88.6299973,89.0,85.25,839800.0,84.9108276
2021-12-02 00:00:00,88.9199982,86.0699997,89.6600037,85.6399994,625300.0,88.5558395
2021-12-03 00:00:00,88.9100037,88.9599991,89.6999969,88.4400024,499900.0,88.5458755
2021-12-06 00:00:00,91.4400024,90.6500015,92.6100006,89.8600006,652500.0,91.0655212
2021-12-07 00:00:00,91.8399963,91.8399963,92.5699997,91.6299973,590600.0,91.4638748
2021-12-08 00:00:00,92.1100006,91.9300003,92.7900009,91.8799973,251100.0,91.7327728
2021-12-09 00:00:00,91.6699982,91.1200027,92.4300003,91.0400009,356700.0,91.2945709
2021-12-10 00:00:00,91.9199982,92.3199997,92.4899979,91.0100021,291100.0,91.5435486
2021-12-13 00:00:00,91.2900009,91.6399994,91.8199997,90.8600006,318900.0,90.9161301
2021-12-14 00:00:00,91.8000031,91.4199982,93.1299973,90.9700012,382900.0,91.4240494
2021-12-15 00:00:00,92.2399979,92.1100006,92.6600037,91.0400009,931800.0,91.862236
2021-12-16 00:00:00,91.8300018,93.0800018,93.4800034,91.5400009,922300.0,91.4539261
2021-12-17 00:00:00,89.6800003,91.6999969,91.6999969,89.6200027,1409900.0,89.3127213
2021-12-20 00:00:00,86.8600006,88.4800034,88.4899979,85.4400024,897100.0,86.5042725
2021-12-21 00:00:00,90.7300034,87.9800034,91.1500015,87.4300003,857500.0,90.358429
2021-12-22 00:00:00,91.7600021,90.4899979,91.8399963,90.2099991,443900.0,91.3842087
2021-12-23 00:00:00,92.6999969,92.5500031,93.25,91.75,286100.0,92.3203506
2021-12-27 00:00:00,93.3000031,92.5299988,93.3700027,92.25,220200.0,92.9179001
2021-12-28 00:00:00,94.1600037,93.2300034,94.7600021,93.2300034,219400.0,93.7743759
2021-12-29 00:00:00,94.6800003,94.4899979,94.8600006,94.2399979,258600.0,94.2922516
2021-12-30 00:00:00,94.1399994,94.7300034,95.75,94.1299973,268600.0,93.7544556
2021-12-31 00:00:00,93.7200012,93.9899979,94.6600037,93.7099991,244700.0,93.336174
2022-01-03 00:00:00,94.9400024,94.5599976,95.9400024,94.5599976,381900.0,94.5511856
2022-01-04 00:00:00,97.3899994,95.8700027,97.8700027,95.75,437000.0,96.9911499
2022-01-05 00:00:00,97.4400024,98.1200027,99.0899963,97.2300034,689700.0,97.0409393
2022-01-06 00:00:00,98.9899979,98.9599991,99.2300034,97.5899963,420700.0,98.7853317
2022-01-07 00:00:00,100.7200012,99.1999969,100.9599991,98.9899979,592400.0,100.5117569
2022-01-10 00:00:00,101.0100021,101.5299988,101.8000031,99.8700027,641100.0,100.8011551
2022-01-11 00:00:00,102.0999985,101.3000031,102.2600021,100.1200027,447500.0,101.8889008
2022-01-12 00:00:00,104.25,104.0400009,105.9499969,102.7399979,738800.0,104.0344543
2022-01-13 00:00:00,104.1600037,104.7099991,105.8000031,103.8099976,639100.0,103.9446487
2022-01-14 00:00:00,105.9700012,102.9499969,106.0,102.2300034,457600.0,105.7509003
2022-01-18 00:00:00,105.1200027,106.0,106.4899979,103.5400009,483400.0,104.9026566
2022-01-19 00:00:00,104.0999985,105.5299988,105.5299988,103.4100037,406400.0,103.8847656
2022-01-20 00:00:00,103.3099976,104.2300034,105.6999969,103.1600037,458600.0,103.0963974
2022-01-21 00:00:00,100.9899979,103.2200012,103.2200012,100.7699966,504000.0,100.7811966
2022-01-24 00:00:00,102.0599976,99.7900009,102.3600006,98.2799988,498100.0,101.8489838
2022-01-25 00:00:00,102.5699997,100.7099991,103.6500015,98.4800034,660000.0,102.357933
2022-01-26 00:00:00,102.6600037,103.2200012,104.8099976,102.0400009,506900.0,102.4477463
2022-01-27 00:00:00,101.0999985,103.5500031,104.3399963,100.1999969,523700.0,100.8909683
2022-01-28 00:00:00,102.0400009,100.7699966,102.0800018,98.9400024,497200.0,101.8290253
2022-01-31 00:00:00,102.3000031,101.1699982,102.4199982,101.1500015,516600.0,102.0884933
2022-02-01 00:00:00,102.75,101.8600006,103.3199997,100.7099991,682300.0,102.5375595
2022-02-02 00:00:00,104.0100021,102.3199997,104.2900009,102.2799988,607900.0,103.7949524
2022-02-03 00:00:00,102.4199982,104.3000031,104.3199997,100.7799988,732000.0,102.2082367
2022-02-04 00:00:00,103.8700027,102.1900024,104.9800034,101.7699966,390400.0,103.6552429
2022-02-07 00:00:00,103.7900009,104.0800018,105.0199966,103.6999969,379400.0,103.5754089
2022-02-08 00:00:00,105.9700012,104.7900009,106.3399963,104.0999985,607100.0,105.7509003
2022-02-09 00:00:00,106.2399979,106.1200027,107.4499969,106.1200027,418700.0,106.02034
2022-02-10 00:00:00,106.1200027,105.9199982,108.6100006,105.5199966,602200.0,105.900589
2022-02-11 00:00:00,105.2799988,105.8000031,107.4300003,104.6200027,580800.0,105.0623245
2022-02-14 00:00:00,104.0299988,105.2799988,105.4300003,103.3199997,631600.0,103.8149109
2022-02-15 00:00:00,105.5400009,105.2600021,106.5,105.1600037,511800.0,105.3217926
2022-02-16 00:00:00,105.8899994,104.8600006,106.3499985,104.8600006,421300.0,105.6710663
2022-02-17 00:00:00,104.6399994,104.6200027,105.0999985,103.6500015,718400.0,104.4236526
2022-02-18 00:00:00,105.0800018,104.1600037,105.5500031,104.1600037,818800.0,104.8627396
2022-02-22 00:00:00,104.0,105.0800018,105.3300018,103.0699997,497600.0,103.7849731
2022-02-23 00:00:00,103.2300034,104.6399994,105.3000031,102.8499985,444100.0,103.016571
2022-02-24 00:00:00,100.0999985,100.4400024,100.8499985,97.9899979,907700.0,99.8930359
2022-02-25 00:00:00,103.5599976,100.8199997,104.1500015,100.8199997,729100.0,103.3458786
2022-02-28 00:00:00,100.9599991,101.0100021,101.7699966,100.2200012,1080000.0,100.7512589
2022-03-01 00:00:00,97.0,99.6800003,100.2399979,96.6900024,1129800.0,96.7994461
2022-03-02 00:00:00,99.9400024,98.1600037,100.6999969,97.7900009,510400.0,99.7333679
2022-03-03 00:00:00,99.6299973,100.2200012,100.5599976,98.8399963,396100.0,99.4240036
2022-03-04 00:00:00,97.1900024,97.1900024,97.8700027,96.0,560100.0,96.9890594
2022-03-07 00:00:00,94.2399979,96.0899963,96.2600021,94.1100006,495100.0,94.0451508
2022-03-08 00:00:00,94.6399994,95.4499969,95.9300003,93.6699982,837200.0,94.4443283
2022-03-09 00:00:00,97.4499969,97.7200012,99.1100006,97.3199997,666000.0,97.2485123
2022-03-10 00:00:00,96.0800018,96.0400009,97.9199982,95.4700012,659400.0,95.8813477
2022-03-11 00:00:00,96.8499985,96.6999969,97.8899994,96.4400024,673200.0,96.6497574
2022-03-14 00:00:00,97.1399994,98.75,99.2099991,96.75,350900.0,96.9391556
2022-03-15 00:00:00,97.7200012,97.8399963,98.6299973,96.8399963,552000.0,97.5179596
2022-03-16 00:00:00,99.4599991,98.75,99.7200012,97.9899979,756300.0,99.2543564
2022-03-17 00:00:00,98.6200027,98.9199982,98.9199982,97.5699997,630200.0,98.4160995
2022-03-18 00:00:00,98.2300034,98.4899979,98.4899979,96.9100037,1138000.0,98.0269089
2022-03-21 00:00:00,99.5100021,99.0199966,99.5199966,97.8700027,725500.0,99.3042603
2022-03-22 00:00:00,101.3899994,100.8600006,102.2399979,100.4899979,984500.0,101.1803665
2022-03-23 00:00:00,99.6399994,100.9800034,101.5400009,99.6100006,537400.0,99.4339905
2022-03-24 00:00:00,100.4300003,99.9499969,100.6999969,99.8099976,600200.0,100.2223511
2022-03-25 00:00:00,102.2699966,100.6100006,102.2699966,100.2900009,820500.0,102.058548
2022-03-28 00:00:00,102.0299988,102.2799988,102.2799988,101.3399963,752500.0,101.819046
2022-03-29 00:00:00,102.8899994,103.1900024,104.0899963,102.4700012,659000.0,102.677269
2022-03-30 00:00:00,102.0999985,103.0,103.3000031,101.7399979,484600.0,101.8889008
2022-03-31 00:00:00,100.5999985,101.5999985,103.0800018,100.5899963,775200.0,100.3919983
2022-04-01 00:00:00,100.5,101.2699966,101.75,100.0299988,448400.0,100.5
2022-04-04 00:00:00,99.0100021,99.9199982,100.0199966,98.5699997,584200.0,99.0100021
2022-04-05 00:00:00,100.8300018,98.7399979,101.4499969,98.7399979,661600.0,100.8300018
2022-04-06 00:00:00,101.5699997,100.5999985,102.3499985,100.3099976,806600.0,101.5699997
2022-04-07 00:00:00,101.5,101.3600006,101.9499969,99.9199982,674400.0,101.5
2022-04-08 00:00:00,102.5299988,102.0699997,103.0800018,101.1399994,504500.0,102.5299988
2022-04-11 00:00:00,102.8199997,102.9700012,104.8300018,102.5999985,560600.0,102.8199997
2022-04-12 00:00:00,101.4400024,102.4700012,103.75,100.9899979,407900.0,101.4400024
2022-04-13 00:00:00,102.3099976,100.6800003,102.4199982,100.3899994,414100.0,102.3099976
2022-04-14 00:00:00,102.9300003,102.4499969,103.4100037,102.2300034,373200.0,102.9300003
2022-04-18 00:00:00,101.8700027,102.2200012,103.4599991,101.6299973,341500.0,101.8700027
2022-04-19 00:00:00,102.6900024,102.5100021,102.8899994,101.5699997,600600.0,102.6900024
2022-04-20 00:00:00,105.3499985,103.2399979,105.5999985,103.1500015,541200.0,105.3499985
2022-04-21 00:00:00,105.9100037,106.0500031,106.6800003,104.4800034,776100.0,105.9100037
2022-04-22 00:00:00,103.4599991,105.1699982,105.5800018,103.3799973,715700.0,103.4599991
2022-04-25 00:00:00,102.0299988,102.6299973,102.9100037,98.9100037,721000.0,102.0299988
2022-04-26 00:00:00,100.0299988,100.5199966,102.0500031,99.9499969,526100.0,100.0299988
2022-04-27 00:00:00,100.5500031,100.2699966,101.8899994,100.0,373600.0,100.5500031
2022-04-28 00:00:00,101.7900009,101.4499969,101.8799973,99.8099976,451400.0,101.7900009
2022-04-29 00:00:00,98.0800018,101.2099991,101.3000031,97.9000015,479100.0,98.0800018
2022-05-02 00:00:00,98.0999985,98.6999969,99.5,96.4599991,353600.0,98.0999985
2022-05-03 00:00:00,99.0400009,98.5699997,99.6900024,98.0,360800.0,99.0400009
2022-05-04 00:00:00,102.0899963,99.2399979,102.1600037,98.75,437500.0,102.0899963
2022-05-05 00:00:00,99.4599991,100.8000031,101.3799973,98.6999969,457900.0,99.4599991
2022-05-06 00:00:00,100.0299988,99.3899994,100.6999969,98.6100006,416000.0,100.0299988
2022-05-09 00:00:00,98.5400009,99.0999985,99.9599991,98.0299988,333400.0,98.5400009
2022-05-10 00:00:00,97.3499985,99.1100006,99.9400024,96.3899994,378500.0,97.3499985
2022-05-11 00:00:00,97.1600037,97.8399963,99.2099991,97.0899963,469700.0,97.1600037
2022-05-12 00:00:00,95.1500015,97.1900024,97.1900024,93.5400009,658500.0,95.1500015
2022-05-13 00:00:00,96.1800003,95.6800003,97.2099991,95.4800034,607200.0,96.1800003
2022-05-16 00:00:00,96.2699966,95.8899994,97.1900024,94.9499969,596800.0,96.2699966
2022-05-17 00:00:00,98.2799988,97.9700012,98.5299988,96.8899994,574000.0,98.2799988
2022-05-18 00:00:00,95.8099976,97.8000031,97.8000031,95.5,405300.0,95.8099976
2022-05-19 00:00:00,93.8799973,94.6399994,95.4199982,92.5,517800.0,93.8799973
2022-05-20 00:00:00,93.5599976,94.4000015,95.0999985,91.8399963,479400.0,93.5599976
2022-05-23 00:00:00,95.6600037,95.2300034,96.1399994,94.5500031,403300.0,95.6600037
2022-05-24 00:00:00,94.7399979,95.5800018,95.5800018,92.8300018,393300.0,94.7399979
2022-05-25 00:00:00,95.2099991,94.1200027,95.5,94.0999985,507800.0,95.2099991
