date,close,open,high,low,volume,adjclose
2012-05-14 00:00:00,24.6280003,24.5319996,24.8360004,24.4239998,1832000.0,22.0828285
2012-05-15 00:00:00,24.4080009,24.7019997,24.9960003,24.3360004,3487500.0,21.8855705
2012-05-16 00:00:00,24.3479996,24.5020008,25.0240002,24.3419991,2646500.0,21.8317699
2012-05-17 00:00:00,24.2679996,24.8719997,25.2579994,24.25,3006000.0,21.7600384
2012-05-18 00:00:00,24.7180004,24.4139996,25.0079994,24.3939991,5374500.0,22.1635342
2012-05-21 00:00:00,25.0179996,24.7119999,25.0319996,24.6060009,2817500.0,22.4325294
2012-05-22 00:00:00,24.9360008,25.6019993,25.9759998,24.8120003,4661500.0,22.3590107
2012-05-23 00:00:00,24.8759995,24.9360008,24.948,24.4139996,2320000.0,22.3052101
2012-05-24 00:00:00,24.7900009,25.052,25.2339993,24.5240002,2072000.0,22.228096
2012-05-25 00:00:00,25.0979996,24.8379993,25.3180008,24.6779995,2528000.0,22.5042572
2012-05-29 00:00:00,25.0200005,25.3139992,25.3659992,24.7280006,2623000.0,22.4343281
2012-05-30 00:00:00,24.4540005,24.7779999,24.7779999,24.1739998,3710500.0,21.9268227
2012-05-31 00:00:00,24.4899998,24.4899998,24.6700001,24.0760002,2729500.0,21.9590988
2012-06-01 00:00:00,23.6940002,24.1739998,24.2600002,23.684,2575500.0,21.2453575
2012-06-04 00:00:00,23.8579998,23.8780003,23.9820004,23.5639992,3368500.0,21.3924141
2012-06-05 00:00:00,25.1299992,23.7240009,25.1720009,23.7240009,6831000.0,22.5329475
2012-06-06 00:00:00,25.6720009,25.1819992,25.6720009,24.9440002,4577500.0,23.0189476
2012-06-07 00:00:00,25.5359993,25.9080009,25.9619999,25.4939995,3257500.0,22.8969975
2012-06-08 00:00:00,25.5779991,25.3899994,25.5779991,25.1560001,2581000.0,22.9346581
2012-06-11 00:00:00,25.3519993,25.7199993,25.8759995,25.3339996,2370500.0,22.7320156
2012-06-12 00:00:00,25.5680008,25.4179993,25.6720009,25.1900005,1641000.0,22.9256897
2012-06-13 00:00:00,25.1940002,25.9279995,25.9279995,25.1299992,2247000.0,22.5903397
2012-06-14 00:00:00,25.7579994,25.3840008,25.7940006,25.25,3624000.0,23.0960598
2012-06-15 00:00:00,26.9599991,26.2320004,27.1819992,26.2320004,6557500.0,24.1738377
2012-06-18 00:00:00,27.2479992,26.8379993,27.4459991,26.7040005,3337500.0,24.4320755
2012-06-19 00:00:00,27.1119995,27.4580002,27.4580002,26.9300003,2576000.0,24.3101234
2012-06-20 00:00:00,26.9759998,27.1660004,27.2000008,26.7600002,1722500.0,24.1881828
2012-06-21 00:00:00,26.2639999,27.0219994,27.2980003,26.1720009,2123500.0,23.5497589
2012-06-22 00:00:00,26.6359997,26.2679996,26.7199993,26.2380009,1963000.0,23.8833237
2012-06-25 00:00:00,26.2579994,26.6000004,26.6000004,26.0939999,1692500.0,23.544384
2012-06-26 00:00:00,26.6720009,26.2460003,26.8719997,26.2460003,1873000.0,23.915596
2012-06-27 00:00:00,26.566,26.1380005,26.8299999,26.1380005,1842000.0,23.8205509
2012-06-28 00:00:00,26.8279991,26.382,26.8339996,26.2199993,1852500.0,24.0554695
2012-06-29 00:00:00,27.1959991,27.2420006,27.5179996,26.9020004,2884500.0,24.3854427
2012-07-02 00:00:00,27.1639996,28.3540001,28.3540001,26.3740005,3164000.0,24.3567505
2012-07-03 00:00:00,26.9799995,25.8740005,27.2280006,25.8740005,1552000.0,24.1917648
2012-07-05 00:00:00,26.948,27.1420002,27.2360001,26.8139992,1636000.0,24.1630745
2012-07-06 00:00:00,26.6599998,26.7299995,26.9120007,26.4799995,1154000.0,23.9048347
2012-07-09 00:00:00,26.5620003,26.6779995,26.8099995,26.3640003,1308000.0,23.8169651
2012-07-10 00:00:00,26.2959995,26.6520004,26.8780003,26.1720009,1808000.0,23.5784569
2012-07-11 00:00:00,26.7479992,26.2679996,26.8980007,26.198,2360500.0,23.9837456
2012-07-12 00:00:00,26.8479996,26.4740009,26.9979992,26.4239998,2811000.0,24.0734062
2012-07-13 00:00:00,27.4440002,26.8419991,27.4880009,26.816,2294500.0,24.6078167
2012-07-16 00:00:00,26.7999992,27.2199993,27.2199993,26.7080002,2739000.0,24.0303631
2012-07-17 00:00:00,27.2299995,26.9899998,27.2479992,26.8859997,1737500.0,24.4159317
2012-07-18 00:00:00,27.1340008,27.1580009,27.3519993,27.0459995,1311500.0,24.3298531
2012-07-19 00:00:00,26.7539997,27.1459999,27.2019997,26.6280003,1532500.0,23.9891205
2012-07-20 00:00:00,26.2180004,26.5599995,26.6660004,25.8899994,3710500.0,23.5085163
2012-07-23 00:00:00,26.2339993,25.802,26.3560009,25.7719994,2481000.0,23.5228691
2012-07-24 00:00:00,26.5,26.1900005,26.5259991,26.1340008,2540500.0,23.7613697
2012-07-25 00:00:00,26.1299992,26.5020008,26.7199993,25.9759998,4206500.0,23.4296093
2012-07-26 00:00:00,26.5459995,26.7940006,26.7940006,26.1639996,2916000.0,23.8026237
2012-07-27 00:00:00,26.8500004,26.7919998,27.1119995,26.4920006,1491000.0,24.075201
2012-07-30 00:00:00,26.4699993,26.7779999,26.9820004,26.3980007,2806500.0,23.7344685
2012-07-31 00:00:00,26.2439995,26.566,26.6959991,26.1159992,2727500.0,23.5318336
2012-08-01 00:00:00,25.8799992,26.816,27.1919994,25.6240005,4321000.0,23.2054482
2012-08-02 00:00:00,25.7420006,25.7619991,25.882,25.2439995,4662500.0,23.0817089
2012-08-03 00:00:00,26.4500008,26.1520004,26.5639992,25.9440002,2123500.0,23.7165451
2012-08-06 00:00:00,26.3999996,26.5380001,26.7759991,26.3560009,1361000.0,23.6717091
2012-08-07 00:00:00,26.4139996,26.5480003,26.7479992,26.4020004,1487000.0,23.6842613
2012-08-08 00:00:00,26.4500008,26.2600002,26.6580009,26.0680008,1332500.0,23.7165451
2012-08-09 00:00:00,26.5900002,26.3999996,26.7040005,26.3500004,1012500.0,23.8420753
2012-08-10 00:00:00,26.6520004,26.2740002,26.7380009,26.2740002,1270000.0,23.8976688
2012-08-13 00:00:00,26.7460003,26.4619999,26.7840004,26.382,1204000.0,23.9819546
2012-08-14 00:00:00,26.5160007,26.7999992,26.7999992,26.3759995,1009500.0,23.7757187
2012-08-15 00:00:00,26.5599995,26.5219994,26.7119999,26.4720001,1208000.0,23.8151684
2012-08-16 00:00:00,27.1259995,26.4699993,27.1819992,26.4699993,1338500.0,24.3226814
2012-08-17 00:00:00,27.0680008,27.2080002,27.2740002,26.8719997,1460500.0,24.2706738
2012-08-20 00:00:00,27.1240005,26.9419994,27.2280006,26.9060001,979000.0,24.3208885
2012-08-21 00:00:00,26.8780003,27.1000004,27.3239994,26.7199993,1518500.0,24.1003094
2012-08-22 00:00:00,27.2000008,26.9120007,27.2520008,26.6520004,1686000.0,24.3890343
2012-08-23 00:00:00,27.1459999,27.0400009,27.2240009,27.0400009,1612000.0,24.3406105
2012-08-24 00:00:00,27.4200001,26.9260006,27.4500008,26.8939991,1969500.0,24.586298
2012-08-27 00:00:00,27.5340004,27.4419994,27.6599998,27.2320004,2301500.0,24.6885166
2012-08-28 00:00:00,27.6739998,27.5,27.8999996,27.5,2009000.0,24.8140488
2012-08-29 00:00:00,27.4519997,27.7059994,27.7719994,27.3640003,2009000.0,24.6149883
2012-08-30 00:00:00,27.2700005,27.0300007,27.3120003,26.9640007,3403500.0,24.4517975
2012-08-31 00:00:00,27.3400002,27.3199997,27.4979992,27.1679993,1058000.0,24.5145607
2012-09-04 00:00:00,27.316,27.3460007,27.4020004,26.9120007,2656500.0,24.493042
2012-09-05 00:00:00,27.1079998,27.3279991,27.3999996,26.9220009,3112000.0,24.3065472
2012-09-06 00:00:00,27.3840008,27.2600002,27.4860001,27.1779995,3909000.0,24.5540161
2012-09-07 00:00:00,27.4260006,27.4699993,27.7240009,27.3099995,3960000.0,24.5916786
2012-09-10 00:00:00,27.1599998,27.4920006,27.6359997,27.1359997,3137000.0,24.3531628
2012-09-11 00:00:00,27.1499996,27.2560005,27.3139992,27.0900002,2911000.0,24.3441982
2012-09-12 00:00:00,27.1900005,27.2199993,27.2619991,27.1119995,2962000.0,24.3800678
2012-09-13 00:00:00,27.3700008,27.2000008,27.4459991,27.0639992,3677500.0,24.5414639
2012-09-14 00:00:00,28.0179996,27.6399994,28.118,27.3099995,5150000.0,25.1224957
2012-09-17 00:00:00,28.0799999,28.0300007,28.1779995,27.7479992,2930000.0,25.178091
2012-09-18 00:00:00,28.0739994,27.9559994,28.2299995,27.8360004,2646500.0,25.1727085
2012-09-19 00:00:00,27.6420002,28.0340004,28.1000004,27.5919991,2580500.0,24.7853546
2012-09-20 00:00:00,27.5599995,27.4379997,27.5620003,27.0540009,1930000.0,24.7118263
2012-09-21 00:00:00,27.5139999,27.6539993,27.7679996,27.5139999,2753500.0,24.6705837
2012-09-24 00:00:00,27.4300003,27.4500008,27.6040001,27.2779999,1187500.0,24.5952644
2012-09-25 00:00:00,27.0419998,27.4839993,27.6359997,27.0319996,1534500.0,24.2473583
2012-09-26 00:00:00,26.934,26.9960003,27.1060009,26.8920002,1954500.0,24.1505203
2012-09-27 00:00:00,27.0279999,27.1700001,27.3759995,26.9860001,1224500.0,24.2348099
2012-09-28 00:00:00,26.6819992,26.9960003,27.2460003,26.6359997,3649000.0,23.9245663
2012-10-01 00:00:00,26.3840008,26.7719994,26.9500008,26.3379993,3603000.0,23.657362
2012-10-02 00:00:00,26.0960007,26.5219994,26.5979996,25.9440002,4487500.0,23.3991241
2012-10-03 00:00:00,26.2999992,26.0960007,26.4139996,26.0139999,2705000.0,23.5820408
2012-10-04 00:00:00,26.4020004,26.3759995,26.5839996,26.1860008,2334000.0,23.6735077
2012-10-05 00:00:00,26.2000008,26.5380001,26.618,26.1340008,1668000.0,23.4923782
2012-10-08 00:00:00,26.0900002,26.1259995,26.2439995,26.0440006,1185000.0,23.3937435
2012-10-09 00:00:00,25.9360008,26.0860004,26.1800003,25.6679993,2477500.0,23.255661
2012-10-10 00:00:00,25.7360001,26.0139999,26.1119995,25.6380005,1777000.0,23.0763321
2012-10-11 00:00:00,25.8279991,25.9080009,25.9820004,25.7420006,2025000.0,23.1588154
2012-10-12 00:00:00,25.948,25.7859993,26.1019993,25.6760006,3762000.0,23.2664146
2012-10-15 00:00:00,25.802,26.1679993,26.1720009,25.6040001,2897000.0,23.1355
2012-10-16 00:00:00,26.2840004,25.9979992,26.3400002,25.8719997,1609500.0,23.5676994
2012-10-17 00:00:00,26.1560001,26.2159996,26.3320007,26.0480003,6843000.0,23.4529228
2012-10-18 00:00:00,26.0939999,26.1459999,26.2479992,26.0300007,2527500.0,23.3973293
2012-10-19 00:00:00,26.0400009,26.0900002,26.434,26.0279999,2672500.0,23.3489151
2012-10-22 00:00:00,26.3120003,26.1040001,26.3780003,25.8120003,2036000.0,23.5927982
2012-10-23 00:00:00,26.0760002,26.0119991,26.1620007,25.8400002,1433000.0,23.381197
2012-10-24 00:00:00,26.0939999,26.0919991,26.25,26.0319996,1037000.0,23.3973293
2012-10-25 00:00:00,26.1000004,26.2819996,26.2819996,25.7280006,1786000.0,23.40271
2012-10-26 00:00:00,26.2380009,26.1399994,26.3099995,26.0300007,1297000.0,23.5264492
2012-10-31 00:00:00,26.2000008,26.2380009,26.4500008,26.0119991,1760500.0,23.4923782
2012-11-01 00:00:00,26.2479992,25.9120007,26.2539997,25.9120007,2775000.0,23.5354195
2012-11-02 00:00:00,25.9659996,26.3719997,26.4920006,25.9200001,2125000.0,23.2825603
2012-11-05 00:00:00,26.6560001,25.8299999,26.7819996,25.7280006,2004000.0,23.9012489
2012-11-06 00:00:00,26.6900005,26.6060009,26.7639999,26.3579998,3253500.0,23.9317398
2012-11-07 00:00:00,26.3139992,26.5760002,26.6499996,26.1019993,1807000.0,23.5945911
2012-11-08 00:00:00,26.0760002,26.2940006,26.5720005,25.9780006,1745500.0,23.381197
2012-11-09 00:00:00,26.0599995,26.0760002,26.3360004,26.0279999,1188000.0,23.3668461
2012-11-12 00:00:00,26.1100006,26.1459999,26.25,25.8619995,1343500.0,23.4116783
2012-11-13 00:00:00,25.6679993,26.0179996,26.2679996,25.6340008,3638500.0,23.0153503
2012-11-14 00:00:00,25.5879993,25.6639996,25.8859997,25.5259991,3092500.0,22.9436264
2012-11-15 00:00:00,25.3479996,25.5960007,25.9759998,25.2140007,3223000.0,22.7284336
2012-11-16 00:00:00,25.5200005,25.3700008,25.6159992,25.2439995,2879000.0,22.882658
2012-11-19 00:00:00,26.0060005,25.7880001,26.0680008,25.7859993,2279500.0,23.3184204
2012-11-20 00:00:00,25.9740009,25.9239998,26.1299992,25.75,1611000.0,23.289732
2012-11-21 00:00:00,26.1040001,25.9599991,26.2220001,25.75,1430000.0,23.406292
2012-11-23 00:00:00,26.2380009,26.2059994,26.2460003,26.0060005,620500.0,23.5264492
2012-11-26 00:00:00,26.1620007,26.1159992,26.3080006,26.052,1219000.0,23.4583054
2012-11-27 00:00:00,25.9939995,26.1919994,26.2859993,25.9699993,1386000.0,23.3076611
2012-11-28 00:00:00,26.2000008,25.9659996,26.2259998,25.8899994,1075500.0,23.4923782
2012-11-29 00:00:00,26.4419994,26.3299999,26.4860001,26.0779991,1352000.0,23.7093658
2012-11-30 00:00:00,26.4300003,26.3939991,26.5020008,26.2259998,2113500.0,23.6986084
2012-12-03 00:00:00,26.3999996,26.448,26.6860008,26.3700008,1882000.0,23.6717091
2012-12-04 00:00:00,26.1700001,26.5300007,26.5340004,26.0499992,1923000.0,23.4654732
2012-12-05 00:00:00,26.0359993,26.1700001,26.2220001,25.8579998,1869000.0,23.3453293
2012-12-06 00:00:00,26.2280006,26.0319996,26.3299999,25.8040009,2056500.0,23.5174847
2012-12-07 00:00:00,26.1439991,26.3199997,26.4440002,26.0879993,1347500.0,23.4421635
2012-12-10 00:00:00,26.2000008,26.0599995,26.3540001,26.0359993,1450000.0,23.4923782
2012-12-11 00:00:00,25.8239994,26.2399998,26.3400002,25.7740002,3207500.0,23.1552334
2012-12-12 00:00:00,25.9400005,25.948,26.1140003,25.7700005,2101500.0,23.259243
2012-12-13 00:00:00,25.8439999,25.9599991,26.0559998,25.6940002,2100500.0,23.1731663
2012-12-14 00:00:00,25.5799999,25.8299999,25.9319992,25.5419998,1911500.0,22.9364491
2012-12-17 00:00:00,25.5680008,25.6459999,25.7259998,25.0419998,3420000.0,22.9256897
2012-12-18 00:00:00,25.6079998,25.684,25.8339996,25.4220009,4364000.0,22.9615555
2012-12-19 00:00:00,25.6620007,25.5799999,25.7360001,25.4160004,8459500.0,23.0099716
2012-12-20 00:00:00,26.0200005,27.0499992,27.0799999,24.6919994,68379000.0,23.3309784
2012-12-21 00:00:00,25.25,25.5060005,25.9360008,25.1959991,23741000.0,22.6405544
2012-12-24 00:00:00,25.0079994,25.2339993,25.3920002,24.9419994,3764500.0,22.423563
2012-12-26 00:00:00,25.0,25.0139999,25.1040001,24.8239994,3805500.0,22.4163952
2012-12-27 00:00:00,24.8439999,25.0540009,25.1580009,24.5440006,5796000.0,22.2765102
2012-12-28 00:00:00,24.7320004,24.6359997,24.8700008,24.5639992,3814500.0,22.1760883
2012-12-31 00:00:00,24.7619991,24.7140007,24.7679996,24.566,5579000.0,22.2029819
2013-01-02 00:00:00,24.9839993,25.1340008,25.2840004,24.8059998,7525000.0,22.4020405
2013-01-03 00:00:00,25.3840008,25.0359993,25.3899994,24.8540001,7744500.0,22.7607059
2013-01-04 00:00:00,25.9200001,25.3439999,26.0200005,25.2360001,7896000.0,23.241312
2013-01-07 00:00:00,25.382,25.6900005,25.7980003,25.368,5988000.0,22.7589073
2013-01-08 00:00:00,25.4360008,25.3360004,25.4559994,25.1000004,9003000.0,22.8073292
2013-01-09 00:00:00,25.5219994,25.3840008,25.6060009,25.3279991,10398500.0,22.8844471
2013-01-10 00:00:00,25.6000004,25.5540009,25.698,25.3920002,7229500.0,22.9543877
2013-01-11 00:00:00,25.8719997,25.5440006,25.8840008,25.4540005,4201500.0,23.1982727
2013-01-14 00:00:00,25.9039993,25.8040009,25.9939995,25.6940002,4037500.0,23.2269688
2013-01-15 00:00:00,25.7180004,25.8339996,25.8339996,25.4599991,4004500.0,23.0601902
2013-01-16 00:00:00,25.6159992,25.5919991,25.7339993,25.5340004,3868000.0,22.9687252
2013-01-17 00:00:00,26.2420006,25.7140007,26.3239994,25.6679993,5911500.0,23.5300426
2013-01-18 00:00:00,26.6660004,26.2299995,26.6720009,26.1100006,7045000.0,23.9102173
2013-01-22 00:00:00,26.8220005,26.5139999,26.8239994,26.1560001,7611500.0,24.0500946
2013-01-23 00:00:00,26.7119999,26.7700005,26.9020004,26.5020008,6586000.0,23.9514675
2013-01-24 00:00:00,26.8560009,26.7460003,27.1140003,26.7059994,6445000.0,24.0805836
2013-01-25 00:00:00,26.9640007,26.8560009,27.0020008,26.6879997,5192000.0,24.1774216
2013-01-28 00:00:00,27.0419998,26.9799995,27.1700001,26.6599998,10681000.0,24.2473583
2013-01-29 00:00:00,27.3419991,27.0960007,27.3859997,26.9740009,6987000.0,24.5163536
2013-01-30 00:00:00,27.7800007,27.3939991,27.9440002,27.3780003,11572500.0,24.90909
2013-01-31 00:00:00,27.75,27.5919991,27.8880005,27.5139999,7394000.0,24.8821926
2013-02-01 00:00:00,28.1760006,27.9699993,28.4880009,27.8299999,8929000.0,25.2641697
2013-02-04 00:00:00,28.2660007,27.9200001,28.2800007,27.7119999,8337500.0,25.3448715
2013-02-05 00:00:00,28.7080002,28.2660007,28.7199993,28.1140003,11090000.0,25.7411861
2013-02-06 00:00:00,29.0440006,28.4740009,29.118,28.2119999,13719000.0,26.0424671
2013-02-07 00:00:00,29.7900009,29.0020008,29.8320007,28.7320004,8550000.0,26.7113667
2013-02-08 00:00:00,29.7999992,29.8339996,29.9319992,29.5839996,5682500.0,26.7203331
2013-02-11 00:00:00,29.9659996,29.8099995,29.9899998,29.6159992,3789500.0,26.8691807
2013-02-12 00:00:00,30.1420002,30.0,30.3759995,29.9599991,7847000.0,27.0269871
2013-02-13 00:00:00,30.3619995,30.1000004,30.3740005,29.8260002,4662500.0,27.2242584
2013-02-14 00:00:00,31.1040001,30.2900009,31.2259998,30.1739998,8397000.0,27.889576
2013-02-15 00:00:00,31.2919998,31.1000004,31.6940002,30.9699993,8646500.0,28.0581436
2013-02-19 00:00:00,31.1499996,31.3320007,31.4979992,31.0300007,6837500.0,27.9308186
2013-02-20 00:00:00,30.9440002,31.0779991,31.3220005,30.9080009,5508500.0,27.7461109
2013-02-21 00:00:00,30.6060009,30.9400005,30.9780006,30.5499992,4357000.0,27.4430408
2013-02-22 00:00:00,31.1959991,30.7639999,31.2299995,30.7479992,4330500.0,27.9720631
2013-02-25 00:00:00,30.1040001,31.2380009,31.3180008,30.0699997,6389500.0,26.992918
2013-02-26 00:00:00,30.566,30.3999996,30.6159992,30.1219997,3843000.0,27.4071732
2013-02-27 00:00:00,31.0179996,30.5259991,31.0599995,30.2600002,3023000.0,27.8124619
2013-02-28 00:00:00,30.9640007,31.0300007,31.2460003,30.7700005,3394000.0,27.7640419
2013-03-01 00:00:00,30.7999992,30.8659992,30.8659992,30.4619999,3331000.0,27.6169872
2013-03-04 00:00:00,31.3139992,30.7619991,31.3479996,30.5820007,2768000.0,28.077879
2013-03-05 00:00:00,31.7059994,31.4160004,31.9540005,31.4160004,4208500.0,28.4293633
2013-03-06 00:00:00,32.0699997,32.0299988,32.4580002,31.9540005,3315500.0,28.7557468
2013-03-07 00:00:00,31.7479992,32.0699997,32.0979996,31.5580006,3503000.0,28.4670219
2013-03-08 00:00:00,31.7199993,31.9300003,32.0159988,31.5839996,3021000.0,28.4419174
2013-03-11 00:00:00,31.8479996,31.6380005,31.8519993,31.3339996,2893000.0,28.5566883
2013-03-12 00:00:00,31.7000008,31.7360001,31.8339996,31.632,2736000.0,28.4239864
2013-03-13 00:00:00,31.882,31.618,31.9720001,31.5480003,2213000.0,28.5871735
2013-03-14 00:00:00,32.4679985,31.7900009,32.5239983,31.7380009,4206500.0,29.1126194
2013-03-15 00:00:00,32.1959991,32.4819984,32.5579987,31.9500008,3262500.0,28.8687248
2013-03-18 00:00:00,31.9699993,31.7320004,32.1980019,31.6860008,1999000.0,28.6660786
2013-03-19 00:00:00,31.9220009,32.0499992,32.1920013,31.2240009,3595500.0,28.6230431
2013-03-20 00:00:00,32.3199997,31.9619999,32.4760017,31.882,2722000.0,28.9799042
2013-03-21 00:00:00,32.2879982,32.3959999,32.5880013,32.0579987,3280500.0,28.9512234
2013-03-22 00:00:00,32.4620018,32.3260002,32.5719986,32.2220001,2810000.0,29.107235
2013-03-25 00:00:00,32.4000015,32.6980019,32.762001,32.2400017,2419000.0,29.0516434
2013-03-26 00:00:00,32.3139992,32.5219994,32.6380005,31.8759995,2515000.0,28.9745235
2013-03-27 00:00:00,31.9619999,32.0999985,32.2000008,31.7159996,3242000.0,28.6589031
2013-03-28 00:00:00,32.6139984,31.9200001,32.6360016,31.7299995,3289000.0,29.2435303
2013-04-01 00:00:00,32.0180016,32.4939995,32.6419983,31.9260006,2567500.0,28.7091198
2013-04-02 00:00:00,32.2960014,32.2820015,32.6619987,32.0600014,4659500.0,28.9583912
2013-04-03 00:00:00,31.3659992,32.3800011,32.4140015,31.3320007,3693000.0,28.1244965
2013-04-04 00:00:00,31.4200001,31.4659996,31.8220005,31.2180004,2752500.0,28.1729221
2013-04-05 00:00:00,31.0119991,31.066,31.0960007,30.0240002,7387500.0,27.8070869
2013-04-08 00:00:00,31.1940002,30.9820004,31.2240009,30.7900009,1919000.0,27.970274
2013-04-09 00:00:00,31.0100002,31.1819992,31.2840004,30.8339996,1612500.0,27.8052864
2013-04-10 00:00:00,31.552,31.0979996,31.6459999,31.0979996,2073500.0,28.291275
2013-04-11 00:00:00,31.6639996,31.618,31.8519993,31.3939991,2267000.0,28.3916988
2013-04-12 00:00:00,31.6399994,31.6200008,31.6860008,31.3659992,1508000.0,28.3701878
2013-04-15 00:00:00,30.8320007,31.6000004,31.9080009,30.8279991,2443500.0,27.6456871
2013-04-16 00:00:00,31.1019993,31.0139999,31.1380005,30.6639996,2500000.0,27.8877754
2013-04-17 00:00:00,30.7940006,30.7700005,30.9440002,30.6040001,2918000.0,27.6116104
2013-04-18 00:00:00,30.4820004,30.8339996,31.1280003,30.4160004,2158000.0,27.3318615
2013-04-19 00:00:00,30.8759995,30.5699997,30.9039993,30.5119991,2023000.0,27.6851406
2013-04-22 00:00:00,31.0540009,30.8880005,31.2299995,30.5720005,2059500.0,27.8447475
2013-04-23 00:00:00,31.4780006,31.1280003,31.5799999,31.1280003,2300500.0,28.2249222
2013-04-24 00:00:00,31.6779995,31.5680008,31.7999992,31.368,2721500.0,28.4042568
2013-04-25 00:00:00,31.9179993,31.7180004,32.026001,31.566,2659500.0,28.6194534
2013-04-26 00:00:00,31.9020004,31.8640003,32.0760002,31.6000004,1929000.0,28.6051102
2013-04-29 00:00:00,32.3779984,31.9020004,32.4280014,31.868,3246500.0,29.0319138
2013-04-30 00:00:00,32.5859985,32.223999,32.7039986,32.1980019,9566000.0,29.21842
2013-05-01 00:00:00,33.3120003,31.8999996,34.1459999,31.6900005,10017500.0,29.8693886
2013-05-02 00:00:00,34.3120003,33.3300018,34.3460007,33.2179985,4211500.0,30.7660484
2013-05-03 00:00:00,34.4039993,34.526001,34.8499985,34.3860016,3441500.0,30.8485394
2013-05-06 00:00:00,34.3359985,34.262001,34.5079994,34.2519989,2472000.0,30.7875576
2013-05-07 00:00:00,34.223999,34.3880005,34.5219994,34.0019989,3169000.0,30.6871376
2013-05-08 00:00:00,34.3320007,34.1699982,34.4080009,33.9319992,2238000.0,30.7839775
2013-05-09 00:00:00,34.2420006,34.3639984,34.4679985,34.105999,1663000.0,30.7032852
2013-05-10 00:00:00,34.4199982,34.2459984,34.4700012,34.1520004,1691000.0,30.8628769
2013-05-13 00:00:00,34.4519997,34.3180008,34.7400017,34.1679993,1557000.0,30.8915691
2013-05-14 00:00:00,35.1819992,34.4959984,35.2299995,34.4360008,1973500.0,31.5461311
2013-05-15 00:00:00,34.9620018,34.894001,35.5400009,34.7459984,3221500.0,31.3488789
2013-05-16 00:00:00,34.8040009,34.868,35.1920013,34.7919998,2498500.0,31.2071991
2013-05-17 00:00:00,35.4819984,34.9780006,35.6360016,34.8520012,3598500.0,31.815136
2013-05-20 00:00:00,35.2120018,35.3100014,35.7639999,35.0639992,3075500.0,31.5730362
2013-05-21 00:00:00,34.6980019,35.6800003,35.8199997,34.6780014,5379500.0,31.1121616
2013-05-22 00:00:00,33.9039993,34.6539993,34.8759995,33.6020012,8222500.0,30.4002113
2013-05-23 00:00:00,33.6580009,33.618,33.8899994,33.2700005,3263000.0,30.1796341
2013-05-24 00:00:00,33.5320015,33.5419998,33.7000008,33.2360001,3608000.0,30.0666599
2013-05-28 00:00:00,33.9020004,33.9059982,34.3120003,33.7700005,3604000.0,30.3984146
2013-05-29 00:00:00,34.2420006,33.6660004,34.3839989,33.6660004,2904500.0,30.7032852
2013-05-30 00:00:00,35.487999,34.2599983,35.5740013,34.1500015,3896000.0,31.8205242
2013-05-31 00:00:00,34.2420006,35.3440018,35.3919983,34.2420006,4889000.0,30.7032852
2013-06-03 00:00:00,33.8400002,34.2840004,34.3100014,33.3380013,3281000.0,30.3428288
2013-06-04 00:00:00,32.9519997,33.7980003,33.8219986,32.6500015,4219000.0,29.5465946
2013-06-05 00:00:00,32.9679985,32.7019997,33.2360001,32.5900002,3600000.0,29.5609341
2013-06-06 00:00:00,33.8400002,32.7859993,33.8720016,32.7859993,3263000.0,30.3428288
2013-06-07 00:00:00,34.9399986,33.9720001,34.973999,33.3740005,3509000.0,31.3291454
2013-06-10 00:00:00,35.0159988,35.0,35.1720009,34.6020012,2535500.0,31.3973007
2013-06-11 00:00:00,34.2280006,34.4339981,34.618,34.0960007,2743000.0,30.6907253
2013-06-12 00:00:00,34.4119987,34.2519989,34.605999,34.2000008,2743000.0,30.8557072
2013-06-13 00:00:00,35.0779991,34.3199997,35.0999985,34.1080017,2835000.0,31.4528847
2013-06-14 00:00:00,34.6300011,35.0,35.0439987,34.6040001,2449500.0,31.0511742
2013-06-17 00:00:00,35.7739983,34.8740005,35.9199982,34.723999,4718000.0,32.0769615
2013-06-18 00:00:00,36.6139984,36.0,36.8240013,35.9519997,5312500.0,32.8301468
2013-06-19 00:00:00,35.7700005,36.5999985,36.5999985,35.6920013,3183000.0,32.0733681
2013-06-20 00:00:00,34.6940002,35.368,35.6360016,34.4679985,4707000.0,31.1085663
2013-06-21 00:00:00,34.512001,34.8120003,35.0639992,34.0680008,4259500.0,30.9453678
2013-06-24 00:00:00,34.3880005,34.0820007,34.7919998,33.7400017,4703500.0,30.8341999
2013-06-25 00:00:00,35.0239983,34.6559982,35.4300003,34.5359993,4509000.0,31.4044685
2013-06-26 00:00:00,35.9799995,35.3919983,36.144001,34.8899994,5631500.0,32.261673
2013-06-27 00:00:00,35.9319992,35.9620018,36.2859993,35.644001,3694500.0,32.2186279
2013-06-28 00:00:00,35.5519981,35.8199997,36.026001,35.5519981,4040500.0,31.8778877
2013-07-01 00:00:00,35.6040001,35.9199982,36.25,35.5859985,3640500.0,31.9245262
2013-07-02 00:00:00,34.9000015,35.5040016,35.7700005,34.7260017,7087000.0,31.2932777
2013-07-03 00:00:00,34.9799995,34.8740005,35.1940002,34.723999,3617000.0,31.3650188
2013-07-05 00:00:00,35.4059982,35.2700005,35.4700012,34.973999,3260500.0,31.7469826
2013-07-08 00:00:00,35.4760017,35.4900017,35.9160004,35.3959999,2274500.0,31.8097553
2013-07-09 00:00:00,35.0699997,35.7999992,35.9440002,34.7080002,4648500.0,31.4457207
2013-07-10 00:00:00,35.8540001,35.1119995,35.8979988,35.0379982,3910500.0,32.1486969
2013-07-11 00:00:00,35.8460007,36.1479988,36.2900009,35.4020004,4472500.0,32.1415215
2013-07-12 00:00:00,36.1339989,35.8699989,36.2220001,35.7319984,2596500.0,32.3997536
2013-07-15 00:00:00,36.3720016,36.1679993,36.4860001,35.9560013,2825500.0,32.6131592
2013-07-16 00:00:00,36.3120003,36.3240013,36.6879997,36.2480011,3403000.0,32.5593567
2013-07-17 00:00:00,36.2039986,36.3759995,36.5519981,36.1080017,2521500.0,32.4625168
2013-07-18 00:00:00,36.2939987,36.2980003,36.4519997,36.0359993,1895000.0,32.5432205
2013-07-19 00:00:00,35.7980003,36.1240005,36.1240005,35.4920006,2842000.0,32.0984879
2013-07-22 00:00:00,35.4360008,35.737999,35.737999,35.2739983,2358500.0,31.7738781
2013-07-23 00:00:00,35.6980019,35.4500008,35.7700005,35.2980003,2583000.0,32.0088043
2013-07-24 00:00:00,35.355999,35.7360001,35.8899994,35.2200012,2728000.0,31.7021503
2013-07-25 00:00:00,35.7299995,35.2360001,35.7519989,35.1520004,1832000.0,32.0374985
2013-07-26 00:00:00,35.4560013,35.5639992,35.5800018,34.9799995,2213500.0,31.7918262
2013-07-29 00:00:00,35.6500015,35.2939987,35.8380013,35.2799988,1943500.0,31.965765
2013-07-30 00:00:00,35.9319992,35.6199989,36.026001,35.6199989,1900500.0,32.2186279
2013-07-31 00:00:00,36.4900017,36.0180016,36.7779999,35.9319992,4744500.0,32.718956
2013-08-01 00:00:00,37.1599998,36.8019981,37.1899986,36.605999,3188500.0,33.319706
2013-08-02 00:00:00,37.6879997,37.4440002,37.7560005,36.7879982,4672500.0,33.7931404
2013-08-05 00:00:00,37.1279984,37.4860001,37.5760002,36.9480019,4042000.0,33.2910385
2013-08-06 00:00:00,37.3639984,36.8759995,37.487999,36.7900009,3223500.0,33.5026398
2013-08-07 00:00:00,36.9980011,37.2319984,37.2639999,36.0279999,3155500.0,33.1744652
2013-08-08 00:00:00,37.4339981,37.0760002,37.5660019,36.9000015,2544500.0,33.5653954
2013-08-09 00:00:00,36.9840012,37.4099998,37.5940018,36.9259987,1034000.0,33.161911
2013-08-12 00:00:00,36.6279984,36.7879982,36.8759995,36.4000015,2144500.0,32.8427048
2013-08-13 00:00:00,36.5999985,36.6399994,36.7220001,36.3660011,1938500.0,32.8176117
2013-08-14 00:00:00,36.4199982,36.5919991,36.7200012,36.2579994,1505500.0,32.6561813
2013-08-15 00:00:00,36.0699997,36.1660004,36.237999,35.7540016,2232000.0,32.3423653
2013-08-16 00:00:00,36.3580017,36.0299988,36.4799995,35.8740005,2342500.0,32.6005974
2013-08-19 00:00:00,36.3320007,36.1100006,36.7340012,36.1100006,2589500.0,32.5772858
2013-08-20 00:00:00,36.6580009,36.2739983,36.7140007,36.1199989,3916000.0,32.8696022
2013-08-21 00:00:00,36.3320007,36.4900017,36.8740005,36.2840004,2265000.0,32.5772858
2013-08-22 00:00:00,37.1020012,36.4459991,37.2420006,36.3419991,2576000.0,33.2677231
2013-08-23 00:00:00,37.0660019,37.1040001,37.2879982,36.8059998,2835000.0,33.2354431
2013-08-26 00:00:00,36.6739998,37.0680008,37.2960014,36.6399994,2495000.0,32.8839417
2013-08-27 00:00:00,36.0480003,36.382,36.5159988,35.8540001,3233500.0,32.3226395
2013-08-28 00:00:00,35.9860001,36.0499992,36.5940018,35.8520012,2283500.0,32.2670555
2013-08-29 00:00:00,36.0540009,35.8880005,36.3359985,35.8660011,2115500.0,32.3280144
2013-08-30 00:00:00,35.9500008,35.9799995,36.1220016,35.7140007,2110500.0,32.2347641
2013-09-03 00:00:00,36.3339996,36.4459991,36.7960014,36.1640015,2583000.0,32.5790825
2013-09-04 00:00:00,36.5900002,36.3120003,36.7200012,35.8899994,2538000.0,32.8086205
2013-09-05 00:00:00,36.2000008,36.5340004,36.6459999,36.1720009,3186000.0,32.4589272
2013-09-06 00:00:00,35.8779984,36.3899994,36.4039993,35.4519997,4139500.0,32.1702156
2013-09-09 00:00:00,36.2859993,35.8079987,36.2919998,35.8079987,3462500.0,32.5360451
2013-09-10 00:00:00,36.2000008,36.5,36.5940018,36.1819992,3332500.0,32.4589272
2013-09-11 00:00:00,36.3100014,36.1899986,36.3440018,36.026001,2383500.0,32.55756
2013-09-12 00:00:00,36.0,36.262001,36.394001,35.9300003,2688500.0,32.2796059
2013-09-13 00:00:00,36.105999,36.1500015,36.1980019,35.6839981,2818000.0,32.3746338
2013-09-16 00:00:00,36.2140007,36.4780006,36.5460014,36.1380005,2786500.0,32.4714813
2013-09-17 00:00:00,36.3199997,36.3380013,36.4640007,36.2179985,2930500.0,32.5665398
2013-09-18 00:00:00,36.3440018,36.3860016,36.4599991,36.1539993,2743000.0,32.5880661
2013-09-19 00:00:00,36.5940018,36.4000015,36.632,36.2060013,2899500.0,32.8122215
2013-09-20 00:00:00,36.4259987,36.6339989,36.9900017,36.3100014,3190000.0,32.6615715
2013-09-23 00:00:00,36.2280006,36.2599983,36.3460007,35.9199982,1793500.0,32.4840393
2013-09-24 00:00:00,36.1380005,36.1539993,36.4379997,35.9679985,2013000.0,32.4033356
2013-09-25 00:00:00,35.7799988,36.1819992,36.3240013,35.7200012,2796000.0,32.0823326
2013-09-26 00:00:00,35.9840012,35.8520012,36.1559982,35.7220001,1951500.0,32.2652512
2013-09-27 00:00:00,36.2560005,35.7700005,36.4000015,35.6860008,1899000.0,32.5091438
2013-09-30 00:00:00,36.2840004,35.894001,36.3520012,35.6819992,2765500.0,32.5342484
2013-10-01 00:00:00,36.7859993,36.2179985,36.8460007,36.1640015,3542500.0,32.9843788
2013-10-02 00:00:00,36.8219986,36.5159988,36.8219986,35.8199997,5870500.0,33.0166473
2013-10-03 00:00:00,37.605999,36.7779999,37.7039986,36.7560005,5790500.0,33.7196388
2013-10-04 00:00:00,38.7299995,37.7420006,38.7560005,37.5760002,5952000.0,34.7274628
2013-10-07 00:00:00,38.5999985,38.4000015,38.868,38.3079987,3443000.0,34.6109161
2013-10-08 00:00:00,37.9319992,38.5,38.7400017,37.5359993,5485500.0,34.0119362
2013-10-09 00:00:00,37.7919998,37.9799995,38.2400017,37.4700012,4723000.0,33.8864136
2013-10-10 00:00:00,38.632,38.132,38.9399986,38.0019989,4279500.0,34.639595
2013-10-11 00:00:00,38.9360008,38.5139999,39.0519981,38.4399986,2995500.0,34.9121819
2013-10-14 00:00:00,39.132,38.7779999,39.2420006,38.6220016,1445500.0,35.0879211
2013-10-15 00:00:00,38.8240013,38.9459991,39.2080002,38.6839981,2421000.0,34.8117638
2013-10-16 00:00:00,39.1020012,39.1459999,39.4959984,38.8880005,1834500.0,35.0610313
2013-10-17 00:00:00,39.4500008,38.9980011,39.5200005,38.8279991,2551000.0,35.3730659
2013-10-18 00:00:00,39.644001,39.4160004,39.7060013,39.1940002,3186000.0,35.5470238
2013-10-21 00:00:00,39.4500008,39.6839981,39.6839981,39.3139992,1974000.0,35.3730659
2013-10-22 00:00:00,39.4939995,39.4959984,39.6920013,39.1520004,1965000.0,35.4125214
2013-10-23 00:00:00,39.1879997,39.4199982,39.4199982,38.9700012,3684000.0,35.1381302
2013-10-24 00:00:00,39.2400017,39.2159996,39.3660011,39.0559998,2516000.0,35.1847572
2013-10-25 00:00:00,39.2000008,39.2799988,39.4119987,39.0499992,2162000.0,35.1488953
2013-10-28 00:00:00,38.762001,39.2639999,39.2639999,38.5579987,3016000.0,34.7561684
2013-10-29 00:00:00,38.5699997,38.7220001,39.0379982,38.355999,5115000.0,34.5840111
2013-10-30 00:00:00,38.1199989,38.6100006,38.762001,38.0940018,4527000.0,34.1805115
2013-10-31 00:00:00,38.5460014,38.2919998,38.8180008,38.2779999,4232500.0,34.5624924
2013-11-01 00:00:00,39.0699997,38.9360008,39.262001,38.6119995,3568500.0,35.0323334
2013-11-04 00:00:00,38.7680016,39.1020012,39.2120018,38.4420013,3493500.0,34.7615547
2013-11-05 00:00:00,39.5940018,39.7540016,40.1739998,39.0919991,5027500.0,35.5021935
2013-11-06 00:00:00,39.9599991,39.762001,39.9920006,39.4000015,3864500.0,35.8303642
2013-11-07 00:00:00,40.0660019,39.9599991,40.487999,39.7879982,6506000.0,35.9254036
2013-11-08 00:00:00,40.8400002,40.0579987,41.0499992,40.0579987,3399000.0,36.6194153
2013-11-11 00:00:00,40.5439987,40.8400002,41.1599998,40.4580002,1762500.0,36.3540039
2013-11-12 00:00:00,39.5600014,40.4819984,40.6360016,39.5600014,9424500.0,35.4716911
2013-11-13 00:00:00,39.9679985,39.6380005,40.2840004,39.5600014,3813000.0,35.8375282
2013-11-14 00:00:00,39.8320007,40.0999985,40.1139984,39.3499985,4250500.0,35.7156029
2013-11-15 00:00:00,40.4720001,39.7999992,40.6879997,39.7999992,3999000.0,36.289444
2013-11-18 00:00:00,40.6339989,40.8660011,40.9039993,40.2540016,4699500.0,36.4347038
2013-11-19 00:00:00,41.2840004,40.7179985,41.5680008,40.7179985,8981500.0,37.0175209
2013-11-20 00:00:00,42.6139984,41.3899994,42.6459999,41.2000008,8391500.0,38.2100868
2013-11-21 00:00:00,43.1419983,43.0400009,43.2080002,42.6139984,7203000.0,38.6835136
2013-11-22 00:00:00,43.4819984,43.1419983,43.6259995,42.9760017,4623500.0,38.9883766
2013-11-25 00:00:00,43.2639999,43.5760002,43.6100006,43.1199989,3283000.0,38.7929077
2013-11-26 00:00:00,42.6559982,43.2000008,43.3260002,42.6559982,6380000.0,38.2477341
2013-11-27 00:00:00,42.8839989,42.7879982,43.1259995,42.5419998,2293000.0,38.4521828
2013-11-29 00:00:00,42.6580009,43.0,43.0579987,42.6240005,1023500.0,38.2495461
2013-12-02 00:00:00,42.9780006,42.7659988,43.1920013,42.5320015,4442500.0,38.5364647
2013-12-03 00:00:00,42.5419998,42.8300018,42.8839989,42.4259987,4220500.0,38.1455116
2013-12-04 00:00:00,42.4599991,42.2080002,42.7360001,42.0740013,3011000.0,38.0720024
2013-12-05 00:00:00,42.5299988,42.3540001,42.6759987,42.1899986,6012000.0,38.1347618
2013-12-06 00:00:00,43.6399994,42.8759995,43.7000008,42.7000008,4871000.0,39.1300468
2013-12-09 00:00:00,43.473999,43.2480011,43.8040009,43.144001,3734000.0,38.981205
2013-12-10 00:00:00,43.3540001,43.4580002,43.618,43.1879997,2632000.0,38.8736115
2013-12-11 00:00:00,43.7000008,43.6520004,44.0139999,43.3380013,5349000.0,39.1838531
2013-12-12 00:00:00,43.5660019,43.3720016,43.8979988,43.1539993,6980500.0,39.1802597
2013-12-13 00:00:00,44.0880013,43.7659988,44.25,43.7140007,4658000.0,39.6497002
2013-12-16 00:00:00,44.368,44.2000008,44.4780006,44.0219994,5095500.0,39.9015083
2013-12-17 00:00:00,44.4440002,44.4580002,44.632,43.9580002,5837000.0,39.9698524
2013-12-18 00:00:00,45.0299988,44.3160019,45.1399994,43.9539986,7343000.0,40.4968681
2013-12-19 00:00:00,44.526001,45.0,45.1759987,44.4119987,4231000.0,40.0435944
2013-12-20 00:00:00,44.8919983,44.5999985,45.1479988,44.4220009,12573500.0,40.3727646
2013-12-23 00:00:00,45.2120018,45.3139992,45.3320007,44.7820015,3870000.0,40.6605606
2013-12-24 00:00:00,45.2019997,45.2019997,45.2159996,44.7540016,1404000.0,40.6515579
2013-12-26 00:00:00,44.9720001,45.2459984,45.4140015,44.8160019,1746000.0,40.444725
2013-12-27 00:00:00,44.9480019,44.9360008,45.1259995,44.723999,2186000.0,40.42313
2013-12-30 00:00:00,44.7039986,45.0760002,45.1399994,44.3779984,1718000.0,40.2036743
2013-12-31 00:00:00,44.9840012,44.7000008,45.1780014,44.4900017,2211000.0,40.4555092
2014-01-02 00:00:00,44.9199982,44.8320007,45.0979996,44.4300003,3833500.0,40.3979416
2014-01-03 00:00:00,45.1759987,44.9199982,45.3919983,44.894001,4864000.0,40.6281815
2014-01-06 00:00:00,45.2919998,45.3800011,45.7639999,45.2019997,3358500.0,40.732502
2014-01-07 00:00:00,45.5639992,45.7680016,45.9000015,45.2099991,4283000.0,40.9771156
2014-01-08 00:00:00,45.4020004,45.4339981,45.6419983,44.9980011,3239500.0,40.8314285
2014-01-09 00:00:00,45.5060005,45.5880013,45.7719994,45.4000015,2715000.0,40.9249535
2014-01-10 00:00:00,45.0660019,45.2900009,45.4760017,44.8100014,3007500.0,40.5292511
2014-01-13 00:00:00,44.1020012,45.0,45.1119995,44.0019989,3104500.0,39.6623001
2014-01-14 00:00:00,43.9599991,44.2120018,44.2659988,43.6559982,4922000.0,39.5345879
2014-01-15 00:00:00,42.1759987,43.9420013,43.9980011,41.6640015,18126000.0,37.9301758
2014-01-16 00:00:00,41.8660011,41.7599983,42.5320015,41.6199989,6980500.0,37.6513939
2014-01-17 00:00:00,41.3740005,41.8040009,42.0620003,41.2060013,8568000.0,37.2089233
2014-01-21 00:00:00,41.5999985,41.6759987,42.4659996,41.5239983,7743000.0,37.4121704
2014-01-22 00:00:00,41.9959984,41.8320007,42.1959991,41.473999,5814000.0,37.7682953
2014-01-23 00:00:00,41.3779984,41.6300011,41.7980003,41.1959991,5182000.0,37.2125168
2014-01-24 00:00:00,40.8720016,41.2000008,41.4039993,40.868,6562000.0,36.7574463
2014-01-27 00:00:00,40.632,41.6459999,41.6459999,40.5219994,7131500.0,36.5416183
2014-01-28 00:00:00,41.3800011,41.7999992,41.7999992,40.7999992,4005500.0,37.2143135
2014-01-29 00:00:00,40.9560013,40.6080017,41.526001,40.6080017,4184500.0,36.8329964
2014-01-30 00:00:00,41.8600006,40.2019997,41.9099998,40.2019997,2909000.0,37.6459961
2014-01-31 00:00:00,41.7579994,41.1199989,42.0499992,41.1199989,4142000.0,37.5542641
2014-02-03 00:00:00,40.6899986,41.6360016,41.7159996,40.5999985,5956500.0,36.5937767
2014-02-04 00:00:00,41.7739983,40.6240005,41.7999992,40.5800018,5225500.0,37.5686493
2014-02-05 00:00:00,41.512001,41.7360001,42.1020012,41.0,3559000.0,37.3330269
2014-02-06 00:00:00,42.0839996,41.6220016,42.1160011,41.4760017,4082000.0,37.8474388
2014-02-07 00:00:00,43.105999,42.0359993,43.2599983,42.0359993,6084000.0,38.7665596
2014-02-10 00:00:00,42.4220009,43.1199989,43.3800011,42.2540016,7185000.0,38.1514168
2014-02-11 00:00:00,43.2960014,42.6800003,43.3979988,42.4220009,6399000.0,38.937439
2014-02-12 00:00:00,43.4819984,43.3100014,43.75,42.6940002,5858000.0,39.1047096
2014-02-13 00:00:00,43.382,43.2919998,43.9659996,43.1479988,3558500.0,39.0147781
2014-02-14 00:00:00,42.9700012,43.25,43.4000015,42.644001,3447500.0,38.6442451
2014-02-18 00:00:00,43.3899994,42.9760017,43.6899986,42.9700012,4050000.0,39.0219727
2014-02-19 00:00:00,42.355999,43.0940018,43.276001,42.3160019,4185000.0,38.0920601
2014-02-20 00:00:00,42.0499992,42.4819984,42.6660004,41.9300003,3335500.0,37.816864
2014-02-21 00:00:00,42.5820007,42.2739983,42.7859993,42.0159988,4760000.0,38.2953148
2014-02-24 00:00:00,43.0639992,42.5340004,43.2799988,42.4539986,3430000.0,38.7287865
2014-02-25 00:00:00,42.8460007,42.9300003,43.4420013,42.6580009,3460500.0,38.5327377
2014-02-26 00:00:00,41.7779999,43.0460014,43.0540009,41.7340012,5333500.0,37.5722466
2014-02-27 00:00:00,41.8160019,42.6920013,42.6920013,41.25,4375500.0,37.6064186
2014-02-28 00:00:00,41.7680016,41.8540001,42.3440018,41.5379982,3740000.0,37.5632553
2014-03-03 00:00:00,41.9959984,41.4819984,42.1240005,41.3419991,3868500.0,37.7682953
2014-03-04 00:00:00,42.9840012,42.3040009,43.0779991,42.2540016,2778500.0,38.6568413
2014-03-05 00:00:00,42.7799988,42.9160004,43.2159996,42.5340004,3687000.0,38.4733696
2014-03-06 00:00:00,42.9939995,42.9099998,43.868,42.9099998,5162500.0,38.6658325
2014-03-07 00:00:00,42.5279999,43.1459999,43.2420006,42.4080009,4726500.0,38.2467422
2014-03-10 00:00:00,42.0559998,42.5200005,42.5660019,41.9140015,2993000.0,37.8222618
2014-03-11 00:00:00,41.6899986,42.3800011,42.3800011,41.5379982,3448000.0,37.493103
2014-03-12 00:00:00,41.8279991,41.5900002,41.8839989,41.2080002,2843500.0,37.6172066
2014-03-13 00:00:00,40.8100014,41.8339996,41.9020004,40.6879997,3518000.0,36.8161201
2014-03-14 00:00:00,40.9860001,40.8040009,41.2000008,40.5999985,3928000.0,36.9748993
2014-03-17 00:00:00,41.8320007,41.2000008,41.9000015,41.1520004,3482500.0,37.7381058
2014-03-18 00:00:00,41.1879997,41.8320007,41.8320007,41.1300011,4118000.0,37.1571198
2014-03-19 00:00:00,40.6959991,41.1539993,41.3260002,40.5660019,5113000.0,36.7132759
2014-03-20 00:00:00,40.6819992,40.8100014,41.0859985,40.3880005,4548000.0,36.7006454
2014-03-21 00:00:00,40.7700005,41.2400017,41.5499992,40.7700005,11172500.0,36.7800369
2014-03-24 00:00:00,40.7540016,40.6839981,41.0340004,40.6839981,4840000.0,36.7655983
2014-03-25 00:00:00,39.9959984,40.8440018,40.9959984,39.9420013,6375500.0,36.0817833
2014-03-26 00:00:00,39.894001,40.0680008,40.4480019,39.8619995,4237500.0,35.9897652
2014-03-27 00:00:00,39.8839989,39.9720001,40.0999985,39.1080017,5386000.0,35.9807396
2014-03-28 00:00:00,39.2340012,39.9840012,40.0540009,39.0680008,6475500.0,35.394352
2014-03-31 00:00:00,39.5660019,39.3359985,40.2220001,39.276001,9161500.0,35.6938705
2014-04-01 00:00:00,38.6279984,39.5180016,39.6100006,38.4480019,8806500.0,34.8476524
2014-04-02 00:00:00,40.0579987,38.6879997,40.2799988,38.6879997,8214000.0,36.1377144
2014-04-03 00:00:00,40.4360008,40.9080009,41.0460014,40.1160011,7721500.0,36.4787292
2014-04-04 00:00:00,39.3100014,40.4679985,40.6679993,39.2840004,7079000.0,35.462925
2014-04-07 00:00:00,38.4539986,39.2919998,39.3499985,38.4360008,6929500.0,34.6906853
2014-04-08 00:00:00,38.3839989,38.5159988,38.7960014,38.0439987,5008000.0,34.6275482
2014-04-09 00:00:00,38.5400009,38.4099998,38.8320007,38.2939987,3669000.0,34.76828
2014-04-10 00:00:00,38.1020012,38.5660019,38.7820015,37.8180008,4712500.0,34.3731384
2014-04-11 00:00:00,37.8260002,37.8180008,38.237999,37.6599998,4214000.0,34.1241531
2014-04-14 00:00:00,38.3040009,37.9399986,38.4259987,37.7560005,4331000.0,34.5553741
2014-04-15 00:00:00,38.7700005,38.3100014,39.3440018,38.2519989,5369000.0,34.9757576
2014-04-16 00:00:00,39.605999,38.9199982,39.6780014,38.7900009,5117500.0,35.7299385
2014-04-17 00:00:00,39.6539993,39.512001,39.7840004,39.1720009,3164500.0,35.7732468
2014-04-21 00:00:00,40.118,39.5800018,40.1380005,39.2579994,2650500.0,36.1918488
2014-04-22 00:00:00,40.7659988,40.0760002,40.9700012,39.7599983,4071500.0,36.776413
2014-04-23 00:00:00,40.8580017,40.7459984,41.2140007,40.2459984,5241500.0,36.8594208
2014-04-24 00:00:00,41.1539993,40.8899994,41.2459984,40.5400009,4121000.0,37.1264534
2014-04-25 00:00:00,40.4900017,41.0660019,41.1500015,40.3860016,3830500.0,36.5274277
2014-04-28 00:00:00,40.3180008,40.618,40.6479988,39.9280014,4508000.0,36.3722649
2014-04-29 00:00:00,40.6699982,40.512001,40.7599983,40.2159996,3401000.0,36.6898079
2014-04-30 00:00:00,40.8880005,40.7159996,40.987999,40.3219986,3212000.0,36.8864784
2014-05-01 00:00:00,41.0960007,40.9560013,41.2000008,40.7039986,2665000.0,37.0741272
2014-05-02 00:00:00,40.4599991,41.1679993,41.4000015,40.4199982,3130500.0,36.5003815
2014-05-05 00:00:00,40.4539986,40.3499985,40.5660019,39.8580017,2859000.0,36.4949608
2014-05-06 00:00:00,39.6419983,40.2299995,40.3320007,39.5820007,3668500.0,35.7624207
2014-05-07 00:00:00,40.3499985,39.7340012,40.4179993,39.512001,5052500.0,36.4011459
2014-05-08 00:00:00,38.4280014,39.6500015,39.6500015,38.1679993,15803000.0,34.6672401
2014-05-09 00:00:00,37.6459999,38.3740005,38.4599991,37.3800011,13982000.0,33.9617653
2014-05-12 00:00:00,38.2719994,37.7280006,38.3339996,37.7280006,5364500.0,34.5264969
2014-05-13 00:00:00,38.1640015,38.2420006,38.3919983,37.9860001,3025000.0,34.4290657
2014-05-14 00:00:00,38.3660011,38.1640015,38.4059982,37.8260002,3740000.0,34.6113129
2014-05-15 00:00:00,37.8139992,38.2400017,38.3660011,37.4480019,6375000.0,34.1133194
2014-05-16 00:00:00,37.7019997,37.8139992,37.9059982,37.4199982,4882500.0,34.0122795
2014-05-19 00:00:00,38.3120003,37.4420013,38.3520012,37.3839989,3673500.0,34.5625877
2014-05-20 00:00:00,37.5760002,38.2659988,38.2939987,37.4440002,4298000.0,33.8986092
2014-05-21 00:00:00,38.4379997,37.7280006,38.5400009,37.605999,3449500.0,34.6762581
2014-05-22 00:00:00,38.7700005,38.3899994,38.9939995,38.2439995,2892000.0,34.9757576
2014-05-23 00:00:00,38.5340004,38.7220001,38.7220001,38.1739998,2888500.0,34.7628708
2014-05-27 00:00:00,39.4780006,38.7000008,39.7220001,38.5180016,4146500.0,35.6144753
2014-05-28 00:00:00,39.1599998,39.3600006,39.3860016,38.8300018,2843000.0,35.3275948
2014-05-29 00:00:00,39.0,39.3740005,39.3740005,38.8699989,3231000.0,35.1832542
2014-05-30 00:00:00,39.2799988,39.0,39.5139999,38.9140015,4207500.0,35.4358559
2014-06-02 00:00:00,38.8380013,39.4000015,39.4179993,38.6619987,3358000.0,35.0371094
2014-06-03 00:00:00,38.9599991,38.8059998,39.3260002,38.7519989,3875500.0,35.1471748
2014-06-04 00:00:00,38.5680008,38.7900009,38.9840012,38.3199997,4771000.0,34.7935219
2014-06-05 00:00:00,38.0839996,38.5239983,38.5559998,37.6459999,6726000.0,34.3569031
2014-06-06 00:00:00,38.0099983,38.2000008,38.2840004,37.8320007,2996000.0,34.2901382
2014-06-09 00:00:00,37.7820015,37.9020004,38.25,37.7280006,4880000.0,34.084446
2014-06-10 00:00:00,38.0239983,37.6119995,38.0820007,37.5999985,5450000.0,34.3027725
2014-06-11 00:00:00,37.6679993,37.9980011,37.9980011,37.4000015,3882000.0,33.9816132
2014-06-12 00:00:00,38.4039993,37.5200005,38.6240005,37.4640007,5386500.0,34.7655754
2014-06-13 00:00:00,38.6520004,38.394001,38.7260017,38.2599983,3651500.0,34.990078
2014-06-16 00:00:00,38.5040016,38.6899986,38.8380013,38.2960014,2484000.0,34.8560944
2014-06-17 00:00:00,38.9319992,38.5219994,39.0480003,38.3460007,4204500.0,35.2435493
2014-06-18 00:00:00,39.6360016,38.8499985,39.7779999,38.7840004,5349000.0,35.8808441
2014-06-19 00:00:00,39.3919983,40.5999985,40.5999985,38.9239998,4813500.0,35.6599579
2014-06-20 00:00:00,38.9720001,39.5859985,39.5859985,38.6739998,6216500.0,35.2797546
2014-06-23 00:00:00,39.6380005,38.9480019,39.6959991,38.723999,3242000.0,35.8826599
2014-06-24 00:00:00,38.0359993,38.8219986,39.0159988,37.9420013,9334500.0,34.4324303
2014-06-25 00:00:00,37.5859985,38.0499992,38.2360001,37.4339981,5255500.0,34.0250587
2014-06-26 00:00:00,37.8499985,37.526001,37.894001,37.4959984,2843000.0,34.2640381
2014-06-27 00:00:00,37.5859985,37.6819992,37.9799995,37.1399994,4859000.0,34.0250587
2014-06-30 00:00:00,37.7799988,37.6619987,38.0219994,37.6080017,4153000.0,34.2006798
2014-07-01 00:00:00,37.2639999,37.9679985,38.1339989,37.2340012,4638500.0,33.7335739
2014-07-02 00:00:00,37.5439987,37.2980003,37.6300011,37.1399994,4284500.0,33.9870338
2014-07-03 00:00:00,38.0579987,37.6959991,38.1940002,37.6959991,2572500.0,34.4523392
2014-07-07 00:00:00,37.882,38.0600014,38.0600014,37.6899986,2819500.0,34.2930183
2014-07-08 00:00:00,37.0779991,37.8499985,37.8499985,36.9140015,4807500.0,33.5652008
2014-07-09 00:00:00,37.382,37.0999985,37.4259987,36.855999,4006000.0,33.8404007
2014-07-10 00:00:00,36.6899986,36.9539986,37.0779991,36.4799995,3868500.0,33.2139435
2014-07-11 00:00:00,36.8800011,36.7120018,36.9300003,36.5620003,6485000.0,33.3859558
2014-07-14 00:00:00,37.3019981,37.1920013,37.5040016,37.0079994,3281000.0,33.767971
2014-07-15 00:00:00,37.5099983,37.2200012,37.6980019,37.1619987,3823500.0,33.9562645
2014-07-16 00:00:00,37.7659988,37.5480003,37.8520012,37.5480003,4780500.0,34.1880035
2014-07-17 00:00:00,38.2439995,37.6220016,38.2879982,37.6220016,6490000.0,34.6207237
2014-07-18 00:00:00,38.8720016,38.3199997,39.3479996,38.2200012,8509000.0,35.1892395
2014-07-21 00:00:00,39.2859993,38.6100006,39.3440018,38.512001,5572500.0,35.5639954
2014-07-22 00:00:00,39.7960014,38.894001,39.8419991,38.8499985,6724500.0,36.025692
2014-07-23 00:00:00,39.5040016,39.6819992,39.8339996,39.1559982,5005000.0,35.7613449
2014-07-24 00:00:00,39.1920013,39.4860001,39.4860001,39.0880013,5126000.0,35.4789047
2014-07-25 00:00:00,39.3479996,39.1920013,39.5060005,39.1360016,5425500.0,35.6201363
2014-07-28 00:00:00,39.1980019,39.2659988,39.4300003,38.8120003,5808500.0,35.4843369
2014-07-29 00:00:00,39.0779991,39.2439995,39.7179985,39.0159988,4759000.0,35.3757133
2014-07-30 00:00:00,39.2140007,39.3100014,39.3600006,38.9659996,3605000.0,35.4988403
2014-07-31 00:00:00,38.4440002,39.0660019,39.2459984,38.4319992,4440500.0,34.8017807
2014-08-01 00:00:00,38.4360008,38.4020004,38.6660004,38.1020012,3880500.0,34.7945328
2014-08-04 00:00:00,38.7900009,38.5480003,38.894001,38.382,3458000.0,35.1149902
2014-08-05 00:00:00,38.2319984,38.5480003,38.5900002,38.2319984,4034000.0,34.6098633
2014-08-06 00:00:00,38.4440002,38.1660004,38.9480019,38.0740013,3935000.0,34.8017807
2014-08-07 00:00:00,37.6699982,38.5559998,38.605999,37.2140007,7279500.0,34.1011009
2014-08-08 00:00:00,38.2700005,37.7999992,38.3139992,37.4700012,5131000.0,34.6442757
2014-08-11 00:00:00,37.8699989,38.4480019,38.5999985,37.8160019,3510000.0,34.2821541
2014-08-12 00:00:00,37.5680008,37.6879997,37.9259987,37.3440018,2642500.0,34.00877
2014-08-13 00:00:00,37.5439987,37.6279984,37.8079987,37.3979988,3008000.0,33.9870338
2014-08-14 00:00:00,37.8619995,37.6780014,37.8979988,37.6300011,2694000.0,34.2749138
2014-08-15 00:00:00,37.5200005,37.9860001,37.9860001,37.3400002,3548500.0,33.965313
2014-08-18 00:00:00,38.0,37.8279991,38.0540009,37.8160019,3192000.0,34.3998375
2014-08-19 00:00:00,37.1380005,37.9339981,37.9679985,37.0559998,5475000.0,33.6195068
2014-08-20 00:00:00,37.382,37.105999,37.4459991,37.0719986,3645500.0,33.8404007
2014-08-21 00:00:00,37.7140007,37.3839989,37.7299995,37.1040001,4654000.0,34.140934
2014-08-22 00:00:00,37.8199997,37.5960007,37.9720001,37.5579987,2437000.0,34.2368889
2014-08-25 00:00:00,37.9140015,37.9959984,38.0359993,37.8359985,2944500.0,34.321991
2014-08-26 00:00:00,37.8779984,37.8660011,38.0159988,37.7140007,4281500.0,34.2893982
2014-08-27 00:00:00,37.6339989,37.9360008,38.0499992,37.3339996,3999500.0,34.068512
2014-08-28 00:00:00,37.737999,37.4980011,37.8040009,37.4840012,3380500.0,34.1626511
2014-08-29 00:00:00,37.7999992,37.8180008,38.0,37.6940002,2873000.0,34.218792
2014-09-02 00:00:00,37.6599998,37.9900017,38.0239983,37.4319992,3023000.0,34.0920677
2014-09-03 00:00:00,37.0680008,37.776001,37.9599991,36.987999,3247500.0,33.5561409
2014-09-04 00:00:00,37.1240005,36.9220009,37.4700012,36.9220009,3307000.0,33.6068306
2014-09-05 00:00:00,37.3339996,37.0999985,37.3580017,36.8540001,4384500.0,33.796936
2014-09-08 00:00:00,37.487999,37.2000008,37.632,37.2000008,3233000.0,33.9363441
2014-09-09 00:00:00,37.4319992,37.4580002,37.9220009,37.3279991,4205500.0,33.8856506
2014-09-10 00:00:00,38.0499992,37.6500015,38.1380005,37.5060005,4653500.0,34.4451103
2014-09-11 00:00:00,38.0680008,37.9000015,38.0919991,37.7120018,3741500.0,34.4613991
2014-09-12 00:00:00,38.9360008,37.9339981,39.4099998,37.8740005,6868500.0,35.3679466
2014-09-15 00:00:00,39.1119995,38.8079987,39.2000008,38.7080002,6613500.0,35.5278168
2014-09-16 00:00:00,39.3619995,38.8600006,39.5379982,38.6660004,4145500.0,35.7548981
2014-09-17 00:00:00,40.3660011,39.4179993,40.4239998,39.3600006,8601500.0,36.6669006
2014-09-18 00:00:00,40.8100014,40.4900017,41.026001,40.4059982,7145500.0,37.0702133
2014-09-19 00:00:00,40.7599983,41.0079994,41.0079994,40.4620018,4374500.0,37.0247917
2014-09-22 00:00:00,40.1520004,40.7299995,40.7560005,39.9760017,3631500.0,36.4725113
2014-09-23 00:00:00,39.9020004,40.012001,40.3139992,39.7879982,2806000.0,36.2454338
2014-09-24 00:00:00,39.8100014,39.868,40.0299988,39.6419983,3923500.0,36.16185
2014-09-25 00:00:00,39.1259995,39.7200012,39.8479996,39.0279999,3324500.0,35.5405235
2014-09-26 00:00:00,39.2939987,39.1259995,39.4000015,38.8899994,2781500.0,35.6931381
2014-09-29 00:00:00,39.0400009,39.0519981,39.1539993,38.8619995,3201000.0,35.46241
2014-09-30 00:00:00,39.0099983,39.1380005,39.237999,38.8199997,2783000.0,35.4351578
2014-10-01 00:00:00,38.8160019,39.0099983,39.0660019,38.6839981,3449000.0,35.2589455
2014-10-02 00:00:00,39.5460014,39.1360016,39.8320007,39.0680008,4957000.0,35.9220467
2014-10-03 00:00:00,39.6839981,39.6940002,40.0,39.4000015,3724000.0,36.0473976
2014-10-06 00:00:00,39.8199997,39.8499985,40.3759995,39.7820015,4785000.0,36.170929
2014-10-07 00:00:00,39.2719994,39.9319992,39.987999,39.2719994,2965500.0,35.6731491
2014-10-08 00:00:00,40.2680016,39.5439987,40.2799988,39.4500008,3994500.0,36.5778694
2014-10-09 00:00:00,40.6020012,40.2000008,40.7599983,40.1619987,8520500.0,36.8812752
2014-10-10 00:00:00,40.7200012,40.7299995,41.6399994,40.3540001,7583500.0,36.9884567
2014-10-13 00:00:00,39.7319984,40.6759987,40.8699989,39.7159996,7475500.0,36.0909996
2014-10-14 00:00:00,40.2140007,39.7120018,40.487999,39.6839981,4698000.0,36.5288315
2014-10-15 00:00:00,40.5760002,39.8079987,40.7560005,39.25,5956500.0,36.8576546
2014-10-16 00:00:00,39.5359993,39.7340012,40.5600014,39.4500008,5543000.0,35.9129639
2014-10-17 00:00:00,39.3219986,39.7420006,39.9720001,39.0299988,5399500.0,35.7185631
2014-10-20 00:00:00,39.9760017,39.4780006,40.0439987,39.25,3160500.0,36.3126259
2014-10-21 00:00:00,39.9000015,40.1599998,40.237999,39.5379982,4734500.0,36.2435989
2014-10-22 00:00:00,39.7459984,39.776001,40.0340004,39.3740005,2519000.0,36.1037064
2014-10-23 00:00:00,40.6279984,40.0480003,40.6780014,39.8919983,3418000.0,36.9048805
2014-10-24 00:00:00,41.3180008,40.6720009,41.3460007,40.6500015,3524000.0,37.5316582
2014-10-27 00:00:00,41.1339989,41.3019981,41.4379997,40.7859993,2123500.0,37.3645172
2014-10-28 00:00:00,41.0820007,41.1660004,41.3199997,40.7360001,2290000.0,37.3172874
2014-10-29 00:00:00,41.1860008,40.9959984,41.2540016,40.6199989,2409000.0,37.4117584
2014-10-30 00:00:00,40.7459984,41.0519981,41.2200012,40.5200005,2953500.0,37.0120811
2014-10-31 00:00:00,41.6580009,40.9140015,41.6599998,40.9140015,3601500.0,37.8405037
2014-11-03 00:00:00,41.9580002,41.6899986,42.2299995,41.6899986,5635000.0,38.1129951
2014-11-04 00:00:00,43.5040016,42.0320015,43.5439987,41.6899986,7890000.0,39.5173378
2014-11-05 00:00:00,43.4840012,43.6679993,43.9920006,43.2480011,6165500.0,39.4991608
2014-11-06 00:00:00,43.9840012,43.237999,44.0499992,43.237999,4463000.0,39.9533539
2014-11-07 00:00:00,43.7080002,44.0919991,44.0919991,43.6500015,3727500.0,39.7026482
2014-11-10 00:00:00,43.8660011,43.5999985,43.8899994,42.8699989,3919500.0,39.8461685
2014-11-11 00:00:00,44.2480011,43.8460007,44.2900009,43.8160019,3190000.0,40.193161
2014-11-12 00:00:00,44.2400017,44.2319984,44.4000015,44.0779991,4218000.0,40.1859016
2014-11-13 00:00:00,44.6419983,44.3699989,44.7099991,44.1100006,3992000.0,40.5510559
2014-11-14 00:00:00,44.512001,44.5299988,44.6720009,44.2639999,3463500.0,40.4329567
2014-11-17 00:00:00,44.4399986,44.3120003,44.8479996,44.223999,2262000.0,40.3675613
2014-11-18 00:00:00,43.9900017,44.4399986,44.7019997,43.9659996,3317500.0,39.9588013
2014-11-19 00:00:00,44.144001,44.2060013,44.2480011,43.8199997,2471500.0,40.09869
2014-11-20 00:00:00,43.9700012,43.9000015,44.1839981,43.7999992,2662500.0,39.9406319
2014-11-21 00:00:00,44.0579987,44.25,44.4480019,43.8759995,3354000.0,40.0205727
2014-11-24 00:00:00,44.3440018,44.1660004,44.6380005,43.8800011,3979500.0,40.2803612
2014-11-25 00:00:00,44.2159996,44.2540016,44.4780006,43.9099998,2830500.0,40.1640816
2014-11-26 00:00:00,44.1640015,44.0,44.2200012,43.8320007,2785500.0,40.116848
2014-11-28 00:00:00,45.1980019,44.3899994,45.3320007,44.0740013,2720000.0,41.0560951
2014-12-01 00:00:00,44.7639999,45.2019997,45.2200012,44.6459999,2721500.0,40.6618767
2014-12-02 00:00:00,44.9459991,44.9020004,45.1739998,44.6959991,2796000.0,40.8271904
2014-12-03 00:00:00,45.2659988,44.855999,45.3120003,44.7519989,3474000.0,41.1178627
2014-12-04 00:00:00,45.4099998,45.3120003,45.5419998,45.0499992,2818500.0,41.2486801
2014-12-05 00:00:00,44.9539986,44.9959984,45.7579994,44.7700005,3951500.0,40.8344574
2014-12-08 00:00:00,45.1679993,44.8699989,45.4179993,44.6500015,2776500.0,41.0288467
2014-12-09 00:00:00,44.894001,45.0200005,45.0439987,44.4539986,4748000.0,40.779953
2014-12-10 00:00:00,44.6100006,44.8860016,45.0680008,44.5919991,3708500.0,40.5219841
2014-12-11 00:00:00,45.0900002,44.7939987,45.3499985,44.7939987,5927000.0,40.9580002
2014-12-12 00:00:00,43.8180008,44.7220001,45.1080017,43.7820015,3837000.0,39.9176521
2014-12-15 00:00:00,43.8959999,43.8839989,44.3839989,43.6759987,3735500.0,39.9887085
2014-12-16 00:00:00,42.9939995,43.8499985,43.8499985,42.9399986,5262000.0,39.1669922
2014-12-17 00:00:00,44.3180008,43.1959991,44.4360008,43.0239983,4444000.0,40.3731384
2014-12-18 00:00:00,44.7980003,44.4519997,44.8019981,44.3359985,3213500.0,40.810421
2014-12-19 00:00:00,44.3240013,45.1479988,45.3359985,43.9539986,7756000.0,40.3786049
2014-12-22 00:00:00,45.0180016,44.2960014,45.1459999,44.2960014,4237000.0,41.0108376
2014-12-23 00:00:00,44.6860008,45.0880013,45.5379982,44.6459999,3804500.0,40.7083855
2014-12-24 00:00:00,44.3460007,44.7340012,45.0880013,44.3040009,1460000.0,40.3986588
2014-12-26 00:00:00,44.3759995,44.4679985,44.7919998,44.0419998,2265000.0,40.4259644
2014-12-29 00:00:00,44.4259987,44.473999,44.8380013,44.2980003,1892500.0,40.4715347
2014-12-30 00:00:00,44.3580017,44.4000015,44.618,44.2799988,2118000.0,40.4095879
2014-12-31 00:00:00,43.8580017,44.4220009,44.5519981,43.8580017,1710000.0,39.9540901
2015-01-02 00:00:00,43.5279999,44.0779991,44.1520004,43.1599998,2868000.0,39.6534653
2015-01-05 00:00:00,43.7659988,43.4000015,44.1679993,43.2299995,5274000.0,39.8702812
2015-01-06 00:00:00,43.1399994,43.9160004,44.1559982,42.7099991,6890000.0,39.2999954
2015-01-07 00:00:00,43.75,43.2939987,43.7900009,42.762001,14759000.0,39.8557091
2015-01-08 00:00:00,44.2999992,43.9500008,44.7280006,43.9500008,4232000.0,40.3567429
2015-01-09 00:00:00,44.3260002,44.3580017,44.7700005,44.118,2918000.0,40.3804321
2015-01-12 00:00:00,43.1660004,44.2579994,44.4280014,42.9959984,4094500.0,39.3236847
2015-01-13 00:00:00,41.9000015,43.382,43.9080009,41.7519989,8880500.0,38.1703758
2015-01-14 00:00:00,41.5999985,41.4640007,42.0480003,41.223999,6398000.0,37.8970795
2015-01-15 00:00:00,41.1360016,41.5999985,41.8540001,41.105999,5820000.0,37.4743881
2015-01-16 00:00:00,41.8800011,41.0480003,41.9000015,40.8979988,4470000.0,38.1521568
2015-01-20 00:00:00,41.5940018,42.1160011,42.3899994,41.3419991,3806000.0,37.891613
2015-01-21 00:00:00,41.3120003,41.4459991,41.8419991,41.1139984,2981000.0,37.634716
2015-01-22 00:00:00,42.8380013,41.3619995,42.9160004,41.25,5812500.0,39.0248985
2015-01-23 00:00:00,43.3419991,43.0079994,43.5740013,42.776001,4465500.0,39.4840164
2015-01-26 00:00:00,43.5499992,43.0400009,43.5760002,42.8100014,2300000.0,39.6735039
2015-01-27 00:00:00,42.5400009,43.0519981,43.4059982,42.4980011,3763500.0,38.7534103
2015-01-28 00:00:00,41.0880013,42.5159988,42.7080002,41.0760002,5297000.0,37.4306641
2015-01-29 00:00:00,40.973999,41.0499992,41.2000008,40.4480019,6674500.0,37.3268013
2015-01-30 00:00:00,41.1459999,40.6500015,41.7919998,40.5579987,5097500.0,37.4834824
2015-02-02 00:00:00,41.6819992,41.4160004,41.7220001,41.1139984,3344500.0,37.9717827
2015-02-03 00:00:00,42.2739983,41.7179985,42.3139992,41.7179985,2689500.0,38.5110855
2015-02-04 00:00:00,43.0,42.0900002,43.2340012,42.0900002,5298000.0,39.1724586
2015-02-05 00:00:00,45.1699982,43.1479988,45.2220001,43.1459999,6867000.0,41.1493149
2015-02-06 00:00:00,45.7439995,45.3479996,46.1980019,45.3460007,5489500.0,41.6722031
2015-02-09 00:00:00,45.8059998,45.5660019,46.3899994,45.5,3153500.0,41.7286911
2015-02-10 00:00:00,46.2599983,45.9360008,46.3400002,45.762001,3033500.0,42.1422882
2015-02-11 00:00:00,46.368,46.1759987,46.5279999,46.0139999,2691000.0,42.2406769
2015-02-12 00:00:00,46.8860016,46.3540001,46.9760017,46.2360001,2517000.0,42.712574
2015-02-13 00:00:00,46.644001,46.9760017,47.0740013,46.605999,2324000.0,42.4920998
2015-02-17 00:00:00,46.9620018,46.7179985,47.1399994,46.5519981,2549000.0,42.7817917
2015-02-18 00:00:00,46.9539986,46.8499985,47.1220016,46.5639992,2500500.0,42.774498
2015-02-19 00:00:00,46.7820015,46.7719994,47.3499985,46.7420006,1846000.0,42.6178246
2015-02-20 00:00:00,47.0040016,46.7820015,47.0979996,46.2560005,5473000.0,42.8200607
2015-02-23 00:00:00,46.8839989,46.9379997,47.0,46.5019989,1879000.0,42.7107277
2015-02-24 00:00:00,47.105999,46.8079987,47.6380005,46.6699982,2621500.0,42.9129791
2015-02-25 00:00:00,47.7700005,47.0099983,47.9959984,46.6580009,4254000.0,43.5178795
2015-02-26 00:00:00,47.6459999,47.8759995,48.0099983,47.3320007,3364000.0,43.4049072
2015-02-27 00:00:00,47.0719986,47.6339989,47.8240013,47.0480003,2566500.0,42.882
2015-03-02 00:00:00,47.8639984,46.9780006,47.9599991,46.9580002,3609000.0,43.6035042
2015-03-03 00:00:00,47.1220016,47.6520004,47.9840012,46.4679985,3956500.0,42.9275665
2015-03-04 00:00:00,46.5900002,47.0239983,47.0400009,46.2019997,4417500.0,42.4429054
2015-03-05 00:00:00,46.8219986,46.9480019,46.9980011,46.5919991,3005500.0,42.6542397
2015-03-06 00:00:00,46.0839996,46.762001,47.2540016,46.0519981,3556500.0,41.9819527
2015-03-09 00:00:00,46.7859993,46.25,46.8959999,46.0139999,3448000.0,42.62146
2015-03-10 00:00:00,45.5900002,46.4500008,46.4500008,45.5839996,3310500.0,41.5319176
2015-03-11 00:00:00,45.7200012,45.8880005,45.9959984,45.1759987,3692500.0,41.650341
2015-03-12 00:00:00,46.1539993,46.0839996,46.4259987,45.7140007,2509500.0,42.045723
2015-03-13 00:00:00,45.8180008,46.0299988,46.3440018,45.5660019,2664000.0,41.8575211
2015-03-16 00:00:00,46.5900002,46.0960007,46.7719994,46.0940018,2469500.0,42.5627861
2015-03-17 00:00:00,46.7019997,46.4220009,46.7779999,46.0919991,3281000.0,42.6651077
2015-03-18 00:00:00,46.2939987,46.5419998,46.6100006,45.8240013,2985500.0,42.2923813
2015-03-19 00:00:00,47.3419991,46.1599998,47.4080009,46.0499992,3821500.0,43.2497787
2015-03-20 00:00:00,47.3400002,47.3419991,47.5839996,46.9480019,5106000.0,43.2479591
2015-03-23 00:00:00,47.0660019,47.4620018,47.5139999,46.8019981,3107000.0,42.9976501
2015-03-24 00:00:00,46.8619995,46.8699989,47.25,46.5699997,2964500.0,42.8112869
2015-03-25 00:00:00,46.1899986,46.8339996,47.0559998,45.9420013,4392000.0,42.1973648
2015-03-26 00:00:00,45.9500008,45.894001,46.4599991,45.5219994,3433500.0,41.9781075
2015-03-27 00:00:00,46.3959999,45.7799988,46.5320015,45.7680016,2414000.0,42.3855591
2015-03-30 00:00:00,46.9959984,46.7000008,47.0299988,46.5079994,2416000.0,42.9336929
2015-03-31 00:00:00,46.6539993,46.6839981,46.8600006,46.3959999,3282500.0,42.6212578
2015-04-01 00:00:00,46.1839981,46.5320015,47.0779991,46.0940018,3358500.0,42.1918831
2015-04-02 00:00:00,45.7739983,46.2159996,46.3800011,45.4939995,2628000.0,41.8173256
2015-04-06 00:00:00,45.8660011,45.5660019,46.3339996,45.4440002,2119500.0,41.9013748
2015-04-07 00:00:00,45.9620018,45.9560013,46.3499985,45.7099991,2671500.0,41.9890747
2015-04-08 00:00:00,46.0999985,45.9920006,46.4000015,45.9799995,2367500.0,42.1151466
2015-04-09 00:00:00,46.1780014,46.0,46.2299995,45.605999,1794500.0,42.1864243
2015-04-10 00:00:00,46.382,46.2280006,46.5180016,46.0400009,1601000.0,42.3727684
2015-04-13 00:00:00,46.1580009,46.2560005,46.5559998,46.1300011,1972500.0,42.1681252
2015-04-14 00:00:00,45.776001,46.1259995,46.5019989,45.5279999,2345000.0,41.819149
2015-04-15 00:00:00,45.9580002,45.8320007,46.2999992,45.5,3681500.0,41.9854202
2015-04-16 00:00:00,45.9760017,45.9379997,46.2700005,45.5719986,1621500.0,42.001873
2015-04-17 00:00:00,44.7340012,45.6539993,46.0719986,44.5359993,3454000.0,40.8672295
2015-04-20 00:00:00,45.1339989,44.8639984,45.2099991,44.6559982,2669000.0,41.2326469
2015-04-21 00:00:00,44.8240013,45.1339989,45.2200012,44.6399994,2183000.0,40.9494438
2015-04-22 00:00:00,45.1220016,44.8359985,45.5139999,44.5859985,3215000.0,41.2216949
2015-04-23 00:00:00,45.0379982,45.0200005,45.3100014,44.9020004,1976000.0,41.1449547
2015-04-24 00:00:00,44.6780014,44.9459991,45.1739998,44.2560005,3232000.0,40.8160667
2015-04-27 00:00:00,44.5499992,44.6720009,44.9920006,44.4099998,3159500.0,40.6991272
2015-04-28 00:00:00,44.8580017,44.5499992,44.8880005,44.2319984,2639000.0,40.9805107
2015-04-29 00:00:00,44.9519997,44.6160011,45.2999992,44.5719986,2299500.0,41.0663834
2015-04-30 00:00:00,44.9059982,44.75,45.4059982,44.4300003,2640500.0,41.0243454
2015-05-01 00:00:00,45.1640015,44.8499985,45.6119995,44.8079987,2440500.0,41.2600517
2015-05-04 00:00:00,45.3180008,45.3479996,45.6339989,45.1100006,4436500.0,41.4007454
2015-05-05 00:00:00,46.4339981,46.0,46.4339981,45.3720016,9548500.0,42.4202843
2015-05-06 00:00:00,45.4519997,46.3460007,46.4280014,45.1780014,5049500.0,41.5231667
2015-05-07 00:00:00,46.618,45.6100006,46.7980003,45.3839989,5091500.0,42.5883675
2015-05-08 00:00:00,47.6479988,47.1520004,47.9920006,46.8100014,8812000.0,43.5293427
2015-05-11 00:00:00,48.0,47.4059982,48.3959999,47.3400002,8105000.0,43.8509102
2015-05-12 00:00:00,47.987999,47.7999992,48.1899986,47.3339996,3392000.0,43.8399429
2015-05-13 00:00:00,48.0159988,47.9920006,48.3199997,47.7579994,2809500.0,43.8655396
2015-05-14 00:00:00,48.1020012,48.2299995,48.3959999,47.9620018,3891000.0,43.9441032
2015-05-15 00:00:00,47.7540016,48.2840004,48.3139992,47.487999,2378500.0,43.6261826
2015-05-18 00:00:00,47.5359993,47.6259995,48.1500015,47.5040016,2651500.0,43.4270363
2015-05-19 00:00:00,47.5699997,47.6660004,48.0,47.4900017,2641000.0,43.4580841
2015-05-20 00:00:00,47.1520004,47.7439995,47.8959999,47.1300011,3382500.0,43.0762138
2015-05-21 00:00:00,47.0699997,47.0299988,47.382,46.8359985,2679000.0,43.0013123
2015-05-22 00:00:00,47.3740005,47.1199989,47.6580009,47.0060005,1579500.0,43.279026
2015-05-26 00:00:00,46.7360001,47.2879982,47.2879982,46.6360016,2593500.0,42.6961708
2015-05-27 00:00:00,46.9360008,46.8180008,47.1500015,46.4640007,2343500.0,42.8788757
2015-05-28 00:00:00,47.2879982,47.0680008,47.3600006,46.7159996,1856500.0,43.2004547
2015-05-29 00:00:00,47.355999,47.2680016,47.6839981,46.8279991,4178500.0,43.2625694
2015-06-01 00:00:00,47.1080017,47.4980011,47.5340004,47.0639992,2785500.0,43.0360146
2015-06-02 00:00:00,47.1800003,46.894001,47.3400002,46.7360001,1656000.0,43.1017914
2015-06-03 00:00:00,46.8479996,47.2319984,47.605999,46.8440018,3500000.0,42.7984886
2015-06-04 00:00:00,47.0559998,46.6279984,47.2060013,46.3520012,3192500.0,42.9885178
2015-06-05 00:00:00,47.3100014,47.4000015,47.5999985,46.8740005,2354000.0,43.2205582
2015-06-08 00:00:00,47.1139984,47.4519997,47.5460014,46.9700012,3369000.0,43.0414963
2015-06-09 00:00:00,47.3759995,47.0099983,47.8320007,46.8320007,3212500.0,43.2808533
2015-06-10 00:00:00,48.0940018,47.4599991,48.1399994,46.9939995,3573000.0,43.9367943
2015-06-11 00:00:00,48.4000015,48.1580009,48.5919991,47.9480019,2470500.0,44.2163429
2015-06-12 00:00:00,47.7099991,48.1040001,48.3079987,47.5359993,3029500.0,43.7214851
2015-06-15 00:00:00,47.4620018,47.3300018,47.7280006,47.105999,2281000.0,43.4942131
2015-06-16 00:00:00,46.8800011,47.3359985,47.618,46.7579994,3059500.0,42.9608688
2015-06-17 00:00:00,46.8619995,47.0460014,47.2519989,46.6879997,2999500.0,42.9443779
2015-06-18 00:00:00,46.75,47.0,47.1980019,46.5660019,3452000.0,42.8417473
2015-06-19 00:00:00,45.8759995,46.5999985,46.7859993,45.5660019,5301000.0,42.0407982
2015-06-22 00:00:00,46.1780014,46.2280006,46.3880005,45.9580002,2157000.0,42.3175621
2015-06-23 00:00:00,45.9720001,46.4059982,46.4860001,45.9459991,2351000.0,42.1287766
2015-06-24 00:00:00,45.6119995,45.9000015,46.0979996,45.5540009,2737500.0,41.7988739
2015-06-25 00:00:00,45.5460014,45.5999985,45.8979988,45.5139999,2470500.0,41.7383881
2015-06-26 00:00:00,45.2319984,45.5999985,45.8499985,45.1020012,3776500.0,41.4506416
2015-06-29 00:00:00,44.4580002,44.8419991,45.1220016,44.4220009,2342500.0,40.7413521
2015-06-30 00:00:00,44.7220001,44.7140007,44.9959984,44.382,3649000.0,40.9832764
2015-07-01 00:00:00,45.1479988,45.0379982,45.2919998,44.9039993,5389000.0,41.3736649
2015-07-02 00:00:00,45.4080009,45.3380013,45.4980011,45.0919991,2634000.0,41.6119308
2015-07-06 00:00:00,44.8740005,45.0499992,45.3019981,44.618,3244000.0,41.1225586
2015-07-07 00:00:00,45.4459991,45.0040016,45.5800018,44.6500015,3554000.0,41.6467628
2015-07-08 00:00:00,44.3720016,45.1520004,45.3720016,44.3180008,4029500.0,40.6625366
2015-07-09 00:00:00,44.8860016,44.6539993,45.4379997,44.5239983,4959000.0,41.1335678
2015-07-10 00:00:00,45.894001,45.7859993,46.3240013,45.25,3109000.0,42.0572929
2015-07-13 00:00:00,45.7999992,46.3339996,46.3839989,45.5960007,3071500.0,41.9711609
2015-07-14 00:00:00,45.5979996,45.7000008,45.8740005,45.3959999,2144500.0,41.7860413
2015-07-15 00:00:00,45.7840004,45.5699997,45.9420013,44.9640007,2536000.0,41.9565048
2015-07-16 00:00:00,46.4640007,46.1599998,46.4860001,45.9119987,2087000.0,42.5796547
2015-07-17 00:00:00,46.3440018,46.2019997,46.5400009,46.1080017,2015500.0,42.4696808
2015-07-20 00:00:00,46.3019981,46.2919998,46.5139999,46.0,1718000.0,42.4311905
2015-07-21 00:00:00,46.3400002,46.2340012,46.6839981,46.1980019,2274000.0,42.466011
2015-07-22 00:00:00,46.6580009,46.3380013,46.6720009,46.0499992,2147000.0,42.7574272
2015-07-23 00:00:00,45.9679985,46.5439987,46.7939987,45.8499985,2090000.0,42.1251221
2015-07-24 00:00:00,45.8019981,45.9280014,46.3380013,45.5960007,2613500.0,41.9729958
2015-07-27 00:00:00,45.2999992,45.618,45.7179985,45.1300011,1865500.0,41.5129585
2015-07-28 00:00:00,45.2700005,45.5540009,45.5540009,44.9939995,1909500.0,41.485466
2015-07-29 00:00:00,45.5419998,45.3059998,45.6459999,44.987999,1539000.0,41.7347221
2015-07-30 00:00:00,45.8100014,45.4959984,45.9819984,45.4959984,1339500.0,41.9803238
2015-07-31 00:00:00,45.6080017,45.7700005,45.7739983,45.382,2169500.0,41.7952118
2015-08-03 00:00:00,45.9760017,45.7739983,45.9840012,45.526001,2136000.0,42.1324463
2015-08-04 00:00:00,46.1300011,46.0099983,46.2200012,45.9399986,2755500.0,42.2735748
2015-08-05 00:00:00,47.5079994,46.0299988,47.6399994,45.8899994,3222500.0,43.5363731
2015-08-06 00:00:00,47.4000015,47.7319984,47.8619995,46.9280014,3670500.0,43.4374084
2015-08-07 00:00:00,47.4500008,47.4000015,47.7179985,47.0880013,2832000.0,43.4832077
2015-08-10 00:00:00,48.0820007,47.7200012,48.3880005,47.6660004,2000000.0,44.0623894
2015-08-11 00:00:00,47.3800011,47.7579994,47.9560013,47.2080002,2658000.0,43.419075
2015-08-12 00:00:00,47.2360001,47.1199989,47.3160019,46.4020004,2961000.0,43.2871094
2015-08-13 00:00:00,47.5419998,47.3359985,47.8160019,47.0200005,3396500.0,43.5675278
2015-08-14 00:00:00,48.1300011,47.4640007,48.1599998,47.3979988,4329000.0,44.1063652
2015-08-17 00:00:00,48.2000008,47.8580017,48.3219986,47.7159996,2402000.0,44.1705208
2015-08-18 00:00:00,48.8100014,48.1959991,48.8740005,48.0740013,3053000.0,44.7295303
2015-08-19 00:00:00,48.7960014,48.7900009,49.1819992,48.4539986,4566000.0,44.7167053
2015-08-20 00:00:00,48.8580017,48.4840012,49.2779999,47.8839989,5873000.0,44.77351
2015-08-21 00:00:00,47.3419991,48.5880013,48.7039986,47.2859993,5604000.0,43.3842545
2015-08-24 00:00:00,44.9860001,45.4020004,46.5800018,44.0559998,7709500.0,41.2252159
2015-08-25 00:00:00,44.5040016,45.9819984,46.2280006,44.4860001,6486500.0,40.7835007
2015-08-26 00:00:00,45.868,45.4039993,46.2439995,44.8139992,4641000.0,42.0334663
2015-08-27 00:00:00,46.394001,46.1899986,46.5460014,45.4720001,4348500.0,42.5155029
2015-08-28 00:00:00,46.4819984,46.132,46.8279991,46.0,2722000.0,42.5961494
2015-08-31 00:00:00,45.6819992,46.5200005,46.5200005,45.6640015,3281500.0,41.8630104
2015-09-01 00:00:00,44.9039993,44.9119987,45.4480019,44.6980019,4156500.0,41.1500587
2015-09-02 00:00:00,45.3019981,45.2900009,45.4640007,44.7319984,2595500.0,41.514782
2015-09-03 00:00:00,45.7820015,45.4020004,46.2540016,45.1279984,5487500.0,41.9546623
2015-09-04 00:00:00,45.3580017,45.5999985,46.0099983,44.9819984,2938000.0,41.5661125
2015-09-08 00:00:00,46.9020004,45.7480011,46.9480019,45.5639992,2913500.0,42.9810371
2015-09-09 00:00:00,46.237999,47.2140007,47.2439995,46.1459999,2752000.0,42.3725281
2015-09-10 00:00:00,47.0279999,46.2999992,47.4000015,46.1980019,3117500.0,43.096508
2015-09-11 00:00:00,47.2459984,46.9780006,47.276001,46.5340004,3658500.0,43.2962685
2015-09-14 00:00:00,46.7099991,47.1580009,47.632,46.5719986,3247000.0,42.9414177
2015-09-15 00:00:00,46.7000008,46.9160004,46.9160004,46.3279991,4276000.0,42.9322205
2015-09-16 00:00:00,46.6879997,46.6539993,46.8400002,45.9399986,4411500.0,42.9211922
2015-09-17 00:00:00,46.0400009,46.7999992,47.1279984,45.9020004,5357500.0,42.3254738
2015-09-18 00:00:00,45.6520004,45.6500015,46.0159988,45.3040009,5143500.0,41.9687805
2015-09-21 00:00:00,46.3300018,45.9480019,46.5979996,45.8079987,4652500.0,42.5920753
2015-09-22 00:00:00,45.2919998,45.7159996,46.0,45.0279999,2922000.0,41.637825
2015-09-23 00:00:00,45.8540001,45.2140007,45.9420013,45.1040001,2454500.0,42.15448
2015-09-24 00:00:00,45.3380013,45.5379982,45.5379982,44.9640007,3574500.0,41.6801147
2015-09-25 00:00:00,47.0,45.7299995,47.2980003,45.6240005,5286000.0,43.2080231
2015-09-28 00:00:00,45.5960007,46.632,46.9500008,45.5499992,4465500.0,41.917305
2015-09-29 00:00:00,45.5579987,45.6399994,45.8260002,44.6980019,3482500.0,41.8823586
2015-09-30 00:00:00,46.9980011,45.8320007,47.0639992,45.7000008,3125500.0,43.2061691
2015-10-01 00:00:00,46.7080002,46.8019981,47.1899986,46.0159988,4503000.0,42.9395752
2015-10-02 00:00:00,46.2960014,46.2519989,46.3059998,44.9280014,4387500.0,42.5608215
2015-10-05 00:00:00,47.3919983,46.5699997,47.4640007,46.4039993,3182500.0,43.5683899
2015-10-06 00:00:00,47.2560005,47.4220009,47.5079994,46.8860016,2706000.0,43.4433632
2015-10-07 00:00:00,46.7579994,47.5979996,47.6720009,46.473999,2973500.0,42.9855537
2015-10-08 00:00:00,46.8320007,46.5660019,46.8919983,46.1080017,2187500.0,43.0535698
2015-10-09 00:00:00,45.7799988,46.8339996,46.9199982,45.4780006,3478000.0,42.0864487
2015-10-12 00:00:00,46.6800003,45.9620018,46.7739983,45.7799988,1968500.0,42.9138374
2015-10-13 00:00:00,46.2319984,46.3800011,46.7540016,46.2019997,2263000.0,42.501976
2015-10-14 00:00:00,45.8699989,46.2439995,46.7200012,45.7820015,2620500.0,42.1691895
2015-10-15 00:00:00,47.2439995,46.0660019,47.3619995,46.0400009,2148000.0,43.4323273
2015-10-16 00:00:00,47.5779991,47.5919991,47.9099998,47.1559982,2939000.0,43.7393913
2015-10-19 00:00:00,48.0540009,47.2099991,48.2319984,47.2099991,3854000.0,44.1769905
2015-10-20 00:00:00,48.3279991,47.9239998,48.4319992,47.5660019,2593500.0,44.4288788
2015-10-21 00:00:00,47.3759995,48.4080009,48.5680008,47.3400002,2126500.0,43.5536766
2015-10-22 00:00:00,49.1479988,47.5139999,49.4160004,47.4039993,3154500.0,45.182724
2015-10-23 00:00:00,49.7599983,49.4059982,49.8800011,49.1399994,2899500.0,45.7453423
2015-10-26 00:00:00,49.4780006,49.8019981,50.9819984,48.7560005,5828000.0,45.4860916
2015-10-27 00:00:00,51.1419983,49.2779999,51.4679985,49.0,7792500.0,47.0158348
2015-10-28 00:00:00,51.5340004,51.1860008,51.6080017,50.3300018,4186500.0,47.3762169
2015-10-29 00:00:00,52.368,51.5760002,52.5359993,51.4099998,4858000.0,48.1429253
2015-10-30 00:00:00,50.4799995,52.3079987,52.4360008,50.394001,5180000.0,46.4072647
2015-11-02 00:00:00,52.2700005,50.3040009,52.3400002,50.1500015,4729000.0,48.0528374
2015-11-03 00:00:00,52.0999985,52.0019989,52.4760017,51.6759987,3933500.0,47.8965454
2015-11-04 00:00:00,52.0499992,51.9300003,52.3959999,51.5460014,3710000.0,47.8505898
2015-11-05 00:00:00,52.2999992,52.1139984,52.4720001,51.855999,3241500.0,48.08041
2015-11-06 00:00:00,52.4640007,52.8880005,53.1800003,52.1500015,2942000.0,48.2311897
2015-11-09 00:00:00,52.2599983,52.4780006,52.5340004,51.9000015,2354500.0,48.0436363
2015-11-10 00:00:00,52.737999,52.0900002,52.8740005,51.8160019,2674000.0,48.483078
2015-11-11 00:00:00,52.7960014,53.0180016,53.3479996,52.6580009,3492000.0,48.536396
2015-11-12 00:00:00,52.0159988,52.4679985,52.7799988,51.9599991,3936500.0,47.8193245
2015-11-13 00:00:00,51.6940002,51.868,52.1699982,51.2900009,3116000.0,47.523304
2015-11-16 00:00:00,52.4199982,51.7739983,52.4459991,51.3160019,2887500.0,48.1907272
2015-11-17 00:00:00,52.3839989,52.7120018,52.7200012,52.026001,2486500.0,48.1576385
2015-11-18 00:00:00,52.7200012,52.618,52.75,51.8079987,2802000.0,48.4665413
2015-11-19 00:00:00,52.5859985,52.6240005,52.75,52.3219986,1743500.0,48.3433304
2015-11-20 00:00:00,52.7039986,52.8139992,52.9980011,52.4780006,2223500.0,48.4518166
2015-11-23 00:00:00,52.6599998,52.6819992,53.0,52.5060005,1237500.0,48.4113655
2015-11-24 00:00:00,51.8300018,52.2459984,52.4239998,51.5680008,2075500.0,47.6483269
2015-11-25 00:00:00,51.9020004,51.8639984,52.2280006,51.6940002,1252000.0,47.7145271
2015-11-27 00:00:00,52.0460014,51.9179993,52.1899986,51.6899986,569000.0,47.8469124
2015-11-30 00:00:00,51.9679985,52.0480003,52.3619995,51.6679993,2424500.0,47.7751884
2015-12-01 00:00:00,52.1899986,52.3040009,52.4080009,51.2700005,4277000.0,47.97929
2015-12-02 00:00:00,51.8100014,52.2739983,52.6300011,51.6839981,2992000.0,47.6299477
2015-12-03 00:00:00,50.7680016,51.9099998,52.1980019,50.6220016,4525500.0,46.67202
2015-12-04 00:00:00,52.8279991,51.1160011,53.2000008,51.0519981,4690500.0,48.5658073
2015-12-07 00:00:00,52.7340012,52.7700005,53.1879997,52.5,3016000.0,48.4793968
2015-12-08 00:00:00,52.2360001,52.5900002,53.0999985,51.8959999,2072500.0,48.0215759
2015-12-09 00:00:00,50.4560013,51.7220001,52.0019989,50.0499992,2602000.0,46.3851967
2015-12-10 00:00:00,50.4920006,50.4500008,51.0900002,50.3079987,2324000.0,46.4182854
2015-12-11 00:00:00,48.7900009,49.776001,49.9920006,48.5579987,3292000.0,44.8535995
2015-12-14 00:00:00,49.1160011,48.8160019,49.2900009,48.0740013,3849000.0,45.2925491
2015-12-15 00:00:00,50.0,50.0,50.6380005,49.2639999,5167500.0,46.1077232
2015-12-16 00:00:00,49.5439987,50.25,50.4039993,49.1640015,5094500.0,45.6872215
2015-12-17 00:00:00,49.6739998,48.9819984,49.8779984,48.8199997,17146500.0,45.807106
2015-12-18 00:00:00,48.9160004,49.4339981,49.6199989,48.8260002,6975500.0,45.1081161
2015-12-21 00:00:00,49.487999,49.3959999,49.5480003,49.0099983,3955500.0,45.6355972
2015-12-22 00:00:00,50.0180016,49.8300018,50.1780014,49.6040001,3565500.0,46.1243362
2015-12-23 00:00:00,50.2000008,49.9599991,50.4539986,49.7179985,3710500.0,46.2921638
2015-12-24 00:00:00,50.3839989,50.0999985,50.5299988,50.0099983,1474000.0,46.4618416
2015-12-28 00:00:00,50.882,50.3460007,51.1539993,50.2540016,4593000.0,46.9210815
2015-12-29 00:00:00,51.5480003,51.394001,51.8759995,51.1199989,5030000.0,47.5352287
2015-12-30 00:00:00,51.3860016,51.5460014,52.0359993,51.3120003,2909000.0,47.3858376
2015-12-31 00:00:00,51.2519989,51.0979996,51.7999992,50.5499992,13121500.0,47.2622643
2016-01-04 00:00:00,50.2779999,50.4500008,50.6339989,49.6720009,8122000.0,46.3640823
2016-01-05 00:00:00,51.5159988,51.6599998,51.8100014,50.8120003,6751500.0,47.5057259
2016-01-06 00:00:00,51.0559998,51.0,51.3499985,50.5779991,5234000.0,47.0815315
2016-01-07 00:00:00,50.8339996,50.0859985,51.7400017,50.0540009,6180500.0,46.8768044
2016-01-08 00:00:00,50.0540009,51.1300011,51.3959999,49.9360008,4808500.0,46.1575356
2016-01-11 00:00:00,50.5279999,50.3860016,50.8180008,49.9580002,4436500.0,46.5946236
2016-01-12 00:00:00,50.7739983,51.0,51.1759987,50.1119995,3620000.0,46.821476
2016-01-13 00:00:00,49.3240013,50.8800011,50.9339981,48.8300018,4299500.0,45.4843597
2016-01-14 00:00:00,50.0139999,49.6520004,50.2919998,49.0499992,3648000.0,46.1206398
2016-01-15 00:00:00,49.0900002,48.6380005,50.3059998,48.6139984,7015500.0,45.2685585
2016-01-19 00:00:00,49.8059998,49.8600006,50.2579994,49.4459991,5442500.0,45.9288254
2016-01-20 00:00:00,48.5660019,49.0460014,49.4459991,48.25,6240000.0,44.7853661
2016-01-21 00:00:00,48.4160004,48.9099998,49.223999,48.0680008,4790000.0,44.6470375
2016-01-22 00:00:00,50.2560005,49.0219994,50.3419991,48.7120018,5004500.0,46.3437881
2016-01-25 00:00:00,49.7540016,50.5139999,50.7200012,49.2820015,4532000.0,45.8808784
2016-01-26 00:00:00,50.3279991,50.0979996,50.3419991,49.8180008,4885500.0,46.4101944
2016-01-27 00:00:00,50.5559998,50.2220001,51.237999,50.0060005,5451000.0,46.6204453
2016-01-28 00:00:00,50.9080009,50.9780006,51.2540016,50.2739983,5301000.0,46.9450455
2016-01-29 00:00:00,52.7599983,51.3320007,52.8059998,50.9420013,9450000.0,48.652874
2016-02-01 00:00:00,53.3880005,52.6580009,53.7779999,52.3260002,7803500.0,49.231987
2016-02-02 00:00:00,52.8979988,53.1500015,53.1500015,52.4620018,6056000.0,48.7801323
2016-02-03 00:00:00,52.6160011,53.1119995,53.3260002,51.4920006,6074000.0,48.5200882
2016-02-04 00:00:00,49.2179985,52.7840004,52.9319992,48.3619995,14852000.0,45.3866005
2016-02-05 00:00:00,47.237999,48.9259987,49.2700005,46.7960014,8854000.0,43.5607529
2016-02-08 00:00:00,47.7960014,46.7200012,47.9959984,45.7879982,9605000.0,44.0752983
2016-02-09 00:00:00,48.5600014,47.6739998,48.8320007,47.3860016,5991000.0,44.7798271
2016-02-10 00:00:00,47.2919998,48.7599983,49.0099983,47.237999,4817500.0,43.6105385
2016-02-11 00:00:00,46.6380005,46.1300011,47.2400017,45.6980019,6435500.0,43.0074463
2016-02-12 00:00:00,47.2560005,47.3139992,47.3139992,46.2080002,4147500.0,43.577343
2016-02-16 00:00:00,47.5779991,47.7159996,48.0999985,47.0180016,4869000.0,43.8742752
2016-02-17 00:00:00,49.2779999,47.7080002,49.5400009,47.7080002,4938500.0,45.4419403
2016-02-18 00:00:00,48.7900009,49.2000008,49.4000015,48.512001,2698500.0,44.9919205
2016-02-19 00:00:00,49.6139984,48.6739998,49.9440002,48.3079987,3814000.0,45.7517776
2016-02-22 00:00:00,49.3419991,50.2120018,50.7420006,49.0779991,3653500.0,45.5009575
2016-02-23 00:00:00,48.3279991,49.4640007,49.7000008,47.9500008,4671000.0,44.5659065
2016-02-24 00:00:00,48.8660011,48.0,48.9860001,47.6259995,3189500.0,45.0620155
2016-02-25 00:00:00,49.0060005,48.8699989,49.3400002,48.3139992,3210500.0,45.1911087
2016-02-26 00:00:00,47.987999,49.0540009,49.1879997,47.9119987,6366000.0,44.2523537
2016-02-29 00:00:00,47.6920013,47.7859993,48.1599998,47.0999985,3543000.0,43.979393
2016-03-01 00:00:00,46.4160004,46.5639992,46.6980019,45.5400009,13459500.0,42.8027229
2016-03-02 00:00:00,46.3919983,46.8100014,46.8100014,45.8619995,8081500.0,42.7805901
2016-03-03 00:00:00,47.3880005,46.0859985,47.4459991,46.0859985,4444500.0,43.6990662
2016-03-04 00:00:00,47.7999992,47.4399986,48.0740013,46.9720001,4382000.0,44.0789909
2016-03-07 00:00:00,46.855999,47.2560005,47.5499992,46.473999,3658000.0,43.2084694
2016-03-08 00:00:00,46.605999,46.3160019,47.2000008,46.3120003,3982500.0,42.9779396
2016-03-09 00:00:00,45.9939995,46.7000008,46.7680016,45.4440002,6537000.0,42.413578
2016-03-10 00:00:00,46.4220009,46.2779999,46.6419983,45.9099998,3911500.0,42.8082657
2016-03-11 00:00:00,47.1980019,46.6500015,47.5379982,46.6500015,3840000.0,43.5238495
2016-03-14 00:00:00,47.2739983,46.9000015,47.512001,46.9000015,2100000.0,43.7515259
2016-03-15 00:00:00,47.3100014,46.855999,47.5880013,46.855999,2229000.0,43.7848473
2016-03-16 00:00:00,46.6300011,47.3440018,47.4399986,46.5279999,2697000.0,43.1555023
2016-03-17 00:00:00,47.2220001,46.7820015,47.4099998,46.6220016,3255000.0,43.7033958
2016-03-18 00:00:00,47.5,47.4119987,47.5900002,46.7159996,5292500.0,43.9606895
2016-03-21 00:00:00,47.4199982,47.4140015,47.8540001,47.2739983,2575500.0,43.8866501
2016-03-22 00:00:00,47.0379982,47.0,47.5800018,46.9000015,2261500.0,43.5331116
2016-03-23 00:00:00,47.3100014,47.0660019,47.6080017,46.9500008,2375500.0,43.7848473
2016-03-24 00:00:00,46.8699989,47.0760002,47.2879982,46.5760002,2598000.0,43.3776207
2016-03-28 00:00:00,47.0,46.8800011,47.3839989,46.7980003,2391000.0,43.4979439
2016-03-29 00:00:00,46.9360008,46.9679985,47.0999985,46.394001,2777000.0,43.4387093
2016-03-30 00:00:00,46.6419983,47.1640015,47.3720016,46.5079994,3560500.0,43.1666069
2016-03-31 00:00:00,47.0279999,46.3959999,47.1839981,46.2420006,5883000.0,43.5238533
2016-04-01 00:00:00,47.1399994,46.9720001,47.5680008,46.7140007,3051000.0,43.6275177
2016-04-04 00:00:00,47.2999992,47.0499992,47.368,46.5680008,4323000.0,43.7755814
2016-04-05 00:00:00,47.4420013,47.0760002,47.7659988,46.7519989,4575000.0,43.9070053
2016-04-06 00:00:00,47.5740013,47.3839989,47.6080017,46.7260017,4566500.0,44.0291786
2016-04-07 00:00:00,46.9020004,47.3279991,47.8059998,46.6160011,3974000.0,43.4072456
2016-04-08 00:00:00,46.7039986,47.0359993,47.1940002,46.5699997,3190000.0,43.2239952
2016-04-11 00:00:00,46.4959984,46.8479996,47.0079994,46.3380013,2497500.0,43.0314865
2016-04-12 00:00:00,46.5999985,46.6660004,46.8160019,45.8759995,2994000.0,43.1277466
2016-04-13 00:00:00,47.5019989,47.0460014,47.5499992,46.4220009,3323000.0,43.9625397
2016-04-14 00:00:00,47.355999,47.382,47.7980003,47.1739998,3414500.0,43.8274155
2016-04-15 00:00:00,47.7000008,47.4199982,47.8779984,47.3040009,2504500.0,44.1457901
2016-04-18 00:00:00,47.8860016,47.5880013,48.118,47.5400009,2903500.0,44.3179283
2016-04-19 00:00:00,48.4199982,47.762001,48.4440002,47.6739998,3483500.0,44.81213
2016-04-20 00:00:00,48.5200005,48.5400009,48.6720009,48.0839996,2617000.0,44.9046783
2016-04-21 00:00:00,48.0320015,48.3240013,48.4840012,47.9599991,2528500.0,44.4530487
2016-04-22 00:00:00,48.2299995,48.0680008,48.5099983,47.9799995,2898000.0,44.6362839
2016-04-25 00:00:00,48.0820007,48.1300011,48.2999992,47.9259987,2897000.0,44.4993134
2016-04-26 00:00:00,48.8759995,48.2480011,48.9020004,48.0,2367500.0,45.2341614
2016-04-27 00:00:00,48.6980019,48.7639999,48.9259987,48.25,2000000.0,45.0694275
2016-04-28 00:00:00,48.1720009,48.2879982,48.7120018,48.0340004,1738000.0,44.5826111
2016-04-29 00:00:00,48.0060005,47.8959999,48.1559982,47.632,3020500.0,44.428978
2016-05-02 00:00:00,48.9360008,48.105999,48.9500008,47.882,4452000.0,45.2896843
2016-05-03 00:00:00,48.1959991,48.4539986,48.7579994,47.6199989,3408000.0,44.6048317
2016-05-04 00:00:00,51.6980019,51.0019989,52.5400009,51.0019989,14339000.0,47.8458862
2016-05-05 00:00:00,50.8040009,51.7999992,52.0180016,50.7659988,7107000.0,47.0184975
2016-05-06 00:00:00,51.632,50.7939987,51.7140007,50.5639992,3986500.0,47.7847977
2016-05-09 00:00:00,52.0999985,51.7439995,52.4799995,51.6839981,5617000.0,48.2179298
2016-05-10 00:00:00,52.2039986,52.105999,52.5200005,51.8639984,5001500.0,48.3141785
2016-05-11 00:00:00,51.7099991,52.1660004,52.3240013,51.5159988,2994000.0,47.8569908
2016-05-12 00:00:00,52.4280014,52.0180016,52.6580009,51.6739998,2766500.0,48.521492
2016-05-13 00:00:00,51.9980011,52.2220001,52.6619987,51.9799995,3528000.0,48.123539
2016-05-16 00:00:00,52.3219986,52.132,52.6199989,51.8619995,3592500.0,48.4233894
2016-05-17 00:00:00,51.5159988,52.2000008,52.4980011,51.2639999,3748500.0,47.6774559
2016-05-18 00:00:00,52.2919998,51.4000015,52.3320007,51.237999,3054500.0,48.3956184
2016-05-19 00:00:00,52.1259995,52.2999992,52.5960007,51.9080009,4610500.0,48.2419853
2016-05-20 00:00:00,52.5979996,52.4480019,53.1240005,52.3499985,5796000.0,48.6788177
2016-05-23 00:00:00,52.7960014,52.4580002,52.9339981,52.2999992,3196000.0,48.8620644
2016-05-24 00:00:00,54.1380005,52.9020004,54.2939987,52.7980003,6396500.0,50.1040878
2016-05-25 00:00:00,54.0,54.1599998,54.3440018,53.8779984,3890500.0,49.9763565
2016-05-26 00:00:00,53.5999985,53.8959999,54.0499992,53.4179993,3203500.0,49.6061554
2016-05-27 00:00:00,54.0419998,53.8839989,54.1419983,53.5960007,2842500.0,50.015213
2016-05-31 00:00:00,54.223999,54.2400017,54.3899994,53.8800011,3266500.0,50.1836662
2016-06-01 00:00:00,53.8160019,54.223999,54.223999,53.2080002,3996000.0,49.806076
2016-06-02 00:00:00,53.4480019,53.5680008,53.7919998,53.1100006,3801500.0,49.4654808
2016-06-03 00:00:00,53.1020012,53.0060005,53.1759987,52.6040001,4872000.0,49.1452599
2016-06-06 00:00:00,52.9000015,53.0639992,53.1559982,52.3499985,4609500.0,48.9583282
2016-06-07 00:00:00,53.0579987,52.9020004,53.4119987,52.855999,3855000.0,49.1045456
2016-06-08 00:00:00,52.9640007,52.9199982,53.0299988,52.6300011,2272500.0,49.0175438
2016-06-09 00:00:00,52.5040016,52.6800003,52.7879982,52.2739983,3510500.0,48.5918312
2016-06-10 00:00:00,52.2579994,52.2179985,52.512001,52.026001,2980500.0,48.3641548
2016-06-13 00:00:00,52.1119995,52.0,52.5540009,51.6819992,3665500.0,48.2290344
2016-06-14 00:00:00,51.6040001,51.7859993,52.1819992,51.4080009,3985500.0,47.9151917
2016-06-15 00:00:00,51.3059998,51.6399994,52.0460014,51.1940002,3974500.0,47.6385078
2016-06-16 00:00:00,51.3120003,50.9259987,51.4539986,50.6839981,2927000.0,47.6440659
2016-06-17 00:00:00,50.7319984,51.3499985,51.3600006,50.6599998,3280500.0,47.1055298
2016-06-20 00:00:00,50.4399986,51.132,51.6279984,50.4000015,4078500.0,46.8343964
2016-06-21 00:00:00,50.1920013,50.4939995,50.6940002,50.1399994,3463500.0,46.604126
2016-06-22 00:00:00,50.4000015,50.2919998,50.4659996,49.9160004,3391500.0,46.7972565
2016-06-23 00:00:00,51.2099991,50.8260002,51.2420006,50.7159996,3844500.0,47.5493546
2016-06-24 00:00:00,49.2799988,49.5639992,50.4420013,49.1500015,12361500.0,45.7573204
2016-06-27 00:00:00,48.4420013,49.0559998,49.0559998,48.1500015,4475500.0,44.9792252
2016-06-28 00:00:00,49.6660004,48.8240013,49.6660004,48.4379997,5460500.0,46.1157227
2016-06-29 00:00:00,50.5519981,50.0279999,50.7159996,49.8660011,4377000.0,46.9383926
2016-06-30 00:00:00,51.1920013,50.6020012,51.3499985,50.3219986,4280000.0,47.5326538
2016-07-01 00:00:00,50.5480003,50.9840012,51.5480003,50.4860001,2740500.0,46.9346848
2016-07-05 00:00:00,50.973999,50.2120018,51.0559998,50.1780014,2731500.0,47.3302383
2016-07-06 00:00:00,50.9760017,50.6360016,51.0379982,50.4459991,3859000.0,47.3320923
2016-07-07 00:00:00,50.7919998,50.9679985,51.1959991,50.2659988,3344000.0,47.1612511
2016-07-08 00:00:00,51.3779984,50.8499985,51.7099991,50.8499985,2346500.0,47.7053528
2016-07-11 00:00:00,51.5880013,51.3899994,51.6879997,51.1240005,1897500.0,47.9003487
2016-07-12 00:00:00,52.0960007,51.9099998,52.2340012,51.6619987,3095500.0,48.3720245
2016-07-13 00:00:00,51.9160004,52.4099998,52.4099998,51.7159996,1821000.0,48.2048874
2016-07-14 00:00:00,52.5079994,52.4000015,52.5079994,52.105999,1978000.0,48.7545776
2016-07-15 00:00:00,52.6100006,52.6980019,52.6980019,52.4959984,2296500.0,48.8492889
2016-07-18 00:00:00,52.5820007,52.6360016,52.8899994,52.4360008,2020000.0,48.823288
2016-07-19 00:00:00,52.8339996,52.2960014,53.0340004,52.2540016,1545000.0,49.0572777
2016-07-20 00:00:00,52.5400009,53.0,53.0,52.473999,3432000.0,48.7842941
2016-07-21 00:00:00,52.487999,52.3759995,52.5139999,52.1459999,1464500.0,48.7360115
2016-07-22 00:00:00,52.6339989,52.7260017,52.7319984,52.5180016,1401000.0,48.8715706
2016-07-25 00:00:00,52.6819992,52.5940018,52.7120018,52.3079987,1518000.0,48.9161301
2016-07-26 00:00:00,52.4199982,52.5460014,52.7299995,52.2159996,1286000.0,48.6728668
2016-07-27 00:00:00,52.8079987,52.4239998,52.9339981,52.4239998,1866000.0,49.0331345
2016-07-28 00:00:00,53.0519981,52.7080002,53.2120018,52.6199989,2936000.0,49.2596893
2016-07-29 00:00:00,52.8400002,52.9700012,53.2280006,52.8079987,1873500.0,49.0628471
2016-08-01 00:00:00,52.9259987,52.9399986,53.0359993,52.6739998,2236000.0,49.1427002
2016-08-02 00:00:00,52.7859993,52.8540001,52.8540001,52.4500008,3097000.0,49.0127106
2016-08-03 00:00:00,55.6040001,54.2120018,56.6500015,54.0019989,10269500.0,51.6292686
2016-08-04 00:00:00,55.6679993,55.7039986,56.0019989,55.3499985,3666500.0,51.6886978
2016-08-05 00:00:00,55.6139984,56.0139999,56.0480003,55.2560005,3286500.0,51.638546
2016-08-08 00:00:00,55.3600006,55.4760017,55.4760017,54.9059982,2953000.0,51.4027138
2016-08-09 00:00:00,55.394001,55.4580002,55.5139999,55.1980019,1960000.0,51.4342766
2016-08-10 00:00:00,55.3660011,55.3520012,55.4560013,55.1279984,1937000.0,51.4082794
2016-08-11 00:00:00,55.7200012,55.6160011,55.7540016,55.2260017,1798000.0,51.736969
2016-08-12 00:00:00,55.7280006,55.3600006,55.7919998,55.2560005,1714000.0,51.7443924
2016-08-15 00:00:00,56.0040016,55.9339981,56.0639992,55.7319984,2393000.0,52.0006752
2016-08-16 00:00:00,55.6220016,55.7999992,56.1160011,55.6220016,1932500.0,51.6459808
2016-08-17 00:00:00,56.3040009,55.7220001,56.3619995,55.6720009,2056500.0,52.2792397
2016-08-18 00:00:00,56.2719994,56.276001,56.3839989,56.1500015,1989000.0,52.2495079
2016-08-19 00:00:00,56.0660019,56.2120018,56.3779984,55.8339996,1828500.0,52.0582466
2016-08-22 00:00:00,55.8979988,56.0660019,56.1559982,55.8180008,1676000.0,51.9022522
2016-08-23 00:00:00,55.776001,56.2599983,56.2599983,55.7260017,1542000.0,51.7889748
2016-08-24 00:00:00,55.4280014,55.6539993,55.7540016,55.3100014,2212000.0,51.465847
2016-08-25 00:00:00,55.4360008,55.3279991,55.5019989,55.2099991,1888000.0,51.4732742
2016-08-26 00:00:00,55.5359993,55.5600014,55.868,55.2099991,1674000.0,51.566124
2016-08-29 00:00:00,55.7120018,55.5400009,56.0800018,55.4599991,2274500.0,51.7295494
2016-08-30 00:00:00,55.9920006,55.7739983,56.0299988,55.355999,2975000.0,51.9895363
2016-08-31 00:00:00,56.4039993,55.8540001,56.4300003,55.7480011,3154500.0,52.3720779
2016-09-01 00:00:00,56.8699989,56.5139999,57.2939987,56.3320007,3703500.0,52.8047676
2016-09-02 00:00:00,57.0740013,57.0439987,57.1139984,56.7039986,1921000.0,52.9941864
2016-09-06 00:00:00,56.9720001,57.1419983,57.4039993,56.7599983,3946000.0,52.8994713
2016-09-07 00:00:00,56.7299995,56.6240005,56.7919998,56.3300018,2363000.0,52.6747818
2016-09-08 00:00:00,56.5060005,56.6100006,56.7000008,56.3199997,2683000.0,52.4667854
2016-09-09 00:00:00,56.4500008,56.3419991,56.6679993,56.0719986,4113500.0,52.4147911
2016-09-12 00:00:00,56.9980011,55.7599983,57.1459999,55.7599983,4145500.0,52.9236183
2016-09-13 00:00:00,56.3300018,56.6199989,56.8320007,56.1279984,4095000.0,52.3033714
2016-09-14 00:00:00,55.9599991,56.1580009,56.4519997,55.9220009,4206000.0,52.1171036
2016-09-15 00:00:00,56.3440018,55.973999,56.5200005,55.9620018,2561000.0,52.4747353
2016-09-16 00:00:00,56.2999992,56.1399994,56.4119987,55.8400002,3187000.0,52.4337616
2016-09-19 00:00:00,56.4500008,56.4459991,56.6879997,56.223999,1803000.0,52.5734558
2016-09-20 00:00:00,56.0419998,56.5480003,56.7659988,56.0419998,1459000.0,52.1934814
2016-09-21 00:00:00,56.4519997,56.1699982,56.5040016,56.0,1703000.0,52.5753021
2016-09-22 00:00:00,56.144001,56.6500015,56.7200012,55.9119987,1952000.0,52.2884636
2016-09-23 00:00:00,55.2220001,56.0660019,56.0719986,55.2220001,2997500.0,51.4297829
2016-09-26 00:00:00,54.8079987,55.1500015,55.2840004,54.6599998,2608000.0,51.0442123
2016-09-27 00:00:00,54.7060013,54.6780014,54.9760017,54.4760017,2403000.0,50.9492149
2016-09-28 00:00:00,54.1920013,54.7659988,54.8779984,53.8860016,3871000.0,50.4705162
2016-09-29 00:00:00,53.6800003,54.0060005,54.5,53.4160004,2953500.0,49.993679
2016-09-30 00:00:00,53.8720016,53.9700012,54.2120018,53.7999992,3410500.0,50.1724892
2016-10-03 00:00:00,53.5340004,53.6679993,53.9220009,53.4360008,4497000.0,49.8576927
2016-10-04 00:00:00,53.5519981,53.5979996,54.0499992,53.4760017,2449000.0,49.8744545
2016-10-05 00:00:00,53.6619987,53.5919991,53.7280006,53.3260002,3207500.0,49.9769096
2016-10-06 00:00:00,53.5439987,53.5079994,53.6759987,53.3540001,1792500.0,49.8670197
2016-10-07 00:00:00,53.4620018,53.6199989,53.6539993,53.1559982,1692500.0,49.7906494
2016-10-10 00:00:00,53.6800003,53.7719994,53.9599991,53.3880005,2680000.0,49.993679
2016-10-11 00:00:00,53.0699997,53.7000008,53.8279991,52.9840012,3266500.0,49.4255638
2016-10-12 00:00:00,53.4659996,53.1599998,53.5519981,52.9099998,2350500.0,49.7943726
2016-10-13 00:00:00,53.3120003,53.1739998,53.3919983,52.9339981,3073000.0,49.6509438
2016-10-14 00:00:00,54.2579994,53.6959991,54.5019989,53.5740013,3297000.0,50.5319824
2016-10-17 00:00:00,53.1780014,54.2420006,54.3860016,53.1479988,2349500.0,49.5261497
2016-10-18 00:00:00,53.5299988,53.6699982,53.9500008,53.2200012,1899000.0,49.8539696
2016-10-19 00:00:00,53.4119987,53.7340012,53.8339996,53.2060013,1899000.0,49.7440796
2016-10-20 00:00:00,53.0060005,53.382,53.5960007,53.0019989,2023000.0,49.365963
2016-10-21 00:00:00,53.2659988,52.7360001,53.3979988,52.6199989,2494500.0,49.6081085
2016-10-24 00:00:00,53.3079987,53.4259987,53.4259987,53.144001,1549000.0,49.6472244
2016-10-25 00:00:00,53.3880005,53.2000008,53.7680016,53.2000008,1972000.0,49.7217331
2016-10-26 00:00:00,53.2639999,53.1860008,53.5740013,53.1800003,2019500.0,49.6062393
2016-10-27 00:00:00,53.2220001,53.3540001,53.4819984,53.0180016,2778000.0,49.5671272
2016-10-28 00:00:00,53.5660019,53.2220001,53.7280006,53.0719986,2674500.0,49.8875046
2016-10-31 00:00:00,54.0779991,53.6539993,54.4099998,53.2919998,4055000.0,50.3643456
2016-11-01 00:00:00,52.6100006,53.5999985,53.9259987,52.2659988,6879500.0,48.9971619
2016-11-02 00:00:00,53.0439987,52.5219994,53.2999992,52.5219994,3937000.0,49.4013519
2016-11-03 00:00:00,53.894001,53.2820015,53.9140015,53.237999,3704000.0,50.1929779
2016-11-04 00:00:00,53.3699989,53.9099998,54.0200005,53.2700005,2230400.0,49.7049599
2016-11-07 00:00:00,54.4300003,54.1500015,54.5,54.0299988,3395800.0,50.6921844
2016-11-08 00:00:00,54.6199989,54.4799995,54.8400002,54.1899986,2192300.0,50.8691292
2016-11-09 00:00:00,57.3400002,55.1899986,57.5699997,54.5,4937000.0,53.4023361
2016-11-10 00:00:00,57.2999992,57.9900017,58.7000008,57.1199989,3780300.0,53.365078
2016-11-11 00:00:00,56.25,57.2000008,57.2999992,55.9099998,3415700.0,52.3871918
2016-11-14 00:00:00,55.5900002,56.4000015,56.4900017,55.0600014,3968800.0,51.7725029
2016-11-15 00:00:00,55.5,55.4300003,55.7200012,54.9099998,2855700.0,51.688694
2016-11-16 00:00:00,54.4500008,55.0999985,55.3600006,54.2000008,4521800.0,50.7108002
2016-11-17 00:00:00,54.9000015,54.5099983,55.1599998,54.3400002,3179500.0,51.1298904
2016-11-18 00:00:00,54.8199997,54.7099991,55.0299988,54.7000008,3369300.0,51.0553894
2016-11-21 00:00:00,55.1800003,54.9399986,55.1800003,54.5200005,3315700.0,51.390667
2016-11-22 00:00:00,54.4099998,55.3199997,55.3300018,54.2299995,3086700.0,50.6735497
2016-11-23 00:00:00,54.3300018,54.3400002,54.6300011,53.9099998,2557400.0,50.5990334
2016-11-25 00:00:00,54.6899986,54.4799995,54.6899986,54.2000008,735500.0,50.9343109
2016-11-28 00:00:00,54.0800018,54.6599998,54.7900009,54.0299988,2151300.0,50.3662071
2016-11-29 00:00:00,54.8400002,54.3499985,54.9399986,53.9500008,3023200.0,51.0740089
2016-11-30 00:00:00,55.4000015,55.3199997,55.8600006,55.2599983,5473600.0,51.5955582
2016-12-01 00:00:00,56.3499985,55.5,56.4000015,55.3800011,4135200.0,52.4803162
2016-12-02 00:00:00,56.6500015,56.3899994,56.7400017,56.0,3148200.0,52.7597122
2016-12-05 00:00:00,57.7900009,56.9000015,57.8600006,56.8499985,4219600.0,53.8214302
2016-12-06 00:00:00,58.5600014,57.7999992,58.6199989,57.6399994,3809100.0,54.538559
2016-12-07 00:00:00,59.0800018,58.8199997,59.4199982,58.6399994,4086600.0,55.0228539
2016-12-08 00:00:00,59.4599991,59.4199982,59.5699997,58.8600006,3234300.0,55.3767509
2016-12-09 00:00:00,59.6599998,59.4000015,59.8600006,59.0499992,2170500.0,55.563015
2016-12-12 00:00:00,59.5900002,59.6100006,59.8300018,59.0099983,3461200.0,55.4978256
2016-12-13 00:00:00,59.4099998,59.6199989,59.8199997,59.2099991,1971000.0,55.4884796
2016-12-14 00:00:00,58.3699989,59.3199997,59.5,58.2999992,4929300.0,54.517128
2016-12-15 00:00:00,58.3300018,58.6399994,59.4700012,58.25,3688600.0,54.4797745
2016-12-16 00:00:00,57.9199982,58.6399994,59.4000015,57.8400002,4929100.0,54.0968285
2016-12-19 00:00:00,57.6599998,57.7900009,57.9900017,57.3600006,2667400.0,53.8540039
2016-12-20 00:00:00,58.0699997,58.0099983,58.0699997,57.4199982,2291400.0,54.2369347
2016-12-21 00:00:00,57.3300018,58.0699997,58.0699997,57.2900009,1760000.0,53.5457726
2016-12-22 00:00:00,57.2799988,57.2799988,57.2799988,56.8300018,1682100.0,53.499073
2016-12-23 00:00:00,56.8199997,57.2099991,57.4500008,56.6300011,1830100.0,53.0694504
2016-12-27 00:00:00,57.2799988,57.1199989,57.4199982,56.8899994,1093000.0,53.499073
2016-12-28 00:00:00,56.6500015,57.3100014,57.4700012,56.6199989,1375500.0,52.9106598
2016-12-29 00:00:00,56.4900017,56.8199997,56.8499985,56.3600006,1156600.0,52.7612343
2016-12-30 00:00:00,56.4199982,56.7000008,56.9000015,56.2400017,1844400.0,52.6958427
2017-01-03 00:00:00,56.2200012,56.9000015,56.9599991,55.7999992,2595000.0,52.5090561
2017-01-04 00:00:00,57.2099991,56.4599991,57.4599991,56.3199997,3074900.0,53.4337044
2017-01-05 00:00:00,56.9700012,57.0200005,57.7200012,56.7000008,1636800.0,53.2095299
2017-01-06 00:00:00,57.3400002,57.0400009,57.5400009,56.9000015,1490100.0,53.5551186
2017-01-09 00:00:00,57.0200005,57.2799988,57.6899986,56.8899994,1472100.0,53.2562447
2017-01-10 00:00:00,56.7700005,57.1100006,57.1599998,56.6800003,1646400.0,53.022747
2017-01-11 00:00:00,56.8400002,56.9099998,56.9599991,56.0400009,3852100.0,53.0881195
2017-01-12 00:00:00,56.7200012,56.5299988,56.9799995,55.7999992,4289600.0,52.9760475
2017-01-13 00:00:00,56.8300018,57.0600014,57.4399986,56.6699982,1963300.0,53.0787849
2017-01-17 00:00:00,56.4599991,56.7299995,56.7799988,56.1699982,1998500.0,52.7332039
2017-01-18 00:00:00,57.3100014,56.75,57.4199982,56.2099991,2072900.0,53.5270958
2017-01-19 00:00:00,56.9599991,57.3600006,57.4399986,56.9500008,1887400.0,53.2001991
2017-01-20 00:00:00,57.4000015,57.1199989,57.5,56.9300003,2001800.0,53.6111603
2017-01-23 00:00:00,56.8400002,57.1899986,57.4399986,56.6899986,1545800.0,53.0881195
2017-01-24 00:00:00,57.4599991,56.9900017,57.6800003,56.9199982,1701600.0,53.6671944
2017-01-25 00:00:00,57.9599991,57.8400002,58.1899986,57.75,2531900.0,54.134201
2017-01-26 00:00:00,58.1699982,58.1500015,58.8699989,56.9900017,1927500.0,54.3303299
2017-01-27 00:00:00,57.8800011,58.1599998,58.1899986,57.6199989,1309200.0,54.0594711
2017-01-30 00:00:00,57.9399986,57.8800011,57.9700012,57.25,1309500.0,54.1155281
2017-01-31 00:00:00,58.3600006,57.9900017,58.3899994,57.8199997,2458400.0,54.5078011
2017-02-01 00:00:00,58.3499985,58.4199982,58.9599991,58.1399994,2952100.0,54.498455
2017-02-02 00:00:00,58.3899994,58.0200005,58.7999992,57.8300018,3733200.0,54.53582
2017-02-03 00:00:00,58.5400009,58.8800011,59.0,58.4500008,3092500.0,54.6759109
2017-02-06 00:00:00,58.5099983,58.25,58.5699997,58.1199989,2879800.0,54.6478958
2017-02-07 00:00:00,59.9300003,59.2799988,60.5400009,59.2799988,7162800.0,55.9741631
2017-02-08 00:00:00,57.0400009,59.5,59.5,56.9900017,5603300.0,53.2749252
2017-02-09 00:00:00,57.5800018,57.0400009,57.6599998,56.7999992,3657200.0,53.779274
2017-02-10 00:00:00,57.6500015,57.6300011,57.8699989,57.1399994,2975200.0,53.8446541
2017-02-13 00:00:00,59.0299988,58.1199989,59.1100006,57.8199997,2558600.0,55.1335602
2017-02-14 00:00:00,58.6500015,59.0299988,59.1399994,58.4500008,2914900.0,54.7786446
2017-02-15 00:00:00,59.0099983,58.7299995,59.1199989,58.3300018,3396800.0,55.1148758
2017-02-16 00:00:00,58.6500015,58.9399986,58.9399986,58.25,1809400.0,54.7786446
2017-02-17 00:00:00,58.4000015,58.5299988,58.7999992,58.2999992,2962900.0,54.5451584
2017-02-21 00:00:00,57.9599991,58.4199982,58.5699997,57.8100014,3150500.0,54.134201
2017-02-22 00:00:00,57.7299995,57.5900002,57.9900017,57.4599991,2784500.0,53.9193726
2017-02-23 00:00:00,58.1100006,57.8600006,58.3100014,57.7999992,2973700.0,54.2742996
2017-02-24 00:00:00,58.2999992,57.7700005,58.6199989,57.6699982,2026300.0,54.4517517
2017-02-27 00:00:00,57.7000008,58.25,58.4000015,57.1500015,3092100.0,53.8913574
2017-02-28 00:00:00,57.1300011,57.4799995,57.6399994,56.9700012,3392400.0,53.3589859
2017-03-01 00:00:00,58.9300003,57.8300018,59.0999985,57.6100006,3869200.0,55.0401688
2017-03-02 00:00:00,58.5200005,58.8899994,58.9799995,58.3699989,2981500.0,54.6572304
2017-03-03 00:00:00,58.7400017,58.5200005,58.8499985,58.0699997,2992000.0,54.8627129
2017-03-06 00:00:00,59.0200005,58.4199982,59.2200012,58.0999985,3646300.0,55.1242256
2017-03-07 00:00:00,58.6300011,58.9500008,59.0499992,58.5499992,2656100.0,54.759964
2017-03-08 00:00:00,59.3899994,58.8600006,59.4799995,58.6500015,3465900.0,55.4698029
2017-03-09 00:00:00,60.0600014,59.5299988,60.4500008,59.4599991,5102400.0,56.0955887
2017-03-10 00:00:00,60.2599983,60.3300018,60.8600006,59.7700005,3584400.0,56.2823792
2017-03-13 00:00:00,60.4000015,60.4900017,60.7000008,60.2000008,4264000.0,56.4131432
2017-03-14 00:00:00,60.2099991,60.2000008,60.6800003,60.0200005,3413800.0,56.4225082
2017-03-15 00:00:00,60.4000015,60.4799995,60.5400009,60.2400017,2791400.0,56.600563
2017-03-16 00:00:00,61.5499992,60.5699997,61.5800018,60.5,3933200.0,57.6782188
2017-03-17 00:00:00,61.4000015,61.4700012,61.9799995,61.2900009,4871200.0,57.5376549
2017-03-20 00:00:00,61.0,61.2599983,61.4700012,60.9700012,2321100.0,57.1628227
2017-03-21 00:00:00,60.0299988,61.2700005,61.3600006,59.9399986,3332400.0,56.2538338
2017-03-22 00:00:00,59.7999992,60.0299988,60.2099991,59.5299988,2120700.0,56.0383034
2017-03-23 00:00:00,59.8699989,59.8600006,60.4099998,59.7099991,2433500.0,56.1039009
2017-03-24 00:00:00,59.8499985,59.9900017,60.2700005,59.7000008,2536100.0,56.0851517
2017-03-27 00:00:00,59.4000015,59.2000008,59.5600014,58.8499985,1922600.0,55.6634521
2017-03-28 00:00:00,59.8300018,59.2000008,60.0400009,59.1800003,2076500.0,56.0664024
2017-03-29 00:00:00,59.2999992,59.6800003,59.6899986,59.0299988,1890700.0,55.5697479
2017-03-30 00:00:00,60.0299988,59.3499985,60.1300011,59.2200012,2029900.0,56.2538338
2017-03-31 00:00:00,59.8699989,59.7400017,60.3100014,59.5999985,2099500.0,56.1039009
2017-04-03 00:00:00,59.3199997,60.0499992,60.1800003,58.7999992,2561200.0,55.5884933
2017-04-04 00:00:00,59.4099998,59.4000015,59.6100006,59.1100006,2445500.0,55.6728325
2017-04-05 00:00:00,59.9700012,59.7900009,60.6500015,59.5499992,3067300.0,56.1976051
2017-04-06 00:00:00,60.2400017,59.9599991,60.4500008,59.6899986,3361000.0,56.4506302
2017-04-07 00:00:00,60.7799988,60.0,61.0499992,59.8600006,3876500.0,56.9566498
2017-04-10 00:00:00,60.4000015,60.8800011,61.1100006,60.3699989,2667200.0,56.600563
2017-04-11 00:00:00,60.2900009,60.2099991,60.4599991,59.9000015,3242000.0,56.4974785
2017-04-12 00:00:00,59.8300018,60.0099983,60.3300018,59.7799988,2386500.0,56.0664024
2017-04-13 00:00:00,59.4199982,59.7000008,60.0200005,59.4199982,1644600.0,55.6822014
2017-04-17 00:00:00,60.0999985,59.5299988,60.1599998,59.0699997,1217000.0,56.3194237
2017-04-18 00:00:00,60.2700005,59.9300003,60.3800011,59.7999992,1673500.0,56.4787331
2017-04-19 00:00:00,59.9500008,60.4900017,60.6300011,59.8800011,1993300.0,56.1788635
2017-04-20 00:00:00,60.6300011,60.2200012,60.7000008,59.9099998,3083900.0,56.8160934
2017-04-21 00:00:00,60.4099998,60.5699997,60.8699989,60.1500015,1856900.0,56.6099281
2017-04-24 00:00:00,60.5800018,61.3800011,61.5499992,60.5099983,2996100.0,56.7692413
2017-04-25 00:00:00,60.9700012,61.1100006,61.4000015,60.9599991,1854500.0,57.1347046
2017-04-26 00:00:00,61.0999985,61.0699997,61.4700012,60.9799995,1719200.0,57.2565193
2017-04-27 00:00:00,60.2099991,61.1899986,61.1899986,60.1399994,2651500.0,56.4225082
2017-04-28 00:00:00,60.2000008,60.2099991,60.6599998,60.0299988,2961100.0,56.4131432
2017-05-01 00:00:00,60.4000015,60.5,60.7299995,60.2200012,3246600.0,56.600563
2017-05-02 00:00:00,60.6199989,60.6199989,60.7599983,60.2000008,3602500.0,56.8067207
2017-05-03 00:00:00,60.3300018,59.9700012,61.0200005,59.7599983,3891400.0,56.5349579
2017-05-04 00:00:00,60.8699989,60.5699997,61.0,60.2599983,3288400.0,57.0409775
2017-05-05 00:00:00,60.4599991,60.9799995,61.0,60.2799988,2152800.0,56.6567841
2017-05-08 00:00:00,59.0900002,60.4000015,60.6399994,58.9000015,2502400.0,55.3729668
2017-05-09 00:00:00,58.9099998,59.2299995,59.2299995,58.7999992,3735500.0,55.2042885
2017-05-10 00:00:00,59.0,58.9000015,59.0400009,58.4199982,2443300.0,55.2886276
2017-05-11 00:00:00,59.0699997,58.9000015,59.1800003,58.1899986,2929100.0,55.3542213
2017-05-12 00:00:00,58.7900009,58.8100014,59.1899986,58.7400017,1665500.0,55.0918312
2017-05-15 00:00:00,59.2900009,58.7599983,59.4399986,58.7599983,2145000.0,55.5603828
2017-05-16 00:00:00,59.0,59.3899994,59.3899994,58.9599991,1875000.0,55.2886276
2017-05-17 00:00:00,58.0699997,59.0,59.0,58.0200005,2593400.0,54.4171257
2017-05-18 00:00:00,58.5900002,58.1699982,58.8199997,57.9099998,2259000.0,54.9044189
2017-05-19 00:00:00,59.3199997,58.7400017,59.6300011,58.4599991,3018800.0,55.5884933
2017-05-22 00:00:00,59.4599991,59.5999985,59.7099991,59.2200012,1880800.0,55.7196884
2017-05-23 00:00:00,59.8699989,59.3800011,60.0699997,59.2400017,1635800.0,56.1039009
2017-05-24 00:00:00,59.9399986,60.0400009,60.1199989,59.6300011,1451200.0,56.1694908
2017-05-25 00:00:00,60.4399986,60.2099991,60.7000008,59.9599991,1518500.0,56.6380424
2017-05-26 00:00:00,60.3499985,60.3699989,60.75,60.2799988,1346200.0,56.5537071
2017-05-30 00:00:00,60.1599998,60.1199989,60.4399986,60.0600014,1981300.0,56.3756523
2017-05-31 00:00:00,60.1899986,60.8600006,60.8600006,59.9099998,2710500.0,56.4037704
2017-06-01 00:00:00,60.3400002,60.6500015,60.6699982,60.1100006,2777900.0,56.5443344
2017-06-02 00:00:00,60.3199997,60.2999992,60.5900002,60.2200012,2609700.0,56.5255966
2017-06-05 00:00:00,61.7000008,60.3800011,61.9700012,60.2700005,3963900.0,57.818779
2017-06-06 00:00:00,61.5499992,61.3699989,61.7900009,61.2599983,3409300.0,57.6782188
2017-06-07 00:00:00,63.6199989,61.5499992,63.7299995,61.5400009,4773900.0,59.6180077
2017-06-08 00:00:00,63.7900009,63.6199989,64.1699982,63.4199982,3746100.0,59.7773132
2017-06-09 00:00:00,63.9700012,63.8300018,64.5699997,63.5600014,4046800.0,59.946003
2017-06-12 00:00:00,64.4300003,63.9000015,64.4800034,63.6599998,3243200.0,60.3770523
2017-06-13 00:00:00,64.4599991,64.4499969,64.7900009,64.3199997,2326900.0,60.4051666
2017-06-14 00:00:00,64.6699982,64.0,64.75,63.9399986,2054900.0,60.7905579
2017-06-15 00:00:00,64.6100006,64.4899979,64.7399979,64.1600037,1680500.0,60.7341614
2017-06-16 00:00:00,64.5699997,64.6299973,64.7399979,64.3899994,2301400.0,60.6965752
2017-06-19 00:00:00,64.7699966,64.7399979,65.0,64.5699997,2575100.0,60.8845711
2017-06-20 00:00:00,64.5199966,64.5,64.8799973,64.4599991,1751100.0,60.6495667
2017-06-21 00:00:00,64.2900009,64.4300003,64.5,63.9300003,2323900.0,60.4333687
2017-06-22 00:00:00,64.1500015,64.1299973,64.5,63.9000015,2360700.0,60.3017578
2017-06-23 00:00:00,64.2799988,64.4700012,64.4899979,64.0999985,2372700.0,60.4239655
2017-06-26 00:00:00,64.3499985,64.3300018,64.5299988,64.2099991,1602700.0,60.4897652
2017-06-27 00:00:00,65.3799973,64.8099976,65.7099991,64.3700027,3946200.0,61.4579773
2017-06-28 00:00:00,66.1399994,65.8199997,66.2699966,65.4000015,3729500.0,62.17239
2017-06-29 00:00:00,65.8399963,66.6399994,66.7300034,65.6399994,2860400.0,61.8903885
2017-06-30 00:00:00,65.9199982,65.9100037,66.25,65.7099991,2373400.0,61.9655876
2017-07-03 00:00:00,66.6800003,66.0699997,66.9000015,65.9499969,1906800.0,62.6799927
2017-07-05 00:00:00,66.1800003,66.6600037,66.8899994,65.9700012,2689100.0,62.2099838
2017-07-06 00:00:00,65.9700012,66.1699982,66.6900024,65.8399963,2717500.0,62.0125885
2017-07-07 00:00:00,65.9199982,66.1299973,66.4599991,65.6699982,2591900.0,61.9655876
2017-07-10 00:00:00,65.5,65.9100037,66.0299988,65.5,3111500.0,61.5707817
2017-07-11 00:00:00,65.4199982,65.5699997,66.0999985,65.2399979,3013800.0,61.4955788
2017-07-12 00:00:00,65.8700027,65.4400024,65.8700027,65.1900024,2661900.0,61.9185867
2017-07-13 00:00:00,66.8799973,66.6200027,67.3300018,66.1200027,3162800.0,62.868
2017-07-14 00:00:00,65.5500031,66.3600006,66.3600006,65.4700012,2851600.0,61.6177864
2017-07-17 00:00:00,65.8199997,65.6100006,66.4199982,65.4100037,2122100.0,61.871582
2017-07-18 00:00:00,65.7200012,65.5999985,65.8399963,65.3300018,2012800.0,61.7775841
2017-07-19 00:00:00,65.7200012,65.9499969,66.0100021,65.4400024,2031600.0,61.7775841
2017-07-20 00:00:00,65.8399963,65.6600037,65.9800034,65.5599976,1975800.0,61.8903885
2017-07-21 00:00:00,66.5800018,65.8199997,66.7600021,65.8199997,2283600.0,62.5859833
2017-07-24 00:00:00,66.75,66.4800034,67.2900009,66.3099976,3596400.0,62.7458
2017-07-25 00:00:00,66.3799973,67.2600021,67.4800034,66.3700027,1757000.0,62.3979874
2017-07-26 00:00:00,66.3399963,66.3300018,66.9400024,66.2200012,1639100.0,62.3603897
2017-07-27 00:00:00,66.1299973,66.2900009,66.5299988,65.6699982,1658700.0,62.1629753
2017-07-28 00:00:00,66.3700027,66.1999969,66.5500031,65.8099976,1177500.0,62.3885994
2017-07-31 00:00:00,66.7099991,66.2799988,66.9100037,66.1200027,2077300.0,62.7081947
2017-08-01 00:00:00,67.2799988,66.7900009,67.2900009,66.5500031,2238700.0,63.2439995
2017-08-02 00:00:00,67.0199966,67.2799988,67.3099976,66.7399979,1784000.0,62.9995995
2017-08-03 00:00:00,65.1500015,64.0,65.9499969,63.2200012,4085100.0,61.2417755
2017-08-04 00:00:00,64.8199997,65.5500031,65.6399994,64.4499969,2764000.0,60.9315796
2017-08-07 00:00:00,64.3700027,65.0899963,65.1699982,64.3600006,2334700.0,60.5085678
2017-08-08 00:00:00,64.5500031,64.2099991,64.6999969,64.0100021,2302000.0,60.6777725
2017-08-09 00:00:00,65.7300034,64.2799988,65.75,64.2799988,1723000.0,61.7869835
2017-08-10 00:00:00,65.1600037,65.3199997,65.7600021,65.0500031,2750700.0,61.2511902
2017-08-11 00:00:00,65.0100021,65.3600006,65.4300003,64.8700027,2067800.0,61.1101761
2017-08-14 00:00:00,65.3899994,65.8700027,65.8700027,65.2099991,1244500.0,61.4673805
2017-08-15 00:00:00,65.8600006,65.6600037,66.2399979,65.5999985,1542900.0,61.9091835
2017-08-16 00:00:00,66.0599976,65.9700012,66.4300003,65.8899994,1630600.0,62.0971909
2017-08-17 00:00:00,65.1500015,66.0899963,66.3199997,65.1500015,1678200.0,61.2417755
2017-08-18 00:00:00,64.5899963,64.9800034,65.0800018,64.5699997,1852300.0,60.7153664
2017-08-21 00:00:00,64.5500031,64.5899963,64.7699966,64.0699997,1616700.0,60.6777725
2017-08-22 00:00:00,65.5,64.7399979,65.7099991,64.4800034,1606700.0,61.5707817
2017-08-23 00:00:00,65.0199966,65.3499985,65.6100006,64.9899979,1282600.0,61.1195564
2017-08-24 00:00:00,64.6999969,65.5999985,65.6699982,64.4499969,1515200.0,60.8187675
2017-08-25 00:00:00,65.4100037,64.9800034,65.7200012,64.8000031,1803300.0,61.4861679
2017-08-28 00:00:00,65.3000031,65.5299988,65.7099991,65.1200027,1274600.0,61.3827858
2017-08-29 00:00:00,64.8199997,64.9800034,65.0,64.4400024,1252000.0,60.9315796
2017-08-30 00:00:00,64.8300018,64.7900009,65.1999969,64.6399994,1473500.0,60.9409828
2017-08-31 00:00:00,64.6699982,64.9899979,65.0,64.5400009,1748100.0,60.7905579
2017-09-01 00:00:00,65.0999985,64.8399963,65.3600006,64.6100006,1407800.0,61.1947746
2017-09-05 00:00:00,64.9499969,65.0500031,65.0699997,64.4499969,2818800.0,61.0537682
2017-09-06 00:00:00,65.7699966,65.2900009,66.1900024,65.2300034,2947600.0,61.8245811
2017-09-07 00:00:00,64.3000031,65.7200012,65.7200012,63.9300003,2802200.0,60.4427757
2017-09-08 00:00:00,65.3399963,64.4800034,65.6999969,64.2900009,1927200.0,61.420372
2017-09-11 00:00:00,65.7099991,65.6500015,66.3199997,65.5800018,1936400.0,61.7681732
2017-09-12 00:00:00,66.3799973,65.6600037,66.4400024,65.5800018,1313900.0,62.3979874
2017-09-13 00:00:00,66.2200012,66.0800018,66.2799988,65.9700012,1330500.0,62.2475891
2017-09-14 00:00:00,66.1800003,66.0999985,66.3000031,65.7699966,1229000.0,62.3984528
2017-09-15 00:00:00,65.3799973,66.0100021,66.3000031,65.2900009,3528900.0,61.6441498
2017-09-18 00:00:00,65.6500015,65.3499985,65.8300018,65.1299973,2012700.0,61.8987312
2017-09-19 00:00:00,66.3199997,65.7600021,66.5999985,65.6900024,1859700.0,62.5304337
2017-09-20 00:00:00,66.6699982,66.3199997,66.8799973,66.0899963,2137100.0,62.8604546
2017-09-21 00:00:00,66.8300018,66.4899979,67.3099976,66.4300003,1639700.0,63.0112953
2017-09-22 00:00:00,67.0500031,66.6100006,67.1699982,66.6100006,1868500.0,63.2187309
2017-09-25 00:00:00,67.2200012,66.9700012,67.2399979,65.9199982,1667700.0,63.3790131
2017-09-26 00:00:00,66.9899979,67.1299973,67.6800003,66.9300003,2560600.0,63.1621513
2017-09-27 00:00:00,68.1299973,67.2600021,68.2600021,67.2600021,2298500.0,64.23703
2017-09-28 00:00:00,68.5400009,68.0,68.5999985,67.6999969,2000600.0,64.6235886
2017-09-29 00:00:00,68.6999969,68.4100037,68.8799973,68.4100037,1897000.0,64.7744522
2017-10-02 00:00:00,69.3300018,68.8600006,69.6600037,68.6999969,2023200.0,65.3684464
2017-10-03 00:00:00,69.8799973,69.1100006,70.0,69.0299988,2083100.0,65.8870316
2017-10-04 00:00:00,70.4599991,69.9199982,70.6299973,69.5100021,2645300.0,66.4338684
2017-10-05 00:00:00,70.9599991,70.5,71.0999985,70.1399994,2345300.0,66.9053116
2017-10-06 00:00:00,69.0299988,71.0500031,71.2399979,68.9499969,4332700.0,65.0856094
2017-10-09 00:00:00,69.4599991,69.0999985,69.75,68.9100037,1755200.0,65.4910278
2017-10-10 00:00:00,69.6800003,69.5899963,69.9400024,69.1999969,1558700.0,65.6984482
2017-10-11 00:00:00,70.0899963,69.7799988,70.0999985,69.5999985,1378400.0,66.085022
2017-10-12 00:00:00,69.9100037,70.0199966,70.6900024,69.8899994,1910100.0,65.9153061
2017-10-13 00:00:00,69.3899994,69.9199982,70.0500031,69.3099976,1944800.0,65.4250259
2017-10-16 00:00:00,68.4000015,69.4100037,69.4599991,68.3199997,3874600.0,64.4916
2017-10-17 00:00:00,68.1699982,68.5999985,68.6299973,67.9800034,4417800.0,64.2747269
2017-10-18 00:00:00,68.1999969,68.3899994,68.6500015,67.8799973,2251900.0,64.3030319
2017-10-19 00:00:00,66.8499985,67.6200027,67.8000031,66.7200012,4447200.0,63.0301514
2017-10-20 00:00:00,66.1200027,67.3199997,67.3700027,66.0199966,6052900.0,62.3418846
2017-10-23 00:00:00,65.6900024,65.8600006,65.9599991,65.4300003,5645800.0,61.9364357
2017-10-24 00:00:00,65.2399979,65.9899979,66.0400009,65.1699982,4589200.0,61.512146
2017-10-25 00:00:00,65.9100037,65.5899963,66.0199966,64.9100037,7943600.0,62.1438828
2017-10-26 00:00:00,65.6100006,66.0,66.1999969,65.3700027,4553100.0,61.8610191
2017-10-27 00:00:00,65.4800034,65.9899979,66.0500031,64.9800034,5242800.0,61.7384338
2017-10-30 00:00:00,65.2600021,65.4199982,65.6600037,65.2099991,2977700.0,61.5310135
2017-10-31 00:00:00,66.0999985,65.1900024,66.1600037,65.1500015,5587300.0,62.3230057
2017-11-01 00:00:00,66.2200012,66.1999969,66.6200027,66.0899963,3741800.0,62.4361534
2017-11-02 00:00:00,68.6699982,68.9899979,69.25,67.25,5579300.0,64.7461548
2017-11-03 00:00:00,66.2399979,68.1900024,68.2900009,66.0699997,7181400.0,62.4550056
2017-11-06 00:00:00,66.1999969,66.3700027,66.3899994,65.6100006,2806100.0,62.417305
2017-11-07 00:00:00,65.5800018,66.2300034,66.6500015,65.3799973,2550900.0,61.8327293
2017-11-08 00:00:00,65.9899979,65.5199966,66.3799973,65.5199966,2293700.0,62.2193069
2017-11-09 00:00:00,66.1999969,65.6299973,66.2699966,65.2799988,1867800.0,62.417305
2017-11-10 00:00:00,66.2699966,66.3000031,66.5,65.9599991,1621700.0,62.4832993
2017-11-13 00:00:00,67.0800018,66.1999969,67.2600021,66.0999985,2881400.0,63.2470169
2017-11-14 00:00:00,67.3000031,66.75,67.6399994,66.5400009,1701600.0,63.4544487
2017-11-15 00:00:00,66.5299988,66.8600006,67.4700012,66.4499969,2674800.0,62.728447
2017-11-16 00:00:00,66.0800018,66.5999985,66.8799973,66.0500031,2511200.0,62.3041496
2017-11-17 00:00:00,66.5899963,66.0800018,66.75,65.9700012,2811600.0,62.7849998
2017-11-20 00:00:00,68.0800018,66.6399994,68.4199982,66.5100021,3135500.0,64.189888
2017-11-21 00:00:00,68.2799988,68.2600021,68.4599991,68.0500031,3482400.0,64.3784409
2017-11-22 00:00:00,67.6600037,68.5,68.5999985,67.4100037,2200800.0,63.793869
2017-11-24 00:00:00,67.8300018,67.8499985,68.25,67.6699982,987500.0,63.9541779
2017-11-27 00:00:00,68.0999985,67.9800034,68.2200012,67.8000031,2037000.0,64.2087097
2017-11-28 00:00:00,69.3499985,68.0800018,69.4400024,67.6900024,2729600.0,65.3873138
2017-11-29 00:00:00,69.8000031,69.6500015,70.8700027,69.3600006,2818300.0,65.8116074
2017-11-30 00:00:00,71.4499969,70.0,71.8000031,69.8799973,5235000.0,67.3673172
2017-12-01 00:00:00,72.0699997,71.3499985,72.3600006,71.2099991,5741000.0,67.9518661
2017-12-04 00:00:00,71.8300018,72.8399963,72.9899979,71.5400009,3049200.0,67.7256012
2017-12-05 00:00:00,70.9499969,71.75,72.3199997,70.3099976,3436500.0,66.895874
2017-12-06 00:00:00,70.7399979,71.0299988,71.1699982,70.1100006,2282400.0,66.6978989
2017-12-07 00:00:00,70.3899994,70.4800034,70.6800003,69.3000031,2652500.0,66.3678818
2017-12-08 00:00:00,70.9300003,70.2699966,70.9400024,69.9199982,1653100.0,66.877037
2017-12-11 00:00:00,70.8099976,70.9499969,71.1800003,70.5,1482800.0,66.7638855
2017-12-12 00:00:00,71.1999969,71.2099991,71.3700027,70.8099976,2128900.0,67.1315918
2017-12-13 00:00:00,70.4800034,71.0299988,71.4800034,70.4499969,2007900.0,66.6399307
2017-12-14 00:00:00,70.3199997,70.5599976,71.0800018,70.0699997,2982100.0,66.4886551
2017-12-15 00:00:00,70.4899979,70.9300003,71.2900009,70.4199982,3811400.0,66.6493912
2017-12-18 00:00:00,71.2099991,70.7900009,71.3499985,70.6800003,2587200.0,67.3301544
2017-12-19 00:00:00,71.0699997,71.5,71.8799973,71.0500031,3645200.0,67.1977768
2017-12-20 00:00:00,70.0199966,71.2099991,71.2699966,69.8199997,3457400.0,66.2050018
2017-12-21 00:00:00,70.1100006,70.2200012,70.5400009,69.9400024,2040100.0,66.2901001
2017-12-22 00:00:00,70.25,70.4300003,70.6600037,69.8300018,2407200.0,66.4224548
2017-12-26 00:00:00,70.0400009,70.2399979,70.3799973,69.6900024,1024900.0,66.2239227
2017-12-27 00:00:00,70.2699966,70.2900009,70.5899963,69.9800034,3004500.0,66.4413834
2017-12-28 00:00:00,70.5199966,70.3600006,70.6100006,70.0899963,1680900.0,66.6777496
2017-12-29 00:00:00,70.5599976,70.8700027,71.1699982,70.4700012,1865300.0,66.7155685
2018-01-02 00:00:00,69.8499985,70.7699966,70.7699966,69.5599976,3195300.0,66.0442505
2018-01-03 00:00:00,70.9100037,69.9400024,71.2799988,69.5999985,4312600.0,67.0465088
2018-01-04 00:00:00,72.25,70.9100037,72.9400024,70.6200027,3035000.0,68.3134766
2018-01-05 00:00:00,72.8499985,72.1600037,72.8899994,71.9499969,2152200.0,68.8808136
2018-01-08 00:00:00,73.1200027,72.9100037,73.3399963,72.5899963,1952000.0,69.136116
2018-01-09 00:00:00,74.0500031,73.25,74.3300018,73.2099991,2413600.0,70.015419
2018-01-10 00:00:00,74.4599991,74.0999985,74.5500031,73.7600021,2487000.0,70.4030991
2018-01-11 00:00:00,74.3799973,74.4599991,74.6100006,74.0199966,2178500.0,70.327446
2018-01-12 00:00:00,74.7799988,74.6100006,75.0100021,74.4899979,1699300.0,70.7056427
2018-01-16 00:00:00,74.5800018,74.9899979,75.5800018,74.3399963,2148000.0,70.5165558
2018-01-17 00:00:00,74.8000031,74.8899994,75.0500031,74.4199982,1954700.0,70.7245483
2018-01-18 00:00:00,75.2699966,74.9599991,75.5899963,74.8000031,2132800.0,71.1689606
2018-01-19 00:00:00,75.5999985,75.4599991,75.7900009,75.1100006,3146900.0,71.4809799
2018-01-22 00:00:00,75.8300018,75.4599991,75.8700027,75.3399963,1645700.0,71.6984482
2018-01-23 00:00:00,75.7900009,75.7900009,75.9700012,75.2200012,1821200.0,71.6606064
2018-01-24 00:00:00,75.4199982,76.0,76.1399994,75.0400009,2029300.0,71.3107834
2018-01-25 00:00:00,74.9400024,76.1200027,76.1200027,74.7399979,2095300.0,70.856926
2018-01-26 00:00:00,75.5699997,75.0500031,75.5699997,74.8000031,1280500.0,71.4526138
2018-01-29 00:00:00,74.5100021,75.4899979,75.9000015,74.4599991,1870400.0,70.4503555
2018-01-30 00:00:00,73.5500031,74.2699966,74.7200012,73.5500031,2831300.0,69.5426559
2018-01-31 00:00:00,73.8399963,73.5500031,74.5899963,73.3700027,3423600.0,69.816864
2018-02-01 00:00:00,74.8000031,74.0100021,74.8199997,73.4400024,2523300.0,70.7245483
2018-02-02 00:00:00,73.9800034,74.5999985,75.2900009,73.8399963,2540300.0,69.949234
2018-02-05 00:00:00,71.5,73.5299988,74.4700012,71.2699966,4083800.0,67.6043777
2018-02-06 00:00:00,72.2699966,70.1699982,72.4000015,68.8000031,5924100.0,68.3324203
2018-02-07 00:00:00,70.7200012,70.2300034,72.5599976,70.2300034,4418200.0,66.8668518
2018-02-08 00:00:00,67.0,70.75,70.8600006,66.9700012,5808600.0,63.3495331
2018-02-09 00:00:00,68.4499969,67.6100006,69.0,66.9199982,5336400.0,64.7205429
2018-02-12 00:00:00,68.5999985,68.8199997,69.5899963,68.1699982,4173500.0,64.8623657
2018-02-13 00:00:00,69.1200027,68.25,69.1900024,68.0400009,2676000.0,65.3540344
2018-02-14 00:00:00,71.0699997,68.8300018,71.1699982,68.7300034,3167500.0,67.1977768
2018-02-15 00:00:00,72.5500031,71.6299973,72.5599976,71.1100006,3229500.0,68.5971451
2018-02-16 00:00:00,71.7300034,72.1500015,72.3600006,71.1299973,3456100.0,67.8218307
2018-02-20 00:00:00,72.8600006,72.25,74.5,72.1600037,4193700.0,68.8902664
2018-02-21 00:00:00,72.8600006,72.8199997,74.1500015,72.6100006,2637500.0,68.8902664
2018-02-22 00:00:00,71.5500031,73.0800018,73.5,71.1900024,2587500.0,67.6516418
2018-02-23 00:00:00,72.4800034,71.8899994,72.6399994,71.8399963,1902400.0,68.5309601
2018-02-26 00:00:00,73.5400009,72.7099991,73.5699997,72.3199997,1717100.0,69.5332108
2018-02-27 00:00:00,73.4300003,73.5,74.4800034,73.3799973,2518900.0,69.4292068
2018-02-28 00:00:00,73.0800018,73.6900024,74.3399963,73.0500031,2088500.0,69.0982742
2018-03-01 00:00:00,72.0599976,73.0400009,73.5100021,71.6299973,2035600.0,68.1338348
2018-03-02 00:00:00,72.5400009,71.7200012,72.6399994,71.3399963,2632100.0,68.5876999
2018-03-05 00:00:00,72.6800003,71.8300018,72.9899979,71.3199997,4089700.0,68.7200775
2018-03-06 00:00:00,73.3399963,72.8700027,73.3499985,72.1200027,2789400.0,69.3441086
2018-03-07 00:00:00,73.2399979,72.6200027,73.4599991,72.1999969,1615000.0,69.2495575
2018-03-08 00:00:00,74.3000031,73.5999985,74.4800034,73.0800018,2777700.0,70.2518005
2018-03-09 00:00:00,75.7300034,74.5899963,75.8099976,74.5,1767200.0,71.6038818
2018-03-12 00:00:00,75.6699982,76.0199966,76.3000031,75.4300003,2228400.0,71.5471573
2018-03-13 00:00:00,75.0599976,75.9599991,76.2799988,74.8099976,3086100.0,70.9703979
2018-03-14 00:00:00,74.3099976,75.1200027,75.2699966,74.0100021,2817300.0,70.486618
2018-03-15 00:00:00,74.2600021,74.4599991,74.5699997,73.8499985,3587300.0,70.4391937
2018-03-16 00:00:00,74.5299988,74.3199997,74.9000015,73.8700027,6549500.0,70.6953278
2018-03-19 00:00:00,74.0599976,74.3600006,74.8499985,73.6900024,3400800.0,70.2494888
2018-03-20 00:00:00,74.4100037,74.1800003,74.7300034,73.9800034,2955200.0,70.5814819
2018-03-21 00:00:00,74.0199966,74.6299973,74.7099991,73.5299988,2165400.0,70.2115555
2018-03-22 00:00:00,71.7300034,73.2699966,73.75,71.6699982,2716900.0,68.0393906
2018-03-23 00:00:00,70.3199997,71.9300003,71.9899979,70.2900009,2472900.0,66.7019272
2018-03-26 00:00:00,73.0,71.1800003,73.1500015,70.9400024,2888700.0,69.2440338
2018-03-27 00:00:00,71.8000031,73.0,73.5699997,71.3000031,3150300.0,68.1057892
2018-03-28 00:00:00,71.4499969,71.6500015,72.4599991,70.7600021,2117000.0,67.7737732
2018-03-29 00:00:00,72.5199966,71.7200012,72.8899994,71.0800018,3491100.0,68.7887268
2018-04-02 00:00:00,71.0999985,72.4899979,72.8499985,69.8000031,2960800.0,67.441803
2018-04-03 00:00:00,72.6500015,71.5199966,72.7200012,71.1699982,3126200.0,68.9120483
2018-04-04 00:00:00,72.3899994,71.5199966,72.6200027,71.4899979,2290200.0,68.6654205
2018-04-05 00:00:00,72.5299988,72.7200012,73.2399979,72.4800034,2235200.0,68.7982254
2018-04-06 00:00:00,70.6200027,71.9599991,72.1100006,70.0899963,1833200.0,66.9864883
2018-04-09 00:00:00,70.8899994,71.1900024,72.0699997,70.7799988,1928900.0,67.2426071
2018-04-10 00:00:00,72.4700012,72.2699966,72.7699966,71.8600006,2489200.0,68.7412949
2018-04-11 00:00:00,71.3899994,71.8199997,72.25,71.1200027,1722900.0,67.7168655
2018-04-12 00:00:00,72.4599991,71.7200012,72.9300003,71.5599976,2591000.0,68.7318115
2018-04-13 00:00:00,72.5400009,73.0899963,73.1699982,72.1200027,2095300.0,68.8077087
2018-04-16 00:00:00,73.1800003,73.0599976,73.5999985,72.9700012,2739800.0,69.414772
2018-04-17 00:00:00,73.4300003,73.5500031,74.0699997,73.4300003,2616800.0,69.6519089
2018-04-18 00:00:00,74.3199997,73.7600021,74.3899994,73.6600037,2108200.0,70.4961166
2018-04-19 00:00:00,74.6200027,74.4300003,75.0800018,74.3600006,2668600.0,70.7806931
2018-04-20 00:00:00,74.3700027,74.9499969,74.9599991,73.9300003,2475600.0,70.5435486
2018-04-23 00:00:00,73.9199982,74.3600006,74.4400024,73.4700012,1491400.0,70.1166916
2018-04-24 00:00:00,73.0299988,74.1800003,74.3799973,72.5599976,2160200.0,69.2724915
2018-04-25 00:00:00,73.2099991,72.9499969,73.3099976,72.4400024,1643600.0,69.4432373
2018-04-26 00:00:00,72.9599991,73.3499985,73.6999969,72.4199982,2640300.0,69.2060852
2018-04-27 00:00:00,72.7200012,73.0400009,73.1800003,72.3499985,1903600.0,68.9784622
2018-04-30 00:00:00,72.4599991,72.9000015,73.7699966,72.4499969,1722700.0,68.7318115
2018-05-01 00:00:00,72.3399963,72.2399979,72.4300003,71.6600037,2174700.0,68.617981
2018-05-02 00:00:00,72.3799973,72.3300018,73.0500031,72.1299973,3037700.0,68.6559448
2018-05-03 00:00:00,70.1399994,72.0,72.0,67.6999969,7256600.0,66.5311813
2018-05-04 00:00:00,70.25,69.3600006,70.5899963,69.0800018,3402000.0,66.6355286
2018-05-07 00:00:00,70.5699997,70.2600021,71.0500031,70.1800003,3080200.0,66.939064
2018-05-08 00:00:00,70.0699997,70.4400024,70.6299973,69.5699997,2595800.0,66.4647903
2018-05-09 00:00:00,71.8700027,70.3600006,72.2900009,70.3199997,2670300.0,68.1721725
2018-05-10 00:00:00,71.3799973,71.8099976,71.9800034,71.1299973,1910500.0,67.7073898
2018-05-11 00:00:00,71.4199982,71.1999969,71.7099991,70.8499985,3478600.0,67.7453308
2018-05-14 00:00:00,71.7200012,71.5,72.0100021,71.2399979,2235200.0,68.0298996
2018-05-15 00:00:00,71.9000015,71.5100021,71.9700012,71.3199997,2277000.0,68.2006226
2018-05-16 00:00:00,72.2699966,71.9000015,72.5599976,71.4400024,2862300.0,68.5515976
2018-05-17 00:00:00,72.4000015,72.4000015,72.6800003,71.9800034,1754200.0,68.6749115
2018-05-18 00:00:00,71.5500031,72.25,72.5199966,71.4599991,1660000.0,67.8686447
2018-05-21 00:00:00,72.3600006,71.9800034,72.5500031,71.9000015,1777100.0,68.6369705
2018-05-22 00:00:00,71.75,72.1699982,72.3399963,71.4700012,1447400.0,68.0583496
2018-05-23 00:00:00,71.2699966,71.3499985,71.6100006,70.4599991,2185800.0,67.603035
2018-05-24 00:00:00,71.2699966,71.2300034,71.4599991,70.5999985,1567700.0,67.603035
2018-05-25 00:00:00,70.8600006,71.0800018,71.1399994,70.5500031,1802700.0,67.2141418
2018-05-29 00:00:00,69.8199997,70.3099976,70.4800034,69.3300018,2682100.0,66.2276459
2018-05-30 00:00:00,71.6600037,70.4800034,72.0400009,70.4000015,3044600.0,67.9729767
2018-05-31 00:00:00,70.8899994,71.5,71.9400024,70.8700027,3568000.0,67.2426071
2018-06-01 00:00:00,72.1100006,71.6200027,72.2799988,71.5999985,2408300.0,68.3998184
2018-06-04 00:00:00,72.5100021,72.3700027,72.6399994,72.0199966,1572100.0,68.7792511
2018-06-05 00:00:00,73.7799988,72.3799973,74.0800018,72.3300018,3133100.0,69.983902
2018-06-06 00:00:00,75.9800034,74.4199982,76.0699997,74.2099991,3663000.0,72.0707245
2018-06-07 00:00:00,75.4899979,76.2300034,76.6900024,75.0999985,3451700.0,71.6059113
2018-06-08 00:00:00,75.6600037,75.6800003,75.8799973,75.2099991,2642200.0,71.7671661
2018-06-11 00:00:00,75.3300018,75.7399979,75.8799973,74.9899979,1995900.0,71.454155
2018-06-12 00:00:00,75.4400024,75.9100037,76.0899963,74.8099976,2954700.0,71.5584869
2018-06-13 00:00:00,74.8700027,75.5899963,75.6399994,74.8199997,1841900.0,71.2444839
2018-06-14 00:00:00,74.5199966,75.0999985,75.25,74.2600021,1906600.0,70.9114227
2018-06-15 00:00:00,74.3600006,74.3600006,74.4300003,73.5599976,4074600.0,70.7591476
2018-06-18 00:00:00,74.4100037,73.9000015,74.4400024,73.6299973,1651000.0,70.8067474
2018-06-19 00:00:00,74.2699966,73.7300034,74.7799988,73.5800018,1757900.0,70.6735229
2018-06-20 00:00:00,74.6100006,74.6600037,75.2900009,74.5500031,1775100.0,70.9970627
2018-06-21 00:00:00,74.9300003,74.8000031,75.0599976,73.7600021,1613200.0,71.3015671
2018-06-22 00:00:00,74.8000031,75.4100037,75.6299973,74.75,1913800.0,71.1778641
2018-06-25 00:00:00,74.3000031,74.6299973,74.7799988,73.5699997,1830100.0,70.7020798
2018-06-26 00:00:00,74.5699997,74.3600006,75.2699966,74.3000031,1954100.0,70.9590073
2018-06-27 00:00:00,73.5299988,74.5,74.9499969,73.5299988,2760200.0,69.969368
2018-06-28 00:00:00,73.8399963,73.4700012,74.1500015,73.4000015,1974000.0,70.2643509
2018-06-29 00:00:00,73.5500031,74.3399963,74.5,73.5400009,3021200.0,69.9883881
2018-07-02 00:00:00,73.7300034,73.3099976,73.7799988,72.8799973,2067700.0,70.1596832
2018-07-03 00:00:00,72.5899963,74.0,74.3300018,72.3600006,1148900.0,69.0748825
2018-07-05 00:00:00,72.6999969,72.8399963,73.0100021,72.2099991,1475900.0,69.1795273
2018-07-06 00:00:00,73.0999985,72.75,73.5999985,72.4400024,1648100.0,69.5601807
2018-07-09 00:00:00,74.5800018,73.3799973,74.7600021,73.3399963,1900100.0,70.9685135
2018-07-10 00:00:00,74.4400024,74.5800018,74.9199982,74.0599976,1821900.0,70.8352966
2018-07-11 00:00:00,74.6399994,73.9400024,74.9599991,73.9400024,1339800.0,71.0255966
2018-07-12 00:00:00,74.7600021,75.2200012,75.3799973,74.2900009,1588500.0,71.139801
2018-07-13 00:00:00,74.6999969,74.8099976,74.8099976,73.8000031,1242600.0,71.082695
2018-07-16 00:00:00,75.1900024,74.8799973,75.3600006,74.7099991,1185900.0,71.5489731
2018-07-17 00:00:00,75.6100006,74.9800034,75.7900009,74.8199997,1452200.0,71.9486618
2018-07-18 00:00:00,76.7699966,75.6800003,76.8700027,75.3399963,1647000.0,73.0524597
2018-07-19 00:00:00,75.7600021,76.6600037,76.9700012,75.6900024,1595600.0,72.0913849
2018-07-20 00:00:00,75.8099976,75.4400024,75.8799973,75.0999985,1840100.0,72.1389389
2018-07-23 00:00:00,76.5899963,75.75,76.6100006,75.6500015,2191900.0,72.8811569
2018-07-24 00:00:00,76.4400024,76.6900024,76.9300003,76.2399979,3911300.0,72.7384491
2018-07-25 00:00:00,76.7900009,76.2399979,76.8499985,75.9199982,2197600.0,73.0715027
2018-07-26 00:00:00,77.0500031,76.8300018,77.2200012,76.5500031,2155700.0,73.3189087
2018-07-27 00:00:00,76.3000031,76.7699966,77.1900024,76.1600037,1722600.0,72.6052246
2018-07-30 00:00:00,74.2900009,76.1999969,76.5100021,74.1600037,2239000.0,70.6925583
2018-07-31 00:00:00,73.9100037,74.7699966,74.9599991,73.1999969,3340800.0,70.3309631
2018-08-01 00:00:00,73.6699982,74.0500031,75.0100021,73.5299988,1954900.0,70.1025848
2018-08-02 00:00:00,72.8899994,72.7099991,73.6500015,72.0599976,4277400.0,69.3603363
2018-08-03 00:00:00,72.8099976,72.9400024,72.9400024,72.3600006,2829100.0,69.2842331
2018-08-06 00:00:00,72.5800018,72.7600021,72.8899994,72.4000015,2445100.0,69.0653763
2018-08-07 00:00:00,73.7200012,72.8000031,73.8899994,72.6600037,1504100.0,70.150177
2018-08-08 00:00:00,73.2200012,73.7399979,74.0100021,73.1900024,1502800.0,69.6743622
2018-08-09 00:00:00,73.2300034,73.2099991,73.3799973,73.0299988,1335300.0,69.6838837
2018-08-10 00:00:00,73.2699966,72.9599991,73.5199966,72.4800034,1940600.0,69.7219391
2018-08-13 00:00:00,72.9700012,73.3300018,74.0,72.9499969,2269300.0,69.43647
2018-08-14 00:00:00,73.5,73.1800003,73.6600037,72.9599991,1555100.0,69.9408188
2018-08-15 00:00:00,73.1299973,73.3300018,73.7099991,72.9100037,1409400.0,69.5887222
2018-08-16 00:00:00,73.2799988,73.4300003,73.7900009,73.1900024,1970200.0,69.7314758
2018-08-17 00:00:00,74.0500031,73.3000031,74.1200027,73.0,2785100.0,70.4641876
2018-08-20 00:00:00,74.1399994,74.0999985,74.4400024,73.9599991,1655700.0,70.5498276
2018-08-21 00:00:00,73.1399994,73.9000015,74.0,73.1200027,2953100.0,69.598259
2018-08-22 00:00:00,73.4000015,72.7900009,73.5500031,72.5199966,2150400.0,69.845665
2018-08-23 00:00:00,73.0,73.5400009,74.0299988,72.9499969,2536800.0,69.4650269
2018-08-24 00:00:00,73.1900024,73.0999985,73.3700027,72.9100037,3120400.0,69.6458359
2018-08-27 00:00:00,74.1399994,73.6100006,74.3700027,73.4700012,2272500.0,70.5498276
2018-08-28 00:00:00,74.6500015,74.2600021,74.9100037,74.1200027,2286000.0,71.0351334
2018-08-29 00:00:00,75.6500015,74.6100006,75.7200012,74.6100006,2229400.0,71.986702
2018-08-30 00:00:00,75.75,75.4499969,75.9700012,75.3899994,2615500.0,72.0818558
2018-08-31 00:00:00,76.2300034,75.5299988,76.3099976,75.4100037,1980200.0,72.5386124
2018-09-04 00:00:00,77.3399963,76.3099976,77.3600006,76.0899963,2968600.0,73.5948715
2018-09-05 00:00:00,76.7099991,77.5400009,77.8099976,76.5800018,3740100.0,72.9953842
2018-09-06 00:00:00,77.3799973,76.6999969,77.5500031,76.3300018,2706800.0,73.6329041
2018-09-07 00:00:00,77.8399963,77.4899979,77.9899979,77.1800003,2161900.0,74.0706558
2018-09-10 00:00:00,78.0,78.1699982,78.4700012,77.7900009,1957300.0,74.2229004
2018-09-11 00:00:00,78.1100006,77.9300003,78.4800034,77.7200012,1732200.0,74.3275909
2018-09-12 00:00:00,76.3300018,77.8300018,77.8300018,76.2399979,2845300.0,72.8576355
2018-09-13 00:00:00,77.3600006,76.6100006,77.4199982,76.3199997,1981800.0,73.8407822
2018-09-14 00:00:00,77.9700012,77.5500031,78.0500031,77.5199966,1370000.0,74.4230423
2018-09-17 00:00:00,77.5199966,78.0,78.0599976,77.3600006,1541400.0,73.9934921
2018-09-18 00:00:00,78.1800003,77.5400009,78.4199982,77.4800034,2208000.0,74.6234741
2018-09-19 00:00:00,77.5800018,78.3399963,78.3399963,77.4599991,2253400.0,74.0507812
2018-09-20 00:00:00,77.6800003,77.9599991,78.0500031,77.4599991,2428400.0,74.146225
2018-09-21 00:00:00,77.8199997,77.6699982,78.1900024,77.5899963,4292300.0,74.2798691
2018-09-24 00:00:00,77.6299973,77.7399979,78.0500031,77.4700012,1794500.0,74.0984879
2018-09-25 00:00:00,76.3700027,77.7699966,77.7699966,76.2300034,2851200.0,72.8958206
2018-09-26 00:00:00,75.1800003,76.5899963,76.6100006,75.1600037,2392200.0,71.7599411
2018-09-27 00:00:00,74.9899979,75.25,75.5599976,74.9700012,2752300.0,71.5786057
2018-09-28 00:00:00,74.8899994,75.0,75.2900009,74.6600037,4184100.0,71.4831467
2018-10-01 00:00:00,75.25,75.0199966,75.4199982,74.4899979,3171400.0,71.8267746
2018-10-02 00:00:00,74.8600006,75.2200012,75.2300034,74.4599991,2256900.0,71.4544983
2018-10-03 00:00:00,74.8600006,75.3000031,75.5500031,74.6399994,2407100.0,71.4544983
2018-10-04 00:00:00,75.9100037,75.0299988,76.1900024,74.9000015,3107700.0,72.4567337
2018-10-05 00:00:00,76.0199966,75.9100037,76.6200027,75.7300034,1935300.0,72.5617371
2018-10-08 00:00:00,75.3799973,75.8000031,75.8799973,74.8600006,2265200.0,71.9508591
2018-10-09 00:00:00,76.0400009,75.2399979,76.25,75.0599976,2008200.0,72.5808334
2018-10-10 00:00:00,74.1299973,75.9800034,76.1999969,74.0800018,2981000.0,70.7577209
2018-10-11 00:00:00,72.4899979,73.9100037,74.2799988,72.3199997,3567600.0,69.1923218
2018-10-12 00:00:00,73.3000031,73.6200027,73.75,72.5199966,2668600.0,69.9654846
2018-10-15 00:00:00,72.6800003,73.1500015,73.4400024,72.6200027,1672800.0,69.3736801
2018-10-16 00:00:00,74.9300003,73.1699982,75.0699997,72.9499969,2666200.0,71.5213394
2018-10-17 00:00:00,73.5699997,73.75,74.1100006,72.6800003,4180300.0,70.2231979
2018-10-18 00:00:00,73.5299988,73.8099976,74.3199997,73.0500031,2769500.0,70.1850204
2018-10-19 00:00:00,74.2900009,73.5199966,74.4800034,73.3700027,3423500.0,70.9104385
2018-10-22 00:00:00,73.8099976,74.5,74.6600037,73.7300034,1917800.0,70.4522705
2018-10-23 00:00:00,74.3499985,72.7799988,74.7099991,72.5999985,3028900.0,70.9676971
2018-10-24 00:00:00,73.8199997,74.3199997,74.5699997,73.6399994,3764800.0,70.4618149
2018-10-25 00:00:00,74.1200027,74.0500031,74.6500015,73.5299988,3162500.0,70.7481766
2018-10-26 00:00:00,73.7399979,73.4400024,74.4199982,73.3700027,4018500.0,70.3854446
2018-10-29 00:00:00,72.8700027,73.7399979,74.3799973,72.1100006,4264000.0,69.5550461
2018-10-30 00:00:00,73.0999985,73.4100037,73.6999969,72.4899979,8262900.0,69.7745819
2018-10-31 00:00:00,77.0400009,74.0100021,77.3799973,73.2799988,7718500.0,73.5353241
2018-11-01 00:00:00,75.8600006,77.6299973,77.7399979,75.6500015,4054600.0,72.4090118
2018-11-02 00:00:00,76.9100037,76.5400009,76.9199982,75.8399963,2648900.0,73.4112396
2018-11-05 00:00:00,78.2200012,77.0,78.6299973,76.9800034,2775100.0,74.6616516
2018-11-06 00:00:00,78.0999985,78.1999969,78.5100021,77.7099991,1749100.0,74.5471115
2018-11-07 00:00:00,78.5500031,78.5400009,78.8600006,78.0199966,2184600.0,74.9766464
2018-11-08 00:00:00,79.9499969,78.2399979,80.0,78.2399979,3599700.0,76.3129578
2018-11-09 00:00:00,79.0800018,79.7900009,79.9400024,78.2600021,2842400.0,75.4825287
2018-11-12 00:00:00,77.9000015,79.0299988,79.4400024,77.8899994,2317100.0,74.3562088
2018-11-13 00:00:00,78.9100037,78.2699966,79.1600037,78.1100006,3250600.0,75.320282
2018-11-14 00:00:00,78.8000031,79.6200027,79.9700012,78.0899963,3141200.0,75.2152863
2018-11-15 00:00:00,80.1900024,78.2200012,80.2200012,77.8000031,3167700.0,76.5420532
2018-11-16 00:00:00,81.2200012,79.7399979,81.2900009,79.4400024,4531600.0,77.5251923
2018-11-19 00:00:00,81.3899994,81.0899963,81.9499969,80.7900009,2957600.0,77.687439
2018-11-20 00:00:00,79.9199982,80.3199997,80.3399963,78.8099976,4050900.0,76.2843094
2018-11-21 00:00:00,79.3300018,80.1399994,80.3799973,79.3199997,2861100.0,75.7211685
2018-11-23 00:00:00,78.9199982,79.0599976,79.3300018,78.6900024,1179700.0,75.3298187
2018-11-26 00:00:00,80.3700027,79.3499985,80.6299973,79.3000031,3217800.0,76.7138367
2018-11-27 00:00:00,81.3700027,79.9899979,81.5199966,79.9700012,3418000.0,77.6683807
2018-11-28 00:00:00,81.6600037,81.3899994,81.7600021,80.2300034,3682100.0,77.9451752
2018-11-29 00:00:00,81.0899963,81.2799988,81.7799988,80.6200027,3218500.0,77.4011002
2018-11-30 00:00:00,81.7200012,81.0899963,81.8300018,81.0,4717700.0,78.0024338
2018-12-03 00:00:00,81.1299973,82.2099991,82.6500015,80.6500015,3486200.0,77.4392776
2018-12-04 00:00:00,79.1200027,80.5999985,80.9800034,78.9599991,4654800.0,75.5207214
2018-12-06 00:00:00,79.2600021,78.2699966,79.5500031,77.9800034,4963800.0,75.654335
2018-12-07 00:00:00,78.5500031,79.4700012,79.9700012,77.8000031,2590200.0,74.9766464
2018-12-10 00:00:00,78.9300003,78.5199966,79.1200027,77.0199966,2185400.0,75.3393631
2018-12-11 00:00:00,78.0899963,79.7699966,79.8700027,77.9800034,3155100.0,74.5375748
2018-12-12 00:00:00,78.0,78.9000015,78.9000015,77.9599991,2550100.0,74.4516449
2018-12-13 00:00:00,77.5899963,78.0199966,78.0299988,76.9100037,2078900.0,74.288887
2018-12-14 00:00:00,77.0999985,77.0599976,77.8300018,76.7099991,2363500.0,73.8197403
2018-12-17 00:00:00,76.3799973,76.9199982,77.3799973,76.1299973,3893700.0,73.1303635
2018-12-18 00:00:00,75.0100021,76.8399963,76.9800034,74.6500015,3543300.0,71.8186646
2018-12-19 00:00:00,75.0800018,75.1699982,76.4700012,74.5299988,3055300.0,71.8856964
2018-12-20 00:00:00,73.5899963,74.6900024,74.9199982,73.1200027,3594800.0,70.4590759
2018-12-21 00:00:00,72.8199997,73.2399979,74.8600006,72.4599991,4875100.0,69.7218323
2018-12-24 00:00:00,70.6800003,72.1500015,72.5599976,70.6299973,1485700.0,67.672905
2018-12-26 00:00:00,73.25,71.0199966,73.25,69.6900024,2884400.0,70.1335373
2018-12-27 00:00:00,74.25,72.2099991,74.25,71.5500031,1997600.0,71.0910034
2018-12-28 00:00:00,74.4499969,74.4499969,75.2699966,73.5800018,1617500.0,71.282486
2018-12-31 00:00:00,75.3300018,74.7200012,75.3300018,74.4400024,1728900.0,72.1250458
2019-01-02 00:00:00,75.3300018,74.4899979,75.4700012,74.4000015,2274300.0,72.1250458
2019-01-03 00:00:00,73.9800034,75.0899963,75.5699997,73.8300018,3066300.0,70.832489
2019-01-04 00:00:00,75.6699982,74.8399963,75.8799973,74.0100021,3760600.0,72.450592
2019-01-07 00:00:00,73.3799973,73.3199997,74.7600021,73.0100021,4822800.0,70.2580109
2019-01-08 00:00:00,72.1500015,73.7699966,74.1200027,71.1999969,4845700.0,69.0803452
2019-01-09 00:00:00,72.4400024,72.1800003,73.0199966,71.9300003,3301900.0,69.3580093
2019-01-10 00:00:00,72.7799988,72.3000031,72.9800034,72.0800018,2758600.0,69.6835327
2019-01-11 00:00:00,73.0999985,72.4300003,73.1800003,72.1699982,1647700.0,69.9899368
2019-01-14 00:00:00,72.6999969,72.3499985,72.9700012,72.0999985,3197400.0,69.6069336
2019-01-15 00:00:00,73.5100021,72.5800018,73.5599976,72.3899994,1604100.0,70.3824921
2019-01-16 00:00:00,74.5100021,74.4199982,75.0500031,74.0400009,2888900.0,71.3399506
2019-01-17 00:00:00,74.8499985,74.2300034,75.0299988,74.0500031,2545900.0,71.6654739
2019-01-18 00:00:00,75.6299973,75.1900024,75.8300018,74.7300034,3166000.0,72.4123001
2019-01-22 00:00:00,75.8700027,75.5,76.3099976,75.3199997,2757800.0,72.6420746
2019-01-23 00:00:00,76.0599976,76.1399994,76.4199982,75.3600006,1743800.0,72.8239899
2019-01-24 00:00:00,75.2099991,75.9700012,76.1699982,75.1200027,2277100.0,72.0101471
2019-01-25 00:00:00,75.7600021,75.8899994,76.3300018,75.2099991,2573000.0,72.5367584
2019-01-28 00:00:00,75.7099991,75.4000015,75.8000031,75.0100021,1412600.0,72.488884
2019-01-29 00:00:00,75.3499985,75.5899963,75.8700027,74.9100037,2140600.0,72.1442032
2019-01-30 00:00:00,76.2200012,75.2200012,76.4199982,75.0800018,2617600.0,72.9771805
2019-01-31 00:00:00,76.7600021,75.8099976,76.8899994,75.7200012,2554500.0,73.4942169
2019-02-01 00:00:00,77.5199966,77.0400009,77.8399963,76.8099976,2589600.0,74.2218704
2019-02-04 00:00:00,77.0999985,77.5599976,77.7300034,76.3199997,3107700.0,73.8197403
2019-02-05 00:00:00,77.3099976,77.1699982,77.4000015,76.7900009,3217800.0,74.020813
2019-02-06 00:00:00,77.3899994,77.0199966,80.0999985,76.6699982,3572500.0,74.0974045
2019-02-07 00:00:00,75.5500031,76.3399963,76.3799973,74.2799988,5770600.0,72.335701
2019-02-08 00:00:00,76.1600037,75.1299973,76.2200012,74.6299973,3863500.0,72.9197311
2019-02-11 00:00:00,75.5199966,76.1299973,76.5400009,75.1900024,2915700.0,72.3069687
2019-02-12 00:00:00,76.1299973,75.9599991,76.6699982,75.6699982,2608800.0,72.8910141
2019-02-13 00:00:00,76.6800003,76.4499969,77.3600006,76.2399979,2701700.0,73.4176102
2019-02-14 00:00:00,75.9499969,76.5500031,76.6800003,75.6900024,3497500.0,72.7186813
2019-02-15 00:00:00,75.5,75.4700012,76.1100006,74.4899979,7395600.0,72.2878189
2019-02-19 00:00:00,74.8600006,75.2900009,75.6999969,74.0100021,2356100.0,71.6750336
2019-02-20 00:00:00,74.4800034,74.75,74.8899994,74.0299988,3735600.0,71.3112183
2019-02-21 00:00:00,74.8700027,74.7399979,75.1800003,74.5400009,2898800.0,71.6846237
2019-02-22 00:00:00,75.1800003,75.0500031,75.3600006,74.9400024,2580800.0,71.9814224
2019-02-25 00:00:00,75.3399963,75.6800003,76.2799988,75.2399979,2403900.0,72.1346207
2019-02-26 00:00:00,75.3000031,75.1399994,75.5999985,75.0999985,2426200.0,72.0963287
2019-02-27 00:00:00,76.2099991,75.1299973,76.4400024,75.0199966,2799100.0,72.9676208
2019-02-28 00:00:00,77.1500015,76.2699966,77.4700012,76.2699966,4001400.0,73.8676147
2019-03-01 00:00:00,77.1900024,77.5199966,78.1600037,77.0800018,3054600.0,73.9059143
2019-03-04 00:00:00,76.1800003,77.3000031,77.6800003,76.0,4659000.0,72.9389038
2019-03-05 00:00:00,75.3799973,76.2399979,76.4199982,75.2300034,2484400.0,72.1729279
2019-03-06 00:00:00,74.8899994,75.5800018,75.7099991,74.7200012,1656200.0,71.7037735
2019-03-07 00:00:00,73.6500015,74.6699982,74.8000031,73.5599976,2976100.0,70.5165329
2019-03-08 00:00:00,72.5,73.0,73.0,71.9000015,3328900.0,69.4154434
2019-03-11 00:00:00,72.5500031,72.8700027,73.1699982,72.25,2642300.0,69.4633331
2019-03-12 00:00:00,73.1200027,72.7600021,73.4800034,72.5599976,2645600.0,70.0090637
2019-03-13 00:00:00,74.0500031,73.1800003,74.2799988,73.0899963,3467300.0,70.899498
2019-03-14 00:00:00,73.8899994,73.7200012,74.0999985,73.4100037,1961200.0,71.0100327
2019-03-15 00:00:00,74.6299973,73.75,74.6500015,73.6999969,3861900.0,71.7211914
2019-03-18 00:00:00,74.6100006,74.8399963,75.25,74.4700012,3606700.0,71.7019653
2019-03-19 00:00:00,74.25,75.0199966,75.1299973,74.0299988,2389700.0,71.3559952
2019-03-20 00:00:00,73.1999969,74.3000031,74.3199997,73.1600037,3225000.0,70.3469162
2019-03-21 00:00:00,73.3899994,72.8899994,73.8399963,72.8600006,2284500.0,70.5295181
2019-03-22 00:00:00,72.7600021,73.0199966,73.25,72.4700012,2886700.0,69.9240723
2019-03-25 00:00:00,73.7799988,72.8499985,74.0,72.7300034,2998500.0,70.9043045
2019-03-26 00:00:00,73.9899979,74.3300018,74.5299988,73.3799973,2566400.0,71.1061249
2019-03-27 00:00:00,73.8600006,73.9000015,74.2699966,73.5999985,2038500.0,70.9812088
2019-03-28 00:00:00,74.7699966,73.9700012,74.8199997,73.6500015,2063400.0,71.8557205
2019-03-29 00:00:00,76.1399994,75.2600021,76.1999969,75.1699982,4317200.0,73.1723328
2019-04-01 00:00:00,77.0,76.6100006,77.0899963,76.4899979,2972900.0,73.9987946
2019-04-02 00:00:00,77.3700027,77.1500015,77.6999969,76.9599991,2430700.0,74.3543854
2019-04-03 00:00:00,77.4199982,77.8300018,77.8899994,77.1399994,2295000.0,74.4024277
2019-04-04 00:00:00,77.2600021,77.3899994,77.5699997,76.9599991,2404700.0,74.2486877
2019-04-05 00:00:00,77.2600021,77.3399963,77.5699997,76.9400024,2370800.0,74.2486877
2019-04-08 00:00:00,77.0,76.9599991,77.1299973,76.5699997,2484900.0,73.9987946
2019-04-09 00:00:00,76.9700012,76.8199997,77.1800003,76.6200027,3121900.0,73.969986
2019-04-10 00:00:00,76.8499985,76.9700012,77.0800018,76.7200012,1976500.0,73.8546524
2019-04-11 00:00:00,77.0599976,77.1299973,77.3600006,76.8000031,2193800.0,74.0564651
2019-04-12 00:00:00,77.2799988,77.7699966,78.1299973,77.0,5511000.0,74.2678909
2019-04-15 00:00:00,78.6399994,77.4000015,78.9199982,77.2399979,3970500.0,75.5749054
2019-04-16 00:00:00,79.4400024,78.7699966,79.8700027,78.5800018,2566200.0,76.3437119
2019-04-17 00:00:00,80.1600037,79.6900024,80.5999985,79.3799973,3266200.0,77.0356445
2019-04-18 00:00:00,79.8600006,80.0899963,80.5,79.8099976,2934900.0,76.7473526
2019-04-22 00:00:00,80.5,79.6100006,80.5699997,79.5199966,1474900.0,77.3623886
2019-04-23 00:00:00,80.5299988,80.6600037,80.8300018,79.9899979,2821300.0,77.3912201
2019-04-24 00:00:00,80.4700012,80.4800034,80.8499985,80.1699982,2603900.0,77.3335724
2019-04-25 00:00:00,80.8199997,80.2799988,81.0100021,80.0100021,1401200.0,77.6699219
2019-04-26 00:00:00,81.1900024,81.1800003,81.1999969,80.7099991,1585700.0,78.0255127
2019-04-29 00:00:00,81.6900024,81.1800003,81.9400024,81.0899963,1846200.0,78.5060196
2019-04-30 00:00:00,81.3499985,81.6500015,81.9899979,81.3000031,3095700.0,78.1792679
2019-05-01 00:00:00,80.6699982,81.2399979,81.5999985,80.6699982,3852500.0,77.5257645
2019-05-02 00:00:00,79.7200012,80.75,81.4199982,79.5400009,3360500.0,76.6128006
2019-05-03 00:00:00,79.6900024,79.9000015,80.4599991,79.5,2630200.0,76.5839767
2019-05-06 00:00:00,80.9499969,78.9300003,81.2099991,78.8700027,2850500.0,77.7948685
2019-05-07 00:00:00,80.0199966,80.4000015,80.7699966,79.5500031,2999700.0,76.9010925
2019-05-08 00:00:00,80.4100037,79.8799973,80.9000015,79.6399994,1941000.0,77.2758942
2019-05-09 00:00:00,80.8000031,79.7099991,81.0800018,79.5400009,1915200.0,77.6507111
2019-05-10 00:00:00,81.3600006,80.7600021,81.5899963,79.9000015,1628000.0,78.1888885
2019-05-13 00:00:00,80.5199966,80.1699982,80.7399979,79.7900009,1943900.0,77.3816147
2019-05-14 00:00:00,81.3099976,80.5599976,81.9899979,80.5500031,3179400.0,78.1408234
2019-05-15 00:00:00,80.6100006,80.7200012,81.3700027,80.5899963,1370400.0,77.4681015
2019-05-16 00:00:00,81.3399963,80.9899979,81.6600037,80.7900009,2443000.0,78.1696625
2019-05-17 00:00:00,81.2200012,80.7200012,81.5800018,80.7200012,1284400.0,78.0543365
2019-05-20 00:00:00,81.0999985,81.25,81.6100006,80.8700027,1788400.0,77.939003
2019-05-21 00:00:00,81.8099976,81.5,82.0699997,81.3300018,2300900.0,78.6213303
2019-05-22 00:00:00,81.1200027,81.4000015,81.7300034,81.0100021,2333000.0,77.9582291
2019-05-23 00:00:00,81.25,80.7600021,81.4599991,80.4700012,3167200.0,78.083168
2019-05-24 00:00:00,81.8300018,81.5599976,81.8300018,80.8499985,2693700.0,78.640564
2019-05-28 00:00:00,82.0699997,81.8000031,82.7900009,81.6900024,4187800.0,78.8711929
2019-05-29 00:00:00,82.0500031,81.5800018,82.1699982,81.2799988,1800100.0,78.8519897
2019-05-30 00:00:00,82.6100006,82.1900024,82.7200012,82.0100021,1946300.0,79.3901596
2019-05-31 00:00:00,82.2099991,81.8799973,82.4100037,81.7799988,2540700.0,79.0057449
2019-06-03 00:00:00,82.5199966,82.3000031,82.6600037,81.9400024,3539000.0,79.3036575
2019-06-04 00:00:00,83.8099976,83.0,83.9400024,82.8300018,3872500.0,80.5433884
2019-06-05 00:00:00,84.9499969,84.1699982,85.0100021,84.0,2136300.0,81.6389542
2019-06-06 00:00:00,85.1900024,85.0999985,85.4700012,84.6299973,1815300.0,81.8695908
2019-06-07 00:00:00,85.3799973,85.2900009,85.8499985,85.2799988,1633200.0,82.0521774
2019-06-10 00:00:00,86.0800018,85.9000015,86.4599991,85.5299988,2669100.0,82.7249069
2019-06-11 00:00:00,84.9400024,86.5199966,86.7799988,84.6800003,1747900.0,81.6293411
2019-06-12 00:00:00,85.4800034,84.9300003,85.4800034,84.75,1431000.0,82.1482925
2019-06-13 00:00:00,84.5699997,85.4599991,85.4599991,84.25,1505400.0,81.5360794
2019-06-14 00:00:00,84.9300003,84.6900024,85.1100006,84.4599991,1248400.0,81.8831787
2019-06-17 00:00:00,84.0400009,85.1600037,85.3799973,83.9499969,1927100.0,81.0250854
2019-06-18 00:00:00,84.6900024,84.3499985,84.8700027,84.0500031,1682400.0,81.6517715
2019-06-19 00:00:00,85.4800034,84.9400024,85.5899963,84.7699966,1493100.0,82.4134216
2019-06-20 00:00:00,86.4300003,85.4300003,86.6500015,85.4300003,1721900.0,83.3293457
2019-06-21 00:00:00,86.7699966,86.6699982,87.2600021,86.3600006,4287900.0,83.6571426
2019-06-24 00:00:00,86.5999985,86.5899963,87.1200027,86.4199982,2043400.0,83.493248
2019-06-25 00:00:00,86.5299988,86.5500031,86.6699982,85.9000015,1738800.0,83.4257584
2019-06-26 00:00:00,84.5199966,86.5999985,86.5999985,84.5,1987900.0,81.4878616
2019-06-27 00:00:00,85.5100021,85.0899963,86.0199966,84.9300003,1434600.0,82.4423523
2019-06-28 00:00:00,85.9400024,85.5100021,85.9400024,85.25,3252900.0,82.8569336
2019-07-01 00:00:00,86.1600037,86.6900024,86.7399979,85.7099991,1579300.0,83.0690231
2019-07-02 00:00:00,87.3799973,86.1500015,87.3799973,86.1500015,1779500.0,84.2452621
2019-07-03 00:00:00,88.5899963,87.6100006,88.6600037,87.5400009,1665600.0,85.4118423
2019-07-05 00:00:00,89.5199966,88.8199997,89.5899963,88.4599991,1799300.0,86.3084869
2019-07-08 00:00:00,89.4100037,89.3499985,89.5800018,88.8600006,1722900.0,86.202446
2019-07-09 00:00:00,89.5999985,89.1999969,89.6399994,89.0500031,1652800.0,86.3856201
2019-07-10 00:00:00,90.2900009,89.4199982,90.4599991,89.3899994,1837600.0,87.0508575
2019-07-11 00:00:00,91.7300034,90.5999985,91.7699966,90.2200012,2727700.0,88.439209
2019-07-12 00:00:00,91.5500031,91.5,91.7300034,91.0699997,1773200.0,88.2656631
2019-07-15 00:00:00,91.8899994,91.7900009,91.9199982,91.0699997,1291100.0,88.5934525
2019-07-16 00:00:00,91.7699966,91.9599991,92.3099976,91.3000031,1176800.0,88.4777603
2019-07-17 00:00:00,90.9199982,91.5699997,91.9000015,90.7799988,1612200.0,87.6582565
2019-07-18 00:00:00,91.5400009,90.8700027,91.6399994,90.7600021,1859200.0,88.2560196
2019-07-19 00:00:00,90.7699966,91.7900009,91.8199997,90.6999969,1510500.0,87.5136414
2019-07-22 00:00:00,90.7099991,90.2099991,91.0599976,89.1699982,1671800.0,87.4557953
2019-07-23 00:00:00,90.9000015,90.6900024,91.0800018,89.9700012,2011400.0,87.6389999
2019-07-24 00:00:00,89.25,90.5400009,90.6600037,87.0999985,4039400.0,86.0481644
2019-07-25 00:00:00,89.5899963,89.3499985,89.9199982,89.0100021,1664500.0,86.3759842
2019-07-26 00:00:00,89.5899963,89.6600037,89.8600006,89.1399994,1548500.0,86.3759842
2019-07-29 00:00:00,88.1800003,89.5599976,89.5599976,87.9800034,2194500.0,85.0165558
2019-07-30 00:00:00,87.8700027,88.0699997,88.8000031,87.7900009,1382800.0,84.7176819
2019-07-31 00:00:00,87.8600006,87.9599991,88.4800034,87.3700027,2533300.0,84.7080536
2019-08-01 00:00:00,89.1999969,87.0199966,89.3899994,85.7900009,3272500.0,85.9999619
2019-08-02 00:00:00,90.4199982,89.1500015,90.6800003,88.5,2635000.0,87.1762009
2019-08-05 00:00:00,88.4199982,89.5100021,90.2399979,88.2799988,3134600.0,85.2479477
2019-08-06 00:00:00,90.5699997,88.7699966,90.5999985,88.25,2326200.0,87.3208237
2019-08-07 00:00:00,90.8499985,89.6999969,91.1699982,88.9199982,1913200.0,87.5907822
2019-08-08 00:00:00,91.9100037,91.1600037,92.1399994,90.4700012,1590900.0,88.6127548
2019-08-09 00:00:00,92.8799973,92.25,93.4000015,91.9400024,1693600.0,89.5479431
2019-08-12 00:00:00,90.5899963,92.3899994,92.4199982,90.4800034,2009800.0,87.3400955
2019-08-13 00:00:00,92.0100021,90.4100037,92.25,90.1200027,1971100.0,88.7091599
2019-08-14 00:00:00,89.2699966,90.9000015,91.9100037,89.2600021,2074600.0,86.0674362
2019-08-15 00:00:00,90.5,89.9000015,90.8600006,89.6399994,1365400.0,87.253334
2019-08-16 00:00:00,91.6699982,90.9300003,91.9499969,90.4700012,1922500.0,88.3813629
2019-08-19 00:00:00,92.8499985,92.5500031,93.1500015,92.1900024,1649600.0,89.5190201
2019-08-20 00:00:00,92.0299988,92.8000031,93.1200027,91.9300003,1303100.0,88.728447
2019-08-21 00:00:00,92.7200012,92.2300034,92.75,91.9700012,1339400.0,89.3936844
2019-08-22 00:00:00,92.5199966,93.0,93.3300018,91.9499969,1721200.0,89.2008667
2019-08-23 00:00:00,91.4400024,92.5,92.8000031,90.9499969,2116900.0,88.1595993
2019-08-26 00:00:00,92.5100021,92.1100006,92.5400009,91.5599976,1124200.0,89.1912231
2019-08-27 00:00:00,93.1200027,92.6999969,93.3099976,92.4599991,1816700.0,89.7793427
2019-08-28 00:00:00,93.2699966,93.0,93.2799988,92.1699982,1741500.0,89.9239502
2019-08-29 00:00:00,92.7799988,93.5,93.8799973,92.4700012,1591800.0,89.4515457
2019-08-30 00:00:00,93.4800034,93.5,93.7699966,92.6800003,1473600.0,90.1264114
2019-09-03 00:00:00,93.7699966,93.1200027,93.8000031,93.0899963,1871600.0,90.4060211
2019-09-04 00:00:00,94.2600021,94.1900024,94.8799973,93.7600021,1303300.0,90.8784485
2019-09-05 00:00:00,94.7300034,95.0400009,95.4499969,94.25,2331300.0,91.3315887
2019-09-06 00:00:00,94.8899994,95.0,95.5199966,94.6800003,1573100.0,91.4858322
2019-09-09 00:00:00,92.1800003,95.5500031,95.5500031,91.5999985,2753100.0,88.8730545
2019-09-10 00:00:00,90.1200027,91.8799973,91.9400024,89.0400009,2814700.0,86.8869629
2019-09-11 00:00:00,89.0599976,90.5699997,90.7200012,88.9899979,2431100.0,85.8649979
2019-09-12 00:00:00,90.3000031,89.25,90.6399994,89.25,2527800.0,87.060524
2019-09-13 00:00:00,90.8300018,90.2699966,90.9599991,89.2699966,2066300.0,87.8389816
2019-09-16 00:00:00,91.8799973,91.0,94.2200012,90.6600037,3139600.0,88.8544312
2019-09-17 00:00:00,93.25,92.3300018,94.0500031,92.3300018,2455600.0,90.1792984
2019-09-18 00:00:00,93.3300018,94.4499969,94.6200027,92.2099991,1649900.0,90.2566757
2019-09-19 00:00:00,93.5299988,93.0699997,94.0400009,92.6900024,1380100.0,90.4500885
2019-09-20 00:00:00,92.3300018,93.8600006,93.9000015,92.0599976,3194200.0,89.2896042
2019-09-23 00:00:00,92.5,92.3600006,92.8199997,92.1699982,1291200.0,89.4539948
2019-09-24 00:00:00,92.9000015,92.8199997,93.9199982,92.3899994,1526600.0,89.8408203
2019-09-25 00:00:00,93.3799973,93.1399994,93.5599976,92.0800018,1440000.0,90.3050079
2019-09-26 00:00:00,94.1699982,93.6299973,94.2300034,93.0,2138700.0,91.0690155
2019-09-27 00:00:00,92.4000015,94.5,94.9100037,92.0599976,2552700.0,89.3572998
2019-09-30 00:00:00,92.2699966,92.7300034,92.9400024,91.9300003,2087300.0,89.2315903
2019-10-01 00:00:00,92.3300018,92.1999969,92.8000031,91.7200012,2361600.0,89.2896042
2019-10-02 00:00:00,90.4300003,92.0,92.1999969,90.2200012,2064900.0,87.4521713
2019-10-03 00:00:00,91.3499985,90.3499985,91.3600006,89.9400024,1720800.0,88.3418732
2019-10-04 00:00:00,94.0,91.7600021,94.0699997,91.5299988,1608000.0,90.9046249
2019-10-07 00:00:00,94.3600006,93.6500015,94.7699966,93.4000015,2304300.0,91.2527466
2019-10-08 00:00:00,92.9400024,93.9599991,94.2900009,92.9300003,1421300.0,89.879509
2019-10-09 00:00:00,94.1299973,93.6600037,94.3700027,93.3899994,1809200.0,91.0303268
2019-10-10 00:00:00,94.7399979,93.75,95.2799988,93.75,2741600.0,91.6202393
2019-10-11 00:00:00,93.9400024,95.5599976,95.5599976,93.8099976,2536100.0,90.8465881
2019-10-14 00:00:00,93.5,94.1100006,94.6299973,93.1600037,1467000.0,90.4210739
2019-10-15 00:00:00,93.3000031,93.9800034,94.1699982,93.1699982,2127500.0,90.2276688
2019-10-16 00:00:00,93.5999985,93.6600037,93.8700027,92.4199982,2043600.0,90.5177841
2019-10-17 00:00:00,94.2799988,93.9300003,94.5500031,93.7900009,1598500.0,91.1753998
2019-10-18 00:00:00,94.4000015,94.4300003,94.8099976,93.9300003,2177500.0,91.2914276
2019-10-21 00:00:00,93.3300018,94.5400009,94.5699997,93.1500015,2259400.0,90.2566757
2019-10-22 00:00:00,91.8700027,93.2699966,94.3399963,91.8099976,2511800.0,88.8447647
2019-10-23 00:00:00,92.9300003,91.7600021,93.2699966,91.7600021,1995500.0,89.8698425
2019-10-24 00:00:00,92.9100037,92.8199997,93.9400024,92.8199997,1657400.0,89.8505173
2019-10-25 00:00:00,91.9599991,92.8300018,93.4100037,91.9300003,1407500.0,88.931778
2019-10-28 00:00:00,91.5999985,92.3899994,92.3899994,91.4199982,2520700.0,88.5836334
2019-10-29 00:00:00,91.3499985,91.7300034,92.7600021,91.2799988,2130100.0,88.3418732
2019-10-30 00:00:00,93.1800003,91.4599991,93.25,91.3600006,2372400.0,90.111618
2019-10-31 00:00:00,94.3199997,93.8499985,95.1399994,92.75,3281200.0,91.2140732
2019-11-01 00:00:00,92.9300003,94.9400024,95.2799988,92.7600021,2536900.0,89.8698425
2019-11-04 00:00:00,91.1699982,93.2099991,93.4300003,90.7200012,2807700.0,88.1678009
2019-11-05 00:00:00,89.4100037,91.0199966,91.3099976,89.0899963,4368000.0,86.4657593
2019-11-06 00:00:00,91.1100006,89.8000031,91.2099991,89.4800034,3407700.0,88.1097794
2019-11-07 00:00:00,90.6399994,91.3899994,91.4300003,90.3700027,2905400.0,87.6552353
2019-11-08 00:00:00,90.4700012,90.9000015,91.6699982,90.3799973,2064300.0,87.4908524
2019-11-11 00:00:00,91.1800003,90.6200027,91.4400024,90.0199966,1718100.0,88.177475
2019-11-12 00:00:00,91.4000015,91.25,91.7799988,91.2099991,1548000.0,88.3902283
2019-11-13 00:00:00,92.6699982,91.5199966,92.8000031,91.3499985,1808200.0,89.6184006
2019-11-14 00:00:00,93.1699982,92.6900024,93.25,92.2399979,1919300.0,90.1019363
2019-11-15 00:00:00,92.9599991,93.4499969,93.5,92.5500031,2833600.0,89.8988571
2019-11-18 00:00:00,92.8199997,93.3199997,93.5999985,92.5500031,3077900.0,89.7634735
2019-11-19 00:00:00,93.9800034,92.8499985,94.3300018,92.5100021,2389700.0,90.8852768
2019-11-20 00:00:00,94.4800034,94.0199966,95.3399963,93.9300003,1502300.0,91.3688049
2019-11-21 00:00:00,93.8899994,94.5999985,94.8700027,93.5699997,1978400.0,90.7982254
2019-11-22 00:00:00,93.75,93.8700027,94.5699997,93.4199982,1958400.0,90.6628418
2019-11-25 00:00:00,94.3199997,93.9700012,94.7799988,93.8300018,2144000.0,91.2140732
2019-11-26 00:00:00,94.4700012,94.2600021,94.7399979,93.9800034,4586700.0,91.3591385
2019-11-27 00:00:00,93.4300003,94.3099976,94.4700012,92.8399963,2423500.0,90.3533859
2019-11-29 00:00:00,94.1699982,93.1399994,94.5100021,93.1399994,1259200.0,91.0690155
2019-12-02 00:00:00,93.3000031,94.1600037,94.6100006,92.9700012,2141200.0,90.2276688
2019-12-03 00:00:00,93.4499969,92.9899979,93.7699966,92.8499985,2425700.0,90.3727112
2019-12-04 00:00:00,93.3199997,93.3600006,94.1200027,93.0899963,2260400.0,90.2470016
2019-12-05 00:00:00,93.6500015,93.2699966,93.8399963,92.8700027,1544000.0,90.5661316
2019-12-06 00:00:00,93.8000031,94.1299973,94.4599991,93.6399994,2170400.0,90.7111893
2019-12-09 00:00:00,92.8799973,93.6999969,93.6999969,92.4499969,3062900.0,89.8214798
2019-12-10 00:00:00,92.3300018,92.9000015,93.0400009,92.1100006,2317300.0,89.2896042
2019-12-11 00:00:00,92.3099976,92.6600037,93.2399979,92.1999969,3048800.0,89.2702484
2019-12-12 00:00:00,90.7200012,92.2300034,92.3600006,90.6500015,6006600.0,87.7326279
2019-12-13 00:00:00,91.9100037,90.4400024,92.0699997,90.0100021,2861800.0,89.1537018
2019-12-16 00:00:00,92.2699966,92.4300003,92.5299988,91.8099976,2883300.0,89.5028839
2019-12-17 00:00:00,92.5999985,91.9199982,92.7799988,90.7799988,4126500.0,89.8229904
2019-12-18 00:00:00,91.8600006,92.9899979,92.9899979,91.6999969,3521200.0,89.1051941
2019-12-19 00:00:00,93.4899979,91.7399979,93.5699997,91.6100006,2233400.0,90.6863098
2019-12-20 00:00:00,93.0299988,93.8399963,94.1200027,92.7200012,4585600.0,90.240097
2019-12-23 00:00:00,92.3600006,93.2300034,93.4499969,92.1399994,2696000.0,89.5901947
2019-12-24 00:00:00,92.1900024,92.4000015,92.5100021,91.9599991,731200.0,89.4252853
2019-12-26 00:00:00,92.8700027,92.4599991,93.0500031,92.2099991,1212700.0,90.0848923
2019-12-27 00:00:00,93.0,93.0100021,93.2200012,92.6399994,1226400.0,90.2109909
2019-12-30 00:00:00,92.4400024,93.0800018,93.2200012,92.2799988,2059600.0,89.6677933
2019-12-31 00:00:00,92.5500031,92.4000015,92.8300018,91.7099991,2358100.0,89.774498
2020-01-02 00:00:00,92.6699982,92.8399963,93.0699997,92.1800003,3045300.0,89.890892
2020-01-03 00:00:00,94.6699982,92.0999985,94.9800034,91.9499969,2544500.0,91.8309174
2020-01-06 00:00:00,94.6999969,94.6999969,95.4700012,94.0199966,2649700.0,91.8600082
2020-01-07 00:00:00,94.4300003,94.0800018,94.9300003,93.7699966,2343900.0,91.5981064
2020-01-08 00:00:00,93.5999985,94.6600037,94.9000015,93.4800034,3013700.0,90.792984
2020-01-09 00:00:00,94.4300003,93.6200027,94.9800034,93.6200027,2268300.0,91.5981064
2020-01-10 00:00:00,94.25,94.4100037,94.8000031,94.0699997,1510500.0,91.4235001
2020-01-13 00:00:00,95.0299988,94.1999969,95.0699997,94.0299988,2627700.0,92.1801147
2020-01-14 00:00:00,93.7699966,95.0500031,95.1200027,93.5100021,3366100.0,90.9579086
2020-01-15 00:00:00,95.7699966,94.0599976,96.25,93.5999985,3015800.0,92.897934
2020-01-16 00:00:00,96.2699966,96.7300034,96.9899979,95.5800018,2686500.0,93.3829346
2020-01-17 00:00:00,96.7699966,96.0500031,97.0500031,96.0500031,2468700.0,93.8679428
2020-01-21 00:00:00,96.7600021,96.6900024,97.4499969,96.5999985,2263600.0,93.8582535
2020-01-22 00:00:00,96.4300003,96.6299973,97.0999985,96.3399963,1930400.0,93.5381317
2020-01-23 00:00:00,97.3000031,96.1500015,97.4199982,96.0100021,2333000.0,94.3820572
2020-01-24 00:00:00,97.1100006,97.3000031,98.0899963,96.8600006,1880200.0,94.1977539
2020-01-27 00:00:00,98.1800003,96.3099976,98.3899994,95.6399994,2343600.0,95.2356567
2020-01-28 00:00:00,98.9400024,98.1399994,99.0999985,98.0899963,2034000.0,95.9728546
2020-01-29 00:00:00,98.9100037,99.2600021,99.8000031,98.5500031,1762400.0,95.9437637
2020-01-30 00:00:00,100.1699982,98.5800018,100.1800003,98.4499969,1463800.0,97.1659775
2020-01-31 00:00:00,99.7399979,99.8600006,100.4300003,99.3899994,2067900.0,96.7488632
2020-02-03 00:00:00,100.0400009,100.1500015,100.4300003,99.5199966,1920000.0,97.0398788
2020-02-04 00:00:00,92.5899963,100.7600021,101.9300003,91.0500031,11043200.0,89.8132858
2020-02-05 00:00:00,92.8799973,93.6100006,94.0199966,91.3300018,12768000.0,90.0945969
2020-02-06 00:00:00,90.1100006,92.75,92.8300018,86.8300018,17797700.0,87.4076767
2020-02-07 00:00:00,92.6299973,93.9000015,95.4599991,92.1200027,12776900.0,89.8520889
2020-02-10 00:00:00,94.8199997,92.5400009,94.9700012,92.5299988,5715000.0,91.9764252
2020-02-11 00:00:00,94.7600021,94.9000015,95.1500015,94.6699982,3827800.0,91.9182205
2020-02-12 00:00:00,94.3899994,94.6999969,94.9899979,93.9300003,4506100.0,91.5593109
2020-02-13 00:00:00,94.1900024,94.6100006,94.6699982,93.8899994,5791300.0,91.3653107
2020-02-14 00:00:00,96.8600006,94.5,96.9000015,94.4499969,5111600.0,93.9552383
2020-02-18 00:00:00,96.1999969,95.8499985,96.5999985,95.0100021,2656200.0,93.3150406
2020-02-19 00:00:00,95.4199982,96.7200012,96.9499969,95.4100037,2520300.0,92.5584335
2020-02-20 00:00:00,95.2099991,95.1399994,95.6900024,94.4800034,1880700.0,92.3547134
2020-02-21 00:00:00,94.75,95.0800018,95.1999969,94.5,2047300.0,91.9085159
2020-02-24 00:00:00,93.8499985,93.5,94.7399979,93.0599976,2558900.0,91.0355072
2020-02-25 00:00:00,91.9700012,94.0299988,94.5100021,91.5699997,3063600.0,89.2118912
2020-02-26 00:00:00,93.8600006,92.1500015,94.5,91.7699966,3923900.0,91.0452042
2020-02-27 00:00:00,91.8199997,93.0800018,95.3099976,91.8000031,5272800.0,89.0663986
2020-02-28 00:00:00,89.2200012,90.6600037,92.6399994,87.4199982,7199900.0,86.5443573
2020-03-02 00:00:00,93.4000015,89.9400024,93.4000015,89.5299988,7056100.0,90.598999
2020-03-03 00:00:00,94.9400024,93.6200027,96.2200012,92.2399979,6139200.0,92.0928116
2020-03-04 00:00:00,100.1699982,95.25,100.4599991,94.8600006,5223500.0,97.1659775
2020-03-05 00:00:00,97.9100037,98.2099991,99.3099976,96.7699966,3752300.0,94.9737549
2020-03-06 00:00:00,94.0400009,95.1299973,96.5800018,92.1800003,5964000.0,91.2198105
2020-03-09 00:00:00,88.6200027,88.9300003,91.9300003,87.6699982,5790200.0,85.9623489
2020-03-10 00:00:00,90.5500031,90.8199997,91.5,86.8499985,5243100.0,87.834465
2020-03-11 00:00:00,86.1999969,88.2399979,89.3099976,84.9599991,4539900.0,83.6149139
2020-03-12 00:00:00,75.6100006,80.4300003,83.0400009,75.4599991,6554300.0,73.3424988
2020-03-13 00:00:00,83.1200027,79.7699966,83.2900009,76.7799988,7338700.0,80.6273041
2020-03-16 00:00:00,74.1299973,75.0299988,79.9499969,72.8199997,5791800.0,72.1673584
2020-03-17 00:00:00,76.7900009,75.8099976,78.8799973,73.7099991,7108100.0,74.7569351
2020-03-18 00:00:00,70.0800018,72.7200012,73.5800018,66.0400009,8145300.0,68.2245941
2020-03-19 00:00:00,73.6800003,70.0299988,74.9400024,64.1100006,5503100.0,71.7292862
2020-03-20 00:00:00,72.9899979,73.7699966,74.0999985,68.8199997,8462600.0,71.0575562
2020-03-23 00:00:00,66.8499985,72.2399979,72.4100037,63.5099983,6813600.0,65.0801086
2020-03-24 00:00:00,73.6600037,70.3000031,74.1500015,69.8899994,5101200.0,71.7098007
2020-03-25 00:00:00,74.5199966,73.4899979,77.5400009,72.5100021,4553200.0,72.5470352
2020-03-26 00:00:00,79.8199997,75.4100037,80.6999969,75.4100037,4670400.0,77.7067108
2020-03-27 00:00:00,81.25,77.6600037,84.3499985,77.3199997,4639700.0,79.0988541
2020-03-30 00:00:00,83.8099976,82.0699997,84.5,81.2600021,4768800.0,81.5910721
2020-03-31 00:00:00,80.75,82.5500031,82.9599991,80.2900009,3815600.0,78.6120911
2020-04-01 00:00:00,79.3099976,77.3799973,80.1200027,77.3799973,3229100.0,77.2102051
2020-04-02 00:00:00,81.1399994,79.0,81.3899994,77.1699982,2963200.0,78.9917755
2020-04-03 00:00:00,80.9899979,80.8499985,82.9499969,80.7099991,4932300.0,78.8457413
2020-04-06 00:00:00,84.4300003,83.5400009,85.6600037,82.4499969,4128100.0,82.1946716
2020-04-07 00:00:00,82.3000031,87.1699982,87.1699982,82.1100006,4680500.0,80.1210632
2020-04-08 00:00:00,85.3399963,83.1900024,85.9599991,82.3000031,3512100.0,83.0805664
2020-04-09 00:00:00,87.3799973,86.1999969,87.8700027,85.8600006,4285600.0,85.0665588
2020-04-13 00:00:00,85.1800003,86.6900024,86.6900024,84.6699982,2499300.0,82.9248123
2020-04-14 00:00:00,87.0,86.7099991,87.5,86.1600037,3350600.0,84.6966171
2020-04-15 00:00:00,86.25,86.0199966,86.7399979,85.4000015,3483100.0,83.9664764
2020-04-16 00:00:00,88.0999985,86.6500015,88.4400024,86.0,2675800.0,85.7674942
2020-04-17 00:00:00,90.4000015,89.7099991,90.5500031,87.8700027,3854600.0,88.0066071
2020-04-20 00:00:00,89.4000015,90.8300018,91.7300034,88.1800003,4323000.0,87.0330734
2020-04-21 00:00:00,87.5299988,87.8399963,88.9899979,86.7399979,3154600.0,85.2125854
2020-04-22 00:00:00,89.1900024,88.7399979,90.0500031,87.0400009,2237300.0,86.8286438
2020-04-23 00:00:00,88.5,89.0699997,90.3099976,88.1500015,2204600.0,86.1569138
2020-04-24 00:00:00,88.9199982,89.2099991,89.3300018,87.8099976,1804400.0,86.5657806
2020-04-27 00:00:00,92.3499985,90.0100021,92.5800018,89.8000031,2273800.0,89.9049683
2020-04-28 00:00:00,90.2900009,93.5100021,94.1999969,90.1600037,2333000.0,87.8995056
2020-04-29 00:00:00,90.6999969,91.6999969,92.2600021,90.5599976,2054500.0,88.2986603
2020-04-30 00:00:00,89.4499969,90.0400009,91.8499985,89.0299988,3764200.0,87.0817413
2020-05-01 00:00:00,88.6699982,88.5500031,90.6399994,88.1200027,3026200.0,86.3224106
2020-05-04 00:00:00,89.6699982,88.1500015,90.5,87.5100021,3015400.0,87.2959366
2020-05-05 00:00:00,92.9700012,89.8499985,93.7799988,89.6800003,2676900.0,90.5085754
2020-05-06 00:00:00,91.7399979,93.3399963,93.4400024,91.6500015,2318900.0,89.3111267
2020-05-07 00:00:00,93.0899963,92.9899979,94.6800003,92.6100006,2064500.0,90.6253815
2020-05-08 00:00:00,93.5199966,94.6600037,94.6999969,92.7699966,2126700.0,91.0440063
2020-05-11 00:00:00,94.0999985,93.2200012,94.3199997,92.6999969,3081300.0,91.6086502
2020-05-12 00:00:00,92.5500031,94.6600037,94.6999969,92.5100021,2624500.0,90.0996857
2020-05-13 00:00:00,93.3000031,92.1699982,93.9899979,91.4100037,3332700.0,90.829834
2020-05-14 00:00:00,93.25,91.7699966,93.2699966,91.0100021,2450400.0,90.7811508
2020-05-15 00:00:00,93.4700012,92.9199982,94.0899963,92.6800003,2595800.0,90.9953384
2020-05-18 00:00:00,96.0,95.2600021,96.7399979,94.3899994,2872200.0,93.4583359
2020-05-19 00:00:00,92.9599991,95.5100021,96.1399994,92.6900024,2656300.0,90.4988327
2020-05-20 00:00:00,93.4499969,94.0599976,94.3600006,93.0899963,3702000.0,90.975853
2020-05-21 00:00:00,92.8600006,93.1999969,93.7200012,92.0400009,2397500.0,90.4014664
2020-05-22 00:00:00,93.7699966,93.1600037,93.8399963,92.4199982,1747500.0,91.2873764
2020-05-26 00:00:00,94.2300034,95.3399963,95.6900024,94.0199966,2689600.0,91.7352066
2020-05-27 00:00:00,92.8300018,94.8700027,94.9899979,91.8899994,3450100.0,90.3722763
2020-05-28 00:00:00,94.8700027,93.8700027,95.6299973,93.1100006,2682000.0,92.3582687
2020-05-29 00:00:00,97.25,94.9199982,97.3700027,94.5400009,3405600.0,94.6752625
2020-06-01 00:00:00,97.6200027,97.4000015,98.4800034,96.9300003,2137300.0,95.0354691
2020-06-02 00:00:00,96.3499985,98.0400009,98.1200027,95.9300003,3342800.0,93.7990723
2020-06-03 00:00:00,97.8799973,96.6299973,98.1600037,95.9499969,2781800.0,95.2885513
2020-06-04 00:00:00,95.7900009,97.2099991,97.4700012,95.0,3720900.0,93.2539062
2020-06-05 00:00:00,97.8099976,96.0,98.3899994,93.4800034,3964700.0,95.2204208
2020-06-08 00:00:00,97.4800034,97.25,97.7300034,96.4199982,5449400.0,94.8991547
2020-06-09 00:00:00,97.4400024,97.0599976,98.1699982,96.6800003,2202200.0,94.8602142
2020-06-10 00:00:00,97.3099976,97.4800034,97.9100037,96.5699997,2466900.0,94.7336578
2020-06-11 00:00:00,92.0400009,96.9899979,97.0,91.7799988,3560700.0,89.6031799
2020-06-12 00:00:00,93.2600021,93.5899963,94.4599991,91.5599976,2808800.0,90.7908859
2020-06-15 00:00:00,93.7699966,91.3399963,94.0400009,90.7600021,2437000.0,91.5819855
2020-06-16 00:00:00,94.6600037,95.75,95.75,93.4000015,2266200.0,92.4512177
2020-06-17 00:00:00,94.6200027,95.1699982,95.2200012,94.3600006,3188400.0,92.4121628
2020-06-18 00:00:00,94.3899994,94.4300003,94.6399994,93.6600037,1944200.0,92.1875153
2020-06-19 00:00:00,94.5199966,95.7300034,95.7600021,93.4899979,4015800.0,92.3144836
2020-06-22 00:00:00,94.3099976,94.1699982,94.9499969,93.7399979,1570600.0,92.1093826
2020-06-23 00:00:00,93.5,95.0299988,95.25,93.4499969,2055000.0,91.3182755
2020-06-24 00:00:00,90.7099991,92.9199982,93.2600021,90.4499969,3967700.0,88.5933838
2020-06-25 00:00:00,92.8300018,90.8600006,92.9599991,90.0100021,2718900.0,90.6639175
2020-06-26 00:00:00,90.4000015,92.1399994,92.7900009,90.3300018,3368700.0,88.2906113
2020-06-29 00:00:00,90.4000015,91.2900009,91.2900009,90.0999985,2186600.0,88.2906113
2020-06-30 00:00:00,91.5999985,90.3099976,91.8600006,90.3099976,5300800.0,89.462616
2020-07-01 00:00:00,93.3000031,91.6800003,93.9000015,91.5699997,2304000.0,91.122963
2020-07-02 00:00:00,92.2600021,94.5500031,94.5999985,92.1900024,2084900.0,90.1072235
2020-07-06 00:00:00,92.5299988,93.5,93.5400009,92.1500015,1921600.0,90.3709183
2020-07-07 00:00:00,92.5699997,92.0,93.1100006,91.9899979,2085700.0,90.4099884
2020-07-08 00:00:00,93.8399963,92.6800003,93.8700027,92.5500031,2530000.0,91.6503525
2020-07-09 00:00:00,92.1399994,94.1299973,94.1299973,91.5,1888600.0,89.9900131
2020-07-10 00:00:00,92.5500031,92.2399979,92.6999969,91.5500031,1784100.0,90.3904572
2020-07-13 00:00:00,91.8300018,92.7300034,94.3199997,91.7200012,2435800.0,89.6872406
2020-07-14 00:00:00,91.7200012,91.8399963,92.3399963,90.8399963,2387100.0,89.5798264
2020-07-15 00:00:00,93.2399979,92.7600021,93.8199997,91.5100021,3542200.0,91.0643387
2020-07-16 00:00:00,92.3700027,92.8899994,93.6100006,92.0599976,2401400.0,90.2146454
2020-07-17 00:00:00,93.8300018,92.8300018,94.0400009,92.5500031,2094900.0,91.6405716
2020-07-20 00:00:00,94.25,93.3899994,94.6299973,93.2200012,1900400.0,92.0507812
2020-07-21 00:00:00,95.1100006,94.2900009,95.4599991,94.2600021,2420300.0,92.8907166
2020-07-22 00:00:00,96.0599976,94.6600037,96.2099991,94.3899994,2908100.0,93.8185501
2020-07-23 00:00:00,95.8499985,96.2900009,97.0400009,95.5199966,3245200.0,93.6134415
2020-07-24 00:00:00,96.3199997,95.8499985,96.5400009,95.5,3222000.0,94.0724945
2020-07-27 00:00:00,94.5400009,95.9199982,96.5299988,94.5400009,3023700.0,92.3340149
2020-07-28 00:00:00,92.9199982,94.5800018,94.6800003,92.8199997,3218700.0,90.7518158
2020-07-29 00:00:00,94.3000031,92.8499985,94.7699966,92.8099976,2489500.0,92.099617
2020-07-30 00:00:00,94.3700027,93.6299973,95.3799973,93.3499985,3402900.0,92.1679916
2020-07-31 00:00:00,96.7799988,94.7200012,96.8300018,93.9100037,3423700.0,94.5217514
2020-08-03 00:00:00,96.2799988,97.1200027,97.9000015,95.9400024,2873300.0,94.0334091
2020-08-04 00:00:00,95.7799988,95.7099991,96.0199966,95.0400009,1834600.0,93.5450821
2020-08-05 00:00:00,96.1600037,96.1500015,96.5699997,95.6800003,2217900.0,93.9162292
2020-08-06 00:00:00,97.4599991,95.9000015,97.7399979,95.7799988,3174300.0,95.1858978
2020-08-07 00:00:00,100.9599991,96.9199982,101.1100006,95.2799988,5646100.0,98.6042175
2020-08-10 00:00:00,99.1600037,100.9599991,101.1100006,98.5,3587500.0,96.8462219
2020-08-11 00:00:00,98.6100006,99.8700027,99.8700027,98.3700027,3825200.0,96.3090363
2020-08-12 00:00:00,99.4300003,99.3300018,100.0999985,99.0999985,2859800.0,97.1099091
2020-08-13 00:00:00,100.1999969,99.1800003,100.7399979,98.8799973,5028700.0,97.8619461
2020-08-14 00:00:00,102.4899979,100.1100006,102.9599991,100.0899963,4239600.0,100.0985184
2020-08-17 00:00:00,104.0500031,102.5,104.3000031,102.0999985,4852100.0,101.6221085
2020-08-18 00:00:00,104.3799973,103.3199997,104.5999985,102.9100037,3333700.0,101.9444046
2020-08-19 00:00:00,103.5299988,104.6200027,104.8300018,103.2600021,2726700.0,101.1142349
2020-08-20 00:00:00,103.75,103.0,104.1800003,102.9599991,3332400.0,101.3291092
2020-08-21 00:00:00,104.1999969,103.7900009,104.4400024,103.3300018,2333500.0,101.7686157
2020-08-24 00:00:00,105.8099976,104.7099991,105.9899979,103.9899979,3492300.0,103.3410416
2020-08-25 00:00:00,104.4400024,105.8899994,105.8899994,104.0100021,3434800.0,102.003006
2020-08-26 00:00:00,105.0,104.5,105.4199982,103.5999985,1944400.0,102.549942
2020-08-27 00:00:00,105.0100021,105.1699982,105.4700012,104.4300003,2968300.0,102.5597076
2020-08-28 00:00:00,105.5599976,105.7300034,105.8499985,104.8399963,2053100.0,103.0968704
2020-08-31 00:00:00,106.2300034,105.75,106.6299973,105.4599991,2321500.0,103.7512512
2020-09-01 00:00:00,106.5199966,105.9000015,106.5500031,105.7600021,2670700.0,104.0344772
2020-09-02 00:00:00,106.3300018,106.0100021,106.9899979,105.6699982,3027800.0,103.8489227
2020-09-03 00:00:00,103.2200012,106.7600021,106.8700027,102.6500015,4110300.0,100.8114777
2020-09-04 00:00:00,100.0800018,103.3300018,103.7200012,98.6399994,4906700.0,97.744751
2020-09-08 00:00:00,98.8199997,99.3300018,99.6500015,98.3700027,3258100.0,96.5141525
2020-09-09 00:00:00,101.2099991,99.7799988,102.0899963,99.3199997,2718400.0,98.8483734
2020-09-10 00:00:00,98.25,99.8399963,100.3799973,98.1900024,5602700.0,95.9574432
2020-09-11 00:00:00,98.2300034,98.6900024,99.2600021,97.5100021,3219900.0,95.937912
2020-09-14 00:00:00,100.4599991,99.3700027,100.8600006,98.9000015,2994400.0,98.1158829
2020-09-15 00:00:00,100.5299988,100.5899963,101.3499985,100.3300018,3270600.0,98.4783249
2020-09-16 00:00:00,100.9100037,101.0,102.4700012,100.7399979,2258100.0,98.8505859
2020-09-17 00:00:00,99.9599991,99.8600006,100.4000015,99.2399979,2520700.0,97.91996
2020-09-18 00:00:00,99.2099991,100.0,100.5999985,98.7600021,4798600.0,97.1852722
2020-09-21 00:00:00,99.2699966,97.7699966,99.3399963,97.6399994,2923300.0,97.2440338
2020-09-22 00:00:00,98.8000031,99.3700027,100.0,97.6200027,2522500.0,96.7836456
2020-09-23 00:00:00,97.0,98.9499969,99.7200012,96.7900009,2456300.0,95.0203705
2020-09-24 00:00:00,98.3300018,97.2099991,98.6999969,96.6699982,2531000.0,96.3232269
2020-09-25 00:00:00,100.5599976,97.4700012,100.6200027,97.4400024,2512400.0,98.5077209
2020-09-28 00:00:00,101.2300034,101.2799988,102.3099976,101.1100006,1855900.0,99.1640396
2020-09-29 00:00:00,99.1699982,101.4100037,101.7799988,96.9000015,4536100.0,97.1460876
2020-09-30 00:00:00,100.0500031,99.5400009,101.1500015,99.1699982,2344600.0,98.0081329
2020-10-01 00:00:00,101.4300003,101.0899963,102.1100006,100.5299988,2239200.0,99.3599625
2020-10-02 00:00:00,101.3399963,100.2300034,101.8499985,100.1900024,1925400.0,99.2717972
2020-10-05 00:00:00,101.8099976,101.7799988,102.0699997,100.7699966,1635700.0,99.7322006
2020-10-06 00:00:00,101.0100021,102.4899979,102.4899979,100.5999985,2470300.0,98.9485321
2020-10-07 00:00:00,100.8499985,101.4800034,102.1600037,100.2900009,2383200.0,98.7917938
2020-10-08 00:00:00,101.4400024,101.2900009,102.2699966,100.9400024,2251500.0,99.369751
2020-10-09 00:00:00,101.3899994,101.9700012,102.2900009,101.1600037,1910900.0,99.3207779
2020-10-12 00:00:00,102.9599991,101.6800003,103.1100006,101.5500031,3357400.0,100.8587341
2020-10-13 00:00:00,102.6500015,103.0,103.8799973,101.9800034,3454100.0,100.555069
2020-10-14 00:00:00,102.3099976,102.8700027,103.4499969,101.5999985,2602900.0,100.2220078
2020-10-15 00:00:00,102.0699997,101.2300034,102.25,100.9000015,2144700.0,99.9869003
2020-10-16 00:00:00,101.3000031,102.4700012,102.6299973,101.1699982,2410600.0,99.2326126
2020-10-19 00:00:00,98.4499969,101.6500015,101.6699982,98.3199997,2806000.0,96.4407806
2020-10-20 00:00:00,99.9499969,98.9400024,100.9700012,98.8399963,2026500.0,97.9101639
2020-10-21 00:00:00,99.4700012,99.8199997,100.7600021,99.0699997,1847900.0,97.4399567
2020-10-22 00:00:00,99.3600006,99.5999985,100.2099991,99.1200027,1973800.0,97.3321991
2020-10-23 00:00:00,98.9499969,100.0,100.0800018,98.75,2039900.0,96.9305725
2020-10-26 00:00:00,97.7600021,98.0500031,98.25,97.1800003,2552100.0,95.7648697
2020-10-27 00:00:00,97.5599976,97.9599991,98.6399994,97.4800034,1922700.0,95.5689468
2020-10-28 00:00:00,93.7699966,95.8499985,96.1100006,93.6399994,3170400.0,91.8562851
2020-10-29 00:00:00,95.6999969,93.3600006,96.3300018,92.4100037,3823000.0,93.7469025
2020-10-30 00:00:00,94.4000015,94.9499969,95.8700027,93.3600006,3520600.0,92.4734344
2020-11-02 00:00:00,94.6600037,95.8700027,97.3399963,93.9700012,3016600.0,92.7281265
2020-11-03 00:00:00,96.0599976,95.9599991,97.8600006,95.3000031,2251200.0,94.0995483
2020-11-04 00:00:00,98.3600006,97.5299988,100.6299973,96.5699997,2989700.0,96.3526077
2020-11-05 00:00:00,100.9599991,101.9100037,102.3300018,100.4400024,6270000.0,98.899559
2020-11-06 00:00:00,100.6600037,101.1900024,101.4899979,98.5699997,2542300.0,98.6056671
2020-11-09 00:00:00,98.2200012,105.0400009,105.0400009,97.9000015,5231500.0,96.2154694
2020-11-10 00:00:00,98.0,98.0199966,98.3099976,96.1399994,3570100.0,95.9999771
2020-11-11 00:00:00,99.9800034,99.0800018,100.8600006,99.0699997,2352600.0,97.9395599
2020-11-12 00:00:00,98.3099976,99.7799988,99.7799988,97.5800018,2104200.0,96.303627
2020-11-13 00:00:00,99.3499985,98.7200012,99.6800003,98.4000015,1446000.0,97.3224106
2020-11-16 00:00:00,99.7099991,100.1399994,100.3600006,98.9000015,1996700.0,97.6750641
2020-11-17 00:00:00,100.0299988,99.2900009,100.4700012,98.75,2056500.0,97.988533
2020-11-18 00:00:00,99.4599991,99.8799973,100.6800003,99.2200012,1954300.0,97.4301605
2020-11-19 00:00:00,100.9000015,101.0,101.7600021,99.5199966,2278900.0,98.8407745
2020-11-20 00:00:00,101.0599976,100.8899994,101.7900009,100.8899994,3639400.0,98.9975128
2020-11-23 00:00:00,102.3600006,101.5,103.1500015,101.2699966,2131300.0,100.2709808
2020-11-24 00:00:00,103.0699997,102.6100006,103.9599991,102.0999985,2470400.0,100.9664917
2020-11-25 00:00:00,103.9300003,103.4499969,104.1299973,102.5,1930100.0,101.8089371
2020-11-27 00:00:00,104.9899979,104.1299973,105.0299988,103.9499969,1593300.0,102.8473053
2020-11-30 00:00:00,105.5100021,104.9700012,105.6500015,104.5500031,4146500.0,103.3566971
2020-12-01 00:00:00,107.1600037,106.2099991,107.3700027,105.6399994,4498900.0,104.9730072
2020-12-02 00:00:00,106.5599976,106.8399963,107.2099991,105.6500015,2627300.0,104.3852692
2020-12-03 00:00:00,107.4599991,106.3899994,108.0400009,105.7600021,4226400.0,105.2668915
2020-12-04 00:00:00,109.2300034,108.0299988,109.8499985,108.0299988,2376200.0,107.0007782
2020-12-07 00:00:00,110.2799988,109.1800003,110.6100006,109.0400009,2293600.0,108.0293503
2020-12-08 00:00:00,110.0599976,110.0100021,110.4000015,109.1999969,2451100.0,107.8138351
2020-12-09 00:00:00,110.1699982,109.8399963,110.7099991,109.0500031,2217300.0,107.9215927
2020-12-10 00:00:00,109.2399979,109.7799988,110.3799973,108.8199997,2193800.0,107.0105667
2020-12-11 00:00:00,108.8199997,108.8099976,109.7200012,108.1200027,1985300.0,106.599144
2020-12-14 00:00:00,107.7099991,109.4400024,110.1900024,107.6600037,1984500.0,105.511795
2020-12-15 00:00:00,110.9800034,108.4300003,111.0500031,108.0500031,3565700.0,109.0187073
2020-12-16 00:00:00,111.3099976,111.2799988,112.2799988,110.6999969,2559400.0,109.342865
2020-12-17 00:00:00,112.7900009,111.9899979,113.0100021,111.5599976,2640400.0,110.7967148
2020-12-18 00:00:00,112.8300018,112.6500015,113.3399963,111.8499985,4366200.0,110.8360214
2020-12-21 00:00:00,112.5400009,112.0999985,112.9100037,110.5299988,2256500.0,110.5511398
2020-12-22 00:00:00,113.1600037,112.5500031,113.3099976,112.0999985,1924500.0,111.1601944
2020-12-23 00:00:00,112.1800003,113.5999985,114.2900009,112.1100006,1185900.0,110.1975021
2020-12-24 00:00:00,112.6900024,111.9599991,112.9499969,111.8099976,511200.0,110.6984863
2020-12-28 00:00:00,113.5899963,113.5599976,113.7099991,112.6299973,1303500.0,111.5825806
2020-12-29 00:00:00,112.9000015,114.1299973,114.1299973,112.8399963,1427600.0,110.9047775
2020-12-30 00:00:00,113.1500015,113.4300003,113.6200027,112.8700027,1080300.0,111.1503525
2020-12-31 00:00:00,115.2900009,113.2399979,115.4000015,113.0100021,1474300.0,113.2525406
2021-01-04 00:00:00,113.3000031,115.9000015,116.25,112.3700027,2726500.0,111.2977066
2021-01-05 00:00:00,113.5400009,113.0,113.8099976,112.9499969,2286200.0,111.5334702
2021-01-06 00:00:00,115.7399979,113.8000031,116.5699997,112.7600021,2581600.0,113.6945801
2021-01-07 00:00:00,115.8099976,115.3499985,116.3000031,114.8899994,2357800.0,113.7633438
2021-01-08 00:00:00,117.6299973,116.4899979,118.0800018,116.0899963,2405600.0,115.5511932
2021-01-11 00:00:00,117.6500015,117.1800003,118.8099976,116.8600006,1857300.0,115.5708389
2021-01-12 00:00:00,117.8600006,118.4599991,119.0199966,117.2300034,2775200.0,115.7771149
2021-01-13 00:00:00,117.8399963,117.6699982,118.4700012,117.6100006,2394500.0,115.7574692
2021-01-14 00:00:00,115.6200027,117.4100037,117.6200027,114.9000015,2626300.0,113.5767136
2021-01-15 00:00:00,115.1900024,115.0100021,115.6200027,114.5999985,2586600.0,113.1543121
2021-01-19 00:00:00,114.8799973,115.4400024,115.8399963,114.2099991,2980300.0,112.8497772
2021-01-20 00:00:00,114.6900024,115.4599991,115.4599991,113.5199966,2260300.0,112.6631393
2021-01-21 00:00:00,112.9199982,114.5400009,114.75,112.8300018,1505100.0,110.9244232
2021-01-22 00:00:00,111.9199982,112.5299988,112.9400024,111.5800018,1926200.0,109.9421005
2021-01-25 00:00:00,112.4599991,111.9300003,113.0899963,111.75,2811200.0,110.4725418
2021-01-26 00:00:00,112.6500015,112.7300034,113.1800003,111.8499985,1564900.0,110.6591797
2021-01-27 00:00:00,109.3499985,111.9000015,112.4000015,108.9499969,2410500.0,107.4175034
2021-01-28 00:00:00,112.6100006,109.7900009,114.5999985,109.0999985,2859700.0,110.6198959
2021-01-29 00:00:00,110.3499985,111.5699997,111.8700027,109.2200012,2791300.0,108.399826
2021-02-01 00:00:00,113.4100037,111.5400009,113.8600006,111.1200027,2557900.0,111.4057693
2021-02-02 00:00:00,116.7799988,114.0800018,117.5999985,113.9700012,2429000.0,114.7162018
2021-02-03 00:00:00,115.3000031,116.6399994,117.25,115.3000031,2079800.0,113.2623596
2021-02-04 00:00:00,114.5500031,116.9300003,117.0500031,114.0899963,2856800.0,112.5256119
2021-02-05 00:00:00,114.1900024,115.0,115.1500015,111.7399979,3430200.0,112.1719818
2021-02-08 00:00:00,113.4599991,114.4800034,114.5800018,113.1500015,2511300.0,111.4548721
2021-02-09 00:00:00,113.2600021,113.4199982,113.9599991,113.0999985,2091600.0,111.2584152
2021-02-10 00:00:00,111.6600037,113.6100006,114.0599976,110.5500031,2580500.0,109.6866837
2021-02-11 00:00:00,111.3000031,112.2699966,112.2699966,110.1100006,2274800.0,109.3330536
2021-02-12 00:00:00,111.0699997,111.0899963,111.4899979,110.3099976,1681500.0,109.1071167
2021-02-16 00:00:00,112.4199982,112.0599976,112.5699997,110.6699982,2708600.0,110.4332657
2021-02-17 00:00:00,112.7799988,112.0699997,112.9499969,111.1999969,2730200.0,110.7868958
2021-02-18 00:00:00,113.8600006,112.6399994,114.1999969,112.2900009,1938200.0,111.8478088
2021-02-19 00:00:00,113.3499985,114.1600037,114.4899979,113.0299988,3279700.0,111.346817
2021-02-22 00:00:00,111.7200012,112.4599991,112.7699966,110.6500015,2294600.0,109.745636
2021-02-23 00:00:00,111.4199982,111.3000031,111.5599976,109.0999985,3627300.0,109.4509354
2021-02-24 00:00:00,111.4599991,111.3899994,111.9300003,110.0899963,2581400.0,109.4902191
2021-02-25 00:00:00,112.0,110.9300003,113.5899963,110.9300003,3470600.0,110.0206757
2021-02-26 00:00:00,110.3099976,112.6100006,112.9899979,110.1399994,3260400.0,108.3605347
2021-03-01 00:00:00,113.7399979,111.1200027,114.2600021,110.9800034,2297900.0,111.7299347
2021-03-02 00:00:00,113.6200027,113.7699966,114.9700012,113.0800018,1872400.0,111.6120605
2021-03-03 00:00:00,111.6399994,113.0,113.3399963,111.5400009,3542600.0,109.6670456
2021-03-04 00:00:00,111.1299973,111.3300018,113.4700012,110.0199966,3317600.0,109.1660614
2021-03-05 00:00:00,114.9700012,112.0400009,115.4400024,110.5999985,3007500.0,112.9382019
2021-03-08 00:00:00,113.7399979,115.0,116.0599976,113.6100006,2741100.0,111.7299347
2021-03-09 00:00:00,114.4100037,114.0699997,116.7699966,114.0100021,2786600.0,112.3880997
2021-03-10 00:00:00,115.5800018,115.1399994,116.0999985,114.6299973,2116600.0,113.5374146
2021-03-11 00:00:00,115.1999969,115.8799973,116.2200012,114.8899994,1882500.0,113.1641235
2021-03-12 00:00:00,115.3199997,115.5,115.7699966,114.75,1485300.0,113.2820053
2021-03-15 00:00:00,115.6600037,115.3700027,116.0,114.6200027,1756500.0,113.6160049
2021-03-16 00:00:00,114.6600037,115.6900024,116.0800018,114.3899994,1436700.0,112.9559631
2021-03-17 00:00:00,113.6999969,115.2399979,115.2399979,113.3799973,2027400.0,112.0102234
2021-03-18 00:00:00,111.6399994,113.5699997,113.6800003,111.5599976,2876100.0,109.9808426
2021-03-19 00:00:00,111.1999969,111.4400024,112.5199966,110.8000031,3531400.0,109.5473785
2021-03-22 00:00:00,111.5500031,110.8700027,112.1900024,110.2300034,1782900.0,109.8921814
2021-03-23 00:00:00,111.6500015,111.4499969,112.5199966,111.2099991,1948800.0,109.9906845
2021-03-24 00:00:00,112.6100006,111.6900024,113.2200012,111.1299973,1984200.0,110.9364166
2021-03-25 00:00:00,112.2799988,112.7200012,112.7200012,111.5,2053300.0,110.6113281
2021-03-26 00:00:00,113.6399994,112.6699982,113.7200012,111.7799988,1839700.0,111.9511185
2021-03-29 00:00:00,113.2799988,113.1999969,113.7600021,111.7099991,1966500.0,111.5964737
2021-03-30 00:00:00,111.2300034,112.5699997,113.0199966,110.9700012,1874800.0,109.5769424
2021-03-31 00:00:00,111.6800003,110.9400024,112.8399963,110.9400024,2210500.0,110.0202408
2021-04-01 00:00:00,114.1999969,112.4300003,114.2099991,111.9300003,1956000.0,112.5027847
2021-04-05 00:00:00,115.1100006,114.8600006,115.4300003,114.1900024,1508800.0,113.3992691
2021-04-06 00:00:00,113.9100037,115.0299988,115.2300034,113.7300034,2196300.0,112.2171097
2021-04-07 00:00:00,114.75,114.1100006,114.8799973,113.6399994,2436100.0,113.0446243
2021-04-08 00:00:00,116.0400009,115.5699997,116.1999969,115.0599976,2644900.0,114.3154449
2021-04-09 00:00:00,117.1699982,116.5199966,117.2799988,115.9700012,1657600.0,115.4286575
2021-04-12 00:00:00,117.7099991,116.8399963,117.8899994,116.6600037,2070800.0,115.9606323
2021-04-13 00:00:00,118.7200012,117.5800018,119.2399979,117.25,1690400.0,116.9556274
2021-04-14 00:00:00,118.1900024,118.6999969,119.9300003,117.9599991,1773700.0,116.4334946
2021-04-15 00:00:00,119.8600006,118.6399994,119.8799973,118.5999985,2091600.0,118.0786743
2021-04-16 00:00:00,120.7300034,120.4000015,121.0800018,119.5599976,2414400.0,118.9357529
2021-04-19 00:00:00,119.7399979,120.3799973,120.5400009,118.9599991,2085300.0,117.9604492
2021-04-20 00:00:00,119.7600021,119.7799988,120.5,119.3399963,2693600.0,117.9801636
2021-04-21 00:00:00,119.5299988,120.2300034,120.8600006,119.1299973,1908400.0,117.7535782
2021-04-22 00:00:00,119.8399963,119.0500031,120.7900009,118.8899994,1645100.0,118.0589752
2021-04-23 00:00:00,121.2699966,120.3499985,121.9700012,120.0,1375500.0,119.46772
2021-04-26 00:00:00,120.8600006,121.4300003,121.9000015,120.7799988,1156700.0,119.0638123
2021-04-27 00:00:00,121.2300034,120.6800003,121.3899994,120.2600021,1662400.0,119.4283142
2021-04-28 00:00:00,119.0699997,121.4800034,121.5100021,118.5,2618900.0,117.3004227
2021-04-29 00:00:00,117.6800003,118.9400024,119.0,115.9100037,3624100.0,115.9310684
2021-04-30 00:00:00,117.7099991,117.0999985,117.7099991,115.4599991,3183300.0,115.9606323
2021-05-03 00:00:00,115.4599991,117.7699966,118.1600037,115.0699997,2672000.0,113.744072
2021-05-04 00:00:00,114.5400009,114.6500015,114.7799988,113.2799988,3270400.0,112.837738
2021-05-05 00:00:00,114.7200012,115.0699997,115.8799973,114.1100006,2558100.0,113.0150604
2021-05-06 00:00:00,113.6200027,114.9899979,115.0500031,113.0500031,2269000.0,111.9314194
2021-05-07 00:00:00,114.8099976,114.1200027,115.5199966,113.6999969,2240600.0,113.1037292
2021-05-10 00:00:00,114.2799988,114.6399994,115.9300003,114.1399994,1743100.0,112.581604
2021-05-11 00:00:00,113.0699997,113.2900009,113.8499985,112.0199966,1904800.0,111.3895874
2021-05-12 00:00:00,111.4599991,112.9700012,113.9899979,111.3899994,2599600.0,109.8035126
2021-05-13 00:00:00,112.1699982,112.3499985,113.4100037,111.8700027,2753600.0,110.5029602
2021-05-14 00:00:00,113.2600021,112.7099991,113.7399979,112.1100006,2163400.0,111.5767746
2021-05-17 00:00:00,112.4700012,113.4899979,113.6600037,111.9300003,1537900.0,110.7985153
2021-05-18 00:00:00,110.7600021,112.2399979,112.4000015,110.6600037,2186700.0,109.1139221
2021-05-19 00:00:00,110.7399979,110.0,110.9899979,109.0400009,3252700.0,109.0942154
2021-05-20 00:00:00,111.9599991,110.9400024,112.8199997,110.6600037,3039100.0,110.2960815
2021-05-21 00:00:00,113.1600037,112.3600006,113.6900024,112.3499985,2578900.0,111.4782639
2021-05-24 00:00:00,112.9700012,113.6600037,114.3799973,112.6999969,2218300.0,111.2910767
2021-05-25 00:00:00,112.3799973,113.2699966,113.4300003,112.1100006,1591200.0,110.7098389
2021-05-26 00:00:00,112.3700027,113.0899963,113.8099976,111.9599991,2508800.0,110.6999969
2021-05-27 00:00:00,112.0199966,112.8199997,112.9899979,111.9700012,3545800.0,110.3551865
2021-05-28 00:00:00,112.8799973,112.4199982,113.1399994,112.0699997,3193400.0,111.2024078
2021-06-01 00:00:00,109.8099976,113.8600006,114.0,109.5999985,3792500.0,108.1780396
2021-06-02 00:00:00,111.75,110.0599976,111.9400024,110.0599976,3261900.0,110.0891953
2021-06-03 00:00:00,111.5999985,111.4800034,112.5500031,110.7600021,2508300.0,109.9414368
2021-06-04 00:00:00,112.1800003,111.9599991,112.5599976,111.4199982,2367800.0,110.5128098
2021-06-07 00:00:00,110.4000015,112.2300034,112.2300034,110.1800003,1910900.0,108.7592697
2021-06-08 00:00:00,111.0800018,110.5800018,111.4199982,110.0199966,2520500.0,109.4291687
2021-06-09 00:00:00,110.8499985,111.1500015,111.7200012,110.7399979,2018700.0,109.2025757
2021-06-10 00:00:00,111.7200012,110.7900009,111.9499969,110.7399979,2848600.0,110.0596619
2021-06-11 00:00:00,112.6699982,112.0999985,113.1500015,112.0999985,3121900.0,110.9955368
2021-06-14 00:00:00,113.8399963,112.6999969,113.9199982,112.2399979,4195900.0,112.1481476
2021-06-15 00:00:00,114.0400009,113.8899994,114.6800003,113.2300034,2554100.0,112.6717987
2021-06-16 00:00:00,113.8399963,114.4899979,114.9000015,113.4100037,3245400.0,112.4741821
2021-06-17 00:00:00,114.0199966,113.8000031,114.4199982,113.0100021,2813700.0,112.6520233
2021-06-18 00:00:00,112.7600021,113.5999985,113.6800003,112.3300018,7058400.0,111.4071426
2021-06-21 00:00:00,113.6999969,113.1200027,114.2200012,112.1999969,3099500.0,112.3358612
2021-06-22 00:00:00,114.4499969,113.6500015,114.8000031,113.5400009,2329400.0,113.0768661
2021-06-23 00:00:00,116.6399994,116.4599991,117.1399994,115.6399994,3183700.0,115.240593
2021-06-24 00:00:00,118.0899963,116.8700027,118.1100006,116.5599976,3062300.0,116.6731873
2021-06-25 00:00:00,119.3199997,118.6699982,119.4700012,118.3099976,5260500.0,117.8884354
2021-06-28 00:00:00,118.7900009,119.2300034,119.6600037,117.8099976,3159600.0,117.3648071
2021-06-29 00:00:00,118.7600021,119.0800018,119.4499969,118.4899979,1579800.0,117.3351593
2021-06-30 00:00:00,118.6999969,118.6600037,118.9100037,118.2600021,1750800.0,117.2758713
2021-07-01 00:00:00,118.8399963,118.9100037,119.2799988,118.6800003,1962000.0,117.4141998
2021-07-02 00:00:00,118.8300018,119.1200027,119.1500015,118.5400009,1350400.0,117.4043198
2021-07-06 00:00:00,117.9800034,119.0599976,119.1900024,117.1900024,2200800.0,116.5645142
2021-07-07 00:00:00,118.0,118.7900009,119.1100006,117.6900024,2201900.0,116.5842743
2021-07-08 00:00:00,118.0599976,116.8499985,118.2300034,116.5100021,2177100.0,116.6435623
2021-07-09 00:00:00,118.9700012,118.0800018,119.0,117.9499969,1611300.0,117.5426407
2021-07-12 00:00:00,119.0599976,118.9899979,119.3499985,118.5699997,2302200.0,117.6315536
2021-07-13 00:00:00,118.6900024,119.0400009,119.3000031,118.4199982,1359400.0,117.2659988
2021-07-14 00:00:00,118.1800003,118.3000031,118.6900024,117.4700012,2922100.0,116.7621155
2021-07-15 00:00:00,117.9899979,117.6200027,118.4199982,117.5,1607200.0,116.5743942
2021-07-16 00:00:00,118.0599976,118.3600006,118.8399963,117.7399979,1435200.0,116.6435623
2021-07-19 00:00:00,117.3600006,117.2399979,118.4000015,116.6200027,3704600.0,115.9519577
2021-07-20 00:00:00,119.1399994,117.5500031,119.6600037,117.4100037,2180800.0,117.7106094
2021-07-21 00:00:00,120.2300034,119.5,120.8300018,119.3600006,1541700.0,118.787529
2021-07-22 00:00:00,120.3700027,120.5999985,120.6500015,119.6299973,1541700.0,118.9258499
2021-07-23 00:00:00,121.3600006,120.5400009,121.5999985,120.3899994,1347100.0,119.9039688
2021-07-26 00:00:00,120.4300003,121.1500015,121.1800003,119.7900009,1283500.0,118.9851303
2021-07-27 00:00:00,121.0500031,120.2799988,121.8399963,119.8600006,1941900.0,119.5976868
2021-07-28 00:00:00,121.3199997,121.3799973,121.8099976,120.5500031,1672400.0,119.8644333
2021-07-29 00:00:00,120.8199997,119.8199997,122.4199982,119.75,3461600.0,119.3704376
2021-07-30 00:00:00,119.8300018,119.7300034,121.3899994,119.6100006,2381300.0,118.3923264
2021-08-02 00:00:00,119.4300003,120.25,120.6200027,119.2399979,1993200.0,117.9971237
2021-08-03 00:00:00,119.1200027,119.1500015,119.5599976,117.5599976,2256200.0,117.6908417
2021-08-04 00:00:00,119.5299988,119.0899963,119.7900009,118.5,1459000.0,118.0959244
2021-08-05 00:00:00,119.4199982,119.9300003,119.9800034,118.5699997,1600200.0,117.9872437
2021-08-06 00:00:00,120.0,119.8899994,120.2300034,119.4800034,1505700.0,118.5602875
2021-08-09 00:00:00,119.9700012,120.1800003,120.5199966,119.2600021,1412900.0,118.5306396
2021-08-10 00:00:00,119.5899963,120.2200012,120.2200012,118.75,1776400.0,118.1551971
2021-08-11 00:00:00,118.7200012,119.9700012,120.0899963,118.5100021,1600500.0,117.295639
2021-08-12 00:00:00,118.0400009,118.4599991,118.4599991,117.25,1733200.0,116.6237946
2021-08-13 00:00:00,116.8799973,118.0,118.1200027,116.6600037,1356500.0,115.4777145
2021-08-16 00:00:00,118.0400009,116.4400024,118.0999985,115.9499969,1505600.0,116.6237946
2021-08-17 00:00:00,117.6100006,117.6200027,118.3099976,117.0899963,1673700.0,116.1989594
2021-08-18 00:00:00,115.3899994,117.7699966,117.8600006,115.3099976,2444800.0,114.0055923
2021-08-19 00:00:00,116.3799973,114.2799988,116.7799988,114.0199966,2061300.0,114.9837112
2021-08-20 00:00:00,117.1500015,116.7200012,117.9199982,116.1900024,1982400.0,115.7444687
2021-08-23 00:00:00,118.0699997,117.7099991,118.7200012,117.5299988,1504200.0,116.6534348
2021-08-24 00:00:00,117.4000015,118.3000031,118.3899994,117.1200027,989900.0,115.9914703
2021-08-25 00:00:00,117.3000031,117.6100006,117.9100037,117.1999969,1037000.0,115.8926697
2021-08-26 00:00:00,117.5500031,117.4800034,117.7799988,117.1399994,1509100.0,116.139679
2021-08-27 00:00:00,118.4100037,117.7699966,118.5699997,117.5500031,1598500.0,116.9893646
2021-08-30 00:00:00,119.3600006,118.6999969,120.0800018,118.4199982,1374400.0,117.9279633
2021-08-31 00:00:00,119.5299988,119.5500031,119.9400024,119.1999969,2399700.0,118.0959244
2021-09-01 00:00:00,120.6200027,119.7300034,120.9499969,118.9499969,1398900.0,119.1728439
2021-09-02 00:00:00,120.7300034,120.9400024,121.5,120.0100021,1376800.0,119.2815247
2021-09-03 00:00:00,121.1299973,120.4599991,121.6800003,120.4599991,1874700.0,119.6767273
2021-09-07 00:00:00,118.7399979,121.0100021,121.0100021,118.4000015,2929300.0,117.3153992
2021-09-08 00:00:00,119.7399979,118.6299973,119.9300003,118.25,2516500.0,118.3033905
2021-09-09 00:00:00,119.4499969,119.9000015,120.8099976,119.4100037,2099700.0,118.0168762
2021-09-10 00:00:00,118.8399963,120.0,120.0,118.7200012,1893800.0,117.4141998
2021-09-13 00:00:00,118.5500031,119.6699982,120.5999985,117.3199997,2654700.0,117.1276779
2021-09-14 00:00:00,119.2600021,118.9499969,119.3300018,118.5100021,1926400.0,117.8291626
2021-09-15 00:00:00,118.7600021,119.1299973,119.7200012,118.3799973,3189400.0,117.6607437
2021-09-16 00:00:00,118.9300003,118.7300034,119.2699966,118.2900009,2049900.0,117.8291626
2021-09-17 00:00:00,117.6999969,118.4700012,118.7399979,117.2900009,4100800.0,116.6105423
2021-09-20 00:00:00,116.8300018,116.4599991,117.5400009,115.6200027,2783800.0,115.7486038
2021-09-21 00:00:00,116.7399979,117.0100021,117.9800034,116.5,2644100.0,115.6594315
2021-09-22 00:00:00,116.9100037,117.2900009,117.5299988,116.4700012,2726100.0,115.827858
2021-09-23 00:00:00,118.9100037,117.4400024,119.25,117.3000031,2087500.0,117.8093567
2021-09-24 00:00:00,119.7399979,118.6500015,119.9100037,118.3700027,1796300.0,118.6316605
2021-09-27 00:00:00,118.6399994,119.9199982,119.9199982,117.8700027,2733800.0,117.5418472
2021-09-28 00:00:00,116.5500031,118.0,118.2900009,115.6699982,2758900.0,115.4711914
2021-09-29 00:00:00,116.9000015,117.0,118.3000031,116.7699966,2446800.0,115.817955
2021-09-30 00:00:00,114.8199997,117.2200012,117.6900024,114.7399979,2452500.0,113.7572021
2021-10-01 00:00:00,115.4000015,115.4100037,116.1900024,113.9000015,2465500.0,114.3318405
2021-10-04 00:00:00,114.6999969,115.2300034,116.2200012,113.9300003,2472500.0,113.6383057
2021-10-05 00:00:00,118.0800018,115.5899963,118.5,115.2300034,2569500.0,116.98703
2021-10-06 00:00:00,122.6200027,117.8399963,122.6800003,117.6200027,4649300.0,121.4850082
2021-10-07 00:00:00,126.4000015,123.6999969,127.0599976,123.5999985,3649200.0,125.2300262
2021-10-08 00:00:00,128.1000061,126.7399979,128.2299957,126.0100021,2124000.0,126.9142914
2021-10-11 00:00:00,127.5699997,128.1600037,129.3800049,127.3000031,2260900.0,126.3891907
2021-10-12 00:00:00,127.5400009,127.9300003,128.7700043,127.2399979,2012000.0,126.3594666
2021-10-13 00:00:00,128.3500061,128.0399933,128.6100006,126.6299973,1931000.0,127.1619797
2021-10-14 00:00:00,128.75,129.4900055,129.6699982,128.5200043,2210900.0,127.5582581
2021-10-15 00:00:00,129.3899994,129.8099976,129.8099976,128.4299927,2376100.0,128.192337
2021-10-18 00:00:00,130.3000031,131.0,131.3600006,129.3500061,2112100.0,129.0939331
2021-10-19 00:00:00,130.9100037,130.5599976,131.1600037,130.2599945,1419100.0,129.6982727
2021-10-20 00:00:00,130.2200012,131.3500061,131.7400055,129.8200073,1400600.0,129.0146637
2021-10-21 00:00:00,129.6100006,130.25,130.5599976,129.2400055,1758900.0,128.4103241
2021-10-22 00:00:00,131.6000061,129.75,131.8600006,129.7400055,1575800.0,130.3818817
2021-10-25 00:00:00,133.0399933,131.8500061,133.2299957,131.3099976,1532200.0,131.808548
2021-10-26 00:00:00,133.7200012,134.0800018,135.8200073,133.6799927,2401300.0,132.4822693
2021-10-27 00:00:00,132.9600067,133.3300018,134.7100067,132.8200073,2203400.0,131.7292938
2021-10-28 00:00:00,135.4900055,133.1300049,138.0,133.1300049,3167000.0,134.2359009
2021-10-29 00:00:00,138.4600067,135.0899963,138.8200073,135.0500031,2588800.0,137.1784058
2021-11-01 00:00:00,137.1300049,138.8699951,139.3300018,136.9499969,1859100.0,135.8607025
2021-11-02 00:00:00,138.8099976,137.3999939,139.7899933,137.3500061,2522100.0,137.5251465
2021-11-03 00:00:00,137.1900024,138.3000031,138.9700012,136.1000061,2166900.0,135.920166
2021-11-04 00:00:00,136.5200043,137.4900055,138.3200073,136.0299988,3529100.0,135.2563477
2021-11-05 00:00:00,136.0800018,137.1900024,137.9900055,135.6399994,2482700.0,134.8204193
2021-11-08 00:00:00,135.75,136.4299927,136.7700043,135.1399994,2434300.0,134.4934692
2021-11-09 00:00:00,135.4799957,135.5399933,135.9700012,134.9199982,2365800.0,134.2259521
2021-11-10 00:00:00,134.2100067,135.0800018,135.5500031,133.7799988,2056200.0,132.9677277
2021-11-11 00:00:00,134.0,134.0,134.6600037,133.5399933,1498700.0,132.7596741
2021-11-12 00:00:00,135.2899933,134.6000061,135.3999939,134.0700073,3116100.0,134.037735
2021-11-15 00:00:00,135.2899933,135.6699982,136.1499939,134.8300018,1367200.0,134.037735
2021-11-16 00:00:00,136.0700073,135.4799957,136.8000031,135.3600006,1744000.0,134.8105316
2021-11-17 00:00:00,136.2700043,135.7299957,136.5099945,134.7799988,1979400.0,135.008667
2021-11-18 00:00:00,135.3699951,136.7799988,136.8600006,135.3399963,1686300.0,134.1169739
2021-11-19 00:00:00,133.3000031,135.2700043,135.3200073,133.2400055,2477200.0,132.0661469
2021-11-22 00:00:00,132.9799957,133.6600037,134.7799988,132.7799988,1888400.0,131.7490997
2021-11-23 00:00:00,132.0500031,132.4499969,132.8899994,130.9100037,2324900.0,130.8277283
2021-11-24 00:00:00,132.2700043,132.1100006,132.5899963,131.3200073,2007700.0,131.0456848
2021-11-26 00:00:00,129.6799927,131.1600037,132.2100067,129.2400055,1539100.0,128.4796448
2021-11-29 00:00:00,131.8999939,130.7200012,132.6100006,130.5099945,2275100.0,130.6790924
2021-11-30 00:00:00,130.7200012,130.8200073,132.5700073,130.2799988,4043600.0,129.510025
2021-12-01 00:00:00,129.0200043,132.1000061,132.9600067,128.9600067,2845400.0,127.8257675
2021-12-02 00:00:00,131.2200012,129.4600067,132.5399933,129.0800018,2648800.0,130.0054169
2021-12-03 00:00:00,130.1900024,131.75,132.0399933,128.5399933,2604600.0,128.9849396
2021-12-06 00:00:00,130.8600006,131.6000061,131.7899933,130.2599945,1889100.0,129.6487427
2021-12-07 00:00:00,134.0099945,132.3899994,134.2799988,131.9400024,3090900.0,132.7695618
2021-12-08 00:00:00,135.5599976,134.2700043,135.9299927,133.75,1807400.0,134.3052368
2021-12-09 00:00:00,134.6000061,134.9799957,135.4199982,133.8699951,2095500.0,133.354126
2021-12-10 00:00:00,135.5399933,135.1999969,135.9799957,134.3300018,1742500.0,134.2854156
2021-12-13 00:00:00,135.5800018,135.5899963,136.1799927,135.0099945,2716300.0,134.3250427
2021-12-14 00:00:00,133.8099976,134.8200073,135.0,131.9199982,2806100.0,132.5714264
2021-12-15 00:00:00,135.1199951,134.0800018,135.2599945,133.0399933,1692300.0,133.8693085
2021-12-16 00:00:00,135.9900055,135.4400024,136.7299957,135.0299988,2603100.0,135.0611115
2021-12-17 00:00:00,133.3800049,135.5800018,135.6199951,133.1999969,4208000.0,132.4689484
2021-12-20 00:00:00,132.5599976,132.1699982,132.7700043,130.8899994,1516400.0,131.654541
2021-12-21 00:00:00,134.0599976,133.3800049,134.2599945,132.5599976,1713500.0,133.1442871
2021-12-22 00:00:00,135.2400055,133.8999939,135.3399963,133.3699951,1083500.0,134.3162384
2021-12-23 00:00:00,135.8399963,135.6000061,136.6199951,135.3600006,1212300.0,134.9121399
2021-12-27 00:00:00,137.75,135.8500061,137.8300018,135.8500061,852800.0,136.809082
2021-12-28 00:00:00,137.6300049,137.8000031,138.2400055,137.4100037,1033500.0,136.6899109
2021-12-29 00:00:00,137.2400055,137.9600067,138.4600067,137.1300049,946100.0,136.3025818
2021-12-30 00:00:00,136.7799988,137.3800049,137.9900055,136.6799927,758000.0,135.8457184
2021-12-31 00:00:00,136.7700043,136.4799957,137.4299927,136.4799957,856900.0,135.8357849
2022-01-03 00:00:00,133.9499969,136.5299988,136.6999969,133.1799927,1792000.0,133.0350494
2022-01-04 00:00:00,134.0700073,134.2200012,134.8099976,132.6300049,1857200.0,133.1542358
2022-01-05 00:00:00,132.3899994,134.3300018,134.8399963,132.3000031,1846800.0,131.4857025
2022-01-06 00:00:00,133.1600037,132.6600037,133.4100037,131.3899994,2205700.0,132.2504425
2022-01-07 00:00:00,133.25,133.2400055,133.8300018,131.5399933,1962200.0,132.3398285
2022-01-10 00:00:00,131.5,132.2599945,132.7299957,130.4499969,2510200.0,130.6017761
2022-01-11 00:00:00,131.9499969,131.5299988,132.0599976,129.2899933,2479700.0,131.0487061
2022-01-12 00:00:00,133.4799957,132.2299957,133.8999939,132.0099945,2156300.0,132.5682526
2022-01-13 00:00:00,129.5599976,133.8800049,134.1100006,129.2299957,1893800.0,128.6750183
2022-01-14 00:00:00,126.5999985,128.5800018,128.6399994,125.6299973,3628600.0,125.7352448
2022-01-18 00:00:00,126.3799973,125.5599976,127.0100021,124.2600021,3195400.0,125.5167465
2022-01-19 00:00:00,125.8099976,126.8700027,128.3099976,125.8099976,2549700.0,124.9506378
2022-01-20 00:00:00,126.1200027,126.4800034,128.0299988,125.8600006,2744800.0,125.2585297
2022-01-21 00:00:00,125.6399994,126.1999969,127.4400024,125.4000015,4442300.0,124.7818069
2022-01-24 00:00:00,125.3199997,123.5999985,125.9499969,121.1299973,4011800.0,124.4639969
2022-01-25 00:00:00,123.9499969,123.7300034,124.9499969,121.7300034,3164500.0,123.1033478
2022-01-26 00:00:00,122.1500015,125.3399963,125.75,120.9700012,3084000.0,121.3156509
2022-01-27 00:00:00,122.4000015,123.4199982,125.2099991,121.5299988,3255200.0,121.5639343
2022-01-28 00:00:00,124.3499985,122.4599991,124.5400009,120.5800018,3736100.0,123.500618
2022-01-31 00:00:00,126.6600037,124.5599976,126.8899994,124.4199982,3022900.0,125.794838
2022-02-01 00:00:00,127.0400009,127.0400009,127.3300018,125.2900009,2355200.0,126.1722488
2022-02-02 00:00:00,129.0299988,126.7900009,129.1999969,126.6100006,2584600.0,128.1486511
2022-02-03 00:00:00,127.8899994,127.2699966,128.5800018,125.6600037,2919700.0,127.0164413
2022-02-04 00:00:00,129.7599945,127.4400024,130.7599945,126.9800034,4300100.0,128.8736572
2022-02-07 00:00:00,127.6800003,129.7899933,130.0,127.3000031,1795300.0,126.807869
2022-02-08 00:00:00,127.5899963,127.0100021,128.0800018,124.5100021,3400300.0,126.718483
2022-02-09 00:00:00,129.0500031,129.0099945,130.6999969,128.8399963,2172900.0,128.1685181
2022-02-10 00:00:00,126.7200012,127.0,128.6499939,126.2799988,2670100.0,125.8544312
2022-02-11 00:00:00,125.9300003,126.6200027,127.4599991,124.9000015,3018400.0,125.0698242
2022-02-14 00:00:00,124.8399963,125.8700027,126.6299973,123.9300003,2736200.0,123.9872665
2022-02-15 00:00:00,125.2200012,126.5,127.0699997,124.7699966,2252100.0,124.3646774
2022-02-16 00:00:00,125.7200012,124.5999985,126.5699997,124.3099976,2600300.0,124.8612671
2022-02-17 00:00:00,123.25,124.9199982,125.0699997,123.0999985,3017100.0,122.4081345
2022-02-18 00:00:00,122.8700027,123.5400009,124.1900024,122.1100006,2332100.0,122.0307312
2022-02-22 00:00:00,123.1200027,122.8700027,123.8600006,122.4599991,2513500.0,122.2790222
2022-02-23 00:00:00,123.6900024,123.3499985,126.1200027,123.2300034,4009000.0,122.8451309
2022-02-24 00:00:00,127.9199982,120.9499969,128.0700073,120.9000015,5109200.0,127.0462341
2022-02-25 00:00:00,128.4700012,127.75,128.8099976,126.3600006,3997400.0,127.5924835
2022-02-28 00:00:00,128.1199951,126.4199982,128.7700043,126.4199982,3358100.0,127.2448654
2022-03-01 00:00:00,127.75,128.1600037,129.1000061,127.0299988,3858300.0,126.8773956
2022-03-02 00:00:00,129.9499969,129.4199982,130.6900024,128.4900055,2463300.0,129.0623627
2022-03-03 00:00:00,131.3999939,130.4900055,132.7200012,130.2599945,2894100.0,130.5024567
2022-03-04 00:00:00,135.6999969,130.9499969,135.8600006,130.2599945,4346200.0,134.7730865
2022-03-07 00:00:00,132.3899994,135.9199982,137.2299957,132.3300018,5369400.0,131.4857025
2022-03-08 00:00:00,124.6699982,131.0,131.1699982,124.6100006,5014700.0,123.818428
2022-03-09 00:00:00,128.7799988,126.3000031,129.3899994,124.6399994,3240800.0,127.9003525
2022-03-10 00:00:00,129.5599976,126.5999985,129.6799927,126.5999985,3456100.0,128.6750183
2022-03-11 00:00:00,126.3600006,129.3200073,129.9199982,126.1900024,2582100.0,125.4968872
2022-03-14 00:00:00,126.2200012,126.5800018,128.4299927,125.5800018,2560700.0,125.3578491
2022-03-15 00:00:00,130.2599945,127.6399994,130.6100006,127.0100021,2567200.0,129.3702393
2022-03-16 00:00:00,131.6199951,130.4400024,131.8399963,129.1199951,2430200.0,131.1034088
2022-03-17 00:00:00,133.6000061,131.4600067,133.6100006,131.4600067,2077500.0,133.0756531
2022-03-18 00:00:00,136.8999939,134.0299988,137.3999939,134.0,3078300.0,136.3626862
2022-03-21 00:00:00,135.9700012,136.25,137.2100067,135.25,1774800.0,135.4363403
2022-03-22 00:00:00,136.3999939,135.8999939,136.9100037,135.6199951,1967000.0,135.8646545
2022-03-23 00:00:00,134.8999939,136.0,136.0399933,134.6900024,2302200.0,134.3705444
2022-03-24 00:00:00,135.0899963,135.4799957,135.6499939,134.0700073,2553300.0,134.5597992
2022-03-25 00:00:00,135.2599945,135.6199951,135.8800049,134.5099945,2159900.0,134.729126
2022-03-28 00:00:00,135.1799927,135.1699982,135.6000061,134.7100067,1798200.0,134.6494446
2022-03-29 00:00:00,132.6499939,135.2799988,135.4900055,131.4799957,2520300.0,132.129364
2022-03-30 00:00:00,134.3500061,132.6499939,134.6900024,132.6499939,1861900.0,133.8227081
2022-03-31 00:00:00,132.1199951,134.2700043,136.0399933,132.1100006,3263500.0,131.6014557
2022-04-01 00:00:00,132.6999969,132.1300049,133.0500031,131.5099945,1731200.0,132.179184
2022-04-04 00:00:00,130.6199951,132.6999969,132.9299927,130.0399933,1687700.0,130.1073456
2022-04-05 00:00:00,130.5299988,130.75,133.5200043,130.0200043,2174800.0,130.0177002
2022-04-06 00:00:00,129.1300049,129.7599945,130.4199982,128.3699951,3364700.0,128.6231995
2022-04-07 00:00:00,129.8800049,129.1100006,130.3800049,128.1000061,3611800.0,129.3702545
2022-04-08 00:00:00,129.8899994,130.4100037,132.3000031,129.6799927,5297000.0,129.3802032
2022-04-11 00:00:00,128.1000061,129.4900055,129.7899933,126.7200012,4007700.0,127.5972443
2022-04-12 00:00:00,124.8300018,127.8899994,129.2700043,124.5999985,2955100.0,124.3400726
2022-04-13 00:00:00,125.8300018,124.7399979,126.0999985,124.2200012,2049400.0,125.3361435
2022-04-14 00:00:00,124.5299988,125.7300034,126.5299988,124.0400009,4302000.0,124.0412445
2022-04-18 00:00:00,122.6200027,124.0,124.5899963,122.0899963,2046900.0,122.1387482
2022-04-19 00:00:00,122.9300003,122.5999985,123.0500031,121.5599976,4039900.0,122.447525
2022-04-20 00:00:00,123.8499985,123.1699982,125.3700027,122.6200027,2579100.0,123.3639145
2022-04-21 00:00:00,120.7099991,124.4899979,124.4899979,120.3899994,2882400.0,120.2362366
2022-04-22 00:00:00,117.25,120.4300003,120.9700012,117.0899963,3896100.0,116.7898178
2022-04-25 00:00:00,116.8499985,116.5699997,116.9199982,114.5,5443600.0,116.3913879
2022-04-26 00:00:00,114.3300018,117.0100021,117.1399994,114.2300034,3108400.0,113.881279
2022-04-27 00:00:00,116.6999969,114.3600006,117.3499985,114.1900024,3542500.0,116.2419739
2022-04-28 00:00:00,119.25,117.5899963,119.5999985,116.8399963,2922600.0,118.7819672
2022-04-29 00:00:00,115.8099976,118.3499985,119.4700012,115.5299988,3641700.0,115.3554688
2022-05-02 00:00:00,113.4800034,115.2600021,116.6800003,111.7200012,2825500.0,113.0346222
2022-05-03 00:00:00,114.4800034,113.4700012,115.2300034,113.2399979,3704100.0,114.0306931
2022-05-04 00:00:00,109.8600006,114.6699982,114.8000031,103.0,8336400.0,109.4288254
2022-05-05 00:00:00,101.6299973,108.1699982,108.4899979,100.8899994,9393400.0,101.2311249
2022-05-06 00:00:00,99.8099976,101.3600006,101.4800034,98.6699982,7995700.0,99.4182663
2022-05-09 00:00:00,96.9899979,97.8700027,102.0100021,96.5500031,5503600.0,96.6093292
2022-05-10 00:00:00,96.4700012,99.1900024,100.0699997,95.4300003,5215700.0,96.0913773
2022-05-11 00:00:00,94.5500031,95.8499985,97.7399979,94.5199966,4052700.0,94.1789169
2022-05-12 00:00:00,95.5,94.2900009,97.1900024,93.5199966,4099600.0,95.1251831
2022-05-13 00:00:00,98.2699966,96.5599976,99.25,95.7699966,3984500.0,97.8843079
2022-05-16 00:00:00,97.3099976,97.7600021,98.2799988,96.2399979,2811800.0,96.9280777
2022-05-17 00:00:00,99.1200027,98.8399963,99.5,97.3600006,3343800.0,98.7309799
2022-05-18 00:00:00,95.1100006,97.8600006,98.3600006,94.6900024,3181200.0,94.7367172
2022-05-19 00:00:00,95.9000015,93.6100006,96.9199982,93.4499969,3671900.0,95.523613
2022-05-20 00:00:00,97.6200027,96.4800034,97.8899994,95.6999969,3235900.0,97.2368622
2022-05-23 00:00:00,98.1100006,99.0800018,99.0800018,96.6800003,3024000.0,97.7249374
2022-05-24 00:00:00,98.3600006,97.6600037,98.75,96.5,2168600.0,97.9739609
2022-05-25 00:00:00,97.5199966,97.5999985,98.5599976,96.6200027,4443700.0,97.1372528
