date,close,open,high,low,volume,adjclose
2012-05-14 00:00:00,55.3499985,55.2799988,55.8400002,55.0600014,1240200.0,50.4394073
2012-05-15 00:00:00,55.4900017,55.4000015,56.4700012,55.3100014,1765100.0,50.5669823
2012-05-16 00:00:00,55.0999985,55.6599998,56.1100006,55.0999985,2052700.0,50.2115669
2012-05-17 00:00:00,54.4099998,55.0,55.2900009,54.2099991,2952400.0,49.5827904
2012-05-18 00:00:00,54.5099983,54.5200005,56.9000015,53.3800011,5900200.0,49.6739159
2012-05-21 00:00:00,55.25,54.5499992,55.3899994,53.4900017,3706200.0,50.3482742
2012-05-22 00:00:00,55.9900017,55.3899994,56.3600006,55.0699997,2010400.0,51.0226288
2012-05-23 00:00:00,56.4700012,55.75,56.6300011,55.2400017,1900000.0,51.460041
2012-05-24 00:00:00,56.3899994,56.5200005,56.5200005,55.8100014,1930200.0,51.3871384
2012-05-25 00:00:00,56.4500008,56.5,56.7599983,56.1300011,1337700.0,51.4418068
2012-05-29 00:00:00,56.6300011,56.5,57.2000008,56.2599983,1635500.0,51.6058388
2012-05-30 00:00:00,56.2000008,56.25,56.4099998,55.6199989,2442900.0,51.2139969
2012-05-31 00:00:00,56.2299995,56.3800011,56.7200012,55.7599983,2321500.0,51.241333
2012-06-01 00:00:00,54.7999992,55.1399994,55.5900002,54.7700005,2378800.0,49.9381981
2012-06-04 00:00:00,54.9199982,55.2799988,55.5999985,54.2999992,1776700.0,50.047554
2012-06-05 00:00:00,55.6599998,54.7000008,55.7299995,54.6899986,1225700.0,50.7218971
2012-06-06 00:00:00,57.7000008,56.0,57.7200012,55.7200012,1919600.0,52.5809097
2012-06-07 00:00:00,56.9399986,58.0900002,58.2000008,56.9399986,2094400.0,51.8883514
2012-06-08 00:00:00,57.0,56.9199982,57.1100006,56.5,2776400.0,51.9430199
2012-06-11 00:00:00,55.4300003,57.1199989,57.3800011,55.3699989,2445200.0,50.51231
2012-06-12 00:00:00,56.7700005,55.7599983,56.7700005,55.4599991,1855900.0,51.7334328
2012-06-13 00:00:00,56.4700012,56.5699997,57.3199997,56.3899994,2064800.0,51.460041
2012-06-14 00:00:00,57.3699989,56.6100006,57.5200005,56.2400017,2111900.0,52.2801971
2012-06-15 00:00:00,58.3199997,57.3400002,58.3899994,57.1599998,1947400.0,53.1459122
2012-06-18 00:00:00,58.7000008,58.0699997,58.8899994,57.7700005,1360800.0,53.4921951
2012-06-19 00:00:00,58.9700012,59.0,59.0,58.4900017,1819200.0,53.7382393
2012-06-20 00:00:00,58.8300018,59.0,59.1699982,58.3600006,1392200.0,53.6106491
2012-06-21 00:00:00,56.8899994,58.8199997,58.9199982,56.8400002,1987800.0,51.8427773
2012-06-22 00:00:00,57.6599998,57.1100006,57.7599983,56.8400002,1666800.0,52.5444527
2012-06-25 00:00:00,56.3499985,57.0099983,57.25,56.2000008,1245200.0,51.3506889
2012-06-26 00:00:00,57.0099983,56.6699982,57.2700005,56.4399986,1191400.0,51.952137
2012-06-27 00:00:00,57.5200005,57.4000015,57.8499985,57.0900002,696700.0,52.4168816
2012-06-28 00:00:00,57.0,57.3199997,57.3499985,56.1899986,1302900.0,51.9430199
2012-06-29 00:00:00,59.3499985,57.7299995,59.3600006,57.7299995,2044800.0,54.0845299
2012-07-02 00:00:00,59.6800003,59.2900009,59.9099998,59.1500015,1372000.0,54.3852425
2012-07-03 00:00:00,60.1500015,59.6199989,60.2099991,59.5900002,941300.0,54.8135529
2012-07-05 00:00:00,59.9199982,59.0699997,60.0600014,59.0299988,1755500.0,54.6039581
2012-07-06 00:00:00,57.9000015,59.4700012,59.7700005,57.3800011,2038600.0,52.8955765
2012-07-09 00:00:00,57.4399986,57.9900017,58.1800003,56.8100014,1364500.0,52.4753456
2012-07-10 00:00:00,57.4500008,57.9000015,58.2099991,56.9199982,1227400.0,52.4844818
2012-07-11 00:00:00,57.3400002,57.4500008,57.7400017,56.7799988,1221700.0,52.3839836
2012-07-12 00:00:00,56.6199989,56.8400002,56.9700012,55.8499985,1346300.0,51.726223
2012-07-13 00:00:00,57.2200012,56.6500015,57.4500008,56.5200005,987200.0,52.2743645
2012-07-16 00:00:00,57.1300011,57.2000008,57.5299988,56.5800018,718600.0,52.1921501
2012-07-17 00:00:00,58.1699982,57.5600014,58.3699989,56.7400017,1493900.0,53.1422386
2012-07-18 00:00:00,59.7599983,57.9599991,59.7799988,57.9599991,1725600.0,54.5948257
2012-07-19 00:00:00,59.6199989,59.6899986,60.0,59.4399986,2618100.0,54.4669075
2012-07-20 00:00:00,58.6899986,59.5900002,59.75,58.4900017,2341700.0,53.6173058
2012-07-23 00:00:00,57.0900002,57.5400009,57.5400009,56.6100006,2360600.0,52.1556015
2012-07-24 00:00:00,56.7599983,57.0099983,57.0900002,56.4500008,2627400.0,51.8541145
2012-07-25 00:00:00,56.5200005,56.7999992,57.4099998,56.3100014,1863100.0,51.634861
2012-07-26 00:00:00,57.3100014,57.5099983,58.25,56.9000015,2005000.0,52.3565788
2012-07-27 00:00:00,58.8800011,57.75,59.0800018,57.7299995,1627400.0,53.7908783
2012-07-30 00:00:00,58.5099983,58.8800011,59.1399994,58.25,1071600.0,53.452858
2012-07-31 00:00:00,58.0200005,58.4500008,58.7099991,57.8800011,1280800.0,53.0052147
2012-08-01 00:00:00,57.9300003,58.1199989,58.3899994,57.8300018,1498800.0,52.9229889
2012-08-02 00:00:00,57.7900009,57.5200005,58.1699982,57.1699982,1158600.0,52.7950859
2012-08-03 00:00:00,59.0699997,57.6699982,59.1599998,57.0900002,1753900.0,53.9644661
2012-08-06 00:00:00,59.6199989,59.1500015,59.8800011,58.9300003,1346000.0,54.4669075
2012-08-07 00:00:00,59.7700005,59.9500008,60.2999992,59.7200012,2034100.0,54.6039581
2012-08-08 00:00:00,59.6199989,59.8600006,60.2000008,59.1100006,1664000.0,54.4669075
2012-08-09 00:00:00,59.0999985,59.6699982,59.75,58.9599991,2258400.0,53.9918518
2012-08-10 00:00:00,59.0299988,59.0600014,59.2700005,58.7400017,1279600.0,53.9279099
2012-08-13 00:00:00,58.2900009,58.7000008,58.9799995,58.2599983,1849600.0,53.2518692
2012-08-14 00:00:00,58.0200005,58.6800003,58.7200012,57.8499985,1881700.0,53.0052147
2012-08-15 00:00:00,59.2000008,58.1599998,59.3199997,57.9399986,1265800.0,54.08321
2012-08-16 00:00:00,60.0699997,59.2099991,60.1899986,59.1500015,2103600.0,54.8780289
2012-08-17 00:00:00,59.7599983,60.0999985,60.4099998,59.5499992,2934600.0,54.5948257
2012-08-20 00:00:00,59.3499985,59.5699997,59.9000015,59.1300011,1585800.0,54.2202568
2012-08-21 00:00:00,58.9500008,59.6100006,59.8400002,58.7099991,2666300.0,53.8548279
2012-08-22 00:00:00,59.6500015,58.9099998,59.9300003,57.9300003,5214900.0,54.4943314
2012-08-23 00:00:00,58.1899986,59.0499992,59.1899986,57.8400002,3323000.0,53.1605186
2012-08-24 00:00:00,58.4300003,58.2599983,58.5800018,57.9300003,2060100.0,53.3797684
2012-08-27 00:00:00,58.9300003,58.2999992,59.3499985,58.25,2235400.0,53.8365669
2012-08-28 00:00:00,58.7799988,58.8100014,59.1599998,58.5800018,1646300.0,53.6995239
2012-08-29 00:00:00,59.0099983,58.7999992,59.0900002,58.7400017,1896400.0,53.9096375
2012-08-30 00:00:00,58.2099991,58.5699997,58.75,58.0200005,1562500.0,53.178791
2012-08-31 00:00:00,58.5400009,58.7900009,59.0200005,57.9500008,1388400.0,53.4802551
2012-09-04 00:00:00,58.5499992,58.4000015,58.8300018,58.0299988,1508200.0,53.4893913
2012-09-05 00:00:00,58.2900009,58.7099991,58.7099991,58.0099983,1967100.0,53.2518692
2012-09-06 00:00:00,59.7400017,58.5200005,59.7599983,58.4900017,1542200.0,54.5765419
2012-09-07 00:00:00,59.4599991,59.4799995,59.8600006,59.3100014,1086400.0,54.3207397
2012-09-10 00:00:00,59.6199989,59.4700012,59.9000015,59.3499985,1731400.0,54.4669075
2012-09-11 00:00:00,59.9500008,59.2999992,60.1800003,59.1100006,1582400.0,54.768383
2012-09-12 00:00:00,59.9199982,59.9900017,60.1599998,59.6399994,1522000.0,54.7409859
2012-09-13 00:00:00,59.9700012,59.7900009,60.4000015,59.5600014,2104500.0,54.7866821
2012-09-14 00:00:00,60.2799988,59.9700012,60.7900009,59.7900009,2415300.0,55.0698662
2012-09-17 00:00:00,60.1500015,60.0999985,60.3899994,59.7000008,1539500.0,54.9511185
2012-09-18 00:00:00,59.3600006,60.1500015,60.4900017,59.3100014,1792200.0,54.2293968
2012-09-19 00:00:00,58.6300011,59.5800018,59.6300011,58.3400002,2273900.0,53.5624886
2012-09-20 00:00:00,58.8199997,58.2000008,58.8499985,58.1899986,2164500.0,53.7360649
2012-09-21 00:00:00,58.3800011,59.0400009,59.1199989,58.2000008,5734700.0,53.334095
2012-09-24 00:00:00,58.1699982,58.7200012,58.7200012,57.9199982,2328000.0,53.1422386
2012-09-25 00:00:00,57.8699989,58.4799995,58.5,57.7999992,2098400.0,52.8681641
2012-09-26 00:00:00,57.9700012,57.7900009,58.0299988,57.5499992,3551300.0,52.9595375
2012-09-27 00:00:00,58.8400002,58.1599998,58.9300003,57.8300018,1844000.0,53.7543335
2012-09-28 00:00:00,58.8800011,58.4900017,58.9500008,58.3800011,2260200.0,53.7908783
2012-10-01 00:00:00,59.3400002,59.1199989,59.3600006,58.7000008,2398600.0,54.2111282
2012-10-02 00:00:00,59.8499985,59.5400009,59.8899994,59.2599983,2320500.0,54.6770477
2012-10-03 00:00:00,61.0600014,59.9900017,61.2900009,59.8699989,2942600.0,55.7824478
2012-10-04 00:00:00,61.0699997,61.0499992,61.1800003,60.6100006,1655100.0,55.7915878
2012-10-05 00:00:00,61.1199989,61.4199982,61.7000008,60.9300003,1577700.0,55.9931488
2012-10-08 00:00:00,60.5699997,60.75,60.9500008,60.4500008,1077700.0,55.4892807
2012-10-09 00:00:00,59.8600006,60.4799995,60.6100006,59.8300018,1707900.0,54.8388214
2012-10-10 00:00:00,59.6399994,60.0299988,60.0299988,59.2999992,2229900.0,54.6372833
2012-10-11 00:00:00,59.6199989,60.2000008,60.2900009,59.4700012,1555400.0,54.6189651
2012-10-12 00:00:00,59.8899994,59.8400002,60.2599983,59.6199989,1604200.0,54.8663216
2012-10-15 00:00:00,60.1100006,59.9099998,60.1800003,59.6300011,1592900.0,55.0678596
2012-10-16 00:00:00,60.7900009,60.3199997,61.1500015,60.1199989,1346600.0,55.6908226
2012-10-17 00:00:00,60.9099998,60.4199982,61.2200012,60.4199982,1298900.0,55.8007431
2012-10-18 00:00:00,60.6199989,60.8499985,61.1399994,60.4599991,1186100.0,55.5350876
2012-10-19 00:00:00,59.8199997,60.7900009,61.0900002,59.6899986,1922000.0,54.8021851
2012-10-22 00:00:00,59.9399986,59.8400002,60.0400009,59.4599991,1538500.0,54.9121094
2012-10-23 00:00:00,59.5800018,59.25,59.7999992,58.9700012,1578100.0,54.5823326
2012-10-24 00:00:00,59.5999985,59.8600006,59.8899994,59.5299988,1882100.0,54.6006432
2012-10-25 00:00:00,59.4399986,59.9799995,60.0800018,59.3800011,1311300.0,54.454052
2012-10-26 00:00:00,59.3899994,59.3499985,59.6199989,58.8600006,1432600.0,54.4082527
2012-10-31 00:00:00,59.4300003,59.5800018,59.75,59.0400009,1550300.0,54.4448967
2012-11-01 00:00:00,61.4300003,59.7000008,61.4799995,59.4599991,1722000.0,56.2771378
2012-11-02 00:00:00,61.1899986,61.5,61.6199989,60.6899986,1617500.0,56.0572777
2012-11-05 00:00:00,60.9399986,61.0600014,61.1199989,60.6300011,1196400.0,55.8282394
2012-11-06 00:00:00,61.7799988,61.25,62.0999985,60.7599983,1105100.0,56.5977821
2012-11-07 00:00:00,60.5299988,61.1399994,61.5600014,60.2999992,1634200.0,55.4526329
2012-11-08 00:00:00,59.8199997,60.2700005,60.5900002,59.8199997,1259000.0,54.8021851
2012-11-09 00:00:00,59.9599991,59.9199982,60.4799995,59.4300003,1140500.0,54.9304352
2012-11-12 00:00:00,59.3499985,60.0400009,60.4500008,59.3400002,1464200.0,54.3716202
2012-11-13 00:00:00,59.2299995,58.9700012,59.7900009,58.9599991,1947500.0,54.2616844
2012-11-14 00:00:00,58.4700012,59.4599991,59.8400002,58.4000015,2389000.0,53.5654259
2012-11-15 00:00:00,58.7700005,58.4599991,59.4199982,58.4099998,2406600.0,53.8402596
2012-11-16 00:00:00,59.2799988,58.7099991,59.4300003,57.5999985,3165800.0,54.3074951
2012-11-19 00:00:00,58.9500008,59.8199997,59.8899994,58.5200005,2390500.0,54.0051575
2012-11-20 00:00:00,58.1699982,58.9000015,58.9000015,57.9300003,1889100.0,53.2905884
2012-11-21 00:00:00,58.5600014,58.3300018,58.9700012,58.2599983,948400.0,53.6478844
2012-11-23 00:00:00,59.1599998,58.9000015,59.3699989,58.7900009,706500.0,54.1975517
2012-11-26 00:00:00,58.4300003,58.7999992,58.9900017,58.1599998,2119200.0,53.5287819
2012-11-27 00:00:00,58.2000008,58.4799995,58.5400009,57.8899994,1765500.0,53.3180733
2012-11-28 00:00:00,58.5800018,58.0299988,58.5900002,57.8400002,1494100.0,53.6661987
2012-11-29 00:00:00,59.1800003,58.8400002,59.4500008,58.75,1554500.0,54.2158699
2012-11-30 00:00:00,59.9099998,59.2000008,59.9700012,59.1399994,2313800.0,54.8846397
2012-12-03 00:00:00,59.4199982,60.0,60.2299995,59.2099991,1288000.0,54.4357491
2012-12-04 00:00:00,59.7200012,59.4700012,59.8499985,59.0999985,1289400.0,54.7105827
2012-12-05 00:00:00,59.9099998,59.7000008,60.2900009,59.0600014,2031000.0,54.8846397
2012-12-06 00:00:00,59.7299995,59.7900009,60.25,59.2900009,1438100.0,54.7197418
2012-12-07 00:00:00,59.5600014,59.9099998,60.0,59.2000008,1238400.0,54.5639992
2012-12-10 00:00:00,59.6100006,59.6399994,60.0,59.4700012,1379100.0,54.6098022
2012-12-11 00:00:00,60.4399986,59.7999992,60.7099991,59.6899986,1492400.0,55.3701744
2012-12-12 00:00:00,60.2799988,60.4300003,61.0900002,60.1300011,1853100.0,55.2236099
2012-12-13 00:00:00,60.0600014,60.3699989,60.5699997,59.6100006,1193000.0,55.0220604
2012-12-14 00:00:00,60.1800003,59.9000015,60.3899994,59.6800003,1237100.0,55.1319809
2012-12-17 00:00:00,61.1699982,60.2299995,61.2299995,60.0400009,1474300.0,56.0389442
2012-12-18 00:00:00,62.0099983,61.2099991,62.0999985,61.1899986,1479000.0,56.8084869
2012-12-19 00:00:00,62.1300011,62.1100006,62.8600006,62.0099983,1876300.0,56.9184341
2012-12-20 00:00:00,62.0499992,61.9700012,62.1300011,61.4399986,1819000.0,56.8451385
2012-12-21 00:00:00,61.4399986,61.6399994,61.9700012,61.0,3297800.0,56.286293
2012-12-24 00:00:00,61.2900009,61.1399994,61.3400002,60.7400017,514500.0,56.1488724
2012-12-26 00:00:00,60.8699989,61.0999985,61.4900017,60.6800003,743100.0,55.7641106
2012-12-27 00:00:00,60.3400002,60.8400002,60.9599991,59.6300011,1510200.0,55.2785606
2012-12-28 00:00:00,59.3300018,59.9399986,60.2400017,59.3300018,1193100.0,54.3532982
2012-12-31 00:00:00,59.4799995,59.0900002,59.6699982,58.7599983,2038800.0,54.490696
2013-01-02 00:00:00,61.9500008,60.1300011,61.9500008,60.1300011,3526500.0,56.7535172
2013-01-03 00:00:00,61.7400017,61.6399994,62.0099983,61.5099983,2559000.0,56.5611382
2013-01-04 00:00:00,62.2200012,62.0,62.3699989,61.7400017,1898200.0,57.0008774
2013-01-07 00:00:00,62.2900009,61.8199997,62.5,61.8199997,1422500.0,57.064991
2013-01-08 00:00:00,61.6199989,61.9700012,62.1399994,61.5099983,1041600.0,56.6057014
2013-01-09 00:00:00,62.1599998,61.7799988,62.3300018,61.7000008,790000.0,57.1017456
2013-01-10 00:00:00,62.4099998,62.4900017,62.7900009,61.7799988,1072600.0,57.3314018
2013-01-11 00:00:00,62.6199989,62.2900009,62.7599983,62.1899986,827700.0,57.5243149
2013-01-14 00:00:00,62.6800003,62.4000015,62.8600006,62.2999992,1063800.0,57.5794296
2013-01-15 00:00:00,62.9500008,62.5,63.2700005,62.2700005,1503300.0,57.8274612
2013-01-16 00:00:00,62.9500008,62.7999992,63.3899994,62.3199997,1174500.0,57.8274612
2013-01-17 00:00:00,63.6399994,63.0400009,63.7400017,62.7900009,1212600.0,58.4613152
2013-01-18 00:00:00,63.6800003,63.4900017,63.6899986,62.9799995,1227500.0,58.4980507
2013-01-22 00:00:00,63.7799988,63.5999985,63.7799988,62.9500008,1155200.0,58.58992
2013-01-23 00:00:00,63.6699982,63.8100014,64.0599976,63.6500015,1479100.0,58.488884
2013-01-24 00:00:00,63.8199997,64.0,64.4400024,63.4900017,1679700.0,58.6266708
2013-01-25 00:00:00,63.7099991,63.6300011,64.1399994,63.4799995,1516100.0,58.5256042
2013-01-28 00:00:00,63.8800011,63.9500008,64.4700012,63.8699989,1225200.0,58.681778
2013-01-29 00:00:00,63.8800011,63.7599983,64.1800003,63.0099983,1218000.0,58.681778
2013-01-30 00:00:00,63.0600014,63.7099991,63.9300003,62.8899994,1754300.0,57.9285049
2013-01-31 00:00:00,62.3800011,63.2200012,63.5400009,62.2700005,3504600.0,57.3038368
2013-02-01 00:00:00,62.9000015,63.1699982,63.1699982,62.4000015,2262700.0,57.7815247
2013-02-04 00:00:00,62.0900002,62.4099998,63.0,61.8600006,1968300.0,57.0374451
2013-02-05 00:00:00,63.0699997,62.5699997,63.2099991,61.8199997,1778700.0,57.9376869
2013-02-06 00:00:00,62.9099998,62.7099991,63.0800018,62.1300011,1882400.0,57.7907257
2013-02-07 00:00:00,62.25,62.9300003,63.1599998,62.0699997,3569600.0,57.1844139
2013-02-08 00:00:00,61.5099983,62.6399994,62.6599998,60.1199989,5142100.0,56.5046349
2013-02-11 00:00:00,61.4199982,61.6500015,61.8699989,61.1699982,2166900.0,56.4219589
2013-02-12 00:00:00,61.4399986,61.3899994,61.6100006,61.1599998,1498800.0,56.4403267
2013-02-13 00:00:00,61.4399986,61.7299995,62.0,60.9300003,1759500.0,56.4403267
2013-02-14 00:00:00,60.7599983,61.2200012,61.3899994,60.5999985,2988200.0,55.8156738
2013-02-15 00:00:00,62.0699997,60.9599991,62.1100006,60.7599983,2139900.0,57.0190773
2013-02-19 00:00:00,62.2099991,62.0999985,62.5600014,61.9799995,1421800.0,57.1476822
2013-02-20 00:00:00,61.4199982,62.3800011,62.5,61.3699989,2107800.0,56.4219589
2013-02-21 00:00:00,61.2999992,60.7599983,61.6199989,60.7599983,1941300.0,56.3117294
2013-02-22 00:00:00,62.7799988,62.0,63.0699997,61.0499992,3073900.0,57.6712837
2013-02-25 00:00:00,62.0200005,62.9300003,63.2400017,62.0099983,2495500.0,56.9731293
2013-02-26 00:00:00,62.6399994,62.0099983,62.7599983,61.8699989,2054700.0,57.5426826
2013-02-27 00:00:00,63.7599983,62.7799988,64.1800003,62.2599983,2097100.0,58.5715294
2013-02-28 00:00:00,64.4700012,63.7599983,64.6600037,63.7000008,2473600.0,59.223774
2013-03-01 00:00:00,65.0400009,64.0400009,65.1100006,63.7799988,2307300.0,59.7473907
2013-03-04 00:00:00,66.2699966,64.8700027,66.2900009,64.7600021,2519400.0,60.8772812
2013-03-05 00:00:00,67.8799973,66.5699997,67.9100037,66.4300003,2678200.0,62.356266
2013-03-06 00:00:00,67.9899979,67.9899979,68.4100037,67.7699966,2242000.0,62.4573326
2013-03-07 00:00:00,67.9300003,67.9899979,68.1999969,67.6299973,1496000.0,62.4022255
2013-03-08 00:00:00,67.75,67.9199982,68.2699966,67.2900009,1882300.0,62.2368507
2013-03-11 00:00:00,66.5599976,66.8000031,67.2300034,66.0999985,3188200.0,61.143692
2013-03-12 00:00:00,66.3600006,66.5199966,66.8199997,66.1999969,1555000.0,60.9599762
2013-03-13 00:00:00,66.25,66.6100006,66.8099976,66.2099991,1685500.0,60.8589325
2013-03-14 00:00:00,66.1800003,66.5999985,66.6999969,66.0,2778000.0,60.7946243
2013-03-15 00:00:00,65.4300003,65.9800034,66.3399963,65.4199982,2502600.0,60.105648
2013-03-18 00:00:00,65.4100037,64.8799973,65.6399994,64.5999985,1259400.0,60.0872688
2013-03-19 00:00:00,65.2900009,65.3700027,65.6299973,64.6699982,1851600.0,59.9770508
2013-03-20 00:00:00,65.1699982,65.7600021,65.9700012,65.0800018,1688300.0,59.8668022
2013-03-21 00:00:00,65.3000031,64.75,65.5299988,64.3099976,2608100.0,59.9862251
2013-03-22 00:00:00,65.5400009,65.3099976,65.8899994,64.9100037,1339200.0,60.2066917
2013-03-25 00:00:00,64.8399963,65.5999985,65.75,64.7399979,2343000.0,59.5636673
2013-03-26 00:00:00,65.7300034,65.2799988,65.9300003,65.0,1987800.0,60.381237
2013-03-27 00:00:00,65.4700012,66.2099991,66.2200012,64.9899979,1083000.0,60.142395
2013-03-28 00:00:00,65.6600037,65.1900024,65.6999969,65.0999985,1911200.0,60.3169327
2013-04-01 00:00:00,65.0999985,65.6600037,65.9400024,64.8600006,1443700.0,59.8025017
2013-04-02 00:00:00,65.3799973,65.5,66.1100006,65.1800003,1705900.0,60.0597267
2013-04-03 00:00:00,64.5899963,65.2799988,65.3799973,64.4199982,1333800.0,59.3339996
2013-04-04 00:00:00,64.7099991,64.6699982,64.8600006,64.1399994,906300.0,59.4442368
2013-04-05 00:00:00,64.4599991,63.6800003,64.5599976,63.0,1490200.0,59.2145767
2013-04-08 00:00:00,63.8400002,64.5199966,64.5199966,63.5200005,1106000.0,58.8000984
2013-04-09 00:00:00,63.7999992,64.1399994,64.1399994,63.1800003,2261800.0,58.7632637
2013-04-10 00:00:00,64.8199997,64.0,65.0,63.7599983,1090000.0,59.7027359
2013-04-11 00:00:00,64.9300003,64.9499969,65.3000031,64.7200012,1568500.0,59.8040619
2013-04-12 00:00:00,64.6999969,65.1500015,65.1699982,64.2699966,1368600.0,59.5922089
2013-04-15 00:00:00,63.0800018,64.5400009,64.6100006,63.0200005,1769300.0,58.1000977
2013-04-16 00:00:00,64.2200012,63.1599998,64.2399979,63.0699997,1989600.0,59.1501045
2013-04-17 00:00:00,63.0400009,63.7900009,63.8800011,62.5400009,2050700.0,58.0632591
2013-04-18 00:00:00,62.5099983,63.3100014,63.3100014,62.1899986,2059400.0,57.5750999
2013-04-19 00:00:00,62.9700012,62.0800018,63.1699982,61.8499985,2824400.0,57.9987869
2013-04-22 00:00:00,62.8600006,63.0900002,63.2400017,62.1100006,1601200.0,57.8974838
2013-04-23 00:00:00,63.9799995,63.3199997,64.25,63.1300011,1687500.0,58.9290733
2013-04-24 00:00:00,64.1900024,64.2900009,64.5999985,63.6899986,1525800.0,59.1224747
2013-04-25 00:00:00,57.0900002,55.75,57.9700012,55.5400009,15922300.0,52.5829887
2013-04-26 00:00:00,59.3499985,57.0,59.7999992,56.8100014,9119200.0,54.6645813
2013-04-29 00:00:00,60.9399986,59.5,61.0999985,59.3800011,4182700.0,56.1290436
2013-04-30 00:00:00,59.6399994,60.8199997,60.8199997,59.1100006,5255700.0,54.9316864
2013-05-01 00:00:00,59.9700012,59.5099983,60.4700012,59.25,2485000.0,55.2356262
2013-05-02 00:00:00,60.0699997,59.9099998,60.6399994,59.3300018,2343800.0,55.3277359
2013-05-03 00:00:00,60.2599983,60.6699982,60.75,60.1100006,2367400.0,55.5027351
2013-05-06 00:00:00,60.75,60.7599983,60.9799995,60.1300011,2033500.0,55.954052
2013-05-07 00:00:00,60.5600014,60.5800018,60.7000008,60.1699982,1543400.0,55.7790489
2013-05-08 00:00:00,60.4900017,60.2900009,60.5499992,60.0200005,2067300.0,55.7145844
2013-05-09 00:00:00,59.0,59.6500015,60.2599983,58.8800011,3915200.0,54.3422012
2013-05-10 00:00:00,60.2000008,59.5400009,60.2200012,59.2799988,2401400.0,55.4474678
2013-05-13 00:00:00,58.9900017,59.8899994,59.9700012,58.9300003,2206000.0,54.3329849
2013-05-14 00:00:00,59.1100006,59.1399994,59.5699997,58.8699989,2114100.0,54.4435196
2013-05-15 00:00:00,60.5900002,59.1399994,60.8600006,59.0099983,3318100.0,55.8066826
2013-05-16 00:00:00,59.8499985,60.4099998,60.9000015,59.8400002,2417400.0,55.1251068
2013-05-17 00:00:00,60.6300011,59.9599991,60.8300018,59.4700012,2247700.0,55.8435326
2013-05-20 00:00:00,59.6399994,60.3400002,60.75,59.5200005,1727000.0,54.9316864
2013-05-21 00:00:00,57.8899994,59.6399994,60.0,57.7799988,5136400.0,53.3198318
2013-05-22 00:00:00,58.5900002,58.9399986,60.9500008,58.0499992,7938200.0,53.9645767
2013-05-23 00:00:00,58.7599983,58.1199989,59.2099991,57.3300018,4314700.0,54.1211586
2013-05-24 00:00:00,57.9000015,58.1399994,58.4300003,57.3899994,4359400.0,53.3290405
2013-05-28 00:00:00,59.1100006,58.4099998,59.3100014,58.0,2773600.0,54.4435196
2013-05-29 00:00:00,59.25,58.6899986,59.6199989,58.2900009,3255000.0,54.5724678
2013-05-30 00:00:00,59.3300018,58.8199997,59.6199989,58.8199997,2261100.0,54.6461487
2013-05-31 00:00:00,58.4399986,58.9799995,59.5,58.2999992,2534700.0,53.8264236
2013-06-03 00:00:00,58.0699997,58.4500008,58.6899986,57.5999985,2645100.0,53.4856262
2013-06-04 00:00:00,57.7799988,58.0499992,58.5299988,57.5699997,2138900.0,53.2185135
2013-06-05 00:00:00,57.5699997,57.0099983,57.8699989,57.0099983,3088800.0,53.0250969
2013-06-06 00:00:00,58.4500008,57.7900009,58.4599991,57.4799995,2485400.0,53.8356133
2013-06-07 00:00:00,59.4599991,58.8300018,59.7099991,58.5400009,2852300.0,54.7658958
2013-06-10 00:00:00,58.9700012,59.4399986,59.6199989,58.6100006,2112100.0,54.3145676
2013-06-11 00:00:00,57.7299995,58.3100014,58.6300011,57.6300011,2427500.0,53.1724701
2013-06-12 00:00:00,57.7799988,58.2099991,58.2099991,57.5,1327800.0,53.2185135
2013-06-13 00:00:00,57.9700012,57.5900002,58.0900002,57.1699982,2423500.0,53.3935204
2013-06-14 00:00:00,57.5,57.8899994,58.2200012,57.2900009,1456400.0,52.9606247
2013-06-17 00:00:00,58.0299988,57.7799988,58.1500015,57.1899986,2262300.0,53.4487762
2013-06-18 00:00:00,58.7000008,57.9300003,58.7900009,57.9300003,2710400.0,54.0658875
2013-06-19 00:00:00,58.4399986,58.5200005,59.0800018,58.3499985,2079600.0,53.8264236
2013-06-20 00:00:00,57.8499985,58.0,58.5800018,57.75,2199600.0,53.2829857
2013-06-21 00:00:00,57.8600006,58.0499992,58.2200012,57.1699982,2572100.0,53.2922173
2013-06-24 00:00:00,57.5099983,57.7799988,58.0,56.7400017,1952200.0,52.9698257
2013-06-25 00:00:00,58.8100014,57.8199997,59.0400009,57.5699997,3350800.0,54.1672096
2013-06-26 00:00:00,59.4500008,59.2000008,59.7599983,58.75,3122700.0,54.7566872
2013-06-27 00:00:00,60.7900009,59.8800011,61.3699989,59.8800011,2831700.0,55.9908905
2013-06-28 00:00:00,61.0400009,60.2999992,61.3699989,60.1899986,3500300.0,56.2211571
2013-07-01 00:00:00,63.1500015,62.0999985,63.8300018,61.9000015,4443200.0,58.1645851
2013-07-02 00:00:00,62.3699989,62.8800011,63.0499992,61.5299988,3928800.0,57.4461517
2013-07-03 00:00:00,62.3800011,62.0200005,62.7000008,61.8899994,1615300.0,57.4553604
2013-07-05 00:00:00,62.5499992,61.5900002,62.7000008,61.5900002,1589600.0,57.6119385
2013-07-08 00:00:00,62.9700012,62.7200012,63.3400002,62.2900009,2538400.0,58.1568489
2013-07-09 00:00:00,63.2400017,63.2799988,63.5600014,63.0999985,1639900.0,58.406208
2013-07-10 00:00:00,63.3600006,63.2700005,63.5,63.0600014,1564900.0,58.5170479
2013-07-11 00:00:00,64.3799973,63.6800003,64.4199982,63.6399994,1871100.0,59.4590759
2013-07-12 00:00:00,64.7200012,64.4599991,64.8499985,64.2200012,1884200.0,59.7730789
2013-07-15 00:00:00,64.8300018,64.5800018,64.8399963,64.3499985,2251600.0,59.8746796
2013-07-16 00:00:00,64.8799973,64.9400024,65.1800003,64.6900024,1585200.0,59.9208527
2013-07-17 00:00:00,65.0100021,65.0,65.3199997,64.8099976,1889000.0,60.040905
2013-07-18 00:00:00,64.8700027,64.9700012,65.7300034,64.8399963,1650300.0,59.9116249
2013-07-19 00:00:00,64.0800018,64.4599991,64.7799988,63.9399986,2075700.0,59.182003
2013-07-22 00:00:00,64.4100037,64.4000015,64.7099991,64.0199966,1110600.0,59.4867859
2013-07-23 00:00:00,63.7700005,65.2399979,65.2399979,63.6500015,1293500.0,58.8957024
2013-07-24 00:00:00,63.1100006,64.1900024,64.6500015,63.0600014,1927400.0,58.2861557
2013-07-25 00:00:00,63.1699982,63.1199989,63.3899994,62.9000015,1737100.0,58.3415604
2013-07-26 00:00:00,63.9199982,63.0299988,63.9599991,62.7400017,1694100.0,59.0342293
2013-07-29 00:00:00,63.5400009,63.5600014,64.5299988,63.3899994,1692100.0,58.6832809
2013-07-30 00:00:00,63.3400002,63.6300011,63.9799995,63.2599983,1146800.0,58.4985695
2013-07-31 00:00:00,63.9199982,63.6399994,64.1999969,63.4399986,1193600.0,59.0342293
2013-08-01 00:00:00,64.4899979,64.2300034,64.7600021,63.7599983,1702300.0,59.5606613
2013-08-02 00:00:00,63.8899994,64.1800003,64.3099976,63.3400002,1771200.0,59.0065308
2013-08-05 00:00:00,63.9199982,63.7900009,64.2200012,63.7299995,1326600.0,59.0342293
2013-08-06 00:00:00,63.6500015,63.7099991,63.9199982,63.3800011,1178900.0,58.7848663
2013-08-07 00:00:00,64.1200027,63.3499985,64.4700012,63.3499985,2088600.0,59.218956
2013-08-08 00:00:00,64.1999969,64.4700012,64.4700012,63.8199997,2148000.0,59.2928352
2013-08-09 00:00:00,64.4499969,63.9099998,64.6900024,63.9099998,1567200.0,59.5237122
2013-08-12 00:00:00,64.6699982,64.5100021,64.8399963,64.0100021,1088800.0,59.7269096
2013-08-13 00:00:00,65.0,64.8000031,65.3199997,64.2399979,1177900.0,60.0316811
2013-08-14 00:00:00,64.7699966,65.0100021,65.0800018,64.2900009,1301500.0,59.8192673
2013-08-15 00:00:00,63.8300018,64.0599976,64.4100037,63.6699982,1637800.0,58.9511147
2013-08-16 00:00:00,64.2399979,63.7900009,64.4100037,63.6599998,1814200.0,59.3297577
2013-08-19 00:00:00,63.4199982,64.0199966,64.2799988,63.3499985,1308900.0,58.5724487
2013-08-20 00:00:00,63.1399994,63.3300018,63.6899986,63.0800018,2328100.0,58.3138657
2013-08-21 00:00:00,63.0200005,62.7400017,64.0,62.6199989,3115800.0,58.2030334
2013-08-22 00:00:00,63.6100006,63.1199989,63.6800003,62.6100006,1600100.0,58.7479324
2013-08-23 00:00:00,64.1800003,63.5600014,64.3499985,63.25,2311000.0,59.2743645
2013-08-26 00:00:00,64.3199997,61.5,65.1100006,61.5,2693300.0,59.4036636
2013-08-27 00:00:00,63.7099991,63.5099983,63.9599991,63.25,3077600.0,58.8402977
2013-08-28 00:00:00,63.4000015,63.9199982,63.9900017,63.25,3205800.0,58.5539818
2013-08-29 00:00:00,63.5900002,63.1500015,63.8800011,62.8899994,1547200.0,58.7294617
2013-08-30 00:00:00,63.5299988,63.8499985,63.9399986,63.3100014,1455000.0,58.6740417
2013-09-03 00:00:00,63.75,63.7999992,64.5999985,63.5900002,1796500.0,58.8772392
2013-09-04 00:00:00,64.1600037,64.0599976,64.6999969,63.7099991,2815000.0,59.2558899
2013-09-05 00:00:00,64.1800003,64.3600006,64.5699997,64.0199966,1393000.0,59.2743645
2013-09-06 00:00:00,64.4499969,64.0599976,64.9499969,63.5400009,1921500.0,59.5237122
2013-09-09 00:00:00,65.4499969,64.4499969,65.5899963,64.25,2007800.0,60.4472809
2013-09-10 00:00:00,66.3199997,65.9400024,66.3300018,65.5299988,1618400.0,61.2507782
2013-09-11 00:00:00,66.3199997,66.3899994,66.7300034,66.1100006,1890200.0,61.2507782
2013-09-12 00:00:00,65.4499969,66.1100006,66.1100006,65.4400024,2353800.0,60.4472809
2013-09-13 00:00:00,65.9499969,65.8000031,66.0599976,65.4800034,1502100.0,60.9090614
2013-09-16 00:00:00,65.9100037,66.7900009,66.8700027,65.7699966,2081200.0,60.8721504
2013-09-17 00:00:00,66.3000031,66.0699997,66.6600037,65.8199997,1730600.0,61.2323265
2013-09-18 00:00:00,66.0800018,65.2799988,66.1999969,65.0899963,3015000.0,61.0291252
2013-09-19 00:00:00,66.4199982,66.0599976,66.5500031,65.7399979,3126000.0,61.3431396
2013-09-20 00:00:00,66.8399963,66.6399994,67.3399963,66.5,7165800.0,61.73106
2013-09-23 00:00:00,66.4100037,66.5899963,66.9700012,66.3199997,1947300.0,61.3339195
2013-09-24 00:00:00,65.9599991,67.0,67.0,65.7300034,2748800.0,60.918293
2013-09-25 00:00:00,66.2600021,65.8700027,66.4400024,65.8000031,2974400.0,61.1953659
2013-09-26 00:00:00,66.3600006,66.5800018,66.6600037,66.0,2364900.0,61.2877312
2013-09-27 00:00:00,66.5100021,65.9000015,66.7799988,65.5999985,3161600.0,61.4262581
2013-09-30 00:00:00,66.3099976,65.75,66.6699982,65.7200012,2933400.0,61.2415581
2013-10-01 00:00:00,66.4499969,66.5299988,67.0899963,66.1900024,2095700.0,61.3708496
2013-10-02 00:00:00,66.4499969,66.4300003,66.5500031,65.8099976,1647900.0,61.3708496
2013-10-03 00:00:00,65.8300018,66.3700027,66.5,65.2600021,3682100.0,60.7982368
2013-10-04 00:00:00,66.3000031,66.0299988,66.5400009,65.4599991,2365700.0,61.2323265
2013-10-07 00:00:00,66.2399979,65.7399979,66.4599991,65.2300034,2263100.0,61.1769142
2013-10-08 00:00:00,65.4000015,66.0999985,66.2399979,65.1200027,2216500.0,60.5748672
2013-10-09 00:00:00,65.2900009,65.5299988,65.6600037,65.1299973,2119200.0,60.4729843
2013-10-10 00:00:00,65.8000031,65.9199982,66.1299973,65.4700012,2104900.0,60.9453583
2013-10-11 00:00:00,66.9300003,65.3799973,66.9300003,65.3799973,2047700.0,61.9919739
2013-10-14 00:00:00,67.4300003,66.7200012,67.4800034,66.0100021,2009000.0,62.4550819
2013-10-15 00:00:00,66.7600021,67.1100006,67.4100037,66.7300034,2227800.0,61.8345184
2013-10-16 00:00:00,67.0,67.0299988,67.3399963,66.6500015,2027100.0,62.0568161
2013-10-17 00:00:00,68.0,66.8899994,68.0299988,66.6999969,1761600.0,62.9830513
2013-10-18 00:00:00,68.7399979,68.7600021,69.1200027,68.6200027,2554700.0,63.6684303
2013-10-21 00:00:00,69.0100021,68.6800003,69.1900024,68.5800018,1245400.0,63.9185295
2013-10-22 00:00:00,69.4700012,69.0299988,69.5400009,68.8300018,1874000.0,64.3446121
2013-10-23 00:00:00,69.1800003,69.2600021,69.5,68.9800034,1306100.0,64.0759735
2013-10-24 00:00:00,69.8199997,69.1999969,70.1999969,69.1200027,1996700.0,64.6687698
2013-10-25 00:00:00,70.4400024,70.1900024,70.5100021,69.8000031,1718900.0,65.2430115
2013-10-28 00:00:00,70.8399963,70.5100021,71.0,70.2399979,1179800.0,65.6135254
2013-10-29 00:00:00,71.4800034,71.1800003,71.8000031,70.9300003,1441500.0,66.2062912
2013-10-30 00:00:00,71.4599991,71.5,71.8000031,71.1999969,1467200.0,66.1877518
2013-10-31 00:00:00,71.4100037,71.6900024,71.9700012,71.3600006,1996700.0,66.1414413
2013-11-01 00:00:00,71.3300018,71.7699966,72.0,71.1399994,2376700.0,66.0673447
2013-11-04 00:00:00,71.4100037,71.3700027,71.4899979,70.8099976,1504800.0,66.1414413
2013-11-05 00:00:00,71.7600021,71.3799973,71.8499985,70.9899979,1712400.0,66.4656448
2013-11-06 00:00:00,72.2399979,71.6800003,72.4499969,71.5100021,1332300.0,66.9102173
2013-11-07 00:00:00,71.6800003,72.3099976,72.6299973,71.6500015,1195200.0,66.3915176
2013-11-08 00:00:00,72.4800034,71.8600006,72.4899979,71.8499985,1862400.0,67.1325226
2013-11-11 00:00:00,72.2799988,72.2600021,72.6299973,71.8099976,1302700.0,66.9472885
2013-11-12 00:00:00,72.4100037,72.1999969,72.4499969,71.9499969,1049900.0,67.0677032
2013-11-13 00:00:00,72.9599991,72.5800018,72.9599991,71.9400024,2645900.0,67.5771027
2013-11-14 00:00:00,73.1600037,72.9499969,73.2900009,72.2699966,1606200.0,67.7623444
2013-11-15 00:00:00,73.6699982,73.2699966,73.7300034,72.8600006,1832400.0,68.2347031
2013-11-18 00:00:00,73.4100037,73.7300034,73.9400024,73.1500015,1784300.0,67.9938812
2013-11-19 00:00:00,73.3600006,73.5899963,73.8799973,73.0400009,1130900.0,67.9475937
2013-11-20 00:00:00,73.1399994,73.6500015,73.6500015,72.9800034,1837900.0,67.7438278
2013-11-21 00:00:00,73.1600037,73.0500031,73.3899994,72.3300018,2354600.0,67.7623444
2013-11-22 00:00:00,72.0299988,72.9300003,73.1600037,70.8700027,4434600.0,66.7157059
2013-11-25 00:00:00,72.7300034,72.3000031,72.9899979,71.75,2521200.0,67.3640747
2013-11-26 00:00:00,72.8399963,72.5699997,73.4400024,72.5599976,2014700.0,67.46595
2013-11-27 00:00:00,73.5400009,73.0599976,73.6399994,72.9400024,1445200.0,68.1143112
2013-11-29 00:00:00,74.2300034,73.8000031,74.3300018,73.7300034,1377700.0,68.7533798
2013-12-02 00:00:00,74.2300034,74.1600037,74.7900009,73.8700027,2028200.0,68.7533798
2013-12-03 00:00:00,74.3600006,74.1900024,74.7799988,73.9199982,1647100.0,68.8738022
2013-12-04 00:00:00,74.3399963,73.8199997,74.5500031,73.4700012,1548700.0,68.8552933
2013-12-05 00:00:00,74.0100021,74.2099991,74.3799973,73.8399963,1424800.0,68.549614
2013-12-06 00:00:00,74.9100037,74.7699966,75.0299988,74.2699966,1463400.0,69.3832397
2013-12-09 00:00:00,74.4000015,74.8700027,74.9100037,74.1200027,1631900.0,68.9108658
2013-12-10 00:00:00,75.0,75.5100021,75.6200027,74.25,2112100.0,69.4665833
2013-12-11 00:00:00,74.5299988,75.25,75.5999985,74.4599991,1747400.0,69.0312653
2013-12-12 00:00:00,74.2300034,74.3700027,74.6100006,73.7200012,1639200.0,68.7533798
2013-12-13 00:00:00,75.0199966,74.6200027,75.25,74.5800018,1698100.0,69.4851227
2013-12-16 00:00:00,74.8600006,74.9800034,75.4700012,74.6100006,2071200.0,69.3369293
2013-12-17 00:00:00,74.6900024,74.9800034,75.0500031,74.5299988,1652700.0,69.1794586
2013-12-18 00:00:00,75.8099976,74.4000015,75.8199997,74.0199966,2327400.0,70.2168427
2013-12-19 00:00:00,75.6900024,75.9700012,76.2099991,75.5199966,1879200.0,70.10569
2013-12-20 00:00:00,75.2799988,75.9800034,76.3300018,75.25,6408300.0,69.7259216
2013-12-23 00:00:00,76.3199997,75.6500015,76.6500015,75.5,1362000.0,70.689209
2013-12-24 00:00:00,76.4199982,76.5,76.5699997,76.2200012,393500.0,70.7818069
2013-12-26 00:00:00,76.3499985,76.2099991,76.7099991,75.9800034,581300.0,70.7169571
2013-12-27 00:00:00,76.0899963,76.3600006,76.8899994,75.9899979,698400.0,70.4761658
2013-12-30 00:00:00,76.5699997,76.6299973,76.8399963,76.2399979,838100.0,70.9207535
2013-12-31 00:00:00,76.3199997,76.5500031,76.7600021,76.0800018,1040800.0,70.689209
2014-01-02 00:00:00,75.9400024,76.1100006,76.1600037,75.4000015,1355700.0,70.3372269
2014-01-03 00:00:00,75.8000031,75.75,76.3799973,75.5299988,998800.0,70.2075577
2014-01-06 00:00:00,75.7399979,75.8000031,76.0,75.4700012,1268700.0,70.1519928
2014-01-07 00:00:00,77.0599976,75.8799973,77.3499985,75.7399979,1551000.0,71.3746109
2014-01-08 00:00:00,76.4400024,76.8899994,77.0500031,76.0100021,2437600.0,70.9753418
2014-01-09 00:00:00,76.6299973,76.8000031,77.0,76.3199997,1130000.0,71.1517639
2014-01-10 00:00:00,76.2399979,76.9000015,76.9599991,75.8300018,1165200.0,70.7896652
2014-01-13 00:00:00,75.0100021,75.9800034,76.2200012,74.8199997,1109000.0,69.6475601
2014-01-14 00:00:00,76.0599976,75.3399963,76.0800018,75.1500015,1113700.0,70.6224976
2014-01-15 00:00:00,76.7799988,76.2300034,77.2200012,75.9499969,1285600.0,71.2910233
2014-01-16 00:00:00,76.7900009,76.4599991,77.1500015,76.3600006,1470500.0,71.3003235
2014-01-17 00:00:00,76.9899979,76.0599976,77.5800018,76.0599976,1764500.0,71.4860535
2014-01-21 00:00:00,76.1800003,77.7300034,77.7799988,76.1100006,1229300.0,70.7339325
2014-01-22 00:00:00,75.5699997,76.0100021,76.1600037,75.1699982,2855300.0,70.1675186
2014-01-23 00:00:00,75.3199997,75.0599976,75.7399979,74.8499985,1339300.0,69.9353867
2014-01-24 00:00:00,73.2399979,75.1100006,75.4300003,73.1699982,1749800.0,68.004097
2014-01-27 00:00:00,73.0599976,73.1800003,73.4899979,72.8300018,1670700.0,67.8369598
2014-01-28 00:00:00,73.4800034,73.3499985,74.1200027,73.1800003,1776500.0,68.2269592
2014-01-29 00:00:00,73.1800003,73.2799988,73.9899979,72.8899994,1618500.0,67.9484024
2014-01-30 00:00:00,74.1900024,73.4700012,74.5599976,73.1999969,1140800.0,68.8861771
2014-01-31 00:00:00,73.25,73.2600021,73.5500031,72.6600037,2103800.0,68.0133972
2014-02-03 00:00:00,70.8099976,73.4899979,73.7900009,70.7099991,2489300.0,65.7478104
2014-02-04 00:00:00,70.9100037,70.9599991,71.1699982,70.6999969,1732300.0,65.8406677
2014-02-05 00:00:00,70.75,70.5400009,71.0100021,70.3600006,1462700.0,65.6921158
2014-02-06 00:00:00,71.0299988,70.7300034,71.3600006,70.7300034,1590600.0,65.9521027
2014-02-07 00:00:00,71.4499969,71.2900009,71.7300034,71.0100021,2112100.0,66.3420715
2014-02-10 00:00:00,71.4499969,71.5400009,71.5699997,70.9899979,1774800.0,66.3420715
2014-02-11 00:00:00,72.7200012,71.4000015,73.0,71.4000015,1853900.0,67.5212936
2014-02-12 00:00:00,69.7200012,71.5,72.7200012,69.0199966,5066600.0,64.7357559
2014-02-13 00:00:00,70.7200012,69.4899979,70.7600021,69.1200027,3164900.0,65.6642532
2014-02-14 00:00:00,71.6900024,70.5500031,71.8700027,70.3199997,2490600.0,66.5649109
2014-02-18 00:00:00,73.0500031,71.9000015,73.2600021,71.6800003,2489500.0,67.8277054
2014-02-19 00:00:00,73.4199982,73.1900024,73.9000015,72.8600006,2359700.0,68.1712036
2014-02-20 00:00:00,73.8499985,73.6699982,74.1900024,73.0400009,1894000.0,68.5704803
2014-02-21 00:00:00,77.2399979,75.4700012,78.7399979,74.1999969,5414300.0,71.7181473
2014-02-24 00:00:00,77.4100037,76.6699982,78.1800003,76.4100037,2680200.0,71.8759995
2014-02-25 00:00:00,77.3300018,77.5500031,77.6600037,76.6500015,1527300.0,71.801712
2014-02-26 00:00:00,77.6999969,81.2099991,81.2099991,77.2300034,1233100.0,72.1452637
2014-02-27 00:00:00,78.0999985,77.6699982,78.1600037,77.0899963,1289500.0,72.5166321
2014-02-28 00:00:00,78.1500015,77.3899994,78.3000031,77.2699966,2318100.0,72.5630875
2014-03-03 00:00:00,77.8700027,78.5899963,78.7399979,77.2300034,1622300.0,72.3031235
2014-03-04 00:00:00,80.9100037,78.5299988,81.2399979,78.5100021,3059900.0,75.1257935
2014-03-05 00:00:00,80.6299973,80.8899994,80.8899994,80.1200027,1884900.0,74.8657837
2014-03-06 00:00:00,80.7300034,80.4499969,81.1200027,80.4400024,1297800.0,74.9586639
2014-03-07 00:00:00,82.1999969,81.2900009,82.3799973,80.5699997,2778000.0,76.3235626
2014-03-10 00:00:00,81.8199997,81.7600021,82.3300018,81.3099976,2189000.0,75.9707108
2014-03-11 00:00:00,81.2699966,82.0599976,82.4000015,80.8300018,1682700.0,75.4600525
2014-03-12 00:00:00,80.9300003,81.0899963,81.1900024,80.4899979,2117900.0,75.1443481
2014-03-13 00:00:00,80.1500015,81.1600037,81.4400024,79.9400024,1558500.0,74.4201508
2014-03-14 00:00:00,79.9100037,80.1500015,80.3899994,79.5899963,1308800.0,74.1972885
2014-03-17 00:00:00,80.5500031,80.2399979,81.1800003,80.0100021,1184900.0,74.7915344
2014-03-18 00:00:00,80.6600037,80.4899979,80.8499985,80.1900024,1157300.0,74.8936539
2014-03-19 00:00:00,80.2099991,80.2799988,80.75,79.6399994,1168700.0,74.4758301
2014-03-20 00:00:00,80.6900024,79.9400024,80.6999969,79.8099976,841200.0,74.9215164
2014-03-21 00:00:00,79.4400024,81.5400009,81.5400009,79.3899994,2257100.0,73.7608643
2014-03-24 00:00:00,78.8099976,79.3600006,79.8099976,78.0100021,1623700.0,73.1759033
2014-03-25 00:00:00,78.6699982,79.3799973,79.7099991,77.9499969,1366300.0,73.045929
2014-03-26 00:00:00,77.7200012,79.0899963,79.0899963,77.6999969,1630300.0,72.1638489
2014-03-27 00:00:00,77.5800018,77.4100037,77.9599991,76.9100037,1893100.0,72.0338516
2014-03-28 00:00:00,77.7699966,77.7699966,78.25,77.4199982,960200.0,72.2102661
2014-03-31 00:00:00,77.7300034,78.2699966,78.6699982,77.5500031,1942300.0,72.1731262
2014-04-01 00:00:00,78.8899994,77.9800034,78.9199982,77.7300034,2108200.0,73.2501984
2014-04-02 00:00:00,78.9700012,78.6900024,79.2200012,78.3099976,1543100.0,73.3244781
2014-04-03 00:00:00,78.5800018,79.0,79.4300003,78.0800018,2007300.0,72.9623489
2014-04-04 00:00:00,77.1900024,79.0899963,79.3600006,77.1299973,2219200.0,71.6717529
2014-04-07 00:00:00,74.7900009,76.9599991,77.1900024,74.3000031,2731900.0,69.4432983
2014-04-08 00:00:00,74.5400009,74.7900009,75.75,74.4100037,2374800.0,69.3874359
2014-04-09 00:00:00,75.1100006,74.5500031,75.1299973,74.1200027,1337400.0,69.918045
2014-04-10 00:00:00,73.5899963,75.0400009,75.1600037,73.4400024,1791500.0,68.5030975
2014-04-11 00:00:00,72.5199966,73.3099976,73.7200012,72.4400024,2290400.0,67.5070419
2014-04-14 00:00:00,73.3799973,73.3899994,73.8600006,72.8099976,1934100.0,68.3076172
2014-04-15 00:00:00,73.7399979,73.3399963,74.0599976,72.8099976,1999700.0,68.642746
2014-04-16 00:00:00,74.2699966,74.0999985,74.4899979,73.5,1100600.0,69.136116
2014-04-17 00:00:00,74.0299988,74.0699997,74.75,73.6600037,1463300.0,68.9127197
2014-04-21 00:00:00,74.0,74.1600037,74.4899979,73.6999969,1802800.0,68.8847961
2014-04-22 00:00:00,74.8399963,74.5999985,75.7900009,74.4400024,2162000.0,69.6667023
2014-04-23 00:00:00,74.3899994,74.4300003,74.7900009,74.0699997,1151000.0,69.2478104
2014-04-24 00:00:00,74.1600037,75.0800018,77.2699966,74.0100021,1488200.0,69.0337296
2014-04-25 00:00:00,75.3399963,74.6699982,77.1500015,74.5599976,3736600.0,70.1321564
2014-04-28 00:00:00,74.6900024,75.8499985,76.0100021,74.0299988,2138800.0,69.527092
2014-04-29 00:00:00,75.4000015,75.1500015,75.8199997,74.8499985,1823600.0,70.1880417
2014-04-30 00:00:00,75.75,74.9300003,75.8399963,74.9199982,1549400.0,70.5137939
2014-05-01 00:00:00,75.9300003,75.6900024,76.7699966,75.4199982,1356600.0,70.6813507
2014-05-02 00:00:00,75.2900009,76.1600037,76.25,75.2600021,902200.0,70.0856018
2014-05-05 00:00:00,75.5699997,74.8399963,75.6299973,74.4100037,958000.0,70.3462296
2014-05-06 00:00:00,74.6699982,75.5100021,75.7099991,74.6399994,901200.0,69.5084534
2014-05-07 00:00:00,74.3199997,74.5,75.0,73.6600037,1134100.0,69.182663
2014-05-08 00:00:00,74.6200027,74.3199997,75.4800034,73.8199997,1266500.0,69.4619446
2014-05-09 00:00:00,74.9199982,74.5100021,75.2799988,74.0299988,880900.0,69.7411804
2014-05-12 00:00:00,76.1100006,75.1800003,76.5,75.1299973,1233700.0,70.8489227
2014-05-13 00:00:00,75.6900024,76.1999969,76.2900009,75.4400024,947100.0,70.457962
2014-05-14 00:00:00,74.9899979,75.4400024,75.6500015,74.8700027,987700.0,69.8063507
2014-05-15 00:00:00,74.0800018,74.9400024,75.4599991,73.7399979,1623900.0,68.9592438
2014-05-16 00:00:00,75.5100021,74.4700012,75.5899963,73.8300018,2064700.0,70.2903824
2014-05-19 00:00:00,77.0699997,75.3499985,77.1600037,75.3199997,2274300.0,71.7425461
2014-05-20 00:00:00,76.8399963,76.8099976,77.2699966,76.1500015,2863000.0,71.5284271
2014-05-21 00:00:00,77.4700012,74.0,78.4000015,73.5,3935200.0,72.1149063
2014-05-22 00:00:00,78.3199997,77.2799988,78.8199997,77.1600037,1975300.0,72.9061661
2014-05-23 00:00:00,79.5899963,78.5699997,79.8000031,78.3499985,1777800.0,74.088356
2014-05-27 00:00:00,80.1399994,79.7799988,80.4400024,79.4199982,1336800.0,74.6003494
2014-05-28 00:00:00,79.0800018,80.3300018,80.3300018,79.0599976,1493600.0,73.6136246
2014-05-29 00:00:00,79.1100006,79.0899963,79.7300034,78.9000015,1484600.0,73.6415634
2014-05-30 00:00:00,79.2900009,79.4199982,79.4599991,78.8899994,1562200.0,73.8090973
2014-06-02 00:00:00,79.4300003,79.3899994,79.7099991,79.0100021,675100.0,73.9394302
2014-06-03 00:00:00,79.3899994,79.1699982,79.4899979,79.0599976,1267800.0,73.9021912
2014-06-04 00:00:00,79.3000031,79.0999985,79.4800034,79.0400009,949400.0,73.8184204
2014-06-05 00:00:00,79.3600006,79.1999969,79.6600037,78.8099976,1623400.0,73.8742523
2014-06-06 00:00:00,80.0299988,79.8399963,80.0500031,79.3799973,1399500.0,74.497963
2014-06-09 00:00:00,79.8399963,79.75,80.6200027,79.5100021,1235700.0,74.3210831
2014-06-10 00:00:00,79.1600037,79.4499969,79.9400024,78.7600021,1284700.0,73.6880951
2014-06-11 00:00:00,79.1699982,78.6299973,79.2099991,78.3499985,1262000.0,73.6973724
2014-06-12 00:00:00,78.9100037,78.8799973,79.2099991,78.6999969,1375600.0,73.4553909
2014-06-13 00:00:00,78.9899979,79.0699997,79.2799988,78.7399979,1006400.0,73.5298233
2014-06-16 00:00:00,78.9100037,78.5500031,79.1100006,78.5199966,1274900.0,73.4553909
2014-06-17 00:00:00,78.8399963,78.6699982,79.1299973,78.6100006,1394400.0,73.3902283
2014-06-18 00:00:00,79.3300018,78.6299973,79.4400024,78.6299973,1358900.0,73.8463364
2014-06-19 00:00:00,79.2900009,81.9899979,81.9899979,78.8399963,1082400.0,73.8090973
2014-06-20 00:00:00,79.5,79.7200012,79.7200012,78.8099976,1868800.0,74.0046005
2014-06-23 00:00:00,79.6699982,79.3000031,79.6999969,79.1699982,1000100.0,74.1628342
2014-06-24 00:00:00,80.5500031,79.6900024,80.9300003,79.3899994,1769500.0,74.9820175
2014-06-25 00:00:00,81.1200027,80.0400009,81.1800003,80.0299988,1158700.0,75.512619
2014-06-26 00:00:00,80.9599991,81.25,81.25,80.2099991,1276600.0,75.3636551
2014-06-27 00:00:00,81.3199997,80.5899963,81.3700027,80.5899963,1758100.0,75.6987839
2014-06-30 00:00:00,80.5299988,80.9800034,81.2099991,80.4100037,1516700.0,74.9633789
2014-07-01 00:00:00,81.2799988,80.5,81.5500031,80.4700012,1360800.0,75.6615448
2014-07-02 00:00:00,81.3000031,80.9100037,81.4899979,80.8499985,926700.0,75.6801605
2014-07-03 00:00:00,82.2300034,81.1999969,82.4599991,81.0800018,1036200.0,76.5458832
2014-07-07 00:00:00,81.2200012,81.2900009,81.9400024,80.8000031,1393600.0,75.6056747
2014-07-08 00:00:00,81.1500015,80.7900009,81.3899994,80.7900009,1594000.0,75.7176666
2014-07-09 00:00:00,81.0599976,81.3499985,81.6699982,80.7300034,922600.0,75.6336823
2014-07-10 00:00:00,80.4199982,80.1100006,80.7699966,80.0599976,1078100.0,75.0365219
2014-07-11 00:00:00,80.4499969,80.6900024,80.7799988,80.1699982,1044700.0,75.0645142
2014-07-14 00:00:00,81.3300018,80.8799973,81.5599976,80.4899979,933000.0,75.8855972
2014-07-15 00:00:00,81.1699982,81.3899994,81.7200012,80.9599991,1128900.0,75.7363052
2014-07-16 00:00:00,81.5299988,81.2399979,81.9000015,81.2099991,968900.0,76.0722351
2014-07-17 00:00:00,80.7799988,81.1200027,81.6200027,80.7300034,1191000.0,75.3724365
2014-07-18 00:00:00,81.9199982,81.25,81.9599991,80.8000031,1108100.0,76.4361038
2014-07-21 00:00:00,81.4300003,81.6500015,81.9300003,80.8300018,1107700.0,75.97892
2014-07-22 00:00:00,82.1299973,81.6800003,82.9499969,81.6699982,993600.0,76.6320419
2014-07-23 00:00:00,82.0299988,81.9700012,82.3000031,81.6900024,829500.0,76.5387726
2014-07-24 00:00:00,82.5899963,82.0599976,83.0899963,81.9899979,1354500.0,77.061264
2014-07-25 00:00:00,82.6399994,82.3399963,82.8399963,82.2399979,513500.0,77.1079407
2014-07-28 00:00:00,82.8499985,82.5100021,83.0800018,82.1800003,530100.0,77.3038559
2014-07-29 00:00:00,82.6800003,82.9899979,83.4899979,82.5199966,1128400.0,77.1452255
2014-07-30 00:00:00,83.2900009,83.0899963,83.5400009,82.4899979,935600.0,77.7144012
2014-07-31 00:00:00,81.9700012,83.0199966,83.1900024,81.8799973,1638500.0,76.4827576
2014-08-01 00:00:00,80.5599976,79.6699982,82.1399994,79.6699982,1226400.0,75.1671677
2014-08-04 00:00:00,81.0199966,80.6200027,81.1600037,80.2600021,871500.0,75.5963669
2014-08-05 00:00:00,80.4499969,80.9199982,81.2900009,80.2099991,819500.0,75.0645142
2014-08-06 00:00:00,80.9599991,80.3899994,81.1500015,80.1100006,869000.0,75.5403824
2014-08-07 00:00:00,80.8399963,81.1399994,81.7600021,80.5800018,735200.0,75.4284134
2014-08-08 00:00:00,81.3799973,80.9300003,81.4800034,80.5100021,745700.0,75.9322586
2014-08-11 00:00:00,81.8000031,81.6999969,82.2799988,81.3000031,521100.0,76.3241882
2014-08-12 00:00:00,82.0299988,81.6299973,82.1500015,81.3300018,1190100.0,76.5387726
2014-08-13 00:00:00,83.3799973,82.4000015,83.6500015,82.0100021,1260900.0,77.7983856
2014-08-14 00:00:00,83.8099976,83.4800034,83.8799973,83.1900024,1089800.0,78.1995926
2014-08-15 00:00:00,83.7200012,84.25,84.8799973,83.1200027,3122000.0,78.1156311
2014-08-18 00:00:00,84.4300003,84.2200012,84.6699982,83.9000015,1411400.0,78.7780914
2014-08-19 00:00:00,85.3899994,84.3399963,85.5800018,84.3399963,1614100.0,79.6738129
2014-08-20 00:00:00,85.2699966,85.2099991,85.4899979,84.5299988,1394600.0,79.5618439
2014-08-21 00:00:00,85.8099976,85.1500015,85.8899994,84.7300034,1697400.0,80.0657196
2014-08-22 00:00:00,83.5699997,85.2900009,86.8000031,82.1100006,5152200.0,77.9756546
2014-08-25 00:00:00,82.9000015,83.2200012,83.4400024,81.5999985,3519200.0,77.3505249
2014-08-26 00:00:00,82.6399994,82.9100037,83.6299973,82.6200027,1750700.0,77.1079407
2014-08-27 00:00:00,82.6600037,82.9499969,83.0,82.1800003,1837100.0,77.1265717
2014-08-28 00:00:00,83.3600006,82.5899963,83.5999985,82.2099991,1750800.0,77.7797089
2014-08-29 00:00:00,83.1800003,83.6399994,83.6399994,82.5999985,1267200.0,77.6117859
2014-09-02 00:00:00,82.8799973,83.3499985,83.6699982,82.7300034,1429300.0,77.3318481
2014-09-03 00:00:00,82.1200027,83.0100021,83.1699982,82.0,1616900.0,76.6227264
2014-09-04 00:00:00,82.2600021,82.9300003,82.9300003,82.0100021,1230800.0,76.7533493
2014-09-05 00:00:00,83.9800034,82.3899994,83.9899979,82.2399979,1484900.0,78.3582306
2014-09-08 00:00:00,84.1600037,83.5800018,84.5800018,83.4700012,1116000.0,78.5261765
2014-09-09 00:00:00,83.4499969,83.8499985,84.0100021,83.2799988,908000.0,77.863678
2014-09-10 00:00:00,84.5800018,83.7200012,84.6999969,83.5299988,1587900.0,78.9180298
2014-09-11 00:00:00,85.1600037,84.3700027,85.3700027,84.2699966,1453500.0,79.4592285
2014-09-12 00:00:00,83.9899979,84.8099976,85.1100006,83.8300018,2464300.0,78.3675385
2014-09-15 00:00:00,83.6200027,84.0,84.1999969,83.1699982,1255400.0,78.0223312
2014-09-16 00:00:00,83.7799988,83.6699982,86.75,83.4499969,1427400.0,78.1716156
2014-09-17 00:00:00,84.3099976,83.6100006,84.6800003,83.5899963,1550800.0,78.6661224
2014-09-18 00:00:00,85.6600037,84.5400009,85.6800003,84.3700027,1241200.0,79.9257584
2014-09-19 00:00:00,86.7200012,86.1299973,86.8799973,85.8600006,3096700.0,80.9148102
2014-09-22 00:00:00,85.5199966,86.1900024,86.5,84.9599991,1840000.0,79.7951279
2014-09-23 00:00:00,85.4199982,85.6900024,86.2200012,85.4100037,1412300.0,79.7018051
2014-09-24 00:00:00,86.6900024,85.5,87.3099976,85.4100037,2105900.0,80.8868103
2014-09-25 00:00:00,84.8499985,86.2699966,86.5,84.8099976,2106700.0,79.1699982
2014-09-26 00:00:00,86.0500031,84.8199997,86.1299973,84.6200027,2543900.0,80.2896729
2014-09-29 00:00:00,87.7799988,85.1100006,87.9599991,85.0500031,2375700.0,81.9038391
2014-09-30 00:00:00,87.6500015,87.4800034,88.7900009,87.3300018,2967600.0,81.7825394
2014-10-01 00:00:00,85.7200012,87.3600006,87.7200012,85.5199966,2010300.0,79.9817352
2014-10-02 00:00:00,84.5199966,85.0299988,85.4400024,83.3199997,2613600.0,78.8620758
2014-10-03 00:00:00,85.2600021,84.8799973,85.4499969,84.7799988,1991300.0,79.5525513
2014-10-06 00:00:00,84.6600037,85.6299973,85.8600006,84.3600006,1142900.0,78.992691
2014-10-07 00:00:00,82.4700012,84.0299988,84.6500015,82.4400024,1716700.0,76.9493179
2014-10-08 00:00:00,83.8000031,82.3099976,83.9000015,81.6299973,1693300.0,78.4280014
2014-10-09 00:00:00,81.8099976,83.6800003,83.6800003,81.4199982,1796100.0,76.5655899
2014-10-10 00:00:00,80.1699982,81.8000031,83.2200012,80.1699982,1812000.0,75.0307159
2014-10-13 00:00:00,79.6800003,79.9599991,80.4000015,78.7799988,3108300.0,74.5721207
2014-10-14 00:00:00,79.3899994,80.2799988,80.6100006,79.1900024,1906300.0,74.3007278
2014-10-15 00:00:00,79.5,78.25,79.9899979,77.9599991,2272200.0,74.4036636
2014-10-16 00:00:00,78.6399994,78.1500015,79.3199997,78.0100021,1527100.0,73.5987854
2014-10-17 00:00:00,81.0299988,79.6600037,81.3700027,79.25,2479800.0,75.8355865
2014-10-20 00:00:00,81.0400009,80.7200012,81.25,80.1800003,1229300.0,75.8449554
2014-10-21 00:00:00,83.3700027,81.7900009,83.3799973,81.0599976,1524000.0,78.0255814
2014-10-22 00:00:00,81.9599991,83.3399963,83.6900024,81.9400024,1173100.0,76.7059708
2014-10-23 00:00:00,83.5299988,82.9599991,83.8799973,82.0599976,1323500.0,78.1753159
2014-10-24 00:00:00,84.9599991,84.0899963,85.0400009,83.6600037,1103100.0,79.513649
2014-10-27 00:00:00,85.0100021,84.8799973,85.6399994,84.6999969,1354200.0,79.5604477
2014-10-28 00:00:00,86.3300018,85.4599991,86.4400024,85.4000015,1706300.0,80.7958603
2014-10-29 00:00:00,85.8799973,86.0199966,86.4499969,85.4400024,1340000.0,80.3746872
2014-10-30 00:00:00,86.8300018,85.6800003,87.0699997,85.5800018,893600.0,81.2637711
2014-10-31 00:00:00,88.0100021,88.6100006,88.8399963,87.6500015,1537300.0,82.3681259
2014-11-03 00:00:00,88.3399963,88.2399979,88.8099976,87.8700027,858700.0,82.6769714
2014-11-04 00:00:00,88.4499969,88.1299973,88.9700012,88.0500031,872800.0,82.7799301
2014-11-05 00:00:00,88.7300034,88.5100021,89.1500015,88.2099991,1193200.0,83.0419846
2014-11-06 00:00:00,89.1299973,88.8700027,89.1900024,88.4800034,950100.0,83.4163284
2014-11-07 00:00:00,88.8099976,89.3000031,89.3700027,88.6100006,790700.0,83.1168518
2014-11-10 00:00:00,89.8799973,88.75,90.0,88.5299988,1032600.0,84.1182632
2014-11-11 00:00:00,90.7099991,90.0,90.9100037,89.9199982,1324800.0,84.8950424
2014-11-12 00:00:00,89.6200027,90.4300003,90.6999969,89.4700012,1291200.0,83.8749313
2014-11-13 00:00:00,90.4400024,89.8700027,90.4499969,89.4899979,1133900.0,84.6423569
2014-11-14 00:00:00,90.6900024,90.3700027,90.7099991,89.7200012,917900.0,84.8763428
2014-11-17 00:00:00,90.9300003,90.7099991,91.4000015,90.4300003,1806200.0,85.1009369
2014-11-18 00:00:00,91.3399963,91.0100021,91.7600021,90.9400024,1577100.0,85.4846649
2014-11-19 00:00:00,91.4199982,91.1999969,91.5199966,90.6200027,1302600.0,85.5595322
2014-11-20 00:00:00,90.7300034,91.0599976,91.0699997,90.4100037,1677500.0,84.9137802
2014-11-21 00:00:00,91.7200012,95.3399963,95.4199982,91.7099991,3773000.0,85.8403015
2014-11-24 00:00:00,92.6699982,92.0100021,92.9899979,91.7900009,1717200.0,86.7294159
2014-11-25 00:00:00,92.6600037,92.1999969,93.2300034,92.0299988,1330900.0,86.7200623
2014-11-26 00:00:00,92.2399979,92.0,92.9300003,92.0,1411800.0,86.3269806
2014-11-28 00:00:00,93.8700027,92.7699966,94.3399963,92.6800003,949800.0,87.8525009
2014-12-01 00:00:00,94.1200027,93.25,94.9000015,93.2399979,1808700.0,88.0864563
2014-12-02 00:00:00,93.3300018,94.1500015,94.25,93.2099991,2124100.0,87.3470688
2014-12-03 00:00:00,93.6999969,93.2399979,94.0100021,93.0199966,1083300.0,87.693367
2014-12-04 00:00:00,93.8700027,93.4599991,93.9100037,92.9700012,903900.0,87.8525009
2014-12-05 00:00:00,93.6800003,94.1299973,94.1299973,93.2099991,1083200.0,87.6746521
2014-12-08 00:00:00,93.3600006,93.4700012,94.0,92.6999969,1032300.0,87.3751907
2014-12-09 00:00:00,92.7200012,90.8399963,92.9899979,90.4499969,1283300.0,86.7762146
2014-12-10 00:00:00,92.5599976,92.6999969,93.4700012,91.5699997,1631000.0,86.6264801
2014-12-11 00:00:00,93.3700027,93.1399994,94.0599976,92.5699997,2180100.0,87.3845367
2014-12-12 00:00:00,92.1699982,90.6999969,93.3399963,90.6999969,1934000.0,86.2614594
2014-12-15 00:00:00,92.6699982,93.0199966,93.3000031,91.5999985,2290700.0,86.7294159
2014-12-16 00:00:00,92.1100006,92.5999985,93.8799973,91.9400024,2249400.0,86.2052994
2014-12-17 00:00:00,92.8799973,92.0299988,93.1999969,91.3899994,2382800.0,86.9259491
2014-12-18 00:00:00,94.4800034,92.8000031,94.4800034,92.0899963,3064700.0,88.4233475
2014-12-19 00:00:00,93.9199982,94.2600021,95.8399963,93.8199997,2988800.0,87.8992767
2014-12-22 00:00:00,94.6900024,94.4499969,95.2399979,94.0800018,1201000.0,88.6199265
2014-12-23 00:00:00,95.1500015,95.0999985,95.3700027,94.6900024,935200.0,89.0503998
2014-12-24 00:00:00,94.5899963,95.3000031,95.4300003,94.5800018,352500.0,88.5263214
2014-12-26 00:00:00,94.1900024,94.5199966,94.9499969,94.1100006,638600.0,88.151947
2014-12-29 00:00:00,93.7600021,94.0800018,94.4599991,93.7300034,678400.0,87.7495346
2014-12-30 00:00:00,93.1100006,93.1699982,94.0400009,92.6399994,903900.0,87.1412048
2014-12-31 00:00:00,92.1900024,93.1800003,93.8899994,92.1600037,1050500.0,86.2801743
2015-01-02 00:00:00,91.2099991,92.2099991,93.1600037,90.3700027,1880300.0,85.3630066
2015-01-05 00:00:00,90.8499985,90.3000031,91.3399963,89.7399979,2493300.0,85.0260696
2015-01-06 00:00:00,88.0599976,90.8099976,91.1999969,87.6100006,2283800.0,82.414917
2015-01-07 00:00:00,88.6699982,87.9700012,89.0400009,87.8700027,1657600.0,83.2220993
2015-01-08 00:00:00,89.8600006,89.1800003,90.6299973,89.1200027,1947100.0,84.3389816
2015-01-09 00:00:00,87.9700012,90.3300018,90.5,87.8600006,2217700.0,82.5651093
2015-01-12 00:00:00,86.7200012,87.9000015,88.2699966,86.4800034,1834600.0,81.3919067
2015-01-13 00:00:00,86.3099976,87.5899963,88.9199982,85.6299973,1553600.0,81.0070877
2015-01-14 00:00:00,86.2300034,85.1999969,86.2600021,85.0800018,1618100.0,80.9319992
2015-01-15 00:00:00,85.0800018,86.1500015,86.6399994,84.8899994,910500.0,79.8526611
2015-01-16 00:00:00,86.4199982,84.9499969,86.4400024,84.75,1393700.0,81.1103287
2015-01-20 00:00:00,87.4199982,87.0500031,87.9700012,86.1699982,1843200.0,82.0488739
2015-01-21 00:00:00,86.4000015,85.9199982,87.9300003,85.9199982,1770600.0,81.0915527
2015-01-22 00:00:00,88.7900009,86.9300003,89.2600021,86.2699966,2997400.0,83.3347321
2015-01-23 00:00:00,89.4199982,89.3899994,90.1100006,88.9000015,2138600.0,83.9260101
2015-01-26 00:00:00,89.3600006,89.4599991,89.6200027,88.6500015,2058600.0,83.8697052
2015-01-27 00:00:00,88.4499969,88.1900024,89.5,87.5,1520500.0,83.0156174
2015-01-28 00:00:00,87.5,89.3099976,89.5299988,87.4899979,1541900.0,82.12397
2015-01-29 00:00:00,88.4499969,87.3199997,88.7900009,87.0400009,1617400.0,83.0156174
2015-01-30 00:00:00,86.8199997,87.9599991,88.5,86.7300034,1900300.0,81.4857712
2015-02-02 00:00:00,88.2799988,87.5100021,88.8600006,85.7699966,1772300.0,82.8560562
2015-02-03 00:00:00,90.5,88.5400009,90.5199966,88.5400009,1998100.0,84.9396667
2015-02-04 00:00:00,90.5400009,89.9700012,91.1399994,89.8000031,1483500.0,84.9771805
2015-02-05 00:00:00,91.7099991,90.4700012,91.8000031,90.1999969,1084500.0,86.0753021
2015-02-06 00:00:00,87.8300018,90.6600037,91.1500015,87.3300018,3880400.0,82.4337082
2015-02-09 00:00:00,87.8399963,87.6699982,88.9100037,86.9700012,2200600.0,82.4431229
2015-02-10 00:00:00,89.1399994,88.5,89.2699966,88.1100006,1817500.0,83.6632156
2015-02-11 00:00:00,88.7900009,89.3700027,89.7799988,88.5500031,1863100.0,83.3347321
2015-02-12 00:00:00,89.3899994,89.1800003,89.6900024,88.6800003,1969300.0,83.8978577
2015-02-13 00:00:00,90.25,89.6299973,90.2799988,89.4499969,2357900.0,84.7050247
2015-02-17 00:00:00,90.0899963,90.0599976,90.3000031,89.5100021,2884800.0,84.5548325
2015-02-18 00:00:00,89.7600021,90.0,90.2900009,89.0599976,2404400.0,84.2451096
2015-02-19 00:00:00,91.1100006,89.7200012,91.25,89.2699966,2810100.0,85.5121918
2015-02-20 00:00:00,96.7200012,94.9100037,96.8899994,94.0999985,4828500.0,90.7774811
2015-02-23 00:00:00,96.3399963,96.5299988,96.7200012,95.9300003,1831200.0,90.4208298
2015-02-24 00:00:00,97.3799973,96.2099991,97.4400024,95.9300003,1400500.0,91.3969421
2015-02-25 00:00:00,97.6399994,97.1699982,98.0899963,97.0199966,1380700.0,91.6409607
2015-02-26 00:00:00,97.6800003,97.5299988,98.0699997,97.2799988,1061000.0,91.6785126
2015-02-27 00:00:00,97.6299973,97.3099976,97.9100037,97.1200027,1298100.0,91.6315536
2015-03-02 00:00:00,98.6800003,97.5599976,98.6900024,97.2399979,997300.0,92.6170654
2015-03-03 00:00:00,98.0,98.3300018,98.5500031,97.5999985,1310800.0,91.9788437
2015-03-04 00:00:00,97.4499969,97.4100037,98.0800018,96.8799973,1142900.0,91.4626389
2015-03-05 00:00:00,98.1200027,97.5800018,98.1800003,96.8300018,1121600.0,92.0914764
2015-03-06 00:00:00,97.4100037,97.6399994,98.2600021,97.1299973,1641700.0,91.425087
2015-03-09 00:00:00,97.6500015,97.6600037,97.9000015,96.9100037,1215800.0,91.6503754
2015-03-10 00:00:00,95.3899994,96.6600037,96.9499969,95.3799973,1348100.0,89.529213
2015-03-11 00:00:00,95.1800003,95.4400024,96.1200027,95.0100021,1059000.0,89.3321152
2015-03-12 00:00:00,96.6800003,95.4000015,96.7399979,95.2399979,794000.0,90.7399521
2015-03-13 00:00:00,97.7699966,96.3399963,97.9899979,96.3199997,1736700.0,91.7629547
2015-03-16 00:00:00,99.3799973,98.0999985,99.75,97.8000031,1451700.0,93.2740707
2015-03-17 00:00:00,98.9800034,98.75,99.3799973,98.4100037,1453400.0,92.8986511
2015-03-18 00:00:00,99.9300003,98.6500015,100.6600037,98.4400024,1437700.0,93.7902679
2015-03-19 00:00:00,99.7799988,99.8099976,100.3799973,99.7799988,1195000.0,93.6494675
2015-03-20 00:00:00,100.4300003,100.4199982,100.8799973,100.1500015,3435400.0,94.259552
2015-03-23 00:00:00,100.1299973,100.8600006,100.8600006,100.0599976,1166500.0,93.9780045
2015-03-24 00:00:00,99.6999969,100.0199966,100.7200012,99.6900024,1476200.0,93.5743866
2015-03-25 00:00:00,97.3199997,99.6500015,99.6999969,97.3000031,1437300.0,91.3406219
2015-03-26 00:00:00,96.9499969,96.7399979,97.5999985,96.3199997,788300.0,90.9933624
2015-03-27 00:00:00,97.0599976,96.6500015,97.2900009,96.0400009,1023100.0,91.0966034
2015-03-30 00:00:00,98.2300034,97.8000031,98.75,97.8000031,876100.0,92.194725
2015-03-31 00:00:00,96.9599991,97.3399963,98.6299973,96.9599991,1871600.0,91.0027313
2015-04-01 00:00:00,97.6800003,96.8199997,97.6999969,96.25,1304100.0,91.6785126
2015-04-02 00:00:00,98.5,97.6900024,98.7099991,97.3499985,1080600.0,92.4481201
2015-04-06 00:00:00,97.8499985,97.4499969,98.7799988,96.9199982,1332300.0,91.8380814
2015-04-07 00:00:00,97.3499985,98.2200012,98.6200027,97.3199997,1231700.0,91.3687897
2015-04-08 00:00:00,97.9199982,97.0199966,98.3300018,97.0199966,1305800.0,92.1403809
2015-04-09 00:00:00,97.9300003,97.8799973,98.4000015,97.2900009,806300.0,92.1497879
2015-04-10 00:00:00,98.8899994,97.8399963,99.1100006,97.5699997,1666400.0,93.0531464
2015-04-13 00:00:00,97.8899994,98.0,99.1800003,97.8899994,1223000.0,92.1121674
2015-04-14 00:00:00,97.8799973,97.8300018,98.1200027,97.0999985,1823400.0,92.1027374
2015-04-15 00:00:00,97.9599991,98.4000015,98.6600037,97.8199997,955500.0,92.1780167
2015-04-16 00:00:00,97.3899994,97.2900009,97.4899979,96.9100037,1465000.0,91.6416779
2015-04-17 00:00:00,95.5800018,96.5100021,96.7099991,95.3300018,1550800.0,89.9385071
2015-04-20 00:00:00,96.6500015,96.4000015,97.1600037,96.0500031,1182600.0,90.9453583
2015-04-21 00:00:00,97.2399979,97.3099976,98.0299988,96.6999969,1061700.0,91.5005341
2015-04-22 00:00:00,100.1600037,98.5500031,100.25,98.5,2701100.0,94.2481613
2015-04-23 00:00:00,101.4499969,99.7799988,101.9499969,99.5599976,1526900.0,95.4620285
2015-04-24 00:00:00,101.2300034,101.9100037,101.9100037,100.4800034,949300.0,95.2549973
2015-04-27 00:00:00,101.5999985,101.4599991,101.9400024,101.0,958900.0,95.6031876
2015-04-28 00:00:00,101.6500015,101.1200027,102.1699982,100.8300018,885800.0,95.6502533
2015-04-29 00:00:00,101.1800003,100.9199982,102.0899963,100.8000031,1076800.0,95.2079468
2015-04-30 00:00:00,100.3300018,100.6999969,101.7200012,99.8099976,1267800.0,94.4081497
2015-05-01 00:00:00,100.5899963,100.3300018,100.8600006,100.0500031,1003600.0,94.6527863
2015-05-04 00:00:00,101.2900009,100.5800018,101.6800003,100.3499985,868000.0,95.3114777
2015-05-05 00:00:00,100.0100021,100.8000031,101.4400024,99.8700027,944400.0,94.1070328
2015-05-06 00:00:00,99.5400009,100.3799973,100.4300003,99.0199966,903000.0,93.6647797
2015-05-07 00:00:00,100.0699997,99.7200012,100.4199982,99.4000015,820800.0,94.1634903
2015-05-08 00:00:00,102.75,101.2900009,103.0999985,100.7900009,1440600.0,96.6852951
2015-05-11 00:00:00,102.3300018,102.4000015,102.9400024,102.1800003,647400.0,96.2901001
2015-05-12 00:00:00,102.2600021,101.8499985,102.7399979,101.0100021,732100.0,96.224205
2015-05-13 00:00:00,102.2399979,101.8799973,102.7600021,101.3399963,581800.0,96.2053833
2015-05-14 00:00:00,103.8199997,102.9000015,103.8499985,102.4899979,1134700.0,97.6921539
2015-05-15 00:00:00,102.3300018,104.1699982,104.2399979,102.1699982,1322500.0,96.2901001
2015-05-18 00:00:00,102.3399963,102.0599976,102.5500031,101.5500031,1098800.0,96.2994919
2015-05-19 00:00:00,103.2699966,102.9300003,103.8099976,102.5999985,1393500.0,97.1745911
2015-05-20 00:00:00,103.3799973,103.6399994,103.8799973,102.7699966,1158000.0,97.2781067
2015-05-21 00:00:00,104.1600037,103.6200027,104.7399979,103.2200012,2266500.0,98.012085
2015-05-22 00:00:00,106.7600021,105.4899979,109.2099991,105.3499985,3721900.0,100.4586105
2015-05-26 00:00:00,104.6699982,105.5500031,106.2600021,103.9800034,2369000.0,98.4919586
2015-05-27 00:00:00,105.1900024,104.7900009,105.4700012,104.3300018,1183000.0,98.9812927
2015-05-28 00:00:00,105.0899963,104.75,105.2200012,104.4899979,1051200.0,98.8871689
2015-05-29 00:00:00,104.1500015,104.9499969,105.0,103.5299988,2310700.0,98.0026703
2015-06-01 00:00:00,106.4199982,104.7699966,106.9700012,104.0899963,1805300.0,100.1386948
2015-06-02 00:00:00,106.2200012,105.75,106.8600006,105.2600021,1147600.0,99.9504852
2015-06-03 00:00:00,106.8399963,106.2399979,106.8399963,105.7399979,960500.0,100.5338898
2015-06-04 00:00:00,105.4599991,106.6299973,106.8799973,105.0500031,1063600.0,99.2353439
2015-06-05 00:00:00,105.5999985,104.6699982,106.1699982,104.6699982,1173600.0,99.3670807
2015-06-08 00:00:00,104.5,105.3499985,105.8000031,104.4599991,885300.0,98.3320007
2015-06-09 00:00:00,104.6399994,104.4499969,104.9199982,103.9000015,1304100.0,98.4637451
2015-06-10 00:00:00,107.4800034,105.2600021,107.8799973,105.0,1736700.0,101.1361389
2015-06-11 00:00:00,105.8300018,107.9300003,107.9499969,105.7699966,2473200.0,99.5834961
2015-06-12 00:00:00,104.7300034,105.1600037,105.5500031,104.4700012,1338600.0,98.5484314
2015-06-15 00:00:00,103.0500031,104.0699997,104.0699997,102.6200027,1771000.0,96.967598
2015-06-16 00:00:00,103.7300034,103.1500015,104.0,102.7699966,1324500.0,97.6074677
2015-06-17 00:00:00,103.8399963,103.8799973,104.3300018,103.1999969,884900.0,97.7109528
2015-06-18 00:00:00,104.3899994,103.75,104.5299988,103.6200027,1533800.0,98.2284927
2015-06-19 00:00:00,104.3199997,104.0800018,104.7600021,103.6999969,1427600.0,98.1626282
2015-06-22 00:00:00,105.5,105.0299988,105.5800018,103.5400009,1262800.0,99.2729721
2015-06-23 00:00:00,104.7600021,105.6500015,105.6699982,104.2399979,1211100.0,98.5766754
2015-06-24 00:00:00,103.0500031,104.3399963,104.7699966,102.9800034,1460800.0,96.967598
2015-06-25 00:00:00,103.5999985,103.3600006,104.1800003,102.9199982,1406500.0,97.4851379
2015-06-26 00:00:00,103.2399979,103.5999985,103.9800034,102.3399963,2310800.0,97.1464005
2015-06-29 00:00:00,101.0199966,102.1999969,102.6500015,100.8300018,1491000.0,95.0574112
2015-06-30 00:00:00,100.7699966,101.5199966,101.8700027,100.7600021,1722500.0,94.8221512
2015-07-01 00:00:00,101.6200027,101.6399994,102.3799973,100.7799988,1340500.0,95.6219864
2015-07-02 00:00:00,101.4100037,102.0299988,102.0299988,100.6200027,778200.0,95.4244003
2015-07-06 00:00:00,101.9199982,100.2900009,101.9599991,100.1200027,1908500.0,95.9042969
2015-07-07 00:00:00,103.5800018,101.0800018,103.7099991,101.0800018,2670200.0,97.4663162
2015-07-08 00:00:00,103.4300003,101.9000015,104.1399994,101.9000015,3095300.0,97.5606461
2015-07-09 00:00:00,103.5800018,104.4700012,105.0999985,103.5299988,1346800.0,97.7021332
2015-07-10 00:00:00,104.3600006,104.9400024,104.9400024,103.5999985,862600.0,98.437851
2015-07-13 00:00:00,105.4300003,105.3700027,106.0699997,105.0100021,1334700.0,99.4471741
2015-07-14 00:00:00,105.8300018,105.5199966,106.1100006,105.2099991,676700.0,99.8244247
2015-07-15 00:00:00,106.3300018,106.0500031,106.6399994,105.6699982,870700.0,100.296051
2015-07-16 00:00:00,108.0999985,107.2300034,108.1100006,106.8799973,1003700.0,101.9656296
2015-07-17 00:00:00,106.7699966,107.75,108.1999969,106.5599976,1475100.0,100.7111053
2015-07-20 00:00:00,106.6299973,106.8199997,107.1699982,106.4800034,994900.0,100.5790482
2015-07-21 00:00:00,106.1500015,106.2900009,107.1500015,106.0599976,996400.0,100.1262817
2015-07-22 00:00:00,106.7200012,106.1600037,107.1200027,106.1600037,812200.0,100.6639481
2015-07-23 00:00:00,107.25,106.8700027,107.8899994,106.5199966,792900.0,101.1638641
2015-07-24 00:00:00,106.6900024,107.5500031,107.8099976,106.4800034,834200.0,100.6356583
2015-07-27 00:00:00,105.0,106.1200027,106.4899979,104.7699966,1166400.0,99.0415192
2015-07-28 00:00:00,105.6399994,105.0400009,105.7099991,103.6600037,1288100.0,99.6452179
2015-07-29 00:00:00,105.5199966,105.3600006,105.7399979,104.4199982,991100.0,99.5320206
2015-07-30 00:00:00,105.7399979,104.9400024,106.0599976,103.9800034,593800.0,99.7395477
2015-07-31 00:00:00,105.7699966,106.2900009,106.4800034,105.4000015,904100.0,99.7678299
2015-08-03 00:00:00,105.0500031,104.6699982,105.7799988,104.3000031,987900.0,99.0886765
2015-08-04 00:00:00,105.5899963,105.2399979,105.8300018,104.9599991,777400.0,99.5980606
2015-08-05 00:00:00,106.7799988,106.0400009,107.75,106.0400009,700800.0,100.72052
2015-08-06 00:00:00,104.1699982,106.9899979,107.4499969,104.0500031,1176100.0,98.2586365
2015-08-07 00:00:00,105.4400024,104.0500031,105.4400024,103.4499969,1604400.0,99.4565887
2015-08-10 00:00:00,104.9899979,103.0899963,104.9899979,102.0100021,1400200.0,99.0321198
2015-08-11 00:00:00,104.6200027,103.6999969,104.6600037,103.0800018,1327900.0,98.6831207
2015-08-12 00:00:00,104.7200012,104.0100021,105.0800018,103.1100006,963800.0,98.7774124
2015-08-13 00:00:00,104.9000015,105.0199966,105.3399963,103.7600021,767000.0,98.9472122
2015-08-14 00:00:00,105.6200027,104.5500031,106.1999969,104.4400024,768300.0,99.6263809
2015-08-17 00:00:00,105.5599976,105.1999969,105.7699966,104.5,871200.0,99.5697708
2015-08-18 00:00:00,105.7200012,106.0400009,106.7600021,105.5100021,832500.0,99.7207108
2015-08-19 00:00:00,106.2699966,106.4899979,107.0699997,104.7799988,1864300.0,100.2394562
2015-08-20 00:00:00,102.9300003,105.2699966,105.6200027,102.7200012,1510600.0,97.0890121
2015-08-21 00:00:00,89.2799988,91.0599976,93.0,85.1100006,8703000.0,84.2136002
2015-08-24 00:00:00,84.25,82.3099976,85.0,80.8899994,6761400.0,79.4690552
2015-08-25 00:00:00,79.8700027,86.7200012,86.8499985,79.6299973,4786900.0,75.3376007
2015-08-26 00:00:00,83.2900009,82.7099991,84.0800018,80.8000031,5663800.0,78.5635376
2015-08-27 00:00:00,86.5999985,84.3899994,86.6299973,83.6299973,4322200.0,81.6856842
2015-08-28 00:00:00,86.2099991,85.0400009,87.6100006,85.0299988,3537000.0,81.3178253
2015-08-31 00:00:00,85.75,85.4599991,85.9599991,84.4499969,3343900.0,80.883934
2015-09-01 00:00:00,84.0999985,83.3499985,85.1900024,83.0999985,3803500.0,79.3275604
2015-09-02 00:00:00,85.8300018,85.6900024,85.9599991,84.0599976,2687700.0,80.9593887
2015-09-03 00:00:00,86.0400009,85.8799973,86.9700012,85.4899979,3230200.0,81.1574631
2015-09-04 00:00:00,85.1299973,84.6200027,85.8199997,84.1100006,3192000.0,80.2991028
2015-09-08 00:00:00,87.7399979,86.6399994,87.7900009,85.5100021,2377000.0,82.7609787
2015-09-09 00:00:00,86.6399994,87.7799988,88.3300018,86.3099976,3002900.0,81.7234039
2015-09-10 00:00:00,88.3000031,87.0,88.8700027,86.4800034,4118100.0,83.2892151
2015-09-11 00:00:00,89.3099976,87.4599991,89.4100037,87.1500015,2615900.0,84.24189
2015-09-14 00:00:00,88.8199997,89.0500031,89.5299988,88.2699966,1517900.0,83.7797318
2015-09-15 00:00:00,88.9899979,89.1299973,89.7699966,88.3600006,1791200.0,83.9400787
2015-09-16 00:00:00,89.4700012,89.1500015,89.6100006,88.0,1609200.0,84.3928223
2015-09-17 00:00:00,85.7699966,86.9000015,87.3700027,85.2799988,6863300.0,80.9027939
2015-09-18 00:00:00,85.4899979,84.6900024,86.1999969,84.3600006,5609300.0,80.6386719
2015-09-21 00:00:00,86.8099976,85.5500031,87.3000031,85.1699982,3351900.0,81.8837662
2015-09-22 00:00:00,86.8499985,85.4100037,87.2399979,85.4000015,3121500.0,81.9214859
2015-09-23 00:00:00,87.5899963,86.4599991,88.3700027,86.3099976,2251100.0,82.6195068
2015-09-24 00:00:00,87.8600006,86.8300018,88.4300003,86.6500015,2898400.0,82.8741913
2015-09-25 00:00:00,87.8799973,88.6800003,89.5899963,87.4400024,2328200.0,82.8930511
2015-09-28 00:00:00,86.2200012,87.1900024,87.9300003,86.1999969,2301400.0,81.3272476
2015-09-29 00:00:00,86.8300018,86.1800003,87.1800003,85.8700027,1724800.0,81.9026566
2015-09-30 00:00:00,88.75,87.7600021,88.8300018,87.1100006,2469800.0,83.7136765
2015-10-01 00:00:00,88.8600006,88.6600037,89.7200012,87.8300018,2583900.0,83.8174438
2015-10-02 00:00:00,89.5,87.2300034,89.5500031,85.6100006,1778400.0,84.4211349
2015-10-05 00:00:00,91.3099976,90.0,91.5,89.4599991,1525800.0,86.1284256
2015-10-06 00:00:00,90.8099976,91.2099991,92.1900024,90.5599976,1714300.0,85.6567688
2015-10-07 00:00:00,90.9599991,90.9000015,91.4899979,89.2799988,1647000.0,86.0826569
2015-10-08 00:00:00,92.2900009,90.7099991,92.4199982,90.0,1373500.0,87.3413391
2015-10-09 00:00:00,92.6999969,92.3300018,93.2600021,92.2900009,1334200.0,87.7293625
2015-10-12 00:00:00,93.2099991,92.7099991,93.4700012,91.6500015,1553800.0,88.2120209
2015-10-13 00:00:00,91.3600006,92.5100021,93.1999969,91.2600021,1770600.0,86.4611893
2015-10-14 00:00:00,90.4100037,91.3000031,92.1399994,90.4100037,1926300.0,85.5621567
2015-10-15 00:00:00,92.4300003,91.0500031,92.4800034,90.8199997,2137300.0,87.4738388
2015-10-16 00:00:00,93.6200027,92.5699997,93.7900009,91.1699982,1919900.0,88.5999985
2015-10-19 00:00:00,94.0800018,93.5299988,94.3899994,92.4899979,1079900.0,89.0353775
2015-10-20 00:00:00,94.3000031,93.8899994,94.7399979,93.8899994,1014000.0,89.243576
2015-10-21 00:00:00,93.8700027,94.9000015,94.9800034,93.3600006,1489300.0,88.8366318
2015-10-22 00:00:00,96.8600006,94.4300003,97.3000031,94.3600006,1500100.0,91.6662979
2015-10-23 00:00:00,97.9400024,97.5599976,98.0,96.1200027,1240700.0,92.688385
2015-10-26 00:00:00,97.7099991,98.1299973,99.0,97.6399994,1440800.0,92.4707184
2015-10-27 00:00:00,98.0299988,97.6500015,98.2300034,97.1500015,1093400.0,92.7735901
2015-10-28 00:00:00,97.9899979,98.3099976,98.4000015,97.2900009,1846300.0,92.7356949
2015-10-29 00:00:00,97.75,97.9000015,98.2699966,97.5800018,1431000.0,92.5085678
2015-10-30 00:00:00,97.4300003,97.9499969,98.1200027,97.3499985,1233500.0,92.2057343
2015-11-02 00:00:00,97.5100021,98.0500031,98.1999969,97.3700027,1512300.0,92.2814484
2015-11-03 00:00:00,97.7099991,97.1600037,97.9700012,97.0500031,1455100.0,92.4707184
2015-11-04 00:00:00,98.8499985,97.7200012,99.1500015,97.0,1347200.0,93.5495987
2015-11-05 00:00:00,97.7799988,99.2099991,99.5,97.4100037,1348900.0,92.5369644
2015-11-06 00:00:00,98.2799988,97.7900009,98.5400009,97.1299973,960900.0,93.0101318
2015-11-09 00:00:00,97.5100021,98.1800003,98.2099991,96.75,1119400.0,92.2814484
2015-11-10 00:00:00,98.8799973,97.4400024,98.9700012,97.0299988,944100.0,93.5779877
2015-11-11 00:00:00,99.3899994,99.4199982,100.6299973,98.7799988,1314200.0,94.0606232
2015-11-12 00:00:00,98.0500031,99.1699982,99.7900009,98.0,849800.0,92.7924881
2015-11-13 00:00:00,96.5299988,98.0299988,98.6900024,96.2600021,1540100.0,91.3539963
2015-11-16 00:00:00,96.9000015,96.8899994,97.5699997,95.9800034,1599200.0,91.7041321
2015-11-17 00:00:00,96.4300003,96.5999985,97.4599991,96.0500031,1848500.0,91.2593536
2015-11-18 00:00:00,96.6200027,96.5299988,96.8899994,95.6200027,3705300.0,91.4391556
2015-11-19 00:00:00,97.4199982,96.9300003,97.6800003,95.7900009,3985900.0,92.1962738
2015-11-20 00:00:00,103.1999969,106.2799988,108.0,101.1699982,6622300.0,97.6663208
2015-11-23 00:00:00,101.0299988,102.5199966,103.8300018,100.9100037,2915900.0,95.6126862
2015-11-24 00:00:00,99.7600021,100.0400009,100.75,97.7200012,3368000.0,94.4108124
2015-11-25 00:00:00,99.8499985,99.9800034,100.8700027,99.4300003,1928500.0,94.4959564
2015-11-27 00:00:00,100.1800003,100.0899963,100.7600021,99.6500015,1109400.0,94.8082962
2015-11-30 00:00:00,100.1999969,100.3799973,100.7600021,99.0100021,4655000.0,94.8272018
2015-12-01 00:00:00,101.7900009,100.9400024,102.5800018,100.6100006,2322400.0,96.3319321
2015-12-02 00:00:00,99.5,101.3300018,101.8000031,99.2600021,1721800.0,94.1647186
2015-12-03 00:00:00,96.3799973,99.4599991,99.9100037,95.9400024,2878800.0,91.2120285
2015-12-04 00:00:00,98.6299973,97.9400024,98.8600006,96.7300034,2232400.0,93.3413773
2015-12-07 00:00:00,98.8300018,98.7200012,99.0199966,98.2399979,1721700.0,93.5306396
2015-12-08 00:00:00,98.3199997,97.8199997,99.0,97.5,1453200.0,93.0480118
2015-12-09 00:00:00,97.7200012,98.1100006,99.6900024,97.3399963,1571200.0,92.4801941
2015-12-10 00:00:00,96.9899979,98.0199966,98.5500031,96.9599991,1760300.0,91.7893143
2015-12-11 00:00:00,96.1200027,95.8600006,96.9100037,95.8499985,2269800.0,90.9659653
2015-12-14 00:00:00,96.3000031,96.3600006,96.9300003,94.9300003,2340300.0,91.1363144
2015-12-15 00:00:00,97.9800034,97.4700012,99.3600006,96.8899994,1747100.0,92.7262344
2015-12-16 00:00:00,99.0500031,98.4599991,99.1399994,97.0,1326300.0,93.7388687
2015-12-17 00:00:00,97.8700027,99.3099976,99.9899979,97.8700027,1596600.0,92.6221542
2015-12-18 00:00:00,95.5699997,97.1999969,97.6399994,94.8600006,4537700.0,90.4454651
2015-12-21 00:00:00,95.6800003,96.0199966,96.6900024,94.6800003,1322400.0,90.5495682
2015-12-22 00:00:00,97.2099991,96.4700012,97.2699966,95.5500031,1060200.0,91.9975281
2015-12-23 00:00:00,98.0,97.7600021,98.2099991,97.2600021,761800.0,92.7451553
2015-12-24 00:00:00,97.5899963,97.9000015,98.0599976,97.3000031,327200.0,92.3571396
2015-12-28 00:00:00,98.2200012,97.0999985,98.25,96.9199982,693000.0,92.9533768
2015-12-29 00:00:00,99.3399963,98.6299973,99.9899979,98.6299973,864000.0,94.013298
2015-12-30 00:00:00,98.2799988,99.1100006,99.4100037,98.2200012,660900.0,93.0101318
2015-12-31 00:00:00,96.5,97.8300018,98.3300018,96.4800034,1189500.0,91.3255997
2016-01-04 00:00:00,94.3799973,94.1900024,94.8899994,93.1399994,2809000.0,89.3192673
2016-01-05 00:00:00,95.9499969,95.3399963,96.1200027,94.5800018,1859400.0,90.8050842
2016-01-06 00:00:00,96.2900009,94.4300003,96.4800034,94.1600037,2433200.0,91.1268463
2016-01-07 00:00:00,94.4400024,94.5,96.4300003,93.2399979,2477700.0,89.6554031
2016-01-08 00:00:00,93.1399994,94.9400024,96.0,93.0199966,2004700.0,88.4212494
2016-01-11 00:00:00,94.0,93.8199997,94.2600021,93.1399994,1889900.0,89.2376785
2016-01-12 00:00:00,94.8499985,94.6900024,95.1600037,93.5599976,1300800.0,90.0446167
2016-01-13 00:00:00,91.6999969,95.1100006,95.5999985,91.5699997,1907700.0,87.054184
2016-01-14 00:00:00,94.3199997,92.3099976,95.4700012,91.1399994,2545900.0,89.5414658
2016-01-15 00:00:00,91.4899979,91.4300003,92.9300003,90.5800018,2774800.0,86.8548355
2016-01-19 00:00:00,90.8799973,92.8399963,93.1399994,90.0400009,2468100.0,86.2757416
2016-01-20 00:00:00,91.9899979,89.5299988,92.8799973,88.6600037,2904400.0,87.3294983
2016-01-21 00:00:00,91.9499969,92.8000031,93.6699982,91.2099991,1461700.0,87.2915421
2016-01-22 00:00:00,93.6100006,93.0699997,94.0,92.1999969,1076500.0,88.8674316
2016-01-25 00:00:00,91.7300034,93.4700012,93.6600037,91.5899963,1310200.0,87.0826797
2016-01-26 00:00:00,92.6399994,91.9400024,92.7099991,91.0299988,1139700.0,87.9465714
2016-01-27 00:00:00,90.7699966,92.4100037,93.2600021,90.4499969,944100.0,86.1713104
2016-01-28 00:00:00,92.0299988,91.7300034,92.2200012,90.6999969,1141600.0,87.3674698
2016-01-29 00:00:00,95.5100021,92.7200012,95.6299973,92.0899963,2120500.0,90.6711807
2016-02-01 00:00:00,96.3700027,95.2799988,96.9700012,94.3600006,1325700.0,91.4876099
2016-02-02 00:00:00,94.1500015,95.3099976,95.6600037,93.9700012,2436000.0,89.3800735
2016-02-03 00:00:00,95.8899994,95.0,96.4100037,94.0,1864200.0,91.0319214
2016-02-04 00:00:00,96.75,95.7799988,96.9300003,94.8499985,1653000.0,91.8483505
2016-02-05 00:00:00,91.7900009,96.0899963,96.25,91.2399979,2911100.0,87.1396332
2016-02-08 00:00:00,90.9199982,90.9100037,91.2300034,88.8799973,2744500.0,86.3137207
2016-02-09 00:00:00,90.1299973,90.0800018,92.1399994,89.4899979,1922800.0,85.5637512
2016-02-10 00:00:00,90.2600021,91.2799988,92.4100037,89.9499969,1897700.0,85.6871567
2016-02-11 00:00:00,91.4100037,88.1699982,92.0699997,88.1699982,1991700.0,86.7789001
2016-02-12 00:00:00,94.5599976,92.9700012,94.6999969,91.5,2177700.0,89.7693024
2016-02-16 00:00:00,95.3600006,93.6999969,95.8099976,93.6800003,2240200.0,90.5287781
2016-02-17 00:00:00,98.3600006,95.8199997,98.6800003,95.4100037,1726100.0,93.3767929
2016-02-18 00:00:00,96.4700012,97.7900009,98.6600037,96.0999985,1768500.0,91.5825424
2016-02-19 00:00:00,97.1900024,96.5199966,97.6100006,95.3099976,1901300.0,92.2660675
2016-02-22 00:00:00,98.25,98.1800003,98.7099991,97.0,1620700.0,93.2723618
2016-02-23 00:00:00,97.3600006,97.5400009,98.1200027,96.2399979,1859300.0,92.4274292
2016-02-24 00:00:00,98.8300018,96.3499985,98.9800034,95.4100037,2177200.0,93.8229752
2016-02-25 00:00:00,100.0699997,99.0999985,100.1600037,97.9400024,2335500.0,95.0001526
2016-02-26 00:00:00,95.75,100.9100037,101.0,94.0999985,3809500.0,90.8990326
2016-02-29 00:00:00,96.6399994,95.3700027,97.3199997,94.9599991,2671300.0,91.743927
2016-03-01 00:00:00,98.8600006,97.6699982,98.8600006,96.5800018,2194700.0,93.8514481
2016-03-02 00:00:00,98.6299973,98.5299988,99.6399994,98.0599976,1607900.0,93.6331024
2016-03-03 00:00:00,97.7099991,98.0599976,98.4800034,96.3899994,1851500.0,92.7597198
2016-03-04 00:00:00,99.1800003,98.1100006,99.2600021,97.0500031,1904500.0,94.1552429
2016-03-07 00:00:00,99.3799973,98.1500015,99.75,97.5899963,1996800.0,94.3451004
2016-03-08 00:00:00,99.2699966,98.6399994,100.25,98.4000015,2051400.0,94.2406693
2016-03-09 00:00:00,99.4700012,99.3899994,100.0100021,98.9100037,1548800.0,94.4305496
2016-03-10 00:00:00,98.0199966,99.5500031,100.2699966,96.8499985,1677900.0,93.0540085
2016-03-11 00:00:00,99.9599991,98.7799988,100.2799988,98.0500031,1544200.0,94.8957291
2016-03-14 00:00:00,99.4300003,99.6100006,100.1699982,99.2099991,1181400.0,94.3925781
2016-03-15 00:00:00,99.3300018,99.1399994,99.6900024,98.7099991,1012300.0,94.2976456
2016-03-16 00:00:00,100.2900009,99.4000015,100.5400009,98.7399979,1221900.0,95.2090302
2016-03-17 00:00:00,100.8300018,100.1100006,101.2200012,99.5999985,1384700.0,95.7216721
2016-03-18 00:00:00,102.0100021,101.3399963,102.2900009,100.0299988,3012400.0,96.8418732
2016-03-21 00:00:00,102.0100021,101.4599991,102.0100021,100.9300003,968800.0,96.8418732
2016-03-22 00:00:00,102.1500015,101.6699982,102.5199966,101.2900009,1165400.0,96.9747849
2016-03-23 00:00:00,101.6999969,101.6699982,102.0500031,101.0599976,1630600.0,96.5475693
2016-03-24 00:00:00,101.8899994,101.3799973,102.1200027,100.6900024,1331800.0,96.7279358
2016-03-28 00:00:00,102.0500031,101.8700027,102.3099976,101.5400009,997800.0,96.879837
2016-03-29 00:00:00,102.5699997,101.5899963,102.9300003,101.1900024,938000.0,97.3735046
2016-03-30 00:00:00,103.1800003,103.0,103.4000015,102.5100021,969700.0,97.9525986
2016-03-31 00:00:00,104.0100021,102.75,104.5100021,102.4700012,2232400.0,98.7405396
2016-04-01 00:00:00,104.6900024,103.7699966,104.7799988,103.5199966,844900.0,99.3861008
2016-04-04 00:00:00,104.9599991,104.9100037,105.2799988,104.6299973,894100.0,99.6424103
2016-04-05 00:00:00,103.9000015,104.4300003,104.8600006,103.7799988,956600.0,98.6361237
2016-04-06 00:00:00,105.1299973,103.9199982,105.3199997,103.5999985,807800.0,99.8038101
2016-04-07 00:00:00,103.1699982,104.3300018,104.4400024,102.6399994,1278200.0,98.2233963
2016-04-08 00:00:00,103.3799973,103.8600006,104.1100006,102.9199982,654100.0,98.423317
2016-04-11 00:00:00,102.6200027,104.0599976,104.0599976,102.3000031,999700.0,97.6997528
2016-04-12 00:00:00,102.7099991,102.6399994,103.0999985,101.8399963,1451300.0,97.7854385
2016-04-13 00:00:00,103.3099976,102.9700012,103.5500031,102.7099991,1358600.0,98.3566742
2016-04-14 00:00:00,102.9300003,103.9599991,104.0500031,102.8199997,1270600.0,97.9948959
2016-04-15 00:00:00,102.8300018,103.1699982,103.6500015,102.0899963,1628000.0,97.8996964
2016-04-18 00:00:00,103.7900009,102.5599976,104.0,102.3499985,1158400.0,98.813652
2016-04-19 00:00:00,103.9199982,104.0899963,104.3399963,103.0999985,767200.0,98.9374313
2016-04-20 00:00:00,103.7399979,104.25,104.5100021,103.5500031,880900.0,98.7660675
2016-04-21 00:00:00,102.3000031,103.7399979,103.9300003,102.2799988,1218900.0,97.3951035
2016-04-22 00:00:00,102.3300018,102.0400009,102.4400024,100.7600021,1614200.0,97.4236832
2016-04-25 00:00:00,102.3600006,102.1500015,102.5899963,101.8899994,888900.0,97.4522171
2016-04-26 00:00:00,103.9199982,104.5899963,105.0,103.1200027,1234700.0,98.9374313
2016-04-27 00:00:00,103.5100021,103.9599991,104.4700012,102.5800018,1026700.0,98.5470886
2016-04-28 00:00:00,101.3700027,102.6600037,102.8099976,101.0699997,1329300.0,96.5097046
2016-04-29 00:00:00,100.8899994,100.4800034,101.0899963,99.1999969,1613600.0,96.052681
2016-05-02 00:00:00,102.2099991,101.4000015,102.3300018,100.6200027,1806200.0,97.3094254
2016-05-03 00:00:00,101.4000015,101.4300003,101.9000015,100.6999969,891700.0,96.5382385
2016-05-04 00:00:00,99.8899994,101.0299988,101.25,99.5999985,1189700.0,95.1006622
2016-05-05 00:00:00,100.4000015,100.1500015,101.3399963,100.0,1063300.0,95.5861893
2016-05-06 00:00:00,101.0400009,99.5699997,101.2300034,99.25,883200.0,96.1955185
2016-05-09 00:00:00,101.6699982,101.3600006,102.4199982,101.1800003,714800.0,96.7953033
2016-05-10 00:00:00,102.8000031,102.1999969,102.8499985,101.4400024,731900.0,97.8711319
2016-05-11 00:00:00,102.3199997,102.7900009,103.5199966,102.2300034,617300.0,97.4141541
2016-05-12 00:00:00,102.2099991,102.4100037,103.0599976,101.2099991,713300.0,97.3094254
2016-05-13 00:00:00,102.0299988,102.1200027,103.1699982,102.0,781900.0,97.1380463
2016-05-16 00:00:00,103.7300034,102.25,104.5400009,102.0899963,1046700.0,98.7565384
2016-05-17 00:00:00,102.1500015,103.5199966,103.6200027,101.8799973,912300.0,97.2523041
2016-05-18 00:00:00,102.6999969,102.2200012,103.1100006,101.8099976,1043100.0,97.7759399
2016-05-19 00:00:00,101.4199982,101.7699966,102.4700012,100.7200012,834400.0,96.5572891
2016-05-20 00:00:00,103.0299988,101.8899994,103.5800018,101.5899963,1169900.0,98.0900879
2016-05-23 00:00:00,104.6200027,103.6399994,105.0400009,103.5500031,2066300.0,99.6038666
2016-05-24 00:00:00,107.3099976,105.1399994,107.4599991,105.0899963,2834900.0,102.1648941
2016-05-25 00:00:00,105.0199966,103.0299988,105.9499969,101.8099976,4732600.0,99.9846802
2016-05-26 00:00:00,106.8300018,105.0,107.7399979,104.8799973,2659000.0,101.7079163
2016-05-27 00:00:00,107.8899994,107.2900009,107.9300003,106.8399963,1386300.0,102.7170639
2016-05-31 00:00:00,106.6600037,108.0,108.6800003,105.9100037,2598600.0,101.5460587
2016-06-01 00:00:00,107.1999969,105.8499985,107.4599991,105.6299973,1304200.0,102.060173
2016-06-02 00:00:00,108.1200027,106.9300003,108.25,106.5,1137600.0,102.936058
2016-06-03 00:00:00,107.4499969,107.6100006,107.7699966,106.7200012,1732600.0,102.2981796
2016-06-06 00:00:00,108.1299973,107.3600006,108.3899994,107.0800018,1548900.0,102.9455719
2016-06-07 00:00:00,108.4499969,108.3000031,108.9499969,108.2399979,1282500.0,103.2502365
2016-06-08 00:00:00,107.4300003,108.6900024,108.8499985,107.3199997,1436700.0,102.279129
2016-06-09 00:00:00,107.5199966,107.0800018,107.5800018,106.6999969,1490600.0,102.36483
2016-06-10 00:00:00,106.4400024,105.8499985,107.1600037,105.7699966,1397800.0,101.3366013
2016-06-13 00:00:00,105.6600037,105.5899963,106.9700012,105.5899963,1342800.0,100.5940018
2016-06-14 00:00:00,106.2200012,105.3000031,106.4599991,104.7900009,874300.0,101.1271515
2016-06-15 00:00:00,106.2799988,106.7900009,106.8899994,106.1299973,1197900.0,101.1842728
2016-06-16 00:00:00,106.4899979,105.8399963,106.7099991,105.2399979,863200.0,101.3842087
2016-06-17 00:00:00,105.3600006,106.2799988,106.4400024,104.7200012,1689300.0,100.3083878
2016-06-20 00:00:00,107.3499985,106.3300018,107.7399979,106.0500031,1397100.0,102.20298
2016-06-21 00:00:00,107.9000015,107.6299973,108.2399979,107.1100006,1817600.0,102.7266083
2016-06-22 00:00:00,106.4499969,107.7600021,107.8899994,106.3799973,1453600.0,101.3461227
2016-06-23 00:00:00,108.9499969,108.0299988,108.9499969,107.1200027,1418500.0,103.7262726
2016-06-24 00:00:00,105.3300018,103.8600006,106.4800034,103.5999985,5050300.0,100.2798386
2016-06-27 00:00:00,104.1800003,104.2399979,104.8199997,103.0299988,1769400.0,99.184967
2016-06-28 00:00:00,105.9899979,105.1999969,106.0599976,104.7300034,1643600.0,100.9082031
2016-06-29 00:00:00,109.2900009,106.6100006,109.3700027,106.6100006,1645800.0,104.0499802
2016-06-30 00:00:00,111.6100006,109.3700027,111.7900009,109.0999985,2191500.0,106.2587204
2016-07-01 00:00:00,111.9100037,111.7300034,112.4800034,111.3499985,1017500.0,106.5443344
2016-07-05 00:00:00,112.7399979,111.5100021,113.0199966,111.2399979,1578200.0,107.3345413
2016-07-06 00:00:00,113.2799988,112.0400009,113.3300018,111.8700027,1328500.0,107.8486633
2016-07-07 00:00:00,114.25,113.1900024,114.2600021,112.8700027,1074400.0,108.7721481
2016-07-08 00:00:00,115.4800034,115.0,116.0299988,113.9800034,1507500.0,110.2326126
2016-07-11 00:00:00,115.6299973,116.0500031,116.4000015,115.3499985,1535900.0,110.3758011
2016-07-12 00:00:00,116.3399963,116.4499969,116.7200012,115.5,1199200.0,111.0535278
2016-07-13 00:00:00,115.9199982,116.9599991,116.9700012,115.9100037,967100.0,110.6526337
2016-07-14 00:00:00,116.3899994,116.5199966,116.8700027,115.6399994,881500.0,111.1012802
2016-07-15 00:00:00,114.9800034,116.5800018,116.5800018,114.4599991,2158400.0,109.7553406
2016-07-18 00:00:00,115.25,114.8899994,115.75,114.5500031,737400.0,110.0130692
2016-07-19 00:00:00,114.7799988,115.0699997,115.4899979,114.5599976,865600.0,109.5644455
2016-07-20 00:00:00,114.7900009,112.7799988,115.2900009,112.7200012,1555100.0,109.5739746
2016-07-21 00:00:00,113.1900024,114.4800034,114.4899979,112.7099991,961400.0,108.0466766
2016-07-22 00:00:00,114.0599976,113.5899963,114.3399963,112.9899979,717600.0,108.8771591
2016-07-25 00:00:00,113.9499969,113.9700012,114.0400009,113.4599991,566500.0,108.7721405
2016-07-26 00:00:00,113.6200027,114.1299973,114.6200027,113.1999969,782200.0,108.4571304
2016-07-27 00:00:00,112.5400009,113.5899963,113.5899963,112.0100021,1731100.0,107.4262161
2016-07-28 00:00:00,112.0400009,112.6500015,113.0,111.4199982,2383700.0,106.9489288
2016-07-29 00:00:00,110.9899979,112.2200012,112.2200012,110.3899994,3062500.0,105.9466705
2016-08-01 00:00:00,110.7600021,111.4199982,111.7699966,110.0,3405600.0,105.7271042
2016-08-02 00:00:00,109.2200012,110.5199966,110.6200027,108.6999969,1816800.0,104.2570724
2016-08-03 00:00:00,109.8300018,108.8899994,109.8600006,108.8499985,1279800.0,104.8393631
2016-08-04 00:00:00,109.9000015,110.1699982,110.6200027,109.7099991,756400.0,104.9061966
2016-08-05 00:00:00,111.4899979,110.0500031,111.9100037,110.0500031,900600.0,106.4239426
2016-08-08 00:00:00,112.0199966,111.8199997,112.4400024,111.4899979,1426200.0,106.9298325
2016-08-09 00:00:00,112.1299973,112.0400009,112.7600021,111.8199997,1081600.0,107.0348358
2016-08-10 00:00:00,112.8600006,112.1299973,113.0199966,112.0899963,1284000.0,107.7316666
2016-08-11 00:00:00,113.1500015,112.9100037,113.5699997,112.4899979,843000.0,108.0084915
2016-08-12 00:00:00,112.0899963,112.5699997,112.9199982,111.8499985,854900.0,106.9966583
2016-08-15 00:00:00,113.3199997,112.5299988,114.0599976,111.8899994,1206000.0,108.1707687
2016-08-16 00:00:00,112.4700012,113.0299988,113.0299988,112.4100037,1040300.0,107.3594055
2016-08-17 00:00:00,112.7399979,112.7900009,113.0,112.0100021,1148400.0,107.6171417
2016-08-18 00:00:00,112.5400009,112.5199966,113.1600037,111.9899979,934300.0,107.4262161
2016-08-19 00:00:00,112.8000031,112.5899963,113.1900024,112.1600037,924500.0,107.6743927
2016-08-22 00:00:00,112.5400009,112.7399979,113.4000015,112.3199997,785200.0,107.4262161
2016-08-23 00:00:00,113.8399963,113.25,114.0,112.5,1546300.0,108.6671371
2016-08-24 00:00:00,109.8499985,108.3799973,110.3300018,108.0,4420600.0,104.8584518
2016-08-25 00:00:00,110.0,109.9499969,110.8600006,109.5699997,1553900.0,105.0016403
2016-08-26 00:00:00,110.3199997,109.7799988,111.0400009,109.6699982,1056500.0,105.307106
2016-08-29 00:00:00,110.7600021,110.4100037,111.1399994,110.4100037,1301900.0,105.7271042
2016-08-30 00:00:00,111.1500015,110.7099991,111.1600037,110.1100006,1503400.0,106.0993805
2016-08-31 00:00:00,111.4499969,111.1100006,111.5599976,110.6399994,1413600.0,106.3857498
2016-09-01 00:00:00,112.3399963,111.2799988,112.3499985,110.8499985,1339900.0,107.2352982
2016-09-02 00:00:00,112.0699997,112.9100037,113.1100006,111.4400024,987600.0,106.977562
2016-09-06 00:00:00,111.3700027,111.8899994,112.0599976,110.4000015,2091000.0,106.3093719
2016-09-07 00:00:00,111.9700012,111.4400024,111.9700012,110.9199982,1525900.0,106.8821259
2016-09-08 00:00:00,110.9599991,111.4400024,111.9800034,110.8300018,1204200.0,105.9180374
2016-09-09 00:00:00,109.25,109.9199982,110.4599991,109.2399979,1705800.0,104.2857132
2016-09-12 00:00:00,109.5400009,108.9199982,109.9199982,108.3300018,1462100.0,104.5625458
2016-09-13 00:00:00,106.6999969,107.0800018,108.2200012,106.3399963,2110300.0,101.8515778
2016-09-14 00:00:00,108.1100006,106.9700012,108.1900024,106.7200012,1960700.0,103.197525
2016-09-15 00:00:00,109.7600021,108.1399994,109.9700012,107.6399994,1535100.0,104.7725372
2016-09-16 00:00:00,109.0,109.4199982,109.4800034,108.1600037,3314100.0,104.0470581
2016-09-19 00:00:00,108.9800034,109.4199982,109.9700012,108.9499969,1245000.0,104.0279694
2016-09-20 00:00:00,108.9700012,109.75,109.8499985,108.6800003,1087800.0,104.0184555
2016-09-21 00:00:00,110.7799988,109.5199966,111.0,108.9000015,1352900.0,105.7461853
2016-09-22 00:00:00,110.7600021,111.1399994,111.4899979,110.5899963,1255100.0,105.7271042
2016-09-23 00:00:00,109.9000015,110.1699982,110.5299988,109.2600021,1263400.0,104.9061966
2016-09-26 00:00:00,108.9800034,109.1900024,109.4899979,108.5800018,1238400.0,104.0279694
2016-09-27 00:00:00,110.1100006,108.9000015,110.4300003,108.5800018,1024600.0,105.106636
2016-09-28 00:00:00,110.1800003,110.0299988,110.3099976,109.3899994,1128900.0,105.1734467
2016-09-29 00:00:00,109.3099976,109.7799988,110.4400024,108.9300003,892700.0,104.3429718
2016-09-30 00:00:00,110.0100021,109.5299988,110.3300018,109.2099991,1681400.0,105.0111771
2016-10-03 00:00:00,109.1600037,109.8300018,110.1200027,108.9000015,818200.0,104.199791
2016-10-04 00:00:00,109.3700027,109.4499969,109.9199982,108.8799973,519700.0,104.4002762
2016-10-05 00:00:00,108.6100006,109.7399979,109.7699966,108.5199966,1025900.0,103.9981079
2016-10-06 00:00:00,108.8399963,108.3899994,108.9499969,107.9499969,1251300.0,104.2183304
2016-10-07 00:00:00,107.4499969,109.0,109.0,106.9300003,1524200.0,102.8873596
2016-10-10 00:00:00,108.1500015,108.4800034,108.8399963,108.1200027,860500.0,103.5576401
2016-10-11 00:00:00,106.9899979,108.0800018,108.2200012,106.5400009,1831600.0,102.4468765
2016-10-12 00:00:00,107.5299988,106.9599991,108.0199966,106.4100037,1628700.0,102.9639587
2016-10-13 00:00:00,106.8000031,106.8000031,107.3000031,106.5100021,1376100.0,102.2649384
2016-10-14 00:00:00,106.9899979,107.5599976,108.1699982,106.9400024,1100200.0,102.4468765
2016-10-17 00:00:00,106.8799973,106.9499969,107.5500031,106.6299973,740900.0,102.341568
2016-10-18 00:00:00,107.1500015,107.9700012,108.8000031,107.0800018,897300.0,102.6000977
2016-10-19 00:00:00,108.1900024,107.8199997,108.5699997,107.1500015,1234600.0,103.595932
2016-10-20 00:00:00,107.9000015,108.0,108.3199997,107.3099976,856400.0,103.3182449
2016-10-21 00:00:00,108.4499969,107.7099991,108.8899994,107.0800018,3144100.0,103.8448868
2016-10-24 00:00:00,109.6299973,109.2200012,109.9899979,108.8000031,974500.0,104.9747772
2016-10-25 00:00:00,108.3199997,109.6399994,109.8099976,108.0899963,1202900.0,103.7204208
2016-10-26 00:00:00,107.8199997,108.1999969,108.5199966,107.6699982,980800.0,103.2416611
2016-10-27 00:00:00,107.3099976,108.3700027,108.5,107.2200012,1244900.0,102.7533112
2016-10-28 00:00:00,108.1699982,107.5,108.6600037,107.3499985,1157800.0,103.576767
2016-10-31 00:00:00,108.7399979,108.7200012,109.1500015,108.2799988,1348400.0,104.1225967
2016-11-01 00:00:00,107.3899994,109.0299988,109.1900024,106.6299973,1048100.0,102.8299026
2016-11-02 00:00:00,106.1999969,107.4100037,107.6399994,106.0299988,1204400.0,101.6904297
2016-11-03 00:00:00,105.5999985,108.4000015,108.4000015,105.4800034,1110300.0,101.1159058
2016-11-04 00:00:00,105.2799988,104.6100006,106.3499985,104.5599976,1035000.0,100.8095016
2016-11-07 00:00:00,107.9000015,106.5999985,107.9899979,106.3700027,1169800.0,103.3182449
2016-11-08 00:00:00,108.3499985,107.9499969,108.9300003,107.3600006,882400.0,103.7491302
2016-11-09 00:00:00,109.3600006,104.2699966,109.5699997,103.2200012,2198500.0,104.7162552
2016-11-10 00:00:00,109.2300034,109.5999985,110.5800018,107.1900024,1515600.0,104.591774
2016-11-11 00:00:00,111.3799973,109.0,111.5199966,108.6999969,2334500.0,106.6504745
2016-11-14 00:00:00,110.0100021,111.5,112.0599976,109.9199982,1822200.0,105.3386459
2016-11-15 00:00:00,110.9000015,110.4599991,111.8199997,110.2300034,1405600.0,106.1908722
2016-11-16 00:00:00,110.8600006,110.8300018,111.0199966,109.9599991,2330000.0,106.152565
2016-11-17 00:00:00,113.8000031,110.8099976,113.8399963,110.2200012,1912600.0,108.96772
2016-11-18 00:00:00,115.9800034,113.7399979,116.6200027,113.6299973,4870500.0,111.0551529
2016-11-21 00:00:00,115.6699982,115.25,115.9800034,114.6900024,1939800.0,110.7583008
2016-11-22 00:00:00,116.4300003,116.2399979,116.6600037,115.6200027,1382800.0,111.4860382
2016-11-23 00:00:00,115.8199997,116.3199997,116.3799973,115.5500031,1497600.0,110.9019547
2016-11-25 00:00:00,116.0699997,115.9000015,116.1699982,115.3199997,516800.0,111.1413269
2016-11-28 00:00:00,115.7099991,115.9000015,116.5,115.2799988,1166200.0,110.7966156
2016-11-29 00:00:00,116.1600037,115.5400009,116.6299973,115.3300018,1480100.0,111.2275238
2016-11-30 00:00:00,113.6800003,116.1600037,116.25,113.6699982,1696100.0,108.8528214
2016-12-01 00:00:00,113.3700027,113.7900009,114.1999969,112.4000015,2088700.0,108.5559692
2016-12-02 00:00:00,113.2600021,113.25,113.8300018,112.2300034,840200.0,108.4506378
2016-12-05 00:00:00,114.8899994,113.9199982,115.5800018,111.4800034,1041800.0,110.0114365
2016-12-06 00:00:00,114.5299988,114.7900009,114.8899994,113.6999969,852400.0,109.666687
2016-12-07 00:00:00,116.6100006,114.3199997,116.6399994,114.2200012,942500.0,111.6584015
2016-12-08 00:00:00,117.6699982,116.4300003,117.7399979,116.1299973,999500.0,112.6733856
2016-12-09 00:00:00,116.9800034,117.5800018,117.6399994,116.6699982,1175000.0,112.0126877
2016-12-12 00:00:00,116.0299988,116.6299973,116.9599991,115.5299988,973300.0,111.1030273
2016-12-13 00:00:00,117.7900009,116.1800003,118.5599976,116.0500031,978600.0,112.7882919
2016-12-14 00:00:00,117.6699982,118.0400009,118.6600037,117.5500031,996100.0,112.6733856
2016-12-15 00:00:00,117.7799988,117.7099991,118.1900024,117.1399994,853000.0,112.778717
2016-12-16 00:00:00,117.3099976,118.2799988,118.2799988,116.75,1496000.0,112.3286667
2016-12-19 00:00:00,118.1500015,117.1600037,118.6100006,117.0500031,651400.0,113.1330185
2016-12-20 00:00:00,118.3899994,118.6299973,118.6299973,117.6699982,638400.0,113.3628082
2016-12-21 00:00:00,117.6900024,118.2799988,118.3700027,117.4000015,567000.0,112.6925278
2016-12-22 00:00:00,116.9100037,117.2799988,117.4499969,116.2600021,696600.0,111.9456482
2016-12-23 00:00:00,116.9199982,116.9899979,117.4499969,116.5999985,417100.0,111.9552155
2016-12-27 00:00:00,116.9000015,117.3600006,117.9400024,116.6200027,819600.0,111.9360809
2016-12-28 00:00:00,115.4599991,116.8799973,116.8899994,115.1800003,801500.0,110.5572281
2016-12-29 00:00:00,114.9199982,115.4100037,115.8499985,114.8099976,636700.0,110.0401688
2016-12-30 00:00:00,114.6100006,115.3300018,115.7600021,113.5400009,1442800.0,109.7433319
2017-01-03 00:00:00,114.75,114.3399963,115.3000031,114.0999985,1433800.0,109.8773804
2017-01-04 00:00:00,114.9800034,114.7099991,115.6299973,114.3000031,871700.0,110.0976105
2017-01-05 00:00:00,115.6900024,114.7799988,115.7399979,114.5,1051400.0,110.7774734
2017-01-06 00:00:00,116.8600006,115.5999985,117.0299988,115.1999969,997200.0,112.2275848
2017-01-09 00:00:00,116.5100021,116.8899994,116.9800034,115.7900009,706400.0,111.8914719
2017-01-10 00:00:00,116.1100006,116.4400024,116.6299973,115.2600021,925500.0,111.5073318
2017-01-11 00:00:00,116.3799973,116.0999985,116.6900024,115.4800034,837900.0,111.7666321
2017-01-12 00:00:00,117.0400009,116.2399979,117.1500015,115.3700027,708000.0,112.4004593
2017-01-13 00:00:00,117.0999985,117.0299988,117.2699966,116.5100021,616000.0,112.4580994
2017-01-17 00:00:00,116.0899963,116.9599991,117.3099976,115.5899963,753700.0,111.4881287
2017-01-18 00:00:00,115.7900009,116.5999985,116.8600006,115.6299973,843100.0,111.2000275
2017-01-19 00:00:00,115.9499969,116.0699997,116.4000015,115.0699997,961800.0,111.3536606
2017-01-20 00:00:00,117.0999985,116.4800034,117.2099991,115.7799988,1376800.0,112.4580994
2017-01-23 00:00:00,117.0999985,117.0500031,117.4499969,116.2300034,1053100.0,112.4580994
2017-01-24 00:00:00,118.75,117.7200012,118.8499985,117.2699966,964400.0,114.0426559
2017-01-25 00:00:00,120.0100021,119.6399994,120.5500031,119.0800018,1442600.0,115.252739
2017-01-26 00:00:00,118.4599991,120.0,120.1100006,118.3799973,1041600.0,113.764183
2017-01-27 00:00:00,118.5899963,119.1200027,119.2600021,118.2099991,703000.0,113.8890152
2017-01-30 00:00:00,118.5299988,118.4899979,118.5500031,117.3099976,807800.0,113.831398
2017-01-31 00:00:00,118.5800018,118.4199982,118.5800018,117.6200027,1207200.0,113.8794098
2017-02-01 00:00:00,117.7099991,118.4899979,118.9899979,117.3899994,922600.0,113.0439072
2017-02-02 00:00:00,117.8300018,117.2099991,118.1900024,116.4300003,743800.0,113.1591644
2017-02-03 00:00:00,118.3700027,118.5400009,119.25,118.3199997,828100.0,113.6777496
2017-02-06 00:00:00,117.8899994,118.0899963,118.1699982,117.2799988,757200.0,113.2167587
2017-02-07 00:00:00,117.4800034,118.2399979,118.5899963,117.1999969,790900.0,112.8230362
2017-02-08 00:00:00,116.5500031,111.9000015,117.6600037,111.9000015,2963600.0,111.9298782
2017-02-09 00:00:00,116.0899963,116.6399994,117.2699966,115.8000031,1718300.0,111.4881287
2017-02-10 00:00:00,117.5299988,116.5599976,117.5500031,115.8899994,1428100.0,112.8710327
2017-02-13 00:00:00,118.4000015,118.1900024,118.6800003,117.2099991,1357800.0,113.7065506
2017-02-14 00:00:00,118.8399963,118.1600037,118.8700027,117.5400009,1475000.0,114.1291275
2017-02-15 00:00:00,118.9499969,118.5400009,118.9599991,117.9300003,1031100.0,114.2347488
2017-02-16 00:00:00,119.2399979,119.0,119.3300018,118.3700027,874800.0,114.5132523
2017-02-17 00:00:00,119.8600006,119.2399979,119.8700027,118.1999969,2113400.0,115.1086731
2017-02-21 00:00:00,119.8700027,119.4199982,120.5400009,118.8099976,1505700.0,115.1182785
2017-02-22 00:00:00,119.4300003,119.7699966,120.1600037,119.1100006,1254800.0,114.6957321
2017-02-23 00:00:00,120.6999969,119.4899979,120.9800034,119.0599976,1635100.0,115.9153748
2017-02-24 00:00:00,128.0099945,126.5,128.4499969,123.8700027,3478500.0,122.9356079
2017-02-27 00:00:00,125.8499985,126.9499969,127.5800018,125.3700027,2245800.0,120.8612289
2017-02-28 00:00:00,125.4400024,125.7200012,125.8600006,124.3899994,1932300.0,120.4674911
2017-03-01 00:00:00,124.5299988,125.8899994,125.8899994,124.1800003,2503400.0,119.593544
2017-03-02 00:00:00,125.1699982,123.9400024,125.4199982,123.8600006,1543100.0,120.2081757
2017-03-03 00:00:00,126.4499969,125.3799973,126.6699982,124.7099991,1500600.0,121.4374695
2017-03-06 00:00:00,126.0999985,125.7399979,126.5500031,125.4300003,1045500.0,121.1013336
2017-03-07 00:00:00,125.4000015,126.4400024,126.4899979,125.2900009,1121900.0,120.4290695
2017-03-08 00:00:00,125.5999985,125.0500031,125.6500015,124.8499985,1469700.0,120.6211548
2017-03-09 00:00:00,124.7600021,125.9300003,126.0,124.2699966,1294700.0,119.8144531
2017-03-10 00:00:00,124.9400024,125.6900024,125.6900024,124.6600037,1282100.0,119.9872971
2017-03-13 00:00:00,124.9499969,124.7699966,125.0800018,124.4499969,2094600.0,119.9968872
2017-03-14 00:00:00,124.3099976,124.8799973,125.0299988,123.8499985,2018500.0,119.3822708
2017-03-15 00:00:00,124.6699982,124.9300003,125.3600006,124.1800003,1358300.0,119.7280045
2017-03-16 00:00:00,124.3499985,124.6399994,124.9400024,123.9000015,1259900.0,119.4206772
2017-03-17 00:00:00,123.9199982,124.5,124.6299973,123.6900024,1668000.0,119.0077515
2017-03-20 00:00:00,123.4000015,123.5699997,124.1900024,122.7699966,1380500.0,118.5083313
2017-03-21 00:00:00,121.0500031,123.5299988,123.8000031,120.9499969,1754200.0,116.2514954
2017-03-22 00:00:00,121.1200027,121.2600021,121.4899979,120.8199997,1571100.0,116.3187408
2017-03-23 00:00:00,119.9899979,121.3000031,122.0699997,119.9000015,1485300.0,115.2335281
2017-03-24 00:00:00,119.7200012,120.4300003,120.6399994,119.0999985,1890100.0,114.9742203
2017-03-27 00:00:00,118.4499969,118.8499985,119.0599976,117.7900009,2110600.0,113.75457
2017-03-28 00:00:00,118.0,118.75,118.9000015,117.6399994,2695300.0,113.3224182
2017-03-29 00:00:00,117.8799973,117.8300018,118.1399994,116.7699966,4294300.0,113.2071686
2017-03-30 00:00:00,115.6200027,117.5500031,117.7900009,115.4300003,2093200.0,111.0367508
2017-03-31 00:00:00,115.9899979,115.5,116.3899994,115.3000031,4699700.0,111.392067
2017-04-03 00:00:00,116.1699982,116.0500031,116.5199966,114.8000031,4074500.0,111.5649414
2017-04-04 00:00:00,116.0299988,115.6900024,116.7799988,115.6900024,1718300.0,111.4305038
2017-04-05 00:00:00,116.5500031,116.5699997,117.2799988,116.0500031,1881700.0,111.9298782
2017-04-06 00:00:00,117.8099976,116.0400009,117.8600006,115.5599976,3653600.0,113.4709625
2017-04-07 00:00:00,118.4599991,117.9899979,118.9599991,117.8099976,2561800.0,114.0970383
2017-04-10 00:00:00,118.6200027,118.5500031,119.3000031,118.0400009,2147200.0,114.2511215
2017-04-11 00:00:00,118.6800003,118.3600006,118.75,117.3799973,1673300.0,114.3088989
2017-04-12 00:00:00,117.8300018,118.2300034,118.3799973,117.5100021,1668000.0,113.4902191
2017-04-13 00:00:00,117.8899994,118.0500031,118.8899994,117.7200012,1115900.0,113.5480194
2017-04-17 00:00:00,118.6399994,118.2900009,118.6699982,117.9300003,940200.0,114.2704086
2017-04-18 00:00:00,119.3499985,118.4300003,119.4800034,118.2699966,1719200.0,114.9542465
2017-04-19 00:00:00,118.9700012,119.6600037,119.7300034,118.6999969,1434400.0,114.5882416
2017-04-20 00:00:00,118.2699966,119.1100006,119.1299973,117.8399963,2790600.0,113.9140091
2017-04-21 00:00:00,118.3600006,118.4800034,118.7300034,117.9300003,2409500.0,114.0007019
2017-04-24 00:00:00,118.7600021,119.4199982,119.4199982,118.25,1748100.0,114.3859787
2017-04-25 00:00:00,119.0800018,118.9199982,119.3799973,118.6100006,2072300.0,114.6941757
2017-04-26 00:00:00,115.8099976,118.9000015,119.0199966,115.6200027,3963400.0,111.5446091
2017-04-27 00:00:00,125.6100006,123.3399963,125.7399979,123.1500015,4945700.0,120.9836807
2017-04-28 00:00:00,125.2099991,126.0800018,126.0800018,124.8199997,1943300.0,120.5984192
2017-05-01 00:00:00,125.5199966,125.5500031,125.6699982,124.7200012,1381300.0,120.8969803
2017-05-02 00:00:00,125.9100037,125.75,126.1900024,125.0199966,1427900.0,121.2726364
2017-05-03 00:00:00,125.5999985,126.0,126.0,125.0899963,936600.0,120.9740601
2017-05-04 00:00:00,125.9499969,125.9300003,126.1200027,125.4700012,971300.0,121.3111496
2017-05-05 00:00:00,126.1399994,126.4800034,126.4800034,125.6999969,755300.0,121.4941711
2017-05-08 00:00:00,126.1699982,126.1500015,126.3499985,125.5500031,974700.0,121.5230713
2017-05-09 00:00:00,126.7300034,126.2200012,127.0800018,125.9100037,1097000.0,122.062439
2017-05-10 00:00:00,127.0899963,126.4499969,127.4599991,126.4499969,1378300.0,122.4091873
2017-05-11 00:00:00,126.8799973,126.8399963,127.1900024,126.0800018,978600.0,122.2069016
2017-05-12 00:00:00,126.5100021,126.8700027,126.8700027,126.1399994,793600.0,121.8505402
2017-05-15 00:00:00,127.6299973,126.3300018,127.6399994,126.0100021,1346000.0,122.9292984
2017-05-16 00:00:00,127.5,127.5800018,127.6100006,127.1100006,930700.0,122.8040619
2017-05-17 00:00:00,125.3499985,126.7600021,127.4199982,125.2900009,1471600.0,120.7332687
2017-05-18 00:00:00,125.1500015,125.1999969,125.8300018,124.2200012,1697300.0,120.5406189
2017-05-19 00:00:00,125.3799973,125.2799988,126.6699982,124.6999969,2704500.0,120.7621536
2017-05-22 00:00:00,127.1600037,125.5,127.2799988,125.1600037,1719800.0,122.4765778
2017-05-23 00:00:00,129.1499939,127.8000031,130.1000061,127.3899994,2670800.0,124.39328
2017-05-24 00:00:00,137.8300018,139.7100067,140.25,136.4100037,5279500.0,132.7536011
2017-05-25 00:00:00,138.3600006,137.5299988,138.8099976,135.4299927,3528800.0,133.2640686
2017-05-26 00:00:00,138.5599976,138.0299988,139.8600006,136.8300018,2318100.0,133.4567261
2017-05-30 00:00:00,140.0500031,138.4799957,140.1999969,138.0,2606300.0,134.8918304
2017-05-31 00:00:00,140.6399994,140.1999969,141.0800018,139.5200043,2388000.0,135.4601135
2017-06-01 00:00:00,141.3300018,140.5500031,141.6799927,140.2700043,1903100.0,136.1246948
2017-06-02 00:00:00,142.8099976,141.2200012,142.8899994,141.1300049,1521900.0,137.5501709
2017-06-05 00:00:00,142.6499939,142.6199951,143.4600067,142.1900024,1472500.0,137.3960876
2017-06-06 00:00:00,141.6300049,142.1799927,142.9400024,141.6000061,1987100.0,136.4136353
2017-06-07 00:00:00,141.9700012,142.1199951,142.8099976,141.4299927,1447000.0,136.7411194
2017-06-08 00:00:00,142.7100067,142.2299957,142.9900055,141.6100006,1416800.0,137.4538879
2017-06-09 00:00:00,140.2100067,143.0,143.8099976,139.1000061,1890700.0,135.0459747
2017-06-12 00:00:00,139.7400055,138.9600067,140.1399994,138.0099945,1776500.0,134.5932465
2017-06-13 00:00:00,139.8800049,139.8000031,140.7100067,139.4100037,1492500.0,134.7281342
2017-06-14 00:00:00,140.1900024,140.5,141.0299988,138.8600006,906900.0,135.0266876
2017-06-15 00:00:00,140.0,138.9600067,140.4799957,138.1300049,1347000.0,134.8436737
2017-06-16 00:00:00,139.4900055,138.6499939,140.4600067,138.6499939,1920800.0,134.352478
2017-06-19 00:00:00,140.75,140.1999969,141.2799988,139.75,1690200.0,135.5660553
2017-06-20 00:00:00,140.1699982,140.5599976,140.8999939,140.0299988,1042200.0,135.0074158
2017-06-21 00:00:00,140.25,140.7799988,141.5200043,139.9799957,1265100.0,135.0845032
2017-06-22 00:00:00,139.9900055,139.8999939,140.6399994,139.6000061,1112900.0,134.8340302
2017-06-23 00:00:00,140.3999939,140.2400055,140.7799988,139.5599976,1543600.0,135.2289124
2017-06-26 00:00:00,138.3999939,138.4100037,139.8500061,137.6799927,1363800.0,133.3026276
2017-06-27 00:00:00,135.2899933,137.7799988,138.4100037,135.2599945,1540500.0,130.3071289
2017-06-28 00:00:00,135.3699951,135.4499969,137.6199951,134.4900055,1533100.0,130.384201
2017-06-29 00:00:00,133.1000061,134.9799957,135.1300049,132.3500061,1784900.0,128.1978149
2017-06-30 00:00:00,132.8099976,133.75,134.7799988,132.7799988,2294800.0,127.9184952
2017-07-03 00:00:00,131.6799927,133.8200073,133.8300018,131.6399994,759200.0,126.8301163
2017-07-05 00:00:00,131.9799957,131.9100037,132.8899994,131.2599945,1275600.0,127.1190796
2017-07-06 00:00:00,131.1000061,130.8899994,131.8099976,130.2599945,1411600.0,126.5976562
2017-07-07 00:00:00,131.8999939,132.0,133.0,131.7100067,1226200.0,127.3701782
2017-07-10 00:00:00,131.8699951,131.5399933,132.4299927,131.0,1182600.0,127.341156
2017-07-11 00:00:00,132.3600006,132.1799927,132.9799957,131.6900024,990200.0,127.8143539
2017-07-12 00:00:00,133.4799957,133.4900055,133.7899933,133.0299988,1328400.0,128.895874
2017-07-13 00:00:00,132.3999939,133.4499969,134.0,131.7899933,1596900.0,127.8529663
2017-07-14 00:00:00,132.8800049,132.8899994,133.3899994,132.6799927,1572000.0,128.3164825
2017-07-17 00:00:00,133.0700073,132.9600067,133.7599945,132.6199951,1011300.0,128.499939
2017-07-18 00:00:00,133.6499939,132.6900024,133.8200073,132.6499939,808800.0,129.0600433
2017-07-19 00:00:00,135.1900024,133.4299927,135.2599945,133.2899933,1082700.0,130.5471344
2017-07-20 00:00:00,135.3500061,135.1699982,135.9100037,134.1999969,1172300.0,130.7016602
2017-07-21 00:00:00,134.8399963,134.6900024,135.7899933,134.1900024,849500.0,130.2091675
2017-07-24 00:00:00,136.25,134.9799957,136.2599945,134.7200012,910600.0,131.5707703
2017-07-25 00:00:00,136.8399963,136.8300018,137.6600037,135.9400024,941100.0,132.1404724
2017-07-26 00:00:00,137.1399994,137.0,137.3999939,136.3699951,980700.0,132.430191
2017-07-27 00:00:00,136.8699951,136.8999939,137.7100067,135.1399994,1257800.0,132.1694641
2017-07-28 00:00:00,135.6399994,136.4799957,137.0099945,135.3999939,979600.0,130.9816742
2017-07-31 00:00:00,137.2100067,135.5599976,137.4100037,135.5099945,1130200.0,132.497818
2017-08-01 00:00:00,137.4299927,137.6399994,138.7100067,135.7100067,1010000.0,132.7102051
2017-08-02 00:00:00,136.5299988,137.4900055,137.5899963,135.8300018,1238200.0,131.8411255
2017-08-03 00:00:00,137.1399994,136.9499969,137.6499939,136.25,879600.0,132.430191
2017-08-04 00:00:00,136.8999939,137.5500031,137.7899933,136.6900024,675700.0,132.1984406
2017-08-07 00:00:00,136.6499939,136.2700043,137.0500031,135.9400024,866300.0,131.9569702
2017-08-08 00:00:00,136.1799927,136.0299988,137.2100067,135.8099976,746700.0,131.5031281
2017-08-09 00:00:00,136.8200073,136.0,136.9700012,135.2599945,761700.0,132.1211548
2017-08-10 00:00:00,135.1600037,135.9900055,136.4799957,134.8000031,928300.0,130.5181885
2017-08-11 00:00:00,136.6000061,136.7299957,137.0399933,135.0899963,747200.0,131.9087524
2017-08-14 00:00:00,138.8899994,137.3999939,139.5800018,137.3999939,1148900.0,134.1200409
2017-08-15 00:00:00,137.4700012,138.3999939,139.0899963,135.8099976,1548000.0,132.7488708
2017-08-16 00:00:00,137.9199982,137.3399963,138.2100067,137.0700073,1075500.0,133.1833649
2017-08-17 00:00:00,134.4600067,137.6999969,137.8800049,134.4299927,1272800.0,129.8422699
2017-08-18 00:00:00,134.1100006,133.9499969,135.0899963,133.7700043,1305900.0,129.5042572
2017-08-21 00:00:00,135.9100037,134.4799957,136.0800018,133.9799957,1778900.0,131.2424011
2017-08-22 00:00:00,138.1499939,136.1399994,138.3500061,135.5800018,2260900.0,133.4054871
2017-08-23 00:00:00,135.5200043,138.25,139.3999939,133.6000061,2557000.0,130.8658447
2017-08-24 00:00:00,135.3300018,135.2700043,135.8000031,133.7100067,1944200.0,130.6823883
2017-08-25 00:00:00,137.3500061,135.6600037,137.7899933,135.6600037,1530000.0,132.6329498
2017-08-28 00:00:00,137.8999939,137.2899933,138.1799927,136.4799957,1471300.0,133.1640625
2017-08-29 00:00:00,138.0099945,136.7599945,138.6000061,136.75,1019100.0,133.2703094
2017-08-30 00:00:00,139.9700012,137.7899933,140.1399994,137.7599945,1859200.0,135.1629944
2017-08-31 00:00:00,141.4499969,140.0700073,141.6900024,139.7599945,2337200.0,136.5922089
2017-09-01 00:00:00,141.8999939,141.8300018,142.2599945,141.0599976,1074900.0,137.0267029
2017-09-05 00:00:00,141.5399933,141.0700073,142.4499969,140.8500061,1370200.0,136.6790619
2017-09-06 00:00:00,141.1399994,142.1499939,142.4900055,140.7400055,1185600.0,136.2928619
2017-09-07 00:00:00,141.0,140.9900055,141.7599945,140.0700073,1525700.0,136.1576233
2017-09-08 00:00:00,141.5599976,141.1699982,141.6999969,140.9400024,953200.0,136.6983795
2017-09-11 00:00:00,142.6399994,142.4299927,143.0800018,141.8699951,1096400.0,137.7413177
2017-09-12 00:00:00,142.3800049,142.9299927,143.0,140.5299988,1787900.0,137.4902344
2017-09-13 00:00:00,142.0599976,141.6999969,142.2599945,140.75,1231600.0,137.1812286
2017-09-14 00:00:00,142.0800018,141.3399963,142.0899963,140.5800018,1264800.0,137.2005463
2017-09-15 00:00:00,142.1300049,141.8500061,142.3500061,141.1100006,1423500.0,137.2487793
2017-09-18 00:00:00,143.8000031,142.0700073,144.0599976,141.6100006,1408400.0,138.8614349
2017-09-19 00:00:00,145.3399963,144.3000031,146.0399933,143.5899963,1740600.0,140.3485565
2017-09-20 00:00:00,144.9700012,145.3300018,145.9100037,144.0,1249700.0,139.9913025
2017-09-21 00:00:00,144.4900055,145.8200073,145.8999939,144.0599976,1162900.0,139.5277863
2017-09-22 00:00:00,146.3200073,144.0700073,146.7200012,144.0700073,1311000.0,141.2949219
2017-09-25 00:00:00,144.7400055,145.5299988,145.9900055,143.7599945,1324800.0,139.769165
2017-09-26 00:00:00,144.7700043,145.2299957,145.6100006,144.1000061,1166300.0,139.7981415
2017-09-27 00:00:00,144.3600006,144.1999969,145.6799927,143.6799927,1567300.0,139.4022064
2017-09-28 00:00:00,142.3099976,143.4600067,144.0200043,141.6000061,1935400.0,137.4225769
2017-09-29 00:00:00,142.1399994,142.1799927,142.9199982,140.3699951,2566400.0,137.2584381
2017-10-02 00:00:00,141.7400055,142.2599945,143.2899933,141.1799927,1583900.0,136.8721924
2017-10-03 00:00:00,141.8500061,141.7700043,142.3000031,141.3099976,1244900.0,136.9784393
2017-10-04 00:00:00,142.6699982,141.75,142.8899994,140.2100067,1612200.0,137.7702484
2017-10-05 00:00:00,142.8600006,142.9900055,143.1300049,142.0200043,1068900.0,137.9537354
2017-10-06 00:00:00,144.1799927,142.3500061,144.2400055,142.0399933,992700.0,139.6095581
2017-10-09 00:00:00,143.9600067,144.3399963,144.3399963,143.4100037,786900.0,139.3964996
2017-10-10 00:00:00,144.1799927,143.9499969,144.7200012,143.4600067,778200.0,139.6095581
2017-10-11 00:00:00,143.6600037,144.1699982,144.6799927,143.1799927,1217000.0,139.1060181
2017-10-12 00:00:00,145.8600006,143.6499939,145.9299927,143.4600067,1094500.0,141.2362671
2017-10-13 00:00:00,145.6499939,146.8099976,146.9900055,145.25,1029700.0,141.0329285
2017-10-16 00:00:00,144.7400055,146.0,146.0,144.6399994,743100.0,140.1517792
2017-10-17 00:00:00,145.5,144.7799988,145.6399994,144.5299988,1143900.0,140.8876801
2017-10-18 00:00:00,145.7700043,145.6100006,146.4600067,145.1399994,888100.0,141.1491241
2017-10-19 00:00:00,146.6199951,145.3999939,146.6499939,145.3800049,873600.0,141.972168
2017-10-20 00:00:00,147.9700012,146.4600067,148.4199982,146.4600067,1175300.0,143.2793884
2017-10-23 00:00:00,147.3200073,148.5299988,148.8899994,146.9600067,810300.0,142.6500092
2017-10-24 00:00:00,148.6199951,147.0899963,148.6199951,145.8300018,1144700.0,143.908783
2017-10-25 00:00:00,149.4600067,148.3500061,149.7400055,147.9700012,1460600.0,144.722168
2017-10-26 00:00:00,151.3300018,150.0500031,151.9499969,149.4299927,1124800.0,146.5328827
2017-10-27 00:00:00,153.4600067,151.3999939,153.8600006,150.8200073,1173100.0,148.5953522
2017-10-30 00:00:00,151.4499969,153.2200012,153.2599945,150.3899994,953900.0,146.6490784
2017-10-31 00:00:00,151.0200043,151.7799988,151.9900055,150.5099945,858900.0,146.2327423
2017-11-01 00:00:00,151.3600006,151.8500061,152.2200012,150.5500031,892400.0,146.5619659
2017-11-02 00:00:00,152.1499939,151.3399963,152.3200073,150.6000061,925500.0,147.3269043
2017-11-03 00:00:00,153.6399994,151.8899994,154.0399933,151.0399933,962400.0,148.7696533
2017-11-06 00:00:00,152.6799927,153.8600006,154.1900024,152.0399933,671100.0,147.8401031
2017-11-07 00:00:00,152.5099945,153.25,153.3300018,151.5800018,662900.0,147.6754456
2017-11-08 00:00:00,152.9600067,152.6100006,153.1900024,151.6699982,734300.0,148.1112213
2017-11-09 00:00:00,152.4100037,152.0099945,152.5899963,150.5800018,954700.0,147.5786896
2017-11-10 00:00:00,153.3000031,151.6600037,153.4499969,151.5599976,712000.0,148.4404449
2017-11-13 00:00:00,154.8899994,153.0099945,155.3699951,153.0099945,1091400.0,149.9800415
2017-11-14 00:00:00,155.2100067,154.0500031,155.7799988,153.5200043,946500.0,150.2898712
2017-11-15 00:00:00,153.8600006,155.2200012,156.4600067,153.3600006,1659000.0,148.9826813
2017-11-16 00:00:00,155.6499939,154.0899963,156.0399933,153.5899963,1143700.0,150.7159271
2017-11-17 00:00:00,156.5500031,155.9900055,156.7100067,155.2700043,1247700.0,151.5874176
2017-11-20 00:00:00,157.7799988,157.2200012,158.8999939,156.5299988,1871100.0,152.7784271
2017-11-21 00:00:00,151.7899933,152.5,156.3899994,151.1799927,2533400.0,146.978302
2017-11-22 00:00:00,151.6300049,151.9400024,152.3800049,150.7200012,1821500.0,146.8233948
2017-11-24 00:00:00,153.9100037,151.1000061,153.9799957,151.0200043,1055000.0,149.0310822
2017-11-27 00:00:00,154.7700043,153.8099976,155.1199951,153.3500061,1609600.0,149.8638611
2017-11-28 00:00:00,155.7899933,154.9199982,155.8899994,154.3300018,1359000.0,150.8514862
2017-11-29 00:00:00,154.2200012,155.8699951,155.9600067,153.1799927,2266600.0,149.3312836
2017-11-30 00:00:00,157.2200012,154.7599945,157.8000031,153.9100037,3417500.0,152.2361908
2017-12-01 00:00:00,156.4400024,156.1399994,158.0,152.5800018,1645600.0,151.4808807
2017-12-04 00:00:00,154.5399933,156.6999969,156.8800049,154.2100067,1691400.0,149.6411591
2017-12-05 00:00:00,154.4700012,154.6999969,156.3200073,154.1900024,961200.0,149.5733795
2017-12-06 00:00:00,156.1900024,154.4600067,156.25,153.5599976,946600.0,151.2388611
2017-12-07 00:00:00,155.5599976,155.7100067,155.9900055,154.2899933,1606900.0,150.62883
2017-12-08 00:00:00,155.2299957,156.0500031,156.3899994,154.1499939,1637900.0,150.3092651
2017-12-11 00:00:00,155.6799927,155.0899963,155.8300018,153.9400024,1378800.0,150.7449799
2017-12-12 00:00:00,155.8500061,155.3300018,156.4100037,154.5299988,1021100.0,150.9095917
2017-12-13 00:00:00,156.4799957,156.3500061,157.7599945,156.0099945,1426000.0,151.5196381
2017-12-14 00:00:00,156.1900024,156.8300018,157.4799957,155.6100006,1044400.0,151.2388611
2017-12-15 00:00:00,159.6499939,156.9900055,159.7700043,156.0399933,2382900.0,154.5891266
2017-12-18 00:00:00,161.1300049,160.0,161.4400024,159.8000031,1382700.0,156.0222015
2017-12-19 00:00:00,159.8800049,160.8600006,161.3000031,158.6999969,1740200.0,154.8118744
2017-12-20 00:00:00,159.3500061,160.3000031,160.4600067,158.1100006,1393800.0,154.2986603
2017-12-21 00:00:00,158.6199951,159.3899994,159.8500061,158.0200043,1511900.0,153.5917969
2017-12-22 00:00:00,158.5,158.2400055,158.6799927,157.6699982,679100.0,153.4755707
2017-12-26 00:00:00,158.9299927,157.4100037,159.2200012,157.4100037,618100.0,153.8919525
2017-12-27 00:00:00,158.7299957,158.9700012,159.4299927,158.4499969,547900.0,153.6983032
2017-12-28 00:00:00,158.5800018,159.4900055,159.4900055,158.0500031,636300.0,153.5530701
2017-12-29 00:00:00,157.7799988,158.4299927,159.4199982,157.7400055,690200.0,152.7784271
2018-01-02 00:00:00,158.7200012,158.2200012,158.8500061,157.0099945,1436100.0,153.6886292
2018-01-03 00:00:00,159.1600037,158.2299957,159.3300018,157.7400055,1410900.0,154.1147156
2018-01-04 00:00:00,162.0099945,159.4600067,163.8200073,159.4600067,1695000.0,156.8743134
2018-01-05 00:00:00,164.1100006,162.8000031,164.5500031,162.5,1071900.0,158.9077454
2018-01-08 00:00:00,164.2100067,164.0299988,164.5299988,163.3399963,1185800.0,159.0045776
2018-01-09 00:00:00,164.8500061,164.1399994,165.1300049,162.7700043,1098300.0,160.004303
2018-01-10 00:00:00,163.5099945,164.3800049,164.5800018,162.5500031,1095400.0,158.7036743
2018-01-11 00:00:00,163.0,163.5200043,164.2799988,162.25,813700.0,158.2086792
2018-01-12 00:00:00,164.5099945,163.0800018,164.9400024,162.9299927,651800.0,159.6743317
2018-01-16 00:00:00,162.2899933,165.0,166.4900055,161.8300018,1385000.0,157.5195618
2018-01-17 00:00:00,164.2899933,163.8800049,164.6799927,162.9299927,903200.0,159.4607544
2018-01-18 00:00:00,164.3999939,163.8899994,164.9600067,163.6100006,980800.0,159.5675201
2018-01-19 00:00:00,167.7400055,164.9400024,167.8200073,164.6199951,1555400.0,162.8093567
2018-01-22 00:00:00,168.6699982,167.75,168.8000031,167.1399994,1042600.0,163.7120056
2018-01-23 00:00:00,168.4600067,169.0,169.7899933,167.75,1058800.0,163.5082092
2018-01-24 00:00:00,167.5500031,168.6399994,169.5800018,166.8899994,860600.0,162.6249542
2018-01-25 00:00:00,167.8200073,168.0299988,168.7799988,166.2799988,740000.0,162.8870392
2018-01-26 00:00:00,170.4400024,168.5399933,170.5899963,168.1900024,751700.0,165.4299927
2018-01-29 00:00:00,169.2100067,169.9600067,170.4299927,168.2700043,939800.0,164.2361908
2018-01-30 00:00:00,168.5,169.7100067,170.0,167.3300018,1189200.0,163.5470123
2018-01-31 00:00:00,167.8999939,168.6000061,168.9799957,166.9700012,1314500.0,162.9646606
2018-02-01 00:00:00,165.6499939,167.5599976,168.4499969,164.9199982,1499900.0,160.7807922
2018-02-02 00:00:00,163.4199982,164.4900055,166.4100037,163.4100037,1412900.0,158.6163788
2018-02-05 00:00:00,157.6499939,162.6600037,163.9900055,157.6399994,1678300.0,153.015976
2018-02-06 00:00:00,160.8699951,155.2100067,160.9100037,152.6100006,2205500.0,156.1412964
2018-02-07 00:00:00,161.2899933,159.75,165.3099976,159.1399994,1673500.0,156.5489655
2018-02-08 00:00:00,152.75,161.2799988,161.2799988,152.6600037,1615100.0,148.2599792
2018-02-09 00:00:00,157.0599976,152.7200012,158.3800049,150.4299927,2175700.0,152.4432983
2018-02-12 00:00:00,159.3800049,159.2100067,160.7799988,157.5,1484900.0,154.6950684
2018-02-13 00:00:00,159.3600006,156.9299927,160.1999969,155.0200043,1264500.0,154.6756897
2018-02-14 00:00:00,163.8999939,158.8500061,164.0599976,158.1300049,1235400.0,159.0822296
2018-02-15 00:00:00,169.3099976,164.7299957,169.3200073,163.3800049,1237600.0,164.3332062
2018-02-16 00:00:00,171.6900024,169.0200043,173.0,168.8099976,1700500.0,166.6432648
2018-02-20 00:00:00,173.5700073,171.0,174.5500031,170.5500031,1819800.0,168.4680176
2018-02-21 00:00:00,173.3200073,174.5,176.2599945,173.2100067,1460400.0,168.2253876
2018-02-22 00:00:00,172.1000061,173.8899994,177.5099945,171.5800018,2068800.0,167.0411835
2018-02-23 00:00:00,171.7799988,167.8999939,172.3000031,164.8500061,3189900.0,166.7305908
2018-02-26 00:00:00,172.6699982,171.75,172.8600006,169.9299927,2290700.0,167.5944366
2018-02-27 00:00:00,170.3500061,172.3600006,173.1600037,170.2599945,1740400.0,165.3426514
2018-02-28 00:00:00,166.8600006,171.3800049,172.1100006,166.8000031,1672300.0,161.9552307
2018-03-01 00:00:00,164.3399963,167.3999939,168.1399994,163.2400055,1794300.0,159.5093079
2018-03-02 00:00:00,168.8399963,162.8399963,169.2100067,162.5899963,1896100.0,163.8769989
2018-03-05 00:00:00,170.1799927,167.5899963,171.4100037,167.0,1301800.0,165.1776276
2018-03-06 00:00:00,169.4600067,170.8999939,171.0899963,168.7899933,1262600.0,164.4788208
2018-03-07 00:00:00,170.6600037,168.5800018,171.1600037,168.2599945,1352300.0,165.6435242
2018-03-08 00:00:00,171.4700012,171.0399933,171.6199951,169.8200073,817700.0,166.429718
2018-03-09 00:00:00,177.1699982,172.3800049,177.2599945,172.0200043,1761600.0,171.9621429
2018-03-12 00:00:00,177.3300018,177.4299927,178.6100006,176.5399933,1990600.0,172.1174622
2018-03-13 00:00:00,177.6799927,177.6699982,179.1699982,176.5700073,1679200.0,172.4571381
2018-03-14 00:00:00,177.2899933,178.8000031,178.9900055,176.2599945,1021600.0,172.0786285
2018-03-15 00:00:00,177.9299927,177.2700043,178.4199982,176.7200012,1230900.0,172.6998291
2018-03-16 00:00:00,178.5899963,178.1600037,179.3000031,177.5099945,1654800.0,173.3404388
2018-03-19 00:00:00,175.7400055,177.3399963,177.5700073,173.4799957,1292900.0,170.5742035
2018-03-20 00:00:00,178.1499939,176.1399994,178.9900055,175.2400055,1451000.0,172.9133453
2018-03-21 00:00:00,176.6600037,177.6000061,178.8800049,175.8099976,1256500.0,171.4671478
2018-03-22 00:00:00,174.8300018,174.7799988,177.0899963,174.0,1531700.0,169.6909637
2018-03-23 00:00:00,169.8699951,174.8000031,176.6699982,169.8399963,1751500.0,164.87677
2018-03-26 00:00:00,174.5299988,173.0099945,174.6600037,171.6399994,2560700.0,169.3997803
2018-03-27 00:00:00,173.25,176.1199951,177.0899963,172.1600037,1746500.0,168.1573944
2018-03-28 00:00:00,170.9299927,173.4400024,174.0599976,170.3800049,1592700.0,165.9056091
2018-03-29 00:00:00,173.3500061,172.3099976,175.1499939,169.8800049,1244000.0,168.2544556
2018-04-02 00:00:00,169.8800049,173.0099945,173.8699951,167.7100067,1797200.0,164.8864594
2018-04-03 00:00:00,170.4700012,170.7700043,170.7700043,167.6699982,1400100.0,165.459137
2018-04-04 00:00:00,173.0500031,168.3899994,173.7899933,167.4299927,2024000.0,167.9632874
2018-04-05 00:00:00,171.8300018,174.1900024,174.6100006,171.0599976,2026800.0,166.7790985
2018-04-06 00:00:00,167.6799927,169.9199982,171.2299957,166.5200043,1995800.0,162.7510834
2018-04-09 00:00:00,169.3899994,168.7700043,172.1600037,168.0,1684200.0,164.7941437
2018-04-10 00:00:00,171.3099976,172.1399994,172.1399994,169.8200073,1663100.0,166.6620331
2018-04-11 00:00:00,171.5899963,169.6999969,172.8899994,169.1100006,812300.0,166.934433
2018-04-12 00:00:00,173.6300049,172.1799927,174.1699982,171.0599976,708200.0,168.9191132
2018-04-13 00:00:00,171.9900055,174.6600037,174.6600037,171.1100006,678300.0,167.3236237
2018-04-16 00:00:00,175.3000031,173.3500061,175.7400055,172.7400055,852300.0,170.543808
2018-04-17 00:00:00,181.0,176.6100006,181.5,175.5700073,1909100.0,176.0891571
2018-04-18 00:00:00,181.1900024,181.1300049,181.9700012,177.6499939,1775000.0,176.2740021
2018-04-19 00:00:00,179.4100037,180.7599945,181.9700012,178.9400024,1150500.0,174.5423126
2018-04-20 00:00:00,178.1300049,178.3300018,179.9499969,177.0700073,1264700.0,173.2970276
2018-04-23 00:00:00,180.3000031,179.1000061,181.8500061,178.6499939,943700.0,175.4081421
2018-04-24 00:00:00,178.5700073,181.1900024,182.9299927,176.7700043,1220300.0,173.7250824
2018-04-25 00:00:00,176.3699951,178.1699982,179.7799988,174.3600006,1505000.0,171.5847473
2018-04-26 00:00:00,185.1799927,180.7799988,186.3899994,180.75,2036400.0,180.1557465
2018-04-27 00:00:00,186.5899963,185.4499969,186.8399963,184.1799927,1110300.0,181.5274963
2018-04-30 00:00:00,184.7899933,187.1999969,188.5599976,184.7200012,1444300.0,179.7763214
2018-05-01 00:00:00,187.2400055,184.8200073,187.5099945,184.3699951,1001200.0,182.1598511
2018-05-02 00:00:00,185.9299927,187.1799927,188.0500031,185.25,1190400.0,180.885376
2018-05-03 00:00:00,186.3800049,184.8999939,187.6100006,183.0200043,1245200.0,181.3231964
2018-05-04 00:00:00,189.4499969,185.9799957,190.4900055,185.3399963,1191100.0,184.3098602
2018-05-07 00:00:00,189.5599976,190.5299988,191.3000031,188.6999969,1103000.0,184.4168701
2018-05-08 00:00:00,190.1699982,188.2799988,190.3999939,188.1499939,1108700.0,185.0103302
2018-05-09 00:00:00,192.6699982,190.6499939,193.6799927,189.8500061,932800.0,187.4425049
2018-05-10 00:00:00,194.3000031,194.5399933,194.7400055,192.75,924400.0,189.0283051
2018-05-11 00:00:00,194.1999969,194.1900024,196.2799988,193.4600067,1208100.0,188.9310303
2018-05-14 00:00:00,192.5899963,194.6300049,195.9900055,191.9600067,1090000.0,187.3646851
2018-05-15 00:00:00,189.7700043,190.4700012,190.8800049,188.6100006,2066200.0,184.6212158
2018-05-16 00:00:00,190.4100037,190.3800049,191.4299927,188.8000031,1572700.0,185.2438507
2018-05-17 00:00:00,189.7799988,189.8099976,191.1999969,188.4700012,991100.0,184.6308899
2018-05-18 00:00:00,190.5399933,189.2799988,191.0399933,188.25,1305400.0,185.3703003
2018-05-21 00:00:00,191.6900024,192.2100067,192.75,190.8899994,1297200.0,186.4891052
2018-05-22 00:00:00,190.5399933,192.5800018,192.6600037,189.7299957,1934100.0,185.3703003
2018-05-23 00:00:00,196.2299957,187.2599945,196.9700012,187.2100067,2200300.0,190.905899
2018-05-24 00:00:00,197.7899933,195.5,198.1999969,194.6600037,2051000.0,192.423584
2018-05-25 00:00:00,197.0899963,197.1799927,199.4799957,196.5299988,1399600.0,191.7425842
2018-05-29 00:00:00,196.6999969,195.6699982,198.3500061,194.8200073,1850500.0,191.3631744
2018-05-30 00:00:00,201.1000061,198.0500031,201.5899963,197.8300018,1532200.0,195.6437836
2018-05-31 00:00:00,201.6000061,200.8999939,203.4400024,200.1600037,2822900.0,196.1302338
2018-06-01 00:00:00,204.0800018,202.2799988,204.25,201.0,1296400.0,198.5429535
2018-06-04 00:00:00,207.0,204.2299957,207.1399994,203.9499969,1548300.0,201.383728
2018-06-05 00:00:00,208.2299957,207.25,208.5,206.2200012,1344700.0,202.5803375
2018-06-06 00:00:00,209.5,208.2899933,209.5399933,206.9100037,1722200.0,203.8158875
2018-06-07 00:00:00,206.2599945,209.3699951,209.3699951,203.3500061,1231000.0,200.6638031
2018-06-08 00:00:00,206.2599945,206.1000061,207.1900024,204.5,1108100.0,200.6638031
2018-06-11 00:00:00,206.3600006,206.7299957,206.9799957,205.8300018,766000.0,200.7610779
2018-06-12 00:00:00,207.4900055,206.7899933,207.7400055,205.9799957,1093300.0,201.8604431
2018-06-13 00:00:00,207.7899933,207.2700043,209.4299927,207.0500031,1090800.0,202.152298
2018-06-14 00:00:00,209.0800018,208.8300018,210.1300049,207.75,797600.0,203.4072876
2018-06-15 00:00:00,208.9600067,208.6399994,210.1900024,206.7100067,2175400.0,203.2905579
2018-06-18 00:00:00,209.1600037,207.6799927,209.8300018,205.8000031,1205400.0,203.4851379
2018-06-19 00:00:00,210.6100006,209.8200073,210.8500061,207.1199951,1824100.0,204.8957977
2018-06-20 00:00:00,213.5200043,210.8500061,213.7599945,210.1600037,1235800.0,207.7268219
2018-06-21 00:00:00,209.8000031,214.25,216.6300049,209.4299927,1693500.0,204.1077576
2018-06-22 00:00:00,205.9799957,209.7700043,210.4700012,205.8300018,2316100.0,200.3913727
2018-06-25 00:00:00,201.7400055,204.8699951,205.0,200.0099945,2058200.0,196.2664337
2018-06-26 00:00:00,202.1100006,201.9400024,203.4100037,201.5,1638000.0,196.6263885
2018-06-27 00:00:00,198.2200012,202.4299927,203.9700012,198.0299988,1276400.0,192.8419647
2018-06-28 00:00:00,204.0200043,198.4499969,204.75,198.4499969,1467800.0,198.4846039
2018-06-29 00:00:00,204.3099976,204.3600006,206.5200043,203.3099976,1268100.0,198.7666931
2018-07-02 00:00:00,205.4400024,203.0099945,206.1900024,201.7100067,1974400.0,199.8660736
2018-07-03 00:00:00,204.7599945,206.9499969,206.9499969,204.3600006,776700.0,199.204483
2018-07-05 00:00:00,205.0599976,206.5500031,207.9400024,203.8000031,1341800.0,199.4963531
2018-07-06 00:00:00,208.1499939,205.6799927,208.3899994,204.4700012,1384200.0,202.502533
2018-07-09 00:00:00,207.7299957,209.2200012,209.7899933,206.5099945,1109400.0,202.4732819
2018-07-10 00:00:00,208.4600067,208.1300049,209.3000031,207.5599976,998300.0,203.1847992
2018-07-11 00:00:00,209.1900024,207.6000061,209.5299988,207.5500031,966800.0,203.8963776
2018-07-12 00:00:00,213.7200012,210.6999969,213.8600006,209.9499969,1656900.0,208.3117371
2018-07-13 00:00:00,213.7100067,213.9199982,214.3600006,212.2400055,870300.0,208.3019714
2018-07-16 00:00:00,214.4600067,213.5500031,214.9199982,213.4299927,623300.0,209.032959
2018-07-17 00:00:00,216.4799957,213.5399933,216.9900055,210.9299927,725800.0,211.0018616
2018-07-18 00:00:00,218.3099976,216.0,218.6100006,215.0800018,878500.0,212.7855377
2018-07-19 00:00:00,215.9900055,217.5099945,218.1699982,215.1399994,1136000.0,210.524231
2018-07-20 00:00:00,215.2799988,216.0399933,216.5899963,215.1100006,776100.0,209.8322296
2018-07-23 00:00:00,217.3899994,215.2899933,217.75,215.0200043,770200.0,211.888855
2018-07-24 00:00:00,215.8000031,218.1499939,219.4600067,215.3399963,966500.0,210.3391113
2018-07-25 00:00:00,217.25,216.0,217.5,215.4299927,1338700.0,211.7523651
2018-07-26 00:00:00,216.6399994,217.6100006,219.3399963,216.25,1062900.0,211.1578064
2018-07-27 00:00:00,212.3099976,217.5,218.1900024,209.3200073,1284100.0,206.9374084
2018-07-30 00:00:00,202.6799927,208.0599976,212.1600037,202.3999939,1780000.0,197.5510712
2018-07-31 00:00:00,204.2400055,204.1999969,206.4199982,201.8500061,2225500.0,199.0716095
2018-08-01 00:00:00,204.2599945,203.9100037,205.6199951,203.3099976,1264700.0,199.0910797
2018-08-02 00:00:00,205.7299957,202.6999969,205.8099976,202.3899994,1427900.0,200.5238647
2018-08-03 00:00:00,205.1499939,206.7899933,206.9900055,203.9199982,936100.0,199.9585571
2018-08-06 00:00:00,207.4799957,204.5399933,207.9900055,204.3500061,936000.0,202.2296143
2018-08-07 00:00:00,209.4799957,207.7400055,210.1600037,207.7100067,1221400.0,204.1790161
2018-08-08 00:00:00,210.0399933,209.6999969,210.5800018,208.1100006,808900.0,204.7248383
2018-08-09 00:00:00,211.1900024,212.6100006,212.8399963,210.6199951,812900.0,205.8457642
2018-08-10 00:00:00,211.0099945,209.5899963,212.7100067,209.1100006,918100.0,205.6702881
2018-08-13 00:00:00,209.5700073,211.3899994,212.7400055,209.3000031,995500.0,204.2667084
2018-08-14 00:00:00,210.6900024,210.0,211.5,208.6100006,1065400.0,205.3583679
2018-08-15 00:00:00,209.4700012,209.5099945,211.5899963,207.1000061,952100.0,204.1692505
2018-08-16 00:00:00,209.6900024,210.6900024,211.1699982,208.8699951,958300.0,204.3836823
2018-08-17 00:00:00,207.8899994,209.0500031,210.5,206.2100067,2001200.0,202.6292419
2018-08-20 00:00:00,207.3999939,208.8200073,208.8200073,207.0700073,2210600.0,202.1516571
2018-08-21 00:00:00,209.0099945,208.4100037,210.3899994,208.0200043,2091500.0,203.7209167
2018-08-22 00:00:00,209.6900024,209.0099945,210.3899994,208.5899963,1797400.0,204.3836823
2018-08-23 00:00:00,212.4499969,210.3099976,213.4600067,210.0099945,2073500.0,207.073822
2018-08-24 00:00:00,216.6300049,212.8500061,217.3600006,211.4600067,2736600.0,211.1480713
2018-08-27 00:00:00,211.9700012,216.6399994,217.4600067,210.2200012,2418600.0,206.6059875
2018-08-28 00:00:00,215.9299927,212.3200073,216.0299988,212.2100067,1618900.0,210.4657745
2018-08-29 00:00:00,217.8999939,215.6000061,218.75,215.4400024,1517100.0,212.3859253
2018-08-30 00:00:00,218.6300049,217.1699982,219.2100067,216.3500061,1246800.0,213.0974426
2018-08-31 00:00:00,219.4700012,217.9700012,219.7799988,217.6000061,1341100.0,213.9161987
2018-09-04 00:00:00,220.7400055,219.9400024,221.1199951,218.0599976,1200600.0,215.1540375
2018-09-05 00:00:00,218.6900024,220.6000061,221.0899963,214.7100067,1837100.0,213.1559601
2018-09-06 00:00:00,219.8600006,218.4100037,220.8000031,216.6100006,1456700.0,214.2963257
2018-09-07 00:00:00,220.3200073,218.2799988,221.5800018,217.1799927,1604600.0,214.7447357
2018-09-10 00:00:00,224.7200012,220.6199951,225.1199951,220.0700073,1567400.0,219.0333405
2018-09-11 00:00:00,226.0200043,224.1100006,226.7899933,223.7100067,1595300.0,220.3004608
2018-09-12 00:00:00,225.6799927,226.2100067,226.9299927,223.0899963,1001000.0,219.9690247
2018-09-13 00:00:00,227.7799988,226.3399963,228.3800049,225.9299927,1543200.0,222.0158844
2018-09-14 00:00:00,227.5399933,228.7299957,229.8600006,226.8300018,1434400.0,221.7819824
2018-09-17 00:00:00,225.4700012,227.5099945,228.2200012,225.2100067,1515300.0,219.764389
2018-09-18 00:00:00,228.1799927,225.7899933,229.6199951,225.2100067,1331100.0,222.4057922
2018-09-19 00:00:00,220.8800049,227.7599945,228.4100037,219.0599976,2072200.0,215.2904968
2018-09-20 00:00:00,221.4499969,222.0200043,222.4299927,220.4700012,1366000.0,215.8460999
2018-09-21 00:00:00,220.4400024,222.5099945,223.5200043,219.7599945,5539700.0,214.8616791
2018-09-24 00:00:00,218.8999939,219.4799957,221.9700012,217.6900024,1505500.0,213.360611
2018-09-25 00:00:00,221.9600067,219.0,221.9799957,219.0,2041500.0,216.3431854
2018-09-26 00:00:00,222.1799927,222.6499939,224.6000061,221.0599976,1452500.0,216.5576172
2018-09-27 00:00:00,222.8200073,222.6799927,224.3099976,222.4900055,890700.0,217.1813965
2018-09-28 00:00:00,227.3999939,223.8899994,227.9299927,223.5,1593400.0,221.6455078
2018-10-01 00:00:00,227.7200012,228.8500061,229.8000031,226.6199951,1110400.0,221.9574127
2018-10-02 00:00:00,227.6199951,227.8699951,228.5700073,224.5700073,1276100.0,221.8599396
2018-10-03 00:00:00,231.3200073,230.0,231.8399963,228.5299988,1646400.0,225.4663391
2018-10-04 00:00:00,224.6699982,230.2700043,230.7700043,223.3999939,1533700.0,218.9846039
2018-10-05 00:00:00,222.3099976,225.0399933,226.7599945,220.3399963,1343000.0,216.6842957
2018-10-08 00:00:00,217.3399963,222.4199982,222.6900024,213.9799957,1842100.0,211.8401031
2018-10-09 00:00:00,220.6600037,218.8000031,221.4799957,217.3399963,1721900.0,215.5421906
2018-10-10 00:00:00,204.4400024,219.5,220.0099945,204.2100067,2826000.0,199.69841
2018-10-11 00:00:00,200.6900024,204.6399994,208.5599976,199.0,2918800.0,196.0353546
2018-10-12 00:00:00,211.8200073,208.1900024,212.3999939,205.5800018,2602200.0,206.9072418
2018-10-15 00:00:00,208.7799988,211.6900024,211.6900024,207.5700073,1220200.0,203.9377136
2018-10-16 00:00:00,214.9199982,211.6300049,215.8600006,209.6900024,1591000.0,209.9353333
2018-10-17 00:00:00,218.8300018,215.4400024,218.9499969,213.25,2167000.0,213.7546387
2018-10-18 00:00:00,212.6799927,217.4400024,218.1199951,212.3999939,1727400.0,207.7472687
2018-10-19 00:00:00,211.1000061,214.9700012,215.9499969,210.1399994,1725900.0,206.2039337
2018-10-22 00:00:00,213.2700043,212.0200043,214.6399994,209.1699982,1334800.0,208.3236237
2018-10-23 00:00:00,208.8699951,209.5299988,210.3399963,204.3200073,1591300.0,204.0256348
2018-10-24 00:00:00,201.4299927,208.2299957,211.1600037,201.2700043,1533000.0,196.758194
2018-10-25 00:00:00,207.6600037,204.3200073,208.1900024,202.7899933,1367400.0,202.8437042
2018-10-26 00:00:00,202.0200043,200.9700012,205.3099976,199.5500031,1399400.0,197.3345337
2018-10-29 00:00:00,200.6699982,206.3500061,208.1999969,196.3999939,1534300.0,196.0157928
2018-10-30 00:00:00,202.8000031,200.8800049,204.2100067,199.4600067,1486900.0,198.0964355
2018-10-31 00:00:00,211.0,205.3899994,212.7700043,205.0899963,1589600.0,206.1062317
2018-11-01 00:00:00,212.3600006,210.8099976,212.5899963,207.8099976,1411600.0,207.4347076
2018-11-02 00:00:00,212.9799957,212.9499969,215.7299957,211.6799927,2165800.0,208.0402985
2018-11-05 00:00:00,214.4400024,213.9400024,214.8699951,211.3200073,1361300.0,209.4664612
2018-11-06 00:00:00,213.6999969,213.8200073,216.1499939,211.3699951,1228300.0,208.7436218
2018-11-07 00:00:00,221.8800049,215.6900024,221.8899994,215.0200043,1146400.0,216.7339325
2018-11-08 00:00:00,223.2400055,220.7100067,223.3099976,220.0700073,920600.0,218.0623932
2018-11-09 00:00:00,222.1699982,222.8899994,223.4100037,219.0500031,1588100.0,217.0171509
2018-11-12 00:00:00,212.8699951,221.4799957,221.4799957,212.6199951,1651800.0,207.9328766
2018-11-13 00:00:00,212.8399963,213.9299927,216.3800049,212.0500031,1569800.0,207.9035797
2018-11-14 00:00:00,209.3800049,214.8699951,216.3099976,208.1699982,1189400.0,204.5238037
2018-11-15 00:00:00,214.5399933,208.7899933,215.1900024,207.6699982,1342800.0,209.5641327
2018-11-16 00:00:00,211.4400024,213.0099945,214.3500061,210.4299927,1606200.0,206.5360107
2018-11-19 00:00:00,199.2400055,210.0500031,211.1499939,196.2700043,3277600.0,194.6190186
2018-11-20 00:00:00,195.1799927,197.6100006,198.9799957,190.7100067,4439900.0,190.6531677
2018-11-21 00:00:00,198.3999939,198.3500061,200.5700073,194.3300018,2578600.0,193.7984924
2018-11-23 00:00:00,197.0500031,195.6199951,197.9299927,195.0,1622700.0,192.4797821
2018-11-26 00:00:00,201.4199982,202.0700073,202.0800018,199.6100006,2151400.0,196.7484436
2018-11-27 00:00:00,198.75,199.6999969,199.7100067,195.5299988,1781400.0,194.1403656
2018-11-28 00:00:00,208.9199982,199.3200073,209.0200043,199.3200073,2284600.0,204.0745239
2018-11-29 00:00:00,209.1900024,206.9600067,209.9499969,205.1399994,1899500.0,204.3382263
2018-11-30 00:00:00,214.5299988,210.4100037,214.8800049,209.0099945,2692500.0,209.5543823
2018-12-03 00:00:00,213.5200043,217.7200012,219.8500061,211.5099945,2120200.0,208.5677948
2018-12-04 00:00:00,207.6499939,212.6600037,214.1100006,205.3999939,1726000.0,202.8339081
2018-12-06 00:00:00,211.5500031,203.1999969,211.5700073,199.3999939,2659600.0,206.6434784
2018-12-07 00:00:00,202.4600067,210.2100067,212.25,202.1999969,1767600.0,197.7643127
2018-12-10 00:00:00,206.7899933,202.9600067,207.0099945,201.2799988,1584400.0,201.9938965
2018-12-11 00:00:00,206.1100006,210.0,210.4299927,204.0599976,1594600.0,201.3296814
2018-12-12 00:00:00,209.1799927,210.1100006,212.9600067,208.6699982,1480100.0,204.3284149
2018-12-13 00:00:00,208.4400024,206.8600006,211.1699982,204.7100067,2405900.0,203.6056366
2018-12-14 00:00:00,200.9299927,205.4799957,206.5800018,200.3500061,2277800.0,196.2697754
2018-12-17 00:00:00,197.4900055,200.2899933,201.5200043,195.7899933,2636300.0,192.9095764
2018-12-18 00:00:00,198.1300049,199.0299988,200.75,196.0,1984500.0,193.5347443
2018-12-19 00:00:00,195.5700073,198.5700073,202.8800049,193.3200073,1889400.0,191.0341644
2018-12-20 00:00:00,192.0599976,194.4900055,196.2100067,188.0700073,2181200.0,187.6055145
2018-12-21 00:00:00,185.8099976,192.7799988,194.9900055,184.9900055,3323100.0,181.5005035
2018-12-24 00:00:00,182.75,185.0,188.3800049,182.6100006,1007900.0,178.5114441
2018-12-26 00:00:00,192.8000031,184.1300049,192.8600006,183.0700073,1987700.0,188.3283997
2018-12-27 00:00:00,197.2400055,189.5599976,197.3899994,187.8399963,2730900.0,192.6653748
2018-12-28 00:00:00,195.8500061,197.7400055,199.4900055,194.4499969,1340200.0,191.3076172
2018-12-31 00:00:00,196.8500061,197.3699951,198.7599945,195.4299927,1074200.0,192.2844086
2019-01-02 00:00:00,194.4700012,191.5,195.8099976,191.1100006,1485600.0,189.9596252
2019-01-03 00:00:00,188.5200043,191.25,193.2400055,188.2100067,2015900.0,184.1476288
2019-01-04 00:00:00,196.0,191.8099976,198.2799988,189.7599945,1736400.0,191.4541473
2019-01-07 00:00:00,198.9900055,195.3300018,200.4100037,195.3300018,1175400.0,194.3747559
2019-01-08 00:00:00,203.7599945,200.8300018,203.8600006,198.0800018,1654000.0,199.0341492
2019-01-09 00:00:00,202.6600037,204.0599976,205.0,200.3399963,1643200.0,198.4173431
2019-01-10 00:00:00,206.0599976,201.75,207.2899933,201.1100006,1507300.0,201.7462006
2019-01-11 00:00:00,206.1499939,205.4400024,207.0,204.0599976,1479600.0,201.834259
2019-01-14 00:00:00,205.1499939,203.75,206.3399963,202.9100037,1058000.0,200.8552399
2019-01-15 00:00:00,209.8099976,205.3800049,210.25,205.3800049,1559900.0,205.4176636
2019-01-16 00:00:00,209.9900055,210.9900055,214.3800049,209.25,1340700.0,205.5939026
2019-01-17 00:00:00,211.7299957,208.5099945,212.1100006,208.5099945,1106400.0,207.2974854
2019-01-18 00:00:00,213.8699951,214.1799927,215.3200073,210.8899994,1623000.0,209.3926697
2019-01-22 00:00:00,212.3399963,212.8399963,215.8200073,210.8699951,1656500.0,207.8947296
2019-01-23 00:00:00,212.2400055,213.0,216.4900055,209.8999939,1454700.0,207.7967987
2019-01-24 00:00:00,212.1600037,212.3399963,213.5700073,210.2700043,966200.0,207.7184601
2019-01-25 00:00:00,214.3000031,214.6000061,215.5099945,212.7599945,1127500.0,209.8136902
2019-01-28 00:00:00,211.0500031,212.8300018,212.8999939,209.75,972500.0,206.6316833
2019-01-29 00:00:00,208.3300018,211.2100067,211.8699951,207.6900024,995700.0,203.9686432
2019-01-30 00:00:00,214.1000061,209.7200012,214.6499939,209.6000061,1251400.0,209.6178589
2019-01-31 00:00:00,215.8200073,213.6000061,217.3999939,213.3000031,2792300.0,211.3018494
2019-02-01 00:00:00,214.4499969,215.7400055,216.8600006,212.6699982,1935000.0,209.9605255
2019-02-04 00:00:00,220.9100037,216.8800049,222.3600006,215.5599976,2256000.0,216.2852936
2019-02-05 00:00:00,224.4900055,221.4299927,225.4700012,221.1900024,1818200.0,219.7903442
2019-02-06 00:00:00,224.5800018,224.1499939,224.8500061,221.0800018,915900.0,219.878479
2019-02-07 00:00:00,220.9700012,222.1600037,223.4400024,220.5,1166400.0,216.3440247
2019-02-08 00:00:00,224.8300018,219.3099976,224.9100037,218.8300018,1400600.0,220.1232147
2019-02-11 00:00:00,225.4700012,226.8300018,227.3200073,224.6600037,1472900.0,220.7498474
2019-02-12 00:00:00,228.9600067,227.5800018,229.2599945,225.8099976,1394900.0,224.1667786
2019-02-13 00:00:00,228.5899963,230.0,230.5,228.1399994,1133100.0,223.8045044
2019-02-14 00:00:00,230.7799988,227.6499939,231.3999939,226.5099945,1356200.0,225.9486389
2019-02-15 00:00:00,233.3200073,233.3399963,233.7299957,231.3099976,1142500.0,228.4355316
2019-02-19 00:00:00,234.6300049,233.3600006,234.7700043,232.6100006,1398700.0,229.7180786
2019-02-20 00:00:00,235.9700012,235.7400055,236.4700012,233.7200012,1904400.0,231.030014
2019-02-21 00:00:00,235.0299988,235.0299988,236.7599945,232.9700012,2289200.0,230.1096649
2019-02-22 00:00:00,250.9400024,236.7200012,251.5700073,236.7200012,3333700.0,245.6866455
2019-02-25 00:00:00,247.7200012,247.1000061,249.6600037,245.1199951,2876900.0,242.5340118
2019-02-26 00:00:00,248.9100037,246.3000031,249.3200073,245.4100037,1306900.0,243.6991272
2019-02-27 00:00:00,249.8500061,247.5500031,249.8699951,246.4799957,1524800.0,244.6194305
2019-02-28 00:00:00,247.1300049,249.3500061,250.4100037,246.8800049,1677800.0,241.9563599
2019-03-01 00:00:00,250.4100037,250.0,252.0200043,248.6300049,1943100.0,245.1677246
2019-03-04 00:00:00,249.0,250.6799927,252.1999969,245.0299988,1447400.0,243.7872162
2019-03-05 00:00:00,247.0899963,248.1900024,248.8399963,245.8899994,1357500.0,241.9172211
2019-03-06 00:00:00,246.9100037,247.3399963,249.0399933,244.7200012,800400.0,241.7409821
2019-03-07 00:00:00,245.4299927,246.1699982,247.4700012,244.2599945,960700.0,240.2919617
2019-03-08 00:00:00,245.8800049,242.8200073,246.0800018,240.0099945,1080600.0,240.7325592
2019-03-11 00:00:00,250.5399933,247.4600067,250.7400055,246.5299988,1467700.0,245.2949829
2019-03-12 00:00:00,250.3000031,249.7599945,251.8800049,248.3999939,1326200.0,245.0600586
2019-03-13 00:00:00,253.6499939,251.0899963,255.7599945,251.0899963,1374100.0,248.3398743
2019-03-14 00:00:00,256.769989,252.9600067,256.9100037,252.8899994,1497500.0,251.3945312
2019-03-15 00:00:00,258.1300049,256.5,259.8599854,256.2600098,3496100.0,252.7260895
2019-03-18 00:00:00,257.7200012,258.25,259.75,256.4200134,1427000.0,252.3246918
2019-03-19 00:00:00,256.0599976,258.6199951,259.25,254.5800018,1477200.0,250.6994171
2019-03-20 00:00:00,255.9900055,256.1799927,257.6700134,253.9299927,1129000.0,250.6309052
2019-03-21 00:00:00,260.6199951,254.6300049,260.7099915,254.6300049,1177000.0,255.164032
2019-03-22 00:00:00,252.6799927,258.3599854,259.6400146,252.4700012,1544900.0,247.3901978
2019-03-25 00:00:00,253.8300018,252.3600006,254.1100006,250.7200012,1525900.0,248.5161133
2019-03-26 00:00:00,255.9900055,255.6600037,257.5100098,254.2799988,916900.0,250.6309052
2019-03-27 00:00:00,255.3800049,257.7200012,258.2600098,253.1300049,966800.0,250.0336761
2019-03-28 00:00:00,259.2200012,256.5499878,259.7399902,255.1799927,1285900.0,253.7932434
2019-03-29 00:00:00,261.4100037,260.2399902,261.6300049,258.980011,1418300.0,255.9374237
2019-04-01 00:00:00,265.75,264.519989,266.3200073,261.3200073,1245700.0,260.186554
2019-04-02 00:00:00,268.2600098,269.1300049,269.1799927,264.8200073,1255800.0,262.6440735
2019-04-03 00:00:00,269.0799866,270.230011,272.1400146,268.4200134,1957100.0,263.4468384
2019-04-04 00:00:00,262.6300049,269.3500061,269.9299927,258.6099854,1945600.0,257.131897
2019-04-05 00:00:00,261.7000122,263.4200134,264.6600037,260.9899902,1119800.0,256.221344
2019-04-08 00:00:00,260.7600098,261.7999878,262.269989,257.6199951,1630400.0,255.3010559
2019-04-09 00:00:00,258.8999939,258.4200134,261.2099915,258.4200134,1019900.0,253.9376678
2019-04-10 00:00:00,259.0899963,259.9200134,261.0,257.730011,2061500.0,254.1240387
2019-04-11 00:00:00,259.5899963,260.7399902,260.7399902,258.7099915,1329700.0,254.6144714
2019-04-12 00:00:00,260.0599976,260.9299927,261.8399963,258.2900085,2117700.0,255.0754547
2019-04-15 00:00:00,260.8800049,260.4899902,261.5499878,259.6900024,1595600.0,255.8797302
2019-04-16 00:00:00,257.9899902,261.7999878,262.1099854,256.1400146,1043400.0,253.0451202
2019-04-17 00:00:00,256.269989,259.7200012,260.0499878,255.1499939,1803700.0,251.3580933
2019-04-18 00:00:00,257.769989,258.2200012,258.2200012,254.6000061,1370900.0,252.8293457
2019-04-22 00:00:00,261.5899963,256.1099854,261.7600098,255.8300018,1068900.0,256.5762024
2019-04-23 00:00:00,265.6799927,262.019989,266.4200134,262.019989,1520400.0,260.587738
2019-04-24 00:00:00,264.0400085,266.4100037,267.3399963,263.8599854,1025900.0,258.9792175
2019-04-25 00:00:00,263.8399963,264.0100098,264.3900146,260.4400024,987200.0,258.7829895
2019-04-26 00:00:00,253.5800018,246.4199982,253.8600006,238.3000031,5424300.0,248.719635
2019-04-29 00:00:00,247.7299957,252.7700043,255.1999969,246.0899963,2419500.0,242.9817505
2019-04-30 00:00:00,251.0599976,248.3800049,251.7100067,247.6799927,1480900.0,246.2479553
2019-05-01 00:00:00,243.8500061,252.4900055,252.6699982,243.5700073,1372100.0,239.1761627
2019-05-02 00:00:00,245.9499969,243.6000061,247.8999939,243.1100006,1463400.0,241.2358704
2019-05-03 00:00:00,248.8600006,246.1100006,250.1799927,246.0399933,1202900.0,244.0901337
2019-05-06 00:00:00,248.4799957,244.0099945,248.9400024,243.5299988,854900.0,243.7173767
2019-05-07 00:00:00,244.4100037,245.0,247.0299988,241.6100006,1439500.0,239.7254181
2019-05-08 00:00:00,244.1199951,243.4199982,245.9499969,241.9199982,2088900.0,239.4409943
2019-05-09 00:00:00,241.3000031,241.7899933,243.1199951,237.7200012,1646300.0,236.6750336
2019-05-10 00:00:00,244.6300049,240.5599976,245.6000061,237.6600037,1407800.0,239.9412079
2019-05-13 00:00:00,236.9299927,237.9400024,241.1100006,236.0299988,1256400.0,232.3887939
2019-05-14 00:00:00,240.9900055,238.4100037,243.3500061,238.1000061,1704800.0,236.3709717
2019-05-15 00:00:00,243.1399994,239.5599976,244.3899994,239.0399933,985600.0,238.4797516
2019-05-16 00:00:00,247.5500031,244.0,249.4100037,244.0,1044500.0,242.8052216
2019-05-17 00:00:00,245.4499969,245.6000061,249.7599945,245.1300049,1294000.0,240.7454834
2019-05-20 00:00:00,243.6900024,242.6699982,245.3200073,240.6300049,957400.0,239.0192108
2019-05-21 00:00:00,246.0800018,245.7599945,247.1399994,244.0500031,979300.0,241.3634338
2019-05-22 00:00:00,247.5299988,244.8200073,248.1000061,244.8200073,865500.0,242.7856293
2019-05-23 00:00:00,241.3099976,245.0800018,246.6399994,240.1399994,1552100.0,236.684845
2019-05-24 00:00:00,257.480011,251.2400055,258.3999939,248.6499939,2702600.0,252.5449066
2019-05-28 00:00:00,255.6999969,256.3999939,259.2600098,254.1699982,3059700.0,250.7990265
2019-05-29 00:00:00,249.6199951,253.9600067,255.5700073,248.5800018,1674900.0,244.8355713
2019-05-30 00:00:00,248.0800018,250.0,251.4900055,245.8600006,1154700.0,243.3250732
2019-05-31 00:00:00,244.8500061,245.1999969,246.6600037,243.5899963,1362000.0,240.1569977
2019-06-03 00:00:00,238.0700073,245.1999969,248.5599976,236.75,1638600.0,233.506958
2019-06-04 00:00:00,247.1000061,241.0500031,247.3099976,237.7799988,1664300.0,242.3638763
2019-06-05 00:00:00,252.1199951,249.4100037,252.4799957,248.3099976,1130100.0,247.2876129
2019-06-06 00:00:00,253.1999969,252.8399963,254.3800049,250.1100006,1055600.0,248.3469391
2019-06-07 00:00:00,257.4700012,254.0299988,260.6000061,253.8099976,1222000.0,252.5350952
2019-06-10 00:00:00,260.519989,259.8599854,263.9700012,259.230011,1157400.0,255.5266571
2019-06-11 00:00:00,256.730011,262.7999878,264.0,254.9499969,1209400.0,251.8093109
2019-06-12 00:00:00,257.3900146,256.7200012,258.7999878,255.6399994,825900.0,252.4566498
2019-06-13 00:00:00,257.1900024,258.8099976,259.3999939,255.9799957,1756100.0,252.2604828
2019-06-14 00:00:00,254.1300049,256.3699951,257.3399963,253.9499969,1234200.0,249.2591095
2019-06-17 00:00:00,254.7400055,254.0299988,256.2399902,253.3500061,1282100.0,249.8574219
2019-06-18 00:00:00,258.2200012,257.3099976,259.3500061,256.1499939,1216300.0,253.2707214
2019-06-19 00:00:00,262.6499939,259.2900085,263.3900146,258.0499878,1032800.0,257.6158447
2019-06-20 00:00:00,266.6600037,265.7999878,268.4299927,263.9899902,1750600.0,261.5488892
2019-06-21 00:00:00,261.5100098,267.8399963,268.0700073,261.4700012,1856900.0,256.4976807
2019-06-24 00:00:00,262.3399963,263.0700073,264.1199951,261.3699951,1188500.0,257.3117065
2019-06-25 00:00:00,257.4899902,262.7000122,262.7000122,256.6499939,1015400.0,252.5546875
2019-06-26 00:00:00,256.5,259.2900085,260.4899902,256.3800049,1293500.0,251.5836639
2019-06-27 00:00:00,257.9899902,257.6600037,259.2000122,256.1099854,1459600.0,253.0451202
2019-06-28 00:00:00,261.3299866,258.1000061,262.0100098,257.75,1478900.0,256.3210449
2019-07-01 00:00:00,264.2000122,266.0299988,266.980011,263.3699951,973100.0,259.1361694
2019-07-02 00:00:00,266.3299866,265.1600037,266.3599854,262.7000122,720200.0,261.2253113
2019-07-03 00:00:00,270.1700134,267.8999939,270.769989,265.769989,774700.0,264.9916992
2019-07-05 00:00:00,270.5400085,269.0,270.8299866,265.2000122,894800.0,265.3545837
2019-07-08 00:00:00,271.1300049,269.4599915,271.3099976,267.7900085,863800.0,265.9332886
2019-07-09 00:00:00,270.6799927,269.9200134,270.8699951,268.8599854,1135500.0,265.9529114
2019-07-10 00:00:00,274.8099976,273.0599976,275.9200134,272.7000122,1132200.0,270.0108337
2019-07-11 00:00:00,278.2200012,275.9500122,278.7999878,274.1700134,1867300.0,273.3613281
2019-07-12 00:00:00,281.6499939,278.4100037,281.8399963,278.230011,1199700.0,276.7313538
2019-07-15 00:00:00,282.5499878,282.0,282.7600098,280.0,990800.0,277.6156616
2019-07-16 00:00:00,280.8800049,281.5,282.9500122,280.6499939,1156000.0,275.9747925
2019-07-17 00:00:00,280.6300049,280.8999939,282.3699951,280.1099854,797100.0,275.729187
2019-07-18 00:00:00,282.8800049,279.980011,283.0299988,279.0299988,1224000.0,277.9399109
2019-07-19 00:00:00,279.3200073,284.5499878,284.5499878,278.6400146,1599100.0,274.4420166
2019-07-22 00:00:00,281.1499939,280.4100037,282.4899902,279.1700134,723400.0,276.2400513
2019-07-23 00:00:00,281.8999939,282.2999878,283.0799866,278.2799988,1245800.0,276.9770508
2019-07-24 00:00:00,281.3599854,281.1700134,282.6400146,279.7099915,1413900.0,276.4464417
2019-07-25 00:00:00,281.6000061,279.980011,282.4299927,279.1600037,868200.0,276.6822205
2019-07-26 00:00:00,283.769989,282.1600037,284.9700012,281.4500122,788700.0,278.8143005
2019-07-29 00:00:00,281.3500061,284.2900085,284.8800049,279.519989,1267400.0,276.436615
2019-07-30 00:00:00,279.6199951,279.480011,281.8399963,278.3699951,767100.0,274.7367554
2019-07-31 00:00:00,277.3099976,278.769989,281.3399963,275.1499939,1147600.0,272.4671326
2019-08-01 00:00:00,277.9599915,278.6099854,283.5100098,277.0700073,1272600.0,273.1057739
2019-08-02 00:00:00,274.6400146,278.0499878,278.6499939,273.1799927,1494500.0,269.8437805
2019-08-05 00:00:00,263.5299988,268.980011,269.7399902,261.9400024,1774500.0,258.9278259
2019-08-06 00:00:00,270.0899963,266.7399902,270.6400146,264.8699951,1201900.0,265.3731995
2019-08-07 00:00:00,268.5700073,265.8699951,269.4899902,263.7999878,1221800.0,263.8798218
2019-08-08 00:00:00,276.7000122,270.8599854,276.8299866,270.6300049,1107000.0,271.8677979
2019-08-09 00:00:00,276.5700073,276.0799866,278.8200073,274.5100098,1279200.0,271.7401123
2019-08-12 00:00:00,272.6499939,274.730011,276.2200012,271.4899902,968200.0,267.8885193
2019-08-13 00:00:00,279.1499939,272.3800049,279.5400085,271.8699951,1241700.0,274.2749939
2019-08-14 00:00:00,267.8900146,274.9100037,276.3299866,267.3200073,1239300.0,263.2117004
2019-08-15 00:00:00,268.4400024,269.6000061,270.6900024,265.8800049,1244600.0,263.7520447
2019-08-16 00:00:00,270.9599915,271.269989,274.4400024,269.1600037,1044200.0,266.2280579
2019-08-19 00:00:00,274.230011,274.980011,275.9599915,271.6499939,1222000.0,269.4409485
2019-08-20 00:00:00,272.8399963,273.2200012,274.6099854,271.2200012,1062200.0,268.0751953
2019-08-21 00:00:00,276.2399902,275.3699951,277.8299866,274.5400085,925400.0,271.415802
2019-08-22 00:00:00,275.7099915,277.0,278.0,271.6000061,1558800.0,270.8951416
2019-08-23 00:00:00,278.7399902,290.3699951,295.769989,277.9899902,3381800.0,273.8721313
2019-08-26 00:00:00,282.769989,280.0,282.8999939,275.6099854,2004400.0,277.8317261
2019-08-27 00:00:00,283.2099915,283.1000061,284.9899902,281.3599854,1778000.0,278.2640991
2019-08-28 00:00:00,281.9400024,281.0799866,282.980011,273.7999878,1482100.0,277.0162964
2019-08-29 00:00:00,286.9400024,284.769989,288.6000061,283.3500061,1209600.0,281.9289856
2019-08-30 00:00:00,288.3599854,287.25,288.9899902,283.9700012,1080100.0,283.3241882
2019-09-03 00:00:00,284.2000122,285.3099976,289.0,282.1400146,1399400.0,279.2368469
2019-09-04 00:00:00,286.3099976,285.6199951,286.3999939,281.6199951,945600.0,281.309967
2019-09-05 00:00:00,292.3099976,289.3500061,292.9299927,287.1600037,1092400.0,287.2052307
2019-09-06 00:00:00,287.7999878,293.3900146,293.4599915,287.230011,1298900.0,282.7739258
2019-09-09 00:00:00,275.8999939,288.7799988,288.7799988,273.5799866,2141500.0,271.0817566
2019-09-10 00:00:00,267.5599976,273.7999878,274.5100098,263.8800049,2095300.0,262.8873901
2019-09-11 00:00:00,266.1300049,267.7000122,269.8200073,265.019989,1306700.0,261.4824219
2019-09-12 00:00:00,268.25,268.5,271.2000122,267.3299866,1329500.0,263.5653992
2019-09-13 00:00:00,265.2200012,267.3099976,270.0100098,264.7000122,1031000.0,260.5883179
2019-09-16 00:00:00,265.8200073,262.8099976,267.230011,261.6900024,803000.0,261.1777954
2019-09-17 00:00:00,268.5400085,265.8299866,268.7000122,265.519989,935900.0,263.8503113
2019-09-18 00:00:00,268.269989,269.3900146,269.3900146,263.8200073,846800.0,263.5849915
2019-09-19 00:00:00,270.019989,268.7600098,272.4200134,268.6099854,903700.0,265.3045349
2019-09-20 00:00:00,269.1799927,269.980011,272.9100037,267.4599915,1584200.0,264.4790955
2019-09-23 00:00:00,269.0,268.3900146,270.9899902,268.2099915,803500.0,264.3022766
2019-09-24 00:00:00,264.8500061,270.7600098,271.6700134,264.0100098,1169500.0,260.224762
2019-09-25 00:00:00,266.4299927,264.3299866,267.1000061,260.3500061,983000.0,261.7771606
2019-09-26 00:00:00,269.7200012,267.0799866,270.6300049,266.4200134,1182300.0,265.0096741
2019-09-27 00:00:00,263.1900024,271.3200073,271.3200073,259.2600098,1020100.0,258.5937195
2019-09-30 00:00:00,265.9400024,263.5,267.269989,262.4100037,1135600.0,261.2957153
2019-10-01 00:00:00,264.2999878,267.6900024,268.269989,263.3800049,1007300.0,259.6843262
2019-10-02 00:00:00,260.4500122,263.2099915,263.2099915,255.4700012,1375000.0,255.901535
2019-10-03 00:00:00,263.0,259.4299927,263.5400085,255.4100037,1270300.0,258.407074
2019-10-04 00:00:00,267.0899963,264.0499878,267.8299866,262.0100098,1312900.0,262.4255981
2019-10-07 00:00:00,266.7600098,264.8999939,268.1000061,264.8599854,1551300.0,262.1013794
2019-10-08 00:00:00,260.9899902,265.3299866,266.2000122,260.9899902,1340000.0,256.4320984
2019-10-09 00:00:00,264.0,262.8699951,265.1199951,262.3699951,864200.0,259.9174194
2019-10-10 00:00:00,267.5299988,262.3599854,268.9400024,262.3599854,1177400.0,263.3927917
2019-10-11 00:00:00,270.0700073,270.3999939,273.8099976,269.4200134,1068600.0,265.8935242
2019-10-14 00:00:00,269.0599976,269.9899902,271.6600037,268.8999939,1024300.0,264.8991394
2019-10-15 00:00:00,273.5,270.0599976,274.1099854,269.1000061,1042100.0,269.2704773
2019-10-16 00:00:00,269.1499939,271.519989,271.6900024,265.8099976,1065500.0,264.9877319
2019-10-17 00:00:00,266.5299988,269.8500061,270.7900085,263.730011,879800.0,262.4082947
2019-10-18 00:00:00,262.4700012,267.6700134,267.6700134,260.5400085,1551800.0,258.4110413
2019-10-21 00:00:00,262.2000122,264.480011,264.5,258.5799866,1040400.0,258.1452942
2019-10-22 00:00:00,253.3300018,260.7399902,263.5499878,253.1799927,1482400.0,249.4124146
2019-10-23 00:00:00,255.9700012,253.3300018,258.9700012,252.5399933,1227800.0,252.0115967
2019-10-24 00:00:00,258.8999939,257.1300049,260.8399963,255.8399963,1071500.0,254.8962708
2019-10-25 00:00:00,257.6700134,259.1300049,260.2799988,256.7000122,1185800.0,253.685318
2019-10-28 00:00:00,258.6099854,259.2099915,259.5599976,256.269989,1027100.0,254.610733
2019-10-29 00:00:00,258.4899902,258.4899902,261.0899963,257.9500122,953200.0,254.492569
2019-10-30 00:00:00,260.2900085,259.7600098,261.6700134,258.2399902,1665800.0,256.264801
2019-10-31 00:00:00,257.5,260.1400146,261.5700073,257.1400146,890100.0,253.5178986
2019-11-01 00:00:00,256.480011,259.9100037,260.8800049,256.2399902,1108700.0,252.5137177
2019-11-04 00:00:00,254.0599976,258.1700134,258.6099854,253.7799988,1410900.0,250.1311188
2019-11-05 00:00:00,253.1600037,254.3999939,255.6300049,250.4100037,1918900.0,249.2450104
2019-11-06 00:00:00,253.4199982,253.25,255.3300018,251.9900055,1430600.0,249.5010071
2019-11-07 00:00:00,259.3500061,253.0,260.9700012,252.7899933,1401400.0,255.3392944
2019-11-08 00:00:00,256.8500061,258.519989,259.5100098,255.4400024,1357200.0,252.8780212
2019-11-11 00:00:00,258.0299988,255.6499939,259.3999939,255.4700012,963900.0,254.0397339
2019-11-12 00:00:00,259.980011,258.6499939,262.3699951,258.0,1227800.0,255.9595795
2019-11-13 00:00:00,261.75,259.7799988,262.9299927,259.0,1242800.0,257.702179
2019-11-14 00:00:00,264.7799988,261.4400024,264.9700012,260.5499878,974300.0,260.6853027
2019-11-15 00:00:00,266.0499878,266.3500061,266.8999939,263.8599854,1484300.0,261.93573
2019-11-18 00:00:00,268.3999939,266.9599915,268.730011,264.0400085,1945000.0,264.2493286
2019-11-19 00:00:00,272.2600098,269.8500061,272.519989,267.9599915,1334100.0,268.0496826
2019-11-20 00:00:00,273.480011,271.4100037,274.5899963,270.5400085,1448800.0,269.250824
2019-11-21 00:00:00,271.1499939,275.1099854,275.7000122,269.5499878,1308100.0,266.9568481
2019-11-22 00:00:00,259.8099976,267.9200134,270.0,255.25,4071600.0,255.7921753
2019-11-25 00:00:00,257.0700073,260.8599854,261.0100098,256.3399963,2428600.0,253.0945587
2019-11-26 00:00:00,265.8800049,257.4100037,266.5,257.0,2081500.0,261.7683411
2019-11-27 00:00:00,262.1499939,267.2799988,267.5899963,260.6900024,1164200.0,258.0959778
2019-11-29 00:00:00,258.8900146,261.3399963,262.4200134,258.3399963,721500.0,254.8864746
2019-12-02 00:00:00,256.5499878,259.1099854,259.9299927,252.6499939,1486200.0,252.5826263
2019-12-03 00:00:00,253.6799927,253.1900024,256.3699951,252.3600006,1302400.0,249.7569885
2019-12-04 00:00:00,254.25,255.3699951,255.5800018,252.9400024,1526100.0,250.3182068
2019-12-05 00:00:00,253.7799988,254.7799988,255.6799927,252.1600037,1248700.0,249.8554382
2019-12-06 00:00:00,256.1799927,254.7700043,256.2900085,253.7299957,1029400.0,252.2183075
2019-12-09 00:00:00,255.7700043,256.0,256.8800049,255.4100037,1086900.0,251.8146973
2019-12-10 00:00:00,252.3200073,256.0700073,256.8699951,252.1399994,975400.0,248.4180603
2019-12-11 00:00:00,251.8999939,254.1399994,255.6100006,247.8000031,1588900.0,248.0045166
2019-12-12 00:00:00,252.75,251.3699951,255.6900024,250.0200043,1102300.0,248.8414001
2019-12-13 00:00:00,259.6400146,252.5599976,260.6600037,250.0299988,1965200.0,255.6248322
2019-12-16 00:00:00,263.5,260.7799988,264.1199951,260.75,1948500.0,259.4251404
2019-12-17 00:00:00,260.3999939,265.0,265.0,259.1400146,1778700.0,256.3730164
2019-12-18 00:00:00,263.2000122,261.269989,264.2600098,260.0,1453400.0,259.1297913
2019-12-19 00:00:00,264.0499878,263.0400085,264.5599976,262.3699951,1352900.0,259.9666443
2019-12-20 00:00:00,267.1000061,265.8399963,267.4700012,264.4299927,2361500.0,262.9695129
2019-12-23 00:00:00,266.2799988,268.0299988,268.9500122,266.2200012,1411500.0,262.1621704
2019-12-24 00:00:00,264.3299866,266.6000061,267.2099915,264.2900085,417100.0,260.2422791
2019-12-26 00:00:00,266.8699951,264.4400024,267.8999939,264.3800049,691600.0,262.743042
2019-12-27 00:00:00,267.0599976,267.4599915,267.4599915,264.4899902,637900.0,262.9300537
2019-12-30 00:00:00,262.8399963,267.1600037,267.8800049,262.4200134,995500.0,258.7752991
2019-12-31 00:00:00,261.9299927,262.7000122,264.0499878,260.3599854,1007900.0,257.879425
2020-01-02 00:00:00,266.1600037,261.0799866,266.6000061,261.0799866,1124500.0,262.0440369
2020-01-03 00:00:00,264.3800049,261.6099854,265.3699951,261.4400024,798500.0,260.2915955
2020-01-06 00:00:00,266.4100037,261.8900146,266.6300049,261.769989,1026100.0,262.2901001
2020-01-07 00:00:00,266.4700012,266.8099976,267.519989,265.3500061,915100.0,262.3492126
2020-01-08 00:00:00,272.8800049,268.0,274.769989,266.7999878,1373900.0,268.6600647
2020-01-09 00:00:00,274.8999939,274.0,277.269989,273.5700073,1076300.0,271.1755066
2020-01-10 00:00:00,275.25,276.4899902,276.5,273.8299866,1127400.0,271.5207825
2020-01-13 00:00:00,276.0400085,276.3299866,277.8500061,274.8299866,1697600.0,272.3001099
2020-01-14 00:00:00,272.6799927,275.6300049,276.3099976,272.0899963,1216400.0,268.9856262
2020-01-15 00:00:00,273.0,273.8200073,276.0799866,272.6099854,1147300.0,269.301239
2020-01-16 00:00:00,276.8699951,274.6400146,276.8900146,273.3099976,834700.0,273.1188354
2020-01-17 00:00:00,282.8500061,278.4899902,283.0,276.3500061,2172700.0,279.0177917
2020-01-21 00:00:00,285.0100098,281.8099976,285.2600098,281.5400085,1636000.0,281.1485901
2020-01-22 00:00:00,290.2799988,286.1300049,291.4899902,285.8800049,2611200.0,286.347168
2020-01-23 00:00:00,288.5799866,289.730011,292.6799927,288.3599854,1659500.0,284.670166
2020-01-24 00:00:00,288.0799866,290.0,293.0,287.2600098,1089900.0,284.1769409
2020-01-27 00:00:00,283.7600098,281.480011,285.980011,281.0100098,881200.0,279.9155273
2020-01-28 00:00:00,288.1600037,284.4100037,288.5299988,282.9400024,840900.0,284.2558594
2020-01-29 00:00:00,285.9200134,289.3399963,289.7399902,283.8900146,858100.0,282.0462646
2020-01-30 00:00:00,286.6300049,284.1900024,286.8399963,282.4500122,785000.0,282.7466125
2020-01-31 00:00:00,280.3800049,285.7999878,286.480011,279.75,1268800.0,276.5812988
2020-02-03 00:00:00,282.7999878,283.5700073,285.769989,281.4700012,1042000.0,278.9685059
2020-02-04 00:00:00,290.9200134,287.1600037,292.7999878,284.4500122,1345700.0,286.9784851
2020-02-05 00:00:00,289.8099976,298.8200073,298.8200073,286.6199951,1060700.0,285.8834839
2020-02-06 00:00:00,294.2099915,291.8500061,294.3299866,289.8099976,1000700.0,290.223938
2020-02-07 00:00:00,294.7099915,293.1700134,295.769989,291.1000061,921600.0,290.7171326
2020-02-10 00:00:00,297.7399902,295.0499878,298.019989,294.0899963,1139800.0,293.7060852
2020-02-11 00:00:00,296.9200134,299.8999939,299.9599915,296.5,903500.0,292.8971863
2020-02-12 00:00:00,298.6499939,297.0,298.8699951,294.6300049,792300.0,294.6037598
2020-02-13 00:00:00,297.8399963,297.2900085,300.5499878,296.8500061,721200.0,293.8046875
2020-02-14 00:00:00,304.2900085,298.5599976,304.4400024,297.4599915,855300.0,300.1673584
2020-02-18 00:00:00,303.5700073,303.9500122,304.8299866,302.019989,888200.0,299.4570923
2020-02-19 00:00:00,305.6099854,305.5,306.8900146,304.3999939,791600.0,301.4694519
2020-02-20 00:00:00,301.2399902,304.3900146,306.1900024,297.4899902,900900.0,297.1586304
2020-02-21 00:00:00,297.5700073,300.6000061,303.9899902,295.3699951,1173200.0,293.5383301
2020-02-24 00:00:00,286.4299927,288.4400024,292.7000122,278.0100098,1996800.0,282.5493469
2020-02-25 00:00:00,284.7999878,297.5499878,301.6400146,283.5700073,3430400.0,280.9414062
2020-02-26 00:00:00,280.0899963,286.2799988,290.9299927,278.6700134,2449200.0,276.295166
2020-02-27 00:00:00,268.769989,274.2600098,278.5899963,268.3999939,2246700.0,265.1285706
2020-02-28 00:00:00,265.8500061,259.6199951,266.1199951,255.5899963,2899400.0,262.2481384
2020-03-02 00:00:00,281.1799927,266.7200012,281.3299866,263.730011,2520500.0,277.3703918
2020-03-03 00:00:00,268.2399902,280.9599915,284.6600037,264.1799927,2015100.0,264.6057129
2020-03-04 00:00:00,285.5499878,274.2200012,286.519989,270.519989,2551100.0,281.6812744
2020-03-05 00:00:00,287.1799927,276.1400146,290.2200012,275.1400146,2418800.0,283.2891541
2020-03-06 00:00:00,276.1799927,276.4500122,281.8099976,268.1400146,1913900.0,272.4381409
2020-03-09 00:00:00,260.0400085,258.2600098,269.230011,250.0,2138600.0,256.5168457
2020-03-10 00:00:00,269.6600037,270.1099854,270.1099854,257.9700012,2541500.0,266.0065002
2020-03-11 00:00:00,261.1199951,263.9200134,266.2900085,256.0799866,1848500.0,257.5821838
2020-03-12 00:00:00,237.9400024,245.0899963,257.980011,235.9600067,3430300.0,234.7162628
2020-03-13 00:00:00,261.25,250.0,261.3999939,235.0,2399200.0,257.7104492
2020-03-16 00:00:00,223.4299927,232.0,244.9900055,222.3800049,2642500.0,220.4028625
2020-03-17 00:00:00,239.1699982,228.5099945,240.7799988,216.1799927,2901100.0,235.9295959
2020-03-18 00:00:00,225.0700073,226.0399933,232.2700043,215.0700073,2103300.0,222.0206604
2020-03-19 00:00:00,215.8899994,224.3600006,224.9900055,210.5200043,2340900.0,212.9649963
2020-03-20 00:00:00,201.8399963,217.7299957,219.2299957,199.3899994,3858400.0,199.1053619
2020-03-23 00:00:00,194.7200012,202.3399963,202.3399963,187.6799927,3415600.0,192.0818329
2020-03-24 00:00:00,233.8200073,206.1600037,235.5599976,204.3399963,3329600.0,230.6521149
2020-03-25 00:00:00,232.5800018,229.7799988,240.7400055,223.5399933,2505000.0,229.4289093
2020-03-26 00:00:00,248.3899994,234.5500031,249.6699982,228.5099945,2245400.0,245.024704
2020-03-27 00:00:00,229.6900024,240.0,247.5399933,226.6799927,2143700.0,226.578064
2020-03-30 00:00:00,238.0500031,236.9900055,240.4400024,233.2299957,1321100.0,234.8247833
2020-03-31 00:00:00,230.0,236.2899933,238.4199982,229.6199951,1698100.0,226.8838501
2020-04-01 00:00:00,218.1199951,224.0500031,228.8500061,216.0700073,1646700.0,215.1648102
2020-04-02 00:00:00,225.2200012,216.1000061,228.3399963,215.5500031,1584400.0,222.1686249
2020-04-03 00:00:00,218.3899994,223.8500061,225.2200012,216.8000031,1553400.0,215.4311371
2020-04-06 00:00:00,240.1199951,231.7299957,241.6900024,227.1699982,2535600.0,236.866745
2020-04-07 00:00:00,239.7599945,247.6199951,248.9799957,239.0200043,1466200.0,236.5116272
2020-04-08 00:00:00,245.9299927,241.4600067,247.8600006,240.3800049,1223200.0,242.5980225
2020-04-09 00:00:00,252.1000061,246.8099976,254.9400024,245.8699951,1646900.0,249.2215424
2020-04-13 00:00:00,250.0899963,250.7100067,252.7700043,244.5599976,1298900.0,247.2344818
2020-04-14 00:00:00,261.3200073,257.1799927,262.3500061,252.6600037,1817900.0,258.3362427
2020-04-15 00:00:00,251.9600067,256.9500122,257.4700012,250.7299957,1198400.0,249.0831299
2020-04-16 00:00:00,257.4400024,256.1499939,259.4700012,251.8399963,1087700.0,254.5005646
2020-04-17 00:00:00,265.3599854,264.730011,267.3299866,259.0100098,1423600.0,262.3301392
2020-04-20 00:00:00,264.0,260.4899902,267.9200134,260.3299866,1297300.0,260.9856262
2020-04-21 00:00:00,249.1499939,259.480011,260.8800049,246.4199982,1525800.0,246.3052216
2020-04-22 00:00:00,263.8500061,254.9100037,265.9100037,252.0099945,1258600.0,260.8373413
2020-04-23 00:00:00,258.0599976,263.0299988,267.7999878,256.980011,1309200.0,255.1134644
2020-04-24 00:00:00,263.6600037,260.1799927,264.8399963,256.5799866,1069900.0,260.6495056
2020-04-27 00:00:00,271.8299866,267.4299927,273.0799866,265.2200012,941200.0,268.7262573
2020-04-28 00:00:00,266.3099976,273.3399963,276.980011,265.7799988,1000000.0,263.2692871
2020-04-29 00:00:00,273.4299927,269.9100037,274.9400024,267.6900024,1132400.0,270.3079529
2020-04-30 00:00:00,269.8099976,272.7600098,275.1000061,268.2200012,1410900.0,266.729248
2020-05-01 00:00:00,261.1300049,265.3299866,267.5299988,259.75,1193600.0,258.148407
2020-05-04 00:00:00,267.7799988,259.0,268.0100098,258.2999878,1366500.0,264.7225037
2020-05-05 00:00:00,274.480011,270.0799866,277.8399963,269.5400085,1052700.0,271.3459778
2020-05-06 00:00:00,275.8699951,276.0100098,278.2399902,273.8900146,754500.0,272.7201538
2020-05-07 00:00:00,280.7999878,278.9899902,284.0400085,278.25,954200.0,277.5938416
2020-05-08 00:00:00,280.3599854,282.0,282.9599915,277.1600037,1209500.0,277.158844
2020-05-11 00:00:00,287.8399963,280.4700012,289.2799988,279.6400146,882200.0,284.5534668
2020-05-12 00:00:00,281.6799927,288.9899902,289.769989,280.730011,933500.0,278.4637451
2020-05-13 00:00:00,277.1600037,281.5799866,286.1700134,273.5499878,957100.0,273.9953918
2020-05-14 00:00:00,280.269989,274.9400024,280.5599976,270.9100037,912900.0,277.0698853
2020-05-15 00:00:00,284.3900146,277.2399902,285.0799866,276.5899963,850000.0,281.1428223
2020-05-18 00:00:00,290.3699951,290.8699951,295.3699951,286.4100037,1187500.0,287.0545349
2020-05-19 00:00:00,286.75,290.8900146,292.980011,286.5400085,1318200.0,283.4758911
2020-05-20 00:00:00,290.4899902,288.6300049,293.6300049,288.6300049,1418100.0,287.1731567
2020-05-21 00:00:00,290.0,291.1499939,293.4700012,286.3999939,1358300.0,286.6887817
2020-05-22 00:00:00,287.6099854,286.1799927,289.6400146,280.5899963,1770100.0,284.3260803
2020-05-26 00:00:00,282.2000122,291.4599915,291.9400024,280.9700012,1775700.0,278.9778137
2020-05-27 00:00:00,281.2099915,283.1400146,283.1400146,271.5400085,1479400.0,277.9991455
2020-05-28 00:00:00,283.8699951,282.0,290.2399902,281.3800049,1717800.0,280.6287842
2020-05-29 00:00:00,290.3200073,285.8599854,290.8699951,281.9500122,1689000.0,287.005127
2020-06-01 00:00:00,289.9500122,289.1099854,291.7200012,288.0799866,1283800.0,286.6393433
2020-06-02 00:00:00,287.1799927,289.9500122,290.0,283.7099915,1132900.0,283.9009399
2020-06-03 00:00:00,290.1000061,288.5599976,290.7200012,285.6499939,1309700.0,286.7876282
2020-06-04 00:00:00,282.9200134,286.9299927,288.4599915,280.9599915,1316500.0,279.6896362
2020-06-05 00:00:00,288.1099854,280.769989,289.0,275.6300049,1874000.0,284.820343
2020-06-08 00:00:00,293.0499878,285.3599854,293.2900085,284.1099854,1067200.0,289.703949
2020-06-09 00:00:00,291.25,292.6300049,295.25,290.6000061,1283000.0,287.9244995
2020-06-10 00:00:00,295.8699951,293.9500122,298.0,291.1000061,1072000.0,292.4917603
2020-06-11 00:00:00,277.8699951,293.8999939,294.980011,277.7200012,1392600.0,274.6972961
2020-06-12 00:00:00,280.6799927,283.9100037,287.0400085,275.9500122,1173500.0,277.4751587
2020-06-15 00:00:00,283.1400146,275.0,285.1400146,274.1900024,943100.0,279.9071045
2020-06-16 00:00:00,288.5799866,289.980011,293.3999939,285.4200134,1225500.0,285.2849426
2020-06-17 00:00:00,286.4899902,291.3099976,291.9500122,285.9700012,855500.0,283.2188416
2020-06-18 00:00:00,287.230011,285.0100098,287.9100037,282.3699951,1127000.0,283.9504089
2020-06-19 00:00:00,286.3200073,289.5299988,291.9899902,285.269989,2482200.0,283.0508118
2020-06-22 00:00:00,294.1199951,285.7999878,294.2000122,285.2900085,1179100.0,290.7617188
2020-06-23 00:00:00,293.8299866,294.980011,296.4899902,292.4400024,1291400.0,290.4749756
2020-06-24 00:00:00,286.1300049,291.4400024,296.0,284.2000122,951000.0,282.8629761
2020-06-25 00:00:00,288.75,286.25,289.3399963,281.980011,966600.0,285.453064
2020-06-26 00:00:00,286.519989,286.5,290.0,283.9200134,1376800.0,283.2485046
2020-06-29 00:00:00,287.9200134,285.8099976,289.7799988,281.75,965700.0,284.6325378
2020-06-30 00:00:00,296.1900024,289.1499939,297.9200134,288.0,1621800.0,292.808075
2020-07-01 00:00:00,302.5799866,297.4100037,304.9200134,297.019989,1653400.0,299.1251221
2020-07-02 00:00:00,305.2999878,304.8500061,307.7799988,303.1099854,1228500.0,301.8140259
2020-07-06 00:00:00,309.6499939,308.0,314.1400146,308.0,1161800.0,306.1143799
2020-07-07 00:00:00,307.9299927,309.1799927,314.730011,307.1900024,1133100.0,304.414032
2020-07-08 00:00:00,310.3800049,310.5400085,312.0700073,307.769989,774500.0,306.8360901
2020-07-09 00:00:00,307.9100037,309.7200012,311.0,303.9500122,1027500.0,304.914978
2020-07-10 00:00:00,307.5499878,307.7799988,308.6400146,303.0,762400.0,304.5585022
2020-07-13 00:00:00,297.6400146,309.0,311.230011,296.980011,1383100.0,294.744873
2020-07-14 00:00:00,285.3699951,294.5700073,294.7099915,280.9899902,3106100.0,282.5942078
2020-07-15 00:00:00,289.9700012,288.0299988,290.8800049,284.769989,1526100.0,287.1494751
2020-07-16 00:00:00,285.7000122,287.9299927,288.4100037,281.1900024,1128500.0,282.9210205
2020-07-17 00:00:00,289.269989,287.9299927,290.4200134,284.5899963,896300.0,286.4562378
2020-07-20 00:00:00,298.7200012,289.5,300.4100037,289.0100098,1019900.0,295.8143616
2020-07-21 00:00:00,297.8800049,299.4200134,300.7099915,296.8500061,1042300.0,294.9825439
2020-07-22 00:00:00,296.4400024,300.1600037,300.1600037,294.2200012,1145100.0,293.5565186
2020-07-23 00:00:00,291.5499878,295.9400024,298.8800049,290.2000122,1266100.0,288.7140808
2020-07-24 00:00:00,288.6799927,290.4500122,291.1099854,286.3500061,1193300.0,285.8720093
2020-07-27 00:00:00,296.1499939,290.4700012,297.4299927,290.4599915,1227800.0,293.2693481
2020-07-28 00:00:00,296.7999878,292.2799988,300.6700134,292.2099915,1050300.0,293.9130249
2020-07-29 00:00:00,302.1799927,298.8699951,305.2200012,298.019989,1115500.0,299.2406921
2020-07-30 00:00:00,303.9400024,297.1000061,305.0499878,295.0499878,867300.0,300.9835815
2020-07-31 00:00:00,306.3699951,304.769989,306.4899902,298.8699951,1015500.0,303.3898926
2020-08-03 00:00:00,311.7000122,309.8399963,313.4500122,308.9700012,1248300.0,308.6680908
2020-08-04 00:00:00,310.6400146,310.8099976,312.3800049,307.2399902,1200900.0,307.6184082
2020-08-05 00:00:00,310.9500122,311.2600098,312.7200012,308.6400146,863000.0,307.925415
2020-08-06 00:00:00,312.230011,310.3599854,312.4200134,307.8699951,716700.0,309.1929626
2020-08-07 00:00:00,309.4299927,311.3900146,312.4299927,306.2200012,752000.0,306.420166
2020-08-10 00:00:00,304.1799927,308.1000061,308.75,301.0100098,569000.0,301.2212219
2020-08-11 00:00:00,299.2000122,303.6300049,305.1499939,298.4700012,828300.0,296.2897034
2020-08-12 00:00:00,304.75,299.9299927,305.6000061,299.8800049,813900.0,301.785675
2020-08-13 00:00:00,306.7099915,305.25,310.7099915,305.25,760800.0,303.7266235
2020-08-14 00:00:00,305.5400085,307.5499878,308.7399902,304.8200073,596000.0,302.5680237
2020-08-17 00:00:00,308.0100098,307.8399963,310.019989,306.8299866,714900.0,305.0139465
2020-08-18 00:00:00,308.8999939,310.0,311.0,306.5799866,755800.0,305.8953552
2020-08-19 00:00:00,310.5499878,308.6700134,313.9500122,305.8599854,990900.0,307.5292358
2020-08-20 00:00:00,320.0599976,310.0,320.6499939,309.9400024,1083500.0,316.9467773
2020-08-21 00:00:00,322.230011,319.8599854,322.6000061,318.3999939,1174500.0,319.0957031
2020-08-24 00:00:00,333.1199951,325.269989,334.1499939,324.6300049,2088000.0,329.8797607
2020-08-25 00:00:00,336.4200134,332.5,337.3699951,329.9500122,1718400.0,333.1476746
2020-08-26 00:00:00,342.3399963,356.8599854,360.0,338.0700073,3108600.0,339.0100708
2020-08-27 00:00:00,345.0,341.8399963,349.5100098,339.0599976,1880500.0,341.644165
2020-08-28 00:00:00,346.1099854,346.730011,347.3800049,343.8399963,1189400.0,342.7433777
2020-08-31 00:00:00,345.3900146,345.8900146,346.2399902,342.1000061,1070800.0,342.030426
2020-09-01 00:00:00,347.1799927,344.9200134,349.3299866,343.5599976,1074500.0,343.8029785
2020-09-02 00:00:00,354.1799927,348.6700134,355.6700134,347.4700012,1438000.0,350.7348938
2020-09-03 00:00:00,339.6300049,353.1099854,353.1099854,336.6600037,1570100.0,336.3264465
2020-09-04 00:00:00,333.1099854,337.7600098,340.5299988,324.6099854,1219500.0,329.869812
2020-09-08 00:00:00,320.8200073,320.7900085,329.3599854,319.6499939,1578500.0,317.6994019
2020-09-09 00:00:00,328.2099915,324.3999939,331.3099976,319.7399902,1303200.0,325.0174866
2020-09-10 00:00:00,320.3900146,329.5799866,332.6600037,317.0700073,1254100.0,317.2736206
2020-09-11 00:00:00,315.0,323.8200073,325.3500061,311.4100037,955200.0,311.9359741
2020-09-14 00:00:00,318.3099976,320.1700134,321.25,315.769989,888800.0,315.2138062
2020-09-15 00:00:00,322.4700012,321.3800049,324.1499939,319.3800049,1111600.0,319.3332825
2020-09-16 00:00:00,313.3800049,324.8599854,326.230011,312.6099854,1668800.0,310.3317261
2020-09-17 00:00:00,307.230011,304.9100037,308.3999939,301.3399963,1818200.0,304.2415771
2020-09-18 00:00:00,300.1300049,307.7000122,312.9500122,296.769989,2284400.0,297.2106323
2020-09-21 00:00:00,307.7000122,296.2900085,308.019989,295.3699951,1594200.0,304.7069702
2020-09-22 00:00:00,317.2799988,309.8099976,318.1199951,306.7000122,2099900.0,314.1938171
2020-09-23 00:00:00,304.9299927,315.3999939,315.980011,303.0599976,1412100.0,301.9639893
2020-09-24 00:00:00,308.5899963,304.6700134,312.6300049,301.9400024,1216900.0,305.5882874
2020-09-25 00:00:00,318.5,309.8999939,318.7900085,307.769989,1239800.0,315.401947
2020-09-28 00:00:00,325.5499878,325.4299927,326.1300049,322.2600098,1134300.0,322.3833618
2020-09-29 00:00:00,323.6400146,325.5400085,329.2200012,323.0499878,1115500.0,320.4919434
2020-09-30 00:00:00,326.2099915,323.019989,329.1400146,319.6700134,1804900.0,323.0369263
2020-10-01 00:00:00,332.3399963,330.7399902,333.980011,329.8500061,1091400.0,329.1072998
2020-10-02 00:00:00,321.8900146,326.1600037,329.480011,319.9100037,902700.0,318.7590332
2020-10-05 00:00:00,331.3599854,330.3299866,332.0,327.1199951,1296500.0,328.1368408
2020-10-06 00:00:00,325.3800049,331.3099976,333.8699951,323.9100037,1042400.0,322.2150574
2020-10-07 00:00:00,334.9100037,327.7399902,336.9100037,327.0799866,1235700.0,331.6523438
2020-10-08 00:00:00,334.9899902,336.3599854,337.7600098,333.2600098,788200.0,332.3169861
2020-10-09 00:00:00,341.8099976,336.6199951,342.2000122,335.769989,846800.0,339.08255
2020-10-12 00:00:00,350.9299927,345.1799927,353.980011,342.2099915,1571000.0,348.1298218
2020-10-13 00:00:00,349.5899963,352.6700134,353.7399902,347.5100098,1118700.0,346.8004761
2020-10-14 00:00:00,345.2999878,351.4899902,351.4899902,341.230011,896400.0,342.5447083
2020-10-15 00:00:00,341.9700012,341.2900085,343.1799927,338.0,790000.0,339.2413025
2020-10-16 00:00:00,341.1499939,343.7799988,346.8200073,340.9500122,790000.0,338.4277954
2020-10-19 00:00:00,335.269989,343.3200073,344.230011,334.0499878,822700.0,332.5947571
2020-10-20 00:00:00,334.5100098,338.3500061,338.9700012,333.4500122,1131200.0,331.8408203
2020-10-21 00:00:00,332.7900085,335.6900024,336.6799927,331.3099976,816800.0,330.134552
2020-10-22 00:00:00,331.8200073,332.9400024,333.9100037,325.3099976,803400.0,329.1723328
2020-10-23 00:00:00,334.4200134,333.3200073,334.5899963,330.0,721900.0,331.7515259
2020-10-26 00:00:00,328.0899963,330.9100037,332.1000061,323.4400024,927800.0,325.4720459
2020-10-27 00:00:00,330.269989,330.5899963,333.3999939,329.3099976,838700.0,327.6346436
2020-10-28 00:00:00,318.5100098,323.4700012,325.1000061,317.9599915,948400.0,315.9685059
2020-10-29 00:00:00,325.6099854,319.4299927,329.3900146,319.3299866,896800.0,323.0118408
2020-10-30 00:00:00,314.6799927,321.9100037,325.1700134,312.0499878,1682700.0,312.1690063
2020-11-02 00:00:00,316.4200134,317.7600098,321.8699951,312.1700134,1109900.0,313.8952026
2020-11-03 00:00:00,324.730011,319.9100037,326.9400024,317.8299866,1114900.0,322.1388855
2020-11-04 00:00:00,343.0,339.7200012,347.9100037,334.1099854,1344400.0,340.2630615
2020-11-05 00:00:00,350.9599915,350.9200134,352.0100098,346.2099915,1074200.0,348.1595154
2020-11-06 00:00:00,352.2600098,351.480011,353.8500061,344.7999878,623100.0,349.4491882
2020-11-09 00:00:00,360.1400146,365.9500122,377.1499939,359.3099976,1820100.0,357.2663269
2020-11-10 00:00:00,342.2600098,358.1499939,358.1499939,339.3500061,1544100.0,339.5289917
2020-11-11 00:00:00,352.3999939,345.6499939,356.5499878,342.9299927,1127000.0,349.5880737
2020-11-12 00:00:00,349.5100098,352.9700012,356.6400146,347.6499939,947700.0,346.7210999
2020-11-13 00:00:00,356.9500122,351.8399963,358.3299866,350.4299927,1179400.0,354.1017456
2020-11-16 00:00:00,357.0599976,356.5400085,361.2200012,353.3299866,1158800.0,354.2108765
2020-11-17 00:00:00,358.75,354.980011,360.0,353.4299927,953900.0,355.8873901
2020-11-18 00:00:00,354.7399902,356.2399902,360.2600098,353.7600098,912000.0,351.9093933
2020-11-19 00:00:00,361.4400024,353.2000122,363.3900146,349.0499878,1533600.0,358.5559082
2020-11-20 00:00:00,347.6900024,358.8500061,359.9899902,347.5100098,2369800.0,344.9156494
2020-11-23 00:00:00,343.3299866,348.0700073,350.3200073,337.7200012,1529400.0,340.5904236
2020-11-24 00:00:00,345.2000122,345.0,347.730011,342.519989,1045500.0,342.4455261
2020-11-25 00:00:00,350.4700012,345.7200012,352.4700012,345.0100098,1199300.0,347.6734924
2020-11-27 00:00:00,354.2399902,353.9299927,358.0400085,351.8299866,528300.0,351.4133606
2020-11-30 00:00:00,352.019989,353.4500122,356.4400024,348.1300049,1875700.0,349.2110596
2020-12-01 00:00:00,356.8200073,356.0100098,359.2900085,352.2900085,1088900.0,353.9728088
2020-12-02 00:00:00,355.4899902,355.6600037,356.1499939,350.0599976,760700.0,352.6534119
2020-12-03 00:00:00,363.7000122,355.1900024,366.6799927,353.4700012,1841100.0,360.7978821
2020-12-04 00:00:00,368.6000061,365.1499939,371.9400024,364.0700073,1404400.0,365.658783
2020-12-07 00:00:00,372.1900024,367.8200073,373.980011,367.2799988,1909800.0,369.2200928
2020-12-08 00:00:00,372.5899963,372.3999939,380.5,370.5299988,1705200.0,369.6169434
2020-12-09 00:00:00,364.1799927,368.9100037,370.1400146,361.1099854,2477800.0,361.2740784
2020-12-10 00:00:00,362.5,361.230011,364.3999939,357.4500122,1499200.0,359.6074829
2020-12-11 00:00:00,364.3200073,362.1199951,364.6499939,358.0,1194000.0,361.4129639
2020-12-14 00:00:00,365.5100098,364.4400024,369.3099976,363.6099854,1366000.0,362.5934753
2020-12-15 00:00:00,360.4299927,365.8200073,367.7600098,360.1499939,1654200.0,357.5539856
2020-12-16 00:00:00,369.2600098,361.3099976,370.3599854,360.0299988,1577800.0,366.3135681
2020-12-17 00:00:00,380.3200073,371.9299927,380.9899902,370.3399963,1965900.0,377.2852783
2020-12-18 00:00:00,380.1099854,377.1600037,380.7999878,375.5299988,2569600.0,377.0769653
2020-12-21 00:00:00,375.9299927,374.7200012,377.8200073,368.4200134,997600.0,372.9303284
2020-12-22 00:00:00,379.9700012,376.0,380.1400146,373.5799866,1003500.0,376.9380798
2020-12-23 00:00:00,376.9200134,379.0100098,383.9400024,376.7099915,900900.0,373.9124451
2020-12-24 00:00:00,381.1600037,377.5100098,381.7900085,377.4299927,441900.0,378.1185913
2020-12-28 00:00:00,381.1199951,387.5700073,387.9400024,378.0400085,871900.0,378.0789185
2020-12-29 00:00:00,378.3299866,383.2000122,384.8200073,377.3200073,640500.0,375.3111572
2020-12-30 00:00:00,375.5499878,380.8200073,381.980011,375.3399963,703200.0,372.5532837
2020-12-31 00:00:00,379.8500061,375.019989,380.480011,374.9500122,982500.0,376.8190002
2021-01-04 00:00:00,371.7000122,379.7399902,384.6199951,366.1700134,1839800.0,368.7340698
2021-01-05 00:00:00,368.8699951,370.4400024,374.0,367.3099976,1117700.0,365.9266357
2021-01-06 00:00:00,361.0,359.1700134,364.0100098,357.6900024,1537600.0,358.1194153
2021-01-07 00:00:00,368.6300049,363.2399902,370.230011,360.3299866,1109000.0,365.6885986
2021-01-08 00:00:00,374.4599915,369.7900085,375.0299988,368.6000061,1259100.0,372.0675354
2021-01-11 00:00:00,372.3399963,376.1300049,376.7600098,366.3800049,1514900.0,369.9610596
2021-01-12 00:00:00,365.6700134,371.8299866,372.6300049,362.3500061,1242200.0,363.3336792
2021-01-13 00:00:00,364.9599915,364.9700012,367.3299866,360.5,1019500.0,362.6282043
2021-01-14 00:00:00,365.5100098,365.2900085,369.6300049,364.9700012,1146200.0,363.1747131
2021-01-15 00:00:00,371.0100098,364.8800049,373.8399963,363.0299988,1597800.0,368.6395874
2021-01-19 00:00:00,384.9500122,374.8699951,386.3800049,374.3599854,1578400.0,382.4905701
2021-01-20 00:00:00,389.4599915,391.6700134,398.1199951,388.980011,2051800.0,386.9717102
2021-01-21 00:00:00,381.75,386.2099915,388.4200134,377.8099976,1736700.0,379.3109741
2021-01-22 00:00:00,374.8500061,384.3999939,384.3999939,374.6400146,1150600.0,372.4550171
2021-01-25 00:00:00,374.4299927,378.0400085,378.8399963,364.3099976,1588200.0,372.0377197
2021-01-26 00:00:00,374.7999878,374.0299988,376.1400146,370.2799988,663500.0,372.4053345
2021-01-27 00:00:00,363.1099854,368.0100098,375.0,359.3299866,1928100.0,360.7900391
2021-01-28 00:00:00,369.9500122,366.3500061,376.6700134,365.7099915,1395100.0,367.5863647
2021-01-29 00:00:00,361.230011,366.3599854,369.8900146,359.6900024,1523500.0,358.9220276
2021-02-01 00:00:00,373.5799866,365.4899902,378.4500122,364.5899963,1260100.0,371.1931458
2021-02-02 00:00:00,384.1099854,376.3299866,385.4700012,375.5299988,1123400.0,381.6558533
2021-02-03 00:00:00,380.1499939,382.6799927,383.6799927,377.0,807300.0,377.7211914
2021-02-04 00:00:00,392.730011,381.9400024,392.9500122,380.0,1522100.0,390.2207947
2021-02-05 00:00:00,389.3800049,392.5400085,396.4700012,387.7200012,867300.0,386.8922119
2021-02-08 00:00:00,389.7399902,393.480011,395.1499939,386.8800049,898600.0,387.2498779
2021-02-09 00:00:00,391.5499878,385.8500061,392.8599854,384.6400146,817700.0,389.0483093
2021-02-10 00:00:00,397.2900085,395.8399963,399.0400085,390.5899963,1150300.0,394.751709
2021-02-11 00:00:00,408.8200073,400.0,409.2999878,396.5899963,1226900.0,406.2080078
2021-02-12 00:00:00,413.9899902,410.0,414.4700012,407.1199951,1066800.0,411.3449707
2021-02-16 00:00:00,422.2600098,417.5400085,423.7399902,417.269989,1378600.0,419.5621643
2021-02-17 00:00:00,415.8099976,419.9299927,420.4100037,412.0499878,1164700.0,413.1533508
2021-02-18 00:00:00,415.3900146,414.3800049,420.0,408.4299927,1038700.0,412.7360535
2021-02-19 00:00:00,411.3500061,413.3500061,417.8099976,409.1600037,1287900.0,408.7218628
2021-02-22 00:00:00,401.5499878,408.1600037,408.8399963,401.2399902,1179200.0,398.9844055
2021-02-23 00:00:00,399.0899963,398.1199951,402.7999878,390.2399902,2483100.0,396.5401611
2021-02-24 00:00:00,413.1799927,388.2900085,415.4299927,382.7999878,3307900.0,410.5401306
2021-02-25 00:00:00,387.980011,407.5899963,408.9500122,386.6499939,2148100.0,385.5011597
2021-02-26 00:00:00,390.1400146,390.4599915,396.6099854,385.0,1765300.0,387.6473694
2021-03-01 00:00:00,406.4100037,396.3299866,407.8599854,394.2200012,1545000.0,403.8134155
2021-03-02 00:00:00,401.75,406.4899902,406.519989,398.6700134,1198400.0,399.183197
2021-03-03 00:00:00,388.7099915,399.0799866,401.0100098,388.4599915,1369900.0,386.2264709
2021-03-04 00:00:00,376.3299866,388.4200134,392.0799866,373.5700073,1930000.0,373.9255676
2021-03-05 00:00:00,382.2099915,381.9299927,384.0,367.7799988,1588200.0,379.7679749
2021-03-08 00:00:00,370.4200134,381.5400085,388.1099854,369.7999878,1652900.0,368.0533752
2021-03-09 00:00:00,384.5799866,380.8800049,388.6900024,379.7799988,1770700.0,382.1228638
2021-03-10 00:00:00,382.8200073,394.5700073,394.5700073,382.25,1388800.0,380.3741455
2021-03-11 00:00:00,399.1700134,390.480011,401.0299988,390.3200073,1445300.0,396.6196899
2021-03-12 00:00:00,395.9500122,394.2099915,396.6300049,387.3800049,1305100.0,393.4202271
2021-03-15 00:00:00,396.8399963,393.3699951,398.0,390.3800049,1407900.0,394.3045654
2021-03-16 00:00:00,395.4200134,400.5100098,401.8900146,392.4899902,1077300.0,392.8935852
2021-03-17 00:00:00,391.7200012,392.8500061,395.8299866,385.75,1765800.0,389.2172546
2021-03-18 00:00:00,373.9700012,384.0700073,385.6300049,373.4599915,1868400.0,371.580658
2021-03-19 00:00:00,381.2799988,374.25,385.3099976,373.2900085,4423200.0,378.8439941
2021-03-22 00:00:00,383.019989,381.8099976,386.0599976,380.0700073,1468800.0,380.5728455
2021-03-23 00:00:00,383.2000122,386.0299988,387.7999878,381.5299988,1154500.0,380.751709
2021-03-24 00:00:00,377.2900085,384.3200073,386.1900024,376.730011,1138300.0,374.8794861
2021-03-25 00:00:00,372.3900146,374.5499878,375.8699951,365.1499939,1510700.0,370.0107422
2021-03-26 00:00:00,376.5799866,369.1600037,377.0499878,367.9400024,2107200.0,374.1739807
2021-03-29 00:00:00,374.6199951,377.6400146,379.6900024,369.3500061,1631200.0,372.2265015
2021-03-30 00:00:00,373.6600037,371.0799866,376.1199951,368.7399902,998000.0,371.272644
2021-03-31 00:00:00,383.0599976,378.0700073,386.0,376.4599915,1512700.0,380.6125793
2021-04-01 00:00:00,395.230011,388.9200134,397.4100037,388.4899902,1445100.0,392.704834
2021-04-05 00:00:00,402.1400146,397.5700073,402.8900146,396.3800049,1473600.0,399.5707092
2021-04-06 00:00:00,401.2000122,399.5899963,405.0,396.8500061,813300.0,398.6367188
2021-04-07 00:00:00,401.0499878,400.1600037,403.1199951,399.019989,713700.0,398.4876099
2021-04-08 00:00:00,411.3200073,403.5400085,412.480011,402.8999939,1397000.0,408.6920471
2021-04-09 00:00:00,417.6099854,412.4100037,418.3699951,409.2900085,1003500.0,415.5378723
2021-04-12 00:00:00,415.9299927,415.5299988,417.1300049,412.4899902,1251600.0,413.8662109
2021-04-13 00:00:00,418.9400024,416.4400024,419.5299988,414.3099976,1550200.0,416.8612671
2021-04-14 00:00:00,411.2900085,422.769989,422.769989,410.4400024,1016600.0,409.2492371
2021-04-15 00:00:00,417.5599976,414.6600037,418.3500061,413.1700134,914800.0,415.4881592
2021-04-16 00:00:00,415.8200073,419.1799927,420.1799927,414.269989,973100.0,413.7567749
2021-04-19 00:00:00,402.2900085,415.8200073,417.0,400.9700012,1130900.0,400.2939148
2021-04-20 00:00:00,405.3699951,401.0599976,406.9299927,399.2399902,1095800.0,403.3586426
2021-04-21 00:00:00,408.9500122,405.8999939,409.7799988,401.9899902,857400.0,406.9208679
2021-04-22 00:00:00,406.7799988,407.4200134,411.5100098,404.230011,761700.0,404.7615967
2021-04-23 00:00:00,414.9200134,409.1900024,416.2000122,408.4299927,981500.0,412.8612366
2021-04-26 00:00:00,418.2900085,414.4400024,418.6799927,410.8999939,716400.0,416.2145081
2021-04-27 00:00:00,416.1199951,420.0,420.8900146,414.0,619400.0,414.0552673
2021-04-28 00:00:00,415.7999878,415.269989,417.4599915,411.3999939,541700.0,413.7368774
2021-04-29 00:00:00,416.1499939,417.2000122,418.1000061,411.5599976,636700.0,414.0851135
2021-04-30 00:00:00,412.1600037,413.3500061,418.0799866,411.6199951,1409200.0,410.1149292
2021-05-03 00:00:00,411.3399963,414.7900085,415.6700134,409.0,771800.0,409.2990112
2021-05-04 00:00:00,397.6199951,409.1499939,409.1499939,395.8800049,1214200.0,395.6470947
2021-05-05 00:00:00,392.0400085,401.0799866,403.0799866,390.8099976,989800.0,390.0947571
2021-05-06 00:00:00,394.0700073,390.8099976,394.5100098,386.1499939,975400.0,392.1146851
2021-05-07 00:00:00,401.0400085,399.8299866,406.0700073,396.4299927,965500.0,399.0501404
2021-05-10 00:00:00,392.5400085,400.230011,401.5100098,392.2900085,1005400.0,390.5922852
2021-05-11 00:00:00,394.9899902,390.3699951,400.2099915,385.6600037,932600.0,393.0301208
2021-05-12 00:00:00,399.8900146,393.6799927,402.2399902,391.0899963,2256300.0,397.9058228
2021-05-13 00:00:00,403.519989,401.6700134,405.9899902,397.0,1402100.0,401.5177917
2021-05-14 00:00:00,417.2600098,406.8599854,418.5499878,403.5400085,1191200.0,415.1896362
2021-05-17 00:00:00,419.4200134,415.0799866,419.5,409.4599915,1286200.0,417.3388977
2021-05-18 00:00:00,417.4299927,421.0,424.6400146,417.0700073,1153700.0,415.3587952
2021-05-19 00:00:00,421.2000122,409.519989,421.75,408.7200012,1321200.0,419.1100769
2021-05-20 00:00:00,435.269989,423.3699951,436.9899902,423.3699951,1242200.0,433.11026
2021-05-21 00:00:00,433.4299927,438.4500122,441.3599854,431.7600098,1172800.0,431.2793884
2021-05-24 00:00:00,440.4100037,439.2000122,442.7099915,438.0700073,1127300.0,438.2247925
2021-05-25 00:00:00,438.9899902,440.0100098,442.0400085,436.8800049,1469700.0,436.8117981
2021-05-26 00:00:00,442.8099976,440.9200134,445.6600037,437.5899963,2008700.0,440.6128235
2021-05-27 00:00:00,432.1099854,436.2099915,437.769989,427.4200134,2974200.0,429.9659119
2021-05-28 00:00:00,439.0899963,435.5,442.0,433.8200073,1451300.0,436.9112854
2021-06-01 00:00:00,438.6600037,441.7000122,441.9500122,434.6499939,948000.0,436.483429
2021-06-02 00:00:00,445.4400024,438.0599976,447.0799866,436.0100098,1321000.0,443.2297974
2021-06-03 00:00:00,450.5599976,439.5,451.9299927,438.0,1490100.0,448.3244019
2021-06-04 00:00:00,461.9299927,454.980011,463.6199951,454.0100098,1400700.0,459.63797
2021-06-07 00:00:00,457.2099915,459.5599976,461.8299866,454.7999878,868100.0,454.9413757
2021-06-08 00:00:00,465.2600098,461.1600037,466.0,458.8200073,1516200.0,462.9514771
2021-06-09 00:00:00,468.3299866,466.1199951,470.6099854,465.4200134,919500.0,466.0062256
2021-06-10 00:00:00,471.3299866,467.3200073,473.7099915,466.2399902,1149800.0,468.991333
2021-06-11 00:00:00,472.1600037,470.2999878,474.6199951,468.6900024,1471000.0,469.8171997
2021-06-14 00:00:00,476.9700012,472.3299866,476.9899902,469.8699951,961500.0,474.6033325
2021-06-15 00:00:00,470.7099915,478.1900024,478.1900024,468.8500061,1359600.0,468.3743896
2021-06-16 00:00:00,469.3399963,469.2000122,473.7200012,464.7200012,1230300.0,467.0111694
2021-06-17 00:00:00,474.730011,468.8800049,476.4899902,467.3099976,1442700.0,472.3745117
2021-06-18 00:00:00,473.3999939,477.0799866,478.4899902,472.3399963,1571100.0,471.0510559
2021-06-21 00:00:00,477.8999939,477.1799927,481.1199951,472.0,1073600.0,475.5287476
2021-06-22 00:00:00,477.5599976,477.3099976,479.7399902,475.1199951,1480600.0,475.1904297
2021-06-23 00:00:00,478.5899963,477.5599976,482.2000122,477.5599976,1218800.0,476.2153015
2021-06-24 00:00:00,482.6199951,482.0,486.25,480.2999878,1088500.0,480.2253418
2021-06-25 00:00:00,486.0899963,480.9899902,490.1900024,477.0,1494500.0,483.6780701
2021-06-28 00:00:00,486.9899902,486.8599854,491.3900146,485.6400146,934500.0,484.5736084
2021-06-29 00:00:00,491.3999939,485.6199951,491.6600037,484.4599915,718400.0,488.961731
2021-06-30 00:00:00,490.1700134,490.6300049,492.6000061,487.4700012,955100.0,487.7378845
2021-07-01 00:00:00,491.0499878,493.6799927,493.6799927,487.230011,905600.0,488.6134644
2021-07-02 00:00:00,497.6400146,494.8599854,500.8299866,494.5899963,1072500.0,495.1708069
2021-07-06 00:00:00,500.9700012,501.8599854,502.6900024,498.230011,1181000.0,498.4842834
2021-07-07 00:00:00,506.0899963,505.5299988,508.6300049,503.1199951,929000.0,503.5788269
2021-07-08 00:00:00,506.0899963,501.25,506.8900146,497.0799866,989500.0,503.5788269
2021-07-09 00:00:00,503.9299927,502.9400024,505.5899963,495.7399902,1269400.0,502.0148315
2021-07-12 00:00:00,505.1000061,506.75,507.7000122,503.0,922300.0,503.1804199
2021-07-13 00:00:00,506.6900024,504.8999939,509.9700012,503.6300049,1002900.0,504.7643433
2021-07-14 00:00:00,505.5599976,509.4599915,511.6900024,504.5899963,1453600.0,503.6386414
2021-07-15 00:00:00,503.1700134,505.9700012,506.3800049,500.3800049,1101400.0,501.2577209
2021-07-16 00:00:00,501.5100098,504.6400146,505.0,500.8500061,727800.0,499.6040344
2021-07-19 00:00:00,498.7799988,498.8399963,502.480011,496.0,1320300.0,496.8843994
2021-07-20 00:00:00,508.5599976,500.0599976,512.6699829,499.0100098,1273300.0,506.6272278
2021-07-21 00:00:00,514.4500122,506.7099915,514.5900269,503.0799866,1118900.0,512.494812
2021-07-22 00:00:00,521.3099976,516.1099854,522.0900269,514.0999756,917700.0,519.3287354
2021-07-23 00:00:00,528.4299927,524.9199829,532.3300171,522.0200195,974500.0,526.4216919
2021-07-26 00:00:00,529.3099976,528.1500244,530.2299805,523.1300049,720500.0,527.2983398
2021-07-27 00:00:00,522.9099731,528.0200195,530.5200195,516.4400024,983100.0,520.9226685
2021-07-28 00:00:00,523.0999756,524.5900269,527.2299805,520.9299927,694700.0,521.1119385
2021-07-29 00:00:00,525.5100098,521.210022,529.4400024,521.210022,627400.0,523.5128174
2021-07-30 00:00:00,529.9699707,525.2000122,530.8599854,525.0200195,905300.0,527.9558105
2021-08-02 00:00:00,527.5100098,532.1099854,534.7700195,525.3699951,857400.0,525.505249
2021-08-03 00:00:00,530.1799927,528.8900146,532.1099854,524.2600098,870800.0,528.1650391
2021-08-04 00:00:00,536.0599976,530.8300171,537.1699829,528.4400024,709100.0,534.0227051
2021-08-05 00:00:00,538.0100098,536.7399902,540.6300049,534.539978,897000.0,535.965271
2021-08-06 00:00:00,534.289978,534.8099976,537.8800049,530.0100098,1040200.0,532.2594604
2021-08-09 00:00:00,535.2299805,534.1699829,537.2399902,531.8699951,733100.0,533.1958618
2021-08-10 00:00:00,530.1300049,538.2299805,539.9899902,528.710022,855800.0,528.1152344
2021-08-11 00:00:00,532.2299805,529.3900146,533.039978,526.6199951,765000.0,530.2072144
2021-08-12 00:00:00,536.9199829,532.289978,538.1400146,530.2299805,521200.0,534.8794556
2021-08-13 00:00:00,540.7399902,536.3599854,541.210022,534.5100098,541200.0,538.6849976
2021-08-16 00:00:00,542.9400024,540.4500122,542.960022,535.8699951,785300.0,540.8765869
2021-08-17 00:00:00,535.8599854,542.1099854,542.1099854,534.1400146,1079200.0,533.8234253
2021-08-18 00:00:00,532.9799805,535.0800171,539.5900269,532.1099854,723900.0,530.9544067
2021-08-19 00:00:00,543.4400024,528.5900269,547.9000244,527.8300171,1495300.0,541.3746338
2021-08-20 00:00:00,545.2999878,547.5800171,549.6799927,542.9699707,1243200.0,543.2276001
2021-08-23 00:00:00,552.4899902,548.8499756,553.7999878,548.2000122,1368500.0,550.3902588
2021-08-24 00:00:00,554.0200195,554.0,555.0300293,548.8300171,1661300.0,551.9145508
2021-08-25 00:00:00,555.6099854,577.3099976,582.960022,551.0100098,2237800.0,553.4983521
2021-08-26 00:00:00,552.6400146,547.6799927,556.6099854,546.1699829,1557000.0,550.5397339
2021-08-27 00:00:00,565.9400024,554.6300049,566.25,553.6699829,1414200.0,563.7891235
2021-08-30 00:00:00,565.5700073,567.1400146,568.3099976,563.539978,893900.0,563.4205322
2021-08-31 00:00:00,566.1099854,567.1099854,567.1099854,563.25,1231100.0,563.9584961
2021-09-01 00:00:00,563.1300049,567.2999878,567.7800293,562.6699829,1259400.0,560.9898682
2021-09-02 00:00:00,559.789978,563.7000122,565.289978,555.6400146,1086000.0,557.6625366
2021-09-03 00:00:00,563.25,559.5,566.7399902,558.039978,762600.0,561.109436
2021-09-07 00:00:00,560.4699707,563.75,563.75,555.5100098,881900.0,558.3399048
2021-09-08 00:00:00,567.5900269,559.5,568.4799805,558.1699829,918200.0,565.4328613
2021-09-09 00:00:00,567.75,568.5300293,572.8599854,566.5900269,775300.0,565.5922852
2021-09-10 00:00:00,567.3800049,571.4099731,573.0,567.039978,1088400.0,565.2236938
2021-09-13 00:00:00,557.4199829,570.1900024,571.4699707,551.2600098,1192700.0,555.3015137
2021-09-14 00:00:00,568.2700195,565.9500122,571.2000122,563.0200195,1182800.0,566.1102905
2021-09-15 00:00:00,572.1099854,570.0,572.3699951,564.5999756,1025700.0,569.93573
2021-09-16 00:00:00,572.8800049,570.9099731,574.7199707,567.9400024,999900.0,570.7027588
2021-09-17 00:00:00,561.8499756,572.8400269,572.8400269,560.6699829,1860900.0,559.7147217
2021-09-20 00:00:00,554.4000244,553.0100098,560.210022,547.5100098,1300000.0,552.2930298
2021-09-21 00:00:00,555.25,559.7399902,559.8699951,553.5100098,758100.0,553.1397705
2021-09-22 00:00:00,562.7999878,560.5999756,565.0,553.6400146,911100.0,560.6610718
2021-09-23 00:00:00,577.3699951,566.1799927,578.3099976,565.0800171,1235100.0,575.1757202
2021-09-24 00:00:00,577.9199829,573.3900146,579.1699829,570.3400269,1168700.0,575.7236328
2021-09-27 00:00:00,567.0100098,572.8499756,573.8300171,561.2999878,1279100.0,564.8551025
2021-09-28 00:00:00,545.0100098,560.4400024,562.7800293,544.4799805,1647600.0,542.9387817
2021-09-29 00:00:00,546.9299927,548.8800049,553.1500244,545.039978,994800.0,544.8513794
2021-09-30 00:00:00,539.5100098,549.3900146,554.4899902,539.210022,1540800.0,537.4595947
2021-10-01 00:00:00,543.9699707,541.2399902,546.0499878,533.2800293,1439900.0,541.9025879
2021-10-04 00:00:00,525.3499756,539.6900024,541.5300293,519.0,1456000.0,523.3534546
2021-10-05 00:00:00,533.3499756,529.0599976,536.9299927,526.4000244,958300.0,531.322998
2021-10-06 00:00:00,534.6099854,526.4199829,537.9299927,526.0100098,977600.0,532.5782471
2021-10-07 00:00:00,537.7299805,538.1699829,544.75,537.0800171,955600.0,536.3685913
2021-10-08 00:00:00,531.1199951,539.0599976,541.3900146,529.4400024,937000.0,529.7753296
2021-10-11 00:00:00,525.4099731,528.75,533.460022,525.039978,1025300.0,524.0797729
2021-10-12 00:00:00,527.0499878,527.0200195,533.4000244,524.1400146,873000.0,525.7156372
2021-10-13 00:00:00,534.9400024,534.25,539.6400146,532.25,866500.0,533.5856934
2021-10-14 00:00:00,543.7800293,543.3499756,549.9199829,542.0,1068300.0,542.4033203
2021-10-15 00:00:00,552.1599731,545.0,553.2800293,543.2700195,1602700.0,550.762085
2021-10-18 00:00:00,564.5599976,552.7600098,564.8099976,548.2700195,1321800.0,563.1307373
2021-10-19 00:00:00,572.7999878,568.1500244,573.1300049,563.960022,978000.0,571.3497925
2021-10-20 00:00:00,570.5300293,574.3400269,575.6799927,568.9099731,836200.0,569.0855713
2021-10-21 00:00:00,578.3499756,570.0,578.9299927,565.2999878,729600.0,576.8857422
2021-10-22 00:00:00,590.7999878,580.9000244,591.6300049,580.0,991800.0,589.3042603
2021-10-25 00:00:00,602.5599976,590.7999878,604.2299805,589.75,1104600.0,601.0344849
2021-10-26 00:00:00,608.6099854,605.5800171,613.3599854,602.460022,1418600.0,607.0691528
2021-10-27 00:00:00,613.1300049,609.2199707,617.3200073,606.9000244,1457700.0,611.5776978
2021-10-28 00:00:00,615.4099731,613.1500244,620.4099731,605.8200073,1066600.0,613.8519287
2021-10-29 00:00:00,625.9899902,613.3599854,626.5999756,610.8800049,1038200.0,624.4051514
2021-11-01 00:00:00,608.8099976,628.5300293,629.9799805,607.3099976,1246300.0,607.2686768
2021-11-02 00:00:00,618.3900146,612.0900269,625.6599731,610.5,1024500.0,616.8244019
2021-11-03 00:00:00,622.8699951,619.9099731,625.6599731,609.2600098,1093900.0,621.2930298
2021-11-04 00:00:00,625.6799927,621.2800293,631.5599976,620.3099976,1267100.0,624.0959473
2021-11-05 00:00:00,614.9899902,628.1900024,629.3099976,612.789978,1428200.0,613.4330444
2021-11-08 00:00:00,615.25,619.0100098,619.4899902,608.210022,1222800.0,613.6923828
2021-11-09 00:00:00,612.7800293,615.9500122,618.1300049,611.2199707,1205100.0,611.2286377
2021-11-10 00:00:00,603.9799805,611.3900146,617.9899902,603.5599976,1197300.0,602.4508667
2021-11-11 00:00:00,606.8699951,607.25,610.5999756,605.9099731,684300.0,605.3335571
2021-11-12 00:00:00,626.9899902,610.9299927,628.3800049,610.9299927,1182600.0,625.4025879
2021-11-15 00:00:00,626.1400146,628.1900024,632.9500122,622.5499878,1402500.0,624.5548096
2021-11-16 00:00:00,645.7600098,626.1599731,646.4799805,625.9500122,1331700.0,644.1251221
2021-11-17 00:00:00,635.0599976,643.5800171,644.5499878,629.8400269,1321900.0,633.4522095
2021-11-18 00:00:00,628.9400024,636.5200195,636.7199707,626.4299927,1319900.0,627.3477173
2021-11-19 00:00:00,692.3400269,715.8699951,716.8599854,681.460022,3615700.0,690.5872192
2021-11-22 00:00:00,661.6300049,691.960022,693.5100098,660.8099976,2177000.0,659.9549561
2021-11-23 00:00:00,670.6300049,652.75,672.1400146,648.7999878,2112500.0,668.9321289
2021-11-24 00:00:00,684.0,661.5,684.6500244,659.6799927,1715100.0,682.2683105
2021-11-26 00:00:00,666.9099731,684.0,691.0499878,663.710022,1279300.0,665.2215576
2021-11-29 00:00:00,694.6599731,674.3300171,697.2700195,674.3300171,2009300.0,692.9012451
2021-11-30 00:00:00,652.2999878,668.9500122,681.5700073,652.0,4186000.0,650.6485596
2021-12-01 00:00:00,663.8900146,667.9000244,674.9500122,657.5999756,5184800.0,662.2092285
2021-12-02 00:00:00,672.1199951,660.2000122,677.8099976,660.2000122,1961900.0,670.418396
2021-12-03 00:00:00,647.960022,671.4299927,673.4500122,634.9799805,2277100.0,646.319519
2021-12-06 00:00:00,645.3400269,649.9899902,652.0599976,639.5300293,1687000.0,643.7061768
2021-12-07 00:00:00,673.2999878,654.2199707,674.4500122,653.960022,1615300.0,671.5953979
2021-12-08 00:00:00,673.0599976,673.1699829,676.2000122,666.7800293,1332800.0,671.3560181
2021-12-09 00:00:00,665.5100098,674.0300293,680.25,662.710022,1180200.0,663.8250732
2021-12-10 00:00:00,677.9500122,670.3099976,678.2299805,666.8900146,1276500.0,676.2335815
2021-12-13 00:00:00,668.7399902,678.0,684.0700073,668.4000244,1430800.0,667.046936
2021-12-14 00:00:00,639.4799805,655.6400146,657.039978,626.8499756,1865900.0,637.8609619
2021-12-15 00:00:00,647.4899902,645.210022,648.7399902,625.25,2555000.0,645.850708
2021-12-16 00:00:00,633.960022,649.0,649.9899902,624.8099976,1954700.0,632.3550415
2021-12-17 00:00:00,620.2700195,621.4000244,631.7399902,612.1900024,4330300.0,618.699707
2021-12-20 00:00:00,604.6300049,609.0999756,614.3300171,599.2700195,2236700.0,603.0992432
2021-12-21 00:00:00,621.0700073,610.539978,623.0999756,601.0499878,1875800.0,619.4976196
2021-12-22 00:00:00,631.6599731,620.960022,632.4199829,616.7199707,1014600.0,630.060791
2021-12-23 00:00:00,635.710022,631.6599731,638.8099976,630.75,759800.0,634.1005859
2021-12-27 00:00:00,652.7700195,639.0900269,653.6500244,638.0,1068700.0,651.1173706
2021-12-28 00:00:00,649.7800293,657.8599854,658.8400269,647.4000244,955700.0,648.1350098
2021-12-29 00:00:00,648.0300293,649.0900269,650.7700195,642.0800171,651300.0,646.3894043
2021-12-30 00:00:00,643.3599854,648.039978,650.7000122,642.4500122,776400.0,641.7312012
2021-12-31 00:00:00,643.2199707,644.3300171,647.3499756,638.7199707,821500.0,641.5914917
2022-01-03 00:00:00,631.4699707,640.0300293,645.6099854,621.2800293,1360600.0,629.8712769
2022-01-04 00:00:00,618.3200073,631.4699707,631.4699707,606.1300049,1998900.0,616.7546387
2022-01-05 00:00:00,593.7000122,609.4299927,614.6900024,593.1699829,2295800.0,592.1969604
2022-01-06 00:00:00,586.3900146,586.7999878,595.8499756,580.210022,1789000.0,584.9053955
2022-01-07 00:00:00,567.5599976,586.4400024,588.9899902,563.7700195,2275200.0,566.7803345
2022-01-10 00:00:00,570.1900024,553.5200195,570.8900146,543.8599854,2956700.0,569.4067383
2022-01-11 00:00:00,578.7199707,566.2000122,579.6099854,558.5200195,1696500.0,577.9249878
2022-01-12 00:00:00,577.2600098,584.8099976,589.5700073,575.7999878,1433700.0,576.467041
2022-01-13 00:00:00,552.9199829,580.8900146,582.5300293,551.7000122,1633400.0,552.1604614
2022-01-14 00:00:00,550.789978,551.3300171,557.3400269,543.4000244,1722600.0,550.0333252
2022-01-18 00:00:00,537.8200073,539.3200073,548.9000244,536.1099854,1888100.0,537.0811768
2022-01-19 00:00:00,545.3499756,542.1099854,558.5700073,540.8099976,1904500.0,544.6008301
2022-01-20 00:00:00,544.6199951,552.0999756,566.4799805,543.7700195,1924000.0,543.8718262
2022-01-21 00:00:00,528.5499878,546.9899902,552.7600098,527.8200073,2574900.0,527.8239136
2022-01-24 00:00:00,534.6799927,526.0,535.7299805,500.3599854,2850100.0,533.9454956
2022-01-25 00:00:00,515.9899902,516.9099731,528.8499756,509.019989,2418200.0,515.281189
2022-01-26 00:00:00,507.480011,532.039978,536.8499756,499.75,2503100.0,506.7828674
2022-01-27 00:00:00,517.2199707,516.4099731,526.0,513.289978,2485400.0,516.5094604
2022-01-28 00:00:00,534.8200073,520.1599731,536.2299805,506.1700134,1760600.0,534.0853271
2022-01-31 00:00:00,555.2299805,535.8499756,556.6400146,532.039978,2209400.0,554.4672852
2022-02-01 00:00:00,560.8300171,556.4000244,561.8499756,548.1900024,1706300.0,560.0595703
2022-02-02 00:00:00,562.2999878,562.7600098,564.8699951,554.4000244,1245500.0,561.5275269
2022-02-03 00:00:00,535.5900269,543.8699951,552.7700195,533.5800171,1372400.0,534.8543091
2022-02-04 00:00:00,544.0200195,531.0300293,550.2800293,531.0300293,1504500.0,543.2727051
2022-02-07 00:00:00,545.2800293,544.4000244,555.9000244,542.5,1411600.0,544.5309448
2022-02-08 00:00:00,554.2299805,539.2800293,556.4000244,538.4099731,915500.0,553.4686279
2022-02-09 00:00:00,579.4000244,566.0999756,579.960022,565.0,1670700.0,578.604126
2022-02-10 00:00:00,557.5800171,562.6199951,575.9099731,552.3300171,1594200.0,556.8140869
2022-02-11 00:00:00,535.8099976,559.7999878,561.7000122,532.6699829,1250400.0,535.0739746
2022-02-14 00:00:00,529.0499878,536.1400146,538.3200073,524.1500244,1165400.0,528.3232422
2022-02-15 00:00:00,527.7800293,537.7399902,539.3300171,515.7700195,2170300.0,527.0549927
2022-02-16 00:00:00,528.1500244,525.9699707,530.4199829,511.7099915,1318400.0,527.4244995
2022-02-17 00:00:00,496.1799927,523.2800293,525.9000244,494.7200012,2145400.0,495.4983826
2022-02-18 00:00:00,481.2000122,497.7000122,498.6700134,478.75,2323300.0,480.5389709
2022-02-22 00:00:00,483.25,479.9299927,494.3699951,476.8699951,2282900.0,482.5861511
2022-02-23 00:00:00,467.0,491.9100037,491.9100037,465.5499878,1799500.0,466.35849
2022-02-24 00:00:00,497.1300049,458.0,498.2999878,450.2600098,2683700.0,496.4470825
2022-02-25 00:00:00,487.1799927,489.0299988,492.1300049,474.6099854,2846500.0,486.5107422
2022-02-28 00:00:00,474.3699951,478.8399963,484.4599915,463.3900146,2525400.0,473.7183533
2022-03-01 00:00:00,468.5799866,476.1300049,484.5599976,465.8500061,2176700.0,467.9362793
2022-03-02 00:00:00,486.0,472.1099854,489.3399963,468.0,2083000.0,485.3323669
2022-03-03 00:00:00,472.7000122,490.1499939,492.8699951,468.9899902,1640400.0,472.0506592
2022-03-04 00:00:00,464.9500122,470.8099976,474.6300049,460.9599915,1611900.0,464.3113098
2022-03-07 00:00:00,437.3900146,464.2200012,466.7399902,436.5100098,2312700.0,436.7891541
2022-03-08 00:00:00,442.2099915,438.4299927,455.25,432.1499939,2669000.0,441.6025391
2022-03-09 00:00:00,464.7399902,456.480011,469.9599915,452.0,1950400.0,464.1015625
2022-03-10 00:00:00,452.3699951,460.1499939,460.1499939,443.3399963,1756200.0,451.7485657
2022-03-11 00:00:00,439.3200073,457.5700073,461.8999939,438.5100098,2303200.0,438.7165222
2022-03-14 00:00:00,424.6300049,439.9200134,445.2799988,423.0299988,2353900.0,424.0466919
2022-03-15 00:00:00,439.6799927,427.7999878,441.4899902,425.5400085,1953400.0,439.0759888
2022-03-16 00:00:00,457.8999939,445.0,457.8999939,437.9899902,2487400.0,457.2709656
2022-03-17 00:00:00,473.75,454.8299866,475.0,453.230011,2680700.0,473.0992126
2022-03-18 00:00:00,479.8699951,475.6900024,483.3200073,467.8599854,3112900.0,479.2107849
2022-03-21 00:00:00,466.5,473.0700073,476.5,463.5599976,2044600.0,465.8591614
2022-03-22 00:00:00,475.9899902,466.4599915,478.7099915,465.980011,1979900.0,475.3361206
2022-03-23 00:00:00,461.4400024,471.1700134,471.980011,459.75,1718700.0,460.8061218
2022-03-24 00:00:00,465.6300049,464.1600037,467.2200012,453.0400085,1567200.0,464.9903564
2022-03-25 00:00:00,459.3500061,467.519989,469.0400085,452.8200073,1312200.0,458.7189941
2022-03-28 00:00:00,480.5,460.5400085,481.7099915,458.2000122,2085000.0,479.8399353
2022-03-29 00:00:00,485.3599854,488.1300049,490.0899963,475.7999878,1918000.0,484.6932373
2022-03-30 00:00:00,471.9500122,480.9599915,481.519989,468.2200012,1747800.0,471.3016968
2022-03-31 00:00:00,480.8399963,477.6700134,488.8599854,473.5700073,2647900.0,480.1794739
2022-04-01 00:00:00,483.9299927,480.6400146,487.4899902,477.0700073,1316200.0,483.2652283
2022-04-04 00:00:00,505.6499939,485.3800049,507.7099915,485.0,2326700.0,504.9553833
2022-04-05 00:00:00,496.0499878,501.9100037,506.3599854,491.0,1632600.0,495.3685608
2022-04-06 00:00:00,490.2099915,485.269989,493.5899963,482.0799866,2041300.0,489.5365906
2022-04-07 00:00:00,495.0100098,484.6199951,498.4500122,484.230011,1568200.0,494.3300171
2022-04-08 00:00:00,482.8399963,493.3200073,493.3200073,481.5100098,1717500.0,482.8399963
2022-04-11 00:00:00,473.3399963,478.3699951,478.6300049,464.7399902,1595600.0,473.3399963
2022-04-12 00:00:00,461.6199951,479.8900146,484.4899902,461.1700134,1509700.0,461.6199951
2022-04-13 00:00:00,470.4200134,464.3500061,473.2399902,460.0,1477800.0,470.4200134
2022-04-14 00:00:00,465.1099854,467.7000122,469.2799988,459.8800049,1646100.0,465.1099854
2022-04-18 00:00:00,469.0400085,461.6799927,474.1700134,460.6000061,989300.0,469.0400085
2022-04-19 00:00:00,485.0700073,466.2999878,485.6600037,464.9100037,1184300.0,485.0700073
2022-04-20 00:00:00,481.9500122,487.5799866,492.3699951,481.2399902,1184600.0,481.9500122
2022-04-21 00:00:00,465.6499939,484.8299866,491.6300049,463.5599976,1426600.0,465.6499939
2022-04-22 00:00:00,443.2900085,466.2600098,468.019989,442.7799988,1699300.0,443.2900085
2022-04-25 00:00:00,446.9299927,441.5899963,447.4299927,433.6000061,2094000.0,446.9299927
2022-04-26 00:00:00,421.3500061,444.5499878,445.269989,421.1099854,2218200.0,421.3500061
2022-04-27 00:00:00,418.25,421.1700134,428.8200073,416.1600037,1927900.0,418.25
2022-04-28 00:00:00,444.5799866,423.9899902,448.0100098,421.7900085,1791000.0,444.5799866
2022-04-29 00:00:00,418.75,441.5700073,442.5,417.6300049,1898500.0,418.75
2022-05-02 00:00:00,427.0100098,420.0799866,427.8999939,413.230011,1778700.0,427.0100098
2022-05-03 00:00:00,430.8399963,429.6199951,433.5400085,425.6600037,1324300.0,430.8399963
2022-05-04 00:00:00,447.9200134,432.0,448.3500061,418.1600037,1599300.0,447.9200134
2022-05-05 00:00:00,409.8599854,437.8699951,439.75,404.769989,2110600.0,409.8599854
2022-05-06 00:00:00,395.7099915,406.1799927,406.5400085,390.8099976,1989700.0,395.7099915
2022-05-09 00:00:00,367.0100098,386.8299866,390.9299927,363.769989,3485200.0,367.0100098
2022-05-10 00:00:00,371.1900024,381.6700134,383.4700012,364.5100098,2271000.0,371.1900024
2022-05-11 00:00:00,356.1700134,366.8500061,376.4299927,354.519989,2563400.0,356.1700134
2022-05-12 00:00:00,353.8900146,342.5700073,355.4700012,339.3599854,3268000.0,353.8900146
2022-05-13 00:00:00,371.7600098,362.1000061,376.9500122,360.6099854,1894200.0,371.7600098
2022-05-16 00:00:00,359.5899963,370.1000061,370.3299866,356.3900146,1554800.0,359.5899963
2022-05-17 00:00:00,371.8699951,369.1000061,373.730011,359.2200012,1643100.0,371.8699951
2022-05-18 00:00:00,353.3099976,364.1499939,368.8399963,351.8999939,1721100.0,353.3099976
2022-05-19 00:00:00,362.3299866,355.5599976,369.1199951,354.6600037,2102900.0,362.3299866
2022-05-20 00:00:00,367.7799988,367.8200073,371.7900085,356.269989,1921600.0,367.7799988
2022-05-23 00:00:00,371.3699951,371.1499939,372.0,363.0,1799400.0,371.3699951
2022-05-24 00:00:00,358.9700012,363.1099854,365.7099915,355.7399902,2877700.0,358.9700012
2022-05-25 00:00:00,388.4500122,372.7900085,395.5799866,363.5,5277100.0,388.4500122
