date,close,open,high,low,volume,adjclose
2012-05-14 00:00:00,41.2000008,40.8899994,41.4700012,40.4300003,2233000.0,36.4109688
2012-05-15 00:00:00,40.8899994,41.1800003,41.5999985,40.7700005,3243500.0,36.1370125
2012-05-16 00:00:00,38.8699989,39.9399986,40.0600014,38.7000008,8916200.0,34.3518028
2012-05-17 00:00:00,37.75,38.8600006,39.0699997,37.7299995,6175800.0,33.3620033
2012-05-18 00:00:00,37.5699997,37.8600006,38.3199997,37.4399986,3750300.0,33.2029076
2012-05-21 00:00:00,38.1500015,37.7900009,38.2000008,37.4799995,3008300.0,33.7154961
2012-05-22 00:00:00,38.2200012,38.3800011,38.6599998,37.8699989,2890400.0,33.7773666
2012-05-23 00:00:00,38.1500015,37.5699997,38.3499985,37.4500008,3722900.0,33.7154961
2012-05-24 00:00:00,37.6300011,38.2799988,38.3699989,37.25,4200500.0,33.2559471
2012-05-25 00:00:00,38.3699989,37.6800003,38.6800003,37.6500015,2220300.0,33.9099197
2012-05-29 00:00:00,38.7900009,38.6100006,39.0,38.1599998,1883300.0,34.2811127
2012-05-30 00:00:00,37.75,38.4700012,38.4700012,37.7200012,2797100.0,33.3620033
2012-05-31 00:00:00,37.2999992,37.6199989,37.7599983,36.8899994,3834400.0,32.9642982
2012-06-01 00:00:00,36.1300011,36.5200005,37.5099983,36.0800018,7262600.0,31.9303055
2012-06-04 00:00:00,35.9900017,36.1300011,36.7000008,35.9300003,29876600.0,31.8065662
2012-06-05 00:00:00,37.3199997,36.0200005,37.5400009,35.8400002,6142000.0,32.9819832
2012-06-06 00:00:00,38.2200012,38.2400017,38.6699982,37.6899986,5400800.0,33.7773666
2012-06-07 00:00:00,37.4300003,38.3499985,38.75,37.3800011,3083400.0,33.0791969
2012-06-08 00:00:00,37.6199989,37.2700005,37.8800011,37.1800003,3740900.0,33.247097
2012-06-11 00:00:00,37.1500015,37.8400002,38.3300018,37.0699997,2391000.0,32.8317413
2012-06-12 00:00:00,37.3499985,37.5,37.8600006,37.0800018,3168600.0,33.0084915
2012-06-13 00:00:00,36.9099998,37.3600006,37.3699989,36.6699982,3671400.0,32.6196404
2012-06-14 00:00:00,36.5299988,37.0600014,37.0900002,36.1800003,5013300.0,32.2838135
2012-06-15 00:00:00,37.7599983,36.4000015,37.8400002,36.3800011,4367500.0,33.3708305
2012-06-18 00:00:00,37.5699997,37.7099991,38.2200012,37.4900017,3322400.0,33.2029076
2012-06-19 00:00:00,38.1399994,38.0200005,38.2999992,37.8100014,2218700.0,33.7066536
2012-06-20 00:00:00,38.75,38.2000008,38.9700012,38.0600014,4137700.0,34.2457581
2012-06-21 00:00:00,37.7999992,38.5,38.9900017,37.75,3319400.0,33.4061775
2012-06-22 00:00:00,37.9500008,37.7200012,38.3600006,37.5600014,4403700.0,33.5387497
2012-06-25 00:00:00,36.4399986,37.3499985,37.5499992,36.3199997,2476700.0,32.2042618
2012-06-26 00:00:00,36.2099991,36.5900002,36.9099998,36.1500015,4460500.0,32.0010033
2012-06-27 00:00:00,36.5600014,36.4399986,36.8100014,36.3100014,2889300.0,32.3103104
2012-06-28 00:00:00,36.3199997,36.3199997,36.3600006,35.5600014,3048600.0,32.0982208
2012-06-29 00:00:00,37.7400017,37.0699997,37.8699989,36.9399986,3623900.0,33.3531532
2012-07-02 00:00:00,37.6300011,37.9799995,37.9900017,37.1399994,1650600.0,33.2559471
2012-07-03 00:00:00,37.8199997,37.4199982,37.8300018,37.1800003,1428700.0,33.4238586
2012-07-05 00:00:00,36.9799995,37.5900002,37.75,36.8499985,3031200.0,32.6815033
2012-07-06 00:00:00,35.4900017,36.4500008,36.5999985,35.1199989,7740100.0,31.3646908
2012-07-09 00:00:00,35.1699982,35.1300011,35.6100006,34.9300003,6138900.0,31.081892
2012-07-10 00:00:00,34.7400017,34.9799995,35.4300003,34.4700012,5232600.0,30.7018852
2012-07-11 00:00:00,34.0,34.8400002,34.8899994,33.8899994,4989800.0,30.0478935
2012-07-12 00:00:00,33.75,33.7200012,33.9399986,33.5,4429600.0,29.8269463
2012-07-13 00:00:00,34.2299995,33.7599983,34.3600006,33.6899986,2795500.0,30.2511616
2012-07-16 00:00:00,34.1800003,34.0099983,34.3400002,33.6500015,2330300.0,30.2069645
2012-07-17 00:00:00,34.1800003,34.2999992,34.3800011,33.6699982,3272300.0,30.2069645
2012-07-18 00:00:00,35.0299988,34.0999985,35.2299995,33.9399986,4586800.0,30.9581661
2012-07-19 00:00:00,35.1800003,35.1899986,35.4099998,34.8199997,2195900.0,31.0907345
2012-07-20 00:00:00,34.7999992,35.0,35.0900002,34.6399994,2294500.0,30.7548962
2012-07-23 00:00:00,34.4500008,34.1100006,34.5900002,33.8600006,3159500.0,30.4455814
2012-07-24 00:00:00,34.1899986,34.2999992,34.6100006,33.9500008,2767600.0,30.2157993
2012-07-25 00:00:00,34.2400017,34.3800011,34.9000015,34.0999985,3183300.0,30.2599945
2012-07-26 00:00:00,34.3699989,33.5299988,34.5,33.2400017,6293000.0,30.3748817
2012-07-27 00:00:00,34.1399994,34.4300003,34.6300011,33.5299988,5294000.0,30.1716194
2012-07-30 00:00:00,34.2000008,34.3800011,34.8199997,34.0,4912500.0,30.2246342
2012-07-31 00:00:00,34.4099998,34.3100014,34.7000008,34.2000008,2374300.0,30.4102249
2012-08-01 00:00:00,34.4199982,34.6500015,34.7900009,34.2700005,2815900.0,30.4190712
2012-08-02 00:00:00,33.6699982,34.0999985,34.7299995,33.5099983,3088100.0,29.7562504
2012-08-03 00:00:00,34.5699997,34.0499992,34.8800011,34.0400009,2621800.0,30.5516376
2012-08-06 00:00:00,34.6199989,34.6399994,34.8800011,34.5699997,2146100.0,30.5958214
2012-08-07 00:00:00,35.7099991,34.6899986,35.8699989,34.6899986,3111800.0,31.5591202
2012-08-08 00:00:00,35.5600014,35.5400009,35.75,35.25,1479100.0,31.4265518
2012-08-09 00:00:00,35.5600014,35.5200005,35.9900017,35.5200005,2670800.0,31.4265518
2012-08-10 00:00:00,35.5400009,35.5900002,35.8100014,35.2999992,1579100.0,31.4088783
2012-08-13 00:00:00,35.2700005,35.4900017,35.5400009,34.9399986,1311200.0,31.1702728
2012-08-14 00:00:00,34.8300018,35.3100014,35.5400009,34.6899986,2457900.0,30.7814121
2012-08-15 00:00:00,34.8899994,34.6100006,35.0900002,34.6100006,1609500.0,30.8344326
2012-08-16 00:00:00,35.1899986,34.7799988,35.3300018,34.75,2245100.0,31.0995636
2012-08-17 00:00:00,35.2099991,35.0999985,35.5600014,34.9000015,2889000.0,31.1172466
2012-08-20 00:00:00,35.2299995,35.2400017,35.4099998,34.9199982,2801700.0,31.1349106
2012-08-21 00:00:00,35.1199989,35.2700005,35.7799988,34.9700012,2751400.0,31.0377064
2012-08-22 00:00:00,34.9900017,35.1199989,35.2400017,34.7700005,2586800.0,30.9228172
2012-08-23 00:00:00,34.5499992,34.9199982,34.9199982,34.4199982,1530600.0,30.5339565
2012-08-24 00:00:00,34.6199989,34.5800018,34.8199997,34.2900009,2094700.0,30.5958214
2012-08-27 00:00:00,34.0600014,34.6100006,34.6399994,34.0099983,2216200.0,30.100914
2012-08-28 00:00:00,34.2400017,34.0,34.3899994,33.8400002,1641300.0,30.2599945
2012-08-29 00:00:00,34.1500015,34.2799988,34.3400002,33.8100014,2202900.0,30.1804543
2012-08-30 00:00:00,33.3899994,33.9599991,34.0200005,33.3899994,2919600.0,29.5087948
2012-08-31 00:00:00,34.1300011,33.7000008,34.3199997,33.5,3058300.0,30.1627827
2012-09-04 00:00:00,33.6300011,34.0900002,34.1199989,33.1800003,2868300.0,29.7208958
2012-09-05 00:00:00,33.2599983,33.5099983,33.7000008,33.1699982,4077800.0,29.3939037
2012-09-06 00:00:00,34.2900009,33.4900017,34.5299988,33.2700005,3243800.0,30.3041782
2012-09-07 00:00:00,34.7200012,33.8899994,34.9900017,33.7799988,3030800.0,30.6842098
2012-09-10 00:00:00,34.3300018,34.6500015,35.0800018,34.2799988,2229400.0,30.3395309
2012-09-11 00:00:00,34.0699997,34.25,34.4599991,34.0,2345000.0,30.1097565
2012-09-12 00:00:00,33.7799988,34.2599983,34.3899994,33.7099991,2806500.0,29.8534565
2012-09-13 00:00:00,33.9099998,33.6300011,34.0,33.2900009,6149700.0,29.9683514
2012-09-14 00:00:00,34.3499985,33.9000015,34.7299995,33.8899994,4612000.0,30.3572102
2012-09-17 00:00:00,34.0600014,34.4000015,34.4199982,33.8800011,1925400.0,30.100914
2012-09-18 00:00:00,33.7000008,33.9300003,34.0099983,33.6500015,2620100.0,29.7827606
2012-09-19 00:00:00,32.8499985,32.5499992,33.0,31.9300003,8564900.0,29.0315628
2012-09-20 00:00:00,32.6399994,32.7299995,32.8100014,32.4700012,3985200.0,28.8459816
2012-09-21 00:00:00,32.9099998,32.8699989,33.0400009,32.6500015,5880600.0,29.0845928
2012-09-24 00:00:00,32.5,32.5600014,32.8800011,32.4199982,3181300.0,28.7222443
2012-09-25 00:00:00,31.8400002,32.7000008,32.9399986,31.8299999,3743000.0,28.1389713
2012-09-26 00:00:00,31.2999992,31.8999996,31.9899998,31.1700001,4451500.0,27.6617317
2012-09-27 00:00:00,31.7800007,31.5,32.0699997,31.1900005,2941100.0,28.0859394
2012-09-28 00:00:00,31.7800007,31.6900005,32.1300011,31.3600006,4649700.0,28.0859394
2012-10-01 00:00:00,31.5699997,31.7900009,32.3600006,31.4500008,4355800.0,27.9003487
2012-10-02 00:00:00,32.0999985,31.7000008,32.1399994,31.6200008,4410400.0,28.3687458
2012-10-03 00:00:00,31.75,32.0900002,32.25,31.5499992,3680300.0,28.0594273
2012-10-04 00:00:00,31.7800007,31.8500004,31.9099998,31.3299999,3021200.0,28.0859394
2012-10-05 00:00:00,32.2599983,31.9200001,32.8100014,31.9200001,3738700.0,28.5101433
2012-10-08 00:00:00,32.1199989,32.0099983,32.4399986,31.8199997,2178000.0,28.3864155
2012-10-09 00:00:00,32.1300011,32.0400009,32.4700012,31.8899994,3519100.0,28.395256
2012-10-10 00:00:00,31.8899994,32.0299988,32.2099991,31.7299995,4178700.0,28.1831551
2012-10-11 00:00:00,32.7099991,32.2000008,32.7900009,31.9799995,5569500.0,28.9078388
2012-10-12 00:00:00,32.4599991,32.5699997,32.9900017,32.4300003,3919600.0,28.6868877
2012-10-15 00:00:00,32.6699982,32.4399986,32.9599991,32.3600006,2870300.0,28.8724804
2012-10-16 00:00:00,33.4399986,32.8199997,33.5400009,32.6399994,2826200.0,29.5529804
2012-10-17 00:00:00,33.5800018,33.0999985,33.7400017,33.0900002,4446800.0,29.6767178
2012-10-18 00:00:00,36.0099983,34.0,36.7200012,33.75,12555500.0,31.8242435
2012-10-19 00:00:00,35.3699989,35.9300003,36.0,35.0499992,4653300.0,31.2586479
2012-10-22 00:00:00,35.8499985,35.4000015,36.0400009,35.0900002,4503000.0,31.682848
2012-10-23 00:00:00,35.5299988,35.4300003,35.7900009,35.1199989,3223800.0,31.4000454
2012-10-24 00:00:00,35.4500008,35.7099991,35.9199982,35.0299988,3559300.0,31.3293495
2012-10-25 00:00:00,35.6800003,35.7400017,35.9700012,35.4500008,3408100.0,31.5326042
2012-10-26 00:00:00,35.3600006,35.6699982,35.9599991,35.0200005,3944600.0,31.2497959
2012-10-31 00:00:00,35.4000015,35.4500008,35.7099991,35.1500015,1930000.0,31.2851582
2012-11-01 00:00:00,36.9199982,35.4900017,36.9300003,35.4599991,3108300.0,32.6284676
2012-11-02 00:00:00,36.0600014,36.9000015,36.9500008,36.0499992,3299000.0,31.8684406
2012-11-05 00:00:00,36.8400002,35.9599991,37.1699982,35.9000015,2570100.0,32.5577698
2012-11-06 00:00:00,37.6899986,37.6300011,38.1399994,37.3300018,4800000.0,33.30896
2012-11-07 00:00:00,36.1699982,37.2700005,37.2900009,35.9500008,3773100.0,31.9656448
2012-11-08 00:00:00,35.9399986,36.1199989,36.5299988,35.9399986,2882100.0,31.7623863
2012-11-09 00:00:00,36.4300003,36.0200005,36.9799995,35.9300003,2843800.0,32.1954384
2012-11-12 00:00:00,36.6800003,36.5099983,36.9000015,36.2799988,1968900.0,32.4163704
2012-11-13 00:00:00,36.3100014,36.2999992,36.7200012,36.2099991,1638200.0,32.0893784
2012-11-14 00:00:00,35.4099998,36.5299988,36.5400009,35.3499985,2004300.0,31.2939892
2012-11-15 00:00:00,34.6199989,35.4799995,35.5900002,34.4000015,3787800.0,30.5958214
2012-11-16 00:00:00,34.5200005,34.6599998,34.7200012,33.8800011,4410400.0,30.5074425
2012-11-19 00:00:00,34.6800003,34.8899994,35.2200012,34.4700012,2886400.0,30.6488457
2012-11-20 00:00:00,34.5499992,34.5600014,34.6899986,34.1300011,3277100.0,30.5339565
2012-11-21 00:00:00,34.5,34.7000008,34.7200012,34.3100014,2674500.0,30.489769
2012-11-23 00:00:00,35.3400002,34.7900009,35.6199989,34.5600014,1029800.0,31.2321262
2012-11-26 00:00:00,35.25,35.2099991,35.7200012,35.2099991,2402800.0,31.1525974
2012-11-27 00:00:00,34.9099998,34.9000015,35.4700012,34.7200012,2106700.0,30.852108
2012-11-28 00:00:00,35.4199982,34.8100014,35.4599991,34.3400002,2226400.0,31.3028316
2012-11-29 00:00:00,35.1599998,35.5099983,35.7900009,34.9900017,1958600.0,31.0730572
2012-11-30 00:00:00,35.1199989,35.2400017,35.4199982,35.0499992,3750600.0,31.0377064
2012-12-03 00:00:00,34.8600006,35.2799988,35.4399986,34.7900009,1797300.0,30.8079281
2012-12-04 00:00:00,35.5099983,34.8100014,35.5499992,34.7000008,2680600.0,31.3823795
2012-12-05 00:00:00,35.2599983,35.5099983,35.5400009,34.9300003,2724200.0,31.1614227
2012-12-06 00:00:00,35.0999985,35.1800003,35.4000015,34.8800011,2138400.0,31.0200214
2012-12-07 00:00:00,35.4599991,35.2400017,35.5999985,35.1100006,1624300.0,31.3381863
2012-12-10 00:00:00,36.0499992,35.2999992,36.1500015,35.2799988,1655400.0,31.859602
2012-12-11 00:00:00,36.3499985,36.1300011,36.6500015,35.9900017,2852600.0,32.1247292
2012-12-12 00:00:00,36.0499992,36.4700012,36.7900009,36.0,2125500.0,31.859602
2012-12-13 00:00:00,36.2400017,35.9500008,36.5,35.6800003,2162100.0,32.0275116
2012-12-14 00:00:00,36.3699989,36.0900002,36.6399994,36.0900002,2431700.0,32.1424141
2012-12-17 00:00:00,36.2799988,36.3400002,36.9099998,35.9599991,3596100.0,32.0628624
2012-12-18 00:00:00,36.8600006,36.2900009,36.9799995,36.2099991,2628300.0,32.5754433
2012-12-19 00:00:00,36.5,36.8300018,37.1699982,36.4900017,2517500.0,32.2572975
2012-12-20 00:00:00,36.5900002,36.6399994,36.8499985,36.2400017,2051600.0,32.3368263
2012-12-21 00:00:00,36.2400017,36.0800018,36.5,35.8100014,9065000.0,32.0275116
2012-12-24 00:00:00,36.9500008,36.0999985,37.1800003,35.9700012,1523300.0,32.6549988
2012-12-26 00:00:00,36.4500008,36.9500008,37.0,36.3699989,1424000.0,32.2131119
2012-12-27 00:00:00,35.9799995,36.4199982,36.4500008,35.5400009,2318800.0,31.797739
2012-12-28 00:00:00,35.6699982,35.7900009,36.3100014,35.6399994,1397200.0,31.5237694
2012-12-31 00:00:00,36.1300011,35.7099991,36.2400017,35.3199997,2071400.0,31.9303055
2013-01-02 00:00:00,38.7299995,37.0200005,38.7599983,36.8400002,4289000.0,34.2280731
2013-01-03 00:00:00,37.9799995,38.0600014,38.4599991,37.5900002,3413400.0,33.5652618
2013-01-04 00:00:00,38.0699997,38.0499992,38.3100014,37.9599991,1683500.0,33.6447945
2013-01-07 00:00:00,37.5699997,37.7700005,37.9199982,37.3499985,1693200.0,33.2029076
2013-01-08 00:00:00,36.9799995,37.5,37.7200012,36.9199982,1701200.0,32.6815033
2013-01-09 00:00:00,37.2900009,37.0999985,37.3600006,37.0499992,1467100.0,32.9554672
2013-01-10 00:00:00,37.8499985,37.75,38.2799988,37.6199989,1638900.0,33.4503632
2013-01-11 00:00:00,38.4399986,37.9300003,38.4599991,37.9300003,1684900.0,33.9717903
2013-01-14 00:00:00,38.2200012,38.25,38.6100006,37.7799988,1442700.0,33.7773666
2013-01-15 00:00:00,38.0800018,37.9199982,38.4399986,37.8899994,2020400.0,33.6536446
2013-01-16 00:00:00,38.3199997,37.9799995,38.3800011,37.9799995,1219400.0,33.8657303
2013-01-17 00:00:00,40.0699997,38.3600006,40.2299995,38.3600006,4481000.0,35.412323
2013-01-18 00:00:00,40.1199989,40.1300011,41.2200012,39.8699989,4485400.0,35.4565086
2013-01-22 00:00:00,40.0800018,40.0900002,40.2700005,39.75,2084300.0,35.4211578
2013-01-23 00:00:00,40.0999985,40.2700005,40.4199982,39.6500015,2599800.0,35.4388313
2013-01-24 00:00:00,39.5200005,39.6800003,40.1899986,38.6699982,3701400.0,34.9262466
2013-01-25 00:00:00,41.8400002,39.9700012,42.1199989,39.9099998,5572100.0,36.9765816
2013-01-28 00:00:00,41.7400017,41.5900002,42.2400017,41.5400009,3342800.0,36.8882065
2013-01-29 00:00:00,41.7299995,41.5400009,41.8199997,41.0299988,2096800.0,36.8793526
2013-01-30 00:00:00,41.6399994,41.6300011,41.9900017,41.5200005,1666900.0,36.7998161
2013-01-31 00:00:00,41.1399994,41.7799988,41.9500008,41.0400009,1566800.0,36.3579483
2013-02-01 00:00:00,41.7200012,41.3800011,42.0,41.3699989,1990000.0,36.870533
2013-02-04 00:00:00,41.9599991,41.4599991,42.7599983,41.4099998,3948400.0,37.0826302
2013-02-05 00:00:00,42.5900002,42.1100006,42.6899986,42.0099983,2759800.0,37.6393967
2013-02-06 00:00:00,42.5699997,42.2700005,42.7599983,41.9700012,2169700.0,37.6217346
2013-02-07 00:00:00,42.3899994,42.3199997,42.5200005,41.9000015,1887500.0,37.4626579
2013-02-08 00:00:00,42.6100006,42.5200005,43.1199989,42.4399986,1429200.0,37.6570816
2013-02-11 00:00:00,42.7099991,42.7099991,42.8499985,42.2999992,1122700.0,37.7454529
2013-02-12 00:00:00,42.8400002,42.8899994,42.8899994,42.3800011,2663500.0,37.8603477
2013-02-13 00:00:00,42.9300003,42.9799995,43.3800011,42.7099991,2662600.0,37.9398918
2013-02-14 00:00:00,42.9000015,42.8600006,43.3499985,42.6199989,2067400.0,37.9133759
2013-02-15 00:00:00,42.5,43.0,43.0,42.3199997,1786400.0,37.5598602
2013-02-19 00:00:00,42.7400017,42.6500015,43.2200012,42.5699997,1566700.0,37.7719803
2013-02-20 00:00:00,41.9599991,42.8699989,42.9799995,41.8600006,1932200.0,37.0826302
2013-02-21 00:00:00,40.9099998,42.0400009,42.0400009,40.7400017,3026400.0,36.1546822
2013-02-22 00:00:00,42.0299988,40.7400017,42.1800003,40.7400017,2088400.0,37.1445007
2013-02-25 00:00:00,40.8600006,42.1599998,42.6699982,40.8499985,1526800.0,36.1104889
2013-02-26 00:00:00,41.6500015,41.0600014,41.8499985,40.9799995,2147100.0,36.8086548
2013-02-27 00:00:00,42.5,41.6199989,42.6899986,41.4399986,1732100.0,37.5598602
2013-02-28 00:00:00,42.2999992,42.5200005,42.8600006,42.2799988,2122500.0,37.3831024
2013-03-01 00:00:00,42.6800003,42.0900002,42.8400002,41.6800003,1966500.0,37.7189407
2013-03-04 00:00:00,42.5900002,42.4000015,42.75,41.9900017,1710300.0,37.6393967
2013-03-05 00:00:00,43.1199989,42.9199982,43.9199982,42.7200012,2722100.0,38.1077881
2013-03-06 00:00:00,43.1100006,43.4599991,43.7799988,42.9199982,1741400.0,38.0989609
2013-03-07 00:00:00,42.7999992,43.1500015,43.3899994,42.6800003,1291400.0,37.8249893
2013-03-08 00:00:00,42.8800011,43.1599998,43.1599998,42.4700012,1455100.0,37.8956985
2013-03-11 00:00:00,42.4099998,42.6300011,42.8499985,42.2799988,1222900.0,37.4803276
2013-03-12 00:00:00,42.3199997,42.3800011,42.7400017,41.8699989,1685500.0,37.4007874
2013-03-13 00:00:00,42.1599998,42.4799995,42.4799995,41.7099991,1845500.0,37.2593842
2013-03-14 00:00:00,42.4199982,42.3800011,42.8400002,42.3199997,1662000.0,37.489151
2013-03-15 00:00:00,41.6599998,42.3300018,42.5499992,41.0400009,3679900.0,36.8174896
2013-03-18 00:00:00,41.1100006,41.1399994,41.4500008,40.7999992,2644000.0,36.33144
2013-03-19 00:00:00,40.9199982,41.1300011,41.3100014,40.4399986,2296600.0,36.1635132
2013-03-20 00:00:00,41.1599998,41.2200012,41.5099983,40.9900017,2266100.0,36.3756332
2013-03-21 00:00:00,40.6300011,40.75,41.1399994,40.4900017,3788100.0,35.9072304
2013-03-22 00:00:00,40.5600014,40.75,41.0099983,40.4500008,3035800.0,35.8453712
2013-03-25 00:00:00,40.9300003,40.8699989,41.0600014,40.6800003,2777700.0,36.1723595
2013-03-26 00:00:00,41.1599998,41.0900002,41.2799988,40.8699989,2409300.0,36.3756332
2013-03-27 00:00:00,40.8899994,40.8400002,41.0,40.4399986,2606200.0,36.1370125
2013-03-28 00:00:00,41.4599991,40.9399986,41.5400009,40.7200012,2472600.0,36.6407547
2013-04-01 00:00:00,40.7999992,41.3400002,41.4199982,40.7000008,1602800.0,36.0574646
2013-04-02 00:00:00,40.6899986,40.9099998,41.2000008,40.4900017,1992400.0,35.9602623
2013-04-03 00:00:00,40.4700012,40.8499985,41.0900002,40.1899986,2716500.0,35.7658234
2013-04-04 00:00:00,41.2299995,40.4399986,41.2999992,40.2700005,1898600.0,36.4374924
2013-04-05 00:00:00,40.7700005,40.6100006,40.9599991,40.0600014,1645200.0,36.0309601
2013-04-08 00:00:00,41.25,40.8600006,41.2799988,40.3400002,1099900.0,36.4551659
2013-04-09 00:00:00,41.1599998,41.3499985,41.4900017,40.75,1851900.0,36.3756332
2013-04-10 00:00:00,42.0699997,41.4500008,42.1399994,41.1599998,1359500.0,37.1798401
2013-04-11 00:00:00,42.7999992,42.6500015,43.7700005,42.5699997,2970200.0,37.8249893
2013-04-12 00:00:00,41.8100014,42.4099998,42.5999985,41.3699989,1825300.0,36.9500694
2013-04-15 00:00:00,40.4199982,41.4700012,41.7000008,40.3199997,2453700.0,35.7216492
2013-04-16 00:00:00,41.4799995,40.5400009,41.5200005,39.9399986,3297400.0,36.6584244
2013-04-17 00:00:00,41.5,41.3100014,42.3400002,41.2200012,4360200.0,36.6761017
2013-04-18 00:00:00,41.2799988,41.8800011,42.0,41.1199989,2690600.0,36.4816818
2013-04-19 00:00:00,41.6300011,41.3699989,41.9199982,40.8300018,1523500.0,36.7909927
2013-04-22 00:00:00,41.8499985,41.6599998,42.2700005,40.6800003,2334000.0,36.9854126
2013-04-23 00:00:00,42.5200005,42.2000008,43.0,41.9000015,2372500.0,37.5775414
2013-04-24 00:00:00,43.0299988,42.4399986,43.2400017,42.4199982,1806900.0,38.0282593
2013-04-25 00:00:00,45.6199989,44.0,46.7200012,44.0,4853500.0,40.3171921
2013-04-26 00:00:00,45.6699982,45.4599991,46.3800011,45.1800003,4278700.0,40.3613892
2013-04-29 00:00:00,45.5800018,45.7000008,45.8699989,45.4199982,3483200.0,40.2818642
2013-04-30 00:00:00,46.2200012,45.5699997,46.3899994,45.4099998,3481100.0,40.8474693
2013-05-01 00:00:00,45.5999985,45.9500008,46.1399994,45.4399986,2560700.0,40.29953
2013-05-02 00:00:00,45.6500015,45.9500008,46.3600006,45.4700012,2559900.0,40.3437233
2013-05-03 00:00:00,46.0099983,46.0200005,46.4500008,45.8800011,2657900.0,40.6618576
2013-05-06 00:00:00,46.2799988,46.1599998,46.5,45.8100014,1549700.0,40.9004822
2013-05-07 00:00:00,46.0499992,46.2700005,46.4000015,45.6300011,1867600.0,40.6972313
2013-05-08 00:00:00,46.8100014,45.8499985,47.0999985,45.6699982,2739500.0,41.3688736
2013-05-09 00:00:00,47.2299995,46.5400009,47.3899994,46.5099983,1603500.0,41.7400589
2013-05-10 00:00:00,46.9199982,47.1500015,47.3899994,46.7900009,1135300.0,41.4660835
2013-05-13 00:00:00,46.9300003,46.9799995,47.1100006,46.5499992,1344400.0,41.4749222
2013-05-14 00:00:00,47.5200005,46.8699989,47.6800003,46.8100014,1567400.0,41.9963531
2013-05-15 00:00:00,48.1800003,47.2900009,48.3699989,47.2400017,2030600.0,42.579628
2013-05-16 00:00:00,47.5400009,48.0999985,48.25,47.4799995,1943500.0,42.014019
2013-05-17 00:00:00,48.0400009,47.7700005,48.1100006,47.7599983,1833700.0,42.4559059
2013-05-20 00:00:00,47.9399986,47.8300018,48.25,47.6800003,1422800.0,42.367527
2013-05-21 00:00:00,47.9199982,47.9700012,48.1199989,47.7299995,1066200.0,42.3498459
2013-05-22 00:00:00,46.9500008,47.9500008,48.1399994,46.6300011,1800400.0,41.4926109
2013-05-23 00:00:00,46.8100014,46.5900002,46.9500008,46.3400002,1532800.0,41.3688736
2013-05-24 00:00:00,46.6100006,46.3600006,46.75,46.1599998,986700.0,41.1921158
2013-05-28 00:00:00,47.5200005,47.2000008,47.7900009,46.5400009,1235100.0,41.9963531
2013-05-29 00:00:00,46.75,47.1100006,47.6100006,46.3600006,1508600.0,41.3158455
2013-05-30 00:00:00,47.7000008,46.9599991,48.0,46.8100014,1250400.0,42.1554184
2013-05-31 00:00:00,46.7799988,47.4599991,47.7999992,46.7799988,1857200.0,41.3423615
2013-06-03 00:00:00,48.25,47.5,49.1300011,47.4000015,3611400.0,42.6414948
2013-06-04 00:00:00,47.9799995,48.1300011,48.2700005,47.3699989,2088400.0,42.402874
2013-06-05 00:00:00,47.2799988,47.7799988,48.0800018,47.2200012,1950600.0,41.7842369
2013-06-06 00:00:00,47.3699989,47.4000015,47.7299995,46.8300018,1060700.0,41.863781
2013-06-07 00:00:00,48.4000015,47.6699982,48.5,47.5299988,1586700.0,42.7740555
2013-06-10 00:00:00,48.5299988,48.3600006,48.6899986,48.2200012,1053600.0,42.8889503
2013-06-11 00:00:00,46.8600006,47.7799988,48.0999985,46.8300018,1507000.0,41.4130707
2013-06-12 00:00:00,46.3800011,47.4199982,47.5900002,46.2000008,1912100.0,40.9888496
2013-06-13 00:00:00,47.4599991,46.1300011,47.6899986,46.1199989,2054800.0,41.9433136
2013-06-14 00:00:00,47.0800018,47.5600014,47.9300003,47.0099983,896000.0,41.6074905
2013-06-17 00:00:00,47.2700005,47.4000015,47.9799995,46.9500008,1114100.0,41.7753944
2013-06-18 00:00:00,47.6800003,47.2200012,47.6899986,47.2200012,1428000.0,42.1377449
2013-06-19 00:00:00,47.1100006,47.7299995,48.2799988,47.0999985,1796200.0,41.6339951
2013-06-20 00:00:00,44.8100014,46.4599991,46.7999992,44.4900017,4215500.0,39.6013412
2013-06-21 00:00:00,45.0,45.0900002,45.2799988,44.4900017,2076400.0,39.7692642
2013-06-24 00:00:00,43.5099983,44.5800018,44.7599983,43.3499985,3115800.0,38.4524536
2013-06-25 00:00:00,45.1699982,44.3400002,45.4900017,44.0200005,3342400.0,39.9194984
2013-06-26 00:00:00,44.6399994,45.7799988,45.8699989,44.1599998,2663600.0,39.4511108
2013-06-27 00:00:00,44.8400002,44.9199982,45.1500015,44.75,1611700.0,39.6278725
2013-06-28 00:00:00,44.3400002,44.4300003,44.9099998,44.1100006,2534400.0,39.1859894
2013-07-01 00:00:00,44.2099991,44.5900002,44.8600006,44.1100006,1691700.0,39.0710831
2013-07-02 00:00:00,44.7200012,44.2599983,45.6399994,44.1500015,3012700.0,39.521801
2013-07-03 00:00:00,45.25,44.2000008,45.4000015,44.1300011,1305500.0,39.9902039
2013-07-05 00:00:00,45.9799995,45.4300003,46.0,45.3400002,1462100.0,40.6353455
2013-07-08 00:00:00,45.6500015,46.0800018,46.2700005,45.4199982,1964600.0,40.3437233
2013-07-09 00:00:00,47.5,46.1800003,47.6199989,45.6300011,3705400.0,41.9786682
2013-07-10 00:00:00,49.5200005,47.6100006,49.7000008,47.5999985,4765100.0,43.7638702
2013-07-11 00:00:00,49.9799995,49.9300003,50.3100014,49.2900009,2796800.0,44.1703987
2013-07-12 00:00:00,50.4300003,50.0,50.5900002,49.9199982,1147300.0,44.5680809
2013-07-15 00:00:00,49.6100006,50.5099983,50.5499992,49.5600014,2116500.0,43.843399
2013-07-16 00:00:00,49.5099983,49.5200005,49.8499985,49.2099991,1819300.0,43.7550201
2013-07-17 00:00:00,49.9599991,50.0499992,50.3499985,49.7599983,1764400.0,44.1527176
2013-07-18 00:00:00,49.9000015,49.9799995,50.1800003,49.4099998,1241300.0,44.0997124
2013-07-19 00:00:00,50.5900002,49.8800011,50.6100006,49.6100006,1512100.0,44.7094917
2013-07-22 00:00:00,49.9399986,50.7700005,50.7999992,49.7099991,1166600.0,44.1350555
2013-07-23 00:00:00,50.0499992,50.7799988,50.9599991,49.9900017,1881700.0,44.2322655
2013-07-24 00:00:00,49.0400009,50.5400009,50.5800018,48.8899994,1599600.0,43.3396606
2013-07-25 00:00:00,49.1599998,48.7099991,49.2200012,48.5600014,1393900.0,43.445713
2013-07-26 00:00:00,49.4700012,48.9500008,49.6300011,48.7599983,1247200.0,43.7196732
2013-07-29 00:00:00,48.75,49.3600006,49.3600006,48.5099983,1221500.0,43.0833664
2013-07-30 00:00:00,49.6899986,49.0900002,49.9300003,48.9799995,1593900.0,43.9141121
2013-07-31 00:00:00,49.2200012,49.9799995,49.9900017,49.1199989,1738400.0,43.4987411
2013-08-01 00:00:00,50.8899994,49.8400002,51.0,49.2299995,2791200.0,44.9746246
2013-08-02 00:00:00,50.1300011,50.5,50.6100006,49.8499985,1950600.0,44.3029633
2013-08-05 00:00:00,49.5499992,49.6699982,50.1199989,49.4300003,1121200.0,43.7903824
2013-08-06 00:00:00,48.8499985,49.4300003,49.7200012,48.6800003,1617700.0,43.1717453
2013-08-07 00:00:00,48.5099983,48.7200012,49.0200005,48.4799995,1224300.0,42.8712616
2013-08-08 00:00:00,48.4900017,48.6899986,48.9000015,47.9799995,1570900.0,42.8535919
2013-08-09 00:00:00,47.7000008,48.3300018,48.6300011,47.5699997,1551700.0,42.1554184
2013-08-12 00:00:00,47.9799995,47.6100006,48.2299995,47.5,1469300.0,42.402874
2013-08-13 00:00:00,48.4900017,48.1500015,48.5999985,47.8199997,1012100.0,42.8535919
2013-08-14 00:00:00,48.2299995,48.3400002,48.7400017,48.1800003,1376800.0,42.6238136
2013-08-15 00:00:00,47.2000008,47.7000008,47.8300018,47.0999985,1744400.0,41.7135468
2013-08-16 00:00:00,47.8400002,47.1100006,48.0200005,47.0800018,1894600.0,42.2791367
2013-08-19 00:00:00,47.8499985,47.5099983,48.0299988,47.3100014,1333500.0,42.2879868
2013-08-20 00:00:00,48.25,47.9599991,48.7799988,47.6300011,1704100.0,42.6414948
2013-08-21 00:00:00,47.6699982,47.9599991,48.3499985,47.5200005,1076700.0,42.1289062
2013-08-22 00:00:00,48.1599998,47.9099998,48.4700012,47.9099998,542100.0,42.5619507
2013-08-23 00:00:00,48.2599983,48.3100014,48.4799995,48.0200005,783000.0,42.6503334
2013-08-26 00:00:00,47.8899994,48.3300018,48.4799995,47.8300018,861500.0,42.3233414
2013-08-27 00:00:00,46.3899994,47.4399986,47.5699997,46.3499985,1984800.0,40.9977036
2013-08-28 00:00:00,46.4000015,46.3199997,46.8699989,46.25,1498700.0,41.0065308
2013-08-29 00:00:00,47.2200012,46.2700005,47.6800003,46.2000008,1167000.0,41.7312202
2013-08-30 00:00:00,46.6699982,47.2999992,47.6800003,46.4700012,999700.0,41.2451439
2013-09-03 00:00:00,46.8499985,47.2999992,47.9199982,46.4399986,1376100.0,41.4042206
2013-09-04 00:00:00,49.4700012,46.8600006,49.4799995,46.5999985,3056100.0,43.7196732
2013-09-05 00:00:00,49.5499992,49.3800011,49.75,49.0299988,2177300.0,43.7903824
2013-09-06 00:00:00,49.1599998,49.5,49.7200012,48.7400017,1317700.0,43.445713
2013-09-09 00:00:00,49.2900009,49.3100014,49.5800018,48.9300003,893300.0,43.5606041
2013-09-10 00:00:00,50.2099991,49.5499992,50.25,49.4300003,1828200.0,44.3736649
2013-09-11 00:00:00,50.2099991,49.9500008,50.25,49.6100006,1520400.0,44.3736649
2013-09-12 00:00:00,50.4000015,50.3400002,51.0,50.1699982,1978900.0,44.5415764
2013-09-13 00:00:00,49.8499985,50.3600006,50.4500008,49.6100006,1218100.0,44.0555077
2013-09-16 00:00:00,50.2099991,50.4300003,50.8400002,50.1300011,1433200.0,44.3736649
2013-09-17 00:00:00,49.9300003,50.3699989,50.4300003,49.8199997,1004800.0,44.1262169
2013-09-18 00:00:00,50.2200012,49.9300003,50.3400002,49.5900002,981100.0,44.3825035
2013-09-19 00:00:00,49.8300018,50.3400002,50.6699982,49.6500015,1135000.0,44.0378342
2013-09-20 00:00:00,49.2999992,49.8300018,50.3100014,49.2900009,1787400.0,43.5694389
2013-09-23 00:00:00,49.4199982,49.2900009,49.5800018,48.7599983,1393000.0,43.6754913
2013-09-24 00:00:00,51.0,48.6500015,51.6300011,48.6399994,6314200.0,45.0718346
2013-09-25 00:00:00,51.9900017,51.1100006,52.3100014,50.5999985,2912300.0,45.9467583
2013-09-26 00:00:00,51.6199989,52.2400017,52.2999992,51.4099998,1400500.0,45.6197624
2013-09-27 00:00:00,51.1399994,51.4000015,51.5400009,51.0299988,984700.0,45.195549
2013-09-30 00:00:00,51.2000008,50.6100006,51.3800011,50.1800003,2665100.0,45.2485962
2013-10-01 00:00:00,51.5999985,51.3300018,51.9500008,51.1800003,1329800.0,45.6020927
2013-10-02 00:00:00,51.3699989,51.0900002,51.6199989,50.6599998,1191500.0,45.3988266
2013-10-03 00:00:00,51.2000008,51.4099998,51.7700005,50.8499985,1295700.0,45.2485962
2013-10-04 00:00:00,52.0,51.0900002,52.0699997,51.0499992,1559900.0,45.9555855
2013-10-07 00:00:00,51.75,51.7700005,52.2200012,51.4500008,1453700.0,45.7346535
2013-10-08 00:00:00,50.7400017,51.8899994,52.2000008,50.6599998,1350000.0,44.8420563
2013-10-09 00:00:00,50.5699997,50.8199997,51.0099983,49.9300003,1521300.0,44.6918221
2013-10-10 00:00:00,52.7200012,51.2799988,52.8699989,51.2599983,1849600.0,46.5919075
2013-10-11 00:00:00,52.8300018,52.7700005,52.8899994,52.0900002,1481700.0,46.6891174
2013-10-14 00:00:00,53.2999992,52.8499985,53.4199982,52.4799995,2152800.0,47.1044922
2013-10-15 00:00:00,52.6199989,53.2799988,53.4199982,52.5499992,1114400.0,46.5035248
2013-10-16 00:00:00,53.5400009,53.1300011,54.0,52.8899994,3351100.0,47.3165894
2013-10-17 00:00:00,53.5200005,53.0400009,53.6500015,53.0299988,1587000.0,47.2989197
2013-10-18 00:00:00,53.8499985,53.7400017,54.2999992,53.1800003,1782300.0,47.5905647
2013-10-21 00:00:00,53.8699989,54.1899986,54.4900017,53.6100006,1280500.0,47.608242
2013-10-22 00:00:00,54.0699997,54.1800003,54.4199982,53.6500015,2069900.0,47.7849808
2013-10-23 00:00:00,52.2099991,53.6199989,53.6800003,52.0499992,3214800.0,46.1411858
2013-10-24 00:00:00,53.0,54.9399986,55.4799995,52.7000008,7345800.0,46.8393669
2013-10-25 00:00:00,54.7700005,53.3400002,54.8199997,52.3899994,4466900.0,48.4036102
2013-10-28 00:00:00,54.0800018,54.5299988,54.6800003,53.7200012,1931700.0,47.7938271
2013-10-29 00:00:00,54.9399986,54.4300003,55.1300011,54.1199989,2896900.0,48.5538559
2013-10-30 00:00:00,54.3400002,55.0299988,55.0999985,53.9399986,1507700.0,48.0236053
2013-10-31 00:00:00,54.2700005,54.1500015,54.6300011,53.8899994,1955500.0,47.9617462
2013-11-01 00:00:00,53.6199989,54.4199982,54.4300003,53.0600014,1620900.0,47.3872795
2013-11-04 00:00:00,53.7599983,53.2599983,53.9000015,52.8800011,1613700.0,47.5110092
2013-11-05 00:00:00,54.1500015,53.5900002,54.3800011,53.1899986,1594200.0,47.85569
2013-11-06 00:00:00,54.0800018,54.3199997,54.5,53.4700012,1149600.0,47.7938271
2013-11-07 00:00:00,52.0900002,53.9399986,54.0800018,51.9900017,3196100.0,46.0351295
2013-11-08 00:00:00,52.8499985,52.4399986,53.0499992,52.0999985,1811200.0,46.7067909
2013-11-11 00:00:00,52.7200012,52.3300018,52.8499985,52.0,1256600.0,46.5919075
2013-11-12 00:00:00,52.3699989,52.6599998,52.7999992,52.0999985,1170700.0,46.282589
2013-11-13 00:00:00,52.3499985,52.1100006,52.5800018,51.8499985,1652600.0,46.2649117
2013-11-14 00:00:00,52.3100014,52.2099991,52.7999992,52.2099991,1498800.0,46.2295647
2013-11-15 00:00:00,52.6100006,52.5299988,52.6800003,51.6800003,1640500.0,46.4946861
2013-11-18 00:00:00,51.5200005,52.7900009,52.8300018,51.3300018,1733800.0,45.531395
2013-11-19 00:00:00,50.2200012,51.8699989,51.9399986,50.0,3134600.0,44.3825035
2013-11-20 00:00:00,49.75,50.5200005,50.6599998,49.5400009,2009500.0,43.9671249
2013-11-21 00:00:00,50.8499985,49.7999992,51.2799988,49.7900009,2893500.0,44.93927
2013-11-22 00:00:00,51.5800018,50.8600006,51.9399986,50.8499985,1935800.0,45.5844154
2013-11-25 00:00:00,51.8899994,51.7999992,52.0099983,51.1399994,1647800.0,45.858387
2013-11-26 00:00:00,52.5200005,52.0,52.7200012,51.7700005,1739200.0,46.4151535
2013-11-27 00:00:00,52.2099991,52.5200005,52.5400009,51.8100014,1371700.0,46.1411858
2013-11-29 00:00:00,52.1100006,52.2299995,52.5299988,52.0499992,337300.0,46.052803
2013-12-02 00:00:00,51.4900017,51.9799995,52.0299988,51.3800011,989700.0,45.5048866
2013-12-03 00:00:00,52.7799988,51.5099983,52.8499985,51.2700005,2457000.0,46.644928
2013-12-04 00:00:00,51.25,52.4199982,52.7400017,50.9500008,3475000.0,45.2927742
2013-12-05 00:00:00,50.8499985,51.3600006,51.4900017,50.7299995,1505000.0,44.93927
2013-12-06 00:00:00,51.1599998,51.3499985,51.6599998,50.8899994,1565900.0,45.2132225
2013-12-09 00:00:00,51.6599998,51.4199982,51.9099998,51.1199989,1844600.0,45.655117
2013-12-10 00:00:00,51.5900002,51.5099983,51.9000015,51.1100006,1096700.0,45.5932503
2013-12-11 00:00:00,51.25,51.5299988,51.8300018,51.1399994,1180200.0,45.2927742
2013-12-12 00:00:00,50.8100014,51.0900002,51.2299995,50.7099991,1520700.0,44.9039268
2013-12-13 00:00:00,51.0699997,51.0099983,51.4399986,50.75,1105800.0,45.1336937
2013-12-16 00:00:00,51.2400017,51.2700005,51.7400017,51.1399994,832400.0,45.283947
2013-12-17 00:00:00,52.1800003,51.1699982,52.4700012,51.0600014,1722500.0,46.1146736
2013-12-18 00:00:00,53.0999985,52.3699989,53.1100006,51.6300011,1657500.0,46.9277306
2013-12-19 00:00:00,53.0200005,52.8499985,53.1899986,52.2400017,1506800.0,46.857029
2013-12-20 00:00:00,53.9000015,53.0400009,54.2599983,52.8300018,2481500.0,47.6347504
2013-12-23 00:00:00,54.4000015,54.1500015,54.5900002,54.1500015,1121500.0,48.0766258
2013-12-24 00:00:00,54.4000015,54.3800011,54.6300011,54.1500015,639400.0,48.0766258
2013-12-26 00:00:00,54.3199997,54.6399994,54.6699982,54.2099991,712100.0,48.005928
2013-12-27 00:00:00,54.1800003,54.3499985,54.6399994,53.9199982,1057200.0,47.8822021
2013-12-30 00:00:00,54.4399986,54.0600014,54.7400017,54.0600014,866000.0,48.1119804
2013-12-31 00:00:00,54.4500008,54.5999985,54.7400017,54.0800018,727600.0,48.1208115
2014-01-02 00:00:00,53.9500008,54.0400009,54.3300018,53.6899986,1052900.0,47.678936
2014-01-03 00:00:00,53.9399986,54.0299988,54.2799988,53.6500015,891900.0,47.6701012
2014-01-06 00:00:00,53.25,53.7999992,53.9000015,53.0800018,1121600.0,47.0602989
2014-01-07 00:00:00,53.9099998,53.3800011,54.2200012,53.0600014,1348300.0,47.643589
2014-01-08 00:00:00,54.1800003,53.9199982,54.4000015,53.6100006,1283900.0,47.8822021
2014-01-09 00:00:00,54.2000008,54.0299988,54.8499985,54.0099983,1260800.0,47.8998795
2014-01-10 00:00:00,54.8800011,54.4300003,54.9900017,54.2700005,1139400.0,48.5008278
2014-01-13 00:00:00,54.5800018,54.6800003,55.3699989,54.3400002,1953200.0,48.2356987
2014-01-14 00:00:00,55.8899994,54.7000008,56.0,54.7000008,2624900.0,49.393425
2014-01-15 00:00:00,55.9500008,55.8199997,56.5200005,55.5600014,2305300.0,49.4464531
2014-01-16 00:00:00,54.9000015,55.9500008,56.2099991,54.8699989,2002700.0,48.5185051
2014-01-17 00:00:00,54.2299995,54.8499985,55.0999985,54.0499992,1843000.0,47.9263878
2014-01-21 00:00:00,54.4500008,54.7999992,54.9900017,54.0499992,1212100.0,48.1208115
2014-01-22 00:00:00,55.3800011,54.9900017,55.5,54.5499992,2330200.0,48.9427032
2014-01-23 00:00:00,54.0400009,55.2599983,55.2999992,53.9599991,2839800.0,47.7584801
2014-01-24 00:00:00,51.2700005,53.4500008,53.4500008,51.2599983,4529500.0,45.3104515
2014-01-27 00:00:00,50.9599991,51.3199997,51.5,50.3300018,3196900.0,45.0364838
2014-01-28 00:00:00,51.2200012,51.0699997,51.4199982,50.6800003,3070100.0,45.2662735
2014-01-29 00:00:00,51.25,51.0099983,51.5800018,50.7099991,3340000.0,45.2927742
2014-01-30 00:00:00,51.2599983,52.7999992,52.9000015,50.1699982,5245700.0,45.3016167
2014-01-31 00:00:00,50.6100006,50.3699989,51.1300011,50.3699989,3127200.0,44.7271652
2014-02-03 00:00:00,48.5800018,49.8499985,50.0299988,48.4500008,4447300.0,42.9331398
2014-02-04 00:00:00,49.4599991,49.0,49.4599991,48.5800018,2821900.0,43.7108307
2014-02-05 00:00:00,49.9500008,49.3600006,50.2999992,48.9599991,2417300.0,44.1438866
2014-02-06 00:00:00,51.0499992,50.1500015,51.2099991,50.0099983,3855600.0,45.1160278
2014-02-07 00:00:00,51.8499985,51.2999992,51.9300003,50.7000008,2700600.0,45.8230362
2014-02-10 00:00:00,51.5999985,51.7000008,52.0099983,51.2700005,1567900.0,45.6020927
2014-02-11 00:00:00,52.6399994,51.7900009,52.9700012,51.5299988,2464100.0,46.5212059
2014-02-12 00:00:00,52.6699982,52.75,53.0699997,52.4500008,1522100.0,46.547718
2014-02-13 00:00:00,51.9099998,51.7400017,52.0600014,50.3499985,3333900.0,45.8760605
2014-02-14 00:00:00,52.4799995,52.0200005,52.5900002,51.3199997,2482000.0,46.3797989
2014-02-18 00:00:00,51.7599983,52.6599998,52.6899986,51.0699997,1928500.0,45.7434845
2014-02-19 00:00:00,51.9900017,51.6399994,52.1800003,51.5600014,2090700.0,45.9467583
2014-02-20 00:00:00,52.3499985,52.0999985,52.5800018,51.6800003,1425600.0,46.2649117
2014-02-21 00:00:00,52.2700005,52.4300003,52.5800018,52.1100006,2393200.0,46.1942139
2014-02-24 00:00:00,52.6199989,52.3499985,52.9599991,52.3499985,1423900.0,46.5035248
2014-02-25 00:00:00,52.5600014,52.6899986,52.7700005,51.8100014,1693700.0,46.4505043
2014-02-26 00:00:00,52.6300011,52.5800018,53.4700012,52.5299988,1722400.0,46.5123558
2014-02-27 00:00:00,51.8300018,52.5200005,52.5200005,51.5200005,1619600.0,45.8053589
2014-02-28 00:00:00,51.7299995,51.9799995,52.25,51.25,2284300.0,45.7169876
2014-03-03 00:00:00,51.1199989,51.3300018,51.3800011,50.5,1383900.0,45.1778679
2014-03-04 00:00:00,50.9599991,51.7299995,51.7400017,50.8100014,2847600.0,45.0364838
2014-03-05 00:00:00,52.0299988,50.8400002,52.1100006,50.75,2855300.0,45.9821014
2014-03-06 00:00:00,53.3499985,52.0099983,53.5200005,51.8499985,3119400.0,47.1486778
2014-03-07 00:00:00,53.3499985,53.5600014,53.9199982,53.1699982,1803500.0,47.1486778
2014-03-10 00:00:00,53.0800018,53.3699989,53.5,52.8400002,1671100.0,46.9100723
2014-03-11 00:00:00,52.9399986,53.2900009,53.6199989,52.7000008,1641000.0,46.7863235
2014-03-12 00:00:00,53.6500015,52.5900002,53.7000008,52.1399994,1535700.0,47.4137955
2014-03-13 00:00:00,52.9300003,53.7599983,54.1599998,52.4000015,1878800.0,46.7774925
2014-03-14 00:00:00,52.5999985,52.9900017,53.0900002,52.5,1916100.0,46.4858589
2014-03-17 00:00:00,53.2700005,53.0200005,53.5900002,53.0200005,1279800.0,47.0779686
2014-03-18 00:00:00,54.8300018,53.2999992,54.8499985,53.2000008,1759300.0,48.456646
2014-03-19 00:00:00,54.4900017,54.8300018,55.2400017,54.0299988,1554000.0,48.1561623
2014-03-20 00:00:00,56.4300003,54.5,56.4500008,54.1300011,2404000.0,49.8706551
2014-03-21 00:00:00,56.3699989,56.9000015,56.9000015,55.9900017,2960900.0,49.817627
2014-03-24 00:00:00,56.4000015,56.7099991,56.8899994,55.5400009,1888700.0,49.8441505
2014-03-25 00:00:00,56.5900002,56.6300011,57.1599998,56.2799988,1834300.0,50.0120544
2014-03-26 00:00:00,55.1500015,56.9799995,57.1300011,55.0999985,2323400.0,48.7394524
2014-03-27 00:00:00,54.4599991,55.1100006,55.3899994,54.2999992,1475200.0,48.1296501
2014-03-28 00:00:00,54.4900017,54.6300011,55.4399986,54.3400002,2211100.0,48.1561623
2014-03-31 00:00:00,55.0,55.0299988,55.3300018,54.7000008,1327000.0,48.6068878
2014-04-01 00:00:00,55.6199989,55.1300011,55.7299995,54.7900009,1327500.0,49.154808
2014-04-02 00:00:00,56.9700012,55.7599983,57.0800018,55.4399986,2842300.0,50.3479004
2014-04-03 00:00:00,57.6800003,57.0499992,58.9399986,57.0,3738600.0,50.9753609
2014-04-04 00:00:00,56.0,58.0,58.0999985,55.6899986,1889200.0,49.4906387
2014-04-07 00:00:00,54.8300018,55.8199997,56.1500015,54.3400002,1514300.0,48.456646
2014-04-08 00:00:00,54.5099983,55.0499992,55.25,54.0099983,1773700.0,48.1738358
2014-04-09 00:00:00,56.0,54.8100014,56.0200005,54.4599991,2270500.0,49.4906387
2014-04-10 00:00:00,53.0699997,55.9300003,56.0600014,52.9300003,3694600.0,46.9012222
2014-04-11 00:00:00,52.6300011,52.8899994,53.8600006,52.5,2456800.0,46.5123558
2014-04-14 00:00:00,52.6399994,53.2400017,53.6500015,52.1100006,1659400.0,46.5212059
2014-04-15 00:00:00,52.3699989,52.7599983,53.0,51.0499992,2931300.0,46.282589
2014-04-16 00:00:00,52.1100006,51.1599998,52.1800003,50.5400009,3532300.0,46.052803
2014-04-17 00:00:00,52.7400017,52.1699982,53.0200005,52.0600014,2245700.0,46.6095848
2014-04-21 00:00:00,52.7700005,53.0200005,53.1399994,52.0499992,1771400.0,46.6360855
2014-04-22 00:00:00,53.0499992,52.6399994,53.7599983,52.4000015,2722500.0,46.8835602
2014-04-23 00:00:00,52.25,53.0,53.6399994,51.9900017,2463500.0,46.1765442
2014-04-24 00:00:00,58.2599983,57.2900009,58.5900002,55.8899994,8423000.0,51.4879341
2014-04-25 00:00:00,56.3699989,57.4399986,57.5,56.0099983,3887000.0,49.817627
2014-04-28 00:00:00,56.5200005,56.5600014,57.1300011,55.4399986,2277900.0,49.9501991
2014-04-29 00:00:00,56.2700005,56.8800011,57.2099991,56.0499992,1853600.0,49.7292595
2014-04-30 00:00:00,57.6100006,57.7400017,58.5800018,56.9000015,3280200.0,50.9134941
2014-05-01 00:00:00,57.2000008,57.7299995,58.2599983,56.8699989,1950300.0,50.5511665
2014-05-02 00:00:00,57.5200005,57.2000008,57.9099998,56.7999992,1501900.0,50.8339653
2014-05-05 00:00:00,57.2099991,57.0099983,57.3699989,56.6699982,1009800.0,50.5599976
2014-05-06 00:00:00,56.7000008,56.9700012,57.5800018,56.5400009,1111200.0,50.1092758
2014-05-07 00:00:00,56.8600006,56.6399994,57.25,56.1100006,2015000.0,50.2506752
2014-05-08 00:00:00,56.9199982,56.9399986,57.7599983,56.4599991,1647300.0,50.3036995
2014-05-09 00:00:00,57.1800003,56.8100014,57.1899986,56.2299995,2032400.0,50.5334816
2014-05-12 00:00:00,58.25,57.5800018,58.3199997,57.4000015,1689600.0,51.4791031
2014-05-13 00:00:00,57.2400017,58.25,58.3699989,57.1699982,1527800.0,50.5865021
2014-05-14 00:00:00,56.3300018,57.0400009,57.2400017,56.2099991,1443000.0,49.7822838
2014-05-15 00:00:00,55.8600006,56.4900017,56.4900017,55.4000015,1936700.0,49.3669205
2014-05-16 00:00:00,58.5200005,56.4000015,58.9799995,56.2000008,3666400.0,51.7177162
2014-05-19 00:00:00,58.9500008,58.1699982,59.2400017,58.0999985,2282200.0,52.0977478
2014-05-20 00:00:00,58.8400002,58.7900009,59.2299995,58.3499985,1242600.0,52.0005226
2014-05-21 00:00:00,59.4500008,59.0600014,59.7000008,58.9300003,1872600.0,52.5396194
2014-05-22 00:00:00,59.2000008,59.5999985,59.9700012,59.1100006,1564100.0,52.318676
2014-05-23 00:00:00,60.6100006,59.5499992,60.9500008,59.3300018,2285800.0,53.564785
2014-05-27 00:00:00,61.8100014,60.4900017,61.8199997,60.4700012,2400600.0,54.625309
2014-05-28 00:00:00,61.75,61.9799995,62.1100006,61.5099983,1411100.0,54.5722694
2014-05-29 00:00:00,61.7799988,61.8199997,61.9000015,61.3199997,1776600.0,54.5987816
2014-05-30 00:00:00,62.0400009,61.7599983,62.2200012,61.2999992,1192800.0,54.8285561
2014-06-02 00:00:00,62.3100014,62.25,62.7099991,61.7700005,1528700.0,55.0671768
2014-06-03 00:00:00,64.6500015,62.4700012,64.7399979,62.25,4433700.0,57.1351662
2014-06-04 00:00:00,64.5599976,64.4400024,65.0699997,64.3099976,2274900.0,57.0556412
2014-06-05 00:00:00,65.0199966,64.7900009,65.3600006,64.0199966,1696100.0,57.4621887
2014-06-06 00:00:00,65.0,65.1699982,65.3799973,64.8499985,1329100.0,57.4444885
2014-06-09 00:00:00,65.0400009,65.3300018,65.75,64.9599991,1359500.0,57.6394691
2014-06-10 00:00:00,65.2099991,64.7799988,65.2900009,64.6299973,1299500.0,57.7901154
2014-06-11 00:00:00,65.4300003,64.9499969,65.5,64.8099976,1178500.0,57.9850998
2014-06-12 00:00:00,65.5199966,65.2900009,65.9300003,65.0500031,1412500.0,58.0648422
2014-06-13 00:00:00,65.6999969,65.6900024,66.25,65.0699997,1497500.0,58.2243576
2014-06-16 00:00:00,66.4899979,65.1999969,66.6900024,65.1999969,1580800.0,58.9244804
2014-06-17 00:00:00,66.6399994,66.3099976,66.8899994,66.0999985,1271200.0,59.0574226
2014-06-18 00:00:00,66.5400009,66.8000031,66.8000031,65.8499985,1088400.0,58.9687767
2014-06-19 00:00:00,66.0899963,66.6399994,66.8899994,65.5800018,1715800.0,58.5699844
2014-06-20 00:00:00,66.3099976,66.3600006,67.1399994,66.0899963,2391000.0,58.7649422
2014-06-23 00:00:00,67.5699997,66.9199982,67.8499985,66.8199997,1583500.0,59.8815842
2014-06-24 00:00:00,66.4700012,67.2300034,67.4700012,66.3399963,1378500.0,58.9067459
2014-06-25 00:00:00,66.5800018,66.4700012,66.8399963,65.8799973,1325200.0,59.0042229
2014-06-26 00:00:00,66.5,66.8899994,66.9300003,65.9199982,852100.0,58.9333229
2014-06-27 00:00:00,66.9499969,66.4599991,67.2900009,66.3700027,1509100.0,59.3321342
2014-06-30 00:00:00,67.5800018,67.1900024,67.9899979,66.8199997,1460800.0,59.8904495
2014-07-01 00:00:00,68.6200027,68.0,69.1200027,67.9000015,1777000.0,60.8121338
2014-07-02 00:00:00,68.6999969,68.2399979,68.9499969,68.2099991,1025000.0,60.8830185
2014-07-03 00:00:00,69.0100021,69.0800018,69.4700012,68.8899994,1367100.0,61.1577263
2014-07-07 00:00:00,68.6100006,68.8799973,69.3000031,68.1600037,1351400.0,60.8032417
2014-07-08 00:00:00,69.6699982,68.4599991,70.6600037,67.5500031,3765100.0,61.7426453
2014-07-09 00:00:00,71.5199966,69.6900024,71.8300018,69.6900024,3478000.0,63.3821487
2014-07-10 00:00:00,71.0899963,70.3700027,71.5,69.9000015,1775800.0,63.0010605
2014-07-11 00:00:00,71.5299988,71.1999969,71.5599976,70.7200012,1167800.0,63.3910065
2014-07-14 00:00:00,71.6299973,72.0,72.0,71.1600037,1445100.0,63.4796295
2014-07-15 00:00:00,71.1500015,71.6699982,72.0299988,70.6600037,1822200.0,63.0542374
2014-07-16 00:00:00,71.1500015,71.4400024,72.25,70.7900009,2827000.0,63.0542374
2014-07-17 00:00:00,70.7200012,70.8899994,71.3700027,70.4199982,1533400.0,62.6731644
2014-07-18 00:00:00,71.6900024,70.8799973,71.75,70.5699997,1477200.0,63.532814
2014-07-21 00:00:00,71.9499969,71.6800003,72.4100037,71.2099991,1105700.0,63.7632294
2014-07-22 00:00:00,71.5800018,72.1399994,72.2799988,71.3099976,1603300.0,63.4353333
2014-07-23 00:00:00,70.6699982,71.6800003,71.6900024,70.1699982,2050300.0,62.628849
2014-07-24 00:00:00,69.9000015,70.9300003,70.9899979,69.7399979,1913200.0,61.9464912
2014-07-25 00:00:00,69.5100021,69.3300018,69.5500031,68.0400009,4495000.0,61.6008492
2014-07-28 00:00:00,69.1299973,69.7399979,69.8099976,68.0500031,1526200.0,61.2640991
2014-07-29 00:00:00,68.8000031,69.4100037,70.1399994,68.7099991,1402400.0,60.9716492
2014-07-30 00:00:00,67.8899994,69.2900009,69.9100037,67.4700012,3535000.0,60.1651878
2014-07-31 00:00:00,70.0,67.9400024,72.9199982,66.6999969,6982000.0,62.0350761
2014-08-01 00:00:00,69.9899979,69.5599976,70.25,69.0,2776600.0,62.0262146
2014-08-04 00:00:00,69.8300018,69.8499985,70.5800018,69.1699982,1644900.0,61.8844528
2014-08-05 00:00:00,69.3300018,69.4199982,70.1500015,68.8799973,1356200.0,61.44133
2014-08-06 00:00:00,69.7200012,69.1600037,70.5999985,69.0,1850000.0,61.7869644
2014-08-07 00:00:00,67.6900024,69.9800034,70.25,67.5100021,2527300.0,59.9879341
2014-08-08 00:00:00,68.3300018,67.9000015,68.3899994,67.5,1260900.0,60.5551109
2014-08-11 00:00:00,69.1699982,68.6299973,70.0599976,68.6299973,1560900.0,61.29953
2014-08-12 00:00:00,68.5199966,68.9700012,69.2200012,68.0100021,1332900.0,60.7234917
2014-08-13 00:00:00,68.8099976,68.7300034,69.3399963,68.5100021,1070200.0,60.980484
2014-08-14 00:00:00,68.6200027,68.7600021,69.2600021,68.4100037,1058500.0,60.8121338
2014-08-15 00:00:00,69.6500015,69.0899963,70.1699982,68.5100021,2570800.0,61.7249146
2014-08-18 00:00:00,70.6699982,70.0,70.7300034,69.3099976,1380400.0,62.628849
2014-08-19 00:00:00,71.1100006,70.8099976,71.5400009,70.7200012,1359500.0,63.0187988
2014-08-20 00:00:00,71.6299973,70.9199982,71.8399963,70.8099976,954200.0,63.4796295
2014-08-21 00:00:00,72.0,71.5199966,72.1200027,71.3399963,945500.0,63.8075218
2014-08-22 00:00:00,71.5100021,71.9899979,72.3399963,71.4100037,711700.0,63.3732834
2014-08-25 00:00:00,71.7799988,71.9400024,72.0999985,71.3099976,580400.0,63.6125755
2014-08-26 00:00:00,70.9899979,71.8300018,72.1500015,70.9199982,1546700.0,62.9124565
2014-08-27 00:00:00,71.2699966,71.2399979,71.5,70.9300003,910700.0,63.1605949
2014-08-28 00:00:00,71.8700027,71.1699982,71.9100037,70.3600006,931800.0,63.6923294
2014-08-29 00:00:00,71.9100037,72.1600037,72.4400024,71.1500015,1088600.0,63.7277527
2014-09-02 00:00:00,71.5699997,72.0999985,72.4499969,71.3899994,1304400.0,63.4264336
2014-09-03 00:00:00,71.9000015,71.6999969,72.1699982,71.1399994,1213400.0,63.718895
2014-09-04 00:00:00,71.4599991,71.9100037,72.5800018,71.4199982,1210100.0,63.3289642
2014-09-05 00:00:00,71.9700012,71.3300018,71.9899979,71.1800003,495900.0,63.7809448
2014-09-08 00:00:00,71.9599991,71.6500015,72.8799973,71.5,1018500.0,63.9319687
2014-09-09 00:00:00,71.8099976,71.6999969,72.3499985,71.6100006,2025000.0,63.7987213
2014-09-10 00:00:00,71.9800034,71.6999969,73.0,71.4199982,1697600.0,63.9497643
2014-09-11 00:00:00,72.6200027,71.7399979,72.8000031,71.6200027,1771900.0,64.5183487
2014-09-12 00:00:00,71.6500015,72.6299973,72.6399994,71.5800018,987900.0,63.6565475
2014-09-15 00:00:00,72.1299973,72.1600037,72.4000015,71.4499969,1570100.0,64.0830002
2014-09-16 00:00:00,74.0899963,72.0,74.1600037,71.3499985,2378400.0,65.8243484
2014-09-17 00:00:00,75.4000015,73.6999969,75.7200012,73.6999969,2898600.0,66.9881973
2014-09-18 00:00:00,76.7699966,75.6200027,76.9100037,75.2099991,1994400.0,68.2053528
2014-09-19 00:00:00,75.9499969,77.0400009,77.3499985,75.9400024,1747300.0,67.4768448
2014-09-22 00:00:00,74.9499969,75.7099991,75.7399979,74.6999969,1586500.0,66.5884018
2014-09-23 00:00:00,74.4000015,75.1200027,75.4700012,74.25,1231300.0,66.0997543
2014-09-24 00:00:00,75.5500031,74.6900024,75.8899994,74.6900024,1617100.0,67.1214752
2014-09-25 00:00:00,74.6800003,75.5,75.5,74.0,1882600.0,66.348526
2014-09-26 00:00:00,75.2099991,75.0199966,75.5400009,74.5599976,1376000.0,66.819397
2014-09-29 00:00:00,75.2300034,74.6399994,75.6900024,74.3700027,1128800.0,66.8371735
2014-09-30 00:00:00,74.6999969,75.2900009,75.4800034,74.3000031,1000300.0,66.3662796
2014-10-01 00:00:00,72.6600037,74.6900024,74.8799973,72.5899963,1876200.0,64.553894
2014-10-02 00:00:00,72.2900009,72.4400024,72.7099991,70.8000031,2472700.0,64.2251587
2014-10-03 00:00:00,72.7399979,72.6299973,73.3799973,72.3199997,1425700.0,64.6249542
2014-10-06 00:00:00,74.8399963,73.5299988,75.7099991,73.4599991,3457000.0,66.490654
2014-10-07 00:00:00,73.1600037,74.2900009,74.8000031,73.1600037,1788900.0,64.9981232
2014-10-08 00:00:00,74.4100037,73.3099976,74.4899979,72.4300003,1591500.0,66.1086426
2014-10-09 00:00:00,72.5599976,74.0400009,74.3499985,72.2300034,1913500.0,64.4650497
2014-10-10 00:00:00,65.9100037,71.8099976,71.8099976,65.7799988,8072500.0,58.5569267
2014-10-13 00:00:00,66.0400009,67.7200012,68.5999985,65.8899994,3670400.0,58.6724434
2014-10-14 00:00:00,67.7300034,66.4400024,68.0800018,66.4400024,2293700.0,60.1738892
2014-10-15 00:00:00,69.9400024,66.5699997,70.1399994,66.5100021,3863400.0,62.1373215
2014-10-16 00:00:00,69.6900024,68.6800003,70.0899963,68.4100037,2241000.0,61.9152222
2014-10-17 00:00:00,69.1900024,70.4599991,71.1600037,68.9599991,1817500.0,61.4710045
2014-10-20 00:00:00,71.3199997,69.3399963,71.3300018,68.5899963,1838800.0,63.363369
2014-10-21 00:00:00,73.1999969,71.6100006,73.7200012,70.3300018,3313500.0,65.0336456
2014-10-22 00:00:00,71.8700027,73.3099976,73.7099991,71.6699982,2846400.0,63.8519974
2014-10-23 00:00:00,75.6399994,72.3799973,76.4300003,72.3799973,3969500.0,67.2014313
2014-10-24 00:00:00,75.5599976,76.4100037,76.6699982,75.2600021,1897200.0,67.1303558
2014-10-27 00:00:00,75.0599976,75.4800034,75.9499969,74.7200012,1550100.0,66.6861115
2014-10-28 00:00:00,75.7200012,75.5599976,75.7699966,75.1200027,1624300.0,67.2724991
2014-10-29 00:00:00,75.8000031,75.5999985,75.9499969,75.3099976,1805800.0,67.3435669
2014-10-30 00:00:00,76.0500031,75.6800003,76.2600021,74.8600006,1811400.0,67.5656815
2014-10-31 00:00:00,77.8600006,77.2399979,78.3700027,77.0999985,2167600.0,69.1737671
2014-11-03 00:00:00,79.1399994,77.7399979,79.7200012,77.6500015,1454300.0,70.3109512
2014-11-04 00:00:00,79.3399963,79.0500031,80.4599991,78.7200012,1849400.0,70.4886475
2014-11-05 00:00:00,79.7399979,79.9800034,80.1600037,78.6999969,1374500.0,70.8440094
2014-11-06 00:00:00,79.5899963,79.7900009,80.1800003,79.1999969,997700.0,70.710762
2014-11-07 00:00:00,78.9300003,79.6699982,79.7099991,77.8099976,999900.0,70.1243744
2014-11-10 00:00:00,79.9199982,79.0,80.0400009,78.9899979,1638600.0,71.0039215
2014-11-11 00:00:00,79.9800034,80.1100006,81.2799988,79.7900009,835600.0,71.0572281
2014-11-12 00:00:00,78.9700012,79.3799973,79.75,78.5500031,1568200.0,70.1599274
2014-11-13 00:00:00,78.8499985,79.2399979,79.9899979,78.4800034,1726600.0,70.0533218
2014-11-14 00:00:00,79.8099976,78.75,80.0,78.4000015,1624500.0,70.9062042
2014-11-17 00:00:00,77.7900009,79.4100037,79.5,77.0699997,2211500.0,69.1115646
2014-11-18 00:00:00,79.2900009,77.9800034,79.7399979,77.9700012,1350000.0,70.4442139
2014-11-19 00:00:00,78.5100021,79.4700012,79.6900024,78.0400009,1112600.0,69.7512207
2014-11-20 00:00:00,78.6399994,78.0,78.9100037,77.9199982,1411900.0,69.8667374
2014-11-21 00:00:00,78.6500015,79.5699997,79.6800003,78.3499985,1472200.0,69.8756256
2014-11-24 00:00:00,79.9899979,78.7799988,81.3099976,78.7799988,2052700.0,71.0661316
2014-11-25 00:00:00,80.9700012,80.2799988,81.2900009,80.2399979,1585300.0,71.9367981
2014-11-26 00:00:00,82.1900024,81.0299988,82.2699966,80.9700012,1115000.0,73.020668
2014-11-28 00:00:00,82.6399994,82.4599991,83.4000015,81.9000015,884300.0,73.4204941
2014-12-01 00:00:00,81.7099991,82.0,82.8700027,81.3000031,1280100.0,72.5942154
2014-12-02 00:00:00,82.3300018,81.5899963,82.4599991,81.1399994,1085100.0,73.1450729
2014-12-03 00:00:00,84.1999969,82.8300018,84.6299973,82.7699966,1590500.0,74.8064651
2014-12-04 00:00:00,84.1999969,84.1399994,85.6999969,83.5699997,1745200.0,74.8064651
2014-12-05 00:00:00,84.3000031,84.1800003,84.6999969,83.7799988,933700.0,74.8953094
2014-12-08 00:00:00,82.3700027,84.2399979,84.2699966,81.6600037,1740900.0,73.3371964
2014-12-09 00:00:00,82.2799988,81.5400009,82.3499985,80.3700027,2033900.0,73.2570724
2014-12-10 00:00:00,79.6999969,81.9199982,82.1399994,79.5500031,2559000.0,70.9599915
2014-12-11 00:00:00,79.8000031,79.9800034,81.0,79.5,1476600.0,71.0490494
2014-12-12 00:00:00,78.3799973,79.5599976,79.9700012,78.3399963,1752400.0,69.7847443
2014-12-15 00:00:00,78.3300018,79.1200027,80.2099991,77.4400024,2788700.0,69.7402267
2014-12-16 00:00:00,76.8399963,77.8300018,79.3499985,76.8399963,2218600.0,68.4136276
2014-12-17 00:00:00,78.3300018,77.0299988,78.3600006,76.3300018,2275900.0,69.7402267
2014-12-18 00:00:00,80.8199997,80.5599976,80.9800034,79.2799988,1802600.0,71.9571762
2014-12-19 00:00:00,80.5,80.9100037,81.5199966,79.7799988,6279000.0,71.6722565
2014-12-22 00:00:00,81.5500031,80.8000031,81.8300018,80.8000031,1642900.0,72.6071396
2014-12-23 00:00:00,81.5699997,82.3099976,82.6600037,81.3199997,2198200.0,72.6249084
2014-12-24 00:00:00,81.1299973,81.6500015,81.9400024,81.0400009,666200.0,72.2331772
2014-12-26 00:00:00,80.9599991,81.3099976,81.6699982,80.9199982,518400.0,72.0818329
2014-12-29 00:00:00,80.6500015,80.8399963,81.4199982,80.4899979,674300.0,71.8058319
2014-12-30 00:00:00,79.9400024,80.1600037,80.7900009,79.5899963,1178200.0,71.1736984
2014-12-31 00:00:00,79.3399963,80.3600006,80.6999969,79.2600021,992100.0,70.6394806
2015-01-02 00:00:00,79.4499969,79.8700027,80.1900024,78.8399963,830600.0,70.7374115
2015-01-05 00:00:00,78.4800034,79.2699966,79.3899994,78.2200012,1440800.0,69.8738022
2015-01-06 00:00:00,77.1699982,78.5599976,78.7300034,76.4000015,2341400.0,68.707428
2015-01-07 00:00:00,77.5699997,77.2900009,78.4300003,77.0500031,1508500.0,69.0635605
2015-01-08 00:00:00,79.5800018,78.2799988,79.6800003,78.0,1871300.0,70.853157
2015-01-09 00:00:00,79.7300034,79.4199982,80.3300018,79.1999969,1461800.0,70.9867172
2015-01-12 00:00:00,77.3099976,79.5,79.5,77.1100006,2154200.0,68.8320847
2015-01-13 00:00:00,76.5599976,78.0899963,78.8799973,75.6800003,1653200.0,68.1643448
2015-01-14 00:00:00,76.0500031,75.5299988,76.6500015,75.4899979,1350700.0,67.7102585
2015-01-15 00:00:00,76.6800003,76.6900024,77.8099976,76.3899994,2147700.0,68.2711639
2015-01-16 00:00:00,77.5800018,76.4800034,77.9199982,76.2600021,2313500.0,69.0724869
2015-01-20 00:00:00,78.5,77.9199982,78.8399963,77.0500031,1531100.0,69.8915863
2015-01-21 00:00:00,80.0400009,78.5800018,80.7200012,77.8700027,1933200.0,71.2627182
2015-01-22 00:00:00,80.8600006,80.3000031,80.9199982,78.6299973,1603200.0,71.9927673
2015-01-23 00:00:00,80.4199982,79.5999985,80.5999985,78.7399979,2102500.0,71.6010437
2015-01-26 00:00:00,81.1800003,80.5899963,81.2600021,79.6900024,1641200.0,72.2776871
2015-01-27 00:00:00,80.1500015,80.0999985,80.9400024,79.7399979,1457300.0,71.3606415
2015-01-28 00:00:00,79.7200012,81.0400009,81.8899994,79.5999985,2380600.0,70.9778061
2015-01-29 00:00:00,79.8700027,80.0,82.1600037,77.5599976,3264800.0,71.1113663
2015-01-30 00:00:00,76.4400024,78.9899979,79.4199982,76.3799973,3462900.0,68.0575104
2015-02-02 00:00:00,76.6600037,76.7600021,77.0100021,75.0,2222100.0,68.2533722
2015-02-03 00:00:00,77.6299973,76.8700027,77.6600037,76.3600006,2184100.0,69.117012
2015-02-04 00:00:00,77.4400024,77.5199966,78.3199997,76.9800034,2113100.0,68.9478226
2015-02-05 00:00:00,78.0299988,77.7600021,78.1900024,77.3199997,1729800.0,69.4731216
2015-02-06 00:00:00,78.1399994,78.0500031,79.4499969,77.7900009,1313900.0,69.5710831
2015-02-09 00:00:00,77.6800003,77.7099991,77.9899979,76.9800034,1616500.0,69.161499
2015-02-10 00:00:00,80.5800018,78.3600006,80.8499985,77.9899979,2413500.0,71.7435074
2015-02-11 00:00:00,80.5999985,80.5800018,80.7600021,80.1500015,1968200.0,71.7612991
2015-02-12 00:00:00,81.1100006,80.75,81.1100006,80.2600021,1568400.0,72.2153778
2015-02-13 00:00:00,82.2099991,81.3700027,82.2399979,81.1299973,1835000.0,73.1947479
2015-02-17 00:00:00,81.9100037,82.2300034,82.3700027,81.1200027,1233100.0,72.9276428
2015-02-18 00:00:00,81.9199982,82.0,82.3799973,81.4199982,879400.0,72.936554
2015-02-19 00:00:00,83.0699997,81.6699982,83.2099991,81.6299973,1092600.0,73.960434
2015-02-20 00:00:00,83.8399963,82.9199982,84.25,82.6200027,2541400.0,74.6459961
2015-02-23 00:00:00,83.1800003,83.5400009,83.8000031,82.5899963,1006900.0,74.0583801
2015-02-24 00:00:00,84.2300034,83.25,84.3000031,82.7799988,1850900.0,74.9932251
2015-02-25 00:00:00,83.5299988,84.1699982,84.4899979,83.25,1266700.0,74.3699875
2015-02-26 00:00:00,83.3799973,83.4599991,84.3399963,82.9599991,981100.0,74.2364655
2015-02-27 00:00:00,82.4599991,83.1999969,83.2799988,82.2200012,1326800.0,73.4173279
2015-03-02 00:00:00,84.4800034,83.0500031,84.4800034,82.9700012,1110500.0,75.2158051
2015-03-03 00:00:00,81.7900009,83.6299973,84.1600037,81.5699997,2655900.0,72.8207855
2015-03-04 00:00:00,80.8700027,81.1699982,81.6299973,80.5999985,1248700.0,72.0016937
2015-03-05 00:00:00,80.7699966,81.1600037,81.7699966,80.2300034,1292200.0,71.9126587
2015-03-06 00:00:00,80.1699982,80.25,80.8399963,79.7300034,1390900.0,71.3784332
2015-03-09 00:00:00,80.7799988,79.9499969,80.9199982,79.7799988,1318400.0,72.0834045
2015-03-10 00:00:00,77.9599991,80.0500031,80.5699997,77.9599991,2088900.0,69.567009
2015-03-11 00:00:00,78.2699966,78.2399979,79.0500031,78.0899963,1395800.0,69.8436432
2015-03-12 00:00:00,77.7200012,77.7799988,78.1399994,77.0699997,2109200.0,69.3528442
2015-03-13 00:00:00,78.7099991,77.5500031,78.8600006,77.1200027,1828100.0,70.2362595
2015-03-16 00:00:00,79.8899994,79.2399979,79.9599991,79.0,999800.0,71.2892227
2015-03-17 00:00:00,78.9800034,79.5,79.5899963,78.5100021,950000.0,70.4772034
2015-03-18 00:00:00,77.4899979,78.4199982,78.7399979,74.9199982,4756700.0,69.147583
2015-03-19 00:00:00,78.9499969,77.4899979,78.9899979,76.7300034,2402600.0,70.4504166
2015-03-20 00:00:00,79.2300034,79.4300003,79.6299973,78.25,2607900.0,70.7002792
2015-03-23 00:00:00,78.4300003,78.9700012,79.2799988,78.2600021,1331200.0,69.9864044
2015-03-24 00:00:00,78.7600021,78.5,79.5100021,78.3000031,1689400.0,70.2808914
2015-03-25 00:00:00,72.75,78.5400009,78.5599976,72.6999969,4359600.0,64.9178925
2015-03-26 00:00:00,71.1500015,72.0100021,72.0899963,69.9199982,5161200.0,63.4901543
2015-03-27 00:00:00,72.0400009,71.3600006,72.4700012,70.8799973,3416900.0,64.2843399
2015-03-30 00:00:00,72.1900024,72.6800003,72.75,71.5500031,2083300.0,64.4182053
2015-03-31 00:00:00,70.2399979,71.6999969,71.9800034,69.0699997,4295100.0,62.6781273
2015-04-01 00:00:00,70.2600021,70.5899963,70.8600006,69.8799973,2624200.0,62.6959724
2015-04-02 00:00:00,70.75,70.3000031,71.1500015,69.8899994,2163600.0,63.1332092
2015-04-06 00:00:00,72.3499985,69.9000015,72.4800034,69.5599976,2776500.0,64.5609665
2015-04-07 00:00:00,71.1699982,72.4400024,73.0999985,71.1600037,3555600.0,63.507988
2015-04-08 00:00:00,72.8300018,71.25,73.0999985,71.1699982,2173900.0,64.9892807
2015-04-09 00:00:00,73.1600037,72.4700012,73.2699966,72.3199997,1382300.0,65.2837524
2015-04-10 00:00:00,73.0999985,73.2799988,73.2799988,72.5899963,1199800.0,65.2302094
2015-04-13 00:00:00,72.6999969,73.0800018,73.9800034,72.4599991,1249800.0,64.8732758
2015-04-14 00:00:00,72.0,72.7200012,72.7300034,71.6900024,2028300.0,64.2486115
2015-04-15 00:00:00,72.4199982,72.0899963,73.0599976,71.8700027,2480500.0,64.6234131
2015-04-16 00:00:00,71.7900009,71.7600021,72.2300034,71.2399979,2451300.0,64.0612793
2015-04-17 00:00:00,70.6600037,71.2300034,71.7699966,70.3600006,1920800.0,63.0528984
2015-04-20 00:00:00,71.9899979,71.0500031,72.4100037,71.0,2895400.0,64.2397232
2015-04-21 00:00:00,77.8399963,80.8899994,81.6500015,76.4899979,10181700.0,69.4599304
2015-04-22 00:00:00,78.3600006,78.4400024,78.7200012,76.6800003,2843200.0,69.9239273
2015-04-23 00:00:00,77.0800018,77.4899979,78.1699982,76.8099976,2408800.0,68.7817459
2015-04-24 00:00:00,76.6999969,76.7699966,77.0800018,75.7399979,2953800.0,68.4426575
2015-04-27 00:00:00,76.3300018,77.0699997,77.8300018,76.1800003,2483000.0,68.1124954
2015-04-28 00:00:00,76.3899994,76.2099991,76.8600006,75.3300018,1727400.0,68.1660156
2015-04-29 00:00:00,76.3799973,75.8300018,76.9899979,75.7699966,1795400.0,68.1571121
2015-04-30 00:00:00,75.5800018,76.0299988,76.5999985,75.0199966,1638300.0,67.4432297
2015-05-01 00:00:00,77.2300034,76.0899963,77.3499985,76.0100021,1484000.0,68.915596
2015-05-04 00:00:00,76.8899994,77.1999969,77.4300003,76.7600021,1109700.0,68.6121826
2015-05-05 00:00:00,75.5999985,76.5999985,76.5999985,75.1999969,1746000.0,67.4610748
2015-05-06 00:00:00,75.1999969,75.7799988,76.4899979,74.5299988,1527200.0,67.1041412
2015-05-07 00:00:00,75.4499969,74.9599991,75.7600021,74.75,1724100.0,67.3272247
2015-05-08 00:00:00,77.0199966,75.9700012,77.1500015,75.7600021,1447800.0,68.7281876
2015-05-11 00:00:00,78.1100006,77.1800003,78.7900009,76.7099991,1948300.0,69.7008438
2015-05-12 00:00:00,76.8000031,77.8000031,77.8000031,75.8399963,1431500.0,68.5318909
2015-05-13 00:00:00,77.2399979,76.8600006,77.9499969,76.8600006,1387100.0,68.9244995
2015-05-14 00:00:00,78.25,77.6800003,78.5500031,77.2900009,1678300.0,69.8257751
2015-05-15 00:00:00,78.7300034,78.6600037,79.5299988,78.5,1336800.0,70.2541275
2015-05-18 00:00:00,79.4599991,79.4100037,79.75,78.7699966,1303200.0,70.9055176
2015-05-19 00:00:00,80.7799988,80.0299988,82.4199982,80.0,2439900.0,72.0834045
2015-05-20 00:00:00,80.3600006,80.7799988,81.1800003,80.1100006,1425700.0,71.7086258
2015-05-21 00:00:00,81.2300034,80.3199997,81.4100037,80.0199966,1178300.0,72.4849625
2015-05-22 00:00:00,81.0800018,80.9899979,81.9899979,80.9800034,1585600.0,72.3511353
2015-05-26 00:00:00,80.4100037,80.7099991,81.5500031,79.9400024,1473000.0,71.7532578
2015-05-27 00:00:00,82.6600037,80.5699997,82.9300003,80.3300018,2630000.0,73.7610321
2015-05-28 00:00:00,82.3799973,82.6100006,83.3499985,82.0999985,1259600.0,73.5111618
2015-05-29 00:00:00,82.25,82.3799973,83.1500015,81.9000015,1968700.0,73.3951492
2015-06-01 00:00:00,83.3899994,82.7699966,83.7699966,82.2900009,2973400.0,74.4124146
2015-06-02 00:00:00,83.2799988,82.9300003,84.0199966,82.3000031,2132000.0,74.3142548
2015-06-03 00:00:00,83.5199966,83.5,83.9199982,82.9300003,2174200.0,74.5284119
2015-06-04 00:00:00,82.9700012,82.8899994,83.4599991,82.3099976,1452100.0,74.0376282
2015-06-05 00:00:00,83.4400024,83.0699997,83.6999969,82.1999969,1086300.0,74.4570312
2015-06-08 00:00:00,82.25,84.0,84.0100021,81.9700012,1418900.0,73.6599808
2015-06-09 00:00:00,81.9800034,82.0400009,82.6299973,80.6900024,1946000.0,73.4181976
2015-06-10 00:00:00,82.6399994,82.5500031,82.8399963,82.0199966,1172400.0,74.0092621
2015-06-11 00:00:00,82.5400009,83.0,83.3799973,82.2200012,1032600.0,73.919693
2015-06-12 00:00:00,81.4599991,82.0299988,82.3000031,81.2200012,1044200.0,72.9524765
2015-06-15 00:00:00,81.2600021,80.9100037,81.2900009,79.5299988,2447400.0,72.7733688
2015-06-16 00:00:00,82.5500031,81.1600037,82.5899963,80.9700012,1418300.0,73.9286575
2015-06-17 00:00:00,82.25,82.0599976,82.9599991,81.9300003,1882400.0,73.6599808
2015-06-18 00:00:00,83.8700027,82.6200027,84.1500015,82.5199966,1511400.0,75.1107941
2015-06-19 00:00:00,83.2300034,83.9899979,84.3899994,83.1900024,1809100.0,74.5376358
2015-06-22 00:00:00,83.6699982,83.7699966,84.2300034,82.7900009,1120500.0,74.9316788
2015-06-23 00:00:00,83.7799988,83.6299973,84.2399979,83.3399963,1204000.0,75.0301895
2015-06-24 00:00:00,83.2099991,83.5899963,83.8899994,82.9700012,1089900.0,74.519722
2015-06-25 00:00:00,83.7300034,83.6100006,84.3399963,83.1999969,1457900.0,74.9854355
2015-06-26 00:00:00,82.8600006,83.2399979,84.2600021,82.3700027,3109600.0,74.2062683
2015-06-29 00:00:00,80.1999969,81.8300018,82.0699997,79.9599991,1688600.0,71.8240814
2015-06-30 00:00:00,81.3499985,81.1999969,82.1200027,80.8399963,1707600.0,72.8539658
2015-07-01 00:00:00,82.2699966,82.9199982,84.1299973,81.8199997,1843600.0,73.6779022
2015-07-02 00:00:00,83.2300034,82.4499969,83.3000031,81.9400024,1520300.0,74.5376358
2015-07-06 00:00:00,81.1399994,82.2200012,83.4800034,80.8799973,3065200.0,72.6658936
2015-07-07 00:00:00,80.1600037,80.8899994,80.9599991,77.7300034,2864300.0,71.7882538
2015-07-08 00:00:00,77.9499969,79.5599976,79.9800034,77.7399979,2307200.0,69.8090591
2015-07-09 00:00:00,77.6299973,79.8499985,80.3700027,77.5899963,1849300.0,69.5224915
2015-07-10 00:00:00,78.5299988,78.2300034,78.8899994,77.6699982,1825800.0,70.3285065
2015-07-13 00:00:00,79.2699966,79.0,79.7799988,77.9599991,2220000.0,70.9912033
2015-07-14 00:00:00,79.8499985,79.5,80.7300034,78.0999985,3867000.0,71.5106506
2015-07-15 00:00:00,79.4899979,79.8799973,80.25,78.75,2004700.0,71.1882401
2015-07-16 00:00:00,77.3499985,79.3399963,79.5899963,75.5100021,3876800.0,69.2717361
2015-07-17 00:00:00,77.2600021,77.5100021,77.5400009,76.9000015,1661400.0,69.1911392
2015-07-20 00:00:00,77.0800018,77.9300003,78.2300034,76.9800034,970200.0,69.0299225
2015-07-21 00:00:00,77.3700027,77.0,78.2300034,76.8399963,1267400.0,69.2896576
2015-07-22 00:00:00,76.4800034,76.5599976,76.8799973,75.0599976,1419800.0,68.4925995
2015-07-23 00:00:00,77.0199966,76.6999969,78.0999985,76.4199982,1239700.0,68.976181
2015-07-24 00:00:00,75.4499969,76.9300003,77.1299973,74.8799973,1705300.0,67.5701752
2015-07-27 00:00:00,75.4499969,74.8199997,75.9100037,73.8099976,1553300.0,67.5701752
2015-07-28 00:00:00,77.75,75.6999969,78.2900009,74.7799988,2323200.0,69.6299515
2015-07-29 00:00:00,77.6699982,78.1200027,78.1200027,75.9700012,2977800.0,69.5583267
2015-07-30 00:00:00,78.5699997,78.4400024,80.8700027,78.3399963,3393900.0,70.3643112
2015-07-31 00:00:00,76.8700027,78.9599991,79.7799988,76.5100021,2513800.0,68.8418732
2015-08-03 00:00:00,75.7399979,76.7099991,76.8799973,75.3300018,2646800.0,67.8298721
2015-08-04 00:00:00,73.0899963,74.4400024,75.8700027,72.8799973,3507400.0,65.4566269
2015-08-05 00:00:00,74.0500031,73.4400024,74.5800018,73.2900009,2213800.0,66.3163757
2015-08-06 00:00:00,72.5199966,74.4199982,74.4199982,72.2900009,1951800.0,64.9461594
2015-08-07 00:00:00,72.4199982,72.1500015,72.4300003,71.3700027,1765600.0,64.8566055
2015-08-10 00:00:00,74.8700027,73.3399963,75.1800003,72.9300003,2071700.0,67.0507431
2015-08-11 00:00:00,73.0,74.25,74.4400024,72.8799973,2035800.0,65.3760605
2015-08-12 00:00:00,72.6100006,71.9499969,73.0599976,70.8099976,2495300.0,65.0267639
2015-08-13 00:00:00,72.0100021,72.75,73.4000015,71.9300003,1908600.0,64.4894409
2015-08-14 00:00:00,72.7099991,71.8899994,73.5500031,70.8099976,3861900.0,65.1163254
2015-08-17 00:00:00,74.3899994,72.6100006,74.5299988,72.1999969,1981600.0,66.6208725
2015-08-18 00:00:00,72.2699966,74.5699997,74.7200012,72.0400009,1971300.0,64.7222672
2015-08-19 00:00:00,72.4100037,72.25,73.3899994,71.4599991,1907800.0,64.847641
2015-08-20 00:00:00,71.0199966,71.7300034,71.9300003,70.8300018,2586700.0,63.6028137
2015-08-21 00:00:00,69.75,70.25,71.8799973,69.6999969,2915700.0,62.4654465
2015-08-24 00:00:00,67.3199997,66.3399963,70.6699982,62.8499985,3211400.0,60.289238
2015-08-25 00:00:00,67.4000015,70.25,70.9300003,67.4000015,3503800.0,60.3608932
2015-08-26 00:00:00,70.75,69.7699966,70.9000015,67.8199997,2756400.0,63.3610229
2015-08-27 00:00:00,73.1100006,71.5599976,73.5800018,71.1999969,3066400.0,65.474556
2015-08-28 00:00:00,72.9199982,72.7399979,73.9700012,72.2900009,1604600.0,65.3043976
2015-08-31 00:00:00,72.7699966,72.5999985,73.4100037,71.8899994,1182100.0,65.1700439
2015-09-01 00:00:00,69.5599976,70.8300018,72.0199966,69.1600037,1988100.0,62.2952995
2015-09-02 00:00:00,71.0999985,70.9700012,71.1299973,69.6299973,1208900.0,63.6744728
2015-09-03 00:00:00,71.75,72.0100021,72.7699966,71.2799988,1582400.0,64.2565765
2015-09-04 00:00:00,69.75,70.2600021,70.9899979,69.5999985,1880600.0,62.727726
2015-09-08 00:00:00,72.6299973,71.1900024,72.9300003,71.1900024,1830800.0,65.3177872
2015-09-09 00:00:00,70.5899963,73.0400009,73.7200012,70.4400024,1914200.0,63.4831467
2015-09-10 00:00:00,71.9000015,70.5500031,72.9300003,70.4300003,1790300.0,64.6612778
2015-09-11 00:00:00,71.8300018,70.9199982,71.9000015,70.3000031,1523700.0,64.5983353
2015-09-14 00:00:00,72.5,72.1699982,72.6900024,71.8600006,1814500.0,65.2008743
2015-09-15 00:00:00,74.0199966,72.9400024,74.3099976,72.1699982,1464200.0,66.5678329
2015-09-16 00:00:00,74.7600021,73.9899979,74.9199982,73.5999985,1137100.0,67.233345
2015-09-17 00:00:00,72.6399994,74.1399994,74.1399994,72.4400024,1740300.0,65.3267899
2015-09-18 00:00:00,71.2200012,71.5899963,72.4599991,70.9300003,1975500.0,64.0497437
2015-09-21 00:00:00,68.0699997,71.5299988,71.5299988,67.4300003,3602000.0,61.216877
2015-09-22 00:00:00,65.6399994,66.8099976,67.0299988,65.1699982,4047100.0,59.0315132
2015-09-23 00:00:00,63.6899986,65.5400009,65.8199997,63.6199989,3315300.0,57.2778549
2015-09-24 00:00:00,63.3899994,63.0900002,63.9000015,61.2000008,4357000.0,57.0080452
2015-09-25 00:00:00,63.0800018,64.6900024,65.1800003,62.5600014,3346900.0,56.7292557
2015-09-28 00:00:00,61.7700005,62.7299995,63.1800003,61.7700005,2413100.0,55.5511398
2015-09-29 00:00:00,62.8600006,62.0499992,63.5099983,61.6500015,3133500.0,56.5314026
2015-09-30 00:00:00,65.3300018,63.6300011,65.5100021,63.6199989,2578300.0,58.7527275
2015-10-01 00:00:00,64.4400024,65.2799988,66.6299973,63.2200012,3178900.0,57.9523392
2015-10-02 00:00:00,65.6800003,63.3400002,65.7099991,63.2200012,2312400.0,59.0674934
2015-10-05 00:00:00,65.4199982,64.3300018,66.0299988,64.2099991,2591400.0,58.8336601
2015-10-06 00:00:00,65.25,65.0199966,65.5400009,64.2600021,2160200.0,58.6807823
2015-10-07 00:00:00,66.5599976,65.9899979,67.1100006,65.0999985,2519800.0,59.8589096
2015-10-08 00:00:00,67.3099976,65.9100037,67.3600006,65.4300003,1397900.0,60.53339
2015-10-09 00:00:00,66.4700012,66.9000015,67.4899979,66.2900009,1180900.0,59.7779579
2015-10-12 00:00:00,66.4800034,66.4499969,67.0800018,66.0999985,788200.0,59.7869415
2015-10-13 00:00:00,64.6299973,65.7900009,66.3799973,64.5800018,1698500.0,58.1232185
2015-10-14 00:00:00,67.2900009,64.5800018,68.2699966,64.1100006,3614500.0,60.5154152
2015-10-15 00:00:00,67.4599991,67.75,68.4000015,66.0199966,2429400.0,60.6682854
2015-10-16 00:00:00,68.2799988,67.4899979,68.3700027,66.5500031,2195900.0,61.4057312
2015-10-19 00:00:00,67.6399994,67.8300018,69.0299988,67.1200027,1510900.0,60.8301582
2015-10-20 00:00:00,70.0299988,66.5800018,71.9899979,66.5,5484800.0,62.979538
2015-10-21 00:00:00,70.7900009,72.5,77.3600006,70.5,18705400.0,63.6630592
2015-10-22 00:00:00,72.6100006,71.5899963,74.4199982,71.0100021,7181400.0,65.2997971
2015-10-23 00:00:00,74.5699997,74.0599976,74.9599991,72.8199997,5522900.0,67.0624771
2015-10-26 00:00:00,75.0699997,74.1100006,75.0899963,73.4400024,3519400.0,67.5121384
2015-10-27 00:00:00,75.0999985,74.7699966,75.5,74.6200027,3166500.0,67.5391235
2015-10-28 00:00:00,75.7399979,75.6800003,76.1900024,74.2099991,3743000.0,68.1146622
2015-10-29 00:00:00,75.8399963,75.0100021,75.9899979,74.6800003,2386800.0,68.2045975
2015-10-30 00:00:00,76.5899963,75.8399963,76.8000031,75.2399979,2250400.0,68.879097
2015-11-02 00:00:00,76.5999985,76.8199997,77.0699997,75.9199982,2688400.0,68.888092
2015-11-03 00:00:00,76.3399963,76.6100006,76.6800003,75.5100021,2830600.0,68.6542664
2015-11-04 00:00:00,77.0100021,76.8300018,77.0100021,75.8000031,2643000.0,69.2568283
2015-11-05 00:00:00,77.0699997,77.2300034,77.9899979,75.8300018,3177200.0,69.3107834
2015-11-06 00:00:00,76.9000015,77.0699997,77.4599991,75.8099976,2362300.0,69.1579056
2015-11-09 00:00:00,77.0,76.6299973,77.1900024,76.0299988,2472300.0,69.2478333
2015-11-10 00:00:00,76.4199982,76.6999969,77.4199982,76.0100021,2171000.0,68.7262421
2015-11-11 00:00:00,76.8199997,76.5699997,77.5599976,75.9300003,1437200.0,69.0859451
2015-11-12 00:00:00,75.4400024,76.0699997,76.5,75.0100021,1958200.0,67.8448792
2015-11-13 00:00:00,75.5699997,75.8300018,76.5299988,75.4899979,2949400.0,67.9617844
2015-11-16 00:00:00,77.4100037,75.3199997,77.5,75.0100021,2052800.0,69.6165466
2015-11-17 00:00:00,77.7600021,77.4100037,78.6699982,76.9800034,1974400.0,69.9313202
2015-11-18 00:00:00,78.4300003,77.5299988,78.5400009,77.1800003,1522200.0,70.5338593
2015-11-19 00:00:00,77.9199982,78.3799973,78.6699982,77.5199966,2125300.0,70.0751801
2015-11-20 00:00:00,78.3799973,78.4499969,79.0400009,77.9199982,1607800.0,70.4888992
2015-11-23 00:00:00,76.9899979,78.3000031,78.5299988,76.8099976,1759500.0,69.2388229
2015-11-24 00:00:00,77.2900009,76.9400024,77.6900024,76.4800034,1452300.0,69.5086136
2015-11-25 00:00:00,77.2799988,77.2600021,77.7099991,76.7600021,1091700.0,69.4996414
2015-11-27 00:00:00,77.6299973,77.4499969,77.9800034,77.0599976,462100.0,69.8143997
2015-11-30 00:00:00,78.1999969,78.0999985,78.5100021,77.2799988,1573300.0,70.327034
2015-12-01 00:00:00,79.5899963,78.3000031,79.6100006,78.2099991,2082900.0,71.5770569
2015-12-02 00:00:00,78.6500015,79.2399979,79.9100037,78.5500031,2061500.0,70.7316971
2015-12-03 00:00:00,76.4400024,79.3799973,79.7300034,76.1500015,2313400.0,68.7442093
2015-12-04 00:00:00,77.6800003,76.6699982,78.0500031,76.4100037,2278800.0,69.8593826
2015-12-07 00:00:00,77.8899994,77.5699997,78.5,76.9400024,1771200.0,70.3197937
2015-12-08 00:00:00,80.4000015,79.0400009,80.6999969,77.3499985,4503300.0,72.5858383
2015-12-09 00:00:00,78.3199997,80.2200012,80.4000015,77.8099976,2393000.0,70.7080002
2015-12-10 00:00:00,80.0299988,78.7300034,80.6800003,78.0899963,2325100.0,72.2518158
2015-12-11 00:00:00,78.8899994,79.0400009,79.6699982,78.5299988,2177200.0,71.2225952
2015-12-14 00:00:00,77.5599976,79.0800018,79.3799973,76.6699982,1949400.0,70.0218735
2015-12-15 00:00:00,79.9300003,78.9400024,80.6500015,78.5,2359600.0,72.1615295
2015-12-16 00:00:00,80.25,80.4800034,80.8199997,78.2799988,1828800.0,72.4504318
2015-12-17 00:00:00,78.6999969,80.4899979,80.7900009,78.6600037,1536700.0,71.0510483
2015-12-18 00:00:00,77.0400009,78.0199966,78.3399963,76.8899994,3409600.0,69.5524139
2015-12-21 00:00:00,78.75,77.9599991,78.8099976,77.1500015,1626600.0,71.096199
2015-12-22 00:00:00,80.1900024,79.4899979,80.25,78.2399979,1485500.0,72.3962479
2015-12-23 00:00:00,80.4199982,80.5599976,80.8499985,80.0599976,1040600.0,72.6039047
2015-12-24 00:00:00,80.3899994,80.2099991,80.7799988,80.1500015,428400.0,72.5768127
2015-12-28 00:00:00,80.0299988,80.1699982,80.1699982,78.9300003,1085400.0,72.2518158
2015-12-29 00:00:00,80.75,80.5100021,81.2900009,79.7699966,1338600.0,72.9018173
2015-12-30 00:00:00,80.1699982,80.75,81.2300034,79.7699966,864400.0,72.3781967
2015-12-31 00:00:00,79.4199982,80.1100006,80.4899979,79.25,1078000.0,71.7011108
2016-01-04 00:00:00,77.7300034,77.7699966,78.2099991,76.8300018,2639100.0,70.1753387
2016-01-05 00:00:00,78.1500015,78.1600037,78.5500031,77.0500031,1911800.0,70.5545425
2016-01-06 00:00:00,73.5599976,76.5,77.0999985,72.5199966,4604700.0,66.4106216
2016-01-07 00:00:00,71.7099991,72.0999985,73.5199966,71.4599991,3449900.0,64.7404251
2016-01-08 00:00:00,70.4800034,72.3799973,72.5599976,69.4300003,4736000.0,63.6300011
2016-01-11 00:00:00,70.9499969,71.1299973,71.3700027,69.6699982,2984300.0,64.0543213
2016-01-12 00:00:00,71.4400024,72.5199966,72.9499969,70.3199997,2509500.0,64.4966965
2016-01-13 00:00:00,69.0800018,71.6100006,72.3000031,68.8099976,3126900.0,62.3660622
2016-01-14 00:00:00,71.9499969,69.7799988,72.8399963,68.8799973,4609000.0,64.9571075
2016-01-15 00:00:00,67.9599991,69.25,69.25,66.1399994,6103700.0,61.3549118
2016-01-19 00:00:00,67.4599991,69.0699997,69.6999969,66.9599991,2911900.0,60.9034958
2016-01-20 00:00:00,69.5699997,67.4100037,70.3600006,67.0199966,4448200.0,62.8084335
2016-01-21 00:00:00,68.1200027,69.9499969,70.0400009,67.5800018,3935700.0,61.4993515
2016-01-22 00:00:00,68.7200012,69.5500031,70.4599991,68.1699982,2286000.0,62.0410347
2016-01-25 00:00:00,68.0,69.1699982,69.1699982,67.8300018,2588600.0,61.3910217
2016-01-26 00:00:00,68.7399979,68.0599976,68.9199982,67.4499969,1793800.0,62.0590897
2016-01-27 00:00:00,67.5,68.8000031,69.1900024,67.2399979,2358700.0,60.9395981
2016-01-28 00:00:00,69.4499969,68.5100021,71.0,68.1399994,4235200.0,62.7000999
2016-01-29 00:00:00,71.7900009,70.0299988,72.4499969,70.0299988,3917100.0,64.8126831
2016-02-01 00:00:00,72.6200027,71.1999969,73.3099976,71.0599976,2722100.0,65.5620193
2016-02-02 00:00:00,70.5500031,71.5999985,72.2399979,70.1200027,3460200.0,63.6931686
2016-02-03 00:00:00,71.4100037,71.3300018,71.8000031,69.3300018,3320100.0,64.4696121
2016-02-04 00:00:00,71.4700012,71.3600006,72.0699997,70.5599976,2206100.0,64.5237503
2016-02-05 00:00:00,68.9700012,70.8600006,71.1800003,68.0400009,2978200.0,62.2667427
2016-02-08 00:00:00,66.0800018,67.9899979,68.3600006,65.0,2505500.0,59.6576195
2016-02-09 00:00:00,65.5800018,65.0800018,66.4000015,64.1900024,2953400.0,59.2062225
2016-02-10 00:00:00,65.4800034,66.0,66.6800003,65.0999985,3311100.0,59.1159477
2016-02-11 00:00:00,64.2099991,64.4199982,65.3499985,63.0999985,3975300.0,57.9693565
2016-02-12 00:00:00,66.0500031,64.9100037,66.6200027,64.25,2049100.0,59.6305428
2016-02-16 00:00:00,67.5800018,66.8099976,68.4700012,66.6600037,2805500.0,61.0118408
2016-02-17 00:00:00,69.25,68.1200027,69.3199997,67.7900009,3234700.0,62.5195312
2016-02-18 00:00:00,67.7699966,69.5599976,69.5599976,67.7300034,2609200.0,61.1833687
2016-02-19 00:00:00,69.7699966,69.5199966,71.4300003,69.3799973,4112500.0,62.9889717
2016-02-22 00:00:00,70.3399963,70.1900024,71.4599991,69.4899979,3659000.0,63.5035782
2016-02-23 00:00:00,69.2300034,69.7200012,70.3499985,68.9499969,1952800.0,62.5014839
2016-02-24 00:00:00,70.4800034,68.7600021,70.5299988,68.1900024,1988000.0,63.6300011
2016-02-25 00:00:00,72.4300003,70.5199966,72.4599991,70.1399994,2937500.0,65.3904724
2016-02-26 00:00:00,73.8099976,72.8600006,74.1600037,72.4899979,2989900.0,66.6363297
2016-02-29 00:00:00,73.3000031,73.3899994,74.6200027,73.0899963,2550100.0,66.1758957
2016-03-01 00:00:00,75.5699997,73.5,75.9400024,73.0800018,2937600.0,68.2252731
2016-03-02 00:00:00,74.5500031,75.3399963,75.9000015,73.8300018,2421000.0,67.3044281
2016-03-03 00:00:00,74.8700027,74.5500031,75.0,73.9000015,1401500.0,67.5933151
2016-03-04 00:00:00,74.3300018,75.2200012,75.25,73.8199997,1624200.0,67.1058044
2016-03-07 00:00:00,75.0400009,73.7699966,75.0800018,73.5899963,2236200.0,68.0213318
2016-03-08 00:00:00,73.3399963,74.7399979,75.0899963,73.2699966,3281900.0,66.4803314
2016-03-09 00:00:00,73.8099976,73.5500031,74.4000015,73.0599976,1643100.0,66.9063797
2016-03-10 00:00:00,75.2300034,74.1299973,75.9599991,73.8300018,2965200.0,68.1935806
2016-03-11 00:00:00,76.1699982,75.6900024,76.5,75.2200012,2139200.0,69.0456161
2016-03-14 00:00:00,76.9199982,75.6600037,77.0,75.5599976,1562300.0,69.7254868
2016-03-15 00:00:00,77.1600037,77.0599976,77.4800034,76.5299988,2347300.0,69.9430313
2016-03-16 00:00:00,77.8099976,77.0999985,77.8600006,76.5,2351600.0,70.5322647
2016-03-17 00:00:00,79.2600021,78.5699997,79.5,77.4800034,2661800.0,71.8466187
2016-03-18 00:00:00,79.4199982,79.5699997,80.0100021,78.8300018,2673400.0,71.9916534
2016-03-21 00:00:00,79.7600021,79.1900024,79.8000031,78.9499969,1553700.0,72.2998657
2016-03-22 00:00:00,80.1800003,80.0500031,80.4300003,79.1100006,1495500.0,72.6805725
2016-03-23 00:00:00,79.3600006,79.8499985,80.0100021,79.3199997,2011100.0,71.9372711
2016-03-24 00:00:00,78.8799973,78.7399979,78.9000015,77.4899979,2156600.0,71.5021744
2016-03-28 00:00:00,79.1299973,79.4700012,79.5899963,78.8899994,1573100.0,71.728775
2016-03-29 00:00:00,81.9400024,79.1299973,82.0500031,78.75,3298200.0,74.2759705
2016-03-30 00:00:00,82.1900024,82.5599976,83.5100021,81.8600006,2658800.0,74.5025635
2016-03-31 00:00:00,82.5999985,81.8099976,83.0599976,80.9400024,3857700.0,74.8742218
2016-04-01 00:00:00,82.9300003,82.2799988,83.1399994,81.6900024,2908600.0,75.1733627
2016-04-04 00:00:00,82.7600021,82.9800034,82.9800034,81.8300018,2048300.0,75.0192566
2016-04-05 00:00:00,81.6900024,81.8199997,82.7300034,81.5599976,1880600.0,74.0493622
2016-04-06 00:00:00,82.6200027,81.5400009,82.6999969,81.2600021,2187200.0,74.8923645
2016-04-07 00:00:00,81.2200012,82.0699997,82.5,80.4499969,2500200.0,73.6233139
2016-04-08 00:00:00,81.1200027,82.0400009,82.4499969,80.6900024,1713300.0,73.5326462
2016-04-11 00:00:00,81.3799973,82.2900009,82.3000031,81.2900009,1630300.0,73.7683334
2016-04-12 00:00:00,81.4000015,81.6999969,82.0,80.2900009,2399900.0,73.7864761
2016-04-13 00:00:00,82.8099976,82.1800003,82.8199997,81.6399994,2562600.0,75.0645828
2016-04-14 00:00:00,81.6100006,81.6500015,82.3000031,80.7200012,2762800.0,73.9768066
2016-04-15 00:00:00,81.6399994,81.0199966,81.8899994,80.3499985,2880800.0,74.0040131
2016-04-18 00:00:00,82.0599976,81.6699982,82.4199982,81.1100006,2707000.0,74.3847275
2016-04-19 00:00:00,82.7699966,82.5,83.0699997,81.7900009,2929600.0,75.0283279
2016-04-20 00:00:00,82.6699982,82.3600006,83.0,80.7900009,4079100.0,74.9376831
2016-04-21 00:00:00,80.8199997,82.7099991,83.8300018,80.2099991,3995300.0,73.2607193
2016-04-22 00:00:00,80.6500015,80.7600021,81.8099976,80.0899963,2223100.0,73.1066055
2016-04-25 00:00:00,80.2200012,80.7200012,80.9199982,79.5299988,2231900.0,72.716835
2016-04-26 00:00:00,80.25,80.5800018,81.4000015,79.75,2711100.0,72.7440414
2016-04-27 00:00:00,80.9700012,80.3499985,81.1600037,79.6999969,3784200.0,73.3966827
2016-04-28 00:00:00,78.1600037,79.9400024,80.3799973,77.9599991,3234200.0,70.8494873
2016-04-29 00:00:00,76.4000015,77.8300018,77.9499969,75.6800003,4548100.0,69.2541275
2016-05-02 00:00:00,76.5899963,76.4000015,77.1800003,75.7799988,3720600.0,69.4263382
2016-05-03 00:00:00,75.7300034,75.7300034,76.2900009,75.3600006,3325600.0,68.6467972
2016-05-04 00:00:00,74.9000015,75.4199982,76.2399979,74.6200027,3457000.0,67.8944244
2016-05-05 00:00:00,75.0500031,75.0400009,75.8300018,74.8000031,2872400.0,68.0304108
2016-05-06 00:00:00,74.9400024,74.8399963,75.3000031,74.2300034,2352600.0,67.930687
2016-05-09 00:00:00,74.6399994,75.0,75.4000015,74.3199997,2440400.0,67.6587601
2016-05-10 00:00:00,75.9499969,74.9400024,75.9800034,74.5500031,2755900.0,68.8462143
2016-05-11 00:00:00,75.6100006,75.4199982,76.0899963,75.3099976,1913300.0,68.5379944
2016-05-12 00:00:00,74.9000015,75.8300018,76.0299988,74.0899963,2332900.0,67.8944244
2016-05-13 00:00:00,74.3399963,74.7300034,74.9800034,74.2099991,2151800.0,67.386795
2016-05-16 00:00:00,73.4599991,72.1900024,73.9100037,72.0,4115700.0,66.5891113
2016-05-17 00:00:00,73.1399994,73.6500015,73.9100037,72.9199982,3356700.0,66.299057
2016-05-18 00:00:00,73.9700012,73.25,74.7600021,72.9599991,2334600.0,67.0514297
2016-05-19 00:00:00,73.3199997,73.6600037,74.0500031,72.9899979,1821600.0,66.4621887
2016-05-20 00:00:00,76.6800003,75.2699966,77.0,75.0199966,3495100.0,69.5079346
2016-05-23 00:00:00,76.8199997,76.6500015,77.3499985,76.1500015,3235000.0,69.6348495
2016-05-24 00:00:00,79.2699966,77.6100006,79.5800018,77.5199966,3592700.0,71.8556824
2016-05-25 00:00:00,80.6200027,79.5999985,80.8099976,79.1999969,2949600.0,73.0794296
2016-05-26 00:00:00,81.0199966,80.4400024,81.1900024,80.2799988,1929900.0,73.4420013
2016-05-27 00:00:00,82.9700012,81.1999969,83.3899994,81.1800003,3736100.0,75.2096176
2016-05-31 00:00:00,82.8099976,82.6299973,83.0400009,82.0199966,2574300.0,75.0645828
2016-06-01 00:00:00,83.1299973,82.5400009,83.2300034,82.0199966,2197600.0,75.3546448
2016-06-02 00:00:00,83.6299973,83.0400009,84.3099976,82.75,2828900.0,75.8078918
2016-06-03 00:00:00,83.0999985,83.2799988,83.3799973,82.5199966,1646900.0,75.3274612
2016-06-06 00:00:00,82.3199997,83.2300034,83.4300003,82.1500015,1516500.0,74.8907776
2016-06-07 00:00:00,82.9700012,82.8499985,83.2600021,82.3000031,1695000.0,75.4821243
2016-06-08 00:00:00,83.3899994,82.8899994,83.5400009,82.6800003,1260000.0,75.864212
2016-06-09 00:00:00,83.6299973,82.6699982,83.6900024,82.1299973,1574400.0,76.0825577
2016-06-10 00:00:00,82.3700027,82.2900009,82.6200027,81.7900009,1647200.0,74.9362717
2016-06-13 00:00:00,81.9800034,81.5500031,82.8499985,81.1999969,1415000.0,74.5814819
2016-06-14 00:00:00,81.9700012,81.6800003,82.25,81.2099991,1477700.0,74.5723648
2016-06-15 00:00:00,82.4800034,82.5899963,83.2099991,81.9199982,1632400.0,75.0363464
2016-06-16 00:00:00,82.6699982,81.75,82.8099976,81.3600006,1314700.0,75.209198
2016-06-17 00:00:00,82.8899994,82.5100021,82.9000015,81.7399979,2362500.0,75.4093399
2016-06-20 00:00:00,84.2799988,83.9700012,84.75,83.5699997,2642700.0,76.673912
2016-06-21 00:00:00,84.6600037,84.6800003,85.0,84.0699997,1329300.0,77.0196152
2016-06-22 00:00:00,85.6500015,84.4599991,85.8899994,84.3600006,2475700.0,77.9202728
2016-06-23 00:00:00,87.1800003,86.2799988,87.1900024,86.1500015,2606900.0,79.3121719
2016-06-24 00:00:00,82.2799988,82.9899979,85.8000031,82.2799988,5740700.0,74.8543854
2016-06-27 00:00:00,79.9599991,81.3499985,81.8300018,79.1500015,3000500.0,72.743782
2016-06-28 00:00:00,81.6699982,81.0,81.6900024,80.5100021,2390700.0,74.2994461
2016-06-29 00:00:00,82.1999969,82.5299988,83.6900024,81.2699966,4104600.0,74.7816162
2016-06-30 00:00:00,84.0599976,82.8099976,84.0599976,82.1800003,2845600.0,76.4737549
2016-07-01 00:00:00,82.9800034,83.9499969,83.9499969,82.7900009,1731700.0,75.4912186
2016-07-05 00:00:00,81.8899994,82.7099991,82.7200012,80.9800034,1834400.0,74.4995804
2016-07-06 00:00:00,81.9599991,81.5,82.1699982,80.6800003,1981400.0,74.5632706
2016-07-07 00:00:00,82.0400009,82.1699982,83.2099991,81.5299988,1829700.0,74.6360779
2016-07-08 00:00:00,84.8799973,82.8899994,85.2799988,82.6299973,2667100.0,77.2197495
2016-07-11 00:00:00,86.3300018,85.4700012,86.6800003,85.0,1921900.0,78.5389099
2016-07-12 00:00:00,88.2399979,87.2600021,88.3099976,87.0,2358400.0,80.2765121
2016-07-13 00:00:00,88.6200027,88.4899979,89.3700027,88.2200012,2075200.0,80.6222305
2016-07-14 00:00:00,87.8799973,89.5100021,89.75,87.8199997,2462500.0,79.9489899
2016-07-15 00:00:00,88.5500031,88.1900024,88.8399963,87.6299973,1834100.0,80.5585403
2016-07-18 00:00:00,89.3300018,89.6200027,89.6900024,88.4199982,1809000.0,81.2681503
2016-07-19 00:00:00,89.5,88.7799988,90.0,88.1600037,1698100.0,81.4228058
2016-07-20 00:00:00,91.2099991,90.0,91.5,89.4599991,2536300.0,82.9784622
2016-07-21 00:00:00,89.3199997,91.1299973,91.3399963,89.0,2162500.0,81.2590485
2016-07-22 00:00:00,90.0500031,89.6900024,90.3399963,88.9899979,1280300.0,81.9231644
2016-07-25 00:00:00,90.6399994,90.0599976,90.6999969,89.6399994,1295900.0,82.4599152
2016-07-26 00:00:00,91.5999985,91.1999969,92.1800003,90.3600006,2570400.0,83.3332901
2016-07-27 00:00:00,91.9599991,92.1999969,92.2900009,90.9700012,2671700.0,83.6607971
2016-07-28 00:00:00,93.0800018,92.9400024,93.8000031,91.5999985,2824500.0,84.6797256
2016-07-29 00:00:00,89.7699966,93.0500031,93.0500031,89.6699982,3259500.0,81.6684265
2016-08-01 00:00:00,90.7900009,90.1699982,90.9599991,89.7900009,1660500.0,82.5963821
2016-08-02 00:00:00,89.7300034,90.6100006,91.0899963,88.9599991,2235300.0,81.6320419
2016-08-03 00:00:00,90.7900009,89.3399963,90.8000031,89.1900024,2202800.0,82.5963821
2016-08-04 00:00:00,91.9300003,90.8300018,92.0,90.3600006,2135900.0,83.6334991
2016-08-05 00:00:00,93.25,92.0,93.3000031,91.75,1507300.0,84.8343811
2016-08-08 00:00:00,92.7200012,93.1600037,93.3000031,92.4899979,1565400.0,84.3521957
2016-08-09 00:00:00,93.2900009,92.9700012,93.4499969,92.6299973,1333400.0,84.8707581
2016-08-10 00:00:00,89.1100006,93.0599976,93.1900024,88.1299973,7045700.0,81.0679779
2016-08-11 00:00:00,88.8899994,89.1500015,89.8700027,88.5800018,4719700.0,80.8678589
2016-08-12 00:00:00,89.1800003,89.0599976,90.1900024,88.5100021,2088000.0,81.131691
2016-08-15 00:00:00,90.7399979,89.1699982,91.3700027,89.0999985,2124000.0,82.5508804
2016-08-16 00:00:00,89.8600006,90.4300003,90.9400024,89.8399963,2037000.0,81.7503204
2016-08-17 00:00:00,90.2099991,89.5699997,90.6800003,89.5,1961600.0,82.0687256
2016-08-18 00:00:00,90.9300003,90.5,91.0999985,90.0,1654300.0,82.7237473
2016-08-19 00:00:00,93.1900024,92.25,93.5999985,91.4599991,2756400.0,84.7797852
2016-08-22 00:00:00,93.1999969,92.8099976,93.6999969,92.4000015,1540100.0,84.7888794
2016-08-23 00:00:00,93.8799973,94.3499985,94.8799973,93.4700012,2530900.0,85.4075165
2016-08-24 00:00:00,92.6900024,93.9000015,94.1699982,92.3399963,1611600.0,84.3248978
2016-08-25 00:00:00,93.4400024,92.7900009,93.9499969,92.5999985,1689700.0,85.0072327
2016-08-26 00:00:00,93.8099976,93.4100037,94.1500015,92.7600021,1689200.0,85.3438263
2016-08-29 00:00:00,94.3399963,93.8600006,95.7699966,93.0100021,1703100.0,85.826004
2016-08-30 00:00:00,92.9800034,94.5500031,94.75,92.7399979,2224600.0,84.5887222
2016-08-31 00:00:00,93.3199997,93.0,93.4800034,92.3099976,1734100.0,84.8980484
2016-09-01 00:00:00,94.6299973,93.5999985,94.7699966,92.7900009,1899400.0,86.0898209
2016-09-02 00:00:00,94.3600006,95.2399979,95.4100037,93.6900024,1619400.0,85.8442001
2016-09-06 00:00:00,93.6999969,93.8799973,94.8499985,93.1200027,1975600.0,85.2437592
2016-09-07 00:00:00,94.0400009,93.4499969,94.4800034,93.3899994,2465100.0,85.5530777
2016-09-08 00:00:00,93.5699997,93.5,94.2399979,93.1600037,1196000.0,85.1254959
2016-09-09 00:00:00,91.1800003,92.6399994,92.9199982,91.0500031,2696500.0,82.9511871
2016-09-12 00:00:00,93.2699966,89.8499985,93.5899963,89.8000031,1855700.0,85.1326675
2016-09-13 00:00:00,91.5400009,92.4599991,93.1699982,90.9899979,2368900.0,83.5536041
2016-09-14 00:00:00,91.5699997,91.7799988,92.1399994,90.9300003,2595300.0,83.5809784
2016-09-15 00:00:00,93.3600006,91.5699997,93.6999969,91.5699997,2642600.0,85.2148209
2016-09-16 00:00:00,92.9599991,93.1800003,93.8399963,91.9400024,2091000.0,84.8497086
2016-09-19 00:00:00,92.1500015,93.7799988,93.8499985,91.9000015,1612600.0,84.1103821
2016-09-20 00:00:00,91.9800034,92.6500015,93.1100006,91.7200012,1869800.0,83.9552078
2016-09-21 00:00:00,93.2900009,92.5199966,93.3099976,91.8000031,1846500.0,85.1509247
2016-09-22 00:00:00,92.6900024,93.5800018,93.8799973,92.0899963,2650500.0,84.6032715
2016-09-23 00:00:00,91.7799988,92.4300003,92.9499969,91.7200012,1724600.0,83.7726746
2016-09-26 00:00:00,91.4100037,91.5100021,91.7399979,90.9700012,1702700.0,83.4349442
2016-09-27 00:00:00,92.5100021,90.5599976,92.6399994,90.5599976,1680100.0,84.4389725
2016-09-28 00:00:00,92.9400024,92.7200012,93.1999969,92.1800003,1227500.0,84.8314667
2016-09-29 00:00:00,93.2300034,92.9000015,94.0999985,92.4800034,3104000.0,85.0961533
2016-09-30 00:00:00,94.7099991,93.6699982,95.3899994,93.4199982,3194300.0,86.4470444
2016-10-03 00:00:00,94.5899963,94.1500015,95.3300018,94.0800018,2012500.0,86.3375015
2016-10-04 00:00:00,94.8300018,94.5599976,95.4000015,94.2600021,2687000.0,86.5565643
2016-10-05 00:00:00,96.1699982,94.7099991,96.5,94.4000015,3194300.0,87.7796478
2016-10-06 00:00:00,100.1900024,98.8499985,100.4700012,97.8199997,10274600.0,91.4489441
2016-10-07 00:00:00,100.3499985,99.8600006,100.8899994,98.8199997,5797100.0,91.5949707
2016-10-10 00:00:00,102.1500015,100.9700012,102.4400024,100.6100006,3484500.0,93.2379379
2016-10-11 00:00:00,99.5899963,101.6100006,101.6399994,98.6399994,4912600.0,90.9012833
2016-10-12 00:00:00,98.6800003,98.1900024,99.0899963,96.8099976,3960800.0,90.0706711
2016-10-13 00:00:00,97.7300034,98.1200027,98.1200027,96.9100037,3451400.0,89.2035751
2016-10-14 00:00:00,98.2200012,98.3199997,99.1600037,98.1299973,2680900.0,89.6508102
2016-10-17 00:00:00,98.0599976,97.8899994,99.1100006,97.4800034,2206900.0,89.5047531
2016-10-18 00:00:00,99.4700012,99.0500031,99.6900024,98.5500031,2886000.0,90.791748
2016-10-19 00:00:00,99.7200012,99.6699982,100.1800003,99.1999969,4282400.0,91.0199432
2016-10-20 00:00:00,96.9400024,100.0,100.9599991,95.8700027,7921300.0,88.4824829
2016-10-21 00:00:00,97.6100006,96.7600021,99.1299973,96.7399979,4329900.0,89.0940247
2016-10-24 00:00:00,98.9800034,98.4499969,99.3000031,98.0100021,2064700.0,90.3444977
2016-10-25 00:00:00,98.0800018,99.1399994,99.1699982,97.9100037,2217700.0,89.5230179
2016-10-26 00:00:00,97.8700027,97.7300034,98.6800003,97.3899994,2355600.0,89.3313293
2016-10-27 00:00:00,96.6999969,98.5899963,98.9000015,96.5199966,2327800.0,88.2634125
2016-10-28 00:00:00,96.2099991,97.2200012,97.8000031,96.0199966,1603700.0,87.8161926
2016-10-31 00:00:00,96.8600006,96.9100037,97.4100037,96.3600006,2006800.0,88.4094543
2016-11-01 00:00:00,96.0500031,97.1600037,97.4300003,95.0899963,2533800.0,87.6701202
2016-11-02 00:00:00,95.8499985,95.8700027,96.6299973,94.8000031,2846100.0,87.4875793
2016-11-03 00:00:00,95.2399979,95.8700027,95.9400024,94.9400024,2343800.0,86.9307938
2016-11-04 00:00:00,95.0,94.3499985,96.1699982,93.6900024,2226900.0,86.711731
2016-11-07 00:00:00,98.5100021,96.4800034,98.5800018,96.4599991,3657100.0,89.9154892
2016-11-08 00:00:00,99.1200027,98.5100021,99.6500015,97.9100037,1503100.0,90.47229
2016-11-09 00:00:00,98.0100021,96.7900009,98.2399979,96.2799988,1964300.0,89.4591293
2016-11-10 00:00:00,95.9700012,98.1299973,99.4400024,94.8899994,2707300.0,87.5971222
2016-11-11 00:00:00,97.4899979,95.8199997,97.6399994,95.0999985,1693300.0,88.98452
2016-11-14 00:00:00,98.5100021,97.8000031,98.9199982,97.5100021,1769100.0,89.9154892
2016-11-15 00:00:00,101.1200027,99.9199982,101.4599991,99.1699982,1996400.0,92.2977982
2016-11-16 00:00:00,101.2399979,100.7699966,101.2900009,100.0800018,1291900.0,92.4073181
2016-11-17 00:00:00,103.8000031,101.5800018,103.8499985,100.7200012,1839400.0,94.7439804
2016-11-18 00:00:00,104.7099991,103.4400024,107.25,103.1399994,3709500.0,95.5745773
2016-11-21 00:00:00,106.2399979,104.9100037,106.2900009,104.6600037,2135900.0,96.9710999
2016-11-22 00:00:00,106.7099991,106.8799973,107.3700027,106.0699997,1979600.0,97.4001007
2016-11-23 00:00:00,106.9499969,106.6999969,107.0599976,105.6999969,1455300.0,97.6191483
2016-11-25 00:00:00,107.5400009,106.9499969,107.7200012,106.3099976,789600.0,98.157692
2016-11-28 00:00:00,106.7699966,107.4199982,108.0400009,106.6900024,2046300.0,97.4548569
2016-11-29 00:00:00,107.5699997,107.2900009,108.1999969,106.5699997,2270900.0,98.1850662
2016-11-30 00:00:00,106.0199966,107.5500031,107.9899979,106.0,1876700.0,96.7702942
2016-12-01 00:00:00,98.5800018,105.6500015,105.7200012,97.7900009,6759500.0,89.9793854
2016-12-02 00:00:00,100.4899979,99.1900024,101.5199966,98.3499985,2844200.0,91.7227478
2016-12-05 00:00:00,102.4000015,101.4199982,102.8000031,100.5800018,2987300.0,93.4661179
2016-12-06 00:00:00,103.0500031,103.9800034,103.9800034,101.8799973,2420400.0,94.0594254
2016-12-07 00:00:00,106.5500031,102.9899979,106.5500031,102.6900024,2780000.0,97.2540741
2016-12-08 00:00:00,107.1500015,106.0999985,107.6399994,105.75,1261300.0,97.801712
2016-12-09 00:00:00,104.0899963,106.5599976,107.1999969,103.2300034,2227600.0,95.008667
2016-12-12 00:00:00,103.6299973,103.3899994,104.3799973,103.0100021,1261600.0,94.9995041
2016-12-13 00:00:00,104.0599976,104.1600037,104.8600006,103.7099991,1370600.0,95.3936996
2016-12-14 00:00:00,104.4400024,103.9800034,105.4700012,103.6699982,1409200.0,95.7420654
2016-12-15 00:00:00,106.1200027,104.6200027,106.6800003,104.0100021,1437400.0,97.282135
2016-12-16 00:00:00,104.4499969,106.0999985,106.8799973,104.2799988,2621100.0,95.7512207
2016-12-19 00:00:00,106.9899979,106.7300034,108.5999985,106.5299988,2222700.0,98.0796738
2016-12-20 00:00:00,106.8499985,108.1900024,108.1900024,106.5100021,1310300.0,97.9513474
2016-12-21 00:00:00,106.4800034,106.6800003,107.5,106.4100037,1167600.0,97.6121521
2016-12-22 00:00:00,107.6900024,106.8700027,108.1900024,106.8499985,1386500.0,98.7213974
2016-12-23 00:00:00,108.0599976,107.4199982,108.1200027,107.0599976,1000300.0,99.060585
2016-12-27 00:00:00,109.0299988,108.5400009,109.5500031,108.2799988,793700.0,99.9497986
2016-12-28 00:00:00,107.5699997,109.9000015,110.3499985,107.5100021,1096300.0,98.6113815
2016-12-29 00:00:00,107.1500015,107.4800034,107.5199966,106.3799973,1215600.0,98.2263412
2016-12-30 00:00:00,105.7300034,107.8899994,109.9700012,105.3000031,897900.0,96.924614
2017-01-03 00:00:00,107.2600021,106.6800003,108.5599976,105.7900009,1937200.0,98.3271866
2017-01-04 00:00:00,107.3199997,107.6100006,108.1100006,106.9100037,1297400.0,98.3822021
2017-01-05 00:00:00,107.0800018,107.5199966,108.7799988,107.0699997,1634300.0,98.1621933
2017-01-06 00:00:00,107.5999985,106.8799973,107.8799973,106.0800018,1203600.0,98.6388702
2017-01-09 00:00:00,108.8600006,107.8000031,109.8499985,107.7900009,1440100.0,99.7939606
2017-01-10 00:00:00,108.4700012,108.9700012,108.9899979,107.7799988,1317700.0,99.4364395
2017-01-11 00:00:00,108.9899979,108.6800003,109.0,107.7699966,1271800.0,99.9131317
2017-01-12 00:00:00,108.1699982,108.7399979,108.7399979,106.8000031,996200.0,99.1614075
2017-01-13 00:00:00,110.5400009,108.7099991,111.0999985,108.6299973,1498600.0,101.3340378
2017-01-17 00:00:00,109.0999985,110.3300018,110.5999985,108.4599991,1502700.0,100.0139618
2017-01-18 00:00:00,111.2399979,109.9599991,111.2900009,109.3300018,1715600.0,101.9757385
2017-01-19 00:00:00,110.8399963,111.3899994,112.4100037,110.5,1870400.0,101.609024
2017-01-20 00:00:00,112.3499985,111.9100037,112.8300018,111.3399963,1727500.0,102.9932709
2017-01-23 00:00:00,112.7699966,113.0100021,114.1100006,112.2099991,2520200.0,103.3783112
2017-01-24 00:00:00,114.6399994,113.0999985,114.8499985,113.0999985,1729300.0,105.0925751
2017-01-25 00:00:00,116.9199982,116.5400009,117.2099991,114.5199966,3497500.0,107.1827164
2017-01-26 00:00:00,114.3300018,115.0299988,116.1600037,112.8600006,3789200.0,104.808403
2017-01-27 00:00:00,118.2399979,115.6200027,119.1399994,115.3499985,3618000.0,108.3927689
2017-01-30 00:00:00,116.0,116.7799988,117.0,114.7200012,2617300.0,106.3393326
2017-01-31 00:00:00,114.8600006,115.9599991,116.3600006,114.5199966,2384500.0,105.2942657
2017-02-01 00:00:00,117.7399979,115.9100037,117.7600021,115.5199966,2115500.0,107.9344025
2017-02-02 00:00:00,117.2300034,117.5,117.9499969,116.1399994,1203400.0,107.4668884
2017-02-03 00:00:00,117.6500015,117.5,118.1699982,116.9100037,1128700.0,107.8519058
2017-02-06 00:00:00,117.1600037,118.0,118.0,116.8399963,1138900.0,107.4027176
2017-02-07 00:00:00,117.0,117.8799973,117.8799973,116.1500015,3554100.0,107.2560272
2017-02-08 00:00:00,115.8700027,117.5,117.5100021,115.6999969,2334400.0,106.2201385
2017-02-09 00:00:00,116.0,116.4599991,116.4599991,115.7399979,1357200.0,106.3393326
2017-02-10 00:00:00,115.9899979,116.5699997,116.5800018,114.9499969,1542800.0,106.3301468
2017-02-13 00:00:00,116.2600021,117.0199966,117.6699982,116.1699982,943400.0,106.5776596
2017-02-14 00:00:00,115.6299973,116.0,116.2699966,114.6900024,1214400.0,106.0001221
2017-02-15 00:00:00,116.2300034,115.8899994,116.3700027,115.0299988,1344400.0,106.5501709
2017-02-16 00:00:00,114.5699997,116.8000031,116.8300018,113.1999969,3108700.0,105.0284042
2017-02-17 00:00:00,114.9000015,114.2900009,114.9000015,113.6500015,2112100.0,105.3309402
2017-02-21 00:00:00,117.8199997,114.9000015,117.9599991,114.8199997,2375700.0,108.0077591
2017-02-22 00:00:00,118.5800018,117.6299973,118.5899963,117.0100021,1610600.0,108.7044525
2017-02-23 00:00:00,117.7300034,119.2799988,119.3099976,116.5199966,1350900.0,107.9252319
2017-02-24 00:00:00,118.7900009,116.6299973,118.8099976,115.6999969,1268100.0,108.8969727
2017-02-27 00:00:00,119.2900009,118.2699966,119.4000015,117.7699966,1631300.0,109.3553238
2017-02-28 00:00:00,118.5400009,119.0299988,119.4199982,118.1500015,2334300.0,108.6677933
2017-03-01 00:00:00,119.6699982,118.9700012,119.9100037,118.3099976,2329200.0,109.7036591
2017-03-02 00:00:00,118.4800034,118.9400024,119.5199966,118.0999985,1103200.0,108.612793
2017-03-03 00:00:00,118.6200027,118.3300018,118.8399963,117.5100021,1008500.0,108.7411194
2017-03-06 00:00:00,118.3600006,117.2900009,118.4499969,116.4000015,1405800.0,108.9159546
2017-03-07 00:00:00,117.4300003,118.3700027,118.9000015,117.1699982,1437200.0,108.0601654
2017-03-08 00:00:00,117.7300034,117.7699966,118.2900009,117.25,826700.0,108.3362198
2017-03-09 00:00:00,117.5500031,117.5,118.0899963,116.9400024,722900.0,108.170578
2017-03-10 00:00:00,120.5999985,118.3700027,120.8799973,118.3700027,1899100.0,110.9772186
2017-03-13 00:00:00,122.4000015,120.5999985,122.6500015,120.0,1804000.0,112.6335907
2017-03-14 00:00:00,122.3499985,122.0699997,122.5500031,121.1699982,1256100.0,112.5875854
2017-03-15 00:00:00,124.1699982,122.5400009,124.4899979,122.25,2620300.0,114.2623749
2017-03-16 00:00:00,125.9700012,124.5,126.2099991,124.1699982,2150400.0,115.9187622
2017-03-17 00:00:00,126.4800034,126.8700027,127.4400024,126.1600037,1971800.0,116.3880386
2017-03-20 00:00:00,126.8600006,126.6399994,127.6600037,126.3300018,1413400.0,116.7377319
2017-03-21 00:00:00,124.2699966,127.2600021,127.6399994,124.0,1854500.0,114.354393
2017-03-22 00:00:00,125.4000015,124.0800018,125.4300003,123.9599991,1222900.0,115.3942337
2017-03-23 00:00:00,125.3499985,125.25,126.2799988,124.8199997,1162300.0,115.3482208
2017-03-24 00:00:00,127.4700012,127.1600037,129.3500061,126.7200012,1998300.0,117.2990494
2017-03-27 00:00:00,127.8000031,126.0199966,128.3899994,125.6500015,1343100.0,117.6027298
2017-03-28 00:00:00,127.75,127.4899979,128.5500031,127.1399994,1239300.0,117.5567093
2017-03-29 00:00:00,127.8799973,127.75,128.0,127.1600037,966800.0,117.6763458
2017-03-30 00:00:00,128.6999969,127.9000015,129.1499939,127.9000015,926700.0,118.4309006
2017-03-31 00:00:00,128.3600006,128.2899933,129.0,128.0099945,1275600.0,118.1180496
2017-04-03 00:00:00,128.4199982,128.6199951,128.9799957,127.5500031,1149000.0,118.1732407
2017-04-04 00:00:00,128.8899994,127.9800034,128.9299927,127.6399994,996000.0,118.6057663
2017-04-05 00:00:00,127.7699966,129.5,130.1300049,127.6699982,1375300.0,117.5751266
2017-04-06 00:00:00,128.8600006,127.6900024,128.9100037,126.8399963,1310000.0,118.5781708
2017-04-07 00:00:00,129.3000031,128.8300018,129.8200073,128.1999969,695700.0,118.9830246
2017-04-10 00:00:00,128.8000031,129.0700073,129.75,128.3500061,1026400.0,118.5229416
2017-04-11 00:00:00,127.2300034,128.3600006,128.7799988,125.3300018,1566900.0,117.0782089
2017-04-12 00:00:00,126.1600037,127.4599991,127.6699982,125.5100021,1290900.0,116.0935898
2017-04-13 00:00:00,125.1699982,125.8000031,127.2799988,124.9100037,1362900.0,115.1825714
2017-04-17 00:00:00,127.3300018,125.7399979,127.4599991,125.7399979,1173700.0,117.1702271
2017-04-18 00:00:00,127.4300003,126.7799988,127.8099976,125.9700012,2110900.0,117.2622604
2017-04-19 00:00:00,136.1699982,133.8600006,136.3999939,132.5,5801000.0,125.3048935
2017-04-20 00:00:00,139.3600006,137.0,139.7100067,136.4100037,3145900.0,128.2403412
2017-04-21 00:00:00,139.9799957,139.1499939,140.2299957,137.5500031,3260900.0,128.8108978
2017-04-24 00:00:00,142.5099945,142.5800018,142.8800049,141.1300049,2218700.0,131.1389618
2017-04-25 00:00:00,145.7599945,143.7100067,145.9600067,142.5099945,2400000.0,134.1296692
2017-04-26 00:00:00,145.5099945,145.5700073,146.1100006,144.0,1907800.0,133.8996277
2017-04-27 00:00:00,147.0,146.2799988,148.0,146.1000061,1589800.0,135.2707062
2017-04-28 00:00:00,144.8500061,146.5,147.1600037,144.5399933,2059700.0,133.2923126
2017-05-01 00:00:00,149.2200012,145.9299927,149.3399963,145.7200012,2093100.0,137.3136444
2017-05-02 00:00:00,149.3200073,149.8000031,149.9900055,147.6699982,2069500.0,137.4056396
2017-05-03 00:00:00,150.0800018,149.5500031,150.3000031,148.5200043,1937800.0,138.1049347
2017-05-04 00:00:00,150.6100006,149.9299927,150.6600037,148.9199982,1511400.0,138.5926971
2017-05-05 00:00:00,150.3099976,150.9600067,151.0,148.4199982,1572700.0,138.3166656
2017-05-08 00:00:00,149.1199951,150.0299988,150.7899933,148.9900055,1496200.0,137.2215881
2017-05-09 00:00:00,150.5399933,149.5099945,150.75,149.4299927,1584400.0,138.5282898
2017-05-10 00:00:00,149.1499939,151.1300049,151.5,149.0899963,1876700.0,137.2491913
2017-05-11 00:00:00,149.9199982,148.8899994,150.1199951,147.9400024,1792500.0,137.9577332
2017-05-12 00:00:00,149.5800018,149.7100067,150.1300049,148.0800018,1575500.0,137.6448822
2017-05-15 00:00:00,151.2700043,150.0700073,151.6799927,149.9600067,1854900.0,139.200058
2017-05-16 00:00:00,152.5599976,151.8699951,152.5700073,150.5399933,2259400.0,140.3871002
2017-05-17 00:00:00,147.2700043,150.8399963,151.0,147.2599945,2291900.0,135.5191956
2017-05-18 00:00:00,149.8099976,146.6799927,150.1199951,145.1300049,2771700.0,137.8565216
2017-05-19 00:00:00,152.3999939,151.5599976,153.1000061,150.6399994,3468900.0,140.2398834
2017-05-22 00:00:00,152.9100037,152.75,153.3800049,151.1499939,1923500.0,140.709198
2017-05-23 00:00:00,153.4299927,153.3300018,154.0899963,151.1900024,1516300.0,141.1877136
2017-05-24 00:00:00,152.8800049,154.0500031,154.2599945,152.2899933,1454000.0,140.6815796
2017-05-25 00:00:00,153.8999939,153.6799927,154.3699951,152.5399933,1906100.0,141.6201782
2017-05-26 00:00:00,155.1199951,153.4900055,155.4400024,153.0899963,2005600.0,142.7428131
2017-05-30 00:00:00,156.8699951,155.4499969,157.7700043,155.0,2077000.0,144.3531799
2017-05-31 00:00:00,155.1699982,157.0399933,157.4900055,154.7200012,2894400.0,142.7888336
2017-06-01 00:00:00,156.4400024,155.2599945,156.5299988,154.9499969,1465800.0,143.9575348
2017-06-02 00:00:00,158.7400055,157.1499939,158.8300018,157.0099945,1845700.0,146.0739746
2017-06-05 00:00:00,160.2899933,158.8899994,160.5,158.0700073,1820300.0,147.9196472
2017-06-06 00:00:00,161.0099945,160.2400055,164.1199951,159.6799927,2406700.0,148.5840759
2017-06-07 00:00:00,162.3000031,162.0599976,162.6900024,160.9900055,2081300.0,149.7745361
2017-06-08 00:00:00,164.9700012,163.4400024,164.9900055,162.4700012,2319400.0,152.2384338
2017-06-09 00:00:00,157.7799988,165.3500061,167.0500031,154.3800049,3834000.0,145.603363
2017-06-12 00:00:00,154.5099945,155.5099945,155.8600006,148.75,5473900.0,142.5857239
2017-06-13 00:00:00,155.1199951,156.6600037,157.9100037,152.8999939,2760800.0,143.1486359
2017-06-14 00:00:00,152.75,155.3500061,155.9600067,150.4100037,2830700.0,140.9615784
2017-06-15 00:00:00,148.4799957,149.5800018,150.7599945,147.6000061,4160900.0,137.0210419
2017-06-16 00:00:00,148.2100067,148.8300018,150.9700012,147.6600037,4113400.0,136.7719116
2017-06-19 00:00:00,151.0,150.1900024,151.9499969,149.8999939,3081400.0,139.3466187
2017-06-20 00:00:00,150.1100006,151.5,152.9400024,149.5299988,2459500.0,138.5252686
2017-06-21 00:00:00,150.9199982,150.3099976,151.25,149.1499939,1885500.0,139.2727661
2017-06-22 00:00:00,150.0399933,151.5099945,152.4199982,149.5200043,1581400.0,138.4606628
2017-06-23 00:00:00,151.7799988,149.8099976,152.8200073,149.5200043,3074100.0,140.0664062
2017-06-26 00:00:00,148.9900055,152.4600067,153.6100006,148.3600006,2606600.0,137.4917145
2017-06-27 00:00:00,144.6199951,148.2599945,148.5700073,144.4400024,3408900.0,133.4589539
2017-06-28 00:00:00,147.8300018,145.1699982,148.1699982,142.8000031,2910200.0,136.4212341
2017-06-29 00:00:00,142.3500061,146.0800018,146.5,140.0099945,3111200.0,131.3641663
2017-06-30 00:00:00,141.4299927,143.3699951,143.5700073,140.8300018,2938700.0,130.5151825
2017-07-03 00:00:00,139.2899933,142.7100067,143.3800049,139.2400055,1569700.0,128.540329
2017-07-05 00:00:00,142.5299988,140.4199982,142.6999969,139.9400024,2618900.0,131.5302582
2017-07-06 00:00:00,143.8899994,141.4400024,144.7200012,140.6699982,2796700.0,132.7853241
2017-07-07 00:00:00,148.1300049,147.0,149.6799927,146.4400024,2956300.0,136.6981201
2017-07-10 00:00:00,150.8399963,148.7299957,151.0099945,147.8600006,2279000.0,139.1989441
2017-07-11 00:00:00,153.7200012,151.3099976,154.8200073,151.0099945,2753800.0,141.8566895
2017-07-12 00:00:00,154.5800018,155.4100037,156.3500061,152.9199982,1782700.0,142.6503296
2017-07-13 00:00:00,154.9400024,155.0500031,156.3099976,154.1600037,1461100.0,142.9825287
2017-07-14 00:00:00,157.3000031,155.6900024,157.6100006,154.9600067,1459800.0,145.1603851
2017-07-17 00:00:00,156.9799957,157.7799988,158.3099976,155.75,1657900.0,144.865097
2017-07-18 00:00:00,159.3500061,157.0,159.5899963,156.2400055,1832000.0,147.0521698
2017-07-19 00:00:00,164.2299957,160.5,164.5500031,160.25,2711700.0,151.555603
2017-07-20 00:00:00,164.8000031,164.9799957,165.1199951,161.8200073,2375900.0,152.0815735
2017-07-21 00:00:00,163.5299988,163.9199982,163.9199982,162.2899933,1847400.0,150.9096069
2017-07-24 00:00:00,164.1199951,163.5,164.6799927,163.1499939,1445700.0,151.4540558
2017-07-25 00:00:00,164.4600067,164.0800018,164.8200073,162.4799957,2082800.0,151.7678528
2017-07-26 00:00:00,168.3399963,165.3999939,168.4400024,165.2200012,3310800.0,155.3483582
2017-07-27 00:00:00,164.7599945,168.9199982,170.0,161.2700043,5665200.0,152.0446625
2017-07-28 00:00:00,161.6000061,164.25,164.9700012,160.7799988,2740000.0,149.1285248
2017-07-31 00:00:00,159.4600067,162.6000061,163.0,158.7899933,2437700.0,147.1537018
2017-08-01 00:00:00,157.4600067,160.4400024,160.4900055,157.1699982,2592500.0,145.3080292
2017-08-02 00:00:00,151.5500031,158.9700012,158.9799957,149.7700043,4787200.0,139.8541565
2017-08-03 00:00:00,148.8999939,149.5,151.4900055,148.2599945,3146100.0,137.4086761
2017-08-04 00:00:00,150.0500031,149.3500061,152.2599945,148.3600006,2153800.0,138.4699402
2017-08-07 00:00:00,155.8399963,150.4499969,155.8999939,150.0399933,2751800.0,143.8130951
2017-08-08 00:00:00,155.75,155.8500061,157.8600006,154.0500031,2753200.0,143.730011
2017-08-09 00:00:00,155.1999969,155.4600067,156.3600006,153.3699951,1956400.0,143.2224731
2017-08-10 00:00:00,149.4400024,153.8600006,154.1900024,149.0399933,2613400.0,137.9070129
2017-08-11 00:00:00,154.2599945,149.8500061,154.4299927,149.8200073,1790900.0,142.3549957
2017-08-14 00:00:00,158.5500031,156.6000061,158.9199982,156.2100067,2127200.0,146.3139038
2017-08-15 00:00:00,160.2100067,158.5899963,160.6100006,157.7700043,1817400.0,147.8458252
2017-08-16 00:00:00,163.2200012,161.4499969,165.1900024,160.6399994,5098800.0,150.6235046
2017-08-17 00:00:00,158.4600067,162.5,163.5700073,158.3000031,1960500.0,146.2308502
2017-08-18 00:00:00,160.4900055,160.1999969,161.8699951,158.3500061,1924600.0,148.104248
2017-08-21 00:00:00,158.3999939,161.1199951,161.4600067,157.0200043,1554800.0,146.1755066
2017-08-22 00:00:00,163.8099976,159.2100067,164.1699982,159.2100067,2522300.0,151.167984
2017-08-23 00:00:00,161.6999969,163.1399994,163.9700012,160.7400055,1815800.0,149.2208252
2017-08-24 00:00:00,158.8200073,162.2100067,162.8000031,158.0899963,1473700.0,146.5631104
2017-08-25 00:00:00,157.8600006,159.3000031,159.9700012,156.5200043,1271900.0,145.6771698
2017-08-28 00:00:00,160.6699982,158.3300018,161.0399933,157.7400055,1258200.0,148.2702942
2017-08-29 00:00:00,162.3200073,158.6199951,162.8399963,158.1000061,1232100.0,149.7929993
2017-08-30 00:00:00,164.9900055,162.4299927,165.0,161.7700043,1571300.0,152.2569275
2017-08-31 00:00:00,165.9799957,165.6199951,167.3200073,165.1799927,1792400.0,153.170517
2017-09-01 00:00:00,166.8600006,166.0200043,169.1499939,165.4400024,1570600.0,153.9825745
2017-09-05 00:00:00,164.1000061,165.6900024,166.3999939,162.5200043,1538300.0,151.4356384
2017-09-06 00:00:00,165.0099945,165.25,165.8500061,163.0399933,1942100.0,152.2753906
2017-09-07 00:00:00,168.5899963,165.3300018,168.6999969,164.8399963,1357000.0,155.5791168
2017-09-08 00:00:00,165.75,167.7400055,168.6999969,165.3000031,1729600.0,152.9582672
2017-09-11 00:00:00,169.9600067,167.5099945,170.6499939,167.4100037,1882800.0,156.8433685
2017-09-12 00:00:00,171.6699982,170.2200012,172.5599976,168.9299927,1689700.0,158.8419342
2017-09-13 00:00:00,171.5200043,172.2899933,172.4900055,169.8800049,1427100.0,158.7032013
2017-09-14 00:00:00,172.5800018,170.8399963,174.3699951,170.2899933,1942200.0,159.68396
2017-09-15 00:00:00,172.9900055,172.6100006,174.1300049,171.8500061,2691100.0,160.0633392
2017-09-18 00:00:00,177.3099976,174.4100037,178.1799927,173.9499969,2820000.0,164.0605011
2017-09-19 00:00:00,177.1199951,177.5700073,178.0299988,176.0,2147100.0,163.8847046
2017-09-20 00:00:00,173.0200043,177.4100037,177.6399994,170.3999939,2341900.0,160.0910797
2017-09-21 00:00:00,172.2799988,173.1699982,173.5399933,170.1300049,2165700.0,159.4063568
2017-09-22 00:00:00,176.7299957,171.7100067,176.9600067,171.3999939,1582800.0,163.5238342
2017-09-25 00:00:00,170.1699982,176.0,176.0,170.0,2213000.0,157.4540253
2017-09-26 00:00:00,169.4400024,172.3200073,172.6600037,167.5200043,2549800.0,156.7786255
2017-09-27 00:00:00,179.3899994,175.1000061,180.6300049,173.0599976,3040300.0,165.9851074
2017-09-28 00:00:00,181.8200073,178.5899963,182.0800018,177.6900024,2061700.0,168.2335052
2017-09-29 00:00:00,185.0399933,182.8999939,185.2299957,181.4199982,1789300.0,171.2128906
2017-10-02 00:00:00,185.9499969,185.0399933,187.5700073,183.4499969,2101500.0,172.0548553
2017-10-03 00:00:00,184.8699951,186.5099945,186.6999969,182.8200073,1482600.0,171.055603
2017-10-04 00:00:00,185.0200043,183.9700012,185.2700043,182.1000061,2364600.0,171.194397
2017-10-05 00:00:00,182.8200073,185.2700043,185.5700073,180.7899933,1589300.0,169.1587982
2017-10-06 00:00:00,184.8300018,182.5800018,185.0299988,182.3600006,1016800.0,171.0185699
2017-10-09 00:00:00,184.6600037,185.0,185.9499969,183.7299957,1113100.0,170.8612823
2017-10-10 00:00:00,184.8999939,186.1300049,186.3500061,181.9499969,1570800.0,171.083313
2017-10-11 00:00:00,186.1799927,184.2200012,186.2100067,183.9499969,1627900.0,172.2677155
2017-10-12 00:00:00,186.9900055,186.1100006,189.1100006,186.1100006,2138700.0,173.0172119
2017-10-13 00:00:00,189.8999939,188.6399994,190.3099976,187.5200043,1557100.0,175.7097473
2017-10-16 00:00:00,192.3600006,191.0,193.8500061,190.3399963,2836300.0,177.9859009
2017-10-17 00:00:00,194.5500031,195.0899963,195.4900055,191.8999939,3837000.0,180.0122528
2017-10-18 00:00:00,200.4900055,197.0800018,200.9100037,193.1199951,5396300.0,185.5083771
2017-10-19 00:00:00,200.9799957,198.3899994,201.0,194.9299927,3019500.0,185.9617462
2017-10-20 00:00:00,205.3399963,202.5,206.3399963,202.4400024,3105200.0,189.9959717
2017-10-23 00:00:00,205.8899994,206.2200012,208.4100037,204.0500031,2842600.0,190.5048828
2017-10-24 00:00:00,205.8399963,206.6699982,206.7599945,203.2700043,1975600.0,190.4586182
2017-10-25 00:00:00,203.0700073,205.8000031,205.8000031,199.0,2662000.0,187.8956146
2017-10-26 00:00:00,206.7799988,204.6999969,208.6499939,204.2799988,1869200.0,191.3283844
2017-10-27 00:00:00,208.0,208.0599976,208.3999939,204.5,1984700.0,192.4572144
2017-10-30 00:00:00,206.1999969,206.8699951,208.1999969,204.5,1389500.0,190.7916718
2017-10-31 00:00:00,208.5700073,207.3300018,210.0899963,206.5200043,1646400.0,192.9846649
2017-11-01 00:00:00,202.9199982,210.4499969,210.4499969,200.5399933,2806400.0,187.7567902
2017-11-02 00:00:00,206.8200073,203.0,207.0200043,201.5099945,2365800.0,191.365387
2017-11-03 00:00:00,207.0700073,207.1999969,207.9499969,205.0200043,1882800.0,191.5966949
2017-11-06 00:00:00,206.6699982,207.5700073,207.8699951,204.3999939,2248400.0,191.2265778
2017-11-07 00:00:00,209.1900024,206.5800018,209.8500061,206.5,1360200.0,193.5583038
2017-11-08 00:00:00,211.2400055,209.1999969,211.4100037,206.8800049,1565000.0,195.4550934
2017-11-09 00:00:00,206.2899933,209.3800049,209.8300018,203.25,2125100.0,190.8749695
2017-11-10 00:00:00,207.3899994,205.8600006,207.6499939,204.5599976,1715600.0,191.8928223
2017-11-13 00:00:00,209.2299957,205.3699951,209.3699951,204.5599976,1457600.0,193.5952911
2017-11-14 00:00:00,208.6399994,208.7599945,209.3999939,206.5500031,1005200.0,193.0493774
2017-11-15 00:00:00,207.8600006,210.0,210.8500061,206.0500031,2177800.0,192.327652
2017-11-16 00:00:00,213.2200012,208.5099945,214.7200012,208.5,2259500.0,197.2871246
2017-11-17 00:00:00,210.4700012,216.8699951,217.0,209.5500031,1960200.0,194.7426147
2017-11-20 00:00:00,215.1000061,211.7200012,216.2100067,211.5500031,1949400.0,199.0266724
2017-11-21 00:00:00,218.9100037,217.1499939,219.6999969,216.5399933,2149400.0,202.5519409
2017-11-22 00:00:00,215.1699982,219.1999969,219.5,214.2400055,1882900.0,199.0913696
2017-11-24 00:00:00,216.8300018,216.0800018,217.5200043,215.6300049,808500.0,200.6273956
2017-11-27 00:00:00,210.9299927,212.5700073,213.4600067,208.0,2732700.0,195.1682892
2017-11-28 00:00:00,213.1399994,211.6300049,215.3899994,209.7299957,2496600.0,197.2131195
2017-11-29 00:00:00,194.6399994,211.6499939,211.8699951,189.2599945,7981000.0,180.0955353
2017-11-30 00:00:00,192.3300018,197.4100037,198.7299957,191.3099976,5047700.0,177.9581757
2017-12-01 00:00:00,187.8099976,190.0,191.2700043,180.6900024,5659600.0,173.7759094
2017-12-04 00:00:00,180.7400055,189.6900024,189.8399963,179.5,5351800.0,167.2342224
2017-12-05 00:00:00,180.5299988,180.0,186.7700043,175.8000031,5164800.0,167.5032806
2017-12-06 00:00:00,184.2299957,179.0500031,184.3200073,177.5,3991600.0,170.9363098
2017-12-07 00:00:00,189.1600037,187.0899963,190.1199951,185.7700043,3334600.0,175.5105743
2017-12-08 00:00:00,186.4600067,191.25,193.0,186.0299988,3476300.0,173.0053864
2017-12-11 00:00:00,185.5599976,187.7200012,188.1999969,184.0,2803000.0,172.1703339
2017-12-12 00:00:00,181.5700073,184.5500031,185.3699951,181.1399994,2207200.0,168.4682617
2017-12-13 00:00:00,181.3099976,181.75,184.8200073,181.2799988,3228700.0,168.2269897
2017-12-14 00:00:00,182.1000061,181.3000031,184.4299927,180.9900055,2956700.0,168.960022
2017-12-15 00:00:00,186.3200073,183.2899933,187.4600067,181.8099976,3977900.0,172.8754883
2017-12-18 00:00:00,189.0700073,187.6499939,190.8099976,186.6999969,3414000.0,175.4270477
2017-12-19 00:00:00,186.1100006,188.1300049,189.4199982,185.6499939,2391400.0,172.6806488
2017-12-20 00:00:00,188.8300018,190.8999939,191.8399963,187.3000031,3290600.0,175.2043762
2017-12-21 00:00:00,185.6399994,188.7899933,189.1499939,184.75,2671900.0,172.2445526
2017-12-22 00:00:00,186.6900024,185.25,187.9900055,184.1000061,1580400.0,173.2187958
2017-12-26 00:00:00,184.3099976,184.2599945,186.6900024,182.3099976,1706500.0,171.0105286
2017-12-27 00:00:00,185.3699951,184.7599945,187.0299988,184.0,1610500.0,171.9940186
2017-12-28 00:00:00,185.5399933,185.9400024,187.0,184.8999939,1310100.0,172.1517792
2017-12-29 00:00:00,184.0700073,185.5800018,186.7200012,184.0200043,1381000.0,170.7878723
2018-01-02 00:00:00,189.2799988,185.1499939,189.5200043,183.8699951,2037300.0,175.6218872
2018-01-03 00:00:00,192.5,190.6799927,193.8200073,189.6199951,2583300.0,178.6095428
2018-01-04 00:00:00,193.3800049,195.0,196.8500061,193.1499939,2227200.0,179.4260864
2018-01-05 00:00:00,196.3999939,194.8999939,197.1799927,194.4499969,1713000.0,182.2281342
2018-01-08 00:00:00,197.8800049,196.3300018,199.4900055,196.25,2762700.0,183.6013489
2018-01-09 00:00:00,197.5700073,198.2200012,199.75,193.3699951,2955000.0,183.3137207
2018-01-10 00:00:00,191.6600037,194.3399963,195.2299957,190.2899933,3510800.0,177.8301697
2018-01-11 00:00:00,189.1199951,192.0599976,192.8200073,188.4100037,2816400.0,175.4734497
2018-01-12 00:00:00,188.5099945,189.1199951,191.3800049,188.3000031,2788100.0,174.9074707
2018-01-16 00:00:00,190.3899994,192.1799927,195.8200073,188.3999939,4251100.0,176.6518097
2018-01-17 00:00:00,205.0800018,194.5299988,205.6600037,193.75,6497100.0,190.2818298
2018-01-18 00:00:00,205.4499969,203.0,206.3500061,199.7599945,4198800.0,190.6250763
2018-01-19 00:00:00,207.5299988,205.8500061,207.5500031,203.1000061,2615000.0,192.5549927
2018-01-22 00:00:00,209.1900024,208.3999939,209.8399963,207.1999969,2823100.0,194.0952606
2018-01-23 00:00:00,215.0700073,211.0299988,215.1399994,210.0,4339700.0,199.5509491
2018-01-24 00:00:00,209.7299957,214.1900024,214.1900024,206.5599976,5464900.0,194.5962524
2018-01-25 00:00:00,199.25,216.0,218.4799957,199.0,8278800.0,184.872467
2018-01-26 00:00:00,202.5700073,201.9499969,206.4199982,200.2799988,4761600.0,187.9529266
2018-01-29 00:00:00,195.9700012,201.2400055,202.2799988,193.2799988,4006000.0,181.8291779
2018-01-30 00:00:00,191.0800018,192.1000061,195.2899933,189.25,3794600.0,177.2920074
2018-01-31 00:00:00,191.5200043,192.9100037,193.8300018,190.25,2838400.0,177.7002411
2018-02-01 00:00:00,189.1100006,190.0,194.1300049,188.1999969,3053500.0,175.4641876
2018-02-02 00:00:00,179.0599976,186.7100067,186.8200073,178.3699951,5527600.0,166.1393433
2018-02-05 00:00:00,170.3500061,175.5,182.8999939,170.3200073,5895300.0,158.0578766
2018-02-06 00:00:00,178.3399963,168.5,179.0,167.3200073,5890300.0,165.4712982
2018-02-07 00:00:00,171.6300049,175.8300018,179.4299927,171.6000061,3403300.0,159.2454987
2018-02-08 00:00:00,162.2299957,172.6600037,173.0700073,162.2100067,4934400.0,150.5237885
2018-02-09 00:00:00,165.8699951,165.8200073,167.2899933,156.8300018,5937100.0,153.9011078
2018-02-12 00:00:00,172.9499969,168.4100037,174.4799957,167.2700043,4150700.0,160.4702454
2018-02-13 00:00:00,172.5599976,171.5700073,172.7299957,168.1199951,2841600.0,160.1083527
2018-02-14 00:00:00,183.0099945,171.3999939,183.0899963,171.0,5837000.0,169.8043518
2018-02-15 00:00:00,185.7100067,182.9700012,185.7799988,179.1199951,4179200.0,172.3095551
2018-02-16 00:00:00,187.9100037,184.7599945,191.2100067,184.6499939,4335600.0,174.350769
2018-02-20 00:00:00,193.4400024,186.9299927,196.0500031,186.4100037,3296500.0,179.4817047
2018-02-21 00:00:00,189.2299957,194.5500031,195.0,189.1999969,3271300.0,175.5755005
2018-02-22 00:00:00,188.3600006,190.1600037,190.4400024,186.9299927,1752900.0,174.7682953
2018-02-23 00:00:00,193.1000061,190.2400055,193.6699982,188.6100006,2227300.0,179.1662598
2018-02-26 00:00:00,198.4299927,194.5700073,198.9700012,193.1499939,2363100.0,184.1116486
2018-02-27 00:00:00,193.4700012,198.1499939,199.7899933,193.3699951,2822300.0,179.5095825
2018-02-28 00:00:00,191.8600006,194.4400024,196.6699982,191.3300018,3608300.0,178.0157166
2018-03-01 00:00:00,190.0700073,192.4900055,195.6399994,188.1199951,3003600.0,176.3549652
2018-03-02 00:00:00,194.5299988,185.0500031,194.8899994,182.1600037,2775800.0,180.4930573
2018-03-05 00:00:00,198.6999969,192.8300018,200.0200043,191.2400055,3292400.0,184.3621521
2018-03-06 00:00:00,207.9400024,200.1399994,209.5,199.5099945,7636300.0,193.4221344
2018-03-07 00:00:00,211.7400055,205.8300018,212.3600006,204.1399994,5625600.0,196.9568329
2018-03-08 00:00:00,212.7400055,214.0,214.9400024,210.9499969,3780400.0,197.8870544
2018-03-09 00:00:00,224.9499969,214.2799988,226.0800018,213.9400024,6656800.0,209.2445526
2018-03-12 00:00:00,228.6499939,225.5,230.0,223.0,4928800.0,212.6862488
2018-03-13 00:00:00,223.9700012,230.0399933,234.8800049,222.4299927,4946200.0,208.3329468
2018-03-14 00:00:00,222.6399994,223.0,226.1300049,221.0599976,3291900.0,207.0958405
2018-03-15 00:00:00,223.0800018,224.0,227.0,222.5500031,2446200.0,207.5051117
2018-03-16 00:00:00,221.9199982,224.1799927,225.0,221.2899933,2495800.0,206.4260712
2018-03-19 00:00:00,217.5800018,218.3600006,219.0399933,212.0500031,4098100.0,202.3891144
2018-03-20 00:00:00,219.1300049,218.4900055,221.1900024,217.9499969,2223800.0,203.8308868
2018-03-21 00:00:00,224.2799988,221.8699951,227.8200073,221.0099945,3567500.0,208.6213226
2018-03-22 00:00:00,214.8200073,220.5,222.9299927,214.6499939,3249500.0,199.8218231
2018-03-23 00:00:00,202.6300049,214.0500031,215.4700012,202.5599976,5223500.0,188.4828796
2018-03-26 00:00:00,214.9600067,210.6499939,215.0200043,207.2700043,3458800.0,199.9520416
2018-03-27 00:00:00,202.6199951,219.2299957,219.4600067,200.6600037,4292300.0,188.473587
2018-03-28 00:00:00,196.2100067,199.6300049,201.75,194.2599945,3523900.0,182.5111237
2018-03-29 00:00:00,203.1600037,198.1000061,207.5,196.9799957,3578200.0,188.9758911
2018-04-02 00:00:00,193.8699951,201.4900055,202.8899994,191.3500061,3550500.0,180.3344574
2018-04-03 00:00:00,197.9700012,197.9199982,199.5700073,193.9400024,2682400.0,184.1482239
2018-04-04 00:00:00,201.6699982,190.5,202.6600037,190.5,3699700.0,187.5899048
2018-04-05 00:00:00,195.0200043,202.6799927,203.4100037,192.2100067,3533900.0,181.4041748
2018-04-06 00:00:00,190.6499939,190.9100037,196.2700043,189.0899963,3123900.0,177.3392639
2018-04-09 00:00:00,193.1199951,192.8300018,199.7200012,192.1100006,2656700.0,179.6368408
2018-04-10 00:00:00,200.1699982,198.9100037,202.0599976,196.1300049,2707700.0,186.1946106
2018-04-11 00:00:00,200.8600006,198.25,203.4600067,197.7100067,2449800.0,186.836441
2018-04-12 00:00:00,206.0200043,203.8200073,206.9400024,202.25,3084300.0,191.6362305
2018-04-13 00:00:00,203.7400055,208.5500031,208.5800018,202.7700043,2161400.0,189.5153503
2018-04-16 00:00:00,203.5500031,205.25,205.9100037,201.6000061,1941100.0,189.3386536
2018-04-17 00:00:00,212.3300018,207.2200012,212.8500061,206.2599945,6084500.0,197.5056458
2018-04-18 00:00:00,203.7700043,200.2400055,204.5599976,196.5,9114900.0,189.5432739
2018-04-19 00:00:00,190.3899994,198.5800018,201.1399994,188.7899933,8773400.0,177.0974579
2018-04-20 00:00:00,191.9100037,190.7100067,195.0599976,189.9900055,4980700.0,178.5112915
2018-04-23 00:00:00,191.8600006,193.5,196.3999939,190.4400024,3488900.0,178.4648132
2018-04-24 00:00:00,185.8200073,193.8699951,195.4400024,182.6100006,5034700.0,172.8465424
2018-04-25 00:00:00,186.6699982,185.9900055,189.5800018,181.6699982,3124800.0,173.637146
2018-04-26 00:00:00,190.3999939,190.8899994,192.9900055,188.8200073,3611300.0,177.1067047
2018-04-27 00:00:00,187.2599945,192.2799988,192.6900024,185.6000061,3044800.0,174.1859283
2018-04-30 00:00:00,185.0599976,187.3500061,188.8899994,183.9600067,2990200.0,172.1395569
2018-05-01 00:00:00,190.3899994,184.1399994,190.5800018,183.7400055,2833700.0,177.0974579
2018-05-02 00:00:00,189.5200043,190.2899933,191.9499969,188.2899933,2194800.0,176.288208
2018-05-03 00:00:00,189.4299927,187.75,190.5299988,185.6100006,2181500.0,176.204483
2018-05-04 00:00:00,195.4700012,188.0,196.8800049,187.6300049,3282700.0,181.8227844
2018-05-07 00:00:00,193.4799957,196.1100006,196.9499969,192.7200012,3304700.0,179.9716949
2018-05-08 00:00:00,194.8600006,192.6000061,195.75,192.0599976,2148100.0,181.2553711
2018-05-09 00:00:00,199.7200012,195.6000061,200.0200043,195.1499939,2390900.0,185.7760315
2018-05-10 00:00:00,204.0099945,201.2299957,204.3899994,200.6699982,1890300.0,189.7664948
2018-05-11 00:00:00,201.5500031,202.4199982,204.7599945,200.8899994,1945500.0,187.4782867
2018-05-14 00:00:00,204.0299988,205.1000061,209.9199982,203.1999969,3343700.0,189.7851257
2018-05-15 00:00:00,202.1900024,203.4100037,204.3000031,199.7700043,1921400.0,188.0736084
2018-05-16 00:00:00,206.9100037,203.4100037,208.1900024,202.6600037,2254500.0,192.4640656
2018-05-17 00:00:00,203.3300018,205.6600037,206.3699951,201.7299957,2607700.0,189.1340179
2018-05-18 00:00:00,195.4900055,195.25,197.8800049,192.1799927,5250100.0,181.8413849
2018-05-21 00:00:00,199.8699951,199.3399963,200.9400024,196.5,2534600.0,185.9155884
2018-05-22 00:00:00,202.9799957,202.25,205.3200073,202.0,2778800.0,188.8084106
2018-05-23 00:00:00,203.3099976,199.9799957,203.9700012,199.8000031,1969900.0,189.115387
2018-05-24 00:00:00,204.3699951,203.5500031,204.9499969,200.7899933,2124000.0,190.1013794
2018-05-25 00:00:00,202.0299988,202.9799957,203.8899994,201.1799927,2263700.0,187.9247589
2018-05-29 00:00:00,200.2799988,200.2799988,202.9100037,198.2599945,2049500.0,186.2969513
2018-05-30 00:00:00,201.8300018,202.1300049,204.7400055,200.6999969,2812100.0,187.7387543
2018-05-31 00:00:00,198.1799927,200.6600037,202.1000061,197.8500061,3078300.0,184.3435516
2018-06-01 00:00:00,202.6799927,200.0,203.7799988,198.6900024,3437100.0,188.5293427
2018-06-04 00:00:00,204.5899963,202.4700012,205.9499969,200.5899963,2805900.0,190.306015
2018-06-05 00:00:00,201.8399963,204.6600037,205.4700012,201.4299927,2507900.0,188.7629242
2018-06-06 00:00:00,199.6100006,202.4799957,202.5200043,196.8800049,3925400.0,186.6774292
2018-06-07 00:00:00,188.8300018,192.2599945,192.7799988,184.8099976,12775200.0,176.5958252
2018-06-08 00:00:00,188.0299988,186.1300049,188.2899933,185.3999939,5272600.0,175.8476562
2018-06-11 00:00:00,183.7100067,187.6499939,187.8300018,183.1900024,5443400.0,171.8075714
2018-06-12 00:00:00,186.9299927,184.8999939,187.0200043,183.3500061,3661500.0,174.8189087
2018-06-13 00:00:00,184.5899963,184.2100067,188.5,184.0299988,4489500.0,172.6305389
2018-06-14 00:00:00,181.1699982,185.1699982,186.5500031,180.9700012,4386600.0,169.4321289
2018-06-15 00:00:00,178.4100037,179.2599945,180.8999939,178.0,4355300.0,166.8509521
2018-06-18 00:00:00,174.1999969,176.6300049,176.6999969,174.0,4518700.0,162.913681
2018-06-19 00:00:00,173.3500061,170.8999939,174.8300018,170.5099945,3736200.0,162.1188049
2018-06-20 00:00:00,174.5399933,175.4799957,176.2899933,173.1900024,2775900.0,163.2316437
2018-06-21 00:00:00,176.0500031,178.1699982,179.25,175.3899994,3282700.0,164.6438599
2018-06-22 00:00:00,174.6999969,177.4900055,177.6000061,172.9400024,2950300.0,163.3813019
2018-06-25 00:00:00,171.0099945,172.2100067,173.0,167.6199951,3618000.0,159.9303741
2018-06-26 00:00:00,173.9299927,175.5200043,175.75,171.7400055,3505800.0,162.6611786
2018-06-27 00:00:00,169.8000031,175.0,175.4900055,169.7899933,2685800.0,158.7987823
2018-06-28 00:00:00,170.8699951,168.0099945,171.1399994,166.3699951,3354600.0,159.7994385
2018-06-29 00:00:00,172.8500061,172.5500031,174.8399963,172.2400055,3201600.0,161.6511841
2018-07-02 00:00:00,173.0500031,169.9900055,173.2700043,168.6100006,2115300.0,161.8381958
2018-07-03 00:00:00,167.25,173.1900024,173.5,166.8899994,2048400.0,156.4139862
2018-07-05 00:00:00,171.8200073,169.3099976,172.3000031,169.2899933,2386200.0,160.6879272
2018-07-06 00:00:00,173.8600006,171.3000031,174.0899963,169.0,2354300.0,162.5957031
2018-07-09 00:00:00,177.0200043,175.7299957,177.1199951,172.3000031,2055900.0,165.5510101
2018-07-10 00:00:00,176.3999939,177.0200043,177.9299927,175.1000061,1977100.0,164.9711761
2018-07-11 00:00:00,169.2599945,174.5,175.9900055,168.8200073,3450900.0,158.2937622
2018-07-12 00:00:00,171.3200073,170.1100006,173.4199982,169.7200012,2687100.0,160.2203217
2018-07-13 00:00:00,171.7899933,172.2599945,174.1999969,171.2700043,2132300.0,160.6598511
2018-07-16 00:00:00,171.7899933,171.1199951,172.8999939,170.7700043,1873500.0,160.6598511
2018-07-17 00:00:00,177.2400055,170.5299988,178.0399933,170.5299988,2419400.0,165.7567139
2018-07-18 00:00:00,181.3200073,183.0399933,183.8800049,179.0500031,3297100.0,169.572403
2018-07-19 00:00:00,178.2299957,180.1100006,181.4700012,177.8300018,2015200.0,166.6826019
2018-07-20 00:00:00,177.8099976,178.1799927,178.4400024,175.8999939,1720800.0,166.2898254
2018-07-23 00:00:00,174.8399963,176.3000031,176.5,171.5299988,2295400.0,163.5122528
2018-07-24 00:00:00,173.3899994,176.1799927,179.1900024,173.0,2300200.0,162.1562042
2018-07-25 00:00:00,172.8000031,173.4900055,174.3800049,170.4400024,2232300.0,161.6044006
2018-07-26 00:00:00,177.2599945,172.2599945,177.6399994,172.0,3841600.0,165.7754517
2018-07-27 00:00:00,190.0200043,185.0,193.4499969,184.5599976,8073700.0,177.7087097
2018-07-30 00:00:00,187.8399963,189.4900055,190.0,185.8800049,3412000.0,175.6699982
2018-07-31 00:00:00,190.6399994,190.0700073,196.6999969,189.7400055,3417700.0,178.2885437
2018-08-01 00:00:00,186.2899933,189.8699951,190.8000031,185.8399963,2559000.0,174.2203827
2018-08-02 00:00:00,187.1000061,183.7799988,188.0800018,183.6199951,1819200.0,174.9779358
2018-08-03 00:00:00,187.2899933,186.8000031,188.0899963,185.8300018,1507500.0,175.1556091
2018-08-06 00:00:00,188.3099976,186.2100067,188.5800018,186.1600037,1793000.0,176.1095276
2018-08-07 00:00:00,185.9100037,188.75,188.9799957,183.6499939,2727700.0,173.8650513
2018-08-08 00:00:00,190.0200043,185.0500031,190.5,184.7100067,2128800.0,177.7087097
2018-08-09 00:00:00,184.4900055,186.6799927,187.6399994,182.7400055,3291500.0,172.5370483
2018-08-10 00:00:00,178.1000061,180.5700073,181.4299927,177.4400024,2962300.0,166.5610046
2018-08-13 00:00:00,178.1499939,178.8600006,179.1000061,176.0500031,2184300.0,166.6077576
2018-08-14 00:00:00,176.6900024,178.5800018,179.6499939,176.4199982,1920100.0,165.2423859
2018-08-15 00:00:00,172.8300018,174.4400024,174.8200073,170.8899994,2915400.0,161.6324921
2018-08-16 00:00:00,174.2899933,173.8800049,176.6999969,172.3000031,2600400.0,162.9978638
2018-08-17 00:00:00,169.9100037,170.8600006,171.1199951,166.3200073,4219300.0,158.9016571
2018-08-20 00:00:00,171.2799988,169.5700073,172.0099945,166.9700012,2537400.0,160.1829071
2018-08-21 00:00:00,174.3899994,172.2599945,175.5,171.5800018,2719400.0,163.0914001
2018-08-22 00:00:00,173.0800018,173.4299927,175.0899963,172.6999969,1718100.0,161.866272
2018-08-23 00:00:00,172.7700043,172.5899963,174.4499969,172.3000031,2222000.0,161.576355
2018-08-24 00:00:00,172.4600067,174.0399933,174.1499939,171.4400024,2012300.0,161.286438
2018-08-27 00:00:00,176.2100067,173.0,178.0800018,172.9499969,3168700.0,164.7934875
2018-08-28 00:00:00,174.1399994,173.2299957,174.3200073,170.8000031,3547600.0,162.857605
2018-08-29 00:00:00,172.6199951,173.2799988,174.9400024,171.8699951,2319600.0,161.4360809
2018-08-30 00:00:00,172.4700012,172.5,174.6199951,172.1499939,2155000.0,161.2957764
2018-08-31 00:00:00,173.0899963,172.2799988,174.6699982,171.7200012,2212200.0,161.8756104
2018-09-04 00:00:00,171.9600067,171.75,172.9199982,168.3399963,2606000.0,160.8188324
2018-09-05 00:00:00,172.0399933,170.6100006,172.3200073,169.1699982,2923300.0,160.893631
2018-09-06 00:00:00,160.0500031,170.3000031,170.8500061,159.9900055,5666100.0,149.680481
2018-09-07 00:00:00,159.5800018,158.6000061,161.4199982,158.5200043,3193200.0,149.2409363
2018-09-10 00:00:00,159.4600067,161.4299927,161.4499969,158.25,2292700.0,149.1287231
2018-09-11 00:00:00,155.3999939,155.0,156.1999969,153.1900024,3501200.0,146.3412628
2018-09-12 00:00:00,150.3699951,150.25,151.8000031,149.0200043,5001800.0,141.6044617
2018-09-13 00:00:00,153.1199951,152.0,154.4100037,151.0200043,3150400.0,144.1941681
2018-09-14 00:00:00,153.4600067,153.7599945,155.7400055,151.8899994,2485200.0,144.5143738
2018-09-17 00:00:00,152.1000061,152.8399963,154.4199982,151.8200073,1940900.0,143.2336121
2018-09-18 00:00:00,153.6499939,152.3600006,155.4700012,152.3600006,1527000.0,144.6932678
2018-09-19 00:00:00,153.1900024,155.3600006,155.3600006,152.7200012,2101400.0,144.2600861
2018-09-20 00:00:00,155.2799988,154.8600006,157.0399933,154.3300018,2450200.0,146.2282257
2018-09-21 00:00:00,155.6799927,153.5099945,156.5500031,153.5099945,4191000.0,146.6049042
2018-09-24 00:00:00,154.7400055,154.9600067,155.2899933,152.5099945,1980000.0,145.7197418
2018-09-25 00:00:00,151.2899933,155.0099945,155.0099945,150.5099945,3430200.0,142.4708099
2018-09-26 00:00:00,148.8099976,148.0500031,151.7599945,147.5399933,3451400.0,140.135376
2018-09-27 00:00:00,150.5700073,150.2100067,151.7400055,148.5399933,2238400.0,141.7928314
2018-09-28 00:00:00,151.6999969,150.4799957,153.3000031,149.1399994,2155200.0,142.8569336
2018-10-01 00:00:00,150.2400055,150.6300049,151.8600006,149.1799927,2359500.0,141.4820404
2018-10-02 00:00:00,151.0800018,149.5,154.8500061,149.2799988,2803300.0,142.2730713
2018-10-03 00:00:00,152.1699982,151.8399963,153.3099976,150.2200012,1674500.0,143.29953
2018-10-04 00:00:00,149.0099945,150.9700012,151.0,147.6300049,2698200.0,140.3237152
2018-10-05 00:00:00,147.8999939,148.7700043,150.4499969,146.8000031,2336500.0,139.2784271
2018-10-08 00:00:00,146.0800018,147.1999969,149.1100006,145.3000031,2440400.0,137.5645447
2018-10-09 00:00:00,144.4700012,145.6199951,146.0,141.3500061,3902100.0,136.0483704
2018-10-10 00:00:00,139.7799988,142.3999939,143.6699982,138.7599945,4553900.0,131.6318054
2018-10-11 00:00:00,137.6199951,140.7799988,142.8800049,135.9900055,3971600.0,129.5976868
2018-10-12 00:00:00,143.6100006,142.9799957,146.6399994,140.7700043,3765400.0,135.2384949
2018-10-15 00:00:00,142.5099945,142.0,144.1900024,140.3600006,2699800.0,134.2026367
2018-10-16 00:00:00,145.2700043,144.2200012,146.4499969,143.2700043,4536300.0,136.8017578
2018-10-17 00:00:00,147.1799927,152.5,153.9600067,146.1999969,8786100.0,138.6003876
2018-10-18 00:00:00,145.0899963,145.6799927,146.5399933,143.4100037,4326300.0,136.6322327
2018-10-19 00:00:00,145.1999969,145.6199951,148.5500031,144.4199982,4117500.0,136.7358398
2018-10-22 00:00:00,144.2700043,146.7299957,147.5899963,143.6399994,2741200.0,135.8600769
2018-10-23 00:00:00,146.3899994,139.6000061,147.6600037,139.5800018,3865400.0,137.8564758
2018-10-24 00:00:00,139.3099976,144.25,145.2299957,139.1499939,3910200.0,131.1891785
2018-10-25 00:00:00,142.5599976,141.0,144.0500031,139.3899994,3134600.0,134.2497406
2018-10-26 00:00:00,139.1000061,138.4600067,142.2599945,136.5599976,3769900.0,130.9914246
2018-10-29 00:00:00,135.7799988,140.7799988,142.5200043,133.4199982,3766700.0,127.8649445
2018-10-30 00:00:00,139.2700043,135.8300018,141.0800018,134.8600006,4018100.0,131.1515198
2018-10-31 00:00:00,141.7299957,141.6600037,143.0700073,140.2200012,2805500.0,133.4681091
2018-11-01 00:00:00,151.8600006,142.6399994,152.0399933,142.5,5792100.0,143.0076294
2018-11-02 00:00:00,151.5099945,152.9299927,154.1000061,150.0700073,2911600.0,142.6779938
2018-11-05 00:00:00,147.6100006,151.3200073,151.5,145.4700012,2217800.0,139.0053558
2018-11-06 00:00:00,152.0700073,146.7799988,152.3899994,146.5,3236800.0,143.205368
2018-11-07 00:00:00,151.6900024,153.9900055,154.0,151.1699982,2577500.0,142.8474884
2018-11-08 00:00:00,151.6799927,149.8699951,153.3099976,149.2400055,1245900.0,142.838089
2018-11-09 00:00:00,147.8500061,149.5700073,150.8600006,146.8899994,1872200.0,139.2313843
2018-11-12 00:00:00,142.9100037,145.5500031,146.0099945,142.0700073,2439100.0,134.5793457
2018-11-13 00:00:00,143.9499969,145.0700073,147.1300049,143.1100006,2885600.0,135.5587006
2018-11-14 00:00:00,142.7400055,145.6199951,147.6600037,141.5800018,2439900.0,134.4192352
2018-11-15 00:00:00,146.3999939,142.1699982,147.7799988,141.6000061,3211000.0,137.8658752
2018-11-16 00:00:00,148.0,142.5200043,150.6600037,141.6199951,3791100.0,139.3726044
2018-11-19 00:00:00,143.7400055,146.8899994,148.5800018,143.5500031,2539900.0,135.3609467
2018-11-20 00:00:00,143.4499969,140.2400055,149.1100006,139.8699951,5228200.0,135.0878448
2018-11-21 00:00:00,144.5200043,145.9199982,147.5800018,144.3399963,2289500.0,136.0954895
2018-11-23 00:00:00,143.9400024,142.8899994,147.2100067,142.8899994,866900.0,135.5493011
2018-11-26 00:00:00,146.8000031,146.5,146.9600067,144.1699982,1565100.0,138.242569
2018-11-27 00:00:00,146.8300018,145.4100037,147.7899933,144.8899994,2009800.0,138.2708282
2018-11-28 00:00:00,153.8399963,147.5899963,153.9199982,145.0099945,3195700.0,144.8722076
2018-11-29 00:00:00,152.75,152.3200073,154.9199982,151.8200073,1932100.0,143.8457031
2018-11-30 00:00:00,156.9600067,153.0,157.1799927,150.8300018,3687800.0,147.8103027
2018-12-03 00:00:00,161.0200043,161.0,162.8699951,158.25,3683700.0,151.6336517
2018-12-04 00:00:00,149.6900024,158.5299988,159.0,148.5099945,5228200.0,141.9337311
2018-12-06 00:00:00,145.7299957,145.0,147.4100037,142.0500031,5566400.0,138.1788788
2018-12-07 00:00:00,138.0299988,145.6199951,145.6900024,137.4400024,3084600.0,130.8779144
2018-12-10 00:00:00,137.8200073,137.3099976,139.2200012,135.1600037,2734000.0,130.6787872
2018-12-11 00:00:00,138.2899933,140.4100037,144.7700043,137.3899994,2213500.0,131.1244354
2018-12-12 00:00:00,138.4499969,141.0700073,141.7599945,137.3999939,3016900.0,131.2761383
2018-12-13 00:00:00,138.7599945,139.5099945,140.5599976,137.7299957,1669600.0,131.5700378
2018-12-14 00:00:00,135.3699951,136.1300049,137.4700012,133.9199982,3384900.0,128.3557281
2018-12-17 00:00:00,135.6799927,135.0299988,139.1799927,133.9400024,2468000.0,128.6496429
2018-12-18 00:00:00,137.9299927,137.0299988,142.3500061,136.2799988,2500100.0,130.7830505
2018-12-19 00:00:00,131.1199951,135.5899963,140.4299927,129.9299927,3624400.0,124.325943
2018-12-20 00:00:00,128.3099976,132.1199951,132.9499969,126.6500015,4369800.0,121.6615295
2018-12-21 00:00:00,127.1600037,129.1100006,131.9900055,126.7399979,3913100.0,120.5711212
2018-12-24 00:00:00,123.2799988,126.5699997,127.4199982,123.2200012,1305200.0,116.8921585
2018-12-26 00:00:00,130.8399963,124.9700012,130.9400024,122.6399994,3238800.0,124.0604324
2018-12-27 00:00:00,133.2799988,127.9100037,133.2899933,127.5100021,1813700.0,126.3740005
2018-12-28 00:00:00,135.4199982,133.6000061,138.0399933,133.3200073,2287600.0,128.4031525
2018-12-31 00:00:00,136.1699982,136.7799988,137.8999939,134.3099976,1597200.0,129.1142883
2019-01-02 00:00:00,138.3000031,133.4600067,139.6499939,133.3999939,1712600.0,131.1339111
2019-01-03 00:00:00,131.6300049,135.1999969,136.3500061,131.3500061,2111100.0,124.8095093
2019-01-04 00:00:00,138.0599976,134.0899963,138.2400055,133.3500061,2127000.0,130.906311
2019-01-07 00:00:00,139.2899933,138.4700012,141.0700073,137.3899994,1394000.0,132.0726013
2019-01-08 00:00:00,136.9299927,140.2299957,140.4700012,133.3600006,2746300.0,129.8348999
2019-01-09 00:00:00,144.0,138.7100067,144.6699982,138.2799988,3336700.0,136.5385437
2019-01-10 00:00:00,144.5700073,143.0899963,145.5700073,141.3899994,2009400.0,137.0790253
2019-01-11 00:00:00,144.1100006,143.9499969,147.0700073,142.8999939,2281300.0,136.6428528
2019-01-14 00:00:00,140.4299927,142.25,142.3200073,138.6300049,3239100.0,133.1535492
2019-01-15 00:00:00,140.0,141.3200073,142.3600006,138.8800049,1453900.0,132.7458038
2019-01-16 00:00:00,138.75,140.1399994,141.75,138.6399994,1912400.0,131.5605774
2019-01-17 00:00:00,141.7599945,137.9700012,141.9499969,136.6499939,1844500.0,134.4146271
2019-01-18 00:00:00,147.5500031,143.2899933,149.8800049,143.1000061,3780200.0,139.9046631
2019-01-22 00:00:00,139.8899994,146.3500061,146.5299988,138.4299927,3724900.0,132.64151
2019-01-23 00:00:00,139.3300018,140.6699982,142.2700043,137.5800018,3506800.0,132.1105499
2019-01-24 00:00:00,161.1999969,150.25,162.1799927,150.0200043,13421400.0,152.8472748
2019-01-25 00:00:00,165.4900055,163.0299988,166.8099976,159.75,7158500.0,156.9150543
2019-01-28 00:00:00,166.0599976,160.0,167.0,159.0,4513900.0,157.4554901
2019-01-29 00:00:00,164.9900055,169.3399963,169.9700012,163.9100037,3421200.0,156.4409485
2019-01-30 00:00:00,170.9299927,167.4299927,172.5299988,166.6499939,3880700.0,162.0731354
2019-01-31 00:00:00,169.5800018,169.6100006,172.8999939,167.8600006,3048100.0,160.7931213
2019-02-01 00:00:00,172.7700043,170.1999969,173.5,169.4299927,2891700.0,163.8178101
2019-02-04 00:00:00,173.1600037,172.4499969,173.9499969,170.8800049,1738600.0,164.1876068
2019-02-05 00:00:00,173.6900024,172.5800018,174.4400024,171.6999969,2474300.0,164.6901703
2019-02-06 00:00:00,177.1000061,174.3300018,180.5299988,174.0,3379400.0,167.9234314
2019-02-07 00:00:00,175.7200012,175.0200043,176.6999969,173.2599945,2166400.0,166.6149445
2019-02-08 00:00:00,175.3000031,172.6799927,175.6399994,171.6499939,1704200.0,166.2167053
2019-02-11 00:00:00,175.9199982,175.6300049,177.0,174.8399963,1682800.0,166.8045959
2019-02-12 00:00:00,179.25,178.0,180.1399994,177.3000031,1963100.0,169.9620361
2019-02-13 00:00:00,181.0099945,180.0800018,182.9600067,179.2799988,2028100.0,171.6308746
2019-02-14 00:00:00,181.3300018,180.0599976,185.2400055,180.0599976,2001200.0,171.9342651
2019-02-15 00:00:00,181.0899963,182.0200043,183.1499939,179.3399963,2313800.0,171.706665
2019-02-19 00:00:00,180.3099976,180.9400024,183.0,180.2200012,1551600.0,170.9670868
2019-02-20 00:00:00,182.2100067,181.1699982,183.1999969,180.5599976,2197200.0,172.768692
2019-02-21 00:00:00,178.8200073,182.1900024,182.8399963,178.5700073,1914100.0,169.5543213
2019-02-22 00:00:00,179.2200012,176.4400024,179.9100037,175.1000061,2710300.0,169.9336243
2019-02-25 00:00:00,179.6000061,182.3000031,182.3800049,179.4199982,1838000.0,170.2939148
2019-02-26 00:00:00,178.5599976,178.8899994,180.3200073,178.1999969,1506300.0,169.3078003
2019-02-27 00:00:00,177.1999969,177.6399994,178.2100067,174.3200073,1758600.0,168.0182495
2019-02-28 00:00:00,176.0899963,176.1600037,177.0399933,174.8999939,1659700.0,166.9657898
2019-03-01 00:00:00,176.75,177.6699982,179.0599976,175.8899994,1513600.0,167.5915985
2019-03-04 00:00:00,177.7700043,177.3500061,180.2899933,176.5599976,2278100.0,168.5587311
2019-03-05 00:00:00,173.5399933,176.9600067,177.2700043,172.25,2575600.0,164.5478821
2019-03-06 00:00:00,169.1900024,173.5,173.9299927,168.1799927,3012400.0,160.4233246
2019-03-07 00:00:00,167.1600037,168.5099945,168.5399933,164.8899994,2446700.0,158.4984741
2019-03-08 00:00:00,168.8300018,164.6999969,169.4100037,163.6000061,1943900.0,160.0819855
2019-03-11 00:00:00,172.0099945,169.6300049,173.0800018,169.5200043,2029700.0,163.0971985
2019-03-12 00:00:00,172.0599976,172.8600006,173.2100067,170.8999939,1635400.0,163.1445923
2019-03-13 00:00:00,170.4100037,173.1100006,173.1100006,170.0099945,2158500.0,161.5801392
2019-03-14 00:00:00,176.5299988,171.0,178.4299927,171.0,3623200.0,167.3829956
2019-03-15 00:00:00,182.3899994,181.3399963,187.9600067,180.3500061,6123000.0,172.9393616
2019-03-18 00:00:00,180.1999969,181.8200073,183.3699951,178.5099945,2034300.0,170.8628082
2019-03-19 00:00:00,179.3500061,180.2799988,182.3300018,178.9900055,2088400.0,171.1013641
2019-03-20 00:00:00,175.7400055,179.1699982,180.6900024,174.6000061,2067300.0,167.6573944
2019-03-21 00:00:00,183.8000031,175.7899933,186.5899963,175.7899933,3103300.0,175.3466492
2019-03-22 00:00:00,179.4499969,182.3099976,184.4400024,178.9799957,2204500.0,171.1967468
2019-03-25 00:00:00,179.0899963,179.0299988,180.8000031,176.9299927,1273400.0,170.8532867
2019-03-26 00:00:00,180.0500031,179.7400055,182.6999969,179.0,1649900.0,171.7691193
2019-03-27 00:00:00,177.6399994,180.1699982,180.8000031,177.1000061,1390500.0,169.4699402
2019-03-28 00:00:00,175.6799927,177.7700043,178.9900055,174.1100006,1665600.0,167.6000977
2019-03-29 00:00:00,179.0099945,177.7700043,179.7899933,177.0800018,1583000.0,170.7769318
2019-04-01 00:00:00,184.6999969,182.0,185.0099945,181.4499969,1798700.0,176.2052612
2019-04-02 00:00:00,184.2599945,185.0700073,185.8099976,183.0200043,1361800.0,175.7855072
2019-04-03 00:00:00,191.5399933,187.6300049,193.0800018,186.2299957,3245000.0,182.7306824
2019-04-04 00:00:00,191.0299988,189.5899963,193.8200073,189.3099976,2142700.0,182.2441406
2019-04-05 00:00:00,195.1499939,193.2100067,195.7899933,192.0,2146700.0,186.1746368
2019-04-08 00:00:00,193.5800018,193.6000061,194.6199951,191.3399963,1713200.0,184.6768494
2019-04-09 00:00:00,190.4600067,191.8200073,191.9499969,189.1699982,1734700.0,181.7003479
2019-04-10 00:00:00,190.8399963,189.8000031,191.6100006,188.6000061,1450500.0,182.0628662
2019-04-11 00:00:00,191.3099976,191.3099976,193.4700012,190.5,1194200.0,182.5112915
2019-04-12 00:00:00,194.0800018,194.1100006,195.3000031,192.4700012,1161900.0,185.1538696
2019-04-15 00:00:00,192.8099976,193.3800049,193.3800049,189.9499969,1419300.0,183.9422913
2019-04-16 00:00:00,194.6199951,194.5,196.8800049,193.8699951,1551400.0,185.6690521
2019-04-17 00:00:00,196.2899933,197.3399963,197.9700012,194.2899933,1693600.0,187.2622223
2019-04-18 00:00:00,194.7700043,196.7299957,197.2799988,194.4700012,1409800.0,185.8121338
2019-04-22 00:00:00,195.2200012,196.2899933,196.75,193.0899963,1177100.0,186.2414398
2019-04-23 00:00:00,194.7799988,195.0,196.2400055,193.3999939,2048600.0,185.821701
2019-04-24 00:00:00,195.4400024,195.1499939,199.9799957,194.5899963,2601800.0,186.4512939
2019-04-25 00:00:00,205.0800018,203.0,209.5,202.5,4758300.0,195.6479492
2019-04-26 00:00:00,206.3899994,203.0,207.1900024,199.6000061,2865200.0,196.8976898
2019-04-29 00:00:00,206.1199951,206.7299957,207.7299957,204.3800049,1607700.0,196.6401062
2019-04-30 00:00:00,207.4299927,206.2299957,208.8099976,205.2899933,1604300.0,197.8898621
2019-05-01 00:00:00,203.9600067,208.0399933,209.0399933,203.8899994,1136900.0,194.5794678
2019-05-02 00:00:00,206.8399963,203.9600067,207.3800049,203.3999939,1340100.0,197.3270111
2019-05-03 00:00:00,207.7799988,207.3899994,208.8099976,206.1699982,1257800.0,198.2237549
2019-05-06 00:00:00,204.5399933,200.3300018,205.2799988,198.75,1283000.0,195.132782
2019-05-07 00:00:00,199.9400024,200.8899994,201.9100037,194.8500061,2934200.0,190.7443542
2019-05-08 00:00:00,199.7100067,198.5,201.6999969,197.0899963,1555100.0,190.5249023
2019-05-09 00:00:00,198.6300049,196.0,199.9700012,193.0299988,1939000.0,189.4946136
2019-05-10 00:00:00,197.8999939,197.0899963,199.5,193.9199982,1756100.0,188.798172
2019-05-13 00:00:00,188.3000031,191.3000031,192.0099945,186.9400024,2856300.0,179.6396942
2019-05-14 00:00:00,192.4400024,190.4600067,194.0599976,189.4700012,1656300.0,183.5892944
2019-05-15 00:00:00,195.4799957,191.1600037,197.8999939,190.6499939,1608700.0,186.489502
2019-05-16 00:00:00,194.4600067,192.0399933,196.4799957,190.6600037,1761200.0,185.5163879
2019-05-17 00:00:00,194.1600037,193.0899963,200.0,193.0,2444200.0,185.2301788
2019-05-20 00:00:00,183.6699982,188.6399994,189.6499939,182.7400055,3244100.0,175.222641
2019-05-21 00:00:00,186.9100037,186.6100006,188.6100006,185.4900055,2031400.0,178.3136444
2019-05-22 00:00:00,187.1799927,185.3800049,188.5299988,185.1499939,1132500.0,178.5711823
2019-05-23 00:00:00,185.4499969,183.8000031,185.8800049,182.2700043,1849200.0,176.9207764
2019-05-24 00:00:00,181.8999939,186.7799988,187.9799957,181.6999969,2138200.0,173.5340576
2019-05-28 00:00:00,178.9199982,183.5399933,184.0,178.6499939,2552600.0,170.6911163
2019-05-29 00:00:00,177.6000061,177.1300049,178.3999939,174.6999969,2566200.0,169.4318085
2019-05-30 00:00:00,178.6199951,177.9499969,182.1999969,177.5200043,1263000.0,170.404892
2019-05-31 00:00:00,174.6100006,176.3099976,179.5800018,174.5299988,1576600.0,166.5793152
2019-06-03 00:00:00,172.4299927,175.4799957,177.4499969,171.0399933,2412600.0,164.499588
2019-06-04 00:00:00,180.4199982,174.5399933,180.8000031,172.7599945,2398600.0,172.1221313
2019-06-05 00:00:00,182.3200073,181.1600037,183.1600037,178.9299927,1946800.0,173.9347382
2019-06-06 00:00:00,184.6399994,182.3500061,185.25,181.6499939,1589000.0,176.1480408
2019-06-07 00:00:00,186.6799927,185.6300049,189.2599945,184.6300049,1619400.0,178.0941772
2019-06-10 00:00:00,191.1699982,188.0899963,193.7700043,188.0899963,1689000.0,182.3776855
2019-06-11 00:00:00,189.9199982,194.9100037,195.2899933,189.3699951,1477900.0,182.2337494
2019-06-12 00:00:00,179.8800049,183.3699951,184.2200012,178.8200073,2686300.0,172.6000977
2019-06-13 00:00:00,180.1900024,180.8399963,182.2100067,178.75,1648400.0,172.8975525
2019-06-14 00:00:00,176.8000031,176.3200073,177.4600067,173.5,2187600.0,169.6447449
2019-06-17 00:00:00,172.5099945,176.7899933,176.7899933,172.3800049,1972200.0,165.5283508
2019-06-18 00:00:00,180.4400024,174.9799957,184.0500031,174.4299927,2369800.0,173.1374207
2019-06-19 00:00:00,181.4199982,181.6600037,183.3699951,179.4199982,1233900.0,174.0777588
2019-06-20 00:00:00,183.9600067,185.0800018,186.4900055,182.3600006,1126800.0,176.5149689
2019-06-21 00:00:00,183.0299988,182.6900024,185.0,182.4299927,1991600.0,175.6226044
2019-06-24 00:00:00,181.2700043,182.0899963,182.9700012,180.6100006,1678400.0,173.9338531
2019-06-25 00:00:00,175.8200073,181.2299957,181.6199951,175.5800018,2079900.0,168.7043915
2019-06-26 00:00:00,181.2799988,179.3699951,182.5399933,178.5899963,1994100.0,173.9434357
2019-06-27 00:00:00,186.1300049,182.8899994,186.7899933,182.75,1891200.0,178.5971527
2019-06-28 00:00:00,187.8399963,189.6900024,189.7400055,187.0899963,2336700.0,180.2379608
2019-07-01 00:00:00,191.3399963,194.5700073,197.9499969,189.1199951,2365200.0,183.5962982
2019-07-02 00:00:00,187.1900024,190.9700012,190.9700012,185.5200043,1526300.0,179.6142578
2019-07-03 00:00:00,184.8600006,187.3899994,187.8899994,184.5899963,1048000.0,177.3785706
2019-07-05 00:00:00,183.6399994,183.1799927,184.1699982,181.1000061,1953700.0,176.2079468
2019-07-08 00:00:00,181.3999939,179.1999969,182.4199982,178.9199982,1496500.0,174.0585785
2019-07-09 00:00:00,183.0800018,180.0899963,184.0399933,179.9100037,1743800.0,175.6706238
2019-07-10 00:00:00,184.2200012,185.3500061,189.5800018,183.7200012,1778200.0,176.7644501
2019-07-11 00:00:00,184.8899994,185.7400055,185.7400055,182.3200073,1613200.0,177.4073486
2019-07-12 00:00:00,191.2400055,186.4700012,192.8099976,185.4700012,1975000.0,183.5003662
2019-07-15 00:00:00,192.75,192.3600006,193.7400055,191.0899963,1009200.0,184.949234
2019-07-16 00:00:00,189.8099976,191.0700073,192.5599976,189.3999939,1109100.0,182.1282043
2019-07-17 00:00:00,191.7200012,190.4499969,192.5,188.1100006,1579600.0,183.960907
2019-07-18 00:00:00,198.2299957,193.0800018,200.1000061,192.1600037,2108800.0,190.207489
2019-07-19 00:00:00,198.4700012,200.2899933,200.8000031,196.9299927,1531800.0,190.4377441
2019-07-22 00:00:00,207.2100067,202.8800049,207.8699951,202.8699951,2357500.0,198.8240662
2019-07-23 00:00:00,209.7599945,207.6000061,210.0,206.3600006,1949800.0,201.270813
2019-07-24 00:00:00,216.9799957,210.0,218.4900055,209.0099945,3140800.0,208.1986237
2019-07-25 00:00:00,210.75,213.6799927,214.2700043,210.0700073,2084400.0,202.2207642
2019-07-26 00:00:00,210.75,211.4499969,212.8999939,209.5500031,1124900.0,202.2207642
2019-07-29 00:00:00,210.8200073,210.3099976,211.1699982,207.8500061,1092100.0,202.2879486
2019-07-30 00:00:00,211.3200073,208.6300049,212.7299957,207.5599976,956000.0,202.7677155
2019-07-31 00:00:00,208.6100006,210.6999969,212.3600006,206.1600037,2652500.0,200.1673737
2019-08-01 00:00:00,205.7599945,207.8899994,217.6999969,204.0500031,2974900.0,197.4327087
2019-08-02 00:00:00,204.0899963,204.3200073,205.9100037,200.4700012,2424600.0,195.830307
2019-08-05 00:00:00,193.5299988,197.7599945,198.7599945,191.6199951,2282500.0,185.6976776
2019-08-06 00:00:00,194.5200043,197.2299957,199.6600037,193.1199951,2003700.0,186.6476288
2019-08-07 00:00:00,196.4299927,192.4499969,197.3500061,190.7100067,2144300.0,188.4803009
2019-08-08 00:00:00,201.4799957,201.0099945,202.3899994,198.3699951,1732700.0,193.3259277
2019-08-09 00:00:00,195.3200073,199.3399963,200.2799988,194.4199982,1880100.0,187.4152374
2019-08-12 00:00:00,196.3099976,194.3899994,197.1799927,193.8000031,1306000.0,188.3651886
2019-08-13 00:00:00,205.6900024,196.3099976,206.5500031,195.0899963,2281400.0,197.3655701
2019-08-14 00:00:00,198.5,199.3500061,201.5399933,197.2599945,1920300.0,190.4665375
2019-08-15 00:00:00,198.9299927,199.7299957,200.9400024,196.4499969,1036700.0,190.8791351
2019-08-16 00:00:00,205.1100006,198.9299927,206.3300018,198.3699951,1924900.0,196.809021
2019-08-19 00:00:00,208.0500031,210.0,211.2200012,207.1499939,1395000.0,199.6300507
2019-08-20 00:00:00,206.7599945,208.2100067,208.7299957,205.3300018,854900.0,198.3922272
2019-08-21 00:00:00,207.9900055,209.1100006,209.5800018,206.9199982,928000.0,199.572464
2019-08-22 00:00:00,210.4600067,208.1799927,211.5200043,206.0599976,990500.0,201.9424896
2019-08-23 00:00:00,200.3899994,207.6499939,209.5,199.75,2031200.0,192.2800598
2019-08-26 00:00:00,201.3399963,204.3200073,205.5299988,200.0399933,1250200.0,193.1915894
2019-08-27 00:00:00,199.7700043,203.4299927,203.4299927,198.1399994,1291700.0,191.6851501
2019-08-28 00:00:00,203.2799988,199.6600037,203.8099976,197.1600037,1195400.0,195.0530853
2019-08-29 00:00:00,207.6600037,207.0,210.0,206.2799988,1817300.0,199.2558136
2019-08-30 00:00:00,210.5099945,211.3800049,213.0500031,209.3399963,1194300.0,201.9904785
2019-09-03 00:00:00,212.9400024,211.0,214.0099945,209.0200043,1852900.0,204.3221283
2019-09-04 00:00:00,221.6000061,215.2799988,222.2200012,215.2299957,2403200.0,212.6316681
2019-09-05 00:00:00,226.7400055,227.1699982,232.2599945,225.5399933,2837300.0,217.5636597
2019-09-06 00:00:00,227.9199982,227.1100006,229.9400024,225.1000061,1680700.0,218.6958618
2019-09-09 00:00:00,230.3399963,229.7200012,232.6399994,228.1699982,2194800.0,221.0179291
2019-09-10 00:00:00,231.9400024,229.6499939,232.0,226.4900055,1727400.0,222.5531921
2019-09-11 00:00:00,234.0099945,232.1799927,234.75,230.5599976,1828800.0,224.5394135
2019-09-12 00:00:00,234.8699951,235.0,236.3399963,231.6900024,1230800.0,225.364624
2019-09-13 00:00:00,235.5599976,236.6300049,237.8999939,233.9400024,1598200.0,226.0266876
2019-09-16 00:00:00,234.9400024,232.7899933,237.0800018,230.6199951,1159600.0,225.4317627
2019-09-17 00:00:00,236.7799988,234.1900024,236.8000031,232.3999939,1429100.0,227.1973114
2019-09-18 00:00:00,237.6399994,235.0099945,238.6900024,234.3200073,1491600.0,228.022522
2019-09-19 00:00:00,236.8600006,238.8000031,238.8999939,235.3600006,1252600.0,227.2740631
2019-09-20 00:00:00,235.3099976,237.2100067,239.3999939,233.3099976,3320600.0,225.7868042
2019-09-23 00:00:00,238.2400055,235.0,240.0899963,234.3800049,1202500.0,228.5982361
2019-09-24 00:00:00,235.8600006,239.1999969,240.0,234.3200073,1818000.0,226.3145599
2019-09-25 00:00:00,241.6000061,232.9900055,241.9600067,232.7700043,1706300.0,231.8222198
2019-09-26 00:00:00,242.8300018,241.8500061,244.9799957,241.1000061,1668400.0,233.0024567
2019-09-27 00:00:00,230.0800018,238.8099976,238.8099976,227.4600067,2940900.0,220.7684631
2019-09-30 00:00:00,231.1100006,229.7299957,233.3099976,227.2899933,1543500.0,222.8707581
2019-10-01 00:00:00,230.3899994,233.0,235.5299988,228.2100067,1493400.0,222.1763763
2019-10-02 00:00:00,228.0,227.1799927,229.5800018,225.9499969,1475700.0,219.8716125
2019-10-03 00:00:00,229.0500031,229.3200073,230.1199951,225.1699982,1361600.0,220.884201
2019-10-04 00:00:00,233.2700043,230.1699982,233.4100037,229.4299927,1061300.0,224.9537659
2019-10-07 00:00:00,232.1399994,233.1699982,234.5,231.9199982,1128500.0,223.8640289
2019-10-08 00:00:00,227.6999969,229.8699951,231.25,225.0,1502800.0,219.5823212
2019-10-09 00:00:00,233.1300049,232.0,234.7400055,231.0700073,1573900.0,224.8187408
2019-10-10 00:00:00,234.6199951,232.5899963,237.4100037,232.1699982,1288700.0,226.2556152
2019-10-11 00:00:00,237.0899963,239.8099976,240.2799988,236.6100006,1199500.0,228.6375427
2019-10-14 00:00:00,236.2799988,236.4199982,238.3000031,235.6399994,770300.0,227.8564453
2019-10-15 00:00:00,242.0500031,237.7599945,243.5800018,236.8000031,1793200.0,233.4207153
2019-10-16 00:00:00,234.7599945,238.0,239.8899994,233.7599945,1941300.0,226.3906403
2019-10-17 00:00:00,236.1000061,238.8899994,240.2899933,235.2799988,1280800.0,227.6828461
2019-10-18 00:00:00,233.6999969,235.6999969,235.6999969,230.2299957,1523800.0,225.3684082
2019-10-21 00:00:00,238.4600067,236.9799957,239.8699951,235.25,1215200.0,229.9586945
2019-10-22 00:00:00,234.9100037,239.5899963,240.0500031,234.8399963,990100.0,226.5352783
2019-10-23 00:00:00,233.1799927,232.5700073,235.4799957,231.1499939,1978600.0,224.8669434
2019-10-24 00:00:00,265.6000061,252.4499969,265.8500061,251.9499969,5683100.0,256.131134
2019-10-25 00:00:00,270.0499878,265.0,270.6300049,263.0100098,2507200.0,260.4224854
2019-10-28 00:00:00,281.25,272.5400085,282.0,272.1000061,2528100.0,271.2232056
2019-10-29 00:00:00,276.4899902,280.4700012,282.8800049,275.5700073,2079600.0,266.6329346
2019-10-30 00:00:00,277.5599976,276.4100037,278.3599854,274.0,1172500.0,267.6647644
2019-10-31 00:00:00,271.0400085,276.7900085,277.5400085,267.230011,2699300.0,261.3771973
2019-11-01 00:00:00,278.2600098,273.8200073,278.5100098,272.2999878,1545300.0,268.3398438
2019-11-04 00:00:00,278.1000061,280.0,281.7200012,274.4100037,1290400.0,268.1855164
2019-11-05 00:00:00,277.9500122,279.5499878,280.8200073,274.3900146,1483900.0,268.0409241
2019-11-06 00:00:00,275.5100098,276.4599915,276.7200012,270.25,1690700.0,265.6878662
2019-11-07 00:00:00,274.1099854,278.25,278.2999878,272.2999878,1106700.0,264.337738
2019-11-08 00:00:00,272.6799927,271.2999878,273.25,269.1000061,1373000.0,262.9587097
2019-11-11 00:00:00,271.2600098,269.6600037,273.1099854,268.6300049,1179400.0,261.5893555
2019-11-12 00:00:00,270.0100098,275.6000061,276.5700073,269.0,1106100.0,260.3839417
2019-11-13 00:00:00,272.4599915,268.8699951,272.8699951,267.6700134,861100.0,262.7466431
2019-11-14 00:00:00,275.0899963,271.7999878,275.8099976,270.8099976,1202900.0,265.2828064
2019-11-15 00:00:00,283.6799927,280.1400146,285.8699951,280.0,2126400.0,273.5665588
2019-11-18 00:00:00,282.7000122,282.7600098,285.769989,280.7999878,1366200.0,272.621521
2019-11-19 00:00:00,276.7600098,284.5700073,284.5700073,276.5799866,1365400.0,266.89328
2019-11-20 00:00:00,274.1300049,275.980011,277.2600098,270.3999939,1266100.0,264.3570557
2019-11-21 00:00:00,263.8999939,265.7200012,269.6799927,262.8999939,2407000.0,254.491745
2019-11-22 00:00:00,261.980011,265.480011,266.6700134,260.1199951,1273600.0,252.640213
2019-11-25 00:00:00,269.0100098,264.0700073,270.0599976,263.6700134,1988500.0,259.4196167
2019-11-26 00:00:00,269.5599976,270.0,271.4100037,267.2200012,1789800.0,259.9499512
2019-11-27 00:00:00,270.9400024,270.7999878,272.0599976,269.3800049,874400.0,261.2807617
2019-11-29 00:00:00,266.8299866,270.7999878,270.7999878,265.7900085,759000.0,257.3172913
2019-12-02 00:00:00,262.9400024,266.480011,266.480011,261.3299866,1316600.0,253.565979
2019-12-03 00:00:00,257.8399963,256.7900085,261.6000061,255.5,1594700.0,248.6477966
2019-12-04 00:00:00,262.8699951,262.75,264.4400024,261.3699951,1207300.0,253.4984283
2019-12-05 00:00:00,264.8200073,264.6499939,265.25,262.4299927,1103800.0,255.3789978
2019-12-06 00:00:00,269.8599854,268.0,272.5799866,266.8500061,1358900.0,260.2392578
2019-12-09 00:00:00,268.019989,271.3099976,272.2099915,267.0599976,1027200.0,258.4648438
2019-12-10 00:00:00,268.9899902,268.5,271.6300049,267.1799927,1183000.0,260.5180969
2019-12-11 00:00:00,275.3999939,268.75,276.0499878,268.519989,1557900.0,266.7261963
2019-12-12 00:00:00,284.7000122,274.4500122,285.5299988,274.0899963,1827600.0,275.7333069
2019-12-13 00:00:00,281.9500122,283.8900146,288.8699951,280.5100098,2278600.0,273.0699158
2019-12-16 00:00:00,284.25,286.1499939,288.4400024,284.25,1526300.0,275.2974854
2019-12-17 00:00:00,290.5700073,286.5,291.25,285.3299866,2101800.0,281.418396
2019-12-18 00:00:00,288.019989,290.4100037,292.25,286.8900146,1411600.0,278.948761
2019-12-19 00:00:00,293.2900085,290.6099854,293.4100037,288.2799988,1332400.0,284.0527954
2019-12-20 00:00:00,297.4100037,297.7900085,299.3900146,293.7200012,3350900.0,288.0430298
2019-12-23 00:00:00,294.4500122,298.3800049,299.0,294.269989,1160900.0,285.1762695
2019-12-24 00:00:00,294.480011,295.6900024,296.0799866,292.1199951,386600.0,285.2052917
2019-12-26 00:00:00,294.9200134,294.9700012,295.3200073,293.1400146,622000.0,285.6314087
2019-12-27 00:00:00,293.7000122,295.9200134,296.3699951,292.769989,608200.0,284.4498596
2019-12-30 00:00:00,292.5400085,292.5100098,293.2099915,287.6400146,850600.0,283.326416
2019-12-31 00:00:00,292.3999939,291.5,292.5899963,288.519989,915400.0,283.1907654
2020-01-02 00:00:00,297.8900146,295.7799988,299.7999878,294.4899902,1506400.0,288.5079041
2020-01-03 00:00:00,294.6900024,292.0499878,296.8099976,291.7200012,962200.0,285.4086914
2020-01-06 00:00:00,289.1900024,289.7900085,292.0299988,287.5400085,1340500.0,280.0819397
2020-01-07 00:00:00,296.2399902,291.7399902,298.5400085,291.3800049,1559500.0,286.9098816
2020-01-08 00:00:00,299.9700012,297.480011,301.6700134,295.2000122,1553700.0,290.5223999
2020-01-09 00:00:00,297.9299927,302.1199951,303.8800049,293.5,1374800.0,288.5466309
2020-01-10 00:00:00,294.3399963,299.1099854,301.2799988,292.9500122,1405200.0,285.0697021
2020-01-13 00:00:00,297.2900085,294.3800049,297.3299866,292.5100098,1399400.0,287.9268188
2020-01-14 00:00:00,300.7600098,300.1400146,304.3699951,296.7399902,1731900.0,291.2874756
2020-01-15 00:00:00,298.3399963,299.2799988,300.5499878,296.7200012,1082900.0,288.9436646
2020-01-16 00:00:00,305.9500122,301.8200073,307.2600098,300.9500122,1606800.0,296.3140564
2020-01-17 00:00:00,308.0,307.0499878,308.4899902,302.1600037,1929900.0,298.2994385
2020-01-21 00:00:00,308.6799927,308.1900024,311.9100037,307.3099976,1500000.0,298.9580078
2020-01-22 00:00:00,311.3399963,311.0,315.3599854,310.75,1504000.0,301.5342712
2020-01-23 00:00:00,312.4200134,312.0,312.6799927,307.5499878,1556600.0,302.5802612
2020-01-24 00:00:00,306.5400085,315.8900146,316.730011,303.7099915,1632200.0,296.885437
2020-01-27 00:00:00,293.7900085,297.0299988,298.6799927,292.6900024,1910900.0,284.5369873
2020-01-28 00:00:00,301.6900024,298.7799988,303.25,293.3599854,1815000.0,292.1882324
2020-01-29 00:00:00,298.2200012,302.230011,303.9899902,295.9100037,1808000.0,288.8274841
2020-01-30 00:00:00,310.9500122,318.3999939,319.0,305.7600098,3943100.0,301.1565247
2020-01-31 00:00:00,298.2099915,308.0,308.9700012,297.269989,2436500.0,288.8177795
2020-02-03 00:00:00,308.4400024,300.0,309.5799866,300.0,1945400.0,298.725647
2020-02-04 00:00:00,325.3999939,316.5599976,326.8200073,316.1199951,2531000.0,315.1514282
2020-02-05 00:00:00,325.6199951,331.230011,332.5299988,323.7000122,2157200.0,315.3645325
2020-02-06 00:00:00,323.519989,326.0,326.8500061,323.0,1262500.0,313.3306885
2020-02-07 00:00:00,315.3999939,320.6300049,321.2799988,314.7200012,1602600.0,305.4664001
2020-02-10 00:00:00,319.8299866,313.980011,319.8900146,313.0,1088400.0,309.756897
2020-02-11 00:00:00,325.6700134,322.8699951,326.8299866,322.8699951,1520700.0,315.4129944
2020-02-12 00:00:00,334.6199951,328.0,335.1799927,328.0,1687200.0,324.0810852
2020-02-13 00:00:00,341.5799866,335.0499878,344.3200073,333.6199951,2110200.0,330.8218384
2020-02-14 00:00:00,339.2999878,341.4899902,344.2099915,336.7600098,1109900.0,328.6136475
2020-02-18 00:00:00,325.3399963,323.2399902,332.0,323.0,2749400.0,315.0933533
2020-02-19 00:00:00,333.8500061,331.1799927,335.4100037,330.2999878,1539600.0,323.3353271
2020-02-20 00:00:00,328.4899902,331.9500122,334.0400085,324.019989,1887800.0,318.1441345
2020-02-21 00:00:00,316.7999878,326.2200012,327.0400085,315.2399902,2160600.0,306.8222961
2020-02-24 00:00:00,300.4599915,299.2000122,305.3099976,295.1199951,3102200.0,290.9969177
2020-02-25 00:00:00,292.2200012,305.8200073,306.8999939,289.3900146,2549800.0,283.01651
2020-02-26 00:00:00,296.6000061,296.2399902,304.6300049,294.6199951,2379600.0,287.2584839
2020-02-27 00:00:00,285.7000122,285.6400146,293.7600098,282.0100098,2872200.0,276.7018127
2020-02-28 00:00:00,293.4299927,275.8200073,294.4500122,273.6600037,3195600.0,284.1883545
2020-03-02 00:00:00,300.3299866,296.6400146,300.5499878,284.019989,2347300.0,290.8710327
2020-03-03 00:00:00,291.4599915,300.2999878,308.2999878,288.5899963,2510300.0,282.280426
2020-03-04 00:00:00,306.2399902,298.8699951,306.2999878,293.7999878,1917000.0,296.5949097
2020-03-05 00:00:00,299.1300049,297.8500061,309.6499939,296.0,2037000.0,289.7088623
2020-03-06 00:00:00,294.4100037,290.769989,298.6700134,285.25,2048600.0,285.1374817
2020-03-09 00:00:00,267.6000061,273.0,283.2600098,267.230011,2649500.0,259.171875
2020-03-10 00:00:00,287.5700073,275.6799927,287.8599854,267.4400024,2372500.0,278.5129395
2020-03-11 00:00:00,276.6300049,278.5400085,284.4899902,272.5799866,3144100.0,267.91745
2020-03-12 00:00:00,237.8500061,257.0700073,265.5899963,237.4499969,3684400.0,230.3588715
2020-03-13 00:00:00,261.7799988,254.0,262.9400024,242.6300049,2692000.0,253.5351715
2020-03-16 00:00:00,213.5399933,223.8200073,245.7700043,213.0800018,3096000.0,206.8144989
2020-03-17 00:00:00,229.3000031,217.0700073,237.8300018,203.7299957,3669400.0,222.0781403
2020-03-18 00:00:00,194.1399994,203.4400024,215.3399963,181.3800049,3607200.0,188.0255127
2020-03-19 00:00:00,195.0099945,190.5200043,201.3999939,187.0200043,3343900.0,188.8681183
2020-03-20 00:00:00,187.8899994,200.0099945,224.1399994,187.1100006,3904500.0,181.9723511
2020-03-23 00:00:00,192.8500061,190.6799927,199.9499969,185.8399963,3027200.0,186.7761536
2020-03-24 00:00:00,230.6399994,209.4900055,232.6300049,207.3699951,2921200.0,224.7159576
2020-03-25 00:00:00,233.5500031,231.8200073,250.1100006,228.3099976,2837400.0,227.551239
2020-03-26 00:00:00,260.3399963,240.1799927,260.980011,235.0,3166300.0,253.6531067
2020-03-27 00:00:00,241.2200012,253.3500061,262.8800049,240.3999939,3203300.0,235.0242157
2020-03-30 00:00:00,255.3000031,246.4600067,257.9299927,241.2400055,2129800.0,248.742569
2020-03-31 00:00:00,240.0,252.25,254.9900055,238.0899963,2783600.0,233.8355713
2020-04-01 00:00:00,223.3300018,228.9499969,237.1999969,220.2100067,2465500.0,217.5937347
2020-04-02 00:00:00,220.5700073,219.5800018,226.3600006,215.9199982,1891400.0,214.9046326
2020-04-03 00:00:00,218.1499939,223.0599976,224.4400024,213.2899933,1490600.0,212.5467529
2020-04-06 00:00:00,250.75,231.6199951,252.3999939,229.0800018,3327200.0,244.309433
2020-04-07 00:00:00,256.2200012,264.1799927,265.0,251.4400024,2577800.0,249.638916
2020-04-08 00:00:00,266.75,259.8900146,272.269989,257.3299866,1892300.0,259.8984985
2020-04-09 00:00:00,258.2799988,271.7000122,277.4200134,255.7599945,2617300.0,251.6460266
2020-04-13 00:00:00,258.7799988,256.2099915,259.2999878,250.2400055,1410700.0,252.133194
2020-04-14 00:00:00,272.5100098,266.2000122,274.4899902,263.5899963,1626800.0,265.510498
2020-04-15 00:00:00,262.8099976,266.0,266.3999939,258.5499878,1542800.0,256.0596619
2020-04-16 00:00:00,270.7099915,270.0100098,274.9400024,263.2900085,2077800.0,263.7568054
2020-04-17 00:00:00,279.019989,278.1600037,280.2200012,271.4700012,1831600.0,271.8533325
2020-04-20 00:00:00,266.730011,273.0299988,274.9200134,266.3399963,1782300.0,259.8789978
2020-04-21 00:00:00,243.6300049,262.4200134,263.4100037,242.5700073,2999000.0,237.3723297
2020-04-22 00:00:00,271.7799988,255.4600067,273.3699951,255.4600067,3565800.0,264.7993164
2020-04-23 00:00:00,263.9599915,268.8500061,276.4700012,262.7900085,2624900.0,257.1801147
2020-04-24 00:00:00,266.6700134,268.5299988,268.6799927,258.1099854,1528900.0,259.8205261
2020-04-27 00:00:00,264.4100037,270.2000122,274.4299927,262.8800049,2136100.0,257.6185913
2020-04-28 00:00:00,261.8500061,270.230011,271.4899902,259.4700012,1731600.0,255.1243134
2020-04-29 00:00:00,279.9899902,268.0,281.9500122,265.1700134,2155800.0,272.7984314
2020-04-30 00:00:00,255.2799988,275.0,275.6900024,254.7100067,3887100.0,248.7230835
2020-05-01 00:00:00,235.0200043,246.7299957,247.0,229.6900024,5715100.0,228.9834747
2020-05-04 00:00:00,234.5200043,233.9799957,234.9799957,231.3800049,2631300.0,228.4963226
2020-05-05 00:00:00,242.8099976,240.6100006,252.0399933,239.8999939,2268600.0,236.5733795
2020-05-06 00:00:00,244.5599976,249.3500061,254.4900055,244.0099945,2350800.0,238.2784271
2020-05-07 00:00:00,247.6300049,250.0,253.7599945,247.1000061,1541700.0,241.2696075
2020-05-08 00:00:00,265.3999939,252.8999939,266.3699951,252.0599976,2838100.0,258.5831604
2020-05-11 00:00:00,262.230011,262.4700012,265.1900024,259.1000061,1762600.0,255.4945068
2020-05-12 00:00:00,255.9799957,265.269989,266.9100037,255.7100067,1764500.0,249.4051056
2020-05-13 00:00:00,248.1900024,255.9600067,257.2399902,241.7799988,2545900.0,241.8152008
2020-05-14 00:00:00,269.0,243.5599976,269.9899902,240.3399963,3576000.0,262.0906677
2020-05-15 00:00:00,251.8399963,252.75,258.0899963,248.8099976,3681900.0,245.3714294
2020-05-18 00:00:00,257.4700012,259.4899902,262.9899902,253.4600067,2660400.0,250.8568726
2020-05-19 00:00:00,261.6600037,257.8500061,268.2000122,256.4100037,1901500.0,254.9391937
2020-05-20 00:00:00,271.1700134,268.0,273.4200134,267.1199951,2059700.0,264.2049561
2020-05-21 00:00:00,260.7000122,270.25,271.2900085,260.0,1772700.0,254.0038757
2020-05-22 00:00:00,261.1400146,262.3599854,263.8299866,257.6300049,1755900.0,254.4325714
2020-05-26 00:00:00,266.3599854,269.5,272.0499878,265.8399963,1909900.0,259.5184937
2020-05-27 00:00:00,276.1099854,268.3200073,276.4599915,258.2099915,2458700.0,269.0180359
2020-05-28 00:00:00,266.8200073,273.0,279.8099976,265.3699951,2286800.0,259.9667053
2020-05-29 00:00:00,273.6700134,270.5100098,275.7999878,266.0899963,2794700.0,266.6407166
2020-06-01 00:00:00,270.9700012,270.6000061,276.269989,269.8599854,1378500.0,264.0101013
2020-06-02 00:00:00,271.4599915,272.4100037,273.4899902,267.1000061,1697400.0,264.4874878
2020-06-03 00:00:00,286.8900146,278.5100098,290.0,275.5499878,2427800.0,279.5211487
2020-06-04 00:00:00,291.8399963,285.5299988,293.6000061,283.1600037,2059200.0,284.3440552
2020-06-05 00:00:00,304.9200134,299.8900146,310.0,299.3800049,2499600.0,297.0880737
2020-06-08 00:00:00,297.5899963,306.8500061,308.0299988,296.2099915,1689400.0,289.9463501
2020-06-09 00:00:00,302.3299866,295.6499939,305.769989,293.1099854,1632100.0,294.5645752
2020-06-10 00:00:00,301.2999878,301.4100037,304.6700134,299.4500122,1607300.0,293.5609741
2020-06-11 00:00:00,282.4299927,292.2900085,298.6300049,281.8800049,2062500.0,275.1757507
2020-06-12 00:00:00,284.519989,292.7999878,294.3999939,276.6600037,2163800.0,277.2120667
2020-06-15 00:00:00,291.1400146,275.8500061,291.7399902,274.5100098,2109500.0,283.6620178
2020-06-16 00:00:00,305.480011,303.480011,308.75,299.6700134,2548300.0,298.8140564
2020-06-17 00:00:00,313.7799988,310.5899963,314.4400024,307.6199951,1844200.0,306.9328613
2020-06-18 00:00:00,314.7999878,314.0100098,317.730011,312.5299988,1274000.0,307.9306335
2020-06-19 00:00:00,315.25,320.2999878,325.1199951,313.5400085,2610200.0,308.3708191
2020-06-22 00:00:00,312.2999878,312.0,314.8399963,307.0599976,1541000.0,305.485199
2020-06-23 00:00:00,315.980011,315.019989,319.0599976,312.5,1764700.0,309.0848999
2020-06-24 00:00:00,305.7799988,311.0400085,316.6300049,303.9700012,1790900.0,299.1074219
2020-06-25 00:00:00,312.6000061,308.1700134,313.3800049,300.6099854,1593500.0,305.778595
2020-06-26 00:00:00,302.519989,312.3999939,312.6900024,300.3599854,4233700.0,295.9185791
2020-06-29 00:00:00,308.4599915,303.75,309.0,300.6099854,1476200.0,301.7290039
2020-06-30 00:00:00,323.4599915,311.1900024,325.7999878,308.9299927,2789600.0,316.4016418
2020-07-01 00:00:00,317.480011,322.1499939,322.769989,316.1199951,1527100.0,310.552124
2020-07-02 00:00:00,323.7000122,322.8599854,327.4500122,318.6400146,1711200.0,316.6364441
2020-07-06 00:00:00,334.9599915,330.0100098,336.9899902,328.980011,1414800.0,327.6506958
2020-07-07 00:00:00,327.8900146,332.1300049,337.269989,327.5,1276500.0,320.7349854
2020-07-08 00:00:00,333.7999878,332.7900085,335.3999939,329.3900146,989600.0,326.5160217
2020-07-09 00:00:00,335.7600098,337.3599854,338.9299927,331.0499878,1659900.0,328.4332581
2020-07-10 00:00:00,339.980011,335.0899963,340.2900085,330.6499939,1432400.0,332.5611877
2020-07-13 00:00:00,337.1400146,343.0,350.2399902,336.8500061,2160400.0,329.7831726
2020-07-14 00:00:00,346.0599976,336.0700073,347.5100098,331.3999939,2018800.0,338.5084839
2020-07-15 00:00:00,343.2200012,347.0700073,348.7999878,335.6099854,1637000.0,335.7304993
2020-07-16 00:00:00,344.8800049,340.269989,346.7099915,338.8900146,1182800.0,337.3542175
2020-07-17 00:00:00,346.269989,347.8599854,348.3299866,341.1499939,1129000.0,338.7138977
2020-07-20 00:00:00,353.75,346.269989,355.9400024,342.0100098,1248300.0,346.0306396
2020-07-21 00:00:00,357.019989,357.3699951,362.2000122,352.3399963,1743600.0,349.2293091
2020-07-22 00:00:00,361.9599915,359.9700012,363.0,356.5,1036500.0,354.0615234
2020-07-23 00:00:00,354.8200073,358.8500061,367.5599976,350.9100037,1724900.0,347.0773926
2020-07-24 00:00:00,345.7200012,344.2099915,348.0,336.2799988,2002800.0,338.1759338
2020-07-27 00:00:00,358.0799866,347.4400024,360.0799866,346.6799927,1752100.0,350.2662048
2020-07-28 00:00:00,348.9299927,354.6099854,358.9299927,348.6000061,1332400.0,341.3158569
2020-07-29 00:00:00,360.8299866,352.1000061,361.8399963,349.0,2167300.0,352.9561462
2020-07-30 00:00:00,378.5400085,367.7799988,381.480011,367.0799866,2567800.0,370.2797241
2020-07-31 00:00:00,377.1600037,379.5599976,380.1600037,369.2900085,2039100.0,368.9298706
2020-08-03 00:00:00,381.4100037,380.7999878,387.7000122,379.1799927,1517800.0,373.0871277
2020-08-04 00:00:00,384.9599915,382.1799927,385.75,380.2200012,1148200.0,376.5596313
2020-08-05 00:00:00,383.4700012,384.5799866,387.0899963,382.2799988,846000.0,375.1021423
2020-08-06 00:00:00,377.8099976,377.0,379.6000061,370.7900085,1699600.0,369.5656433
2020-08-07 00:00:00,372.4400024,378.3800049,381.6900024,366.4500122,1385400.0,364.3128662
2020-08-10 00:00:00,375.7600098,372.4400024,376.8200073,369.1499939,929200.0,367.5603943
2020-08-11 00:00:00,369.0100098,378.8599854,380.8699951,367.3900146,1110100.0,360.9577026
2020-08-12 00:00:00,381.519989,372.1799927,383.2799988,369.9299927,1223000.0,373.1946716
2020-08-13 00:00:00,377.019989,380.0100098,382.4500122,374.3800049,1076400.0,368.7929077
2020-08-14 00:00:00,373.6400146,379.0,384.9899902,373.0,1344600.0,365.4866638
2020-08-17 00:00:00,379.0799866,376.5499878,384.1700134,372.8099976,1418400.0,370.8079224
2020-08-18 00:00:00,374.5700073,381.9500122,382.7000122,372.9299927,1047300.0,366.3963928
2020-08-19 00:00:00,372.1900024,374.0299988,376.1900024,368.2600098,1074600.0,364.0683289
2020-08-20 00:00:00,358.5,360.1000061,363.3999939,355.269989,2214000.0,350.6770325
2020-08-21 00:00:00,353.4400024,355.9200134,356.7099915,350.3299866,2555500.0,345.727478
2020-08-24 00:00:00,351.019989,359.3999939,360.6700134,347.3200073,1682300.0,343.3602295
2020-08-25 00:00:00,352.5,353.0499878,356.2999878,350.5,1310200.0,344.8079529
2020-08-26 00:00:00,351.7999878,352.5499878,354.0,348.0700073,1194700.0,344.1231995
2020-08-27 00:00:00,341.4500122,354.8599854,354.8599854,338.5899963,1902200.0,333.999115
2020-08-28 00:00:00,350.7799988,342.6600037,351.9899902,341.4500122,1596200.0,343.1254883
2020-08-31 00:00:00,336.3399963,348.5499878,349.1499939,336.2399902,2533400.0,329.0005798
2020-09-01 00:00:00,340.5599976,339.5499878,346.5,337.5700073,2087300.0,333.1285095
2020-09-02 00:00:00,362.7000122,345.980011,365.1400146,344.25,2763100.0,354.7854309
2020-09-03 00:00:00,341.5299988,357.2999878,357.2999878,339.3999939,2556600.0,334.0773315
2020-09-04 00:00:00,333.1199951,339.0,339.8999939,319.6900024,2470900.0,325.8508911
2020-09-08 00:00:00,302.7200012,310.9599915,316.4599915,302.1900024,3113800.0,296.1142273
2020-09-09 00:00:00,300.9100037,310.9599915,311.8099976,300.3299866,3086700.0,294.3437195
2020-09-10 00:00:00,297.5100098,303.7600098,305.7099915,295.7799988,2085200.0,291.0179443
2020-09-11 00:00:00,293.9899902,300.5400085,303.3399963,292.2799988,1727200.0,287.5747375
2020-09-14 00:00:00,305.4200134,301.769989,308.6199951,299.6300049,1954700.0,298.7553406
2020-09-15 00:00:00,308.9299927,310.6099854,312.8200073,303.0,1714100.0,302.1887207
2020-09-16 00:00:00,306.6000061,311.6700134,314.3800049,305.8599854,1415700.0,299.9095764
2020-09-17 00:00:00,305.8900146,296.1700134,308.5899963,296.1700134,1913600.0,299.2150574
2020-09-18 00:00:00,307.2099915,308.2600098,310.8299866,301.8900146,2660300.0,300.5063171
2020-09-21 00:00:00,314.9599915,305.0799866,317.8200073,300.7000122,1880200.0,308.0871277
2020-09-22 00:00:00,318.6900024,318.3299866,319.730011,310.1900024,1507200.0,311.7357178
2020-09-23 00:00:00,317.019989,322.3800049,327.5899963,315.8599854,2228900.0,310.1022034
2020-09-24 00:00:00,327.1700134,314.019989,334.1799927,314.019989,2206800.0,320.0307312
2020-09-25 00:00:00,330.269989,324.7200012,331.8900146,322.0,1551200.0,323.0630188
2020-09-28 00:00:00,336.6099854,331.4200134,337.8500061,328.7000122,1792800.0,329.264679
2020-09-29 00:00:00,337.7099915,333.9299927,342.5599976,333.7900085,1799700.0,331.6214294
2020-09-30 00:00:00,331.75,335.2399902,338.230011,330.2000122,1989200.0,325.7688904
2020-10-01 00:00:00,339.1300049,339.1400146,339.25,333.1400146,1693500.0,333.0158691
2020-10-02 00:00:00,328.7099915,329.3599854,335.8599854,328.5599976,1196000.0,322.7837219
2020-10-05 00:00:00,342.230011,333.0,343.0499878,332.6099854,1540300.0,336.059906
2020-10-06 00:00:00,340.980011,340.9599915,351.0799866,339.4100037,1425100.0,334.8325195
2020-10-07 00:00:00,345.769989,347.3999939,351.5,343.5100098,1108400.0,339.5361328
2020-10-08 00:00:00,355.4299927,348.3699951,355.6700134,347.0,1193000.0,349.0219421
2020-10-09 00:00:00,362.7099915,360.8999939,364.6600037,359.1700134,1195700.0,356.1707153
2020-10-12 00:00:00,370.1099854,369.4299927,373.3900146,367.1300049,1454700.0,363.4372559
2020-10-13 00:00:00,374.1900024,372.0,378.5,367.3999939,1229200.0,367.4437561
2020-10-14 00:00:00,374.2399902,375.3200073,381.9599915,370.2099915,1414500.0,367.4927979
2020-10-15 00:00:00,375.4899902,362.769989,376.2999878,358.9200134,1682900.0,368.7202759
2020-10-16 00:00:00,364.9599915,376.5,376.5,364.6499939,1591100.0,358.3800964
2020-10-19 00:00:00,363.5700073,367.5,369.6600037,362.0100098,1359000.0,357.0152283
2020-10-20 00:00:00,363.5700073,366.0,368.5100098,362.5,932600.0,357.0152283
2020-10-21 00:00:00,366.6199951,363.0799866,371.0,362.019989,1681100.0,360.0101929
2020-10-22 00:00:00,358.0100098,360.3599854,363.3299866,353.0799866,2233100.0,351.5554504
2020-10-23 00:00:00,353.9200134,360.0,362.5,350.3200073,1231700.0,347.5392151
2020-10-26 00:00:00,347.6300049,350.3599854,353.4700012,343.2999878,1236500.0,341.3625793
2020-10-27 00:00:00,343.8299866,348.5299988,349.6700134,342.5400085,1075700.0,337.631073
2020-10-28 00:00:00,338.8999939,336.9299927,344.5400085,333.3099976,1639200.0,332.7900085
2020-10-29 00:00:00,353.2600098,339.019989,358.1900024,338.7999878,1607700.0,346.8911133
2020-10-30 00:00:00,342.0799866,348.0499878,352.7200012,338.269989,1749900.0,335.9125977
2020-11-02 00:00:00,350.9500122,348.1199951,354.4700012,345.1799927,1342800.0,344.6227417
2020-11-03 00:00:00,370.5299988,356.6900024,373.1700134,355.1199951,1716200.0,363.8497314
2020-11-04 00:00:00,380.3399963,373.8900146,383.2000122,367.2799988,1528000.0,373.4828491
2020-11-05 00:00:00,399.7099915,390.0,400.3399963,388.4500122,1812900.0,392.5036011
2020-11-06 00:00:00,409.4200134,399.8800049,412.0100098,395.8500061,1473800.0,402.0385742
2020-11-09 00:00:00,416.2799988,425.0,436.0,415.8099976,1935200.0,408.7749023
2020-11-10 00:00:00,407.8699951,409.0899963,415.7399902,404.4599915,1485600.0,400.5165405
2020-11-11 00:00:00,424.0,411.980011,428.6099854,410.0,1441600.0,416.3556824
2020-11-12 00:00:00,418.4599915,424.8500061,426.0,416.3500061,950200.0,410.9155579
2020-11-13 00:00:00,426.3099976,425.230011,429.75,424.0899963,1136000.0,418.624054
2020-11-16 00:00:00,439.2900085,430.7999878,439.6499939,427.0700073,1346500.0,431.3701172
2020-11-17 00:00:00,431.9299927,435.5,437.8200073,428.9500122,991900.0,424.1427307
2020-11-18 00:00:00,430.3299866,436.1099854,438.8399963,430.0,1304700.0,422.5715637
2020-11-19 00:00:00,437.6799927,428.9599915,438.8699951,425.0,1124800.0,429.789093
2020-11-20 00:00:00,433.6400146,438.5,444.9599915,433.3800049,1445600.0,425.8219299
2020-11-23 00:00:00,448.7399902,436.5799866,449.8699951,435.0499878,1088500.0,440.6496887
2020-11-24 00:00:00,446.4400024,450.0,451.1199951,440.75,1200900.0,438.3911133
2020-11-25 00:00:00,446.7799988,448.4500122,449.5299988,440.5,848900.0,438.7249756
2020-11-27 00:00:00,456.5400085,450.1900024,460.6199951,449.8200073,727900.0,448.309021
2020-11-30 00:00:00,452.6600037,455.2000122,456.8900146,445.6000061,1434100.0,444.4989929
2020-12-01 00:00:00,467.6499939,460.0599976,469.4899902,457.5899963,1401900.0,459.2187195
2020-12-02 00:00:00,479.2200012,466.2600098,480.980011,465.5499878,1811300.0,470.5801697
2020-12-03 00:00:00,484.0700073,480.1400146,491.75,479.2200012,1595500.0,475.3427429
2020-12-04 00:00:00,499.980011,486.9400024,501.6000061,486.1600037,1755100.0,490.9658813
2020-12-07 00:00:00,508.6799927,499.4299927,509.4500122,495.3500061,1565000.0,499.5089722
2020-12-08 00:00:00,511.6600037,505.6199951,516.6500244,505.3500061,1328700.0,503.7225952
2020-12-09 00:00:00,493.8299866,509.0400085,514.6799927,489.7200012,1999700.0,486.1691895
2020-12-10 00:00:00,490.1499939,489.9500122,496.2000122,484.7999878,1303100.0,482.5462952
2020-12-11 00:00:00,491.7000122,488.4700012,494.2799988,483.730011,1495000.0,484.0722351
2020-12-14 00:00:00,491.8699951,495.6900024,500.980011,490.1799927,1054500.0,484.239624
2020-12-15 00:00:00,495.3299866,500.0,503.25,492.6700134,1185700.0,487.6459351
2020-12-16 00:00:00,493.3099976,496.0100098,496.480011,489.2799988,1514800.0,485.6572266
2020-12-17 00:00:00,486.2399902,489.6400146,491.8800049,482.8599854,1433500.0,478.696991
2020-12-18 00:00:00,480.9700012,484.2399902,485.7099915,477.7000122,2587700.0,473.5087585
2020-12-21 00:00:00,483.230011,469.1199951,484.7099915,468.7399902,1703100.0,475.7336426
2020-12-22 00:00:00,476.9500122,479.4299927,481.7399902,473.3999939,966300.0,469.5510254
2020-12-23 00:00:00,471.1300049,479.6199951,480.7900085,470.9100037,720600.0,463.8213196
2020-12-24 00:00:00,480.3399963,473.6799927,480.3399963,472.8999939,333000.0,472.8884888
2020-12-28 00:00:00,476.1000061,485.5799866,487.4299927,475.3599854,692800.0,468.7142334
2020-12-29 00:00:00,473.2200012,475.6600037,477.019989,469.0,901700.0,465.8789368
2020-12-30 00:00:00,484.4500122,478.3699951,488.3399963,476.1199951,881900.0,476.9347534
2020-12-31 00:00:00,472.269989,482.2999878,483.980011,465.5,1663000.0,464.9436646
2021-01-04 00:00:00,478.019989,478.1499939,491.9599915,473.3200073,1768600.0,470.6044617
2021-01-05 00:00:00,494.5499878,479.4500122,498.8299866,479.4500122,1609900.0,486.8779907
2021-01-06 00:00:00,496.4899902,490.5299988,505.7099915,489.0,1334200.0,488.7879028
2021-01-07 00:00:00,514.460022,507.3299866,517.7199707,506.6499939,1298100.0,506.479187
2021-01-08 00:00:00,501.6300049,514.0,522.25,498.0700073,1441900.0,493.8482056
2021-01-11 00:00:00,516.4799805,495.519989,519.9099731,493.5499878,1189200.0,508.467804
2021-01-12 00:00:00,536.4400024,520.2299805,537.8599854,518.9299927,1879000.0,528.1182251
2021-01-13 00:00:00,526.5,534.2399902,534.2399902,523.1900024,1361300.0,518.3323975
2021-01-14 00:00:00,557.789978,542.4000244,570.5200195,542.3400269,2003400.0,549.1369019
2021-01-15 00:00:00,547.5300293,552.9799805,554.6900024,537.2800293,1526400.0,539.0361328
2021-01-19 00:00:00,580.0200195,559.8300171,582.4799805,558.6900024,2035100.0,571.0222168
2021-01-20 00:00:00,563.0,583.6400146,585.4199829,559.5700073,1851000.0,554.2661743
2021-01-21 00:00:00,564.1900024,569.4000244,570.2999878,551.7000122,1240200.0,555.4376221
2021-01-22 00:00:00,563.8499756,562.7700195,575.5800171,557.1199951,1199800.0,555.1029663
2021-01-25 00:00:00,567.7600098,571.3499756,575.6099854,552.6599731,1675300.0,558.9523926
2021-01-26 00:00:00,552.6599731,570.2700195,571.289978,550.4000244,1431000.0,544.0864868
2021-01-27 00:00:00,515.039978,538.5999756,544.9699707,512.0100098,2252500.0,507.0501709
2021-01-28 00:00:00,507.3500061,526.3699951,528.0,504.0,2490100.0,499.4795227
2021-01-29 00:00:00,483.9500122,505.0100098,505.9100037,481.0499878,2825000.0,476.4425049
2021-02-01 00:00:00,501.4500122,491.0499878,505.0,486.9200134,1693800.0,493.6710205
2021-02-02 00:00:00,516.0700073,512.5,517.4500122,505.0,1458700.0,508.064209
2021-02-03 00:00:00,504.3299866,520.0999756,521.4899902,501.480011,1604900.0,496.5062866
2021-02-04 00:00:00,519.5300293,504.5,520.5,500.1400146,1401200.0,511.4704895
2021-02-05 00:00:00,509.7600098,524.5200195,525.0,509.1799927,1236700.0,501.8521423
2021-02-08 00:00:00,532.7800293,515.0,533.3499756,514.1599731,1465800.0,524.5150146
2021-02-09 00:00:00,528.0800171,535.6199951,541.0,526.8900146,944100.0,519.8879395
2021-02-10 00:00:00,532.5,533.0,536.6699829,521.2800293,868200.0,524.2393799
2021-02-11 00:00:00,572.210022,540.0,576.5700073,539.1799927,2972700.0,563.333374
2021-02-12 00:00:00,586.1599731,570.1799927,597.7399902,565.0,2012100.0,577.0668335
2021-02-16 00:00:00,591.789978,590.0,603.5999756,587.0,1452000.0,582.6095581
2021-02-17 00:00:00,585.9099731,583.6900024,589.4299927,571.0,1453000.0,576.8206787
2021-02-18 00:00:00,577.7700195,578.6400146,582.3400269,567.0900269,1137100.0,568.8070068
2021-02-19 00:00:00,598.4099731,594.3800049,602.0,588.6900024,1698600.0,589.1268311
2021-02-22 00:00:00,567.7999878,589.3900146,592.6300049,565.7000122,1615500.0,558.9916382
2021-02-23 00:00:00,562.6500244,556.5499878,568.8099976,536.4099731,1716700.0,553.9216309
2021-02-24 00:00:00,596.9000244,556.1599731,597.8699951,554.0,1517000.0,587.6403809
2021-02-25 00:00:00,547.6500244,590.0,592.460022,544.6300049,2675000.0,539.1542969
2021-02-26 00:00:00,567.1900024,556.9299927,574.6599731,545.1699829,1783600.0,558.3911743
2021-03-01 00:00:00,598.8099976,576.5599976,600.5,575.5999756,1765600.0,589.5206299
2021-03-02 00:00:00,573.3599854,594.0100098,598.7600098,572.4000244,1463600.0,564.4654541
2021-03-03 00:00:00,551.2299805,570.75,581.5800171,550.0100098,1631800.0,542.6787109
2021-03-04 00:00:00,528.8099976,548.5599976,559.9799805,511.4299927,2542000.0,520.6065674
2021-03-05 00:00:00,547.7000122,542.6699829,550.1199951,516.2700195,2216000.0,539.2036133
2021-03-08 00:00:00,502.6099854,542.8099976,554.5200195,501.6700134,1913800.0,494.8129883
2021-03-09 00:00:00,543.5100098,525.9000244,546.7999878,523.539978,1726600.0,535.0785522
2021-03-10 00:00:00,518.7000122,548.6599731,551.9899902,515.7399902,1972500.0,510.6534119
2021-03-11 00:00:00,535.3900146,533.8699951,542.4199829,529.0499878,1612700.0,527.0844727
2021-03-12 00:00:00,524.8200073,525.0,527.75,516.7999878,1433700.0,516.6784668
2021-03-15 00:00:00,536.75,521.5999756,537.3200073,520.25,1067000.0,528.4233398
2021-03-16 00:00:00,547.1799927,542.5100098,560.1699829,539.3499756,1526500.0,539.9994507
2021-03-17 00:00:00,553.0100098,538.8800049,558.1799927,530.0,1358500.0,545.7529907
2021-03-18 00:00:00,539.1699829,542.1300049,555.8200073,533.3300171,2517700.0,532.0945435
2021-03-19 00:00:00,542.3099976,541.9400024,550.9899902,532.5999756,2379200.0,535.1934204
2021-03-22 00:00:00,560.0300293,554.0,567.5900269,550.039978,1444200.0,552.6808472
2021-03-23 00:00:00,544.4099731,564.3200073,564.5900269,543.539978,1429500.0,537.2657471
2021-03-24 00:00:00,552.4500122,570.6699829,575.75,551.6300049,1969700.0,545.2003174
2021-03-25 00:00:00,548.0300293,544.8699951,551.6099854,525.0200195,1446300.0,540.8383179
2021-03-26 00:00:00,584.2299805,549.7199707,584.7700195,549.0499878,1871600.0,576.5631714
2021-03-29 00:00:00,570.289978,582.3400269,582.5200195,559.75,1759800.0,562.8061523
2021-03-30 00:00:00,572.5599976,565.0,576.8499756,562.1199951,904900.0,565.0463867
2021-03-31 00:00:00,595.2399902,584.0,603.4899902,583.5,2369800.0,587.4287109
2021-04-01 00:00:00,639.2999878,611.2299805,640.0,610.1199951,2463400.0,630.9105225
2021-04-05 00:00:00,660.7999878,649.7000122,666.0,639.5599976,2345400.0,652.128418
2021-04-06 00:00:00,652.4799805,660.0,666.6400146,644.0,2323600.0,643.9175415
2021-04-07 00:00:00,658.7800293,652.4799805,667.4199829,650.4799805,1468900.0,650.1350098
2021-04-08 00:00:00,668.0,667.0200195,669.0,654.0100098,1204500.0,659.2339478
2021-04-09 00:00:00,662.0,665.1599731,668.9000244,656.7199707,1273400.0,653.3126831
2021-04-12 00:00:00,650.2700195,658.6599731,659.5999756,645.0,1581100.0,641.7366333
2021-04-13 00:00:00,644.9899902,655.5599976,657.2299805,637.7999878,1350100.0,636.5259399
2021-04-14 00:00:00,640.4299927,640.9299927,651.9000244,634.0,894500.0,632.0256958
2021-04-15 00:00:00,649.5,648.0200195,651.7800293,637.8400269,1090000.0,640.9766846
2021-04-16 00:00:00,643.710022,650.8200073,652.2999878,640.8300171,1113600.0,635.2626953
2021-04-19 00:00:00,621.7299805,643.7199707,648.3400269,609.2999878,2421900.0,613.571106
2021-04-20 00:00:00,613.0300293,616.7399902,625.0900269,608.2000122,1372400.0,604.9853516
2021-04-21 00:00:00,641.25,619.5800171,641.25,617.4400024,2074000.0,632.8349609
2021-04-22 00:00:00,614.539978,643.9000244,649.9400024,611.0,2436700.0,606.4755249
2021-04-23 00:00:00,627.4899902,620.7700195,630.0,613.5700073,1488800.0,619.2555542
2021-04-26 00:00:00,643.1699829,626.9299927,643.3499756,623.7299805,1298700.0,634.7297974
2021-04-27 00:00:00,644.8800049,647.3599854,649.0,639.7999878,991900.0,636.4174194
2021-04-28 00:00:00,638.0499878,644.0,644.0,633.5300293,738000.0,629.6769409
2021-04-29 00:00:00,640.9699707,641.9699707,643.0,629.5200195,893800.0,632.5586548
2021-04-30 00:00:00,620.4500122,630.4199829,637.4899902,619.8200073,1366700.0,612.3079834
2021-05-03 00:00:00,617.2399902,629.2700195,630.0,613.7800293,1158200.0,609.1400757
2021-05-04 00:00:00,606.289978,608.3800049,609.5499878,590.2000122,1587800.0,598.3337402
2021-05-05 00:00:00,611.0,617.3099976,620.9899902,603.3599854,983500.0,602.9819336
2021-05-06 00:00:00,617.4400024,609.1599731,619.1500244,601.4099731,1191100.0,609.3374634
2021-05-07 00:00:00,630.539978,625.9899902,634.7999878,618.2000122,1033500.0,622.265564
2021-05-10 00:00:00,586.4500122,621.4099731,624.0700073,586.1599731,1765900.0,578.7540894
2021-05-11 00:00:00,592.4299927,568.5599976,595.1500244,562.9299927,1946900.0,584.6556396
2021-05-12 00:00:00,557.6699829,575.0,577.7199707,555.7999878,2429300.0,550.3518066
2021-05-13 00:00:00,584.7299805,572.960022,594.3900146,570.1799927,2940200.0,577.0567017
2021-05-14 00:00:00,602.9899902,596.0,609.4299927,578.0,1548500.0,595.0770874
2021-05-17 00:00:00,592.0700073,590.3900146,592.7199707,576.0,1679100.0,584.300354
2021-05-18 00:00:00,584.8300171,597.9199829,601.3300171,584.7399902,1167900.0,577.1553955
2021-05-19 00:00:00,602.2000122,569.0999756,603.0900269,566.0300293,1576900.0,594.2974243
2021-05-20 00:00:00,626.7199707,607.5999756,634.0,604.4000244,1974100.0,618.4955444
2021-05-21 00:00:00,614.0999756,623.4500122,625.4799805,610.2000122,1474700.0,606.0412598
2021-05-24 00:00:00,634.6400146,625.3499756,641.5300293,622.0200195,1408800.0,626.3117065
2021-05-25 00:00:00,640.3699951,641.0,652.0700073,638.2399902,1501700.0,631.9665527
2021-05-26 00:00:00,638.039978,641.7700195,646.5800171,632.3599854,1262100.0,629.6671143
2021-05-27 00:00:00,645.7000122,634.8699951,651.2299805,634.8699951,2245200.0,637.2266846
2021-05-28 00:00:00,649.8499756,653.0,655.3200073,647.9899902,841400.0,641.3221436
2021-06-01 00:00:00,649.039978,656.0,673.7999878,647.5,1276000.0,640.5227051
2021-06-02 00:00:00,648.9899902,647.6799927,655.8699951,642.5,919500.0,640.4733887
2021-06-03 00:00:00,635.7800293,638.5499878,642.5999756,631.2000122,1178600.0,627.4367676
2021-06-04 00:00:00,655.3099976,644.0100098,656.2299805,641.7999878,1044300.0,646.7105103
2021-06-07 00:00:00,649.5800171,651.6199951,652.5,643.0,812700.0,641.0556641
2021-06-08 00:00:00,637.5499878,658.0,658.289978,634.3400269,885600.0,629.1835327
2021-06-09 00:00:00,634.0900269,641.1300049,643.4199829,633.1099854,659400.0,625.7689819
2021-06-10 00:00:00,640.7700195,631.7999878,647.0,631.7999878,844000.0,632.3613892
2021-06-11 00:00:00,642.1099854,641.6300049,642.9500122,634.8300171,1024400.0,633.6836548
2021-06-14 00:00:00,650.2399902,641.7199707,651.1400146,638.1900024,1018800.0,641.7070312
2021-06-15 00:00:00,643.4799805,646.9199829,654.0,641.8099976,638000.0,636.3078613
2021-06-16 00:00:00,638.7399902,645.6799927,650.8900146,632.5499878,1073800.0,631.6207275
2021-06-17 00:00:00,639.7800293,636.4500122,647.0,628.7000122,854800.0,632.6491089
2021-06-18 00:00:00,612.6599731,630.0999756,631.5800171,608.8900146,2113900.0,605.8313599
2021-06-21 00:00:00,618.6199951,614.4500122,623.9699707,608.5800171,993000.0,611.7249146
2021-06-22 00:00:00,621.789978,617.5200195,626.1500244,609.25,719900.0,614.8595581
2021-06-23 00:00:00,624.2199707,625.0,633.2000122,623.3400269,679600.0,617.2625122
2021-06-24 00:00:00,635.0200195,633.8099976,637.6099854,631.7999878,768100.0,627.9421997
2021-06-25 00:00:00,630.4400024,635.0,636.3300171,625.7199707,1249600.0,623.413208
2021-06-28 00:00:00,646.960022,636.7700195,649.5300293,636.6900024,963300.0,639.7490845
2021-06-29 00:00:00,651.789978,646.9000244,654.6500244,644.0100098,797600.0,644.5252075
2021-06-30 00:00:00,650.7000122,651.2600098,651.8300171,643.4099731,803300.0,643.4473877
2021-07-01 00:00:00,633.0700073,647.6699829,649.3800049,631.2199707,1134300.0,626.013916
2021-07-02 00:00:00,631.4400024,640.2299805,641.25,627.0,742600.0,624.4020996
2021-07-06 00:00:00,621.9000244,631.4400024,637.710022,614.4500122,1024000.0,614.9683838
2021-07-07 00:00:00,613.5900269,629.0900269,629.4199829,609.7700195,862200.0,606.7510376
2021-07-08 00:00:00,606.0300293,600.6400146,613.5,594.210022,1021800.0,599.2753296
2021-07-09 00:00:00,612.8499756,607.8099976,614.3300171,602.8800049,837200.0,606.0192261
2021-07-12 00:00:00,625.4199829,617.5100098,629.2700195,616.960022,1731500.0,618.4491577
2021-07-13 00:00:00,624.6699829,622.7399902,626.0,615.5499878,1083400.0,617.7075195
2021-07-14 00:00:00,617.8800049,632.0999756,640.5,616.3499756,1150700.0,610.9932251
2021-07-15 00:00:00,610.7399902,614.7800293,621.0,603.5800171,1249700.0,603.9327393
2021-07-16 00:00:00,588.4799805,612.7999878,616.0,586.0,1353800.0,581.9208374
2021-07-19 00:00:00,591.5200195,577.9899902,591.9000244,575.3300171,1456700.0,584.927002
2021-07-20 00:00:00,607.0900269,595.9400024,611.7800293,588.1900024,1555800.0,600.3234863
2021-07-21 00:00:00,637.25,608.210022,638.7800293,608.210022,1637400.0,630.1472778
2021-07-22 00:00:00,635.9299927,632.0700073,638.1900024,630.539978,1252000.0,628.84198
2021-07-23 00:00:00,640.2700195,641.7199707,644.6500244,633.5100098,1031700.0,633.133667
2021-07-26 00:00:00,640.3900146,641.2299805,647.960022,635.25,878200.0,633.2523193
2021-07-27 00:00:00,622.5900269,635.0100098,637.2600098,607.5999756,1491200.0,615.6506958
2021-07-28 00:00:00,635.0,625.1199951,638.0,623.4299927,1216000.0,627.9223633
2021-07-29 00:00:00,619.6300049,610.5700073,622.4699707,597.0599976,2913900.0,612.7236938
2021-07-30 00:00:00,637.4099731,611.0,637.5,610.6699829,1651100.0,630.305481
2021-08-02 00:00:00,641.7999878,646.2000122,659.4899902,641.0,1392300.0,634.6465454
2021-08-03 00:00:00,645.5200195,645.4799805,649.3400269,636.4699707,684400.0,638.3250732
2021-08-04 00:00:00,649.7800293,648.8200073,654.6500244,641.5,1112000.0,642.5376587
2021-08-05 00:00:00,645.6599731,651.789978,653.6099854,642.710022,596100.0,638.463501
2021-08-06 00:00:00,647.960022,642.5999756,648.3499756,642.0,606500.0,640.7380371
2021-08-09 00:00:00,640.5,650.0,650.3300171,639.0,783100.0,633.361084
2021-08-10 00:00:00,617.1699829,640.7999878,641.2199707,615.1099854,1624900.0,610.2910767
2021-08-11 00:00:00,608.5200195,619.9899902,621.9099731,596.1599731,1755700.0,601.7374878
2021-08-12 00:00:00,583.5100098,598.3499756,598.4500122,578.1500244,2513600.0,577.0063477
2021-08-13 00:00:00,580.4099731,583.25,588.3400269,577.1699829,1766300.0,573.9407959
2021-08-16 00:00:00,588.8699951,579.8699951,590.5200195,577.4899902,1269200.0,582.3065796
2021-08-17 00:00:00,578.9899902,581.9299927,587.4699707,570.9099731,1270100.0,572.5366821
2021-08-18 00:00:00,569.5100098,578.0,585.5700073,569.1400146,882700.0,563.1622925
2021-08-19 00:00:00,577.1400146,565.3599854,579.2399902,561.6799927,1105700.0,570.7073364
2021-08-20 00:00:00,565.9699707,583.4799805,585.5,559.8300171,1696200.0,559.6617432
2021-08-23 00:00:00,584.2999878,572.6400146,586.4000244,572.4000244,1369700.0,577.7874146
2021-08-24 00:00:00,585.5800171,586.9199829,594.0,581.7299805,951000.0,579.0532227
2021-08-25 00:00:00,588.7700195,587.1900024,594.7999878,586.4699707,901000.0,582.2076416
2021-08-26 00:00:00,585.3499756,588.0,594.289978,583.3699951,862400.0,578.8257446
2021-08-27 00:00:00,609.5900269,589.25,613.1900024,589.1599731,1498100.0,602.7955933
2021-08-30 00:00:00,607.9899902,614.789978,617.7999878,602.4500122,976300.0,601.2133789
2021-08-31 00:00:00,604.8200073,608.8699951,608.8699951,597.0,1071500.0,598.0787354
2021-09-01 00:00:00,599.7800293,607.9400024,608.9899902,599.1400146,704600.0,593.0949707
2021-09-02 00:00:00,602.0999756,602.7199707,607.8499756,599.1500244,857100.0,595.3890381
2021-09-03 00:00:00,610.710022,602.0200195,613.3400269,596.0,1029400.0,603.9031982
2021-09-07 00:00:00,593.1900024,599.1500244,605.6400146,588.0,2331600.0,586.5783691
2021-09-08 00:00:00,583.539978,591.4400024,591.5900269,576.3800049,1721500.0,577.0358887
2021-09-09 00:00:00,593.6099854,581.0,596.9199829,579.0,1539100.0,586.9937134
2021-09-10 00:00:00,598.1099854,602.1300049,612.1199951,596.5100098,1557500.0,591.4435425
2021-09-13 00:00:00,608.7700195,602.9099731,614.9400024,599.5599976,1313200.0,601.9847412
2021-09-14 00:00:00,603.5,600.6099854,611.4000244,598.6300049,1181200.0,596.7734375
2021-09-15 00:00:00,611.5,600.9199829,611.8699951,597.0900269,1142000.0,604.6843262
2021-09-16 00:00:00,615.8499756,603.8599854,617.1599731,599.7999878,1352400.0,608.9857788
2021-09-17 00:00:00,608.9799805,614.9500122,616.2299805,603.6400146,2014200.0,602.1923828
2021-09-20 00:00:00,589.9099731,594.9000244,595.0499878,581.0800171,1324100.0,583.3349609
2021-09-21 00:00:00,586.2199707,592.3699951,594.2800293,578.2999878,1604500.0,579.6860352
2021-09-22 00:00:00,601.0999756,594.0,603.7299805,588.8900146,1035000.0,594.4002075
2021-09-23 00:00:00,612.5599976,600.5900269,617.9400024,596.7299805,1100400.0,605.7325439
2021-09-24 00:00:00,612.4799805,604.6400146,613.7999878,601.3099976,727300.0,605.6533813
2021-09-27 00:00:00,616.6699829,602.9799805,621.9899902,602.2800293,1089200.0,611.2937012
2021-09-28 00:00:00,585.9699707,596.0599976,606.3599854,584.9799805,2088500.0,580.8613892
2021-09-29 00:00:00,567.5100098,586.1099854,589.0,566.8499756,1657700.0,562.5623779
2021-09-30 00:00:00,569.1500244,573.289978,577.5300293,567.9299927,1093800.0,564.1880493
2021-10-01 00:00:00,569.7299805,571.1199951,573.6500244,560.5999756,1115700.0,564.7629395
2021-10-04 00:00:00,550.1400146,565.9699707,566.5,548.3300171,1640700.0,545.343811
2021-10-05 00:00:00,555.9000244,556.6799927,563.2800293,550.6199951,1205600.0,551.0535889
2021-10-06 00:00:00,551.7299805,550.0,557.9000244,544.8300171,1590800.0,546.9199219
2021-10-07 00:00:00,555.8200073,564.0300293,564.1400146,554.2600098,1053500.0,550.9742432
2021-10-08 00:00:00,550.1599731,558.6199951,559.9500122,549.0800171,867100.0,545.3635864
2021-10-11 00:00:00,552.4400024,548.1300049,561.4699707,548.0100098,892300.0,547.6237793
2021-10-12 00:00:00,546.7800293,557.8499756,558.1799927,542.2800293,1276600.0,542.0131226
2021-10-13 00:00:00,544.4099731,552.960022,558.1699829,543.0800171,1253800.0,539.6637573
2021-10-14 00:00:00,567.9299927,558.5999756,568.0800171,554.2700195,1549900.0,562.9786987
2021-10-15 00:00:00,564.4699707,566.5,568.5100098,561.3900146,1324800.0,559.5488281
2021-10-18 00:00:00,568.7000122,560.0,569.4400024,558.7299805,1247400.0,563.7420044
2021-10-19 00:00:00,570.8300171,569.1400146,578.0,565.8300171,1499500.0,565.8533936
2021-10-20 00:00:00,565.5,570.5999756,572.7700195,564.0599976,1693300.0,560.5698853
2021-10-21 00:00:00,555.4199829,544.8900146,555.8699951,535.0100098,3065000.0,550.5777588
2021-10-22 00:00:00,556.7399902,560.0,575.8099976,554.2999878,1877000.0,551.8862305
2021-10-25 00:00:00,551.9699707,558.0499878,562.0100098,549.4000244,1282600.0,547.1577759
2021-10-26 00:00:00,548.9400024,556.8800049,559.2399902,546.289978,1173400.0,544.1541748
2021-10-27 00:00:00,553.6199951,548.0200195,560.539978,546.1900024,1183800.0,548.793457
2021-10-28 00:00:00,565.9500122,563.7399902,579.9400024,563.4099731,2232500.0,561.0159302
2021-10-29 00:00:00,563.5700073,558.3400269,567.1599731,556.2000122,1338100.0,558.6567383
2021-11-01 00:00:00,572.7600098,565.0,572.9199829,561.3599854,1072400.0,567.7665405
2021-11-02 00:00:00,574.2399902,574.7399902,578.0,572.0,897000.0,569.2337036
2021-11-03 00:00:00,581.4000244,575.0599976,583.4899902,569.4000244,790800.0,576.3312378
2021-11-04 00:00:00,598.7299805,583.0,599.0999756,579.7199707,1796500.0,593.5101318
2021-11-05 00:00:00,610.7700195,600.9099731,613.0,597.2800293,2102800.0,605.4452515
2021-11-08 00:00:00,609.0700073,615.0,620.0100098,603.8699951,1259800.0,603.7600098
2021-11-09 00:00:00,621.9099731,610.0,623.0599976,609.0300293,1204100.0,616.4880981
2021-11-10 00:00:00,605.7800293,614.539978,622.2800293,603.9000244,1089800.0,600.4987183
2021-11-11 00:00:00,613.7000122,613.5900269,619.2999878,609.75,819800.0,608.3496704
2021-11-12 00:00:00,624.4199829,617.4000244,627.9000244,613.5,1059100.0,618.9761963
2021-11-15 00:00:00,630.2600098,632.0,644.3900146,625.0800171,1353400.0,624.7653198
2021-11-16 00:00:00,634.2600098,629.1699829,638.0,624.4299927,852300.0,628.7304077
2021-11-17 00:00:00,630.6300049,634.2600098,638.7999878,626.2800293,906600.0,625.1320801
2021-11-18 00:00:00,635.7999878,636.9899902,637.2700195,624.789978,1000200.0,630.256958
2021-11-19 00:00:00,644.5,636.4000244,657.0,633.1300049,1833200.0,638.8811035
2021-11-22 00:00:00,646.7000122,650.9199829,661.0599976,642.1199951,1875900.0,641.0620117
2021-11-23 00:00:00,661.3200073,648.0,662.3099976,641.2600098,1753100.0,655.5545654
2021-11-24 00:00:00,660.789978,654.0,661.539978,645.2800293,1215200.0,655.0291138
2021-11-26 00:00:00,641.9799805,651.460022,654.0900269,638.4099731,837700.0,636.3830566
2021-11-29 00:00:00,680.539978,651.5,682.289978,649.0200195,1963900.0,674.6069336
2021-11-30 00:00:00,679.8499756,675.3300171,693.0,668.1400146,2725400.0,673.9229126
2021-12-01 00:00:00,693.5300293,692.7000122,711.8300171,684.3699951,2524900.0,687.4837646
2021-12-02 00:00:00,661.5200195,682.8599854,684.9500122,655.8900146,2300600.0,655.7528076
2021-12-03 00:00:00,661.4699707,668.7999878,670.9899902,651.8499756,1385600.0,655.703125
2021-12-06 00:00:00,667.5599976,664.9299927,670.7700195,642.4299927,1266500.0,661.7401123
2021-12-07 00:00:00,706.1500244,678.5100098,709.5599976,677.0,1601600.0,699.9936523
2021-12-08 00:00:00,714.0300293,705.0,718.3099976,705.0,1163400.0,707.8049927
2021-12-09 00:00:00,699.3900146,708.75,719.9099731,697.2700195,1082800.0,693.2926636
2021-12-10 00:00:00,705.960022,711.6699829,714.0999756,694.5499878,879300.0,699.8053589
2021-12-13 00:00:00,684.9699707,707.5499878,708.0499878,684.0,1244000.0,678.998291
2021-12-14 00:00:00,679.210022,674.6199951,683.3900146,668.1400146,1389200.0,674.7661743
2021-12-15 00:00:00,697.3099976,680.0,698.7999878,665.3800049,1362700.0,692.7478027
2021-12-16 00:00:00,671.2800293,701.7700195,707.3499756,666.6400146,1377500.0,666.8881226
2021-12-17 00:00:00,669.1699829,665.0,677.8900146,660.6400146,1563300.0,664.7918701
2021-12-20 00:00:00,661.0800171,658.8499756,673.0100098,653.9000244,911000.0,656.7548218
2021-12-21 00:00:00,683.0700073,679.5499878,687.0599976,665.1400146,1340500.0,678.6009521
2021-12-22 00:00:00,691.2199707,678.4799805,692.0300293,672.9199829,1042400.0,686.6975708
2021-12-23 00:00:00,698.7199707,694.4799805,706.9400024,693.3800049,867400.0,694.1484985
2021-12-27 00:00:00,723.4000244,702.789978,724.0,702.789978,1014300.0,718.6671143
2021-12-28 00:00:00,716.0999756,725.0,728.3800049,714.6400146,781600.0,711.4147949
2021-12-29 00:00:00,726.75,718.6900024,728.1699829,716.0999756,690200.0,721.9951782
2021-12-30 00:00:00,718.3300171,728.0,728.0,717.1799927,521600.0,713.630249
2021-12-31 00:00:00,719.1500244,718.3099976,725.8699951,717.2299805,713800.0,714.4448853
2022-01-03 00:00:00,725.460022,721.1300049,731.0599976,711.8300171,1060200.0,720.713623
2022-01-04 00:00:00,712.0,726.7299805,731.8499756,702.4500122,1456600.0,707.3416748
2022-01-05 00:00:00,691.8099976,712.789978,714.9000244,690.6099854,1399400.0,687.2837524
2022-01-06 00:00:00,701.9099731,693.5,705.6900024,686.960022,1189600.0,697.317688
2022-01-07 00:00:00,669.289978,697.8800049,703.2199707,668.3900146,1569800.0,664.9110718
2022-01-10 00:00:00,664.289978,658.6199951,667.8200073,643.210022,1624600.0,659.9437866
2022-01-11 00:00:00,673.210022,652.8200073,673.5499878,652.0100098,918900.0,668.805481
2022-01-12 00:00:00,686.3200073,679.0800171,689.0200195,674.3200073,928600.0,681.8297119
2022-01-13 00:00:00,686.7700195,705.0,730.6599731,683.3300171,2913500.0,682.2767334
2022-01-14 00:00:00,729.8200073,683.5700073,730.75,681.7999878,1941600.0,725.0450439
2022-01-18 00:00:00,679.0100098,716.6599731,717.4000244,676.4299927,2006900.0,674.5675049
2022-01-19 00:00:00,642.7299805,690.8499756,698.6799927,642.0499878,1834000.0,638.5248413
2022-01-20 00:00:00,619.6699829,654.6900024,657.9899902,617.5200195,1944400.0,615.6157227
2022-01-21 00:00:00,605.789978,616.2000122,636.7299805,604.4500122,2222200.0,601.8264771
2022-01-24 00:00:00,621.8200073,585.0,623.2399902,575.5100098,2489000.0,617.7516479
2022-01-25 00:00:00,588.2299805,600.1400146,604.4400024,581.0,1884600.0,584.3814697
2022-01-26 00:00:00,596.6699829,603.5200195,614.2199707,580.3800049,2363700.0,592.7661743
2022-01-27 00:00:00,555.2999878,594.9000244,600.5,550.7299805,3094300.0,551.6668701
2022-01-28 00:00:00,561.1400146,553.6199951,561.1599731,530.0,2002400.0,557.468689
2022-01-31 00:00:00,589.9199829,563.5599976,589.9699707,556.8300171,1900000.0,586.0603638
2022-02-01 00:00:00,589.4699707,590.0,593.8499756,572.0,1135500.0,585.6133423
2022-02-02 00:00:00,611.7700195,597.9699707,613.2999878,590.0700073,1662200.0,607.7674561
2022-02-03 00:00:00,588.7600098,596.9799805,605.5599976,585.7700195,2007600.0,584.90802
2022-02-04 00:00:00,579.0700073,586.5,589.5499878,573.6400146,1446200.0,575.2813721
2022-02-07 00:00:00,571.3699951,581.0700073,589.6099854,568.9799805,1085900.0,567.6317139
2022-02-08 00:00:00,576.289978,566.5300293,577.5700073,560.5999756,1295800.0,572.5195312
2022-02-09 00:00:00,607.4400024,589.0700073,610.5,583.0300293,1207200.0,603.4657593
2022-02-10 00:00:00,594.8699951,588.7399902,615.9899902,587.9899902,1514800.0,590.9780273
2022-02-11 00:00:00,559.9899902,595.0100098,599.9400024,555.3800049,1578500.0,556.3261719
2022-02-14 00:00:00,558.25,560.6699829,569.039978,547.6599731,1345900.0,554.5975342
2022-02-15 00:00:00,593.8200073,569.4099731,596.7700195,569.4099731,1434400.0,589.9348755
2022-02-16 00:00:00,591.4699707,584.4799805,595.4000244,577.2700195,804800.0,587.6002197
2022-02-17 00:00:00,580.6099854,587.1799927,595.2199707,579.2199707,1290900.0,576.8112793
2022-02-18 00:00:00,569.9899902,580.8099976,582.2399902,563.289978,1248100.0,566.2607422
2022-02-22 00:00:00,559.7199707,561.0,577.3499756,550.9199829,1219400.0,556.0579224
2022-02-23 00:00:00,542.3900146,566.7299805,571.0499878,541.2399902,1243500.0,538.8413696
2022-02-24 00:00:00,562.8800049,525.0999756,564.0900269,519.5499878,1562800.0,559.1973267
2022-02-25 00:00:00,573.2000122,564.210022,573.8800049,556.1099854,1084700.0,569.4497681
2022-02-28 00:00:00,561.3499756,566.4099731,571.1400146,550.210022,1406500.0,557.6772461
2022-03-01 00:00:00,540.5700073,558.0599976,562.4000244,535.1599731,1608900.0,537.0332642
2022-03-02 00:00:00,554.0200195,547.2700195,558.2299805,540.9099731,1245100.0,550.3952637
2022-03-03 00:00:00,543.5100098,560.5,560.5,538.7000122,1033900.0,539.9540405
2022-03-04 00:00:00,525.7800293,538.7399902,542.0200195,519.6099854,1438600.0,522.3400269
2022-03-07 00:00:00,489.1499939,527.5999756,533.5300293,488.7099915,2139600.0,485.9496765
2022-03-08 00:00:00,490.3699951,489.5599976,511.1199951,479.0499878,2155800.0,487.1616821
2022-03-09 00:00:00,517.3099976,509.3999939,522.210022,503.8699951,1443700.0,513.9254761
2022-03-10 00:00:00,497.0700073,504.7799988,507.0100098,488.2600098,1110600.0,493.8178711
2022-03-11 00:00:00,483.3900146,511.5499878,512.1699829,482.5799866,1038900.0,480.227356
2022-03-14 00:00:00,469.0,488.2900085,490.5799866,466.0599976,1587000.0,465.931488
2022-03-15 00:00:00,484.7200012,475.1700134,486.9500122,471.5599976,1245500.0,483.0937195
2022-03-16 00:00:00,514.4899902,496.2999878,514.6300049,490.0,1665900.0,512.763855
2022-03-17 00:00:00,526.3200073,510.1700134,526.5900269,507.5499878,1362700.0,524.5541382
2022-03-18 00:00:00,544.6400146,525.1699829,547.4799805,523.0,2223700.0,542.8126831
2022-03-21 00:00:00,536.8599854,538.0,544.2800293,525.8699951,1051700.0,535.0587769
2022-03-22 00:00:00,546.7600098,538.0,552.8499756,538.0,1066400.0,544.9255981
2022-03-23 00:00:00,530.9899902,540.3699951,548.0,530.5900269,983500.0,529.2084961
2022-03-24 00:00:00,556.2199707,537.2999878,556.7000122,531.789978,1212400.0,554.3538208
2022-03-25 00:00:00,554.8200073,555.1599731,556.9299927,545.1699829,753100.0,552.9585571
2022-03-28 00:00:00,557.3099976,549.5700073,557.8599854,540.9299927,733800.0,555.4401855
2022-03-29 00:00:00,568.9299927,568.4000244,574.789978,558.1599731,1113900.0,567.0211792
2022-03-30 00:00:00,548.5599976,562.2199707,570.9899902,545.3300171,1298100.0,546.7195435
2022-03-31 00:00:00,537.6099854,549.9899902,557.5100098,537.1400146,1470300.0,535.8062744
2022-04-01 00:00:00,525.4500122,541.2199707,545.7700195,517.0700073,1208400.0,523.6870728
2022-04-04 00:00:00,535.5499878,526.3300171,536.7600098,524.3499756,877700.0,533.7531738
2022-04-05 00:00:00,503.6400146,528.6099854,530.0,500.0499878,1967000.0,501.9502563
2022-04-06 00:00:00,498.1700134,493.9100037,505.7000122,488.0700073,1584500.0,496.4985962
2022-04-07 00:00:00,503.3399963,497.3399963,508.769989,492.7200012,1009500.0,501.6512451
2022-04-08 00:00:00,491.6400146,498.0100098,500.8800049,490.8299866,1044900.0,489.990509
2022-04-11 00:00:00,475.7600098,487.1400146,488.0299988,475.2099915,1695300.0,474.1637878
2022-04-12 00:00:00,467.0,481.019989,487.9500122,464.769989,1677800.0,465.4331665
2022-04-13 00:00:00,472.6099854,469.6600037,477.3099976,467.8800049,1139600.0,471.024353
2022-04-14 00:00:00,456.1600037,473.4200134,474.0,455.8399963,1364800.0,454.6295471
2022-04-18 00:00:00,470.5499878,451.2799988,473.0,451.0,1663100.0,468.9712524
2022-04-19 00:00:00,479.1900024,469.2799988,482.7799988,466.0299988,1214400.0,477.5822754
2022-04-20 00:00:00,481.4500122,492.6600037,504.8099976,479.6799927,2023300.0,479.8347168
2022-04-21 00:00:00,469.5100098,488.6700134,497.6000061,468.5,2279400.0,467.9347534
2022-04-22 00:00:00,463.1300049,467.0,472.3099976,460.3699951,2028200.0,461.5761719
2022-04-25 00:00:00,476.4200134,460.480011,480.3599854,459.1199951,1412400.0,474.8215942
2022-04-26 00:00:00,457.2200012,466.6400146,470.3099976,456.7099915,1497400.0,455.6859741
2022-04-27 00:00:00,456.7799988,454.4100037,468.5799866,449.5,1241300.0,455.247467
2022-04-28 00:00:00,484.4899902,468.2600098,489.6099854,462.6099854,1678400.0,482.8644714
2022-04-29 00:00:00,465.7600098,475.0,491.4400024,464.8599854,1405000.0,464.1973572
2022-05-02 00:00:00,479.3200073,467.2799988,479.7600098,459.1799927,1286600.0,477.711853
2022-05-03 00:00:00,485.3900146,476.6000061,488.6400146,473.2000122,957800.0,483.7614746
2022-05-04 00:00:00,505.9200134,487.1700134,507.6300049,477.4100037,1196200.0,504.2225952
2022-05-05 00:00:00,481.3200073,494.3999939,497.9899902,473.0799866,1457800.0,479.7051392
2022-05-06 00:00:00,478.230011,476.7200012,489.5100098,464.9400024,1068000.0,476.6255188
2022-05-09 00:00:00,447.1499939,459.9599915,462.3900146,442.5299988,1848700.0,445.6497803
2022-05-10 00:00:00,459.1199951,460.9700012,469.1000061,446.519989,1413400.0,457.5796204
2022-05-11 00:00:00,447.2000122,454.8999939,469.0,446.0799866,1179300.0,445.6996155
2022-05-12 00:00:00,460.4299927,446.7799988,462.0700073,445.0,1555800.0,458.8852234
2022-05-13 00:00:00,491.9200134,465.6000061,495.2999878,465.0,1909300.0,490.2695923
2022-05-16 00:00:00,482.4700012,486.4200134,493.0499878,479.0,968900.0,480.8512878
2022-05-17 00:00:00,512.2700195,495.019989,516.3699951,490.0499878,1635600.0,510.5513
2022-05-18 00:00:00,477.480011,500.519989,508.5,474.6199951,1710500.0,475.8780212
2022-05-19 00:00:00,472.1300049,479.5,485.980011,471.1000061,1119300.0,470.5459595
2022-05-20 00:00:00,474.1199951,480.4200134,484.1499939,450.4599915,1715800.0,472.5292969
2022-05-23 00:00:00,483.2999878,476.2900085,485.9400024,472.0499878,1057800.0,481.6784668
2022-05-24 00:00:00,470.9700012,477.4899902,480.5100098,465.730011,943100.0,469.3898621
2022-05-25 00:00:00,487.5799866,465.6099854,491.6300049,465.3699951,1288700.0,485.9441223
