date,close,open,high,low,volume,adjclose
2012-05-14 00:00:00,38.6899986,38.8899994,39.0999985,38.5,2754500.0,34.6180191
2012-05-15 00:00:00,39.0400009,38.5299988,39.4599991,38.5099983,3569700.0,34.9311829
2012-05-16 00:00:00,38.5699997,39.1800003,39.4000015,38.5699997,3205000.0,34.6259499
2012-05-17 00:00:00,37.0200005,38.6500015,38.7099991,36.9599991,4081200.0,33.2344551
2012-05-18 00:00:00,36.8300018,37.2099991,37.7299995,36.6199989,4519200.0,33.0638847
2012-05-21 00:00:00,38.0099983,36.8899994,38.0600014,36.8699989,2356600.0,34.1232071
2012-05-22 00:00:00,37.8800011,38.0400009,38.5600014,37.7000008,3337600.0,34.0065079
2012-05-23 00:00:00,38.1100006,37.6300011,38.2799988,37.2900009,3547600.0,34.2129974
2012-05-24 00:00:00,38.3899994,38.2700005,38.5,37.9500008,2502100.0,34.4643631
2012-05-25 00:00:00,38.6399994,38.1500015,38.7999992,38.1500015,2423400.0,34.6887932
2012-05-29 00:00:00,39.1399994,38.8800011,39.1899986,38.6100006,2770700.0,35.1376495
2012-05-30 00:00:00,38.2900009,38.7000008,38.7700005,37.9900017,3553500.0,34.3745842
2012-05-31 00:00:00,38.7099991,38.25,38.9799995,37.3899994,4218300.0,34.7516251
2012-06-01 00:00:00,36.4900017,37.7900009,37.9000015,36.3300018,5971500.0,32.7586479
2012-06-04 00:00:00,36.3300018,36.7400017,36.7900009,35.8899994,4315300.0,32.6150131
2012-06-05 00:00:00,36.7099991,35.9500008,36.8100014,35.6800003,3491500.0,32.9561424
2012-06-06 00:00:00,37.5499992,37.0,37.7900009,36.9799995,4044800.0,33.7102432
2012-06-07 00:00:00,37.5400009,38.1500015,38.5800018,37.4300003,3173300.0,33.7012825
2012-06-08 00:00:00,37.7999992,37.4300003,37.7999992,37.1599998,2349800.0,33.9346809
2012-06-11 00:00:00,36.8600006,38.1899986,38.1899986,36.8300018,2632000.0,33.0908051
2012-06-12 00:00:00,37.5,37.0,37.5200005,36.7400017,2469100.0,33.6653595
2012-06-13 00:00:00,36.9700012,37.2700005,37.5,36.8100014,2062600.0,33.1895638
2012-06-14 00:00:00,37.6500015,37.0,37.8800011,36.8800011,1821700.0,33.8000298
2012-06-15 00:00:00,37.9799995,37.6599998,38.0299988,37.4300003,2160700.0,34.096283
2012-06-18 00:00:00,38.3800011,37.5400009,38.5600014,37.4799995,2099800.0,34.4553719
2012-06-19 00:00:00,39.6199989,38.75,39.9900017,38.7400017,3663800.0,35.5685806
2012-06-20 00:00:00,39.8100014,39.6899986,40.0,39.3199997,3074800.0,35.7391586
2012-06-21 00:00:00,38.6399994,39.8199997,39.9300003,38.6100006,2986900.0,34.6887932
2012-06-22 00:00:00,38.7999992,39.0,39.1100006,38.4900017,2761700.0,34.8324356
2012-06-25 00:00:00,37.7799988,38.4000015,38.4799995,37.5499992,1851400.0,33.916729
2012-06-26 00:00:00,37.8699989,37.8100014,38.0999985,37.3400002,2132900.0,33.9975319
2012-06-27 00:00:00,38.1599998,38.0800018,38.1899986,37.6699982,2614300.0,34.2578621
2012-06-28 00:00:00,37.5400009,37.8899994,38.2299995,37.0999985,2630400.0,33.7012825
2012-06-29 00:00:00,39.2000008,38.4900017,39.2799988,38.4900017,3076700.0,35.1915245
2012-07-02 00:00:00,39.25,39.1800003,39.4799995,38.9599991,2979100.0,35.2364082
2012-07-03 00:00:00,39.25,39.1899986,39.3800011,38.9900017,1328800.0,35.2364082
2012-07-05 00:00:00,39.5800018,39.1300011,39.8699989,38.7200012,2475900.0,35.5326729
2012-07-06 00:00:00,39.4000015,39.0900002,39.4900017,38.8899994,2479900.0,35.3710785
2012-07-09 00:00:00,38.9599991,39.3800011,39.5499992,38.9399986,3503800.0,34.976059
2012-07-10 00:00:00,38.1699982,39.3699989,39.5,37.9000015,4015100.0,34.2668495
2012-07-11 00:00:00,38.0299988,38.3300018,39.0800018,37.7400017,6297000.0,34.1411743
2012-07-12 00:00:00,35.5800018,37.1399994,37.3499985,35.5099983,9569800.0,31.9416962
2012-07-13 00:00:00,36.2799988,35.6100006,36.3400002,35.5099983,4893300.0,32.5701141
2012-07-16 00:00:00,36.1199989,36.0999985,36.3800011,36.0699997,2911800.0,32.4264755
2012-07-17 00:00:00,36.7000008,36.2099991,36.7700005,35.8899994,4987100.0,32.9471741
2012-07-18 00:00:00,36.7000008,36.4399986,37.1399994,36.2299995,3592600.0,32.9471741
2012-07-19 00:00:00,37.2900009,36.8499985,37.6800003,36.6800003,2938000.0,33.4768295
2012-07-20 00:00:00,36.8499985,37.0400009,37.4000015,36.7999992,3511100.0,33.0818291
2012-07-23 00:00:00,35.7999992,36.0299988,36.2200012,35.5,4389000.0,32.1392021
2012-07-24 00:00:00,35.0299988,35.7299995,35.9799995,34.6899986,4963200.0,31.4479427
2012-07-25 00:00:00,35.3400002,35.1899986,35.6500015,34.9799995,3613200.0,31.7262402
2012-07-26 00:00:00,36.0600014,35.9599991,36.1500015,35.3800011,3666400.0,32.3726158
2012-07-27 00:00:00,36.8899994,36.3899994,37.0999985,36.2900009,2820200.0,33.1177368
2012-07-30 00:00:00,36.5,36.75,37.0600014,36.1800003,2371900.0,32.7676239
2012-07-31 00:00:00,36.4199982,36.4399986,36.6599998,36.1800003,2415400.0,32.6957817
2012-08-01 00:00:00,36.3499985,36.7099991,36.7900009,36.0699997,2083800.0,32.6329536
2012-08-02 00:00:00,36.3199997,36.0299988,36.5400009,35.6699982,2363600.0,32.6060333
2012-08-03 00:00:00,37.5499992,36.8199997,37.7099991,36.8199997,2070700.0,33.7102432
2012-08-06 00:00:00,37.3499985,37.6199989,37.8300018,37.3100014,2670000.0,33.5307083
2012-08-07 00:00:00,38.1199989,37.6100006,38.2599983,37.5600014,2639300.0,34.2219543
2012-08-08 00:00:00,37.2400017,37.7000008,37.75,37.0800018,3094200.0,33.4319725
2012-08-09 00:00:00,37.2900009,37.2700005,37.6599998,37.2000008,2284900.0,33.4768295
2012-08-10 00:00:00,36.9399986,37.1800003,37.2200012,36.6199989,2075800.0,33.1626244
2012-08-13 00:00:00,36.9300003,36.9099998,37.1300011,36.75,1567000.0,33.1536484
2012-08-14 00:00:00,36.6599998,37.25,37.4199982,36.5699997,2042700.0,32.9112625
2012-08-15 00:00:00,36.7900009,36.6399994,36.9099998,36.4199982,1578400.0,33.0279694
2012-08-16 00:00:00,37.8100014,36.7700005,37.9700012,36.7299995,1837000.0,33.9436684
2012-08-17 00:00:00,38.0499992,37.8699989,38.1500015,37.7799988,2067900.0,34.1591301
2012-08-20 00:00:00,37.5499992,37.8400002,38.0,37.4700012,2588700.0,33.7102432
2012-08-21 00:00:00,37.2000008,37.4799995,37.6599998,37.0999985,2190600.0,33.5120583
2012-08-22 00:00:00,37.2400017,37.0099983,37.3699989,36.75,2483200.0,33.5481071
2012-08-23 00:00:00,37.1199989,37.2000008,37.3100014,37.0400009,1974600.0,33.4399872
2012-08-24 00:00:00,36.9700012,36.9700012,37.2000008,36.5999985,2644200.0,33.3048553
2012-08-27 00:00:00,37.3600006,37.1899986,37.4399986,36.9599991,2000400.0,33.6562004
2012-08-28 00:00:00,37.2599983,37.1599998,37.6899986,37.0400009,2243400.0,33.5661201
2012-08-29 00:00:00,37.5999985,37.2799988,37.6599998,37.1500015,1954700.0,33.8724098
2012-08-30 00:00:00,37.5400009,37.3499985,37.7000008,37.1500015,1913700.0,33.8183556
2012-08-31 00:00:00,37.6800003,37.75,37.9700012,37.3600006,1670700.0,33.9444733
2012-09-04 00:00:00,37.6300011,37.5800018,37.9900017,37.3100014,2112300.0,33.8994331
2012-09-05 00:00:00,37.4000015,37.5699997,37.6399994,37.2299995,2122400.0,33.692234
2012-09-06 00:00:00,38.75,37.75,38.9000015,37.6599998,2759200.0,34.9083939
2012-09-07 00:00:00,39.3600006,38.9000015,39.3600006,38.8400002,3627900.0,35.4579239
2012-09-10 00:00:00,38.9700012,39.3600006,39.3600006,38.9500008,2736100.0,35.1065826
2012-09-11 00:00:00,39.3400002,39.0,39.4599991,38.9700012,2083600.0,35.4399071
2012-09-12 00:00:00,39.5200005,39.5,39.6399994,39.2700005,1320500.0,35.6020622
2012-09-13 00:00:00,40.9799995,39.5600014,41.0099983,39.3600006,4434000.0,36.9173203
2012-09-14 00:00:00,41.5999985,40.9599991,41.8400002,40.6899986,3430400.0,37.4758606
2012-09-17 00:00:00,41.1599998,41.2599983,41.4599991,40.7000008,3247700.0,37.079483
2012-09-18 00:00:00,41.0699997,41.1800003,41.2799988,40.9000015,1646100.0,36.9983902
2012-09-19 00:00:00,40.9000015,41.0299988,41.2900009,40.8600006,3550300.0,36.8452415
2012-09-20 00:00:00,40.75,40.3800011,40.7999992,39.75,4018800.0,36.710125
2012-09-21 00:00:00,40.4300003,40.9599991,41.0,40.3899994,3370700.0,36.4218521
2012-09-24 00:00:00,40.2200012,40.3300018,40.5999985,40.0,2245100.0,36.2326736
2012-09-25 00:00:00,39.1399994,39.7799988,40.4099998,39.1199989,3505300.0,35.2597198
2012-09-26 00:00:00,39.0099983,39.1100006,39.2799988,38.7599983,2477000.0,35.1426239
2012-09-27 00:00:00,39.5800018,39.2299995,39.7200012,38.9500008,2298600.0,35.6561165
2012-09-28 00:00:00,39.0999985,39.3499985,39.4700012,39.0,3023700.0,35.22369
2012-10-01 00:00:00,38.9700012,39.3199997,39.6399994,38.8899994,3254700.0,35.1065826
2012-10-02 00:00:00,38.6300011,39.1599998,39.2599983,38.5,3500700.0,34.8002968
2012-10-03 00:00:00,39.0,38.8600006,39.0800018,38.5,4667300.0,35.1336212
2012-10-04 00:00:00,38.9399986,39.8800011,40.2999992,38.6599998,6841600.0,35.079567
2012-10-05 00:00:00,38.2900009,38.5900002,39.1500015,38.0,5090500.0,34.4940033
2012-10-08 00:00:00,38.7299995,38.2000008,39.0900002,38.0600014,5050400.0,34.8903732
2012-10-09 00:00:00,38.4500008,38.7000008,38.8400002,38.2999992,3116300.0,34.638134
2012-10-10 00:00:00,38.3800011,38.4599991,38.7599983,38.1599998,2911600.0,34.5750771
2012-10-11 00:00:00,38.1699982,37.7299995,38.2900009,37.6599998,3491500.0,34.3858948
2012-10-12 00:00:00,38.1599998,38.2200012,38.6399994,37.9500008,2319200.0,34.3768845
2012-10-15 00:00:00,38.5299988,38.25,38.6500015,38.1500015,1928500.0,34.7102051
2012-10-16 00:00:00,38.8899994,38.8100014,38.9700012,38.6500015,1485300.0,35.0345116
2012-10-17 00:00:00,38.7900009,39.0,39.0,38.5600014,1998800.0,34.9444389
2012-10-18 00:00:00,38.8899994,38.7900009,39.1100006,38.5800018,1954600.0,35.0345116
2012-10-19 00:00:00,37.5299988,38.6699982,38.6699982,37.3300018,3505000.0,33.8093491
2012-10-22 00:00:00,37.9399986,37.5299988,37.9900017,37.1300011,2271900.0,34.1786957
2012-10-23 00:00:00,36.8899994,37.2700005,37.3300018,36.8400002,2215500.0,33.2327919
2012-10-24 00:00:00,36.4399986,37.0699997,37.1500015,36.2900009,3704200.0,32.8274078
2012-10-25 00:00:00,36.4700012,36.75,37.0499992,36.0900002,4003600.0,32.854435
2012-10-26 00:00:00,36.8199997,36.4000015,37.2599983,36.3300018,5715400.0,33.1697311
2012-10-31 00:00:00,36.4799995,36.7799988,36.9500008,36.2299995,3793600.0,32.8634338
2012-11-01 00:00:00,36.9599991,36.6399994,37.1500015,36.5200005,2507400.0,33.2958603
2012-11-02 00:00:00,36.6899986,37.2299995,37.4700012,36.6699982,4070100.0,33.0526237
2012-11-05 00:00:00,36.6399994,36.5200005,36.7200012,36.3300018,1859000.0,33.0075836
2012-11-06 00:00:00,36.7700005,36.7299995,36.8800011,36.5,2267800.0,33.1246796
2012-11-07 00:00:00,36.0099983,36.4099998,36.6699982,35.8499985,2809700.0,32.4400291
2012-11-08 00:00:00,35.2799988,35.9799995,36.0299988,35.2799988,3327300.0,31.7824116
2012-11-09 00:00:00,35.5400009,35.1599998,36.0,35.1100006,3759700.0,32.0166245
2012-11-12 00:00:00,35.3100014,35.6500015,35.6699982,35.2700005,1980100.0,31.8094349
2012-11-13 00:00:00,35.1300011,35.1300011,35.4700012,35.0600014,3253900.0,31.6472778
2012-11-14 00:00:00,34.3800011,35.2799988,35.3100014,34.2599983,2788700.0,30.9716415
2012-11-15 00:00:00,34.1100006,34.3800011,34.5999985,33.9300003,3195600.0,30.7283974
2012-11-16 00:00:00,34.4300003,34.2099991,34.9500008,34.0999985,3369500.0,31.0166702
2012-11-19 00:00:00,35.4500008,34.9300003,35.5900002,34.8600006,4265300.0,31.9355545
2012-11-20 00:00:00,34.8800011,35.3800011,35.4900017,34.7299995,2710300.0,31.5377235
2012-11-21 00:00:00,34.8199997,34.9000015,35.1599998,34.75,1227700.0,31.4834633
2012-11-23 00:00:00,35.2400017,35.0400009,35.2700005,34.8800011,583400.0,31.8632164
2012-11-26 00:00:00,34.7099991,34.9700012,35.0299988,34.6300011,2639900.0,31.3840008
2012-11-27 00:00:00,34.6399994,34.5600014,35.0699997,34.5099983,2987700.0,31.3207054
2012-11-28 00:00:00,35.2099991,34.4700012,35.2700005,34.2099991,2701400.0,31.8360863
2012-11-29 00:00:00,36.6300011,35.4900017,36.7000008,35.3499985,5356600.0,33.1200294
2012-11-30 00:00:00,36.2900009,36.5600014,36.5600014,36.1300011,3632700.0,32.812603
2012-12-03 00:00:00,35.8899994,36.2299995,36.6899986,35.8699989,1718000.0,32.4509354
2012-12-04 00:00:00,35.5299988,35.8100014,35.8600006,35.4900017,2285300.0,32.1254196
2012-12-05 00:00:00,35.2700005,35.6100006,35.75,35.1100006,2013300.0,31.8903408
2012-12-06 00:00:00,35.4599991,35.3199997,35.7799988,35.1899986,1544300.0,32.0621414
2012-12-07 00:00:00,35.4300003,35.7200012,35.7200012,35.2799988,1282800.0,32.0350113
2012-12-10 00:00:00,35.5900002,35.3499985,35.7000008,35.2599983,1135900.0,32.1796837
2012-12-11 00:00:00,35.7900009,35.75,35.9199982,35.5600014,1868500.0,32.3605156
2012-12-12 00:00:00,35.9199982,35.9900017,36.1899986,35.5400009,2259100.0,32.4780502
2012-12-13 00:00:00,35.6199989,35.9000015,36.0,35.5699997,1601200.0,32.2068024
2012-12-14 00:00:00,36.1100006,35.4700012,36.3300018,35.4700012,2328200.0,32.6498566
2012-12-17 00:00:00,36.8400002,36.2099991,36.8600006,36.1100006,2489800.0,33.309906
2012-12-18 00:00:00,37.4199982,36.9599991,37.4700012,36.8100014,3001600.0,33.8343124
2012-12-19 00:00:00,37.2200012,37.3899994,37.5200005,37.1300011,2375500.0,33.6534843
2012-12-20 00:00:00,37.6800003,37.1899986,37.8600006,37.1199989,3433300.0,34.0694084
2012-12-21 00:00:00,37.4000015,37.0900002,37.4500008,36.9900017,3346200.0,33.8162422
2012-12-24 00:00:00,37.1199989,37.3199997,37.3699989,37.0,562200.0,33.5630684
2012-12-26 00:00:00,36.7099991,37.1500015,37.1899986,36.6899986,1516100.0,33.1923637
2012-12-27 00:00:00,36.8800011,36.7299995,36.9700012,36.2900009,1731400.0,33.3460732
2012-12-28 00:00:00,36.4799995,36.4900017,37.0400009,36.4199982,1662700.0,32.9843903
2012-12-31 00:00:00,37.2700005,36.3100014,37.2900009,36.2400017,1946100.0,33.6986923
2013-01-02 00:00:00,38.7900009,38.3199997,39.4099998,38.1399994,3964900.0,35.0730553
2013-01-03 00:00:00,39.0999985,38.8600006,39.3400002,38.7299995,2810800.0,35.3533363
2013-01-04 00:00:00,39.2299995,39.2299995,39.4300003,38.9799995,2285300.0,35.47089
2013-01-07 00:00:00,39.0099983,38.9399986,39.2000008,38.7900009,1817200.0,35.2719688
2013-01-08 00:00:00,38.9000015,38.9300003,39.0499992,38.75,1716000.0,35.1725121
2013-01-09 00:00:00,38.9000015,38.9799995,39.0600014,38.7299995,1456600.0,35.1725121
2013-01-10 00:00:00,39.0200005,39.1899986,39.2900009,38.8499985,1521500.0,35.2810173
2013-01-11 00:00:00,38.8800011,38.9799995,39.0999985,38.7599983,863200.0,35.1544342
2013-01-14 00:00:00,38.7299995,38.9099998,39.1500015,38.6199989,1227700.0,35.0187912
2013-01-15 00:00:00,39.1599998,38.5800018,39.2400017,38.5499992,1830000.0,35.4076042
2013-01-16 00:00:00,38.8300018,38.9599991,39.0900002,38.7000008,1182200.0,35.1092186
2013-01-17 00:00:00,39.2799988,38.9500008,39.5299988,38.9000015,2481100.0,35.516098
2013-01-18 00:00:00,39.2700005,39.3800011,39.4000015,38.9700012,1523100.0,35.5070534
2013-01-22 00:00:00,39.2400017,39.2000008,39.2999992,38.7400017,2173200.0,35.4799385
2013-01-23 00:00:00,39.1500015,39.2000008,39.2900009,38.9099998,2010600.0,35.3985481
2013-01-24 00:00:00,38.9700012,39.2000008,39.3800011,38.8300018,2456800.0,35.2357979
2013-01-25 00:00:00,39.5600014,39.1599998,39.6500015,39.0499992,2912200.0,35.769268
2013-01-28 00:00:00,40.0999985,39.5099983,40.1199989,39.4000015,4130800.0,36.2575226
2013-01-29 00:00:00,40.2099991,39.9900017,40.25,39.7700005,2281300.0,36.3569756
2013-01-30 00:00:00,40.1399994,40.1300011,40.3800011,40.0699997,2246600.0,36.2936821
2013-01-31 00:00:00,39.9799995,40.2299995,40.2299995,39.7900009,2593200.0,36.1490173
2013-02-01 00:00:00,40.2900009,40.3400002,40.5800018,40.0900002,1852600.0,36.4293175
2013-02-04 00:00:00,39.7700005,39.9900017,40.1500015,39.6699982,1830900.0,35.959137
2013-02-05 00:00:00,39.9500008,40.0200005,40.1699982,39.8499985,1836600.0,36.1218948
2013-02-06 00:00:00,40.6599998,39.8899994,40.7400017,39.8100014,2508900.0,36.7638626
2013-02-07 00:00:00,40.4700012,40.5499992,40.6599998,39.9900017,2087800.0,36.5920715
2013-02-08 00:00:00,40.9700012,40.5299988,41.0499992,40.4799995,1965500.0,37.0441666
2013-02-11 00:00:00,41.2200012,40.9700012,41.2299995,40.7599983,1182200.0,37.2701988
2013-02-12 00:00:00,41.3899994,41.1899986,41.5200005,40.8899994,1637200.0,37.4239082
2013-02-13 00:00:00,41.1800003,41.5800018,41.6100006,41.1599998,1461000.0,37.2340279
2013-02-14 00:00:00,41.1599998,40.9199982,41.2099991,40.7799988,1381300.0,37.2159576
2013-02-15 00:00:00,41.2299995,41.1899986,41.7299995,41.1300011,3495800.0,37.2792397
2013-02-19 00:00:00,40.8300018,41.1500015,41.1500015,40.6300011,4131200.0,36.9175758
2013-02-20 00:00:00,39.7200012,39.8699989,41.0,39.5200005,3722300.0,35.9139366
2013-02-21 00:00:00,39.1599998,39.6100006,39.6199989,39.0499992,3558500.0,35.4076042
2013-02-22 00:00:00,39.4900017,39.3300018,39.4900017,39.0400009,1832600.0,35.7059708
2013-02-25 00:00:00,38.5999985,39.7000008,39.9700012,38.5999985,3347800.0,34.9012566
2013-02-26 00:00:00,38.5299988,38.7099991,38.9199982,38.3499985,2620200.0,34.8379593
2013-02-27 00:00:00,39.2999992,38.5,39.4300003,38.5,1638100.0,35.6544876
2013-02-28 00:00:00,39.4500008,39.3400002,39.7999992,39.2400017,2701000.0,35.7905579
2013-03-01 00:00:00,39.5699997,39.2799988,39.7000008,39.0600014,1580600.0,35.8994255
2013-03-04 00:00:00,39.2000008,39.5,39.6199989,38.9300003,3377400.0,35.563755
2013-03-05 00:00:00,39.4599991,39.4199982,39.8100014,39.3400002,2484200.0,35.7996216
2013-03-06 00:00:00,39.3800011,39.6199989,39.7099991,39.2999992,2254500.0,35.7270584
2013-03-07 00:00:00,39.3600006,39.4900017,39.5400009,39.2299995,1950700.0,35.7089119
2013-03-08 00:00:00,40.2900009,39.6800003,40.5200005,39.5299988,4826500.0,36.5526428
2013-03-11 00:00:00,40.2400017,40.3100014,40.4300003,39.9300003,3276000.0,36.5072861
2013-03-12 00:00:00,39.9799995,40.3100014,40.5600014,39.8199997,2374200.0,36.2713966
2013-03-13 00:00:00,40.1800003,40.0499992,40.4000015,39.9599991,2199400.0,36.4528427
2013-03-14 00:00:00,40.4199982,40.2599983,40.5600014,40.1300011,1593700.0,36.6705856
2013-03-15 00:00:00,40.3499985,40.25,40.4500008,40.0200005,2691200.0,36.6070824
2013-03-18 00:00:00,39.9000015,39.7900009,40.1500015,39.6100006,2087000.0,36.1988297
2013-03-19 00:00:00,39.5499992,40.0,40.0699997,39.2400017,2858500.0,35.8812752
2013-03-20 00:00:00,40.0200005,39.8300018,40.2200012,39.75,1473900.0,36.3076897
2013-03-21 00:00:00,39.6199989,39.7599983,39.9700012,39.5,1431900.0,35.9447861
2013-03-22 00:00:00,39.8499985,39.7000008,39.8899994,39.6500015,1294500.0,36.15345
2013-03-25 00:00:00,39.7599983,40.0,40.1199989,39.5900002,1931700.0,36.0718117
2013-03-26 00:00:00,41.2900009,39.9300003,41.5600014,39.7900009,5147100.0,37.4598808
2013-03-27 00:00:00,41.6199989,41.0400009,41.7000008,40.9199982,2543600.0,37.7592659
2013-03-28 00:00:00,42.2299995,41.6899986,42.2700005,41.5699997,2391500.0,38.3126831
2013-04-01 00:00:00,41.6300011,42.1199989,42.25,41.5999985,1777700.0,37.7683372
2013-04-02 00:00:00,41.4599991,41.8600006,41.9199982,41.3100014,1691500.0,37.6141129
2013-04-03 00:00:00,41.0,41.5200005,41.6599998,40.8499985,2291500.0,37.196785
2013-04-04 00:00:00,41.2999992,40.9799995,41.3300018,40.8800011,1549400.0,37.468956
2013-04-05 00:00:00,40.6599998,40.5900002,40.6899986,40.2000008,1775100.0,36.8883209
2013-04-08 00:00:00,41.2999992,40.5499992,41.2999992,40.5,944100.0,37.468956
2013-04-09 00:00:00,41.5999985,41.5499992,41.8699989,41.3899994,1744900.0,37.741127
2013-04-10 00:00:00,41.9900017,41.7299995,42.1500015,41.5800018,1877000.0,38.0949554
2013-04-11 00:00:00,42.2099991,42.1899986,42.3699989,42.0800018,1702600.0,38.2945404
2013-04-12 00:00:00,42.5900002,42.0699997,42.5900002,41.9799995,1123100.0,38.6392937
2013-04-15 00:00:00,40.7099991,42.2000008,42.2400017,40.5499992,4070100.0,36.9336891
2013-04-16 00:00:00,41.75,41.2000008,41.75,41.1199989,2480000.0,37.8772202
2013-04-17 00:00:00,41.1300011,41.4199982,41.5600014,40.8300018,1635200.0,37.3147354
2013-04-18 00:00:00,40.8100014,41.2400017,41.3899994,40.5499992,1993900.0,37.0244064
2013-04-19 00:00:00,41.3400002,40.9099998,41.4300003,40.7099991,1267800.0,37.5052376
2013-04-22 00:00:00,41.3300018,41.3800011,41.5600014,41.0299988,1456000.0,37.4961815
2013-04-23 00:00:00,41.8699989,41.5099983,41.9399986,41.4900017,1744400.0,37.9860878
2013-04-24 00:00:00,41.4300003,41.9799995,42.0600014,41.3899994,1729800.0,37.5868988
2013-04-25 00:00:00,41.6399994,41.7200012,41.9199982,41.5900002,2066600.0,37.7774162
2013-04-26 00:00:00,41.5699997,41.5299988,42.0,41.4799995,2228700.0,37.7139015
2013-04-29 00:00:00,41.6199989,41.5,41.6699982,41.2099991,1661400.0,37.7592659
2013-04-30 00:00:00,43.0600014,41.7999992,43.1300011,41.7999992,3683900.0,39.0656967
2013-05-01 00:00:00,42.4799995,42.4599991,42.9099998,42.2900009,2508200.0,38.5394974
2013-05-02 00:00:00,42.8400002,42.5699997,42.9599991,41.4500008,3229800.0,38.8661041
2013-05-03 00:00:00,43.0099983,43.25,43.5600014,42.8699989,2589500.0,39.0203323
2013-05-06 00:00:00,43.1100006,43.0,43.2700005,42.9399986,1826300.0,39.1110649
2013-05-07 00:00:00,43.5400009,43.2099991,43.7099991,43.2099991,1217300.0,39.5011711
2013-05-08 00:00:00,43.4900017,43.3400002,43.7000008,43.2200012,1657900.0,39.4558067
2013-05-09 00:00:00,43.2299995,43.5099983,43.6399994,43.1300011,1710100.0,39.2199173
2013-05-10 00:00:00,43.9700012,43.3499985,43.9700012,43.2400017,1762100.0,39.8912849
2013-05-13 00:00:00,43.6300011,43.9199982,43.9300003,43.5999985,1438300.0,39.5828285
2013-05-14 00:00:00,43.9599991,43.6500015,44.0,43.6100006,1986200.0,39.8821983
2013-05-15 00:00:00,43.9700012,43.9099998,44.4500008,43.7400017,3448500.0,39.8912849
2013-05-16 00:00:00,43.1899986,43.8600006,43.9399986,43.1300011,1089600.0,39.1836319
2013-05-17 00:00:00,43.7299995,43.3199997,43.8400002,43.3199997,1786800.0,39.673542
2013-05-20 00:00:00,43.3600006,43.6899986,43.8400002,43.3100014,1355400.0,39.3378601
2013-05-21 00:00:00,43.4799995,43.3699989,43.7099991,43.2200012,1282700.0,39.4467392
2013-05-22 00:00:00,42.7700005,43.3400002,43.8199997,42.5499992,1622900.0,38.9549103
2013-05-23 00:00:00,42.5800018,42.3499985,43.1599998,42.3199997,1889000.0,38.781868
2013-05-24 00:00:00,42.7700005,42.3800011,42.8600006,42.1399994,1442900.0,38.9549103
2013-05-28 00:00:00,43.2299995,43.25,43.5499992,43.0800018,1394300.0,39.3738594
2013-05-29 00:00:00,42.3300018,42.9099998,43.0800018,42.2599983,1546500.0,38.5541458
2013-05-30 00:00:00,42.5200005,42.4799995,42.9099998,42.3800011,1521300.0,38.7272034
2013-05-31 00:00:00,42.0099983,42.4199982,42.8400002,42.0099983,2352200.0,38.2626839
2013-06-03 00:00:00,42.2000008,42.3499985,42.3899994,41.5400009,2129300.0,38.4357452
2013-06-04 00:00:00,40.4099998,42.1300011,42.2299995,40.4000015,4192200.0,36.8054237
2013-06-05 00:00:00,40.3899994,40.2400017,40.8800011,40.0900002,3339900.0,36.7871971
2013-06-06 00:00:00,41.0099983,40.3300018,41.0200005,40.0900002,1936400.0,37.351902
2013-06-07 00:00:00,41.6599998,41.2400017,41.7000008,41.0999985,2058800.0,37.9439125
2013-06-10 00:00:00,41.4799995,41.7000008,41.8899994,41.3800011,2003800.0,37.7799644
2013-06-11 00:00:00,40.8400002,41.0099983,41.2299995,40.5900002,1778700.0,37.1970634
2013-06-12 00:00:00,40.5900002,41.1300011,41.4099998,40.2799988,2219800.0,36.9693527
2013-06-13 00:00:00,41.0900002,40.5400009,41.1800003,40.2599983,1751000.0,37.4247551
2013-06-14 00:00:00,40.7700005,41.0800018,41.5400009,40.5900002,1352700.0,37.1333008
2013-06-17 00:00:00,40.6599998,41.0200005,41.1199989,40.5299988,2472600.0,37.033123
2013-06-18 00:00:00,40.8199997,40.6599998,41.0999985,40.5699997,2055200.0,37.1788368
2013-06-19 00:00:00,40.4199982,40.7799988,41.0699997,40.4099998,2794200.0,36.8145218
2013-06-20 00:00:00,39.0499992,39.9799995,40.0,38.9799995,2795600.0,35.5667229
2013-06-21 00:00:00,38.9300003,39.3499985,39.5400009,38.1699982,4642400.0,35.4574318
2013-06-24 00:00:00,38.7099991,38.5,39.1399994,38.2299995,2635400.0,35.2570457
2013-06-25 00:00:00,39.3499985,39.2799988,39.4199982,38.8899994,2193900.0,35.8399658
2013-06-26 00:00:00,39.4500008,39.7000008,39.8400002,39.4199982,2481300.0,35.9310455
2013-06-27 00:00:00,40.25,39.7299995,40.4099998,39.6300011,2152600.0,36.6596909
2013-06-28 00:00:00,40.3699989,40.1399994,40.7099991,39.9599991,2708600.0,36.7689781
2013-07-01 00:00:00,40.3199997,40.6699982,40.8600006,40.2900009,1602300.0,36.7234383
2013-07-02 00:00:00,40.2299995,40.3800011,40.6699982,40.1399994,1953100.0,36.6414719
2013-07-03 00:00:00,40.2999992,40.0099983,40.4500008,39.8199997,831700.0,36.7052193
2013-07-05 00:00:00,41.4000015,40.7200012,41.4300003,40.5800018,1527300.0,37.7071037
2013-07-08 00:00:00,41.7200012,41.6100006,42.1100006,41.5900002,1807100.0,37.9985542
2013-07-09 00:00:00,41.7400017,41.9599991,42.0400009,41.4500008,2054300.0,38.0167847
2013-07-10 00:00:00,41.9300003,41.75,41.9700012,41.4700012,1299500.0,38.1898232
2013-07-11 00:00:00,42.1800003,42.5200005,42.6899986,42.1199989,1952300.0,38.4175262
2013-07-12 00:00:00,41.7299995,42.2000008,42.3199997,41.7000008,2183300.0,38.0076637
2013-07-15 00:00:00,41.5800018,41.7400017,41.9599991,41.5600014,1977400.0,37.871048
2013-07-16 00:00:00,41.4900017,41.6599998,41.7999992,41.3800011,1655800.0,37.7890816
2013-07-17 00:00:00,41.3400002,41.6500015,41.7000008,41.0400009,1792500.0,37.6524544
2013-07-18 00:00:00,42.0099983,41.5499992,42.2599983,41.3600006,1540400.0,38.2626839
2013-07-19 00:00:00,41.6199989,41.9500008,42.0,41.0800018,1702700.0,37.9074745
2013-07-22 00:00:00,41.4700012,41.5299988,41.6899986,41.3199997,1163600.0,37.7708702
2013-07-23 00:00:00,40.9500008,41.5499992,41.6399994,40.8899994,1402500.0,37.2972527
2013-07-24 00:00:00,40.3699989,41.0499992,41.0699997,40.1599998,3310100.0,36.7689781
2013-07-25 00:00:00,40.8600006,40.3699989,41.0499992,40.2999992,2768400.0,37.215271
2013-07-26 00:00:00,41.2599983,40.6599998,41.3100014,40.5099983,1236100.0,37.5795937
2013-07-29 00:00:00,40.9599991,41.0800018,41.5,40.8699989,1633200.0,37.3063583
2013-07-30 00:00:00,41.3899994,41.2099991,41.5,41.1100006,1422000.0,37.6980019
2013-07-31 00:00:00,41.5699997,41.4799995,42.0099983,41.25,2936700.0,37.8619423
2013-08-01 00:00:00,41.5800018,40.9399986,41.9799995,40.9000015,6797100.0,37.871048
2013-08-02 00:00:00,42.4199982,41.5499992,43.0,41.4099998,5179400.0,38.6361313
2013-08-05 00:00:00,42.1699982,42.2400017,42.5,41.9500008,2662700.0,38.4084244
2013-08-06 00:00:00,41.6800003,42.1599998,42.3800011,41.6300011,1773900.0,37.9621277
2013-08-07 00:00:00,40.9700012,41.6199989,41.6300011,40.9700012,2323200.0,37.3154755
2013-08-08 00:00:00,41.4900017,41.1899986,41.6599998,40.9000015,1383200.0,37.7890816
2013-08-09 00:00:00,40.9399986,41.4000015,41.4799995,40.9099998,1511500.0,37.2881393
2013-08-12 00:00:00,40.7299995,40.6100006,41.0,40.5099983,1681500.0,37.0968666
2013-08-13 00:00:00,40.5699997,40.7599983,40.8100014,40.1899986,1370400.0,36.9511414
2013-08-14 00:00:00,41.0800018,40.4500008,41.6899986,40.3400002,3434000.0,37.4156494
2013-08-15 00:00:00,40.8899994,40.9799995,41.5099983,40.7599983,2947400.0,37.2425957
2013-08-16 00:00:00,40.4000015,40.8199997,40.8400002,40.3600006,2164900.0,36.7963028
2013-08-19 00:00:00,40.25,40.4000015,40.5499992,40.2000008,2239400.0,36.6596909
2013-08-20 00:00:00,40.0499992,40.1599998,40.3699989,39.9700012,2089000.0,36.6322403
2013-08-21 00:00:00,39.8899994,39.9700012,40.2900009,39.5800018,2182700.0,36.4858971
2013-08-22 00:00:00,41.3199997,39.9599991,41.6100006,39.7999992,2515600.0,37.7938652
2013-08-23 00:00:00,41.1599998,41.4399986,41.5800018,40.9099998,2936100.0,37.6475296
2013-08-26 00:00:00,41.2299995,41.1599998,41.6100006,40.9500008,1551600.0,37.7115479
2013-08-27 00:00:00,40.4199982,40.7599983,40.8300018,40.3300018,2372500.0,36.9706688
2013-08-28 00:00:00,40.1500015,40.3499985,40.3699989,39.8499985,2514900.0,36.7237091
2013-08-29 00:00:00,40.25,40.0,40.7099991,39.9500008,1638200.0,36.8151894
2013-08-30 00:00:00,39.9900017,40.2400017,40.4500008,39.8800011,1671500.0,36.5773697
2013-09-03 00:00:00,40.2999992,40.3699989,40.7400017,40.2400017,1860900.0,36.8609047
2013-09-04 00:00:00,40.9300003,40.2200012,41.1599998,40.1699982,1735500.0,37.4371567
2013-09-05 00:00:00,40.7700005,40.9000015,41.2200012,40.6100006,1908300.0,37.2907982
2013-09-06 00:00:00,40.6199989,40.7900009,40.9300003,40.2799988,1944600.0,37.1536064
2013-09-09 00:00:00,41.0600014,40.7400017,41.25,40.7400017,1592500.0,37.556057
2013-09-10 00:00:00,41.6100006,41.2400017,41.6899986,41.2400017,1460700.0,38.0591278
2013-09-11 00:00:00,42.9599991,42.0900002,43.2900009,42.0,3687500.0,39.2939186
2013-09-12 00:00:00,42.5900002,42.9900017,43.1100006,42.3199997,1930100.0,38.9554901
2013-09-13 00:00:00,42.8600006,42.5600014,42.9399986,42.4700012,1497400.0,39.202446
2013-09-16 00:00:00,43.1199989,43.3100014,43.5200005,43.0200005,1412600.0,39.440258
2013-09-17 00:00:00,43.3499985,43.1100006,43.5,43.0800018,1696400.0,39.650631
2013-09-18 00:00:00,43.8199997,43.2700005,43.9399986,42.8800011,1922300.0,40.0805244
2013-09-19 00:00:00,43.5800018,43.8100014,43.9900017,43.5299988,1811600.0,39.8610115
2013-09-20 00:00:00,43.1699982,43.4799995,43.5099983,43.0299988,3263900.0,39.4859848
2013-09-23 00:00:00,43.0,43.1699982,43.2799988,42.7099991,1807700.0,39.3305016
2013-09-24 00:00:00,43.0600014,43.0,43.4099998,42.8499985,2737300.0,39.3853722
2013-09-25 00:00:00,42.8100014,43.0499992,43.1500015,42.5999985,1785600.0,39.1567192
2013-09-26 00:00:00,42.9099998,42.7799988,43.1100006,42.4000015,2099000.0,39.2481842
2013-09-27 00:00:00,42.3499985,42.6199989,42.7700005,42.0,2404500.0,38.7359695
2013-09-30 00:00:00,42.0600014,41.9599991,42.1599998,41.6699982,2357300.0,38.470726
2013-10-01 00:00:00,42.5400009,42.0200005,42.5499992,41.9900017,1974300.0,38.9097595
2013-10-02 00:00:00,42.4700012,42.2999992,42.4900017,41.8199997,1881900.0,38.8457336
2013-10-03 00:00:00,42.2799988,42.3100014,42.4199982,41.75,2337800.0,38.6719398
2013-10-04 00:00:00,42.5999985,42.2700005,42.6699982,42.0699997,1382300.0,38.9646416
2013-10-07 00:00:00,41.9599991,42.2000008,42.3300018,41.9500008,1353100.0,38.3792458
2013-10-08 00:00:00,41.5299988,42.0,42.0699997,41.4199982,2391400.0,37.9859428
2013-10-09 00:00:00,41.2799988,41.6500015,41.7799988,41.2599983,2861600.0,37.7572784
2013-10-10 00:00:00,41.9799995,41.7599983,42.1199989,41.3899994,2666500.0,38.3975449
2013-10-11 00:00:00,42.2999992,42.0200005,42.5400009,41.8600006,2032000.0,38.6902351
2013-10-14 00:00:00,42.0400009,42.0,42.1100006,41.7599983,1964500.0,38.4524155
2013-10-15 00:00:00,42.2900009,41.9700012,42.5400009,41.7700005,3091900.0,38.6810913
2013-10-16 00:00:00,42.9700012,42.5900002,43.0299988,42.5499992,2916800.0,39.3030548
2013-10-17 00:00:00,43.3100014,42.8899994,43.3400002,42.6199989,1637500.0,39.6140404
2013-10-18 00:00:00,43.5,43.5,43.9099998,43.2799988,2801500.0,39.7878304
2013-10-21 00:00:00,43.9799995,42.2999992,43.9900017,42.2999992,1417200.0,40.2268715
2013-10-22 00:00:00,43.8899994,44.1100006,44.2299995,43.4399986,2266500.0,40.1445503
2013-10-23 00:00:00,43.5900002,43.3800011,43.8300018,43.3400002,1855700.0,39.8701515
2013-10-24 00:00:00,44.6100006,44.0499992,44.6800003,43.9199982,2425800.0,40.803112
2013-10-25 00:00:00,44.4900017,44.75,44.75,44.25,1388900.0,40.6933517
2013-10-28 00:00:00,44.0999985,44.0499992,44.3699989,43.7700005,2474400.0,40.3366318
2013-10-29 00:00:00,44.6100006,44.3699989,44.6300011,44.0600014,2246900.0,40.803112
2013-10-30 00:00:00,44.2000008,44.5900002,44.7200012,44.0099983,1826800.0,40.4281082
2013-10-31 00:00:00,45.0800018,44.6500015,45.9099998,44.0900002,4457600.0,41.2329941
2013-11-01 00:00:00,45.7099991,45.2200012,45.7700005,45.1300011,2621600.0,41.8092384
2013-11-04 00:00:00,45.9900017,45.5900002,46.0200005,45.3600006,2560600.0,42.0653381
2013-11-05 00:00:00,45.8499985,45.5699997,45.9700012,45.4399986,2084100.0,41.9372978
2013-11-06 00:00:00,46.3400002,45.9500008,46.5200005,45.9300003,2871400.0,42.385479
2013-11-07 00:00:00,45.4300003,46.4199982,46.4199982,45.3899994,2366200.0,41.5531311
2013-11-08 00:00:00,46.1199989,45.4099998,46.1199989,45.3699989,2028800.0,42.1842461
2013-11-11 00:00:00,46.0999985,45.9700012,46.4900017,45.6699982,2405900.0,42.1659584
2013-11-12 00:00:00,46.4300003,47.0299988,47.1599998,46.2799988,3261000.0,42.4677925
2013-11-13 00:00:00,46.6800003,46.2900009,46.7099991,46.1699982,2638000.0,42.6964684
2013-11-14 00:00:00,46.9399986,46.5999985,46.9799995,46.4599991,2266200.0,42.9342728
2013-11-15 00:00:00,47.0200005,46.9500008,47.5800018,46.9500008,15553500.0,43.0074501
2013-11-18 00:00:00,46.9799995,47.0699997,47.2999992,46.7799988,2949300.0,42.9708595
2013-11-19 00:00:00,46.3300018,46.8400002,46.8899994,46.0200005,2397900.0,42.5302467
2013-11-20 00:00:00,46.2599983,46.5200005,46.75,46.0299988,1947000.0,42.4659653
2013-11-21 00:00:00,46.9099998,46.4900017,47.1300011,46.2700005,1939800.0,43.062645
2013-11-22 00:00:00,46.9199982,47.0299988,47.1699982,46.8100014,2379300.0,43.0718384
2013-11-25 00:00:00,46.6300011,46.8300018,47.0499992,46.5299988,1986000.0,42.8056259
2013-11-26 00:00:00,47.1800003,46.4599991,47.3400002,46.4599991,2135500.0,43.3105049
2013-11-27 00:00:00,46.9300003,47.2000008,47.2999992,46.8800011,1612000.0,43.0810165
2013-11-29 00:00:00,47.0200005,47.1199989,47.1699982,46.8600006,1346100.0,43.1636391
2013-12-02 00:00:00,46.5,47.0,47.0200005,46.3699989,2137600.0,42.6862869
2013-12-03 00:00:00,46.0200005,46.0800018,46.5,45.8499985,3432600.0,42.2456512
2013-12-04 00:00:00,45.9099998,45.4399986,46.1800003,45.25,2119800.0,42.1446762
2013-12-05 00:00:00,45.6199989,45.9199982,46.0699997,45.5699997,1914300.0,41.8784637
2013-12-06 00:00:00,46.2299995,46.6399994,46.7000008,45.9599991,1943200.0,42.4384232
2013-12-09 00:00:00,46.5600014,46.4599991,46.8899994,46.4199982,1537800.0,42.7413597
2013-12-10 00:00:00,46.5699997,46.5999985,46.7299995,46.4500008,1852700.0,42.7505417
2013-12-11 00:00:00,46.0099983,46.5,46.5600014,45.8499985,2470600.0,42.2364578
2013-12-12 00:00:00,46.0200005,45.9199982,46.3400002,45.8300018,1867700.0,42.2456512
2013-12-13 00:00:00,46.5699997,46.3499985,46.6899986,46.0,1956900.0,42.7505417
2013-12-16 00:00:00,47.0900002,46.7299995,47.4500008,46.6100006,2616600.0,43.2278976
2013-12-17 00:00:00,46.8400002,46.9500008,47.1500015,46.4199982,1782500.0,42.9984093
2013-12-18 00:00:00,47.8699989,46.8800011,47.9000015,46.5200005,1944700.0,43.9439278
2013-12-19 00:00:00,47.7200012,47.5999985,47.8699989,47.3100014,1550200.0,43.8062363
2013-12-20 00:00:00,48.1500015,47.9700012,48.3199997,47.8699989,3679100.0,44.2009583
2013-12-23 00:00:00,48.2799988,48.0900002,48.8199997,48.0600014,1088000.0,44.3203011
2013-12-24 00:00:00,48.6699982,48.0499992,48.6899986,48.0499992,692500.0,44.6782951
2013-12-26 00:00:00,48.9099998,49.7099991,49.8400002,48.5900002,1137800.0,44.8986282
2013-12-27 00:00:00,48.7799988,48.9900017,49.0200005,48.6800003,875000.0,44.7792892
2013-12-30 00:00:00,49.0099983,49.0800018,49.1199989,48.5999985,1200100.0,44.9904137
2013-12-31 00:00:00,49.3499985,49.0,49.4399986,49.0,1484100.0,45.3025436
2014-01-02 00:00:00,48.9599991,49.0299988,49.2599983,48.5699997,2127000.0,44.944519
2014-01-03 00:00:00,48.6500015,49.0,49.1699982,48.6399994,1248200.0,44.6599503
2014-01-06 00:00:00,48.4500008,48.8300018,48.9000015,48.25,2163000.0,44.4763565
2014-01-07 00:00:00,48.6599998,48.6500015,49.1300011,48.4799995,1766300.0,44.6691322
2014-01-08 00:00:00,49.1300011,48.7599983,49.1899986,48.7299995,2036900.0,45.1005936
2014-01-09 00:00:00,48.9900017,49.1300011,49.2099991,48.8100014,1263900.0,44.9720688
2014-01-10 00:00:00,49.2799988,49.1399994,49.2900009,48.7400017,924500.0,45.2382774
2014-01-13 00:00:00,48.75,49.6300011,49.6300011,48.5900002,2818300.0,44.7517509
2014-01-14 00:00:00,49.3400002,48.7799988,49.4300003,48.5699997,1806500.0,45.2933578
2014-01-15 00:00:00,49.8199997,49.3600006,49.8899994,48.8499985,1942900.0,45.7339935
2014-01-16 00:00:00,50.5699997,49.8899994,50.5999985,49.5299988,4603200.0,46.4224854
2014-01-17 00:00:00,50.6199989,50.3199997,50.8600006,50.2200012,3094600.0,46.4683762
2014-01-21 00:00:00,50.7900009,51.4399986,51.5,50.7599983,3179000.0,46.6244354
2014-01-22 00:00:00,51.1699982,51.0099983,51.5299988,50.7999992,3421800.0,46.9732704
2014-01-23 00:00:00,50.5800018,50.6100006,51.1599998,50.3199997,2394000.0,46.4316673
2014-01-24 00:00:00,49.7599983,50.3699989,50.4900017,49.75,3320300.0,45.6789169
2014-01-27 00:00:00,49.0499992,49.75,50.6800003,48.9199982,3031400.0,45.0271416
2014-01-28 00:00:00,49.7000008,49.1199989,49.9700012,49.0,1837400.0,45.6238327
2014-01-29 00:00:00,48.8600006,49.4700012,49.6500015,48.7900009,2277900.0,44.8527145
2014-01-30 00:00:00,49.3100014,49.1800003,49.4900017,49.0200005,1424900.0,45.2658119
2014-01-31 00:00:00,49.2999992,48.5099983,49.6899986,48.5099983,2054300.0,45.2566414
2014-02-03 00:00:00,47.4700012,49.4500008,49.5200005,47.3499985,3840900.0,43.5767288
2014-02-04 00:00:00,47.9799995,47.5,48.1699982,47.3499985,2472400.0,44.0449028
2014-02-05 00:00:00,47.8899994,47.9399986,48.0,47.2099991,2099800.0,43.9622803
2014-02-06 00:00:00,48.7599983,47.5999985,48.9599991,47.5999985,2017600.0,44.7609329
2014-02-07 00:00:00,49.2400017,49.0200005,49.3499985,48.7299995,1695000.0,45.201561
2014-02-10 00:00:00,49.3600006,49.0699997,49.6100006,49.0699997,1144200.0,45.3117104
2014-02-11 00:00:00,49.6899986,49.3499985,50.0,49.2799988,1948900.0,45.6146507
2014-02-12 00:00:00,49.6500015,49.8800011,50.1699982,49.5499992,1911700.0,45.5779419
2014-02-13 00:00:00,50.1100006,49.3600006,50.2000008,49.0200005,2135900.0,46.0002022
2014-02-14 00:00:00,51.5200005,49.9099998,51.5800018,49.9099998,3112500.0,47.2945709
2014-02-18 00:00:00,51.3800011,51.5200005,51.7400017,51.0699997,2559800.0,47.16605
2014-02-19 00:00:00,51.5400009,50.5900002,51.9799995,50.5800018,3159200.0,47.3129272
2014-02-20 00:00:00,51.7900009,50.5699997,51.8400002,50.5200005,3579300.0,47.5424271
2014-02-21 00:00:00,52.5099983,51.9099998,52.7200012,51.5800018,3231300.0,48.2033615
2014-02-24 00:00:00,53.4700012,52.5200005,53.9700012,52.5200005,3118300.0,49.0846367
2014-02-25 00:00:00,53.8600006,53.3100014,53.9199982,53.3100014,1945400.0,49.4426575
2014-02-26 00:00:00,53.4399986,53.8899994,54.2400017,53.2299995,2618300.0,49.2124252
2014-02-27 00:00:00,53.8600006,53.2200012,53.8800011,53.2200012,2088800.0,49.599205
2014-02-28 00:00:00,54.2299995,53.9000015,54.4099998,53.6100006,2271500.0,49.9399261
2014-03-03 00:00:00,53.2900009,53.8499985,53.9199982,52.9900017,3223800.0,49.074295
2014-03-04 00:00:00,53.8300018,53.7099991,54.0099983,53.4900017,2841100.0,49.5715714
2014-03-05 00:00:00,53.8899994,53.7299995,53.9399986,53.3100014,2315100.0,49.6268349
2014-03-06 00:00:00,54.5999985,53.9000015,54.7999992,53.9000015,2334700.0,50.2806664
2014-03-07 00:00:00,54.7900009,54.6500015,55.0299988,54.5400009,2638300.0,50.4556198
2014-03-10 00:00:00,54.1899986,54.5200005,54.9099998,53.8800011,1638100.0,49.9030952
2014-03-11 00:00:00,54.0400009,54.3100014,54.7599983,53.8600006,1456700.0,49.7649574
2014-03-12 00:00:00,54.0299988,53.6699982,54.0699997,53.4000015,1145000.0,49.7557449
2014-03-13 00:00:00,53.7099991,54.2299995,54.2900009,53.4000015,1908800.0,49.4610672
2014-03-14 00:00:00,53.8800011,53.5699997,54.2799988,53.5400009,2100500.0,49.6176147
2014-03-17 00:00:00,54.0800018,54.3300018,54.6199989,53.8300018,1942100.0,49.801796
2014-03-18 00:00:00,54.4199982,54.0600014,54.5200005,54.0099983,1753400.0,50.1149025
2014-03-19 00:00:00,54.2299995,54.3300018,54.6300011,53.8400002,1339800.0,49.9399261
2014-03-20 00:00:00,54.0,53.9700012,54.4500008,53.6899986,1509600.0,49.7281151
2014-03-21 00:00:00,55.25,54.7999992,55.25,54.5,5579100.0,50.8792419
2014-03-24 00:00:00,55.1500015,55.4099998,55.8100014,54.7700005,3414800.0,50.7871513
2014-03-25 00:00:00,55.4799995,55.2400017,55.5299988,55.1399994,2996700.0,51.0910416
2014-03-26 00:00:00,55.5800018,55.7000008,56.1500015,55.3800011,5368000.0,51.1831245
2014-03-27 00:00:00,54.7599983,55.5800018,55.5800018,54.5699997,4149200.0,50.4279976
2014-03-28 00:00:00,55.4399986,54.7599983,55.6599998,54.7599983,3410500.0,51.0542068
2014-03-31 00:00:00,56.0200005,55.8499985,56.2000008,55.6199989,2800000.0,51.5883179
2014-04-01 00:00:00,56.9300003,56.4300003,56.9900017,56.3199997,2196100.0,52.4263306
2014-04-02 00:00:00,56.9199982,56.8699989,56.9900017,56.5200005,2592800.0,52.4171257
2014-04-03 00:00:00,56.5900002,57.1100006,57.1500015,56.3600006,2287600.0,52.1132355
2014-04-04 00:00:00,55.7999992,57.0200005,57.1399994,55.7400017,3727100.0,51.3857193
2014-04-07 00:00:00,55.7999992,55.6500015,56.1899986,55.2999992,3518500.0,51.3857193
2014-04-08 00:00:00,55.9300003,55.9500008,56.1300011,55.4000015,4702900.0,51.5054474
2014-04-09 00:00:00,56.6699982,56.2400017,56.9300003,56.0699997,2631800.0,52.1869087
2014-04-10 00:00:00,55.3199997,57.25,57.25,55.2099991,3540900.0,50.9436951
2014-04-11 00:00:00,55.2999992,55.1500015,55.8699989,55.0,2862100.0,50.9252777
2014-04-14 00:00:00,55.4199982,55.7400017,55.8699989,55.1199989,2055500.0,51.0357857
2014-04-15 00:00:00,56.0999985,55.4900017,56.1300011,55.0,2576300.0,51.6619987
2014-04-16 00:00:00,56.2000008,56.7299995,56.7299995,55.8100014,2002400.0,51.7540894
2014-04-17 00:00:00,56.25,56.5600014,56.5800018,56.1199989,1311700.0,51.8001289
2014-04-21 00:00:00,56.2400017,56.3699989,56.5200005,55.9900017,1150000.0,51.7909164
2014-04-22 00:00:00,57.0499992,56.1699982,57.1199989,56.1699982,1418500.0,52.5368385
2014-04-23 00:00:00,57.2099991,56.9599991,57.3800011,56.7099991,1663000.0,52.6841774
2014-04-24 00:00:00,57.6300011,57.5,57.8499985,57.2900009,2398400.0,53.0709572
2014-04-25 00:00:00,57.2299995,57.5699997,57.6500015,57.0600014,2814100.0,52.7026062
2014-04-28 00:00:00,55.9700012,57.1800003,57.3199997,55.1500015,3803200.0,51.5422859
2014-04-29 00:00:00,56.6199989,56.2000008,56.6800003,55.8300018,2933200.0,52.1408501
2014-04-30 00:00:00,57.9300003,57.2799988,58.3800011,57.0,4419400.0,53.347229
2014-05-01 00:00:00,58.5499992,57.8699989,58.5699997,57.8400002,3077800.0,53.9181786
2014-05-02 00:00:00,59.0900002,58.2999992,59.3100014,58.2000008,3612200.0,54.4154701
2014-05-05 00:00:00,58.8800011,59.0200005,59.0299988,58.2700005,2025800.0,54.2220726
2014-05-06 00:00:00,58.0,58.8800011,58.9000015,57.9700012,2756000.0,53.4116936
2014-05-07 00:00:00,58.1100006,57.3199997,58.1199989,57.2400017,3219800.0,53.5129776
2014-05-08 00:00:00,57.8899994,58.1699982,58.6699982,57.6100006,1925600.0,53.3103981
2014-05-09 00:00:00,58.1699982,58.2099991,58.2999992,57.5099983,2412400.0,53.5682411
2014-05-12 00:00:00,59.2200012,58.5299988,59.5400009,58.5,1546200.0,54.5351791
2014-05-13 00:00:00,58.8699989,59.1800003,59.3899994,58.7900009,1862900.0,54.2128716
2014-05-14 00:00:00,58.5800018,58.8800011,58.9700012,58.4300003,1101600.0,53.9458084
2014-05-15 00:00:00,57.9300003,58.5299988,58.5299988,57.3499985,1504400.0,53.347229
2014-05-16 00:00:00,58.3499985,57.9399986,58.3600006,57.7299995,1529400.0,53.7340012
2014-05-19 00:00:00,58.6100006,58.1699982,58.6899986,58.0,1247400.0,53.9734383
2014-05-20 00:00:00,58.8899994,58.3899994,58.9599991,58.3400002,2163800.0,54.2312775
2014-05-21 00:00:00,58.7599983,58.3800011,58.9199982,58.3400002,2394500.0,54.2959671
2014-05-22 00:00:00,58.7599983,58.6800003,59.2400017,58.6199989,2293000.0,54.2959671
2014-05-23 00:00:00,59.2599983,58.9799995,59.3300018,58.8199997,1619200.0,54.7579803
2014-05-27 00:00:00,59.4500008,59.5699997,59.75,59.3499985,1897800.0,54.9335403
2014-05-28 00:00:00,59.4399986,59.4399986,59.5699997,59.2000008,1708700.0,54.924305
2014-05-29 00:00:00,60.6800003,59.6300011,60.7200012,59.4000015,2784300.0,56.070118
2014-05-30 00:00:00,61.6199989,60.8800011,61.7299995,60.75,3821600.0,56.9386978
2014-06-02 00:00:00,61.5400009,61.7099991,61.8600006,61.0499992,3493200.0,56.8647652
2014-06-03 00:00:00,61.4900017,61.5,61.5299988,61.1500015,2427200.0,56.8185539
2014-06-04 00:00:00,61.7200012,61.3499985,61.7599983,61.2200012,1874900.0,57.0310936
2014-06-05 00:00:00,62.3100014,61.9500008,62.3600006,61.5699997,1644600.0,57.5762711
2014-06-06 00:00:00,62.8499985,62.3199997,62.8600006,62.2799988,1525700.0,58.0752525
2014-06-09 00:00:00,62.8199997,62.5699997,63.1399994,62.5,1568600.0,58.0475311
2014-06-10 00:00:00,62.7000008,62.7400017,62.8400002,62.4300003,1972300.0,57.9366379
2014-06-11 00:00:00,61.7700005,61.7200012,61.9799995,61.4500008,2622200.0,57.0772934
2014-06-12 00:00:00,61.4500008,61.8300018,61.9300003,61.2200012,1702900.0,56.7816124
2014-06-13 00:00:00,61.3800011,61.5,61.6399994,61.0,1340800.0,56.7169304
2014-06-16 00:00:00,61.6199989,61.3199997,61.7999992,61.3199997,1239000.0,56.9386978
2014-06-17 00:00:00,62.4500008,61.5099983,62.5699997,61.3600006,1369500.0,57.7056351
2014-06-18 00:00:00,63.1199989,62.5299988,63.2700005,62.5,1791200.0,58.3247337
2014-06-19 00:00:00,63.3699989,62.3100014,63.3699989,62.3100014,1411500.0,58.5557442
2014-06-20 00:00:00,63.5600014,63.5099983,64.0999985,63.2700005,4750000.0,58.7313118
2014-06-23 00:00:00,63.7900009,63.3699989,63.8499985,63.3300018,1390200.0,58.9438362
2014-06-24 00:00:00,63.5800018,63.5499992,64.0899963,63.1199989,2818900.0,58.7497902
2014-06-25 00:00:00,63.4300003,63.5499992,63.6300011,63.2200012,2966400.0,58.6111755
2014-06-26 00:00:00,63.9900017,63.6899986,64.0899963,63.2900009,2031700.0,59.1286354
2014-06-27 00:00:00,63.9799995,63.8899994,64.25,63.7200012,2345500.0,59.1193924
2014-06-30 00:00:00,64.0999985,64.0199966,64.3099976,63.7900009,1133700.0,59.2302818
2014-07-01 00:00:00,64.6699982,64.3199997,64.7600021,64.1800003,1588400.0,59.7569695
2014-07-02 00:00:00,65.3600006,64.8000031,65.3899994,64.4599991,1815600.0,60.3945618
2014-07-03 00:00:00,65.5599976,65.2600021,65.7300034,65.2300034,963400.0,60.5793648
2014-07-07 00:00:00,65.8700027,65.5,65.8799973,65.3600006,1488200.0,60.8658257
2014-07-08 00:00:00,64.9199982,65.5299988,65.6999969,64.7300034,2018600.0,59.9879913
2014-07-09 00:00:00,65.4199982,65.2600021,65.5,64.9400024,2219300.0,60.4499931
2014-07-10 00:00:00,65.5699997,64.5500031,65.8099976,64.5500031,2627600.0,60.5886002
2014-07-11 00:00:00,65.0199966,65.3199997,65.6699982,64.9800034,2136300.0,60.0803871
2014-07-14 00:00:00,65.3199997,65.4100037,65.8600006,65.1299973,1998800.0,60.357605
2014-07-15 00:00:00,64.9800034,65.3600006,65.5800018,64.6600037,2346600.0,60.0434418
2014-07-16 00:00:00,64.7200012,65.1399994,65.2799988,64.6200027,1857300.0,59.8031883
2014-07-17 00:00:00,63.3800011,64.4899979,64.8499985,63.3699989,3033300.0,58.5649834
2014-07-18 00:00:00,64.9000015,63.7799988,64.9899979,63.5999985,1992400.0,59.9695015
2014-07-21 00:00:00,64.9700012,64.8300018,65.1399994,64.5400009,1565200.0,60.0341949
2014-07-22 00:00:00,66.1100006,65.3700027,66.3199997,65.3499985,2189700.0,61.0875778
2014-07-23 00:00:00,66.4700012,65.9000015,66.5100021,65.7799988,1705100.0,61.4202385
2014-07-24 00:00:00,66.8300018,66.4000015,67.0800018,66.1299973,3008300.0,61.7528763
2014-07-25 00:00:00,66.3700027,66.7200012,67.1200027,66.2699966,1424200.0,61.3278198
2014-07-28 00:00:00,66.1699982,66.4800034,67.0699997,66.0199966,2942500.0,61.1430283
2014-07-29 00:00:00,65.6900024,66.0800018,66.8899994,65.6500015,3228200.0,60.6994896
2014-07-30 00:00:00,65.4100037,66.2200012,66.4700012,64.3600006,3930700.0,60.4407654
2014-07-31 00:00:00,64.7099991,65.3199997,65.3399963,64.4599991,3291400.0,59.7939301
2014-08-01 00:00:00,64.8799973,64.7900009,65.2699966,64.3199997,2908500.0,59.9510269
2014-08-04 00:00:00,65.9899979,65.0400009,66.25,64.9000015,2675600.0,60.9766884
2014-08-05 00:00:00,64.9100037,65.75,65.9000015,64.7699966,2939000.0,59.9787292
2014-08-06 00:00:00,64.5100021,64.3399963,65.0299988,64.1800003,2358500.0,59.6091385
2014-08-07 00:00:00,64.2399979,64.8600006,65.4899979,64.1200027,2545700.0,59.3596458
2014-08-08 00:00:00,64.9400024,64.7399979,64.9700012,64.3000031,1774800.0,60.0064774
2014-08-11 00:00:00,65.7200012,65.6600037,65.9199982,65.0,1536000.0,60.7272148
2014-08-12 00:00:00,65.5699997,65.6900024,66.0100021,65.3700027,1586000.0,60.5886002
2014-08-13 00:00:00,66.5500031,65.8199997,66.6600037,65.1999969,1623100.0,61.4941521
2014-08-14 00:00:00,67.2600021,66.75,67.3499985,66.5500031,1685600.0,62.1502228
2014-08-15 00:00:00,67.3700027,67.6600037,67.6900024,67.0299988,2529100.0,62.2518425
2014-08-18 00:00:00,67.6600037,67.8700027,67.9499969,67.3399963,1750700.0,62.5198364
2014-08-19 00:00:00,68.1299973,67.6299973,68.2699966,67.5699997,1956700.0,63.1407509
2014-08-20 00:00:00,68.5400009,68.0,68.6399994,67.8700027,1377100.0,63.5207291
2014-08-21 00:00:00,68.4400024,68.5699997,68.7399979,68.3300018,1204600.0,63.4280472
2014-08-22 00:00:00,68.4499969,68.2799988,68.5599976,68.1600037,1084200.0,63.4373245
2014-08-25 00:00:00,68.7600021,68.6399994,68.9400024,68.5699997,1415400.0,63.7246475
2014-08-26 00:00:00,68.9899979,68.9800034,69.0699997,68.4499969,1147400.0,63.9377747
2014-08-27 00:00:00,68.8799973,69.0400009,69.2099991,68.7799988,1421400.0,63.8358345
2014-08-28 00:00:00,68.9899979,68.7799988,69.1200027,68.1699982,1382300.0,63.9377747
2014-08-29 00:00:00,69.4000015,69.3300018,69.4899979,68.8499985,1393100.0,64.317749
2014-09-02 00:00:00,69.4300003,69.6800003,69.6900024,68.8000031,1833700.0,64.3455811
2014-09-03 00:00:00,70.0,69.5999985,70.1999969,69.4400024,2911500.0,64.8738251
2014-09-04 00:00:00,70.5199966,70.4400024,70.9800034,70.3300018,2832400.0,65.3557434
2014-09-05 00:00:00,70.8300018,70.2099991,70.8300018,70.2099991,2367300.0,65.6430435
2014-09-08 00:00:00,71.0699997,70.8600006,71.3300018,70.6500015,2313100.0,65.865448
2014-09-09 00:00:00,70.7799988,71.0,71.3000031,70.7200012,1571300.0,65.5966873
2014-09-10 00:00:00,70.7900009,70.9000015,71.0400009,70.5,1789300.0,65.6059875
2014-09-11 00:00:00,71.4000015,70.8199997,71.5299988,70.5100021,2869100.0,66.1713028
2014-09-12 00:00:00,70.6200027,71.1399994,71.2300034,70.2200012,1640500.0,65.4484177
2014-09-15 00:00:00,70.7099991,70.5400009,70.9100037,70.4499969,1412900.0,65.5318451
2014-09-16 00:00:00,71.1399994,70.5,71.2300034,70.3300018,2199600.0,65.930336
2014-09-17 00:00:00,71.7300034,71.2799988,72.0899963,71.2099991,1476700.0,66.4771423
2014-09-18 00:00:00,72.4499969,72.1900024,72.4700012,71.7600021,1677300.0,67.1443863
2014-09-19 00:00:00,72.1900024,72.9800034,73.2799988,72.0400009,3799000.0,66.90345
2014-09-22 00:00:00,71.6100006,72.3199997,72.3199997,71.2799988,1961100.0,66.365921
2014-09-23 00:00:00,70.9199982,71.4899979,71.8000031,70.9000015,1889200.0,65.7264404
2014-09-24 00:00:00,71.3899994,70.9000015,71.4800034,70.7799988,1213800.0,66.1620026
2014-09-25 00:00:00,70.5199966,71.3700027,71.6699982,70.4599991,1508100.0,65.3557434
2014-09-26 00:00:00,70.7200012,70.8499985,71.0699997,70.5199966,3139700.0,65.5410843
2014-09-29 00:00:00,70.4400024,70.2699966,70.6900024,69.9700012,1664600.0,65.2815933
2014-09-30 00:00:00,69.9000015,70.2300034,70.6299973,69.9000015,1989100.0,64.7811356
2014-10-01 00:00:00,67.9400024,69.5599976,69.5800018,67.3399963,4252100.0,62.9646683
2014-10-02 00:00:00,66.8000031,67.9800034,68.1600037,65.4800034,4099800.0,61.9081573
2014-10-03 00:00:00,68.0999985,67.1600037,68.2699966,67.0400009,3763600.0,63.1129646
2014-10-06 00:00:00,67.3300018,68.0899963,68.3899994,67.0899963,2673400.0,62.399334
2014-10-07 00:00:00,66.0,66.6600037,67.4100037,65.9800034,3238200.0,61.166748
2014-10-08 00:00:00,66.1699982,65.8700027,66.3399963,65.3399963,5241600.0,61.324295
2014-10-09 00:00:00,64.5800018,65.5899963,66.1900024,64.5299988,3565600.0,59.8507271
2014-10-10 00:00:00,63.5499992,64.4000015,64.7399979,63.1199989,4100400.0,58.8961639
2014-10-13 00:00:00,61.7099991,63.5499992,63.6599998,61.6300011,6500400.0,57.1909027
2014-10-14 00:00:00,62.5499992,62.1100006,63.8800011,62.0600014,5234700.0,57.9693794
2014-10-15 00:00:00,62.2000008,61.9199982,63.9000015,59.6100006,6844700.0,57.6450195
2014-10-16 00:00:00,62.7900009,60.7200012,63.5499992,60.6599998,2919200.0,58.1918144
2014-10-17 00:00:00,65.0100021,63.6300011,65.3399963,63.2299995,3110300.0,60.2492371
2014-10-20 00:00:00,67.0199966,64.9400024,67.6299973,64.9000015,3737000.0,62.1120491
2014-10-21 00:00:00,68.4199982,67.5800018,68.6999969,67.3000031,2820800.0,63.4095268
2014-10-22 00:00:00,68.4199982,69.4100037,69.6299973,68.2200012,2353800.0,63.4095268
2014-10-23 00:00:00,68.4300003,69.0,70.0,68.3399963,3434800.0,63.4188042
2014-10-24 00:00:00,69.2900009,68.4000015,69.3499985,68.0400009,2363900.0,64.2158356
2014-10-27 00:00:00,70.2600021,69.3000031,70.4000015,69.0100021,2317400.0,65.1147614
2014-10-28 00:00:00,71.9499969,69.8499985,72.2099991,69.2300034,4551100.0,66.6810226
2014-10-29 00:00:00,74.0299988,74.0,75.1900024,72.0899963,4337100.0,68.6087036
2014-10-30 00:00:00,76.0,73.5100021,76.3099976,73.5,3342900.0,70.4344406
2014-10-31 00:00:00,75.75,77.9899979,77.9899979,75.2099991,3577300.0,70.2027512
2014-11-03 00:00:00,75.8000031,75.9100037,76.1500015,74.9499969,2427500.0,70.2490768
2014-11-04 00:00:00,74.5699997,75.4000015,75.5899963,74.3199997,3395500.0,69.1091461
2014-11-05 00:00:00,74.9000015,75.1900024,75.1999969,73.9400024,3106700.0,69.4149857
2014-11-06 00:00:00,75.25,75.0699997,75.3399963,74.4400024,2331700.0,69.7393417
2014-11-07 00:00:00,75.5,75.3300018,75.5500031,74.9599991,1803200.0,69.9710617
2014-11-10 00:00:00,76.5599976,75.5199966,76.6699982,75.3300018,1434600.0,70.9534149
2014-11-11 00:00:00,77.1399994,76.8000031,77.2799988,76.5599976,1463000.0,71.4909515
2014-11-12 00:00:00,77.3000031,76.5800018,77.5,76.3799973,1319200.0,71.6392441
2014-11-13 00:00:00,78.0899963,77.3799973,78.25,77.3300018,1443300.0,72.3713531
2014-11-14 00:00:00,77.9599991,78.0899963,78.3899994,77.7099991,1456700.0,72.2509079
2014-11-17 00:00:00,77.1699982,77.0999985,77.7399979,76.7699966,2517600.0,71.5187531
2014-11-18 00:00:00,76.9400024,76.8899994,77.2200012,76.5100021,2442900.0,71.4908905
2014-11-19 00:00:00,76.3799973,76.9800034,77.3499985,76.3199997,1783400.0,70.9705353
2014-11-20 00:00:00,75.8899994,76.3700027,76.4100037,75.3399963,2324700.0,70.5152588
2014-11-21 00:00:00,75.9800034,76.8099976,77.0500031,75.9100037,2211300.0,70.5988541
2014-11-24 00:00:00,76.9700012,76.4700012,77.2300034,76.4700012,2092500.0,71.5187531
2014-11-25 00:00:00,77.0400009,77.0199966,77.3000031,76.4400024,4748000.0,71.5838013
2014-11-26 00:00:00,77.4800034,76.8199997,77.6500015,76.7699966,1010900.0,71.99263
2014-11-28 00:00:00,78.7900009,78.3300018,79.2099991,78.1500015,981200.0,73.2098618
2014-12-01 00:00:00,77.4499969,78.5,78.7900009,77.3700027,1903100.0,71.9647675
2014-12-02 00:00:00,77.4499969,77.7300034,78.1900024,77.4000015,2659900.0,71.9647675
2014-12-03 00:00:00,78.1399994,77.5,78.4899979,77.1999969,1400200.0,72.6058807
2014-12-04 00:00:00,77.9400024,78.0,79.0,77.4499969,1499100.0,72.4200439
2014-12-05 00:00:00,78.9899979,78.0599976,79.1900024,77.9700012,1598700.0,73.3956985
2014-12-08 00:00:00,78.9899979,79.0100021,79.25,78.5,1459600.0,73.3956985
2014-12-09 00:00:00,78.3700027,78.0800018,78.5199966,77.5,1669400.0,72.8196106
2014-12-10 00:00:00,77.4800034,78.3000031,78.4599991,77.3300018,1655200.0,71.99263
2014-12-11 00:00:00,77.6200027,78.5800018,78.7799988,77.25,1427900.0,72.1227264
2014-12-12 00:00:00,76.7600021,77.0699997,77.9199982,76.7099991,1568600.0,71.3236237
2014-12-15 00:00:00,77.5699997,77.5,78.2900009,76.2699966,2640100.0,72.0762558
2014-12-16 00:00:00,76.2799988,77.8399963,77.9300003,76.2200012,3311600.0,70.8776016
2014-12-17 00:00:00,76.7399979,76.2900009,77.0800018,75.6200027,2353700.0,71.3050385
2014-12-18 00:00:00,77.3499985,77.6399994,77.8799973,76.9100037,2353400.0,71.8718414
2014-12-19 00:00:00,77.4300003,77.3300018,77.9700012,76.9800034,4492400.0,71.9461594
2014-12-22 00:00:00,78.4599991,77.4100037,78.6100006,77.3499985,1257100.0,72.9032135
2014-12-23 00:00:00,78.5400009,78.75,79.0299988,78.3399963,1577000.0,72.9775543
2014-12-24 00:00:00,78.3499985,78.0899963,78.5699997,77.8600006,736900.0,72.8010178
2014-12-26 00:00:00,78.6900024,78.6699982,78.9899979,78.5199966,891500.0,73.1169357
2014-12-29 00:00:00,79.0800018,78.7200012,79.25,78.1600037,1115100.0,73.4793396
2014-12-30 00:00:00,78.3000031,78.7200012,79.2200012,78.0500031,1184600.0,72.7545547
2014-12-31 00:00:00,78.0299988,78.6699982,79.25,77.9800034,1422000.0,72.5036774
2015-01-02 00:00:00,77.75,78.3399963,78.5599976,76.7099991,1277300.0,72.2435074
2015-01-05 00:00:00,75.6200027,77.6399994,77.7399979,75.3199997,2034800.0,70.2643661
2015-01-06 00:00:00,74.6699982,75.4700012,75.5999985,73.9100037,2551500.0,69.3816223
2015-01-07 00:00:00,76.3799973,75.4800034,76.5699997,74.9899979,1979400.0,70.9705353
2015-01-08 00:00:00,78.9100037,76.8000031,79.0299988,76.3799973,2396100.0,73.3213501
2015-01-09 00:00:00,78.7300034,78.7900009,79.0899963,77.9899979,2350900.0,73.1541061
2015-01-12 00:00:00,77.9100037,78.8799973,79.0,77.6299973,1715400.0,72.3921814
2015-01-13 00:00:00,77.4199982,78.8399963,79.6100006,77.1699982,2504700.0,71.9368591
2015-01-14 00:00:00,76.5699997,76.2200012,77.0199966,75.4700012,1902300.0,71.1470871
2015-01-15 00:00:00,76.0999985,76.6900024,77.7300034,76.0100021,1787300.0,70.7103577
2015-01-16 00:00:00,75.8899994,76.0,76.1900024,75.2799988,3146500.0,70.5152588
2015-01-20 00:00:00,76.3199997,76.7099991,76.9199982,75.5100021,1614600.0,70.914772
2015-01-21 00:00:00,76.2600021,75.9700012,77.0899963,75.9400024,1658100.0,70.8590469
2015-01-22 00:00:00,78.4800034,76.6800003,78.7300034,76.3600006,2106200.0,72.9218063
2015-01-23 00:00:00,78.5100021,78.6600037,78.8499985,77.9300003,1631000.0,72.9496765
2015-01-26 00:00:00,79.4199982,78.6500015,79.4499969,78.4899979,1373200.0,73.7952576
2015-01-27 00:00:00,78.6100006,78.6900024,79.3300018,78.1699982,1274300.0,73.0426102
2015-01-28 00:00:00,76.9000015,78.4700012,78.6299973,76.8099976,2304500.0,71.4537277
2015-01-29 00:00:00,77.1100006,76.8000031,77.4599991,76.0199966,2247000.0,71.6488495
2015-01-30 00:00:00,74.5,76.4499969,76.5400009,74.4300003,3178100.0,69.2236786
2015-02-02 00:00:00,74.8000031,74.2799988,74.9800034,73.3799973,3253500.0,69.502449
2015-02-03 00:00:00,76.6299973,74.9800034,76.7300034,74.7099991,2757600.0,71.2028427
2015-02-04 00:00:00,75.9400024,75.8300018,76.8899994,75.4599991,2261600.0,70.5617065
2015-02-05 00:00:00,75.6999969,75.9100037,76.3000031,75.2900009,2541300.0,70.3386993
2015-02-06 00:00:00,74.2200012,75.7799988,76.2600021,73.6100006,3403400.0,68.9635239
2015-02-09 00:00:00,73.3899994,73.3199997,73.9100037,72.7699966,2465800.0,68.1922913
2015-02-10 00:00:00,77.2300034,74.3799973,77.4400024,74.3799973,3532400.0,71.7603378
2015-02-11 00:00:00,77.0199966,77.1299973,77.6500015,76.4700012,1938600.0,71.5651932
2015-02-12 00:00:00,79.0199966,77.5699997,79.2300034,77.1299973,2179300.0,73.4235687
2015-02-13 00:00:00,79.4000015,79.0899963,79.4599991,78.5199966,1786000.0,73.7766495
2015-02-17 00:00:00,81.2900009,79.4400024,81.3199997,78.7600021,3033000.0,75.5327911
2015-02-18 00:00:00,81.4499969,80.2200012,81.6200027,80.0400009,3480400.0,75.6814651
2015-02-19 00:00:00,83.0999985,83.7799988,84.7699966,81.8499985,3927400.0,77.2145767
2015-02-20 00:00:00,83.0,83.1800003,83.1800003,82.0500031,1786700.0,77.1216965
2015-02-23 00:00:00,82.9499969,82.75,83.0,82.3399963,1837600.0,77.0752335
2015-02-24 00:00:00,82.25,82.7300034,82.9599991,82.0500031,1360600.0,76.4247894
2015-02-25 00:00:00,82.3600006,82.2200012,82.8399963,82.0,1344300.0,76.7135696
2015-02-26 00:00:00,83.2200012,82.1600037,83.2699966,82.1600037,1430100.0,77.514595
2015-02-27 00:00:00,83.0999985,83.3099976,83.6200027,82.6999969,2035100.0,77.4028091
2015-03-02 00:00:00,84.8300018,83.3499985,84.8700027,83.1200027,2349700.0,79.0142288
2015-03-03 00:00:00,83.9100037,84.7900009,84.9300003,83.5199966,1567600.0,78.1572876
2015-03-04 00:00:00,83.1500015,83.5500031,83.6999969,82.7799988,1097600.0,77.449379
2015-03-05 00:00:00,82.9000015,83.2900009,83.7200012,82.7900009,1189200.0,77.2165451
2015-03-06 00:00:00,81.5199966,82.5100021,82.9000015,81.3199997,1667100.0,75.9311447
2015-03-09 00:00:00,82.4800034,81.4400024,82.5400009,81.3700027,1913500.0,76.8253403
2015-03-10 00:00:00,81.2600021,81.7699966,81.7699966,80.8099976,1927000.0,75.6889801
2015-03-11 00:00:00,81.0699997,80.9899979,81.8600006,80.9100037,1284200.0,75.5119934
2015-03-12 00:00:00,82.8000031,81.6299973,83.0,81.6299973,1599100.0,77.1233902
2015-03-13 00:00:00,82.0800018,82.5199966,82.8899994,81.5199966,1374600.0,76.4527359
2015-03-16 00:00:00,83.4899979,82.6100006,83.7200012,82.3600006,1163900.0,77.7660904
2015-03-17 00:00:00,82.4400024,83.4000015,83.4000015,82.25,1373100.0,76.7880707
2015-03-18 00:00:00,83.2300034,82.2699966,83.4700012,81.5199966,1676500.0,77.5239105
2015-03-19 00:00:00,84.3099976,83.3300018,84.4199982,83.0699997,1486600.0,78.5298538
2015-03-20 00:00:00,84.0400009,85.0,85.0,83.6699982,3230400.0,78.2783737
2015-03-23 00:00:00,84.2699966,84.0599976,84.9800034,83.7200012,2046700.0,78.49263
2015-03-24 00:00:00,82.25,83.9700012,84.0199966,82.2099991,2108700.0,76.611084
2015-03-25 00:00:00,79.7900009,81.8600006,81.9800034,79.7799988,3328900.0,74.3197632
2015-03-26 00:00:00,80.5800018,79.2300034,81.0699997,78.5800018,3163900.0,75.055603
2015-03-27 00:00:00,80.8199997,80.4599991,81.4000015,80.2900009,1777600.0,75.2791443
2015-03-30 00:00:00,81.5,81.3199997,81.8099976,81.1600037,1082900.0,75.912529
2015-03-31 00:00:00,80.3199997,81.2900009,81.7200012,80.1699982,1920400.0,74.8134079
2015-04-01 00:00:00,80.3300018,80.4199982,80.4199982,79.1200027,1364300.0,74.8227386
2015-04-02 00:00:00,80.1500015,80.3099976,80.9300003,79.9499969,1143000.0,74.6550827
2015-04-06 00:00:00,80.2799988,79.4300003,80.5599976,79.0400009,1798300.0,74.7761536
2015-04-07 00:00:00,79.1500015,80.0999985,80.2399979,79.1299973,2416200.0,73.7236176
2015-04-08 00:00:00,80.1900024,79.4700012,80.8600006,79.3399963,2202800.0,74.692337
2015-04-09 00:00:00,80.2200012,80.0100021,80.5800018,79.4100037,1095900.0,74.7202682
2015-04-10 00:00:00,80.3199997,80.3499985,80.6699982,80.0599976,851000.0,74.8134079
2015-04-13 00:00:00,80.2099991,80.1900024,80.7799988,79.8399963,1027100.0,74.7109451
2015-04-14 00:00:00,79.2600021,79.8600006,80.2200012,79.0299988,1652700.0,73.826088
2015-04-15 00:00:00,78.9599991,79.4300003,79.9599991,78.8499985,1381300.0,73.5466461
2015-04-16 00:00:00,78.5100021,78.5500031,79.2900009,78.4000015,1711200.0,73.1275177
2015-04-17 00:00:00,77.6399994,77.9199982,78.3199997,77.1500015,2927700.0,72.3171616
2015-04-20 00:00:00,79.7699966,77.9899979,79.9300003,77.7200012,3587600.0,74.3011169
2015-04-21 00:00:00,80.4700012,80.0899963,80.75,79.5299988,2344300.0,74.9531174
2015-04-22 00:00:00,80.7900009,81.0500031,81.1999969,80.1200027,1572000.0,75.2511978
2015-04-23 00:00:00,81.3499985,80.4599991,81.9300003,80.2300034,1236700.0,75.7727966
2015-04-24 00:00:00,81.8399963,81.5899963,81.9899979,81.0999985,1131800.0,76.2291946
2015-04-27 00:00:00,81.3700027,81.7799988,83.0699997,81.2799988,2220700.0,75.7914124
2015-04-28 00:00:00,81.3199997,81.2099991,81.8199997,80.0899963,1803700.0,75.7448578
2015-04-29 00:00:00,83.8700027,82.4199982,84.3300018,82.0599976,5530200.0,78.1200409
2015-04-30 00:00:00,80.0500031,82.3000031,82.7099991,79.1800003,5499500.0,74.5619202
2015-05-01 00:00:00,80.9700012,80.6500015,81.8300018,80.3899994,1877700.0,75.4188309
2015-05-04 00:00:00,80.5100021,81.0100021,81.2799988,80.0599976,1678300.0,74.9903793
2015-05-05 00:00:00,78.2099991,80.2799988,80.3099976,78.1800003,2694100.0,72.8480606
2015-05-06 00:00:00,78.8199997,78.3499985,79.4199982,77.9100037,2273600.0,73.4162445
2015-05-07 00:00:00,78.4800034,78.7799988,79.4599991,78.3300018,2587000.0,73.0995636
2015-05-08 00:00:00,80.3000031,79.4000015,80.8700027,79.2399979,1865600.0,74.7947845
2015-05-11 00:00:00,79.7200012,80.1500015,80.4400024,79.5899963,1852800.0,74.2545471
2015-05-12 00:00:00,79.1600037,79.1500015,79.75,78.6100006,1247200.0,73.7329483
2015-05-13 00:00:00,78.6800003,78.9400024,79.8099976,78.5100021,1647200.0,73.2858505
2015-05-14 00:00:00,80.5800018,79.3700027,80.6900024,79.2200012,1847400.0,75.055603
2015-05-15 00:00:00,80.9000015,80.9300003,81.5,80.3000031,1965800.0,75.3536606
2015-05-18 00:00:00,81.2300034,80.6500015,81.5500031,80.6500015,1416300.0,75.6610336
2015-05-19 00:00:00,80.9000015,81.1800003,81.5199966,80.6800003,1553500.0,75.3536606
2015-05-20 00:00:00,80.6600037,80.9199982,81.5299988,79.75,1246600.0,75.362999
2015-05-21 00:00:00,80.4700012,80.3600006,80.8199997,80.0299988,1330400.0,75.1854706
2015-05-22 00:00:00,80.1500015,80.3899994,80.7600021,79.5699997,934900.0,74.8864975
2015-05-26 00:00:00,78.7099991,80.1399994,80.2300034,78.5199966,1209200.0,73.5410538
2015-05-27 00:00:00,79.1999969,79.0199966,79.6800003,78.7799988,1530600.0,73.9988861
2015-05-28 00:00:00,79.0299988,79.1200027,79.2099991,78.3399963,1308400.0,73.8400269
2015-05-29 00:00:00,77.9899979,79.3199997,79.4700012,77.8199997,2532200.0,72.8683243
2015-06-01 00:00:00,77.9700012,78.1999969,78.75,77.3600006,1928200.0,72.8496552
2015-06-02 00:00:00,78.4300003,77.7399979,78.6800003,77.5999985,1378000.0,73.2794266
2015-06-03 00:00:00,79.3799973,78.8700027,79.8799973,78.5599976,1677800.0,74.167038
2015-06-04 00:00:00,78.4800034,78.8499985,79.4100037,78.3199997,1515000.0,73.3261566
2015-06-05 00:00:00,78.3799973,78.2399979,78.6699982,77.8000031,837900.0,73.2327194
2015-06-08 00:00:00,76.9599991,78.0699997,78.2099991,76.8899994,2038200.0,71.9059677
2015-06-09 00:00:00,77.3199997,76.8399963,77.4899979,76.5800018,1205500.0,72.2423325
2015-06-10 00:00:00,77.2300034,77.4700012,78.1299973,77.2300034,1344500.0,72.1582565
2015-06-11 00:00:00,77.2699966,77.4100037,77.5199966,76.6299973,2253900.0,72.1956177
2015-06-12 00:00:00,76.6299973,76.9499969,77.3600006,76.4000015,2104500.0,71.5976486
2015-06-15 00:00:00,77.0199966,76.0500031,77.1900024,75.8600006,1754400.0,71.9620361
2015-06-16 00:00:00,76.7300034,76.7099991,77.25,76.5699997,1463700.0,71.6910934
2015-06-17 00:00:00,77.0199966,76.75,77.1100006,76.0199966,1546400.0,71.9620361
2015-06-18 00:00:00,78.1500015,77.3700027,78.5,77.3600006,1506700.0,73.0178375
2015-06-19 00:00:00,77.6399994,78.1299973,78.2699966,77.5899963,1810700.0,72.5413284
2015-06-22 00:00:00,77.9100037,78.0,78.3899994,77.8000031,1312300.0,72.793602
2015-06-23 00:00:00,77.5899963,77.8000031,77.9899979,77.3199997,1212300.0,72.494606
2015-06-24 00:00:00,76.3700027,77.5699997,77.6100006,76.2399979,2098400.0,71.3547363
2015-06-25 00:00:00,76.1699982,76.4400024,76.8600006,76.0999985,1335100.0,71.1678543
2015-06-26 00:00:00,76.0199966,76.5400009,76.7900009,75.8799973,3597100.0,71.0277023
2015-06-29 00:00:00,73.8300018,75.2399979,75.5,73.7699966,2025800.0,68.9815369
2015-06-30 00:00:00,74.3899994,74.4599991,75.0899963,73.9499969,1828800.0,69.5047607
2015-07-01 00:00:00,74.9899979,75.2200012,75.4199982,74.5699997,1854600.0,70.0653458
2015-07-02 00:00:00,74.8000031,75.0599976,75.2799988,74.5,1226500.0,69.887825
2015-07-06 00:00:00,74.3099976,74.0599976,74.7699966,73.8399963,1700100.0,69.4300079
2015-07-07 00:00:00,75.4400024,74.3099976,75.5199966,73.3600006,2767900.0,70.4858017
2015-07-08 00:00:00,73.9599991,74.6800003,74.9499969,73.9000015,2016200.0,69.1029892
2015-07-09 00:00:00,74.1800003,75.2200012,75.6600037,74.1699982,1598800.0,69.3085403
2015-07-10 00:00:00,75.9700012,75.2300034,76.1900024,74.5899963,1416800.0,70.9809875
2015-07-13 00:00:00,76.9800034,76.7600021,77.3799973,76.5199966,1756000.0,71.924675
2015-07-14 00:00:00,77.2600021,76.5999985,77.6600037,76.5999985,1214100.0,72.1862869
2015-07-15 00:00:00,77.3600006,77.1399994,78.0199966,76.9000015,1637200.0,72.2797089
2015-07-16 00:00:00,78.25,77.6699982,78.7600021,77.6699982,1756500.0,73.1112747
2015-07-17 00:00:00,77.6999969,77.0,78.2799988,77.0,1715700.0,72.5973816
2015-07-20 00:00:00,77.8300018,77.7399979,78.2600021,77.6800003,1276000.0,72.7188263
2015-07-21 00:00:00,76.5999985,78.1100006,78.1100006,76.3899994,2271100.0,71.569603
2015-07-22 00:00:00,76.9300003,76.5400009,77.1699982,76.2399979,1601900.0,71.8779526
2015-07-23 00:00:00,74.6200027,76.9199982,76.9199982,74.0400009,3260600.0,69.7196503
2015-07-24 00:00:00,74.0199966,74.8000031,74.8099976,73.3099976,2747300.0,69.15905
2015-07-27 00:00:00,73.9000015,73.5400009,74.4000015,72.9199982,2378000.0,69.0469437
2015-07-28 00:00:00,74.5899963,74.1900024,75.6399994,74.0299988,2632500.0,69.6916122
2015-07-29 00:00:00,77.0,74.8000031,77.3700027,74.7799988,3417900.0,71.9433517
2015-07-30 00:00:00,72.6399994,76.0,76.1299973,72.1500015,6515300.0,67.8696976
2015-07-31 00:00:00,72.6100006,73.8499985,73.8799973,71.8899994,3438900.0,67.8416519
2015-08-03 00:00:00,72.5699997,72.1600037,72.9100037,71.9400024,2314200.0,67.8042831
2015-08-04 00:00:00,72.2200012,72.5999985,72.5999985,71.8799973,1862100.0,67.4772491
2015-08-05 00:00:00,70.6999969,73.0800018,73.4000015,70.4400024,4158500.0,66.0570679
2015-08-06 00:00:00,70.9300003,70.9700012,71.0800018,70.0699997,3782400.0,66.2719879
2015-08-07 00:00:00,71.3700027,70.9300003,71.4700012,70.0699997,2691800.0,66.6830826
2015-08-10 00:00:00,72.5500031,72.1500015,72.7099991,71.8600006,1788300.0,67.7855835
2015-08-11 00:00:00,72.1399994,72.0299988,72.5,71.6800003,1926900.0,67.4025192
2015-08-12 00:00:00,72.2699966,71.1299973,72.4000015,70.2600021,2758000.0,67.5239716
2015-08-13 00:00:00,72.3000031,71.8099976,72.75,71.6100006,1533100.0,67.5520096
2015-08-14 00:00:00,71.8499985,72.25,72.4000015,71.4400024,1352000.0,67.1315613
2015-08-17 00:00:00,72.9400024,71.5999985,73.2300034,71.4400024,1294400.0,68.1499786
2015-08-18 00:00:00,72.3799973,72.9100037,72.9100037,72.2300034,1073500.0,67.8593216
2015-08-19 00:00:00,71.9100037,71.9599991,72.5400009,71.4199982,1959000.0,67.4186935
2015-08-20 00:00:00,70.0,71.25,71.25,69.9199982,2792600.0,65.6279755
2015-08-21 00:00:00,69.3300018,69.25,70.3199997,68.8700027,4293500.0,64.9998322
2015-08-24 00:00:00,66.6900024,65.2200012,68.9899979,63.9500008,5148700.0,62.5247116
2015-08-25 00:00:00,66.5599976,68.6600037,68.9800034,66.4899979,4220800.0,62.4028358
2015-08-26 00:00:00,69.9199982,68.2600021,69.9899979,67.3600006,4370200.0,65.5529556
2015-08-27 00:00:00,71.1100006,70.4499969,71.1299973,69.6999969,2250600.0,66.6686783
2015-08-28 00:00:00,71.5800018,70.7200012,71.6200027,70.6299973,1532900.0,67.1093063
2015-08-31 00:00:00,70.6600037,71.1600037,71.1699982,70.3399963,2026200.0,66.2467575
2015-09-01 00:00:00,69.0899963,68.6800003,69.6100006,68.6600037,3175700.0,64.774826
2015-09-02 00:00:00,70.9199982,70.3199997,71.2099991,69.8099976,2373300.0,66.4905396
2015-09-03 00:00:00,71.0699997,71.0899963,72.1600037,70.6699982,1615400.0,66.6311493
2015-09-04 00:00:00,70.0199966,69.9700012,70.9499969,69.8000031,1533300.0,65.6467285
2015-09-08 00:00:00,72.4199982,71.3300018,72.4800034,70.6900024,2292700.0,67.8968277
2015-09-09 00:00:00,71.1900024,72.6999969,73.1600037,71.0299988,1775300.0,66.7436676
2015-09-10 00:00:00,72.2699966,71.0999985,72.4599991,70.8700027,1605900.0,67.7561874
2015-09-11 00:00:00,73.0100021,71.7200012,73.0299988,71.6100006,1560100.0,68.4500122
2015-09-14 00:00:00,72.9899979,72.9400024,73.2200012,72.3600006,1706800.0,68.4312286
2015-09-15 00:00:00,72.2399979,73.0699997,73.0699997,70.8700027,3177500.0,67.7280807
2015-09-16 00:00:00,72.7900009,72.5199966,72.9100037,72.0299988,1895100.0,68.2437134
2015-09-17 00:00:00,72.1600037,72.8700027,73.3399963,72.0100021,2208100.0,67.6530762
2015-09-18 00:00:00,69.6800003,70.8600006,70.8600006,69.0599976,7984800.0,65.3279572
2015-09-21 00:00:00,70.2200012,70.1999969,70.8000031,69.7900009,1980400.0,65.8342514
2015-09-22 00:00:00,68.0500031,68.8399963,69.3300018,67.5800018,3303200.0,63.799778
2015-09-23 00:00:00,67.7200012,68.3799973,68.4499969,67.5699997,1374400.0,63.4903679
2015-09-24 00:00:00,68.1999969,68.9800034,68.9800034,67.7799988,2969700.0,63.9404068
2015-09-25 00:00:00,68.5,68.5899963,69.5199966,68.0400009,2276400.0,64.2216568
2015-09-28 00:00:00,66.1699982,67.7300034,67.9700012,66.0400009,2552200.0,62.0371933
2015-09-29 00:00:00,65.4400024,66.1900024,66.6299973,65.3099976,3576100.0,61.3527908
2015-09-30 00:00:00,68.1999969,66.1100006,68.3700027,65.7600021,3578200.0,63.9404068
2015-10-01 00:00:00,70.1100006,68.3899994,70.1600037,68.25,3393900.0,65.7311249
2015-10-02 00:00:00,71.4599991,69.0999985,71.4899979,68.8399963,2748900.0,66.9967804
2015-10-05 00:00:00,72.7600021,71.8099976,72.9100037,70.5999985,2101400.0,68.2155914
2015-10-06 00:00:00,71.9100037,72.3499985,72.9599991,71.7600021,2546000.0,67.4186935
2015-10-07 00:00:00,74.1699982,72.0500031,74.1900024,72.0100021,2406400.0,69.5375366
2015-10-08 00:00:00,76.5599976,73.9000015,76.9000015,73.8099976,3493700.0,71.778244
2015-10-09 00:00:00,76.4700012,76.6500015,77.0,75.5999985,2007400.0,71.6939011
2015-10-12 00:00:00,76.4100037,76.5100021,76.9000015,75.9800034,1516400.0,71.6376343
2015-10-13 00:00:00,75.2799988,75.3700027,76.4000015,74.8000031,2917300.0,70.5782013
2015-10-14 00:00:00,74.1699982,75.1999969,75.5899963,73.9800034,2326200.0,69.5375366
2015-10-15 00:00:00,74.8399963,74.75,75.0,73.1800003,1858000.0,70.1656952
2015-10-16 00:00:00,73.8300018,74.6999969,74.6999969,73.4800034,2774300.0,69.2187805
2015-10-19 00:00:00,73.3799973,73.6200027,74.4599991,73.0899963,2426600.0,68.7968597
2015-10-20 00:00:00,74.8899994,74.3499985,75.3899994,74.1600037,1776500.0,70.2125626
2015-10-21 00:00:00,73.8499985,74.8499985,75.5,73.7799988,1541100.0,69.2375107
2015-10-22 00:00:00,76.8700027,74.5199966,77.3300018,74.3300018,3517100.0,72.0689011
2015-10-23 00:00:00,75.3000031,75.9400024,76.1900024,74.4000015,4880400.0,70.5969543
2015-10-26 00:00:00,76.6100006,75.3399963,77.0,74.8799973,2077200.0,71.8251419
2015-10-27 00:00:00,77.9899979,76.5999985,79.0299988,76.1800003,4555700.0,73.1189346
2015-10-28 00:00:00,76.8899994,79.5599976,79.8799973,75.2900009,5232900.0,72.0876541
2015-10-29 00:00:00,76.9800034,74.4100037,77.1600037,73.8300018,3891300.0,72.1720276
2015-10-30 00:00:00,76.7799988,77.3300018,77.8799973,76.6500015,2561100.0,71.9845047
2015-11-02 00:00:00,77.4599991,77.0,77.9000015,76.7399979,1614200.0,72.6220627
2015-11-03 00:00:00,76.7099991,77.2600021,77.5599976,75.9199982,1930500.0,71.9188843
2015-11-04 00:00:00,77.0199966,76.8399963,77.0899963,76.2799988,1352500.0,72.2095337
2015-11-05 00:00:00,76.7200012,77.0599976,77.4499969,76.0999985,1215700.0,71.9282608
2015-11-06 00:00:00,76.6800003,76.7600021,77.3399963,76.1500015,1395400.0,71.89077
2015-11-09 00:00:00,75.7600021,76.5400009,76.6699982,74.4400024,1237500.0,71.028244
2015-11-10 00:00:00,76.5199966,75.7200012,76.6399994,75.4400024,1024700.0,71.7407455
2015-11-11 00:00:00,75.4599991,76.6999969,76.8300018,75.3899994,1261500.0,70.7469482
2015-11-12 00:00:00,74.5199966,75.5,75.5,74.4499969,1284900.0,69.8656769
2015-11-13 00:00:00,72.7399979,74.1299973,74.4800034,72.6900024,1643100.0,68.196846
2015-11-16 00:00:00,73.7200012,71.5800018,74.5299988,70.4300003,13437000.0,69.1156464
2015-11-17 00:00:00,72.7699966,74.3700027,74.4499969,72.5500031,7677800.0,68.4571381
2015-11-18 00:00:00,72.2300034,72.7699966,73.4400024,70.8000031,5285100.0,67.9491272
2015-11-19 00:00:00,72.5699997,72.4000015,72.6900024,71.5800018,3243300.0,68.2689743
2015-11-20 00:00:00,72.3099976,72.9800034,73.0400009,71.9000015,2331200.0,68.0243835
2015-11-23 00:00:00,72.4000015,72.3099976,73.0999985,72.1999969,2274900.0,68.1090469
2015-11-24 00:00:00,70.9800034,71.0999985,71.6800003,69.9300003,4296200.0,66.7732239
2015-11-25 00:00:00,71.8399963,71.25,72.0800018,71.0500031,2248100.0,67.5822525
2015-11-27 00:00:00,71.4800034,71.6500015,71.9199982,71.3700027,642500.0,67.2435837
2015-11-30 00:00:00,70.9100037,71.3799973,71.4000015,69.8899994,3183400.0,66.7073746
2015-12-01 00:00:00,72.2600021,71.5100021,72.3799973,71.0699997,2562200.0,67.9773712
2015-12-02 00:00:00,71.6900024,72.0800018,72.6800003,71.5199966,2827300.0,67.4411316
2015-12-03 00:00:00,68.7799988,71.75,71.8799973,68.5500031,3219100.0,64.7036057
2015-12-04 00:00:00,71.0400009,70.4899979,71.0899963,69.2399979,3475200.0,66.8296585
2015-12-07 00:00:00,69.5,70.75,71.0,69.1500015,3073400.0,65.3809204
2015-12-08 00:00:00,69.5800018,69.2799988,69.9100037,68.4800034,2449000.0,65.4561996
2015-12-09 00:00:00,68.0199966,69.0800018,70.0199966,67.5699997,2904900.0,63.9886436
2015-12-10 00:00:00,68.2300034,68.7300034,68.9100037,67.8700027,1956800.0,64.1861954
2015-12-11 00:00:00,66.8499985,67.1200027,67.8300018,66.7099991,2137800.0,62.8880043
2015-12-14 00:00:00,66.4300003,66.7799988,67.2099991,65.5500031,3154500.0,62.4928856
2015-12-15 00:00:00,66.6200027,67.0699997,67.1600037,66.0199966,3123600.0,62.6716194
2015-12-16 00:00:00,67.1600037,67.1600037,68.0999985,65.9300003,3480300.0,63.1796188
2015-12-17 00:00:00,66.0299988,67.3600006,67.8300018,66.0100021,2410500.0,62.116581
2015-12-18 00:00:00,65.1100006,65.8899994,66.5400009,64.6399994,4835500.0,61.2511101
2015-12-21 00:00:00,65.1699982,65.3700027,65.9199982,64.9899979,2204900.0,61.3075485
2015-12-22 00:00:00,68.4899979,65.7600021,68.9100037,65.2600021,5675900.0,64.4308014
2015-12-23 00:00:00,68.8499985,68.3099976,69.0,67.9199982,2263000.0,64.769455
2015-12-24 00:00:00,68.7699966,68.8600006,69.3000031,68.5500031,789900.0,64.6942062
2015-12-28 00:00:00,68.8499985,68.0,68.9599991,68.0,1459800.0,64.769455
2015-12-29 00:00:00,68.75,69.0899963,69.2799988,68.3700027,1910400.0,64.6753769
2015-12-30 00:00:00,68.0199966,68.8399963,68.9599991,67.8600006,1512000.0,63.9886436
2015-12-31 00:00:00,67.0400009,67.9899979,68.2099991,67.0400009,1941000.0,63.0667229
2016-01-04 00:00:00,65.3799973,65.9300003,66.1999969,64.9700012,3899500.0,61.5050926
2016-01-05 00:00:00,65.5899963,65.4800034,66.0299988,65.2300034,2699100.0,61.7026596
2016-01-06 00:00:00,63.6199989,64.4700012,64.6800003,62.5299988,4167100.0,59.8494225
2016-01-07 00:00:00,61.8199997,62.2700005,63.1300011,61.6800003,6444900.0,58.1561012
2016-01-08 00:00:00,62.6500015,62.3600006,63.8100014,62.0099983,4510300.0,58.9369125
2016-01-11 00:00:00,63.1599998,63.1500015,63.5,62.1199989,4568600.0,59.4166756
2016-01-12 00:00:00,64.3199997,63.2200012,64.5,63.1699982,4915300.0,60.5079384
2016-01-13 00:00:00,60.2700005,63.8300018,64.0299988,60.1300011,5475500.0,56.6979675
2016-01-14 00:00:00,60.7400017,60.2099991,62.1199989,58.9199982,7445800.0,57.14011
2016-01-15 00:00:00,59.5499992,59.0200005,60.1500015,58.3300018,8374900.0,56.0206451
2016-01-19 00:00:00,58.3800011,60.4399986,60.5,57.6199989,5212800.0,54.9199753
2016-01-20 00:00:00,59.8100014,57.6300011,60.5999985,56.4300003,8220000.0,56.2652206
2016-01-21 00:00:00,61.6500015,59.75,62.5600014,59.1500015,6139900.0,57.9961739
2016-01-22 00:00:00,62.4599991,62.5800018,63.6100006,61.6100006,4769700.0,58.7581711
2016-01-25 00:00:00,60.1199989,62.4000015,62.4000015,60.0,3231000.0,56.5568428
2016-01-26 00:00:00,61.9399986,60.7099991,62.0600014,60.2799988,3255400.0,58.2689934
2016-01-27 00:00:00,60.6399994,61.8100014,62.4500008,60.0099983,4022700.0,57.0460396
2016-01-28 00:00:00,59.2099991,61.2700005,61.6399994,58.7999992,4650600.0,55.7007942
2016-01-29 00:00:00,61.2799988,59.8899994,61.3100014,59.3699989,3171000.0,57.6481094
2016-02-01 00:00:00,61.4199982,60.3199997,61.9000015,60.0099983,3495700.0,57.7798004
2016-02-02 00:00:00,59.0699997,60.4000015,60.7599983,58.9900017,3929000.0,55.5690842
2016-02-03 00:00:00,59.3899994,59.1599998,59.7299995,57.6899986,3559900.0,55.8701172
2016-02-04 00:00:00,60.7099991,59.2799988,60.9000015,58.8899994,4331500.0,57.1118813
2016-02-05 00:00:00,60.0099983,60.6800003,60.7099991,59.1300011,3703700.0,56.4533691
2016-02-08 00:00:00,59.4399986,59.5900002,59.7999992,57.8899994,5116000.0,55.9171638
2016-02-09 00:00:00,60.7700005,59.0,61.6300011,59.0,5311100.0,57.168335
2016-02-10 00:00:00,61.3800011,61.6300011,62.8400002,61.1800003,3575500.0,57.7421837
2016-02-11 00:00:00,61.5900002,60.5,62.1800003,60.0999985,4797600.0,57.9397354
2016-02-12 00:00:00,63.7999992,62.0600014,63.8899994,61.6300011,3711600.0,60.0187454
2016-02-16 00:00:00,65.0599976,64.2699966,65.5500031,63.9799995,5517600.0,61.2040787
2016-02-17 00:00:00,66.6800003,65.7399979,67.8799973,65.6500015,4907300.0,62.7280807
2016-02-18 00:00:00,64.9400024,64.0999985,65.6800003,64.0,7969300.0,61.0911865
2016-02-19 00:00:00,65.7099991,64.5,65.8099976,64.25,3596800.0,61.8155518
2016-02-22 00:00:00,66.7900009,66.2099991,67.5299988,66.1800003,5341400.0,62.8315277
2016-02-23 00:00:00,66.2699966,66.5100021,66.8600006,66.0500031,3016300.0,62.5765877
2016-02-24 00:00:00,67.0299988,65.6399994,67.2600021,65.0299988,3740700.0,63.2942352
2016-02-25 00:00:00,68.3000031,67.5599976,68.3300018,66.7799988,4236200.0,64.493454
2016-02-26 00:00:00,68.1500015,68.9700012,69.0,67.8000031,2961100.0,64.3518066
2016-02-29 00:00:00,68.1500015,68.3300018,68.8499985,67.6800003,4900600.0,64.3518066
2016-03-01 00:00:00,68.9300003,68.3300018,69.1800003,68.2799988,3416000.0,65.0883408
2016-03-02 00:00:00,68.8300018,68.5699997,69.0,68.1399994,2733000.0,64.9939041
2016-03-03 00:00:00,68.6800003,68.5699997,69.0100021,68.0599976,2341000.0,64.8522797
2016-03-04 00:00:00,68.9800034,68.8000031,69.2799988,68.4000015,1828900.0,65.1355438
2016-03-07 00:00:00,69.5400009,68.5100021,69.5400009,68.3499985,2741900.0,65.6643448
2016-03-08 00:00:00,68.4100037,68.9000015,69.4499969,68.1800003,4362100.0,64.5973206
2016-03-09 00:00:00,68.5899963,68.7399979,68.7699966,68.0899963,2283900.0,64.7672806
2016-03-10 00:00:00,67.9599991,68.7399979,69.1500015,66.7200012,2281300.0,64.1724091
2016-03-11 00:00:00,68.8899994,68.9700012,69.1699982,68.4000015,1878100.0,65.0505676
2016-03-14 00:00:00,70.9300003,71.0500031,71.3000031,69.9400024,8951400.0,66.9768829
2016-03-15 00:00:00,70.4100037,70.0599976,71.0299988,70.0100021,4007400.0,66.4858551
2016-03-16 00:00:00,71.2399979,69.9800034,71.6900024,69.8499985,3383000.0,67.2695999
2016-03-17 00:00:00,71.8000031,70.9800034,71.8199997,70.5400009,4546600.0,67.798378
2016-03-18 00:00:00,73.1600037,72.6100006,73.8899994,72.25,13530700.0,69.0825958
2016-03-21 00:00:00,72.3000031,72.5599976,72.8499985,71.8199997,13663900.0,68.2705383
2016-03-22 00:00:00,70.9199982,70.8899994,71.2799988,69.9899979,7183000.0,66.9674225
2016-03-23 00:00:00,69.5999985,70.5500031,70.8300018,69.1900024,7108000.0,65.7210007
2016-03-24 00:00:00,68.6399994,69.0199966,69.7200012,68.3700027,5624400.0,64.8145065
2016-03-28 00:00:00,71.3399963,70.0999985,71.8399963,70.0,6831100.0,67.3640137
2016-03-29 00:00:00,70.6999969,70.9800034,71.4499969,70.6600037,4708900.0,66.759697
2016-03-30 00:00:00,71.5500031,71.4000015,71.7699966,70.4300003,2362700.0,67.5623245
2016-03-31 00:00:00,71.1800003,71.5899963,71.8199997,71.0199966,4621000.0,67.2129364
2016-04-01 00:00:00,67.1299973,67.4800034,68.0699997,66.5,18178900.0,63.3886566
2016-04-04 00:00:00,66.3600006,67.1299973,67.3600006,66.1600037,5528200.0,62.6615715
2016-04-05 00:00:00,65.8399963,65.8799973,66.0899963,65.2600021,5785500.0,62.1705437
2016-04-06 00:00:00,66.1399994,66.0699997,66.3099976,65.4400024,3508900.0,62.4538422
2016-04-07 00:00:00,65.5299988,65.8899994,66.0299988,65.1100006,4227000.0,61.8778419
2016-04-08 00:00:00,66.5699997,66.0,66.6299973,65.7399979,9372000.0,62.8598633
2016-04-11 00:00:00,67.1200027,66.75,68.0699997,66.6600037,6513900.0,63.3792191
2016-04-12 00:00:00,67.3399963,67.1299973,67.5800018,66.9000015,3384500.0,63.5869637
2016-04-13 00:00:00,67.6299973,67.8799973,67.9899979,67.3799973,3471600.0,63.8607864
2016-04-14 00:00:00,67.8399963,67.6500015,68.1500015,67.2600021,4324200.0,64.0590897
2016-04-15 00:00:00,67.9199982,67.8899994,68.5800018,67.7699966,4420200.0,64.1346283
2016-04-18 00:00:00,67.5400009,67.7900009,67.8099976,66.6800003,4991900.0,63.7758255
2016-04-19 00:00:00,67.8099976,67.6200027,68.8300018,67.3799973,5440700.0,64.0307541
2016-04-20 00:00:00,67.8600006,67.1900024,68.4000015,66.8700027,5106300.0,64.07798
2016-04-21 00:00:00,68.2300034,67.7300034,69.25,67.7300034,4476900.0,64.4273453
2016-04-22 00:00:00,66.5400009,68.2300034,68.3199997,65.5599976,5375700.0,62.831543
2016-04-25 00:00:00,66.9800034,66.75,67.0800018,66.4100037,3443800.0,63.2470169
2016-04-26 00:00:00,67.0,67.4000015,67.5100021,66.5,4445600.0,63.2659149
2016-04-27 00:00:00,68.6800003,67.0500031,68.9100037,67.0100021,6220500.0,64.8522797
2016-04-28 00:00:00,69.2399979,67.6299973,70.75,67.5599976,7220900.0,65.3810577
2016-04-29 00:00:00,70.0899963,68.9800034,70.4300003,68.6399994,6485400.0,66.1837082
2016-05-02 00:00:00,70.0400009,70.3300018,70.4700012,69.5400009,4575600.0,66.1364899
2016-05-03 00:00:00,70.0999985,69.6500015,70.3899994,69.1299973,4670900.0,66.1931229
2016-05-04 00:00:00,69.2300034,69.4599991,69.8199997,68.7699966,4332500.0,65.3716202
2016-05-05 00:00:00,69.2699966,69.4499969,69.8300018,69.0400009,3058300.0,65.4093933
2016-05-06 00:00:00,69.2200012,69.0100021,69.4800034,68.3499985,1872200.0,65.3621826
2016-05-09 00:00:00,69.1299973,69.4000015,69.5400009,68.6900024,2320700.0,65.2771912
2016-05-10 00:00:00,70.4599991,69.1900024,70.4599991,68.6500015,6235900.0,66.5330887
2016-05-11 00:00:00,68.9199982,70.3199997,70.3199997,68.75,2660400.0,65.0788956
2016-05-12 00:00:00,67.9700012,69.3399963,69.4899979,67.4400024,2574500.0,64.181839
2016-05-13 00:00:00,66.8799973,67.7099991,68.4499969,66.3099976,3812200.0,63.1525917
2016-05-16 00:00:00,67.7099991,66.8799973,68.1600037,66.6399994,2647800.0,63.9363289
2016-05-17 00:00:00,67.2600021,67.7099991,68.4100037,67.0100021,2726000.0,63.5114021
2016-05-18 00:00:00,65.7099991,67.0,67.2699966,65.1200027,4548700.0,62.325779
2016-05-19 00:00:00,64.9700012,65.1399994,65.25,64.1100006,3533000.0,61.6238937
2016-05-20 00:00:00,64.9800034,64.7799988,65.3700027,64.6999969,3008200.0,61.6334
2016-05-23 00:00:00,64.8600006,65.0199966,65.1200027,64.4899979,2001900.0,61.5195618
2016-05-24 00:00:00,65.3700027,65.1699982,65.6100006,64.8700027,2271600.0,62.0033035
2016-05-25 00:00:00,66.1999969,65.3700027,66.3399963,65.1600037,2750500.0,62.7905579
2016-05-26 00:00:00,65.5599976,66.1800003,66.1900024,65.3700027,2025500.0,62.1835175
2016-05-27 00:00:00,66.3099976,65.7600021,66.3399963,65.5800018,1619200.0,62.8948708
2016-05-31 00:00:00,66.0400009,66.3399963,66.6900024,65.9100037,2373600.0,62.6387978
2016-06-01 00:00:00,67.1500015,66.2200012,67.2900009,65.6699982,3899400.0,63.6916351
2016-06-02 00:00:00,68.5199966,66.7900009,68.8099976,66.6299973,3879500.0,64.991066
2016-06-03 00:00:00,68.0299988,67.8799973,68.4000015,67.0,2901800.0,64.5262985
2016-06-06 00:00:00,67.8499985,68.0400009,68.25,67.5400009,1827900.0,64.3555908
2016-06-07 00:00:00,67.3099976,68.0699997,68.1500015,67.2099991,2302800.0,63.8433838
2016-06-08 00:00:00,67.5599976,67.4800034,67.8799973,66.3199997,3493400.0,64.0805054
2016-06-09 00:00:00,67.2200012,67.1399994,67.4199982,66.6699982,2551800.0,63.7580185
2016-06-10 00:00:00,66.4899979,66.4199982,66.6900024,66.0699997,2553100.0,63.0656166
2016-06-13 00:00:00,65.9599991,66.3499985,67.0,65.9400024,2872600.0,62.5629234
2016-06-14 00:00:00,65.3799973,65.6100006,65.9899979,64.9700012,3358800.0,62.0127754
2016-06-15 00:00:00,65.7200012,65.4599991,66.7300034,65.4100037,2933800.0,62.335289
2016-06-16 00:00:00,65.5899963,65.4800034,65.7399979,64.3300018,2741000.0,62.2119713
2016-06-17 00:00:00,66.4700012,65.5800018,66.5899963,65.5100021,3229500.0,63.0466576
2016-06-20 00:00:00,67.8399963,67.1600037,68.4599991,67.0599976,3091000.0,64.346077
2016-06-21 00:00:00,67.7099991,67.7300034,67.8300018,67.1299973,2429200.0,64.2227707
2016-06-22 00:00:00,67.75,67.8899994,68.4199982,67.4199982,3592200.0,64.2607269
2016-06-23 00:00:00,68.9499969,68.3899994,68.9899979,68.0400009,2472600.0,65.3989182
2016-06-24 00:00:00,63.9099998,66.3600006,67.3399963,63.8400002,6184400.0,60.6184998
2016-06-27 00:00:00,61.2099991,63.3100014,63.8199997,60.8699989,6495400.0,58.0575562
2016-06-28 00:00:00,62.5900002,62.1699982,62.7299995,61.6500015,4016500.0,59.3664818
2016-06-29 00:00:00,64.9000015,63.1899986,65.3399963,63.1699982,4199900.0,61.5575104
2016-06-30 00:00:00,66.4599991,65.6800003,66.75,64.8799973,4328900.0,63.0371666
2016-07-01 00:00:00,67.7900009,66.3899994,67.9000015,66.0899963,3341000.0,64.2986755
2016-07-05 00:00:00,67.0899963,67.8399963,67.9499969,66.7600021,3093800.0,63.6347122
2016-07-06 00:00:00,67.8499985,66.6999969,67.9499969,66.3099976,2899300.0,64.3555908
2016-07-07 00:00:00,68.3600006,67.9800034,68.7099991,67.4000015,2918500.0,64.8393097
2016-07-08 00:00:00,69.8499985,68.9899979,70.0400009,68.8399963,3686900.0,66.2525711
2016-07-11 00:00:00,70.1200027,69.8499985,70.2699966,69.6200027,3282900.0,66.5086594
2016-07-12 00:00:00,71.2600021,70.4700012,71.5,70.4499969,3908700.0,67.5899506
2016-07-13 00:00:00,70.1200027,71.5299988,71.5500031,69.5800018,3413800.0,66.5086594
2016-07-14 00:00:00,70.4499969,70.9000015,71.0,70.3399963,2274400.0,66.8216705
2016-07-15 00:00:00,70.1999969,70.4199982,70.5599976,69.2799988,1837900.0,66.584549
2016-07-18 00:00:00,70.3899994,70.1900024,70.7600021,69.9899979,2061700.0,66.7647629
2016-07-19 00:00:00,70.1500015,69.9000015,70.1699982,69.3899994,3060100.0,66.5371323
2016-07-20 00:00:00,69.8700027,70.2099991,70.4300003,69.7399979,1916200.0,66.2715454
2016-07-21 00:00:00,70.3799973,69.6200027,70.4700012,69.4599991,2579300.0,66.7552719
2016-07-22 00:00:00,70.9899979,70.3000031,71.1200027,70.0500031,1838200.0,67.3338699
2016-07-25 00:00:00,71.2099991,70.9199982,71.3499985,70.6600037,2789700.0,67.5425262
2016-07-26 00:00:00,71.6699982,71.1100006,71.7200012,70.6999969,2531000.0,67.9788361
2016-07-27 00:00:00,70.5400009,71.0500031,71.1800003,69.7200012,4010600.0,66.9070358
2016-07-28 00:00:00,71.5299988,69.5199966,71.6399994,69.0,3653200.0,67.8460312
2016-07-29 00:00:00,71.6999969,71.3199997,71.8499985,70.8899994,2408300.0,68.0073013
2016-08-01 00:00:00,71.1900024,71.4899979,71.7399979,70.7300034,2235700.0,67.5235672
2016-08-02 00:00:00,70.5899963,71.1900024,71.2099991,69.6800003,2514800.0,66.9544678
2016-08-03 00:00:00,71.3099976,70.4400024,71.4000015,70.1500015,2888900.0,67.6373672
2016-08-04 00:00:00,72.2099991,71.2900009,72.2399979,70.6100006,1974400.0,68.4910202
2016-08-05 00:00:00,72.7099991,72.6900024,73.1399994,72.3099976,1846300.0,68.9652634
2016-08-08 00:00:00,72.5400009,72.9899979,73.2300034,72.3099976,3782600.0,68.8040161
2016-08-09 00:00:00,71.8499985,72.6299973,72.9800034,71.7399979,2639700.0,68.149559
2016-08-10 00:00:00,71.8600006,72.0299988,72.5299988,71.5199966,2342200.0,68.15905
2016-08-11 00:00:00,72.0999985,71.9800034,72.3499985,71.6399994,1350000.0,68.3866806
2016-08-12 00:00:00,71.9400024,71.4000015,72.5500031,71.3000031,1784700.0,68.2349319
2016-08-15 00:00:00,72.8799973,72.0899963,73.1399994,72.0199966,2030400.0,69.1265259
2016-08-16 00:00:00,72.7799988,72.9400024,73.1100006,72.4199982,2439400.0,69.0316696
2016-08-17 00:00:00,73.0100021,72.9300003,73.0699997,72.2799988,1712400.0,69.2498322
2016-08-18 00:00:00,72.9599991,72.9499969,73.2600021,72.3099976,1063100.0,69.2023849
2016-08-19 00:00:00,73.9700012,72.6299973,73.9899979,72.3399963,2353200.0,70.1604004
2016-08-22 00:00:00,73.0100021,73.6600037,73.9100037,72.6200027,4737900.0,69.2498322
2016-08-23 00:00:00,73.1299973,73.4300003,73.4400024,72.9800034,1735200.0,69.3636398
2016-08-24 00:00:00,72.4800034,72.9700012,73.2699966,72.3300018,1459900.0,68.7471161
2016-08-25 00:00:00,73.0299988,72.4499969,73.1100006,72.3000031,3013800.0,69.2687912
2016-08-26 00:00:00,72.8000031,73.3099976,73.5899963,72.5500031,2270300.0,69.0506363
2016-08-29 00:00:00,73.0800018,72.8799973,73.8199997,72.8799973,1957700.0,69.3162155
2016-08-30 00:00:00,72.3300018,73.2399979,73.25,72.1900024,2326700.0,68.6048355
2016-08-31 00:00:00,71.3300018,72.1800003,72.5,71.3199997,2337300.0,67.6563568
2016-09-01 00:00:00,71.1299973,71.4000015,71.9499969,70.8799973,3145100.0,67.4666443
2016-09-02 00:00:00,70.9599991,71.3899994,71.7699966,70.5500031,2568500.0,67.3054047
2016-09-06 00:00:00,70.0899963,70.9199982,71.0999985,69.9599991,2265400.0,66.4802094
2016-09-07 00:00:00,70.4000015,70.4499969,70.5999985,70.0100021,1781600.0,66.7742386
2016-09-08 00:00:00,70.0299988,70.5100021,70.5100021,69.8799973,1880000.0,66.4233017
2016-09-09 00:00:00,67.1600037,70.0199966,70.1500015,67.0500031,3883000.0,63.7011299
2016-09-12 00:00:00,68.8199997,66.6900024,68.9599991,66.5400009,3153100.0,65.2756119
2016-09-13 00:00:00,68.4100037,68.2099991,69.0500031,67.8600006,4196000.0,64.8867264
2016-09-14 00:00:00,68.4899979,68.2099991,69.1600037,67.4400024,4322800.0,64.962616
2016-09-15 00:00:00,69.2900009,68.5100021,69.5,68.1299973,3281500.0,65.7214127
2016-09-16 00:00:00,68.6900024,69.0699997,69.1200027,68.1200027,3270900.0,65.1523132
2016-09-19 00:00:00,68.3399963,68.9899979,69.3799973,67.9499969,1794900.0,64.8203278
2016-09-20 00:00:00,69.9400024,68.9100037,70.9899979,68.6600037,11410300.0,66.3379517
2016-09-21 00:00:00,70.1399994,69.8000031,70.3399963,69.2399979,15921400.0,66.8142166
2016-09-22 00:00:00,69.75,70.5400009,70.7300034,69.5100021,17562100.0,66.4427185
2016-09-23 00:00:00,68.4400024,69.3600006,69.4400024,68.0999985,11920800.0,65.1948242
2016-09-26 00:00:00,67.1500015,69.1999969,69.2300034,67.0100021,5063800.0,63.9660187
2016-09-27 00:00:00,67.0500031,67.1999969,67.9199982,66.9599991,4869100.0,63.8707466
2016-09-28 00:00:00,67.3799973,67.0400009,67.4400024,66.6999969,4599000.0,64.1851044
2016-09-29 00:00:00,67.0999985,67.2099991,68.0899963,66.9800034,3181800.0,63.9183693
2016-09-30 00:00:00,67.3300018,67.4000015,67.7399979,66.9499969,6088200.0,64.1374588
2016-10-03 00:00:00,67.4499969,67.3399963,67.7799988,67.2900009,2599000.0,64.2517853
2016-10-04 00:00:00,67.1100006,67.3300018,67.4400024,66.8799973,2748400.0,63.927906
2016-10-05 00:00:00,67.4700012,67.2099991,67.6900024,67.1200027,2556200.0,64.2708435
2016-10-06 00:00:00,67.5100021,67.3499985,67.6399994,66.8399963,2264900.0,64.3089371
2016-10-07 00:00:00,67.1399994,67.4899979,67.8499985,66.7399979,2879700.0,63.9564743
2016-10-10 00:00:00,67.3899994,67.5500031,68.0599976,67.3700027,1979200.0,64.1946259
2016-10-11 00:00:00,66.6100006,67.1200027,67.4599991,66.1600037,6718100.0,63.4515953
2016-10-12 00:00:00,66.9100037,66.5999985,67.0699997,66.4300003,2186100.0,63.7373848
2016-10-13 00:00:00,67.2699966,66.3399963,67.3399963,66.0599976,3456400.0,64.080307
2016-10-14 00:00:00,67.4499969,67.4300003,67.8700027,67.0100021,2654800.0,64.2517853
2016-10-17 00:00:00,66.9199982,67.3499985,67.7600021,66.8399963,1631300.0,63.7469101
2016-10-18 00:00:00,67.8300018,67.7200012,68.0699997,67.2300034,3016800.0,64.6137695
2016-10-19 00:00:00,67.9599991,67.9499969,68.25,67.7399979,1631700.0,64.7375946
2016-10-20 00:00:00,67.4000015,67.75,67.8499985,66.7900009,2068000.0,64.204155
2016-10-21 00:00:00,67.1399994,67.0599976,67.5100021,66.5899963,1855400.0,63.9564743
2016-10-24 00:00:00,67.3799973,67.75,68.4700012,67.3600006,2610300.0,64.1851044
2016-10-25 00:00:00,67.2099991,67.3600006,67.5100021,67.0,2038200.0,64.0231628
2016-10-26 00:00:00,66.6900024,66.4800034,66.9899979,65.9100037,3820800.0,63.5278244
2016-10-27 00:00:00,66.9199982,66.6999969,66.9599991,66.2099991,2306900.0,63.7469101
2016-10-28 00:00:00,67.4400024,66.9800034,67.8799973,66.6900024,1993000.0,64.2422409
2016-10-31 00:00:00,68.6999969,67.7200012,68.9599991,67.7200012,2697800.0,65.4425049
2016-11-01 00:00:00,68.3199997,68.6800003,69.0,67.7399979,3147200.0,65.0805206
2016-11-02 00:00:00,68.4000015,68.4000015,69.2699966,68.0299988,2920100.0,65.1567307
2016-11-03 00:00:00,69.2399979,68.5800018,69.4000015,68.4000015,3203700.0,65.9569016
2016-11-04 00:00:00,69.6100006,68.6800003,70.5999985,68.6800003,4147500.0,66.3093567
2016-11-07 00:00:00,71.0999985,70.6600037,71.1800003,70.2799988,3578100.0,67.728714
2016-11-08 00:00:00,73.0199966,70.0,73.6399994,69.0400009,7883400.0,69.5576553
2016-11-09 00:00:00,74.0800018,71.1600037,74.2799988,71.0,5023400.0,70.5674133
2016-11-10 00:00:00,73.4199982,74.5199966,75.0899963,73.2200012,5273800.0,69.9387054
2016-11-11 00:00:00,73.3899994,73.1500015,73.8600006,72.75,2986500.0,69.9101105
2016-11-14 00:00:00,77.2399979,73.5,77.8099976,73.4599991,7313000.0,73.5775757
2016-11-15 00:00:00,77.7099991,77.0,77.8499985,76.7399979,3863400.0,74.0252914
2016-11-16 00:00:00,77.5699997,77.3899994,78.1800003,77.2799988,2746900.0,73.891922
2016-11-17 00:00:00,77.4700012,77.5100021,78.0299988,77.2300034,2294400.0,73.7966766
2016-11-18 00:00:00,77.1399994,77.4199982,77.6399994,77.0400009,1647300.0,73.4823151
2016-11-21 00:00:00,77.2900009,77.0400009,77.8199997,76.8799973,2605600.0,73.9126587
2016-11-22 00:00:00,77.8499985,77.3799973,77.9800034,77.1600037,2706100.0,74.4481812
2016-11-23 00:00:00,78.0800018,77.5999985,78.1200027,77.3300018,1817800.0,74.668129
2016-11-25 00:00:00,78.5199966,78.0999985,78.9000015,77.2600021,1059600.0,75.0888977
2016-11-28 00:00:00,78.0699997,77.5500031,78.5199966,77.0299988,3418700.0,74.6585541
2016-11-29 00:00:00,79.1100006,78.0899963,79.5800018,78.0899963,3428000.0,75.6531219
2016-11-30 00:00:00,78.7799988,79.0699997,79.3899994,78.0299988,3540300.0,75.3375397
2016-12-01 00:00:00,79.8199997,78.4700012,80.2900009,78.4700012,4127100.0,76.3320999
2016-12-02 00:00:00,79.1999969,79.1800003,80.2699966,78.7900009,2769300.0,75.7391815
2016-12-05 00:00:00,81.0,80.5100021,81.25,80.0400009,3508000.0,77.4605331
2016-12-06 00:00:00,82.0800018,81.0,82.0999985,80.6699982,2907300.0,78.4933395
2016-12-07 00:00:00,83.9199982,82.1200027,84.2699966,81.8600006,3964700.0,80.2529449
2016-12-08 00:00:00,83.4899979,84.0800018,84.5899963,83.1500015,4059400.0,79.8417282
2016-12-09 00:00:00,83.5500031,83.9800034,83.9800034,83.0699997,2386200.0,79.8991165
2016-12-12 00:00:00,83.9100037,83.4300003,83.9800034,82.7600021,2086100.0,80.2433701
2016-12-13 00:00:00,84.4000015,84.0,84.9599991,83.8700027,2501800.0,80.7119675
2016-12-14 00:00:00,83.9400024,84.5500031,85.0500031,83.7600021,2012000.0,80.2720795
2016-12-15 00:00:00,84.3300018,84.4300003,85.3499985,83.9199982,3305200.0,80.6450272
2016-12-16 00:00:00,86.0500031,84.8899994,86.1500015,84.3000031,9997200.0,82.2898407
2016-12-19 00:00:00,84.8600006,85.75,86.0,84.7099991,3139200.0,81.1518707
2016-12-20 00:00:00,85.0999985,85.2699966,85.7699966,84.8099976,2637600.0,81.3813705
2016-12-21 00:00:00,84.8499985,85.0699997,85.4499969,84.75,1818200.0,81.1422958
2016-12-22 00:00:00,83.7300034,84.9700012,85.0,83.3300018,2575100.0,80.0712433
2016-12-23 00:00:00,84.0899963,83.7300034,84.1699982,83.5999985,2316900.0,80.4155121
2016-12-27 00:00:00,84.1399994,84.5,84.6900024,83.9499969,1374200.0,80.4633331
2016-12-28 00:00:00,83.3600006,84.4100037,84.5,83.3099976,1557700.0,79.7174149
2016-12-29 00:00:00,83.3199997,83.5699997,83.7399979,83.1100006,1590400.0,79.6791611
2016-12-30 00:00:00,82.6800003,83.4800034,83.6100006,82.5400009,2403000.0,79.067131
2017-01-03 00:00:00,82.5,83.3499985,83.8499985,81.7099991,3277100.0,78.894989
2017-01-04 00:00:00,82.3399963,82.7399979,83.4000015,82.25,4016200.0,78.7419662
2017-01-05 00:00:00,81.7799988,82.0699997,83.0699997,81.6600037,2828200.0,78.2064362
2017-01-06 00:00:00,82.3000031,81.7900009,83.0199966,81.3300018,2306200.0,78.7037354
2017-01-09 00:00:00,82.25,82.0500031,82.6999969,81.5999985,2643000.0,78.6559143
2017-01-10 00:00:00,81.9300003,82.0899963,82.4199982,81.6600037,2168000.0,78.3498917
2017-01-11 00:00:00,82.8399963,82.2799988,83.4199982,81.8000031,2887300.0,79.2201385
2017-01-12 00:00:00,81.8899994,82.6900024,82.7600021,81.0400009,2281600.0,78.3116379
2017-01-13 00:00:00,82.6399994,81.9300003,82.6500015,81.9300003,1671400.0,79.028862
2017-01-17 00:00:00,82.3799973,82.5699997,82.9000015,82.2099991,2113900.0,78.7802353
2017-01-18 00:00:00,83.0,82.4100037,83.0999985,82.0699997,1467300.0,79.3731461
2017-01-19 00:00:00,84.5299988,83.7200012,85.2900009,83.7200012,3465000.0,80.8362885
2017-01-20 00:00:00,84.3799973,84.8700027,85.7600021,84.1600037,2449800.0,80.6928406
2017-01-23 00:00:00,84.3700027,84.1500015,84.5299988,83.8199997,1452000.0,80.6832733
2017-01-24 00:00:00,84.5100021,84.3499985,84.9700012,84.0199966,1455600.0,80.8171768
2017-01-25 00:00:00,85.6100006,84.7900009,85.6999969,84.2399979,2094600.0,81.8690872
2017-01-26 00:00:00,85.8399963,85.7900009,86.2399979,85.5400009,2148200.0,82.0890427
2017-01-27 00:00:00,86.0800018,85.9700012,86.3199997,85.5299988,1693400.0,82.3185654
2017-01-30 00:00:00,85.2600021,85.8300018,85.8300018,84.5899963,2251100.0,81.5343933
2017-01-31 00:00:00,84.5999985,85.2399979,85.2399979,84.3600006,2462000.0,80.9032364
2017-02-01 00:00:00,84.6399994,84.4899979,85.2099991,84.2699966,2241700.0,80.9414902
2017-02-02 00:00:00,84.5,84.4000015,84.8099976,83.8099976,1803800.0,80.8076019
2017-02-03 00:00:00,85.4499969,84.7699966,85.5199966,84.7699966,1386600.0,81.7160797
2017-02-06 00:00:00,85.6500015,85.4599991,85.7300034,85.1999969,1224300.0,81.9073486
2017-02-07 00:00:00,85.8099976,85.5599976,86.3399963,85.5500031,1547700.0,82.0603333
2017-02-08 00:00:00,86.3600006,85.7200012,86.4800034,85.3700027,1869500.0,82.586319
2017-02-09 00:00:00,86.7900009,86.8600006,86.9700012,86.2600021,2460800.0,82.9975204
2017-02-10 00:00:00,86.4499969,86.9899979,86.9899979,86.4400024,1866600.0,82.6723785
2017-02-13 00:00:00,87.3799973,86.8399963,87.4199982,86.5899963,1504200.0,83.5617447
2017-02-14 00:00:00,87.8899994,87.3099976,87.9100037,87.0599976,2366700.0,84.049469
2017-02-15 00:00:00,89.4599991,87.5699997,89.4599991,87.2699966,3447100.0,85.5508575
2017-02-16 00:00:00,89.4400024,89.0999985,91.0699997,88.5,3415900.0,85.5317535
2017-02-17 00:00:00,89.3600006,89.2799988,89.6600037,87.2399979,5275200.0,85.4552231
2017-02-21 00:00:00,87.9899979,88.5400009,88.8799973,87.7399979,3637100.0,84.1450882
2017-02-22 00:00:00,87.6800003,87.6999969,88.0299988,87.6100006,1986600.0,84.1355133
2017-02-23 00:00:00,87.0,87.8199997,87.9899979,86.9599991,2013400.0,83.4829865
2017-02-24 00:00:00,87.0800018,87.0299988,87.5899963,86.8000031,2521700.0,83.5597458
2017-02-27 00:00:00,87.4499969,86.9700012,87.6500015,86.75,1885100.0,83.9148026
2017-02-28 00:00:00,86.9899979,87.3099976,87.75,86.8899994,2587200.0,83.4733887
2017-03-01 00:00:00,88.4899979,87.5,88.9300003,87.3799973,2589500.0,84.9127579
2017-03-02 00:00:00,87.5199966,88.1999969,88.2200012,87.2200012,2968500.0,83.9819717
2017-03-03 00:00:00,86.7900009,87.3399963,87.6900024,86.4199982,2061600.0,83.2814789
2017-03-06 00:00:00,86.7200012,86.5800018,87.0299988,86.0599976,2107000.0,83.2142944
2017-03-07 00:00:00,86.1500015,86.6600037,86.8399963,85.9300003,1909100.0,82.667366
2017-03-08 00:00:00,86.3899994,85.9499969,86.7099991,85.6299973,2709200.0,82.897644
2017-03-09 00:00:00,86.3099976,86.4400024,87.1100006,86.0500031,1906300.0,82.8208771
2017-03-10 00:00:00,86.6200027,86.9800034,87.0199966,86.0299988,2187400.0,83.1183624
2017-03-13 00:00:00,87.0299988,86.5899963,87.0800018,86.4199982,2236200.0,83.5117569
2017-03-14 00:00:00,86.2699966,86.8600006,86.8600006,86.25,2058900.0,82.7825089
2017-03-15 00:00:00,87.8199997,86.6800003,88.0899963,86.6699982,2012100.0,84.2698517
2017-03-16 00:00:00,88.0599976,87.8199997,88.5,87.3499985,1846400.0,84.5001297
2017-03-17 00:00:00,88.3300018,88.3899994,88.4899979,87.8899994,3015200.0,84.7592239
2017-03-20 00:00:00,88.6800003,88.3399963,89.2300034,88.3099976,2198100.0,85.0950699
2017-03-21 00:00:00,89.0999985,90.0199966,91.5699997,88.6699982,5486100.0,85.4980927
2017-03-22 00:00:00,92.1399994,89.2699966,92.2600021,89.0500031,4540100.0,88.4151993
2017-03-23 00:00:00,93.1399994,92.1399994,93.6900024,92.0800018,4658400.0,89.3747864
2017-03-24 00:00:00,93.5,93.5,93.8600006,93.25,2274900.0,89.7202225
2017-03-27 00:00:00,93.1699982,92.9899979,93.5299988,92.4499969,2151700.0,89.4035645
2017-03-28 00:00:00,94.4899979,93.1699982,94.9899979,93.0,2256900.0,90.6701965
2017-03-29 00:00:00,94.5899963,94.0100021,94.6999969,93.8600006,1663200.0,90.7661591
2017-03-30 00:00:00,94.6399994,94.4000015,95.4199982,94.4000015,2078600.0,90.8141479
2017-03-31 00:00:00,94.1800003,94.5999985,94.9800034,93.9899979,2269700.0,90.3727417
2017-04-03 00:00:00,92.75,94.2799988,94.5299988,92.0800018,3635600.0,89.0005341
2017-04-04 00:00:00,92.4700012,92.6699982,92.9899979,91.9300003,3097500.0,88.7318649
2017-04-05 00:00:00,91.9599991,92.8000031,93.2200012,91.5500031,2686500.0,88.242485
2017-04-06 00:00:00,91.7699966,91.9000015,92.1500015,91.0699997,2516000.0,88.0601578
2017-04-07 00:00:00,91.2099991,91.7300034,91.7300034,90.25,2954500.0,87.5227966
2017-04-10 00:00:00,91.0599976,91.0400009,91.7200012,90.6600037,2152900.0,87.3788528
2017-04-11 00:00:00,91.4000015,91.1600037,91.5899963,90.7900009,2732300.0,87.7051163
2017-04-12 00:00:00,91.75,91.9800034,92.0,90.8799973,3416300.0,88.0409622
2017-04-13 00:00:00,91.5500031,91.6999969,92.1200027,91.3199997,2244900.0,87.8490601
2017-04-17 00:00:00,91.9499969,91.9100037,91.9800034,91.5999985,1284000.0,88.2328796
2017-04-18 00:00:00,92.0199966,91.5899963,92.25,90.0,3102400.0,88.3000488
2017-04-19 00:00:00,91.4899979,92.0899963,92.4199982,91.1800003,2025800.0,87.7914734
2017-04-20 00:00:00,92.7699966,91.9599991,92.9800034,90.6699982,2792900.0,89.0197372
2017-04-21 00:00:00,92.4700012,92.7699966,92.9499969,92.2399979,2521400.0,88.7318649
2017-04-24 00:00:00,93.5199966,93.6500015,93.9000015,93.1500015,2085000.0,89.7394028
2017-04-25 00:00:00,94.5699997,93.9899979,94.7699966,93.75,1637800.0,90.7469711
2017-04-26 00:00:00,96.3000031,94.5599976,96.8199997,94.3600006,3614500.0,92.4070282
2017-04-27 00:00:00,95.7399979,96.3199997,96.4300003,95.4199982,3655300.0,91.8696594
2017-04-28 00:00:00,94.4199982,95.9100037,96.0199966,93.6999969,2859800.0,90.6030273
2017-05-01 00:00:00,95.5800018,94.7200012,96.0599976,94.4599991,1676100.0,91.7161331
2017-05-02 00:00:00,97.0999985,95.9199982,97.1699982,95.7399979,2483000.0,93.1746902
2017-05-03 00:00:00,96.9899979,97.1999969,97.3099976,96.5599976,2387200.0,93.0691376
2017-05-04 00:00:00,96.8799973,97.1900024,97.3799973,96.6699982,2571100.0,92.9635773
2017-05-05 00:00:00,97.0500031,97.2200012,97.2200012,96.7399979,3038500.0,93.1267166
2017-05-08 00:00:00,96.3700027,97.0899963,97.5500031,95.8899994,3955100.0,92.4741974
2017-05-09 00:00:00,102.5,101.1999969,103.2200012,99.3499985,6721600.0,98.3563919
2017-05-10 00:00:00,103.2399979,102.3399963,103.4300003,101.7099991,2610900.0,99.0664825
2017-05-11 00:00:00,102.8199997,103.0800018,103.6200027,102.5699997,1622600.0,98.6634521
2017-05-12 00:00:00,102.4499969,102.7699966,103.0999985,102.0500031,1958000.0,98.3084106
2017-05-15 00:00:00,104.0599976,102.4000015,104.3399963,102.25,2416700.0,99.8533325
2017-05-16 00:00:00,103.9899979,104.5100021,104.5199966,103.4300003,2406100.0,99.7861481
2017-05-17 00:00:00,102.1100006,103.0699997,103.0999985,102.0599976,1943900.0,98.2940826
2017-05-18 00:00:00,102.5299988,102.1299973,103.7099991,101.7399979,3512100.0,98.6983948
2017-05-19 00:00:00,102.8199997,102.5699997,103.25,102.3700027,1976500.0,98.977562
2017-05-22 00:00:00,104.2200012,102.9300003,104.3300018,102.6900024,2016300.0,100.3252335
2017-05-23 00:00:00,105.4899979,104.1200027,105.5299988,103.8799973,2867500.0,101.5477753
2017-05-24 00:00:00,105.8799973,105.9499969,106.0999985,105.5100021,1655600.0,101.9231949
2017-05-25 00:00:00,106.5299988,106.0,107.4499969,106.0,5163000.0,102.548912
2017-05-26 00:00:00,106.9000015,106.6900024,107.5,106.5500031,1794700.0,102.9050751
2017-05-30 00:00:00,106.7399979,106.6500015,107.2399979,106.4100037,2129100.0,102.7510681
2017-05-31 00:00:00,107.6500015,107.0100021,107.6800003,106.3899994,3013600.0,103.6270523
2017-06-01 00:00:00,108.6800003,108.0,108.9899979,107.6500015,1778300.0,104.6185608
2017-06-02 00:00:00,110.0599976,108.8899994,110.5100021,108.7600021,2886800.0,105.9469986
2017-06-05 00:00:00,108.1900024,110.0999985,110.3499985,107.8000031,2194100.0,104.1468735
2017-06-06 00:00:00,104.9899979,107.3199997,107.5100021,104.9199982,4531600.0,101.0664749
2017-06-07 00:00:00,105.1200027,105.5,105.6100006,103.1200027,4503600.0,101.191597
2017-06-08 00:00:00,105.0800018,104.5599976,105.1699982,102.4000015,3320800.0,101.1530991
2017-06-09 00:00:00,102.4199982,104.9800034,105.4599991,101.8600006,3629500.0,98.5924988
2017-06-12 00:00:00,102.0699997,101.7900009,102.4899979,100.7699966,5035400.0,98.2555771
2017-06-13 00:00:00,103.8799973,102.5500031,103.8899994,102.25,2978400.0,99.9979401
2017-06-14 00:00:00,103.9100037,104.3799973,104.9100037,102.8600006,2316100.0,100.026825
2017-06-15 00:00:00,104.7399979,103.3499985,104.8199997,102.5400009,1559900.0,100.825798
2017-06-16 00:00:00,104.5,104.4100037,105.3099976,103.9700012,3960300.0,100.5947647
2017-06-19 00:00:00,105.9300003,105.0100021,106.3099976,104.6399994,1636900.0,101.9713364
2017-06-20 00:00:00,104.1900024,105.4300003,105.8799973,104.1600037,1641500.0,100.2963715
2017-06-21 00:00:00,104.1299973,104.3199997,104.75,103.6699982,1441300.0,100.2386017
2017-06-22 00:00:00,103.8899994,104.0899963,104.4000015,103.3899994,1516800.0,100.0075607
2017-06-23 00:00:00,104.0599976,103.8099976,104.4499969,103.3199997,6252400.0,100.1712112
2017-06-26 00:00:00,103.9300003,104.0699997,105.1500015,103.5100021,2114500.0,100.0460815
2017-06-27 00:00:00,101.0299988,103.5299988,103.5599976,100.8899994,2719000.0,97.2544403
2017-06-28 00:00:00,101.9800034,101.0,102.5100021,100.4700012,2059200.0,98.1689529
2017-06-29 00:00:00,100.2099991,102.1600037,102.3399963,99.0800018,3052400.0,96.4650879
2017-06-30 00:00:00,100.3099976,101.1800003,101.2200012,100.2799988,2837400.0,96.5613556
2017-07-03 00:00:00,100.1100006,100.6100006,101.0,99.9199982,1230600.0,96.3688354
2017-07-05 00:00:00,101.1699982,100.3000031,101.5599976,100.0500031,2290900.0,97.3891983
2017-07-06 00:00:00,99.6500015,100.4499969,100.75,99.3799973,1984400.0,95.926033
2017-07-07 00:00:00,100.3499985,99.6999969,100.7399979,99.4300003,2469800.0,96.5998611
2017-07-10 00:00:00,100.7099991,100.2300034,100.8899994,99.5599976,1523900.0,96.9464111
2017-07-11 00:00:00,100.7300034,100.3300018,100.9499969,99.8300018,1793200.0,96.9656601
2017-07-12 00:00:00,100.8000031,101.6500015,102.0500031,100.6800003,1776900.0,97.0330505
2017-07-13 00:00:00,100.6999969,101.0,101.2399979,100.4599991,1396400.0,96.9367752
2017-07-14 00:00:00,100.9899979,100.8099976,101.3700027,100.1699982,1323900.0,97.21595
2017-07-17 00:00:00,101.3499985,100.8899994,101.9499969,100.6100006,1232300.0,97.5624924
2017-07-18 00:00:00,102.0,100.9800034,102.3099976,100.6399994,1367400.0,98.1881943
2017-07-19 00:00:00,102.2399979,101.8799973,102.6100006,101.4499969,1056900.0,98.4192123
2017-07-20 00:00:00,102.4000015,102.1900024,102.9300003,101.9100037,1622400.0,98.5732574
2017-07-21 00:00:00,102.8499985,102.0500031,103.0599976,102.0199966,1363600.0,99.0064392
2017-07-24 00:00:00,102.7099991,103.0299988,103.1200027,102.6100006,1506800.0,98.871666
2017-07-25 00:00:00,103.0599976,103.1500015,103.3199997,102.6399994,1526800.0,99.2085876
2017-07-26 00:00:00,103.0400009,103.3899994,104.8399963,102.4700012,2606200.0,99.1893311
2017-07-27 00:00:00,104.0599976,103.4800034,104.4100037,102.9800034,2066400.0,100.1712112
2017-07-28 00:00:00,103.3399963,103.6399994,104.6100006,103.2699966,2005200.0,99.4781113
2017-07-31 00:00:00,104.1900024,103.75,104.9700012,103.5699997,1262800.0,100.2963715
2017-08-01 00:00:00,105.1299973,104.8000031,105.5500031,104.6100006,1299600.0,101.2012253
2017-08-02 00:00:00,103.4899979,104.3799973,104.7399979,102.0500031,2182000.0,99.6225128
2017-08-03 00:00:00,103.6600037,103.6200027,105.1900024,103.4499969,2250600.0,99.7861557
2017-08-04 00:00:00,105.0199966,104.0699997,105.0500031,103.6500015,3068900.0,101.0953369
2017-08-07 00:00:00,106.1699982,107.0,107.6299973,105.6999969,4861600.0,102.2023621
2017-08-08 00:00:00,103.9499969,100.9499969,104.7600021,100.5299988,4618000.0,100.0653152
2017-08-09 00:00:00,101.3499985,103.0999985,103.1999969,101.2099991,2779100.0,97.5624924
2017-08-10 00:00:00,99.5199966,100.9599991,101.0,99.1999969,3912800.0,95.8008804
2017-08-11 00:00:00,99.4000015,99.5,100.1600037,98.8600006,2154700.0,95.6853714
2017-08-14 00:00:00,100.0699997,100.1900024,100.4499969,99.6699982,2578200.0,96.3303223
2017-08-15 00:00:00,100.4000015,100.3199997,101.0400009,99.9300003,1603400.0,96.6479874
2017-08-16 00:00:00,100.3000031,100.5999985,100.8499985,99.6900024,1906900.0,96.5517273
2017-08-17 00:00:00,97.8399963,100.1800003,100.1800003,97.8000031,2579500.0,94.1836472
2017-08-18 00:00:00,98.0299988,97.8000031,98.7399979,96.9000015,1581300.0,94.3665619
2017-08-21 00:00:00,99.0800018,98.1600037,99.2099991,97.9899979,1494600.0,95.377327
2017-08-22 00:00:00,102.0,99.2099991,102.4100037,98.8600006,2592700.0,98.5163193
2017-08-23 00:00:00,100.4300003,101.1500015,101.6999969,100.2699966,2749800.0,96.999939
2017-08-24 00:00:00,99.9499969,100.5599976,101.0299988,99.5800018,1365000.0,96.5363312
2017-08-25 00:00:00,100.6600037,100.7900009,100.9700012,100.1500015,1346400.0,97.222084
2017-08-28 00:00:00,100.7099991,100.9899979,100.9899979,100.2399979,1389300.0,97.2703781
2017-08-29 00:00:00,100.2300034,99.9100037,100.5400009,99.5800018,1286200.0,96.8067856
2017-08-30 00:00:00,103.6399994,100.7600021,103.75,100.5599976,1954400.0,100.1003265
2017-08-31 00:00:00,103.5800018,103.7099991,104.3499985,102.8099976,1837300.0,100.0423737
2017-09-01 00:00:00,103.8000031,104.0199966,104.25,103.4199982,1258000.0,100.254837
2017-09-05 00:00:00,102.2799988,103.6699982,103.8199997,101.1100006,1856800.0,98.7867508
2017-09-06 00:00:00,101.8000031,102.6800003,102.8600006,101.2200012,1263400.0,98.3231659
2017-09-07 00:00:00,101.7600021,102.1299973,102.2399979,101.2099991,1661400.0,98.2845306
2017-09-08 00:00:00,103.4300003,101.7300034,104.4400024,101.6100006,1876100.0,99.8974838
2017-09-11 00:00:00,104.6299973,103.8199997,106.1999969,103.8199997,2974900.0,101.056488
2017-09-12 00:00:00,105.0800018,104.6600037,105.4800034,104.2900009,1269200.0,101.4911194
2017-09-13 00:00:00,106.7699966,105.0,106.9199982,104.7099991,1821700.0,103.1234055
2017-09-14 00:00:00,106.3899994,106.3399963,106.9599991,105.6500015,3517500.0,102.7564011
2017-09-15 00:00:00,105.3899994,105.9700012,105.9700012,104.3899994,2790600.0,101.7905502
2017-09-18 00:00:00,105.5400009,105.7699966,106.4800034,105.4499969,2297000.0,101.9354019
2017-09-19 00:00:00,107.3499985,105.5800018,107.4300003,105.0699997,2148300.0,103.6836014
2017-09-20 00:00:00,107.6900024,107.3000031,108.2399979,106.8399963,3489400.0,104.0119858
2017-09-21 00:00:00,107.5699997,107.8399963,108.5,107.3300018,1911900.0,103.8961029
2017-09-22 00:00:00,107.8799973,107.1800003,108.0699997,107.0,1179100.0,104.195488
2017-09-25 00:00:00,108.8700027,107.8499985,109.9700012,107.4300003,3713200.0,105.1516953
2017-09-26 00:00:00,108.0699997,109.0699997,109.6500015,107.9599991,2825700.0,104.3790131
2017-09-27 00:00:00,108.3600006,108.3600006,108.9599991,107.4300003,3563700.0,104.659111
2017-09-28 00:00:00,110.0,108.1500015,110.0599976,107.9599991,1821600.0,106.2430801
2017-09-29 00:00:00,110.2600021,109.6699982,111.3199997,109.1999969,3558700.0,106.4942017
2017-10-02 00:00:00,110.5299988,110.3499985,111.4599991,109.6999969,1545500.0,106.754982
2017-10-03 00:00:00,109.4000015,110.3899994,110.8399963,108.9899979,2224900.0,105.6635818
2017-10-04 00:00:00,108.8199997,109.25,109.5400009,108.3099976,2720400.0,105.1034012
2017-10-05 00:00:00,111.2699966,109.2200012,111.5,108.8700027,3459100.0,107.4697189
2017-10-06 00:00:00,111.7600021,111.2399979,111.7699966,110.7399979,1872500.0,107.9429932
2017-10-09 00:00:00,112.7600021,111.9599991,112.7900009,111.6999969,1310000.0,108.9088364
2017-10-10 00:00:00,114.0800018,112.8799973,114.1100006,112.4599991,1921400.0,110.183754
2017-10-11 00:00:00,114.1299973,113.8899994,114.4100037,113.6900024,1338600.0,110.2320251
2017-10-12 00:00:00,114.4599991,114.0699997,114.8700027,113.6500015,1739100.0,110.5507736
2017-10-13 00:00:00,115.1100006,115.0,115.3099976,114.4000015,1690300.0,111.178566
2017-10-16 00:00:00,114.75,115.0,115.4000015,113.8199997,4016200.0,110.8308563
2017-10-17 00:00:00,115.0400009,114.5500031,115.0800018,114.1699982,744000.0,111.1109543
2017-10-18 00:00:00,115.7699966,115.3199997,116.6699982,115.0500031,2472800.0,111.8160324
2017-10-19 00:00:00,115.1999969,115.3499985,115.4100037,114.5400009,1695200.0,111.2654877
2017-10-20 00:00:00,115.0199966,115.4899979,115.6100006,114.4000015,2545200.0,111.0916367
2017-10-23 00:00:00,115.3099976,115.0599976,115.5199966,114.7099991,1409300.0,111.3717346
2017-10-24 00:00:00,116.8099976,115.7699966,117.0899963,115.4400024,1703100.0,112.8205032
2017-10-25 00:00:00,116.3300018,116.1100006,117.0400009,115.5699997,2885600.0,112.3569031
2017-10-26 00:00:00,118.8099976,117.5299988,119.3600006,116.4000015,2637800.0,114.7521973
2017-10-27 00:00:00,118.8700027,117.4100037,119.4300003,117.2699966,2067400.0,114.8101578
2017-10-30 00:00:00,118.5199966,118.6699982,118.9700012,117.5199966,1841300.0,114.4720917
2017-10-31 00:00:00,119.4800034,118.6200027,119.9100037,118.3199997,1712400.0,115.3993301
2017-11-01 00:00:00,120.1600037,120.5100021,120.9199982,119.5999985,1381000.0,116.0561066
2017-11-02 00:00:00,119.6399994,120.4400024,121.25,119.0199966,3713500.0,115.5538559
2017-11-03 00:00:00,121.5500031,119.6900024,121.5800018,119.6100006,4043300.0,117.3986206
2017-11-06 00:00:00,121.9800034,121.3399963,123.0299988,120.8499985,2838700.0,117.8139267
2017-11-07 00:00:00,120.8899994,122.2099991,123.3099976,120.6600037,5253700.0,116.7611542
2017-11-08 00:00:00,119.9800034,121.0,124.3399963,119.1900024,6163000.0,115.8822479
2017-11-09 00:00:00,118.8099976,119.2600021,120.1200027,118.1299973,3317700.0,114.7521973
2017-11-10 00:00:00,120.1100006,119.0400009,120.8700027,118.0100021,3377000.0,116.0077972
2017-11-13 00:00:00,120.3899994,119.6699982,120.8799973,119.5999985,2387300.0,116.2782288
2017-11-14 00:00:00,123.0599976,120.0800018,123.0999985,119.9499969,2141400.0,118.8570404
2017-11-15 00:00:00,122.2600021,122.9100037,122.9599991,121.3799973,3043300.0,118.0843811
2017-11-16 00:00:00,124.3799973,121.9400024,124.4199982,121.5,3493500.0,120.1319656
2017-11-17 00:00:00,125.4800034,123.9800034,125.6399994,123.7699966,4660700.0,121.194397
2017-11-20 00:00:00,125.9100037,125.3300018,126.2399979,125.0599976,1937800.0,121.6097031
2017-11-21 00:00:00,127.6200027,126.3300018,128.3699951,126.3300018,3478000.0,123.5852203
2017-11-22 00:00:00,126.3899994,127.9599991,128.0,126.0699997,2323900.0,122.3941116
2017-11-24 00:00:00,126.5,126.5100021,127.0999985,126.3799973,729200.0,122.5006104
2017-11-27 00:00:00,126.9300003,126.3300018,127.3700027,126.3300018,2560200.0,122.9170303
2017-11-28 00:00:00,126.9000015,127.25,127.5500031,126.5599976,3065700.0,122.8879852
2017-11-29 00:00:00,126.4899979,127.25,127.4300003,125.6100006,2721700.0,122.4909286
2017-11-30 00:00:00,127.0,126.1399994,127.9700012,125.6500015,3102700.0,122.9848175
2017-12-01 00:00:00,126.8600006,126.0299988,127.3399963,124.4499969,2371100.0,122.8492432
2017-12-04 00:00:00,127.7300034,127.7099991,129.5599976,127.6699982,2128000.0,123.6917267
2017-12-05 00:00:00,127.5299988,127.9199982,129.4700012,127.3799973,2065900.0,123.4980545
2017-12-06 00:00:00,127.3000031,127.7399979,128.0500031,127.1500015,1698400.0,123.2753296
2017-12-07 00:00:00,127.8499985,127.2099991,127.9800034,126.9000015,1465000.0,123.8079453
2017-12-08 00:00:00,129.3200073,128.4100037,129.9900055,128.3899994,4325100.0,125.2314835
2017-12-11 00:00:00,128.5700073,128.8399963,129.25,128.0,1432700.0,124.505188
2017-12-12 00:00:00,128.7599945,128.6000061,129.0200043,127.9300003,1529200.0,124.6891785
2017-12-13 00:00:00,128.4700012,128.8800049,129.6399994,128.3500061,2119600.0,124.4083481
2017-12-14 00:00:00,127.7200012,128.5800018,128.7899933,127.6900024,2564200.0,123.682045
2017-12-15 00:00:00,129.8200073,128.6999969,129.8999939,128.0800018,4111500.0,125.7156677
2017-12-18 00:00:00,133.3399963,130.4499969,134.3099976,130.3300018,3720600.0,129.1243744
2017-12-19 00:00:00,133.1399994,133.8800049,134.0399933,132.6499939,2915100.0,128.9306946
2017-12-20 00:00:00,133.8399963,133.6799927,134.2599945,133.2599945,1455100.0,129.6085663
2017-12-21 00:00:00,133.9499969,134.4499969,135.1799927,133.4700012,2042100.0,129.7150574
2017-12-22 00:00:00,133.9700012,133.6999969,134.7400055,133.5,2780900.0,129.7344513
2017-12-26 00:00:00,133.3000031,133.9600067,134.2299957,133.1499939,1150900.0,129.0856323
2017-12-27 00:00:00,136.25,133.6999969,136.3300018,133.6000061,2284500.0,131.9423523
2017-12-28 00:00:00,136.5700073,136.4600067,136.6399994,135.5,1704200.0,132.2522583
2017-12-29 00:00:00,135.7299957,136.5099945,137.6000061,135.3500061,1685500.0,131.4388123
2018-01-02 00:00:00,133.75,135.8899994,135.9799957,132.1999969,2949200.0,129.5214081
2018-01-03 00:00:00,136.4499969,134.0099945,136.8000031,133.6999969,1507900.0,132.1360321
2018-01-04 00:00:00,135.6999969,136.8500061,137.1499939,134.9499969,3187000.0,131.4097595
2018-01-05 00:00:00,134.3999939,136.4499969,136.4499969,134.1999969,3404400.0,130.1508636
2018-01-08 00:00:00,136.3399963,134.1100006,136.5800018,134.1100006,3275500.0,132.0295258
2018-01-09 00:00:00,137.7100067,136.5200043,138.3000031,136.0,3071500.0,133.3562317
2018-01-10 00:00:00,137.6999969,136.9100037,137.7899933,136.5099945,1143500.0,133.3465118
2018-01-11 00:00:00,139.4299927,136.6499939,139.5399933,136.6499939,1408700.0,135.0218353
2018-01-12 00:00:00,139.7799988,140.1100006,140.2599945,138.5299988,1806800.0,135.3607788
2018-01-16 00:00:00,139.1199951,141.3600006,141.3899994,138.3500061,2531800.0,134.7216339
2018-01-17 00:00:00,142.0,140.2100067,142.6399994,139.8399963,2436100.0,137.5105591
2018-01-18 00:00:00,141.1300049,141.6499939,142.6900024,140.8699951,1691100.0,136.6680908
2018-01-19 00:00:00,144.0700073,141.6199951,144.0700073,141.4400024,3267100.0,139.5151367
2018-01-22 00:00:00,143.8099976,144.25,144.2899933,142.0700073,2153900.0,139.2633667
2018-01-23 00:00:00,145.8000031,143.5399933,146.4299927,143.0399933,1540300.0,141.1904602
2018-01-24 00:00:00,144.3899994,146.1199951,146.6900024,143.8300018,3736600.0,139.8250275
2018-01-25 00:00:00,145.5,144.5200043,146.0599976,143.9900055,1197800.0,140.8999176
2018-01-26 00:00:00,147.1399994,145.7100067,147.1499939,144.9199982,1113300.0,142.4880829
2018-01-29 00:00:00,147.9900055,146.6600037,148.9100037,145.7700043,2200800.0,143.3112183
2018-01-30 00:00:00,147.2700043,148.2200012,149.2100067,147.0599976,1664500.0,142.6139526
2018-01-31 00:00:00,147.3399963,147.4199982,148.6600037,146.9299927,2329800.0,142.6817474
2018-02-01 00:00:00,147.5200043,146.6000061,148.2599945,145.8200073,1676600.0,142.8560791
2018-02-02 00:00:00,141.1699982,146.6900024,147.0099945,140.9700012,2672300.0,136.7068329
2018-02-05 00:00:00,136.3399963,140.8200073,142.6000061,136.2799988,2921200.0,132.0295258
2018-02-06 00:00:00,140.0299988,134.0700073,140.2299957,131.0,2881900.0,135.6028748
2018-02-07 00:00:00,139.6399994,139.25,142.7700043,138.6600037,1806400.0,135.225174
2018-02-08 00:00:00,133.8800049,139.6100006,139.9400024,133.8099976,2964400.0,129.6473083
2018-02-09 00:00:00,136.2899933,134.5399933,137.4700012,131.1000061,2885100.0,131.9810944
2018-02-12 00:00:00,139.1000061,137.4199982,139.9299927,137.2700043,2835100.0,134.7022705
2018-02-13 00:00:00,140.6100006,138.4499969,141.0200043,137.7100067,1977800.0,136.1645355
2018-02-14 00:00:00,145.2400055,141.0,145.3999939,140.3200073,3561700.0,140.6481628
2018-02-15 00:00:00,141.2899933,142.1199951,144.9499969,140.8500061,4295600.0,136.8230438
2018-02-16 00:00:00,138.5,140.7599945,141.4400024,138.4799957,2855600.0,134.1212311
2018-02-20 00:00:00,140.4400024,138.1399994,140.9499969,138.1300049,2162100.0,135.9998932
2018-02-21 00:00:00,141.9600067,140.8099976,144.8600006,140.6199951,3809800.0,137.4718475
2018-02-22 00:00:00,140.6000061,142.1900024,142.7100067,139.8200073,2029400.0,136.4721069
2018-02-23 00:00:00,142.1699982,141.8200073,142.2400055,140.6499939,1329800.0,137.9960022
2018-02-26 00:00:00,141.3500061,142.5800018,143.1699982,141.2299957,1873200.0,137.200058
2018-02-27 00:00:00,138.1199951,141.7899933,142.3500061,138.0800018,2210600.0,134.0649109
2018-02-28 00:00:00,141.2100067,138.5,143.3399963,138.5,2426500.0,137.0641785
2018-03-01 00:00:00,137.5399933,141.2100067,142.0700073,137.1699982,3060900.0,133.5019226
2018-03-02 00:00:00,139.5800018,136.5200043,139.9499969,135.1300049,2386100.0,135.4820404
2018-03-05 00:00:00,135.7299957,138.4499969,138.9600067,134.2899933,3635800.0,131.7450714
2018-03-06 00:00:00,137.6100006,136.5800018,138.4700012,136.0,2380300.0,133.56987
2018-03-07 00:00:00,138.9799957,137.0,139.4400024,136.5200043,1629500.0,134.8996429
2018-03-08 00:00:00,139.3500061,139.1900024,140.2100067,138.8500061,1584000.0,135.2587891
2018-03-09 00:00:00,143.2899933,141.8600006,144.6100006,140.1900024,2496200.0,139.0830994
2018-03-12 00:00:00,141.8099976,143.2200012,143.6699982,141.3099976,2190400.0,137.6465607
2018-03-13 00:00:00,141.75,142.4799957,143.3600006,141.5700073,2013000.0,137.5883179
2018-03-14 00:00:00,141.4299927,142.4199982,142.9900055,140.6699982,1310100.0,137.2776947
2018-03-15 00:00:00,141.7299957,141.5800018,143.0399933,140.9400024,1310200.0,137.5688782
2018-03-16 00:00:00,141.0599976,142.0099945,142.4499969,141.0500031,2596300.0,136.9185791
2018-03-19 00:00:00,139.8200073,139.9299927,140.5500031,138.5,1662000.0,135.7149963
2018-03-20 00:00:00,140.5500031,140.5200043,141.3000031,140.1499939,1340800.0,136.4235687
2018-03-21 00:00:00,140.4199982,140.2700043,141.3200073,139.5399933,1231900.0,136.2973785
2018-03-22 00:00:00,137.25,139.0899963,140.9600067,137.1499939,1626600.0,133.2204285
2018-03-23 00:00:00,133.7599945,137.0599976,137.9400024,133.75,2039300.0,129.832901
2018-03-26 00:00:00,138.9199982,135.4900055,139.1199951,134.9900055,1987200.0,134.8414001
2018-03-27 00:00:00,135.5899963,139.4100037,139.6699982,134.9700012,1798600.0,131.6091614
2018-03-28 00:00:00,133.8999939,135.6000061,136.5,132.5599976,2212000.0,129.9687805
2018-03-29 00:00:00,135.9799957,134.8899994,137.4900055,134.5099945,2524700.0,131.9877167
2018-04-02 00:00:00,132.0700073,134.9600067,136.4100037,130.3899994,3154000.0,128.1925049
2018-04-03 00:00:00,132.5,133.1900024,134.1699982,131.3699951,3643500.0,128.6098938
2018-04-04 00:00:00,135.8099976,130.8699951,136.1499939,130.4199982,3194600.0,131.8227081
2018-04-05 00:00:00,134.4400024,136.9100037,138.4100037,133.2299957,2917400.0,130.4929352
2018-04-06 00:00:00,130.9299927,133.1499939,134.2299957,129.5299988,2625500.0,127.0859909
2018-04-09 00:00:00,130.7200012,131.8999939,133.2700043,130.5700073,2449600.0,126.8821564
2018-04-10 00:00:00,129.8399963,132.4600067,132.8300018,128.9700012,3656100.0,126.0279846
2018-04-11 00:00:00,132.0299988,130.75,133.6399994,130.75,3893100.0,128.1537018
2018-04-12 00:00:00,133.0099945,132.5099945,133.6999969,131.8600006,2901500.0,129.1049042
2018-04-13 00:00:00,131.0599976,133.5399933,133.9299927,130.5099945,1352700.0,127.2121735
2018-04-16 00:00:00,133.4700012,132.0500031,134.2799988,131.9199982,1501400.0,129.5514221
2018-04-17 00:00:00,136.8099976,134.6699982,137.5500031,134.4600067,2928200.0,132.7933807
2018-04-18 00:00:00,138.3099976,136.8800049,139.1900024,136.6900024,1612200.0,134.2492981
2018-04-19 00:00:00,137.6199951,137.9299927,138.6499939,136.9900055,1156300.0,133.5795898
2018-04-20 00:00:00,137.4799957,137.1499939,138.25,136.7299957,1380500.0,133.4436798
2018-04-23 00:00:00,137.6300049,137.8999939,138.7899933,136.8200073,843600.0,133.5892944
2018-04-24 00:00:00,136.8999939,138.8399963,139.5,135.3600006,1561700.0,132.8806915
2018-04-25 00:00:00,137.2400055,136.3899994,137.7899933,135.2799988,1123200.0,133.2107239
2018-04-26 00:00:00,137.7599945,138.1600037,138.8000031,136.2200012,1240900.0,133.7154541
2018-04-27 00:00:00,137.4199982,137.2799988,139.0,136.5599976,1112700.0,133.3854523
2018-04-30 00:00:00,136.6799927,138.1199951,139.4799957,136.4700012,1115100.0,132.66716
2018-05-01 00:00:00,137.6000061,136.1900024,137.7599945,135.4900055,1046600.0,133.5601501
2018-05-02 00:00:00,134.1600037,137.1199951,137.7200012,134.0099945,2324300.0,130.2211609
2018-05-03 00:00:00,134.6399994,133.3999939,135.1900024,130.7200012,2474500.0,130.6870728
2018-05-04 00:00:00,135.8500061,133.9199982,137.0599976,133.1799927,2832800.0,131.8615265
2018-05-07 00:00:00,136.6399994,136.5800018,137.25,135.8500061,2331100.0,132.6283569
2018-05-08 00:00:00,139.3099976,136.5299988,139.4499969,136.0,3771100.0,135.2199402
2018-05-09 00:00:00,137.8999939,138.4299927,139.1699982,134.25,3999700.0,133.8513489
2018-05-10 00:00:00,138.5700073,138.1199951,138.9900055,137.3999939,2114800.0,134.5016937
2018-05-11 00:00:00,139.8200073,138.8800049,140.1100006,138.1799927,1509100.0,135.7149963
2018-05-14 00:00:00,139.3500061,139.9100037,140.2799988,138.9600067,1845400.0,135.2587891
2018-05-15 00:00:00,138.8600006,139.0,139.1399994,137.8399963,1492600.0,134.7831573
2018-05-16 00:00:00,140.4400024,139.2100067,141.6100006,138.6100006,1620000.0,136.3167572
2018-05-17 00:00:00,138.2899933,139.8899994,140.0099945,138.0500031,1894600.0,134.6228943
2018-05-18 00:00:00,138.5200043,139.4700012,139.4700012,137.7200012,1444600.0,134.8468323
2018-05-21 00:00:00,138.8000031,138.8800049,139.8399963,137.9799957,1124300.0,135.1194
2018-05-22 00:00:00,137.7799988,139.3899994,139.3899994,137.5,1099400.0,134.1264496
2018-05-23 00:00:00,137.5899963,136.7599945,137.8399963,136.7599945,1061300.0,133.9414825
2018-05-24 00:00:00,137.8699951,137.4299927,138.3699951,137.25,1504300.0,134.2140503
2018-05-25 00:00:00,137.9700012,137.8099976,139.1799927,137.2700043,1396700.0,134.3114014
2018-05-29 00:00:00,134.5500031,136.3200073,136.8600006,134.0700073,2011700.0,130.9821014
2018-05-30 00:00:00,136.2700043,135.0200043,136.9400024,134.6000061,1271700.0,132.6564941
2018-05-31 00:00:00,135.3600006,136.3200073,136.75,134.6600037,2316300.0,131.7705994
2018-06-01 00:00:00,138.3399963,136.5800018,138.9900055,135.7100067,1558500.0,134.6715851
2018-06-04 00:00:00,138.6900024,138.8200073,138.9900055,137.4100037,1277500.0,135.0122986
2018-06-05 00:00:00,138.2200012,138.5,139.8399963,137.8399963,1334000.0,134.5547943
2018-06-06 00:00:00,141.5700073,137.9700012,141.7200012,137.6999969,2113500.0,137.8159485
2018-06-07 00:00:00,139.4400024,141.6600037,142.1900024,139.0099945,1622700.0,135.7424164
2018-06-08 00:00:00,138.3800049,139.4799957,139.6199951,137.9400024,1609200.0,134.7105255
2018-06-11 00:00:00,139.1399994,138.0399933,139.8399963,137.75,1809800.0,135.4503632
2018-06-12 00:00:00,139.8600006,139.5599976,140.4199982,139.2400055,1354200.0,136.1512756
2018-06-13 00:00:00,138.3500061,140.0,140.4799957,137.7599945,1662700.0,134.6813507
2018-06-14 00:00:00,138.75,138.6999969,139.3899994,138.1499939,1216100.0,135.0707092
2018-06-15 00:00:00,138.8300018,139.0,139.1900024,137.2200012,2321200.0,135.1485901
2018-06-18 00:00:00,138.6699982,137.8200073,138.8600006,137.5,826500.0,134.9928589
2018-06-19 00:00:00,136.5800018,137.1399994,137.5200043,135.5,1364100.0,132.9582825
2018-06-20 00:00:00,135.9900055,136.75,138.2200012,135.8300018,1794900.0,132.3838959
2018-06-21 00:00:00,133.7299957,135.7899933,135.9900055,133.4199982,1684000.0,130.1838226
2018-06-22 00:00:00,132.6100006,133.9499969,134.3099976,132.4799957,1813800.0,129.0935364
2018-06-25 00:00:00,129.1000061,131.4700012,131.9900055,128.6600037,2432100.0,125.6766129
2018-06-26 00:00:00,129.4299927,129.4499969,130.1399994,128.9600067,1748800.0,125.9978485
2018-06-27 00:00:00,126.9400024,129.5599976,130.7700043,126.6999969,2284800.0,123.5738831
2018-06-28 00:00:00,125.2600021,127.0400009,127.2900009,124.2200012,2073600.0,121.9384384
2018-06-29 00:00:00,126.5999985,125.3799973,127.5500031,125.25,2022600.0,123.242897
2018-07-02 00:00:00,126.4899979,125.5699997,126.9199982,125.0,1681300.0,123.1358109
2018-07-03 00:00:00,124.5199966,127.0599976,127.5400009,124.3399963,1345800.0,121.2180634
2018-07-05 00:00:00,126.4899979,125.0599976,126.7099991,125.0599976,1982600.0,123.1358109
2018-07-06 00:00:00,127.6600037,126.7099991,127.9599991,125.8399963,1435500.0,124.2748032
2018-07-09 00:00:00,130.1600037,129.0800018,130.2599945,127.9100037,2635100.0,126.7085114
2018-07-10 00:00:00,130.7299957,130.0899963,131.4299927,130.0899963,2269300.0,127.2633896
2018-07-11 00:00:00,129.8500061,130.0700073,130.6300049,129.2599945,1831300.0,126.406723
2018-07-12 00:00:00,130.7700043,130.6799927,131.0899963,129.3699951,1335000.0,127.3023453
2018-07-13 00:00:00,131.0099945,130.5399933,131.1600037,130.4100037,843600.0,127.535965
2018-07-16 00:00:00,130.7899933,131.2400055,131.4400024,130.2599945,1444100.0,127.3217697
2018-07-17 00:00:00,130.4499969,130.1300049,130.9400024,129.8999939,1224000.0,126.9908066
2018-07-18 00:00:00,133.1300049,130.3600006,133.6799927,130.1600037,2127600.0,129.599762
2018-07-19 00:00:00,133.1999969,131.0200043,133.4700012,131.0200043,1964400.0,129.6678925
2018-07-20 00:00:00,133.0500031,132.9100037,134.1199951,132.0700073,1529500.0,129.5218658
2018-07-23 00:00:00,132.0299988,133.0500031,133.0500031,131.8699951,1497800.0,128.5289307
2018-07-24 00:00:00,130.0200043,132.0099945,132.3099976,128.7700043,3871100.0,126.5722351
2018-07-25 00:00:00,131.5,129.0,131.7299957,127.2099991,2718500.0,128.01297
2018-07-26 00:00:00,130.9700012,132.1699982,133.6600037,130.7700043,1960200.0,127.4970245
2018-07-27 00:00:00,128.5500031,131.1300049,131.8699951,128.3399963,2028400.0,125.1412048
2018-07-30 00:00:00,125.9100037,128.2899933,128.4700012,125.6900024,2040100.0,122.5711975
2018-07-31 00:00:00,127.8399963,126.2099991,128.0599976,125.6999969,1614300.0,124.4500198
2018-08-01 00:00:00,127.8700027,127.7799988,129.1799927,126.9700012,2321700.0,124.4792252
2018-08-02 00:00:00,129.1300049,126.7200012,129.3200073,125.9199982,1513100.0,125.7058258
2018-08-03 00:00:00,128.1900024,129.1100006,129.2799988,127.5800018,1326500.0,124.7907562
2018-08-06 00:00:00,129.2799988,128.5099945,129.5099945,127.4000015,2014700.0,125.8518372
2018-08-07 00:00:00,124.4300003,125.3099976,126.8300018,123.9599991,3859000.0,121.1304398
2018-08-08 00:00:00,121.6299973,124.6100006,125.6699982,121.5,2864500.0,118.4046936
2018-08-09 00:00:00,120.7900009,122.0299988,122.9000015,120.6100006,3202700.0,117.5869598
2018-08-10 00:00:00,120.1600037,120.5699997,121.6399994,119.7699966,2314200.0,116.9736862
2018-08-13 00:00:00,120.4599991,120.6500015,121.4499969,119.9000015,1713000.0,117.2657242
2018-08-14 00:00:00,121.6100006,121.5100021,122.0,120.8399963,2162500.0,118.385231
2018-08-15 00:00:00,120.4300003,120.5599976,121.0199966,119.3199997,2115700.0,117.2365265
2018-08-16 00:00:00,122.1500015,121.1800003,122.8300018,121.1100006,2475600.0,118.9109039
2018-08-17 00:00:00,123.8499985,122.0999985,123.8799973,121.4199982,2652800.0,120.5658188
2018-08-20 00:00:00,124.4000015,123.8399963,124.5199966,123.6299973,2439600.0,121.1012421
2018-08-21 00:00:00,125.1600037,124.4300003,125.6399994,124.3700027,2488400.0,121.841095
2018-08-22 00:00:00,123.7099991,124.3399963,124.7099991,123.5500031,1582600.0,120.8253479
2018-08-23 00:00:00,122.1800003,123.6500015,123.8300018,122.0199966,1667200.0,119.3310242
2018-08-24 00:00:00,123.1100006,122.5800018,123.5899963,122.3000031,1408300.0,120.2393341
2018-08-27 00:00:00,124.2900009,123.6800003,124.6999969,123.5800018,1269900.0,121.3918076
2018-08-28 00:00:00,124.6800003,124.5800018,125.2699966,123.5699997,1698200.0,121.7727203
2018-08-29 00:00:00,126.9499969,124.3099976,127.7600021,124.1600037,3105300.0,123.9897995
2018-08-30 00:00:00,126.2099991,126.8600006,127.0500031,125.7399979,1814900.0,123.2670441
2018-08-31 00:00:00,126.4700012,126.3399963,127.2699966,126.2099991,2249700.0,123.5209885
2018-09-04 00:00:00,126.5500031,126.1100006,126.7200012,125.0599976,2069200.0,123.5991211
2018-09-05 00:00:00,125.0100021,125.6999969,126.1900024,124.8600006,3074400.0,122.0950317
2018-09-06 00:00:00,124.9800034,125.1200027,125.6500015,123.5599976,2464700.0,122.0657272
2018-09-07 00:00:00,126.6100006,125.0100021,126.6999969,124.3799973,2916800.0,123.6577301
2018-09-10 00:00:00,127.6800003,127.0800018,128.0399933,126.6999969,4017400.0,124.702774
2018-09-11 00:00:00,127.3499985,126.9000015,128.2100067,126.6699982,2683300.0,124.3804626
2018-09-12 00:00:00,127.5699997,127.1800003,127.7099991,126.5,1456600.0,124.5953369
2018-09-13 00:00:00,129.5399933,128.0500031,129.8600006,128.0099945,1928300.0,126.5193787
2018-09-14 00:00:00,130.4299927,129.8200073,130.8600006,129.4199982,1693800.0,127.3886261
2018-09-17 00:00:00,129.7700043,130.2899933,130.5099945,129.3600006,1935400.0,126.7440414
2018-09-18 00:00:00,129.8099976,129.8500061,130.2700043,129.25,1755900.0,126.7831039
2018-09-19 00:00:00,131.2299957,130.3000031,131.5899963,129.7799988,1625400.0,128.1699982
2018-09-20 00:00:00,132.1799927,131.7200012,132.25,130.2400055,1811400.0,129.0978394
2018-09-21 00:00:00,130.8999939,132.6600037,133.3600006,130.4100037,5530900.0,127.8476715
2018-09-24 00:00:00,130.2400055,130.3800049,130.7599945,128.3899994,1566800.0,127.203064
2018-09-25 00:00:00,129.2700043,130.7100067,130.7400055,129.1499939,1362800.0,126.2556915
2018-09-26 00:00:00,130.9799957,129.5200043,132.0399933,129.3399963,2358600.0,127.9258347
2018-09-27 00:00:00,133.4199982,130.4799957,133.5,130.3399963,1935000.0,130.3089142
2018-09-28 00:00:00,132.0299988,132.8000031,133.1300049,131.8699951,2439000.0,128.951355
2018-10-01 00:00:00,128.3500061,132.6699982,132.8600006,128.3000031,2299500.0,125.3571548
2018-10-02 00:00:00,125.9700012,128.1600037,128.4900055,125.9499969,2168900.0,123.0326462
2018-10-03 00:00:00,124.5899963,126.3000031,126.8899994,124.3399963,2451700.0,121.6848145
2018-10-04 00:00:00,122.1999969,124.2900009,124.5599976,121.0800018,2714300.0,119.3505402
2018-10-05 00:00:00,121.4499969,122.9199982,123.5199966,120.2900009,2303000.0,118.6180267
2018-10-08 00:00:00,120.5699997,121.4499969,121.6900024,119.5,1676800.0,117.7585526
2018-10-09 00:00:00,119.7699966,120.4800034,121.2600021,119.6800003,1718200.0,116.9772034
2018-10-10 00:00:00,116.4800034,119.2699966,119.6600037,116.4100037,2233200.0,113.7639313
2018-10-11 00:00:00,114.6299973,116.3399963,117.4199982,114.0500031,2606800.0,111.9570694
2018-10-12 00:00:00,117.4899979,117.2099991,117.8899994,115.7399979,2303400.0,114.7503815
2018-10-15 00:00:00,115.5100021,117.0500031,117.4000015,115.4700012,1509700.0,112.8165436
2018-10-16 00:00:00,117.9499969,116.2300034,118.3300018,115.9599991,1560600.0,115.1996384
2018-10-17 00:00:00,117.9599991,118.1699982,118.7300034,116.3700027,1067700.0,115.2094193
2018-10-18 00:00:00,115.2900009,117.4899979,117.9300003,115.1200027,2185100.0,112.6016769
2018-10-19 00:00:00,112.0400009,114.7099991,115.2900009,112.0100021,2664200.0,109.4274597
2018-10-22 00:00:00,111.4899979,112.5500031,113.1200027,111.2799988,1559600.0,108.8902817
2018-10-23 00:00:00,112.3499985,111.0,112.4000015,107.9000015,4007800.0,109.7302475
2018-10-24 00:00:00,107.1299973,112.0299988,113.7799988,106.9599991,5159500.0,104.6319504
2018-10-25 00:00:00,111.5400009,108.1600037,112.3799973,108.1600037,3274400.0,108.9391251
2018-10-26 00:00:00,112.7300034,108.6299973,114.1800003,108.4400024,3121000.0,110.1013718
2018-10-29 00:00:00,112.7799988,113.9199982,114.5299988,111.1999969,2868600.0,110.1501999
2018-10-30 00:00:00,115.2699966,112.8499985,115.3700027,112.4499969,2419800.0,112.5821457
2018-10-31 00:00:00,116.8899994,116.3300018,118.7200012,116.2099991,2437900.0,114.1643753
2018-11-01 00:00:00,121.0899963,118.4899979,121.2300034,116.0199966,2471200.0,118.2664337
2018-11-02 00:00:00,120.9300003,122.2399979,122.9700012,119.9400024,2814100.0,118.1101608
2018-11-05 00:00:00,120.6800003,121.3000031,121.5299988,119.7099991,2425000.0,117.8659973
2018-11-06 00:00:00,114.5500031,115.0,117.4000015,112.1100006,6924600.0,111.8789444
2018-11-07 00:00:00,116.1399994,114.8199997,117.1500015,114.6399994,2503100.0,113.4318542
2018-11-08 00:00:00,116.9100037,115.6100006,117.2099991,115.2600021,1810500.0,114.1838989
2018-11-09 00:00:00,117.0400009,116.6500015,117.6200027,116.1800003,1687500.0,114.3108749
2018-11-12 00:00:00,115.0699997,116.5599976,117.3099976,114.7300034,1997200.0,112.3868027
2018-11-13 00:00:00,116.5500031,115.7200012,117.9199982,115.6999969,2381800.0,113.8323059
2018-11-14 00:00:00,116.3000031,117.3499985,118.0,115.5999985,1383000.0,113.5881271
2018-11-15 00:00:00,118.3099976,115.2399979,118.6200027,115.0299988,1596200.0,115.5512543
2018-11-16 00:00:00,118.6500015,117.2200012,119.3199997,117.0400009,1369300.0,115.8833313
2018-11-19 00:00:00,116.5,118.4499969,118.8600006,115.3899994,1696700.0,113.7834702
2018-11-20 00:00:00,115.5599976,114.2600021,116.2900009,113.1399994,2237700.0,113.2639923
2018-11-21 00:00:00,117.1699982,116.0999985,118.7399979,116.0899963,1317500.0,114.8419952
2018-11-23 00:00:00,117.2600021,116.5100021,118.0,115.8000031,445200.0,114.9302216
2018-11-26 00:00:00,119.9000015,118.9899979,120.5100021,118.2799988,1284600.0,117.5177689
2018-11-27 00:00:00,119.9700012,120.0,120.4000015,119.0699997,1539400.0,117.58638
2018-11-28 00:00:00,122.1900024,119.9899979,122.2699966,118.5199966,1497700.0,119.7622528
2018-11-29 00:00:00,121.8399963,121.3700027,122.8300018,120.5500031,1180700.0,119.4192123
2018-11-30 00:00:00,115.0299988,113.5999985,116.7200012,113.3799973,9553400.0,112.7445068
2018-12-03 00:00:00,119.5299988,116.0,120.0899963,115.6900024,3621000.0,117.1551132
2018-12-04 00:00:00,113.5,119.0,119.2300034,112.9199982,3097500.0,111.2449112
2018-12-06 00:00:00,115.3199997,111.6800003,115.5,111.1100006,2921400.0,113.0287552
2018-12-07 00:00:00,111.25,114.8499985,116.25,110.6900024,2637000.0,109.0396271
2018-12-10 00:00:00,110.8099976,111.4400024,112.3499985,109.1999969,1787200.0,108.6083603
2018-12-11 00:00:00,110.0299988,112.3300018,112.9400024,109.7900009,2613800.0,107.8438721
2018-12-12 00:00:00,110.0699997,110.1900024,111.9000015,109.9700012,2615800.0,107.8830719
2018-12-13 00:00:00,108.8499985,110.5699997,110.9800034,108.2399979,2066600.0,106.6873016
2018-12-14 00:00:00,107.6600037,108.0,109.9800034,107.3700027,2241600.0,105.5209503
2018-12-17 00:00:00,107.6600037,107.9199982,109.3399963,106.5800018,2353400.0,105.5209503
2018-12-18 00:00:00,108.2399979,108.7099991,109.3899994,107.5199966,1882400.0,106.0894241
2018-12-19 00:00:00,106.3899994,108.7600021,109.75,105.7600021,2234000.0,104.2761765
2018-12-20 00:00:00,104.1900024,106.2399979,106.2399979,102.9599991,4183600.0,102.1198959
2018-12-21 00:00:00,102.8799973,104.3899994,106.5299988,102.3000031,4319200.0,100.8359222
2018-12-24 00:00:00,100.9899979,102.5199966,102.9899979,100.6200027,1450100.0,98.9834747
2018-12-26 00:00:00,105.5800018,101.6999969,105.6800003,101.4199982,2505400.0,103.4822769
2018-12-27 00:00:00,106.6299973,104.2699966,106.6600037,102.8000031,1630200.0,104.5114059
2018-12-28 00:00:00,107.2399979,107.1900024,108.5199966,106.4000015,1282000.0,105.1092911
2018-12-31 00:00:00,108.5599976,107.6100006,108.5599976,107.3899994,1771200.0,106.4030685
2019-01-02 00:00:00,107.4599991,106.7200012,108.5899963,105.2900009,1802100.0,105.3249283
2019-01-03 00:00:00,101.7399979,106.3499985,107.0,101.5699997,3344300.0,99.7185669
2019-01-04 00:00:00,107.8099976,103.1399994,107.9199982,103.1399994,3045300.0,105.667984
2019-01-07 00:00:00,108.0100021,107.4100037,108.8799973,105.9499969,1529000.0,105.8639984
2019-01-08 00:00:00,109.7600021,108.8600006,110.0699997,107.8199997,1631100.0,107.5792236
2019-01-09 00:00:00,109.1999969,109.9300003,110.5299988,108.5899963,2750100.0,107.0303497
2019-01-10 00:00:00,110.0500031,108.3199997,111.1699982,108.0,1682900.0,107.8634567
2019-01-11 00:00:00,109.4199982,109.2699966,109.4499969,107.3300018,1819700.0,107.2459869
2019-01-14 00:00:00,108.1299973,108.6299973,109.0999985,107.8300018,1411400.0,105.9816132
2019-01-15 00:00:00,110.1800003,108.2799988,110.2399979,107.5400009,1788100.0,107.9908829
2019-01-16 00:00:00,109.2799988,109.8700027,111.3700027,109.0899963,2817100.0,107.1087646
2019-01-17 00:00:00,108.4700012,108.8000031,109.8899994,108.1800003,2143900.0,106.3148499
2019-01-18 00:00:00,109.0500031,109.8000031,109.8000031,108.2600021,2361200.0,106.8833466
2019-01-22 00:00:00,107.2600021,108.7099991,108.8499985,106.0199966,2799300.0,105.1288986
2019-01-23 00:00:00,108.0899963,107.4499969,108.3700027,106.5800018,1660300.0,105.9423981
2019-01-24 00:00:00,108.2399979,108.0599976,108.9499969,107.4000015,769200.0,106.0894241
2019-01-25 00:00:00,109.8499985,109.1800003,109.9300003,107.8099976,1587700.0,107.6674347
2019-01-28 00:00:00,110.5299988,109.1100006,110.8399963,108.7399979,1355500.0,108.333931
2019-01-29 00:00:00,111.1200027,110.4700012,111.3399963,109.9800034,1186700.0,108.9122086
2019-01-30 00:00:00,113.6399994,111.75,113.7799988,111.0199966,2514400.0,111.3821411
2019-01-31 00:00:00,114.5299988,113.5999985,115.0299988,112.6800003,2281100.0,112.2544556
2019-02-01 00:00:00,114.5699997,114.7900009,115.1999969,114.0100021,1540800.0,112.293663
2019-02-04 00:00:00,115.6500015,114.6800003,115.6900024,114.4300003,1070200.0,113.3522034
2019-02-05 00:00:00,116.9100037,115.9700012,117.0,115.7699966,1448900.0,114.5871811
2019-02-06 00:00:00,117.2699966,116.7699966,117.75,116.6699982,1555800.0,114.9400101
2019-02-07 00:00:00,115.5199966,116.4199982,116.8300018,114.7600021,1360000.0,113.2247772
2019-02-08 00:00:00,115.4800034,114.5800018,115.5100021,114.5800018,1381300.0,113.1855927
2019-02-11 00:00:00,115.6500015,115.8600006,116.6900024,115.4599991,1022200.0,113.3522034
2019-02-12 00:00:00,114.7399979,116.4100037,116.7699966,114.4899979,2374500.0,112.4602737
2019-02-13 00:00:00,118.8600006,116.0,119.6100006,115.9300003,2296100.0,116.4984207
2019-02-14 00:00:00,118.6200027,118.1399994,118.8099976,116.6399994,1785400.0,116.2631989
2019-02-15 00:00:00,121.0500031,119.8000031,121.5999985,118.8099976,2012900.0,118.6449203
2019-02-19 00:00:00,122.0299988,120.2900009,122.4000015,120.1500015,2625600.0,119.6054382
2019-02-20 00:00:00,126.9700012,122.5400009,127.2699966,121.9499969,3337600.0,124.4472885
2019-02-21 00:00:00,127.3700027,127.0400009,128.25,125.4499969,2893000.0,124.8393478
2019-02-22 00:00:00,128.8399963,127.9300003,129.7200012,127.5699997,2085700.0,126.2801361
2019-02-25 00:00:00,128.4799957,129.6900024,130.1600037,128.4199982,2325100.0,125.9272919
2019-02-26 00:00:00,128.5700073,128.1900024,129.8999939,128.1699982,1979200.0,126.0154953
2019-02-27 00:00:00,126.9300003,127.6500015,128.6399994,126.6399994,2168600.0,124.4080811
2019-02-28 00:00:00,125.2699966,126.7600021,127.0,125.0100021,3312900.0,123.1789474
2019-03-01 00:00:00,124.4499969,125.4899979,126.5500031,122.2300034,4407900.0,122.3726273
2019-03-04 00:00:00,123.9400024,126.4899979,126.4899979,122.3399963,2095100.0,121.8711548
2019-03-05 00:00:00,125.2200012,124.0,125.5699997,124.0,1797400.0,123.1297913
2019-03-06 00:00:00,125.1200027,125.1800003,125.8399963,124.8199997,1644400.0,123.0314636
2019-03-07 00:00:00,122.2200012,125.1299973,125.1600037,122.0699997,2043300.0,120.1798706
2019-03-08 00:00:00,120.6999969,121.1900024,121.5400009,119.9899979,2261300.0,118.6852341
2019-03-11 00:00:00,120.25,120.8600006,121.1699982,120.1100006,2193300.0,118.2427521
2019-03-12 00:00:00,120.6900024,120.5,121.5899963,119.0999985,2185300.0,118.6753998
2019-03-13 00:00:00,120.1900024,121.1399994,122.6600037,120.0100021,3071900.0,118.183754
2019-03-14 00:00:00,119.6200027,120.0,120.5299988,118.9899979,2363600.0,117.6232681
2019-03-15 00:00:00,122.3199997,120.0199966,124.8300018,119.8899994,3601300.0,120.2782059
2019-03-18 00:00:00,124.9599991,124.9899979,125.9700012,123.8300018,2436700.0,122.8741302
2019-03-19 00:00:00,125.75,124.9700012,126.7200012,124.6600037,2352400.0,123.6509399
2019-03-20 00:00:00,123.6699982,125.3899994,125.7300034,123.5400009,1927600.0,121.6056519
2019-03-21 00:00:00,125.0599976,123.3700027,125.1800003,122.9800034,1710600.0,122.9724579
2019-03-22 00:00:00,124.5,124.3700027,124.9100037,123.4199982,3400700.0,122.4218063
2019-03-25 00:00:00,123.6600037,124.0100021,124.4499969,123.1299973,1493700.0,121.5958328
2019-03-26 00:00:00,123.5599976,122.8899994,124.5999985,122.7300034,1722600.0,121.4974976
2019-03-27 00:00:00,122.1699982,123.7200012,123.7200012,121.3300018,1924900.0,120.1307068
2019-03-28 00:00:00,124.0800018,122.2799988,124.3600006,122.2799988,1496300.0,122.0088196
2019-03-29 00:00:00,125.0899963,124.0100021,125.4599991,123.8700027,2175100.0,123.0019531
2019-04-01 00:00:00,127.4499969,126.2399979,127.5899963,125.8499985,1383400.0,125.3225632
2019-04-02 00:00:00,128.5,127.2300034,128.6000061,126.5100021,1783100.0,126.3550262
2019-04-03 00:00:00,131.5899963,129.4499969,131.8500061,128.7200012,2218400.0,129.3934631
2019-04-04 00:00:00,132.1999969,131.5500031,132.5,131.1300049,2269000.0,129.9932556
2019-04-05 00:00:00,134.0599976,132.5700073,134.8099976,132.3200073,2210300.0,131.8222351
2019-04-08 00:00:00,134.9100037,133.8800049,134.9600067,133.4700012,1866700.0,132.6580505
2019-04-09 00:00:00,132.6499939,134.1300049,134.9499969,132.2700043,1689000.0,130.4357452
2019-04-10 00:00:00,132.75,132.9900055,133.1799927,132.3000031,1476700.0,130.5340881
2019-04-11 00:00:00,133.25,133.4199982,133.8200073,132.7200012,1245200.0,131.0257416
2019-04-12 00:00:00,134.6499939,133.4900055,134.7400055,133.2599945,1163900.0,132.4023895
2019-04-15 00:00:00,134.3699951,134.5,134.9700012,133.1000061,657400.0,132.1270447
2019-04-16 00:00:00,135.8000031,134.3999939,135.9100037,134.3699951,979900.0,133.5331879
2019-04-17 00:00:00,135.9299927,136.2700043,136.9400024,135.6499939,1111300.0,133.6610107
2019-04-18 00:00:00,134.4100037,136.7400055,136.7400055,133.4900055,1378300.0,132.1663818
2019-04-22 00:00:00,135.8600006,133.6499939,136.1600037,133.3300018,1182300.0,133.5921783
2019-04-23 00:00:00,136.2799988,136.2799988,136.7899933,135.4400024,1036900.0,134.0051575
2019-04-24 00:00:00,135.4799957,134.6600037,136.0399933,134.6600037,1232500.0,133.2185211
2019-04-25 00:00:00,135.6799927,134.9199982,136.1999969,134.1100006,926100.0,133.4151764
2019-04-26 00:00:00,136.4499969,136.25,137.0299988,135.5700073,837500.0,134.1723328
2019-04-29 00:00:00,135.9700012,136.4499969,137.1000061,135.8200073,1144500.0,133.7003479
2019-04-30 00:00:00,136.4199982,136.3500061,136.8300018,135.2799988,1259700.0,134.1428375
2019-05-01 00:00:00,138.8600006,137.8000031,140.3699951,137.5599976,1632100.0,136.542099
2019-05-02 00:00:00,136.8899994,138.5500031,139.0599976,135.7200012,1155500.0,134.6049957
2019-05-03 00:00:00,140.1399994,137.7899933,140.2799988,137.2799988,1076700.0,137.8007355
2019-05-06 00:00:00,137.75,137.4600067,138.1699982,136.5800018,1415300.0,135.4506226
2019-05-07 00:00:00,135.1499939,136.1600037,137.1000061,134.0700073,1547000.0,132.8940125
2019-05-08 00:00:00,134.7700043,134.4199982,135.3800049,133.6000061,1244700.0,132.520401
2019-05-09 00:00:00,135.4700012,133.9299927,136.1699982,132.7899933,1913700.0,133.2086945
2019-05-10 00:00:00,131.7100067,130.8800049,132.1100006,127.6999969,4463200.0,129.5114594
2019-05-13 00:00:00,126.0100021,129.4700012,129.7799988,125.7200012,2392100.0,123.9066086
2019-05-14 00:00:00,129.8699951,126.6800003,130.9700012,126.3099976,2273400.0,127.7021637
2019-05-15 00:00:00,131.8300018,128.7899933,132.3300018,127.2699966,1907900.0,129.6294556
2019-05-16 00:00:00,132.5099945,132.0700073,133.2899933,130.9600067,1818400.0,130.298111
2019-05-17 00:00:00,130.9100037,132.1499939,133.1699982,130.8699951,1653500.0,128.7248077
2019-05-20 00:00:00,127.8600006,128.75,129.5899963,127.4899979,1591800.0,125.7257156
2019-05-21 00:00:00,129.4299927,128.7100067,129.6499939,128.0700073,1780100.0,127.2695007
2019-05-22 00:00:00,127.7699966,128.8300018,129.1999969,127.6299973,1620100.0,125.6372147
2019-05-23 00:00:00,123.9100037,125.9800034,126.0999985,123.5299988,2227100.0,122.3011169
2019-05-24 00:00:00,125.0,124.6299973,125.7399979,124.3799973,1357100.0,123.3769531
2019-05-28 00:00:00,123.6999969,125.1500015,125.5,123.6299973,3209100.0,122.0938416
2019-05-29 00:00:00,124.4199982,123.2900009,124.6299973,122.5199966,1321900.0,122.8044891
2019-05-30 00:00:00,124.6500015,124.7099991,125.5999985,123.8199997,1116200.0,123.0315094
2019-05-31 00:00:00,124.8399963,123.4499969,125.5699997,122.4599991,2000000.0,123.2190247
2019-06-03 00:00:00,124.3600006,124.7600021,125.2699966,123.4599991,2263500.0,122.7452698
2019-06-04 00:00:00,128.1799927,126.3000031,128.2400055,125.5100021,1796000.0,126.5156631
2019-06-05 00:00:00,127.5500031,128.5500031,128.6300049,126.4400024,1422600.0,125.8938522
2019-06-06 00:00:00,128.6000061,127.6200027,129.0099945,126.9599991,1355300.0,126.9302063
2019-06-07 00:00:00,132.5200043,129.5,133.0299988,129.0,1458500.0,130.7993011
2019-06-10 00:00:00,132.75,133.1300049,134.7599945,132.4700012,1315500.0,131.0263214
2019-06-11 00:00:00,134.5200043,134.1399994,135.4700012,133.2100067,1387500.0,132.7733612
2019-06-12 00:00:00,132.6999969,134.8699951,135.4199982,132.6799927,1184300.0,130.9769745
2019-06-13 00:00:00,133.6199951,133.2599945,134.3300018,132.0299988,1115900.0,131.8850403
2019-06-14 00:00:00,133.6799927,133.6300049,134.0299988,132.1699982,872500.0,131.9442444
2019-06-17 00:00:00,132.8500061,134.0399933,134.1100006,132.5800018,1263600.0,131.1250305
2019-06-18 00:00:00,134.9600067,135.0,136.3000031,133.8500061,1531600.0,133.2076416
2019-06-19 00:00:00,135.6799927,135.0,135.8399963,134.0899963,1222300.0,133.9182739
2019-06-20 00:00:00,137.1900024,136.8999939,138.4199982,136.4600067,1582700.0,135.4086761
2019-06-21 00:00:00,137.0700073,136.5399933,138.0500031,136.0399933,2353500.0,135.2902527
2019-06-24 00:00:00,136.7599945,137.3999939,137.9799957,136.3899994,1095200.0,134.9842529
2019-06-25 00:00:00,133.2799988,136.7100067,136.7299957,132.7400055,1729600.0,131.5494537
2019-06-26 00:00:00,135.6499939,134.1499939,136.2599945,133.6999969,1546300.0,133.8886719
2019-06-27 00:00:00,138.2899933,135.9199982,138.8300018,135.9100037,1865200.0,136.4943848
2019-06-28 00:00:00,140.2899933,138.4499969,140.4600067,138.1499939,3030300.0,138.4684143
2019-07-01 00:00:00,141.2299957,142.4100037,142.8999939,140.7799988,1824200.0,139.3962097
2019-07-02 00:00:00,141.2599945,140.8099976,141.2700043,139.25,986400.0,139.425827
2019-07-03 00:00:00,141.75,141.7899933,142.0899963,141.0899963,650500.0,139.9094849
2019-07-05 00:00:00,142.0099945,140.8899994,142.1799927,139.6300049,1274100.0,140.1661072
2019-07-08 00:00:00,141.3000031,141.7400055,141.7400055,140.0200043,1166400.0,139.4653015
2019-07-09 00:00:00,139.5200043,138.6300049,139.6100006,137.8500061,1808000.0,137.7084198
2019-07-10 00:00:00,141.5700073,139.4299927,141.6199951,139.0,1956800.0,139.7318268
2019-07-11 00:00:00,141.8999939,142.25,142.25,140.6999969,1290500.0,140.0575104
2019-07-12 00:00:00,142.5500031,142.2299957,142.75,141.6399994,1057900.0,140.6990814
2019-07-15 00:00:00,142.7799988,142.0800018,142.8800049,140.8800049,1656100.0,140.9260864
2019-07-16 00:00:00,143.9600067,142.9900055,144.2400055,142.6000061,1023500.0,142.0907745
2019-07-17 00:00:00,141.2400055,143.9400024,143.9400024,141.1499939,1229400.0,139.4060974
2019-07-18 00:00:00,139.8000031,140.6799927,140.8500061,138.6799927,1597400.0,137.9848022
2019-07-19 00:00:00,137.7299957,140.2299957,140.2299957,137.6300049,1549800.0,135.9416656
2019-07-22 00:00:00,136.0599976,137.5,137.7899933,135.3899994,1998100.0,134.2933655
2019-07-23 00:00:00,140.6900024,137.3200073,140.8800049,136.1100006,2288100.0,138.8632507
2019-07-24 00:00:00,139.7899933,140.0800018,140.5299988,137.75,1730000.0,137.9749146
2019-07-25 00:00:00,140.7200012,139.6600037,141.7400055,139.3099976,1395500.0,138.8928375
2019-07-26 00:00:00,140.2700043,141.2899933,141.3399963,139.9199982,1235200.0,138.4487
2019-07-29 00:00:00,141.2299957,139.9400024,141.5899963,139.4600067,1113900.0,139.3962097
2019-07-30 00:00:00,140.8099976,140.3300018,141.4600067,139.8800049,947500.0,138.9816742
2019-07-31 00:00:00,139.0599976,140.9799957,141.2299957,137.8000031,1551600.0,137.2543945
2019-08-01 00:00:00,136.8699951,138.9900055,140.4900055,136.5,1268700.0,135.0928192
2019-08-02 00:00:00,135.9799957,136.7599945,137.2400055,135.4499969,1098700.0,134.214386
2019-08-05 00:00:00,130.3399963,134.0899963,134.5299988,129.8600006,3161900.0,128.6476288
2019-08-06 00:00:00,128.4900055,126.5800018,132.4499969,126.3000031,3932500.0,126.8216476
2019-08-07 00:00:00,127.8199997,126.2699966,128.9100037,124.7699966,2447900.0,126.1603394
2019-08-08 00:00:00,130.3399963,129.1100006,131.0599976,128.2200012,1651000.0,128.6476288
2019-08-09 00:00:00,132.4600067,131.3399963,132.9799957,129.7299957,2304400.0,130.740097
2019-08-12 00:00:00,130.0099945,131.1999969,131.75,129.8399963,2305300.0,128.3218994
2019-08-13 00:00:00,132.4100037,130.1900024,133.2299957,130.0099945,1610200.0,130.6907501
2019-08-14 00:00:00,126.8499985,130.3600006,131.9299927,126.2300034,2103300.0,125.2029419
2019-08-15 00:00:00,126.6999969,128.8899994,129.2799988,126.0199966,1945200.0,125.0548859
2019-08-16 00:00:00,128.8200073,127.9400024,129.2599945,127.3300018,1269600.0,127.1473694
2019-08-19 00:00:00,130.5700073,130.8899994,131.2400055,129.9600067,1289300.0,128.874649
2019-08-20 00:00:00,130.6799927,130.0299988,131.6000061,129.7299957,979800.0,128.9832001
2019-08-21 00:00:00,128.3500061,131.5800018,131.6499939,128.0,1646600.0,127.1505051
2019-08-22 00:00:00,128.1199951,128.8300018,129.4299927,126.9700012,963900.0,126.9226379
2019-08-23 00:00:00,125.0999985,127.2600021,127.9199982,124.6699982,1736100.0,123.9308701
2019-08-26 00:00:00,126.2300034,126.4300003,126.8600006,125.3700027,1263400.0,125.0503159
2019-08-27 00:00:00,125.3499985,127.0199966,127.1999969,125.2600021,1214800.0,124.1785278
2019-08-28 00:00:00,125.3399963,125.1699982,125.9400024,124.6600037,1892200.0,124.1686172
2019-08-29 00:00:00,125.7300034,127.1999969,127.4599991,125.3799973,1701900.0,124.5549774
2019-08-30 00:00:00,126.0599976,126.3000031,127.6100006,125.7900009,1871600.0,124.881897
2019-09-03 00:00:00,124.2699966,124.9400024,124.9400024,123.6299973,1895000.0,123.1086273
2019-09-04 00:00:00,125.6900024,125.6100006,126.0299988,124.9199982,2471500.0,124.515358
2019-09-05 00:00:00,128.4600067,126.8899994,128.8699951,125.9199982,2941800.0,127.2594757
2019-09-06 00:00:00,129.4299927,128.5,129.7799988,128.0500031,1120200.0,128.2203827
2019-09-09 00:00:00,129.9100037,129.7899933,129.9499969,128.3600006,1291100.0,128.6959229
2019-09-10 00:00:00,131.6900024,130.0,131.7100067,128.6699982,1259000.0,130.4592896
2019-09-11 00:00:00,133.0899963,131.3899994,133.5899963,130.8300018,1613900.0,131.8461914
2019-09-12 00:00:00,132.5099945,133.5,134.3699951,132.3899994,1080100.0,131.2716064
2019-09-13 00:00:00,133.9900055,132.9799957,135.4600067,132.5599976,1168300.0,132.737793
2019-09-16 00:00:00,130.4799957,132.8000031,132.8000031,130.1799927,1310600.0,129.2605896
2019-09-17 00:00:00,130.5599976,130.6799927,131.4299927,129.7799988,877400.0,129.3398285
2019-09-18 00:00:00,130.1900024,130.1300049,130.4799957,128.7100067,1087200.0,128.9732971
2019-09-19 00:00:00,129.5500031,130.4900055,131.3500061,129.4100037,1088500.0,128.3392944
2019-09-20 00:00:00,126.9700012,129.0700073,129.4600067,126.8600006,3007100.0,125.7833939
2019-09-23 00:00:00,125.8499985,126.25,126.8000031,125.4000015,2961700.0,124.673851
2019-09-24 00:00:00,122.2699966,126.1100006,126.1100006,122.1900024,2735000.0,121.1273117
2019-09-25 00:00:00,123.0299988,122.5,123.3700027,121.2799988,2925900.0,121.8802109
2019-09-26 00:00:00,121.6699982,122.3600006,122.8899994,121.3499985,2709000.0,120.5329208
2019-09-27 00:00:00,120.7699966,122.4800034,123.0,120.0199966,3215500.0,119.6413345
2019-09-30 00:00:00,124.3700027,121.8799973,124.6100006,120.6600037,2770700.0,123.2076874
2019-10-01 00:00:00,123.4000015,125.0500031,126.4100037,123.3099976,1840300.0,122.2467575
2019-10-02 00:00:00,120.3300018,122.3000031,122.3000031,119.5999985,1859100.0,119.2054443
2019-10-03 00:00:00,119.0199966,120.2900009,120.6800003,118.5299988,2329100.0,117.9076843
2019-10-04 00:00:00,120.8600006,119.9599991,121.0199966,119.5999985,1909000.0,119.7304993
2019-10-07 00:00:00,119.1999969,120.0800018,120.7099991,118.8799973,1707000.0,118.0859985
2019-10-08 00:00:00,117.6699982,118.1999969,118.9300003,116.8499985,1717700.0,116.5703049
2019-10-09 00:00:00,118.4899979,118.5899963,119.0599976,117.25,1454300.0,117.382637
2019-10-10 00:00:00,118.1900024,118.5699997,119.8399963,117.6699982,1683300.0,117.0854492
2019-10-11 00:00:00,121.1800003,119.7300034,122.3099976,119.0299988,1828800.0,120.0475006
2019-10-14 00:00:00,120.0999985,120.7900009,121.2099991,119.3700027,1065200.0,118.9775925
2019-10-15 00:00:00,121.1100006,120.3300018,121.7099991,120.2900009,905700.0,119.978157
2019-10-16 00:00:00,121.0899963,121.1800003,121.6999969,120.3399963,1097300.0,119.9583435
2019-10-17 00:00:00,120.5699997,120.8099976,121.7300034,120.3499985,967300.0,119.4431992
2019-10-18 00:00:00,121.0500031,120.4000015,121.4000015,118.9599991,1437500.0,119.9187164
2019-10-21 00:00:00,123.0,122.2600021,123.4000015,121.9100037,1820900.0,121.8504868
2019-10-22 00:00:00,122.0500031,122.6200027,123.0100021,121.8499985,1722600.0,120.9093781
2019-10-23 00:00:00,123.4899979,121.4599991,123.6699982,121.0199966,1446400.0,122.3359146
2019-10-24 00:00:00,124.3000031,123.9300003,124.6500015,122.8600006,1335500.0,123.1383514
2019-10-25 00:00:00,126.1800003,123.7699966,126.7200012,123.7699966,1364600.0,125.0007782
2019-10-28 00:00:00,126.5999985,126.0299988,126.7600021,125.1399994,1017100.0,125.4168472
2019-10-29 00:00:00,126.5299988,126.7699966,127.1699982,125.5400009,1229000.0,125.347496
2019-10-30 00:00:00,126.4400024,126.3700027,126.9599991,124.7099991,931700.0,125.2583542
2019-10-31 00:00:00,126.5500031,125.9599991,126.8399963,124.7300034,1500000.0,125.3673172
2019-11-01 00:00:00,128.0800018,128.2400055,129.1199951,126.9400024,1633400.0,126.8830185
2019-11-04 00:00:00,130.1600037,128.8600006,130.5599976,127.4700012,2225900.0,128.9435883
2019-11-05 00:00:00,133.6900024,128.0099945,134.3200073,127.75,3577800.0,132.4405823
2019-11-06 00:00:00,132.5800018,133.4199982,133.7700043,131.7400055,1678200.0,131.3409729
2019-11-07 00:00:00,133.0599976,132.5500031,134.1399994,132.0399933,1651900.0,131.8164673
2019-11-08 00:00:00,133.1999969,132.8399963,133.3999939,131.9799957,1020300.0,131.9551849
2019-11-11 00:00:00,131.75,132.25,132.4299927,130.8300018,1282700.0,130.5187225
2019-11-12 00:00:00,132.5299988,132.1600037,134.2400055,132.0099945,1365100.0,131.2914429
2019-11-13 00:00:00,133.6499939,132.2299957,133.8500061,131.5200043,1274800.0,132.4009552
2019-11-14 00:00:00,134.5500031,133.4199982,134.7700043,132.9400024,1238200.0,133.2925415
2019-11-15 00:00:00,135.5200043,134.9100037,135.9600067,134.1699982,1371200.0,134.2534943
2019-11-18 00:00:00,135.6799927,135.1699982,136.3099976,135.0299988,1568700.0,134.411972
2019-11-19 00:00:00,135.4700012,136.1199951,136.3300018,135.2299957,992700.0,134.2039642
2019-11-20 00:00:00,132.7100067,133.8600006,134.5800018,131.2599945,1408600.0,131.9372406
2019-11-21 00:00:00,132.9799957,133.1600037,133.5200043,131.3500061,997300.0,132.2056427
2019-11-22 00:00:00,136.25,133.6100006,136.5200043,132.8399963,1304500.0,135.456604
2019-11-25 00:00:00,137.9799957,137.0,138.5099945,136.6000061,1422500.0,137.1765289
2019-11-26 00:00:00,140.0800018,138.1499939,140.3000031,137.3399963,1757600.0,139.2643127
2019-11-27 00:00:00,141.3399963,140.1799927,141.75,140.1000061,1361700.0,140.5169678
2019-11-29 00:00:00,140.3600006,140.7700043,141.75,140.0599976,751600.0,139.5426941
2019-12-02 00:00:00,140.4299927,140.6799927,140.8099976,139.8800049,1402100.0,139.6122589
2019-12-03 00:00:00,138.5599976,138.8999939,139.1399994,137.7599945,1121000.0,137.7531738
2019-12-04 00:00:00,139.2599945,138.4600067,139.8300018,138.3800049,1149800.0,138.4490814
2019-12-05 00:00:00,140.3000031,139.9700012,140.5,139.5099945,991600.0,139.4830322
2019-12-06 00:00:00,142.2899933,141.3099976,142.7200012,141.0,1349100.0,141.4614258
2019-12-09 00:00:00,141.3500061,142.2200012,142.5599976,141.3200073,825100.0,140.5269165
2019-12-10 00:00:00,140.5700073,141.0899963,141.8999939,140.1999969,1166100.0,139.7514801
2019-12-11 00:00:00,142.75,141.2799988,143.25,140.8000031,1428800.0,141.9187622
2019-12-12 00:00:00,145.1000061,142.6399994,145.5899963,142.3300018,1472600.0,144.2550812
2019-12-13 00:00:00,146.1600037,145.0500031,146.4499969,144.3099976,1615400.0,145.3088989
2019-12-16 00:00:00,147.8999939,147.6000061,148.9499969,147.0599976,1303600.0,147.0387726
2019-12-17 00:00:00,148.9100037,147.8600006,149.3099976,147.6900024,1251700.0,148.0429077
2019-12-18 00:00:00,149.5500031,148.9199982,149.7200012,148.3800049,1201600.0,148.6791687
2019-12-19 00:00:00,150.0399933,149.1600037,150.4299927,149.1600037,1889800.0,149.1663055
2019-12-20 00:00:00,150.8000031,151.2799988,151.5500031,148.5200043,2853600.0,149.9218903
2019-12-23 00:00:00,151.2400055,151.0,151.8899994,150.6199951,863600.0,150.3593292
2019-12-24 00:00:00,151.5,151.1699982,152.3600006,150.6600037,668300.0,150.6178131
2019-12-26 00:00:00,153.1300049,151.7599945,153.1600037,151.5500031,691100.0,152.238327
2019-12-27 00:00:00,152.7299957,153.3800049,153.3899994,152.5299988,629800.0,151.8406525
2019-12-30 00:00:00,151.8699951,153.0,153.2400055,151.2400055,820300.0,150.9856567
2019-12-31 00:00:00,151.4299927,151.6900024,152.4499969,150.8099976,1186100.0,150.5482178
2020-01-02 00:00:00,151.4900055,151.5,152.6000061,151.0299988,1905600.0,150.6078644
2020-01-03 00:00:00,149.2700043,149.1900024,150.0200043,148.7400055,2116900.0,148.4008026
2020-01-06 00:00:00,147.3399963,147.8999939,147.9900055,146.2100067,2178200.0,146.4820404
2020-01-07 00:00:00,144.9400024,146.7400055,147.2200012,144.6799927,2073200.0,144.0960236
2020-01-08 00:00:00,146.7299957,145.1300049,147.6199951,144.7200012,1412800.0,145.8755798
2020-01-09 00:00:00,146.4499969,147.4600067,147.5899963,146.1999969,1197900.0,145.597229
2020-01-10 00:00:00,145.3899994,146.1999969,146.5700073,145.0500031,848200.0,144.543396
2020-01-13 00:00:00,146.8000031,145.7599945,146.9799957,145.5399933,987500.0,145.9451904
2020-01-14 00:00:00,147.1499939,146.4100037,147.6300049,146.1100006,944700.0,146.2931366
2020-01-15 00:00:00,147.3000031,146.7700043,148.1499939,146.6499939,799900.0,146.442276
2020-01-16 00:00:00,149.0200043,147.9799957,149.0399933,147.5,804500.0,148.1522675
2020-01-17 00:00:00,150.2599945,149.1900024,150.6300049,148.0700073,1058900.0,149.385025
2020-01-21 00:00:00,144.3699951,148.0800018,148.4400024,143.4199982,2757200.0,143.5293274
2020-01-22 00:00:00,144.1199951,145.0,147.1900024,143.75,1297100.0,143.280777
2020-01-23 00:00:00,144.9600067,142.4299927,145.0599976,141.25,1863100.0,144.1159058
2020-01-24 00:00:00,141.0200043,144.9700012,145.0200043,139.8399963,2073400.0,140.1988525
2020-01-27 00:00:00,138.0,137.7299957,139.6300049,133.3600006,2641200.0,137.1964264
2020-01-28 00:00:00,141.25,138.7100067,141.7899933,138.3200073,1958500.0,140.4275055
2020-01-29 00:00:00,142.6100006,141.5,143.2400055,140.3800049,1290700.0,141.7795868
2020-01-30 00:00:00,143.3099976,140.5399933,143.5399933,138.8300018,1848600.0,142.4754944
2020-01-31 00:00:00,140.0599976,142.1499939,142.25,138.9499969,2070200.0,139.2444305
2020-02-03 00:00:00,141.4799957,141.6999969,144.4600067,140.8699951,1527600.0,140.6561432
2020-02-04 00:00:00,147.3999939,144.4700012,148.2400055,143.6799927,1812900.0,146.541687
2020-02-05 00:00:00,147.7100067,149.7200012,150.1699982,147.3099976,1872300.0,146.8498993
2020-02-06 00:00:00,146.2200012,148.2899933,148.8699951,145.7799988,1065900.0,145.3685608
2020-02-07 00:00:00,144.0700073,144.9100037,145.3999939,142.7799988,1717600.0,143.2310791
2020-02-10 00:00:00,145.7299957,143.0099945,145.8500061,142.4499969,1169800.0,144.8814087
2020-02-11 00:00:00,147.1900024,145.8699951,148.9499969,145.2200012,1461300.0,146.3329163
2020-02-12 00:00:00,150.7799988,148.0399933,150.9700012,148.0399933,1583400.0,149.9020081
2020-02-13 00:00:00,146.7200012,149.4499969,149.5299988,146.6600037,1933900.0,145.8656464
2020-02-14 00:00:00,144.8999939,146.9799957,147.3600006,143.8999939,2441200.0,144.0562286
2020-02-18 00:00:00,144.9400024,144.2299957,145.8600006,144.2299957,2352800.0,144.0960236
2020-02-19 00:00:00,147.6300049,144.5599976,147.9100037,144.5599976,2018000.0,146.7703552
2020-02-20 00:00:00,146.8399963,147.5299988,148.9100037,146.2700043,1279600.0,145.9849396
2020-02-21 00:00:00,143.2400055,145.3800049,145.5200043,142.5399933,1858100.0,142.4059143
2020-02-24 00:00:00,134.8300018,136.8200073,137.3800049,134.2200012,3197500.0,134.0448914
2020-02-25 00:00:00,124.0800018,135.9900055,136.0500031,123.4800034,5128400.0,123.3574829
2020-02-26 00:00:00,120.1900024,126.2900009,127.6699982,119.8499985,4961200.0,119.4901352
2020-02-27 00:00:00,119.6399994,117.0,127.2799988,114.4599991,6958600.0,119.4202652
2020-02-28 00:00:00,124.0,116.25,124.3300018,116.0,6646600.0,123.7722549
2020-03-02 00:00:00,122.9599991,123.0699997,123.6800003,116.6399994,6375500.0,122.7341614
2020-03-03 00:00:00,114.2799988,122.7600021,123.7399979,113.8799973,6796500.0,114.0701065
2020-03-04 00:00:00,118.3300018,115.4899979,118.5400009,111.2799988,7343700.0,118.1126709
2020-03-05 00:00:00,110.2200012,113.7900009,115.0,108.8000031,6977200.0,110.0175629
2020-03-06 00:00:00,110.6600037,104.6399994,113.6200027,103.8899994,6790100.0,110.4567566
2020-03-09 00:00:00,104.1900024,102.0,108.9199982,101.7600021,6687400.0,103.998642
2020-03-10 00:00:00,109.9800034,108.8300018,110.0299988,102.8000031,5395500.0,109.7780075
2020-03-11 00:00:00,100.1100006,106.1999969,106.5,99.5599976,8901300.0,99.9261322
2020-03-12 00:00:00,93.7099991,90.0,97.8099976,88.7600021,9065700.0,93.5378876
2020-03-13 00:00:00,95.6100006,98.2300034,100.7799988,91.5999985,8552800.0,95.4343948
2020-03-16 00:00:00,86.4199982,84.6800003,91.0699997,78.1200027,9327200.0,86.2612762
2020-03-17 00:00:00,75.2399979,87.5199966,89.6100006,67.7399979,12101600.0,75.1018066
2020-03-18 00:00:00,63.8100014,67.1500015,67.1600037,46.5600014,25881800.0,63.6928024
2020-03-19 00:00:00,66.8000031,61.1800003,72.6999969,52.6500015,17497700.0,66.6773148
2020-03-20 00:00:00,74.5800018,73.7099991,84.0,69.5199966,18154700.0,74.4430237
2020-03-23 00:00:00,70.1299973,75.0199966,80.6999969,67.2799988,12931800.0,70.0011902
2020-03-24 00:00:00,79.1399994,76.0500031,81.3600006,75.0,9113100.0,78.9946442
2020-03-25 00:00:00,85.25,83.5100021,92.6800003,79.2300034,8717900.0,85.0934219
2020-03-26 00:00:00,82.8099976,87.5999985,96.0,80.5899963,10444300.0,82.6579056
2020-03-27 00:00:00,78.8499985,78.6999969,82.7900009,76.25,5749800.0,78.7051773
2020-03-30 00:00:00,76.1600037,76.7099991,78.4300003,72.8399963,6097800.0,76.0201263
2020-03-31 00:00:00,74.8099976,74.9800034,79.2399979,74.5199966,5173600.0,74.6725998
2020-04-01 00:00:00,69.1500015,70.0,71.4100037,67.6500015,7651300.0,69.022995
2020-04-02 00:00:00,63.0,69.2900009,70.5899963,61.5499992,8062700.0,62.8842888
2020-04-03 00:00:00,59.0800018,64.3600006,64.7099991,57.0,10622200.0,58.9714928
2020-04-06 00:00:00,70.5899963,64.5500031,70.9000015,63.7799988,12186100.0,70.46035
2020-04-07 00:00:00,73.8199997,78.3099976,81.9800034,72.6800003,11850400.0,73.6844177
2020-04-08 00:00:00,82.5299988,75.2399979,83.9400024,74.9599991,9143600.0,82.378418
2020-04-09 00:00:00,81.3099976,86.0400009,89.0299988,79.6699982,10337400.0,81.1606598
2020-04-13 00:00:00,78.0899963,81.5599976,81.5699997,75.7099991,4157800.0,77.9465714
2020-04-14 00:00:00,82.6800003,81.0,83.3000031,78.8600006,6093100.0,82.5281448
2020-04-15 00:00:00,80.7300034,78.0199966,81.9899979,77.5299988,4822700.0,80.5817337
2020-04-16 00:00:00,80.3899994,80.0899963,80.9899979,76.25,5398800.0,80.2423477
2020-04-17 00:00:00,84.2600021,85.3000031,85.6299973,82.2900009,5299500.0,84.1052475
2020-04-20 00:00:00,79.7699966,81.6100006,83.25,79.2900009,4155000.0,79.6234894
2020-04-21 00:00:00,79.9000015,77.6299973,80.0500031,77.1100006,4747000.0,79.7532501
2020-04-22 00:00:00,80.0199966,81.4300003,82.4700012,78.75,3709700.0,79.873024
2020-04-23 00:00:00,81.0999985,80.4499969,83.5,79.9599991,4540300.0,80.9510422
2020-04-24 00:00:00,80.7099991,81.25,82.1800003,78.4000015,3545000.0,80.5617599
2020-04-27 00:00:00,85.2699966,82.3799973,86.2600021,81.5299988,5419500.0,85.1133881
2020-04-28 00:00:00,87.4199982,87.4100037,88.7399979,84.5199966,4210900.0,87.2594376
2020-04-29 00:00:00,95.9899979,90.9700012,97.4499969,90.3700027,7369500.0,95.8136978
2020-04-30 00:00:00,90.9400024,93.5999985,93.9000015,89.2699966,5366100.0,90.7729797
2020-05-01 00:00:00,84.75,87.0899963,88.4800034,84.2300034,4234300.0,84.5943451
2020-05-04 00:00:00,82.5800018,81.7900009,85.5999985,80.4100037,4087100.0,82.4283295
2020-05-05 00:00:00,83.6600037,85.1200027,87.0699997,83.0699997,3457800.0,83.5063477
2020-05-06 00:00:00,81.1100006,84.3199997,84.9300003,80.8700027,3013100.0,80.9610291
2020-05-07 00:00:00,85.9800034,83.3499985,86.9499969,83.0500031,4032800.0,85.8220901
2020-05-08 00:00:00,87.1699982,88.0800018,88.5,85.6500015,4267900.0,87.0098953
2020-05-11 00:00:00,82.3099976,84.3000031,84.75,81.5100021,6832700.0,82.1588211
2020-05-12 00:00:00,79.3300018,82.9599991,83.8799973,79.2699966,3605500.0,79.1843033
2020-05-13 00:00:00,75.2600021,79.0599976,79.3199997,74.5699997,4880600.0,75.1217728
2020-05-14 00:00:00,79.25,73.0,79.2799988,71.5199966,5425400.0,79.1044464
2020-05-15 00:00:00,79.7600021,78.4700012,79.9100037,77.3600006,6526900.0,79.6135101
2020-05-18 00:00:00,93.6200027,85.0599976,93.9000015,84.8700027,11003400.0,93.4480515
2020-05-19 00:00:00,90.6699982,92.2699966,94.8399963,89.1600037,7090300.0,90.5034714
2020-05-20 00:00:00,92.6800003,92.3600006,92.9800034,90.2699966,4265700.0,92.5097809
2020-05-21 00:00:00,91.3499985,91.9700012,93.1100006,90.2699966,3009000.0,91.1822205
2020-05-22 00:00:00,91.0500031,92.1800003,92.25,89.5199966,2259400.0,90.8827744
2020-05-26 00:00:00,94.9199982,97.8899994,97.9300003,94.5500031,6258400.0,94.7456589
2020-05-27 00:00:00,97.9599991,98.6399994,98.9800034,94.7699966,5392000.0,97.7800827
2020-05-28 00:00:00,91.6399994,97.6100006,97.9199982,91.5299988,5197500.0,91.4716873
2020-05-29 00:00:00,88.5,91.2099991,91.75,88.0999985,5873100.0,88.3374557
2020-06-01 00:00:00,95.0299988,89.7300034,95.6399994,89.3000031,5074500.0,94.8554611
2020-06-02 00:00:00,95.6100006,97.2300034,97.3499985,94.0100021,5470700.0,95.4343948
2020-06-03 00:00:00,99.9000015,97.3000031,100.5599976,96.2099991,6136300.0,99.7165222
2020-06-04 00:00:00,104.8199997,100.1399994,105.0500031,98.0800018,6777800.0,104.6274796
2020-06-05 00:00:00,107.9599991,114.3799973,118.4100037,106.7699966,10069800.0,107.7617111
2020-06-08 00:00:00,113.1399994,113.4599991,114.4599991,110.5100021,6056200.0,112.9321976
2020-06-09 00:00:00,107.3199997,109.8000031,110.5,106.3099976,4008700.0,107.1228867
2020-06-10 00:00:00,102.6200027,106.0299988,106.6500015,100.0500031,5642000.0,102.4315262
2020-06-11 00:00:00,91.4400024,95.0500031,96.5,90.6100006,7614100.0,91.2720566
2020-06-12 00:00:00,92.2600021,97.6100006,97.7600021,90.0699997,7108300.0,92.0905533
2020-06-15 00:00:00,90.7900009,88.0,92.3300018,86.7900009,9049500.0,90.6232529
2020-06-16 00:00:00,93.9899979,96.3399963,96.4000015,90.6999969,6191300.0,93.8173676
2020-06-17 00:00:00,91.1299973,93.5199966,94.0,90.8000031,4423100.0,90.9626236
2020-06-18 00:00:00,92.75,90.5,94.1800003,90.1699982,3746900.0,92.5796509
2020-06-19 00:00:00,89.6800003,93.9100037,94.1299973,88.6600037,4880600.0,89.5152893
2020-06-22 00:00:00,90.1800003,89.5,91.0,88.2799988,4588800.0,90.0143738
2020-06-23 00:00:00,90.6200027,91.0,91.4899979,88.8300018,5829200.0,90.4535675
2020-06-24 00:00:00,85.0,89.3300018,89.5199966,83.8799973,6403900.0,84.8438873
2020-06-25 00:00:00,84.0400009,83.5899963,84.5599976,82.1200027,5210900.0,83.8856506
2020-06-26 00:00:00,80.9400024,83.5500031,83.9499969,80.4000015,10150200.0,80.7913437
2020-06-29 00:00:00,86.5999985,81.5299988,86.6100006,80.2600021,5133000.0,86.4409409
2020-06-30 00:00:00,85.7300034,85.4100037,86.9199982,84.0,4343100.0,85.5725479
2020-07-01 00:00:00,86.6200027,86.6699982,90.5,86.3300018,5708200.0,86.4609146
2020-07-02 00:00:00,87.8000031,89.6999969,90.2300034,86.2600021,3877400.0,87.6387482
2020-07-06 00:00:00,89.8300018,89.6600037,90.3399963,87.1200027,3138200.0,89.6650162
2020-07-07 00:00:00,87.4300003,88.6299973,88.9800034,87.0800018,2993900.0,87.2694244
2020-07-08 00:00:00,89.9899979,87.2900009,90.0299988,86.4899979,3407600.0,89.8247147
2020-07-09 00:00:00,86.25,90.2200012,90.2799988,86.0,5263500.0,86.0915909
2020-07-10 00:00:00,88.5100021,85.8600006,88.6100006,85.5,3246400.0,88.3474426
2020-07-13 00:00:00,87.5,89.0699997,90.5400009,87.3099976,3955100.0,87.3392944
2020-07-14 00:00:00,87.1200027,87.0,87.7300034,86.0,3063500.0,86.9599915
2020-07-15 00:00:00,94.0299988,90.2300034,94.75,90.1600037,6761400.0,93.8572998
2020-07-16 00:00:00,93.1100006,92.1299973,93.4300003,90.7600021,2483900.0,92.9389877
2020-07-17 00:00:00,91.4800034,93.0299988,93.0999985,90.0999985,2329700.0,91.3119888
2020-07-20 00:00:00,88.4800034,90.6399994,91.6299973,87.5699997,3052400.0,88.3174973
2020-07-21 00:00:00,89.9599991,89.6699982,91.5,88.5,2442400.0,89.7947769
2020-07-22 00:00:00,90.8099976,89.0699997,90.9599991,88.8099976,1741100.0,90.6432114
2020-07-23 00:00:00,88.9700012,89.9100037,90.1999969,87.9199982,2564100.0,88.8065948
2020-07-24 00:00:00,87.5,88.8899994,88.8899994,86.5699997,2369500.0,87.3392944
2020-07-27 00:00:00,86.2699966,86.1100006,87.1399994,85.1999969,2675800.0,86.1115494
2020-07-28 00:00:00,86.5500031,86.3099976,87.8799973,85.9599991,2105000.0,86.391037
2020-07-29 00:00:00,87.1399994,87.0800018,88.1800003,86.0,1653700.0,86.97995
2020-07-30 00:00:00,85.5100021,85.4599991,86.1100006,84.5400009,2794700.0,85.352951
2020-07-31 00:00:00,83.8300018,84.5299988,84.6100006,82.0599976,3922500.0,83.676033
2020-08-03 00:00:00,83.5199966,83.2600021,84.1900024,81.3000031,3360500.0,83.3666
2020-08-04 00:00:00,86.0999985,83.4199982,86.2699966,82.6200027,2981200.0,85.941864
2020-08-05 00:00:00,87.2699966,87.7200012,87.9300003,85.8799973,2198700.0,87.1097107
2020-08-06 00:00:00,90.3899994,86.4599991,91.2200012,85.9499969,3763800.0,90.2239838
2020-08-07 00:00:00,93.7799988,90.2300034,94.0500031,88.6200027,4949800.0,93.6077576
2020-08-10 00:00:00,97.1299973,94.25,98.1299973,93.3000031,5863800.0,96.9515991
2020-08-11 00:00:00,97.0100021,101.1800003,101.6200027,96.8700027,5372200.0,96.8318253
2020-08-12 00:00:00,96.0299988,99.2099991,99.6500015,95.3899994,3830200.0,95.8536224
2020-08-13 00:00:00,96.5,95.9300003,98.5,95.5400009,2158500.0,96.3227615
2020-08-14 00:00:00,96.0100021,97.25,97.6699982,95.9599991,3407000.0,95.8336639
2020-08-17 00:00:00,95.7200012,97.2200012,97.5,95.1600037,2096000.0,95.5441971
2020-08-18 00:00:00,94.4400024,95.5199966,95.8399963,93.4300003,1718100.0,94.2665482
2020-08-19 00:00:00,94.0,94.9100037,95.8399963,93.6699982,1536900.0,93.8273544
2020-08-20 00:00:00,94.0199966,92.4599991,95.6299973,92.0699997,2240200.0,93.8473129
2020-08-21 00:00:00,95.2699966,93.8099976,97.0299988,93.5,2069200.0,95.0950165
2020-08-24 00:00:00,97.8899994,96.0100021,98.5699997,95.0,2791700.0,97.7102127
2020-08-25 00:00:00,98.7699966,98.8300018,100.3799973,97.5199966,2302700.0,98.5885925
2020-08-26 00:00:00,97.3799973,98.3399963,98.5699997,96.3300018,2158300.0,97.2011414
2020-08-27 00:00:00,101.7900009,99.25,103.3199997,99.0,3856900.0,101.6030502
2020-08-28 00:00:00,106.2600021,102.9599991,106.6100006,101.9499969,3661000.0,106.0648422
2020-08-31 00:00:00,102.9100037,105.25,105.9599991,102.8399963,2881400.0,102.720993
2020-09-01 00:00:00,103.0899963,101.4800034,104.5800018,100.7600021,1917500.0,102.9006577
2020-09-02 00:00:00,104.3899994,103.2799988,104.8399963,102.4000015,2101300.0,104.1982727
2020-09-03 00:00:00,103.0899963,104.9899979,107.9000015,102.2099991,2956200.0,102.9006577
2020-09-04 00:00:00,104.8199997,104.8899994,107.0400009,103.2099991,2855800.0,104.6274796
2020-09-08 00:00:00,103.9800034,103.0,107.1500015,102.3700027,2745900.0,103.7890244
2020-09-09 00:00:00,102.0100021,103.8099976,103.9400024,100.8300018,2630100.0,101.8226471
2020-09-10 00:00:00,100.3799973,102.9400024,105.3799973,100.1100006,2263100.0,100.1956329
2020-09-11 00:00:00,99.2600021,100.9400024,101.1100006,97.3899994,2637800.0,99.0776978
2020-09-14 00:00:00,104.6800003,100.8799973,104.9100037,100.5500031,2729300.0,104.4877396
2020-09-15 00:00:00,105.3899994,104.9800034,106.3600006,103.2200012,1922000.0,105.196434
2020-09-16 00:00:00,107.7600021,106.1100006,108.8899994,104.4400024,3004200.0,107.5620804
2020-09-17 00:00:00,104.4100037,105.7699966,107.1299973,103.6999969,2763100.0,104.2182388
2020-09-18 00:00:00,99.8799973,103.3700027,103.9400024,99.5800018,5327700.0,99.6965485
2020-09-21 00:00:00,93.0199966,95.9599991,96.4000015,91.4000015,4863200.0,92.8491516
2020-09-22 00:00:00,95.5,93.5100021,95.5299988,93.0,3605400.0,95.3246002
2020-09-23 00:00:00,92.9400024,96.3499985,97.8600006,92.6200027,2788300.0,92.7693024
2020-09-24 00:00:00,91.3499985,92.2699966,93.5800018,90.4800034,4025900.0,91.1822205
2020-09-25 00:00:00,92.9899979,90.3300018,93.4300003,90.2699966,2318000.0,92.8192062
2020-09-28 00:00:00,96.0,95.0500031,97.3899994,93.9400024,2965400.0,95.8236847
2020-09-29 00:00:00,93.2200012,96.1900024,96.1900024,92.8099976,2216600.0,93.04879
2020-09-30 00:00:00,92.5800018,94.4100037,96.0199966,92.1500015,2921800.0,92.4099655
2020-10-01 00:00:00,94.3499985,93.2200012,94.9499969,92.5100021,2182100.0,94.176712
2020-10-02 00:00:00,95.25,91.6999969,95.6200027,91.4400024,2199000.0,95.075058
2020-10-05 00:00:00,96.7799988,95.7799988,97.2399979,95.1299973,2153100.0,96.6022491
2020-10-06 00:00:00,96.9199982,98.1299973,100.3399963,96.5199966,3023200.0,96.7419891
2020-10-07 00:00:00,99.0100021,98.2399979,99.9400024,98.0100021,1845500.0,98.8281555
2020-10-08 00:00:00,100.3099976,99.8099976,100.4400024,98.2099991,1799200.0,100.1257629
2020-10-09 00:00:00,99.3399963,101.2900009,102.0899963,99.2600021,1673600.0,99.1575394
2020-10-12 00:00:00,100.7099991,99.4599991,101.1100006,98.8399963,2318400.0,100.525032
2020-10-13 00:00:00,98.2399979,99.2399979,99.5299988,96.9100037,2738900.0,98.0595627
2020-10-14 00:00:00,97.0699997,98.5400009,99.1999969,96.5599976,2448000.0,96.891716
2020-10-15 00:00:00,97.0699997,96.2900009,97.2900009,94.7699966,1884100.0,96.891716
2020-10-16 00:00:00,97.7600021,97.3300018,98.9899979,96.8000031,1707000.0,97.580452
2020-10-19 00:00:00,93.9400024,98.5199966,98.5199966,93.6399994,2073200.0,93.7674637
2020-10-20 00:00:00,96.0899963,95.3000031,97.0899963,94.1999969,1783000.0,95.9135132
2020-10-21 00:00:00,95.1500015,95.5299988,96.0199966,94.3099976,1512200.0,94.9752426
2020-10-22 00:00:00,100.8199997,96.0999985,101.2099991,95.6399994,3033000.0,100.6348267
2020-10-23 00:00:00,101.7600021,101.7099991,102.2699966,100.1800003,2032600.0,101.5731049
2020-10-26 00:00:00,96.0199966,99.5,99.5100021,94.4199982,2912900.0,95.8436432
2020-10-27 00:00:00,93.4599991,96.4700012,96.8700027,93.3499985,2512000.0,93.2883453
2020-10-28 00:00:00,89.9700012,91.5699997,92.5199966,88.9199982,4302400.0,89.8047562
2020-10-29 00:00:00,93.3300018,89.9899979,93.7699966,89.0100021,2728900.0,93.1585846
2020-10-30 00:00:00,92.8799973,92.0500031,94.0299988,90.5500031,2732200.0,92.7094116
2020-11-02 00:00:00,92.9000015,93.0,93.3899994,91.5999985,2320100.0,92.7293777
2020-11-03 00:00:00,96.0899963,94.2600021,97.1900024,93.8899994,2658400.0,95.9135132
2020-11-04 00:00:00,98.0400009,97.4199982,100.5599976,95.1299973,3274500.0,97.8599319
2020-11-05 00:00:00,100.9100037,98.7300034,102.8899994,98.1299973,3572800.0,100.7246628
2020-11-06 00:00:00,103.8899994,102.0,104.6500015,101.5,4168000.0,103.6991882
2020-11-09 00:00:00,118.3000031,123.0500031,131.8999939,113.5999985,14217300.0,118.0827255
2020-11-10 00:00:00,118.4800034,117.1999969,119.8000031,115.9199982,4883900.0,118.2623978
2020-11-11 00:00:00,116.3899994,117.5400009,118.1999969,115.0699997,3846800.0,116.1762314
2020-11-12 00:00:00,115.3399963,114.5999985,116.3099976,111.8700027,3113900.0,115.1281586
2020-11-13 00:00:00,120.0,116.3099976,120.1299973,115.6500015,2804700.0,119.7796021
2020-11-16 00:00:00,123.7600021,125.6999969,125.6999969,121.6500015,4596300.0,123.5326996
2020-11-17 00:00:00,122.7799988,123.6299973,123.6600037,120.3600006,2924400.0,122.5544968
2020-11-18 00:00:00,120.3399963,122.2600021,124.2200012,120.2200012,2370100.0,120.1189728
2020-11-19 00:00:00,121.1100006,120.3499985,121.7099991,119.5299988,2034800.0,120.8875656
2020-11-20 00:00:00,119.2799988,120.6500015,121.9100037,119.2099991,5292100.0,119.0609207
2020-11-23 00:00:00,123.0899963,120.9499969,123.4199982,120.5699997,2183300.0,122.8639221
2020-11-24 00:00:00,130.9100037,126.2900009,131.3500061,125.3600006,5305200.0,130.6695709
2020-11-25 00:00:00,129.2200012,129.8699951,130.25,127.7600021,2086600.0,128.982666
2020-11-27 00:00:00,128.3500061,128.0,130.7400055,127.1999969,1365800.0,128.1142731
2020-11-30 00:00:00,126.8700027,127.9199982,128.3099976,124.8799973,2094500.0,126.6369858
2020-12-01 00:00:00,128.5200043,129.5,129.6699982,127.6699982,1891300.0,128.2839508
2020-12-02 00:00:00,128.7200012,128.1100006,130.6399994,127.6800003,1955100.0,128.4835815
2020-12-03 00:00:00,132.3200073,129.9600067,134.6699982,129.1000061,2694000.0,132.0769806
2020-12-04 00:00:00,135.6100006,133.6399994,135.8399963,132.7700043,1923200.0,135.3609314
2020-12-07 00:00:00,132.9600067,134.8800049,135.2899933,132.1600037,1766100.0,132.7158051
2020-12-08 00:00:00,132.5500031,131.5,134.1699982,131.0500031,1552800.0,132.3065491
2020-12-09 00:00:00,130.4700012,133.9299927,134.3399963,129.3200073,2786900.0,130.2303772
2020-12-10 00:00:00,131.7700043,129.8600006,132.4100037,128.8800049,1791300.0,131.5279846
2020-12-11 00:00:00,128.5099945,130.6600037,131.8099976,127.6399994,2171900.0,128.2739716
2020-12-14 00:00:00,126.6200027,131.2899933,131.4299927,126.4300003,1889000.0,126.3874435
2020-12-15 00:00:00,130.3600006,129.3500061,130.4900055,126.8399963,1811500.0,130.120575
2020-12-16 00:00:00,130.4400024,130.6000061,130.9199982,128.7400055,1752500.0,130.2004242
2020-12-17 00:00:00,130.2899933,130.7799988,132.3999939,128.6699982,1818200.0,130.0506897
2020-12-18 00:00:00,128.8200073,130.3399963,130.9100037,128.2700043,3376400.0,128.5834045
2020-12-21 00:00:00,127.3199997,125.7900009,128.1499939,123.7799988,2186900.0,127.0861588
2020-12-22 00:00:00,126.2600021,126.5400009,127.2799988,124.4400024,1497400.0,126.0281067
2020-12-23 00:00:00,128.6100006,127.0599976,129.0800018,126.7399979,1624400.0,128.3737946
2020-12-24 00:00:00,128.75,128.6199951,128.9799957,127.5,592100.0,128.5135345
2020-12-28 00:00:00,128.3200073,130.25,130.5700073,128.1199951,1330200.0,128.0843201
2020-12-29 00:00:00,129.0,129.4900055,131.3300018,128.3999939,1685100.0,128.7630768
2020-12-30 00:00:00,130.4700012,129.2100067,131.3500061,128.5,1284400.0,130.2303772
2020-12-31 00:00:00,131.9199982,130.2899933,132.5200043,128.8300018,1537300.0,131.6777039
2021-01-04 00:00:00,124.7699966,131.5099945,132.1100006,123.3600006,3992000.0,124.5408401
2021-01-05 00:00:00,126.0899963,123.9300003,127.3099976,123.5800018,1428900.0,125.8584137
2021-01-06 00:00:00,129.3899994,124.8399963,130.7299957,124.8399963,2280000.0,129.152359
2021-01-07 00:00:00,130.3500061,129.2599945,131.1900024,129.1399994,1909800.0,130.1105957
2021-01-08 00:00:00,129.6900024,131.1999969,132.1900024,128.9799957,1485400.0,129.4518127
2021-01-11 00:00:00,128.6600037,127.75,129.25,127.0699997,1692300.0,128.4237061
2021-01-12 00:00:00,127.3899994,127.8899994,128.6000061,126.0999985,2927900.0,127.1560287
2021-01-13 00:00:00,126.5100021,126.8099976,127.3199997,124.3899994,2715000.0,126.2776489
2021-01-14 00:00:00,128.9299927,128.3500061,130.6300049,127.2600021,1886600.0,128.6931915
2021-01-15 00:00:00,126.8000031,128.2299957,128.3800049,125.7399979,1698100.0,126.5671158
2021-01-19 00:00:00,126.8600006,127.3300018,128.2299957,125.4599991,1587300.0,126.6269989
2021-01-20 00:00:00,126.7300034,126.0299988,127.6399994,125.0299988,1990100.0,126.4972458
2021-01-21 00:00:00,126.6200027,126.0100021,127.6900024,124.5199966,1771600.0,126.3874435
2021-01-22 00:00:00,122.9000015,125.2699966,126.2699966,122.7799988,2155300.0,122.6742783
2021-01-25 00:00:00,119.6200027,122.3899994,122.5899963,116.9000015,4417500.0,119.4002991
2021-01-26 00:00:00,120.4400024,120.3799973,121.4400024,119.3000031,1966400.0,120.2187958
2021-01-27 00:00:00,117.4700012,118.6900024,120.3899994,115.9499969,3939600.0,117.2542496
2021-01-28 00:00:00,120.7099991,120.0100021,123.4700012,120.0100021,3559900.0,120.4882965
2021-01-29 00:00:00,116.3099976,119.75,119.9700012,115.5,4896800.0,116.0963745
2021-02-01 00:00:00,117.75,117.9499969,119.7699966,117.0800018,2227400.0,117.5337372
2021-02-02 00:00:00,122.0999985,119.4700012,122.5599976,118.9899979,2591700.0,121.8757401
2021-02-03 00:00:00,123.3499985,122.0,124.7699966,121.8499985,2256800.0,123.1234436
2021-02-04 00:00:00,125.4499969,124.0100021,125.8499985,123.3099976,1868900.0,125.2195892
2021-02-05 00:00:00,129.4799957,126.9899979,129.5200043,126.9800034,2807100.0,129.2421875
2021-02-08 00:00:00,129.0899963,130.1499939,130.8200073,126.6999969,2187800.0,128.8529053
2021-02-09 00:00:00,127.0500031,129.2899933,129.2899933,126.0999985,1404100.0,126.816658
2021-02-10 00:00:00,126.75,127.0699997,128.9299927,126.1600037,1699900.0,126.5172043
2021-02-11 00:00:00,126.6500015,127.5599976,128.7400055,125.0299988,1929300.0,126.4173889
2021-02-12 00:00:00,129.4799957,125.7399979,129.7899933,125.5599976,1741100.0,129.2421875
2021-02-16 00:00:00,130.3999939,130.0099945,131.0899963,128.5800018,2443800.0,130.1604919
2021-02-17 00:00:00,131.3399963,128.3999939,133.2599945,127.5299988,2904800.0,131.0987701
2021-02-18 00:00:00,131.9799957,128.2599945,132.7700043,127.5400009,2620400.0,131.7375946
2021-02-19 00:00:00,136.2799988,131.2799988,137.5800018,131.2799988,2855700.0,136.0296936
2021-02-22 00:00:00,142.5599976,139.1999969,145.4299927,138.6699982,5314900.0,142.2981567
2021-02-23 00:00:00,149.5500031,145.0,149.6699982,142.1499939,5632800.0,149.2753296
2021-02-24 00:00:00,157.5,149.5,157.6000061,149.3899994,5865800.0,157.2107239
2021-02-25 00:00:00,150.0899963,156.2599945,159.9799957,148.8000031,5147300.0,149.8143311
2021-02-26 00:00:00,148.0700073,150.2799988,152.2299957,145.8000031,4107600.0,147.7980499
2021-03-01 00:00:00,148.4700012,151.0299988,151.0299988,147.9700012,2284600.0,148.1973114
2021-03-02 00:00:00,148.9499969,147.1399994,149.7799988,145.8699951,2892900.0,148.6764221
2021-03-03 00:00:00,146.3099976,149.5099945,150.3300018,146.2799988,2334300.0,146.041275
2021-03-04 00:00:00,144.7700043,147.2299957,147.6199951,139.6000061,4121800.0,144.5041046
2021-03-05 00:00:00,146.9199982,146.6600037,147.3899994,138.9700012,3040600.0,146.6501617
2021-03-08 00:00:00,150.4400024,149.5700073,153.0500031,146.3200073,3123700.0,150.1636963
2021-03-09 00:00:00,147.0,151.2400055,151.4100037,146.6600037,2955900.0,146.730011
2021-03-10 00:00:00,147.1399994,147.3999939,150.8099976,146.8300018,2262500.0,146.869751
2021-03-11 00:00:00,148.8300018,147.1399994,150.6399994,145.7599945,2247300.0,148.5566559
2021-03-12 00:00:00,150.1999969,149.3500061,151.9100037,148.1199951,1688100.0,149.9241333
2021-03-15 00:00:00,153.5599976,152.4900055,154.0500031,150.25,2564800.0,153.2779541
2021-03-16 00:00:00,150.6300049,153.5599976,154.1499939,149.5399933,1720100.0,150.3533478
2021-03-17 00:00:00,155.9499969,149.8500061,156.1499939,149.7700043,2756600.0,155.6635742
2021-03-18 00:00:00,154.2899933,154.5700073,157.6399994,152.1000061,2840000.0,154.0066223
2021-03-19 00:00:00,152.2799988,152.5899963,153.4400024,149.0399933,5444000.0,152.0003052
2021-03-22 00:00:00,151.5,150.5500031,152.25,149.3800049,2595600.0,151.2217407
2021-03-23 00:00:00,142.4199982,149.6799927,149.6999969,141.3999939,4233200.0,142.1584167
2021-03-24 00:00:00,143.2799988,144.1999969,147.6499939,143.1900024,2869500.0,143.0168457
2021-03-25 00:00:00,146.5700073,141.8399963,146.9600067,139.4100037,2135000.0,146.3008118
2021-03-26 00:00:00,146.8200073,147.3500061,147.5399933,142.8099976,2726400.0,146.550354
2021-03-29 00:00:00,144.6000061,146.0,146.8000031,143.1499939,2578000.0,144.3344269
2021-03-30 00:00:00,148.2299957,144.7899933,149.6799927,144.5299988,2753500.0,147.9577484
2021-03-31 00:00:00,148.1100006,148.9600067,150.3399963,147.0299988,2352400.0,147.8379669
2021-04-01 00:00:00,148.2700043,148.2700043,149.3300018,146.5700073,2082400.0,147.9976807
2021-04-05 00:00:00,150.9299927,150.5,153.2299957,150.2400055,2352400.0,150.6527863
2021-04-06 00:00:00,151.6199951,150.9900055,152.7700043,150.7299957,1754300.0,151.3415222
2021-04-07 00:00:00,148.8099976,152.25,152.4100037,148.0700073,1577100.0,148.5366821
2021-04-08 00:00:00,149.4400024,148.5,149.9400024,146.7899933,1522300.0,149.1655273
2021-04-09 00:00:00,148.4799957,148.2700043,149.0,146.0700073,1601700.0,148.2072906
2021-04-12 00:00:00,149.3500061,148.4700012,149.4499969,146.8999939,1305800.0,149.0756989
2021-04-13 00:00:00,148.8099976,148.1100006,149.1600037,145.9900055,1865500.0,148.5366821
2021-04-14 00:00:00,149.5899963,149.0899963,151.9400024,148.6999969,1676600.0,149.3152466
2021-04-15 00:00:00,149.1799927,149.8000031,150.6199951,148.4600067,1412700.0,148.9060059
2021-04-16 00:00:00,148.6300049,150.1199951,151.3200073,147.6999969,2718400.0,148.3570251
2021-04-19 00:00:00,147.8999939,148.0,148.9299927,146.8500061,1209800.0,147.6283569
2021-04-20 00:00:00,141.9700012,146.4700012,146.4700012,140.0500031,2763200.0,141.7092438
2021-04-21 00:00:00,144.7599945,141.6999969,145.3999939,140.8699951,2527100.0,144.4941254
2021-04-22 00:00:00,146.6399994,144.6699982,149.2700043,143.3200073,2251300.0,146.3706665
2021-04-23 00:00:00,148.3600006,147.0399933,148.7200012,145.8000031,1240600.0,148.0875092
2021-04-26 00:00:00,148.4799957,149.5,150.7400055,147.7599945,1177200.0,148.2072906
2021-04-27 00:00:00,149.7400055,148.9600067,150.3500061,148.1900024,1570400.0,149.4649811
2021-04-28 00:00:00,149.4499969,149.5800018,150.25,148.5800018,1230100.0,149.1755066
2021-04-29 00:00:00,151.0299988,151.3099976,152.9900055,148.75,1460600.0,150.7526093
2021-04-30 00:00:00,148.5200043,149.1000061,150.0200043,146.5399933,1759500.0,148.2472229
2021-05-03 00:00:00,148.8899994,149.3200073,150.1600037,148.3300018,1413200.0,148.6165466
2021-05-04 00:00:00,147.6100006,148.2700043,148.2700043,144.3300018,1794600.0,147.3388977
2021-05-05 00:00:00,144.5099945,147.8200073,148.9199982,144.1799927,1854800.0,144.2445831
2021-05-06 00:00:00,142.5899963,144.5800018,144.5800018,140.5800018,2180500.0,142.3281097
2021-05-07 00:00:00,146.6900024,143.0,146.8899994,142.5,2969200.0,146.420578
2021-05-10 00:00:00,140.6600037,144.8699951,145.3999939,140.6000061,4140800.0,140.4016571
2021-05-11 00:00:00,141.7100067,139.5800018,141.9400024,138.3800049,3166700.0,141.4497375
2021-05-12 00:00:00,135.9400024,140.4799957,141.3099976,135.3500061,2762000.0,135.6903229
2021-05-13 00:00:00,139.2700043,136.5599976,140.3899994,136.5599976,2363700.0,139.0142059
2021-05-14 00:00:00,143.2899933,140.4199982,143.8000031,139.0800018,2200300.0,143.026825
2021-05-17 00:00:00,139.8600006,143.2599945,143.2599945,138.2400055,1741400.0,139.6031189
2021-05-18 00:00:00,139.7700043,140.8699951,142.9900055,139.7599945,1518400.0,139.5132904
2021-05-19 00:00:00,139.4299927,137.8600006,139.5,136.3399963,1593200.0,139.1739044
2021-05-20 00:00:00,138.9799957,139.8000031,139.9600067,137.5899963,2098300.0,138.7247314
2021-05-21 00:00:00,139.0099945,139.7100067,140.7400055,138.5700073,1846600.0,138.7546844
2021-05-24 00:00:00,141.8899994,140.0800018,142.2100067,139.1100006,1420200.0,141.6293945
2021-05-25 00:00:00,142.7899933,142.4499969,144.2400055,141.9799957,1665400.0,142.5277405
2021-05-26 00:00:00,144.4700012,144.0299988,145.2700043,142.8800049,1440400.0,144.2046661
2021-05-27 00:00:00,145.8399963,145.4199982,146.0,143.4900055,1936500.0,145.5721436
2021-05-28 00:00:00,143.5800018,145.6300049,145.7100067,143.0099945,1711700.0,143.3162994
2021-06-01 00:00:00,145.1799927,145.3999939,146.9299927,144.3099976,1687800.0,144.9133453
2021-06-02 00:00:00,142.6300049,145.9900055,146.0500031,142.3300018,2284500.0,142.368042
2021-06-03 00:00:00,140.3999939,141.7400055,141.8999939,139.6600037,1921600.0,140.1421204
2021-06-04 00:00:00,142.0599976,141.6300049,142.5,140.6399994,1651300.0,141.7990875
2021-06-07 00:00:00,142.4799957,143.0399933,143.25,141.8699951,2196300.0,142.2183075
2021-06-08 00:00:00,145.7200012,142.8000031,146.3800049,142.5800018,1900100.0,145.4523621
2021-06-09 00:00:00,143.8200073,146.3800049,146.5,143.3899994,1541000.0,143.5558624
2021-06-10 00:00:00,143.9700012,144.1799927,144.75,142.6100006,1544800.0,143.7055817
2021-06-11 00:00:00,143.4799957,144.0,144.6399994,142.9299927,1444000.0,143.2164764
2021-06-14 00:00:00,143.8999939,143.6900024,144.5299988,142.8999939,1245500.0,143.6356964
2021-06-15 00:00:00,144.1100006,143.6199951,144.4600067,143.5700073,1232200.0,143.8453217
2021-06-16 00:00:00,143.2100067,143.9700012,144.5899963,142.0,1431400.0,142.9469757
2021-06-17 00:00:00,141.7899933,143.2899933,144.8600006,141.7400055,1578800.0,141.5295715
2021-06-18 00:00:00,138.8300018,140.2299957,140.6300049,138.4700012,3027200.0,138.5750122
2021-06-21 00:00:00,142.8800049,139.7700043,143.0,138.8300018,2328300.0,142.6175842
2021-06-22 00:00:00,141.3999939,142.0,142.4900055,140.6900024,1637500.0,141.1402893
2021-06-23 00:00:00,141.1000061,140.8399963,141.6999969,140.2799988,1346300.0,140.8408508
2021-06-24 00:00:00,140.7899933,142.0800018,142.6999969,139.9400024,1936500.0,140.5314178
2021-06-25 00:00:00,140.1399994,141.0200043,141.3200073,139.2599945,6295600.0,139.8826141
2021-06-28 00:00:00,135.8699951,139.3300018,139.4600067,134.5099945,2892100.0,135.6204529
2021-06-29 00:00:00,135.0,136.0,136.8099976,134.4199982,1936000.0,134.7520447
2021-06-30 00:00:00,136.5200043,135.0,137.3500061,134.9199982,2222400.0,136.2692566
2021-07-01 00:00:00,139.2400055,137.2200012,139.5899963,136.8600006,3448300.0,138.9842682
2021-07-02 00:00:00,141.2599945,139.75,141.75,139.0899963,2072900.0,141.0005493
2021-07-06 00:00:00,140.1300049,141.4799957,141.8899994,138.6499939,2464700.0,139.8726349
2021-07-07 00:00:00,139.6100006,139.5,141.1799927,136.6999969,1753200.0,139.3535919
2021-07-08 00:00:00,137.6399994,136.8699951,139.1000061,134.8899994,2304400.0,137.387207
2021-07-09 00:00:00,142.4799957,138.2599945,142.7100067,138.0,2119800.0,142.2183075
2021-07-12 00:00:00,141.7700043,141.0299988,142.7299957,140.3500061,2143200.0,141.5096283
2021-07-13 00:00:00,138.3399963,140.9499969,141.7200012,138.1600037,1859100.0,138.085907
2021-07-14 00:00:00,139.6300049,138.7599945,140.6699982,137.2100067,1844700.0,139.3735504
2021-07-15 00:00:00,139.5299988,139.3999939,140.2200012,138.1300049,1383500.0,139.2737274
2021-07-16 00:00:00,135.0500031,140.6600037,141.1999969,134.8899994,1984800.0,134.8019562
2021-07-19 00:00:00,130.8500061,130.8500061,132.8999939,127.2300034,4067600.0,130.6096802
2021-07-20 00:00:00,135.0299988,131.2799988,135.9199982,130.3399963,2227300.0,134.7819977
2021-07-21 00:00:00,140.3600006,135.4299927,141.0700073,135.4299927,2798400.0,140.1022034
2021-07-22 00:00:00,138.5,139.4600067,139.9100037,137.2799988,1755400.0,138.2456207
2021-07-23 00:00:00,139.1799927,138.7700043,139.9900055,138.2100067,1731600.0,138.9243622
2021-07-26 00:00:00,142.4900055,139.7299957,142.5899963,138.1499939,1781600.0,142.228302
2021-07-27 00:00:00,143.4499969,141.25,143.4900055,140.5200043,1668700.0,143.1865234
2021-07-28 00:00:00,144.5700073,144.1300049,145.3099976,141.2200012,1649200.0,144.3044891
2021-07-29 00:00:00,147.8800049,145.3899994,149.8000031,143.3399963,2612500.0,147.6083984
2021-07-30 00:00:00,145.9799957,146.3800049,147.9600067,144.6900024,2115900.0,145.7118835
2021-08-02 00:00:00,144.8699951,147.0599976,148.6699982,144.1499939,2409800.0,144.6039124
2021-08-03 00:00:00,142.6300049,145.6499939,145.7200012,139.3399963,2849100.0,142.368042
2021-08-04 00:00:00,137.9700012,141.0,141.0,136.8099976,3217700.0,137.7165985
2021-08-05 00:00:00,141.7200012,139.0399933,142.9400024,138.4600067,2250400.0,141.4597168
2021-08-06 00:00:00,141.5899963,141.6499939,142.1999969,139.3500061,2099800.0,141.3299408
2021-08-09 00:00:00,137.1100006,141.0200043,141.1399994,135.7400055,3074900.0,136.8581696
2021-08-10 00:00:00,137.9900055,136.9499969,139.1699982,136.3699951,1938900.0,137.7365723
2021-08-11 00:00:00,138.1199951,137.3800049,138.8899994,136.1499939,1131600.0,137.8663177
2021-08-12 00:00:00,134.7700043,137.5500031,138.0299988,134.2400055,2238600.0,134.5224762
2021-08-13 00:00:00,134.3800049,135.1100006,135.4499969,133.5899963,1728000.0,134.133194
2021-08-16 00:00:00,133.1300049,133.4600067,134.3000031,131.3500061,1626200.0,132.885498
2021-08-17 00:00:00,130.3600006,131.1799927,131.4900055,129.0200043,2292000.0,130.120575
2021-08-18 00:00:00,130.0,130.25,132.4700012,129.3800049,1915400.0,129.7612305
2021-08-19 00:00:00,130.2599945,128.9900055,130.3800049,127.5800018,2393700.0,130.020752
2021-08-20 00:00:00,131.1499939,129.5500031,131.5299988,129.0200043,1761800.0,130.9091187
2021-08-23 00:00:00,134.1499939,132.3000031,134.1699982,132.2599945,1983000.0,133.9036102
2021-08-24 00:00:00,136.8899994,135.0899963,137.7400055,134.9799957,1966200.0,136.6385803
2021-08-25 00:00:00,136.8999939,137.3200073,137.5800018,135.1300049,1357500.0,136.6485596
2021-08-26 00:00:00,133.6699982,136.0,136.4100037,133.1699982,1523900.0,133.4244995
2021-08-27 00:00:00,136.0200043,133.6199951,136.7599945,133.6100006,1221000.0,135.7701874
2021-08-30 00:00:00,135.1000061,136.2899933,136.4600067,134.0399933,1477500.0,134.8518677
2021-08-31 00:00:00,135.1399994,134.4600067,135.9600067,133.4299927,1762900.0,134.8917999
2021-09-01 00:00:00,134.8300018,136.3000031,136.4700012,134.2100067,1738600.0,134.5823669
2021-09-02 00:00:00,135.3999939,135.2400055,136.8800049,133.9199982,1072600.0,135.1513062
2021-09-03 00:00:00,133.0,134.3899994,135.3000031,131.6600037,1354800.0,132.755722
2021-09-07 00:00:00,134.0500031,132.4199982,134.3999939,131.8399963,1255700.0,133.8038025
2021-09-08 00:00:00,133.7799988,134.4900055,134.9600067,131.7100067,2281300.0,133.5342865
2021-09-09 00:00:00,136.0899963,133.6100006,137.5,133.1600037,2072600.0,135.8400421
2021-09-10 00:00:00,135.6399994,136.7100067,137.7200012,134.4900055,1574500.0,135.3908691
2021-09-13 00:00:00,139.9799957,136.9600067,140.5800018,135.9400024,1923400.0,139.7229004
2021-09-14 00:00:00,142.3399963,139.9700012,142.6900024,139.0,2159400.0,142.0785675
2021-09-15 00:00:00,144.6799927,141.5399933,145.0899963,140.0500031,3068200.0,144.4142609
2021-09-16 00:00:00,144.8000031,144.3999939,146.0099945,143.8300018,1966800.0,144.5340576
2021-09-17 00:00:00,143.8999939,145.0200043,145.6300049,143.6600037,2650200.0,143.6356964
2021-09-20 00:00:00,142.8200073,142.5099945,143.1199951,139.7599945,2375400.0,142.5576935
2021-09-21 00:00:00,142.0099945,143.6999969,144.5399933,141.2200012,1707300.0,141.749176
2021-09-22 00:00:00,144.3999939,142.7599945,145.7899933,142.3500061,1543100.0,144.1347809
2021-09-23 00:00:00,149.9100037,144.6900024,150.1799927,144.3999939,2913800.0,149.6346741
2021-09-24 00:00:00,152.5099945,149.2299957,152.75,149.0599976,1881600.0,152.2298889
2021-09-27 00:00:00,154.3200073,152.6300049,155.7799988,152.5299988,1890900.0,154.0365753
2021-09-28 00:00:00,153.5899963,153.1300049,155.3000031,152.2299957,2151600.0,153.3079071
2021-09-29 00:00:00,151.9100037,154.3000031,154.3899994,150.6799927,1535500.0,151.6309967
2021-09-30 00:00:00,148.0899963,152.1300049,152.1300049,147.6399994,2030900.0,147.8180084
2021-10-01 00:00:00,155.9700012,150.75,157.2799988,150.2700043,4710000.0,155.6835327
2021-10-04 00:00:00,155.1399994,155.8600006,158.7599945,154.3300018,1860400.0,154.8550568
2021-10-05 00:00:00,155.4400024,155.25,156.5200043,153.3500061,1744900.0,155.1545105
2021-10-06 00:00:00,155.3099976,153.5099945,155.4600067,151.8200073,1667000.0,155.0247498
2021-10-07 00:00:00,157.75,157.0299988,159.6600037,156.0599976,1862000.0,157.4602661
2021-10-08 00:00:00,157.0899963,157.9900055,158.7400055,156.4299927,1193900.0,156.8014832
2021-10-11 00:00:00,156.8200073,157.4100037,159.7700043,156.5700073,1677800.0,156.5319824
2021-10-12 00:00:00,157.4499969,156.6000061,158.2299957,155.9700012,1995800.0,157.1608124
2021-10-13 00:00:00,154.6199951,158.2299957,158.4499969,154.1600037,1973100.0,154.3360138
2021-10-14 00:00:00,155.2200012,155.8699951,156.5399933,154.0700073,1978400.0,154.9349213
2021-10-15 00:00:00,160.0399933,157.1100006,161.4199982,157.0,2801300.0,159.746048
2021-10-18 00:00:00,159.2100067,159.0,160.4400024,158.2200012,1541900.0,158.9175873
2021-10-19 00:00:00,155.0200043,158.0,158.8999939,154.4900055,2619500.0,154.7352905
2021-10-20 00:00:00,153.2700043,154.75,155.1900024,152.6499939,2402900.0,152.9884949
2021-10-21 00:00:00,155.6499939,153.5500031,155.7799988,152.8399963,1192800.0,155.3641205
2021-10-22 00:00:00,154.75,155.3099976,155.9600067,154.1300049,996300.0,154.4657745
2021-10-25 00:00:00,154.7899933,155.2799988,156.1699982,153.4499969,1434300.0,154.5056915
2021-10-26 00:00:00,156.0399933,156.6499939,157.6100006,155.1699982,1804300.0,155.7534027
2021-10-27 00:00:00,159.8000031,155.0700073,160.5599976,154.1799927,2100300.0,159.5065002
2021-10-28 00:00:00,159.9700012,159.5599976,162.3099976,158.2599945,2317600.0,159.6761932
2021-10-29 00:00:00,160.0200043,159.0,161.0500031,157.4499969,2025400.0,159.7261047
2021-11-01 00:00:00,161.8300018,160.3999939,162.1499939,159.2899933,2177900.0,161.5327759
2021-11-02 00:00:00,160.0599976,160.9499969,161.9199982,158.3300018,2615800.0,159.7660217
2021-11-03 00:00:00,164.5299988,160.7599945,166.8200073,157.0700073,3158400.0,164.2278137
2021-11-04 00:00:00,164.0899963,166.0200043,166.0200043,162.7100067,1863800.0,163.78862
2021-11-05 00:00:00,167.6100006,169.3999939,171.6799927,166.2299957,2955400.0,167.3021545
2021-11-08 00:00:00,168.3899994,170.3300018,170.8399963,167.3300018,2476600.0,168.080719
2021-11-09 00:00:00,164.7700043,168.0500031,168.0500031,162.3899994,1774500.0,164.4673767
2021-11-10 00:00:00,160.9900055,163.4799957,164.5,159.5899963,1554800.0,160.6943207
2021-11-11 00:00:00,156.8699951,160.6199951,161.0,156.6199951,1664900.0,156.5818787
2021-11-12 00:00:00,156.4799957,157.5,158.9499969,155.5299988,1914100.0,156.1925964
2021-11-15 00:00:00,155.6799927,157.0399933,157.7899933,154.8800049,1378600.0,155.3940582
2021-11-16 00:00:00,153.9900055,155.1300049,155.5800018,152.8099976,2137700.0,153.7071838
2021-11-17 00:00:00,156.7200012,153.2700043,156.9100037,152.3300018,1965600.0,156.4321594
2021-11-18 00:00:00,155.7299957,156.7700043,157.7400055,154.8399963,1126800.0,155.4439697
2021-11-19 00:00:00,154.9199982,153.9799957,156.0899963,150.2599945,1879800.0,154.6354675
2021-11-22 00:00:00,156.4100037,156.1600037,157.1499939,152.7899933,2268900.0,156.1227264
2021-11-23 00:00:00,157.4400024,157.3800049,158.4499969,156.1399994,1926300.0,157.1508331
2021-11-24 00:00:00,157.6100006,156.1199951,158.0700073,153.3999939,1532800.0,157.3205261
2021-11-26 00:00:00,147.4400024,146.6499939,147.7599945,140.5500031,4264500.0,147.1692047
2021-11-29 00:00:00,150.7700043,149.6999969,154.5500031,149.6999969,3155000.0,150.4930878
2021-11-30 00:00:00,147.5599976,148.5599976,149.0,145.6999969,3465900.0,147.2889862
2021-12-01 00:00:00,142.5,150.2599945,152.0700073,142.1100006,3198900.0,142.2382812
2021-12-02 00:00:00,151.1199951,143.3699951,152.5899963,143.1300049,3099000.0,150.8424377
2021-12-03 00:00:00,149.9799957,151.5700073,152.2200012,146.8000031,3104600.0,149.7045288
2021-12-06 00:00:00,156.6999969,152.2200012,159.4799957,152.2200012,2421800.0,156.4121857
2021-12-07 00:00:00,156.5299988,158.4900055,162.1799927,155.6999969,2416600.0,156.2425079
2021-12-08 00:00:00,157.6399994,157.4600067,159.5700073,155.8099976,1618500.0,157.3504639
2021-12-09 00:00:00,157.1499939,156.2599945,158.4799957,155.3600006,1103100.0,156.8613586
2021-12-10 00:00:00,160.8099976,158.2100067,160.9499969,156.0200043,1705600.0,160.5146484
2021-12-13 00:00:00,153.6799927,159.0700073,159.6799927,153.4199982,2362800.0,153.3977356
2021-12-14 00:00:00,154.0099945,152.7700043,155.9400024,152.5500031,1548800.0,153.7271271
2021-12-15 00:00:00,151.1799927,152.9900055,153.9299927,148.6499939,2228000.0,150.9023285
2021-12-16 00:00:00,150.7599945,151.1600037,153.1199951,150.0899963,2738400.0,150.4830933
2021-12-17 00:00:00,150.1900024,149.3800049,151.8300018,147.5099945,3592300.0,149.9141541
2021-12-20 00:00:00,149.6799927,146.9900055,151.2400055,145.7899933,2765600.0,149.4050751
2021-12-21 00:00:00,158.3200073,150.9199982,158.6999969,150.9199982,2269300.0,158.0292206
2021-12-22 00:00:00,162.5800018,158.5599976,163.2299957,158.3600006,2001000.0,162.2814026
2021-12-23 00:00:00,165.1900024,164.25,165.7899933,162.5399933,1528900.0,164.8866119
2021-12-27 00:00:00,166.7100067,164.4700012,167.0899963,163.4499969,1139900.0,166.4038239
2021-12-28 00:00:00,166.75,165.9100037,167.6600037,165.2799988,1297200.0,166.4437408
2021-12-29 00:00:00,166.5500031,166.3500061,167.5800018,165.5,905600.0,166.2441101
2021-12-30 00:00:00,164.8600006,166.5500031,167.9799957,164.7299957,840900.0,164.5572052
2021-12-31 00:00:00,165.2400055,164.8500061,166.1799927,164.0700073,902700.0,164.9365234
2022-01-03 00:00:00,163.9100037,165.0700073,166.4100037,161.2299957,1836800.0,163.608963
2022-01-04 00:00:00,168.0099945,166.7700043,171.1600037,165.8000031,2131600.0,167.701416
2022-01-05 00:00:00,164.3699951,168.2700043,169.0,164.3300018,1656700.0,164.0681
2022-01-06 00:00:00,165.2200012,165.3000031,166.4600067,164.2299957,1421600.0,164.9165497
2022-01-07 00:00:00,166.6600037,166.0,168.75,164.6900024,1508800.0,166.3539124
2022-01-10 00:00:00,162.0500031,167.25,167.8800049,160.1300049,2228400.0,161.7523651
2022-01-11 00:00:00,165.1999969,161.9700012,165.6499939,160.0700073,2141100.0,164.8965759
2022-01-12 00:00:00,164.8600006,166.3500061,166.8699951,162.6600037,1606400.0,164.5572052
2022-01-13 00:00:00,164.5099945,164.9400024,167.3000031,164.1000061,1619700.0,164.20784
2022-01-14 00:00:00,162.8000031,163.8899994,164.4199982,159.7200012,1886400.0,162.5009918
2022-01-18 00:00:00,159.5099945,160.1199951,161.1100006,157.6799927,2087600.0,159.2170258
2022-01-19 00:00:00,154.1999969,159.9299927,159.9799957,154.1100006,2396300.0,153.9167786
2022-01-20 00:00:00,156.6999969,155.5500031,161.6900024,155.3699951,2160400.0,156.4121857
2022-01-21 00:00:00,156.9900055,156.6999969,160.1999969,154.5,4745500.0,156.7016754
2022-01-24 00:00:00,155.7400055,154.0,156.5,150.9299927,3537700.0,155.4539642
2022-01-25 00:00:00,157.0299988,153.9499969,158.25,150.3500061,2197200.0,156.7415924
2022-01-26 00:00:00,158.7299957,158.0399933,164.0,156.6900024,2345800.0,158.4384613
2022-01-27 00:00:00,153.7100067,159.6300049,160.8600006,152.1300049,2184100.0,153.4276886
2022-01-28 00:00:00,159.3800049,154.0,159.5099945,152.75,1930400.0,159.0872803
2022-01-31 00:00:00,161.1199951,158.5399933,161.2899933,157.2400055,1972100.0,160.8240662
2022-02-01 00:00:00,163.0200043,161.1199951,163.6799927,160.3300018,1755100.0,162.7205963
2022-02-02 00:00:00,160.8699951,163.3399963,163.6399994,160.1100006,3912500.0,160.5745392
2022-02-03 00:00:00,162.0099945,160.0,164.4900055,160.0,2920000.0,161.7124329
2022-02-04 00:00:00,162.7400055,161.0099945,163.7100067,158.9199982,2204700.0,162.4411011
2022-02-07 00:00:00,166.0399933,163.1199951,167.2400055,162.75,2003300.0,165.7350311
2022-02-08 00:00:00,171.5500031,167.0599976,172.0399933,165.3000031,2553000.0,171.2349243
2022-02-09 00:00:00,173.5299988,172.5599976,176.5200043,172.0299988,2100300.0,173.2112885
2022-02-10 00:00:00,174.6799927,170.8899994,176.4799957,170.0099945,2122100.0,174.3591614
2022-02-11 00:00:00,169.8800049,175.1600037,177.2299957,168.6799927,2819100.0,169.5679932
2022-02-14 00:00:00,171.3300018,170.5500031,174.3999939,169.4199982,2675200.0,171.0153198
2022-02-15 00:00:00,181.1999969,175.8999939,181.3399963,174.5399933,4264300.0,180.8671875
2022-02-16 00:00:00,183.2599945,178.3099976,184.9900055,178.0,3263800.0,182.9234161
2022-02-17 00:00:00,178.1699982,180.1699982,181.7799988,177.7100067,3356300.0,177.8427582
2022-02-18 00:00:00,174.9199982,177.5800018,179.5399933,174.7200012,2882400.0,174.5987244
2022-02-22 00:00:00,173.1199951,174.6199951,175.8200073,169.8099976,2744000.0,172.8020325
2022-02-23 00:00:00,167.9700012,174.1399994,174.5500031,167.3699951,3494800.0,167.661499
2022-02-24 00:00:00,168.75,163.0599976,169.5500031,162.9499969,4332700.0,168.4400635
2022-02-25 00:00:00,174.3699951,170.5299988,174.6000061,168.4299927,2805800.0,174.0497437
2022-02-28 00:00:00,170.1399994,170.3899994,172.4900055,167.5299988,2574400.0,169.8275146
2022-03-01 00:00:00,164.9100037,168.6999969,170.0099945,163.8800049,2886100.0,164.6071167
2022-03-02 00:00:00,168.2299957,167.5800018,171.0099945,166.9100037,2159600.0,167.9210205
2022-03-03 00:00:00,165.4700012,169.7400055,171.5299988,164.4499969,2444900.0,165.1660919
2022-03-04 00:00:00,159.2799988,163.0,163.9299927,156.7599945,2858200.0,158.9874573
2022-03-07 00:00:00,148.0599976,159.2200012,159.2200012,147.9299927,3769100.0,147.7880554
2022-03-08 00:00:00,152.7899933,148.9199982,159.1100006,146.0700073,4939400.0,152.5093689
2022-03-09 00:00:00,159.4700012,158.1999969,162.5599976,157.7400055,3509600.0,159.1771088
2022-03-10 00:00:00,162.5599976,156.5500031,164.2200012,156.0500031,2573300.0,162.2614288
2022-03-11 00:00:00,161.6399994,164.3500061,165.5299988,161.3000031,2316300.0,161.3431244
2022-03-14 00:00:00,161.7599945,162.2700043,164.1300049,160.1100006,1917600.0,161.4628906
2022-03-15 00:00:00,166.3999939,163.9299927,167.3300018,163.6499939,2297300.0,166.0943756
2022-03-16 00:00:00,172.2899933,168.1900024,172.5,167.0299988,2300300.0,171.9735565
2022-03-17 00:00:00,171.2400055,170.3300018,171.25,168.1300049,1582300.0,170.9254913
2022-03-18 00:00:00,171.1900024,170.2599945,173.4400024,167.6499939,3542300.0,170.8755798
2022-03-21 00:00:00,169.9499969,169.9499969,170.2200012,167.8500061,1770400.0,169.6378632
2022-03-22 00:00:00,170.5700073,171.6699982,172.8800049,169.9799957,2004100.0,170.2567291
2022-03-23 00:00:00,167.6499939,169.4100037,170.9799957,167.1999969,2709100.0,167.3420715
2022-03-24 00:00:00,171.9799957,169.0,171.9900055,167.1999969,1795800.0,171.6641235
2022-03-25 00:00:00,171.5200043,172.0,173.6900024,170.75,1427600.0,171.2049866
2022-03-28 00:00:00,171.5599976,172.1000061,172.5700073,169.1399994,1215600.0,171.2449036
2022-03-29 00:00:00,178.3200073,174.2400055,178.9700012,174.1000061,2200900.0,177.9924927
2022-03-30 00:00:00,176.4499969,177.5399933,179.1199951,175.3999939,2285200.0,176.1259155
2022-03-31 00:00:00,175.75,177.1900024,179.3000031,175.7200012,2368900.0,175.4272003
2022-04-01 00:00:00,173.6799927,176.9199982,178.3800049,172.6100006,1900400.0,173.3610077
2022-04-04 00:00:00,174.6499939,173.3699951,175.0399933,171.6199951,1394900.0,174.3292236
2022-04-05 00:00:00,174.0,174.4100037,176.6100006,172.0,1545100.0,173.6804199
2022-04-06 00:00:00,166.1699982,171.7599945,171.7599945,165.6199951,2180100.0,165.8648071
2022-04-07 00:00:00,164.6600037,165.5800018,166.6199951,162.3600006,2608600.0,164.3575745
2022-04-08 00:00:00,163.8600006,163.6100006,165.3099976,162.3999939,1522400.0,163.5590515
2022-04-11 00:00:00,162.4499969,161.9600067,165.5599976,161.6600037,1402500.0,162.1516266
2022-04-12 00:00:00,163.2400055,164.6300049,165.9600067,162.2799988,1549700.0,162.9401855
2022-04-13 00:00:00,175.5399933,164.1600037,176.25,164.0099945,3343800.0,175.2175903
2022-04-14 00:00:00,180.5099945,176.1999969,181.5200043,176.1999969,3631700.0,180.1784668
2022-04-18 00:00:00,183.1499939,179.2299957,184.9499969,179.2299957,2961100.0,182.8136139
2022-04-19 00:00:00,188.7799988,182.2799988,189.5500031,182.0500031,2775100.0,188.4332733
2022-04-20 00:00:00,190.3000031,189.0,193.7899933,188.7799988,3500700.0,189.9504852
2022-04-21 00:00:00,184.1699982,193.5399933,195.8999939,183.6999969,2905600.0,183.8317413
2022-04-22 00:00:00,179.4900055,183.7599945,184.1699982,178.9400024,1872900.0,179.1603394
2022-04-25 00:00:00,182.4799957,178.8699951,182.6900024,177.0099945,2368300.0,182.1448364
2022-04-26 00:00:00,177.25,181.0,183.1799927,176.8200073,2085100.0,176.9244537
2022-04-27 00:00:00,180.1999969,177.9299927,181.8300018,175.9100037,1808900.0,179.8690338
2022-04-28 00:00:00,184.5599976,181.7200012,186.1699982,180.0700073,2335500.0,184.2210236
2022-04-29 00:00:00,177.5200043,182.9700012,185.1300049,176.9600067,2605500.0,177.1939545
2022-05-02 00:00:00,178.1399994,178.9499969,180.3200073,173.2799988,2590000.0,177.8128204
2022-05-03 00:00:00,173.0399933,178.6499939,178.6900024,170.7899933,4135800.0,172.7221832
2022-05-04 00:00:00,181.2400055,176.0,181.5700073,172.3200073,4283900.0,180.907135
2022-05-05 00:00:00,177.6600037,179.6900024,183.5099945,175.1799927,3174400.0,177.3337097
2022-05-06 00:00:00,172.5200043,178.1799927,178.5399933,169.2799988,2764100.0,172.2031403
2022-05-09 00:00:00,163.8500061,170.9799957,170.9799957,162.1000061,4058300.0,163.5490723
2022-05-10 00:00:00,168.0899963,168.0599976,170.2400055,164.9299927,2594500.0,167.7812653
2022-05-11 00:00:00,166.9600067,167.6199951,172.4900055,165.7899933,2973800.0,166.6533508
2022-05-12 00:00:00,163.3399963,165.4700012,167.3099976,159.9600067,2619600.0,163.0399933
2022-05-13 00:00:00,166.3999939,166.0,167.4799957,163.75,2772300.0,166.3999939
2022-05-16 00:00:00,162.3300018,165.6999969,166.3899994,161.3999939,2367900.0,162.3300018
2022-05-17 00:00:00,164.8600006,166.3300018,167.3200073,162.5,2302300.0,164.8600006
2022-05-18 00:00:00,154.0200043,162.7299957,164.3800049,153.0099945,3748400.0,154.0200043
2022-05-19 00:00:00,156.9400024,153.2899933,159.5899963,152.25,2228000.0,156.9400024
2022-05-20 00:00:00,155.2299957,159.4199982,159.6300049,151.4299927,2105800.0,155.2299957
2022-05-23 00:00:00,157.9600067,156.4700012,159.1600037,153.3200073,1832300.0,157.9600067
2022-05-24 00:00:00,152.6399994,155.6799927,156.6900024,149.7599945,2303600.0,152.6399994
2022-05-25 00:00:00,159.5500031,151.3899994,160.3500061,150.7700043,3079800.0,159.5500031
