date,close,open,high,low,volume,adjclose
2012-05-14 00:00:00,26.8675,26.9125,27.115,26.735001,5636400.0,24.032686
2012-05-15 00:00:00,26.805,26.827499,27.252501,26.752501,7127600.0,23.976772
2012-05-16 00:00:00,26.75,26.934999,27.23,26.555,9965200.0,23.927584
2012-05-17 00:00:00,26.084999,26.695,26.75,26.067499,9444400.0,23.332741
2012-05-18 00:00:00,26.360001,26.35,26.945,26.27,15844800.0,23.57873
2012-05-21 00:00:00,26.807501,26.327499,26.84,26.327499,9034400.0,23.979013
2012-05-22 00:00:00,27.112499,26.809999,27.2875,26.799999,10214000.0,24.251831
2012-05-23 00:00:00,26.879999,26.942499,27.25,26.545,8513200.0,24.043863
2012-05-24 00:00:00,26.870001,26.9175,27.16,26.695,8629600.0,24.034918
2012-05-25 00:00:00,27.1975,26.98,27.297501,26.905001,6687600.0,24.327864
2012-05-29 00:00:00,27.73,27.377501,27.73,27.285,8734800.0,24.804178
2012-05-30 00:00:00,27.1525,27.395,27.5825,27.057501,10357200.0,24.287613
2012-05-31 00:00:00,27.045,27.125,27.2125,26.665001,10796800.0,24.271904
2012-06-01 00:00:00,26.15,26.5725,26.637501,26.045,9376400.0,23.468676
2012-06-04 00:00:00,26.174999,26.137501,26.280001,25.785,10202000.0,23.49111
2012-06-05 00:00:00,26.377501,26.075001,26.440001,26.0,9183200.0,23.672853
2012-06-06 00:00:00,26.7675,26.522499,26.775,26.432501,7794000.0,24.022854
2012-06-07 00:00:00,26.84,26.985001,27.0975,26.5625,7079600.0,24.087927
2012-06-08 00:00:00,27.16,26.844999,27.192499,26.577499,7254400.0,24.375116
2012-06-11 00:00:00,26.865,27.280001,27.477501,26.85,6257600.0,24.110363
2012-06-12 00:00:00,26.9,26.897499,27.165001,26.684999,10159600.0,24.141773
2012-06-13 00:00:00,25.555,26.8025,26.8825,25.32,22770400.0,22.934683
2012-06-14 00:00:00,25.004999,25.865,25.865,24.84,24052400.0,22.44108
2012-06-15 00:00:00,25.4375,25.0625,25.5,24.889999,16830800.0,22.829231
2012-06-18 00:00:00,25.35,25.3825,25.432501,25.032499,12656800.0,22.750706
2012-06-19 00:00:00,25.385,25.360001,25.6625,25.3325,8638400.0,22.782122
2012-06-20 00:00:00,25.299999,25.639999,25.68,25.157499,12839600.0,22.705832
2012-06-21 00:00:00,24.665001,25.315001,25.615,24.6325,16054400.0,22.135948
2012-06-22 00:00:00,24.85,24.727501,24.879999,24.57,15357200.0,22.30197
2012-06-25 00:00:00,24.365,24.594999,24.684999,24.174999,11873200.0,21.866697
2012-06-26 00:00:00,24.612499,24.440001,24.715,24.325001,9580000.0,22.088825
2012-06-27 00:00:00,24.5275,24.7325,24.9025,24.375,11222400.0,22.012545
2012-06-28 00:00:00,24.2225,24.385,24.620001,23.959999,23916800.0,21.738819
2012-06-29 00:00:00,21.945,21.959999,22.625,21.275,86339600.0,19.694841
2012-07-02 00:00:00,22.2125,22.0975,22.372499,22.0075,23501600.0,19.93491
2012-07-03 00:00:00,22.620001,22.342501,22.65,22.0625,14998400.0,20.300632
2012-07-05 00:00:00,23.049999,22.674999,23.174999,22.637501,22257200.0,20.686539
2012-07-06 00:00:00,22.844999,22.9025,23.057501,22.692499,16196400.0,20.502558
2012-07-09 00:00:00,22.57,22.8025,22.924999,22.5,13910000.0,20.255754
2012-07-10 00:00:00,22.8225,22.65,23.0,22.65,14529200.0,20.482361
2012-07-11 00:00:00,23.065001,22.9175,23.1,22.625,17389600.0,20.700003
2012-07-12 00:00:00,22.955,22.98,23.059999,22.5525,14964800.0,20.601278
2012-07-13 00:00:00,23.4925,23.065001,23.5725,23.01,11396400.0,21.083662
2012-07-16 00:00:00,23.254999,23.452499,23.4725,23.2225,11684800.0,20.87052
2012-07-17 00:00:00,23.190001,23.120001,23.3575,22.977501,10660000.0,20.812185
2012-07-18 00:00:00,23.657499,23.122499,23.735001,22.995001,10964000.0,21.231749
2012-07-19 00:00:00,23.815001,23.799999,23.995001,23.5275,10861200.0,21.373098
2012-07-20 00:00:00,23.27,23.6775,23.75,23.262501,11975200.0,20.883976
2012-07-23 00:00:00,23.2125,23.012501,23.315001,22.834999,8619200.0,20.832373
2012-07-24 00:00:00,23.24,23.315001,23.4825,23.102501,8305200.0,20.857056
2012-07-25 00:00:00,23.377501,23.385,23.5625,23.275,8244800.0,20.980455
2012-07-26 00:00:00,24.145,23.622499,24.2225,23.5725,14765600.0,21.669264
2012-07-27 00:00:00,24.2575,24.205,24.362499,23.91,10419600.0,21.770224
2012-07-30 00:00:00,23.9625,24.2325,24.4375,23.872499,9112800.0,21.505474
2012-07-31 00:00:00,23.3375,23.76,23.895,23.3125,13070000.0,20.944561
2012-08-01 00:00:00,23.25,23.377501,23.5825,23.190001,9594400.0,20.866028
2012-08-02 00:00:00,23.135,22.995001,23.247499,22.76,10461600.0,20.762819
2012-08-03 00:00:00,23.6425,23.4025,23.66,23.344999,8997200.0,21.218285
2012-08-06 00:00:00,23.879999,23.682501,23.934999,23.6625,6321600.0,21.431437
2012-08-07 00:00:00,24.0425,23.9125,24.297501,23.9125,8313200.0,21.577272
2012-08-08 00:00:00,23.975,23.945,24.0525,23.799999,8274000.0,21.516699
2012-08-09 00:00:00,23.764999,23.907499,23.9925,23.73,9914400.0,21.32822
2012-08-10 00:00:00,23.625,23.6625,23.745001,23.5825,9284000.0,21.202578
2012-08-13 00:00:00,23.9625,23.577499,23.977501,23.465,6880000.0,21.505474
2012-08-14 00:00:00,23.727501,24.030001,24.035,23.674999,10998800.0,21.294571
2012-08-15 00:00:00,23.555,23.725,23.92,23.5425,10466400.0,21.139759
2012-08-16 00:00:00,23.695,23.5525,23.8475,23.3575,13942800.0,21.265396
2012-08-17 00:00:00,24.065001,23.7575,24.115,23.7075,12295200.0,21.597467
2012-08-20 00:00:00,23.942499,24.055,24.192499,23.897499,7441600.0,21.48753
2012-08-21 00:00:00,23.9625,23.9825,24.067499,23.790001,8553200.0,21.505474
2012-08-22 00:00:00,23.942499,23.945,23.997499,23.797501,6465200.0,21.48753
2012-08-23 00:00:00,23.862499,23.92,23.995001,23.735001,6762000.0,21.415726
2012-08-24 00:00:00,24.215,23.860001,24.282499,23.860001,9764000.0,21.732088
2012-08-27 00:00:00,24.1075,24.23,24.3125,24.025,6921600.0,21.635603
2012-08-28 00:00:00,24.717501,24.0525,24.8225,23.9625,16471600.0,22.183064
2012-08-29 00:00:00,24.672501,24.74,24.75,24.5525,9468000.0,22.142675
2012-08-30 00:00:00,24.4375,24.4725,24.620001,24.3825,7020400.0,22.012068
2012-08-31 00:00:00,24.34,24.5175,24.629999,24.237499,8129200.0,21.924242
2012-09-04 00:00:00,24.315001,24.297501,24.4725,24.059999,7589200.0,21.901724
2012-09-05 00:00:00,24.3375,24.379999,24.445,24.2425,6288000.0,21.921989
2012-09-06 00:00:00,24.865,24.4375,24.887501,24.3675,9083600.0,22.397139
2012-09-07 00:00:00,24.8225,24.83,24.9375,24.719999,6991600.0,22.35886
2012-09-10 00:00:00,25.01,24.8125,25.225,24.7575,8677600.0,22.527744
2012-09-11 00:00:00,24.92,24.8575,25.047501,24.7775,9840000.0,22.446676
2012-09-12 00:00:00,25.209999,24.959999,25.23,24.85,9198000.0,22.707893
2012-09-13 00:00:00,24.799999,24.8375,24.950001,24.567499,17326000.0,22.338589
2012-09-14 00:00:00,24.16,24.73,24.775,23.9725,22890400.0,21.762106
2012-09-17 00:00:00,24.4925,24.08,24.514999,24.02,9379200.0,22.061611
2012-09-18 00:00:00,24.43,24.424999,24.5625,24.2675,13601200.0,22.00531
2012-09-19 00:00:00,24.415001,25.057501,25.125,24.4,18669600.0,21.991791
2012-09-20 00:00:00,24.18,24.6,24.6,24.094999,12850400.0,21.780127
2012-09-21 00:00:00,24.129999,24.385,24.385,24.049999,13657600.0,21.735081
2012-09-24 00:00:00,23.83,23.9,24.0875,23.5,11824800.0,21.464861
2012-09-25 00:00:00,23.77,23.797501,24.0875,23.75,15992400.0,21.41081
2012-09-26 00:00:00,23.872499,23.74,24.0525,23.5825,11866000.0,21.503136
2012-09-27 00:00:00,24.0,23.950001,24.16,23.6625,19398000.0,21.61799
2012-09-28 00:00:00,23.727501,23.264999,24.045,23.1975,27354400.0,21.372534
2012-10-01 00:00:00,23.887501,23.727501,24.049999,23.655001,11072800.0,21.516657
2012-10-02 00:00:00,23.737499,24.014999,24.049999,23.645,11305600.0,21.381535
2012-10-03 00:00:00,23.450001,23.727501,23.885,23.405001,14771200.0,21.122576
2012-10-04 00:00:00,23.9725,23.5825,23.99,23.5,13058400.0,21.593224
2012-10-05 00:00:00,23.805,24.035,24.1325,23.715,9247200.0,21.442339
2012-10-08 00:00:00,23.747499,23.752501,23.9475,23.6875,5638000.0,21.390545
2012-10-09 00:00:00,23.620001,23.727501,23.922501,23.6,9778800.0,21.275705
2012-10-10 00:00:00,23.555,23.715,23.865,23.5375,7208800.0,21.217154
2012-10-11 00:00:00,23.725,23.655001,23.8675,23.6325,7937600.0,21.370283
2012-10-12 00:00:00,23.605,23.76,23.865,23.5825,6537200.0,21.26219
2012-10-15 00:00:00,23.9025,23.6675,23.955,23.594999,7527600.0,21.530161
2012-10-16 00:00:00,24.309999,24.07,24.4025,24.035,10012000.0,21.897221
2012-10-17 00:00:00,24.3925,24.227501,24.5,24.227501,7126000.0,21.971529
2012-10-18 00:00:00,24.3925,24.424999,24.5175,24.254999,7797600.0,21.971529
2012-10-19 00:00:00,24.112499,24.385,24.525,24.025,9341200.0,21.719324
2012-10-22 00:00:00,23.620001,23.855,24.0875,23.455,8992800.0,21.275705
2012-10-23 00:00:00,23.205,23.459999,23.5625,23.1875,9384400.0,20.901894
2012-10-24 00:00:00,23.2225,23.434999,23.452499,23.115,9947600.0,20.917654
2012-10-25 00:00:00,22.827499,23.262501,23.375,22.782499,10019600.0,20.561857
2012-10-26 00:00:00,22.7875,22.77,22.8375,22.58,12444000.0,20.525831
2012-10-31 00:00:00,22.844999,22.762501,22.9475,22.695,9128800.0,20.577623
2012-11-01 00:00:00,23.8375,22.975,23.9,22.975,14254800.0,21.471619
2012-11-02 00:00:00,23.635,23.924999,24.184999,23.622499,7264400.0,21.289211
2012-11-05 00:00:00,23.815001,23.637501,23.870001,23.5875,5872800.0,21.451347
2012-11-06 00:00:00,24.032499,23.8125,24.032499,23.6875,7824800.0,21.647264
2012-11-07 00:00:00,23.6625,23.93,23.969999,23.655001,7655200.0,21.313984
2012-11-08 00:00:00,22.965,23.612499,23.65,22.965,10450400.0,20.685711
2012-11-09 00:00:00,23.077499,22.922501,23.25,22.92,7748800.0,20.787039
2012-11-12 00:00:00,23.0725,23.125,23.299999,22.995001,5979200.0,20.782539
2012-11-13 00:00:00,22.8675,22.7925,23.165001,22.7575,7246000.0,20.597898
2012-11-14 00:00:00,22.65,22.99,22.99,22.4125,13019200.0,20.401979
2012-11-15 00:00:00,22.7075,22.5725,22.805,22.5175,7764400.0,20.453766
2012-11-16 00:00:00,23.147499,22.959999,23.1875,22.85,11989200.0,20.8501
2012-11-19 00:00:00,24.08,23.372499,24.084999,23.365,10462400.0,21.690048
2012-11-20 00:00:00,23.9025,24.08,24.129999,23.817499,9103200.0,21.530161
2012-11-21 00:00:00,23.9,23.889999,23.9575,23.74,7363600.0,21.52791
2012-11-23 00:00:00,24.1875,24.0,24.190001,23.969999,3352400.0,21.786875
2012-11-26 00:00:00,24.415001,23.870001,24.42,23.844999,12052800.0,21.991791
2012-11-27 00:00:00,24.252501,24.012501,24.5,24.012501,8537200.0,21.845427
2012-11-28 00:00:00,24.782499,24.15,24.790001,24.15,8613600.0,22.322819
2012-11-29 00:00:00,24.7425,24.895,25.0825,24.700001,9744000.0,22.286797
2012-11-30 00:00:00,24.370001,24.615,24.629999,24.227501,12670000.0,21.951263
2012-12-03 00:00:00,24.389999,24.415001,24.727501,24.272499,8688000.0,21.969276
2012-12-04 00:00:00,24.4175,24.407499,24.594999,24.307501,7028400.0,21.994049
2012-12-05 00:00:00,24.42,24.48,24.52,24.1525,6764400.0,21.996307
2012-12-06 00:00:00,24.605,24.3675,24.67,24.307501,9092000.0,22.258646
2012-12-07 00:00:00,24.647499,24.727501,24.747499,24.432501,7418000.0,22.297091
2012-12-10 00:00:00,24.52,24.6675,24.827499,24.495001,7276800.0,22.181753
2012-12-11 00:00:00,24.852501,24.5,24.875,24.459999,9234400.0,22.482553
2012-12-12 00:00:00,24.799999,24.85,25.0,24.65,10656000.0,22.435049
2012-12-13 00:00:00,24.3325,24.772499,24.8925,24.26,7445200.0,22.012135
2012-12-14 00:00:00,24.227501,24.282499,24.4725,24.2125,8662000.0,21.917147
2012-12-17 00:00:00,24.497499,24.3025,24.522499,24.200001,8369600.0,22.161398
2012-12-18 00:00:00,24.73,24.5175,24.745001,24.432501,7871600.0,22.371723
2012-12-19 00:00:00,24.445,24.73,24.799999,24.442499,7879200.0,22.113909
2012-12-20 00:00:00,24.75,24.530001,24.762501,24.3025,12000000.0,22.389828
2012-12-21 00:00:00,26.275,25.625,26.370001,25.290001,27894800.0,23.769392
2012-12-24 00:00:00,26.4,26.139999,26.557501,26.09,11999200.0,23.882473
2012-12-26 00:00:00,25.665001,26.025,26.25,25.594999,8090400.0,23.217567
2012-12-27 00:00:00,25.879999,25.610001,25.969999,25.465,7850400.0,23.412062
2012-12-28 00:00:00,25.495001,25.725,25.860001,25.495001,6432400.0,23.063784
2012-12-31 00:00:00,25.799999,25.415001,25.82,25.295,6807400.0,23.339685
2013-01-02 00:00:00,25.92,26.200001,26.24,25.700001,7512800.0,23.44825
2013-01-03 00:00:00,26.184999,25.975,26.299999,25.889999,7232200.0,23.687983
2013-01-04 00:00:00,26.440001,26.25,26.52,26.235001,6794000.0,23.918663
2013-01-07 00:00:00,26.48,26.395,26.540001,26.264999,6489400.0,23.954849
2013-01-08 00:00:00,26.200001,26.360001,26.469999,26.094999,6714200.0,23.701548
2013-01-09 00:00:00,26.225,26.285,26.370001,26.155001,5530400.0,23.724165
2013-01-10 00:00:00,26.275,26.315001,26.440001,26.084999,7705600.0,23.769392
2013-01-11 00:00:00,26.549999,26.33,26.709999,26.155001,9791000.0,24.018175
2013-01-14 00:00:00,26.594999,26.594999,26.74,26.504999,5591800.0,24.05888
2013-01-15 00:00:00,26.82,26.52,26.875,26.445,6507200.0,24.262424
2013-01-16 00:00:00,26.865,26.76,27.0,26.620001,5300200.0,24.303127
2013-01-17 00:00:00,26.74,26.895,26.985001,26.655001,4864800.0,24.190052
2013-01-18 00:00:00,26.645,26.735001,26.785,26.49,6145400.0,24.104113
2013-01-22 00:00:00,26.74,26.709999,26.754999,26.525,6207600.0,24.190052
2013-01-23 00:00:00,26.545,26.57,26.68,26.405001,6779200.0,24.013645
2013-01-24 00:00:00,26.93,26.594999,26.940001,26.58,6819800.0,24.361933
2013-01-25 00:00:00,27.775,27.065001,27.785,26.995001,12542800.0,25.12635
2013-01-28 00:00:00,27.25,27.700001,27.76,27.16,8038200.0,24.651423
2013-01-29 00:00:00,26.959999,27.195,27.23,26.940001,7214800.0,24.389072
2013-01-30 00:00:00,26.805,26.985001,27.08,26.780001,6343000.0,24.248852
2013-01-31 00:00:00,27.025,26.809999,27.139999,26.719999,9143800.0,24.447872
2013-02-01 00:00:00,26.85,27.23,27.360001,26.799999,6773400.0,24.289562
2013-02-04 00:00:00,26.83,26.795,27.129999,26.75,5075800.0,24.271473
2013-02-05 00:00:00,26.945,26.969999,27.155001,26.93,4527200.0,24.375498
2013-02-06 00:00:00,27.08,26.84,27.184999,26.75,5297000.0,24.497633
2013-02-07 00:00:00,27.34,27.115,27.360001,27.035,5573000.0,24.732832
2013-02-08 00:00:00,27.295,27.285,27.594999,27.24,5100800.0,24.692125
2013-02-11 00:00:00,27.610001,27.639999,27.950001,27.365,8916600.0,24.977085
2013-02-12 00:00:00,27.545,27.450001,27.605,27.395,3866600.0,24.918282
2013-02-13 00:00:00,27.280001,27.514999,27.684999,27.205,6053800.0,24.678558
2013-02-14 00:00:00,27.309999,27.285,27.495001,27.16,6164200.0,24.705692
2013-02-15 00:00:00,27.475,27.344999,27.57,27.26,7056200.0,24.854959
2013-02-19 00:00:00,27.235001,27.445,27.58,27.145,8511200.0,24.637848
2013-02-20 00:00:00,27.01,27.200001,27.33,26.995001,7587200.0,24.434303
2013-02-21 00:00:00,27.27,27.415001,27.52,27.059999,9355800.0,24.669514
2013-02-22 00:00:00,27.235001,27.299999,27.440001,27.0,5855000.0,24.637848
2013-02-25 00:00:00,27.02,27.27,27.495001,27.02,8566000.0,24.443354
2013-02-26 00:00:00,27.135,27.205,27.370001,26.969999,6085200.0,24.547382
2013-02-27 00:00:00,27.17,27.08,27.26,26.98,6269200.0,24.57905
2013-02-28 00:00:00,27.23,27.129999,27.360001,27.0,6713600.0,24.728888
2013-03-01 00:00:00,27.41,27.209999,27.415001,27.09,8053400.0,24.892357
2013-03-04 00:00:00,27.365,27.275,27.450001,27.205,5291800.0,24.851486
2013-03-05 00:00:00,27.450001,27.450001,27.5,27.26,8098000.0,24.928684
2013-03-06 00:00:00,27.65,27.48,27.805,27.35,5812000.0,25.110312
2013-03-07 00:00:00,27.610001,27.700001,27.825001,27.57,5685200.0,25.073988
2013-03-08 00:00:00,27.344999,27.559999,27.615,27.25,8013000.0,24.83333
2013-03-11 00:00:00,27.264999,27.285,27.32,27.08,6754800.0,24.760675
2013-03-12 00:00:00,26.745001,26.85,27.084999,26.635,12341600.0,24.288441
2013-03-13 00:00:00,27.424999,26.805,27.495001,26.799999,8185400.0,24.905983
2013-03-14 00:00:00,27.344999,27.42,27.450001,27.17,6910800.0,24.83333
2013-03-15 00:00:00,27.389999,27.334999,27.424999,27.145,8121000.0,24.874199
2013-03-18 00:00:00,27.08,27.215,27.33,27.040001,5079400.0,24.592674
2013-03-19 00:00:00,26.915001,27.145,27.219999,26.77,6628400.0,24.442829
2013-03-20 00:00:00,27.415001,27.035,27.440001,27.030001,7941800.0,24.8969
2013-03-21 00:00:00,26.799999,27.23,27.360001,26.764999,15896200.0,24.338387
2013-03-22 00:00:00,29.764999,29.0,30.125,28.934999,38657400.0,27.031046
2013-03-25 00:00:00,29.780001,29.695,29.99,29.514999,13317400.0,27.04467
2013-03-26 00:00:00,29.735001,29.674999,29.815001,29.450001,8948600.0,27.003805
2013-03-27 00:00:00,29.225,29.51,29.65,29.07,10445000.0,26.540644
2013-03-28 00:00:00,29.504999,29.48,29.655001,29.225,7612400.0,26.794926
2013-04-01 00:00:00,29.129999,29.5,29.594999,28.99,6969800.0,26.454374
2013-04-02 00:00:00,29.450001,29.184999,29.695,29.18,9330600.0,26.744984
2013-04-03 00:00:00,29.455,29.6,29.764999,29.280001,7626600.0,26.749517
2013-04-04 00:00:00,29.67,29.395,29.75,29.370001,4999400.0,26.944775
2013-04-05 00:00:00,29.485001,29.290001,29.52,29.165001,6189800.0,26.77677
2013-04-08 00:00:00,29.975,29.445,29.975,29.41,8013200.0,27.22176
2013-04-09 00:00:00,29.945,29.91,30.065001,29.645,6675000.0,27.194513
2013-04-10 00:00:00,30.145,29.959999,30.275,29.959999,5951000.0,27.376148
2013-04-11 00:00:00,30.6,30.184999,30.690001,30.155001,8789400.0,27.789352
2013-04-12 00:00:00,30.290001,30.535,30.615,30.215,5538800.0,27.507824
2013-04-15 00:00:00,29.834999,30.23,30.465,29.834999,6662600.0,27.094618
2013-04-16 00:00:00,30.25,30.014999,30.264999,29.834999,5960600.0,27.4715
2013-04-17 00:00:00,30.450001,30.084999,30.655001,30.004999,10434800.0,27.653133
2013-04-18 00:00:00,30.09,30.485001,30.6,29.85,6016400.0,27.326199
2013-04-19 00:00:00,30.459999,30.290001,30.52,30.135,6768400.0,27.662216
2013-04-22 00:00:00,30.68,30.545,30.745001,30.315001,5968600.0,27.862
2013-04-23 00:00:00,30.84,30.809999,30.965,30.620001,6119600.0,28.007309
2013-04-24 00:00:00,30.764999,30.924999,31.0,30.700001,4168000.0,27.939192
2013-04-25 00:00:00,31.035,30.809999,31.245001,30.785,4367600.0,28.184395
2013-04-26 00:00:00,30.945,31.08,31.235001,30.790001,4825600.0,28.102665
2013-04-29 00:00:00,31.315001,31.0,31.405001,30.809999,5841600.0,28.438681
2013-04-30 00:00:00,31.799999,31.365,31.885,31.33,10094800.0,28.879129
2013-05-01 00:00:00,31.68,31.780001,32.145,31.6,7924400.0,28.770147
2013-05-02 00:00:00,31.66,31.75,31.785,31.475,5605400.0,28.751989
2013-05-03 00:00:00,32.275002,31.84,32.48,31.84,6950800.0,29.310503
2013-05-06 00:00:00,31.98,32.200001,32.275002,31.889999,4750200.0,29.042603
2013-05-07 00:00:00,31.955,32.095001,32.185001,31.905001,6298000.0,29.019897
2013-05-08 00:00:00,31.950001,31.85,32.055,31.834999,6259000.0,29.01535
2013-05-09 00:00:00,31.870001,31.950001,32.264999,31.825001,4433800.0,28.942701
2013-05-10 00:00:00,32.380001,31.93,32.395,31.834999,6645600.0,29.405861
2013-05-13 00:00:00,32.325001,32.255001,32.400002,32.16,3780600.0,29.355911
2013-05-14 00:00:00,32.955002,32.264999,32.990002,32.264999,8277200.0,29.928051
2013-05-15 00:00:00,32.915001,32.889999,33.0,32.724998,5286200.0,29.891718
2013-05-16 00:00:00,32.220001,32.880001,33.035,32.080002,7688600.0,29.260557
2013-05-17 00:00:00,32.66,32.235001,32.720001,32.200001,6219200.0,29.660139
2013-05-20 00:00:00,32.665001,32.634998,32.75,32.525002,5461800.0,29.66468
2013-05-21 00:00:00,32.615002,32.669998,32.724998,32.490002,6465400.0,29.619274
2013-05-22 00:00:00,32.224998,32.619999,32.785,32.044998,8295200.0,29.265091
2013-05-23 00:00:00,31.665001,31.99,32.075001,31.545,8626400.0,28.756535
2013-05-24 00:00:00,31.395,31.334999,31.434999,30.780001,7517400.0,28.511332
2013-05-28 00:00:00,31.639999,31.785,32.055,31.52,7784000.0,28.733828
2013-05-29 00:00:00,31.465,31.455,31.584999,31.200001,5521200.0,28.574905
2013-05-30 00:00:00,31.205,31.475,31.65,31.195,5955200.0,28.433668
2013-05-31 00:00:00,30.83,31.1,31.57,30.83,7460400.0,28.091969
2013-06-03 00:00:00,31.514999,30.799999,31.540001,30.555,10141200.0,28.716139
2013-06-04 00:00:00,31.389999,31.625,31.785,31.155001,6785400.0,28.602234
2013-06-05 00:00:00,30.875,31.299999,31.469999,30.799999,6205400.0,28.132977
2013-06-06 00:00:00,31.08,30.870001,31.09,30.605,4761400.0,28.319771
2013-06-07 00:00:00,31.375,31.24,31.545,31.125,5332000.0,28.588572
2013-06-10 00:00:00,31.52,31.455,31.74,31.370001,5479000.0,28.720692
2013-06-11 00:00:00,31.075001,31.15,31.469999,30.985001,5540400.0,28.315216
2013-06-12 00:00:00,30.705,31.285,31.285,30.674999,5442600.0,27.978071
2013-06-13 00:00:00,30.879999,30.65,30.959999,30.514999,7832600.0,28.137526
2013-06-14 00:00:00,30.945,30.815001,31.200001,30.805,5222400.0,28.196756
2013-06-17 00:00:00,30.969999,31.190001,31.360001,30.91,7512800.0,28.219542
2013-06-18 00:00:00,31.075001,30.92,31.125,30.809999,9068800.0,28.315216
2013-06-19 00:00:00,30.875,31.07,31.17,30.865,9223600.0,28.132977
2013-06-20 00:00:00,30.389999,30.665001,30.815001,30.32,9824200.0,27.691048
2013-06-21 00:00:00,30.285,30.41,30.690001,30.035,10089200.0,27.595375
2013-06-24 00:00:00,29.975,30.08,30.254999,29.555,9489400.0,27.31291
2013-06-25 00:00:00,30.195,30.209999,30.495001,29.975,10896400.0,27.513367
2013-06-26 00:00:00,30.924999,30.43,31.059999,30.395,11376800.0,28.178534
2013-06-27 00:00:00,31.16,31.434999,31.625,31.065001,12282800.0,28.392664
2013-06-28 00:00:00,31.84,30.969999,32.035,30.09,26803800.0,29.01227
2013-07-01 00:00:00,31.165001,31.969999,32.294998,31.1,14398800.0,28.397215
2013-07-02 00:00:00,31.309999,30.965,31.540001,30.950001,7402400.0,28.529341
2013-07-03 00:00:00,31.43,31.120001,31.469999,31.049999,3375600.0,28.638687
2013-07-05 00:00:00,31.82,31.58,31.915001,31.575001,5157800.0,28.994047
2013-07-08 00:00:00,31.860001,32.0,32.330002,31.74,6981600.0,29.030495
2013-07-09 00:00:00,31.965,32.0,32.139999,31.700001,6989200.0,29.126165
2013-07-10 00:00:00,31.799999,31.955,31.955,31.66,5101800.0,28.975824
2013-07-11 00:00:00,31.860001,32.099998,32.220001,31.719999,7146000.0,29.030495
2013-07-12 00:00:00,31.834999,31.815001,31.915001,31.745001,4424000.0,29.007719
2013-07-15 00:00:00,31.674999,31.73,31.825001,31.625,5761800.0,28.861925
2013-07-16 00:00:00,31.35,31.57,31.735001,31.235001,6858200.0,28.565786
2013-07-17 00:00:00,31.665001,31.299999,31.834999,31.285,6247600.0,28.852819
2013-07-18 00:00:00,31.66,31.620001,31.889999,31.450001,4486800.0,28.848257
2013-07-19 00:00:00,31.674999,31.625,31.795,31.540001,5919400.0,28.861925
2013-07-22 00:00:00,31.645,31.555,31.785,31.42,5581600.0,28.834591
2013-07-23 00:00:00,31.594999,31.76,31.790001,31.57,4289600.0,28.789034
2013-07-24 00:00:00,31.315001,31.594999,31.715,31.285,4705400.0,28.533901
2013-07-25 00:00:00,31.245001,31.375,31.445,31.1,8911400.0,28.470114
2013-07-26 00:00:00,31.264999,31.025,31.299999,31.014999,5517800.0,28.488342
2013-07-29 00:00:00,31.355,31.125,31.395,31.125,5075600.0,28.570343
2013-07-30 00:00:00,31.424999,31.325001,31.549999,31.32,6399600.0,28.63413
2013-07-31 00:00:00,31.459999,31.559999,31.75,31.385,8461800.0,28.666023
2013-08-01 00:00:00,32.985001,31.620001,33.055,31.620001,15813200.0,30.055597
2013-08-02 00:00:00,33.150002,32.994999,33.305,32.705002,7499800.0,30.205933
2013-08-05 00:00:00,33.200001,33.099998,33.27,33.080002,4213000.0,30.251493
2013-08-06 00:00:00,33.27,33.154999,33.424999,32.939999,6244000.0,30.315277
2013-08-07 00:00:00,32.814999,33.07,33.119999,32.805,5888800.0,29.900677
2013-08-08 00:00:00,33.025002,33.029999,33.224998,32.889999,5057400.0,30.092033
2013-08-09 00:00:00,33.154999,32.959999,33.369999,32.919998,5644800.0,30.210474
2013-08-12 00:00:00,33.255001,33.044998,33.299999,33.025002,4401800.0,30.301598
2013-08-13 00:00:00,32.904999,33.305,33.375,32.845001,4299400.0,29.982691
2013-08-14 00:00:00,32.174999,32.764999,32.830002,32.115002,5961800.0,29.317516
2013-08-15 00:00:00,31.745001,31.889999,32.0,31.58,6227000.0,28.925705
2013-08-16 00:00:00,31.825001,31.719999,32.154999,31.67,5261200.0,28.998606
2013-08-19 00:00:00,32.355,31.85,32.555,31.75,7749600.0,29.481535
2013-08-20 00:00:00,32.314999,32.275002,32.855,32.154999,7668400.0,29.445082
2013-08-21 00:00:00,32.064999,32.285,32.494999,32.02,4770400.0,29.217287
2013-08-22 00:00:00,32.43,32.049999,32.584999,31.950001,5056000.0,29.549877
2013-08-23 00:00:00,32.105,32.584999,32.610001,31.950001,8044600.0,29.253736
2013-08-26 00:00:00,31.959999,32.099998,32.264999,31.959999,5472400.0,29.121613
2013-08-27 00:00:00,31.405001,31.629999,31.870001,31.395,4870800.0,28.61591
2013-08-28 00:00:00,31.684999,31.360001,31.85,31.325001,6044000.0,28.871033
2013-08-29 00:00:00,31.74,31.495001,31.93,31.440001,4600000.0,29.017313
2013-08-30 00:00:00,31.41,31.855,31.895,31.299999,5851000.0,28.715628
2013-09-03 00:00:00,32.145,31.805,32.450001,31.75,8214000.0,29.387573
2013-09-04 00:00:00,32.564999,32.165001,32.740002,32.150002,7101400.0,29.771547
2013-09-05 00:00:00,32.689999,32.5,32.790001,32.345001,5271600.0,29.88582
2013-09-06 00:00:00,32.490002,32.700001,32.775002,32.084999,4632600.0,29.70298
2013-09-09 00:00:00,32.700001,32.529999,32.794998,32.465,4147800.0,29.894968
2013-09-10 00:00:00,33.41,33.349998,33.490002,32.98,13380000.0,30.54406
2013-09-11 00:00:00,33.794998,33.490002,33.91,33.41,9112400.0,30.896034
2013-09-12 00:00:00,34.040001,33.98,34.450001,33.900002,8249800.0,31.120018
2013-09-13 00:00:00,33.955002,33.950001,34.07,33.595001,6584600.0,31.042313
2013-09-16 00:00:00,34.095001,34.375,34.41,33.955002,5337600.0,31.170305
2013-09-17 00:00:00,34.16,34.09,34.334999,33.990002,7752400.0,31.229715
2013-09-18 00:00:00,34.740002,33.985001,34.924999,33.965,8548000.0,31.75997
2013-09-19 00:00:00,34.75,34.884998,35.279999,34.404999,14627600.0,31.769106
2013-09-20 00:00:00,34.685001,34.599998,34.75,34.049999,37157000.0,31.709694
2013-09-23 00:00:00,34.490002,34.555,34.775002,34.02,11022000.0,31.531422
2013-09-24 00:00:00,34.715,34.720001,34.860001,34.595001,7432800.0,31.737118
2013-09-25 00:00:00,34.459999,34.715,34.764999,34.369999,7883200.0,31.503986
2013-09-26 00:00:00,35.169998,34.615002,35.244999,34.575001,13765000.0,32.15308
2013-09-27 00:00:00,36.82,37.41,37.625,36.674999,31182000.0,33.661549
2013-09-30 00:00:00,36.32,36.150002,36.584999,36.080002,14796400.0,33.204433
2013-10-01 00:00:00,36.209999,36.52,36.625,36.009998,10444400.0,33.103882
2013-10-02 00:00:00,35.945,36.02,36.130001,35.794998,8751600.0,32.861603
2013-10-03 00:00:00,35.82,35.945,36.25,35.529999,7144600.0,32.747334
2013-10-04 00:00:00,36.07,35.884998,36.174999,35.66,7168200.0,32.975876
2013-10-07 00:00:00,35.669998,35.705002,35.985001,35.650002,5172800.0,32.610184
2013-10-08 00:00:00,35.139999,35.73,36.314999,35.09,7514200.0,32.125656
2013-10-09 00:00:00,35.445,35.259998,35.735001,34.98,9282200.0,32.404503
2013-10-10 00:00:00,36.720001,36.075001,36.724998,35.970001,11104800.0,33.570126
2013-10-11 00:00:00,36.73,36.735001,36.865002,36.439999,10792200.0,33.579262
2013-10-14 00:00:00,37.029999,36.474998,37.084999,36.389999,6199800.0,33.853535
2013-10-15 00:00:00,36.855,36.950001,37.185001,36.705002,7951200.0,33.693542
2013-10-16 00:00:00,37.259998,37.044998,37.310001,36.860001,8751600.0,34.063789
2013-10-17 00:00:00,37.27,37.174999,37.325001,37.040001,9384400.0,34.072941
2013-10-18 00:00:00,37.965,37.275002,37.994999,37.134998,9830800.0,34.708328
2013-10-21 00:00:00,38.044998,37.945,38.185001,37.75,9992600.0,34.781452
2013-10-22 00:00:00,37.98,38.055,38.244999,37.759998,6818800.0,34.722042
2013-10-23 00:00:00,37.779999,37.77,37.970001,37.555,4762000.0,34.539207
2013-10-24 00:00:00,37.755001,37.805,37.889999,37.619999,5626400.0,34.516342
2013-10-25 00:00:00,37.849998,37.779999,38.18,37.674999,6889000.0,34.603195
2013-10-28 00:00:00,37.755001,37.875,37.990002,37.685001,6136800.0,34.516342
2013-10-29 00:00:00,37.955002,37.889999,38.09,37.77,4201000.0,34.699188
2013-10-30 00:00:00,38.064999,38.305,38.445,37.974998,6314200.0,34.79974
2013-10-31 00:00:00,37.880001,38.02,38.134998,37.57,8184400.0,34.630619
2013-11-01 00:00:00,38.029999,37.900002,38.215,37.825001,4221600.0,34.767746
2013-11-04 00:00:00,38.185001,38.165001,38.27,37.814999,3609200.0,34.909462
2013-11-05 00:00:00,38.599998,38.02,38.66,37.939999,6320400.0,35.288868
2013-11-06 00:00:00,38.380001,38.830002,38.830002,38.075001,3945400.0,35.08773
2013-11-07 00:00:00,37.849998,38.599998,38.650002,37.830002,6250800.0,34.603195
2013-11-08 00:00:00,38.560001,37.794998,38.57,37.790001,5821600.0,35.252285
2013-11-11 00:00:00,38.580002,38.650002,38.68,38.360001,3523200.0,35.270565
2013-11-12 00:00:00,38.435001,38.5,38.630001,38.200001,4327400.0,35.138016
2013-11-13 00:00:00,38.924999,38.27,38.945,38.23,4802200.0,35.585968
2013-11-14 00:00:00,39.32,39.115002,39.404999,38.945,4764200.0,35.94709
2013-11-15 00:00:00,39.610001,39.195,39.639999,39.125,5774000.0,36.212223
2013-11-18 00:00:00,39.290001,39.700001,39.700001,39.165001,5693200.0,35.919666
2013-11-19 00:00:00,38.904999,39.205002,39.314999,38.775002,6443200.0,35.567696
2013-11-20 00:00:00,38.919998,39.0,39.299999,38.865002,5893000.0,35.581402
2013-11-21 00:00:00,39.044998,38.91,39.110001,38.705002,4669400.0,35.695679
2013-11-22 00:00:00,39.435001,39.23,39.490002,38.990002,7035600.0,36.052223
2013-11-25 00:00:00,39.564999,39.529999,39.805,39.439999,4583400.0,36.171074
2013-11-26 00:00:00,39.799999,39.884998,39.935001,39.580002,7360400.0,36.385906
2013-11-27 00:00:00,39.665001,39.845001,39.915001,39.544998,3734200.0,36.262493
2013-11-29 00:00:00,39.57,39.790001,39.880001,39.540001,3475200.0,36.17564
2013-12-02 00:00:00,39.544998,39.735001,40.07,39.459999,6467800.0,36.15279
2013-12-03 00:00:00,39.564999,39.445,39.744999,39.299999,5129200.0,36.171074
2013-12-04 00:00:00,39.41,39.450001,39.59,39.130001,4833200.0,36.029377
2013-12-05 00:00:00,39.474998,39.494999,39.669998,39.314999,5493400.0,36.088802
2013-12-06 00:00:00,39.93,39.810001,39.945,39.630001,3894000.0,36.504772
2013-12-09 00:00:00,39.889999,39.965,40.130001,39.834999,4299200.0,36.468204
2013-12-10 00:00:00,39.610001,39.674999,39.830002,39.555,5393800.0,36.212223
2013-12-11 00:00:00,38.419998,39.459999,39.509998,38.365002,13311600.0,35.124294
2013-12-12 00:00:00,38.115002,38.459999,38.459999,37.709999,10826000.0,34.954643
2013-12-13 00:00:00,38.200001,38.174999,38.395,38.119999,7562200.0,35.032589
2013-12-16 00:00:00,38.220001,38.455002,38.549999,38.139999,9731000.0,35.050934
2013-12-17 00:00:00,38.380001,38.470001,38.625,38.200001,13980600.0,35.197666
2013-12-18 00:00:00,39.275002,38.5,39.290001,38.474998,10814400.0,36.018459
2013-12-19 00:00:00,39.130001,39.285,39.375,38.880001,10294600.0,35.885475
2013-12-20 00:00:00,38.669998,38.720001,38.849998,38.32,20442600.0,35.463612
2013-12-23 00:00:00,38.555,38.544998,38.720001,38.345001,9376800.0,35.358139
2013-12-24 00:00:00,38.830002,38.610001,38.900002,38.605,2782600.0,35.610344
2013-12-26 00:00:00,39.095001,38.869999,39.23,38.849998,4609800.0,35.853382
2013-12-27 00:00:00,39.080002,39.375,39.505001,39.014999,4640800.0,35.839619
2013-12-30 00:00:00,39.369999,38.959999,39.445,38.959999,4289000.0,36.105583
2013-12-31 00:00:00,39.32,39.384998,39.474998,39.174999,4106200.0,36.059723
2014-01-02 00:00:00,39.119999,39.075001,39.415001,38.965,5318600.0,35.876305
2014-01-03 00:00:00,39.014999,39.075001,39.314999,38.98,5597000.0,35.780014
2014-01-06 00:00:00,38.715,39.235001,39.299999,38.705002,6045800.0,35.50489
2014-01-07 00:00:00,38.744999,38.855,39.0,38.705002,6769000.0,35.532394
2014-01-08 00:00:00,38.544998,38.75,38.974998,38.465,6897800.0,35.34898
2014-01-09 00:00:00,38.544998,38.709999,38.73,38.380001,6263200.0,35.34898
2014-01-10 00:00:00,38.459999,38.5,38.674999,38.349998,5108000.0,35.27103
2014-01-13 00:00:00,37.59,38.415001,38.459999,37.5,8262400.0,34.473164
2014-01-14 00:00:00,37.584999,37.549999,37.669998,37.325001,7808400.0,34.46859
2014-01-15 00:00:00,37.715,37.625,37.865002,37.57,5852400.0,34.587807
2014-01-16 00:00:00,37.395,37.615002,37.689999,37.174999,4848000.0,34.294338
2014-01-17 00:00:00,36.695,37.299999,37.369999,36.689999,9851800.0,33.652378
2014-01-21 00:00:00,36.875,37.07,37.299999,36.705002,13147000.0,33.817444
2014-01-22 00:00:00,36.75,36.98,37.029999,36.75,7424000.0,33.702816
2014-01-23 00:00:00,36.365002,36.505001,36.59,36.009998,9505200.0,33.349743
2014-01-24 00:00:00,35.825001,36.145,36.330002,35.82,9212000.0,32.854519
2014-01-27 00:00:00,35.950001,35.955002,36.130001,35.860001,11411600.0,32.969151
2014-01-28 00:00:00,36.355,36.145,36.575001,36.075001,9069200.0,33.340565
2014-01-29 00:00:00,35.884998,36.154999,36.285,35.755001,10488800.0,32.909531
2014-01-30 00:00:00,36.970001,36.224998,37.099998,36.189999,10438400.0,33.904587
2014-01-31 00:00:00,36.424999,36.494999,36.654999,36.18,8652000.0,33.40477
2014-02-03 00:00:00,35.439999,36.380001,36.395,35.389999,9516000.0,32.501446
2014-02-04 00:00:00,35.255001,35.48,35.619999,35.169998,7004200.0,32.331779
2014-02-05 00:00:00,35.299999,35.235001,35.43,34.924999,7366800.0,32.373051
2014-02-06 00:00:00,35.755001,35.375,36.134998,35.25,7358600.0,32.790325
2014-02-07 00:00:00,36.345001,35.955002,36.424999,35.875,6747200.0,33.331409
2014-02-10 00:00:00,36.334999,36.365002,36.494999,36.060001,6430400.0,33.322224
2014-02-11 00:00:00,36.990002,36.325001,37.075001,36.224998,8739400.0,33.922916
2014-02-12 00:00:00,37.055,37.154999,37.404999,36.919998,6396200.0,33.982525
2014-02-13 00:00:00,37.435001,36.915001,37.48,36.869999,6161400.0,34.33102
2014-02-14 00:00:00,37.535,37.435001,37.59,37.099998,6204800.0,34.422726
2014-02-18 00:00:00,37.605,37.57,37.735001,37.450001,5935600.0,34.486923
2014-02-19 00:00:00,37.41,37.305,37.775002,37.305,5401400.0,34.308098
2014-02-20 00:00:00,37.790001,37.494999,37.875,37.43,5581600.0,34.656578
2014-02-21 00:00:00,38.240002,37.695,38.330002,37.68,8728600.0,35.069283
2014-02-24 00:00:00,38.919998,38.294998,39.07,38.244999,11072200.0,35.692883
2014-02-25 00:00:00,39.055,38.865002,39.259998,38.785,6844000.0,35.816704
2014-02-26 00:00:00,39.209999,39.154999,39.529999,39.154999,7917400.0,35.958836
2014-02-27 00:00:00,39.009998,39.0,39.195,38.740002,6599200.0,35.885242
2014-02-28 00:00:00,39.150002,38.950001,39.355,38.805,6875200.0,36.014046
2014-03-03 00:00:00,38.695,38.814999,38.994999,38.275002,6069200.0,35.595486
2014-03-04 00:00:00,39.310001,39.285,39.525002,39.18,5661200.0,36.161228
2014-03-05 00:00:00,38.709999,39.259998,39.299999,38.68,6733200.0,35.609276
2014-03-06 00:00:00,39.110001,38.900002,39.195,38.68,5536400.0,35.977245
2014-03-07 00:00:00,39.73,39.549999,40.044998,39.540001,8930800.0,36.547581
2014-03-10 00:00:00,39.490002,39.584999,39.68,39.224998,5344400.0,36.326809
2014-03-11 00:00:00,39.400002,39.525002,39.810001,39.285,4906600.0,36.244007
2014-03-12 00:00:00,39.485001,39.049999,39.5,39.014999,4296800.0,36.322193
2014-03-13 00:00:00,39.264999,39.625,39.865002,39.165001,8400400.0,36.119823
2014-03-14 00:00:00,39.16,39.145,39.5,38.904999,6086000.0,36.023228
2014-03-17 00:00:00,39.490002,39.435001,39.57,39.259998,8577600.0,36.326809
2014-03-18 00:00:00,39.82,39.59,40.040001,39.525002,8245400.0,36.630367
2014-03-19 00:00:00,39.575001,39.674999,39.98,39.279999,5970400.0,36.404999
2014-03-20 00:00:00,39.634998,39.474998,39.634998,38.884998,12440600.0,36.460186
2014-03-21 00:00:00,37.605,38.549999,38.654999,37.5,31767000.0,34.592793
2014-03-24 00:00:00,37.43,37.740002,37.915001,37.285,9999000.0,34.431805
2014-03-25 00:00:00,36.825001,37.674999,37.755001,36.794998,10527000.0,33.875267
2014-03-26 00:00:00,36.610001,37.09,37.25,36.610001,8537600.0,33.677498
2014-03-27 00:00:00,36.66,36.654999,37.049999,36.505001,8158600.0,33.723488
2014-03-28 00:00:00,36.77,36.790001,37.060001,36.639999,5987000.0,33.824677
2014-03-31 00:00:00,36.93,37.0,37.095001,36.724998,6356600.0,33.971859
2014-04-01 00:00:00,37.195,37.009998,37.389999,37.009998,7399400.0,34.215645
2014-04-02 00:00:00,37.27,37.355,37.5,37.16,7614600.0,34.284622
2014-04-03 00:00:00,36.994999,37.279999,37.59,36.91,8255000.0,34.031658
2014-04-04 00:00:00,36.419998,37.185001,37.25,36.259998,9720200.0,33.50272
2014-04-07 00:00:00,35.415001,36.404999,36.470001,35.299999,13853800.0,32.578213
2014-04-08 00:00:00,36.459999,36.110001,36.555,35.950001,12659600.0,33.539516
2014-04-09 00:00:00,36.779999,36.630001,36.799999,36.264999,7078400.0,33.833878
2014-04-10 00:00:00,36.224998,36.884998,37.084999,36.125,8376600.0,33.323341
2014-04-11 00:00:00,35.625,36.0,36.334999,35.610001,8698000.0,32.7714
2014-04-14 00:00:00,36.189999,35.849998,36.23,35.650002,7264800.0,33.29113
2014-04-15 00:00:00,36.139999,36.189999,36.435001,35.865002,7777400.0,33.245148
2014-04-16 00:00:00,36.549999,36.419998,36.59,36.25,4611200.0,33.622292
2014-04-17 00:00:00,37.014999,36.669998,37.215,36.645,9041600.0,34.050053
2014-04-21 00:00:00,36.950001,36.955002,37.029999,36.66,6811800.0,33.990257
2014-04-22 00:00:00,37.174999,36.855,37.349998,36.855,5122200.0,34.197231
2014-04-23 00:00:00,37.049999,37.27,37.43,37.005001,4719400.0,34.082256
2014-04-24 00:00:00,36.695,37.009998,37.185001,36.549999,6784600.0,33.75568
2014-04-25 00:00:00,36.349998,36.544998,36.849998,36.255001,6481200.0,33.438332
2014-04-28 00:00:00,35.834999,36.68,36.845001,35.549999,11446800.0,32.964573
2014-04-29 00:00:00,36.240002,35.860001,36.360001,35.825001,6236000.0,33.337135
2014-04-30 00:00:00,36.474998,36.165001,36.529999,36.044998,6173800.0,33.553303
2014-05-01 00:00:00,36.459999,36.404999,36.689999,36.294998,4818200.0,33.539516
2014-05-02 00:00:00,36.494999,36.465,36.764999,36.419998,4048000.0,33.571709
2014-05-05 00:00:00,36.645,36.334999,36.715,36.130001,4655600.0,33.709698
2014-05-06 00:00:00,36.125,36.494999,36.584999,36.105,4585200.0,33.231346
2014-05-07 00:00:00,36.09,36.355,36.415001,35.764999,5605400.0,33.199146
2014-05-08 00:00:00,36.525002,36.139999,36.674999,36.125,7965200.0,33.599304
2014-05-09 00:00:00,36.724998,36.435001,36.790001,36.345001,4817000.0,33.783279
2014-05-12 00:00:00,37.314999,36.810001,37.330002,36.685001,6636400.0,34.326023
2014-05-13 00:00:00,37.294998,37.334999,37.5,37.264999,4530200.0,34.307632
2014-05-14 00:00:00,36.790001,37.240002,37.325001,36.75,6281200.0,33.843075
2014-05-15 00:00:00,36.470001,36.705002,36.810001,36.185001,6039800.0,33.548717
2014-05-16 00:00:00,36.970001,36.48,36.974998,36.415001,5376800.0,34.008671
2014-05-19 00:00:00,37.244999,37.009998,37.275002,36.865002,4682200.0,34.261642
2014-05-20 00:00:00,36.630001,37.02,37.049999,36.555,5921400.0,33.695896
2014-05-21 00:00:00,37.105,36.689999,37.130001,36.630001,4671800.0,34.132843
2014-05-22 00:00:00,37.439999,37.209999,37.465,37.0,4866400.0,34.441017
2014-05-23 00:00:00,37.924999,37.564999,38.16,37.48,7335200.0,34.887161
2014-05-27 00:00:00,38.305,38.220001,38.424999,38.110001,6698000.0,35.236721
2014-05-28 00:00:00,38.134998,38.264999,38.305,37.959999,4730000.0,35.080345
2014-05-29 00:00:00,38.189999,38.099998,38.32,37.994999,3987600.0,35.241833
2014-05-30 00:00:00,38.455002,38.200001,38.465,38.150002,5192400.0,35.48637
2014-06-02 00:00:00,38.360001,38.494999,38.494999,38.150002,3809600.0,35.398708
2014-06-03 00:00:00,37.775002,38.209999,38.305,37.740002,6793400.0,34.858871
2014-06-04 00:00:00,38.064999,37.720001,38.18,37.709999,7356800.0,35.126472
2014-06-05 00:00:00,37.935001,38.154999,38.27,37.66,7326400.0,35.006519
2014-06-06 00:00:00,38.115002,38.080002,38.435001,38.075001,6637600.0,35.172615
2014-06-09 00:00:00,38.334999,38.049999,38.455002,38.049999,5028600.0,35.375633
2014-06-10 00:00:00,38.154999,38.169998,38.459999,38.119999,5150200.0,35.20953
2014-06-11 00:00:00,37.57,37.834999,37.900002,37.450001,9250000.0,34.669689
2014-06-12 00:00:00,37.384998,37.595001,37.720001,37.290001,6330600.0,34.498974
2014-06-13 00:00:00,37.310001,37.369999,37.465,36.57,7712200.0,34.429764
2014-06-16 00:00:00,37.275002,37.404999,37.650002,37.200001,6531400.0,34.397465
2014-06-17 00:00:00,37.544998,37.384998,37.580002,37.125,6122200.0,34.646614
2014-06-18 00:00:00,38.105,37.619999,38.18,37.360001,9852200.0,35.163391
2014-06-19 00:00:00,37.82,38.215,38.224998,37.605,4977600.0,34.900402
2014-06-20 00:00:00,37.549999,38.044998,38.064999,37.525002,11385600.0,34.651241
2014-06-23 00:00:00,37.724998,37.549999,37.805,37.200001,9069200.0,34.81274
2014-06-24 00:00:00,37.490002,37.695,37.985001,37.465,7617000.0,34.595867
2014-06-25 00:00:00,38.235001,37.514999,38.27,37.514999,7172200.0,35.283344
2014-06-26 00:00:00,38.43,38.285,38.455002,37.834999,10522600.0,35.463306
2014-06-27 00:00:00,38.84,39.264999,39.575001,38.84,18138400.0,35.841652
2014-06-30 00:00:00,38.775002,38.755001,38.865002,38.544998,8535800.0,35.781666
2014-07-01 00:00:00,39.0,38.865002,39.27,38.865002,7129200.0,35.989315
2014-07-02 00:00:00,38.895,39.029999,39.205002,38.845001,5577200.0,35.892399
2014-07-03 00:00:00,39.224998,38.764999,39.310001,38.5,4568600.0,36.196926
2014-07-07 00:00:00,39.325001,39.0,39.415001,38.970001,5464800.0,36.289219
2014-07-08 00:00:00,38.834999,39.154999,39.205002,38.535,8044400.0,35.837044
2014-07-09 00:00:00,39.345001,38.889999,39.384998,38.845001,7028800.0,36.307671
2014-07-10 00:00:00,38.75,38.634998,38.904999,38.395,6357000.0,35.758598
2014-07-11 00:00:00,38.645,38.639999,38.794998,38.380001,5758000.0,35.661713
2014-07-14 00:00:00,38.974998,38.974998,39.095001,38.794998,5503400.0,35.966244
2014-07-15 00:00:00,39.014999,38.759998,39.105,38.740002,6506000.0,36.003147
2014-07-16 00:00:00,38.459999,38.924999,39.115002,38.384998,7449600.0,35.490982
2014-07-17 00:00:00,38.264999,38.215,38.485001,38.150002,7461600.0,35.311035
2014-07-18 00:00:00,38.759998,38.424999,38.855,38.334999,6065200.0,35.767834
2014-07-21 00:00:00,38.41,38.415001,38.650002,38.349998,4209400.0,35.444851
2014-07-22 00:00:00,38.52,38.555,38.82,38.5,5036000.0,35.54636
2014-07-23 00:00:00,38.685001,38.630001,38.724998,38.415001,4092200.0,35.69862
2014-07-24 00:00:00,39.299999,38.970001,39.384998,38.93,8030200.0,36.26614
2014-07-25 00:00:00,38.860001,39.169998,39.389999,38.805,4540400.0,35.8601
2014-07-28 00:00:00,39.200001,38.965,39.299999,38.759998,4065200.0,36.173866
2014-07-29 00:00:00,39.049999,39.209999,39.43,39.049999,4669600.0,36.035442
2014-07-30 00:00:00,39.805,39.195,39.970001,39.139999,9048200.0,36.732159
2014-07-31 00:00:00,38.564999,39.330002,39.509998,38.490002,7796800.0,35.587872
2014-08-01 00:00:00,38.389999,38.27,38.625,38.195,5825800.0,35.426395
2014-08-04 00:00:00,38.580002,38.439999,38.705002,38.145,4839400.0,35.601715
2014-08-05 00:00:00,38.459999,38.380001,38.82,38.264999,4866200.0,35.490982
2014-08-06 00:00:00,38.57,38.255001,38.619999,38.224998,5074400.0,35.592499
2014-08-07 00:00:00,38.174999,38.849998,38.865002,37.990002,6737400.0,35.228001
2014-08-08 00:00:00,38.529999,38.154999,38.549999,37.950001,6714800.0,35.555584
2014-08-11 00:00:00,38.529999,38.740002,38.75,38.490002,7828600.0,35.555584
2014-08-12 00:00:00,38.365002,38.5,38.720001,38.244999,9142000.0,35.403328
2014-08-13 00:00:00,38.625,38.540001,38.895,38.27,6400400.0,35.643257
2014-08-14 00:00:00,38.650002,38.759998,38.904999,38.48,3935000.0,35.666325
2014-08-15 00:00:00,38.564999,38.860001,39.0,38.244999,4490000.0,35.587872
2014-08-18 00:00:00,39.275002,38.865002,39.345001,38.785,5697400.0,36.243076
2014-08-19 00:00:00,39.255001,39.355,39.544998,39.174999,4424000.0,36.224621
2014-08-20 00:00:00,39.455002,39.095001,39.540001,39.095001,3965800.0,36.40918
2014-08-21 00:00:00,39.470001,39.52,39.700001,39.325001,4001800.0,36.423023
2014-08-22 00:00:00,39.645,39.625,39.865002,39.459999,5807400.0,36.584503
2014-08-25 00:00:00,40.005001,39.799999,40.150002,39.75,5074400.0,36.916714
2014-08-26 00:00:00,39.740002,40.014999,40.049999,39.709999,5216400.0,36.672176
2014-08-27 00:00:00,39.860001,39.994999,39.994999,39.709999,3679400.0,36.782917
2014-08-28 00:00:00,39.41,39.509998,39.610001,39.330002,5169200.0,36.477474
2014-08-29 00:00:00,39.275002,39.424999,39.470001,39.134998,6423000.0,36.35252
2014-09-02 00:00:00,39.639999,39.174999,39.759998,39.174999,8164200.0,36.69035
2014-09-03 00:00:00,39.41,39.895,39.939999,39.27,4409600.0,36.477474
2014-09-04 00:00:00,39.959999,39.599998,40.110001,39.59,6022800.0,36.986549
2014-09-05 00:00:00,41.02,39.77,41.055,39.674999,12380600.0,37.967659
2014-09-08 00:00:00,41.200001,40.959999,41.395,40.544998,11728200.0,38.134262
2014-09-09 00:00:00,40.919998,41.134998,41.27,40.755001,8119000.0,37.875114
2014-09-10 00:00:00,41.235001,40.865002,41.305,40.75,6742400.0,38.166672
2014-09-11 00:00:00,40.91,41.080002,41.294998,40.77,7460400.0,37.865837
2014-09-12 00:00:00,40.919998,40.985001,41.0,40.705002,5926200.0,37.875114
2014-09-15 00:00:00,40.805,41.049999,41.09,40.505001,6729000.0,37.768658
2014-09-16 00:00:00,40.599998,40.615002,40.77,40.415001,9393200.0,37.578911
2014-09-17 00:00:00,40.755001,40.775002,40.915001,40.5,7443200.0,37.722389
2014-09-18 00:00:00,40.985001,40.924999,41.0,40.625,6393400.0,37.935268
2014-09-19 00:00:00,40.904999,41.32,41.369999,40.665001,19704400.0,37.861217
2014-09-22 00:00:00,40.355,40.84,40.935001,40.099998,8138400.0,37.352146
2014-09-23 00:00:00,40.060001,40.259998,40.290001,39.945,6046800.0,37.07909
2014-09-24 00:00:00,40.419998,40.07,40.435001,39.959999,6754000.0,37.412308
2014-09-25 00:00:00,39.875,40.34,40.34,39.634998,14138400.0,36.90786
2014-09-26 00:00:00,44.75,43.990002,44.994999,43.650002,35090400.0,41.420113
2014-09-29 00:00:00,44.560001,44.134998,45.049999,44.134998,14834400.0,41.244255
2014-09-30 00:00:00,44.599998,44.345001,45.145,44.200001,11583400.0,41.281273
2014-10-01 00:00:00,43.849998,44.455002,44.5,43.755001,9471600.0,40.587074
2014-10-02 00:00:00,44.650002,43.834999,44.755001,43.439999,8739200.0,41.327557
2014-10-03 00:00:00,45.145,44.880001,45.224998,44.584999,8790000.0,41.785713
2014-10-06 00:00:00,44.610001,45.145,45.25,44.279999,7031200.0,41.290531
2014-10-07 00:00:00,44.035,44.299999,44.595001,44.014999,5486400.0,40.758324
2014-10-08 00:00:00,44.415001,44.055,44.580002,43.764999,7481200.0,41.110039
2014-10-09 00:00:00,43.615002,44.224998,44.494999,43.549999,7462200.0,40.369587
2014-10-10 00:00:00,43.595001,43.720001,44.099998,43.505001,9048200.0,40.351059
2014-10-13 00:00:00,42.695,43.48,43.560001,42.619999,8005200.0,39.518017
2014-10-14 00:00:00,42.544998,42.889999,42.955002,42.419998,9853400.0,39.379189
2014-10-15 00:00:00,42.59,42.560001,43.549999,42.049999,17571600.0,39.420834
2014-10-16 00:00:00,43.52,42.095001,43.625,41.924999,13644000.0,40.281631
2014-10-17 00:00:00,43.59,43.895,44.174999,43.465,11396800.0,40.346432
2014-10-20 00:00:00,44.450001,43.400002,44.465,43.384998,6743400.0,41.142433
2014-10-21 00:00:00,45.32,44.650002,45.349998,44.509998,6459600.0,41.947693
2014-10-22 00:00:00,44.93,45.325001,45.764999,44.904999,7087800.0,41.586716
2014-10-23 00:00:00,45.185001,45.064999,45.66,44.974998,6191800.0,41.822746
2014-10-24 00:00:00,45.450001,44.974998,45.494999,44.955002,4931000.0,42.068024
2014-10-27 00:00:00,45.82,45.455002,45.889999,45.215,5819400.0,42.410484
2014-10-28 00:00:00,46.224998,45.764999,46.224998,45.654999,6358400.0,42.785347
2014-10-29 00:00:00,45.974998,46.080002,46.27,45.709999,4998600.0,42.553959
2014-10-30 00:00:00,46.5,45.884998,46.5,45.775002,4585200.0,43.039886
2014-10-31 00:00:00,46.485001,47.064999,47.07,46.334999,6463600.0,43.026001
2014-11-03 00:00:00,46.724998,46.674999,46.740002,46.435001,4862800.0,43.248146
2014-11-04 00:00:00,46.974998,46.529999,47.009998,46.310001,4441400.0,43.479542
2014-11-05 00:00:00,47.34,47.419998,47.419998,46.855,6513800.0,43.817387
2014-11-06 00:00:00,47.299999,47.424999,47.544998,47.27,5482000.0,43.780365
2014-11-07 00:00:00,46.889999,47.375,47.375,46.77,4909800.0,43.400879
2014-11-10 00:00:00,47.48,47.02,47.535,47.02,5898200.0,43.946968
2014-11-11 00:00:00,47.439999,47.599998,47.650002,47.290001,4563200.0,43.909946
2014-11-12 00:00:00,47.904999,47.224998,47.959999,47.115002,5018400.0,44.340351
2014-11-13 00:00:00,48.060001,48.09,48.275002,47.779999,5417400.0,44.48381
2014-11-14 00:00:00,47.75,47.895,47.939999,47.505001,6406800.0,44.196884
2014-11-17 00:00:00,48.029999,47.685001,48.095001,47.52,5931000.0,44.456039
2014-11-18 00:00:00,48.235001,47.994999,48.424999,47.880001,4803400.0,44.645794
2014-11-19 00:00:00,48.474998,48.25,48.549999,48.174999,4586000.0,44.867931
2014-11-20 00:00:00,48.650002,48.310001,48.849998,48.154999,4822400.0,45.029911
2014-11-21 00:00:00,48.709999,49.345001,49.48,48.330002,7016400.0,45.085449
2014-11-24 00:00:00,48.974998,48.895,49.25,48.869999,5081600.0,45.330723
2014-11-25 00:00:00,48.645,49.150002,49.25,48.634998,6177200.0,45.025269
2014-11-26 00:00:00,48.900002,48.650002,48.939999,48.549999,3948800.0,45.261311
2014-11-28 00:00:00,49.645,49.169998,49.880001,49.115002,3609400.0,45.950878
2014-12-01 00:00:00,48.845001,49.330002,49.695,48.830002,5139200.0,45.210403
2014-12-02 00:00:00,49.02,49.029999,49.360001,48.845001,4384000.0,45.372372
2014-12-03 00:00:00,49.25,49.080002,49.299999,48.759998,3792000.0,45.585258
2014-12-04 00:00:00,49.525002,49.25,49.695,49.029999,4128200.0,45.839809
2014-12-05 00:00:00,49.665001,49.630001,49.75,49.415001,3408200.0,45.969379
2014-12-08 00:00:00,48.860001,49.525002,49.525002,48.650002,5155200.0,45.224293
2014-12-09 00:00:00,48.514999,48.529999,48.700001,47.990002,5989000.0,44.904945
2014-12-10 00:00:00,48.830002,48.240002,49.119999,48.23,6457800.0,45.196518
2014-12-11 00:00:00,48.465,48.740002,49.299999,48.419998,8723600.0,44.987656
2014-12-12 00:00:00,48.084999,48.325001,48.945,48.084999,8243800.0,44.634937
2014-12-15 00:00:00,47.715,48.215,48.465,47.389999,10152600.0,44.29147
2014-12-16 00:00:00,46.605,47.674999,47.709999,46.485001,14614400.0,43.261116
2014-12-17 00:00:00,47.25,46.865002,47.380001,46.450001,11205200.0,43.859844
2014-12-18 00:00:00,48.540001,48.134998,48.540001,47.529999,18960800.0,45.057278
2014-12-19 00:00:00,47.419998,47.75,48.139999,46.415001,27002000.0,44.017628
2014-12-22 00:00:00,47.965,47.564999,47.965,47.509998,7662200.0,44.523529
2014-12-23 00:00:00,47.985001,48.0,48.255001,47.794998,5241800.0,44.542095
2014-12-24 00:00:00,48.145,48.200001,48.674999,48.044998,2439600.0,44.690617
2014-12-26 00:00:00,48.415001,48.255001,48.605,48.125,3144400.0,44.941246
2014-12-29 00:00:00,48.650002,48.305,48.825001,48.305,4017800.0,45.159389
2014-12-30 00:00:00,48.439999,48.439999,48.650002,48.310001,4146800.0,44.964447
2014-12-31 00:00:00,48.075001,48.485001,48.805,48.02,4697400.0,44.625645
2015-01-02 00:00:00,47.514999,48.275002,48.474998,47.055,4985800.0,44.105824
2015-01-05 00:00:00,46.75,47.255001,47.275002,46.564999,6889200.0,43.395706
2015-01-06 00:00:00,46.474998,46.945,47.075001,46.035,7576000.0,43.140453
2015-01-07 00:00:00,47.435001,46.805,47.650002,46.549999,7256000.0,44.031563
2015-01-08 00:00:00,48.529999,47.830002,48.549999,47.810001,5978200.0,45.047993
2015-01-09 00:00:00,47.994999,48.465,48.494999,47.799999,4689000.0,44.55138
2015-01-12 00:00:00,47.93,47.955002,48.259998,47.615002,5630800.0,44.491051
2015-01-13 00:00:00,47.505001,48.169998,48.724998,47.314999,6182200.0,44.096535
2015-01-14 00:00:00,46.855,46.689999,47.185001,46.455002,6750400.0,43.493179
2015-01-15 00:00:00,46.404999,47.314999,47.34,46.285,4235000.0,43.07547
2015-01-16 00:00:00,46.494999,46.384998,46.564999,46.014999,8770000.0,43.159012
2015-01-20 00:00:00,46.805,46.720001,46.945,46.310001,9403800.0,43.446766
2015-01-21 00:00:00,46.755001,46.555,47.064999,46.505001,5854000.0,43.400345
2015-01-22 00:00:00,47.924999,47.174999,48.055,46.779999,6952400.0,44.486404
2015-01-23 00:00:00,48.080002,48.07,48.375,47.825001,6781000.0,44.630283
2015-01-26 00:00:00,48.174999,48.0,48.235001,47.775002,4964000.0,44.718456
2015-01-27 00:00:00,47.25,47.650002,47.724998,47.060001,6696800.0,43.859844
2015-01-28 00:00:00,46.654999,47.5,47.66,46.625,6402600.0,43.307518
2015-01-29 00:00:00,47.435001,46.834999,47.435001,46.584999,6802400.0,44.031563
2015-01-30 00:00:00,46.125,46.959999,47.18,46.049999,8106400.0,42.815556
2015-02-02 00:00:00,45.959999,46.34,46.345001,45.384998,8056600.0,42.662388
2015-02-03 00:00:00,46.674999,46.115002,46.695,46.014999,7940200.0,43.326096
2015-02-04 00:00:00,46.27,46.384998,46.634998,46.134998,7187400.0,42.950146
2015-02-05 00:00:00,46.669998,46.439999,46.794998,46.279999,5754400.0,43.321449
2015-02-06 00:00:00,45.895,46.700001,46.735001,45.77,7381800.0,42.602058
2015-02-09 00:00:00,45.584999,45.75,45.849998,45.345001,7339400.0,42.314289
2015-02-10 00:00:00,46.375,45.869999,46.549999,45.610001,7694600.0,43.047623
2015-02-11 00:00:00,45.654999,46.244999,46.375,45.474998,8541000.0,42.379265
2015-02-12 00:00:00,46.0,45.73,46.330002,45.400002,11855800.0,42.699528
2015-02-13 00:00:00,46.02,46.009998,46.285,45.950001,7695600.0,42.718086
2015-02-17 00:00:00,45.93,45.869999,46.450001,45.860001,7371000.0,42.634544
2015-02-18 00:00:00,46.810001,45.77,46.884998,45.715,8143800.0,43.451408
2015-02-19 00:00:00,46.849998,46.740002,47.130001,46.740002,6605200.0,43.488533
2015-02-20 00:00:00,47.465,46.805,47.645,46.674999,7398000.0,44.059406
2015-02-23 00:00:00,47.505001,47.459999,47.615002,47.139999,4622200.0,44.096535
2015-02-24 00:00:00,47.709999,47.375,47.77,47.375,5239200.0,44.286831
2015-02-25 00:00:00,48.41,47.709999,48.599998,47.709999,7053600.0,44.936611
2015-02-26 00:00:00,48.494999,48.330002,48.665001,48.325001,5935000.0,45.146065
2015-02-27 00:00:00,48.560001,48.474998,48.705002,48.314999,7118600.0,45.206589
2015-03-02 00:00:00,49.375,48.445,49.43,48.375,11025000.0,45.965294
2015-03-03 00:00:00,48.985001,49.220001,49.235001,48.560001,7038400.0,45.602222
2015-03-04 00:00:00,48.759998,48.834999,48.935001,48.48,4853000.0,45.392765
2015-03-05 00:00:00,49.23,48.98,49.34,48.895,6633600.0,45.830307
2015-03-06 00:00:00,48.455002,49.23,49.345001,48.299999,7174600.0,45.108833
2015-03-09 00:00:00,48.715,48.544998,48.91,48.470001,5938800.0,45.35088
2015-03-10 00:00:00,48.255001,48.209999,48.485001,48.125,7096000.0,44.922646
2015-03-11 00:00:00,47.669998,48.189999,48.540001,47.59,7484200.0,44.378036
2015-03-12 00:00:00,48.52,47.75,48.549999,47.689999,5809800.0,45.169346
2015-03-13 00:00:00,47.904999,48.52,48.740002,47.650002,7396200.0,44.596817
2015-03-16 00:00:00,48.220001,48.099998,48.400002,47.965,8497000.0,44.89006
2015-03-17 00:00:00,48.27,48.07,48.389999,47.755001,6408200.0,44.936607
2015-03-18 00:00:00,48.755001,48.27,48.935001,47.805,8855600.0,45.388111
2015-03-19 00:00:00,49.16,48.904999,49.310001,48.605,13536000.0,45.765141
2015-03-20 00:00:00,50.990002,51.314999,51.895,50.625,29779800.0,47.468777
2015-03-23 00:00:00,50.73,50.775002,51.299999,50.599998,10471800.0,47.226715
2015-03-24 00:00:00,50.325001,50.525002,50.830002,50.299999,7598800.0,46.849693
2015-03-25 00:00:00,49.494999,50.5,50.59,49.470001,8133400.0,46.077011
2015-03-26 00:00:00,49.665001,49.169998,50.044998,48.834999,9479800.0,46.235271
2015-03-27 00:00:00,49.939999,49.560001,50.09,49.560001,4403600.0,46.491268
2015-03-30 00:00:00,50.445,50.615002,50.775002,50.27,5435400.0,46.961403
2015-03-31 00:00:00,50.165001,50.439999,50.919998,50.145,6309200.0,46.700741
2015-04-01 00:00:00,49.775002,50.0,50.139999,49.169998,6605400.0,46.337673
2015-04-02 00:00:00,49.830002,50.02,50.16,49.695,3840400.0,46.38887
2015-04-06 00:00:00,49.865002,49.375,50.314999,49.275002,5027400.0,46.421452
2015-04-07 00:00:00,49.805,49.865002,50.130001,49.735001,3993600.0,46.365608
2015-04-08 00:00:00,50.419998,50.0,50.485001,49.860001,6522400.0,46.938129
2015-04-09 00:00:00,50.360001,50.5,50.845001,50.299999,5301000.0,46.882275
2015-04-10 00:00:00,49.985001,50.459999,50.540001,49.965,5918200.0,46.533176
2015-04-13 00:00:00,49.634998,49.985001,50.029999,49.529999,7313800.0,46.207344
2015-04-14 00:00:00,49.764999,49.529999,49.904999,49.349998,4770800.0,46.328369
2015-04-15 00:00:00,49.915001,50.314999,50.365002,49.865002,5716200.0,46.468014
2015-04-16 00:00:00,49.950001,49.744999,50.084999,49.700001,4104000.0,46.500591
2015-04-17 00:00:00,49.275002,49.584999,49.685001,49.07,6049600.0,45.872204
2015-04-20 00:00:00,49.994999,49.540001,50.169998,49.509998,6208600.0,46.542484
2015-04-21 00:00:00,50.145,50.380001,50.424999,49.860001,5125200.0,46.682125
2015-04-22 00:00:00,50.075001,50.150002,50.195,49.645,3905800.0,46.616955
2015-04-23 00:00:00,50.555,49.889999,50.799999,49.724998,4668200.0,47.063808
2015-04-24 00:00:00,50.474998,50.23,50.639999,50.105,4334000.0,46.989338
2015-04-27 00:00:00,50.470001,50.634998,51.0,50.384998,5158400.0,46.984676
2015-04-28 00:00:00,49.93,50.400002,50.400002,49.595001,6031600.0,46.481979
2015-04-29 00:00:00,50.084999,49.764999,50.244999,49.630001,5395200.0,46.62627
2015-04-30 00:00:00,49.419998,49.875,50.255001,49.23,6497000.0,46.007183
2015-05-01 00:00:00,50.389999,49.939999,50.41,49.705002,6683400.0,46.910206
2015-05-04 00:00:00,50.415001,50.5,50.599998,50.240002,4557800.0,46.933479
2015-05-05 00:00:00,50.209999,50.215,50.435001,50.130001,5104400.0,46.742638
2015-05-06 00:00:00,50.110001,50.134998,50.5,49.84,5396600.0,46.649548
2015-05-07 00:00:00,50.724998,50.224998,50.794998,50.009998,5526200.0,47.222069
2015-05-08 00:00:00,51.220001,51.145,51.650002,51.145,5534800.0,47.68288
2015-05-11 00:00:00,51.395,51.209999,51.610001,51.044998,5339800.0,47.845791
2015-05-12 00:00:00,51.185001,50.990002,51.345001,50.799999,4676400.0,47.650303
2015-05-13 00:00:00,51.080002,51.345001,51.365002,50.895,4508200.0,47.552547
2015-05-14 00:00:00,51.720001,51.470001,51.755001,51.154999,5433400.0,48.148354
2015-05-15 00:00:00,52.490002,51.825001,52.514999,51.685001,7865200.0,48.865177
2015-05-18 00:00:00,52.375,52.555,52.75,52.209999,5045200.0,48.758121
2015-05-19 00:00:00,52.32,52.310001,52.59,52.174999,5971200.0,48.706924
2015-05-20 00:00:00,52.305,52.459999,52.575001,52.105,5399200.0,48.692959
2015-05-21 00:00:00,52.200001,52.435001,52.599998,52.119999,5455200.0,48.595203
2015-05-22 00:00:00,52.215,52.605,52.610001,52.02,5654800.0,48.609184
2015-05-26 00:00:00,51.709999,52.215,52.375,51.59,5691400.0,48.139042
2015-05-27 00:00:00,51.419998,51.740002,51.959999,51.154999,8896800.0,47.869072
2015-05-28 00:00:00,51.150002,51.115002,51.474998,50.755001,5781600.0,47.747726
2015-05-29 00:00:00,50.834999,51.150002,51.189999,50.52,5562200.0,47.453682
2015-06-01 00:00:00,50.880001,50.884998,51.145,50.724998,4944000.0,47.495678
2015-06-02 00:00:00,51.055,50.900002,51.345001,50.75,4974400.0,47.659046
2015-06-03 00:00:00,51.255001,51.145,51.544998,50.884998,4766800.0,47.845734
2015-06-04 00:00:00,50.974998,51.029999,51.650002,50.810001,4467200.0,47.584362
2015-06-05 00:00:00,51.014999,50.75,51.125,50.564999,3791800.0,47.6217
2015-06-08 00:00:00,50.720001,50.799999,50.945,50.689999,4314000.0,47.346336
2015-06-09 00:00:00,50.674999,50.744999,50.965,50.389999,3476800.0,47.304306
2015-06-10 00:00:00,51.669998,50.915001,52.014999,50.830002,6270400.0,48.233139
2015-06-11 00:00:00,51.939999,52.544998,52.560001,51.735001,6178000.0,48.485168
2015-06-12 00:00:00,51.889999,51.775002,52.049999,51.605,4133000.0,48.438507
2015-06-15 00:00:00,51.674999,51.549999,51.924999,51.365002,4902000.0,48.237804
2015-06-16 00:00:00,52.279999,51.740002,52.490002,51.720001,5034000.0,48.802567
2015-06-17 00:00:00,52.375,52.369999,52.584999,52.040001,4072400.0,48.891235
2015-06-18 00:00:00,53.0,52.525002,53.334999,52.505001,5690600.0,49.474667
2015-06-19 00:00:00,53.264999,53.014999,53.424999,52.970001,7285600.0,49.722042
2015-06-22 00:00:00,53.395,53.43,53.724998,53.325001,4186600.0,49.843391
2015-06-23 00:00:00,53.599998,53.599998,53.630001,53.41,5934200.0,50.03476
2015-06-24 00:00:00,53.110001,53.599998,53.685001,53.02,5056200.0,49.577354
2015-06-25 00:00:00,52.610001,53.404999,53.404999,52.334999,10811400.0,49.110615
2015-06-26 00:00:00,54.855,54.185001,55.169998,54.185001,20287600.0,51.206287
2015-06-29 00:00:00,53.834999,54.634998,54.744999,53.830002,9005000.0,50.254116
2015-06-30 00:00:00,54.009998,54.424999,54.439999,53.900002,7531200.0,50.417488
2015-07-01 00:00:00,54.715,54.474998,54.715,54.294998,5924000.0,51.075596
2015-07-02 00:00:00,54.935001,54.955002,55.365002,54.544998,5900000.0,51.280952
2015-07-06 00:00:00,54.919998,54.544998,55.255001,54.505001,4991400.0,51.266953
2015-07-07 00:00:00,55.645,55.040001,55.665001,54.529999,7207000.0,51.943737
2015-07-08 00:00:00,54.634998,55.110001,55.375,54.5,6733600.0,51.000916
2015-07-09 00:00:00,54.720001,55.119999,55.459999,54.595001,6168400.0,51.080257
2015-07-10 00:00:00,55.259998,55.264999,55.400002,54.5,5159200.0,51.584343
2015-07-13 00:00:00,56.205002,55.619999,56.275002,55.400002,5047600.0,52.466488
2015-07-14 00:00:00,56.169998,56.419998,56.529999,55.959999,5561400.0,52.433807
2015-07-15 00:00:00,55.950001,56.0,56.195,55.845001,5016400.0,52.228447
2015-07-16 00:00:00,56.169998,56.380001,56.450001,55.924999,4334600.0,52.433807
2015-07-17 00:00:00,56.400002,56.185001,56.490002,55.950001,4545400.0,52.648518
2015-07-20 00:00:00,56.564999,56.634998,56.775002,56.41,5978200.0,52.802536
2015-07-21 00:00:00,56.494999,56.490002,56.785,56.360001,4626400.0,52.737194
2015-07-22 00:00:00,57.044998,56.435001,57.110001,56.435001,5954200.0,53.250614
2015-07-23 00:00:00,57.0,57.25,57.349998,56.904999,6714200.0,53.208607
2015-07-24 00:00:00,56.494999,57.09,57.09,56.235001,5967200.0,52.737194
2015-07-27 00:00:00,55.865002,56.200001,56.459999,55.474998,6648000.0,52.149094
2015-07-28 00:00:00,56.735001,56.035,56.955002,55.924999,6948200.0,52.961235
2015-07-29 00:00:00,57.459999,56.790001,57.669998,56.75,6839800.0,53.637993
2015-07-30 00:00:00,57.505001,57.474998,57.700001,56.970001,5594000.0,53.680012
2015-07-31 00:00:00,57.610001,57.75,57.970001,57.415001,5078600.0,53.77803
2015-08-03 00:00:00,57.415001,57.755001,58.0,56.794998,4992000.0,53.596012
2015-08-04 00:00:00,57.884998,57.474998,57.965,57.165001,5229000.0,54.034729
2015-08-05 00:00:00,58.375,58.305,58.860001,58.174999,6853000.0,54.492149
2015-08-06 00:00:00,57.560001,58.5,58.75,57.185001,6211400.0,53.731369
2015-08-07 00:00:00,57.255001,57.360001,57.48,56.549999,5907800.0,53.446648
2015-08-10 00:00:00,57.68,57.695,58.084999,57.424999,4613200.0,53.843365
2015-08-11 00:00:00,57.23,57.07,57.494999,56.814999,5107400.0,53.423317
2015-08-12 00:00:00,56.529999,56.77,56.875,55.325001,7127000.0,52.769871
2015-08-13 00:00:00,56.799999,56.634998,57.264999,56.474998,5907800.0,53.0219
2015-08-14 00:00:00,57.18,56.794998,57.285,56.555,4685200.0,53.376637
2015-08-17 00:00:00,57.490002,57.060001,57.564999,56.544998,3917400.0,53.666019
2015-08-18 00:00:00,57.41,57.560001,57.84,57.294998,3669400.0,53.591347
2015-08-19 00:00:00,57.48,57.0,58.025002,56.775002,6216400.0,53.656685
2015-08-20 00:00:00,56.150002,56.855,57.224998,56.119999,6536800.0,52.415142
2015-08-21 00:00:00,53.435001,55.735001,55.830002,53.419998,15912800.0,49.88073
2015-08-24 00:00:00,51.935001,50.130001,53.689999,47.25,19882600.0,48.480515
2015-08-25 00:00:00,51.764999,53.639999,53.654999,51.740002,13616200.0,48.321819
2015-08-26 00:00:00,54.380001,53.25,54.505001,51.990002,15156000.0,50.762886
2015-08-27 00:00:00,56.310001,55.185001,56.345001,54.814999,13617400.0,52.564499
2015-08-28 00:00:00,56.25,56.299999,56.5,55.82,7526200.0,52.508503
2015-08-31 00:00:00,55.875,56.195,56.244999,55.615002,7073600.0,52.15844
2015-09-01 00:00:00,54.314999,54.490002,54.915001,54.014999,9385200.0,50.702198
2015-09-02 00:00:00,55.349998,55.075001,55.389999,54.599998,8536400.0,51.668358
2015-09-03 00:00:00,55.424999,55.615002,56.044998,55.205002,6065000.0,51.86956
2015-09-04 00:00:00,54.845001,54.610001,55.215,54.470001,7126200.0,51.326775
2015-09-08 00:00:00,55.875,55.73,55.935001,55.110001,5511400.0,52.290699
2015-09-09 00:00:00,54.93,56.355,56.494999,54.805,6349800.0,51.406319
2015-09-10 00:00:00,55.189999,54.830002,55.52,54.470001,7363000.0,51.649647
2015-09-11 00:00:00,55.91,55.115002,55.919998,54.994999,5589600.0,52.32346
2015-09-14 00:00:00,55.945,55.755001,56.029999,55.57,6833200.0,52.356216
2015-09-15 00:00:00,56.919998,55.950001,57.040001,55.400002,7699400.0,53.268669
2015-09-16 00:00:00,57.790001,57.165001,57.955002,56.919998,8104400.0,54.082848
2015-09-17 00:00:00,57.634998,57.619999,58.395,57.279999,8062600.0,53.937801
2015-09-18 00:00:00,57.525002,57.075001,57.814999,56.880001,18615000.0,53.834862
2015-09-21 00:00:00,58.279999,57.834999,58.544998,57.380001,8746600.0,54.541428
2015-09-22 00:00:00,57.985001,57.625,58.080002,57.189999,7555400.0,54.26535
2015-09-23 00:00:00,57.715,57.985001,58.299999,57.599998,9055800.0,54.012665
2015-09-24 00:00:00,57.395,57.150002,57.575001,56.75,14352600.0,53.713188
2015-09-25 00:00:00,62.5,61.564999,62.974998,61.349998,36968200.0,58.490715
2015-09-28 00:00:00,61.07,62.25,62.380001,60.424999,16450800.0,57.152443
2015-09-29 00:00:00,59.834999,61.0,61.044998,59.525002,14414400.0,55.996674
2015-09-30 00:00:00,61.485001,60.369999,61.560001,60.369999,9437800.0,57.540829
2015-10-01 00:00:00,61.915001,61.580002,61.970001,60.639999,8994200.0,57.943237
2015-10-02 00:00:00,62.605,61.044998,62.605,60.779999,9114400.0,58.588989
2015-10-05 00:00:00,62.134998,62.919998,63.244999,62.044998,9646400.0,58.149124
2015-10-06 00:00:00,61.595001,62.134998,62.400002,61.294998,7665400.0,57.643764
2015-10-07 00:00:00,61.049999,61.805,62.224998,60.5,10215400.0,57.133736
2015-10-08 00:00:00,62.455002,61.459999,62.619999,61.334999,7622600.0,58.448616
2015-10-09 00:00:00,62.470001,62.279999,62.669998,62.044998,6940600.0,58.462643
2015-10-12 00:00:00,63.215,62.599998,63.549999,62.509998,5449000.0,59.159855
2015-10-13 00:00:00,62.904999,63.0,63.27,62.794998,6355400.0,58.869732
2015-10-14 00:00:00,62.919998,62.994999,63.305,62.695,6509000.0,58.88377
2015-10-15 00:00:00,64.394997,63.610001,64.584999,63.48,10764800.0,60.264149
2015-10-16 00:00:00,65.235001,64.75,65.294998,64.434998,9321600.0,61.05027
2015-10-19 00:00:00,66.605003,65.855003,66.760002,65.555,12587800.0,62.332386
2015-10-20 00:00:00,66.184998,66.525002,66.68,65.985001,9104200.0,61.939339
2015-10-21 00:00:00,66.235001,66.324997,66.610001,65.915001,5504000.0,61.98613
2015-10-22 00:00:00,66.205002,66.434998,66.724998,65.290001,9294800.0,61.95805
2015-10-23 00:00:00,65.264999,66.535004,66.599998,64.455002,10517800.0,61.078346
2015-10-26 00:00:00,65.690002,65.135002,66.114998,65.135002,6882800.0,61.476089
2015-10-27 00:00:00,65.410004,65.5,65.620003,64.830002,6150000.0,61.214046
2015-10-28 00:00:00,65.644997,65.860001,66.025002,64.964996,7091400.0,61.433979
2015-10-29 00:00:00,65.559998,65.339996,65.735001,64.980003,4959000.0,61.354427
2015-10-30 00:00:00,65.514999,65.775002,65.809998,65.035004,7230800.0,61.312302
2015-11-02 00:00:00,65.595001,65.864998,66.0,64.730003,6123200.0,61.387173
2015-11-03 00:00:00,65.699997,65.620003,65.849998,65.339996,5492000.0,61.485439
2015-11-04 00:00:00,65.18,65.695,65.934998,64.940002,5190200.0,60.998802
2015-11-05 00:00:00,65.93,65.589996,66.220001,65.230003,5068200.0,61.70068
2015-11-06 00:00:00,65.889999,65.800003,66.470001,65.68,4837600.0,61.663254
2015-11-09 00:00:00,65.239998,65.625,65.709999,64.635002,6181200.0,61.054951
2015-11-10 00:00:00,65.0,65.044998,65.345001,64.764999,5287400.0,60.830334
2015-11-11 00:00:00,63.709999,65.139999,65.294998,63.639999,8578000.0,59.623093
2015-11-12 00:00:00,62.990002,63.5,64.0,62.705002,9388000.0,58.949284
2015-11-13 00:00:00,60.93,62.540001,62.610001,60.575001,16371000.0,57.021435
2015-11-16 00:00:00,61.73,60.900002,61.740002,60.669998,9146400.0,57.7701
2015-11-17 00:00:00,61.290001,61.525002,61.799999,60.209999,10581600.0,57.35833
2015-11-18 00:00:00,62.889999,61.52,63.014999,61.330002,10597800.0,58.855698
2015-11-19 00:00:00,62.889999,63.130001,63.494999,62.689999,8557600.0,58.855698
2015-11-20 00:00:00,66.324997,66.035004,66.400002,65.239998,19064800.0,62.070351
2015-11-23 00:00:00,66.230003,66.410004,66.5,65.889999,7135600.0,61.981445
2015-11-24 00:00:00,66.254997,65.815002,66.489998,65.629997,5311600.0,62.004848
2015-11-25 00:00:00,67.065002,66.540001,67.275002,66.514999,6989000.0,62.762871
2015-11-27 00:00:00,67.165001,67.459999,67.650002,66.665001,4527800.0,62.856476
2015-11-30 00:00:00,66.139999,66.964996,67.095001,65.82,8738800.0,61.897217
2015-12-01 00:00:00,66.654999,66.059998,66.709999,65.959999,6857000.0,62.379181
2015-12-02 00:00:00,66.324997,66.425003,66.610001,66.050003,7965600.0,62.070351
2015-12-03 00:00:00,64.559998,66.555,66.68,64.5,10649800.0,60.418571
2015-12-04 00:00:00,66.165001,64.900002,66.459999,64.900002,7410400.0,61.920605
2015-12-07 00:00:00,65.800003,66.375,66.449997,65.305,6190000.0,61.728294
2015-12-08 00:00:00,65.849998,65.434998,66.370003,65.214996,5605800.0,61.775208
2015-12-09 00:00:00,64.419998,65.379997,65.769997,63.869999,7442800.0,60.433681
2015-12-10 00:00:00,64.32,64.360001,64.82,64.004997,5682600.0,60.339878
2015-12-11 00:00:00,63.145,63.810001,63.869999,62.834999,8276000.0,59.237595
2015-12-14 00:00:00,63.93,63.314999,64.165001,63.060001,7991400.0,59.974003
2015-12-15 00:00:00,64.305,64.800003,65.0,64.175003,6869600.0,60.325813
2015-12-16 00:00:00,65.464996,64.684998,65.599998,64.410004,7542200.0,61.414036
2015-12-17 00:00:00,65.110001,65.849998,65.925003,65.035004,7400800.0,61.080997
2015-12-18 00:00:00,64.260002,64.864998,65.264999,64.184998,13804600.0,60.283607
2015-12-21 00:00:00,64.900002,64.839996,65.154999,64.305,8972600.0,60.883987
2015-12-22 00:00:00,65.925003,65.739998,65.925003,64.910004,17218400.0,61.84557
2015-12-23 00:00:00,64.355003,68.120003,68.195,63.91,57319400.0,60.372723
2015-12-24 00:00:00,63.18,64.550003,64.730003,62.150002,13889100.0,59.270428
2015-12-28 00:00:00,63.810001,63.209999,63.880001,62.799999,8786800.0,59.861435
2015-12-29 00:00:00,64.260002,64.309998,64.480003,64.019997,6708600.0,60.283607
2015-12-30 00:00:00,63.25,64.360001,64.400002,63.169998,5817900.0,59.33609
2015-12-31 00:00:00,62.5,63.150002,63.169998,62.5,6454700.0,58.632511
2016-01-04 00:00:00,61.52,61.110001,61.91,60.860001,11626800.0,57.713142
2016-01-05 00:00:00,62.380001,61.720001,62.59,61.720001,9220600.0,58.519924
2016-01-06 00:00:00,61.490002,61.299999,62.040001,61.150002,6551600.0,57.685005
2016-01-07 00:00:00,59.849998,60.389999,61.259998,59.779999,10881300.0,56.146481
2016-01-08 00:00:00,58.869999,60.060001,60.790001,58.66,11191300.0,55.227127
2016-01-11 00:00:00,59.549999,58.970001,60.040001,58.540001,12825000.0,55.86504
2016-01-12 00:00:00,59.939999,60.349998,60.82,59.57,8292200.0,56.230907
2016-01-13 00:00:00,58.779999,60.529999,60.529999,58.669998,9944300.0,55.142693
2016-01-14 00:00:00,58.509998,59.0,59.349998,57.279999,9989000.0,54.889397
2016-01-15 00:00:00,57.560001,56.93,58.139999,56.59,12208300.0,53.998196
2016-01-19 00:00:00,58.32,58.189999,59.07,57.669998,9924300.0,54.711159
2016-01-20 00:00:00,59.040001,57.25,59.59,56.75,16234200.0,55.386616
2016-01-21 00:00:00,60.560001,59.080002,61.16,59.060001,16121600.0,56.812553
2016-01-22 00:00:00,60.880001,61.290001,61.470001,60.59,8430100.0,57.112747
2016-01-25 00:00:00,60.700001,61.09,61.299999,60.619999,10383400.0,56.943886
2016-01-26 00:00:00,61.110001,60.490002,61.369999,60.27,8005200.0,57.328518
2016-01-27 00:00:00,59.580002,60.959999,61.099998,59.200001,8593700.0,55.893192
2016-01-28 00:00:00,61.200001,60.32,61.599998,59.98,10207000.0,57.412949
2016-01-29 00:00:00,62.009998,61.200001,62.16,61.200001,10475200.0,58.172821
2016-02-01 00:00:00,63.16,61.75,63.470001,61.700001,8247800.0,59.251659
2016-02-02 00:00:00,62.549999,63.02,63.5,62.310001,9458500.0,58.679401
2016-02-03 00:00:00,62.490002,62.880001,62.900002,61.299999,7213500.0,58.623123
2016-02-04 00:00:00,60.169998,62.02,62.16,59.990002,10455700.0,56.446682
2016-02-05 00:00:00,57.169998,59.759998,59.84,56.98,14415900.0,53.63232
2016-02-08 00:00:00,55.040001,56.099998,56.209999,53.639999,21214500.0,51.634125
2016-02-09 00:00:00,55.68,54.5,56.619999,54.279999,10915700.0,52.23452
2016-02-10 00:00:00,57.41,56.540001,58.18,55.93,13376800.0,53.857483
2016-02-11 00:00:00,56.0,56.459999,56.91,55.389999,13090900.0,52.534718
2016-02-12 00:00:00,56.419998,57.369999,57.450001,55.5,10229500.0,52.92873
2016-02-16 00:00:00,57.790001,57.57,58.0,56.82,8058000.0,54.213951
2016-02-17 00:00:00,58.169998,58.599998,58.599998,57.099998,10332700.0,54.570435
2016-02-18 00:00:00,58.599998,58.169998,58.959999,57.98,9658600.0,54.973827
2016-02-19 00:00:00,59.310001,58.5,59.310001,57.630001,10080100.0,55.639912
2016-02-22 00:00:00,60.169998,59.310001,60.48,59.259998,11523400.0,56.446682
2016-02-23 00:00:00,60.209999,60.259998,60.740002,59.889999,7504600.0,56.484215
2016-02-24 00:00:00,60.400002,59.740002,60.700001,59.200001,10390800.0,56.662449
2016-02-25 00:00:00,62.380001,60.68,62.380001,60.630001,8524300.0,58.519924
2016-02-26 00:00:00,62.599998,62.639999,63.490002,62.470001,8896100.0,58.726315
2016-02-29 00:00:00,61.59,62.459999,62.68,61.580002,7720600.0,57.778809
2016-03-01 00:00:00,62.919998,61.970001,63.099998,61.75,7438300.0,59.026512
2016-03-02 00:00:00,62.220001,62.52,62.889999,61.5,8465800.0,58.369835
2016-03-03 00:00:00,61.470001,62.049999,62.200001,60.919998,7924400.0,57.814915
2016-03-04 00:00:00,61.259998,61.419998,61.540001,60.380001,7279400.0,57.617393
2016-03-07 00:00:00,59.25,61.07,61.139999,58.790001,12829600.0,55.726913
2016-03-08 00:00:00,59.810001,59.029999,60.599998,58.709999,9307900.0,56.253613
2016-03-09 00:00:00,58.330002,59.580002,59.619999,57.950001,12766900.0,54.861629
2016-03-10 00:00:00,58.880001,58.700001,59.040001,57.970001,9402600.0,55.378922
2016-03-11 00:00:00,60.080002,59.130001,60.439999,59.130001,8834400.0,56.507572
2016-03-14 00:00:00,60.810001,60.189999,61.330002,60.099998,7090500.0,57.194157
2016-03-15 00:00:00,61.400002,60.5,61.75,60.360001,6188800.0,57.749073
2016-03-16 00:00:00,61.860001,61.470001,62.23,61.290001,7018300.0,58.181725
2016-03-17 00:00:00,63.18,61.759998,63.380001,61.740002,9926800.0,59.423237
2016-03-18 00:00:00,62.990002,63.549999,63.98,62.849998,13192900.0,59.24453
2016-03-21 00:00:00,64.720001,63.549999,65.290001,63.400002,13635400.0,60.87167
2016-03-22 00:00:00,64.900002,64.830002,65.440002,64.169998,18212900.0,61.040958
2016-03-23 00:00:00,62.439999,61.330002,63.450001,61.150002,26987000.0,58.72723
2016-03-24 00:00:00,61.650002,62.060001,62.139999,61.119999,12231300.0,57.984222
2016-03-28 00:00:00,61.34,61.580002,61.98,61.25,7899000.0,57.692642
2016-03-29 00:00:00,61.490002,61.259998,61.900002,61.25,7837800.0,57.833725
2016-03-30 00:00:00,62.040001,61.77,62.41,61.77,7859300.0,58.351017
2016-03-31 00:00:00,61.470001,61.990002,62.639999,61.310001,8257800.0,57.814915
2016-04-01 00:00:00,61.59,61.220001,61.82,61.150002,7555300.0,57.927776
2016-04-04 00:00:00,59.970001,61.73,61.849998,59.419998,16523400.0,56.40411
2016-04-05 00:00:00,59.669998,59.619999,60.169998,59.439999,7554000.0,56.121937
2016-04-06 00:00:00,60.310001,59.599998,60.68,59.189999,10201500.0,56.723888
2016-04-07 00:00:00,60.299999,59.790001,60.580002,59.709999,7092900.0,56.714481
2016-04-08 00:00:00,59.419998,60.490002,60.560001,59.32,8761700.0,55.886806
2016-04-11 00:00:00,57.919998,59.73,59.779999,57.82,12593400.0,54.475994
2016-04-12 00:00:00,58.549999,58.0,58.619999,56.889999,12471100.0,55.06855
2016-04-13 00:00:00,59.580002,59.02,59.950001,58.830002,10629100.0,56.037296
2016-04-14 00:00:00,59.490002,59.709999,60.34,59.439999,7785200.0,55.952652
2016-04-15 00:00:00,59.5,59.02,59.59,58.389999,7653600.0,55.962044
2016-04-18 00:00:00,59.57,59.380001,60.0,59.380001,6075900.0,56.027885
2016-04-19 00:00:00,59.560001,59.959999,59.990002,59.330002,6594400.0,56.018486
2016-04-20 00:00:00,59.619999,59.43,60.240002,59.43,7177500.0,56.074917
2016-04-21 00:00:00,60.080002,60.529999,60.529999,59.709999,7156700.0,56.507572
2016-04-22 00:00:00,59.43,60.18,60.220001,58.970001,8294300.0,55.896202
2016-04-25 00:00:00,59.209999,59.34,59.419998,58.759998,6117700.0,55.689301
2016-04-26 00:00:00,59.540001,59.310001,59.970001,59.27,5582200.0,55.999676
2016-04-27 00:00:00,59.27,59.630001,59.73,58.630001,8094600.0,55.74572
2016-04-28 00:00:00,58.540001,58.950001,59.889999,58.419998,6028600.0,55.059143
2016-04-29 00:00:00,58.939999,58.41,59.09,58.099998,8178700.0,55.435333
2016-05-02 00:00:00,59.59,59.09,59.75,58.990002,8647800.0,56.0467
2016-05-03 00:00:00,59.52,59.240002,59.849998,59.029999,8061300.0,55.980862
2016-05-04 00:00:00,59.110001,59.23,59.959999,58.82,8062800.0,55.595238
2016-05-05 00:00:00,58.189999,58.939999,58.98,58.0,7846000.0,54.729939
2016-05-06 00:00:00,58.43,58.16,58.439999,57.380001,7308000.0,54.955681
2016-05-09 00:00:00,58.720001,58.59,59.189999,58.450001,5604900.0,55.22842
2016-05-10 00:00:00,59.200001,58.610001,59.990002,58.610001,7600200.0,55.679886
2016-05-11 00:00:00,57.009998,58.5,58.68,56.849998,12823000.0,53.62011
2016-05-12 00:00:00,57.990002,57.52,58.34,57.310001,8083700.0,54.541843
2016-05-13 00:00:00,57.310001,57.740002,58.119999,57.279999,7392600.0,53.902267
2016-05-16 00:00:00,57.139999,57.27,57.529999,56.630001,8045900.0,53.742378
2016-05-17 00:00:00,57.099998,57.150002,57.380001,56.650002,7620700.0,53.704746
2016-05-18 00:00:00,56.119999,56.759998,56.869999,55.669998,11532800.0,52.783031
2016-05-19 00:00:00,57.040001,55.82,57.299999,55.669998,9376500.0,53.648323
2016-05-20 00:00:00,56.48,55.880001,57.060001,55.41,13745300.0,53.121628
2016-05-23 00:00:00,55.990002,56.599998,56.970001,55.950001,7780700.0,52.660759
2016-05-24 00:00:00,56.59,56.049999,56.77,55.860001,11098700.0,53.225067
2016-05-25 00:00:00,55.990002,56.470001,56.689999,55.77,9921500.0,52.660759
2016-05-26 00:00:00,55.84,56.049999,56.360001,55.599998,9063100.0,52.519684
2016-05-27 00:00:00,56.189999,56.169998,56.529999,55.98,8525900.0,52.848866
2016-05-31 00:00:00,55.220001,56.41,56.470001,55.169998,14233600.0,51.936546
2016-06-01 00:00:00,54.93,53.330002,55.040001,52.919998,28409300.0,51.663788
2016-06-02 00:00:00,54.529999,54.220001,54.669998,54.220001,13901700.0,51.437408
2016-06-03 00:00:00,53.450001,54.290001,54.57,53.400002,17265800.0,50.418652
2016-06-06 00:00:00,54.299999,53.77,54.540001,53.689999,13808300.0,51.220436
2016-06-07 00:00:00,53.549999,54.16,54.349998,53.549999,13334000.0,50.512974
2016-06-08 00:00:00,54.119999,53.830002,54.34,53.66,12068500.0,51.050655
2016-06-09 00:00:00,54.939999,54.110001,55.049999,53.880001,11609800.0,51.824142
2016-06-10 00:00:00,55.110001,54.639999,55.360001,54.549999,12183600.0,51.984509
2016-06-13 00:00:00,54.91,55.0,55.639999,54.880001,8582200.0,51.795853
2016-06-14 00:00:00,54.119999,54.580002,54.939999,54.080002,9585600.0,51.050655
2016-06-15 00:00:00,54.310001,54.240002,55.060001,54.240002,7498400.0,51.229877
2016-06-16 00:00:00,53.470001,53.540001,53.639999,52.939999,14456500.0,50.437523
2016-06-17 00:00:00,53.709999,53.450001,53.869999,53.16,11007100.0,50.66391
2016-06-20 00:00:00,54.360001,54.23,55.150002,54.23,8429400.0,51.277039
2016-06-21 00:00:00,54.77,54.459999,55.09,54.439999,8278200.0,51.663788
2016-06-22 00:00:00,54.57,55.0,55.139999,54.529999,7019600.0,51.475132
2016-06-23 00:00:00,54.119999,55.110001,55.18,53.950001,11219800.0,51.050655
2016-06-24 00:00:00,52.59,52.360001,53.360001,52.18,18481200.0,49.607426
2016-06-27 00:00:00,51.889999,52.0,52.52,51.48,15265700.0,48.947124
2016-06-28 00:00:00,53.09,52.040001,53.200001,51.57,20837800.0,50.079067
2016-06-29 00:00:00,55.130001,54.5,55.139999,52.889999,36084800.0,52.00338
2016-06-30 00:00:00,55.200001,55.290001,55.43,54.599998,17350500.0,52.069405
2016-07-01 00:00:00,55.610001,55.07,55.810001,54.91,9285100.0,52.456146
2016-07-05 00:00:00,55.200001,55.34,55.91,55.009998,10256100.0,52.069405
2016-07-06 00:00:00,55.799999,54.880001,55.810001,54.82,7863400.0,52.63538
2016-07-07 00:00:00,55.919998,55.799999,55.98,55.560001,6948000.0,52.748569
2016-07-08 00:00:00,56.720001,56.099998,56.82,56.09,8645900.0,53.503201
2016-07-11 00:00:00,56.830002,56.830002,57.23,56.709999,8122500.0,53.606964
2016-07-12 00:00:00,58.060001,57.09,58.200001,57.07,11164400.0,54.767193
2016-07-13 00:00:00,57.990002,58.18,58.439999,57.73,9126500.0,54.701176
2016-07-14 00:00:00,58.490002,58.299999,58.599998,58.150002,7488400.0,55.172821
2016-07-15 00:00:00,57.869999,58.59,58.869999,57.869999,9225200.0,54.587971
2016-07-18 00:00:00,57.740002,58.0,58.16,57.740002,6478900.0,54.465347
2016-07-19 00:00:00,57.759998,57.459999,57.77,57.150002,7442700.0,54.484211
2016-07-20 00:00:00,57.759998,57.990002,58.099998,57.740002,5872400.0,54.484211
2016-07-21 00:00:00,56.990002,57.990002,58.029999,56.57,8262000.0,53.757877
2016-07-22 00:00:00,56.73,56.82,56.959999,56.43,8614700.0,53.512634
2016-07-25 00:00:00,57.139999,56.869999,57.150002,56.459999,7256300.0,53.899376
2016-07-26 00:00:00,56.369999,57.200001,57.869999,56.25,8546700.0,53.17305
2016-07-27 00:00:00,55.790001,56.5,57.0,55.470001,10295400.0,52.62595
2016-07-28 00:00:00,55.450001,55.59,55.810001,54.98,9574100.0,52.305225
2016-07-29 00:00:00,55.5,55.27,55.66,55.209999,6353400.0,52.352386
2016-08-01 00:00:00,55.41,55.73,55.869999,55.299999,6268400.0,52.267494
2016-08-02 00:00:00,54.919998,55.23,55.279999,54.779999,7145600.0,51.805275
2016-08-03 00:00:00,54.75,54.549999,55.189999,54.279999,9687300.0,51.64492
2016-08-04 00:00:00,54.790001,54.959999,55.57,54.650002,8678100.0,51.682652
2016-08-05 00:00:00,55.849998,55.32,56.060001,55.169998,7512500.0,52.682529
2016-08-08 00:00:00,55.98,56.130001,56.389999,55.68,6307000.0,52.805168
2016-08-09 00:00:00,55.77,56.080002,56.240002,55.689999,8044400.0,52.607075
2016-08-10 00:00:00,55.130001,55.950001,56.18,55.07,6881400.0,52.00338
2016-08-11 00:00:00,56.73,55.630001,56.889999,55.48,9539500.0,53.512634
2016-08-12 00:00:00,56.450001,56.700001,56.759998,56.130001,5393400.0,53.248516
2016-08-15 00:00:00,56.77,56.650002,57.060001,56.619999,4836300.0,53.550358
2016-08-16 00:00:00,56.880001,56.799999,57.040001,56.419998,4901800.0,53.654129
2016-08-17 00:00:00,56.860001,56.869999,56.970001,56.540001,7340500.0,53.635262
2016-08-18 00:00:00,57.209999,56.990002,57.459999,56.900002,6043600.0,53.965412
2016-08-19 00:00:00,58.900002,57.400002,59.139999,57.25,15987100.0,55.559563
2016-08-22 00:00:00,58.66,58.82,59.459999,58.650002,8266000.0,55.333179
2016-08-23 00:00:00,59.619999,58.799999,59.799999,58.799999,8222800.0,56.238735
2016-08-24 00:00:00,60.220001,59.889999,60.330002,59.720001,11379000.0,56.804699
2016-08-25 00:00:00,59.240002,60.009998,60.150002,59.029999,8713900.0,55.880283
2016-08-26 00:00:00,59.0,58.57,59.200001,58.299999,9994300.0,55.653885
2016-08-29 00:00:00,58.630001,59.200001,59.25,58.529999,5831000.0,55.304878
2016-08-30 00:00:00,58.0,58.459999,58.759998,57.849998,6344600.0,54.710602
2016-08-31 00:00:00,57.639999,57.860001,58.279999,57.189999,7723600.0,54.371017
2016-09-01 00:00:00,58.540001,57.669998,58.549999,57.529999,8225000.0,55.373684
2016-09-02 00:00:00,58.02,58.630001,59.18,57.990002,6933100.0,54.881817
2016-09-06 00:00:00,57.41,58.25,58.380001,57.209999,9771800.0,54.304802
2016-09-07 00:00:00,57.720001,57.48,57.779999,57.009998,7536100.0,54.598038
2016-09-08 00:00:00,56.169998,56.880001,57.27,56.110001,12741900.0,53.131878
2016-09-09 00:00:00,55.330002,55.880001,56.0,55.27,11310400.0,52.337303
2016-09-12 00:00:00,56.009998,55.0,56.119999,54.950001,7470900.0,52.980534
2016-09-13 00:00:00,55.369999,55.860001,55.939999,55.119999,7359400.0,52.375141
2016-09-14 00:00:00,55.130001,55.16,55.560001,54.93,7621200.0,52.148136
2016-09-15 00:00:00,55.470001,55.0,55.540001,54.810001,6283900.0,52.469742
2016-09-16 00:00:00,55.18,55.240002,55.360001,55.049999,11715400.0,52.195438
2016-09-19 00:00:00,54.950001,55.380001,55.470001,54.93,7671300.0,51.977863
2016-09-20 00:00:00,54.869999,55.259998,55.439999,54.759998,8563000.0,51.902187
2016-09-21 00:00:00,55.34,55.02,55.380001,54.610001,8041700.0,52.346767
2016-09-22 00:00:00,55.41,55.470001,55.98,55.240002,8052400.0,52.412987
2016-09-23 00:00:00,55.150002,55.02,55.709999,54.91,8921700.0,52.167053
2016-09-26 00:00:00,54.400002,54.799999,55.0,54.080002,11629600.0,51.457611
2016-09-27 00:00:00,55.34,54.25,55.540001,53.900002,17945200.0,52.346767
2016-09-28 00:00:00,53.25,54.599998,55.0,52.799999,33213000.0,50.36982
2016-09-29 00:00:00,52.16,52.919998,53.580002,52.119999,16993900.0,49.338776
2016-09-30 00:00:00,52.650002,52.57,53.060001,52.279999,12940200.0,49.802261
2016-10-03 00:00:00,52.669998,52.540001,53.0,52.419998,7632500.0,49.82119
2016-10-04 00:00:00,52.139999,52.900002,53.060001,52.080002,10737400.0,49.319855
2016-10-05 00:00:00,52.119999,52.150002,52.639999,52.099998,7244100.0,49.30093
2016-10-06 00:00:00,52.029999,52.200001,52.330002,51.970001,9391700.0,49.215801
2016-10-07 00:00:00,51.790001,52.419998,52.459999,51.68,8407100.0,48.988773
2016-10-10 00:00:00,51.790001,52.130001,52.25,51.77,5469300.0,48.988773
2016-10-11 00:00:00,51.82,51.950001,52.25,51.52,9203500.0,49.01717
2016-10-12 00:00:00,52.439999,52.009998,52.709999,51.799999,9301300.0,49.603626
2016-10-13 00:00:00,52.029999,52.119999,52.32,51.5,8425800.0,49.215801
2016-10-14 00:00:00,51.619999,52.380001,52.5,51.619999,7133800.0,48.82798
2016-10-17 00:00:00,51.029999,51.650002,51.75,50.959999,7904000.0,48.269886
2016-10-18 00:00:00,51.220001,51.299999,51.66,51.189999,6805200.0,48.449608
2016-10-19 00:00:00,51.799999,51.34,51.84,51.139999,6999000.0,48.998241
2016-10-20 00:00:00,51.889999,51.77,52.360001,51.689999,6590500.0,49.083374
2016-10-21 00:00:00,51.77,51.740002,51.869999,51.25,9161000.0,48.96986
2016-10-24 00:00:00,51.869999,52.16,52.290001,51.830002,7578200.0,49.064457
2016-10-25 00:00:00,51.049999,50.970001,51.439999,50.709999,14975300.0,48.288811
2016-10-26 00:00:00,51.970001,50.950001,52.27,50.900002,12401100.0,49.159046
2016-10-27 00:00:00,51.889999,52.34,52.34,51.689999,7939200.0,49.083374
2016-10-28 00:00:00,52.02,52.119999,52.5,51.790001,9096700.0,49.206345
2016-10-31 00:00:00,50.18,50.880001,51.150002,50.0,17931300.0,47.46587
2016-11-01 00:00:00,49.619999,50.5,50.509998,49.139999,14100400.0,46.936153
2016-11-02 00:00:00,49.720001,49.240002,50.27,49.009998,10775900.0,47.030743
2016-11-03 00:00:00,49.73,49.98,50.0,49.310001,7678700.0,47.040203
2016-11-04 00:00:00,49.959999,49.799999,50.450001,49.759998,9925200.0,47.257763
2016-11-07 00:00:00,50.91,50.48,50.93,50.279999,8358700.0,48.156372
2016-11-08 00:00:00,51.080002,51.099998,51.490002,50.950001,8111400.0,48.317188
2016-11-09 00:00:00,51.119999,50.07,51.27,49.799999,9058600.0,48.355019
2016-11-10 00:00:00,50.389999,51.290001,51.369999,50.330002,12316100.0,47.664505
2016-11-11 00:00:00,50.77,50.220001,50.849998,50.18,6300600.0,48.023949
2016-11-14 00:00:00,50.209999,51.18,51.189999,50.209999,8063900.0,47.49424
2016-11-15 00:00:00,50.130001,50.459999,50.639999,49.75,9299800.0,47.418568
2016-11-16 00:00:00,50.68,50.0,50.799999,49.950001,6760300.0,47.93882
2016-11-17 00:00:00,51.59,50.939999,51.669998,50.720001,7671600.0,48.799591
2016-11-18 00:00:00,51.099998,51.389999,51.889999,50.959999,7461600.0,48.336098
2016-11-21 00:00:00,51.279999,51.0,51.419998,50.950001,5357200.0,48.506351
2016-11-22 00:00:00,51.709999,51.470001,51.75,51.049999,5228100.0,48.913105
2016-11-23 00:00:00,51.34,51.709999,51.849998,51.200001,4141600.0,48.563129
2016-11-25 00:00:00,51.52,51.68,51.740002,51.349998,2736800.0,48.733383
2016-11-28 00:00:00,51.009998,51.439999,51.439999,50.610001,8602100.0,48.250957
2016-11-29 00:00:00,50.630001,51.200001,51.369999,50.57,6065700.0,47.891525
2016-11-30 00:00:00,50.07,50.52,50.810001,50.07,8198400.0,47.361809
2016-12-01 00:00:00,50.650002,50.110001,51.25,50.060001,7610100.0,48.083302
2016-12-02 00:00:00,50.459999,50.259998,50.68,50.110001,6933300.0,47.902931
2016-12-05 00:00:00,51.849998,50.799999,52.27,50.700001,12031200.0,49.222488
2016-12-06 00:00:00,50.57,50.830002,51.099998,50.259998,12496300.0,48.007347
2016-12-07 00:00:00,52.099998,50.790001,52.25,50.599998,10412600.0,49.459816
2016-12-08 00:00:00,51.549999,52.150002,52.470001,51.450001,9260900.0,48.937695
2016-12-09 00:00:00,51.720001,51.759998,51.970001,51.5,5869800.0,49.099079
2016-12-12 00:00:00,51.540001,51.5,51.900002,50.939999,11459500.0,48.928192
2016-12-13 00:00:00,52.299999,51.830002,53.220001,51.830002,11442300.0,49.649685
2016-12-14 00:00:00,51.790001,52.240002,52.34,51.59,8012800.0,49.165535
2016-12-15 00:00:00,51.290001,52.0,52.040001,51.09,9567500.0,48.690876
2016-12-16 00:00:00,50.919998,51.599998,51.639999,50.669998,13984900.0,48.339615
2016-12-19 00:00:00,50.849998,50.91,51.360001,50.48,9451700.0,48.273163
2016-12-20 00:00:00,51.790001,51.060001,51.990002,50.75,15984100.0,49.165535
2016-12-21 00:00:00,52.299999,52.900002,53.349998,51.549999,23236400.0,49.649685
2016-12-22 00:00:00,52.139999,52.799999,53.0,52.029999,11798900.0,49.497795
2016-12-23 00:00:00,51.91,51.990002,52.349998,51.669998,9360800.0,49.279446
2016-12-27 00:00:00,51.290001,51.799999,52.25,51.200001,8175000.0,48.690876
2016-12-28 00:00:00,51.02,51.310001,51.5,50.869999,6318000.0,48.434551
2016-12-29 00:00:00,51.060001,51.0,51.240002,50.880001,4680800.0,48.472519
2016-12-30 00:00:00,50.830002,51.099998,51.330002,50.700001,7384300.0,48.254181
2017-01-03 00:00:00,51.98,51.990002,52.5,51.77,13295600.0,49.345905
2017-01-04 00:00:00,53.07,52.23,53.349998,52.09,13759500.0,50.380669
2017-01-05 00:00:00,53.060001,52.919998,53.099998,52.439999,8682200.0,50.371174
2017-01-06 00:00:00,53.91,53.09,54.09,52.98,12532400.0,51.178101
2017-01-09 00:00:00,53.380001,53.959999,53.990002,53.220001,8835300.0,50.674961
2017-01-10 00:00:00,53.110001,53.549999,53.73,53.110001,8041900.0,50.418636
2017-01-11 00:00:00,52.689999,53.119999,53.290001,52.669998,8208300.0,50.01992
2017-01-12 00:00:00,52.400002,52.509998,52.689999,52.16,7368700.0,49.744621
2017-01-13 00:00:00,52.919998,52.59,52.93,52.23,6694400.0,50.238262
2017-01-17 00:00:00,53.650002,53.400002,53.950001,53.009998,9888500.0,50.931271
2017-01-18 00:00:00,53.27,53.860001,53.889999,52.860001,6743100.0,50.57053
2017-01-19 00:00:00,52.93,53.84,53.939999,52.889999,8320600.0,50.247761
2017-01-20 00:00:00,53.200001,53.220001,53.349998,52.900002,7861000.0,50.504074
2017-01-23 00:00:00,53.240002,53.02,53.259998,52.720001,7025700.0,50.542049
2017-01-24 00:00:00,53.450001,53.02,53.57,52.990002,6321300.0,50.741409
2017-01-25 00:00:00,53.860001,53.73,54.119999,53.689999,6675000.0,51.130638
2017-01-26 00:00:00,53.650002,54.110001,54.119999,53.360001,6202000.0,50.931271
2017-01-27 00:00:00,53.189999,53.68,54.080002,53.029999,7362000.0,50.494591
2017-01-30 00:00:00,53.080002,52.779999,53.220001,52.41,9770800.0,50.390156
2017-01-31 00:00:00,52.900002,51.68,52.900002,51.630001,12342900.0,50.219284
2017-02-01 00:00:00,53.02,52.98,53.259998,52.610001,8810900.0,50.333202
2017-02-02 00:00:00,52.799999,53.0,53.009998,52.48,7874200.0,50.124344
2017-02-03 00:00:00,52.360001,52.619999,52.810001,52.25,8850400.0,49.70665
2017-02-06 00:00:00,52.799999,52.09,52.799999,52.049999,7355200.0,50.124344
2017-02-07 00:00:00,52.810001,53.07,53.279999,52.669998,6446900.0,50.13385
2017-02-08 00:00:00,53.880001,52.740002,53.939999,52.700001,9281100.0,51.149616
2017-02-09 00:00:00,55.310001,53.880001,55.700001,53.880001,14345400.0,52.507145
2017-02-10 00:00:00,56.220001,55.630001,56.470001,55.630001,14973400.0,53.371044
2017-02-13 00:00:00,56.09,56.169998,56.34,55.75,7679800.0,53.24762
2017-02-14 00:00:00,56.450001,55.919998,56.689999,55.830002,8891400.0,53.589382
2017-02-15 00:00:00,56.639999,56.290001,56.759998,56.209999,6652000.0,53.769756
2017-02-16 00:00:00,56.290001,56.880001,56.919998,56.099998,8374200.0,53.437492
2017-02-17 00:00:00,56.75,56.119999,56.799999,55.860001,12638000.0,53.874176
2017-02-21 00:00:00,57.360001,56.380001,57.450001,56.200001,10955000.0,54.453281
2017-02-22 00:00:00,58.240002,57.48,58.380001,57.360001,10914100.0,55.288681
2017-02-23 00:00:00,57.389999,58.110001,58.400002,57.27,12316300.0,54.48175
2017-02-24 00:00:00,57.860001,57.389999,58.419998,57.07,9684500.0,54.927929
2017-02-27 00:00:00,57.689999,57.650002,57.830002,57.349998,4375700.0,54.766548
2017-02-28 00:00:00,57.16,57.369999,57.549999,56.860001,7951300.0,54.263409
2017-03-01 00:00:00,57.950001,57.860001,58.029999,57.330002,8558900.0,55.013367
2017-03-02 00:00:00,57.799999,57.900002,58.25,57.650002,6438400.0,55.041943
2017-03-03 00:00:00,56.700001,57.799999,57.799999,56.509998,9181600.0,53.994427
2017-03-06 00:00:00,56.77,56.700001,56.93,56.529999,6896800.0,54.061089
2017-03-07 00:00:00,56.549999,56.709999,56.990002,56.02,7124400.0,53.851589
2017-03-08 00:00:00,56.509998,56.939999,56.939999,56.310001,7604800.0,53.813492
2017-03-09 00:00:00,56.360001,56.610001,56.66,56.09,6165700.0,53.670647
2017-03-10 00:00:00,56.43,56.490002,56.990002,56.259998,8882400.0,53.737316
2017-03-13 00:00:00,56.669998,56.43,56.82,56.110001,7235900.0,53.965862
2017-03-14 00:00:00,57.279999,56.869999,58.009998,56.720001,9286900.0,54.546749
2017-03-15 00:00:00,57.66,57.630001,57.990002,56.75,10067500.0,54.908619
2017-03-16 00:00:00,57.599998,57.43,57.720001,56.830002,9895000.0,54.851479
2017-03-17 00:00:00,57.799999,57.77,57.889999,57.310001,10791500.0,55.041943
2017-03-20 00:00:00,58.68,58.0,58.810001,57.959999,13352500.0,55.87994
2017-03-21 00:00:00,58.009998,58.779999,59.0,57.720001,15269800.0,55.24192
2017-03-22 00:00:00,53.919998,54.759998,55.0,53.759998,37413400.0,51.347084
2017-03-23 00:00:00,55.369999,54.610001,55.549999,54.52,23848300.0,52.727886
2017-03-24 00:00:00,56.360001,55.290001,56.639999,55.119999,14438600.0,53.670647
2017-03-27 00:00:00,55.93,55.639999,56.25,55.540001,8663600.0,53.261166
2017-03-28 00:00:00,56.619999,55.990002,56.779999,55.790001,7823900.0,53.918236
2017-03-29 00:00:00,56.68,56.41,57.099998,56.349998,7456200.0,53.97538
2017-03-30 00:00:00,56.040001,56.48,56.599998,55.810001,7210500.0,53.365925
2017-03-31 00:00:00,55.73,56.0,56.029999,55.650002,5905600.0,53.070721
2017-04-03 00:00:00,55.560001,55.740002,55.799999,55.150002,7088800.0,52.908836
2017-04-04 00:00:00,55.040001,55.150002,55.299999,54.830002,8843300.0,52.413639
2017-04-05 00:00:00,54.98,54.970001,55.799999,54.5,7722100.0,52.356506
2017-04-06 00:00:00,55.139999,55.07,55.939999,54.939999,6692200.0,52.508865
2017-04-07 00:00:00,55.110001,55.099998,55.240002,54.77,6078300.0,52.480309
2017-04-10 00:00:00,54.900002,55.0,55.330002,54.720001,5472700.0,52.280315
2017-04-11 00:00:00,54.919998,54.950001,55.07,54.549999,4348600.0,52.299366
2017-04-12 00:00:00,55.57,54.66,55.619999,54.5,8504100.0,52.918346
2017-04-13 00:00:00,55.34,55.41,55.599998,55.259998,5282100.0,52.699326
2017-04-17 00:00:00,56.240002,55.32,56.34,55.25,7688700.0,53.556381
2017-04-18 00:00:00,56.110001,56.02,56.419998,55.799999,5651100.0,53.432579
2017-04-19 00:00:00,55.860001,56.16,56.220001,55.740002,5947700.0,53.194508
2017-04-20 00:00:00,56.400002,55.959999,56.689999,55.880001,6867100.0,53.708744
2017-04-21 00:00:00,55.849998,56.290001,56.380001,55.68,6055600.0,53.184994
2017-04-24 00:00:00,55.470001,56.139999,56.209999,55.470001,10777700.0,52.82312
2017-04-25 00:00:00,55.450001,55.529999,55.77,55.41,8971000.0,52.804073
2017-04-26 00:00:00,55.16,55.459999,55.84,55.119999,10936000.0,52.527912
2017-04-27 00:00:00,55.470001,55.18,55.57,54.91,8558000.0,52.82312
2017-04-28 00:00:00,55.41,55.43,55.529999,55.139999,6437700.0,52.76598
2017-05-01 00:00:00,54.990002,55.43,55.450001,54.98,4881400.0,52.366016
2017-05-02 00:00:00,55.07,55.119999,55.16,54.790001,7363600.0,52.442219
2017-05-03 00:00:00,54.529999,55.169998,55.299999,54.400002,9474700.0,51.927979
2017-05-04 00:00:00,54.470001,54.68,54.830002,54.200001,6830600.0,51.870846
2017-05-05 00:00:00,53.950001,54.41,54.5,53.560001,13379900.0,51.375656
2017-05-08 00:00:00,54.299999,54.18,54.509998,53.830002,8728100.0,51.708946
2017-05-09 00:00:00,54.889999,54.330002,55.080002,54.16,6441200.0,52.270794
2017-05-10 00:00:00,54.560001,54.91,55.060001,54.509998,5823000.0,51.956547
2017-05-11 00:00:00,54.240002,54.52,54.52,53.400002,6499600.0,51.651814
2017-05-12 00:00:00,54.200001,54.099998,54.389999,53.790001,5606300.0,51.61372
2017-05-15 00:00:00,53.77,54.119999,54.200001,53.68,8201700.0,51.204239
2017-05-16 00:00:00,52.779999,52.369999,53.380001,52.119999,14562700.0,50.261482
2017-05-17 00:00:00,51.799999,52.779999,52.869999,51.799999,18341500.0,49.328243
2017-05-18 00:00:00,51.68,51.970001,52.080002,51.299999,22576500.0,49.213966
2017-05-19 00:00:00,51.77,51.0,52.110001,50.810001,20047800.0,49.299675
2017-05-22 00:00:00,51.57,51.77,51.959999,51.400002,13671500.0,49.109219
2017-05-23 00:00:00,52.200001,51.98,52.630001,51.880001,11087300.0,49.709148
2017-05-24 00:00:00,52.009998,52.25,52.299999,51.740002,9383600.0,49.528217
2017-05-25 00:00:00,52.349998,52.380001,52.59,52.209999,7627500.0,49.852005
2017-05-26 00:00:00,52.59,52.349998,52.759998,52.23,5921300.0,50.080551
2017-05-30 00:00:00,52.919998,52.759998,53.02,52.639999,8039600.0,50.394794
2017-05-31 00:00:00,52.990002,53.02,53.279999,52.709999,8938800.0,50.46146
2017-06-01 00:00:00,52.299999,53.060001,53.299999,52.209999,13352100.0,49.97414
2017-06-02 00:00:00,52.98,52.700001,53.009998,52.360001,18511200.0,50.623898
2017-06-05 00:00:00,53.009998,53.0,53.23,52.700001,5748900.0,50.652561
2017-06-06 00:00:00,52.48,52.900002,53.099998,52.43,8923000.0,50.146133
2017-06-07 00:00:00,53.23,52.790001,53.360001,52.75,7438300.0,50.862778
2017-06-08 00:00:00,53.200001,53.23,54.139999,53.150002,7785600.0,50.834118
2017-06-09 00:00:00,53.459999,53.200001,53.470001,52.799999,8347400.0,51.08255
2017-06-12 00:00:00,54.029999,53.509998,54.25,53.5,9180000.0,51.627201
2017-06-13 00:00:00,54.310001,54.029999,54.66,53.84,8720100.0,51.894753
2017-06-14 00:00:00,54.66,54.48,54.669998,53.950001,6783900.0,52.229191
2017-06-15 00:00:00,52.900002,54.0,54.049999,52.73,16041100.0,50.547466
2017-06-16 00:00:00,51.099998,51.75,51.84,50.790001,25725500.0,48.827511
2017-06-19 00:00:00,52.02,51.419998,52.220001,51.400002,11265300.0,49.706593
2017-06-20 00:00:00,51.560001,52.049999,52.130001,51.099998,10676500.0,49.267059
2017-06-21 00:00:00,52.59,51.900002,52.689999,51.900002,13021700.0,50.25124
2017-06-22 00:00:00,52.400002,52.599998,52.619999,52.09,10660700.0,50.069695
2017-06-23 00:00:00,52.849998,52.150002,52.919998,51.669998,8522400.0,50.49968
2017-06-26 00:00:00,53.279999,52.950001,53.57,52.669998,7966200.0,50.910561
2017-06-27 00:00:00,52.950001,53.189999,53.259998,52.639999,7873100.0,50.595238
2017-06-28 00:00:00,53.360001,53.169998,53.610001,52.959999,7527200.0,50.986996
2017-06-29 00:00:00,53.169998,53.330002,53.630001,52.990002,14801900.0,50.805443
2017-06-30 00:00:00,59.0,56.599998,59.709999,56.5,46553000.0,56.376179
2017-07-03 00:00:00,58.650002,58.369999,59.009998,58.330002,9910000.0,56.041763
2017-07-05 00:00:00,57.560001,58.240002,58.290001,57.509998,16167000.0,55.000221
2017-07-06 00:00:00,57.16,57.450001,57.720001,57.0,9035700.0,54.618004
2017-07-07 00:00:00,57.98,57.400002,58.080002,57.029999,8145400.0,55.401546
2017-07-10 00:00:00,58.73,57.889999,58.810001,57.68,8942400.0,56.118179
2017-07-11 00:00:00,58.18,58.540001,58.93,58.040001,7223000.0,55.592651
2017-07-12 00:00:00,58.220001,58.310001,58.75,58.099998,7243100.0,55.630863
2017-07-13 00:00:00,57.939999,58.220001,58.580002,57.93,8108600.0,55.363319
2017-07-14 00:00:00,58.0,57.950001,58.209999,57.639999,6345300.0,55.42065
2017-07-17 00:00:00,57.790001,58.0,58.349998,57.759998,6885000.0,55.219997
2017-07-18 00:00:00,57.650002,57.740002,58.080002,57.470001,4922500.0,55.086224
2017-07-19 00:00:00,57.77,57.599998,57.880001,57.389999,4451100.0,55.200878
2017-07-20 00:00:00,59.099998,59.119999,59.59,58.799999,11915500.0,56.471733
2017-07-21 00:00:00,59.950001,59.0,60.0,58.91,11048300.0,57.283936
2017-07-24 00:00:00,58.950001,59.689999,59.77,58.759998,7498900.0,56.328403
2017-07-25 00:00:00,59.389999,59.32,59.52,58.919998,5157100.0,56.74884
2017-07-26 00:00:00,58.360001,59.09,59.130001,58.32,5529500.0,55.764648
2017-07-27 00:00:00,58.150002,58.599998,58.68,57.990002,8259900.0,55.56398
2017-07-28 00:00:00,58.669998,58.150002,58.740002,57.970001,5112800.0,56.060856
2017-07-31 00:00:00,59.049999,58.709999,59.119999,58.330002,6225900.0,56.423962
2017-08-01 00:00:00,59.84,59.0,59.939999,58.900002,9051700.0,57.178829
2017-08-02 00:00:00,59.790001,59.549999,59.950001,59.27,4468100.0,57.131054
2017-08-03 00:00:00,60.139999,59.799999,60.529999,59.639999,5677200.0,57.465488
2017-08-04 00:00:00,59.759998,60.169998,60.34,59.630001,4106000.0,57.102386
2017-08-07 00:00:00,59.790001,59.82,60.099998,59.709999,4066700.0,57.131054
2017-08-08 00:00:00,59.459999,59.880001,60.119999,59.360001,5586400.0,56.815723
2017-08-09 00:00:00,59.900002,59.419998,59.970001,59.259998,5310900.0,57.236156
2017-08-10 00:00:00,59.07,59.68,59.689999,59.060001,5585100.0,56.443069
2017-08-11 00:00:00,58.970001,58.73,59.27,58.59,4980000.0,56.347515
2017-08-14 00:00:00,59.779999,59.150002,60.0,59.130001,5900000.0,57.12149
2017-08-15 00:00:00,58.560001,58.939999,59.009998,58.290001,8913000.0,55.955746
2017-08-16 00:00:00,58.540001,58.900002,59.049999,58.220001,5489600.0,55.936638
2017-08-17 00:00:00,57.459999,58.529999,58.740002,57.419998,9148600.0,54.904667
2017-08-18 00:00:00,54.950001,54.849998,55.419998,54.169998,22905200.0,52.50629
2017-08-21 00:00:00,53.610001,54.439999,54.439999,53.110001,14289300.0,51.22588
2017-08-22 00:00:00,54.130001,53.919998,54.41,53.790001,8212800.0,51.722759
2017-08-23 00:00:00,53.610001,53.919998,54.080002,53.450001,6409400.0,51.22588
2017-08-24 00:00:00,53.84,53.93,53.970001,53.459999,5461900.0,51.445656
2017-08-25 00:00:00,53.900002,54.029999,54.200001,53.540001,6416600.0,51.502995
2017-08-28 00:00:00,53.73,54.07,54.43,53.619999,5269400.0,51.340534
2017-08-29 00:00:00,52.73,52.740002,52.880001,52.07,12539900.0,50.385017
2017-08-30 00:00:00,52.560001,52.799999,52.959999,52.25,7434500.0,50.22258
2017-08-31 00:00:00,52.810001,52.599998,52.98,52.470001,7728900.0,50.634869
2017-09-01 00:00:00,53.360001,53.0,53.450001,52.900002,5509800.0,51.162209
2017-09-05 00:00:00,53.009998,53.25,53.470001,52.880001,6306500.0,50.826622
2017-09-06 00:00:00,52.759998,53.119999,53.34,52.709999,7407600.0,50.586926
2017-09-07 00:00:00,52.389999,52.759998,52.849998,52.34,6905800.0,50.232159
2017-09-08 00:00:00,52.200001,52.25,52.509998,52.110001,8563300.0,50.049992
2017-09-11 00:00:00,53.029999,52.380001,53.130001,52.32,8649900.0,50.845806
2017-09-12 00:00:00,53.400002,53.77,54.09,53.299999,7823700.0,51.200569
2017-09-13 00:00:00,53.52,53.450001,53.639999,53.040001,6086000.0,51.31562
2017-09-14 00:00:00,53.73,53.540001,53.889999,53.119999,7497400.0,51.516964
2017-09-15 00:00:00,53.869999,53.860001,54.060001,53.52,10046800.0,51.651211
2017-09-18 00:00:00,53.5,53.869999,54.16,53.400002,8166400.0,51.296452
2017-09-19 00:00:00,53.330002,52.779999,54.049999,52.509998,14707200.0,51.13345
2017-09-20 00:00:00,53.560001,53.490002,53.639999,53.040001,7058000.0,51.353977
2017-09-21 00:00:00,53.189999,53.549999,53.639999,53.09,8065400.0,50.999214
2017-09-22 00:00:00,53.240002,53.02,53.610001,52.799999,10962400.0,51.047157
2017-09-25 00:00:00,53.23,53.080002,53.560001,53.0,12262400.0,51.037567
2017-09-26 00:00:00,53.700001,53.18,53.970001,52.98,16183700.0,51.488209
2017-09-27 00:00:00,52.669998,52.169998,52.689999,51.029999,36202500.0,50.500633
2017-09-28 00:00:00,52.630001,52.799999,53.029999,52.330002,11334700.0,50.462276
2017-09-29 00:00:00,51.849998,52.59,52.82,51.759998,12189900.0,49.714409
2017-10-02 00:00:00,51.869999,52.16,52.209999,51.66,7516200.0,49.733585
2017-10-03 00:00:00,51.470001,52.0,52.049999,51.400002,8126700.0,49.350052
2017-10-04 00:00:00,52.080002,51.509998,52.130001,51.400002,8204300.0,49.934937
2017-10-05 00:00:00,52.18,52.009998,52.32,51.779999,5287400.0,50.030815
2017-10-06 00:00:00,52.419998,52.200001,52.459999,52.119999,5360300.0,50.260933
2017-10-09 00:00:00,51.52,52.23,52.299999,51.5,6875100.0,49.398006
2017-10-10 00:00:00,51.529999,51.580002,51.82,51.369999,8372700.0,49.407581
2017-10-11 00:00:00,51.029999,51.389999,51.52,50.830002,9109600.0,48.928169
2017-10-12 00:00:00,50.830002,50.98,51.119999,50.349998,10658400.0,48.73642
2017-10-13 00:00:00,50.98,50.830002,51.07,50.400002,16227900.0,48.880241
2017-10-16 00:00:00,51.369999,50.799999,51.41,50.639999,9299300.0,49.254181
2017-10-17 00:00:00,52.0,51.5,52.040001,51.380001,9492700.0,49.858219
2017-10-18 00:00:00,52.299999,52.18,52.400002,52.099998,10890300.0,50.14587
2017-10-19 00:00:00,52.689999,51.66,52.799999,51.48,12568200.0,50.51981
2017-10-20 00:00:00,53.060001,52.790001,53.5,52.790001,13020900.0,50.874569
2017-10-23 00:00:00,53.66,53.060001,53.950001,53.0,12242600.0,51.449863
2017-10-24 00:00:00,53.419998,53.900002,54.0,53.099998,14767600.0,51.219738
2017-10-25 00:00:00,54.939999,53.43,55.91,52.669998,24804000.0,52.677128
2017-10-26 00:00:00,56.810001,55.259998,57.25,55.139999,22185100.0,54.470116
2017-10-27 00:00:00,55.959999,55.82,56.360001,55.650002,12801800.0,53.655121
2017-10-30 00:00:00,55.27,55.709999,55.93,54.84,10169400.0,52.993553
2017-10-31 00:00:00,54.990002,54.75,55.279999,54.52,9794800.0,52.725075
2017-11-01 00:00:00,55.07,55.419998,55.5,54.849998,7544500.0,52.801781
2017-11-02 00:00:00,55.119999,55.150002,55.32,54.59,7250300.0,52.849716
2017-11-03 00:00:00,55.709999,55.150002,55.720001,55.040001,9448200.0,53.415413
2017-11-06 00:00:00,56.040001,55.290001,56.130001,55.139999,9332200.0,53.731834
2017-11-07 00:00:00,55.150002,55.75,56.02,55.02,7774700.0,52.87849
2017-11-08 00:00:00,55.759998,55.0,55.77,54.889999,7079400.0,53.46336
2017-11-09 00:00:00,56.130001,55.5,56.349998,55.310001,10958500.0,53.818127
2017-11-10 00:00:00,56.09,55.880001,56.490002,55.619999,7535700.0,53.779762
2017-11-13 00:00:00,55.91,55.66,56.09,55.66,10106100.0,53.607182
2017-11-14 00:00:00,55.98,55.709999,56.18,55.529999,5037500.0,53.674305
2017-11-15 00:00:00,56.630001,55.959999,56.869999,55.080002,6610500.0,54.297531
2017-11-16 00:00:00,57.23,56.619999,57.279999,56.41,8233300.0,54.872818
2017-11-17 00:00:00,59.189999,58.540001,59.529999,58.369999,15475500.0,56.752083
2017-11-20 00:00:00,59.25,58.630001,59.5,57.98,8480600.0,56.80962
2017-11-21 00:00:00,59.389999,59.029999,59.400002,58.93,9057800.0,56.943848
2017-11-22 00:00:00,59.07,59.18,59.34,58.939999,8501300.0,56.637032
2017-11-24 00:00:00,59.32,59.0,59.349998,58.91,3400400.0,56.876732
2017-11-27 00:00:00,59.630001,59.200001,59.700001,59.169998,7891600.0,57.173965
2017-11-28 00:00:00,59.580002,58.759998,59.599998,58.540001,8665300.0,57.126026
2017-11-29 00:00:00,60.360001,59.73,60.630001,59.73,12022800.0,57.873898
2017-11-30 00:00:00,60.419998,60.259998,61.209999,60.200001,12551200.0,57.931423
2017-12-01 00:00:00,59.880001,60.419998,60.43,59.240002,10113500.0,57.604347
2017-12-04 00:00:00,60.099998,60.27,60.700001,59.970001,7513200.0,57.815975
2017-12-05 00:00:00,60.419998,60.650002,60.799999,59.650002,8862900.0,58.123821
2017-12-06 00:00:00,59.720001,60.41,60.849998,59.700001,7862200.0,57.450424
2017-12-07 00:00:00,60.599998,59.860001,61.060001,59.650002,6113300.0,58.296982
2017-12-08 00:00:00,61.299999,60.5,61.369999,60.290001,6065200.0,58.970371
2017-12-11 00:00:00,61.91,61.369999,62.220001,61.299999,9017800.0,59.557198
2017-12-12 00:00:00,62.169998,61.810001,62.529999,61.650002,7358000.0,59.807323
2017-12-13 00:00:00,64.300003,62.220001,64.459999,62.02,16072600.0,61.856369
2017-12-14 00:00:00,64.529999,64.43,64.849998,64.050003,13055100.0,62.077625
2017-12-15 00:00:00,64.790001,64.889999,65.07,64.150002,15659300.0,62.327744
2017-12-18 00:00:00,64.809998,64.93,65.080002,64.389999,12652000.0,62.346992
2017-12-19 00:00:00,64.239998,65.150002,65.190002,64.18,8212500.0,61.798649
2017-12-20 00:00:00,63.59,64.389999,64.5,63.580002,12468600.0,61.173355
2017-12-21 00:00:00,64.769997,64.290001,64.980003,63.299999,14352300.0,62.30851
2017-12-22 00:00:00,63.290001,61.200001,63.540001,60.130001,20414200.0,60.884754
2017-12-26 00:00:00,63.650002,62.900002,63.889999,62.810001,4563500.0,61.231071
2017-12-27 00:00:00,62.950001,63.560001,63.599998,62.77,8959700.0,60.557674
2017-12-28 00:00:00,62.950001,63.0,63.32,62.849998,3987200.0,60.557674
2017-12-29 00:00:00,62.549999,63.209999,63.369999,62.549999,5222100.0,60.172871
2018-01-02 00:00:00,63.490002,62.849998,63.490002,62.849998,6511000.0,61.077156
2018-01-03 00:00:00,63.48,63.48,63.66,62.759998,6091100.0,61.067532
2018-01-04 00:00:00,63.439999,63.400002,63.549999,62.549999,5780500.0,61.029053
2018-01-05 00:00:00,63.98,63.700001,64.300003,63.470001,11632300.0,61.548534
2018-01-08 00:00:00,64.550003,64.150002,64.709999,63.98,11905700.0,62.096874
2018-01-09 00:00:00,64.089996,64.230003,64.720001,63.470001,8771300.0,61.654343
2018-01-10 00:00:00,64.220001,63.880001,64.230003,63.439999,5010600.0,61.779404
2018-01-11 00:00:00,64.290001,64.029999,64.309998,63.779999,5103500.0,61.846745
2018-01-12 00:00:00,64.669998,64.5,64.720001,64.32,5135700.0,62.212311
2018-01-16 00:00:00,63.419998,64.779999,65.360001,63.369999,9117000.0,61.009815
2018-01-17 00:00:00,63.810001,63.669998,64.010002,63.080002,7422600.0,61.384998
2018-01-18 00:00:00,64.110001,64.0,64.209999,63.540001,5656900.0,61.673584
2018-01-19 00:00:00,67.209999,65.309998,67.239998,65.120003,12896100.0,64.655792
2018-01-22 00:00:00,66.389999,66.550003,66.830002,65.760002,8491800.0,63.866943
2018-01-23 00:00:00,67.139999,66.529999,67.330002,66.440002,6412000.0,64.588448
2018-01-24 00:00:00,68.0,67.339996,68.18,67.07,7421800.0,65.415756
2018-01-25 00:00:00,67.709999,68.129997,68.639999,67.449997,5707600.0,65.136772
2018-01-26 00:00:00,68.040001,68.199997,68.639999,67.919998,6290500.0,65.454231
2018-01-29 00:00:00,67.580002,67.82,68.139999,67.419998,5067300.0,65.011726
2018-01-30 00:00:00,67.330002,67.5,68.309998,67.160004,6350500.0,64.771217
2018-01-31 00:00:00,68.220001,67.5,68.830002,67.470001,11036400.0,65.627403
2018-02-01 00:00:00,67.650002,67.669998,67.970001,66.699997,5790500.0,65.079056
2018-02-02 00:00:00,67.220001,67.220001,67.790001,67.0,9348300.0,64.66539
2018-02-05 00:00:00,64.389999,66.629997,67.209999,64.389999,12549500.0,61.942947
2018-02-06 00:00:00,65.220001,62.48,65.419998,62.09,13356700.0,62.741417
2018-02-07 00:00:00,65.629997,65.150002,66.839996,65.099998,8845700.0,63.135818
2018-02-08 00:00:00,62.490002,65.529999,65.709999,62.459999,14121800.0,60.115154
2018-02-09 00:00:00,65.489998,63.759998,66.050003,62.84,13733300.0,63.001137
2018-02-12 00:00:00,65.980003,65.940002,66.82,65.68,9792200.0,63.472511
2018-02-13 00:00:00,65.870003,65.849998,66.230003,65.43,9538400.0,63.366711
2018-02-14 00:00:00,67.959999,65.720001,68.029999,65.550003,8662600.0,65.377266
2018-02-15 00:00:00,68.290001,68.389999,68.760002,67.25,7390200.0,65.694725
2018-02-16 00:00:00,68.300003,67.900002,69.0,67.739998,6842100.0,65.704346
2018-02-20 00:00:00,67.489998,67.639999,67.970001,67.050003,4859100.0,64.925133
2018-02-21 00:00:00,67.050003,67.660004,68.019997,67.029999,5107900.0,64.501839
2018-02-22 00:00:00,67.129997,67.25,67.480003,66.739998,6515800.0,64.578812
2018-02-23 00:00:00,68.160004,67.389999,68.160004,66.849998,4428500.0,65.569695
2018-02-26 00:00:00,69.650002,68.389999,69.809998,68.339996,6499500.0,67.003044
2018-02-27 00:00:00,68.029999,70.0,70.25,68.029999,6843100.0,65.444611
2018-02-28 00:00:00,67.029999,68.099998,68.300003,67.010002,6091800.0,64.48262
2018-03-01 00:00:00,66.32,67.239998,67.669998,65.669998,7323900.0,63.799606
2018-03-02 00:00:00,65.889999,64.910004,66.089996,64.209999,8380500.0,63.577671
2018-03-05 00:00:00,65.050003,65.480003,65.489998,64.339996,8838400.0,62.767147
2018-03-06 00:00:00,65.239998,65.209999,65.360001,64.629997,6550100.0,62.950478
2018-03-07 00:00:00,64.169998,64.510002,64.790001,63.889999,6457600.0,61.91803
2018-03-08 00:00:00,65.110001,64.559998,65.25,64.480003,5573000.0,62.825043
2018-03-09 00:00:00,66.300003,65.510002,66.510002,65.360001,5838400.0,63.973286
2018-03-12 00:00:00,66.82,66.650002,67.610001,66.32,7522700.0,64.475029
2018-03-13 00:00:00,66.169998,67.300003,67.690002,66.129997,5167300.0,63.847851
2018-03-14 00:00:00,66.199997,66.650002,66.900002,65.669998,6463800.0,63.876804
2018-03-15 00:00:00,66.389999,66.489998,66.610001,66.129997,5260800.0,64.060127
2018-03-16 00:00:00,65.910004,66.309998,66.690002,65.910004,12860900.0,63.596981
2018-03-19 00:00:00,65.709999,65.699997,66.339996,65.190002,7255600.0,63.403996
2018-03-20 00:00:00,66.800003,65.940002,66.870003,65.93,6906200.0,64.455742
2018-03-21 00:00:00,66.349998,66.730003,67.209999,66.309998,5805200.0,64.021545
2018-03-22 00:00:00,64.419998,65.599998,66.150002,64.230003,12313300.0,62.159264
2018-03-23 00:00:00,64.629997,66.699997,67.110001,64.459999,17343800.0,62.361889
2018-03-26 00:00:00,65.900002,65.080002,66.059998,64.989998,10796000.0,63.587341
2018-03-27 00:00:00,66.169998,65.889999,67.639999,65.43,9452500.0,63.847851
2018-03-28 00:00:00,65.440002,66.589996,67.150002,65.269997,7208400.0,63.143478
2018-03-29 00:00:00,66.440002,65.699997,66.550003,65.610001,10748300.0,64.10836
2018-04-02 00:00:00,64.120003,65.970001,66.050003,63.209999,12383900.0,61.869793
2018-04-03 00:00:00,66.699997,64.470001,66.730003,64.360001,8766400.0,64.359245
2018-04-04 00:00:00,68.419998,65.970001,68.5,65.93,10275800.0,66.018883
2018-04-05 00:00:00,69.589996,68.5,69.779999,68.389999,9093300.0,67.147827
2018-04-06 00:00:00,67.550003,68.510002,69.309998,66.93,9719300.0,65.17942
2018-04-09 00:00:00,67.18,68.389999,68.550003,67.150002,6504500.0,64.822395
2018-04-10 00:00:00,67.0,67.809998,67.879997,66.489998,10098900.0,64.64872
2018-04-11 00:00:00,66.830002,66.580002,67.199997,66.519997,5185500.0,64.484695
2018-04-12 00:00:00,67.769997,67.07,68.0,67.07,5145300.0,65.391701
2018-04-13 00:00:00,67.25,68.120003,68.330002,66.980003,4300200.0,64.889938
2018-04-16 00:00:00,67.059998,67.809998,67.980003,67.059998,6484400.0,64.706627
2018-04-17 00:00:00,67.510002,67.370003,67.669998,67.279999,5605700.0,65.140808
2018-04-18 00:00:00,66.199997,67.529999,67.739998,66.160004,7384000.0,63.876804
2018-04-19 00:00:00,65.730003,66.029999,66.300003,64.989998,8274300.0,63.423302
2018-04-20 00:00:00,66.089996,65.75,66.110001,65.449997,10402800.0,63.770653
2018-04-23 00:00:00,66.879997,66.0,67.029999,65.949997,6338400.0,64.532928
2018-04-24 00:00:00,66.970001,67.309998,67.510002,66.720001,8176100.0,64.619789
2018-04-25 00:00:00,66.669998,66.839996,67.0,66.25,5188900.0,64.330292
2018-04-26 00:00:00,68.050003,66.779999,68.290001,66.639999,5355200.0,65.661865
2018-04-27 00:00:00,69.559998,68.470001,70.0,68.449997,7814900.0,67.118889
2018-04-30 00:00:00,68.389999,69.580002,69.809998,68.389999,6484100.0,65.989937
2018-05-01 00:00:00,68.099998,67.980003,68.209999,67.029999,4957800.0,65.710121
2018-05-02 00:00:00,68.260002,68.040001,68.559998,67.480003,5752100.0,65.864502
2018-05-03 00:00:00,66.900002,67.800003,67.849998,66.639999,6155900.0,64.552231
2018-05-04 00:00:00,68.099998,66.839996,68.330002,66.800003,5132900.0,65.710121
2018-05-07 00:00:00,69.339996,68.059998,69.419998,68.059998,5041600.0,66.906593
2018-05-08 00:00:00,68.459999,69.199997,69.230003,68.199997,6534900.0,66.057495
2018-05-09 00:00:00,67.949997,68.419998,68.470001,67.010002,7956300.0,65.565392
2018-05-10 00:00:00,67.919998,68.139999,68.269997,67.330002,4965200.0,65.53643
2018-05-11 00:00:00,68.43,68.029999,68.529999,67.910004,4145100.0,66.028534
2018-05-14 00:00:00,68.839996,68.599998,68.889999,68.110001,3453800.0,66.424141
2018-05-15 00:00:00,69.5,68.309998,69.519997,68.230003,5045000.0,67.060997
2018-05-16 00:00:00,71.339996,69.669998,71.510002,69.620003,9693000.0,68.836411
2018-05-17 00:00:00,70.940002,71.400002,71.599998,70.82,6064700.0,68.450439
2018-05-18 00:00:00,71.32,70.760002,71.589996,70.470001,5688100.0,68.817116
2018-05-21 00:00:00,71.379997,71.480003,71.699997,70.709999,5480700.0,68.875
2018-05-22 00:00:00,71.309998,71.459999,72.190002,71.260002,5675300.0,68.807449
2018-05-23 00:00:00,71.339996,70.949997,71.919998,70.830002,6806400.0,68.836411
2018-05-24 00:00:00,72.18,71.43,72.279999,71.32,5613800.0,69.646927
2018-05-25 00:00:00,72.25,73.099998,73.489998,71.629997,5889700.0,69.714485
2018-05-29 00:00:00,70.919998,71.519997,71.610001,70.43,5857900.0,68.431129
2018-05-30 00:00:00,72.230003,71.459999,72.290001,70.940002,5799900.0,69.695183
2018-05-31 00:00:00,71.800003,72.0,72.220001,71.239998,7856200.0,69.280273
2018-06-01 00:00:00,72.760002,72.120003,72.949997,72.120003,4085900.0,70.402679
2018-06-04 00:00:00,73.830002,73.0,73.870003,72.790001,4581900.0,71.438026
2018-06-05 00:00:00,74.050003,73.610001,74.220001,73.139999,4928700.0,71.650909
2018-06-06 00:00:00,74.75,74.379997,74.940002,74.190002,5318100.0,72.328217
2018-06-07 00:00:00,74.760002,74.949997,75.910004,74.650002,6846300.0,72.337891
2018-06-08 00:00:00,74.900002,74.779999,75.07,74.300003,5524900.0,72.473351
2018-06-11 00:00:00,74.589996,75.059998,75.209999,74.540001,4902800.0,72.173393
2018-06-12 00:00:00,74.290001,74.419998,74.610001,74.07,4356500.0,71.883125
2018-06-13 00:00:00,74.110001,74.269997,74.900002,73.989998,4696200.0,71.708961
2018-06-14 00:00:00,74.699997,74.599998,75.150002,74.349998,4636000.0,72.279831
2018-06-15 00:00:00,75.839996,74.709999,75.849998,74.5,10977300.0,73.382919
2018-06-18 00:00:00,75.610001,75.279999,75.760002,74.910004,4515900.0,73.16037
2018-06-19 00:00:00,74.260002,74.5,74.919998,73.650002,7562200.0,71.854088
2018-06-20 00:00:00,74.720001,74.199997,74.910004,73.970001,4424900.0,72.299187
2018-06-21 00:00:00,73.940002,73.699997,74.790001,73.550003,5537900.0,71.544464
2018-06-22 00:00:00,73.43,73.57,74.410004,73.209999,9404900.0,71.05098
2018-06-25 00:00:00,72.349998,73.32,73.360001,72.029999,9064100.0,70.005959
2018-06-26 00:00:00,72.559998,72.5,73.290001,72.349998,7072600.0,70.209175
2018-06-27 00:00:00,71.349998,72.730003,72.949997,71.150002,7624700.0,69.038368
2018-06-28 00:00:00,71.699997,71.449997,72.120003,71.349998,9118500.0,69.377029
2018-06-29 00:00:00,79.68,78.760002,81.0,78.360001,31314100.0,77.098495
2018-07-02 00:00:00,78.349998,78.580002,79.480003,77.019997,11867000.0,75.811569
2018-07-03 00:00:00,76.279999,77.410004,77.889999,76.099998,5794900.0,73.808647
2018-07-05 00:00:00,76.550003,76.620003,77.419998,76.139999,6534500.0,74.069901
2018-07-06 00:00:00,76.480003,76.480003,77.080002,76.07,5916200.0,74.002182
2018-07-09 00:00:00,77.279999,76.839996,77.379997,76.349998,4871400.0,74.77623
2018-07-10 00:00:00,77.57,77.440002,78.089996,77.160004,6281800.0,75.056854
2018-07-11 00:00:00,77.360001,77.129997,77.639999,76.830002,3656600.0,74.853661
2018-07-12 00:00:00,77.370003,77.940002,78.18,77.230003,4879200.0,74.863335
2018-07-13 00:00:00,77.379997,77.199997,77.610001,77.139999,2963100.0,74.873009
2018-07-16 00:00:00,77.75,77.360001,78.099998,77.300003,4755100.0,75.231026
2018-07-17 00:00:00,77.470001,77.510002,78.019997,77.400002,4355400.0,74.960091
2018-07-18 00:00:00,76.589996,77.43,77.620003,76.32,6101600.0,74.108597
2018-07-19 00:00:00,76.949997,75.93,77.160004,75.800003,4875100.0,74.45694
2018-07-20 00:00:00,76.959999,76.309998,77.080002,76.160004,5246400.0,74.466599
2018-07-23 00:00:00,76.589996,76.709999,76.949997,76.129997,4198200.0,74.108597
2018-07-24 00:00:00,75.529999,76.849998,77.089996,75.440002,6054000.0,73.082939
2018-07-25 00:00:00,77.160004,75.239998,77.18,75.059998,5542400.0,74.660126
2018-07-26 00:00:00,78.150002,77.0,78.440002,76.82,6706200.0,75.618057
2018-07-27 00:00:00,76.889999,78.169998,78.410004,76.790001,6125700.0,74.398888
2018-07-30 00:00:00,75.959999,76.879997,76.959999,75.43,7275300.0,73.499016
2018-07-31 00:00:00,76.910004,76.440002,77.589996,76.160004,8265600.0,74.418228
2018-08-01 00:00:00,77.540001,76.5,78.059998,76.5,6878300.0,75.027817
2018-08-02 00:00:00,78.650002,77.769997,79.07,77.400002,5313800.0,76.101868
2018-08-03 00:00:00,78.739998,78.730003,78.980003,78.440002,3762100.0,76.188957
2018-08-06 00:00:00,79.510002,78.739998,79.580002,78.43,4280600.0,76.933998
2018-08-07 00:00:00,80.529999,79.730003,80.629997,79.269997,5418900.0,77.920952
2018-08-08 00:00:00,80.5,80.209999,81.080002,80.040001,5327100.0,77.891907
2018-08-09 00:00:00,81.260002,80.489998,81.879997,80.410004,4558500.0,78.627312
2018-08-10 00:00:00,80.730003,80.82,81.290001,80.290001,5036700.0,78.114471
2018-08-13 00:00:00,80.150002,80.82,81.150002,80.010002,4101200.0,77.553268
2018-08-14 00:00:00,80.139999,80.330002,80.849998,79.68,6079700.0,77.543594
2018-08-15 00:00:00,79.57,79.57,79.860001,79.120003,5057200.0,76.992065
2018-08-16 00:00:00,80.050003,79.900002,80.610001,79.800003,5475800.0,77.456497
2018-08-17 00:00:00,79.75,80.040001,80.440002,79.68,9001400.0,77.166237
2018-08-20 00:00:00,82.18,81.519997,82.419998,80.949997,9345200.0,79.517479
2018-08-21 00:00:00,82.949997,82.309998,83.080002,82.019997,6337000.0,80.26255
2018-08-22 00:00:00,82.639999,83.099998,83.68,82.279999,4308300.0,79.962593
2018-08-23 00:00:00,82.910004,82.43,83.57,82.339996,4156900.0,80.223846
2018-08-24 00:00:00,82.449997,82.419998,82.879997,82.099998,3453000.0,79.778748
2018-08-27 00:00:00,82.650002,83.040001,83.449997,82.230003,4012400.0,79.972275
2018-08-28 00:00:00,82.580002,83.230003,83.629997,82.480003,3788800.0,79.904533
2018-08-29 00:00:00,82.790001,82.419998,83.099998,82.220001,5712400.0,80.107742
2018-08-30 00:00:00,81.400002,82.580002,82.760002,81.010002,7122100.0,78.762772
2018-08-31 00:00:00,82.199997,81.25,82.25,81.25,5177100.0,79.732758
2018-09-04 00:00:00,79.599998,79.389999,80.970001,79.0,18565800.0,77.210785
2018-09-05 00:00:00,79.919998,79.650002,80.32,79.300003,12269100.0,77.521194
2018-09-06 00:00:00,80.400002,80.169998,80.839996,79.769997,8576900.0,77.986794
2018-09-07 00:00:00,80.300003,80.010002,81.160004,80.010002,6633900.0,77.889778
2018-09-10 00:00:00,82.099998,81.389999,82.440002,81.220001,6965600.0,79.635773
2018-09-11 00:00:00,82.629997,83.199997,83.580002,82.550003,7166800.0,80.149834
2018-09-12 00:00:00,83.0,82.699997,83.040001,82.040001,5384300.0,80.508736
2018-09-13 00:00:00,83.470001,83.209999,83.900002,83.120003,5382100.0,80.964653
2018-09-14 00:00:00,83.489998,83.580002,83.839996,83.059998,4884400.0,80.984024
2018-09-17 00:00:00,83.260002,83.489998,83.93,82.940002,4861100.0,80.760941
2018-09-18 00:00:00,85.260002,83.239998,85.349998,83.239998,7277700.0,82.700928
2018-09-19 00:00:00,84.43,85.690002,85.849998,84.120003,8053100.0,81.895828
2018-09-20 00:00:00,85.370003,85.089996,85.870003,84.93,6620300.0,82.807594
2018-09-21 00:00:00,85.550003,86.0,86.040001,85.010002,13852700.0,82.982201
2018-09-24 00:00:00,84.269997,85.160004,85.260002,84.25,8770400.0,81.740601
2018-09-25 00:00:00,84.790001,84.860001,85.099998,84.07,10519500.0,82.245018
2018-09-26 00:00:00,83.699997,82.610001,84.730003,81.949997,16357100.0,81.187729
2018-09-27 00:00:00,84.540001,83.769997,84.919998,83.730003,6080600.0,82.002525
2018-09-28 00:00:00,84.720001,84.290001,85.269997,84.25,7452700.0,82.177116
2018-10-01 00:00:00,84.459999,85.099998,85.849998,84.370003,7876400.0,81.924919
2018-10-02 00:00:00,82.769997,84.339996,84.550003,82.5,8446900.0,80.285652
2018-10-03 00:00:00,82.5,81.93,82.959999,81.75,10046700.0,80.023743
2018-10-04 00:00:00,80.18,82.339996,82.480003,80.019997,9161100.0,77.773376
2018-10-05 00:00:00,80.120003,80.089996,80.989998,79.43,7019100.0,77.715179
2018-10-08 00:00:00,80.230003,80.040001,80.540001,79.080002,8058700.0,77.821884
2018-10-09 00:00:00,80.419998,80.370003,81.489998,80.160004,7643400.0,78.006172
2018-10-10 00:00:00,74.940002,79.660004,80.040001,74.769997,12977800.0,72.690666
2018-10-11 00:00:00,74.510002,74.769997,77.07,73.900002,11532100.0,72.273567
2018-10-12 00:00:00,75.910004,75.970001,76.860001,74.910004,10393800.0,73.631546
2018-10-15 00:00:00,74.989998,75.769997,76.160004,74.970001,5789000.0,72.739166
2018-10-16 00:00:00,77.480003,75.599998,77.650002,75.32,7744200.0,75.154427
2018-10-17 00:00:00,76.480003,77.519997,77.800003,75.940002,6816900.0,74.184441
2018-10-18 00:00:00,75.599998,77.400002,77.410004,75.0,7622200.0,73.330841
2018-10-19 00:00:00,74.209999,75.830002,76.050003,74.139999,7301200.0,71.982559
2018-10-22 00:00:00,74.900002,74.650002,75.209999,74.300003,7042500.0,72.651863
2018-10-23 00:00:00,73.349998,74.190002,74.379997,72.07,11423800.0,71.148399
2018-10-24 00:00:00,72.120003,73.470001,74.610001,71.949997,8333900.0,69.955307
2018-10-25 00:00:00,73.099998,72.690002,73.5,72.230003,7648000.0,70.905884
2018-10-26 00:00:00,72.07,72.0,72.709999,70.690002,8371100.0,69.906799
2018-10-29 00:00:00,72.190002,73.260002,74.010002,71.389999,9874200.0,70.023209
2018-10-30 00:00:00,74.510002,73.07,74.639999,72.809998,9470000.0,72.273567
2018-10-31 00:00:00,75.040001,75.5,76.339996,74.919998,8755500.0,72.787666
2018-11-01 00:00:00,76.790001,75.230003,76.839996,74.839996,6117800.0,74.485146
2018-11-02 00:00:00,76.580002,77.529999,78.589996,75.709999,6995100.0,74.281441
2018-11-05 00:00:00,77.529999,76.489998,77.769997,76.050003,7143300.0,75.202927
2018-11-06 00:00:00,76.57,77.339996,77.580002,76.360001,6424200.0,74.271751
2018-11-07 00:00:00,77.970001,76.940002,78.230003,76.57,5403900.0,75.629715
2018-11-08 00:00:00,77.779999,77.690002,78.160004,77.239998,5425000.0,75.445412
2018-11-09 00:00:00,76.360001,77.709999,77.769997,75.529999,4737600.0,74.068039
2018-11-12 00:00:00,75.099998,76.349998,76.769997,74.989998,5204900.0,72.845856
2018-11-13 00:00:00,75.199997,75.529999,76.269997,74.839996,4584600.0,72.942856
2018-11-14 00:00:00,75.199997,76.32,77.489998,74.889999,7984200.0,72.942856
2018-11-15 00:00:00,74.330002,74.440002,74.669998,72.889999,7858300.0,72.098969
2018-11-16 00:00:00,74.739998,73.760002,75.519997,73.059998,8064200.0,72.496674
2018-11-19 00:00:00,72.519997,74.690002,74.75,71.860001,6744900.0,70.3433
2018-11-20 00:00:00,71.120003,70.489998,72.07,69.519997,9053900.0,68.985329
2018-11-21 00:00:00,72.370003,71.989998,72.900002,71.809998,7326100.0,70.197823
2018-11-23 00:00:00,71.489998,72.050003,72.519997,71.410004,2582300.0,69.344208
2018-11-26 00:00:00,72.709999,72.339996,73.0,72.269997,6458300.0,70.527596
2018-11-27 00:00:00,72.089996,72.279999,72.550003,71.300003,5008000.0,69.926208
2018-11-28 00:00:00,74.660004,72.300003,74.760002,72.300003,6167200.0,72.419067
2018-11-29 00:00:00,74.339996,74.639999,74.949997,73.32,5436700.0,72.108665
2018-11-30 00:00:00,75.120003,74.18,75.480003,73.900002,7947300.0,73.081551
2018-12-03 00:00:00,77.940002,77.099998,79.0,76.93,10211800.0,75.82502
2018-12-04 00:00:00,75.790001,77.419998,78.400002,75.410004,8800400.0,73.733368
2018-12-06 00:00:00,75.540001,74.370003,75.57,73.589996,9693700.0,73.490128
2018-12-07 00:00:00,73.339996,75.040001,75.970001,72.870003,6133700.0,71.349838
2018-12-10 00:00:00,72.510002,73.099998,73.709999,70.610001,7235000.0,70.542366
2018-12-11 00:00:00,73.57,73.870003,74.57,72.559998,7794500.0,71.573593
2018-12-12 00:00:00,74.32,74.519997,75.279999,73.510002,6950400.0,72.303246
2018-12-13 00:00:00,72.93,74.5,74.589996,72.589996,7454800.0,70.950974
2018-12-14 00:00:00,72.529999,71.970001,73.650002,71.410004,7221200.0,70.561813
2018-12-17 00:00:00,69.900002,71.370003,71.769997,69.459999,10647700.0,68.003189
2018-12-18 00:00:00,71.150002,70.900002,72.410004,70.43,7533300.0,69.219276
2018-12-19 00:00:00,68.970001,71.449997,72.0,68.32,8426100.0,67.098427
2018-12-20 00:00:00,67.529999,68.730003,69.57,66.529999,14488500.0,65.697502
2018-12-21 00:00:00,72.370003,73.290001,74.290001,71.25,28487900.0,70.406181
2018-12-24 00:00:00,68.099998,71.400002,71.93,68.080002,8551400.0,66.252029
2018-12-26 00:00:00,73.010002,68.699997,73.010002,68.650002,10019200.0,71.028793
2018-12-27 00:00:00,73.669998,72.18,73.730003,70.989998,9004900.0,71.670876
2018-12-28 00:00:00,73.339996,73.970001,74.459999,72.57,6197000.0,71.349838
2018-12-31 00:00:00,74.139999,73.980003,74.459999,73.519997,5519100.0,72.128136
2019-01-02 00:00:00,74.059998,72.790001,74.639999,72.190002,6762700.0,72.050301
2019-01-03 00:00:00,72.75,73.25,73.32,71.209999,8007400.0,70.775848
2019-01-04 00:00:00,74.650002,73.449997,75.120003,73.120003,7844200.0,72.62429
2019-01-07 00:00:00,75.720001,74.739998,76.360001,74.300003,8184800.0,73.665253
2019-01-08 00:00:00,76.730003,76.830002,77.400002,76.199997,8809000.0,74.64785
2019-01-09 00:00:00,76.589996,76.970001,77.150002,76.139999,8591000.0,74.511635
2019-01-10 00:00:00,76.419998,75.639999,77.339996,75.459999,11148600.0,74.34626
2019-01-11 00:00:00,76.040001,76.339996,76.889999,75.800003,10689900.0,73.976563
2019-01-14 00:00:00,76.089996,75.459999,76.809998,75.459999,5677400.0,74.025208
2019-01-15 00:00:00,77.879997,76.190002,77.980003,76.129997,6212400.0,75.766632
2019-01-16 00:00:00,77.68,78.0,78.849998,77.589996,5697100.0,75.572075
2019-01-17 00:00:00,79.129997,77.540001,79.400002,77.309998,7737300.0,76.982712
2019-01-18 00:00:00,80.449997,79.949997,80.970001,79.739998,10404100.0,78.266899
2019-01-22 00:00:00,80.75,80.330002,81.309998,80.199997,8781700.0,78.558754
2019-01-23 00:00:00,80.5,81.190002,81.400002,80.220001,5823000.0,78.315529
2019-01-24 00:00:00,80.440002,80.599998,80.870003,79.550003,4753200.0,78.257164
2019-01-25 00:00:00,80.610001,81.25,81.330002,80.43,4457100.0,78.422539
2019-01-28 00:00:00,80.32,79.800003,80.510002,79.739998,5452000.0,78.140419
2019-01-29 00:00:00,80.220001,80.360001,80.830002,79.839996,4187500.0,78.043144
2019-01-30 00:00:00,81.279999,80.400002,81.290001,80.059998,5200200.0,79.074371
2019-01-31 00:00:00,81.879997,81.18,81.949997,80.709999,8599200.0,79.658081
2019-02-01 00:00:00,81.510002,81.830002,81.900002,81.129997,5351900.0,79.298126
2019-02-04 00:00:00,81.989998,81.220001,82.0,80.830002,4236600.0,79.765114
2019-02-05 00:00:00,82.860001,81.980003,83.190002,81.93,6545600.0,80.611488
2019-02-06 00:00:00,82.709999,82.510002,82.709999,81.639999,3682800.0,80.465584
2019-02-07 00:00:00,82.389999,82.150002,82.849998,81.709999,4827500.0,80.154259
2019-02-08 00:00:00,82.360001,82.25,82.720001,81.940002,3786500.0,80.125061
2019-02-11 00:00:00,83.68,82.949997,83.830002,82.870003,6158500.0,81.409248
2019-02-12 00:00:00,84.709999,83.970001,84.839996,83.620003,6290300.0,82.411301
2019-02-13 00:00:00,85.400002,84.760002,85.589996,84.760002,5032800.0,83.082573
2019-02-14 00:00:00,84.68,84.610001,85.139999,83.699997,5179000.0,82.382118
2019-02-15 00:00:00,85.379997,85.489998,85.779999,85.099998,6111300.0,83.063126
2019-02-19 00:00:00,84.57,84.580002,85.050003,84.459999,5105900.0,82.275093
2019-02-20 00:00:00,84.839996,84.629997,84.949997,84.349998,6436100.0,82.537773
2019-02-21 00:00:00,83.949997,83.57,84.150002,83.349998,8579200.0,81.671928
2019-02-22 00:00:00,84.760002,84.199997,85.019997,84.029999,4449500.0,82.45993
2019-02-25 00:00:00,85.169998,85.389999,85.730003,84.959999,6229700.0,82.858818
2019-02-26 00:00:00,85.800003,85.309998,86.080002,85.199997,6678700.0,83.471718
2019-02-27 00:00:00,86.169998,85.529999,86.220001,85.059998,4588200.0,83.83168
2019-02-28 00:00:00,85.730003,86.080002,86.400002,85.68,4988100.0,83.403625
2019-03-01 00:00:00,87.160004,86.93,87.989998,86.239998,6314900.0,85.012978
2019-03-04 00:00:00,85.639999,87.32,87.989998,85.110001,7339500.0,83.530426
2019-03-05 00:00:00,85.440002,85.879997,86.25,85.440002,4976300.0,83.335358
2019-03-06 00:00:00,85.129997,85.599998,85.989998,85.040001,3198000.0,83.032982
2019-03-07 00:00:00,85.260002,84.970001,85.410004,84.660004,4321800.0,83.15979
2019-03-08 00:00:00,84.800003,84.580002,84.879997,84.019997,4669700.0,82.711113
2019-03-11 00:00:00,85.82,85.389999,85.940002,85.050003,3999800.0,83.705978
2019-03-12 00:00:00,85.43,85.779999,86.080002,85.019997,4431600.0,83.325584
2019-03-13 00:00:00,85.93,85.699997,86.660004,85.599998,5037800.0,83.813271
2019-03-14 00:00:00,86.870003,86.150002,86.879997,85.699997,5906100.0,84.730125
2019-03-15 00:00:00,86.800003,87.220001,87.610001,85.959999,11031400.0,84.66185
2019-03-18 00:00:00,87.82,87.300003,87.839996,87.0,7750700.0,85.656715
2019-03-19 00:00:00,87.690002,88.220001,88.589996,87.290001,6642200.0,85.529907
2019-03-20 00:00:00,86.690002,87.5,87.580002,86.089996,5991500.0,84.554558
2019-03-21 00:00:00,88.010002,87.239998,88.120003,86.830002,10386900.0,85.842049
2019-03-22 00:00:00,82.190002,85.199997,85.900002,82.150002,21659800.0,80.165405
2019-03-25 00:00:00,82.330002,81.480003,83.220001,80.889999,15558300.0,80.301956
2019-03-26 00:00:00,83.379997,83.629997,84.089996,82.910004,9611900.0,81.326088
2019-03-27 00:00:00,83.089996,83.690002,83.800003,82.040001,6485100.0,81.043236
2019-03-28 00:00:00,84.040001,83.93,84.720001,83.699997,6032700.0,81.969841
2019-03-29 00:00:00,84.209999,84.599998,84.849998,83.860001,6492000.0,82.135643
2019-04-01 00:00:00,85.230003,85.040001,85.32,84.699997,6737400.0,83.130524
2019-04-02 00:00:00,84.370003,85.0,85.260002,84.160004,4433800.0,82.29171
2019-04-03 00:00:00,84.470001,84.900002,84.989998,84.25,4080900.0,82.389236
2019-04-04 00:00:00,85.279999,84.489998,85.379997,84.360001,3660700.0,83.179283
2019-04-05 00:00:00,85.400002,86.0,86.160004,85.050003,7367400.0,83.296333
2019-04-08 00:00:00,84.730003,85.010002,85.290001,84.57,4705800.0,82.642845
2019-04-09 00:00:00,84.279999,84.220001,84.599998,83.970001,3804500.0,82.203934
2019-04-10 00:00:00,84.879997,84.639999,85.010002,84.559998,3918400.0,82.789139
2019-04-11 00:00:00,85.0,84.900002,85.050003,84.279999,3347400.0,82.906189
2019-04-12 00:00:00,86.239998,85.300003,86.489998,85.290001,6037000.0,84.115631
2019-04-15 00:00:00,86.830002,86.889999,87.239998,86.440002,5034900.0,84.691116
2019-04-16 00:00:00,87.800003,87.0,87.949997,87.0,4652700.0,85.637215
2019-04-17 00:00:00,88.730003,87.949997,88.970001,87.449997,5694900.0,86.544296
2019-04-18 00:00:00,89.199997,88.760002,90.0,88.699997,7016600.0,87.002708
2019-04-22 00:00:00,87.360001,88.349998,88.639999,87.300003,5390500.0,85.208046
2019-04-23 00:00:00,87.43,87.57,87.669998,87.010002,7513700.0,85.276329
2019-04-24 00:00:00,88.389999,87.669998,88.82,87.43,8063000.0,86.212685
2019-04-25 00:00:00,87.559998,88.400002,88.540001,87.489998,7069900.0,85.40313
2019-04-26 00:00:00,88.309998,87.949997,88.940002,87.330002,6219600.0,86.134651
2019-04-29 00:00:00,88.260002,88.18,88.510002,88.129997,5008400.0,86.085869
2019-04-30 00:00:00,87.830002,88.290001,88.400002,87.260002,7614100.0,85.666473
2019-05-01 00:00:00,85.900002,87.730003,87.949997,85.870003,6524600.0,83.784019
2019-05-02 00:00:00,85.269997,86.209999,86.279999,84.989998,6813700.0,83.16954
2019-05-03 00:00:00,85.699997,85.900002,86.300003,85.699997,6798300.0,83.588943
2019-05-06 00:00:00,83.57,83.769997,83.870003,82.860001,12836600.0,81.511414
2019-05-07 00:00:00,82.540001,83.019997,83.629997,81.830002,9811300.0,80.506798
2019-05-08 00:00:00,82.769997,82.43,83.989998,82.139999,9501300.0,80.731117
2019-05-09 00:00:00,82.980003,82.209999,83.010002,81.540001,6336600.0,80.935944
2019-05-10 00:00:00,83.949997,82.779999,84.269997,82.190002,5450500.0,81.88205
2019-05-13 00:00:00,82.529999,81.650002,82.629997,81.32,6445200.0,80.497025
2019-05-14 00:00:00,83.669998,82.779999,84.0,82.059998,7529200.0,81.608955
2019-05-15 00:00:00,84.010002,83.169998,84.489998,82.940002,4862200.0,81.940567
2019-05-16 00:00:00,84.279999,84.510002,85.400002,84.199997,6745200.0,82.203934
2019-05-17 00:00:00,84.57,83.510002,85.519997,83.5,5068200.0,82.486778
2019-05-20 00:00:00,82.849998,83.800003,83.800003,82.739998,7181900.0,80.809151
2019-05-21 00:00:00,83.639999,83.360001,83.800003,82.510002,5762500.0,81.579674
2019-05-22 00:00:00,83.199997,82.989998,83.339996,82.760002,5237800.0,81.150528
2019-05-23 00:00:00,82.639999,82.5,83.059998,81.989998,9704200.0,80.604332
2019-05-24 00:00:00,82.160004,82.199997,83.169998,82.089996,5999000.0,80.136154
2019-05-28 00:00:00,81.199997,82.849998,83.190002,81.129997,7927300.0,79.199783
2019-05-29 00:00:00,78.870003,80.709999,80.860001,77.699997,10116900.0,76.927177
2019-05-30 00:00:00,79.260002,78.919998,79.730003,78.610001,6177800.0,77.307579
2019-05-31 00:00:00,77.139999,78.0,78.260002,77.07,8891100.0,75.449226
2019-06-03 00:00:00,77.959999,77.239998,78.580002,77.080002,11665500.0,76.251259
2019-06-04 00:00:00,81.620003,79.300003,81.650002,78.779999,7526800.0,79.831024
2019-06-05 00:00:00,82.720001,82.290001,82.900002,81.93,8173200.0,80.906921
2019-06-06 00:00:00,82.449997,82.720001,83.059998,82.080002,4953000.0,80.642845
2019-06-07 00:00:00,83.410004,83.089996,83.68,82.809998,3891100.0,81.581802
2019-06-10 00:00:00,82.580002,83.75,84.199997,82.449997,4419800.0,80.769989
2019-06-11 00:00:00,83.260002,83.650002,84.339996,83.129997,3939400.0,81.435097
2019-06-12 00:00:00,82.629997,83.480003,84.019997,82.519997,4025900.0,80.818886
2019-06-13 00:00:00,83.610001,83.150002,83.919998,83.050003,3383400.0,81.777412
2019-06-14 00:00:00,83.440002,83.510002,83.860001,83.040001,4355600.0,81.611145
2019-06-17 00:00:00,82.110001,83.339996,83.459999,82.010002,5101900.0,80.31028
2019-06-18 00:00:00,84.300003,82.699997,84.650002,82.5,6456500.0,82.452286
2019-06-19 00:00:00,83.550003,83.730003,83.900002,83.139999,6217700.0,81.718735
2019-06-20 00:00:00,85.239998,84.900002,85.669998,84.419998,6163800.0,83.371681
2019-06-21 00:00:00,85.75,85.160004,85.75,84.599998,9289800.0,83.870499
2019-06-24 00:00:00,84.5,86.0,86.849998,84.370003,8043300.0,82.647903
2019-06-25 00:00:00,82.620003,84.599998,84.690002,82.160004,7339900.0,80.809113
2019-06-26 00:00:00,82.550003,83.150002,83.690002,82.440002,5838500.0,80.740646
2019-06-27 00:00:00,83.660004,82.93,83.769997,82.93,11436700.0,81.826317
2019-06-28 00:00:00,83.949997,83.989998,84.75,82.669998,12443800.0,82.109955
2019-07-01 00:00:00,85.410004,84.93,86.279999,84.900002,6587300.0,83.537964
2019-07-02 00:00:00,84.959999,85.360001,85.470001,84.220001,7187200.0,83.097824
2019-07-03 00:00:00,86.199997,85.330002,86.290001,85.120003,4012800.0,84.310646
2019-07-05 00:00:00,86.82,85.800003,86.910004,85.419998,6440900.0,84.917061
2019-07-08 00:00:00,88.480003,86.059998,88.519997,85.970001,7052000.0,86.540688
2019-07-09 00:00:00,88.040001,88.099998,88.800003,87.82,6219700.0,86.110321
2019-07-10 00:00:00,87.440002,88.480003,88.940002,87.389999,5985500.0,85.523468
2019-07-11 00:00:00,88.290001,87.709999,88.300003,87.400002,3942400.0,86.354836
2019-07-12 00:00:00,89.120003,88.18,89.309998,88.010002,4240900.0,87.166641
2019-07-15 00:00:00,89.480003,89.059998,89.870003,89.059998,3750900.0,87.518753
2019-07-16 00:00:00,88.599998,89.5,89.709999,88.57,5812800.0,86.658028
2019-07-17 00:00:00,87.5,88.419998,88.690002,87.440002,4461500.0,85.582146
2019-07-18 00:00:00,87.440002,87.629997,87.760002,86.760002,4607000.0,85.523468
2019-07-19 00:00:00,86.550003,87.730003,87.879997,86.480003,6635300.0,84.652985
2019-07-22 00:00:00,85.970001,86.559998,86.989998,85.830002,6810300.0,84.085686
2019-07-23 00:00:00,86.699997,86.639999,87.099998,86.230003,5659900.0,84.799683
2019-07-24 00:00:00,86.699997,86.650002,87.209999,86.309998,6362900.0,84.799683
2019-07-25 00:00:00,87.279999,86.82,87.5,86.589996,4546400.0,85.366966
2019-07-26 00:00:00,87.540001,87.440002,87.839996,86.769997,3707200.0,85.621277
2019-07-29 00:00:00,87.620003,87.650002,87.870003,87.18,4387300.0,85.699516
2019-07-30 00:00:00,87.199997,86.82,87.910004,86.360001,3561200.0,85.288719
2019-07-31 00:00:00,86.029999,87.089996,87.269997,85.550003,5818200.0,84.144371
2019-08-01 00:00:00,83.120003,85.260002,86.769997,82.699997,7871800.0,81.298149
2019-08-02 00:00:00,81.139999,82.529999,83.239998,80.790001,8761400.0,79.361549
2019-08-05 00:00:00,78.970001,79.660004,80.050003,78.190002,8493300.0,77.239113
2019-08-06 00:00:00,81.300003,79.849998,81.589996,79.489998,8664500.0,79.518036
2019-08-07 00:00:00,81.279999,80.5,81.82,80.089996,6275000.0,79.498474
2019-08-08 00:00:00,83.0,81.809998,83.360001,81.610001,6208900.0,81.180794
2019-08-09 00:00:00,81.980003,83.139999,83.43,81.32,5460200.0,80.183136
2019-08-12 00:00:00,81.650002,81.410004,81.949997,81.18,3762500.0,79.860382
2019-08-13 00:00:00,83.32,81.169998,84.150002,80.849998,6896800.0,81.493774
2019-08-14 00:00:00,81.029999,81.239998,81.690002,80.510002,7266100.0,79.253983
2019-08-15 00:00:00,79.510002,80.93,81.300003,79.440002,6713600.0,77.767288
2019-08-16 00:00:00,80.279999,80.089996,80.559998,79.25,5649000.0,78.520416
2019-08-19 00:00:00,81.129997,82.0,82.339996,80.830002,7027900.0,79.351776
2019-08-20 00:00:00,80.529999,80.720001,81.230003,79.449997,5903100.0,78.764915
2019-08-21 00:00:00,82.739998,81.940002,82.839996,81.629997,6454200.0,80.926483
2019-08-22 00:00:00,83.309998,83.0,83.720001,82.5,5571600.0,81.483978
2019-08-23 00:00:00,80.440002,82.019997,82.760002,80.029999,8497800.0,78.676895
2019-08-26 00:00:00,82.25,81.440002,82.279999,80.739998,4336000.0,80.447227
2019-08-27 00:00:00,82.029999,82.629997,83.18,82.0,3842500.0,80.23204
2019-08-28 00:00:00,83.480003,81.900002,83.589996,81.720001,4123700.0,81.650261
2019-08-29 00:00:00,85.379997,84.220001,85.769997,84.169998,5101900.0,83.508614
2019-08-30 00:00:00,84.5,85.699997,85.989998,84.410004,5235400.0,82.86142
2019-09-03 00:00:00,84.669998,84.0,84.830002,83.620003,6360800.0,83.028114
2019-09-04 00:00:00,86.349998,85.580002,86.5,85.5,4151200.0,84.675537
2019-09-05 00:00:00,88.419998,87.279999,88.620003,87.279999,6328400.0,86.705406
2019-09-06 00:00:00,88.690002,88.400002,88.980003,88.019997,3625300.0,86.970184
2019-09-09 00:00:00,88.669998,88.940002,89.349998,88.419998,4282400.0,86.950546
2019-09-10 00:00:00,86.830002,88.260002,88.629997,86.290001,7072400.0,85.14624
2019-09-11 00:00:00,86.75,86.959999,87.25,85.870003,4623300.0,85.067787
2019-09-12 00:00:00,87.669998,87.099998,88.07,86.220001,4057500.0,85.96994
2019-09-13 00:00:00,87.32,88.25,88.790001,87.300003,5894700.0,85.626732
2019-09-16 00:00:00,87.269997,87.089996,87.82,86.669998,4171700.0,85.577705
2019-09-17 00:00:00,87.589996,86.769997,87.639999,86.470001,3248400.0,85.891487
2019-09-18 00:00:00,88.080002,87.650002,88.400002,87.209999,4722200.0,86.371994
2019-09-19 00:00:00,87.699997,88.400002,88.720001,87.510002,4231200.0,85.999367
2019-09-20 00:00:00,86.68,88.0,88.489998,86.669998,6991100.0,84.999153
2019-09-23 00:00:00,87.690002,86.980003,88.019997,86.800003,4790000.0,85.989555
2019-09-24 00:00:00,87.18,88.449997,88.690002,86.760002,10202900.0,85.489456
2019-09-25 00:00:00,90.809998,91.779999,92.790001,90.150002,25330700.0,89.049057
2019-09-26 00:00:00,92.169998,91.620003,92.449997,90.25,10408300.0,90.382675
2019-09-27 00:00:00,92.309998,91.849998,92.860001,91.599998,6420500.0,90.519974
2019-09-30 00:00:00,93.919998,92.529999,94.080002,92.5,7401200.0,92.09874
2019-10-01 00:00:00,92.279999,94.129997,94.75,92.059998,8464900.0,90.490555
2019-10-02 00:00:00,91.489998,91.470001,91.839996,90.57,6933900.0,89.715874
2019-10-03 00:00:00,92.220001,91.309998,92.32,90.349998,5762300.0,90.431725
2019-10-04 00:00:00,93.07,92.220001,93.169998,91.93,4551400.0,91.265236
2019-10-07 00:00:00,93.169998,92.5,93.919998,92.400002,4975400.0,91.363281
2019-10-08 00:00:00,91.75,90.449997,92.709999,90.410004,6916800.0,89.970818
2019-10-09 00:00:00,92.519997,92.410004,93.050003,91.82,5115900.0,90.725891
2019-10-10 00:00:00,93.0,93.5,93.5,92.720001,5794100.0,91.196602
2019-10-11 00:00:00,93.879997,94.0,94.57,93.559998,6220100.0,92.059532
2019-10-14 00:00:00,94.879997,94.199997,95.25,94.050003,4636000.0,93.040131
2019-10-15 00:00:00,94.790001,95.0,95.18,94.120003,4292500.0,92.951874
2019-10-16 00:00:00,94.879997,94.089996,95.139999,94.07,4883300.0,93.040131
2019-10-17 00:00:00,95.559998,95.57,95.889999,94.970001,3427400.0,93.706947
2019-10-18 00:00:00,96.099998,94.809998,96.459999,94.800003,6209200.0,94.236465
2019-10-21 00:00:00,96.220001,96.610001,96.870003,95.419998,5185800.0,94.354149
2019-10-22 00:00:00,95.599998,96.059998,96.830002,95.519997,5470100.0,93.746162
2019-10-23 00:00:00,92.32,95.029999,95.540001,92.120003,11933600.0,90.52977
2019-10-24 00:00:00,91.5,92.68,92.870003,90.989998,12085800.0,89.725677
2019-10-25 00:00:00,90.919998,91.440002,91.830002,90.75,8147200.0,89.156921
2019-10-28 00:00:00,90.849998,91.059998,91.300003,90.169998,10304700.0,89.088272
2019-10-29 00:00:00,89.279999,90.849998,90.919998,89.129997,9044700.0,87.548721
2019-10-30 00:00:00,90.190002,89.449997,90.269997,89.349998,8127500.0,88.441093
2019-10-31 00:00:00,89.550003,90.0,90.410004,88.940002,6752000.0,87.813499
2019-11-01 00:00:00,89.18,90.18,90.529999,89.0,5263600.0,87.450676
2019-11-04 00:00:00,89.860001,90.129997,90.559998,89.32,8161200.0,88.117477
2019-11-05 00:00:00,89.879997,90.150002,90.339996,89.540001,5589700.0,88.137085
2019-11-06 00:00:00,89.480003,90.639999,90.720001,88.739998,7033800.0,87.744843
2019-11-07 00:00:00,90.400002,90.470001,90.599998,89.769997,7110000.0,88.647003
2019-11-08 00:00:00,89.809998,90.279999,90.349998,89.290001,4555400.0,88.068459
2019-11-11 00:00:00,90.050003,89.370003,90.099998,89.370003,3247300.0,88.303795
2019-11-12 00:00:00,89.5,90.309998,92.029999,89.489998,3979600.0,87.764465
2019-11-13 00:00:00,91.290001,89.730003,91.550003,89.57,5923600.0,89.519745
2019-11-14 00:00:00,91.269997,91.489998,91.959999,90.720001,6035300.0,89.500137
2019-11-15 00:00:00,93.040001,92.139999,93.559998,91.959999,6785500.0,91.235809
2019-11-18 00:00:00,94.18,93.5,94.260002,92.910004,6165600.0,92.353706
2019-11-19 00:00:00,93.610001,94.610001,95.120003,93.059998,5368400.0,91.794762
2019-11-20 00:00:00,93.050003,94.110001,94.400002,92.769997,6235400.0,91.245628
2019-11-21 00:00:00,92.160004,92.620003,93.300003,92.07,5493100.0,90.372887
2019-11-22 00:00:00,93.339996,92.209999,93.349998,91.93,4264400.0,91.529984
2019-11-25 00:00:00,92.900002,93.779999,93.970001,92.739998,5419700.0,91.098534
2019-11-26 00:00:00,93.330002,93.379997,93.629997,93.019997,5907400.0,91.520187
2019-11-27 00:00:00,94.139999,93.5,94.379997,93.5,4017400.0,92.314499
2019-11-29 00:00:00,93.489998,94.370003,94.610001,93.389999,2541800.0,91.916298
2019-12-02 00:00:00,93.559998,94.089996,94.279999,92.980003,3892000.0,91.985107
2019-12-03 00:00:00,92.459999,92.480003,92.550003,91.309998,5570700.0,90.903641
2019-12-04 00:00:00,93.720001,92.809998,93.790001,92.730003,4456400.0,92.142418
2019-12-05 00:00:00,95.790001,95.879997,95.949997,94.68,6946000.0,94.177589
2019-12-06 00:00:00,97.0,96.559998,97.309998,96.379997,6368500.0,95.36721
2019-12-09 00:00:00,96.629997,97.019997,97.629997,96.160004,6517800.0,95.003441
2019-12-10 00:00:00,97.010002,96.760002,97.589996,96.629997,4234300.0,95.377045
2019-12-11 00:00:00,97.18,96.900002,97.32,96.650002,4319700.0,95.544197
2019-12-12 00:00:00,97.720001,97.32,98.18,96.900002,4762800.0,96.075104
2019-12-13 00:00:00,97.769997,97.43,98.290001,96.910004,5247600.0,96.124245
2019-12-16 00:00:00,98.809998,98.139999,99.339996,98.059998,8211300.0,97.146736
2019-12-17 00:00:00,99.650002,99.379997,100.169998,99.050003,7050700.0,97.97261
2019-12-18 00:00:00,100.57,100.199997,100.790001,99.580002,7332000.0,98.877129
2019-12-19 00:00:00,101.150002,100.5,101.269997,99.629997,12214500.0,99.447365
2019-12-20 00:00:00,99.959999,101.0,101.400002,98.849998,17641600.0,98.277397
2019-12-23 00:00:00,100.040001,100.230003,100.690002,99.550003,6350500.0,98.356049
2019-12-24 00:00:00,100.139999,99.830002,100.660004,99.760002,3328100.0,98.454361
2019-12-26 00:00:00,100.709999,100.339996,100.75,100.110001,3709900.0,99.014771
2019-12-27 00:00:00,101.57,101.0,101.790001,100.989998,5307500.0,99.860291
2019-12-30 00:00:00,100.800003,101.540001,101.610001,100.459999,3495200.0,99.103249
2019-12-31 00:00:00,101.309998,100.580002,101.389999,100.510002,3213600.0,99.60466
2020-01-02 00:00:00,102.199997,101.360001,102.209999,101.019997,5644100.0,100.479675
2020-01-03 00:00:00,101.919998,100.589996,102.0,100.309998,4541800.0,100.204399
2020-01-06 00:00:00,101.830002,100.949997,101.839996,100.870003,4612400.0,100.115913
2020-01-07 00:00:00,101.779999,101.809998,102.739998,100.809998,6719900.0,100.06675
2020-01-08 00:00:00,101.550003,101.309998,102.139999,100.849998,4942200.0,99.840637
2020-01-09 00:00:00,101.480003,101.940002,102.410004,101.389999,5007500.0,99.771812
2020-01-10 00:00:00,100.900002,101.889999,101.93,100.760002,5135300.0,99.201569
2020-01-13 00:00:00,102.160004,101.0,102.339996,100.82,6722400.0,100.440369
2020-01-14 00:00:00,102.919998,102.449997,103.889999,102.349998,5088500.0,101.187569
2020-01-15 00:00:00,102.790001,103.25,103.699997,102.480003,4209200.0,101.059753
2020-01-16 00:00:00,103.370003,102.879997,103.57,102.849998,6571700.0,101.629997
2020-01-17 00:00:00,104.529999,103.43,104.550003,103.339996,6271200.0,102.770462
2020-01-21 00:00:00,104.580002,104.25,104.690002,103.809998,4854700.0,102.819626
2020-01-22 00:00:00,104.489998,105.0,105.620003,104.419998,5031400.0,102.73114
2020-01-23 00:00:00,103.019997,104.029999,104.370003,102.620003,7102900.0,101.285873
2020-01-24 00:00:00,102.029999,103.589996,103.889999,101.660004,3839300.0,100.312546
2020-01-27 00:00:00,100.239998,98.209999,100.709999,98.010002,9841400.0,98.552666
2020-01-28 00:00:00,100.410004,100.339996,101.050003,99.519997,5673200.0,98.719826
2020-01-29 00:00:00,99.839996,101.07,101.300003,99.169998,4503700.0,98.159416
2020-01-30 00:00:00,98.190002,99.019997,99.75,97.370003,7065100.0,96.537193
2020-01-31 00:00:00,96.300003,98.110001,98.449997,95.919998,8780300.0,94.679001
2020-02-03 00:00:00,99.269997,99.0,100.919998,98.57,9727000.0,97.598999
2020-02-04 00:00:00,101.379997,101.910004,102.779999,101.260002,6559600.0,99.673485
2020-02-05 00:00:00,100.540001,101.760002,101.970001,99.529999,6108300.0,98.847633
2020-02-06 00:00:00,100.269997,100.900002,101.529999,100.160004,5641800.0,98.582169
2020-02-07 00:00:00,99.440002,99.809998,100.400002,98.970001,4121800.0,97.766151
2020-02-10 00:00:00,100.019997,99.220001,100.510002,99.0,4213900.0,98.33638
2020-02-11 00:00:00,100.019997,100.07,100.349998,99.440002,4871800.0,98.33638
2020-02-12 00:00:00,103.0,100.739998,103.080002,100.440002,8075600.0,101.26622
2020-02-13 00:00:00,103.370003,102.510002,103.739998,101.68,5386800.0,101.629997
2020-02-14 00:00:00,103.540001,103.529999,103.889999,102.449997,4305300.0,101.797127
2020-02-18 00:00:00,102.0,103.0,103.379997,101.610001,4916200.0,100.283043
2020-02-19 00:00:00,102.459999,102.660004,103.389999,102.43,6200500.0,100.735313
2020-02-20 00:00:00,102.529999,102.459999,102.629997,100.550003,6427600.0,100.804138
2020-02-21 00:00:00,100.25,102.0,102.080002,99.629997,5750900.0,98.562508
2020-02-24 00:00:00,95.910004,95.540001,97.07,95.25,8364200.0,94.29557
2020-02-25 00:00:00,92.900002,96.349998,96.760002,92.620003,9602100.0,91.336235
2020-02-26 00:00:00,92.0,93.080002,94.650002,91.989998,9308400.0,90.451393
2020-02-27 00:00:00,88.550003,90.0,93.059998,88.5,12825700.0,87.059464
2020-02-28 00:00:00,89.379997,86.029999,89.470001,85.150002,16552400.0,88.119293
2020-03-02 00:00:00,92.68,89.599998,93.139999,87.910004,14102000.0,91.372749
2020-03-03 00:00:00,90.93,92.739998,94.980003,90.57,14767600.0,89.64743
2020-03-04 00:00:00,93.790001,92.080002,93.82,90.839996,6904400.0,92.467087
2020-03-05 00:00:00,90.580002,91.260002,91.68,89.940002,8851100.0,89.302361
2020-03-06 00:00:00,88.360001,88.360001,89.389999,85.879997,12336400.0,87.113678
2020-03-09 00:00:00,84.110001,81.889999,86.739998,80.919998,13272700.0,82.923622
2020-03-10 00:00:00,88.300003,86.690002,88.400002,82.879997,12755900.0,87.054527
2020-03-11 00:00:00,84.0,84.0,84.629997,82.07,16172000.0,82.815163
2020-03-12 00:00:00,74.199997,78.230003,78.489998,73.0,21534800.0,73.153404
2020-03-13 00:00:00,75.580002,78.199997,78.199997,71.760002,21859600.0,74.513939
2020-03-16 00:00:00,66.790001,65.279999,72.970001,63.369999,17976700.0,65.847931
2020-03-17 00:00:00,69.839996,67.510002,73.330002,62.400002,17122100.0,68.854904
2020-03-18 00:00:00,68.040001,64.790001,68.330002,60.0,19498800.0,67.080292
2020-03-19 00:00:00,70.339996,67.040001,72.709999,64.150002,16177200.0,69.347847
2020-03-20 00:00:00,67.449997,71.510002,74.059998,67.199997,15761900.0,66.498604
2020-03-23 00:00:00,62.799999,65.0,66.879997,60.580002,17690000.0,61.914204
2020-03-24 00:00:00,72.330002,65.699997,72.660004,64.0,18849500.0,71.309776
2020-03-25 00:00:00,79.010002,80.110001,83.489998,76.199997,27053200.0,77.895561
2020-03-26 00:00:00,84.300003,80.169998,86.860001,80.010002,17200800.0,83.110939
2020-03-27 00:00:00,83.230003,81.699997,85.739998,79.510002,14183400.0,82.056038
2020-03-30 00:00:00,85.379997,84.0,85.959999,81.5,10960100.0,84.175705
2020-03-31 00:00:00,82.739998,85.129997,85.730003,82.400002,9610100.0,81.572945
2020-04-01 00:00:00,79.230003,79.489998,81.18,78.529999,9771300.0,78.11245
2020-04-02 00:00:00,80.139999,79.0,81.599998,77.160004,12731300.0,79.009613
2020-04-03 00:00:00,78.860001,79.360001,79.790001,77.910004,8476900.0,77.747673
2020-04-06 00:00:00,84.629997,81.910004,85.040001,81.209999,11266500.0,83.436279
2020-04-07 00:00:00,84.160004,88.699997,88.870003,84.029999,10468100.0,82.972916
2020-04-08 00:00:00,85.300003,84.699997,85.769997,83.610001,6642700.0,84.096848
2020-04-09 00:00:00,86.790001,86.690002,87.389999,85.160004,7773600.0,85.565819
2020-04-13 00:00:00,84.459999,85.800003,85.989998,84.139999,5077600.0,83.268684
2020-04-14 00:00:00,87.470001,85.949997,87.769997,85.480003,6397200.0,86.236237
2020-04-15 00:00:00,85.040001,84.870003,85.879997,83.709999,8053900.0,83.8405
2020-04-16 00:00:00,86.300003,85.43,86.529999,84.550003,9373800.0,85.082733
2020-04-17 00:00:00,89.910004,89.0,90.25,88.360001,8111400.0,88.641808
2020-04-20 00:00:00,87.900002,88.43,89.440002,87.519997,7244400.0,86.660164
2020-04-21 00:00:00,85.199997,85.989998,86.900002,85.089996,6597000.0,83.99823
2020-04-22 00:00:00,88.769997,86.980003,89.440002,86.419998,6463000.0,87.517899
2020-04-23 00:00:00,87.349998,88.940002,89.529999,87.260002,5343500.0,86.11792
2020-04-24 00:00:00,88.370003,88.889999,89.120003,87.650002,4450100.0,87.123543
2020-04-27 00:00:00,89.370003,88.379997,89.870003,87.309998,6875100.0,88.109436
2020-04-28 00:00:00,88.800003,90.550003,90.709999,88.629997,5145400.0,87.547478
2020-04-29 00:00:00,88.07,90.0,91.389999,87.830002,9461400.0,86.827759
2020-04-30 00:00:00,87.18,87.0,88.0,86.510002,9371400.0,85.950325
2020-05-01 00:00:00,85.540001,85.669998,86.110001,84.809998,6151200.0,84.333458
2020-05-04 00:00:00,85.75,84.68,85.800003,84.309998,6348900.0,84.540482
2020-05-05 00:00:00,87.199997,86.540001,88.529999,86.029999,6321500.0,85.970032
2020-05-06 00:00:00,88.440002,88.050003,88.690002,87.43,7342300.0,87.192543
2020-05-07 00:00:00,88.559998,89.400002,90.239998,88.379997,4565900.0,87.310844
2020-05-08 00:00:00,90.459999,90.110001,90.639999,89.589996,5488000.0,89.184052
2020-05-11 00:00:00,90.93,89.449997,91.419998,89.139999,4937600.0,89.64743
2020-05-12 00:00:00,88.260002,91.529999,91.669998,88.150002,5622600.0,87.015083
2020-05-13 00:00:00,86.019997,87.379997,87.739998,85.199997,6739800.0,84.806679
2020-05-14 00:00:00,86.550003,85.0,86.580002,84.110001,7431800.0,85.329201
2020-05-15 00:00:00,86.989998,85.25,87.230003,84.879997,9165000.0,85.763
2020-05-18 00:00:00,91.040001,90.489998,91.599998,89.879997,8517200.0,89.755867
2020-05-19 00:00:00,91.510002,90.849998,93.82,90.82,6514100.0,90.219246
2020-05-20 00:00:00,92.949997,93.199997,93.860001,92.699997,6347000.0,91.638931
2020-05-21 00:00:00,94.260002,92.879997,94.379997,92.370003,7504300.0,92.930473
2020-05-22 00:00:00,93.75,94.419998,94.650002,93.349998,4049500.0,92.42765
2020-05-26 00:00:00,96.620003,95.980003,97.43,95.279999,7185200.0,95.257164
2020-05-27 00:00:00,99.870003,98.120003,99.989998,97.620003,7915900.0,98.461334
2020-05-28 00:00:00,98.459999,100.089996,100.690002,98.25,7260700.0,97.071213
2020-05-29 00:00:00,98.580002,98.190002,99.25,96.93,10332500.0,97.431969
2020-06-01 00:00:00,99.540001,98.400002,99.779999,97.889999,4295400.0,98.380791
2020-06-02 00:00:00,100.739998,99.419998,100.879997,98.82,10798700.0,99.566811
2020-06-03 00:00:00,104.110001,101.260002,104.550003,101.120003,5867700.0,102.897575
2020-06-04 00:00:00,101.279999,103.660004,103.900002,100.470001,8775000.0,100.100517
2020-06-05 00:00:00,102.709999,104.0,104.690002,102.129997,8363600.0,101.513863
2020-06-08 00:00:00,104.290001,103.050003,104.300003,102.709999,6165400.0,103.07547
2020-06-09 00:00:00,102.629997,102.82,103.769997,102.43,5385900.0,101.434792
2020-06-10 00:00:00,102.120003,103.0,103.150002,101.709999,5194200.0,100.93074
2020-06-11 00:00:00,95.169998,98.379997,98.989998,94.879997,10976900.0,94.061668
2020-06-12 00:00:00,96.43,97.800003,97.800003,94.739998,7416400.0,95.307007
2020-06-15 00:00:00,97.839996,93.900002,98.080002,93.440002,8645300.0,96.700577
2020-06-16 00:00:00,99.040001,101.25,101.339996,97.720001,6054400.0,97.886612
2020-06-17 00:00:00,99.209999,99.0,100.239998,98.889999,3405500.0,98.054634
2020-06-18 00:00:00,98.449997,98.690002,99.419998,97.849998,4392400.0,97.303474
2020-06-19 00:00:00,95.779999,99.970001,99.980003,95.779999,10304000.0,94.664574
2020-06-22 00:00:00,99.510002,96.849998,99.540001,96.019997,6918200.0,98.351135
2020-06-23 00:00:00,101.919998,101.150002,102.220001,100.709999,6499000.0,100.733063
2020-06-24 00:00:00,100.080002,100.940002,101.849998,98.089996,8611600.0,98.914505
2020-06-25 00:00:00,101.400002,99.230003,101.68,98.800003,11531400.0,100.219124
2020-06-26 00:00:00,93.669998,98.5,98.779999,93.57,24918500.0,92.579147
2020-06-29 00:00:00,95.870003,93.699997,96.0,93.699997,9624200.0,94.753532
2020-06-30 00:00:00,98.050003,96.0,98.300003,95.639999,9065500.0,96.908134
2020-07-01 00:00:00,97.400002,98.5,98.720001,97.110001,5733800.0,96.265709
2020-07-02 00:00:00,98.43,98.779999,99.660004,98.019997,5354900.0,97.283707
2020-07-06 00:00:00,99.949997,99.620003,100.029999,99.040001,4995000.0,98.786003
2020-07-07 00:00:00,97.07,99.220001,99.550003,96.919998,6352900.0,95.939552
2020-07-08 00:00:00,98.839996,97.5,98.980003,96.959999,5634600.0,97.688942
2020-07-09 00:00:00,96.989998,98.550003,98.910004,96.370003,6282300.0,95.860474
2020-07-10 00:00:00,97.989998,97.0,98.050003,95.720001,3967000.0,96.848831
2020-07-13 00:00:00,96.459999,98.25,98.940002,96.260002,4845600.0,95.336655
2020-07-14 00:00:00,96.760002,96.330002,97.25,95.510002,4850600.0,95.633163
2020-07-15 00:00:00,98.540001,98.410004,99.040001,97.309998,5343700.0,97.392433
2020-07-16 00:00:00,97.260002,97.5,98.230003,97.040001,3594700.0,96.127335
2020-07-17 00:00:00,96.279999,96.949997,97.230003,96.040001,7405700.0,95.15876
2020-07-20 00:00:00,95.650002,95.5,96.349998,95.110001,5822300.0,94.536087
2020-07-21 00:00:00,98.360001,96.919998,99.0,96.099998,5855600.0,97.214523
2020-07-22 00:00:00,98.910004,98.160004,98.989998,97.910004,4097000.0,97.758125
2020-07-23 00:00:00,98.300003,98.349998,100.18,97.720001,4530500.0,97.155212
2020-07-24 00:00:00,98.43,98.139999,99.360001,97.699997,5638400.0,97.283707
2020-07-27 00:00:00,97.209999,96.959999,98.400002,96.889999,4273400.0,96.077919
2020-07-28 00:00:00,96.269997,96.949997,97.470001,96.160004,3822600.0,95.148865
2020-07-29 00:00:00,96.970001,96.43,97.550003,96.300003,6872400.0,95.840721
2020-07-30 00:00:00,96.82,96.470001,97.230003,95.800003,4018400.0,95.692467
2020-07-31 00:00:00,97.610001,96.889999,97.650002,96.300003,5509900.0,96.473259
2020-08-03 00:00:00,98.330002,98.029999,99.290001,97.82,5472700.0,97.184883
2020-08-04 00:00:00,97.330002,97.790001,97.949997,96.550003,7539300.0,96.196526
2020-08-05 00:00:00,100.940002,97.120003,101.25,97.080002,7217500.0,99.764481
2020-08-06 00:00:00,100.449997,100.639999,101.18,100.029999,4060900.0,99.28019
2020-08-07 00:00:00,101.860001,101.0,101.910004,99.889999,5545600.0,100.673767
2020-08-10 00:00:00,105.410004,102.470001,106.830002,102.400002,12678000.0,104.182426
2020-08-11 00:00:00,105.120003,106.849998,107.330002,104.860001,5400700.0,103.895805
2020-08-12 00:00:00,105.220001,105.720001,105.889999,103.379997,4714800.0,103.994637
2020-08-13 00:00:00,106.519997,105.300003,106.989998,105.199997,4281700.0,105.279488
2020-08-14 00:00:00,106.43,106.120003,106.779999,105.459999,2985700.0,105.190552
2020-08-17 00:00:00,105.660004,106.5,106.5,105.120003,3017000.0,104.42952
2020-08-18 00:00:00,106.970001,106.459999,107.0,105.470001,5023000.0,105.724266
2020-08-19 00:00:00,108.389999,107.690002,109.690002,107.349998,9508100.0,107.127724
2020-08-20 00:00:00,108.010002,107.559998,108.739998,107.349998,4304000.0,106.752144
2020-08-21 00:00:00,109.75,108.0,109.769997,107.75,5564000.0,108.47187
2020-08-24 00:00:00,111.830002,110.0,112.0,109.900002,8173100.0,110.527657
2020-08-25 00:00:00,111.510002,112.0,112.279999,111.089996,4380900.0,110.211388
2020-08-26 00:00:00,111.529999,111.919998,112.089996,111.290001,4477900.0,110.231148
2020-08-27 00:00:00,110.839996,111.989998,112.790001,110.5,4390800.0,109.549179
2020-08-28 00:00:00,112.290001,111.010002,112.669998,110.57,3731100.0,111.228157
2020-08-31 00:00:00,111.889999,112.139999,112.519997,111.139999,3519800.0,110.83194
2020-09-01 00:00:00,114.839996,112.0,114.900002,111.830002,4912400.0,113.754036
2020-09-02 00:00:00,116.800003,115.059998,117.410004,114.5,6775400.0,115.695518
2020-09-03 00:00:00,112.849998,116.800003,116.900002,112.0,7264400.0,111.782852
2020-09-04 00:00:00,112.400002,112.959999,113.75,110.209999,5157600.0,111.33712
2020-09-08 00:00:00,112.720001,111.290001,113.839996,110.540001,5300100.0,111.654099
2020-09-09 00:00:00,114.900002,113.019997,116.209999,112.830002,5997900.0,113.813484
2020-09-10 00:00:00,114.790001,115.900002,118.230003,114.0,5032800.0,113.704529
2020-09-11 00:00:00,118.0,116.760002,119.25,116.419998,8565200.0,116.884163
2020-09-14 00:00:00,119.279999,118.5,119.93,118.169998,4990300.0,118.152054
2020-09-15 00:00:00,119.269997,119.699997,120.480003,119.18,5934200.0,118.142151
2020-09-16 00:00:00,118.589996,118.309998,119.690002,118.160004,7023700.0,117.468575
2020-09-17 00:00:00,116.360001,117.339996,118.550003,115.800003,7376400.0,115.259674
2020-09-18 00:00:00,114.660004,115.43,117.910004,114.489998,12876600.0,113.57576
2020-09-21 00:00:00,113.370003,112.949997,114.059998,111.739998,8486400.0,112.297943
2020-09-22 00:00:00,116.870003,113.099998,117.199997,112.849998,13007200.0,115.764847
2020-09-23 00:00:00,127.110001,130.220001,130.380005,125.260002,37822700.0,125.908012
2020-09-24 00:00:00,124.75,126.440002,127.540001,123.300003,13485800.0,123.570335
2020-09-25 00:00:00,124.230003,123.650002,124.75,122.269997,9182800.0,123.055252
2020-09-28 00:00:00,124.32,125.160004,126.190002,123.889999,7525000.0,123.144402
2020-09-29 00:00:00,126.349998,124.339996,127.099998,123.959999,7796400.0,125.155197
2020-09-30 00:00:00,125.540001,126.099998,127.279999,125.160004,8699700.0,124.352859
2020-10-01 00:00:00,126.639999,127.730003,127.730003,125.309998,5637200.0,125.442459
2020-10-02 00:00:00,126.639999,124.349998,126.800003,123.589996,7491100.0,125.442459
2020-10-05 00:00:00,127.910004,127.07,128.5,126.449997,8270300.0,126.700447
2020-10-06 00:00:00,127.650002,128.839996,130.440002,127.269997,5978000.0,126.442924
2020-10-07 00:00:00,130.059998,128.399994,130.410004,128.25,4390500.0,128.830124
2020-10-08 00:00:00,129.710007,130.399994,130.929993,129.509995,3595600.0,128.483429
2020-10-09 00:00:00,130.979996,129.990005,131.190002,129.330002,4293400.0,129.741409
2020-10-12 00:00:00,129.460007,131.190002,131.339996,129.259995,5136500.0,128.235794
2020-10-13 00:00:00,129.199997,128.050003,129.869995,127.959999,4245000.0,127.978249
2020-10-14 00:00:00,127.660004,129.529999,129.600006,127.010002,3586600.0,126.452812
2020-10-15 00:00:00,129.0,126.480003,129.100006,126.110001,4235800.0,127.780136
2020-10-16 00:00:00,128.0,129.509995,130.190002,127.550003,6010900.0,126.789604
2020-10-19 00:00:00,127.43,129.100006,129.779999,127.050003,5160800.0,126.224983
2020-10-20 00:00:00,128.490005,128.0,129.899994,127.720001,3799200.0,127.274971
2020-10-21 00:00:00,129.429993,128.5,131.380005,128.449997,4916300.0,128.206085
2020-10-22 00:00:00,130.020004,129.600006,130.259995,128.860001,2869900.0,128.790512
2020-10-23 00:00:00,129.990005,130.0,130.600006,128.649994,4046300.0,128.760773
2020-10-26 00:00:00,128.369995,129.059998,129.619995,126.68,5422500.0,127.156105
2020-10-27 00:00:00,127.989998,128.779999,129.490005,127.900002,2985700.0,126.779686
2020-10-28 00:00:00,122.080002,125.279999,126.400002,121.040001,8618300.0,120.925575
2020-10-29 00:00:00,122.860001,122.279999,124.190002,121.150002,4947000.0,121.698212
2020-10-30 00:00:00,120.080002,123.660004,123.660004,118.800003,7791600.0,118.944489
2020-11-02 00:00:00,122.389999,122.370003,124.099998,121.099998,4740400.0,121.232651
2020-11-03 00:00:00,124.589996,124.010002,125.5,123.190002,3490900.0,123.411842
2020-11-04 00:00:00,127.339996,125.330002,128.929993,125.260002,5061800.0,126.135841
2020-11-05 00:00:00,129.699997,129.190002,130.410004,128.460007,3940000.0,128.473495
2020-11-06 00:00:00,128.899994,129.910004,129.910004,128.350006,2954000.0,127.681084
2020-11-09 00:00:00,128.949997,135.059998,136.350006,128.770004,7491700.0,127.730606
2020-11-10 00:00:00,127.709999,130.050003,130.119995,126.25,8014700.0,126.50235
2020-11-11 00:00:00,127.660004,128.690002,129.800003,127.18,6058700.0,126.452812
2020-11-12 00:00:00,126.639999,126.620003,127.839996,125.629997,4780400.0,125.442459
2020-11-13 00:00:00,128.279999,127.910004,128.600006,126.830002,3986100.0,127.066956
2020-11-16 00:00:00,130.110001,129.460007,130.320007,127.370003,6116200.0,128.879639
2020-11-17 00:00:00,132.210007,130.479996,132.600006,129.110001,7002900.0,130.959778
2020-11-18 00:00:00,131.630005,133.070007,133.979996,131.529999,5572800.0,130.385269
2020-11-19 00:00:00,131.910004,131.919998,132.110001,129.929993,4642800.0,130.662628
2020-11-20 00:00:00,132.979996,133.300003,133.529999,131.910004,4318100.0,131.722488
2020-11-23 00:00:00,134.130005,134.380005,134.889999,133.089996,6118400.0,132.861633
2020-11-24 00:00:00,134.699997,135.0,135.990005,134.210007,7204700.0,133.426254
2020-11-25 00:00:00,135.539993,134.25,135.800003,133.619995,4484500.0,134.258301
2020-11-27 00:00:00,134.25,136.0,136.130005,133.339996,3506800.0,132.980484
2020-11-30 00:00:00,134.699997,133.910004,135.289993,132.690002,9652500.0,133.426254
2020-12-01 00:00:00,135.440002,136.440002,136.5,134.75,3833100.0,134.159241
2020-12-02 00:00:00,135.580002,135.160004,136.320007,134.669998,4132700.0,134.297943
2020-12-03 00:00:00,136.960007,135.100006,137.949997,135.0,4930900.0,135.664902
2020-12-04 00:00:00,137.190002,137.080002,137.399994,135.639999,4344000.0,136.166107
2020-12-07 00:00:00,138.75,137.0,138.860001,136.800003,4590800.0,137.714462
2020-12-08 00:00:00,139.119995,138.240005,140.440002,137.649994,6953600.0,138.08168
2020-12-09 00:00:00,138.789993,140.570007,140.570007,138.270004,4341300.0,137.754166
2020-12-10 00:00:00,137.580002,138.279999,139.139999,137.240005,4511000.0,136.553192
2020-12-11 00:00:00,137.410004,137.389999,138.139999,136.229996,4172400.0,136.38446
2020-12-14 00:00:00,136.279999,138.919998,139.0,136.199997,7599000.0,135.262894
2020-12-15 00:00:00,139.389999,137.429993,139.440002,137.25,7637000.0,138.349686
2020-12-16 00:00:00,138.339996,139.070007,140.490005,137.460007,6573400.0,137.307526
2020-12-17 00:00:00,140.5,139.919998,140.740005,138.75,8727000.0,139.451401
2020-12-18 00:00:00,137.279999,141.089996,141.139999,137.169998,17970800.0,136.255432
2020-12-21 00:00:00,144.020004,144.820007,147.949997,142.509995,16111300.0,142.945129
2020-12-22 00:00:00,142.449997,143.050003,143.470001,141.089996,6339400.0,141.386856
2020-12-23 00:00:00,141.759995,142.559998,143.600006,141.699997,3388300.0,140.701981
2020-12-24 00:00:00,141.600006,141.100006,142.190002,141.100006,1821900.0,140.543198
2020-12-28 00:00:00,142.429993,142.539993,142.919998,141.039993,4081500.0,141.366974
2020-12-29 00:00:00,141.570007,142.830002,143.059998,140.429993,3232400.0,140.513428
2020-12-30 00:00:00,141.580002,142.160004,142.610001,140.660004,3052100.0,140.523346
2020-12-31 00:00:00,141.470001,141.699997,141.789993,140.369995,2949900.0,140.414169
2021-01-04 00:00:00,140.100006,142.850006,142.970001,138.320007,6178500.0,139.054413
2021-01-05 00:00:00,141.229996,138.600006,141.660004,138.600006,4163100.0,140.175964
2021-01-06 00:00:00,142.350006,141.25,143.570007,139.529999,6072900.0,141.287613
2021-01-07 00:00:00,144.949997,143.199997,145.639999,143.0,5256900.0,143.868195
2021-01-08 00:00:00,146.350006,145.550003,146.820007,144.899994,3950500.0,145.257751
2021-01-11 00:00:00,147.050003,146.0,147.100006,144.800003,4252000.0,145.952515
2021-01-12 00:00:00,145.050003,146.5,146.850006,144.380005,3678800.0,143.967453
2021-01-13 00:00:00,143.039993,144.830002,145.130005,142.429993,3330100.0,141.972427
2021-01-14 00:00:00,141.300003,143.660004,144.899994,140.929993,4104000.0,140.245438
2021-01-15 00:00:00,140.720001,140.559998,142.380005,139.880005,6412400.0,139.669754
2021-01-19 00:00:00,139.270004,140.990005,141.220001,138.410004,6537800.0,138.230591
2021-01-20 00:00:00,142.800003,140.380005,143.210007,140.009995,4654400.0,141.734238
2021-01-21 00:00:00,141.610001,142.410004,143.809998,141.130005,4011200.0,140.553116
2021-01-22 00:00:00,139.350006,141.089996,141.880005,139.309998,4150500.0,138.309998
2021-01-25 00:00:00,137.550003,138.990005,139.179993,134.740005,5998700.0,136.523422
2021-01-26 00:00:00,135.100006,137.759995,137.850006,134.710007,5312300.0,134.091705
2021-01-27 00:00:00,131.020004,132.220001,132.860001,130.270004,7815900.0,130.042145
2021-01-28 00:00:00,134.720001,132.360001,136.369995,131.5,6244600.0,133.714539
2021-01-29 00:00:00,133.589996,133.949997,135.029999,132.149994,7166100.0,132.592972
2021-02-01 00:00:00,135.710007,135.369995,136.050003,133.300003,4366800.0,134.697174
2021-02-02 00:00:00,139.589996,137.059998,139.860001,136.75,7132800.0,138.548187
2021-02-03 00:00:00,138.630005,139.699997,140.059998,138.009995,4678600.0,137.595367
2021-02-04 00:00:00,140.630005,139.550003,141.050003,138.919998,4533700.0,139.580429
2021-02-05 00:00:00,145.110001,141.339996,145.570007,141.289993,6151500.0,144.027008
2021-02-08 00:00:00,143.410004,145.149994,145.880005,142.800003,6304300.0,142.339676
2021-02-09 00:00:00,141.789993,143.600006,144.220001,141.699997,3436300.0,140.73175
2021-02-10 00:00:00,142.460007,142.449997,142.600006,140.899994,4125700.0,141.396774
2021-02-11 00:00:00,143.539993,143.0,144.350006,142.410004,3828700.0,142.468704
2021-02-12 00:00:00,142.119995,143.110001,143.449997,141.399994,3637000.0,141.059311
2021-02-16 00:00:00,141.710007,143.369995,143.369995,141.029999,4873400.0,140.65239
2021-02-17 00:00:00,143.990005,141.300003,144.559998,140.210007,6437100.0,142.915359
2021-02-18 00:00:00,145.089996,142.979996,145.389999,141.210007,4486800.0,144.007126
2021-02-19 00:00:00,142.020004,145.429993,145.5,141.5,7486000.0,140.960052
2021-02-22 00:00:00,136.669998,141.539993,142.460007,136.259995,8985900.0,135.649994
2021-02-23 00:00:00,136.130005,136.029999,136.830002,131.580002,10364100.0,135.114029
2021-02-24 00:00:00,135.649994,135.059998,135.960007,133.949997,6360900.0,134.637604
2021-02-25 00:00:00,135.539993,137.600006,139.179993,134.529999,5674300.0,134.528412
2021-02-26 00:00:00,134.779999,135.899994,136.850006,133.360001,6650200.0,134.046066
2021-03-01 00:00:00,137.649994,135.639999,139.149994,135.5,5717800.0,136.900436
2021-03-02 00:00:00,137.020004,137.559998,138.259995,135.610001,5292700.0,136.273865
2021-03-03 00:00:00,134.259995,137.089996,137.410004,134.149994,4888400.0,133.5289
2021-03-04 00:00:00,132.039993,134.0,135.130005,130.179993,7181500.0,131.320984
2021-03-05 00:00:00,133.350006,133.539993,133.679993,129.190002,5957100.0,132.62384
2021-03-08 00:00:00,134.559998,133.639999,135.630005,132.369995,4983000.0,133.827271
2021-03-09 00:00:00,135.949997,135.509995,138.0,135.449997,5977800.0,135.209702
2021-03-10 00:00:00,137.589996,136.5,138.199997,136.100006,4519600.0,136.840775
2021-03-11 00:00:00,141.190002,139.179993,142.199997,138.559998,5696500.0,140.421158
2021-03-12 00:00:00,140.449997,140.0,140.910004,138.600006,4143200.0,139.685196
2021-03-15 00:00:00,144.940002,140.699997,145.0,140.669998,5413900.0,144.150742
2021-03-16 00:00:00,144.649994,145.880005,146.149994,143.839996,5623000.0,143.86232
2021-03-17 00:00:00,144.820007,143.199997,146.149994,143.199997,5134400.0,144.031403
2021-03-18 00:00:00,143.169998,144.369995,146.660004,142.550003,10188400.0,142.390381
2021-03-19 00:00:00,137.490005,140.0,142.860001,135.509995,24980400.0,136.741302
2021-03-22 00:00:00,138.270004,137.630005,138.809998,136.029999,7537300.0,137.517059
2021-03-23 00:00:00,137.119995,138.490005,140.639999,136.550003,5582600.0,136.373322
2021-03-24 00:00:00,133.160004,136.449997,137.919998,132.880005,8157600.0,132.434891
2021-03-25 00:00:00,128.639999,127.050003,129.389999,125.440002,18475800.0,127.939499
2021-03-26 00:00:00,132.990005,131.600006,133.190002,129.770004,10010500.0,132.265808
2021-03-29 00:00:00,133.490005,132.940002,133.910004,130.660004,7153900.0,132.763092
2021-03-30 00:00:00,132.949997,132.350006,133.350006,131.220001,6026600.0,132.226028
2021-03-31 00:00:00,132.889999,133.089996,134.179993,131.919998,6878900.0,132.166351
2021-04-01 00:00:00,132.529999,134.690002,134.690002,132.210007,5720600.0,131.808304
2021-04-05 00:00:00,135.119995,133.100006,135.679993,133.100006,5508900.0,134.384201
2021-04-06 00:00:00,137.160004,135.440002,137.710007,134.929993,4670100.0,136.413101
2021-04-07 00:00:00,136.539993,136.990005,138.240005,136.360001,6646000.0,135.796478
2021-04-08 00:00:00,133.679993,137.279999,137.309998,133.410004,8748400.0,132.952057
2021-04-09 00:00:00,135.449997,133.940002,135.5,133.5,6056800.0,134.712418
2021-04-12 00:00:00,136.639999,134.75,136.899994,134.220001,5638200.0,135.895935
2021-04-13 00:00:00,133.539993,135.600006,135.990005,133.399994,8778200.0,132.812805
2021-04-14 00:00:00,132.259995,133.539993,134.179993,131.820007,7354100.0,131.53978
2021-04-15 00:00:00,133.669998,133.0,134.070007,132.679993,6284800.0,132.942108
2021-04-16 00:00:00,134.309998,134.710007,134.770004,133.729996,6852500.0,133.578629
2021-04-19 00:00:00,132.570007,134.300003,134.380005,132.149994,5613600.0,131.848114
2021-04-20 00:00:00,127.110001,129.169998,129.899994,125.699997,13268700.0,126.417831
2021-04-21 00:00:00,129.899994,127.589996,130.330002,127.370003,7110900.0,129.192627
2021-04-22 00:00:00,129.179993,129.889999,130.369995,127.980003,6442900.0,128.476563
2021-04-23 00:00:00,130.190002,128.929993,130.649994,128.460007,7489000.0,129.481064
2021-04-26 00:00:00,131.600006,130.490005,131.699997,129.320007,8217800.0,130.883377
2021-04-27 00:00:00,132.110001,132.0,132.789993,131.410004,5833100.0,131.39061
2021-04-28 00:00:00,130.710007,132.259995,132.330002,130.350006,8195400.0,129.99823
2021-04-29 00:00:00,133.259995,131.770004,134.119995,131.229996,6612500.0,132.534332
2021-04-30 00:00:00,132.619995,132.440002,133.880005,132.050003,5643600.0,131.897827
2021-05-03 00:00:00,133.029999,133.369995,134.449997,132.589996,5053000.0,132.305603
2021-05-04 00:00:00,131.550003,132.229996,132.589996,130.479996,6129500.0,130.833664
2021-05-05 00:00:00,132.210007,132.699997,134.220001,132.080002,6234200.0,131.490067
2021-05-06 00:00:00,133.490005,132.600006,133.839996,131.940002,5201000.0,132.763092
2021-05-07 00:00:00,137.809998,135.0,139.360001,134.720001,10566700.0,137.05957
2021-05-10 00:00:00,136.399994,138.0,138.899994,136.300003,5669300.0,135.657242
2021-05-11 00:00:00,137.119995,138.380005,138.380005,135.009995,8045400.0,136.373322
2021-05-12 00:00:00,133.389999,135.419998,136.820007,133.339996,5865100.0,132.663635
2021-05-13 00:00:00,133.610001,133.699997,135.029999,132.490005,6284300.0,132.882431
2021-05-14 00:00:00,135.929993,134.339996,136.679993,134.050003,4367900.0,135.189804
2021-05-17 00:00:00,136.410004,136.330002,137.070007,135.5,3934200.0,135.667191
2021-05-18 00:00:00,135.559998,136.440002,137.470001,135.449997,5664700.0,134.821808
2021-05-19 00:00:00,132.960007,133.479996,133.970001,131.960007,5582300.0,132.235977
2021-05-20 00:00:00,133.270004,133.779999,134.210007,132.190002,4934800.0,132.544296
2021-05-21 00:00:00,132.660004,133.830002,134.169998,132.410004,5329700.0,131.937607
2021-05-24 00:00:00,134.059998,133.100006,134.350006,132.809998,4313200.0,133.329987
2021-05-25 00:00:00,134.320007,134.940002,135.169998,133.850006,4885800.0,133.588593
2021-05-26 00:00:00,136.889999,135.199997,137.919998,135.0,6781500.0,136.144577
2021-05-27 00:00:00,136.559998,137.550003,138.309998,136.460007,12882300.0,135.816376
2021-05-28 00:00:00,136.460007,136.240005,137.350006,136.089996,4153500.0,135.990784
2021-06-01 00:00:00,134.509995,137.850006,138.050003,134.210007,5577900.0,134.04747
2021-06-02 00:00:00,134.169998,134.589996,135.490005,133.529999,5226100.0,133.708649
2021-06-03 00:00:00,134.169998,133.199997,134.690002,132.509995,5027400.0,133.708649
2021-06-04 00:00:00,133.740005,134.5,134.940002,132.279999,5217100.0,133.280121
2021-06-07 00:00:00,133.949997,134.0,135.199997,133.449997,3765000.0,133.489395
2021-06-08 00:00:00,133.350006,134.690002,134.720001,132.410004,4915200.0,132.891464
2021-06-09 00:00:00,131.839996,133.619995,134.899994,131.449997,6448100.0,131.386642
2021-06-10 00:00:00,130.979996,131.5,132.570007,130.190002,6584100.0,130.529602
2021-06-11 00:00:00,131.940002,131.5,131.990005,130.529999,5414500.0,131.486313
2021-06-14 00:00:00,131.360001,131.699997,132.050003,130.130005,5743600.0,130.908295
2021-06-15 00:00:00,130.289993,131.539993,131.75,129.830002,5168100.0,129.84198
2021-06-16 00:00:00,130.399994,130.300003,131.169998,129.600006,7915500.0,129.951599
2021-06-17 00:00:00,128.919998,129.240005,129.880005,127.860001,8568100.0,128.4767
2021-06-18 00:00:00,128.410004,126.68,129.029999,126.68,9784800.0,127.968452
2021-06-21 00:00:00,130.080002,129.240005,130.759995,128.699997,6288500.0,129.632706
2021-06-22 00:00:00,132.479996,130.830002,132.690002,130.130005,6043800.0,132.024445
2021-06-23 00:00:00,133.100006,132.809998,133.699997,132.210007,4566000.0,132.642319
2021-06-24 00:00:00,133.600006,133.899994,134.820007,132.899994,11420500.0,133.140594
2021-06-25 00:00:00,154.350006,152.410004,154.589996,150.479996,46285400.0,153.81926
2021-06-28 00:00:00,152.360001,153.919998,154.050003,151.509995,13133300.0,151.83609
2021-06-29 00:00:00,155.949997,153.259995,156.399994,152.910004,10279900.0,155.413742
2021-06-30 00:00:00,154.490005,154.789993,155.339996,153.520004,10281800.0,153.958771
2021-07-01 00:00:00,158.0,154.070007,158.210007,153.889999,9011500.0,157.456696
2021-07-02 00:00:00,159.740005,158.210007,159.970001,157.639999,6396700.0,159.19072
2021-07-06 00:00:00,160.110001,159.919998,160.440002,157.860001,6671000.0,159.559448
2021-07-07 00:00:00,160.160004,160.160004,161.5,158.279999,5408300.0,159.609283
2021-07-08 00:00:00,160.630005,158.169998,160.820007,157.350006,6081600.0,160.077667
2021-07-09 00:00:00,161.0,161.690002,161.960007,160.509995,5002300.0,160.446381
2021-07-12 00:00:00,161.820007,161.639999,162.429993,160.710007,4992200.0,161.263565
2021-07-13 00:00:00,161.589996,161.350006,162.309998,161.009995,5747700.0,161.034348
2021-07-14 00:00:00,161.539993,161.869995,162.729996,161.339996,4928000.0,160.984528
2021-07-15 00:00:00,161.690002,160.860001,162.199997,160.389999,6432500.0,161.134018
2021-07-16 00:00:00,159.850006,161.619995,161.699997,159.639999,6603700.0,159.300339
2021-07-19 00:00:00,157.869995,158.149994,158.820007,156.600006,7377100.0,157.327148
2021-07-20 00:00:00,159.740005,157.259995,160.429993,156.580002,4629200.0,159.19072
2021-07-21 00:00:00,161.080002,160.5,161.429993,160.009995,5393100.0,160.526108
2021-07-22 00:00:00,163.679993,161.110001,163.75,160.929993,4851500.0,163.117172
2021-07-23 00:00:00,166.360001,164.350006,166.449997,163.729996,4217700.0,165.787949
2021-07-26 00:00:00,165.089996,165.710007,166.529999,163.820007,3858800.0,164.522308
2021-07-27 00:00:00,164.570007,164.820007,165.610001,162.580002,4359000.0,164.00412
2021-07-28 00:00:00,165.460007,164.490005,165.899994,164.080002,4093600.0,164.891052
2021-07-29 00:00:00,166.990005,165.899994,167.029999,165.389999,3605600.0,166.415787
2021-07-30 00:00:00,167.509995,166.589996,167.869995,166.350006,5364400.0,166.93399
2021-08-02 00:00:00,168.75,169.059998,169.979996,168.029999,5532500.0,168.169724
2021-08-03 00:00:00,171.229996,169.220001,171.5,168.490005,5718100.0,170.641205
2021-08-04 00:00:00,171.910004,171.360001,172.339996,170.960007,4646200.0,171.318863
2021-08-05 00:00:00,173.850006,171.410004,174.0,171.179993,3824000.0,173.252213
2021-08-06 00:00:00,172.800003,174.360001,174.380005,172.699997,4087300.0,172.205811
2021-08-09 00:00:00,171.770004,172.5,173.059998,171.619995,3612800.0,171.179352
2021-08-10 00:00:00,172.270004,171.559998,173.960007,171.429993,3747100.0,171.677628
2021-08-11 00:00:00,171.270004,172.0,173.220001,170.940002,4078300.0,170.681076
2021-08-12 00:00:00,170.639999,170.889999,171.320007,169.479996,3997100.0,170.053238
2021-08-13 00:00:00,171.690002,170.449997,171.720001,168.779999,2964100.0,171.099625
2021-08-16 00:00:00,172.360001,170.699997,172.399994,169.660004,3530200.0,171.767334
2021-08-17 00:00:00,170.660004,171.539993,171.699997,169.380005,3602900.0,170.073166
2021-08-18 00:00:00,168.809998,169.75,171.800003,168.660004,5487400.0,168.229523
2021-08-19 00:00:00,165.589996,166.960007,167.539993,164.369995,7336300.0,165.020584
2021-08-20 00:00:00,167.789993,166.270004,168.009995,165.419998,4039100.0,167.213028
2021-08-23 00:00:00,169.720001,169.449997,170.899994,169.179993,3796500.0,169.136414
2021-08-24 00:00:00,169.979996,169.600006,170.869995,168.889999,3133100.0,169.395493
2021-08-25 00:00:00,169.839996,170.0,170.690002,169.529999,3003800.0,169.255981
2021-08-26 00:00:00,166.919998,169.380005,169.520004,166.270004,4069600.0,166.346024
2021-08-27 00:00:00,167.580002,167.270004,168.070007,166.279999,3010400.0,167.279343
2021-08-30 00:00:00,168.029999,167.889999,168.410004,166.570007,3537100.0,167.728531
2021-08-31 00:00:00,164.740005,167.550003,167.679993,164.199997,7545600.0,164.444443
2021-09-01 00:00:00,164.559998,164.919998,166.619995,164.080002,4706500.0,164.264755
2021-09-02 00:00:00,163.669998,165.240005,165.429993,162.789993,4632100.0,163.376358
2021-09-03 00:00:00,163.289993,163.199997,164.169998,162.220001,4254500.0,162.99704
2021-09-07 00:00:00,162.639999,163.699997,163.860001,161.910004,5648800.0,162.348206
2021-09-08 00:00:00,160.710007,162.0,162.089996,159.75,6591700.0,160.421677
2021-09-09 00:00:00,163.339996,165.259995,166.149994,163.199997,8414800.0,163.046951
2021-09-10 00:00:00,163.589996,164.25,165.660004,163.440002,4250300.0,163.296494
2021-09-13 00:00:00,159.520004,161.559998,162.919998,158.330002,8814500.0,159.23381
2021-09-14 00:00:00,158.759995,159.169998,159.389999,157.070007,5323900.0,158.475159
2021-09-15 00:00:00,157.910004,157.5,158.320007,155.669998,6827100.0,157.626694
2021-09-16 00:00:00,157.600006,157.589996,159.009995,157.199997,5085900.0,157.317261
2021-09-17 00:00:00,156.419998,157.960007,161.0,156.070007,7944800.0,156.139359
2021-09-20 00:00:00,154.25,153.729996,155.270004,152.320007,7041200.0,153.973267
2021-09-21 00:00:00,155.020004,155.089996,156.130005,153.580002,5857900.0,154.741882
2021-09-22 00:00:00,157.440002,156.789993,158.0,155.600006,6844800.0,157.157532
2021-09-23 00:00:00,159.580002,158.710007,160.289993,158.270004,11981500.0,159.293701
2021-09-24 00:00:00,149.589996,151.039993,151.850006,148.0,26913300.0,149.321609
2021-09-27 00:00:00,148.039993,149.509995,149.910004,147.289993,11479300.0,147.774399
2021-09-28 00:00:00,145.300003,147.339996,147.529999,145.0,10692300.0,145.039322
2021-09-29 00:00:00,146.020004,145.710007,147.940002,145.690002,7794900.0,145.758026
2021-09-30 00:00:00,145.229996,145.880005,147.479996,144.419998,10133600.0,144.969437
2021-10-01 00:00:00,147.059998,145.220001,148.0,144.369995,8112300.0,146.796158
2021-10-04 00:00:00,147.139999,147.059998,147.619995,145.759995,7951000.0,146.876022
2021-10-05 00:00:00,149.460007,148.0,151.0,147.820007,10881900.0,149.191864
2021-10-06 00:00:00,148.800003,148.0,149.460007,147.509995,7610700.0,148.533035
2021-10-07 00:00:00,151.850006,150.300003,153.660004,150.259995,7958000.0,151.577576
2021-10-08 00:00:00,152.479996,152.220001,152.869995,150.669998,6329300.0,152.206436
2021-10-11 00:00:00,150.279999,151.990005,153.589996,150.059998,5551200.0,150.010376
2021-10-12 00:00:00,153.350006,152.419998,153.600006,151.300003,7408600.0,153.074875
2021-10-13 00:00:00,156.300003,154.320007,156.669998,153.160004,8456300.0,156.019592
2021-10-14 00:00:00,157.139999,158.179993,158.460007,156.25,6024500.0,156.858078
2021-10-15 00:00:00,158.009995,157.800003,158.330002,156.559998,5532100.0,157.726501
2021-10-18 00:00:00,159.429993,157.309998,159.470001,155.949997,5765300.0,159.143967
2021-10-19 00:00:00,157.820007,159.679993,159.929993,156.800003,6198200.0,157.536865
2021-10-20 00:00:00,158.449997,158.5,158.800003,157.320007,4487000.0,158.165726
2021-10-21 00:00:00,162.179993,158.449997,162.339996,158.279999,6121700.0,161.889023
2021-10-22 00:00:00,163.479996,162.279999,164.619995,162.279999,5323000.0,163.186691
2021-10-25 00:00:00,164.220001,163.229996,164.729996,162.660004,3878200.0,163.925369
2021-10-26 00:00:00,163.789993,164.820007,165.449997,163.119995,4711200.0,163.49614
2021-10-27 00:00:00,162.350006,163.649994,164.059998,161.660004,4163900.0,162.058731
2021-10-28 00:00:00,164.460007,163.009995,164.600006,162.809998,3762000.0,164.164948
2021-10-29 00:00:00,167.289993,163.059998,167.630005,163.0,6740000.0,166.989853
2021-11-01 00:00:00,166.330002,167.800003,168.800003,165.889999,3610800.0,166.031586
2021-11-02 00:00:00,167.830002,166.759995,168.160004,166.110001,5038000.0,167.5289
2021-11-03 00:00:00,172.5,169.0,172.869995,168.649994,7176700.0,172.190521
2021-11-04 00:00:00,175.440002,172.210007,175.630005,172.0,5460100.0,175.125244
2021-11-05 00:00:00,177.509995,175.729996,179.100006,175.5,5892200.0,177.191528
2021-11-08 00:00:00,171.850006,176.350006,176.539993,170.360001,8301100.0,171.541687
2021-11-09 00:00:00,173.820007,171.25,173.929993,170.949997,4343000.0,173.508163
2021-11-10 00:00:00,168.259995,171.229996,172.169998,167.550003,8185200.0,167.958115
2021-11-11 00:00:00,166.970001,169.600006,169.600006,166.630005,4994900.0,166.670441
2021-11-12 00:00:00,169.089996,167.5,169.679993,167.399994,5124600.0,168.786636
2021-11-15 00:00:00,168.850006,169.699997,170.360001,168.520004,3856700.0,168.547073
2021-11-16 00:00:00,171.830002,169.25,174.0,169.25,4401000.0,171.521729
2021-11-17 00:00:00,171.740005,171.600006,172.740005,170.25,3940200.0,171.431885
2021-11-18 00:00:00,171.350006,172.330002,173.460007,170.360001,4044200.0,171.042587
2021-11-19 00:00:00,174.880005,172.149994,177.199997,170.529999,6145600.0,174.566254
2021-11-22 00:00:00,174.240005,174.979996,177.75,174.229996,5906400.0,173.927399
2021-11-23 00:00:00,172.149994,173.050003,173.429993,170.410004,5302100.0,171.841141
2021-11-24 00:00:00,172.029999,168.490005,172.429993,167.669998,4637600.0,171.721359
2021-11-26 00:00:00,168.020004,168.059998,169.679993,167.539993,4751100.0,167.718567
2021-11-29 00:00:00,169.869995,169.830002,171.149994,169.229996,5448700.0,169.565231
2021-11-30 00:00:00,169.240005,168.789993,171.550003,167.529999,11033700.0,168.936371
2021-12-01 00:00:00,166.699997,170.889999,173.369995,166.679993,6618200.0,166.400925
2021-12-02 00:00:00,170.0,167.279999,170.550003,167.0,4398900.0,169.695007
2021-12-03 00:00:00,170.240005,170.619995,172.070007,166.759995,4878200.0,170.240005
2021-12-06 00:00:00,168.910004,170.830002,171.210007,168.059998,5636900.0,168.910004
2021-12-07 00:00:00,171.289993,171.110001,173.350006,170.399994,5898700.0,171.289993
2021-12-08 00:00:00,170.25,171.220001,171.789993,169.839996,5614400.0,170.25
2021-12-09 00:00:00,168.100006,169.289993,171.169998,167.990005,5171600.0,168.100006
2021-12-10 00:00:00,169.059998,168.5,170.240005,167.330002,4791100.0,169.059998
2021-12-13 00:00:00,166.839996,168.809998,169.389999,165.259995,5972300.0,166.839996
2021-12-14 00:00:00,165.399994,166.289993,167.080002,164.210007,4872200.0,165.399994
2021-12-15 00:00:00,163.899994,165.0,165.669998,161.820007,7144600.0,163.899994
2021-12-16 00:00:00,162.720001,162.699997,165.940002,162.529999,7138100.0,162.720001
2021-12-17 00:00:00,161.360001,161.630005,162.860001,160.550003,7705100.0,161.360001
2021-12-20 00:00:00,156.979996,159.339996,159.600006,155.470001,8411900.0,156.979996
2021-12-21 00:00:00,166.630005,166.690002,171.190002,164.710007,13862900.0,166.630005
2021-12-22 00:00:00,165.440002,167.240005,169.0,164.089996,5811300.0,165.440002
2021-12-23 00:00:00,165.669998,166.25,167.160004,165.440002,3876900.0,165.669998
2021-12-27 00:00:00,167.580002,166.520004,167.690002,165.479996,3769300.0,167.580002
2021-12-28 00:00:00,166.419998,167.800003,168.25,166.300003,2658600.0,166.419998
2021-12-29 00:00:00,168.779999,167.070007,169.800003,166.600006,3830900.0,168.779999
2021-12-30 00:00:00,167.490005,168.309998,170.119995,167.199997,2666800.0,167.490005
2021-12-31 00:00:00,166.669998,167.559998,167.720001,166.210007,2752000.0,166.669998
2022-01-03 00:00:00,164.669998,167.529999,167.910004,163.309998,5670500.0,164.669998
2022-01-04 00:00:00,166.389999,165.880005,167.179993,165.0,6064200.0,166.389999
2022-01-05 00:00:00,162.25,166.490005,167.009995,162.100006,5021000.0,162.25
2022-01-06 00:00:00,161.039993,162.089996,163.190002,159.059998,4144600.0,161.039993
2022-01-07 00:00:00,156.970001,160.770004,161.139999,156.860001,5107300.0,156.970001
2022-01-10 00:00:00,150.440002,150.520004,151.330002,148.779999,10439000.0,150.440002
2022-01-11 00:00:00,150.300003,150.479996,150.839996,147.600006,8175400.0,150.300003
2022-01-12 00:00:00,152.210007,152.130005,153.460007,150.740005,6351200.0,152.210007
2022-01-13 00:00:00,149.589996,153.199997,153.600006,149.020004,4990900.0,149.589996
2022-01-14 00:00:00,148.179993,148.389999,148.839996,146.850006,6030000.0,148.179993
2022-01-18 00:00:00,146.949997,148.059998,148.830002,146.300003,6931000.0,146.949997
2022-01-19 00:00:00,145.110001,147.759995,149.100006,145.020004,4823800.0,145.110001
2022-01-20 00:00:00,142.729996,145.460007,147.380005,142.5,5366500.0,142.729996
2022-01-21 00:00:00,142.949997,144.320007,146.360001,142.850006,7553400.0,142.949997
2022-01-24 00:00:00,146.0,140.809998,146.309998,139.559998,9733200.0,146.0
2022-01-25 00:00:00,145.479996,144.970001,147.960007,142.509995,8195400.0,145.479996
2022-01-26 00:00:00,143.990005,147.779999,148.970001,142.729996,7444600.0,143.990005
2022-01-27 00:00:00,144.639999,144.990005,147.350006,143.580002,6396400.0,144.639999
2022-01-28 00:00:00,145.910004,144.119995,146.029999,140.610001,6130200.0,145.910004
2022-01-31 00:00:00,148.070007,146.270004,148.179993,145.220001,6932200.0,148.070007
2022-02-01 00:00:00,148.220001,149.5,149.679993,146.800003,6695000.0,148.220001
2022-02-02 00:00:00,148.710007,148.350006,149.460007,147.529999,5491700.0,148.710007
2022-02-03 00:00:00,145.309998,147.399994,148.460007,144.970001,5240200.0,145.309998
2022-02-04 00:00:00,145.389999,145.369995,146.479996,143.639999,4312500.0,145.389999
2022-02-07 00:00:00,145.139999,145.300003,146.119995,144.220001,3877500.0,145.139999
2022-02-08 00:00:00,143.529999,144.740005,145.5,142.300003,5829400.0,143.529999
2022-02-09 00:00:00,146.259995,146.110001,147.360001,145.669998,4551000.0,146.259995
2022-02-10 00:00:00,144.820007,143.960007,147.539993,143.850006,5142600.0,144.820007
2022-02-11 00:00:00,140.179993,144.759995,145.059998,139.559998,6709700.0,140.179993
2022-02-14 00:00:00,141.589996,140.080002,143.210007,139.789993,6841200.0,141.589996
2022-02-15 00:00:00,145.580002,144.220001,146.320007,144.100006,7820200.0,145.580002
2022-02-16 00:00:00,146.490005,145.020004,146.949997,144.610001,4817500.0,146.490005
2022-02-17 00:00:00,142.800003,145.539993,146.910004,142.639999,5202300.0,142.800003
2022-02-18 00:00:00,142.949997,143.369995,143.940002,141.809998,5177400.0,142.949997
2022-02-22 00:00:00,138.190002,141.589996,141.639999,136.160004,9604500.0,138.190002
2022-02-23 00:00:00,136.830002,139.660004,140.970001,136.509995,7636600.0,136.830002
2022-02-24 00:00:00,137.169998,133.0,137.419998,130.929993,8417200.0,137.169998
2022-02-25 00:00:00,138.800003,138.130005,139.220001,136.190002,5424500.0,138.800003
2022-02-28 00:00:00,136.550003,137.059998,138.380005,135.039993,6612700.0,136.550003
2022-03-01 00:00:00,132.220001,136.720001,136.75,131.149994,6534000.0,132.220001
2022-03-02 00:00:00,135.679993,132.979996,136.610001,132.770004,7743900.0,135.679993
2022-03-03 00:00:00,133.970001,136.740005,136.800003,133.449997,4570700.0,133.970001
2022-03-04 00:00:00,131.179993,132.509995,133.600006,130.699997,5245841.0,131.179993
2022-03-07 00:00:00,124.44,131.0,131.0,124.17,11365616.0,124.44
2022-03-08 00:00:00,121.21,125.24,125.47,120.8,9072605.0,121.21
2022-03-09 00:00:00,126.95,127.38,129.65,126.63,8681363.0,126.95
2022-03-10 00:00:00,126.03,124.02,126.6,124.02,7163323.0,126.03
2022-03-11 00:00:00,122.63,127.01,127.8692,122.51,5879449.0,122.63
2022-03-14 00:00:00,117.57,121.525,122.445,116.75,13876612.0,117.57
2022-03-15 00:00:00,119.4,119.84,120.42,117.75,10427541.0,119.4
2022-03-16 00:00:00,125.19,122.85,126.11,121.93,10962016.0,125.19
2022-03-17 00:00:00,127.41,124.94,127.41,123.7,6843621.0,127.41
2022-03-18 00:00:00,131.24,126.85,131.46,126.7,9602556.0,131.24
2022-03-21 00:00:00,130.19,129.72,132.31,128.62,14160605.0,130.19
2022-03-22 00:00:00,133.09,137.28,139.0,132.99,19696190.0,133.09
2022-03-23 00:00:00,133.0,132.64,135.4,131.2,7876698.0,133.0
2022-03-24 00:00:00,132.08,133.75,134.19,131.2,5689757.0,132.08
2022-03-25 00:00:00,133.7,133.05,133.87,131.71,6198524.0,133.7
2022-03-28 00:00:00,134.81,133.76,134.86,132.1709,5634349.0,134.81
2022-03-29 00:00:00,139.14,137.85,139.75,136.95,7273890.0,139.14
2022-03-30 00:00:00,138.54,138.98,139.86,137.56,4873322.0,138.54
2022-03-31 00:00:00,134.56,137.83,138.71,134.495,7179682.0,134.56
2022-04-01 00:00:00,133.52,134.45,135.28,132.76,5789765.0,133.52
2022-04-04 00:00:00,134.34,133.05,135.21,132.95,5303940.0,134.34
2022-04-05 00:00:00,132.3,134.04,134.68,132.02,5707506.0,132.3
2022-04-06 00:00:00,128.36,130.05,130.3017,126.325,6957055.0,128.36
2022-04-07 00:00:00,129.38,127.43,129.98,127.09,5320080.0,129.38
2022-04-08 00:00:00,128.15,129.44,129.925,127.88,3699657.0,128.15
2022-04-11 00:00:00,124.98,125.1,126.87,124.32,6361024.0,124.98
2022-04-12 00:00:00,125.04,125.2,128.1,124.34,5145330.0,125.04
2022-04-13 00:00:00,127.49,125.04,127.86,125.04,5117994.0,127.49
2022-04-14 00:00:00,133.46,129.08,134.38,128.89,12781086.0,133.46
2022-04-18 00:00:00,131.63,132.0,133.36,130.31,5185328.0,131.63
2022-04-19 00:00:00,137.05,133.09,137.48,132.78,7342220.0,137.05
2022-04-20 00:00:00,135.87,137.96,138.65,135.66,5308500.0,135.87
2022-04-21 00:00:00,135.46,138.55,139.105,135.09,6419974.0,135.46
2022-04-22 00:00:00,129.07,134.33,134.93,128.71,7320988.0,129.07
2022-04-25 00:00:00,127.94,127.8,128.94,124.85,6507147.0,127.94
2022-04-26 00:00:00,120.52,126.95,127.59,120.48,7967156.0,120.52
2022-04-27 00:00:00,121.24,121.09,124.0,121.09,6004020.0,121.24
2022-04-28 00:00:00,127.05,123.17,127.97,122.6,6552066.0,127.05
2022-04-29 00:00:00,124.7,126.22,128.45,124.25,5865994.0,124.7
2022-05-02 00:00:00,126.08,124.43,126.18,122.8,5428340.0,126.08
2022-05-03 00:00:00,122.86,125.02,125.75,120.22,8196215.0,122.86
2022-05-04 00:00:00,126.06,122.54,126.2,120.1,5732496.0,126.06
2022-05-05 00:00:00,118.63,124.11,124.75,116.52,8404641.0,118.63
2022-05-06 00:00:00,114.49,113.74,115.9,110.66,11237198.0,114.49
2022-05-09 00:00:00,111.21,112.97,114.43,110.59,7469105.0,111.21
2022-05-10 00:00:00,109.49,113.03,113.44,108.3539,7183111.0,109.49
2022-05-11 00:00:00,107.92,110.7,111.15,107.59,6471141.0,107.92
2022-05-12 00:00:00,107.9,105.18,109.87,105.0,10243433.0,107.9
2022-05-13 00:00:00,113.01,110.26,113.11,108.67,9618460.0,113.01
2022-05-16 00:00:00,112.6,112.98,113.44,111.58,5715037.0,112.6
2022-05-17 00:00:00,115.9,115.5,117.1,113.07,6026218.0,115.9
2022-05-18 00:00:00,109.37,112.5,113.36,108.785,8166491.0,109.37
2022-05-19 00:00:00,106.44,108.95,109.11,106.28,7567046.0,106.44
2022-05-20 00:00:00,108.0,108.67,109.69,105.07,7620379.0,108.0
2022-05-23 00:00:00,108.63,107.47,108.75,105.825,7134916.0,108.63
2022-05-24 00:00:00,107.29,107.11,107.99,104.73,6023194.0,107.29
2022-05-25 00:00:00,108.2,103.46,108.89,103.46,7159430.0,108.2
