date,close,open,high,low,volume,adjclose
2012-05-14 00:00:00,20.7894491257,20.7669983167,20.9241539796,20.6023590508,454800.0,20.7894491257
2012-05-15 00:00:00,20.8942195677,20.8193835377,20.9989900096,20.7744819197,517400.0,20.8942195677
2012-05-16 00:00:00,20.6397770658,20.9840228036,20.9840228036,20.6397770658,567800.0,20.6397770658
2012-05-17 00:00:00,20.033605223,20.6322934628,20.6472606688,20.033605223,619700.0,20.033605223
2012-05-18 00:00:00,19.936318384,20.130892062,20.2805641219,19.8839331631,664600.0,19.936318384
2012-05-21 00:00:00,20.3329493429,19.95128559,20.4302361818,19.8989003691,569500.0,20.3329493429
2012-05-22 00:00:00,20.3030149309,20.2805641219,20.4676541968,20.168310077,896000.0,20.3030149309
2012-05-23 00:00:00,20.2655969159,20.108441253,20.2880477249,19.8090971331,673000.0,20.2655969159
2012-05-24 00:00:00,20.2805641219,20.2581133129,20.3479165489,19.966252796,695500.0,20.2805641219
2012-05-25 00:00:00,20.168310077,20.2581133129,20.2955313279,20.071023238,366500.0,20.168310077
2012-05-29 00:00:00,20.4452033878,20.2506297099,20.6023590508,20.138375665,719500.0,20.4452033878
2012-05-30 00:00:00,19.95128559,20.2655969159,20.2955313279,19.943801987,557800.0,19.95128559
2012-05-31 00:00:00,20.078506841,19.928834781,20.1982444889,19.7716791181,627200.0,20.078506841
2012-06-01 00:00:00,19.6743922791,19.6743922791,19.8165807361,19.6444578672,478600.0,19.6743922791
2012-06-04 00:00:00,19.6369742642,19.7492283091,19.7941299271,19.2852449233,722000.0,19.6369742642
2012-06-05 00:00:00,19.7492283091,19.5396874252,19.7866463241,19.4648513952,399100.0,19.7492283091
2012-06-06 00:00:00,20.085990444,19.8465151481,20.145859268,19.8465151481,433700.0,20.085990444
2012-06-07 00:00:00,20.2581133129,20.3030149309,20.4526869908,20.160826474,338700.0,20.2581133129
2012-06-08 00:00:00,20.6622278748,20.2730805189,20.6697114778,20.168310077,457000.0,20.6622278748
2012-06-11 00:00:00,20.5350066238,20.8118999347,20.8343507437,20.4826214028,562400.0,20.5350066238
2012-06-12 00:00:00,20.6622278748,20.6023590508,20.7744819197,20.4751377998,585600.0,20.6622278748
2012-06-13 00:00:00,20.4302361818,20.7096885806,20.7096885806,20.3773668091,321900.0,20.4302361818
2012-06-14 00:00:00,20.9136133041,20.4755527871,20.996693747,20.4302361818,711400.0,20.9136133041
2012-06-15 00:00:00,20.9136133041,21.011799282,21.0420103522,20.7247941157,589700.0,20.9136133041
2012-06-18 00:00:00,20.9815882119,20.8380856287,21.0646686548,20.7021358131,423200.0,20.9815882119
2012-06-19 00:00:00,21.0193520496,21.1855129353,21.2383823081,20.9362716067,420000.0,21.0193520496
2012-06-20 00:00:00,21.1779601678,21.1477490977,21.2988044484,20.9664826768,627100.0,21.1779601678
2012-06-21 00:00:00,20.5812915325,21.1250907951,21.2383823081,20.5661859975,526300.0,20.5812915325
2012-06-22 00:00:00,20.7247941157,20.7021358131,20.8154273261,20.5208693923,686800.0,20.7247941157
2012-06-25 00:00:00,20.6492664404,20.5661859975,20.7701107209,20.3773668091,522400.0,20.6492664404
2012-06-26 00:00:00,20.4982110897,20.6794775105,20.7323468832,20.4151306468,356600.0,20.4982110897
2012-06-27 00:00:00,20.6266081378,20.5661859975,20.8456383963,20.5284221598,275700.0,20.6266081378
2012-06-28 00:00:00,20.7021358131,20.4982110897,20.7021358131,20.3093919013,428400.0,20.7021358131
2012-06-29 00:00:00,21.3290155185,20.996693747,21.3743321237,20.8909550015,714900.0,21.3290155185
2012-07-02 00:00:00,21.2610406107,21.336568286,21.4800708692,20.8380856287,429700.0,21.2610406107
2012-07-03 00:00:00,21.8652620135,21.223276773,21.872814781,21.1477490977,477300.0,21.8652620135
2012-07-05 00:00:00,21.5858096147,21.7897343381,21.8577092459,21.5027291718,679300.0,21.5858096147
2012-07-06 00:00:00,21.3290155185,21.3592265886,21.3894376588,21.2157240055,426400.0,21.3290155185
2012-07-09 00:00:00,21.1930657029,21.2383823081,21.2836989133,21.0344575846,325000.0,21.1930657029
2012-07-10 00:00:00,21.0797741898,21.223276773,21.4196487289,20.9815882119,317800.0,21.0797741898
2012-07-11 00:00:00,21.4045431938,21.2081712379,21.5102819393,21.0646686548,897000.0,21.4045431938
2012-07-12 00:00:00,21.6084679173,21.2459350756,21.7519705004,21.0571158872,854100.0,21.6084679173
2012-07-13 00:00:00,21.9030258511,21.6386789874,22.1900310175,21.5707040796,811300.0,21.9030258511
2012-07-16 00:00:00,21.9483424564,21.9181313862,22.0314228992,21.6084679173,633300.0,21.9483424564
2012-07-17 00:00:00,22.7111719774,22.310875298,23.3456044503,22.310875298,1623000.0,22.7111719774
2012-07-18 00:00:00,23.0812575866,22.7111719774,23.4135793581,22.6507498371,1280200.0,23.0812575866
2012-07-19 00:00:00,23.2398657048,23.1492324944,23.383368288,22.8169107229,715700.0,23.2398657048
2012-07-20 00:00:00,23.1869963321,23.1416797269,23.3304989152,22.8320162579,787100.0,23.1869963321
2012-07-23 00:00:00,23.0434937489,22.9981771437,23.1945490996,22.7640413501,392600.0,23.0434937489
2012-07-24 00:00:00,22.7866996527,23.0812575866,23.1265741918,22.522352789,586800.0,22.7866996527
2012-07-25 00:00:00,22.8018051878,22.7942524203,23.0888103541,22.6885136748,772800.0,22.8018051878
2012-07-26 00:00:00,23.1492324944,23.1643380295,23.4060265906,22.9830716086,882200.0,23.1492324944
2012-07-27 00:00:00,23.2398657048,23.3380516828,23.5042125685,23.1945490996,938600.0,23.2398657048
2012-07-30 00:00:00,23.2323129373,23.2776295425,23.2776295425,22.960413306,707600.0,23.2323129373
2012-07-31 00:00:00,23.2549712399,23.2247601698,23.4135793581,23.1869963321,410400.0,23.2549712399
2012-08-01 00:00:00,23.1039158892,23.3380516828,23.4135793581,23.0208354463,521700.0,23.1039158892
2012-08-02 00:00:00,23.0359409814,22.8773328631,23.3682627529,22.7942524203,700700.0,23.0359409814
2012-08-03 00:00:00,23.3002878451,23.4135793581,23.5193181036,23.2172074022,624300.0,23.3002878451
2012-08-06 00:00:00,23.270076775,23.383368288,23.4286848932,23.1945490996,408100.0,23.270076775
2012-08-07 00:00:00,23.3758155204,23.3682627529,23.5797402439,23.1945490996,696100.0,23.3758155204
2012-08-08 00:00:00,23.1643380295,23.2927350776,23.4437904283,23.1341269593,694500.0,23.1643380295
2012-08-09 00:00:00,22.8697800956,23.2398657048,23.2776295425,22.7111719774,1086100.0,22.8697800956
2012-08-10 00:00:00,23.1643380295,22.8320162579,23.1869963321,22.7564885826,771600.0,23.1643380295
2012-08-13 00:00:00,23.609951314,23.5042125685,23.821428805,23.4286848932,1121600.0,23.609951314
2012-08-14 00:00:00,23.934720318,23.7383483621,23.9649313882,23.6477151517,1194300.0,23.934720318
2012-08-15 00:00:00,24.2519365545,23.8742981778,24.259489322,23.8591926427,1982500.0,24.2519365545
2012-08-16 00:00:00,24.2897003922,24.2217254844,24.6446804663,24.1688561116,1920900.0,24.2897003922
2012-08-17 00:00:00,24.1386450415,24.3274642298,24.3274642298,24.0480118311,956500.0,24.1386450415
2012-08-20 00:00:00,24.0706701337,23.9498258531,24.1386450415,23.4286848932,1810800.0,24.0706701337
2012-08-21 00:00:00,24.1235395064,24.0933284363,24.3878863701,24.032906296,649400.0,24.1235395064
2012-08-22 00:00:00,23.9800369232,24.032906296,24.0857756687,23.8138760375,1033800.0,23.9800369232
2012-08-23 00:00:00,24.0026952258,24.0253535284,24.1613033441,23.8667454102,746000.0,24.0026952258
2012-08-24 00:00:00,24.244383787,24.0253535284,24.2745948571,23.934720318,562500.0,24.244383787
2012-08-27 00:00:00,24.1386450415,24.3274642298,24.4105446727,24.1084339713,429400.0,24.1386450415
2012-08-28 00:00:00,24.1537505765,24.1688561116,24.2972531597,23.9498258531,333400.0,24.1537505765
2012-08-29 00:00:00,24.2066199493,24.1764088791,24.2821476246,24.0404590635,322600.0,24.2066199493
2012-08-30 00:00:00,23.9649313882,24.0480118311,24.0631173661,23.8818509453,503900.0,23.9649313882
2012-08-31 00:00:00,24.1839616467,24.1764088791,24.2066199493,23.919614783,418100.0,24.1839616467
2012-09-04 00:00:00,24.3576753,24.1613033441,24.4029919052,24.0026952258,651400.0,24.3576753
2012-09-05 00:00:00,24.4256502078,24.3652280675,24.5767055585,24.2821476246,527300.0,24.4256502078
2012-09-06 00:00:00,24.8486051897,24.5238361857,25.0827409833,24.5238361857,922300.0,24.8486051897
2012-09-07 00:00:00,25.1280575885,25.1582686587,25.3395350795,24.9392384002,1356000.0,25.1280575885
2012-09-10 00:00:00,24.5011778831,24.6446804663,24.8486051897,24.3652280675,1045500.0,24.5011778831
2012-09-11 00:00:00,24.3652280675,24.4634140455,24.5616000234,24.2292782519,856700.0,24.3652280675
2012-09-12 00:00:00,24.4029919052,24.2141727168,24.4860723481,24.0782229012,1155200.0,24.4029919052
2012-09-13 00:00:00,25.0902937509,24.5271509733,25.349035027,24.3901702977,923300.0,25.0902937509
2012-09-14 00:00:00,25.2272744265,25.1131238635,25.3642551021,25.1131238635,468200.0,25.2272744265
2012-09-17 00:00:00,24.4282204854,24.8772126999,24.9609231128,24.4130004103,737100.0,24.4282204854
2012-09-18 00:00:00,24.6184714237,24.2988498473,24.7554520994,24.2988498473,1946900.0,24.6184714237
2012-09-19 00:00:00,25.0826837133,24.7021818366,25.0979037884,24.6869617615,774700.0,25.0826837133
2012-09-20 00:00:00,25.1435640136,24.9228729251,25.1816142013,24.793502287,629500.0,25.1435640136
2012-09-21 00:00:00,25.6838766785,25.8436874668,26.4068302443,25.5697261155,2022200.0,25.6838766785
2012-09-24 00:00:00,26.5970811827,26.5742510701,26.9243127967,26.0187183301,2663800.0,26.5970811827
2012-09-25 00:00:00,26.7492819334,26.7340618583,26.9928031345,26.6123012577,1914000.0,26.7492819334
2012-09-26 00:00:00,26.9547529468,26.7340618583,27.1602239602,26.559030995,1318100.0,26.9547529468
2012-09-27 00:00:00,27.4341853115,27.0080232095,27.4950656117,26.7949421586,1248400.0,27.4341853115
2012-09-28 00:00:00,27.6244362498,27.3656949736,27.9136176761,27.1982741479,1498000.0,27.6244362498
2012-10-01 00:00:00,27.1526139227,27.5711659871,27.7994671131,26.9319228342,1271100.0,27.1526139227
2012-10-02 00:00:00,27.2439343731,27.3352548235,27.5026756493,27.1754440353,743300.0,27.2439343731
2012-10-03 00:00:00,27.2439343731,27.2439343731,27.4265752739,27.213494223,866200.0,27.2439343731
2012-10-04 00:00:00,27.3733050112,27.4494053865,27.5635559495,27.3352548235,647500.0,27.3733050112
2012-10-05 00:00:00,27.4265752739,27.4341853115,27.6853165501,27.327644786,736800.0,27.4265752739
2012-10-08 00:00:00,27.1602239602,27.0460733972,27.3124247109,26.9243127967,1275500.0,27.1602239602
2012-10-09 00:00:00,27.1754440353,27.1982741479,27.3504748986,27.000413172,637600.0,27.1754440353
2012-10-10 00:00:00,26.9395328717,27.1373938476,27.1754440353,26.8710425339,354100.0,26.9395328717
2012-10-11 00:00:00,27.0232432846,27.1221737725,27.2743745232,26.9928031345,449200.0,27.0232432846
2012-10-12 00:00:00,26.7797220835,27.0232432846,27.1373938476,26.7036217082,937800.0,26.7797220835
2012-10-15 00:00:00,27.0917336224,26.9851930969,27.2211042605,26.6884016331,1102500.0,27.0917336224
2012-10-16 00:00:00,27.5939960997,26.4829306197,28.1266987271,26.2546294936,2799100.0,27.5939960997
2012-10-17 00:00:00,27.6472663624,27.0080232095,27.8222972257,27.0080232095,906400.0,27.6472663624
2012-10-18 00:00:00,27.5635559495,27.5026756493,27.6853165501,27.4722354991,879500.0,27.5635559495
2012-10-19 00:00:00,27.2667644857,27.4874555742,27.5178957243,27.0689035098,798500.0,27.2667644857
2012-10-22 00:00:00,27.3124247109,27.2667644857,27.4950656117,27.1373938476,572700.0,27.3124247109
2012-10-23 00:00:00,26.9167027591,27.1526139227,27.2058841854,26.6579614829,831900.0,26.9167027591
2012-10-24 00:00:00,26.6351313703,27.1526139227,27.1526139227,26.6123012577,696500.0,26.6351313703
2012-10-25 00:00:00,27.0232432846,26.7797220835,27.0689035098,26.5209808073,655900.0,27.0232432846
2012-10-26 00:00:00,26.8634324964,27.1297838101,27.1297838101,26.6503514454,394100.0,26.8634324964
2012-10-31 00:00:00,26.8406023838,27.0536834347,27.3504748986,26.6503514454,588100.0,26.8406023838
2012-11-01 00:00:00,27.6472663624,26.9699730219,27.9364477887,26.8329923462,1225200.0,27.6472663624
2012-11-02 00:00:00,27.3200347484,27.6624864375,27.7614169254,27.213494223,829100.0,27.3200347484
2012-11-05 00:00:00,27.2591544482,27.3048146734,27.6244362498,26.9395328717,951600.0,27.2591544482
2012-11-06 00:00:00,27.5483358745,27.3885250862,27.7081466627,27.2515444106,607600.0,27.5483358745
2012-11-07 00:00:00,27.1069536975,27.3809150487,27.3809150487,26.9395328717,715900.0,27.1069536975
2012-11-08 00:00:00,26.7568919709,27.0232432846,27.228714298,26.6427414079,604400.0,26.7568919709
2012-11-09 00:00:00,26.9471429093,26.7112317457,27.1830540728,26.5970811827,466000.0,26.9471429093
2012-11-12 00:00:00,26.9928031345,27.000413172,27.1373938476,26.7797220835,447700.0,26.9928031345
2012-11-13 00:00:00,26.673181558,26.7568919709,27.0993436599,26.559030995,631500.0,26.673181558
2012-11-14 00:00:00,26.2241893435,26.7036217082,26.7645020084,26.0948187054,884400.0,26.2241893435
2012-11-15 00:00:00,25.9958882175,26.2850696438,26.6960116706,25.9197878421,1387800.0,25.9958882175
2012-11-16 00:00:00,26.3687800566,26.0643785553,26.4068302443,25.790417204,1172200.0,26.3687800566
2012-11-19 00:00:00,27.2819845608,26.4981506947,27.2819845608,26.4981506947,767700.0,27.2819845608
2012-11-20 00:00:00,27.342864861,27.1982741479,27.4189652364,27.0536834347,568900.0,27.342864861
2012-11-21 00:00:00,27.5863860621,27.4189652364,27.6548764,26.8406023838,412800.0,27.5863860621
2012-11-23 00:00:00,27.9364477887,27.6016061372,27.9668879389,27.5863860621,298300.0,27.9364477887
2012-11-26 00:00:00,28.0125481641,27.8451273383,28.1266987271,27.7918570756,473300.0,28.0125481641
2012-11-27 00:00:00,27.7233667378,27.9060076386,27.9668879389,27.6016061372,705000.0,27.7233667378
2012-11-28 00:00:00,27.9136176761,27.6624864375,27.9516678638,27.4037451613,639600.0,27.9136176761
2012-11-29 00:00:00,27.8527373758,28.0810385019,28.1495288397,27.7081466627,560800.0,27.8527373758
2012-11-30 00:00:00,27.7309767753,27.8146871882,27.883177526,27.6244362498,954500.0,27.7309767753
2012-12-03 00:00:00,27.5178957243,27.9212277137,27.9212277137,27.441795349,562700.0,27.5178957243
2012-12-04 00:00:00,27.5483358745,27.5102856868,27.7081466627,27.4265752739,403100.0,27.5483358745
2012-12-05 00:00:00,27.2439343731,27.5863860621,27.6548764,26.9851930969,649100.0,27.2439343731
2012-12-06 00:00:00,27.3885250862,27.1830540728,27.5483358745,27.0536834347,741800.0,27.3885250862
2012-12-07 00:00:00,27.6168262123,27.3885250862,27.6168262123,27.2058841854,583500.0,27.6168262123
2012-12-10 00:00:00,27.7157567002,27.5635559495,27.9744979764,27.5635559495,533000.0,27.7157567002
2012-12-11 00:00:00,27.9212277137,27.8146871882,28.1799689898,27.8146871882,886600.0,27.9212277137
2012-12-12 00:00:00,28.111478652,28.0734284643,28.2408492901,27.9516678638,703600.0,28.111478652
2012-12-13 00:00:00,27.9288377512,28.2276648218,28.3349360779,27.9058510535,628000.0,27.9288377512
2012-12-14 00:00:00,27.8522154254,27.8445531928,27.9594866815,27.7449441693,342700.0,27.8522154254
2012-12-17 00:00:00,28.2200025892,27.8292287277,28.2200025892,27.7372819367,536700.0,28.2200025892
2012-12-18 00:00:00,28.5724652878,28.1663669611,28.587789753,28.0820824028,803200.0,28.5724652878
2012-12-19 00:00:00,28.6490876136,28.5571408227,28.7793455675,28.3196116127,567000.0,28.6490876136
2012-12-20 00:00:00,28.9249279865,28.6184386833,28.9249279865,28.6031142182,490000.0,28.9249279865
2012-12-21 00:00:00,29.0015503123,28.4345451014,29.0015503123,28.3119493802,1625000.0,29.0015503123
2012-12-24 00:00:00,29.0628481729,28.9402524516,29.0781726381,28.6950610091,254800.0,29.0628481729
2012-12-26 00:00:00,29.3003773829,29.0781726381,29.3540130109,29.0398614752,666300.0,29.3003773829
2012-12-27 00:00:00,29.3310263132,29.2544039874,29.3999864064,29.1931061268,769100.0,29.3310263132
2012-12-28 00:00:00,29.1854438942,29.0551859403,29.3999864064,29.0015503123,681800.0,29.1854438942
2012-12-31 00:00:00,29.4766087322,29.1241460335,29.6298533838,29.02453701,625100.0,29.4766087322
2013-01-02 00:00:00,29.8827070589,30.0666006408,30.1125740363,29.5992044535,897600.0,29.8827070589
2013-01-03 00:00:00,29.8137469657,29.8137469657,30.0053027802,29.6758267792,971900.0,29.8137469657
2013-01-04 00:00:00,29.7907602679,29.7984225005,29.8673825937,29.6221911512,897700.0,29.7907602679
2013-01-07 00:00:00,29.8597203611,29.5992044535,29.9440049195,29.5915422209,697600.0,29.8597203611
2013-01-08 00:00:00,29.7447868725,29.7984225005,30.1815341295,29.7447868725,879700.0,29.7447868725
2013-01-09 00:00:00,29.7830980354,29.8137469657,29.9440049195,29.7218001747,827200.0,29.7830980354
2013-01-10 00:00:00,29.4919331973,29.9823160824,29.9823160824,29.461284267,839000.0,29.4919331973
2013-01-11 00:00:00,29.7754358028,29.5149198951,29.7754358028,29.1547949639,695700.0,29.7754358028
2013-01-14 00:00:00,30.0129650127,29.7294624073,30.1432229666,29.7218001747,388500.0,30.0129650127
2013-01-15 00:00:00,30.0359517105,30.0666006408,30.373089944,29.8827070589,928200.0,30.0359517105
2013-01-16 00:00:00,29.8673825937,30.0436139431,30.0436139431,29.7141379421,583000.0,29.8673825937
2013-01-17 00:00:00,30.6029569213,30.0129650127,30.8328238987,29.9210182218,1143600.0,30.6029569213
2013-01-18 00:00:00,30.664254782,30.6565925494,30.6872414797,30.3347787811,765500.0,30.664254782
2013-01-22 00:00:00,29.7371246399,29.7064757096,30.0742628734,29.0092125449,3735400.0,29.7371246399
2013-01-23 00:00:00,30.1049118037,29.7984225005,30.4573745023,29.7447868725,1267000.0,30.1049118037
2013-01-24 00:00:00,30.5110101304,30.1125740363,30.5339968281,29.9746538498,973200.0,30.5110101304
2013-01-25 00:00:00,30.5110101304,30.6336058516,30.6336058516,30.3654277114,637000.0,30.5110101304
2013-01-28 00:00:00,30.2351697575,30.5033478978,30.5110101304,30.0436139431,589600.0,30.2351697575
2013-01-29 00:00:00,30.1432229666,30.1508851992,30.281143153,29.989978315,860700.0,30.1432229666
2013-01-30 00:00:00,29.5762177557,30.1662096643,30.2198452924,29.5608932906,1117100.0,29.5762177557
2013-01-31 00:00:00,29.4459598019,29.5225821277,29.752449105,29.3999864064,1021600.0,29.4459598019
2013-02-01 00:00:00,29.9823160824,29.461284267,29.9976405476,29.3923241738,1448100.0,29.9823160824
2013-02-04 00:00:00,30.0282894779,29.9363426869,30.1508851992,29.8060847331,657400.0,30.0282894779
2013-02-05 00:00:00,30.1585474317,30.2198452924,30.4573745023,30.0359517105,636800.0,30.1585474317
2013-02-06 00:00:00,30.4037388743,30.1202362688,30.4037388743,29.9516671521,544400.0,30.4037388743
2013-02-07 00:00:00,30.4880234326,30.4114011069,30.5646457584,30.1049118037,874100.0,30.4880234326
2013-02-08 00:00:00,30.7638638055,30.4803612001,30.9094462245,30.4726989675,721600.0,30.7638638055
2013-02-11 00:00:00,30.8174994336,30.8787972942,30.9324329222,30.4037388743,519200.0,30.8174994336
2013-02-12 00:00:00,30.7102281774,30.8174994336,30.9324329222,30.5493212933,554600.0,30.7102281774
2013-02-13 00:00:00,30.863472829,30.8251616661,30.9784063177,30.6259436191,386000.0,30.863472829
2013-02-14 00:00:00,30.9247706897,30.7332148752,31.0243797132,30.7255526426,347600.0,30.9247706897
2013-02-15 00:00:00,31.1393132019,31.0167174806,31.1852865974,30.9247706897,370600.0,31.1393132019
2013-02-19 00:00:00,30.8404861313,31.2312599928,31.392166877,30.7485393403,744200.0,30.8404861313
2013-02-20 00:00:00,30.0666006408,30.8711350616,30.9784063177,30.0589384082,883000.0,30.0666006408
2013-02-21 00:00:00,31.3155445512,30.0512761756,31.6680072498,29.8137469657,2565300.0,31.3155445512
2013-02-22 00:00:00,32.0281321811,31.3385312489,32.3959193449,31.3385312489,1347200.0,32.0281321811
2013-02-25 00:00:00,31.4917759005,32.41124381,32.5338395313,31.4917759005,1080900.0,31.4917759005
2013-02-26 00:00:00,31.920860925,31.8212519014,31.9591720879,31.6067093892,1271800.0,31.920860925
2013-02-27 00:00:00,32.0204699485,31.6373583195,32.3805948797,31.6373583195,1375700.0,32.0204699485
2013-02-28 00:00:00,32.0128077159,32.0587811114,32.4342305078,31.9285231575,919300.0,32.0128077159
2013-03-01 00:00:00,31.8902119946,31.8825497621,32.1737146001,31.5071003657,1336800.0,31.8902119946
2013-03-04 00:00:00,32.5185150661,31.9131986924,32.5338395313,31.8519008317,935200.0,32.5185150661
2013-03-05 00:00:00,32.7407198109,32.6794219503,32.9705867883,32.6104618571,618500.0,32.7407198109
2013-03-06 00:00:00,32.8786399974,32.9169511603,33.2694138589,32.8403288345,810400.0,32.8786399974
2013-03-07 00:00:00,33.1927915331,32.8709777648,33.2387649286,32.8633155322,553300.0,33.1927915331
2013-03-08 00:00:00,33.2924005566,33.3230494869,33.6065520924,33.1314936725,582900.0,33.2924005566
2013-03-11 00:00:00,33.3613606498,33.3000627892,33.468631906,33.2081159983,480100.0,33.3613606498
2013-03-12 00:00:00,33.0472091141,33.376685115,33.376685115,32.9705867883,446500.0,33.0472091141
2013-03-13 00:00:00,32.8269199274,33.1665353699,33.1665353699,32.5953639439,1106300.0,32.8269199274
2013-03-14 00:00:00,33.1202241732,33.0584759109,33.2205650994,32.8577940586,680600.0,33.1202241732
2013-03-15 00:00:00,33.2977504272,33.1588168371,33.3286245584,32.9349793864,860700.0,33.2977504272
2013-03-18 00:00:00,33.1896909683,32.5722083456,33.4058098862,32.5722083456,664900.0,33.1896909683
2013-03-19 00:00:00,33.2051280338,33.1588168371,33.3826542878,33.0121647142,918900.0,33.2051280338
2013-03-20 00:00:00,33.3903728206,33.3826542878,33.6219288041,33.1356612388,741800.0,33.3903728206
2013-03-21 00:00:00,33.1047871076,33.3286245584,33.5370249435,33.019883247,604100.0,33.1047871076
2013-03-22 00:00:00,33.2514392305,33.1510983043,33.4366840173,32.9041052553,898300.0,33.2514392305
2013-03-25 00:00:00,33.3672172223,32.8809496569,33.4907137468,32.7497345996,921400.0,33.3672172223
2013-03-26 00:00:00,34.0001369105,33.4289654845,34.0232925089,33.4289654845,813100.0,34.0001369105
2013-03-27 00:00:00,34.3011596891,33.8612033204,34.3551894185,33.6528029353,715000.0,34.3011596891
2013-03-28 00:00:00,34.6330565987,34.3551894185,34.6793677954,34.1931002301,569000.0,34.6330565987
2013-04-01 00:00:00,34.3783450169,34.5944639348,34.7102419266,34.2008187629,645000.0,34.3783450169
2013-04-02 00:00:00,34.7333975249,34.5249971398,34.9340793773,34.3860635497,865500.0,34.7333975249
2013-04-03 00:00:00,34.3551894185,34.7102419266,34.8414569839,34.0773222383,1393000.0,34.3551894185
2013-04-04 00:00:00,34.0232925089,34.3474708858,34.4864044759,33.9306701155,1192200.0,34.0232925089
2013-04-05 00:00:00,34.1545075662,33.7068326647,34.2162558284,33.019883247,1432000.0,34.1545075662
2013-04-08 00:00:00,34.4709674103,34.1390705006,34.5018415414,34.1390705006,336900.0,34.4709674103
2013-04-09 00:00:00,34.4400932792,34.5790268693,34.625338066,34.2780040907,553400.0,34.4400932792
2013-04-10 00:00:00,34.6639307299,34.4786859431,34.8260199183,34.409219148,991100.0,34.6639307299
2013-04-11 00:00:00,34.6716492627,34.694804861,35.265976287,34.3860635497,1095200.0,34.6716492627
2013-04-12 00:00:00,34.625338066,34.7411160577,34.9417979101,34.2471299596,780800.0,34.625338066
2013-04-15 00:00:00,32.8037643291,34.4015006152,34.4015006152,32.6957048701,1788300.0,32.8037643291
2013-04-16 00:00:00,34.1776631645,33.0661944437,34.1853816973,32.9658535175,1206300.0,34.1776631645
2013-04-17 00:00:00,33.4907137468,33.8148921237,33.8148921237,33.0121647142,1198900.0,33.4907137468
2013-04-18 00:00:00,33.3440616239,33.6142102713,33.6836770664,33.0970685749,979000.0,33.3440616239
2013-04-19 00:00:00,33.3980913534,33.5061508124,34.162226099,33.2514392305,878600.0,33.3980913534
2013-04-22 00:00:00,33.7531438614,33.3903728206,33.9075145171,32.9118237881,1486600.0,33.7531438614
2013-04-23 00:00:00,35.1424797624,34.0850407711,36.0687036964,34.0850407711,2572700.0,35.1424797624
2013-04-24 00:00:00,35.5052508033,35.3122874837,36.1304519587,35.0344203035,1358000.0,35.5052508033
2013-04-25 00:00:00,35.621028795,35.6982141228,35.7908365162,35.1270426969,965000.0,35.621028795
2013-04-26 00:00:00,35.3508801476,35.6287473278,35.7522438523,34.980390574,754400.0,35.3508801476
2013-04-29 00:00:00,36.3774450078,35.5052508033,36.5086600651,35.3508801476,1676600.0,36.3774450078
2013-04-30 00:00:00,36.7093419175,36.4314747373,36.7170604502,35.906614508,1263000.0,36.7093419175
2013-05-01 00:00:00,36.0687036964,36.547252729,36.6321565896,35.8525847785,1105400.0,36.0687036964
2013-05-02 00:00:00,36.1536075571,36.0069554342,36.6939048519,35.798555049,1711300.0,36.1536075571
2013-05-03 00:00:00,36.7788087125,36.4314747373,37.0643944255,36.4314747373,663500.0,36.7788087125
2013-05-06 00:00:00,37.0335202944,36.902305237,37.0798314911,36.724778983,560600.0,37.0335202944
2013-05-07 00:00:00,37.8902774333,37.1724538845,37.9211515644,37.118424155,1667500.0,37.8902774333
2013-05-08 00:00:00,38.222174343,37.8979959661,38.2684855397,37.6124102531,885400.0,38.222174343
2013-05-09 00:00:00,38.114114884,38.222174343,38.5926639166,37.93658863,862200.0,38.114114884
2013-05-10 00:00:00,37.6046917203,38.0678036873,38.2376114086,37.5429434581,908100.0,37.6046917203
2013-05-13 00:00:00,38.0523666218,37.6355658515,38.1527075479,37.4117284007,619600.0,38.0523666218
2013-05-14 00:00:00,38.507760056,38.0292110234,38.5463527199,38.0292110234,973000.0,38.507760056
2013-05-15 00:00:00,38.6544121788,38.4846044576,39.0557758836,38.2376114086,1243400.0,38.6544121788
2013-05-16 00:00:00,38.4460117937,38.7856272362,39.1947094737,38.3688264659,1089400.0,38.4460117937
2013-05-17 00:00:00,38.4614488593,38.4846044576,38.7624716378,38.2067372774,472300.0,38.4614488593
2013-05-20 00:00:00,38.7701901706,38.4074191298,38.9014052279,38.3765449987,704600.0,38.7701901706
2013-05-21 00:00:00,38.8936866951,38.7238789739,38.970872023,38.6312565805,857800.0,38.8936866951
2013-05-22 00:00:00,38.3919820642,38.9014052279,39.1329612114,38.2144558102,681300.0,38.3919820642
2013-05-23 00:00:00,38.3611079331,37.93658863,38.5926639166,37.6895955809,885200.0,38.3611079331
2013-05-24 00:00:00,38.0600851545,38.1218334168,38.2453299413,37.7281882449,797900.0,38.0600851545
2013-05-28 00:00:00,38.8087828345,38.6081009821,39.0017461541,38.5540712527,685300.0,38.8087828345
2013-05-29 00:00:00,38.2762040725,38.507760056,38.507760056,37.9597442284,404300.0,38.2762040725
2013-05-30 00:00:00,38.2530484741,38.3919820642,38.6081009821,38.0523666218,415700.0,38.2530484741
2013-05-31 00:00:00,37.8208106383,38.1063963512,38.4305747281,37.8130921055,458500.0,37.8208106383
2013-06-03 00:00:00,37.7281882449,37.7822179743,37.8902774333,36.6630307208,1196500.0,37.7281882449
2013-06-04 00:00:00,37.6432843842,37.8208106383,38.0292110234,37.3499801385,659700.0,37.6432843842
2013-06-05 00:00:00,37.1492982861,37.5197878597,37.6278473187,36.9717720321,673500.0,37.1492982861
2013-06-06 00:00:00,37.8362477038,37.0566758927,37.8362477038,37.0412388271,534500.0,37.8362477038
2013-06-07 00:00:00,37.8979959661,37.9983368923,38.1604260807,37.6741585154,745900.0,37.8979959661
2013-06-10 00:00:00,37.9751812939,38.0678036873,38.1681446135,37.5583805236,810900.0,37.9751812939
2013-06-11 00:00:00,37.759062376,37.4503210647,38.1913002119,37.2805133434,777000.0,37.759062376
2013-06-12 00:00:00,37.3808542696,38.0735246902,38.0735246902,37.2641120639,579100.0,37.3808542696
2013-06-13 00:00:00,38.0735246902,37.5754246125,38.2058325233,37.4664652205,604200.0,38.0735246902
2013-06-14 00:00:00,38.1747012685,38.1124387587,38.2992262879,37.9567824845,425300.0,38.1747012685
2013-06-17 00:00:00,38.5015794445,38.4626653759,38.8051091793,38.3147919153,726100.0,38.5015794445
2013-06-18 00:00:00,38.540493513,38.6338872776,38.8985029439,38.3692716113,1192900.0,38.540493513
2013-06-19 00:00:00,38.4470997485,38.6416700913,38.7973263656,38.3381403565,1059800.0,38.4470997485
2013-06-20 00:00:00,37.8400402787,38.1435700136,38.2213981507,37.7466465142,526500.0,37.8400402787
2013-06-21 00:00:00,37.8789543473,38.0112621805,38.0657418765,37.1473698582,942600.0,37.8789543473
2013-06-24 00:00:00,37.2251979953,37.5209449165,37.559858985,37.015062025,547300.0,37.2251979953
2013-06-25 00:00:00,37.341940201,37.6065558673,37.7077324456,36.9683651427,585700.0,37.341940201
2013-06-26 00:00:00,37.9023027885,37.7310808867,38.1902668959,37.396419897,680000.0,37.9023027885
2013-06-27 00:00:00,38.0735246902,38.1669184547,38.431534121,38.0346106216,533500.0,38.0735246902
2013-06-28 00:00:00,38.104655945,38.0657418765,38.540493513,37.9023027885,1195300.0,38.104655945
2013-07-01 00:00:00,38.6183216502,38.3459231702,39.1864670513,38.3459231702,799900.0,38.6183216502
2013-07-02 00:00:00,38.5638419542,38.6572357187,38.9841138947,38.377054425,975900.0,38.5638419542
2013-07-03 00:00:00,38.5093622582,38.4004028662,38.5716247679,38.3303575427,437000.0,38.5093622582
2013-07-05 00:00:00,38.8985029439,38.8595888753,38.9841138947,38.7350638559,466700.0,38.8985029439
2013-07-08 00:00:00,39.1008561005,39.1786842376,39.2253811199,38.7817607382,586100.0,39.1008561005
2013-07-09 00:00:00,39.2798608159,39.4199514627,39.4432999039,39.030810777,733600.0,39.2798608159
2013-07-10 00:00:00,39.1631186102,39.1864670513,39.3810373942,39.0385935907,1086900.0,39.1631186102
2013-07-11 00:00:00,40.229364089,39.6534358742,40.2682781576,37.7077324456,1689000.0,40.229364089
2013-07-12 00:00:00,40.6807672844,40.4317172456,40.9842970193,40.4317172456,1163500.0,40.6807672844
2013-07-15 00:00:00,40.7118985393,40.8986860684,41.2177814307,40.556242265,1067600.0,40.7118985393
2013-07-16 00:00:00,40.0737078147,40.8052923039,40.9142516959,39.8713546582,931700.0,40.0737078147
2013-07-17 00:00:00,40.2371469027,41.3578720776,41.9804971747,40.0892734422,2081600.0,40.2371469027
2013-07-18 00:00:00,40.9142516959,40.283843785,40.9453829507,39.9102687267,1248900.0,40.9142516959
2013-07-19 00:00:00,41.2177814307,41.2566954993,41.2956095679,40.6729844707,967100.0,41.2177814307
2013-07-22 00:00:00,41.427917401,41.3890033324,41.7470127633,41.2722611267,1201800.0,41.427917401
2013-07-23 00:00:00,41.0232110879,41.536876793,41.6614018124,40.9298173233,804700.0,41.0232110879
2013-07-24 00:00:00,41.4668314696,41.3033923816,41.6147049302,41.1399532936,854600.0,41.4668314696
2013-07-25 00:00:00,41.3033923816,41.3111751953,41.4434830284,41.101039225,815000.0,41.3033923816
2013-07-26 00:00:00,41.1710845484,41.0154282742,41.2022158033,40.5873735199,544500.0,41.1710845484
2013-07-29 00:00:00,41.3656548913,41.1710845484,41.4512658422,40.883120441,692800.0,41.3656548913
2013-07-30 00:00:00,41.7158815084,41.5757908616,41.7470127633,41.264478313,602400.0,41.7158815084
2013-07-31 00:00:00,41.863754969,41.7314471359,42.2606784684,41.7158815084,816800.0,41.863754969
2013-08-01 00:00:00,42.8677379382,42.3462894193,43.4203177119,42.2918097233,1513500.0,42.8677379382
2013-08-02 00:00:00,42.9222176342,42.844389497,42.953348889,42.4163347427,618200.0,42.9222176342
2013-08-05 00:00:00,42.7743441736,42.8132582422,42.9689145164,42.5019456936,621800.0,42.7743441736
2013-08-06 00:00:00,42.2528956547,42.7432129187,42.7821269873,42.081673753,539300.0,42.2528956547
2013-08-07 00:00:00,42.190633145,42.1205878216,42.2762440959,41.3967861462,721100.0,42.190633145
2013-08-08 00:00:00,42.6498191542,42.4163347427,42.9144348204,42.4163347427,524000.0,42.6498191542
2013-08-09 00:00:00,42.4319003702,42.5875566444,42.9300004479,42.1828503313,474200.0,42.4319003702
2013-08-12 00:00:00,42.5642082033,42.2840269096,42.5875566444,42.0583253119,293000.0,42.5642082033
2013-08-13 00:00:00,42.5797738307,42.7432129187,42.7821269873,42.2373300273,458800.0,42.5797738307
2013-08-14 00:00:00,42.6731675953,42.6498191542,42.8755207519,42.408551929,327300.0,42.6731675953
2013-08-15 00:00:00,41.1866501759,42.1205878216,42.1517190764,41.1321704799,614100.0,41.1866501759
2013-08-16 00:00:00,40.4939797553,41.1088220387,41.3890033324,40.4861969416,1569500.0,40.4939797553
2013-08-19 00:00:00,41.3345236364,40.4706313142,41.4590486559,40.2371469027,1004300.0,41.3345236364
2013-08-20 00:00:00,42.0427596844,41.4434830284,42.1750675176,41.2411298719,797100.0,42.0427596844
2013-08-21 00:00:00,41.8170580867,42.0116284296,42.0894565667,41.5835736753,565500.0,41.8170580867
2013-08-22 00:00:00,42.0972393804,42.0349768707,42.4007691153,41.863754969,603000.0,42.0972393804
2013-08-23 00:00:00,42.4785972524,42.3696378604,42.6031222719,41.7703612044,452500.0,42.4785972524
2013-08-26 00:00:00,42.3929863016,42.4785972524,42.8054754284,42.1828503313,434400.0,42.3929863016
2013-08-27 00:00:00,41.5757908616,41.9260174787,42.0738909393,41.482397097,437100.0,41.5757908616
2013-08-28 00:00:00,41.5991393027,41.5290939793,41.7236643222,41.2489126856,368700.0,41.5991393027
2013-08-29 00:00:00,41.6769674399,41.5057455382,42.1672847039,41.4512658422,318600.0,41.6769674399
2013-08-30 00:00:00,41.2800439404,41.7470127633,41.7781440182,41.0699079702,494600.0,41.2800439404
2013-09-03 00:00:00,41.046559529,41.8715377827,42.1283706353,40.3538891085,1036900.0,41.046559529
2013-09-04 00:00:00,41.2722611267,41.0699079702,41.318958009,40.828640745,580700.0,41.2722611267
2013-09-05 00:00:00,41.5602252342,41.4045689599,41.754795577,41.2489126856,600900.0,41.5602252342
2013-09-06 00:00:00,41.5991393027,41.8170580867,41.8871034102,40.992079833,364500.0,41.5991393027
2013-09-09 00:00:00,42.3307237919,41.700315881,42.3462894193,41.6069221164,561400.0,42.3307237919
2013-09-10 00:00:00,43.116787977,42.6731675953,43.3424895747,42.5330769484,856300.0,43.116787977
2013-09-11 00:00:00,42.898869193,43.2281368294,43.29869418,42.561761851,455700.0,42.898869193
2013-09-12 00:00:00,42.4912045004,42.773433903,43.0086250718,42.3814486216,547900.0,42.4912045004
2013-09-13 00:00:00,42.7655941973,42.6323192017,42.8047927255,42.2795324485,474500.0,42.7655941973
2013-09-16 00:00:00,47.3753411062,47.085271998,47.3910205175,44.5844059029,5278000.0,47.3753411062
2013-09-17 00:00:00,46.9990352361,47.2577455218,47.359661695,46.8030425954,1656200.0,46.9990352361
2013-09-18 00:00:00,47.9397999114,47.0617528812,48.0025175564,46.1053087946,1573400.0,47.9397999114
2013-09-19 00:00:00,46.6462484829,48.0260366733,48.0730749071,46.5521720154,1133400.0,46.6462484829
2013-09-20 00:00:00,46.2777823184,46.7089661279,47.0068749418,46.2464234959,1263800.0,46.2777823184
2013-09-23 00:00:00,45.9014764483,46.3483396691,46.3640190803,45.760361747,1189100.0,45.9014764483
2013-09-24 00:00:00,45.6819646907,45.7995602751,46.3326602578,45.0861470631,1205200.0,45.6819646907
2013-09-25 00:00:00,45.697644102,45.8544382145,46.0896293834,45.3526970544,814000.0,45.697644102
2013-09-26 00:00:00,46.3953779028,45.9406749764,46.5913705435,45.9406749764,537200.0,46.3953779028
2013-09-27 00:00:00,45.172383825,45.8387588033,45.9406749764,44.9215132449,1140600.0,45.172383825
2013-09-30 00:00:00,44.7568794267,44.6000853142,45.2037426475,43.9572294527,1518500.0,44.7568794267
2013-10-01 00:00:00,45.6427661626,44.7647191323,46.0269117383,44.7647191323,1562700.0,45.6427661626
2013-10-02 00:00:00,44.8431161886,45.36053676,45.3997352881,44.7255206042,1037700.0,44.8431161886
2013-10-03 00:00:00,44.6157647254,44.8509558942,44.9293529505,44.3178559116,790500.0,44.6157647254
2013-10-04 00:00:00,44.7803985436,44.7176808986,44.8823147167,44.3805735566,540800.0,44.7803985436
2013-10-07 00:00:00,44.5687264916,44.2159397384,44.7960779548,44.0826647427,811400.0,44.5687264916
2013-10-08 00:00:00,44.2394588553,44.3492147341,44.7176808986,43.972908864,1010500.0,44.2394588553
2013-10-09 00:00:00,44.1924206215,44.1218632709,44.4746500241,43.635801522,1209100.0,44.1924206215
2013-10-10 00:00:00,44.772558838,44.8039176605,45.2194220587,44.5138485523,878200.0,44.772558838
2013-10-11 00:00:00,45.1567044137,44.8117573661,45.1645441193,44.4746500241,696500.0,45.1567044137
2013-10-14 00:00:00,45.8779573314,44.6079250198,45.9328352708,44.5765661973,1367700.0,45.8779573314
2013-10-15 00:00:00,45.3762161713,47.0068749418,47.3518219894,45.1410250024,1562900.0,45.3762161713
2013-10-16 00:00:00,45.8622779202,45.760361747,45.9406749764,45.297819115,811800.0,45.8622779202
2013-10-17 00:00:00,47.759486682,45.9877132102,47.822204327,45.9485146821,1584700.0,47.759486682
2013-10-18 00:00:00,47.6105322751,48.0652352015,48.0652352015,47.1087911149,892400.0,47.6105322751
2013-10-21 00:00:00,47.7908455045,47.7516469764,47.8378837383,47.0382337643,1206200.0,47.7908455045
2013-10-22 00:00:00,48.284746959,47.6654102145,48.284746959,47.3518219894,878900.0,48.284746959
2013-10-23 00:00:00,47.7751660932,48.0652352015,48.284746959,47.4615778681,384000.0,47.7751660932
2013-10-24 00:00:00,48.3082660759,47.7830057989,48.3396248984,47.7830057989,439200.0,48.3082660759
2013-10-25 00:00:00,48.7708087079,48.4493807772,48.8648851754,47.822204327,537400.0,48.7708087079
2013-10-28 00:00:00,48.7629690023,48.8492057642,49.2098322231,48.496419011,614700.0,48.7629690023
2013-10-29 00:00:00,48.4023425434,49.0138395824,49.0138395824,47.8927616777,575600.0,48.4023425434
2013-10-30 00:00:00,48.4337013659,48.6924116516,48.9981601711,48.347464604,788500.0,48.4337013659
2013-10-31 00:00:00,48.8256866473,48.2690675478,49.2568704568,48.2612278421,630600.0,48.8256866473
2013-11-01 00:00:00,49.084396933,49.0059998767,49.1941528118,48.6061748897,428700.0,49.084396933
2013-11-04 00:00:00,50.3857880672,49.3666263356,50.4798645347,49.0451984049,1117900.0,50.3857880672
2013-11-05 00:00:00,47.5164558075,50.1741160152,50.2446733659,47.4145396344,1319700.0,47.5164558075
2013-11-06 00:00:00,47.7830057989,47.6889293313,48.347464604,47.634051392,588500.0,47.7830057989
2013-11-07 00:00:00,46.0817896777,48.0025175564,48.1514719634,46.0661102665,1209200.0,46.0817896777
2013-11-08 00:00:00,47.4615778681,46.1366676171,47.6575705088,46.0739499721,1138600.0,47.4615778681
2013-11-11 00:00:00,47.5634940413,47.5242955132,47.7359675651,47.3126234612,374700.0,47.5634940413
2013-11-12 00:00:00,47.0617528812,47.5634940413,47.5634940413,46.8735999461,728900.0,47.0617528812
2013-11-13 00:00:00,47.634051392,46.8500808292,47.6497308032,46.6697675998,430600.0,47.634051392
2013-11-14 00:00:00,47.7281278595,47.6262116863,47.8692425608,47.4694175738,361000.0,47.7281278595
2013-11-15 00:00:00,47.696769037,47.9633190283,48.0025175564,47.3439822837,878700.0,47.696769037
2013-11-18 00:00:00,48.3082660759,47.8927616777,48.4885793053,47.3361425781,873000.0,48.3082660759
2013-11-19 00:00:00,48.1671513746,48.3161057815,48.7551292967,48.0181969677,700700.0,48.1671513746
2013-11-20 00:00:00,47.8692425608,48.2377087253,48.3788234266,47.634051392,523600.0,47.8692425608
2013-11-21 00:00:00,49.3352675131,48.0652352015,49.4371836862,48.0025175564,878000.0,49.3352675131
2013-11-22 00:00:00,49.1157557555,49.5234204481,49.5234204481,48.5199381278,481600.0,49.1157557555
2013-11-25 00:00:00,47.7673263876,49.1549542837,50.0643601364,47.6654102145,997200.0,47.7673263876
2013-11-26 00:00:00,48.4258616603,47.8770822664,48.6375337123,47.7908455045,519700.0,48.4258616603
2013-11-27 00:00:00,48.2690675478,48.7864881192,48.7864881192,48.0260366733,445700.0,48.2690675478
2013-11-29 00:00:00,48.0260366733,48.3082660759,48.4415410716,48.0025175564,208800.0,48.0260366733
2013-12-02 00:00:00,48.1436322577,47.9946778508,48.684571946,47.6418910976,529900.0,48.1436322577
2013-12-03 00:00:00,47.1244705262,48.0025175564,48.1044337296,46.9911955305,1122300.0,47.1244705262
2013-12-04 00:00:00,47.884921972,47.0931117037,47.9397999114,46.9911955305,987100.0,47.884921972
2013-12-05 00:00:00,47.1558293487,47.6575705088,47.9241205002,46.7952028898,894200.0,47.1558293487
2013-12-06 00:00:00,47.8770822664,47.9084410889,47.9554793227,47.2028675824,654600.0,47.8770822664
2013-12-09 00:00:00,46.9363175911,48.0181969677,48.0809146127,46.8030425954,1149700.0,46.9363175911
2013-12-10 00:00:00,48.159311669,46.8108823011,48.7159307685,46.5208131929,1728900.0,48.159311669
2013-12-11 00:00:00,47.3753411062,48.3945028378,48.559136656,47.0931117037,932500.0,47.3753411062
2013-12-12 00:00:00,47.3283028725,47.4145396344,47.6654102145,47.1401499374,528100.0,47.3283028725
2013-12-13 00:00:00,48.159311669,48.2925866647,48.3866631322,47.3518219894,951200.0,48.159311669
2013-12-16 00:00:00,48.7394498854,48.159311669,49.0373586993,47.9868381452,958200.0,48.7394498854
2013-12-17 00:00:00,48.1279528465,48.747289591,48.7551292967,47.7673263876,710500.0,48.1279528465
2013-12-18 00:00:00,49.2568704568,48.5748160672,49.2647101624,47.9241205002,632800.0,49.2568704568
2013-12-19 00:00:00,48.7943278248,49.0310402819,49.2993144,48.3761358172,546400.0,48.7943278248
2013-12-20 00:00:00,48.833779901,48.9363552991,49.1257252648,48.7312045029,1121800.0,48.833779901
2013-12-23 00:00:00,49.1730677562,49.1178348495,49.3545473066,48.833779901,780000.0,49.1730677562
2013-12-24 00:00:00,49.6701639161,49.0862731886,49.8358626361,49.0310402819,234400.0,49.6701639161
2013-12-26 00:00:00,49.8200818056,49.9463284494,50.0252326018,49.4413418742,469400.0,49.8200818056
2013-12-27 00:00:00,49.733287238,49.8358626361,50.0567942627,49.6228214247,276500.0,49.733287238
2013-12-30 00:00:00,49.9226572037,49.6780543313,50.1041367541,49.3861089676,429000.0,49.9226572037
2013-12-31 00:00:00,49.9305476189,50.001561356,50.2224929827,49.7096159923,441000.0,49.9305476189
2014-01-02 00:00:00,49.9068763732,49.7096159923,50.3566300417,49.7096159923,634800.0,49.9068763732
2014-01-03 00:00:00,49.6859447466,49.7964105599,50.1909313217,49.5754789333,588100.0,49.6859447466
2014-01-06 00:00:00,49.1572869257,49.867424297,50.1041367541,49.1178348495,838800.0,49.1572869257
2014-01-07 00:00:00,50.1514792455,49.599150179,50.4434246093,49.5439172723,1149500.0,50.1514792455
2014-01-08 00:00:00,49.9463284494,50.1278079998,50.2777258893,49.2519719085,722300.0,49.9463284494
2014-01-09 00:00:00,50.033123017,49.9384380341,50.1041367541,49.1730677562,618600.0,50.033123017
2014-01-10 00:00:00,50.9641920149,50.1041367541,50.9720824302,49.8753147123,829400.0,50.9641920149
2014-01-13 00:00:00,50.9405207692,50.9720824302,51.3587127768,50.7353699731,1363200.0,50.9405207692
2014-01-14 00:00:00,51.6112060644,50.9247399388,51.7058910472,50.8063837102,861400.0,51.6112060644
2014-01-15 00:00:00,51.6743293863,51.6822198015,52.0451789024,51.5165210815,707300.0,51.6743293863
2014-01-16 00:00:00,51.5717539882,51.698000632,51.7216718777,51.398164853,365600.0,51.5717539882
2014-01-17 00:00:00,51.232466133,51.5244114968,51.6190964796,51.0430961673,516100.0,51.232466133
2014-01-21 00:00:00,51.7769047843,51.6822198015,51.8636993519,51.4218360987,598400.0,51.7769047843
2014-01-22 00:00:00,52.2345488681,51.8794801824,52.4712613252,51.7295622929,831800.0,52.2345488681
2014-01-23 00:00:00,51.5165210815,52.0925213938,52.13197347,51.2876990397,884700.0,51.5165210815
2014-01-24 00:00:00,49.3150952304,51.1693428111,51.1693428111,48.8890128076,1364900.0,49.3150952304
2014-01-27 00:00:00,49.0626019429,49.3387664761,49.7096159923,48.6365195201,1313000.0,49.0626019429
2014-01-28 00:00:00,49.7175064075,49.0389306971,49.8595338818,49.0152594514,723700.0,49.7175064075
2014-01-29 00:00:00,50.3724108722,49.3150952304,51.2166853025,49.0941636038,1171900.0,50.3724108722
2014-01-30 00:00:00,50.4828766855,51.1220003197,51.1693428111,50.1751504913,648300.0,50.4828766855
2014-01-31 00:00:00,50.9720824302,49.9226572037,51.4770690053,49.8121913904,948400.0,50.9720824302
2014-02-03 00:00:00,49.2046294171,50.9878632607,51.5480827425,48.8101086553,2232500.0,49.2046294171
2014-02-04 00:00:00,49.733287238,49.6386022551,50.001561356,48.6917524267,1184900.0,49.733287238
2014-02-05 00:00:00,49.6149310094,49.5596981028,49.8516434665,48.4076974782,1749900.0,49.6149310094
2014-02-06 00:00:00,49.8516434665,49.6386022551,50.2224929827,49.6386022551,675600.0,49.8516434665
2014-02-07 00:00:00,51.2955894549,50.1356984151,51.5086306663,50.0567942627,1066700.0,51.2955894549
2014-02-10 00:00:00,51.6901102167,51.3192607006,52.2424392833,51.3192607006,1617700.0,51.6901102167
2014-02-11 00:00:00,51.7216718777,51.7769047843,52.1240830548,51.2955894549,1589900.0,51.7216718777
2014-02-12 00:00:00,56.8583321969,55.730002818,56.9135651035,54.9725229553,3753700.0,56.8583321969
2014-02-13 00:00:00,56.2823318846,56.8109897055,57.0871542388,56.1166331646,1556700.0,56.2823318846
2014-02-14 00:00:00,57.2765242044,56.3375647913,57.4343325092,56.3060031303,903600.0,57.2765242044
2014-02-18 00:00:00,57.2528529587,57.6552641358,57.8446341015,57.0161405016,833700.0,57.2528529587
2014-02-19 00:00:00,56.8583321969,57.5369079073,57.7104970425,56.8188801207,1071300.0,56.8583321969
2014-02-20 00:00:00,57.0713734083,57.2055104673,57.5842503987,56.4164689436,844200.0,57.0713734083
2014-02-21 00:00:00,56.9845788407,57.260743374,57.4422229244,56.5584964179,744800.0,56.9845788407
2014-02-24 00:00:00,57.0398117473,57.1029350692,57.8209628558,56.9214555188,1070900.0,57.0398117473
2014-02-25 00:00:00,56.7557567988,57.2686337892,57.5132366615,56.661071816,722800.0,56.7557567988
2014-02-26 00:00:00,56.7557567988,56.929345934,57.2528529587,56.2902222998,794300.0,56.7557567988
2014-02-27 00:00:00,57.0161405016,56.7715376293,57.1502775606,56.5979484941,588300.0,57.0161405016
2014-02-28 00:00:00,57.5132366615,57.1187158997,57.8130724405,56.9135651035,717500.0,57.5132366615
2014-03-03 00:00:00,57.4895654158,57.5132366615,57.9077574234,56.7399759683,914300.0,57.4895654158
2014-03-04 00:00:00,58.6100043795,58.2864973548,58.8467168366,57.9708807453,842700.0,58.6100043795
2014-03-05 00:00:00,58.8703880823,58.9414018194,58.9414018194,58.1523602957,809500.0,58.8703880823
2014-03-06 00:00:00,58.5468810576,59.0203059718,59.2570184289,58.4679769052,574200.0,58.5468810576
2014-03-07 00:00:00,58.5547714728,58.8861689128,59.1702238613,58.262826109,568700.0,58.5547714728
2014-03-10 00:00:00,58.2707165243,58.6415660404,58.7835935147,57.8525245167,485100.0,58.2707165243
2014-03-11 00:00:00,57.4264420939,58.428524829,58.5311002271,57.2686337892,651800.0,57.4264420939
2014-03-12 00:00:00,57.1897296368,56.8009537278,57.5388345347,56.420112021,1057100.0,57.1897296368
2014-03-13 00:00:00,56.5153224477,57.3484136813,57.7451237926,56.1582833476,1074400.0,56.5153224477
2014-03-14 00:00:00,56.1900201565,56.3566384032,56.6978090989,55.4918103607,1371500.0,56.1900201565
2014-03-17 00:00:00,56.102743932,56.3645726054,56.59466447,55.7933100453,810600.0,56.102743932
2014-03-18 00:00:00,56.8882299523,56.174151752,57.0865850079,56.102743932,754600.0,56.8882299523
2014-03-19 00:00:00,56.3645726054,56.8802957501,56.8802957501,55.8567836631,1074100.0,56.3645726054
2014-03-20 00:00:00,57.1817954346,56.2534937743,57.2055980413,56.2534937743,1058100.0,57.1817954346
2014-03-21 00:00:00,57.2690716591,57.1024534124,57.4594925125,57.0310455923,1913400.0,57.2690716591
2014-03-24 00:00:00,56.2614279765,57.443624108,58.4195309817,56.0551387187,1264300.0,56.2614279765
2014-03-25 00:00:00,56.1265465387,56.5867302677,56.983440379,55.7774416408,934000.0,56.1265465387
2014-03-26 00:00:00,54.4603640715,56.3010989876,56.5549934588,54.4127588581,1053200.0,54.4603640715
2014-03-27 00:00:00,54.0160487469,54.2382064092,54.2382064092,53.2464311311,1620700.0,54.0160487469
2014-03-28 00:00:00,54.7142585427,54.2223380047,54.9602188116,53.9922461402,815000.0,54.7142585427
2014-03-31 00:00:00,55.8329810564,55.0712976428,55.9916651009,54.8015347671,988300.0,55.8329810564
2014-04-01 00:00:00,56.5311908522,55.9440598875,56.6581380878,55.9043888764,918500.0,56.5311908522
2014-04-02 00:00:00,57.3880846925,56.5153224477,57.5547029392,56.5153224477,1094400.0,57.3880846925
2014-04-03 00:00:00,57.0310455923,57.5547029392,57.7133869837,56.59466447,1204800.0,57.0310455923
2014-04-04 00:00:00,56.5787960655,57.4039530969,57.6737159725,56.3090331899,904200.0,56.5787960655
2014-04-07 00:00:00,54.3968904537,56.4518488299,56.4518488299,53.984311938,1061100.0,54.3968904537
2014-04-08 00:00:00,54.3413510381,54.2223380047,54.8729425872,53.5558650178,884000.0,54.3413510381
2014-04-09 00:00:00,54.9919556205,54.5952455093,55.007824025,54.230272207,628600.0,54.9919556205
2014-04-10 00:00:00,53.0401418732,55.0236924294,55.0633634406,52.889392031,1229400.0,53.0401418732
2014-04-11 00:00:00,52.6116949531,52.6275633575,53.0956812888,51.7786037195,1140200.0,52.6116949531
2014-04-14 00:00:00,53.5558650178,53.2622995355,54.0398513536,52.8735236265,1078800.0,53.5558650178
2014-04-15 00:00:00,53.6272728379,53.6352070401,53.9525751291,52.3895372908,1180100.0,53.6272728379
2014-04-16 00:00:00,53.4447861867,54.0081145447,54.2699432181,53.0877470866,1802900.0,53.4447861867
2014-04-17 00:00:00,53.2861021422,53.2861021422,53.7145490623,52.7624447954,1213000.0,53.2861021422
2014-04-21 00:00:00,54.1191933758,53.6193386356,54.3254826337,53.3813125689,912400.0,54.1191933758
2014-04-22 00:00:00,54.3413510381,54.301680027,54.7063243404,53.8176936913,879600.0,54.3413510381
2014-04-23 00:00:00,53.5161940067,54.7459953516,54.7459953516,53.2702337377,1203400.0,53.5161940067
2014-04-24 00:00:00,52.9925366599,53.809759489,53.8970357135,52.4847477175,1108800.0,52.9925366599
2014-04-25 00:00:00,52.6751685709,52.786247402,52.8655894243,52.4926819197,766400.0,52.6751685709
2014-04-28 00:00:00,52.0166297862,52.9052604354,53.103615491,51.5723144616,1060800.0,52.0166297862
2014-04-29 00:00:00,51.7944721239,52.0245639884,52.254655853,51.5723144616,1372900.0,51.7944721239
2014-04-30 00:00:00,52.8655894243,51.8103405284,52.9846024577,51.5802486639,1478300.0,52.8655894243
2014-05-01 00:00:00,52.572023942,52.7624447954,53.2702337377,52.3498662797,1725800.0,52.572023942
2014-05-02 00:00:00,52.6831027731,52.572023942,53.1115496933,52.3736688863,961400.0,52.6831027731
2014-05-05 00:00:00,52.9449314465,52.6116949531,53.5241282089,52.5402871331,913100.0,52.9449314465
2014-05-06 00:00:00,52.6989711776,52.7545105931,53.0084050643,52.5244187286,629400.0,52.6989711776
2014-05-07 00:00:00,53.1194838955,52.9528656488,53.1591549066,52.3101952685,724900.0,53.1194838955
2014-05-08 00:00:00,52.9687340532,53.0480760755,53.9525751291,52.8655894243,753700.0,52.9687340532
2014-05-09 00:00:00,52.5878923464,52.8497210198,53.1908917155,52.4054056952,945000.0,52.5878923464
2014-05-12 00:00:00,53.9287725224,52.8021158065,54.0477855558,52.7624447954,1055300.0,53.9287725224
2014-05-13 00:00:00,53.3892467711,53.9287725224,54.3254826337,53.3337073555,765300.0,53.3892467711
2014-05-14 00:00:00,53.2702337377,53.4447861867,53.7542200735,53.103615491,526800.0,53.2702337377
2014-05-15 00:00:00,52.9449314465,53.4368519845,53.6590096468,52.5085503242,940300.0,52.9449314465
2014-05-16 00:00:00,53.5161940067,52.8973262332,53.5479308156,52.6513659642,889500.0,53.5161940067
2014-05-19 00:00:00,53.7145490623,53.34957576,54.2620090159,53.1670891088,900800.0,53.7145490623
2014-05-20 00:00:00,53.42098358,53.5558650178,53.7145490623,53.2305627266,935400.0,53.42098358
2014-05-21 00:00:00,53.5637992201,53.7145490623,53.9763777358,53.3971809733,547000.0,53.5637992201
2014-05-22 00:00:00,53.3099047489,53.595536029,53.8732331068,53.2940363444,705000.0,53.3099047489
2014-05-23 00:00:00,53.595536029,53.4051151756,53.6352070401,53.20676012,585700.0,53.595536029
2014-05-27 00:00:00,53.7700884779,53.7621542757,54.0160487469,53.4844571978,744300.0,53.7700884779
2014-05-28 00:00:00,53.9367067246,53.8335620957,54.0715881625,53.4289177822,667600.0,53.9367067246
2014-05-29 00:00:00,54.6031797115,54.2382064092,54.6349165204,54.0636539602,598800.0,54.6031797115
2014-05-30 00:00:00,54.8729425872,54.6507849249,55.2775869006,54.5793771049,1417600.0,54.8729425872
2014-06-02 00:00:00,55.7615732364,55.0395608339,55.8329810564,54.8253373738,953200.0,55.7615732364
2014-06-03 00:00:00,55.7774416408,55.6504944052,55.8647178653,55.3093237095,742300.0,55.7774416408
2014-06-04 00:00:00,55.3569289229,55.571152383,56.3725068077,55.1823764739,855000.0,55.3569289229
2014-06-05 00:00:00,56.102743932,55.5790865852,56.1186123365,55.2299816873,447600.0,56.102743932
2014-06-06 00:00:00,56.3010989876,56.1900201565,56.5311908522,56.1186123365,526900.0,56.3010989876
2014-06-09 00:00:00,56.6343354811,56.6422696833,57.0151771879,56.3566384032,533300.0,56.6343354811
2014-06-10 00:00:00,56.3566384032,56.5549934588,56.8564931434,56.0868755276,549200.0,56.3566384032
2014-06-11 00:00:00,56.3169673921,55.9100298266,56.4446340793,55.8382173151,662400.0,56.3169673921
2014-06-12 00:00:00,55.7983214753,56.3169673921,56.5324049268,55.5429881009,531200.0,55.7983214753
2014-06-13 00:00:00,55.7424672997,55.7584256356,56.0456756818,55.4552172535,385300.0,55.7424672997
2014-06-16 00:00:00,55.6148006125,55.7185297958,56.1015298574,55.4552172535,457600.0,55.6148006125
2014-06-17 00:00:00,56.1254673613,55.5908631086,56.3967590716,54.888696329,668100.0,56.1254673613
2014-06-18 00:00:00,56.0775923536,56.2850507203,56.4206965754,55.4951130932,578000.0,56.0775923536
2014-06-19 00:00:00,56.6121966063,56.3808007357,56.8276341409,56.3409048959,439500.0,56.6121966063
2014-06-20 00:00:00,57.1468008589,56.7877383012,57.2345717064,56.3409048959,1038600.0,57.1468008589
2014-06-23 00:00:00,56.8036966371,57.138821691,57.138821691,56.5324049268,447800.0,56.8036966371
2014-06-24 00:00:00,56.0456756818,56.5723007665,57.3223425538,56.0297173459,538100.0,56.0456756818
2014-06-25 00:00:00,56.5324049268,56.0456756818,56.5802799345,55.9100298266,442600.0,56.5324049268
2014-06-26 00:00:00,56.6042174383,56.7079466217,56.7079466217,55.9499256664,464300.0,56.6042174383
2014-06-27 00:00:00,56.8036966371,56.6361341101,57.1148841871,56.332925728,714900.0,56.8036966371
2014-06-30 00:00:00,57.0430716756,57.0590300115,57.2026550346,56.6919882858,603700.0,57.0430716756
2014-07-01 00:00:00,57.6415092718,57.2505300423,58.1043010129,57.1787175307,1140000.0,57.6415092718
2014-07-02 00:00:00,56.6042174383,57.450009241,57.7133217834,56.4127174075,811500.0,56.6042174383
2014-07-03 00:00:00,56.5962382704,56.5563424306,56.971259164,56.4526132472,504300.0,56.5962382704
2014-07-07 00:00:00,55.5509672689,56.5882591024,56.652092446,55.3036130624,736800.0,55.5509672689
2014-07-08 00:00:00,55.056258856,55.367446406,55.375425574,54.9126338329,697100.0,55.056258856
2014-07-09 00:00:00,55.1041338637,55.2318005509,55.3275505663,54.7610296418,482000.0,55.1041338637
2014-07-10 00:00:00,54.3939879161,54.5136754354,54.5455921072,54.1067378699,920400.0,54.3939879161
2014-07-11 00:00:00,54.6971962982,54.3540920764,54.8807171611,54.2822795648,464300.0,54.6971962982
2014-07-14 00:00:00,54.9206130008,54.9764671765,55.0403005201,54.41792542,544900.0,54.9206130008
2014-07-15 00:00:00,54.250362893,54.6652796264,55.3435089022,54.2344045571,793700.0,54.250362893
2014-07-16 00:00:00,53.6279877929,54.4817587636,54.4817587636,53.3327585787,1180700.0,53.6279877929
2014-07-17 00:00:00,52.9896543569,53.4205294262,54.3461129084,52.9018835094,1316400.0,52.9896543569
2014-07-18 00:00:00,53.9950295186,53.284883571,54.4498420918,53.2370085633,1454400.0,53.9950295186
2014-07-21 00:00:00,52.8220918299,53.5083002736,53.5880919531,52.654529303,2219500.0,52.8220918299
2014-07-22 00:00:00,52.3752584247,54.258342061,55.2477588868,51.8645916759,2873400.0,52.3752584247
2014-07-23 00:00:00,53.0933835402,52.8699668376,53.1811543877,52.4789876081,2235200.0,53.0933835402
2014-07-24 00:00:00,55.1440297034,53.3965919223,56.2212173767,53.3806335864,2749700.0,55.1440297034
2014-07-25 00:00:00,54.0828003661,54.9285921688,55.056258856,54.0429045263,895400.0,54.0828003661
2014-07-28 00:00:00,53.6998003045,54.1386545417,54.1386545417,53.1093418761,804600.0,53.6998003045
2014-07-29 00:00:00,53.4045710903,53.7157586404,53.771612816,53.2609460672,1040300.0,53.4045710903
2014-07-30 00:00:00,53.6998003045,53.7556544801,54.6333629546,53.604050289,1036000.0,53.6998003045
2014-07-31 00:00:00,52.7901751581,53.13327938,53.284883571,52.4151542645,977100.0,52.7901751581
2014-08-01 00:00:00,53.0534877005,52.806133494,53.4045710903,52.4311126004,1142500.0,53.0534877005
2014-08-04 00:00:00,53.771612816,53.3168002428,53.8992795032,52.9178418453,1003100.0,53.771612816
2014-08-05 00:00:00,52.9896543569,53.2609460672,53.5880919531,52.7502793184,623600.0,52.9896543569
2014-08-06 00:00:00,53.1492377159,52.7502793184,53.5242586095,52.4630292722,491200.0,53.1492377159
2014-08-07 00:00:00,52.8699668376,53.3566960826,53.452446098,52.5587792876,477000.0,52.8699668376
2014-08-08 00:00:00,53.1811543877,52.9896543569,53.1891335556,52.494945944,463200.0,53.1811543877
2014-08-11 00:00:00,53.0455085325,53.3886127544,53.4285085941,52.7343209825,615200.0,53.0455085325
2014-08-12 00:00:00,52.5348417837,52.8540085017,53.0056126928,52.1279042183,752400.0,52.5348417837
2014-08-13 00:00:00,51.1704040643,52.3832375927,52.5348417837,50.6038831398,1760700.0,51.1704040643
2014-08-14 00:00:00,52.335362585,51.2900915835,52.4630292722,51.2900915835,1100600.0,52.335362585
2014-08-15 00:00:00,52.5587792876,52.7263418145,52.7263418145,51.7847999964,994400.0,52.5587792876
2014-08-18 00:00:00,52.8939043415,52.7981543261,53.0455085325,52.646550135,658200.0,52.8939043415
2014-08-19 00:00:00,52.7582584863,52.6944251427,53.3487169146,52.5348417837,909000.0,52.7582584863
2014-08-20 00:00:00,52.4231334324,52.7821959902,52.9178418453,52.2795084093,1035900.0,52.4231334324
2014-08-21 00:00:00,53.0534877005,52.5029251119,53.1013627082,52.335362585,738600.0,53.0534877005
2014-08-22 00:00:00,53.0295501966,53.0295501966,53.3327585787,52.7821959902,1291800.0,53.0295501966
2014-08-25 00:00:00,53.2689252351,53.2769044031,53.3327585787,52.9417793492,761700.0,53.2689252351
2014-08-26 00:00:00,53.5162794416,53.2529668992,53.6599044647,53.1492377159,555600.0,53.5162794416
2014-08-27 00:00:00,53.6519252968,53.6838419686,53.8673628314,53.5162794416,503000.0,53.6519252968
2014-08-28 00:00:00,53.6200086249,53.3965919223,53.7636336481,53.284883571,329100.0,53.6200086249
2014-08-29 00:00:00,54.250362893,53.779591984,54.3141962366,53.4843627698,491600.0,54.250362893
2014-09-02 00:00:00,54.8408213213,54.4578212597,55.3514880701,54.3381337405,997700.0,54.8408213213
2014-09-03 00:00:00,55.6068214445,54.9844463444,55.6227797804,54.8567796572,1144400.0,55.6068214445
2014-09-04 00:00:00,56.0855715215,55.854175651,56.3488840639,55.6307589484,1779000.0,56.0855715215
2014-09-05 00:00:00,56.2132382087,56.0696131856,56.2132382087,55.4552172535,535000.0,56.2132382087
2014-09-08 00:00:00,55.9339673305,56.2291965446,56.6042174383,55.7504464676,591400.0,55.9339673305
2014-09-09 00:00:00,55.2318005509,55.7424672997,56.173342369,55.1919047111,1228300.0,55.2318005509
2014-09-10 00:00:00,54.8248629854,55.3993630778,55.5669256048,54.3221754046,633600.0,54.8248629854
2014-09-11 00:00:00,55.6307589484,54.7158849553,56.0881959449,54.4510530099,1095800.0,55.6307589484
2014-09-12 00:00:00,54.3547504843,55.7431118949,55.7431118949,54.2423975378,763100.0,54.3547504843
2014-09-15 00:00:00,54.0417672762,54.4751286413,54.5232799041,53.6565571738,812300.0,54.0417672762
2014-09-16 00:00:00,53.5602546482,53.9374395401,54.0257168552,53.4318512808,1093100.0,53.5602546482
2014-09-17 00:00:00,52.5892041819,53.5201285959,53.5522294378,52.0996663435,1502300.0,52.5892041819
2014-09-18 00:00:00,52.4608008144,53.022565547,53.022565547,52.2842461842,668200.0,52.4608008144
2014-09-19 00:00:00,52.4848764458,52.4688260249,52.7737840226,52.1718932377,1216800.0,52.4848764458
2014-09-22 00:00:00,52.2200445005,52.5410529191,53.0707168098,52.1799184481,869882.0,52.2200445005
2014-09-23 00:00:00,51.6342041365,52.3243722365,52.4126495516,51.5940780841,877113.0,51.6342041365
2014-09-24 00:00:00,51.5539520318,51.8348343981,51.8749604504,51.0644141934,1867701.0,51.5539520318
2014-09-25 00:00:00,50.7594561957,51.2008427713,51.5218511899,50.6430906439,773053.0,50.7594561957
2014-09-26 00:00:00,52.0033638179,51.2088679818,52.0475024754,51.1045402457,1379157.0,52.0033638179
2014-09-29 00:00:00,52.0515150807,51.7064310306,52.3805487098,51.3814100068,867831.0,52.0515150807
2014-09-30 00:00:00,51.2168931922,51.9231117132,52.0105865073,51.1928175608,674480.0,51.2168931922
2014-10-01 00:00:00,50.4946242503,51.1205906666,51.1205906666,50.3260948305,1376846.0,50.4946242503
2014-10-02 00:00:00,49.9970612014,50.4223973561,50.4865990399,49.7402544665,1311980.0,49.9970612014
2014-10-03 00:00:00,51.1767671399,50.4304225666,51.3452965597,50.3100444096,1499346.0,51.1767671399
2014-10-06 00:00:00,50.6069771968,51.4415990853,51.5619772423,50.2980065939,1407185.0,50.6069771968
2014-10-07 00:00:00,50.2618931468,50.5668511445,51.1526915085,50.2618931468,1111841.0,50.2618931468
2014-10-08 00:00:00,51.1366410876,50.3902965143,51.2008427713,49.6921032038,1112555.0,51.1366410876
2014-10-09 00:00:00,49.7402544665,51.2168931922,51.2168931922,49.643951941,1579953.0,49.7402544665
2014-10-10 00:00:00,48.7611787897,49.8285317817,50.2614918863,48.7371031583,1545226.0,48.7611787897
2014-10-13 00:00:00,47.2042879594,48.6889518955,48.8534687101,47.180212328,1364185.0,47.2042879594
2014-10-14 00:00:00,47.0357585396,47.4129434315,47.7018510083,46.7468509628,1676095.0,47.0357585396
2014-10-15 00:00:00,47.886430849,46.5141198593,47.9666829536,45.7918509174,3143820.0,47.886430849
2014-10-16 00:00:00,49.9408847282,47.9827333746,50.1013889375,47.7901283234,2302498.0,49.9408847282
2014-10-17 00:00:00,50.0371872538,49.989035991,51.0644141934,49.7563048875,1918457.0,50.0371872538
2014-10-20 00:00:00,50.6310528282,50.0532376747,50.7273553538,49.7803805189,1790693.0,50.6310528282
2014-10-21 00:00:00,55.4782799495,50.9360108259,55.6949606321,50.1655906212,4585744.0,55.4782799495
2014-10-22 00:00:00,54.073868118,55.8073135786,56.0801707345,53.9374395401,2201490.0,54.073868118
2014-10-23 00:00:00,55.7511371054,54.7078597448,56.3851287322,54.6918093239,1554820.0,55.7511371054
2014-10-24 00:00:00,55.9196665252,55.6548345798,55.9597925775,54.7239101658,973619.0,55.9196665252
2014-10-27 00:00:00,55.2937001088,55.5103807914,55.5103807914,54.4992042727,928917.0,55.2937001088
2014-10-28 00:00:00,56.5536581519,55.5023555809,56.5937842043,55.3258009507,758474.0,56.5536581519
2014-10-29 00:00:00,56.072145524,56.4894564682,56.8345405182,55.3498765821,741705.0,56.072145524
2014-10-30 00:00:00,57.0351707799,55.8955908938,57.9660951939,55.5745824751,1946512.0,57.0351707799
2014-10-31 00:00:00,57.8457170369,57.829666616,57.9821456148,57.2037001997,838622.0,57.8457170369
2014-11-03 00:00:00,57.5969355125,57.9179439311,58.1025237718,57.3321035671,798624.0,57.5969355125
2014-11-04 00:00:00,58.07042293,57.4926077764,58.4235321905,57.1154228845,1387461.0,58.07042293
2014-11-05 00:00:00,58.0623977195,58.6482380835,58.656263294,57.7333640904,869486.0,58.0623977195
2014-11-06 00:00:00,57.9821456148,58.2148767183,58.5840363998,57.5568094602,732796.0,57.9821456148
2014-11-07 00:00:00,58.5037842951,58.2630279811,58.7365153986,57.950044773,674614.0,58.5037842951
2014-11-10 00:00:00,59.1618515533,58.640212873,59.1859271847,58.3513052963,638378.0,59.1618515533
2014-11-11 00:00:00,58.3914313486,59.121725501,59.1779019742,58.2469775602,577327.0,58.3914313486
2014-11-12 00:00:00,58.6883641358,58.2068515079,58.8247927137,57.9821456148,469135.0,58.6883641358
2014-11-13 00:00:00,58.4636582428,58.5760111893,58.7284901882,58.190801087,535466.0,58.4636582428
2014-11-14 00:00:00,58.0142464567,58.3432800858,58.6161372416,57.8295863639,550415.0,58.0142464567
2014-11-17 00:00:00,58.4315574009,57.7012632485,58.5760111893,57.7012632485,493121.0,58.4315574009
2014-11-18 00:00:00,59.0655490277,58.3753809277,59.226053237,58.2309271393,693271.0,59.0655490277
2014-11-19 00:00:00,58.6241624521,58.6803389254,59.1538263428,57.9259691416,989767.0,58.6241624521
2014-11-20 00:00:00,58.5037842951,58.1506750346,58.6642885044,57.9901708253,669225.0,58.5037842951
2014-11-21 00:00:00,58.5679859788,59.4026078673,59.4186582882,58.1667254556,623207.0,58.5679859788
2014-11-24 00:00:00,59.2742044998,58.5679859788,59.2742044998,58.5439103474,706970.0,59.2742044998
2014-11-25 00:00:00,59.6353389708,59.3865574463,59.9242465475,59.001347344,529981.0,59.6353389708
2014-11-26 00:00:00,59.1698767638,59.7637423382,59.7637423382,58.6723137149,476628.0,59.1698767638
2014-11-28 00:00:00,59.6112633394,59.2100028161,59.6674398126,58.8488683451,301476.0,59.6112633394
2014-12-01 00:00:00,58.7686162405,59.587187708,59.587187708,58.7686162405,509605.0,58.7686162405
2014-12-02 00:00:00,60.0847507569,58.7525658196,60.1008011778,58.5840363998,585490.0,60.0847507569
2014-12-03 00:00:00,61.465086957,60.0125238627,61.6336163767,59.9162213371,1003007.0,61.465086957
2014-12-04 00:00:00,62.4200870024,61.6015155349,62.9979021559,61.5373138512,1794351.0,62.4200870024
2014-12-05 00:00:00,62.6046668431,62.4281122129,62.8133223152,62.2515575826,962012.0,62.6046668431
2014-12-08 00:00:00,62.1632802675,62.6046668431,62.8373979466,61.8743726907,998871.0,62.1632802675
2014-12-09 00:00:00,61.4089104837,61.1200029069,61.4731121674,60.8230701197,1103843.0,61.4089104837
2014-12-10 00:00:00,61.1601289593,61.4089104837,62.0830281628,60.9997050021,670951.0,61.1601289593
2014-12-11 00:00:00,61.7299189023,61.465086957,62.275633214,61.3206331686,468442.0,61.7299189023
2014-12-12 00:00:00,60.983574329,61.2082802221,61.7138684814,60.9354230662,905820.0,60.983574329
2014-12-15 00:00:00,61.1119776965,61.4008852732,61.9546247954,60.6705911209,651328.0,61.1119776965
2014-12-16 00:00:00,61.4329861151,61.0959272755,62.3879861605,60.5903390162,970028.0,61.4329861151
2014-12-17 00:00:00,62.8775239989,61.5788349208,63.0065862676,61.2158472903,743010.0,62.8775239989
2014-12-18 00:00:00,63.9826196741,63.6760967861,63.9987524577,63.2647108048,891650.0,63.9826196741
2014-12-19 00:00:00,64.0874827674,64.0310180248,64.3214081292,63.7244951368,1224471.0,64.0874827674
2014-12-22 00:00:00,64.2810761703,64.1600802935,64.4907216929,64.022951633,534501.0,64.2810761703
2014-12-23 00:00:00,63.7325615286,64.5311343158,64.6440638008,63.3292419391,930684.0,63.7325615286
2014-12-24 00:00:00,63.6438312189,63.8132254465,64.1197483345,63.5873664764,303731.0,63.6438312189
2014-12-26 00:00:00,63.8454910137,63.869690189,64.0794163756,63.6115656518,379075.0,63.8454910137
2014-12-29 00:00:00,63.8132254465,63.7728934876,64.216545036,63.6680303943,277518.0,63.8132254465
2014-12-30 00:00:00,63.6760967861,63.9826196741,64.0955491591,63.6196320436,305891.0,63.6760967861
2014-12-31 00:00:00,62.9581879168,64.0471508084,64.0471508084,62.9259223497,490713.0,62.9581879168
2015-01-02 00:00:00,63.1517813198,63.5067025585,63.7406279204,62.4258060587,469468.0,63.1517813198
2015-01-05 00:00:00,62.5710011109,62.7484617303,62.9985198758,62.0265196651,591999.0,62.5710011109
2015-01-06 00:00:00,61.9982872939,62.5629347191,62.8855903907,61.5360830443,829987.0,61.9982872939
2015-01-07 00:00:00,61.9337561596,62.2483454394,62.6355322452,61.264245641,518723.0,61.9337561596
2015-01-08 00:00:00,63.4986361667,62.643598637,63.6841631779,62.5629347191,1067969.0,63.4986361667
2015-01-09 00:00:00,63.3695738981,63.2647108048,63.8212918383,63.1114493608,518211.0,63.3695738981
2015-01-12 00:00:00,63.6115656518,63.4018394652,63.8132254465,63.0065862676,617096.0,63.6115656518
2015-01-13 00:00:00,63.5712336928,64.0390844166,65.019151019,63.1679141034,776910.0,63.5712336928
2015-01-14 00:00:00,63.563167301,62.9339887415,63.9584204987,62.7242625549,751350.0,63.563167301
2015-01-15 00:00:00,63.7486943122,63.8858229726,64.5714662747,63.3211755474,1157732.0,63.7486943122
2015-01-16 00:00:00,64.829590812,63.4018394652,64.9183211217,63.3453747227,831383.0,64.829590812
2015-01-20 00:00:00,65.5233005059,65.4265038044,65.862088961,64.7085949351,693490.0,65.5233005059
2015-01-21 00:00:00,66.0476159722,65.2248440097,66.2250765916,65.0877153492,765114.0,66.0476159722
2015-01-22 00:00:00,66.5719314385,65.90242092,66.5880642221,65.3943189012,715268.0,66.5719314385
2015-01-23 00:00:00,64.5795326665,66.5396658714,66.6525953564,64.5069351404,912659.0,64.5795326665
2015-01-26 00:00:00,65.7894914349,66.0718151476,66.6445289646,65.0312506067,1384741.0,65.7894914349
2015-01-27 00:00:00,61.570768529,59.6993656339,62.1515487379,58.9088592385,5057700.0,61.570768529
2015-01-28 00:00:00,61.7804947156,62.0386192528,63.8051590547,61.7441959525,2019499.0,61.7804947156
2015-01-29 00:00:00,61.6514324469,61.4739718276,61.7078971895,60.4011417196,1096787.0,61.6514324469
2015-01-30 00:00:00,61.1835817231,61.2561792492,61.7885611074,60.7560629583,843930.0,61.1835817231
2015-02-02 00:00:00,60.7721957419,61.2723120328,61.7078971895,59.925224604,1105386.0,60.7721957419
2015-02-03 00:00:00,61.1997145067,60.9012580105,61.570768529,60.822207371,1103250.0,61.1997145067
2015-02-04 00:00:00,61.6514324469,60.9899883202,62.07088482,60.8770588351,930093.0,61.6514324469
2015-02-05 00:00:00,62.5629347191,62.0950839954,62.6677978124,61.8530922417,992249.0,62.5629347191
2015-02-06 00:00:00,62.7323289467,62.5387355438,62.8855903907,62.3935404916,774605.0,62.7323289467
2015-02-09 00:00:00,62.5064699766,62.5629347191,62.8291256482,62.2402790476,508123.0,62.5064699766
2015-02-10 00:00:00,63.6680303943,62.9097895661,63.7890262711,62.5258293169,592800.0,63.6680303943
2015-02-11 00:00:00,63.8938893644,63.5954328682,64.1842794688,63.4341050324,644207.0,63.8938893644
2015-02-12 00:00:00,65.3619726701,64.676329368,65.7894914349,63.9745532823,1644888.0,65.3619726701
2015-02-13 00:00:00,66.8623215429,65.6442963827,66.8945871101,65.5716988566,945376.0,66.8623215429
2015-02-17 00:00:00,66.321873293,66.628396181,66.9429854608,66.2250765916,692643.0,66.321873293
2015-02-18 00:00:00,67.4592345354,66.3299396848,67.5156992779,65.8378897857,654417.0,67.4592345354
2015-02-19 00:00:00,66.9913838116,67.4511681436,67.6689607219,66.7009937071,839411.0,66.9913838116
2015-02-20 00:00:00,67.4915001025,66.9591182444,67.5156992779,65.9669520543,984019.0,67.4915001025
2015-02-23 00:00:00,67.9512844345,66.7977904086,68.467533509,66.2412900391,1708675.0,67.9512844345
2015-02-24 00:00:00,66.8623215429,67.5802304122,67.5802304122,66.3823712315,852732.0,66.8623215429
2015-02-25 00:00:00,66.2250765916,66.6606617482,66.7574584497,65.8782217446,586238.0,66.2250765916
2015-02-26 00:00:00,66.7171264907,66.4267363863,67.0680145336,66.2412093751,932355.0,66.7171264907
2015-02-27 00:00:00,66.8381223676,67.8706205166,67.9996827852,66.7348725527,792252.0,66.8381223676
2015-03-02 00:00:00,66.9994502034,66.7493920579,67.1527116474,65.8862881364,876484.0,66.9994502034
2015-03-03 00:00:00,65.749159476,66.7897240168,66.8542551511,65.4345701962,647030.0,65.749159476
2015-03-04 00:00:00,64.7650596777,65.6362299909,65.6362299909,64.0473928002,558386.0,64.7650596777
2015-03-05 00:00:00,63.7890262711,64.6279310172,64.8699227709,63.1598477116,996850.0,63.7890262711
2015-03-06 00:00:00,62.7807272975,63.3937730735,63.4179722488,62.1273495625,1130438.0,62.7807272975
2015-03-09 00:00:00,63.103382969,63.2324452377,63.6599640025,62.683930596,622304.0,63.103382969
2015-03-10 00:00:00,62.7807272975,62.7726609057,63.3050427638,62.1515487379,785222.0,62.7807272975
2015-03-11 00:00:00,63.0065862676,62.8522380031,63.3680861501,62.6978897387,801463.0,63.0065862676
2015-03-12 00:00:00,64.6475520265,63.3721479465,64.7531587337,63.0228334533,791033.0,64.6475520265
2015-03-13 00:00:00,63.7458332184,64.4282150191,64.615057655,63.2584176464,771450.0,63.7458332184
2015-03-16 00:00:00,63.583361361,64.1438892688,64.4607093906,63.0228334533,978068.0,63.583361361
2015-03-17 00:00:00,63.3477771679,63.4777546538,64.0220353758,62.7141369244,737263.0,63.3477771679
2015-03-18 00:00:00,64.7125407694,63.3477771679,64.9400013696,63.039080639,767141.0,64.7125407694
2015-03-19 00:00:00,64.2088780117,64.5013273549,64.7937766981,63.6808444754,485081.0,64.2088780117
2015-03-20 00:00:00,65.6873719133,64.4282150191,65.8092258063,63.94892304,1406096.0,65.6873719133
2015-03-23 00:00:00,64.1276420831,65.9148325135,66.0041920351,64.0951477116,827036.0,64.1276420831
2015-03-24 00:00:00,63.9732938186,63.8433163327,64.4444622048,63.5914849539,569519.0,63.9732938186
2015-03-25 00:00:00,62.2917100954,64.0220353758,64.1438892688,62.1536090166,761897.0,62.2917100954
2015-03-26 00:00:00,62.8278672245,62.2185977596,62.9659683032,61.7474293734,511255.0,62.8278672245
2015-03-27 00:00:00,63.1934289035,62.5435414742,63.2665412393,62.3566988383,665093.0,63.1934289035
2015-03-30 00:00:00,64.0545297473,63.4452602823,64.2657431618,63.3396535751,758315.0,64.0545297473
2015-03-31 00:00:00,63.5183726181,63.5427433967,63.9814174115,63.3640243537,784737.0,63.5183726181
2015-04-01 00:00:00,62.3810696169,63.2584176464,63.3315299822,61.828665302,854555.0,62.3810696169
2015-04-02 00:00:00,61.9342720093,62.4460583598,62.8197436316,61.6012047018,897504.0,61.9342720093
2015-04-06 00:00:00,62.7466312959,61.6580698518,62.8766087817,61.5524631446,608434.0,62.7466312959
2015-04-07 00:00:00,62.1698562024,62.6491481815,62.8116200388,62.1308629566,544813.0,62.1698562024
2015-04-08 00:00:00,63.6402265111,62.1698562024,63.6402265111,61.7636765591,740612.0,63.6402265111
2015-04-09 00:00:00,63.5914849539,63.4696310609,64.1195184902,63.3965187251,759629.0,63.5914849539
2015-04-10 00:00:00,63.9732938186,63.4452602823,64.0789005259,63.2909120179,586583.0,63.9732938186
2015-04-13 00:00:00,63.770203997,64.1357656759,64.1601364545,63.648350104,378657.0,63.770203997
2015-04-14 00:00:00,62.4704291384,63.7620804041,63.8205702727,61.9992607522,774566.0,62.4704291384
2015-04-15 00:00:00,62.2429685382,62.6004066243,63.0309570462,62.2104741667,801128.0,62.2429685382
2015-04-16 00:00:00,62.6816425529,61.9180248235,62.8197436316,61.8367888949,937428.0,62.6816425529
2015-04-17 00:00:00,62.3566988383,62.3566988383,62.494799917,61.950519195,712598.0,62.3566988383
2015-04-20 00:00:00,62.5679122528,62.6004066243,62.7953728531,62.0642494951,1059528.0,62.5679122528
2015-04-21 00:00:00,56.0690379601,58.8798010917,58.8798010917,55.589745981,6232327.0,56.0690379601
2015-04-22 00:00:00,57.4175543759,57.0682398826,59.0585201348,56.3047033892,5080046.0,57.4175543759
2015-04-23 00:00:00,56.8976444324,57.0519926969,57.6693857547,56.8001613181,1638085.0,56.8976444324
2015-04-24 00:00:00,56.865150061,56.9138916182,57.1332286256,56.6945546108,1705207.0,56.865150061
2015-04-27 00:00:00,56.3289929318,57.0194983254,57.3200712615,56.2396334103,1047128.0,56.3289929318
2015-04-28 00:00:00,55.5003864595,56.377734489,56.3858580819,55.3785325665,2416715.0,55.5003864595
2015-04-29 00:00:00,55.6709819097,55.289173045,55.8212683777,54.744892323,1835924.0,55.6709819097
2015-04-30 00:00:00,56.2071390388,55.4516449023,56.5727007178,55.3297910093,1407437.0,56.2071390388
2015-05-01 00:00:00,56.7595433537,56.3046221532,57.1169814398,56.3046221532,712638.0,56.7595433537
2015-05-04 00:00:00,57.0032511397,56.6701838322,57.2144645542,56.5564535321,775062.0,57.0032511397
2015-05-05 00:00:00,55.2566786735,57.0276219183,57.0276219183,54.8180046588,3206986.0,55.2566786735
2015-05-06 00:00:00,56.0690379601,55.2972966379,56.2152626317,54.5986676514,1717634.0,56.0690379601
2015-05-07 00:00:00,56.2152626317,56.077161553,56.5645771249,55.9065661028,904561.0,56.2152626317
2015-05-08 00:00:00,56.8001613181,56.6701838322,57.2315240992,56.2152626317,831569.0,56.8001613181
2015-05-11 00:00:00,56.5645771249,56.4670940106,56.7920377252,56.2883749675,498010.0,56.5645771249
2015-05-12 00:00:00,55.9715548457,56.3371165247,56.3858580819,55.833453767,602414.0,55.9715548457
2015-05-13 00:00:00,56.5645771249,56.499588382,56.8813972467,56.199015446,1151814.0,56.5645771249
2015-05-14 00:00:00,57.4256779687,57.165722997,57.531284676,56.8813972467,774596.0,57.4256779687
2015-05-15 00:00:00,57.3038240757,57.2794532971,57.4987903045,56.499588382,791556.0,57.3038240757
2015-05-18 00:00:00,57.4419251545,56.8407792824,57.5434700653,56.6620602393,951830.0,57.4419251545
2015-05-19 00:00:00,57.1738465899,57.4987903045,57.5637790474,57.0194983254,623537.0,57.1738465899
2015-05-20 00:00:00,57.6125206046,57.409430783,57.6775093476,57.1494758113,853321.0,57.6125206046
2015-05-21 00:00:00,57.653138569,57.6612621618,57.9455879121,57.3281948543,714254.0,57.653138569
2015-05-22 00:00:00,57.3688128187,57.3444420401,57.7668688691,57.1007342541,744911.0,57.3688128187
2015-05-26 00:00:00,56.9301388039,57.2957004829,57.6125206046,56.6864310179,1436441.0,56.9301388039
2015-05-27 00:00:00,57.3688128187,56.9707567682,57.4013071901,56.6945546108,1121553.0,57.3688128187
2015-05-28 00:00:00,57.2713297043,57.1982173685,57.6287677904,56.8813972467,746676.0,57.2713297043
2015-05-29 00:00:00,56.199015446,57.2144645542,57.3444420401,55.7197234669,4000186.0,56.199015446
2015-06-01 00:00:00,55.4353977166,56.3858580819,56.4752176034,54.744892323,1431752.0,55.4353977166
2015-06-02 00:00:00,55.411026938,55.3135438236,55.4922628666,54.9804765161,1118184.0,55.411026938
2015-06-03 00:00:00,55.6466111311,55.2485550807,55.8984425099,55.0860832234,668594.0,55.6466111311
2015-06-04 00:00:00,55.3785325665,55.0292180733,55.4435213095,54.8829934017,1126812.0,55.3785325665
2015-06-05 00:00:00,55.6709819097,55.1835663377,55.7034762812,54.866746216,913953.0,55.6709819097
2015-06-08 00:00:00,55.0779596305,55.5816223882,55.8090829884,55.0617124448,530113.0,55.0779596305
2015-06-09 00:00:00,54.5255553156,54.9479821446,55.0292180733,54.4849373513,556807.0,54.5255553156
2015-06-10 00:00:00,55.0210944804,54.7855102873,55.2688640628,54.6392856157,587946.0,55.0210944804
2015-06-11 00:00:00,55.7359706526,55.2691839457,55.7851060955,55.2691839457,716765.0,55.7359706526
2015-06-12 00:00:00,55.4084010337,55.5721858432,55.7359706526,55.1995754017,496811.0,55.4084010337
2015-06-15 00:00:00,54.7041263531,54.9334250864,55.2855624267,54.597666227,647615.0,54.7041263531
2015-06-16 00:00:00,54.9825605292,54.7041263531,55.1954807815,54.5894769865,710604.0,54.9825605292
2015-06-17 00:00:00,55.6950244503,55.1463453386,55.6950244503,55.0194121113,808517.0,55.6950244503
2015-06-18 00:00:00,56.1044864739,55.8178630573,56.1126757143,55.6602201783,744334.0,56.1044864739
2015-06-19 00:00:00,56.6695440664,56.2109466,56.8169503949,56.0962972334,1419492.0,56.6695440664
2015-06-22 00:00:00,54.8023972388,56.0962972334,56.5303269784,54.458449139,2964650.0,54.8023972388
2015-06-23 00:00:00,54.7041263531,54.7696402769,55.2773731862,54.4830168604,1231333.0,54.7041263531
2015-06-24 00:00:00,53.9589054702,54.5403415437,54.8842896435,53.9425269893,899461.0,53.9589054702
2015-06-25 00:00:00,53.3692801562,54.163636482,54.2619073677,53.3119554729,1120399.0,53.3692801562
2015-06-26 00:00:00,52.255543452,53.5576326871,53.6804712941,52.1327048449,1926086.0,52.255543452
2015-06-29 00:00:00,51.2400776335,51.8542706689,52.4725583245,51.2236991525,1809444.0,51.2400776335
2015-06-30 00:00:00,51.1745637097,51.8378921879,52.0835694021,51.1663744692,1989111.0,51.1745637097
2015-07-01 00:00:00,52.3046788948,51.8297029475,52.5831130709,51.5430795309,1368179.0,52.3046788948
2015-07-02 00:00:00,52.271921933,52.3374358567,52.7468978803,52.1490833259,782511.0,52.271921933
2015-07-06 00:00:00,51.9525415545,51.9852985164,52.5339776281,51.6904858594,717726.0,51.9525415545
2015-07-07 00:00:00,52.5257883876,51.9034061117,52.5831130709,51.4611871262,789266.0,52.5257883876
2015-07-08 00:00:00,51.3055915573,52.099947883,52.3701928186,51.2646453549,921250.0,51.3055915573
2015-07-09 00:00:00,51.1254282669,51.7478105427,52.1736510473,50.937075736,937246.0,51.1254282669
2015-07-10 00:00:00,51.5758364928,51.6167826952,51.9443523141,51.0435358622,1444605.0,51.5758364928
2015-07-13 00:00:00,52.3210573758,52.0917586426,52.39476054,51.6085934547,835893.0,52.3210573758
2015-07-14 00:00:00,52.7878440827,52.4520852233,52.9187900378,52.3210573758,852691.0,52.7878440827
2015-07-15 00:00:00,52.3701928186,52.8206010446,53.0990352206,52.0508124402,877868.0,52.3701928186
2015-07-16 00:00:00,54.0817440773,52.7878440827,54.2455288867,52.7387086399,2042349.0,54.0817440773
2015-07-17 00:00:00,53.6231466108,53.8852023059,54.0162301535,53.43479408,1084241.0,53.6231466108
2015-07-20 00:00:00,54.1472580011,53.4757402823,54.5403415437,53.4757402823,1393712.0,54.1472580011
2015-07-21 00:00:00,53.6231466108,53.9261485083,54.1226902796,53.4429833205,975293.0,53.6231466108
2015-07-22 00:00:00,58.0535257062,58.9789098795,59.2491548151,56.5467054594,4127361.0,58.0535257062
2015-07-23 00:00:00,57.0626276091,58.4629877298,58.4629877298,56.9725459639,1526205.0,57.0626276091
2015-07-24 00:00:00,56.8824643187,57.1690877352,57.2755478614,56.7186795093,1385604.0,56.8824643187
2015-07-27 00:00:00,56.6367871045,56.7923826735,56.9725459639,56.1945681191,875452.0,56.6367871045
2015-07-28 00:00:00,57.1936554566,56.9070320401,57.4311434303,56.5221377379,810197.0,57.1936554566
2015-07-29 00:00:00,57.9880117824,57.0626276091,58.1354181109,56.7516821484,1066164.0,57.9880117824
2015-07-30 00:00:00,57.9224978587,58.0043902634,58.102661149,57.5949282398,1101872.0,57.9224978587
2015-07-31 00:00:00,57.9716333015,58.0289579848,58.3073921608,57.668631404,771806.0,57.9716333015
2015-08-03 00:00:00,57.3574402661,57.963444061,58.11903963,56.9479782425,540649.0,57.3574402661
2015-08-04 00:00:00,57.5867389993,57.1363307733,58.0371472253,57.1363307733,408426.0,57.5867389993
2015-08-05 00:00:00,57.9061193777,57.6522529231,58.1517965919,57.3164940637,589053.0,57.9061193777
2015-08-06 00:00:00,57.824226973,57.7259560873,57.8897408968,56.9315997615,753381.0,57.824226973
2015-08-07 00:00:00,58.3483383632,57.8406054539,58.3647168441,57.5130358351,820306.0,58.3483383632
2015-08-10 00:00:00,59.3228579794,58.4875554512,59.4456965865,57.9593494408,1003047.0,59.3228579794
2015-08-11 00:00:00,59.3392364603,59.1017484866,59.4866427888,58.5366908941,913004.0,59.3392364603
2015-08-12 00:00:00,58.8151250701,58.692286463,58.9379636772,57.807848492,732763.0,58.8151250701
2015-08-13 00:00:00,59.0526130438,58.8396927915,59.4702643079,58.46708235,736852.0,59.0526130438
2015-08-14 00:00:00,59.9452402552,58.7905573487,60.0680788623,58.7250434249,700315.0,59.9452402552
2015-08-17 00:00:00,60.0844573433,59.5193997507,60.2687152539,59.3719934222,496247.0,60.0844573433
2015-08-18 00:00:00,59.7077522816,59.8305908886,59.9943756981,59.4620750674,369286.0,59.7077522816
2015-08-19 00:00:00,59.3146687389,59.5112105102,59.6913738006,58.7168541844,456836.0,59.3146687389
2015-08-20 00:00:00,58.2664459585,58.7578003868,58.8970174748,58.102661149,859637.0,58.2664459585
2015-08-21 00:00:00,57.2591693804,57.7914700111,58.0617149467,57.0380598877,1130048.0,57.2591693804
2015-08-24 00:00:00,54.3765567343,56.644976345,56.644976345,52.984385854,1259932.0,54.3765567343
2015-08-25 00:00:00,52.255543452,55.9407016644,55.9407016644,52.2145972497,1756829.0,52.255543452
2015-08-26 00:00:00,52.8124118041,52.7387086399,53.7377959774,50.953454217,1956418.0,52.8124118041
2015-08-27 00:00:00,54.2946643295,53.5658219275,54.7614510365,53.3037662324,1293516.0,54.2946643295
2015-08-28 00:00:00,55.2609947052,54.1718257225,55.4492653437,54.0801062292,1035128.0,55.2609947052
2015-08-31 00:00:00,54.9579928078,54.9661820483,55.9570801454,54.597666227,1120202.0,54.9579928078
2015-09-01 00:00:00,53.2464415491,53.7869314203,54.4912061009,53.0990352206,1035753.0,53.2464415491
2015-09-02 00:00:00,53.6722820537,53.9015807869,54.5894769865,52.9106826898,747315.0,53.6722820537
2015-09-03 00:00:00,53.6395250918,53.7214174965,54.5075845818,53.4593618014,629247.0,53.6395250918
2015-09-04 00:00:00,52.8779257279,53.0335212969,53.3119554729,52.5831130709,347796.0,52.8779257279
2015-09-08 00:00:00,54.1963934439,53.8770130655,54.2045826844,53.1563599039,549817.0,54.1963934439
2015-09-09 00:00:00,53.574011168,54.6058554675,54.7778295174,53.4266048395,579889.0,53.574011168
2015-09-10 00:00:00,53.9015807869,53.6395250918,54.2578127474,53.43479408,939814.0,53.9015807869
2015-09-11 00:00:00,54.1145010392,53.6768284381,54.432433023,53.6768284381,867394.0,54.1145010392
2015-09-14 00:00:00,54.3622402473,54.0484372503,54.5191417458,53.8337299366,803917.0,54.3622402473
2015-09-15 00:00:00,54.6925591916,53.7676661477,55.039394083,53.7676661477,1022355.0,54.6925591916
2015-09-16 00:00:00,54.6430113499,54.7008171652,55.0724259774,54.4448199834,698989.0,54.6430113499
2015-09-17 00:00:00,54.0897271183,54.6182374291,55.0145375825,53.949341567,807708.0,54.0897271183
2015-09-18 00:00:00,53.049222444,53.4290892299,53.8915357518,52.9336108135,1122307.0,53.049222444
2015-09-21 00:00:00,52.9831586552,53.3134775994,54.1640488808,52.8427731039,629041.0,52.9831586552
2015-09-22 00:00:00,51.8683322184,52.2729729251,52.8262571566,51.6205930102,730365.0,51.8683322184
2015-09-23 00:00:00,51.5875611158,52.0169757433,52.1078134529,51.331563934,484194.0,51.5875611158
2015-09-24 00:00:00,50.3736389957,51.1251145938,51.2076943299,49.5973894768,795515.0,50.3736389957
2015-09-25 00:00:00,50.6213782039,50.8608594385,51.1498885147,50.3819795491,617908.0,50.6213782039
2015-09-28 00:00:00,49.0028153771,50.3653810221,50.4479607582,48.8789457731,681784.0,49.0028153771
2015-09-29 00:00:00,49.1266849812,48.9284936147,49.382682163,48.1357281485,793606.0,49.1266849812
2015-09-30 00:00:00,49.6799692128,49.6882271864,50.158931682,49.0606211924,863246.0,49.6799692128
2015-10-01 00:00:00,50.5718303623,49.8946765266,51.7857524823,49.1679748493,925838.0,50.5718303623
2015-10-02 00:00:00,51.6371089574,50.0846099195,51.7196886935,49.7212590808,1088544.0,51.6371089574
2015-10-05 00:00:00,52.5454860541,52.1160714265,52.8345151303,51.6618828782,628289.0,52.5454860541
2015-10-06 00:00:00,51.8848481656,52.3390367139,52.5372280804,51.6123350366,538058.0,51.8848481656
2015-10-07 00:00:00,52.8675470247,52.42161645,53.1978659689,52.1738772418,660166.0,52.8675470247
2015-10-08 00:00:00,53.7016023589,52.8345151303,53.9490938278,52.5620020013,622400.0,53.7016023589
2015-10-09 00:00:00,57.57459198,54.4448199834,57.8388471354,53.8337299366,2463877.0,57.57459198
2015-10-12 00:00:00,56.5836351473,57.2690469566,57.2690469566,54.9815882678,1110504.0,56.5836351473
2015-10-13 00:00:00,56.212026335,56.2780901239,57.2277570886,56.0633828101,695408.0,56.212026335
2015-10-14 00:00:00,56.7653105666,56.2368002559,57.2277570886,56.0798987574,696982.0,56.7653105666
2015-10-15 00:00:00,56.8974381443,56.7240206986,57.1947251941,56.484539464,727412.0,56.8974381443
2015-10-16 00:00:00,57.260788983,57.0625976165,57.3433687191,56.6249250153,811005.0,57.260788983
2015-10-19 00:00:00,57.0213077484,57.0708555901,57.2153701282,56.088156731,1012580.0,57.0213077484
2015-10-20 00:00:00,56.3358959391,57.0047918012,57.4837542704,56.1872524142,952946.0,56.3358959391
2015-10-21 00:00:00,53.0987702856,53.5694747812,54.998104215,52.1408453474,2960905.0,53.0987702856
2015-10-22 00:00:00,53.5364428868,53.3382515202,53.7181183061,52.7601933678,987950.0,53.5364428868
2015-10-23 00:00:00,55.0228781358,53.8832777782,55.4688087105,53.4703790979,1855877.0,55.0228781358
2015-10-26 00:00:00,55.7082899451,54.8990085317,56.0592538233,54.8164287957,1018048.0,55.7082899451
2015-10-27 00:00:00,55.3201651856,55.2788753176,55.7660957603,54.1888228016,1288854.0,55.3201651856
2015-10-28 00:00:00,55.8486754964,55.5679043938,56.212026335,54.8824925845,1001177.0,55.8486754964
2015-10-29 00:00:00,56.1872524142,55.7991276548,56.5464742661,55.4357768161,777613.0,56.1872524142
2015-10-30 00:00:00,56.5258293321,56.212026335,57.1534353261,55.9725451005,813109.0,56.5258293321
2015-11-02 00:00:00,57.1038874845,56.6579569098,57.4259484551,56.4762814904,897427.0,57.1038874845
2015-11-03 00:00:00,55.584420341,56.9056961179,56.9056961179,55.4110028953,923210.0,55.584420341
2015-11-04 00:00:00,55.6009362882,55.8239015756,56.3854437808,55.3284231592,931659.0,55.6009362882
2015-11-05 00:00:00,55.4935826313,55.6091942618,55.9560291533,55.0971998983,740394.0,55.4935826313
2015-11-06 00:00:00,55.3449391064,55.4853246577,55.6917739979,54.7090751388,807577.0,55.3449391064
2015-11-09 00:00:00,54.8990085317,55.4605507369,55.584420341,54.1888228016,497556.0,54.8990085317
2015-11-10 00:00:00,54.7090751388,54.684301218,55.3036492384,53.8502458838,797913.0,54.7090751388
2015-11-11 00:00:00,55.2458434232,54.8081708221,55.7413218395,54.7090751388,616934.0,55.2458434232
2015-11-12 00:00:00,53.3465094938,54.8164287957,54.9155244789,53.3134775994,483590.0,53.3465094938
2015-11-13 00:00:00,53.6190226228,53.2556717842,54.13927496,53.1318021801,637691.0,53.6190226228
2015-11-16 00:00:00,53.2721877314,53.5116689659,53.7470212137,52.6610976845,810288.0,53.2721877314
2015-11-17 00:00:00,52.3307787403,53.5199269395,54.3292083529,52.2151671098,1160571.0,52.3307787403
2015-11-18 00:00:00,54.1970807752,52.5289701068,54.2466286169,52.4381323972,789868.0,54.1970807752
2015-11-19 00:00:00,54.8907505581,54.4035301154,55.0889419247,53.9906314351,825499.0,54.8907505581
2015-11-20 00:00:00,55.5596464202,55.1054578719,55.5761623674,54.9650723206,684223.0,55.5596464202
2015-11-23 00:00:00,55.5513884466,55.5348724994,56.0964147046,55.311907212,590625.0,55.5513884466
2015-11-24 00:00:00,56.4680235168,55.4605507369,56.7983424611,55.0724259774,1171750.0,56.4680235168
2015-11-25 00:00:00,55.6670000771,56.0798987574,57.0543396428,55.4357768161,498723.0,55.6670000771
2015-11-27 00:00:00,56.1542205198,55.9395132061,56.3276379655,55.4688087105,211944.0,56.1542205198
2015-11-30 00:00:00,56.1459625462,56.129446599,56.5588612265,55.9332371461,792064.0,56.1459625462
2015-12-01 00:00:00,56.8561482763,56.2533162031,57.0873715373,56.1624784934,578871.0,56.8561482763
2015-12-02 00:00:00,55.7082899451,56.6662148834,56.8231163819,55.625710209,653518.0,55.7082899451
2015-12-03 00:00:00,55.1384897663,55.9477711797,56.0716407838,54.6925591916,775130.0,55.1384897663
2015-12-04 00:00:00,55.3862289745,55.1632636871,55.7082899451,54.8843919184,494163.0,55.3862289745
2015-12-07 00:00:00,55.270617344,55.080683951,55.35319708,54.5009742039,374088.0,55.270617344
2015-12-08 00:00:00,54.2135967224,54.5026257986,54.7090751388,54.0236633295,509852.0,54.2135967224
2015-12-09 00:00:00,54.3292083529,53.7263762797,55.080683951,53.6768284381,601536.0,54.3292083529
2015-12-10 00:00:00,53.8832777782,54.2796605113,54.7999128484,53.6768284381,707396.0,53.8832777782
2015-12-11 00:00:00,53.7511502005,53.6437965436,54.2383706433,53.2308978633,649663.0,53.7511502005
2015-12-14 00:00:00,52.6776136317,53.825471963,53.8585038574,52.2812308987,727564.0,52.6776136317
2015-12-15 00:00:00,53.0327064968,53.1813500217,53.4208312563,52.5136928557,598400.0,53.0327064968
2015-12-16 00:00:00,53.7263762797,53.4786370715,53.9575995407,53.0822543384,694708.0,53.7263762797
2015-12-17 00:00:00,51.1664044619,53.3712834146,53.9163096726,51.0673087786,1225424.0,51.1664044619
2015-12-18 00:00:00,49.4322300046,50.786537676,51.0755667522,49.341392295,2449162.0,49.4322300046
2015-12-21 00:00:00,50.3075752069,49.9111924738,50.4975085998,49.3554308501,1093776.0,50.3075752069
2015-12-22 00:00:00,51.7774945087,50.2332534444,51.8435582976,50.1668593366,1307410.0,51.7774945087
2015-12-23 00:00:00,53.1730920481,51.9487116391,53.2147376402,51.6905089678,929057.0,53.1730920481
2015-12-24 00:00:00,53.5562314958,53.0981299822,53.8061050487,52.8482564294,355887.0,53.5562314958
2015-12-28 00:00:00,53.6145353248,53.5312441405,53.6478517985,52.8649146662,499255.0,53.6145353248
2015-12-29 00:00:00,53.2563832324,54.0726368384,54.1392697858,53.1397755744,759625.0,53.2563832324
2015-12-30 00:00:00,53.306357943,53.1231173375,53.714484746,52.8899020215,651804.0,53.306357943
2015-12-31 00:00:00,52.5150916922,52.9898514427,53.5145859037,52.3568384421,736492.0,52.5150916922
2016-01-04 00:00:00,51.9320534022,51.6488633757,52.0986357708,51.1824327437,778715.0,51.9320534022
2016-01-05 00:00:00,51.8820786917,52.1902560735,52.198585192,51.4739518887,744852.0,51.8820786917
2016-01-06 00:00:00,50.7493185854,51.0658250857,51.4739518887,50.3078753087,844837.0,50.7493185854
2016-01-07 00:00:00,49.5499255317,49.7748117292,50.4244829667,49.1917734392,1071500.0,49.5499255317
2016-01-08 00:00:00,48.5087857281,50.2329132428,50.7826350591,48.4921274912,1515834.0,48.5087857281
2016-01-11 00:00:00,49.5582546501,48.7669883994,50.0413435189,48.6670389782,1505511.0,49.5582546501
2016-01-12 00:00:00,49.5582546501,50.1662802954,50.6993438748,48.6503807414,934189.0,49.5582546501
2016-01-13 00:00:00,48.0173677408,49.6582040712,50.0829891111,47.9840512671,992233.0,48.0173677408
2016-01-14 00:00:00,48.4421527807,48.2922286489,48.7836466362,47.3427091481,687200.0,48.4421527807
2016-01-15 00:00:00,48.6920263335,47.0428608847,49.2084316761,46.9845570557,1443839.0,48.6920263335
2016-01-19 00:00:00,47.7591650695,49.2500772682,49.3463618773,47.1178229505,813942.0,47.7591650695
2016-01-20 00:00:00,47.4593168061,46.9845570557,47.9923803855,44.9772395144,1109227.0,47.4593168061
2016-01-21 00:00:00,46.6014176079,47.3926838587,48.1089880435,46.5014681868,1298524.0,46.6014176079
2016-01-22 00:00:00,48.0256968592,47.5426079904,48.429659103,47.1011647137,1673885.0,48.0256968592
2016-01-25 00:00:00,41.8038453931,44.4525050534,44.8273153827,41.5623009586,3765072.0,41.8038453931
2016-01-26 00:00:00,41.3957185901,41.5373136034,43.5196437894,40.5877941025,3958421.0,41.3957185901
2016-01-27 00:00:00,41.4790097744,41.2041488662,42.5951116438,41.0375664976,2587083.0,41.4790097744
2016-01-28 00:00:00,40.7127308789,41.9704277616,42.0953645381,40.4212117339,1311502.0,40.7127308789
2016-01-29 00:00:00,42.3369089725,40.8210094185,42.3369089725,40.2213128916,1702455.0,42.3369089725
2016-02-01 00:00:00,42.4868331042,41.7705289194,42.6617445912,40.7543764711,1594771.0,42.4868331042
2016-02-02 00:00:00,41.5706300771,41.8788074589,41.9037948142,40.9960041967,1332361.0,41.5706300771
2016-02-03 00:00:00,41.1625032741,42.0120733538,42.3868836831,40.1380217074,1280276.0,41.1625032741
2016-02-04 00:00:00,42.0120733538,41.0542247345,42.1036936565,40.7543764711,1715118.0,42.0120733538
2016-02-05 00:00:00,42.1786557224,42.0120733538,42.6200989991,41.6455921429,1272807.0,42.1786557224
2016-02-08 00:00:00,41.4207059454,41.6539212614,41.6955668535,40.7252245566,1603562.0,41.4207059454
2016-02-09 00:00:00,41.5123262481,40.9043006028,41.7122250904,40.4961737998,1727796.0,41.5123262481
2016-02-10 00:00:00,40.6627561684,41.2291362215,41.8163390707,40.2796167206,1356405.0,40.6627561684
2016-02-11 00:00:00,38.3722486005,39.9464519835,40.3295914312,38.1806788766,2258311.0,38.3722486005
2016-02-12 00:00:00,38.8136918772,39.0302489564,39.5050087068,38.6137930349,2191978.0,38.8136918772
2016-02-16 00:00:00,39.4716922331,39.2634642724,39.7881987334,38.9136412984,1681248.0,39.4716922331
2016-02-17 00:00:00,39.9464519835,39.8381734439,40.4128826155,39.7257303451,881680.0,39.9464519835
2016-02-18 00:00:00,39.2801225092,40.1796672995,40.3212623128,38.9594514497,1650917.0,39.2801225092
2016-02-19 00:00:00,37.6059697051,39.1801730881,39.1801730881,36.9146528755,2735057.0,37.6059697051
2016-02-22 00:00:00,38.0807294555,38.1973371135,38.3472612452,37.6726026525,1608982.0,38.0807294555
2016-02-23 00:00:00,38.1640206398,37.9224762054,38.2306535872,37.4143999812,1737088.0,38.1640206398
2016-02-24 00:00:00,39.3884010488,37.7975394289,39.4800213515,37.5143494024,2227855.0,39.3884010488
2016-02-25 00:00:00,39.5299960621,39.4133884041,39.8131860886,38.9386286536,1251471.0,39.5299960621
2016-02-26 00:00:00,40.2546293654,39.8881481545,40.6460979315,39.7382240228,1916120.0,40.2546293654
2016-02-29 00:00:00,40.3962243786,40.3295914312,40.8281724604,39.8215152071,1465967.0,40.3962243786
2016-03-01 00:00:00,42.0453898275,40.8293385369,42.0453898275,40.5878773937,1754769.0,42.0453898275
2016-03-02 00:00:00,42.2452886698,41.8288327484,42.9366054994,41.6705794982,1408957.0,42.2452886698
2016-03-03 00:00:00,43.6778970395,42.2286304329,43.7445299869,42.070460474,1340367.0,43.6778970395
2016-03-04 00:00:00,43.8861250002,43.4446817235,44.4025303428,43.4363526051,1428315.0,43.8861250002
2016-03-07 00:00:00,44.5024797639,43.7112135132,44.5774418298,43.5363020262,1264959.0,44.5024797639
2016-03-08 00:00:00,43.8278211712,44.1026820794,44.1776441452,43.1031878679,1420236.0,43.8278211712
2016-03-09 00:00:00,45.8184804757,43.9194414739,45.9017716599,43.7362008685,2789286.0,45.8184804757
2016-03-10 00:00:00,45.2770877778,46.1183287391,46.1183287391,44.4691632902,1268298.0,45.2770877778
2016-03-11 00:00:00,46.6180758448,45.6423095514,47.0554883211,45.3142501941,1421441.0,46.6180758448
2016-03-14 00:00:00,46.3573107147,46.3909578282,47.0723118779,46.3404871579,1604266.0,46.3573107147
2016-03-15 00:00:00,45.6675448866,46.256369374,46.5676051745,45.1712499615,1702656.0,45.6675448866
2016-03-16 00:00:00,47.0218412076,45.6675448866,47.2405474458,45.6254859946,1277490.0,47.0218412076
2016-03-17 00:00:00,48.191078404,47.1059589915,48.4350199773,47.0070364776,957810.0,48.191078404
2016-03-18 00:00:00,48.1153723985,48.1826666256,48.6453144371,47.4844890191,5306128.0,48.1153723985
2016-03-21 00:00:00,49.0070209079,47.955548609,49.2089035893,47.955548609,1147379.0,49.0070209079
2016-03-22 00:00:00,49.6126689521,48.6369026587,49.6379042873,48.5443730964,1151619.0,49.6126689521
2016-03-23 00:00:00,49.116374027,49.4780804979,50.0164343149,49.0686792435,1308753.0,49.116374027
2016-03-24 00:00:00,49.3855509355,48.6705497723,49.4864922762,48.1742548472,957968.0,49.3855509355
2016-03-28 00:00:00,49.5790218385,49.5537865034,49.8734340822,48.9481384592,782706.0,49.5790218385
2016-03-29 00:00:00,50.6304941375,49.30984493,50.7987297053,49.167769993,1266336.0,50.6304941375
2016-03-30 00:00:00,49.9996107581,50.6893765862,50.8828474892,49.7136102928,1115347.0,49.9996107581
2016-03-31 00:00:00,50.8071414837,49.9491400878,51.3118481872,49.6715514009,1279411.0,50.8071414837
2016-04-01 00:00:00,51.0847301706,50.4790821264,51.093141949,49.9491400878,999411.0,51.0847301706
2016-04-04 00:00:00,50.8492003756,51.0426712786,51.2613775168,50.7566708133,741870.0,50.8492003756
2016-04-05 00:00:00,49.5369629466,50.2603758882,50.5295527968,49.158432919,1035364.0,49.5369629466
2016-04-06 00:00:00,50.3276701154,49.5285511682,50.4033761209,49.2004918109,896047.0,50.3276701154
2016-04-07 00:00:00,49.6210807305,49.7977280767,50.2183169963,49.3350802652,962465.0,49.6210807305
2016-04-08 00:00:00,50.6220823591,50.1005520988,51.0174359435,50.0416696501,679072.0,50.6220823591
2016-04-11 00:00:00,50.5211410184,50.5716116887,51.0594948354,50.1888757719,696190.0,50.5211410184
2016-04-12 00:00:00,51.0426712786,50.4370232345,51.2613775168,50.0416696501,750631.0,51.0426712786
2016-04-13 00:00:00,51.9595551233,51.4884955334,52.018437572,51.0174359435,745065.0,51.9595551233
2016-04-14 00:00:00,51.4716719766,51.9343197881,51.9511433449,50.9753770515,617545.0,51.4716719766
2016-04-15 00:00:00,52.3801440429,51.2950246304,52.4390264916,50.7882149823,986102.0,52.3801440429
2016-04-18 00:00:00,52.640909173,52.0773200208,52.8680271896,51.9847904585,669393.0,52.640909173
2016-04-19 00:00:00,53.069909871,52.8680271896,53.4400281202,52.3969675996,735465.0,53.069909871
2016-04-20 00:00:00,52.7418505137,52.9269096383,53.3895574498,52.6997916217,1012633.0,52.7418505137
2016-04-21 00:00:00,53.7092050287,54.2559706241,56.358915222,53.6208813556,1619832.0,53.7092050287
2016-04-22 00:00:00,55.2485604743,54.0456761643,55.4167960421,53.8774405965,950037.0,55.2485604743
2016-04-25 00:00:00,54.769089106,55.6270905019,56.0771206459,54.4157944136,703548.0,54.769089106
2016-04-26 00:00:00,55.4588549341,55.0550895713,55.9551498592,54.8700304467,654836.0,55.4588549341
2016-04-27 00:00:00,55.6523258371,55.6355022803,56.295826884,55.1812662472,642019.0,55.6523258371
2016-04-28 00:00:00,55.391560707,55.11397202,56.1738560974,54.7606773276,625152.0,55.391560707
2016-04-29 00:00:00,54.575618203,55.3410900366,55.8542085185,54.424206192,1190162.0,54.575618203
2016-05-02 00:00:00,55.6186787235,54.8952657819,55.6270905019,54.4915004191,861615.0,55.6186787235
2016-05-03 00:00:00,54.9962071226,55.0550895713,55.2737958095,54.4326179704,719757.0,54.9962071226
2016-05-04 00:00:00,54.4662650839,54.7186184357,55.3242664798,53.9447348237,805950.0,54.4662650839
2016-05-05 00:00:00,54.6345006517,54.575618203,54.962560009,54.146617505,526711.0,54.6345006517
2016-05-06 00:00:00,54.9120893387,54.5251475327,55.1896780256,54.4859486454,473050.0,54.9120893387
2016-05-09 00:00:00,55.1812662472,54.7186184357,55.6102669451,54.7102066573,610311.0,55.1812662472
2016-05-10 00:00:00,56.1486207622,55.3158547014,56.1990914325,55.2990311447,719480.0,56.1486207622
2016-05-11 00:00:00,55.6523258371,56.0897383134,56.4009741139,55.568292171,456258.0,55.6523258371
2016-05-12 00:00:00,55.7953260697,56.0476794215,56.510327233,55.4336195989,504800.0,55.7953260697
2016-05-13 00:00:00,54.9457364522,55.4840902693,55.8373849617,54.727030214,391693.0,54.9457364522
2016-05-16 00:00:00,55.8962674104,54.9457364522,56.1402089838,54.8279715547,603431.0,55.8962674104
2016-05-17 00:00:00,54.7438537708,55.4925020477,55.4925020477,54.0288526076,1443777.0,54.7438537708
2016-05-18 00:00:00,54.1634410618,54.533559311,55.0887366849,54.0036172724,1235500.0,54.1634410618
2016-05-19 00:00:00,53.9447348237,53.8353817046,54.5672064246,53.0952293239,748392.0,53.9447348237
2016-05-20 00:00:00,54.7859126628,54.2139117322,54.8522815943,53.7512639207,813079.0,54.7859126628
2016-05-23 00:00:00,54.9709717874,54.8952657819,55.6186787235,54.617677095,675176.0,54.9709717874
2016-05-24 00:00:00,55.3579135934,55.3158547014,55.7112082858,55.08284844,583960.0,55.3579135934
2016-05-25 00:00:00,56.8720337038,55.778502513,57.0823281636,55.5934433884,717013.0,56.8720337038
2016-05-26 00:00:00,56.8131512551,56.9309161526,57.1916812827,56.4514447843,688013.0,56.8131512551
2016-05-27 00:00:00,57.477681748,56.6953863576,57.5449759751,56.6953863576,616340.0,57.477681748
2016-05-31 00:00:00,57.3935639641,57.5113288616,58.0286532326,57.0318574933,1098703.0,57.3935639641
2016-06-01 00:00:00,58.0076237867,57.0066221581,58.0076237867,56.6491215765,640625.0,58.0076237867
2016-06-02 00:00:00,58.445036263,57.9150942244,58.5754188281,57.6140366757,1000121.0,58.445036263
2016-06-03 00:00:00,58.2599771384,58.5039187118,58.6132718308,57.7805057701,1328245.0,58.2599771384
2016-06-06 00:00:00,58.6721542796,58.4534480414,58.8387074917,58.1169769058,959678.0,58.6721542796
2016-06-07 00:00:00,59.7909208056,58.8824487394,59.971774041,58.6889778364,1234776.0,59.7909208056
2016-06-08 00:00:00,59.5638027891,59.9086857031,59.9843917086,59.4376261132,1063781.0,59.5638027891
2016-06-09 00:00:00,58.5796247173,59.2862141022,59.3955672212,58.4997128226,870352.0,58.5796247173
2016-06-10 00:00:00,58.1338004625,58.100153349,58.1758593545,57.5029170832,1443439.0,58.1338004625
2016-06-13 00:00:00,55.9972087511,57.9989266041,58.1431181444,55.912390198,1537843.0,55.9972087511
2016-06-14 00:00:00,55.7173075259,55.8954264874,55.9717631852,54.9878679693,1050378.0,55.7173075259
2016-06-15 00:00:00,55.4882974326,56.0650635936,56.1074728702,55.3441058923,1472223.0,55.4882974326
2016-06-16 00:00:00,55.5985615516,55.2083962074,55.6324889728,54.8436764291,771226.0,55.5985615516
2016-06-17 00:00:00,55.7681986578,55.5052611432,55.8360535003,55.0387591012,1306976.0,55.7681986578
2016-06-20 00:00:00,57.3118963241,56.4213015166,57.5917975493,56.4213015166,1045638.0,57.3118963241
2016-06-21 00:00:00,57.4645697196,57.4560878643,57.7020616683,57.1337773626,1307750.0,57.4645697196
2016-06-22 00:00:00,57.8632169192,57.5663519833,58.4739105014,57.4079957447,1468680.0,57.8632169192
2016-06-23 00:00:00,58.5672109098,58.1940092762,58.7114024501,58.160081855,1139284.0,58.5672109098
2016-06-24 00:00:00,56.0056906064,56.2007732786,57.3627874559,55.7597168025,1025938.0,56.0056906064
2016-06-27 00:00:00,53.3423880394,55.3865151689,55.6494526835,53.0455231035,1225175.0,53.3423880394
2016-06-28 00:00:00,54.0039727535,53.7579989495,54.3178013999,52.9352589845,2194083.0,54.0039727535
2016-06-29 00:00:00,55.8614990662,54.7927852972,55.9887268958,54.6401119017,1083753.0,55.8614990662
2016-06-30 00:00:00,56.7690575843,56.0565817383,56.7690575843,55.7173075259,1162860.0,56.7690575843
2016-07-01 00:00:00,56.9386946905,56.4552289378,56.9641402564,56.268628121,849861.0,56.9386946905
2016-07-05 00:00:00,55.5052611432,56.6587934653,56.8538761374,55.3441058923,970758.0,55.5052611432
2016-07-06 00:00:00,58.0837451572,55.5052611432,58.0837451572,55.2338417733,1648961.0,58.0837451572
2016-07-07 00:00:00,58.2788278293,58.2957915399,59.3560234536,58.0158903147,829283.0,58.2788278293
2016-07-08 00:00:00,59.4917331385,58.736848016,59.5426242704,58.4823923567,584252.0,59.4917331385
2016-07-11 00:00:00,59.1524589262,59.7377069425,60.0769811549,59.0337129518,694658.0,59.1524589262
2016-07-12 00:00:00,59.915825904,59.6274428235,60.2975093929,59.3899508748,831464.0,59.915825904
2016-07-13 00:00:00,60.2042089845,60.3484005247,60.3484005247,59.6274428235,486407.0,60.2042089845
2016-07-14 00:00:00,60.9251666858,60.738565869,61.069358226,60.5265194862,819270.0,60.9251666858
2016-07-15 00:00:00,62.7911748538,61.3492594512,63.6817696612,61.3492594512,1376660.0,62.7911748538
2016-07-18 00:00:00,62.4858280627,62.2652998246,62.5536829051,61.6206788211,825141.0,62.4858280627
2016-07-19 00:00:00,62.0617352972,62.358600233,62.5876103264,61.7479066508,718749.0,62.0617352972
2016-07-20 00:00:00,62.5791284711,62.2652998246,62.9777756706,62.00236231,840696.0,62.5791284711
2016-07-21 00:00:00,62.604574037,63.8259612015,64.4621003497,62.5536829051,1717025.0,62.604574037
2016-07-22 00:00:00,63.0541123684,62.6130558923,63.2152676192,62.261058897,752580.0,63.0541123684
2016-07-25 00:00:00,62.7911748538,63.0880397896,63.2661587511,62.4264550755,439855.0,62.7911748538
2016-07-26 00:00:00,63.8683704781,62.9862575259,64.0380075842,62.7572474325,996197.0,63.8683704781
2016-07-27 00:00:00,63.6817696612,64.0380075842,64.3348725201,63.1728583427,625994.0,63.6817696612
2016-07-28 00:00:00,63.5460599763,63.7072152272,64.004080163,62.96081196,523944.0,63.5460599763
2016-07-29 00:00:00,63.3509773042,63.3340135936,63.6139148188,62.8335841303,712171.0,63.3509773042
2016-08-01 00:00:00,63.1304490662,63.4103502914,63.5969511082,62.5112736286,798968.0,63.1304490662
2016-08-02 00:00:00,62.6130558923,63.1304490662,63.1304490662,62.2907453905,675460.0,62.6130558923
2016-08-03 00:00:00,62.7996567091,62.494309918,63.1558946321,62.2059268375,538676.0,62.7996567091
2016-08-04 00:00:00,62.9777756706,63.0371486578,63.9871164524,62.9438482494,716861.0,62.9777756706
2016-08-05 00:00:00,63.3000861723,63.4782051338,64.114344282,63.2491950405,535145.0,63.3000861723
2016-08-08 00:00:00,63.291604317,63.1728583427,63.7241789378,62.8590296963,707044.0,63.291604317
2016-08-09 00:00:00,64.0380075842,63.4527595679,64.1652354139,63.4451258981,647683.0,64.0380075842
2016-08-10 00:00:00,64.7420015749,64.1991628351,65.5562596846,64.0718501869,832245.0,64.7420015749
2016-08-11 00:00:00,65.2763584594,65.0982394979,65.649560093,64.6487011665,608342.0,65.2763584594
2016-08-12 00:00:00,64.5978100346,65.2085036169,65.3018040253,64.4790640603,791252.0,64.5978100346
2016-08-15 00:00:00,64.4366547838,64.691110443,65.2169854722,64.4112092178,768479.0,64.4366547838
2016-08-16 00:00:00,65.1915399063,64.691110443,65.649560093,64.6317374559,741184.0,65.1915399063
2016-08-17 00:00:00,65.539295974,65.3866225784,65.649560093,64.9710116682,482351.0,65.539295974
2016-08-18 00:00:00,65.8531246204,65.5817052505,65.9040157523,65.1831428695,637693.0,65.8531246204
2016-08-19 00:00:00,65.98035245,65.4205499996,66.1330258456,64.9794935236,554145.0,65.98035245
2016-08-22 00:00:00,64.8946749705,65.2593947488,65.4714411315,63.5715055422,960544.0,64.8946749705
2016-08-23 00:00:00,65.3866225784,65.3102858806,65.9294613182,65.1321669191,456673.0,65.3866225784
2016-08-24 00:00:00,64.470582205,65.3866225784,65.7174149354,64.360318086,565734.0,64.470582205
2016-08-25 00:00:00,66.7437194279,64.4790640603,67.1423666274,64.2076446904,1831972.0,66.7437194279
2016-08-26 00:00:00,67.3120037336,66.8200561256,68.0668888561,65.9294613182,1464847.0,67.3120037336
2016-08-29 00:00:00,66.9303202447,67.3459311548,67.7869876309,66.8200561256,655811.0,66.9303202447
2016-08-30 00:00:00,67.3628948654,67.0066569424,67.5579775375,66.446854492,631345.0,67.3628948654
2016-08-31 00:00:00,66.692828296,67.3628948654,67.3713767207,65.9633887394,931217.0,66.692828296
2016-09-01 00:00:00,66.9557658106,66.8200561256,67.3628948654,66.4510954197,923475.0,66.9557658106
2016-09-02 00:00:00,67.5749412482,67.4646771291,67.6852053672,66.9489803263,749709.0,67.5749412482
2016-09-06 00:00:00,68.3213445154,68.0584070008,68.5249090428,67.8463606181,727472.0,68.3213445154
2016-09-07 00:00:00,68.9659655189,68.2365259623,68.9743625556,67.8293969074,779926.0,68.9659655189
2016-09-08 00:00:00,68.5842820299,68.4909816215,69.3603717907,68.2534896729,725508.0,68.5842820299
2016-09-09 00:00:00,66.9303202447,68.1008162773,68.1432255539,66.8963928234,883957.0,66.9303202447
2016-09-12 00:00:00,68.2110803963,66.6758645854,68.5630773917,66.3789996496,732100.0,68.2110803963
2016-09-13 00:00:00,67.6767235119,68.0357965775,68.8992818067,66.9158305871,937492.0,67.6767235119
2016-09-14 00:00:00,67.2236075005,67.642526077,68.0870927297,66.744843413,473755.0,67.2236075005
2016-09-15 00:00:00,68.4205177192,67.4202427507,68.7026465565,67.4202427507,601689.0,68.4205177192
2016-09-16 00:00:00,68.4461657954,68.2580799038,70.1560375364,68.1725863168,1318965.0,68.4461657954
2016-09-19 00:00:00,68.7368439913,69.0873676983,69.7114708838,68.6214276488,543013.0,68.7368439913
2016-09-20 00:00:00,68.1982343929,69.0617196221,69.3344441648,68.0956420884,377250.0,68.1982343929
2016-09-21 00:00:00,69.8140631882,68.5487580998,69.9252048514,68.4718138715,569618.0,69.8140631882
2016-09-22 00:00:00,68.9420286003,69.0873676983,69.5917798619,68.3948696431,947455.0,68.9420286003
2016-09-23 00:00:00,70.3526727867,70.4809131672,70.7630420045,69.5404837096,931683.0,70.3526727867
2016-09-26 00:00:00,70.0876426668,69.8140631882,70.4467157324,69.7798657534,1001968.0,70.0876426668
2016-09-27 00:00:00,69.0446209047,70.0192477971,70.1047413842,68.4889125889,1143196.0,69.0446209047
2016-09-28 00:00:00,69.8140631882,69.5062862748,69.9252048514,68.659899763,609564.0,69.8140631882
2016-09-29 00:00:00,68.1554875994,69.5148356335,69.7114708838,67.7964145337,833117.0,68.1554875994
2016-09-30 00:00:00,69.47208884,68.6086036108,69.8311619056,68.3863202844,755067.0,69.47208884
2016-10-03 00:00:00,69.326749742,69.5832305032,69.8824580579,69.1771359647,654972.0,69.326749742
2016-10-04 00:00:00,69.1044664157,69.4977369161,69.908106134,68.6086036108,727483.0,69.1044664157
2016-10-05 00:00:00,67.787865175,69.5490330683,69.8311619056,66.8559850762,1230248.0,67.787865175
2016-10-06 00:00:00,69.2669042311,67.702371588,69.8140631882,67.702371588,901452.0,69.2669042311
2016-10-07 00:00:00,68.9249298829,69.1044664157,69.3352991007,68.2409811864,851449.0,68.9249298829
2016-10-10 00:00:00,69.6345266554,69.2754535898,69.848260623,68.8479856545,636682.0,69.6345266554
2016-10-11 00:00:00,68.9163805241,69.3523978181,69.4464407639,68.3264747735,631008.0,68.9163805241
2016-10-12 00:00:00,70.3441234279,69.326749742,70.8570849503,69.2498055137,791540.0,70.3441234279
2016-10-13 00:00:00,69.5490330683,69.702921525,69.8824580579,68.4290670779,675639.0,69.5490330683
2016-10-14 00:00:00,70.6177029065,69.9166554927,71.0708189179,69.9148601274,797535.0,70.6177029065
2016-10-17 00:00:00,71.241806092,71.38714519,72.4045188759,70.9083811025,993789.0,71.241806092
2016-10-18 00:00:00,71.6179778751,72.4301669521,73.011523344,71.5581323641,1548034.0,71.6179778751
2016-10-19 00:00:00,73.1312143659,72.1223900387,73.1397637246,71.3187503204,1140658.0,73.1312143659
2016-10-20 00:00:00,69.3609471768,72.2335317018,72.6695489958,68.9249298829,1624518.0,69.3609471768
2016-10-21 00:00:00,69.7114708838,68.8650843719,70.19878433,68.3264747735,903063.0,69.7114708838
2016-10-24 00:00:00,70.6519003413,70.7373939284,72.1565874735,70.4723638085,1422535.0,70.6519003413
2016-10-25 00:00:00,69.1472132092,70.3441234279,70.3783208628,68.7966895023,1123302.0,69.1472132092
2016-10-26 00:00:00,69.2925523072,68.8137882197,69.8568099817,68.4889125889,593892.0,69.2925523072
2016-10-27 00:00:00,69.2241574375,69.0788183396,69.2327067962,68.4034190018,918136.0,69.2241574375
2016-10-28 00:00:00,69.6858228076,69.2070587201,70.6091535478,69.2070587201,698713.0,69.6858228076
2016-10-31 00:00:00,70.5322093195,69.8397112643,70.6519003413,69.8196202714,918019.0,70.5322093195
2016-11-01 00:00:00,68.6769984804,70.6433509826,70.9254798199,68.3435734909,799807.0,68.6769984804
2016-11-02 00:00:00,68.1640369581,68.4632645128,69.1557625679,68.138388882,632263.0,68.1640369581
2016-11-03 00:00:00,67.2578049353,67.9674017079,68.1298395233,67.180860707,913528.0,67.2578049353
2016-11-04 00:00:00,67.5997792835,67.180860707,68.3350241322,66.7106459782,885874.0,67.5997792835
2016-11-07 00:00:00,67.8306119686,68.3777709257,68.6940971978,67.0440709677,1010406.0,67.8306119686
2016-11-08 00:00:00,68.514560665,67.4202427507,68.805238861,67.4202427507,688501.0,68.514560665
2016-11-09 00:00:00,70.3355740692,67.8306119686,70.7630420045,67.7451183815,887047.0,70.3355740692
2016-11-10 00:00:00,70.2073336887,70.865634309,71.763316973,70.1731362538,699870.0,70.2073336887
2016-11-11 00:00:00,70.6177029065,70.1047413842,70.6946471349,69.7174554348,744378.0,70.6177029065
2016-11-14 00:00:00,73.4988367902,71.0793682766,73.6612746056,71.0793682766,1378473.0,73.4988367902
2016-11-15 00:00:00,73.4560899967,73.0542701376,73.6270771708,72.0197977342,762655.0,73.4560899967
2016-11-16 00:00:00,73.2851028226,73.738218834,74.7042963677,73.2338066704,679025.0,73.2851028226
2016-11-17 00:00:00,74.1913348454,73.7040213992,74.9351290527,72.926029757,848157.0,74.1913348454
2016-11-18 00:00:00,74.8154380309,74.1827854867,75.0206226398,73.8282435812,636503.0,74.8154380309
2016-11-21 00:00:00,73.7724162688,74.2255322802,74.3794207369,73.3534976922,883420.0,73.7724162688
2016-11-22 00:00:00,72.3874201585,73.9092060081,73.9519528016,71.9428535059,1374613.0,72.3874201585
2016-11-23 00:00:00,72.4301669521,72.3617720824,73.1909743833,72.259179778,798122.0,72.4301669521
2016-11-25 00:00:00,73.0371714201,72.5755060501,73.0970169311,72.5413086152,411750.0,73.0371714201
2016-11-28 00:00:00,73.011523344,72.7122957893,73.2252573117,72.5584073326,891183.0,73.011523344
2016-11-29 00:00:00,73.216707953,72.7635919416,73.6954720405,72.5413086152,772454.0,73.216707953
2016-11-30 00:00:00,72.4643643869,73.3791457684,73.4304419206,72.4301669521,768660.0,72.4643643869
2016-12-01 00:00:00,72.8319868112,72.6182528436,73.1397637246,72.4130682347,856417.0,72.8319868112
2016-12-02 00:00:00,74.4392662478,72.9003816809,74.4820130414,72.6866477132,980691.0,74.4392662478
2016-12-05 00:00:00,74.5076611175,75.0804681507,75.4822880099,74.3708713782,915711.0,74.5076611175
2016-12-06 00:00:00,74.3281245847,74.8496354657,74.9264942005,73.5415835838,688448.0,74.3281245847
2016-12-07 00:00:00,74.6273521393,74.5333091936,75.5848803144,74.3024765085,1183108.0,74.6273521393
2016-12-08 00:00:00,74.6615495742,74.7726912373,75.2514553248,74.4478156065,957234.0,74.6615495742
2016-12-09 00:00:00,74.7042963677,74.6786482916,75.2600046835,74.319575226,711985.0,74.7042963677
2016-12-12 00:00:00,73.9348540842,74.9607771289,75.3454982706,73.5244848664,874132.0,73.9348540842
2016-12-13 00:00:00,74.02889703,73.7895149862,74.4307168891,73.2167934465,588160.0,74.02889703
2016-12-14 00:00:00,73.6612746056,74.2169829215,74.7983393135,73.3791457684,769936.0,73.6612746056
2016-12-15 00:00:00,73.9776008777,73.7296694753,74.7641418786,73.5415835838,1426257.0,73.9776008777
2016-12-16 00:00:00,73.9177553668,74.02889703,74.5931547045,73.7809656275,1605814.0,73.9177553668
2016-12-19 00:00:00,74.1656867693,73.7553175514,74.3794207369,73.6783733231,982967.0,74.1656867693
2016-12-20 00:00:00,74.1400386931,74.3794207369,74.3794207369,73.6185278121,582955.0,74.1400386931
2016-12-21 00:00:00,74.4991117588,74.2579864404,74.9296926844,74.0513075961,802106.0,74.4991117588
2016-12-22 00:00:00,74.0426959776,74.5163349958,74.791820672,73.5690569593,377200.0,74.0426959776
2016-12-23 00:00:00,74.4732769032,74.0254727405,74.5938395624,73.8618519888,281619.0,74.4732769032
2016-12-27 00:00:00,74.6282860365,74.7316254586,74.9296926844,74.4474420477,578931.0,74.6282860365
2016-12-28 00:00:00,73.362378115,75.0244204881,75.1105366732,73.1815341262,394687.0,73.362378115
2016-12-29 00:00:00,73.2504270743,73.327931641,73.7068428555,72.8629042412,550087.0,73.2504270743
2016-12-30 00:00:00,73.04374823,73.6207266704,73.6929781497,72.5787208303,372647.0,73.04374823
2017-01-03 00:00:00,73.1987573633,73.3365432595,73.9738030295,72.3462071304,1053646.0,73.1987573633
2017-01-04 00:00:00,74.3785490996,73.5776685778,74.4388304292,73.2418154558,925849.0,74.3785490996
2017-01-05 00:00:00,73.4829407742,74.3785490996,74.95552754,72.9231855708,605185.0,73.4829407742
2017-01-06 00:00:00,75.0933134362,73.5173872482,75.308603899,73.327931641,773456.0,75.0933134362
2017-01-09 00:00:00,75.5841756914,74.8349648808,76.1869889874,74.352714244,1083893.0,75.5841756914
2017-01-10 00:00:00,75.7650196802,75.5238943619,76.281716791,75.2310993324,861677.0,75.7650196802
2017-01-11 00:00:00,76.2300470799,75.8339126283,76.884530087,75.6789034951,566231.0,76.2300470799
2017-01-12 00:00:00,74.8177416438,75.8683591024,76.468675029,74.0513075961,654448.0,74.8177416438
2017-01-13 00:00:00,75.1105366732,74.8866345919,75.7994661543,74.5859168734,438779.0,75.1105366732
2017-01-17 00:00:00,73.7757358036,74.7660719327,74.7660719327,73.5432221038,661858.0,73.7757358036
2017-01-18 00:00:00,74.6282860365,73.9135216999,74.8521881178,73.5154926922,561750.0,74.6282860365
2017-01-19 00:00:00,73.8532403703,74.6627325105,75.4550014137,73.5044698205,410238.0,73.8532403703
2017-01-20 00:00:00,74.1029773072,74.2063167293,74.8952462104,73.8532403703,736277.0,74.1029773072
2017-01-23 00:00:00,76.0664263282,74.4388304292,76.1783773689,74.4129955736,669016.0,76.0664263282
2017-01-24 00:00:00,79.2957832707,76.5917350575,79.4594040224,76.4883956353,1358509.0,79.2957832707
2017-01-25 00:00:00,81.5520273212,82.2409568022,82.2409568022,80.0966637924,1152529.0,81.5520273212
2017-01-26 00:00:00,80.9664372623,81.4917459916,81.7587061655,80.3205658738,878552.0,80.9664372623
2017-01-27 00:00:00,80.5875260477,81.2075625806,81.5434157027,80.3725800496,713233.0,80.5875260477
2017-01-30 00:00:00,79.0718811893,80.5186330996,80.5186330996,78.7790861599,1286420.0,79.0718811893
2017-01-31 00:00:00,79.3818994558,81.6639783619,83.4207485386,78.3054471417,2027667.0,79.3818994558
2017-02-01 00:00:00,80.174168359,79.201055467,80.6219725217,78.4087865638,1190258.0,80.174168359
2017-02-02 00:00:00,80.4066820589,79.9761011332,80.475575007,78.4264403818,959318.0,80.4066820589
2017-02-03 00:00:00,81.1386696325,81.1645044881,81.767317784,80.6994770884,723452.0,81.1386696325
2017-02-06 00:00:00,81.1214463955,79.7435874334,81.3195136213,77.3581691052,1201808.0,81.1214463955
2017-02-07 00:00:00,81.8792688247,81.0697766844,83.1365651276,80.8200397475,1119534.0,81.8792688247
2017-02-08 00:00:00,81.1042231585,81.8878804432,82.1290057616,78.3226703787,3162136.0,81.1042231585
2017-02-09 00:00:00,80.7339235624,80.9147675512,80.9147675512,78.7101932118,1159852.0,80.7339235624
2017-02-10 00:00:00,81.0267185919,80.811428129,81.3797949509,79.8813733296,588981.0,81.0267185919
2017-02-13 00:00:00,81.6984248359,81.3195136213,82.705984202,80.6908654698,1000536.0,81.6984248359
2017-02-14 00:00:00,81.9309385358,81.3109020028,82.1462289986,81.1817277251,426373.0,81.9309385358
2017-02-15 00:00:00,82.2065103282,82.1806754727,82.7834887686,82.0299721487,704554.0,82.2065103282
2017-02-16 00:00:00,83.2054580757,82.6112563983,83.3001858794,82.3098497504,778909.0,83.2054580757
2017-02-17 00:00:00,82.0342779579,82.705984202,83.1806566144,81.3195136213,786351.0,82.0342779579
2017-02-21 00:00:00,82.5079169762,81.9826082468,82.6715377279,81.7113422637,722761.0,82.5079169762
2017-02-22 00:00:00,80.9492140252,82.1462289986,82.3614333452,80.6478073773,1246061.0,80.9492140252
2017-02-23 00:00:00,80.9406024067,81.6381435063,81.9955256746,80.3894588219,783293.0,80.9406024067
2017-02-24 00:00:00,80.475575007,80.6736422328,81.0783883029,80.0363824628,614803.0,80.475575007
2017-02-27 00:00:00,80.6564189958,80.475575007,81.112834777,80.2172264516,706180.0,80.6564189958
2017-02-28 00:00:00,79.5971899187,80.4497401515,80.9406024067,79.381985572,971606.0,79.5971899187
2017-03-01 00:00:00,80.7339235624,80.3894588219,80.9061559327,79.954572087,1132286.0,80.7339235624
2017-03-02 00:00:00,80.5186330996,80.7339235624,80.8630978401,80.1913915961,866311.0,80.5186330996
2017-03-03 00:00:00,80.7253119439,80.811428129,81.0869999215,80.0536056999,674808.0,80.7253119439
2017-03-06 00:00:00,79.519685352,80.6391957588,80.8803210771,78.8393674895,741330.0,79.519685352
2017-03-07 00:00:00,79.6144131557,79.6574712483,80.174168359,78.9297894839,1178920.0,79.6144131557
2017-03-08 00:00:00,80.0622173184,79.9416546592,80.6133609032,79.7823397167,796095.0,80.0622173184
2017-03-09 00:00:00,79.8985965666,80.0622173184,80.3980704404,79.4335691669,673225.0,79.8985965666
2017-03-10 00:00:00,79.3818994558,80.3808472034,81.0611650659,79.2441135596,770187.0,79.3818994558
2017-03-13 00:00:00,79.7866455259,80.0554333994,80.0554333994,79.3964695806,737341.0,79.7866455259
2017-03-14 00:00:00,79.6392457244,79.5351988056,80.1767347655,79.1883757432,588440.0,79.6392457244
2017-03-15 00:00:00,80.5496562634,79.6999397603,81.0178673978,79.6565868775,827357.0,80.5496562634
2017-03-16 00:00:00,80.1247980119,80.9485027853,80.974514515,79.8820218681,686159.0,80.1247980119
2017-03-17 00:00:00,80.0814451291,80.1854920478,80.5496562634,79.8820218681,2332359.0,80.0814451291
2017-03-20 00:00:00,81.8589133243,80.4022564619,81.9889719728,79.821414538,755251.0,81.8589133243
2017-03-21 00:00:00,79.370457851,81.9889719728,82.3704773415,78.8762349869,687369.0,79.370457851
2017-03-22 00:00:00,79.8733512916,79.4745047697,79.9513864806,78.9022467166,1077648.0,79.8733512916
2017-03-23 00:00:00,80.1508097416,79.8733512916,80.8531264431,79.4658341931,431706.0,80.1508097416
2017-03-24 00:00:00,78.3906826994,79.587222265,79.864680715,77.8877892588,754364.0,78.3906826994
2017-03-27 00:00:00,77.350213512,77.4542604307,77.6883659979,76.7085908463,1121764.0,77.350213512
2017-03-28 00:00:00,78.7375057619,77.0900962151,79.2664109322,76.9947198729,848626.0,78.7375057619
2017-03-29 00:00:00,78.0785419432,78.4687178885,78.8242115275,77.8877892588,611513.0,78.0785419432
2017-03-30 00:00:00,78.9976230588,78.1392359791,79.1623640135,78.1392359791,555621.0,78.9976230588
2017-03-31 00:00:00,79.4398224635,78.815540951,79.9947393634,78.538082501,739553.0,79.4398224635
2017-04-03 00:00:00,78.7201646088,79.509187076,79.8473395619,78.1565771322,608890.0,78.7201646088
2017-04-04 00:00:00,79.0409759416,78.4080238526,79.4051401572,78.2919248324,808270.0,79.0409759416
2017-04-05 00:00:00,78.7461763385,79.2490697791,79.918698407,78.6941528791,467290.0,78.7461763385
2017-04-06 00:00:00,79.5698811119,78.7028234557,79.9860687869,78.4817237533,487036.0,79.5698811119
2017-04-07 00:00:00,78.9369290228,79.2924226619,79.7424255855,78.6941528791,774348.0,78.9369290228
2017-04-10 00:00:00,78.9022467166,79.1883757432,79.44849304,78.4166944291,662392.0,78.9022467166
2017-04-11 00:00:00,78.9109172932,78.8762349869,79.092999401,78.4860590416,584063.0,78.9109172932
2017-04-12 00:00:00,78.1912594385,78.954270176,79.092999401,77.8010834932,588942.0,78.1912594385
2017-04-13 00:00:00,78.0525302135,78.1739182854,78.4687178885,77.8097540698,714503.0,78.0525302135
2017-04-17 00:00:00,79.17103459,78.5467530775,79.2230580494,78.2779652041,563085.0,79.17103459
2017-04-18 00:00:00,80.1854920478,79.6739280306,81.191278929,79.5265282291,705866.0,80.1854920478
2017-04-19 00:00:00,81.1652671993,80.8011029837,81.6855017931,80.28086839,731308.0,81.1652671993
2017-04-20 00:00:00,81.3646904603,81.3733610368,82.1883952337,81.2866552712,658885.0,81.3646904603
2017-04-21 00:00:00,81.2693141181,81.5120902618,81.6421489103,80.913820479,514720.0,81.2693141181
2017-04-24 00:00:00,81.5727842978,82.3704773415,82.5872417556,81.4167139197,760865.0,81.5727842978
2017-04-25 00:00:00,81.8155604415,82.301112729,82.8040061696,81.5467725681,521033.0,81.8155604415
2017-04-26 00:00:00,81.9716308196,82.0670071618,82.8213473227,81.2779846947,617174.0,81.9716308196
2017-04-27 00:00:00,86.9138594601,86.0554723805,87.5814938554,84.7895682024,1267998.0,86.9138594601
2017-04-28 00:00:00,85.647955282,86.9225300367,86.9442064781,85.4051791383,1048568.0,85.647955282
2017-05-01 00:00:00,85.5178966336,85.8040256602,86.1768604523,85.1624029946,645796.0,85.5178966336
2017-05-02 00:00:00,85.647955282,85.5525789399,86.0381312273,85.3965085617,435459.0,85.647955282
2017-05-03 00:00:00,85.7606727773,85.4918849039,85.7780139305,85.2404381836,818734.0,85.7606727773
2017-05-04 00:00:00,87.1566356039,85.8126962367,87.5034586664,85.7433316242,821511.0,87.1566356039
2017-05-05 00:00:00,88.6132924663,87.5381409726,88.8734097632,87.1479650273,946498.0,88.6132924663
2017-05-08 00:00:00,87.8416111523,88.5265867007,88.8040451507,87.3734000179,578042.0,87.8416111523
2017-05-09 00:00:00,87.2260002164,87.8502817289,88.1103990257,87.1653061804,464182.0,87.2260002164
2017-05-10 00:00:00,89.0381507179,87.1306238742,89.1595387898,87.1046121445,605641.0,89.0381507179
2017-05-11 00:00:00,88.8647391866,88.8647391866,89.0641624476,88.3705163226,585960.0,88.8647391866
2017-05-12 00:00:00,88.7173393851,88.3878574757,88.7693628445,88.1103990257,429659.0,88.7173393851
2017-05-15 00:00:00,89.2028916726,88.7086688085,89.4420261742,88.5699395835,529416.0,89.2028916726
2017-05-16 00:00:00,89.2115622491,89.4023149335,89.4543383929,88.223116521,500833.0,89.2115622491
2017-05-17 00:00:00,87.1826473336,88.223116521,88.4312103585,87.1392944507,501336.0,87.1826473336
2017-05-18 00:00:00,86.0294606508,86.6970950461,86.7404479289,85.0583560758,797090.0,86.0294606508
2017-05-19 00:00:00,86.1421781461,86.0294606508,86.619059857,85.8387079664,855391.0,86.1421781461
2017-05-22 00:00:00,86.6277304336,86.3589425601,87.0222416672,86.0381312273,674595.0,86.6277304336
2017-05-23 00:00:00,86.7057656226,86.7838008117,86.9572123429,86.0554723805,605591.0,86.7057656226
2017-05-24 00:00:00,88.1103990257,86.8705065773,88.1797636382,86.8358242711,555043.0,88.1103990257
2017-05-25 00:00:00,88.4138692054,88.1364107554,89.0815036007,88.0150226835,357230.0,88.4138692054
2017-05-26 00:00:00,88.5959513132,88.422539782,88.8040451507,87.9283169179,331693.0,88.5959513132
2017-05-30 00:00:00,88.7173393851,88.4572220882,89.1768799429,88.0453697015,373913.0,88.7173393851
2017-05-31 00:00:00,88.5786101601,89.0208095648,89.1161859069,88.0583755663,745525.0,88.5786101601
2017-06-01 00:00:00,90.1739962475,88.6566453491,90.2260197069,88.5352572773,355382.0,90.1739962475
2017-06-02 00:00:00,90.3474077788,90.1393139413,90.937006985,89.8791966444,359062.0,90.3474077788
2017-06-05 00:00:00,90.2520314366,90.3474077788,90.8676423725,90.1393139413,568579.0,90.2520314366
2017-06-06 00:00:00,89.6277499241,90.2346902835,90.7289131475,89.2115622491,526330.0,89.6277499241
2017-06-07 00:00:00,89.9572318335,89.7144556897,90.581513346,89.5843970413,625293.0,89.9572318335
2017-06-08 00:00:00,89.9745729866,89.8185026085,90.3300666257,89.2809268616,418247.0,89.9745729866
2017-06-09 00:00:00,90.997701021,90.5121487335,91.7086882991,90.1956726889,564723.0,90.997701021
2017-06-12 00:00:00,91.214465435,90.8676423725,91.7086882991,90.7462543007,780749.0,91.214465435
2017-06-13 00:00:00,92.2462640459,91.2955413927,92.2898751768,91.0600412859,441600.0,92.2462640459
2017-06-14 00:00:00,91.5397637256,92.9614865924,92.9614865924,91.1734302262,503833.0,91.5397637256
2017-06-15 00:00:00,91.906097225,91.3478747497,92.743430938,90.9675856884,470152.0,91.906097225
2017-06-16 00:00:00,93.8249869839,92.0718195224,93.929653698,91.9671528083,991783.0,93.8249869839
2017-06-19 00:00:00,94.4617094948,94.6884873754,94.9806819524,93.8337092101,574747.0,94.4617094948
2017-06-20 00:00:00,94.1128204478,94.3570427807,94.566376209,93.6505424604,492508.0,94.1128204478
2017-06-21 00:00:00,93.9470981504,94.173876031,94.3919316854,93.4586534845,438072.0,93.9470981504
2017-06-22 00:00:00,93.9645426028,94.1302649001,94.2785427451,93.3714312227,483622.0,93.9645426028
2017-06-23 00:00:00,95.4473210528,94.0866537692,95.5519877669,93.5982091033,1172028.0,95.4473210528
2017-06-26 00:00:00,96.886488372,95.9444879449,97.1743218358,95.5694322193,977592.0,96.886488372
2017-06-27 00:00:00,96.4765437417,96.8079883364,97.1132662526,96.345710349,1145419.0,96.4765437417
2017-06-28 00:00:00,98.3605445959,97.0173217646,99.0147115591,96.8428772411,936423.0,98.3605445959
2017-06-29 00:00:00,97.2964330023,98.5349891194,98.5349891194,96.6858771699,1109140.0,97.2964330023
2017-06-30 00:00:00,97.1568773835,97.8110443467,97.8939054954,96.6248215867,841954.0,97.1568773835
2017-07-03 00:00:00,97.7848776682,97.4359886211,98.613489155,97.1307107049,271102.0,97.7848776682
2017-07-05 00:00:00,97.5929886923,97.8982666085,98.4913779885,97.0783773479,546401.0,97.5929886923
2017-07-06 00:00:00,96.6771549437,97.183044062,97.6191553708,96.4765437417,498120.0,96.6771549437
2017-07-07 00:00:00,96.7469327532,96.8079883364,97.2266551929,96.5724882296,696456.0,96.7469327532
2017-07-10 00:00:00,98.0901555844,96.197432504,98.9362115235,95.9533846156,974473.0,98.0901555844
2017-07-11 00:00:00,97.0696551217,98.3082112388,98.3082112388,96.6160993605,671075.0,97.0696551217
2017-07-12 00:00:00,97.5493775614,97.7587109897,98.3518223697,96.8734050327,552255.0,97.5493775614
2017-07-13 00:00:00,98.8315448094,98.1337667153,99.7037674271,98.1076000367,833308.0,98.8315448094
2017-07-14 00:00:00,98.6571002859,98.9623782021,99.0670449162,98.5437113456,357649.0,98.6571002859
2017-07-17 00:00:00,98.4216001791,98.3082112388,98.7792114524,97.6365998232,516814.0,98.4216001791
2017-07-18 00:00:00,97.2615440976,97.87209993,98.0988778106,96.8515994673,805951.0,97.2615440976
2017-07-19 00:00:00,97.9331555132,97.723822085,98.1424889414,97.4839608651,731336.0,97.9331555132
2017-07-20 00:00:00,96.345710349,97.6540442755,97.6540442755,95.5345433146,1545834.0,96.345710349
2017-07-21 00:00:00,95.4734877313,96.1276546946,96.4415676147,94.8542096728,1155206.0,95.4734877313
2017-07-24 00:00:00,95.063543101,96.4242103846,96.6248215867,95.0024875178,1464986.0,95.063543101
2017-07-25 00:00:00,94.7059318278,95.6479322549,95.6915433858,94.4180983639,22574355.0,94.7059318278
2017-07-26 00:00:00,94.8978208037,94.8542096728,95.6304878025,93.7726536269,2116244.0,94.8978208037
2017-07-27 00:00:00,96.4242103846,93.9907092813,97.9767666441,92.2898751768,1473014.0,96.4242103846
2017-07-28 00:00:00,95.7438767428,96.4852659679,97.2440996452,95.0984320057,2008335.0,95.7438767428
2017-07-31 00:00:00,95.4909321837,96.2061547302,96.5550437773,95.159487589,1150082.0,95.4909321837
2017-08-01 00:00:00,95.9880990758,95.6915433858,96.3195436705,94.9327097084,988745.0,95.9880990758
2017-08-02 00:00:00,96.145099147,95.6304878025,96.4154881584,94.8978208037,735303.0,96.145099147
2017-08-03 00:00:00,96.0142657543,96.0404324328,97.1219884788,95.6304878025,702821.0,96.0142657543
2017-08-04 00:00:00,95.1420431366,96.3369881228,96.6248215867,94.8978208037,938062.0,95.1420431366
2017-08-07 00:00:00,95.4385988266,95.3862654696,96.049154659,94.9937652916,764286.0,95.4385988266
2017-08-08 00:00:00,95.6130433502,95.8049323261,96.345710349,95.307765434,995676.0,95.6130433502
2017-08-09 00:00:00,95.2205431722,95.604321124,96.0753213375,95.0024875178,750875.0,95.2205431722
2017-08-10 00:00:00,93.6156535557,95.4909321837,95.7787656475,93.4673757107,725083.0,93.6156535557
2017-08-11 00:00:00,93.781375853,93.4586534845,94.2349316142,93.2405978301,1532275.0,93.781375853
2017-08-14 00:00:00,95.1856542675,94.5227650781,95.8485434569,94.2698205189,732137.0,95.1856542675
2017-08-15 00:00:00,95.3252098863,95.2903209816,96.1276546946,94.8367652204,794207.0,95.3252098863
2017-08-16 00:00:00,97.2004885143,95.9357657187,97.3662108117,95.9357657187,697413.0,97.2004885143
2017-08-17 00:00:00,96.441654837,96.9039328243,97.2528218714,96.2323214087,695950.0,96.441654837
2017-08-18 00:00:00,95.9357657187,96.1799880517,96.790543884,95.7002656119,723595.0,95.9357657187
2017-08-21 00:00:00,92.9004310092,95.752598969,95.752598969,92.8829865568,983038.0,92.9004310092
2017-08-22 00:00:00,94.8890985775,92.9702088186,94.9937652916,92.9702088186,838467.0,94.8890985775
2017-08-23 00:00:00,95.211820946,94.4965983995,95.8485434569,94.2959871975,557136.0,95.211820946
2017-08-24 00:00:00,96.049154659,95.4647655052,96.293376992,95.1943764937,609474.0,96.049154659
2017-08-25 00:00:00,96.2584880873,96.4242103846,96.8079883364,95.8310990046,521562.0,96.2584880873
2017-08-28 00:00:00,95.1245986843,96.345710349,96.5724882296,95.0024875178,554581.0,95.1245986843
2017-08-29 00:00:00,94.6361540184,94.714654054,94.915265256,94.2000427095,642926.0,94.6361540184
2017-08-30 00:00:00,96.938821729,94.6710429231,96.9649884076,94.6710429231,660180.0,96.938821729
2017-08-31 00:00:00,98.0465444535,97.1132662526,98.3605445959,96.9737106338,828020.0,98.0465444535
2017-09-01 00:00:00,98.9536559759,98.3082112388,99.106294934,98.3082112388,434542.0,98.9536559759
2017-09-05 00:00:00,97.5929886923,98.9274892974,99.1629894041,97.2179329667,678034.0,97.5929886923
2017-09-06 00:00:00,97.3662108117,97.7674332158,98.2907667865,96.5550437773,525822.0,97.3662108117
2017-09-07 00:00:00,97.9331555132,97.4621552997,98.4390446315,96.9418745082,602890.0,97.9331555132
2017-09-08 00:00:00,99.2502116659,98.0465444535,99.8171563674,97.8895443823,724773.0,99.2502116659
2017-09-11 00:00:00,101.8756017451,99.8084341412,102.4511814505,99.2676561183,1479133.0,101.8756017451
2017-09-12 00:00:00,103.1577689931,102.8350466246,103.7683248255,102.1285463042,1182469.0,103.1577689931
2017-09-13 00:00:00,101.7011572216,102.6257131963,102.8873799816,100.8987124133,1224965.0,101.7011572216
2017-09-14 00:00:00,101.5528793766,101.3248677303,101.7633516654,100.7197598998,861011.0,101.5528793766
2017-09-15 00:00:00,101.6230368062,101.3424070877,101.7984303803,100.4128211452,2177654.0,101.6230368062
2017-09-18 00:00:00,101.9212058821,101.9124362034,102.7718647162,101.6493458423,1092825.0,101.9212058821
2017-09-19 00:00:00,102.8332524672,101.9212058821,103.0875731495,101.1363196382,1061852.0,102.8332524672
2017-09-20 00:00:00,104.6047275651,102.8332524672,104.7362727456,102.8244827885,860197.0,104.6047275651
2017-09-21 00:00:00,104.1837829874,104.5258004568,104.6310366012,103.9382319837,411227.0,104.1837829874
2017-09-22 00:00:00,101.9124362034,103.9206926263,104.1750133087,101.0354683331,1079017.0,101.9124362034
2017-09-25 00:00:00,99.8866404231,101.5353400192,101.8159697377,98.3957950436,975715.0,99.8866404231
2017-09-26 00:00:00,100.2549669286,100.035724961,100.9565412248,99.8866404231,598902.0,100.2549669286
2017-09-27 00:00:00,101.1056257627,100.7372992572,101.6142671275,100.184809499,689924.0,101.1056257627
2017-09-28 00:00:00,101.3862554812,100.9039231526,101.894896846,100.4829785749,874097.0,101.3862554812
2017-09-29 00:00:00,100.5706753619,100.9302321887,100.9740805822,99.8778707444,827676.0,100.5706753619
2017-10-02 00:00:00,102.4736956404,100.3689727517,102.6578588931,100.3689727517,681286.0,102.4736956404
2017-10-03 00:00:00,102.8420221459,102.8420221459,103.3769725467,102.1325551388,544730.0,102.8420221459
2017-10-04 00:00:00,102.8946402181,102.868331182,103.4471299763,102.4342320862,655706.0,102.8946402181
2017-10-05 00:00:00,102.6578588931,102.9384886116,102.9472582903,102.0001329904,768863.0,102.6578588931
2017-10-06 00:00:00,102.1667568858,102.3859988533,103.3243544745,102.0176723478,527777.0,102.1667568858
2017-10-09 00:00:00,102.3596898172,102.4298472468,102.7017072866,101.7370426293,383804.0,102.3596898172
2017-10-10 00:00:00,103.0174157199,102.5000046765,103.1752699366,102.2106052793,341853.0,103.0174157199
2017-10-11 00:00:00,102.3421504598,103.1138821856,103.2892757597,101.9913633117,580698.0,102.3421504598
2017-10-12 00:00:00,101.2897890155,102.5350833913,102.5350833913,101.1889377104,788973.0,101.2897890155
2017-10-13 00:00:00,101.4564129108,101.1056257627,101.7896607015,100.9653109035,771589.0,101.4564129108
2017-10-16 00:00:00,102.6052408209,101.7019639145,102.6490892144,101.3774858025,694979.0,102.6052408209
2017-10-17 00:00:00,102.3859988533,102.6666285718,103.1401912218,102.1842962432,679960.0,102.3859988533
2017-10-18 00:00:00,102.0965994561,102.5263137126,102.8157131098,101.7984303803,792639.0,102.0965994561
2017-10-19 00:00:00,102.2544536728,101.8598181312,102.3772291746,101.4564129108,386285.0,102.2544536728
2017-10-20 00:00:00,103.7979171245,102.8332524672,103.8154564819,102.5877014635,596227.0,103.7979171245
2017-10-23 00:00:00,103.604984193,104.2188617022,104.3504068827,103.5611357995,546147.0,103.604984193
2017-10-24 00:00:00,104.0346984494,104.7099637095,104.8590482475,103.3594331893,756178.0,104.0346984494
2017-10-25 00:00:00,103.5830599962,104.3065584892,104.6047275651,102.5175440339,590204.0,103.5830599962
2017-10-26 00:00:00,103.9908500559,102.6052408209,105.8938703344,102.1755265645,912790.0,103.9908500559
2017-10-27 00:00:00,102.54385307,103.3068151171,103.4953632092,97.913462715,1456689.0,102.54385307
2017-10-30 00:00:00,101.3511767664,101.9036665247,102.557007588,101.1407044776,708149.0,101.3511767664
2017-10-31 00:00:00,101.9650542756,101.6405761636,102.5000046765,100.9477715461,423842.0,101.9650542756
2017-11-01 00:00:00,102.2281446367,102.7017072866,103.0840652781,101.7808910228,866324.0,102.2281446367
2017-11-02 00:00:00,101.9124362034,101.807200059,102.7806343949,101.3687161238,706273.0,101.9124362034
2017-11-03 00:00:00,101.5002613044,101.8159697377,102.4649259617,101.3862554812,512971.0,101.5002613044
2017-11-06 00:00:00,97.3083548845,101.4651825896,101.4739522683,97.0189554873,1735655.0,97.3083548845
2017-11-07 00:00:00,97.6503723539,97.1505006679,98.1786577989,96.3436902272,783580.0,97.6503723539
2017-11-08 00:00:00,97.7029904261,97.3434335993,97.8520749641,96.9312587003,883439.0,97.7029904261
2017-11-09 00:00:00,95.7912004689,97.0014161299,97.4311303863,95.1422442449,1183163.0,95.7912004689
2017-11-10 00:00:00,96.703247054,95.9490546856,97.0101858086,95.8438185412,913648.0,96.703247054
2017-11-13 00:00:00,98.5361099029,96.6330896244,98.8605880149,96.1770663319,1052857.0,98.5361099029
2017-11-14 00:00:00,98.8430486575,98.1414743613,99.4832352028,97.9222323937,456757.0,98.8430486575
2017-11-15 00:00:00,98.088856289,98.2642498631,99.1762964482,97.7468388196,667083.0,98.088856289
2017-11-16 00:00:00,98.1063956464,97.8520749641,98.7465821917,97.7556084983,632358.0,98.1063956464
2017-11-17 00:00:00,98.6325763686,97.7117601048,98.974593838,97.439900065,437380.0,98.6325763686
2017-11-20 00:00:00,98.0186988594,98.2291711483,99.1061390185,97.8178732171,664385.0,98.0186988594
2017-11-21 00:00:00,98.2554801844,98.5974976538,99.211375163,98.2028621122,609945.0,98.2554801844
2017-11-22 00:00:00,98.2817892205,98.4045647223,98.7115034769,97.838920446,467594.0,98.2817892205
2017-11-24 00:00:00,97.7556084983,98.6413460473,98.9395151232,97.7556084983,177969.0,97.7556084983
2017-11-27 00:00:00,97.7117601048,97.7819175344,98.7290428343,97.3872819928,544718.0,97.7117601048
2017-11-28 00:00:00,99.0535209463,98.0362382168,99.0798299824,97.501287816,532246.0,99.0535209463
2017-11-29 00:00:00,100.9302321887,99.0710603037,101.0354683331,98.8430486575,665335.0,100.9302321887
2017-11-30 00:00:00,104.0083894133,101.0266986544,104.341637204,100.9390018674,1333269.0,104.0083894133
2017-12-01 00:00:00,102.956027969,103.9470016624,103.9557713411,100.3338940369,932395.0,102.956027969
2017-12-04 00:00:00,104.2802494531,103.841765518,105.1835263595,103.3506635106,876707.0,104.2802494531
2017-12-05 00:00:00,103.2717364023,103.8680745541,104.1881678267,102.9384886116,668504.0,103.2717364023
2017-12-06 00:00:00,102.9034098968,103.3945119041,103.8943835902,102.7455556801,520935.0,102.9034098968
2017-12-07 00:00:00,103.4471299763,102.7367860014,103.9470016624,102.4473866042,634829.0,103.4471299763
2017-12-08 00:00:00,103.780377767,103.6839113013,104.4117946336,103.2717364023,587599.0,103.780377767
2017-12-11 00:00:00,103.5962145143,103.5962145143,104.0960862003,101.9913633117,663354.0,103.5962145143
2017-12-12 00:00:00,102.5701621061,103.4734390125,103.4734390125,102.4473866042,565946.0,102.5701621061
2017-12-13 00:00:00,102.5877014635,102.3509201385,103.2454273662,102.3509201385,604143.0,102.5877014635
2017-12-14 00:00:00,100.7548386146,102.9384886116,103.0086460412,100.7372992572,919492.0,100.7548386146
2017-12-15 00:00:00,101.0880864053,100.7285295785,101.9650542756,100.1321914267,1641771.0,101.0880864053
2017-12-18 00:00:00,102.6403195357,101.421334196,102.8946402181,101.421334196,622345.0,102.6403195357
2017-12-19 00:00:00,104.2188617022,102.9647976477,105.1659870021,102.8946402181,804351.0,104.2188617022
2017-12-20 00:00:00,105.0081327854,104.7275030669,105.3939986483,104.2890191318,919192.0,105.0081327854
2017-12-21 00:00:00,105.4992347928,105.727246439,106.2095787677,105.1922960382,503316.0,105.4992347928
2017-12-22 00:00:00,105.8675612983,105.7265103381,106.1055847936,104.9419143721,405270.0,105.8675612983
2017-12-26 00:00:00,105.8763769833,105.8675612983,106.5640004142,105.5149338978,380849.0,105.8763769833
2017-12-27 00:00:00,106.2642671238,105.9909808884,106.7226827444,105.4884868428,432671.0,106.2642671238
2017-12-28 00:00:00,106.5992631542,106.3788710289,106.6609729493,105.3209888276,350448.0,106.5992631542
2017-12-29 00:00:00,106.2730828088,106.8461023345,107.0047846647,106.0615063685,443262.0,106.2730828088
2018-01-02 00:00:00,108.9706824222,107.0841258298,109.1205490674,106.7667611694,814512.0,108.9706824222
2018-01-03 00:00:00,111.0599997698,109.1558118074,111.5889408705,108.9971294772,874362.0,111.0599997698
2018-01-04 00:00:00,112.9112936221,111.2715762101,113.8545719183,111.209866415,1065238.0,112.9112936221
2018-01-05 00:00:00,113.2551053376,113.4578660928,113.8104934933,112.6027446468,672195.0,113.2551053376
2018-01-08 00:00:00,114.2336463738,113.8369405483,114.7714031595,113.4666817778,593228.0,114.2336463738
2018-01-09 00:00:00,112.7526112919,114.401144389,114.5333796642,112.5057721116,982369.0,112.7526112919
2018-01-10 00:00:00,112.8407681421,112.787874032,113.2022112275,112.2501172463,484516.0,112.8407681421
2018-01-11 00:00:00,113.9339130834,113.1845798575,113.9691758235,112.2765643013,323827.0,113.9339130834
2018-01-12 00:00:00,113.1228700624,114.0573326736,114.0573326736,112.5851132767,535861.0,113.1228700624
2018-01-16 00:00:00,110.9718429197,113.5372072579,113.7575993832,110.451717504,699920.0,110.9718429197
2018-01-17 00:00:00,111.7476232007,111.6153879255,112.2853799864,110.7250037394,565762.0,111.7476232007
2018-01-18 00:00:00,111.174603675,111.6065722405,112.1619603962,111.1040781949,524960.0,111.174603675
2018-01-19 00:00:00,112.4528780016,111.6859134056,112.5674819067,111.4919683354,714276.0,112.4528780016
2018-01-22 00:00:00,112.1795917662,112.6644544418,112.7349799219,111.4567055953,605256.0,112.1795917662
2018-01-23 00:00:00,111.5007840204,111.7917016257,112.1707760812,110.2225096938,652415.0,111.5007840204
2018-01-24 00:00:00,111.2539448401,111.9503839559,112.8583995121,110.6544782593,610289.0,111.2539448401
2018-01-25 00:00:00,110.7514507944,111.2627605251,112.2324858763,110.5134272991,783099.0,110.7514507944
2018-01-26 00:00:00,111.8974898459,111.3156546351,115.6000775505,109.9227764034,1287138.0,111.8974898459
2018-01-29 00:00:00,111.0511840848,113.5460229429,113.563654313,110.9806586047,735678.0,111.0511840848
2018-01-30 00:00:00,109.9404077734,110.5839527792,111.0952625099,109.3585725627,1055238.0,109.9404077734
2018-01-31 00:00:00,110.7514507944,110.2665881188,111.0247370298,105.1534908124,2235135.0,110.7514507944
2018-02-01 00:00:00,108.9089726271,110.4605331891,110.4605331891,107.9480629609,1651115.0,108.9089726271
2018-02-02 00:00:00,108.5210824866,108.5563452267,108.9530510522,107.3750434352,993855.0,108.5210824866
2018-02-05 00:00:00,103.258118535,107.4279375452,107.992141386,101.3803776276,1131374.0,103.258118535
2018-02-06 00:00:00,104.871388892,100.886699267,105.1446751274,100.886699267,1470257.0,104.871388892
2018-02-07 00:00:00,103.258118535,104.5099458066,105.7088789681,103.258118535,987448.0,103.258118535
2018-02-08 00:00:00,98.6915936992,102.9583852446,102.9672009296,98.6475152742,1122609.0,98.6915936992
2018-02-09 00:00:00,100.2872326863,99.6877661055,100.851436527,97.2193743024,828676.0,100.2872326863
2018-02-12 00:00:00,102.8702283945,101.7418207131,103.3550910701,100.6310444017,778402.0,102.8702283945
2018-02-13 00:00:00,102.2883931838,102.491153939,102.8261499694,101.7858991381,458004.0,102.2883931838
2018-02-14 00:00:00,102.2531304437,101.5302442728,102.5704951041,100.9924874871,707597.0,102.2531304437
2018-02-15 00:00:00,103.9633733359,102.8702283945,104.1485027211,101.2922207775,1051257.0,103.9633733359
2018-02-16 00:00:00,105.2328319775,103.7077184706,105.7970358182,103.3903538102,811256.0,105.2328319775
2018-02-20 00:00:00,104.7832320419,104.4746830665,105.7176946531,104.025083131,702146.0,104.7832320419
2018-02-21 00:00:00,105.1005967023,105.1711221824,107.233992475,104.818494782,615364.0,105.1005967023
2018-02-22 00:00:00,104.7038908768,105.7441417081,106.4934749341,104.4834987515,492799.0,104.7038908768
2018-02-23 00:00:00,105.2240162925,105.4796711578,105.5678280079,104.2013968312,449235.0,105.2240162925
2018-02-26 00:00:00,107.3221493251,105.7882201332,107.3485963801,105.3650672526,842025.0,107.3221493251
2018-02-27 00:00:00,105.9821652034,107.1899140499,107.7100394656,105.9821652034,377633.0,105.9821652034
2018-02-28 00:00:00,105.0829653323,106.3612396589,107.4455689153,105.0741496473,655040.0,105.0829653323
2018-03-01 00:00:00,104.5452085466,105.3562515676,105.7617730781,103.4785106603,785601.0,104.5452085466
2018-03-02 00:00:00,103.4256165502,103.7606125806,104.2102125162,101.8123461932,674020.0,103.4256165502
2018-03-05 00:00:00,103.0818048348,102.8173342844,104.2013968312,102.5881264741,618380.0,103.0818048348
2018-03-06 00:00:00,104.9683614271,103.6195616204,105.9380867784,103.4432479202,834408.0,104.9683614271
2018-03-07 00:00:00,104.0162674459,103.7870596357,105.1005967023,103.0377264097,626102.0,104.0162674459
2018-03-08 00:00:00,102.8614127095,104.1044242961,104.2542909412,102.2707618137,632735.0,102.8614127095
2018-03-09 00:00:00,105.664800543,103.6371929905,106.0615063685,103.0465420947,1212345.0,105.664800543
2018-03-12 00:00:00,105.8411142432,105.664800543,106.7579454844,105.3033574576,699772.0,105.8411142432
2018-03-13 00:00:00,105.9909808884,106.1849259587,107.5249100804,105.7176946531,492355.0,105.9909808884
2018-03-14 00:00:00,105.0388869072,106.6607326973,106.6607326973,104.6577974593,505537.0,105.0388869072
2018-03-15 00:00:00,104.2146701942,105.2250003586,105.4997392629,103.6386047497,575326.0,104.2146701942
2018-03-16 00:00:00,105.0300243619,104.2767080113,105.7567530766,103.381590936,2722801.0,105.0300243619
2018-03-19 00:00:00,103.3904534813,104.8439109106,105.4465639911,102.7700753102,585574.0,103.3904534813
2018-03-20 00:00:00,103.2575153017,103.824718201,104.2767080113,102.2914978639,712194.0,103.2575153017
2018-03-21 00:00:00,104.267845466,103.2575153017,105.5174643535,102.5750993136,558479.0,104.267845466
2018-03-22 00:00:00,100.1290368105,103.0714018504,103.558841842,100.0669989934,644278.0,100.1290368105
2018-03-23 00:00:00,96.7789946867,100.4303633507,100.4303633507,96.6371939619,734075.0,96.7789946867
2018-03-26 00:00:00,101.3343429714,96.9119328662,101.4761436962,96.9119328662,1075107.0,101.3343429714
2018-03-27 00:00:00,99.5441088206,101.9458585972,101.9458585972,99.0566688291,581769.0,99.5441088206
2018-03-28 00:00:00,98.5337786563,99.8099851797,100.26197499,98.2679022973,721492.0,98.5337786563
2018-03-29 00:00:00,99.8808855421,99.3048200975,100.8912157064,98.7730673794,676186.0,99.8808855421
2018-04-02 00:00:00,97.4259604937,99.1807444633,100.0049611763,95.6800390694,973960.0,97.4259604937
2018-04-03 00:00:00,99.171881918,97.6918368527,99.4732084582,97.2221219518,693875.0,99.171881918
2018-04-04 00:00:00,99.5441088206,97.6209364903,99.8720229968,97.1778092253,574654.0,99.5441088206
2018-04-05 00:00:00,100.2885626259,100.3771880789,101.3697931526,100.1290368105,750561.0,100.2885626259
2018-04-06 00:00:00,97.612073945,99.1807444633,99.5884215471,96.9739706833,594348.0,97.612073945
2018-04-09 00:00:00,98.4097030221,98.2501772067,99.996098631,97.7361495792,716123.0,98.4097030221
2018-04-10 00:00:00,100.8557655252,99.7213597266,101.5647691492,99.2693699163,517872.0,100.8557655252
2018-04-11 00:00:00,99.8631604515,100.0404113575,100.6076142567,98.8971430137,348623.0,99.8631604515
2018-04-12 00:00:00,100.4746760772,100.3860506242,101.0152913406,100.0138237216,576168.0,100.4746760772
2018-04-13 00:00:00,100.6253393473,101.2191298825,101.2811676996,100.1290368105,350156.0,100.6253393473
2018-04-16 00:00:00,100.9621160688,101.4938687868,102.0699342314,100.6785146191,544734.0,100.9621160688
2018-04-17 00:00:00,102.7257625837,101.5824942399,102.9650513068,101.0330164312,614047.0,102.7257625837
2018-04-18 00:00:00,102.9650513068,103.3195531188,104.0108316523,102.5130614965,507226.0,102.9650513068
2018-04-19 00:00:00,102.9739138521,102.8852883991,103.5145291155,102.176284775,524179.0,102.9739138521
2018-04-20 00:00:00,102.9207385803,103.1688898487,103.6208796591,102.4067109528,672340.0,102.9207385803
2018-04-23 00:00:00,103.9665189258,103.0714018504,104.09059456,103.0714018504,886028.0,103.9665189258
2018-04-24 00:00:00,101.0330164312,104.6932476405,105.1275123602,99.7568099078,998108.0,101.0330164312
2018-04-25 00:00:00,104.4982716439,101.7774702365,104.8882236371,99.8099851797,1190922.0,104.4982716439
2018-04-26 00:00:00,103.8690309275,104.7818730935,105.1984127227,103.4347662078,1023923.0,103.8690309275
2018-04-27 00:00:00,103.0714018504,103.7095051121,104.1614949224,102.4776113152,953322.0,103.0714018504
2018-04-30 00:00:00,102.5307865871,103.1511647581,103.7449552933,102.1674222297,923935.0,102.5307865871
2018-05-01 00:00:00,103.0979894863,102.1496971391,103.2752403923,100.5987517114,887077.0,103.0979894863
2018-05-02 00:00:00,99.3402702787,102.8498382179,102.9650513068,99.1896070086,1086666.0,99.3402702787
2018-05-03 00:00:00,100.7494149816,99.0034935573,101.4318309697,98.6933044717,1372669.0,100.7494149816
2018-05-04 00:00:00,101.1659546107,100.1822120823,102.0433465955,99.6504593642,591345.0,101.1659546107
2018-05-07 00:00:00,101.1216418842,101.3254804261,101.644532057,100.0581364481,591909.0,101.1216418842
2018-05-08 00:00:00,100.820315344,101.2988927902,101.5647691492,100.3062877165,637256.0,100.820315344
2018-05-09 00:00:00,102.3180854998,101.2545800637,102.6991749478,100.6962397098,614874.0,102.3180854998
2018-05-10 00:00:00,102.9916389427,102.3889858622,103.2486527564,101.9547211425,318170.0,102.9916389427
2018-05-11 00:00:00,103.3550033,103.1423022128,104.0817320147,102.7700753102,477910.0,103.3550033
2018-05-14 00:00:00,103.4436287531,103.6829174762,103.9931065617,102.9030134897,324685.0,103.4436287531
2018-05-15 00:00:00,101.8572331442,102.9561887615,102.9827763974,101.3697931526,687523.0,101.8572331442
2018-05-16 00:00:00,105.4997392629,102.1053844126,105.7301654407,101.9369960519,815193.0,105.4997392629
2018-05-17 00:00:00,106.6430076067,105.295900721,106.9266090563,105.295900721,945747.0,106.6430076067
2018-05-18 00:00:00,107.3963239573,106.5455196084,107.8571763129,106.0580796168,751195.0,107.3963239573
2018-05-21 00:00:00,108.388929031,107.7774134052,108.4952795746,107.2456606872,523777.0,108.388929031
2018-05-22 00:00:00,108.8320562961,108.388929031,109.860111551,108.2294032156,988625.0,108.8320562961
2018-05-23 00:00:00,108.5041421199,108.6725304806,108.9295442944,107.4672243197,838373.0,108.5041421199
2018-05-24 00:00:00,108.0078395831,108.4952795746,108.8852315679,107.6799254069,596478.0,108.0078395831
2018-05-25 00:00:00,106.2353305229,107.6356126804,107.8837639488,105.827653439,1014111.0,106.2353305229
2018-05-29 00:00:00,104.7907356388,105.5086018082,105.9694541638,103.913343654,584796.0,104.7907356388
2018-05-30 00:00:00,104.9502614542,105.207275268,105.8453785296,104.82618582,607011.0,104.9502614542
2018-05-31 00:00:00,104.1349072865,105.3579385381,105.3579385381,104.0994571053,962260.0,104.1349072865
2018-06-01 00:00:00,106.385993793,105.1097872696,106.7227705144,104.6223472781,619854.0,106.385993793
2018-06-04 00:00:00,106.7050454238,107.0506846906,107.7774134052,106.5721072443,774784.0,106.7050454238
2018-06-05 00:00:00,107.3254235949,106.8645712392,108.2559908515,106.7848083315,361211.0,107.3254235949
2018-06-06 00:00:00,109.035894838,107.7331006787,109.0979326551,106.5100694272,596367.0,109.035894838
2018-06-07 00:00:00,109.0181697474,108.9827195662,109.4524344671,108.3268912139,630337.0,109.0181697474
2018-06-08 00:00:00,108.6902555712,109.035894838,109.3106337423,107.7331006787,735633.0,108.6902555712
2018-06-11 00:00:00,109.7005857355,108.8143312055,110.1348504553,108.5041421199,678708.0,109.7005857355
2018-06-12 00:00:00,109.5499224654,109.9664620946,110.5159399032,109.213145744,786645.0,109.5499224654
2018-06-13 00:00:00,107.0063719641,109.4524344671,109.4524344671,106.4923443366,838787.0,107.0063719641
2018-06-14 00:00:00,107.741963224,107.5992350065,108.2861145534,107.4921888433,820318.0,107.741963224
2018-06-15 00:00:00,106.1808733446,106.2076348854,106.6268990244,104.2094398396,1111825.0,106.1808733446
2018-06-18 00:00:00,106.216555399,105.2620604441,106.4663297797,104.7714321962,1039607.0,106.216555399
2018-06-19 00:00:00,104.1202347037,105.0658091449,105.2352989033,103.7723346734,965544.0,104.1202347037
2018-06-20 00:00:00,104.2094398396,104.8338757914,104.8606373322,103.6385269694,522056.0,104.2094398396
2018-06-21 00:00:00,101.8187421957,104.1113141901,104.4681347339,101.6760139781,898666.0,101.8187421957
2018-06-22 00:00:00,102.8356807457,102.6840320146,103.7634141598,102.2558473619,1479728.0,102.8356807457
2018-06-25 00:00:00,102.5145422562,102.7553961233,102.8624422865,101.6403319237,780311.0,102.5145422562
2018-06-26 00:00:00,102.2469268483,102.585906365,102.7107935553,101.6403319237,487326.0,102.2469268483
2018-06-27 00:00:00,100.6055523465,102.4610191746,103.0230115312,100.5520292649,547132.0,100.6055523465
2018-06-28 00:00:00,99.9811163947,100.6233933737,100.6501549145,98.9374163038,421230.0,99.9811163947
2018-06-29 00:00:00,99.7224215004,100.239811289,101.2121472711,99.7224215004,412462.0,99.7224215004
2018-07-02 00:00:00,100.239811289,99.0801445214,100.284413857,98.3486624064,653835.0,100.239811289
2018-07-03 00:00:00,100.6412344009,100.7393600504,101.5422062741,100.2041292346,546682.0,100.6412344009
2018-07-05 00:00:00,100.5520292649,101.4083985702,101.4083985702,99.3656009565,577298.0,100.5520292649
2018-07-06 00:00:00,101.0515780263,100.3825395065,101.4976037062,99.9543548539,498737.0,101.0515780263
2018-07-09 00:00:00,102.0149934948,101.6314114101,102.2201653075,101.2389088119,864214.0,102.0149934948
2018-07-10 00:00:00,101.9971524676,101.9079473316,102.4164166067,100.9980549447,1142756.0,101.9971524676
2018-07-11 00:00:00,101.6760139781,101.6849344917,102.3539730115,101.1675447031,547099.0,101.6760139781
2018-07-12 00:00:00,102.4164166067,102.3985755795,103.6296064558,102.3628935251,489404.0,102.4164166067
2018-07-13 00:00:00,102.4342576338,102.2023242803,102.9427269089,102.2023242803,286636.0,102.4342576338
2018-07-16 00:00:00,101.9525498996,102.585906365,103.1925012896,101.9168678452,468042.0,101.9525498996
2018-07-17 00:00:00,102.2915294163,101.6670934645,102.7018730418,100.9712934039,635752.0,102.2915294163
2018-07-18 00:00:00,102.7821576641,102.4253371202,103.2817064256,102.2826089027,669542.0,102.7821576641
2018-07-19 00:00:00,103.736652619,102.6215884194,103.870460323,102.3272114707,556415.0,103.736652619
2018-07-20 00:00:00,103.2103423168,103.0408525584,103.9685859725,102.5948268786,513824.0,103.2103423168
2018-07-23 00:00:00,103.3263089935,103.2817064256,103.9239834045,102.9427269089,754245.0,103.3263089935
2018-07-24 00:00:00,103.8347782686,103.6385269694,104.1380757309,103.0319320448,551076.0,103.8347782686
2018-07-25 00:00:00,103.781255187,103.647447483,103.9507449453,102.3182909571,778948.0,103.781255187
2018-07-26 00:00:00,99.0355419534,102.3628935251,102.3628935251,97.5725777235,1790090.0,99.0355419534
2018-07-27 00:00:00,97.5458161827,98.8838932223,99.6064548236,96.9035392037,1065289.0,97.5458161827
2018-07-30 00:00:00,99.133667603,97.804511077,99.6153753372,97.6350213187,700670.0,99.133667603
2018-07-31 00:00:00,100.7125985096,99.5796932828,100.9088498088,99.4369650653,958972.0,100.7125985096
2018-08-01 00:00:00,99.8205471499,100.792883132,101.1943062439,99.6599779052,679553.0,99.8205471499
2018-08-02 00:00:00,98.8303701407,98.8392906543,98.9730983582,97.3584853972,719439.0,98.8303701407
2018-08-03 00:00:00,99.3656009565,99.0979855486,99.5440112284,98.3040598385,428102.0,99.3656009565
2018-08-06 00:00:00,98.9374163038,99.0623034942,99.8027061227,98.7054829503,672732.0,98.9374163038
2018-08-07 00:00:00,100.0881625578,99.1693496574,100.2308907754,98.6787214095,625828.0,100.0881625578
2018-08-08 00:00:00,98.7768470591,100.2933343706,100.2933343706,98.6430393551,433512.0,98.7768470591
2018-08-09 00:00:00,99.5172496876,98.8571316815,100.4449831017,98.8571316815,674056.0,99.5172496876
2018-08-10 00:00:00,98.6251983279,99.1515086302,99.1515086302,98.3129803521,500941.0,98.6251983279
2018-08-13 00:00:00,98.1791726481,98.9463368174,99.1693496574,97.7509879954,499345.0,98.1791726481
2018-08-14 00:00:00,99.3923624973,98.446788056,99.9454343403,98.446788056,613549.0,99.3923624973
2018-08-15 00:00:00,96.7697314998,98.5003111376,98.5003111376,95.7973955177,754672.0,96.7697314998
2018-08-16 00:00:00,98.3397418928,97.2157571796,98.4111060016,96.7518904726,702664.0,98.3397418928
2018-08-17 00:00:00,99.5618522556,98.3754239472,99.8651497179,98.3040598385,648276.0,99.5618522556
2018-08-20 00:00:00,100.1416856394,99.9097522859,100.1773676938,99.1515086302,675252.0,100.1416856394
2018-08-21 00:00:00,100.106003585,100.1149240986,100.4895856697,99.9632753675,632951.0,100.106003585
2018-08-22 00:00:00,98.7857675727,100.2665728298,100.4628241289,98.6430393551,526049.0,98.7857675727
2018-08-23 00:00:00,98.2237752161,98.6430393551,98.7679265455,97.9204777538,636186.0,98.2237752161
2018-08-24 00:00:00,98.6965624367,98.7322444911,98.8482111679,97.8669546722,647548.0,98.6965624367
2018-08-27 00:00:00,100.4985061833,99.0533829806,101.2121472711,99.0177009262,947537.0,100.4985061833
2018-08-28 00:00:00,99.5261702012,100.6947574824,101.0694190535,99.133667603,531543.0,99.5261702012
2018-08-29 00:00:00,100.5966318329,99.4904881468,100.7839626184,99.3477599293,607432.0,100.5966318329
2018-08-30 00:00:00,99.3477599293,100.0881625578,100.3646984793,98.9641778446,458241.0,99.3477599293
2018-08-31 00:00:00,98.0542854577,98.8036085999,99.4012830109,97.8312726178,786768.0,98.0542854577
2018-09-04 00:00:00,97.4566110467,97.9026367266,98.1524111073,96.9303007445,533050.0,97.4566110467
2018-09-05 00:00:00,99.686739446,97.3584853972,99.9097522859,97.1265520437,767472.0,99.686739446
2018-09-06 00:00:00,99.5172496876,99.9008317723,100.703677996,99.0266214398,584900.0,99.5172496876
2018-09-07 00:00:00,99.8294676635,99.3031573613,99.9721958811,98.8303701407,634328.0,99.8294676635
2018-09-10 00:00:00,100.9802139175,100.2041292346,101.4440806246,99.9186727995,491388.0,100.9802139175
2018-09-11 00:00:00,100.4806651561,100.6323138873,100.9891344311,99.4726471197,662699.0,100.4806651561
2018-09-12 00:00:00,100.703677996,100.5787908057,101.1407831623,100.3111753978,638781.0,100.703677996
2018-09-13 00:00:00,102.1844832531,101.5107986325,102.6425887951,101.1245527834,500111.0,102.1844832531
2018-09-14 00:00:00,102.8132555657,102.2383780228,103.4510103399,101.9599217129,551915.0,102.8132555657
2018-09-17 00:00:00,103.6216771104,103.0198521827,104.3223091158,103.0198521827,565139.0,103.6216771104
2018-09-18 00:00:00,104.6007654257,104.0258878828,104.9690463516,103.8552211122,578003.0,104.6007654257
2018-09-19 00:00:00,105.7954328196,105.0948008141,106.3882752857,105.0858183525,691588.0,105.7954328196
2018-09-20 00:00:00,106.1367663607,106.5589420562,106.7835035964,105.8583100508,822883.0,106.1367663607
2018-09-21 00:00:00,104.8163445043,106.3972577473,106.3972577473,104.2414669614,1072282.0,104.8163445043
2018-09-24 00:00:00,104.0977475756,104.2863792694,104.4660285016,102.5168343326,978642.0,104.0977475756
2018-09-25 00:00:00,101.5287635557,104.6277128105,104.6277128105,101.4119915548,648411.0,101.5287635557
2018-09-26 00:00:00,100.217324161,101.4569038629,101.7173952495,99.7502361573,824657.0,100.217324161
2018-09-27 00:00:00,99.2921306153,100.4508681628,100.8730438584,99.2023059993,458593.0,99.2921306153
2018-09-28 00:00:00,98.5286213787,99.3190780002,99.849043235,98.3579546081,614749.0,98.5286213787
2018-10-01 00:00:00,98.7891127653,99.1034989216,99.2741656921,98.2052527608,701698.0,98.7891127653
2018-10-02 00:00:00,98.7082706108,99.0765515367,99.3639903082,98.3669370697,975280.0,98.7082706108
2018-10-03 00:00:00,95.1601982756,99.2292533841,99.2382358457,94.7739524265,1067286.0,95.1601982756
2018-10-04 00:00:00,95.8967601275,95.312900123,96.3548656695,94.9895315051,1088320.0,95.8967601275
2018-10-05 00:00:00,94.8817419658,95.9506548971,97.145322291,94.7290401185,916867.0,94.8817419658
2018-10-08 00:00:00,91.0641957824,94.3248293461,94.854794581,90.4803357778,1133074.0,91.0641957824
2018-10-09 00:00:00,83.6626474173,88.7916329955,88.7916329955,83.1506471057,3136500.0,83.6626474173
2018-10-10 00:00:00,79.8989960036,83.5368929548,83.7884018799,79.8810310804,2555113.0,79.8989960036
2018-10-11 00:00:00,79.3690307687,79.9439083116,81.3811021689,79.2342938446,3607358.0,79.3690307687
2018-10-12 00:00:00,79.0905744588,80.6625052403,80.6625052403,78.1294510668,1888497.0,79.0905744588
2018-10-15 00:00:00,79.3510658455,78.7582233793,79.6295221553,78.7043286097,2104546.0,79.3510658455
2018-10-16 00:00:00,81.2284003216,79.9439083116,81.5787163243,79.063627074,2135677.0,81.2284003216
2018-10-17 00:00:00,81.6595584787,81.3002600144,81.7044707868,80.348119084,1457930.0,81.6595584787
2018-10-18 00:00:00,79.9978030813,80.8960492421,81.8931024806,79.1265043053,1214420.0,79.9978030813
2018-10-19 00:00:00,78.9738024579,80.141522467,80.9679089349,78.857030457,899020.0,78.9738024579
2018-10-22 00:00:00,77.9498018346,79.0905744588,79.2432763062,76.86292398,2304151.0,77.9498018346
2018-10-23 00:00:00,78.1563984516,76.8898713649,78.6773812249,75.4526775076,1195833.0,78.1563984516
2018-10-24 00:00:00,75.1832036593,78.3091002989,78.9288901499,75.0394842736,1398758.0,75.1832036593
2018-10-25 00:00:00,79.9618732348,76.3509236684,82.8811732574,76.3509236684,3145642.0,79.9618732348
2018-10-26 00:00:00,81.1924704751,78.7402584561,82.1715587904,77.4557664462,1648137.0,81.1924704751
2018-10-29 00:00:00,80.2493120063,82.1086815591,82.5667871012,78.9288901499,1638345.0,80.2493120063
2018-10-30 00:00:00,83.5009631084,80.4559086233,83.9770335736,80.3032067759,1494096.0,83.5009631084
2018-10-31 00:00:00,82.4679800235,84.2914197299,85.2794905068,82.3691729458,1463316.0,82.4679800235
2018-11-01 00:00:00,86.1058769747,83.3752086459,86.4561929774,82.9440504887,1114993.0,86.1058769747
2018-11-02 00:00:00,85.2435606604,86.8065089802,86.8154914418,84.4800514237,1188974.0,85.2435606604
2018-11-05 00:00:00,86.626859748,85.5759117399,86.9681932891,84.884262196,880775.0,86.626859748
2018-11-06 00:00:00,86.7436317489,86.2585788221,87.8933868347,86.2495963605,1218108.0,86.7436317489
2018-11-07 00:00:00,88.6299486866,87.3903689847,88.7197733027,86.0519822051,1154069.0,88.6299486866
2018-11-08 00:00:00,87.6778077561,88.3065800687,89.0431419206,86.8604037498,963561.0,87.6778077561
2018-11-09 00:00:00,86.2316314372,87.3724040615,87.8664394499,85.2255957371,664782.0,86.2316314372
2018-11-12 00:00:00,85.2345781987,86.2945086685,86.2945086685,84.9201920425,635512.0,85.2345781987
2018-11-13 00:00:00,85.7286135872,85.4860871238,86.9502283659,85.0549289666,751923.0,85.7286135872
2018-11-14 00:00:00,85.6387889711,86.4831403623,88.0281237588,85.4232098925,639260.0,85.6387889711
2018-11-15 00:00:00,86.3304385149,84.5339461933,86.671772056,84.0758406513,572537.0,86.3304385149
2018-11-16 00:00:00,87.1747899061,85.8902978961,87.7406849874,85.7645434336,545680.0,87.1747899061
2018-11-19 00:00:00,86.9861582123,86.9502283659,87.794579757,86.2406138988,743229.0,86.9861582123
2018-11-20 00:00:00,85.6387889711,86.0609646667,87.3634215999,84.0309283433,808118.0,85.6387889711
2018-11-21 00:00:00,86.0250348203,86.1597717444,86.5729649783,85.4142274309,638712.0,86.0250348203
2018-11-23 00:00:00,85.8723329729,85.1806834291,86.3394209765,83.923138804,278864.0,85.8723329729
2018-11-26 00:00:00,86.9232809811,86.6448246712,87.8933868347,86.6448246712,762518.0,86.9232809811
2018-11-27 00:00:00,85.7196311256,86.2675612837,86.6897369793,85.4950695854,659073.0,85.7196311256
2018-11-28 00:00:00,86.7795615953,86.168754206,86.9412459043,84.0219458817,667724.0,86.7795615953
2018-11-29 00:00:00,86.6807545176,86.7885440569,87.498158524,85.9352102042,648542.0,86.6807545176
2018-11-30 00:00:00,87.8664394499,86.375350823,88.1987905294,86.375350823,865558.0,87.8664394499
2018-12-03 00:00:00,88.0640536053,89.8246160805,90.9833536279,87.2735969838,1029988.0,88.0640536053
2018-12-04 00:00:00,86.2046840524,87.4442637543,88.1898080678,85.3603326613,826676.0,86.2046840524
2018-12-06 00:00:00,85.6477714327,84.5608935781,85.710648664,83.6357000325,925714.0,85.6477714327
2018-12-07 00:00:00,83.4919806468,85.6118415863,86.9322634427,83.1236997209,714415.0,83.4919806468
2018-12-10 00:00:00,83.0877698744,83.3572437227,83.8782264959,81.3182249376,519267.0,83.0877698744
2018-12-11 00:00:00,83.6626474173,84.4171741924,85.0369640434,83.4111384923,1068894.0,83.6626474173
2018-12-12 00:00:00,83.9590686504,85.3244028148,86.0250348203,83.9051738808,704608.0,83.9590686504
2018-12-13 00:00:00,83.761454495,83.9770335736,84.6237708094,83.2225067985,880585.0,83.761454495
2018-12-14 00:00:00,84.6417357326,83.3826174464,85.302999293,83.2467413723,783710.0,84.6417357326
2018-12-17 00:00:00,78.5726044247,83.3101502069,83.3554422315,77.820756815,1903217.0,78.5726044247
2018-12-18 00:00:00,78.6178964494,79.0889335062,80.3842854122,78.2917938717,1520112.0,78.6178964494
2018-12-19 00:00:00,77.6395887162,78.6631884741,80.4658110566,77.241018899,1011802.0,77.6395887162
2018-12-20 00:00:00,76.4801128843,77.241018899,78.3552027062,75.7192068695,867504.0,76.4801128843
2018-12-21 00:00:00,73.1375614625,76.1630687115,77.9656912939,73.0741526279,2645092.0,73.1375614625
2018-12-24 00:00:00,70.610266485,73.1013278427,73.6448321389,70.5649744603,890442.0,70.610266485
2018-12-26 00:00:00,74.8586584005,71.1265955664,74.9583008548,70.6012080801,1354390.0,74.8586584005
2018-12-27 00:00:00,76.3442368102,73.7172993784,76.3623536201,73.3549631809,1032416.0,76.3442368102
2018-12-28 00:00:00,74.5687894425,76.5525801238,77.09608442,74.3785629388,853555.0,74.5687894425
2018-12-31 00:00:00,75.6014476054,74.8224247808,75.9049041707,74.4600885833,712734.0,75.6014476054
2019-01-02 00:00:00,76.5888137435,74.1611612203,77.0689092052,74.1611612203,974504.0,76.5888137435
2019-01-03 00:00:00,75.0851185239,76.0724846621,76.9873835607,74.7590159462,846732.0,75.0851185239
2019-01-04 00:00:00,78.0562753433,76.4167040497,78.681305284,76.4076456448,799895.0,78.0562753433
2019-01-07 00:00:00,78.826239763,77.9294576742,79.6233793974,77.3678365681,1179222.0,78.826239763
2019-01-08 00:00:00,80.8553224689,79.5146785382,80.9730817331,78.971174242,1152365.0,80.8553224689
2019-01-09 00:00:00,79.0074078617,80.0491244295,80.0491244295,77.4674790224,1296057.0,79.0074078617
2019-01-10 00:00:00,82.3137256638,78.6903636889,82.5854778119,78.6903636889,1147294.0,82.3137256638
2019-01-11 00:00:00,82.5401857872,81.9513894663,82.8300547452,81.7339877478,599864.0,82.5401857872
2019-01-14 00:00:00,80.7737968245,82.0329151107,82.2593752341,80.5835703208,893554.0,80.7737968245
2019-01-15 00:00:00,81.2901259059,80.6379207504,81.7702213675,80.6379207504,441478.0,81.2901259059
2019-01-16 00:00:00,80.846264064,81.1633082368,82.1053823502,80.5835703208,982783.0,80.846264064
2019-01-17 00:00:00,81.7339877478,80.2302925282,82.2050248045,80.1940589085,690766.0,81.7339877478
2019-01-18 00:00:00,83.2467413723,82.2322000193,83.8989465278,82.2231416144,1032578.0,83.2467413723
2019-01-22 00:00:00,83.5909607599,83.0474564637,84.016705792,82.5220689773,1206038.0,83.5909607599
2019-01-23 00:00:00,83.1742741328,84.3246915598,84.5330348734,82.2956088539,745895.0,83.1742741328
2019-01-24 00:00:00,83.6271943797,83.1561573229,83.8083624784,82.6126530267,692634.0,83.6271943797
2019-01-25 00:00:00,85.3845249375,84.732319782,86.2360150016,84.6145605178,766089.0,85.3845249375
2019-01-28 00:00:00,84.6236189227,84.6960861622,85.1127727893,83.6906032142,552906.0,84.6236189227
2019-01-29 00:00:00,85.0765391696,84.9225462857,85.3664081276,84.1163482463,1099196.0,85.0765391696
2019-01-30 00:00:00,84.1706986759,82.7938211254,85.592868251,81.3625931454,1589840.0,84.1706986759
2019-01-31 00:00:00,85.4388753671,84.007647387,86.1091973324,83.2014493476,1543320.0,85.4388753671
2019-02-01 00:00:00,86.2178981917,85.9280292337,86.4443583151,84.8591374511,998031.0,86.2178981917
2019-02-04 00:00:00,85.0946559795,86.2178981917,86.45341672,84.7504365919,1170739.0,85.0946559795
2019-02-05 00:00:00,86.9606873965,85.592868251,87.0059794212,85.0855975745,1002656.0,86.9606873965
2019-02-06 00:00:00,86.9969210163,86.6527016287,87.7487686261,86.6527016287,838307.0,86.9969210163
2019-02-07 00:00:00,85.9099124238,86.2722486213,86.7070520583,84.7776118067,633561.0,85.9099124238
2019-02-08 00:00:00,86.1907229769,85.4388753671,86.2178981917,84.5330348734,690863.0,86.1907229769
2019-02-11 00:00:00,85.0765391696,86.4081246954,86.7161104632,84.5964437079,874407.0,85.0765391696
2019-02-12 00:00:00,88.047695989,85.7830947547,88.2741561124,85.6472186806,886759.0,88.047695989
2019-02-13 00:00:00,88.5368498556,88.4100321865,89.4064567296,88.4100321865,737008.0,88.5368498556
2019-02-14 00:00:00,88.192630468,88.1201632285,88.9444780778,88.0114623692,656660.0,88.192630468
2019-02-15 00:00:00,89.198113416,88.9354196728,89.4970407789,88.6183755,574672.0,89.198113416
2019-02-19 00:00:00,89.1709382012,88.8991860531,89.5423328036,88.2741561124,861970.0,89.1709382012
2019-02-20 00:00:00,91.2362545269,89.0078869123,91.4355394355,88.7180179543,893749.0,91.2362545269
2019-02-21 00:00:00,88.9988285074,90.7652174701,90.9192103541,88.6908427395,1026916.0,88.9988285074
2019-02-22 00:00:00,89.0350621271,89.6600920678,90.1311291245,88.6003492742,523759.0,89.0350621271
2019-02-25 00:00:00,90.1401875295,89.7235009023,90.9463855689,89.2524638456,776493.0,90.1401875295
2019-02-26 00:00:00,90.212654769,90.0948955048,91.2996633614,89.8684353813,685028.0,90.212654769
2019-02-27 00:00:00,89.7235009023,90.1673627443,90.2851220085,89.2162302259,503413.0,89.7235009023
2019-02-28 00:00:00,86.5892927941,89.5966832332,89.6148000431,86.4443583151,1091783.0,86.5892927941
2019-03-01 00:00:00,87.1237386854,87.1962059249,88.0839296087,86.7885777027,786895.0,87.1237386854
2019-03-04 00:00:00,89.0803541518,87.7306518162,89.1256461765,87.178089115,1321138.0,89.0803541518
2019-03-05 00:00:00,89.7506761172,88.8629524333,90.2217131739,88.8357772185,1068311.0,89.7506761172
2019-03-06 00:00:00,89.7235009023,89.9499610258,90.4481732973,89.478923969,1010639.0,89.7235009023
2019-03-07 00:00:00,88.4462658062,89.478923969,89.6600920678,87.3592572138,733174.0,88.4462658062
2019-03-08 00:00:00,88.2288640877,87.6853597915,88.3194481371,87.0693882558,617670.0,88.2288640877
2019-03-11 00:00:00,88.5821418803,88.3013313272,89.1347045814,88.2288640877,1165912.0,88.5821418803
2019-03-12 00:00:00,89.8593769764,88.6364923099,90.3575892479,88.5821418803,1284211.0,89.8593769764
2019-03-13 00:00:00,91.5442402947,90.3304140331,92.2507958798,90.2307715788,1139448.0,91.5442402947
2019-03-14 00:00:00,90.1673627443,91.756134503,92.0300606683,89.6925573911,754566.0,90.1673627443
2019-03-15 00:00:00,87.8207285949,89.5008090754,89.8843057068,87.5011480687,2393399.0,87.8207285949
2019-03-18 00:00:00,89.0807889553,87.7020272566,89.117312444,87.5376715574,1171803.0,89.0807889553
2019-03-19 00:00:00,89.7564734963,89.5373325641,90.6421680975,89.2816681431,828598.0,89.7564734963
2019-03-20 00:00:00,88.0946547602,89.8477822181,89.9573526842,87.6289802792,896312.0,88.0946547602
2019-03-21 00:00:00,89.7199500076,87.8846447001,90.048661406,87.5650641739,739636.0,89.7199500076
2019-03-22 00:00:00,86.8619870163,89.3364533762,89.3364533762,86.7250239337,598113.0,86.8619870163
2019-03-25 00:00:00,86.9167722494,86.743285678,87.3550541139,85.7480206108,676216.0,86.9167722494
2019-03-26 00:00:00,89.4460238423,87.6381111513,89.5282016919,87.6381111513,838881.0,89.4460238423
2019-03-27 00:00:00,90.0030070451,89.2816681431,90.5965137366,89.1629668048,699259.0,90.0030070451
2019-03-28 00:00:00,90.8430472853,90.3134566991,90.9160942628,89.6651647746,593877.0,90.8430472853
2019-03-29 00:00:00,90.7426076914,91.3087217663,91.7378727587,89.6012486693,883711.0,90.7426076914
2019-04-01 00:00:00,93.774057254,91.2265439168,93.9384129532,91.2265439168,954503.0,93.774057254
2019-04-02 00:00:00,92.7331378259,93.9658055697,94.0479834193,92.0574532848,997545.0,92.7331378259
2019-04-03 00:00:00,93.8197116149,93.3905606226,94.1027686524,93.1348962017,785855.0,93.8197116149
2019-04-04 00:00:00,92.5139968937,93.5457854496,93.7923189984,91.8565740969,949729.0,92.5139968937
2019-04-05 00:00:00,93.3175136452,92.4683425328,94.0205908028,92.0209297961,1129078.0,93.3175136452
2019-04-08 00:00:00,92.8244465477,93.2901210287,93.308382773,92.0026680518,717892.0,92.8244465477
2019-04-09 00:00:00,92.066584157,92.5505203824,92.9157552694,91.3178526385,584609.0,92.066584157
2019-04-10 00:00:00,92.6692217207,92.1761546231,92.943147886,91.5643861873,602695.0,92.6692217207
2019-04-11 00:00:00,92.687483465,92.6235673598,93.8197116149,92.0117989239,793379.0,92.687483465
2019-04-12 00:00:00,94.3493022012,93.4910002166,94.7784531935,93.4727384722,682345.0,94.3493022012
2019-04-15 00:00:00,92.687483465,94.0479834193,94.5045270282,92.1031076457,606495.0,92.687483465
2019-04-16 00:00:00,89.427762098,87.6107185348,89.9116983233,84.5701381,2525654.0,89.427762098
2019-04-17 00:00:00,87.0719970764,89.4551547145,89.7473426241,86.7706782946,1124774.0,87.0719970764
2019-04-18 00:00:00,88.0307386549,87.4281010913,88.8525171508,87.2180910312,1038796.0,88.0307386549
2019-04-22 00:00:00,89.1538359327,88.6059836021,90.0943157669,88.1585708654,1001051.0,89.1538359327
2019-04-23 00:00:00,89.9573526842,89.2451446544,90.5234667592,88.5055440081,988904.0,89.9573526842
2019-04-24 00:00:00,90.2221479773,90.1491009999,90.7517385636,89.7564734963,804501.0,90.2221479773
2019-04-25 00:00:00,89.427762098,89.482547331,91.2265439168,85.9306380543,1400345.0,89.427762098
2019-04-26 00:00:00,90.5782519922,88.962087617,90.8430472853,87.7726088985,529692.0,90.5782519922
2019-04-29 00:00:00,90.3134566991,90.8613090297,91.1078425785,89.6834265189,648568.0,90.3134566991
2019-04-30 00:00:00,90.5417285035,90.5417285035,90.6878224583,88.6333762186,695270.0,90.5417285035
2019-05-01 00:00:00,89.0077419778,90.5325976313,90.8430472853,88.5877218577,636024.0,89.0077419778
2019-05-02 00:00:00,90.3408493156,88.8707788952,90.514335887,88.4324970307,596673.0,90.3408493156
2019-05-03 00:00:00,91.8565740969,90.879570774,92.2400707284,90.879570774,448636.0,91.8565740969
2019-05-06 00:00:00,91.2539365333,90.2860640826,91.5096009542,89.7016882633,593745.0,91.2539365333
2019-05-07 00:00:00,90.4686815261,90.2495405939,90.6969533305,89.3912386093,717706.0,90.4686815261
2019-05-08 00:00:00,89.893436579,90.258671466,90.8521781575,89.3364533762,497004.0,89.893436579
2019-05-09 00:00:00,89.427762098,88.9986111057,89.6834265189,88.1494399932,615405.0,89.427762098
2019-05-10 00:00:00,89.3912386093,88.9986111057,89.8569130903,87.8572520836,573289.0,89.3912386093
2019-05-13 00:00:00,87.9029064445,87.7842051062,88.3229265646,86.843725272,675525.0,87.9029064445
2019-05-14 00:00:00,88.7338158125,88.3137956924,89.5555943084,88.2590104594,460951.0,88.7338158125
2019-05-15 00:00:00,88.5968527299,88.7338158125,89.3821077371,87.9211681888,497404.0,88.5968527299
2019-05-16 00:00:00,88.8433862787,89.01687285,90.2769332104,88.7703393012,494188.0,88.8433862787
2019-05-17 00:00:00,88.4233661585,87.9850842941,89.0990506996,87.1176514373,494676.0,88.4233661585
2019-05-20 00:00:00,84.3601280399,85.4740944455,86.5606682345,83.7483596041,1017045.0,84.3601280399
2019-05-21 00:00:00,86.3597890466,84.6979703105,86.6245843397,84.6979703105,671629.0,86.3597890466
2019-05-22 00:00:00,84.0862018746,86.6154534676,87.775074234,84.0496783859,1010258.0,84.0862018746
2019-05-23 00:00:00,82.296550928,83.6570508823,83.6570508823,81.7943529583,827302.0,82.296550928
2019-05-24 00:00:00,83.1000676796,83.1274602961,83.7848830928,82.2143730784,434132.0,83.1000676796
2019-05-28 00:00:00,81.8856616801,82.9722354691,83.4561716944,81.7395677252,774510.0,81.8856616801
2019-05-29 00:00:00,81.1004066729,81.520426793,81.9130542966,80.2147120717,1293381.0,81.1004066729
2019-05-30 00:00:00,81.6117355148,81.4017254547,81.7669603418,80.6803865527,610256.0,81.6117355148
2019-05-31 00:00:00,81.3378093495,80.4521147483,81.365201966,80.2238429439,789673.0,81.3378093495
2019-06-03 00:00:00,82.8991884917,80.9725744624,83.8670609424,80.2329738161,1407087.0,82.8991884917
2019-06-04 00:00:00,85.4649635733,82.7165710481,85.4832253177,82.0134938905,1573116.0,85.4649635733
2019-06-05 00:00:00,86.3232655579,86.1406481144,86.5789299789,84.5975307165,807663.0,86.3232655579
2019-06-06 00:00:00,87.4463628356,86.6154534676,88.1403091211,86.1589098587,863842.0,87.4463628356
2019-06-07 00:00:00,87.3824467304,88.0581312715,88.6288107825,86.7067621893,710682.0,87.3824467304
2019-06-10 00:00:00,86.4693595127,87.9485608053,88.4287533731,85.8484602047,916896.0,86.4693595127
2019-06-11 00:00:00,87.154174926,87.3459232417,88.2498795872,86.7067621893,686254.0,87.154174926
2019-06-12 00:00:00,87.2454836477,87.1085205651,87.5924567905,86.5789299789,429084.0,87.2454836477
2019-06-13 00:00:00,88.6242453464,88.0074566855,89.0753295909,87.9153986765,929667.0,88.6242453464
2019-06-14 00:00:00,87.7496942601,88.7531265591,88.7531265591,86.7186445584,485042.0,87.7496942601
2019-06-17 00:00:00,85.9821804857,87.758900061,87.9982508846,85.9821804857,1061828.0,85.9821804857
2019-06-18 00:00:00,87.4459028301,86.6726155538,88.3112481155,86.3964415266,772586.0,87.4459028301
2019-06-19 00:00:00,86.957995382,87.6392246492,87.9890450837,86.7462619611,701719.0,86.957995382
2019-06-20 00:00:00,87.0868765947,88.0718972919,88.3204539164,86.1018558975,948571.0,87.0868765947
2019-06-21 00:00:00,87.758900061,87.4827260338,88.7347149573,86.8291141693,1172523.0,87.758900061
2019-06-24 00:00:00,84.9051017794,86.6265865493,87.160523002,84.5460755439,882952.0,84.9051017794
2019-06-25 00:00:00,85.1076293994,84.8314553721,85.9637688839,84.141020304,1014872.0,85.1076293994
2019-06-26 00:00:00,85.0616003948,85.1536584039,85.844093472,84.9971597885,1287073.0,85.0616003948
2019-06-27 00:00:00,86.4977053365,85.1076293994,86.6265865493,84.941924983,925936.0,86.4977053365
2019-06-28 00:00:00,87.7496942601,86.5253227393,88.6334511473,86.4977053365,3026328.0,87.7496942601
2019-07-01 00:00:00,89.8946458718,89.2134166046,89.9959096818,88.6518627491,1503469.0,89.8946458718
2019-07-02 00:00:00,89.8209994645,91.1190173926,91.781835058,88.9832715819,4854145.0,89.8209994645
2019-07-03 00:00:00,92.0395974835,89.6552950482,92.1500670944,89.57244284,1129574.0,92.0395974835
2019-07-05 00:00:00,91.8646872662,91.3583682163,92.0211858817,90.5114345327,1505447.0,91.8646872662
2019-07-08 00:00:00,91.588513239,91.5056610308,92.6655919453,91.183457999,1813542.0,91.588513239
2019-07-09 00:00:00,91.7358060535,91.4596320262,92.0303916826,91.1374289944,1793061.0,91.7358060535
2019-07-10 00:00:00,92.1040380898,92.3525947144,93.2179399998,91.6713654471,1332118.0,92.1040380898
2019-07-11 00:00:00,91.0913999899,92.0027742798,92.1592728953,90.7323737545,2111506.0,91.0913999899
2019-07-12 00:00:00,91.4596320262,90.2904953109,91.5056610308,89.9130574736,981301.0,91.4596320262
2019-07-15 00:00:00,89.4067384236,90.5206403336,90.5206403336,88.670274351,1439569.0,89.4067384236
2019-07-16 00:00:00,90.6495215463,90.0143212836,91.4596320262,89.6552950482,1891054.0,90.6495215463
2019-07-17 00:00:00,90.2076431027,91.6161306417,91.6161306417,89.0937411928,1121173.0,90.2076431027
2019-07-18 00:00:00,90.5298461345,89.7197356545,90.8336375645,89.4067384236,794425.0,90.5298461345
2019-07-19 00:00:00,91.9659510762,90.9072839717,92.3525947144,90.3641417181,890101.0,91.9659510762
2019-07-22 00:00:00,91.5608958362,92.1500670944,92.1500670944,90.8152259626,760258.0,91.5608958362
2019-07-23 00:00:00,93.2179399998,92.1500670944,93.6874358461,91.984362678,928070.0,93.2179399998
2019-07-24 00:00:00,94.1201084888,92.8128847598,94.7276913488,92.8128847598,952457.0,94.1201084888
2019-07-25 00:00:00,93.8899634661,93.9175808688,95.9060338651,93.2547632034,1181937.0,93.8899634661
2019-07-26 00:00:00,93.9083750679,93.5217314298,94.2674013033,92.9509717734,836921.0,93.9083750679
2019-07-29 00:00:00,93.9175808688,93.6137894388,94.0740794843,93.1442935925,656716.0,93.9175808688
2019-07-30 00:00:00,94.8565725615,93.5401430316,95.1327465887,92.4538585244,755025.0,94.8565725615
2019-07-31 00:00:00,92.9509717734,94.7921319551,94.7921319551,92.3525947144,1319764.0,92.9509717734
2019-08-01 00:00:00,92.1316554926,93.1350877916,94.3410477106,91.2478986053,766054.0,92.1316554926
2019-08-02 00:00:00,93.2087341989,92.0395974835,93.6506126425,90.5574635372,1092013.0,93.2087341989
2019-08-05 00:00:00,91.689777049,91.8923046689,92.4170353207,91.1650463972,1670871.0,91.689777049
2019-08-06 00:00:00,92.1960960989,92.3065657098,92.6287687416,91.487249429,905934.0,92.1960960989
2019-08-07 00:00:00,92.5182991307,91.1190173926,92.5275049316,90.6311099445,706514.0,92.5182991307
2019-08-08 00:00:00,94.0096388779,92.9785891762,95.105129186,92.9601775743,1259455.0,94.0096388779
2019-08-09 00:00:00,93.098264588,93.7242590497,93.7426706516,91.8462756644,532232.0,93.098264588
2019-08-12 00:00:00,91.7358060535,92.6011513389,92.7208267507,91.5424842344,708100.0,91.7358060535
2019-08-13 00:00:00,93.4388792216,92.186890298,94.801337756,91.3399566144,868509.0,93.4388792216
2019-08-14 00:00:00,91.6529538453,92.0027742798,93.1166761898,91.1558405963,1015579.0,91.6529538453
2019-08-15 00:00:00,92.0488032844,91.9199220717,92.3802121171,91.1466347954,673669.0,92.0488032844
2019-08-16 00:00:00,93.2363516016,92.7392383525,94.1201084888,92.5643281353,863542.0,93.2363516016
2019-08-19 00:00:00,94.3410477106,94.2213722988,94.6264275388,93.4296734207,577459.0,94.3410477106
2019-08-20 00:00:00,92.8405021625,94.1937548961,94.3410477106,92.6287687416,773680.0,92.8405021625
2019-08-21 00:00:00,93.2087341989,93.291586407,93.7610822534,92.895736968,678500.0,93.2087341989
2019-08-22 00:00:00,93.0890587871,93.392850217,93.7518764525,92.4814759271,445231.0,93.0890587871
2019-08-23 00:00:00,90.2997011118,92.4354469225,92.9693833752,89.8670284691,690580.0,90.2997011118
2019-08-26 00:00:00,91.0361651845,91.1374289944,91.5608958362,90.3365243154,574727.0,91.0361651845
2019-08-27 00:00:00,89.9038516727,91.4320146235,91.8738930671,89.4619732291,920953.0,89.9038516727
2019-08-28 00:00:00,90.677138949,89.5080022336,91.1374289944,88.9832715819,538937.0,90.677138949
2019-08-29 00:00:00,92.1316554926,91.6713654471,92.4998875289,91.4596320262,519664.0,92.1316554926
2019-08-30 00:00:00,92.591945538,92.794473158,93.7426706516,92.2421251035,617647.0,92.591945538
2019-09-03 00:00:00,90.677138949,91.5424842344,91.7173944517,90.2076431027,476934.0,90.677138949
2019-09-04 00:00:00,92.186890298,91.588513239,92.2053018998,91.1190173926,607335.0,92.186890298
2019-09-05 00:00:00,92.5459165335,92.9417659725,93.3192038098,92.3157715107,848303.0,92.5459165335
2019-09-06 00:00:00,92.6195629407,92.7760615562,93.0522355834,91.8646872662,840240.0,92.6195629407
2019-09-09 00:00:00,92.5367107325,93.291586407,93.9083750679,92.2329193026,892685.0,92.5367107325
2019-09-10 00:00:00,95.9244454669,92.5827397371,96.0441208787,92.5827397371,1011555.0,95.9244454669
2019-09-11 00:00:00,99.5055020203,95.9612686705,100.0026152694,95.9612686705,1341482.0,99.5055020203
2019-09-12 00:00:00,99.2569453958,100.045214139,100.2028678876,98.3666654034,788046.0,99.2569453958
2019-09-13 00:00:00,100.4996278851,99.8782866404,101.4270028771,99.5444316433,790987.0,100.4996278851
2019-09-16 00:00:00,98.181190405,99.7299066417,99.7299066417,97.9771679068,598737.0,98.181190405
2019-09-17 00:00:00,97.3929216618,96.901412916,97.6433129097,95.510350428,784608.0,97.3929216618
2019-09-18 00:00:00,97.0776141645,97.1239829141,97.6804079093,96.0482279234,621788.0,97.0776141645
2019-09-19 00:00:00,95.8256579253,97.2445416631,97.5042066609,95.5752666775,682038.0,95.8256579253
2019-09-20 00:00:00,95.3712441792,96.0667754232,96.6881166679,94.9910204325,964093.0,95.3712441792
2019-09-23 00:00:00,96.1966079221,94.8240929339,96.558284169,94.0172766909,561182.0,96.1966079221
2019-09-24 00:00:00,95.7978366755,96.7994016669,96.9570554156,95.4268866787,617523.0,95.7978366755
2019-09-25 00:00:00,97.6618604095,95.8256579253,97.8658829077,95.5567191776,662053.0,97.6618604095
2019-09-26 00:00:00,96.9477816656,97.7916929084,97.7916929084,96.0389541735,477817.0,96.9477816656
2019-09-27 00:00:00,97.9307991572,97.4207429116,98.3944866532,97.1796254136,526092.0,97.9307991572
2019-09-30 00:00:00,98.3944866532,97.6154916599,98.6912466506,97.6154916599,633965.0,98.3944866532
2019-10-01 00:00:00,95.3248754296,99.229124146,99.2476716459,95.2135904306,521943.0,95.3248754296
2019-10-02 00:00:00,94.9168304331,94.8611879336,95.6865516765,94.2583941888,1278638.0,94.9168304331
2019-10-03 00:00:00,95.0373891821,94.5644279362,95.2970541799,93.2382816976,835036.0,95.0373891821
2019-10-04 00:00:00,95.8256579253,94.9817466826,96.3357141709,94.9817466826,564775.0,95.8256579253
2019-10-07 00:00:00,96.1780604223,95.5288979279,96.8921391661,95.4639816784,652744.0,96.1780604223
2019-10-08 00:00:00,94.7220816848,95.2043166806,95.5381716778,94.4253216874,792886.0,94.7220816848
2019-10-09 00:00:00,96.0667754232,95.8163841754,96.6046529186,95.5938141773,697651.0,96.0667754232
2019-10-10 00:00:00,98.3295704038,96.3728091706,98.5706879017,96.3728091706,701150.0,98.3295704038
2019-10-11 00:00:00,101.3806341275,99.6278953926,102.3358303693,99.5722528931,1018380.0,101.3806341275
2019-10-14 00:00:00,99.4702416439,101.324991628,101.324991628,99.4331466443,789096.0,99.4702416439
2019-10-15 00:00:00,99.3775041447,99.692811642,100.1101303884,99.2662191457,473994.0,99.3775041447
2019-10-16 00:00:00,99.0621966474,99.3960516446,100.2956053868,98.8581741492,708436.0,99.0621966474
2019-10-17 00:00:00,98.6819729007,99.2198503961,99.8319178908,98.3110229039,677225.0,98.6819729007
2019-10-18 00:00:00,100.3605216363,98.4037604031,100.7036503833,98.4037604031,624729.0,100.3605216363
2019-10-21 00:00:00,100.6109128841,101.2878966283,101.8906903731,100.4347116356,732993.0,100.6109128841
2019-10-22 00:00:00,100.6943766334,100.5552703846,101.5197403763,100.0730353887,637414.0,100.6943766334
2019-10-23 00:00:00,102.0668916216,100.620186634,103.1519203622,100.620186634,1275005.0,102.0668916216
2019-10-24 00:00:00,100.6387341339,101.4826453766,102.25236662,97.8566091578,1329278.0,100.6387341339
2019-10-25 00:00:00,102.8737078646,100.5830916344,103.0870041128,100.5830916344,558256.0,102.8737078646
2019-10-28 00:00:00,104.338960352,103.2724791112,104.5337091004,103.2724791112,849849.0,104.338960352
2019-10-29 00:00:00,103.4765016095,103.643429108,104.5151616005,102.9757191138,555187.0,103.4765016095
2019-10-30 00:00:00,102.4100203686,103.2632053613,103.300300361,101.4177291272,752631.0,102.4100203686
2019-10-31 00:00:00,101.5104666264,102.2709141198,103.0220878634,100.5181753849,618351.0,101.5104666264
2019-11-01 00:00:00,103.2261103616,102.3821991189,103.2724791112,101.7052153747,586573.0,103.2261103616
2019-11-04 00:00:00,103.9216416056,103.8474516063,104.3760553517,102.7438753658,946039.0,103.9216416056
2019-11-05 00:00:00,105.0066703463,104.0792953543,105.4239890927,103.8010828567,920453.0,105.0066703463
2019-11-06 00:00:00,104.1998541032,104.9139328471,104.9139328471,103.3095741109,556010.0,104.1998541032
2019-11-07 00:00:00,104.7470053485,104.6635415992,105.2014190946,103.6341553581,642936.0,104.7470053485
2019-11-08 00:00:00,105.6280115909,104.6171728496,105.6743803405,104.0978428541,683160.0,105.6280115909
2019-11-11 00:00:00,105.3961678429,105.043765346,105.8320340892,104.802647848,440504.0,105.3961678429
2019-11-12 00:00:00,105.4518103425,105.4147153428,106.4441015839,104.6820890991,437514.0,105.4518103425
2019-11-13 00:00:00,104.58007785,105.2477878442,105.4610840924,104.4316978512,651497.0,104.58007785
2019-11-14 00:00:00,104.7191840988,104.3204128522,105.3497990933,104.0051053549,570132.0,104.7191840988
2019-11-15 00:00:00,104.4687928509,104.8397428477,105.1179553453,104.0422003546,485976.0,104.4687928509
2019-11-18 00:00:00,105.4147153428,104.7933740981,105.4981790921,104.0607478544,543385.0,105.4147153428
2019-11-19 00:00:00,105.4239890927,105.5260003418,105.5630953415,104.6449940994,547627.0,105.4239890927
2019-11-20 00:00:00,103.9772841051,105.2014190946,105.2014190946,103.5043228592,483098.0,103.9772841051
2019-11-21 00:00:00,102.6325903667,103.7825353568,103.9680103552,102.3451041192,555728.0,102.6325903667
2019-11-22 00:00:00,102.8180653651,103.1519203622,103.6527028579,102.2245453702,451010.0,102.8180653651
2019-11-25 00:00:00,103.7361666072,103.1240991125,104.6449940994,102.6789591163,518857.0,103.7361666072
2019-11-26 00:00:00,104.2925916024,102.947897864,104.4409716012,102.5305791176,1136839.0,104.2925916024
2019-11-27 00:00:00,103.9309153555,104.5708041,104.6449940994,103.4208591099,762971.0,103.9309153555
2019-11-29 00:00:00,103.7732616069,104.0329266047,104.107116604,103.5692391087,297790.0,103.7732616069
2019-12-02 00:00:00,102.9664453638,103.9216416056,104.3853291016,102.8922553645,526957.0,102.9664453638
2019-12-03 00:00:00,102.6975066162,101.9927016222,102.7346016158,100.6943766334,702222.0,102.6975066162
2019-12-04 00:00:00,103.1055516126,103.0406353632,104.6171728496,103.0406353632,761373.0,103.1055516126
2019-12-05 00:00:00,104.1998541032,103.5785128586,104.3667816018,102.9200766142,530919.0,104.1998541032
2019-12-06 00:00:00,105.0623128458,105.0994078455,105.6836540905,104.8490165976,496254.0,105.0623128458
2019-12-09 00:00:00,105.2941565938,105.2663353441,105.5167265919,104.7099103488,539803.0,105.2941565938
2019-12-10 00:00:00,103.2724791112,103.4486803597,104.1905803533,103.0870041128,720638.0,103.2724791112
2019-12-11 00:00:00,103.4579541096,103.8010828567,104.2091278532,103.3930378602,567927.0,103.4579541096
2019-12-12 00:00:00,104.0329266047,103.8289041064,105.1735978448,103.1240991125,854473.0,104.0329266047
2019-12-13 00:00:00,102.9757191138,103.9401891055,104.3575078519,102.5584003674,579313.0,102.9757191138
2019-12-16 00:00:00,102.020522872,103.9772841051,104.0329266047,101.7515841243,1105519.0,102.020522872
2019-12-17 00:00:00,104.1534853536,102.2894616197,104.5337091004,102.2894616197,808517.0,104.1534853536
2019-12-18 00:00:00,103.6619766079,103.995831605,104.107116604,103.2168366117,526338.0,103.6619766079
2019-12-19 00:00:00,104.2925916024,104.4233425904,105.1891698055,103.7976057195,644148.0,104.2925916024
2019-12-20 00:00:00,105.0023826799,104.7315413477,105.1518123804,104.2552341773,1990107.0,105.0023826799
2019-12-23 00:00:00,105.5720834131,104.9650252547,105.5907621256,104.3019309587,442310.0,105.5720834131
2019-12-24 00:00:00,104.8529529794,105.6001014819,105.6281195508,104.5727722909,153927.0,104.8529529794
2019-12-26 00:00:00,104.8155955542,104.9276678296,104.9276678296,104.3486277401,187950.0,104.8155955542
2019-12-27 00:00:00,104.3859851653,105.0770975301,105.1985091618,104.2272161085,323530.0,104.3859851653
2019-12-30 00:00:00,104.3392883838,104.3019309587,104.6288084286,103.7322302255,409334.0,104.3392883838
2019-12-31 00:00:00,104.5914510035,104.2272161085,104.7128626351,103.8909992823,367263.0,104.5914510035
2020-01-02 00:00:00,103.4053527556,105.4319930689,105.4319930689,103.0691359295,860809.0,103.4053527556
2020-01-03 00:00:00,102.0044493133,102.2472725766,102.919706229,101.8083228314,844722.0,102.0044493133
2020-01-06 00:00:00,98.9691585216,101.5841782806,101.7989834751,98.9037830276,1051048.0,98.9691585216
2020-01-07 00:00:00,97.923150618,98.0072048246,98.4087971447,96.7090343014,1285243.0,97.923150618
2020-01-08 00:00:00,98.7356746146,97.9978654683,98.9971765905,97.2507169657,691723.0,98.7356746146
2020-01-09 00:00:00,98.0912590311,99.015855303,99.4267869794,98.0072048246,850534.0,98.0912590311
2020-01-10 00:00:00,98.6983171894,98.4368152135,99.5295198986,98.1379558125,688943.0,98.6983171894
2020-01-13 00:00:00,100.2486503323,98.8290681774,100.30468647,98.483511995,957416.0,100.2486503323
2020-01-14 00:00:00,99.6042347488,100.472794883,101.7803047625,99.0438733719,984089.0,99.6042347488
2020-01-15 00:00:00,101.0891923977,99.2399998538,101.1078711102,98.8851043151,739901.0,101.0891923977
2020-01-16 00:00:00,101.8736983254,101.5281421429,102.6675436093,100.8557084906,577764.0,101.8736983254
2020-01-17 00:00:00,101.8363409002,102.0137886696,102.7142403908,101.5188027866,754010.0,101.8363409002
2020-01-21 00:00:00,99.081230797,99.7349857368,99.9871483564,96.8024278642,1380682.0,99.081230797
2020-01-22 00:00:00,99.2773572789,99.5948953925,100.1926141946,99.146606291,585369.0,99.2773572789
2020-01-23 00:00:00,99.9871483564,98.7917107523,100.3700619639,97.988526112,417976.0,99.9871483564
2020-01-24 00:00:00,98.6702991206,99.6602708865,99.6602708865,97.9698473994,756377.0,98.6702991206
2020-01-27 00:00:00,97.1666627592,96.9892149898,97.8577751241,96.7183736576,642977.0,97.1666627592
2020-01-28 00:00:00,97.5028795853,97.8390964115,97.8390964115,96.5876226697,784770.0,97.5028795853
2020-01-29 00:00:00,98.0072048246,97.8297570552,98.9878372342,97.0639298401,1113444.0,98.0072048246
2020-01-30 00:00:00,93.0386672825,91.665781909,95.6256689726,90.6958897591,2457347.0,93.0386672825
2020-01-31 00:00:00,89.4243364013,91.6844606216,91.731157403,88.7238846801,1763638.0,89.4243364013
2020-02-03 00:00:00,90.7318462808,89.9193222843,91.1614566698,89.2562279882,1455778.0,90.7318462808
2020-02-04 00:00:00,92.8985769382,91.9366232412,93.2441331207,91.6284244839,1005171.0,92.8985769382
2020-02-05 00:00:00,96.9518575647,94.4208920122,97.0078937024,94.4208920122,1009695.0,96.9518575647
2020-02-06 00:00:00,97.4375040914,97.5122189416,97.7083454235,96.4942291069,847037.0,97.4375040914
2020-02-07 00:00:00,94.6823939881,96.830445933,96.961196921,94.5516430002,528725.0,94.6823939881
2020-02-10 00:00:00,93.9259061293,94.2434442429,95.0559682394,93.6550647971,642836.0,93.9259061293
2020-02-11 00:00:00,95.8217954545,94.4769281499,96.5502652446,94.1407113238,553663.0,95.8217954545
2020-02-12 00:00:00,95.0279501706,96.2514058435,96.5222471757,94.9999321017,473342.0,95.0279501706
2020-02-13 00:00:00,93.3748841086,94.4022132997,94.579661069,93.1787576267,546609.0,93.3748841086
2020-02-14 00:00:00,92.4035910553,93.4309202463,93.8418519227,92.2728400673,432048.0,92.4035910553
2020-02-18 00:00:00,92.758486594,92.1887858608,92.9826311448,91.1707960261,978142.0,92.758486594
2020-02-19 00:00:00,92.394251699,93.122721489,93.617707372,91.6471031964,846239.0,92.394251699
2020-02-20 00:00:00,92.5530207558,92.1327497231,93.5896893031,91.8432296784,1019265.0,92.5530207558
2020-02-21 00:00:00,95.5976509038,92.6183962498,95.6536870415,92.2635007111,1056721.0,95.5976509038
2020-02-24 00:00:00,92.4035910553,93.7297796474,93.981942267,91.9272838849,1241320.0,92.4035910553
2020-02-25 00:00:00,88.0514510278,92.7398078815,92.7398078815,87.9860755339,969137.0,88.0514510278
2020-02-26 00:00:00,87.9860755339,89.05076215,90.9559908316,87.958057465,770310.0,87.9860755339
2020-02-27 00:00:00,85.8473629452,86.6225295167,90.3769507421,85.8473629452,1377213.0,85.8473629452
2020-02-28 00:00:00,84.6332466286,83.587238725,85.2963409246,82.5318914651,1237559.0,84.6332466286
2020-03-02 00:00:00,88.5370975545,85.2403047869,88.5464369108,83.2697006114,965083.0,88.5370975545
2020-03-03 00:00:00,84.8947486045,87.6965554891,88.686527255,83.7179897129,1339073.0,84.8947486045
2020-03-04 00:00:00,87.7152342017,85.9874532895,88.0701297404,85.1188931552,1330866.0,87.7152342017
2020-03-05 00:00:00,84.9974815236,84.7173008351,85.9500958643,84.2596723773,852408.0,84.9974815236
2020-03-06 00:00:00,84.7826763291,82.2050139952,85.109553799,82.1022810761,978428.0,84.7826763291
2020-03-09 00:00:00,79.4218858231,80.2717672448,81.1963635168,77.6660868421,1256024.0,79.4218858231
2020-03-10 00:00:00,84.1289213893,82.3077469143,84.67994341,79.879514281,1218539.0,84.1289213893
2020-03-11 00:00:00,79.7300845805,82.0836023636,82.2330320641,78.0863578748,1181439.0,79.7300845805
2020-03-12 00:00:00,73.0431054825,74.6375623187,75.2130763247,67.0332297149,1324383.0,73.0431054825
2020-03-13 00:00:00,79.5907566327,77.1660500828,81.241821404,75.3640308181,1506264.0,79.5907566327
2020-03-16 00:00:00,76.3924083042,70.0428849266,79.1756317759,68.637121207,1189165.0,76.3924083042
2020-03-17 00:00:00,88.4404638068,77.9774304847,89.0348471245,77.5056976929,1727773.0,88.4404638068
2020-03-18 00:00:00,85.8836720753,82.3551107926,91.9878944012,80.8455658588,1359040.0,85.8836720753
2020-03-19 00:00:00,83.4589655254,86.3931434904,88.7423727936,78.0717770431,1371408.0,83.4589655254
2020-03-20 00:00:00,81.0248243197,83.4306615579,84.175999369,76.4678855509,1575269.0,81.0248243197
2020-03-23 00:00:00,71.9109467821,79.7794497494,80.7323499888,70.0617542383,1680667.0,71.9109467821
2020-03-24 00:00:00,75.080991143,75.4017694415,76.7697945377,72.5619380348,1383997.0,75.080991143
2020-03-25 00:00:00,75.3168575389,74.6847355979,78.9114614125,72.3449409506,1239634.0,75.3168575389
2020-03-26 00:00:00,82.3362414809,75.8923715449,83.1664911945,75.6659398049,1004051.0,82.3362414809
2020-03-27 00:00:00,81.2229520923,79.4775407626,82.9589287661,78.0434730755,729259.0,81.2229520923
2020-03-30 00:00:00,85.6289363677,81.9965938708,86.1572770945,81.2795600273,843289.0,85.6289363677
2020-03-31 00:00:00,81.9211166242,85.440243251,85.9119760428,81.3267333065,1265260.0,81.9211166242
2020-04-01 00:00:00,79.1567624642,79.0341119383,82.562673221,78.5057712115,1368725.0,79.1567624642
2020-04-02 00:00:00,79.2133703992,78.3548167181,81.8267700658,77.8925185822,1719853.0,79.2133703992
2020-04-03 00:00:00,75.9584141358,78.3359474065,80.4681796254,75.6376358374,1147863.0,75.9584141358
2020-04-06 00:00:00,80.6002648071,78.6850296724,81.2795600273,77.3736125112,1079786.0,80.6002648071
2020-04-07 00:00:00,80.1945746062,82.7985396169,83.883525038,79.7605804377,909680.0,80.1945746062
2020-04-08 00:00:00,82.8740168636,80.6946113655,83.8363517589,79.628495256,747643.0,82.8740168636
2020-04-09 00:00:00,85.3458966926,83.7042665772,86.5629672955,83.6759626097,1152410.0,85.3458966926
2020-04-13 00:00:00,83.8363517589,83.7986131355,84.9119025242,82.2607642343,742650.0,83.8363517589
2020-04-14 00:00:00,83.4967041488,85.9497146661,86.1006691595,82.5909771885,731229.0,83.4967041488
2020-04-15 00:00:00,80.7134806771,81.4776877999,81.7795967866,79.2228050551,861067.0,80.7134806771
2020-04-16 00:00:00,80.3643984112,81.2135174365,81.4305145207,78.4397286207,695675.0,80.3643984112
2020-04-17 00:00:00,85.7044136144,82.2513295784,86.7988336914,81.8928126566,1104918.0,85.7044136144
2020-04-20 00:00:00,81.2512560598,82.8928861753,83.9306983172,81.1757788131,815681.0,81.2512560598
2020-04-21 00:00:00,80.836131203,79.3926288601,81.241821404,79.2888476459,575171.0,80.836131203
2020-04-22 00:00:00,80.7134806771,82.1664176759,82.5532385652,80.4398756579,566846.0,80.7134806771
2020-04-23 00:00:00,81.2701253715,80.892739138,82.6947584027,80.7417846447,445814.0,81.2701253715
2020-04-24 00:00:00,81.1286055339,82.3268068251,82.3645454484,80.1945746062,604668.0,81.1286055339
2020-04-27 00:00:00,85.0628570175,81.5909036699,85.5345898093,81.2889946831,1058885.0,85.0628570175
2020-04-28 00:00:00,92.7332322122,88.6480262352,93.4030927766,86.2327543412,1668894.0,92.7332322122
2020-04-29 00:00:00,94.5352514769,94.6484673469,95.9504498523,92.2426301088,945186.0,94.5352514769
2020-04-30 00:00:00,91.1859486551,92.6483203097,93.1955303482,90.3556989416,687134.0,91.1859486551
2020-05-01 00:00:00,89.3933640463,89.8462275264,89.8839661498,88.2140320668,503722.0,89.3933640463
2020-05-04 00:00:00,90.3651335974,89.0725857479,90.5255227466,86.478055393,1060740.0,90.3651335974
2020-05-05 00:00:00,88.1951627551,91.0066901942,91.3180338368,88.1574241318,878792.0,88.1951627551
2020-05-06 00:00:00,88.1951627551,88.7329381378,90.5160880908,87.7706032425,563839.0,88.1951627551
2020-05-07 00:00:00,88.487637086,89.0442817803,90.4500454999,88.3272479368,628675.0,88.487637086
2020-05-08 00:00:00,92.5917123747,90.2236137599,93.6766977958,90.044355299,590957.0,92.5917123747
2020-05-11 00:00:00,91.9878944012,91.6105081677,92.7615361797,89.9405740848,595542.0,91.9878944012
2020-05-12 00:00:00,89.7801849356,92.3747152905,92.4973658163,89.7330116564,644899.0,89.7801849356
2020-05-13 00:00:00,84.7232094075,89.2046709296,89.4027987021,83.5344427721,749617.0,84.7232094075
2020-05-14 00:00:00,88.0630775734,84.232607304,88.1762934434,82.0154631825,618693.0,88.0630775734
2020-05-15 00:00:00,85.7798908611,87.2611318273,87.2611318273,84.92133718,591695.0,85.7798908611
2020-05-18 00:00:00,88.4121598393,88.7801114169,89.7613156239,87.9970349825,808246.0,88.4121598393
2020-05-19 00:00:00,85.7798908611,87.6479527166,87.9781656709,85.7232829261,561163.0,85.7798908611
2020-05-20 00:00:00,88.1574241318,87.110177334,88.9971085012,87.0252654314,475790.0,88.1574241318
2020-05-21 00:00:00,87.6573873725,87.5253021907,89.3933640463,87.3554783857,403721.0,87.6573873725
2020-05-22 00:00:00,87.7328646191,87.5630408141,87.9026884242,86.3365355554,390766.0,87.7328646191
2020-05-26 00:00:00,92.7992748031,89.6292304422,93.1011837898,89.6292304422,651916.0,92.7992748031
2020-05-27 00:00:00,96.6674836959,94.9598109895,96.7240916309,94.6012940678,776183.0,96.6674836959
2020-05-28 00:00:00,95.9504498523,97.3373442602,97.5732106561,94.3088197368,815866.0,95.9504498523
2020-05-29 00:00:00,95.6768448331,95.6768448331,95.9410151965,93.6578284842,819474.0,95.6768448331
2020-06-01 00:00:00,96.8184381892,95.5258903397,97.063739241,95.3843705022,495855.0,96.8184381892
2020-06-02 00:00:00,97.0448699293,97.7241651495,98.1204206946,96.6391797283,814352.0,97.0448699293
2020-06-03 00:00:00,101.3942462697,98.7619772914,101.9414563082,98.0732474154,616978.0,101.3942462697
2020-06-04 00:00:00,102.4886663467,100.5545619003,102.5452742817,100.5545619003,854159.0,102.4886663467
2020-06-05 00:00:00,104.309554923,105.1398046366,106.4229178303,103.3943933069,873702.0,104.309554923
2020-06-08 00:00:00,105.4983215584,103.3849586511,105.7719265776,103.3472200278,558790.0,105.4983215584
2020-06-09 00:00:00,101.7527631915,104.1774697413,104.1774697413,101.5923740423,515646.0,101.7527631915
2020-06-10 00:00:00,99.365795265,100.6960817378,101.3376383347,99.2525793949,461891.0,99.365795265
2020-06-11 00:00:00,92.5822777189,96.8184381892,97.5354720328,92.4973658163,693317.0,92.5822777189
2020-06-12 00:00:00,94.0729533409,95.7657339409,96.5931042341,91.5147624343,582490.0,94.0729533409
2020-06-15 00:00:00,94.5960035263,91.4481924107,95.0524836881,90.0787519253,942978.0,94.5960035263
2020-06-16 00:00:00,95.9844640184,97.4299845307,98.4095148779,95.4423938263,800190.0,95.9844640184
2020-06-17 00:00:00,94.2251133949,96.2982941296,96.2982941296,93.8827532735,499219.0,94.2251133949
2020-06-18 00:00:00,92.8366529028,93.5594131589,94.2156033915,92.1519326601,865417.0,92.8366529028
2020-06-19 00:00:00,94.8622836207,93.9683433039,94.8622836207,92.2660527006,3273215.0,94.8622836207
2020-06-22 00:00:00,93.740103223,94.177563378,94.4058034589,92.3611527343,769866.0,93.740103223
2020-06-23 00:00:00,95.0429736847,94.4153134623,95.6706339072,94.3297234319,806275.0,95.0429736847
2020-06-24 00:00:00,93.1409730106,94.3011934218,94.6720835533,92.9507729432,853532.0,93.1409730106
2020-06-25 00:00:00,91.2294623332,92.5798828118,92.7605728758,88.8044114737,725948.0,91.2294623332
2020-06-26 00:00:00,90.9917122489,90.7539621646,91.790552532,90.173851959,891696.0,90.9917122489
2020-06-29 00:00:00,93.2170530376,92.3326227241,94.6245335364,92.0092826095,559727.0,93.2170530376
2020-06-30 00:00:00,94.9098336375,92.7700828792,95.3948438094,92.3516427309,776429.0,94.9098336375
2020-07-01 00:00:00,94.5009034926,94.9668936578,95.2617037623,92.9317529365,661781.0,94.5009034926
2020-07-02 00:00:00,94.767183587,95.5755338735,96.0700540488,93.7115732129,906023.0,94.767183587
2020-07-06 00:00:00,95.100033705,95.9654440117,96.9830143723,93.6830432028,742350.0,95.100033705
2020-07-07 00:00:00,93.8352032567,94.1585433713,94.767183587,93.2075430342,577610.0,93.8352032567
2020-07-08 00:00:00,91.5908424612,93.5213731455,94.0349133275,90.6588621309,607381.0,91.5908424612
2020-07-09 00:00:00,90.6969021444,91.8000625354,91.8000625354,90.2023819692,606390.0,90.6969021444
2020-07-10 00:00:00,94.0444233308,91.2579923433,94.1205033578,91.2579923433,484446.0,94.0444233308
2020-07-13 00:00:00,93.9398132938,94.3867834522,95.3853338061,93.4167631084,479051.0,93.9398132938
2020-07-14 00:00:00,97.1161544195,94.0444233308,97.2207644566,94.0158933207,715196.0,97.1161544195
2020-07-15 00:00:00,97.8008746622,99.1037451239,99.1037451239,96.6311442476,659758.0,97.8008746622
2020-07-16 00:00:00,101.8045860812,97.8198946689,103.0503965227,97.6867546217,1012206.0,101.8045860812
2020-07-17 00:00:00,99.5792452925,102.0613561722,102.0613561722,99.4936552621,879912.0,99.5792452925
2020-07-20 00:00:00,98.6377549588,99.9881754374,99.9976854408,98.2763748307,370097.0,98.6377549588
2020-07-21 00:00:00,99.0181550936,98.5997149453,99.9976854408,98.5046149116,455007.0,99.0181550936
2020-07-22 00:00:00,99.1608051442,98.95158507,99.8027303717,98.1907848004,445853.0,99.1608051442
2020-07-23 00:00:00,98.3904948712,98.7804050093,100.1498454947,98.0861747633,510310.0,98.3904948712
2020-07-24 00:00:00,97.7533246453,98.770895006,99.2749251846,97.3919445172,393770.0,97.7533246453
2020-07-27 00:00:00,98.4570648947,97.410964524,99.027665097,96.3933941633,688421.0,98.4570648947
2020-07-28 00:00:00,96.9830143723,98.0196047397,98.7043249824,96.1461340757,964424.0,96.9830143723
2020-07-29 00:00:00,96.9735043689,97.0115443824,98.0386247464,94.6435535432,940712.0,96.9735043689
2020-07-30 00:00:00,93.4643131252,95.6516139004,96.6691842611,92.9222429331,828401.0,93.4643131252
2020-07-31 00:00:00,91.4101523972,93.3597030882,93.3597030882,89.9741418883,824920.0,91.4101523972
2020-08-03 00:00:00,91.2484823399,92.047322623,92.3468877292,90.7920021781,728335.0,91.2484823399
2020-08-04 00:00:00,90.6969021444,90.1167919388,91.27701235,89.35836917,1750516.0,90.6969021444
2020-08-05 00:00:00,91.1628923096,91.5718224545,92.636942832,91.096322286,793809.0,91.1628923096
2020-08-06 00:00:00,90.3545420231,91.2579923433,91.7049625017,90.2641969911,696816.0,90.3545420231
2020-08-07 00:00:00,90.7920021781,87.6537010659,90.8490621983,87.5062960136,2132500.0,90.7920021781
2020-08-10 00:00:00,92.7795928826,91.0012222523,92.7795928826,90.506702077,1882087.0,92.7795928826
2020-08-11 00:00:00,95.100033705,93.8827532735,96.7737942982,93.740103223,946303.0,95.100033705
2020-08-12 00:00:00,94.5294335027,95.6896539139,96.4599641869,93.6259831825,494102.0,94.5294335027
2020-08-13 00:00:00,94.3582534421,93.9017732803,94.9383636477,93.5689231623,375063.0,94.3582534421
2020-08-14 00:00:00,94.7862035937,93.664023196,95.5422488617,93.3925125998,348191.0,94.7862035937
2020-08-17 00:00:00,94.3677634454,95.0049336713,95.7372039308,94.1205033578,406807.0,94.3677634454
2020-08-18 00:00:00,93.226563041,94.4438434724,94.8908136308,93.1885230275,349837.0,93.226563041
2020-08-19 00:00:00,93.3026430679,93.8447132601,94.9954236679,92.9032229264,647406.0,93.3026430679
2020-08-20 00:00:00,91.9807525994,92.1043826433,92.893712923,91.0392622658,306802.0,91.9807525994
2020-08-21 00:00:00,91.2579923433,91.9807525994,92.5798828118,90.8691283055,422101.0,91.2579923433
2020-08-24 00:00:00,94.8337536106,92.0092826095,95.1285637151,92.0092826095,571527.0,94.8337536106
2020-08-25 00:00:00,94.3297234319,95.2712137656,95.4804338398,92.9650379483,517977.0,94.3297234319
2020-08-26 00:00:00,94.9668936578,94.0254033241,95.100033705,93.5641681606,614220.0,94.9668936578
2020-08-27 00:00:00,97.0971344128,95.0810136982,97.3919445172,95.0619936915,932794.0,97.0971344128
2020-08-28 00:00:00,97.2588044701,97.1637044364,97.8959746959,96.7357542847,604927.0,97.2588044701
2020-08-31 00:00:00,96.2792741229,98.0196047397,98.2098048071,95.4043538128,770640.0,96.2792741229
2020-09-01 00:00:00,99.1132551273,96.1746640858,99.132275134,95.7086739207,680241.0,99.1132551273
2020-09-02 00:00:00,101.8901761115,99.2368851711,101.9472361317,98.6377549588,800107.0,101.8901761115
2020-09-03 00:00:00,100.7584857104,101.8901761115,102.7460764148,98.9896250835,1175170.0,100.7584857104
2020-09-04 00:00:00,101.3290859126,101.7285060542,102.3846962868,99.9691554307,732832.0,101.3290859126
2020-09-08 00:00:00,98.4095148779,100.6633856767,101.1483958486,98.3809848678,743826.0,98.4095148779
2020-09-09 00:00:00,99.3890452251,99.4270852385,100.8726057509,98.770895006,638932.0,99.3890452251
2020-09-10 00:00:00,98.438044888,99.4746352554,100.2544555318,97.6487146083,916546.0,98.438044888
2020-09-11 00:00:00,99.4841452588,98.5616749318,99.9501354239,98.0100947363,675601.0,99.4841452588
2020-09-14 00:00:00,101.4907559699,100.3697875523,102.0560306421,99.8572079766,521069.0,101.4907559699
2020-09-15 00:00:00,103.0237042334,102.3147156616,103.3686175927,102.3147156616,735669.0,103.0237042334
2020-09-16 00:00:00,106.3578667065,104.3458721107,106.9327223053,103.3254076135,905956.0,106.3578667065
2020-09-17 00:00:00,108.2261474027,104.8919849296,108.705193735,103.5793979789,952130.0,108.2261474027
2020-09-18 00:00:00,108.3986040823,108.2261474027,109.5291534266,107.89081497,1177314.0,108.3986040823
2020-09-21 00:00:00,103.5027505658,105.8884013008,106.7842179423,102.4686811528,736244.0,103.5027505658
2020-09-22 00:00:00,102.6596290208,103.2823892529,104.4416813772,101.2703946571,644816.0,102.6596290208
2020-09-23 00:00:00,99.7853510268,102.7746001406,102.8033429205,99.7182845403,635979.0,99.7853510268
2020-09-24 00:00:00,99.9003221466,99.8524175133,101.4907559699,98.4536022229,382628.0,99.9003221466
2020-09-25 00:00:00,104.853661223,98.7122872424,105.3231266287,98.4679736129,1078906.0,104.853661223
2020-09-28 00:00:00,106.4919996796,105.7159446212,106.9997887919,104.0584443113,945812.0,106.4919996796
2020-09-29 00:00:00,104.1925772843,106.7219419191,106.7842179423,103.8093402185,630366.0,104.1925772843
2020-09-30 00:00:00,104.4800050837,104.7770138098,105.9267250074,103.4356840792,676772.0,104.4800050837
2020-10-01 00:00:00,103.1386753532,105.1602508757,105.9267250074,102.4584295613,547342.0,103.1386753532
2020-10-02 00:00:00,103.876406705,101.8835739625,105.0548606826,101.6301584526,621974.0,103.876406705
2020-10-05 00:00:00,106.29080022,105.5530688682,107.0955980583,105.016536976,795049.0,106.29080022
2020-10-06 00:00:00,104.824918443,105.9171440808,107.1530836182,104.5183287903,474651.0,104.824918443
2020-10-07 00:00:00,107.2776356646,105.9075631541,108.1590809161,105.9075631541,377980.0,107.2776356646
2020-10-08 00:00:00,109.0405261676,107.5267397574,109.0692689476,107.2488928847,323343.0,109.0405261676
2020-10-09 00:00:00,108.1686618428,109.7590956662,110.6692836976,108.0153670164,493511.0,108.1686618428
2020-10-12 00:00:00,111.8189948952,110.8992259371,113.6106281782,109.7016101063,578180.0,111.8189948952
2020-10-13 00:00:00,111.5219861692,110.9758733503,112.2788793743,110.5351507245,350307.0,111.5219861692
2020-10-14 00:00:00,111.6752809955,111.9722897216,112.8872682163,111.5171957058,382997.0,111.6752809955
2020-10-15 00:00:00,113.7255992979,110.4201796048,113.8501513444,110.286142441,398307.0,113.7255992979
2020-10-16 00:00:00,114.5783017695,114.3866832366,115.133995515,114.0130270973,650478.0,114.5783017695
2020-10-19 00:00:00,112.3459458608,115.0860908818,115.651365554,112.0201943548,476542.0,112.3459458608
2020-10-20 00:00:00,111.6465382156,113.4381714985,113.7488809497,111.1531204933,352669.0,111.6465382156
2020-10-21 00:00:00,112.7770875599,111.9243850883,113.7830848578,111.7998330419,444498.0,112.7770875599
2020-10-22 00:00:00,113.236972039,112.6621164401,113.6489518848,111.6465382156,283133.0,113.236972039
2020-10-23 00:00:00,114.2046456303,113.5435616917,114.5878826962,113.2465529656,419323.0,114.2046456303
2020-10-26 00:00:00,110.9279687171,113.2752957455,113.3519431587,110.3626940449,436354.0,110.9279687171
2020-10-27 00:00:00,109.193820994,110.7076074042,112.9543347029,109.1363354341,616008.0,109.193820994
2020-10-28 00:00:00,107.239311958,107.2488928847,108.1878236961,106.2237337335,565558.0,107.239311958
2020-10-29 00:00:00,109.9698760524,107.3351212245,111.0189875202,107.3351212245,456478.0,109.9698760524
2020-10-30 00:00:00,109.6920291796,109.5770580599,110.4201796048,108.2576686513,361821.0,109.6920291796
2020-11-02 00:00:00,112.9303823863,110.8800640838,113.0357725794,110.4872460913,540150.0,112.9303823863
2020-11-03 00:00:00,118.0849209223,114.8178249357,118.7939094941,114.1471600704,646101.0,118.0849209223
2020-11-04 00:00:00,113.4573333518,116.6094582186,116.6094582186,113.1699055524,392905.0,113.4573333518
2020-11-05 00:00:00,117.4046751303,114.5878826962,118.1328255555,114.0848840472,313366.0,117.4046751303
2020-11-06 00:00:00,118.0465972157,117.5100653234,119.5076885293,116.2607124887,704326.0,118.0465972157
2020-11-09 00:00:00,121.4765689552,124.2741995361,126.2287085721,120.0777536648,827166.0,121.4765689552
2020-11-10 00:00:00,124.494560849,121.6107019283,124.494560849,120.7675803834,478832.0,124.494560849
2020-11-11 00:00:00,122.5304708864,124.6957603086,125.1748066409,122.0418436274,505220.0,122.5304708864
2020-11-12 00:00:00,121.5532163684,121.3136932022,121.5819591483,119.8717637419,421458.0,121.5532163684
2020-11-13 00:00:00,124.5041417756,121.8693869478,124.9352834747,121.8693869478,534992.0,124.5041417756
2020-11-16 00:00:00,128.7293304269,126.6885930511,129.3473001956,125.3376823939,512818.0,128.7293304269
2020-11-17 00:00:00,129.8982034778,128.0107609284,130.7509059494,126.7508690743,655794.0,129.8982034778
2020-11-18 00:00:00,126.3628415451,129.8886225512,130.271859617,126.2957750586,655016.0,126.3628415451
2020-11-19 00:00:00,124.3604278759,126.1616420855,126.1616420855,123.191554825,711982.0,124.3604278759
2020-11-20 00:00:00,124.3604278759,124.4562371424,125.308939614,122.2909477202,579267.0,124.3604278759
2020-11-23 00:00:00,125.960442626,125.7305003864,127.1293156769,124.7819886484,277135.0,125.960442626
2020-11-24 00:00:00,128.9592726664,127.8287233221,129.2754432458,126.4011652517,441001.0,128.9592726664
2020-11-25 00:00:00,126.2287085721,127.8191423954,128.7916064501,125.9987663325,358768.0,126.2287085721
2020-11-27 00:00:00,127.20596309,125.8550524328,127.4359053296,125.3760061005,220538.0,127.20596309
2020-11-30 00:00:00,124.5520464089,126.420327105,126.6694311978,123.7951532038,696809.0,124.5520464089
2020-12-01 00:00:00,126.4107461784,126.9760208505,128.1448939014,125.5867864867,606987.0,126.4107461784
2020-12-02 00:00:00,126.4490698849,126.0754137457,127.2883590592,124.7819886484,431564.0,126.4490698849
2020-12-03 00:00:00,126.0275091125,126.6215265646,127.9532753685,125.6730148265,469013.0,126.0275091125
2020-12-04 00:00:00,127.5892001559,126.7556595376,128.3844170676,126.7556595376,512013.0,127.5892001559
2020-12-07 00:00:00,129.2754432458,128.508969114,129.3616715856,126.6406884179,745686.0,129.2754432458
2020-12-08 00:00:00,131.3257615482,128.0395037083,131.7760651006,128.0395037083,519788.0,131.3257615482
2020-12-09 00:00:00,130.6071920497,131.2682759883,133.1269757578,129.6778421649,646482.0,130.6071920497
2020-12-10 00:00:00,129.8790416245,130.0514983042,131.2299522817,129.1987958326,633972.0,129.8790416245
2020-12-11 00:00:00,129.8982034778,129.3712525122,131.0766574554,128.6047783805,559065.0,129.8982034778
2020-12-14 00:00:00,126.1616420855,130.9329435557,131.3524923335,126.0275091125,597192.0,126.1616420855
2020-12-15 00:00:00,128.5664546739,127.4167434763,128.9401108131,126.746078611,487109.0,128.5664546739
2020-12-16 00:00:00,129.9269462577,129.1508911993,130.4730590766,128.8730443266,550754.0,129.9269462577
2020-12-17 00:00:00,129.9652699643,130.300602397,130.4730590766,128.5856165272,500483.0,129.9652699643
2020-12-18 00:00:00,130.1664694239,130.040993812,130.4077686776,127.7196949912,1175188.0,130.1664694239
2020-12-21 00:00:00,129.1144046777,128.680066021,129.8962142598,125.9582104391,454811.0,129.1144046777
2020-12-22 00:00:00,129.1530125583,129.1626645285,130.0120379015,128.6993699613,598702.0,129.1530125583
2020-12-23 00:00:00,131.0061908268,129.4522236329,132.0486036029,129.2447062747,1024150.0,131.0061908268
2020-12-24 00:00:00,131.3633137223,131.5273972149,131.6432208566,129.9589520657,158929.0,131.3633137223
2020-12-28 00:00:00,132.0196476924,132.6663296924,133.1971880506,131.5756570656,297700.0,132.0196476924
2020-12-29 00:00:00,130.9482790059,132.3960745282,132.7531974237,130.7665324081,305538.0,130.9482790059
2020-12-30 00:00:00,132.6856336327,131.4019216029,133.2937077521,131.4019216029,251483.0,132.6856336327
2020-12-31 00:00:00,133.1103203192,132.772501364,133.4674432147,131.4598334238,397051.0,133.1103203192
2021-01-04 00:00:00,131.0254947671,133.5929188267,134.6112016773,130.1471654836,610527.0,131.0254947671
2021-01-05 00:00:00,132.3767705879,131.8073043492,133.4577912446,130.5486874418,999849.0,132.3767705879
2021-01-06 00:00:00,139.4902725875,133.226143961,140.5230333934,133.226143961,872445.0,139.4902725875
2021-01-07 00:00:00,139.9053073038,139.65435608,140.9187641694,138.9980221099,927794.0,139.9053073038
2021-01-08 00:00:00,139.7412238113,140.3879058113,141.4689264679,138.1486487368,740850.0,139.7412238113
2021-01-11 00:00:00,140.7546806769,138.225864498,141.8743092142,137.125539901,713865.0,140.7546806769
2021-01-12 00:00:00,142.1059564977,138.6988110353,142.9842857812,138.5443795129,562118.0,142.1059564977
2021-01-13 00:00:00,138.6505511845,140.6774649157,141.1890193336,137.2561310572,863826.0,138.6505511845
2021-01-14 00:00:00,138.0231731249,138.8725464979,139.5192284979,137.6370943189,985804.0,138.0231731249
2021-01-15 00:00:00,137.5695305279,136.5464216921,138.7084630054,135.3500599922,586631.0,137.5695305279
2021-01-19 00:00:00,134.8187190355,138.940110289,139.2779292442,134.6449835729,663177.0,134.8187190355
2021-01-20 00:00:00,135.5812246773,135.8321759011,136.1024310653,133.8824779311,576875.0,135.5812246773
2021-01-21 00:00:00,135.6584404385,135.10827814,136.6718973041,135.10827814,404045.0,135.6584404385
2021-01-22 00:00:00,135.5136608862,135.2241017818,136.1989507668,134.1672110505,375645.0,135.5136608862
2021-01-25 00:00:00,136.015563334,135.6584404385,137.6757021995,135.1372340504,750135.0,136.015563334
2021-01-26 00:00:00,134.9731505579,136.7008532145,136.9614564085,134.9538466176,352417.0,134.9731505579
2021-01-27 00:00:00,131.1413184089,133.5929188267,135.2434057221,130.3305529164,650487.0,131.1413184089
2021-01-28 00:00:00,127.1260988271,131.1509703791,132.6615037073,124.6262385586,1174421.0,127.1260988271
2021-01-29 00:00:00,129.780390618,126.0547301406,130.3884647373,124.4525030959,1379612.0,129.780390618
2021-02-01 00:00:00,129.9637780508,130.822803394,131.3922696328,128.0816438718,975540.0,129.9637780508
2021-02-02 00:00:00,130.8421073343,131.4019216029,132.8690210655,130.3788127672,533815.0,130.8421073343
2021-02-03 00:00:00,130.9193230955,130.9386270358,131.7686964686,129.7321307672,522909.0,130.9193230955
2021-02-04 00:00:00,127.7245209763,131.1509703791,131.5467011552,127.6280012748,1006272.0,127.7245209763
2021-02-05 00:00:00,128.6607620807,128.7090219315,129.3557039314,127.5507855136,857635.0,128.6607620807
2021-02-08 00:00:00,128.4001588867,129.2881401404,130.4753324687,128.0333840211,737819.0,128.4001588867
2021-02-09 00:00:00,127.3480941405,128.7958896628,129.2205763494,127.0874909465,829414.0,127.3480941405
2021-02-10 00:00:00,129.133708618,128.351899036,129.4522236329,127.9079084091,715949.0,129.133708618
2021-02-11 00:00:00,126.6048924391,129.326748021,129.8093465284,125.8327348272,768588.0,126.6048924391
2021-02-12 00:00:00,128.5449384389,126.4794168272,129.2591842299,126.4794168272,562984.0,128.5449384389
2021-02-16 00:00:00,128.4098108569,128.805541633,128.9165392897,126.923407454,638371.0,128.4098108569
2021-02-17 00:00:00,128.7765857225,128.1299037226,129.0854487673,127.3480941405,442570.0,128.7765857225
2021-02-18 00:00:00,128.0623399315,128.158859633,128.8538014837,127.8017367375,382933.0,128.0623399315
2021-02-19 00:00:00,129.4136157523,128.2746832748,130.1471654836,127.6280012748,386392.0,129.4136157523
2021-02-22 00:00:00,129.6452630359,128.6221542001,130.3788127672,128.4316243094,451793.0,129.6452630359
2021-02-23 00:00:00,128.8924093643,129.9734300209,130.108557603,128.2360753942,595806.0,128.8924093643
2021-02-24 00:00:00,128.7862376927,128.7765857225,129.3026180956,127.0392310958,659098.0,128.7862376927
2021-02-25 00:00:00,128.9213652747,128.7862376927,129.9251701702,128.1878155435,477188.0,128.9213652747
2021-02-26 00:00:00,127.4253099017,128.2360753942,129.066144827,126.923407454,797584.0,127.4253099017
2021-03-01 00:00:00,131.1606223492,128.61250223,131.7493925283,128.61250223,618527.0,131.1606223492
2021-03-02 00:00:00,131.6625247969,131.4598334238,132.51189817,130.494636409,706294.0,131.6625247969
2021-03-03 00:00:00,131.7590444984,131.6721767671,133.1730581252,130.8131514239,443838.0,131.7590444984
2021-03-04 00:00:00,129.5390913643,131.7107846477,132.3767705879,127.1647067077,549498.0,129.5390913643
2021-03-05 00:00:00,130.2533371552,130.5911561105,131.1316664388,127.5604374838,923141.0,130.2533371552
2021-03-08 00:00:00,133.612222767,130.7841955134,135.368881334,130.2436851851,818483.0,133.612222767
2021-03-09 00:00:00,135.1275820803,133.4288353341,136.1603428862,132.4829422596,471381.0,135.1275820803
2021-03-10 00:00:00,135.9286956026,134.9345426773,137.5984864383,134.9345426773,474849.0,135.9286956026
2021-03-11 00:00:00,135.0889741997,135.7453081698,136.6160123969,134.3650764386,714877.0,135.0889741997
2021-03-12 00:00:00,133.4095313938,135.898442634,136.2776127057,133.1859182746,762827.0,133.4095313938
2021-03-15 00:00:00,130.99839863,132.8650820601,132.8650820601,129.2289382952,1005181.0,130.99839863
2021-03-16 00:00:00,129.7928322481,130.4539492962,131.3581240827,128.1303173181,593431.0,129.7928322481
2021-03-17 00:00:00,131.1345109634,130.2011692484,131.2609009873,129.7831099385,798852.0,131.1345109634
2021-03-18 00:00:00,130.2692254151,131.8345172497,132.388688893,130.2692254151,653337.0,130.2692254151
2021-03-19 00:00:00,127.3816994842,130.7650632012,130.7650632012,126.9733624839,1661407.0,127.3816994842
2021-03-22 00:00:00,126.8275278409,124.5233404819,127.0803078887,123.5316649096,676500.0,126.8275278409
2021-03-23 00:00:00,125.3497367921,126.9539178648,129.2435217595,124.7858428392,607729.0,125.3497367921
2021-03-24 00:00:00,126.2830785071,125.4664045064,128.2518461873,125.4664045064,467751.0,126.2830785071
2021-03-25 00:00:00,130.0747792245,126.4872470073,130.5024636208,125.7191845543,596649.0,130.0747792245
2021-03-26 00:00:00,131.7567387735,130.5122831534,131.9511849641,129.5789414384,428606.0,131.7567387735
2021-03-29 00:00:00,132.0678526785,130.8720086061,132.6268854765,130.7553408917,451385.0,132.0678526785
2021-03-30 00:00:00,131.6886826067,131.8539618688,132.5306346122,131.3192348445,254914.0,131.6886826067
2021-03-31 00:00:00,130.7456185822,131.3678463922,132.3595219644,130.0747792245,494582.0,130.7456185822
2021-04-01 00:00:00,131.8053503211,130.852563987,132.4178558216,129.7442207004,497220.0,131.8053503211
2021-04-05 00:00:00,133.6428668226,133.5359214178,134.1921773111,132.7503588076,650976.0,133.6428668226
2021-04-06 00:00:00,135.5873287289,133.5748106559,135.9664988007,132.991472084,928419.0,135.5873287289
2021-04-07 00:00:00,134.216483085,136.1123334436,136.7053943251,134.1775938468,522383.0,134.216483085
2021-04-08 00:00:00,132.4567450597,133.4095313938,133.8275907037,131.6303487495,724468.0,132.4567450597
2021-04-09 00:00:00,134.0123145848,133.1956405841,134.0998153706,131.8442395592,429736.0,134.0123145848
2021-04-12 00:00:00,135.2373255858,134.1775938468,135.460938705,134.1678715373,381625.0,135.2373255858
2021-04-13 00:00:00,133.5067544892,135.2276032763,135.7623303005,132.7289697266,333903.0,133.5067544892
2021-04-14 00:00:00,133.7400899179,133.137306727,133.8324518585,132.4859119883,348640.0,133.7400899179
2021-04-15 00:00:00,135.6748295147,134.2748169422,136.4817812059,134.0803707515,574258.0,135.6748295147
2021-04-16 00:00:00,136.4623365868,136.7053943251,137.5026237067,135.0185736213,497837.0,136.4623365868
2021-04-19 00:00:00,137.2012321112,138.2609638502,138.4942992789,135.3831602288,554779.0,137.2012321112
2021-04-20 00:00:00,136.8998405157,137.2498436589,137.9498499451,136.0053880388,391576.0,136.8998405157
2021-04-21 00:00:00,138.2998530883,136.9192851348,138.4359654217,136.831784349,289736.0,138.2998530883
2021-04-22 00:00:00,136.7831728013,138.6887454695,138.8929139697,136.6470604679,575740.0,136.7831728013
2021-04-23 00:00:00,138.3776315645,137.3665113732,138.7276347077,136.7831728013,281508.0,138.3776315645
2021-04-26 00:00:00,139.1748609461,139.0484709222,139.6123648751,137.9401276356,465354.0,139.1748609461
2021-04-27 00:00:00,140.7498750903,138.05679535,143.0832293779,137.2790105875,593959.0,140.7498750903
2021-04-28 00:00:00,141.3332136622,141.9068299245,142.9471170444,140.9151543523,598983.0,141.3332136622
2021-04-29 00:00:00,145.8443652849,142.4415569488,145.9026991421,142.4415569488,619029.0,145.8443652849
2021-04-30 00:00:00,143.5499002354,145.3679721178,146.048533785,143.1610078541,550600.0,143.5499002354
2021-05-03 00:00:00,145.3193605702,144.512408879,146.1457568804,143.7832356642,342156.0,145.3193605702
2021-05-04 00:00:00,147.6624371673,145.4457505941,147.7596602626,145.4457505941,545113.0,147.6624371673
2021-05-05 00:00:00,147.9443841437,147.6624371673,148.8777258588,146.8895135595,417901.0,147.9443841437
2021-05-06 00:00:00,148.9846712636,148.8291143111,149.120783597,147.0110424287,338359.0,148.9846712636
2021-05-07 00:00:00,148.9068927874,147.9929956914,149.2957851686,147.5068802148,224299.0,148.9068927874
2021-05-10 00:00:00,150.2680161218,149.9180129786,152.1930334091,149.7819006452,370325.0,150.2680161218
2021-05-11 00:00:00,150.5499630982,150.3360722885,151.6971956229,149.0138381922,469137.0,150.5499630982
2021-05-12 00:00:00,147.3513232623,150.8513546937,151.0846901225,147.1374324526,359665.0,147.3513232623
2021-05-13 00:00:00,150.7444092888,146.6221500474,151.5610832895,146.2040907375,254544.0,150.7444092888
2021-05-14 00:00:00,149.9666245263,150.8805216223,151.3909428727,149.4513421211,299062.0,149.9666245263
2021-05-17 00:00:00,150.8221877651,150.3069053599,152.0958103137,149.6166213832,338190.0,150.8221877651
2021-05-18 00:00:00,147.9832733818,149.5388429069,149.9860691454,147.8082718103,400387.0,147.9832733818
2021-05-19 00:00:00,146.5832608093,147.3027117146,147.3027117146,145.2318597844,290822.0,146.5832608093
2021-05-20 00:00:00,145.2415820939,146.1165899518,146.8943747143,145.11519207,370713.0,145.2415820939
2021-05-21 00:00:00,145.9901999278,145.7568644991,147.0304870477,145.4554729036,399904.0,145.9901999278
2021-05-24 00:00:00,147.2929894051,146.9818755001,147.6916040959,146.3693699996,352067.0,147.2929894051
2021-05-25 00:00:00,145.0471359033,147.3707678813,147.9346618342,144.7263969118,369452.0,145.0471359033
2021-05-26 00:00:00,144.5999096648,144.7651889269,145.3874167369,143.4526771401,462094.0,144.5999096648
2021-05-27 00:00:00,145.2415820939,145.6693637133,146.2326743276,144.2499065217,1184891.0,145.2415820939
2021-05-28 00:00:00,144.5221311886,145.3290828797,146.0777007136,143.9582372357,382261.0,144.5221311886
2021-06-01 00:00:00,145.6304744752,145.8346429753,146.4325650115,144.7554666173,431308.0,145.6304744752
2021-06-02 00:00:00,142.3735007821,145.0957474509,145.1832482367,141.5665490909,1256947.0,142.3735007821
2021-06-03 00:00:00,142.0234976389,142.0332199484,142.4512792583,141.294324424,916082.0,142.0234976389
2021-06-04 00:00:00,142.6846146871,142.9179501158,143.3165648066,141.897107615,583832.0,142.6846146871
2021-06-07 00:00:00,140.3123711613,143.2096194018,143.2096194018,140.0887580421,680268.0,140.3123711613
2021-06-08 00:00:00,140.2637596137,140.2637596137,140.9734882095,139.4859748511,902992.0,140.2637596137
2021-06-09 00:00:00,139.0193039936,139.8457003038,140.6332073759,138.9512478269,706921.0,139.0193039936
2021-06-10 00:00:00,138.659578541,140.2443149946,140.2443149946,138.6061058385,484390.0,138.659578541
2021-06-11 00:00:00,139.8554226133,139.30125097,140.069313423,138.5234662075,1260107.0,139.8554226133
2021-06-14 00:00:00,135.9762211102,140.0008665716,140.2799478262,135.5649434718,857623.0,135.9762211102
2021-06-15 00:00:00,137.0337921803,136.9064919589,137.6996702615,135.6628667191,877050.0,137.0337921803
2021-06-16 00:00:00,135.7412053168,136.7204377892,136.7693994128,135.3886816268,979684.0,135.7412053168
2021-06-17 00:00:00,131.0310971248,136.0349750585,136.0937290069,130.5904425123,830494.0,131.0310971248
2021-06-18 00:00:00,129.9931107042,129.4153635455,130.4729346156,128.9257473093,1104230.0,129.9931107042
2021-06-21 00:00:00,132.5195304828,131.3934131396,133.4106320327,131.3934131396,445178.0,132.5195304828
2021-06-22 00:00:00,132.5097381581,132.4509842098,133.204013981,131.7557291544,340819.0,132.5097381581
2021-06-23 00:00:00,131.804690778,132.6370383795,132.7545462762,131.29059373,344463.0,131.804690778
2021-06-24 00:00:00,131.0213048001,132.1963837669,132.5684921064,130.8352506304,541626.0,131.0213048001
2021-06-25 00:00:00,132.4509842098,131.1779819957,133.3812550585,131.1779819957,590590.0,132.4509842098
2021-06-28 00:00:00,132.7741309256,132.4020225861,132.8647099293,131.1583973463,434131.0,132.7741309256
2021-06-29 00:00:00,132.26493004,133.2049932135,134.3311105567,131.8389639145,474797.0,132.26493004
2021-06-30 00:00:00,132.6076614053,131.7361445049,132.9993543943,131.4423747632,474851.0,132.6076614053
2021-07-01 00:00:00,133.7044017744,133.2245778629,134.3115259072,132.26493004,414418.0,133.7044017744
2021-07-02 00:00:00,133.8121173463,133.9100405936,134.0911986009,132.4216072356,518236.0,133.8121173463
2021-07-06 00:00:00,132.901431147,133.7435710733,133.9247290806,131.5941557964,566605.0,132.901431147
2021-07-07 00:00:00,134.7619728445,132.2845146895,135.3495123279,132.2845146895,508261.0,134.7619728445
2021-07-08 00:00:00,133.3029164607,133.0874853168,134.3800721803,132.2159684164,661364.0,133.3029164607
2021-07-09 00:00:00,135.7509976416,135.3495123279,135.8489208888,134.5857109995,422285.0,135.7509976416
2021-07-12 00:00:00,136.0251827338,134.4290338039,136.3483294497,133.3714627338,648021.0,136.0251827338
2021-07-13 00:00:00,134.6346726231,136.1916522541,136.7204377892,134.3800721803,480549.0,134.6346726231
2021-07-14 00:00:00,134.3115259072,134.6346726231,135.7754784534,134.1646410364,429499.0,134.3115259072
2021-07-15 00:00:00,133.8806636194,133.9785868666,135.1732504829,133.4106320327,708479.0,133.8806636194
2021-07-16 00:00:00,132.1180451692,134.4388261286,134.6346726231,131.804690778,490789.0,132.1180451692
2021-07-19 00:00:00,129.4447405196,130.2183341728,131.2563205935,127.9367225122,509252.0,129.4447405196
2021-07-20 00:00:00,129.8266411839,129.7678872355,132.1376298186,129.2782709993,620411.0,129.8266411839
2021-07-21 00:00:00,130.0616569772,130.7569120326,131.6529097448,129.6601716636,388529.0,130.0616569772
2021-07-22 00:00:00,128.7886547632,130.0322800031,130.0322800031,127.9922449934,441300.0,128.7886547632
2021-07-23 00:00:00,130.8548352798,129.1215938038,131.3101783795,128.5340543204,491038.0,130.8548352798
2021-07-26 00:00:00,131.7753138038,130.7275350584,132.1180451692,130.0224876783,439654.0,131.7753138038
2021-07-27 00:00:00,135.2222121065,131.7753138038,137.5821623649,129.0334628813,803559.0,135.2222121065
2021-07-28 00:00:00,136.054559708,135.2711737301,136.3679140991,133.7729480474,480161.0,136.054559708
2021-07-29 00:00:00,137.3079772726,136.3679140991,138.7572413317,136.054559708,1129578.0,137.3079772726
2021-07-30 00:00:00,138.5613948372,137.7682165346,139.3251961656,137.3863158704,816693.0,138.5613948372
2021-08-02 00:00:00,136.3777064239,138.7082797081,139.9029433243,135.9174671619,636869.0,136.3777064239
2021-08-03 00:00:00,137.2981849479,136.6616838408,137.327561922,135.026365612,539269.0,137.2981849479
2021-08-04 00:00:00,135.8489208888,136.4756296711,137.3471465715,135.134081184,577923.0,135.8489208888
2021-08-05 00:00:00,135.6628667191,136.6616838408,137.0925461287,134.8794807412,524929.0,135.6628667191
2021-08-06 00:00:00,137.6507086379,136.5833452431,137.9346860549,136.1916522541,386787.0,137.6507086379
2021-08-09 00:00:00,139.6777198557,137.7388395604,140.3338056122,137.259015649,472511.0,139.6777198557
2021-08-10 00:00:00,141.0682299664,139.2664422173,142.022981627,139.2664422173,382898.0,141.0682299664
2021-08-11 00:00:00,142.5860402986,141.685146424,143.0169025864,141.0780222911,496292.0,142.5860402986
2021-08-12 00:00:00,142.4391554277,142.4783247266,143.3106723281,141.4452344683,432010.0,142.4391554277
2021-08-13 00:00:00,143.3792186012,142.5468709997,143.8884194868,142.3314398557,348829.0,143.3792186012
2021-08-16 00:00:00,143.0560718853,142.7720944683,143.3988032506,141.1465685642,577685.0,143.0560718853
2021-08-17 00:00:00,142.6447942469,142.5958326233,143.0560718853,141.508884579,422305.0,142.6447942469
2021-08-18 00:00:00,142.037670114,142.1355933613,143.9177964609,141.9887084904,528148.0,142.037670114
2021-08-19 00:00:00,142.0768394129,141.0584376417,143.0413833982,140.7059139516,443848.0,142.0768394129
2021-08-20 00:00:00,145.2201756492,142.2433089332,145.6020763134,142.2433089332,777237.0,145.2201756492
2021-08-23 00:00:00,143.9275887857,145.9643923282,145.9643923282,143.4477648742,555673.0,143.9275887857
2021-08-24 00:00:00,144.7795210366,143.9471734351,145.1222524019,143.8737309997,329270.0,144.7795210366
2021-08-25 00:00:00,146.8065322544,144.6326361658,147.3940717378,144.0157197082,388968.0,146.8065322544
2021-08-26 00:00:00,146.2973313688,146.9044555016,147.0513403725,145.7391688595,550783.0,146.2973313688
2021-08-27 00:00:00,148.2460039887,146.8457015533,148.6181123282,146.8457015533,323881.0,148.2460039887
2021-08-30 00:00:00,148.0109881954,148.6866586013,149.4598605614,147.9914035459,596860.0,148.0109881954
2021-08-31 00:00:00,148.5495660551,148.128496092,150.2240535829,147.8934802987,751632.0,148.5495660551
2021-09-01 00:00:00,150.7430467932,148.8335434721,151.1445321069,147.4724103356,823076.0,150.7430467932
2021-09-02 00:00:00,150.1261303356,151.5949790442,152.5448345423,149.4798369039,1320700.0,150.1261303356
2021-09-03 00:00:00,149.2839904094,149.5777601511,150.1750919592,148.7258279002,758386.0,149.2839904094
2021-09-07 00:00:00,148.4516428079,149.3525366825,149.4994215533,148.0991191179,636264.0,148.4516428079
2021-09-08 00:00:00,148.5299814057,147.952234247,149.1420017009,147.1003019961,636369.0,148.5299814057
2021-09-09 00:00:00,148.5593583799,148.2068346898,149.1420017009,148.1480807415,780575.0,148.5593583799
2021-09-10 00:00:00,148.6670739518,149.1468978633,150.59126576,148.5299814057,436030.0,148.6670739518
2021-09-13 00:00:00,148.5299814057,149.6854757231,149.6854757231,147.5899182322,545091.0,148.5299814057
2021-09-14 00:00:00,146.1798234721,149.0190323445,149.0190323445,145.7854889065,575889.0,146.1798234721
2021-09-15 00:00:00,143.9715499046,146.0418063741,146.3424864804,143.6659406163,756423.0,143.9715499046
2021-09-16 00:00:00,141.67455106,143.9321164481,144.0799919102,141.2703581302,1127692.0,141.67455106
2021-09-17 00:00:00,139.0226511062,140.8957402929,141.1027659398,138.4607243502,1337950.0,139.0226511062
2021-09-20 00:00:00,137.741063768,137.2580039251,138.1452566977,136.1440087773,618231.0,137.741063768
2021-09-21 00:00:00,136.0651418641,138.233981975,138.3522823447,135.9961333152,490545.0,136.0651418641
2021-09-22 00:00:00,138.7466169103,137.0805533706,139.7965326912,137.0608366423,498533.0,138.7466169103
2021-09-23 00:00:00,140.6689979177,139.850753694,141.2900748585,139.3479771229,450230.0,140.6689979177
2021-09-24 00:00:00,139.8606120581,140.3929637217,141.5168172337,139.8211786016,272419.0,139.8606120581
2021-09-27 00:00:00,141.5956841468,139.6141529546,142.3054863649,139.6141529546,365635.0,141.5956841468
2021-09-28 00:00:00,140.0183458844,141.891435071,142.1340494125,139.7718867809,379890.0,140.0183458844
2021-09-29 00:00:00,139.3775522153,140.0380626127,140.8070150156,139.1409514759,413344.0,139.3775522153
2021-09-30 00:00:00,135.493356744,139.8901871506,139.9493373354,135.424348195,685706.0,135.493356744
2021-10-01 00:00:00,137.179137012,135.5525069288,138.0663897846,134.1821943133,475171.0,137.179137012
2021-10-04 00:00:00,137.4255961155,137.0312615499,138.5297328992,136.5383433429,501332.0,137.4255961155
2021-10-05 00:00:00,139.712736596,137.4354544796,140.5999893687,136.2524507828,533264.0,139.712736596
2021-10-06 00:00:00,139.2099600249,138.7071834537,139.8310369657,136.617210256,539641.0,139.2099600249
2021-10-07 00:00:00,140.6492811894,140.5014057273,141.8322848862,140.0774960692,638151.0,140.6492811894
2021-10-08 00:00:00,137.1594202837,140.6492811894,141.7139845165,136.6517145305,759628.0,137.1594202837
2021-10-11 00:00:00,136.1341504131,137.2875790175,139.0620845628,136.0454251359,743955.0,136.1341504131
2021-10-12 00:00:00,137.5537548493,136.5679184353,138.657891633,135.8482578531,514371.0,137.5537548493
2021-10-13 00:00:00,135.2961894612,137.5537548493,138.5593079916,132.6048560509,822703.0,135.2961894612
2021-10-14 00:00:00,137.1397035554,136.0355667717,137.8692225018,134.6948292486,627516.0,137.1397035554
2021-10-15 00:00:00,131.8161869197,137.8593641377,138.1846901543,131.4514274465,1066901.0,131.8161869197
2021-10-18 00:00:00,132.2203798494,131.4514274465,134.369503232,130.7851006142,492710.0,132.2203798494
2021-10-19 00:00:00,130.9782259678,132.2203798494,132.2696716701,130.2289902931,709445.0,130.9782259678
2021-10-20 00:00:00,133.6202675574,130.9782259678,134.9363591701,130.9782259678,499338.0,133.6202675574
2021-10-21 00:00:00,132.8414567903,133.3540917256,133.8568682967,131.8556203762,909658.0,132.8414567903
2021-10-22 00:00:00,132.0922211156,133.3442333614,134.8229879825,132.0725043873,798856.0,132.0922211156
2021-10-25 00:00:00,132.0232125666,132.1119378439,134.3399281396,131.2246850713,1646998.0,132.0232125666
2021-10-26 00:00:00,134.1033274002,134.3300697755,137.036190732,131.9246289252,1250506.0,134.1033274002
2021-10-27 00:00:00,133.4822504594,134.1427608568,134.2807779548,131.0472345167,873803.0,133.4822504594
2021-10-28 00:00:00,136.8340942671,134.2807779548,136.972111365,133.0879158938,824635.0,136.8340942671
2021-10-29 00:00:00,135.424348195,136.2524507828,137.4453128438,135.1088805425,521472.0,135.424348195
2021-11-01 00:00:00,133.5315422801,134.5173786941,134.9659342625,133.3738084538,396225.0,133.5315422801
2021-11-02 00:00:00,131.8161869197,133.521683916,133.8470099326,131.0442770075,536847.0,131.8161869197
2021-11-03 00:00:00,133.4625337311,131.5302943596,133.9554519381,131.4119939899,559237.0,133.4625337311
2021-11-04 00:00:00,132.4964140454,133.0977742579,134.8821381673,131.9837791101,441781.0,132.4964140454
2021-11-05 00:00:00,133.4625337311,133.2752248124,135.0053677191,132.9696155241,314548.0,133.4625337311
2021-11-08 00:00:00,132.4668389529,133.9653103023,134.576528879,132.2302382136,539837.0,132.4668389529
2021-11-09 00:00:00,132.2893883984,132.121796208,133.2801539945,131.0373761526,549159.0,132.2893883984
2021-11-10 00:00:00,133.5315422801,132.1710880287,133.9554519381,131.3676313513,724251.0,133.5315422801
2021-11-11 00:00:00,133.1864995352,133.6104091932,134.1427608568,132.9301820675,323669.0,133.1864995352
2021-11-12 00:00:00,133.176641171,133.6104091932,134.0934690361,132.5161307736,257280.0,133.176641171
2021-11-15 00:00:00,132.9104653393,133.5709757367,133.876585025,132.7330147847,496644.0,132.9104653393
2021-11-16 00:00:00,132.6541478716,133.1273493503,133.9899562126,132.5949976868,403033.0,132.6541478716
2021-11-17 00:00:00,132.683722964,132.4964140454,133.2308621738,130.6233248587,596220.0,132.683722964
2021-11-18 00:00:00,130.7317668643,132.5161307736,133.2357913559,130.4261575759,781449.0,130.7317668643
2021-11-19 00:00:00,131.204968343,130.5148828532,132.0922211156,130.1402650158,942781.0,131.204968343
2021-11-22 00:00:00,132.4372638605,131.6485947293,133.9258768457,131.0275177885,997606.0,132.4372638605
2021-11-23 00:00:00,132.7921649696,132.9498987958,134.1919540938,132.5555642302,421971.0,132.7921649696
2021-11-24 00:00:00,130.2487070214,132.1119378439,132.2746008522,129.7064969937,730852.0,130.2487070214
2021-11-26 00:00:00,131.6781698217,128.6713687589,132.7182272385,128.257317465,694626.0,131.6781698217
2021-11-29 00:00:00,131.8063285555,132.7132980564,133.0879158938,131.278906074,670619.0,131.8063285555
2021-11-30 00:00:00,128.7403773079,130.4951661249,131.1753932506,128.2868925575,1150362.0,128.7403773079
2021-12-01 00:00:00,127.6756739808,129.3417375205,131.1458181581,127.6165237959,730631.0,127.6756739808
2021-12-02 00:00:00,130.0515397386,128.1784505519,130.6824750435,128.1784505519,681146.0,130.0515397386
2021-12-03 00:00:00,131.3232687127,130.0515397386,131.7964701914,129.5586215316,1053375.0,131.3232687127
2021-12-06 00:00:00,134.2610612265,132.7625898771,134.8821381673,132.4914848633,920940.0,134.2610612265
2021-12-07 00:00:00,133.4428170028,134.7145459769,135.9271247662,133.3195874511,1176695.0,133.4428170028
2021-12-08 00:00:00,130.3571490269,133.7582846553,134.6553957921,130.2684237497,608908.0,130.3571490269
2021-12-09 00:00:00,127.3897814207,129.519188075,130.3078572062,127.2517643227,1088158.0,127.3897814207
2021-12-10 00:00:00,126.354653186,128.1883089161,128.1883089161,126.1772026314,713241.0,126.354653186
2021-12-13 00:00:00,128.6713687589,126.9560133985,129.2332955149,126.354653186,640276.0,128.6713687589
2021-12-14 00:00:00,128.7798107645,129.0558449604,129.7853639068,128.4742014761,738087.0,128.7798107645
2021-12-15 00:00:00,129.9036642765,129.3220207922,130.0022479179,127.764399258,517209.0,129.9036642765
2021-12-16 00:00:00,132.5949976868,130.7514835925,133.1864995352,130.43601594,1001879.0,132.5949976868
2021-12-17 00:00:00,129.1741453301,132.7405160271,132.8696603699,128.7171730402,1976800.0,129.1741453301
2021-12-20 00:00:00,128.2105298493,127.3263878102,128.4986210755,123.9587007174,1208342.0,128.2105298493
2021-12-21 00:00:00,129.8695379451,128.70723886,130.9821661291,128.70723886,1484279.0,129.8695379451
2021-12-22 00:00:00,130.1278266307,129.8695379451,130.9821661291,128.846317383,854615.0,130.1278266307
2021-12-23 00:00:00,130.4357862173,130.6742065425,131.9358474297,130.2470367933,453242.0,130.4357862173
2021-12-27 00:00:00,132.1245968538,130.2569709735,132.1643335747,129.9490113868,293359.0,132.1245968538
2021-12-28 00:00:00,132.6014375041,132.1245968538,133.058409794,131.7669663661,544548.0,132.6014375041
2021-12-29 00:00:00,133.7239998684,132.7504502073,134.0617619957,132.7405160271,419322.0,133.7239998684
2021-12-30 00:00:00,133.7836049496,134.4591292042,134.8465622326,133.1378832357,433510.0,133.7836049496
2021-12-31 00:00:00,135.2538636214,133.5451846245,135.6611650102,133.5056465872,369669.0,135.2538636214
2022-01-03 00:00:00,133.7239998684,135.5618232081,135.7579239255,133.0484756138,425796.0,133.7239998684
2022-01-04 00:00:00,137.1214895017,133.8531442112,138.8997077602,133.8531442112,754428.0,137.1214895017
2022-01-05 00:00:00,138.0652366221,137.8168821168,139.4212522214,136.6347146712,864755.0,138.0652366221
2022-01-06 00:00:00,136.068466399,139.0387862832,139.2871407885,135.65123083,709896.0,136.068466399
2022-01-07 00:00:00,136.9426742579,136.3565576252,138.1943809649,136.1876765616,547030.0,136.9426742579
2022-01-10 00:00:00,135.0750483775,137.459251629,137.8019808464,133.6246580662,537708.0,135.0750483775
2022-01-11 00:00:00,135.0154432963,135.7009017311,135.7009017311,133.7215163233,503808.0,135.0154432963
2022-01-12 00:00:00,133.1180148753,135.233995261,135.4326788653,132.1245968538,612686.0,133.1180148753
2022-01-13 00:00:00,136.2472816429,133.5451846245,136.7588919239,133.1279490555,590577.0,136.2472816429
2022-01-14 00:00:00,136.4062285263,135.0154432963,136.7340564734,133.9326176529,730948.0,136.4062285263
2022-01-18 00:00:00,133.4657111828,135.8598486145,136.0883347594,132.1742677549,738161.0,133.4657111828
2022-01-19 00:00:00,136.2174791022,134.6578128085,136.4459652472,133.8432100309,491020.0,136.2174791022
2022-01-20 00:00:00,134.3299848614,136.0187954979,136.9426742579,134.2579620549,443520.0,134.3299848614
2022-01-21 00:00:00,133.6345922464,134.6081419075,136.1777423814,132.8895287303,662943.0,133.6345922464
2022-01-24 00:00:00,135.6710991904,131.6179536629,136.068466399,130.9225610479,922211.0,135.6710991904
2022-01-25 00:00:00,134.1412354374,133.5551188047,136.6148463108,132.641174225,953779.0,134.1412354374
2022-01-26 00:00:00,132.5219640624,133.7041315079,135.6117921345,131.0715737511,915912.0,132.5219640624
2022-01-27 00:00:00,142.5455518989,141.3733186336,148.754414533,141.1547666689,2031170.0,142.5455518989
2022-01-28 00:00:00,144.5919930231,143.0223925492,145.8436997301,142.3071315738,1442792.0,144.5919930231
2022-01-31 00:00:00,149.6385565721,146.30067202,149.9663845192,145.4065958007,2080309.0,149.6385565721
2022-02-01 00:00:00,148.476257487,149.588885671,149.717930672,146.30067202,762022.0,148.476257487
2022-02-02 00:00:00,146.2907378398,148.2179688014,148.4861916672,145.8735022708,658395.0,146.2907378398
2022-02-03 00:00:00,147.2046824195,145.9529757125,148.2080346212,145.0887020338,713490.0,147.2046824195
2022-02-04 00:00:00,145.7046212071,146.4596189034,148.0689560982,145.0588994932,610771.0,145.7046212071
2022-02-07 00:00:00,147.413300204,145.6946870269,148.6650069111,144.8602158889,875052.0,147.413300204
2022-02-08 00:00:00,149.5094122293,148.9332297769,150.1054630422,146.9861304548,806930.0,149.5094122293
2022-02-09 00:00:00,150.0657263213,149.8471743566,151.2478937669,149.8471743566,473392.0,150.0657263213
2022-02-10 00:00:00,147.7311939709,149.2014526427,150.7859543869,147.3834976634,675877.0,147.7311939709
2022-02-11 00:00:00,146.8172493912,147.4729052853,148.6621259988,146.2311327585,749548.0,146.8172493912
2022-02-14 00:00:00,146.0523175146,147.1252089778,147.1252089778,144.631729744,1023504.0,146.0523175146
2022-02-15 00:00:00,147.0954064372,147.3238925821,148.6054018298,146.3106062002,693947.0,147.0954064372
2022-02-16 00:00:00,147.5126420062,146.5291581649,147.9000750346,146.2609352992,409432.0,147.5126420062
2022-02-17 00:00:00,147.552378727,148.7742828934,148.7742828934,147.0358013559,740495.0,147.552378727
2022-02-18 00:00:00,147.4927736458,147.1053406174,148.6848752715,146.5887632462,465712.0,147.4927736458
2022-02-22 00:00:00,148.0788902784,148.0689560982,148.9729664977,146.9563279142,449867.0,148.0788902784
2022-02-23 00:00:00,144.3039017969,148.4067182255,148.5954676496,144.2542308958,612753.0,144.3039017969
2022-02-24 00:00:00,145.0290969525,142.4064733759,145.5556085039,140.1750578161,1003254.0,145.0290969525
2022-02-25 00:00:00,148.6352043704,145.8337655499,149.7478325545,145.8337655499,799128.0,148.6352043704
2022-02-28 00:00:00,146.2211985783,146.5390923452,147.6815230698,143.9760738498,708901.0,146.2211985783
2022-03-01 00:00:00,142.177987231,145.9927124334,146.30067202,141.7905542026,724760.0,142.177987231
2022-03-02 00:00:00,146.3106062002,143.0422609096,146.5490265254,142.7144329625,745070.0,146.3106062002
2022-03-03 00:00:00,147.6715888896,147.2046824195,148.7742828934,146.439750543,491754.0,147.6715888896
2022-03-04 00:00:00,148.6252701902,145.3370565392,148.893493056,144.681400645,550433.0,148.6252701902
2022-03-07 00:00:00,144.2144941749,148.2477713421,149.0226373988,144.0456131113,706705.0,144.2144941749
2022-03-08 00:00:00,139.8732574212,144.9297551504,145.7840946489,139.2076673468,953005.0,139.8732574212
2022-03-09 00:00:00,146.6781708682,142.8535114856,147.7013914303,142.0935466991,990708.0,146.6781708682
2022-03-10 00:00:00,148.0292193773,145.5357401435,148.754414533,144.9992944119,692618.0,148.0292193773
2022-03-11 00:00:00,148.7643487132,149.0425057592,149.9365819785,147.8106674126,578362.0,148.7643487132
2022-03-14 00:00:00,150.93,150.49,152.1,149.57,746710.0,150.93
2022-03-15 00:00:00,152.35,151.77,152.9399,149.08,924748.0,152.35
2022-03-16 00:00:00,155.34,152.85,155.93,152.715,753689.0,155.34
2022-03-17 00:00:00,156.26,154.42,156.46,152.8703,537335.0,156.26
2022-03-18 00:00:00,156.47,157.5,157.5,153.98,1328851.0,156.47
2022-03-21 00:00:00,156.33,156.8,157.7509,154.775,505622.0,156.33
2022-03-22 00:00:00,153.46,157.58,157.58,152.72,940047.0,153.46
2022-03-23 00:00:00,152.82,152.95,154.19,152.12,410707.0,152.82
2022-03-24 00:00:00,152.96,153.89,155.22,152.59,370737.0,152.96
2022-03-25 00:00:00,156.13,153.55,156.13,152.21,440889.0,156.13
2022-03-28 00:00:00,155.18,156.2,156.2,154.3,390270.0,155.18
2022-03-29 00:00:00,156.39,156.58,156.62,154.58,480515.0,156.39
2022-03-30 00:00:00,156.87,156.39,158.465,156.08,473288.0,156.87
2022-03-31 00:00:00,156.11,156.41,158.09,156.11,541534.0,156.11
2022-04-01 00:00:00,155.76,157.27,157.27,154.405,621561.0,155.76
2022-04-04 00:00:00,155.16,154.9,155.62,152.87,752905.0,155.16
2022-04-05 00:00:00,154.08,154.69,155.615,153.44,396273.0,154.08
2022-04-06 00:00:00,152.45,153.12,153.6,150.25,623266.0,152.45
2022-04-07 00:00:00,151.3,152.04,152.75,150.07,1042870.0,151.3
2022-04-08 00:00:00,153.34,152.35,153.91,151.49,484991.0,153.34
2022-04-11 00:00:00,154.91,154.09,156.92,154.09,410997.0,154.91
2022-04-12 00:00:00,156.97,154.91,157.99,154.5575,517887.0,156.97
2022-04-13 00:00:00,159.59,157.13,159.97,157.13,599240.0,159.59
2022-04-14 00:00:00,163.02,160.25,164.27,159.8969,604021.0,163.02
2022-04-18 00:00:00,160.79,162.81,164.315,160.05,670942.0,160.79
2022-04-19 00:00:00,163.94,161.39,164.34,160.945,642161.0,163.94
2022-04-20 00:00:00,166.97,165.0,167.79,164.98,687684.0,166.97
2022-04-21 00:00:00,166.03,167.27,168.5,165.93,466667.0,166.03
2022-04-22 00:00:00,161.18,165.24,165.505,161.11,453328.0,161.18
2022-04-25 00:00:00,162.29,160.47,163.1,158.65,662638.0,162.29
2022-04-26 00:00:00,159.44,161.62,164.87,159.1,749755.0,159.44
2022-04-27 00:00:00,161.65,160.75,163.64,159.15,586368.0,161.65
2022-04-28 00:00:00,162.85,162.4,163.34,160.01,565192.0,162.85
2022-04-29 00:00:00,161.17,163.28,163.82,160.42,636658.0,161.17
2022-05-02 00:00:00,160.07,162.19,162.32,158.11,612644.0,160.07
2022-05-03 00:00:00,161.69,160.73,162.89,160.3075,783419.0,161.69
2022-05-04 00:00:00,165.61,162.18,165.72,161.97,559034.0,165.61
2022-05-05 00:00:00,163.05,164.0,165.47,161.55,481946.0,163.05
2022-05-06 00:00:00,162.47,162.27,163.3607,160.4231,483652.0,162.47
2022-05-09 00:00:00,160.78,161.18,163.45,160.265,494080.0,160.78
2022-05-10 00:00:00,160.22,161.89,162.59,156.79,805251.0,160.22
2022-05-11 00:00:00,158.83,159.68,162.32,158.58,490914.0,158.83
2022-05-12 00:00:00,156.51,159.22,159.22,154.56,642351.0,156.51
2022-05-13 00:00:00,155.4,157.45,159.68,154.6,695820.0,155.4
2022-05-16 00:00:00,155.54,155.71,156.11,153.815,743943.0,155.54
2022-05-17 00:00:00,158.74,157.98,159.62,156.57,539086.0,158.74
2022-05-18 00:00:00,151.02,157.62,157.62,150.47,780761.0,151.02
2022-05-19 00:00:00,150.49,150.55,152.28,148.23,871670.0,150.49
2022-05-20 00:00:00,149.06,152.06,152.27,146.835,874147.0,149.06
2022-05-23 00:00:00,152.94,150.54,153.56,150.2227,537304.0,152.94
2022-05-24 00:00:00,151.72,152.61,153.03,147.9,554544.0,151.72
2022-05-25 00:00:00,153.34,151.1,154.55,151.1,574845.0,153.34
