date,close,open,high,low,volume,adjclose
2012-05-14 00:00:00,20.41,20.030001,20.530001,19.99,1749400.0,20.41
2012-05-15 00:00:00,20.540001,20.4,20.780001,20.25,1178800.0,20.540001
2012-05-16 00:00:00,20.26,20.67,20.860001,20.25,898500.0,20.26
2012-05-17 00:00:00,20.0,20.25,20.42,20.0,1110300.0,20.0
2012-05-18 00:00:00,19.98,20.0,20.34,19.870001,1515300.0,19.98
2012-05-21 00:00:00,20.790001,20.01,20.84,19.83,995100.0,20.790001
2012-05-22 00:00:00,20.98,20.860001,21.379999,20.620001,832800.0,20.98
2012-05-23 00:00:00,20.389999,20.67,20.809999,19.950001,2455200.0,20.389999
2012-05-24 00:00:00,20.27,20.41,20.57,20.110001,1994300.0,20.27
2012-05-25 00:00:00,20.42,20.41,20.620001,20.290001,627700.0,20.42
2012-05-29 00:00:00,20.809999,20.620001,20.85,20.309999,854000.0,20.809999
2012-05-30 00:00:00,20.469999,20.549999,20.709999,20.290001,839100.0,20.469999
2012-05-31 00:00:00,20.200001,20.530001,20.559999,19.690001,1595300.0,20.200001
2012-06-01 00:00:00,19.01,19.73,19.73,18.98,973900.0,19.01
2012-06-04 00:00:00,18.950001,19.030001,19.17,18.68,1177700.0,18.950001
2012-06-05 00:00:00,19.360001,18.790001,19.370001,18.68,1249100.0,19.360001
2012-06-06 00:00:00,20.4,19.59,20.43,19.530001,1100500.0,20.4
2012-06-07 00:00:00,20.33,20.77,20.870001,20.32,930300.0,20.33
2012-06-08 00:00:00,20.6,20.32,20.690001,20.139999,454300.0,20.6
2012-06-11 00:00:00,19.85,20.77,20.780001,19.82,689800.0,19.85
2012-06-12 00:00:00,20.02,19.99,20.09,19.67,602900.0,20.02
2012-06-13 00:00:00,19.629999,19.98,20.16,19.530001,661500.0,19.629999
2012-06-14 00:00:00,19.700001,19.67,19.780001,19.450001,1182800.0,19.700001
2012-06-15 00:00:00,21.209999,19.65,21.27,19.110001,2955100.0,21.209999
2012-06-18 00:00:00,21.16,20.99,21.33,20.76,1046100.0,21.16
2012-06-19 00:00:00,21.66,21.34,21.860001,21.190001,1063700.0,21.66
2012-06-20 00:00:00,21.75,21.58,22.110001,21.559999,713700.0,21.75
2012-06-21 00:00:00,20.709999,21.76,21.799999,20.65,610600.0,20.709999
2012-06-22 00:00:00,21.139999,20.85,21.24,20.639999,774500.0,21.139999
2012-06-25 00:00:00,20.139999,20.700001,20.74,20.120001,676500.0,20.139999
2012-06-26 00:00:00,20.110001,20.16,20.32,20.02,703900.0,20.110001
2012-06-27 00:00:00,20.43,20.200001,20.59,20.09,632300.0,20.43
2012-06-28 00:00:00,20.02,20.190001,20.309999,19.620001,820500.0,20.02
2012-06-29 00:00:00,20.959999,20.52,21.26,20.370001,982600.0,20.959999
2012-07-02 00:00:00,19.43,20.32,20.360001,19.23,2841100.0,19.43
2012-07-03 00:00:00,20.540001,19.360001,20.780001,19.360001,1353900.0,20.540001
2012-07-05 00:00:00,20.67,20.559999,20.9,20.030001,696100.0,20.67
2012-07-06 00:00:00,19.0,20.379999,20.43,18.67,1871300.0,19.0
2012-07-09 00:00:00,18.57,18.9,18.959999,18.370001,1354200.0,18.57
2012-07-10 00:00:00,18.110001,18.709999,18.950001,18.049999,758800.0,18.110001
2012-07-11 00:00:00,18.110001,18.08,18.35,17.940001,980100.0,18.110001
2012-07-12 00:00:00,17.959999,17.959999,18.07,17.620001,692600.0,17.959999
2012-07-13 00:00:00,18.68,17.969999,18.709999,17.940001,671400.0,18.68
2012-07-16 00:00:00,18.530001,18.59,18.73,18.370001,683400.0,18.530001
2012-07-17 00:00:00,18.58,18.700001,18.85,18.17,546300.0,18.58
2012-07-18 00:00:00,19.25,18.549999,19.379999,18.549999,750600.0,19.25
2012-07-19 00:00:00,19.76,19.34,20.030001,19.299999,591400.0,19.76
2012-07-20 00:00:00,19.530001,19.639999,20.030001,19.51,521700.0,19.530001
2012-07-23 00:00:00,18.780001,18.9,19.02,18.09,882900.0,18.780001
2012-07-24 00:00:00,18.27,18.83,18.889999,17.93,893400.0,18.27
2012-07-25 00:00:00,18.75,18.360001,18.809999,18.15,757600.0,18.75
2012-07-26 00:00:00,20.74,19.559999,22.91,19.559999,4050000.0,20.74
2012-07-27 00:00:00,21.690001,20.75,21.76,20.75,1852700.0,21.690001
2012-07-30 00:00:00,21.620001,21.700001,21.950001,21.379999,745600.0,21.620001
2012-07-31 00:00:00,21.540001,21.52,21.84,21.360001,855600.0,21.540001
2012-08-01 00:00:00,21.49,21.719999,21.959999,21.42,990900.0,21.49
2012-08-02 00:00:00,21.4,21.24,21.77,20.709999,1090100.0,21.4
2012-08-03 00:00:00,21.9,21.9,22.190001,21.66,1007900.0,21.9
2012-08-06 00:00:00,22.02,22.030001,22.5,21.870001,883900.0,22.02
2012-08-07 00:00:00,22.41,22.16,22.82,22.16,899600.0,22.41
2012-08-08 00:00:00,22.459999,22.34,22.6,21.969999,896600.0,22.459999
2012-08-09 00:00:00,22.450001,22.530001,22.82,22.35,599800.0,22.450001
2012-08-10 00:00:00,22.049999,22.360001,22.48,21.879999,857000.0,22.049999
2012-08-13 00:00:00,21.93,22.049999,22.24,21.620001,526100.0,21.93
2012-08-14 00:00:00,21.549999,22.049999,22.120001,21.459999,681700.0,21.549999
2012-08-15 00:00:00,21.639999,21.51,21.77,21.469999,621600.0,21.639999
2012-08-16 00:00:00,22.1,21.690001,22.190001,21.51,673200.0,22.1
2012-08-17 00:00:00,21.93,22.059999,22.32,21.780001,1211200.0,21.93
2012-08-20 00:00:00,21.530001,21.889999,21.959999,21.389999,731800.0,21.530001
2012-08-21 00:00:00,21.5,21.59,21.799999,21.32,1158500.0,21.5
2012-08-22 00:00:00,21.889999,21.379999,22.040001,21.379999,841600.0,21.889999
2012-08-23 00:00:00,21.57,21.84,21.92,21.360001,455200.0,21.57
2012-08-24 00:00:00,21.17,21.34,21.440001,21.030001,1010700.0,21.17
2012-08-27 00:00:00,20.969999,21.32,21.379999,20.889999,961400.0,20.969999
2012-08-28 00:00:00,21.6,20.969999,21.610001,20.889999,786200.0,21.6
2012-08-29 00:00:00,21.59,21.66,21.73,21.24,571800.0,21.59
2012-08-30 00:00:00,21.18,21.33,21.530001,21.1,583200.0,21.18
2012-08-31 00:00:00,21.25,21.32,21.440001,20.809999,586600.0,21.25
2012-09-04 00:00:00,21.91,21.26,21.98,20.93,799600.0,21.91
2012-09-05 00:00:00,21.84,21.76,22.040001,21.66,756200.0,21.84
2012-09-06 00:00:00,22.65,21.969999,23.09,21.9,809700.0,22.65
2012-09-07 00:00:00,22.370001,22.68,22.73,22.309999,1163700.0,22.370001
2012-09-10 00:00:00,22.129999,22.33,22.4,22.07,719500.0,22.129999
2012-09-11 00:00:00,22.290001,22.1,22.41,22.1,509700.0,22.290001
2012-09-12 00:00:00,23.290001,22.42,23.4,22.389999,1350700.0,23.290001
2012-09-13 00:00:00,23.74,23.299999,24.02,23.120001,908900.0,23.74
2012-09-14 00:00:00,24.299999,24.08,24.76,24.01,1427300.0,24.299999
2012-09-17 00:00:00,23.639999,24.1,24.370001,23.48,1094600.0,23.639999
2012-09-18 00:00:00,23.610001,23.629999,23.84,23.5,697000.0,23.610001
2012-09-19 00:00:00,23.49,23.620001,23.709999,23.23,1132800.0,23.49
2012-09-20 00:00:00,23.219999,23.34,23.450001,23.01,555500.0,23.219999
2012-09-21 00:00:00,22.950001,23.58,23.709999,22.9,1306700.0,22.950001
2012-09-24 00:00:00,22.68,22.780001,23.02,22.25,631900.0,22.68
2012-09-25 00:00:00,21.84,22.879999,22.99,21.83,1217600.0,21.84
2012-09-26 00:00:00,21.450001,21.870001,22.110001,21.280001,963800.0,21.450001
2012-09-27 00:00:00,22.0,21.610001,22.290001,21.32,953100.0,22.0
2012-09-28 00:00:00,21.77,21.83,22.17,21.73,723600.0,21.77
2012-10-01 00:00:00,21.52,21.92,21.969999,21.23,1261400.0,21.52
2012-10-02 00:00:00,21.93,21.67,21.959999,21.42,579000.0,21.93
2012-10-03 00:00:00,22.059999,22.07,22.27,21.879999,461300.0,22.059999
2012-10-04 00:00:00,22.08,22.120001,22.18,21.65,553600.0,22.08
2012-10-05 00:00:00,21.950001,22.18,22.450001,21.91,665800.0,21.950001
2012-10-08 00:00:00,21.950001,21.76,22.129999,21.76,442900.0,21.950001
2012-10-09 00:00:00,21.639999,21.940001,22.129999,21.32,711400.0,21.639999
2012-10-10 00:00:00,21.48,21.57,21.719999,21.26,598800.0,21.48
2012-10-11 00:00:00,21.43,21.690001,21.92,21.26,623800.0,21.43
2012-10-12 00:00:00,21.719999,21.51,21.950001,21.309999,710500.0,21.719999
2012-10-15 00:00:00,21.67,21.75,21.91,21.49,997100.0,21.67
2012-10-16 00:00:00,21.639999,21.639999,21.82,21.59,1134400.0,21.639999
2012-10-17 00:00:00,21.530001,21.629999,21.799999,21.309999,858900.0,21.530001
2012-10-18 00:00:00,20.940001,21.5,21.610001,20.93,1097500.0,20.940001
2012-10-19 00:00:00,20.219999,20.82,20.889999,20.139999,1149900.0,20.219999
2012-10-22 00:00:00,20.299999,20.219999,20.51,20.17,892800.0,20.299999
2012-10-23 00:00:00,20.530001,20.02,20.57,20.02,573400.0,20.530001
2012-10-24 00:00:00,20.4,20.67,20.709999,20.1,450800.0,20.4
2012-10-25 00:00:00,20.290001,20.639999,20.75,20.059999,931300.0,20.290001
2012-10-26 00:00:00,20.530001,20.35,20.65,20.200001,527500.0,20.530001
2012-10-31 00:00:00,20.18,20.49,20.559999,20.01,764300.0,20.18
2012-11-01 00:00:00,21.58,19.52,21.940001,18.9,2545400.0,21.58
2012-11-02 00:00:00,21.23,21.559999,21.559999,21.040001,1035100.0,21.23
2012-11-05 00:00:00,21.02,21.17,21.25,20.76,1022000.0,21.02
2012-11-06 00:00:00,21.280001,21.139999,21.32,20.950001,916900.0,21.280001
2012-11-07 00:00:00,20.4,20.940001,20.940001,20.25,1253500.0,20.4
2012-11-08 00:00:00,19.879999,20.379999,20.459999,19.860001,788000.0,19.879999
2012-11-09 00:00:00,19.9,19.709999,20.200001,19.68,580500.0,19.9
2012-11-12 00:00:00,19.709999,20.0,20.0,19.549999,529600.0,19.709999
2012-11-13 00:00:00,19.76,19.530001,19.879999,19.469999,895000.0,19.76
2012-11-14 00:00:00,19.26,19.84,19.93,19.219999,621500.0,19.26
2012-11-15 00:00:00,19.219999,19.26,19.33,18.940001,857700.0,19.219999
2012-11-16 00:00:00,19.0,19.110001,19.26,18.83,1103800.0,19.0
2012-11-19 00:00:00,19.469999,19.25,19.469999,19.1,809600.0,19.469999
2012-11-20 00:00:00,19.01,19.379999,19.379999,18.91,716900.0,19.01
2012-11-21 00:00:00,19.299999,19.1,19.379999,18.99,934200.0,19.299999
2012-11-23 00:00:00,19.73,19.43,19.889999,19.389999,371700.0,19.73
2012-11-26 00:00:00,19.860001,19.66,19.9,19.540001,631300.0,19.860001
2012-11-27 00:00:00,19.809999,19.77,19.99,19.719999,751000.0,19.809999
2012-11-28 00:00:00,20.450001,19.65,20.5,19.51,1167900.0,20.450001
2012-11-29 00:00:00,20.709999,20.57,20.75,20.48,757900.0,20.709999
2012-11-30 00:00:00,20.25,20.700001,20.75,20.23,962000.0,20.25
2012-12-03 00:00:00,20.07,20.42,20.49,19.98,499700.0,20.07
2012-12-04 00:00:00,20.219999,20.059999,20.309999,19.959999,498000.0,20.219999
2012-12-05 00:00:00,20.33,20.27,20.42,19.870001,514000.0,20.33
2012-12-06 00:00:00,20.33,20.25,20.469999,20.139999,429800.0,20.33
2012-12-07 00:00:00,20.51,20.43,20.639999,20.299999,525800.0,20.51
2012-12-10 00:00:00,21.16,20.549999,21.17,20.530001,668800.0,21.16
2012-12-11 00:00:00,21.719999,21.360001,21.85,21.190001,1051500.0,21.719999
2012-12-12 00:00:00,21.620001,21.860001,21.92,21.58,706600.0,21.620001
2012-12-13 00:00:00,21.57,21.6,21.83,21.469999,660600.0,21.57
2012-12-14 00:00:00,22.09,21.790001,22.559999,21.719999,1232400.0,22.09
2012-12-17 00:00:00,22.33,22.200001,22.34,21.99,830500.0,22.33
2012-12-18 00:00:00,22.99,22.280001,23.139999,22.27,1078300.0,22.99
2012-12-19 00:00:00,23.02,22.940001,23.23,22.84,874900.0,23.02
2012-12-20 00:00:00,23.1,23.030001,23.17,22.780001,664700.0,23.1
2012-12-21 00:00:00,23.0,22.84,23.370001,22.629999,1474000.0,23.0
2012-12-24 00:00:00,23.07,22.99,23.23,22.889999,412600.0,23.07
2012-12-26 00:00:00,22.9,23.09,23.309999,22.780001,425800.0,22.9
2012-12-27 00:00:00,22.51,22.959999,23.17,22.33,911800.0,22.51
2012-12-28 00:00:00,22.549999,22.280001,22.84,22.16,924300.0,22.549999
2012-12-31 00:00:00,22.51,22.58,22.799999,22.360001,1044400.0,22.51
2013-01-02 00:00:00,23.280001,23.26,23.639999,22.75,1051800.0,23.280001
2013-01-03 00:00:00,23.0,23.309999,23.379999,22.93,678400.0,23.0
2013-01-04 00:00:00,23.190001,23.0,23.27,22.93,524700.0,23.190001
2013-01-07 00:00:00,22.959999,23.049999,23.219999,22.879999,381000.0,22.959999
2013-01-08 00:00:00,22.9,22.950001,23.129999,22.82,430100.0,22.9
2013-01-09 00:00:00,22.9,23.030001,23.120001,22.809999,519500.0,22.9
2013-01-10 00:00:00,23.24,23.0,23.27,22.84,533600.0,23.24
2013-01-11 00:00:00,23.639999,23.27,23.66,23.16,531600.0,23.639999
2013-01-14 00:00:00,23.58,23.530001,23.67,23.450001,504800.0,23.58
2013-01-15 00:00:00,23.43,23.370001,23.530001,23.24,740200.0,23.43
2013-01-16 00:00:00,23.34,23.34,23.4,23.23,338000.0,23.34
2013-01-17 00:00:00,23.59,23.41,23.690001,23.32,404700.0,23.59
2013-01-18 00:00:00,23.58,23.5,23.65,23.27,1247300.0,23.58
2013-01-22 00:00:00,23.25,23.51,23.540001,23.129999,1096600.0,23.25
2013-01-23 00:00:00,23.280001,23.309999,23.530001,23.200001,972400.0,23.280001
2013-01-24 00:00:00,22.99,22.690001,24.4,21.0,1933400.0,22.99
2013-01-25 00:00:00,23.219999,23.110001,23.27,22.940001,1320600.0,23.219999
2013-01-28 00:00:00,23.58,23.26,24.049999,23.200001,976600.0,23.58
2013-01-29 00:00:00,23.5,23.530001,23.719999,23.24,664200.0,23.5
2013-01-30 00:00:00,23.030001,23.450001,23.629999,22.91,962100.0,23.030001
2013-01-31 00:00:00,23.18,23.0,23.52,22.99,745100.0,23.18
2013-02-01 00:00:00,23.549999,23.33,23.74,23.18,605000.0,23.549999
2013-02-04 00:00:00,22.99,23.35,23.73,22.98,683400.0,22.99
2013-02-05 00:00:00,23.559999,23.110001,23.559999,23.07,608200.0,23.559999
2013-02-06 00:00:00,23.440001,23.34,23.58,23.190001,1022900.0,23.440001
2013-02-07 00:00:00,23.42,23.4,23.5,23.16,786400.0,23.42
2013-02-08 00:00:00,23.77,23.469999,23.809999,23.450001,671700.0,23.77
2013-02-11 00:00:00,23.66,23.700001,23.790001,23.42,519000.0,23.66
2013-02-12 00:00:00,24.040001,23.620001,24.200001,23.620001,775500.0,24.040001
2013-02-13 00:00:00,23.83,24.040001,24.09,23.559999,637200.0,23.83
2013-02-14 00:00:00,23.790001,23.690001,23.879999,23.639999,368600.0,23.790001
2013-02-15 00:00:00,23.629999,23.93,23.93,23.540001,569000.0,23.629999
2013-02-19 00:00:00,24.16,23.629999,24.23,23.610001,751500.0,24.16
2013-02-20 00:00:00,23.65,24.07,24.16,23.639999,782000.0,23.65
2013-02-21 00:00:00,23.219999,23.629999,23.629999,23.1,460000.0,23.219999
2013-02-22 00:00:00,23.5,23.42,23.5,23.07,688600.0,23.5
2013-02-25 00:00:00,23.0,23.629999,23.690001,23.0,860600.0,23.0
2013-02-26 00:00:00,23.120001,23.07,23.379999,22.93,545700.0,23.120001
2013-02-27 00:00:00,23.209999,23.09,23.35,22.98,398700.0,23.209999
2013-02-28 00:00:00,23.139999,23.139999,23.469999,23.110001,474200.0,23.139999
2013-03-01 00:00:00,23.450001,22.889999,23.620001,22.6,1251000.0,23.450001
2013-03-04 00:00:00,23.879999,23.42,23.93,23.41,678300.0,23.879999
2013-03-05 00:00:00,24.59,24.01,24.59,23.950001,860200.0,24.59
2013-03-06 00:00:00,24.49,24.76,24.82,24.309999,419200.0,24.49
2013-03-07 00:00:00,24.85,24.459999,24.870001,24.290001,443300.0,24.85
2013-03-08 00:00:00,25.65,25.110001,25.65,24.85,1526000.0,25.65
2013-03-11 00:00:00,25.83,25.49,25.92,25.379999,619600.0,25.83
2013-03-12 00:00:00,25.889999,25.719999,25.91,25.5,954100.0,25.889999
2013-03-13 00:00:00,25.92,25.860001,26.059999,25.610001,752000.0,25.92
2013-03-14 00:00:00,26.059999,25.99,26.139999,25.82,1122000.0,26.059999
2013-03-15 00:00:00,26.01,26.09,26.190001,25.84,983700.0,26.01
2013-03-18 00:00:00,25.440001,25.43,26.0,25.309999,627800.0,25.440001
2013-03-19 00:00:00,25.280001,25.48,25.57,25.07,343300.0,25.280001
2013-03-20 00:00:00,25.719999,25.379999,25.799999,25.379999,560900.0,25.719999
2013-03-21 00:00:00,25.360001,25.48,25.610001,25.26,320300.0,25.360001
2013-03-22 00:00:00,25.26,25.440001,25.48,25.110001,476700.0,25.26
2013-03-25 00:00:00,25.110001,25.290001,25.49,25.07,570900.0,25.110001
2013-03-26 00:00:00,25.0,25.33,25.450001,24.950001,906100.0,25.0
2013-03-27 00:00:00,25.24,24.84,25.280001,24.65,1010600.0,25.24
2013-03-28 00:00:00,25.49,25.309999,25.6,25.040001,441400.0,25.49
2013-04-01 00:00:00,24.73,25.4,25.41,24.610001,706600.0,24.73
2013-04-02 00:00:00,24.43,24.9,25.0,24.370001,541200.0,24.43
2013-04-03 00:00:00,23.98,24.52,24.52,23.969999,699100.0,23.98
2013-04-04 00:00:00,23.709999,23.959999,24.15,23.629999,1281900.0,23.709999
2013-04-05 00:00:00,22.940001,23.27,23.27,22.85,1742200.0,22.940001
2013-04-08 00:00:00,23.08,23.02,23.129999,22.700001,1495600.0,23.08
2013-04-09 00:00:00,23.23,23.08,23.33,22.959999,516700.0,23.23
2013-04-10 00:00:00,23.9,23.290001,24.219999,23.290001,1228100.0,23.9
2013-04-11 00:00:00,23.540001,23.790001,23.82,23.49,916900.0,23.540001
2013-04-12 00:00:00,23.309999,23.41,23.59,22.959999,763500.0,23.309999
2013-04-15 00:00:00,22.629999,23.16,23.200001,22.530001,964700.0,22.629999
2013-04-16 00:00:00,23.08,22.870001,23.15,22.66,408900.0,23.08
2013-04-17 00:00:00,22.450001,22.75,22.799999,22.299999,804000.0,22.450001
2013-04-18 00:00:00,22.07,22.549999,22.700001,22.02,605200.0,22.07
2013-04-19 00:00:00,21.84,22.09,22.09,21.67,974000.0,21.84
2013-04-22 00:00:00,21.9,22.059999,22.110001,21.74,782400.0,21.9
2013-04-23 00:00:00,22.440001,22.0,22.48,21.950001,823000.0,22.440001
2013-04-24 00:00:00,22.290001,22.360001,22.5,21.99,977200.0,22.290001
2013-04-25 00:00:00,22.75,22.299999,23.309999,22.190001,1748600.0,22.75
2013-04-26 00:00:00,23.16,22.780001,23.190001,22.75,1130500.0,23.16
2013-04-29 00:00:00,23.76,23.23,23.940001,23.120001,1181200.0,23.76
2013-04-30 00:00:00,24.01,23.700001,24.16,23.700001,1421700.0,24.01
2013-05-01 00:00:00,23.129999,23.93,24.1,23.129999,1337700.0,23.129999
2013-05-02 00:00:00,23.58,23.209999,23.74,23.049999,624700.0,23.58
2013-05-03 00:00:00,23.75,23.92,24.08,23.690001,727500.0,23.75
2013-05-06 00:00:00,23.84,23.700001,23.870001,23.65,508500.0,23.84
2013-05-07 00:00:00,23.969999,23.9,24.200001,23.780001,529200.0,23.969999
2013-05-08 00:00:00,24.120001,23.92,24.120001,23.809999,395100.0,24.120001
2013-05-09 00:00:00,23.98,24.01,24.139999,23.83,359300.0,23.98
2013-05-10 00:00:00,24.24,24.0,24.27,23.93,205000.0,24.24
2013-05-13 00:00:00,23.959999,24.26,24.35,23.84,247300.0,23.959999
2013-05-14 00:00:00,24.299999,23.91,24.299999,23.91,331600.0,24.299999
2013-05-15 00:00:00,24.26,24.27,24.530001,24.200001,394300.0,24.26
2013-05-16 00:00:00,24.620001,24.09,24.84,24.09,736600.0,24.620001
2013-05-17 00:00:00,24.34,24.620001,24.629999,24.25,716600.0,24.34
2013-05-20 00:00:00,24.530001,24.209999,24.700001,24.209999,808200.0,24.530001
2013-05-21 00:00:00,24.83,24.52,24.91,24.450001,569400.0,24.83
2013-05-22 00:00:00,24.299999,24.790001,25.08,24.18,727900.0,24.299999
2013-05-23 00:00:00,24.620001,23.959999,24.639999,23.959999,781700.0,24.620001
2013-05-24 00:00:00,24.559999,24.49,24.67,24.25,491000.0,24.559999
2013-05-28 00:00:00,25.02,24.790001,25.24,24.67,539800.0,25.02
2013-05-29 00:00:00,24.74,24.75,24.9,24.51,530100.0,24.74
2013-05-30 00:00:00,25.32,24.790001,25.32,24.73,402000.0,25.32
2013-05-31 00:00:00,25.110001,25.09,25.49,24.99,427900.0,25.110001
2013-06-03 00:00:00,25.16,25.139999,25.459999,24.879999,929700.0,25.16
2013-06-04 00:00:00,24.98,25.139999,25.370001,24.9,860700.0,24.98
2013-06-05 00:00:00,24.540001,24.9,24.98,24.540001,713200.0,24.540001
2013-06-06 00:00:00,25.030001,24.57,25.030001,24.5,527900.0,25.030001
2013-06-07 00:00:00,25.24,25.25,25.450001,24.98,430900.0,25.24
2013-06-10 00:00:00,24.99,25.309999,25.4,24.940001,442900.0,24.99
2013-06-11 00:00:00,24.49,24.559999,24.879999,24.450001,472400.0,24.49
2013-06-12 00:00:00,24.25,24.75,24.77,24.110001,419700.0,24.25
2013-06-13 00:00:00,24.620001,24.26,24.690001,24.17,566200.0,24.620001
2013-06-14 00:00:00,24.49,24.6,24.870001,24.469999,390800.0,24.49
2013-06-17 00:00:00,24.879999,24.700001,24.959999,24.33,435700.0,24.879999
2013-06-18 00:00:00,25.190001,24.889999,25.33,24.82,346600.0,25.190001
2013-06-19 00:00:00,24.83,25.26,25.26,24.83,429700.0,24.83
2013-06-20 00:00:00,24.26,24.559999,24.67,24.18,805600.0,24.26
2013-06-21 00:00:00,24.190001,24.299999,24.469999,23.879999,1458300.0,24.190001
2013-06-24 00:00:00,23.809999,23.969999,24.07,23.440001,684000.0,23.809999
2013-06-25 00:00:00,23.99,24.07,24.51,23.51,535800.0,23.99
2013-06-26 00:00:00,23.93,24.209999,24.25,23.889999,370000.0,23.93
2013-06-27 00:00:00,24.68,24.110001,24.84,24.110001,593800.0,24.68
2013-06-28 00:00:00,24.530001,24.530001,24.84,24.35,1421500.0,24.530001
2013-07-01 00:00:00,25.15,24.65,25.32,24.6,790600.0,25.15
2013-07-02 00:00:00,25.26,25.09,25.629999,25.01,545300.0,25.26
2013-07-03 00:00:00,25.42,25.09,25.690001,25.09,193700.0,25.42
2013-07-05 00:00:00,25.82,25.860001,25.940001,25.559999,527200.0,25.82
2013-07-08 00:00:00,25.67,25.860001,25.99,25.48,597100.0,25.67
2013-07-09 00:00:00,25.93,25.780001,26.129999,25.59,566600.0,25.93
2013-07-10 00:00:00,26.26,25.879999,26.32,25.84,350400.0,26.26
2013-07-11 00:00:00,26.58,26.559999,26.790001,26.26,798300.0,26.58
2013-07-12 00:00:00,26.75,26.559999,26.950001,26.389999,312300.0,26.75
2013-07-15 00:00:00,27.360001,26.74,27.360001,26.639999,734500.0,27.360001
2013-07-16 00:00:00,27.5,27.309999,27.610001,27.139999,3962500.0,27.5
2013-07-17 00:00:00,27.51,27.530001,27.6,27.309999,457900.0,27.51
2013-07-18 00:00:00,27.48,27.66,27.889999,27.42,482600.0,27.48
2013-07-19 00:00:00,27.32,27.33,27.52,27.24,481600.0,27.32
2013-07-22 00:00:00,27.299999,27.209999,27.540001,27.209999,534200.0,27.299999
2013-07-23 00:00:00,27.139999,27.5,27.530001,27.1,680700.0,27.139999
2013-07-24 00:00:00,27.040001,27.34,27.42,26.780001,747400.0,27.040001
2013-07-25 00:00:00,27.34,26.950001,27.370001,26.469999,1246200.0,27.34
2013-07-26 00:00:00,26.91,27.110001,27.43,26.82,1227800.0,26.91
2013-07-29 00:00:00,26.700001,26.780001,27.07,26.59,393500.0,26.700001
2013-07-30 00:00:00,26.719999,26.860001,26.870001,26.6,467800.0,26.719999
2013-07-31 00:00:00,27.08,26.77,27.309999,26.629999,605100.0,27.08
2013-08-01 00:00:00,27.73,27.17,28.0,27.17,1194700.0,27.73
2013-08-02 00:00:00,27.32,27.559999,27.68,27.1,754700.0,27.32
2013-08-05 00:00:00,27.58,27.360001,27.68,27.23,482700.0,27.58
2013-08-06 00:00:00,27.02,27.41,27.540001,26.99,306900.0,27.02
2013-08-07 00:00:00,26.92,26.969999,27.040001,26.620001,434000.0,26.92
2013-08-08 00:00:00,27.23,27.110001,27.290001,26.969999,289100.0,27.23
2013-08-09 00:00:00,27.049999,27.280001,27.4,26.91,363900.0,27.049999
2013-08-12 00:00:00,27.549999,26.969999,27.65,26.950001,429600.0,27.549999
2013-08-13 00:00:00,28.110001,27.530001,28.27,27.48,762800.0,28.110001
2013-08-14 00:00:00,27.690001,28.02,28.15,27.610001,423100.0,27.690001
2013-08-15 00:00:00,27.219999,27.379999,27.66,27.07,877800.0,27.219999
2013-08-16 00:00:00,27.059999,27.469999,27.469999,26.780001,534500.0,27.059999
2013-08-19 00:00:00,26.799999,27.02,27.299999,26.73,442300.0,26.799999
2013-08-20 00:00:00,26.92,26.860001,27.030001,26.68,316500.0,26.92
2013-08-21 00:00:00,26.84,26.809999,27.26,26.690001,378800.0,26.84
2013-08-22 00:00:00,27.219999,26.93,27.65,26.799999,235700.0,27.219999
2013-08-23 00:00:00,27.389999,27.26,27.629999,27.190001,353600.0,27.389999
2013-08-26 00:00:00,27.290001,27.389999,27.59,27.200001,209400.0,27.290001
2013-08-27 00:00:00,26.35,26.969999,27.07,26.35,586100.0,26.35
2013-08-28 00:00:00,26.450001,26.43,26.6,26.360001,470100.0,26.450001
2013-08-29 00:00:00,26.629999,26.43,26.76,26.43,241700.0,26.629999
2013-08-30 00:00:00,26.07,26.57,26.68,26.049999,598600.0,26.07
2013-09-03 00:00:00,26.35,26.379999,26.73,26.030001,1027400.0,26.35
2013-09-04 00:00:00,26.84,26.35,26.860001,26.26,326500.0,26.84
2013-09-05 00:00:00,26.809999,26.84,27.059999,26.68,278900.0,26.809999
2013-09-06 00:00:00,26.780001,26.99,27.200001,26.389999,471100.0,26.780001
2013-09-09 00:00:00,27.610001,26.969999,27.629999,26.969999,530400.0,27.610001
2013-09-10 00:00:00,27.85,27.690001,28.02,27.49,598300.0,27.85
2013-09-11 00:00:00,27.83,27.73,27.99,27.73,344200.0,27.83
2013-09-12 00:00:00,27.639999,27.9,28.0,27.620001,356000.0,27.639999
2013-09-13 00:00:00,27.85,27.73,28.0,27.57,210200.0,27.85
2013-09-16 00:00:00,27.93,28.08,28.139999,27.860001,543400.0,27.93
2013-09-17 00:00:00,28.370001,27.9,28.450001,27.85,474800.0,28.370001
2013-09-18 00:00:00,28.620001,28.459999,28.790001,28.299999,675400.0,28.620001
2013-09-19 00:00:00,28.84,28.700001,29.08,28.690001,475000.0,28.84
2013-09-20 00:00:00,28.620001,28.879999,29.01,28.620001,989600.0,28.620001
2013-09-23 00:00:00,28.42,28.51,28.75,28.07,659700.0,28.42
2013-09-24 00:00:00,28.34,28.41,28.51,28.059999,682000.0,28.34
2013-09-25 00:00:00,28.309999,28.32,28.59,28.120001,542500.0,28.309999
2013-09-26 00:00:00,28.5,28.34,28.52,28.17,388000.0,28.5
2013-09-27 00:00:00,28.35,28.26,28.610001,28.200001,406700.0,28.35
2013-09-30 00:00:00,28.459999,28.09,28.49,27.780001,1150400.0,28.459999
2013-10-01 00:00:00,29.09,28.440001,29.18,28.35,1392900.0,29.09
2013-10-02 00:00:00,29.24,28.82,29.41,28.75,684800.0,29.24
2013-10-03 00:00:00,28.75,29.17,29.280001,28.42,479700.0,28.75
2013-10-04 00:00:00,28.959999,28.73,29.18,28.66,326600.0,28.959999
2013-10-07 00:00:00,28.66,28.719999,29.01,28.610001,561600.0,28.66
2013-10-08 00:00:00,28.0,28.639999,28.68,27.93,543400.0,28.0
2013-10-09 00:00:00,27.82,28.030001,28.18,27.629999,754200.0,27.82
2013-10-10 00:00:00,28.610001,28.15,28.610001,28.15,422100.0,28.610001
2013-10-11 00:00:00,28.92,28.440001,28.98,28.43,741200.0,28.92
2013-10-14 00:00:00,28.23,28.59,28.75,28.110001,1356200.0,28.23
2013-10-15 00:00:00,27.299999,28.139999,28.219999,27.27,1207800.0,27.299999
2013-10-16 00:00:00,27.51,27.450001,27.690001,27.209999,878900.0,27.51
2013-10-17 00:00:00,27.469999,27.389999,27.530001,27.27,805400.0,27.469999
2013-10-18 00:00:00,27.620001,27.59,27.67,27.299999,819900.0,27.620001
2013-10-21 00:00:00,27.76,27.629999,28.01,27.559999,687400.0,27.76
2013-10-22 00:00:00,27.85,27.85,28.040001,27.559999,588000.0,27.85
2013-10-23 00:00:00,27.6,27.73,27.77,27.33,445500.0,27.6
2013-10-24 00:00:00,27.639999,27.610001,27.799999,27.5,490800.0,27.639999
2013-10-25 00:00:00,27.27,27.469999,27.75,27.18,652400.0,27.27
2013-10-28 00:00:00,27.450001,27.26,27.52,27.209999,614500.0,27.450001
2013-10-29 00:00:00,27.82,27.5,27.82,27.360001,419000.0,27.82
2013-10-30 00:00:00,27.610001,27.809999,27.940001,27.559999,485500.0,27.610001
2013-10-31 00:00:00,27.76,27.58,27.93,27.41,655000.0,27.76
2013-11-01 00:00:00,27.700001,27.700001,27.940001,27.35,641000.0,27.700001
2013-11-04 00:00:00,27.969999,27.82,28.02,27.709999,702200.0,27.969999
2013-11-05 00:00:00,27.92,27.85,28.17,27.620001,882100.0,27.92
2013-11-06 00:00:00,28.35,28.139999,28.4,27.870001,665700.0,28.35
2013-11-07 00:00:00,30.43,29.26,31.209999,29.26,2385300.0,30.43
2013-11-08 00:00:00,31.34,30.440001,31.360001,30.42,1405900.0,31.34
2013-11-11 00:00:00,32.16,31.18,32.18,31.16,1637200.0,32.16
2013-11-12 00:00:00,32.130001,31.950001,32.349998,31.809999,762500.0,32.130001
2013-11-13 00:00:00,32.360001,31.959999,32.470001,31.76,634400.0,32.360001
2013-11-14 00:00:00,32.290001,32.32,32.459999,31.870001,445100.0,32.290001
2013-11-15 00:00:00,32.369999,32.25,32.529999,32.16,658300.0,32.369999
2013-11-18 00:00:00,32.02,31.879999,32.200001,31.77,1013500.0,32.02
2013-11-19 00:00:00,31.83,31.98,32.150002,31.67,527900.0,31.83
2013-11-20 00:00:00,31.690001,31.9,32.189999,31.58,522400.0,31.690001
2013-11-21 00:00:00,32.189999,31.77,32.290001,31.65,518700.0,32.189999
2013-11-22 00:00:00,32.330002,32.130001,32.450001,31.9,575600.0,32.330002
2013-11-25 00:00:00,32.27,32.330002,32.52,32.18,334400.0,32.27
2013-11-26 00:00:00,32.580002,32.330002,32.630001,32.099998,571400.0,32.580002
2013-11-27 00:00:00,32.75,32.580002,32.830002,32.52,355600.0,32.75
2013-11-29 00:00:00,32.540001,32.950001,32.970001,32.509998,353600.0,32.540001
2013-12-02 00:00:00,32.580002,32.52,32.990002,32.27,620400.0,32.580002
2013-12-03 00:00:00,32.48,32.43,32.849998,32.07,662300.0,32.48
2013-12-04 00:00:00,33.099998,32.25,33.150002,32.220001,922200.0,33.099998
2013-12-05 00:00:00,32.700001,33.0,33.189999,32.610001,840300.0,32.700001
2013-12-06 00:00:00,33.310001,32.75,33.639999,32.740002,1116500.0,33.310001
2013-12-09 00:00:00,33.049999,33.43,33.470001,32.93,570000.0,33.049999
2013-12-10 00:00:00,32.380001,32.93,33.0,32.369999,720500.0,32.380001
2013-12-11 00:00:00,31.639999,32.389999,32.73,31.530001,632300.0,31.639999
2013-12-12 00:00:00,31.559999,31.709999,31.83,31.389999,357800.0,31.559999
2013-12-13 00:00:00,32.240002,31.709999,32.400002,31.66,569700.0,32.240002
2013-12-16 00:00:00,32.529999,32.290001,32.759998,32.060001,352900.0,32.529999
2013-12-17 00:00:00,32.5,32.450001,32.630001,32.200001,328400.0,32.5
2013-12-18 00:00:00,33.029999,32.57,33.049999,32.130001,332900.0,33.029999
2013-12-19 00:00:00,33.0,33.0,33.200001,32.93,386200.0,33.0
2013-12-20 00:00:00,33.950001,33.169998,34.110001,33.0,1807000.0,33.950001
2013-12-23 00:00:00,33.950001,33.959999,34.349998,33.400002,1006500.0,33.950001
2013-12-24 00:00:00,34.040001,33.950001,34.360001,33.950001,275900.0,34.040001
2013-12-26 00:00:00,34.049999,34.16,34.349998,33.970001,438600.0,34.049999
2013-12-27 00:00:00,34.110001,34.23,34.400002,33.82,231200.0,34.110001
2013-12-30 00:00:00,34.299999,34.189999,34.400002,33.880001,375900.0,34.299999
2013-12-31 00:00:00,35.389999,34.400002,35.5,34.310001,952300.0,35.389999
2014-01-02 00:00:00,34.700001,35.5,35.5,34.560001,882200.0,34.700001
2014-01-03 00:00:00,34.759998,34.720001,35.060001,34.630001,431100.0,34.759998
2014-01-06 00:00:00,34.580002,34.82,34.98,34.470001,507100.0,34.580002
2014-01-07 00:00:00,34.970001,34.810001,35.09,34.450001,592400.0,34.970001
2014-01-08 00:00:00,35.07,34.98,35.080002,34.639999,696800.0,35.07
2014-01-09 00:00:00,34.900002,35.189999,35.400002,34.540001,385700.0,34.900002
2014-01-10 00:00:00,35.310001,34.98,35.32,34.470001,442400.0,35.310001
2014-01-13 00:00:00,34.57,35.099998,35.48,34.360001,447400.0,34.57
2014-01-14 00:00:00,35.16,34.810001,35.360001,34.630001,522500.0,35.16
2014-01-15 00:00:00,35.540001,35.349998,35.700001,35.220001,511100.0,35.540001
2014-01-16 00:00:00,35.57,35.369999,35.799999,35.360001,381800.0,35.57
2014-01-17 00:00:00,35.389999,35.619999,35.799999,35.299999,280200.0,35.389999
2014-01-21 00:00:00,35.740002,35.259998,35.919998,35.259998,573100.0,35.740002
2014-01-22 00:00:00,35.75,35.860001,36.029999,35.380001,842900.0,35.75
2014-01-23 00:00:00,36.0,37.950001,38.5,35.889999,2118500.0,36.0
2014-01-24 00:00:00,35.73,35.939999,36.169998,35.68,1040000.0,35.73
2014-01-27 00:00:00,35.299999,35.700001,35.880001,34.98,1041100.0,35.299999
2014-01-28 00:00:00,35.209999,35.200001,35.599998,34.959999,821200.0,35.209999
2014-01-29 00:00:00,35.099998,34.849998,35.34,34.43,871700.0,35.099998
2014-01-30 00:00:00,36.32,36.470001,36.790001,35.950001,1477300.0,36.32
2014-01-31 00:00:00,35.68,35.759998,36.0,35.32,1057200.0,35.68
2014-02-03 00:00:00,34.09,35.48,35.639999,33.459999,1661200.0,34.09
2014-02-04 00:00:00,34.689999,34.18,34.93,33.82,1025600.0,34.689999
2014-02-05 00:00:00,35.200001,34.580002,35.689999,34.049999,1097600.0,35.200001
2014-02-06 00:00:00,35.220001,35.299999,35.560001,35.080002,848800.0,35.220001
2014-02-07 00:00:00,35.669998,35.209999,35.709999,35.0,705900.0,35.669998
2014-02-10 00:00:00,35.779999,35.5,35.860001,35.209999,731400.0,35.779999
2014-02-11 00:00:00,36.490002,35.779999,36.630001,35.779999,928700.0,36.490002
2014-02-12 00:00:00,37.34,36.689999,37.509998,36.110001,1707500.0,37.34
2014-02-13 00:00:00,37.939999,37.240002,38.009998,37.049999,1396800.0,37.939999
2014-02-14 00:00:00,37.790001,38.009998,38.099998,37.549999,632800.0,37.790001
2014-02-18 00:00:00,38.43,37.919998,38.52,37.689999,842600.0,38.43
2014-02-19 00:00:00,38.060001,38.18,38.41,37.970001,957100.0,38.060001
2014-02-20 00:00:00,38.75,38.0,38.790001,37.869999,1144400.0,38.75
2014-02-21 00:00:00,38.73,38.939999,38.939999,38.470001,648800.0,38.73
2014-02-24 00:00:00,38.68,38.860001,39.200001,38.610001,794100.0,38.68
2014-02-25 00:00:00,39.27,38.869999,39.290001,38.470001,879300.0,39.27
2014-02-26 00:00:00,39.220001,39.400002,39.650002,39.009998,704700.0,39.220001
2014-02-27 00:00:00,39.869999,39.27,39.869999,39.029999,637200.0,39.869999
2014-02-28 00:00:00,39.310001,39.959999,39.990002,39.099998,623500.0,39.310001
2014-03-03 00:00:00,38.82,39.169998,39.169998,38.419998,670900.0,38.82
2014-03-04 00:00:00,40.029999,39.43,40.400002,39.43,1600000.0,40.029999
2014-03-05 00:00:00,39.810001,39.93,39.98,39.509998,488100.0,39.810001
2014-03-06 00:00:00,39.689999,39.860001,40.040001,39.57,644700.0,39.689999
2014-03-07 00:00:00,39.279999,39.849998,39.849998,39.139999,733200.0,39.279999
2014-03-10 00:00:00,38.919998,39.279999,39.439999,38.75,652300.0,38.919998
2014-03-11 00:00:00,38.720001,38.919998,39.040001,38.43,590400.0,38.720001
2014-03-12 00:00:00,38.52,38.619999,38.619999,38.110001,533800.0,38.52
2014-03-13 00:00:00,38.220001,38.779999,38.880001,38.009998,1131800.0,38.220001
2014-03-14 00:00:00,37.799999,38.029999,38.48,37.669998,563300.0,37.799999
2014-03-17 00:00:00,37.720001,37.880001,38.349998,37.41,854100.0,37.720001
2014-03-18 00:00:00,38.029999,37.720001,38.139999,37.720001,964400.0,38.029999
2014-03-19 00:00:00,37.509998,38.080002,38.130001,37.25,449700.0,37.509998
2014-03-20 00:00:00,37.470001,37.360001,37.73,37.200001,527600.0,37.470001
2014-03-21 00:00:00,36.740002,37.66,37.66,36.68,1078100.0,36.740002
2014-03-24 00:00:00,36.209999,36.599998,36.75,35.759998,680100.0,36.209999
2014-03-25 00:00:00,36.029999,36.419998,36.599998,35.66,664200.0,36.029999
2014-03-26 00:00:00,35.139999,36.25,36.25,35.139999,632600.0,35.139999
2014-03-27 00:00:00,35.080002,35.02,35.599998,34.740002,882200.0,35.080002
2014-03-28 00:00:00,34.84,35.060001,35.5,34.720001,604100.0,34.84
2014-03-31 00:00:00,35.419998,35.09,35.709999,34.66,829700.0,35.419998
2014-04-01 00:00:00,35.91,35.59,36.07,35.349998,790700.0,35.91
2014-04-02 00:00:00,35.779999,36.110001,36.220001,35.540001,440200.0,35.779999
2014-04-03 00:00:00,34.990002,35.610001,35.919998,34.849998,386700.0,34.990002
2014-04-04 00:00:00,34.75,35.330002,35.490002,34.709999,1173600.0,34.75
2014-04-07 00:00:00,34.41,34.619999,34.970001,34.07,1009100.0,34.41
2014-04-08 00:00:00,34.220001,34.490002,34.810001,33.919998,576300.0,34.220001
2014-04-09 00:00:00,34.939999,34.73,35.029999,34.419998,596000.0,34.939999
2014-04-10 00:00:00,33.830002,34.939999,34.939999,33.580002,1049300.0,33.830002
2014-04-11 00:00:00,33.139999,33.459999,33.880001,32.889999,706500.0,33.139999
2014-04-14 00:00:00,33.34,33.290001,33.75,32.959999,407500.0,33.34
2014-04-15 00:00:00,33.77,33.48,33.950001,32.790001,613800.0,33.77
2014-04-16 00:00:00,34.5,33.919998,34.580002,33.779999,473300.0,34.5
2014-04-17 00:00:00,35.0,34.360001,35.09,34.32,446500.0,35.0
2014-04-21 00:00:00,34.709999,34.860001,34.970001,34.369999,537000.0,34.709999
2014-04-22 00:00:00,35.150002,34.790001,35.25,34.5,736100.0,35.150002
2014-04-23 00:00:00,34.950001,35.0,35.32,34.299999,890200.0,34.950001
2014-04-24 00:00:00,36.200001,35.400002,36.25,35.029999,1028500.0,36.200001
2014-04-25 00:00:00,35.16,35.889999,36.099998,35.02,1035700.0,35.16
2014-04-28 00:00:00,34.48,35.360001,35.369999,33.669998,1261500.0,34.48
2014-04-29 00:00:00,34.900002,34.330002,35.139999,34.259998,947600.0,34.900002
2014-04-30 00:00:00,35.369999,34.689999,35.439999,34.369999,588700.0,35.369999
2014-05-01 00:00:00,35.470001,35.450001,36.0,34.93,872400.0,35.470001
2014-05-02 00:00:00,35.23,35.549999,36.02,35.18,749300.0,35.23
2014-05-05 00:00:00,35.41,35.150002,35.720001,34.630001,607400.0,35.41
2014-05-06 00:00:00,34.830002,35.25,35.75,34.82,834300.0,34.830002
2014-05-07 00:00:00,34.93,34.91,34.98,34.240002,611500.0,34.93
2014-05-08 00:00:00,34.759998,34.77,36.02,34.57,624500.0,34.759998
2014-05-09 00:00:00,35.02,34.650002,35.299999,34.43,533600.0,35.02
2014-05-12 00:00:00,36.32,35.259998,36.540001,35.09,530600.0,36.32
2014-05-13 00:00:00,35.5,36.16,36.279999,35.48,719400.0,35.5
2014-05-14 00:00:00,35.099998,35.32,35.740002,35.009998,629500.0,35.099998
2014-05-15 00:00:00,34.889999,35.02,35.150002,34.32,670600.0,34.889999
2014-05-16 00:00:00,35.880001,34.73,35.880001,34.630001,619800.0,35.880001
2014-05-19 00:00:00,36.369999,35.619999,36.599998,35.619999,636400.0,36.369999
2014-05-20 00:00:00,35.75,36.16,36.27,35.330002,783600.0,35.75
2014-05-21 00:00:00,35.959999,35.830002,36.150002,35.52,387100.0,35.959999
2014-05-22 00:00:00,36.369999,35.98,36.639999,35.759998,465500.0,36.369999
2014-05-23 00:00:00,36.830002,36.439999,37.0,36.18,646300.0,36.830002
2014-05-27 00:00:00,37.299999,37.0,37.610001,36.75,585100.0,37.299999
2014-05-28 00:00:00,36.810001,37.310001,37.490002,36.75,914600.0,36.810001
2014-05-29 00:00:00,37.25,37.049999,37.34,36.91,290600.0,37.25
2014-05-30 00:00:00,36.799999,37.259998,37.259998,36.400002,563300.0,36.799999
2014-06-02 00:00:00,36.599998,36.799999,36.919998,36.07,447800.0,36.599998
2014-06-03 00:00:00,36.200001,36.419998,36.610001,35.919998,573200.0,36.200001
2014-06-04 00:00:00,36.279999,36.07,36.369999,35.970001,402400.0,36.279999
2014-06-05 00:00:00,36.880001,36.0,37.049999,35.93,548400.0,36.880001
2014-06-06 00:00:00,37.900002,37.099998,38.189999,37.0,931500.0,37.900002
2014-06-09 00:00:00,38.080002,37.970001,38.400002,37.810001,1041400.0,38.080002
2014-06-10 00:00:00,37.709999,37.919998,38.18,37.470001,516300.0,37.709999
2014-06-11 00:00:00,37.689999,37.639999,37.919998,37.540001,602100.0,37.689999
2014-06-12 00:00:00,36.970001,37.689999,37.75,36.849998,686100.0,36.970001
2014-06-13 00:00:00,36.990002,37.23,37.77,36.919998,698500.0,36.990002
2014-06-16 00:00:00,37.049999,36.91,37.459999,36.830002,738500.0,37.049999
2014-06-17 00:00:00,37.599998,37.150002,38.040001,37.150002,924500.0,37.599998
2014-06-18 00:00:00,37.75,37.700001,37.810001,37.0,696800.0,37.75
2014-06-19 00:00:00,37.709999,37.959999,37.959999,37.400002,650100.0,37.709999
2014-06-20 00:00:00,37.73,37.75,37.849998,37.419998,1179200.0,37.73
2014-06-23 00:00:00,37.939999,37.669998,38.0,37.650002,835700.0,37.939999
2014-06-24 00:00:00,37.240002,37.889999,38.099998,37.240002,629700.0,37.240002
2014-06-25 00:00:00,37.75,37.540001,38.040001,37.169998,767500.0,37.75
2014-06-26 00:00:00,38.209999,37.91,38.450001,37.639999,826100.0,38.209999
2014-06-27 00:00:00,38.419998,38.540001,38.950001,38.060001,14914300.0,38.419998
2014-06-30 00:00:00,38.799999,38.43,38.849998,38.169998,1017800.0,38.799999
2014-07-01 00:00:00,38.970001,38.869999,39.549999,38.869999,1069800.0,38.970001
2014-07-02 00:00:00,38.810001,38.689999,39.34,38.689999,908600.0,38.810001
2014-07-03 00:00:00,38.990002,38.959999,39.110001,38.700001,448300.0,38.990002
2014-07-07 00:00:00,38.849998,38.939999,39.07,38.689999,657200.0,38.849998
2014-07-08 00:00:00,38.060001,38.740002,38.919998,37.880001,821100.0,38.060001
2014-07-09 00:00:00,38.43,38.27,38.66,38.209999,684800.0,38.43
2014-07-10 00:00:00,38.490002,38.099998,38.810001,37.779999,836900.0,38.490002
2014-07-11 00:00:00,38.5,38.490002,38.549999,38.130001,546800.0,38.5
2014-07-14 00:00:00,38.869999,38.66,39.040001,38.5,673200.0,38.869999
2014-07-15 00:00:00,38.639999,38.889999,39.040001,38.32,516600.0,38.639999
2014-07-16 00:00:00,38.150002,38.740002,38.860001,38.130001,860100.0,38.150002
2014-07-17 00:00:00,37.439999,38.060001,38.259998,37.400002,735300.0,37.439999
2014-07-18 00:00:00,37.889999,37.619999,37.970001,37.439999,673600.0,37.889999
2014-07-21 00:00:00,37.84,37.799999,37.950001,37.599998,510000.0,37.84
2014-07-22 00:00:00,38.299999,37.98,38.509998,37.98,686000.0,38.299999
2014-07-23 00:00:00,38.02,38.389999,38.529999,37.93,806900.0,38.02
2014-07-24 00:00:00,37.639999,37.990002,38.209999,36.939999,1476000.0,37.639999
2014-07-25 00:00:00,37.82,37.66,38.110001,37.419998,1323500.0,37.82
2014-07-28 00:00:00,37.400002,37.759998,37.98,37.310001,917800.0,37.400002
2014-07-29 00:00:00,37.330002,37.43,37.830002,37.259998,1307600.0,37.330002
2014-07-30 00:00:00,37.389999,37.470001,37.740002,37.040001,685500.0,37.389999
2014-07-31 00:00:00,35.959999,37.09,37.16,35.939999,882500.0,35.959999
2014-08-01 00:00:00,36.209999,36.009998,36.310001,35.490002,1193800.0,36.209999
2014-08-04 00:00:00,36.619999,36.369999,36.709999,35.93,575400.0,36.619999
2014-08-05 00:00:00,37.900002,36.970001,38.34,36.93,1801400.0,37.900002
2014-08-06 00:00:00,37.91,37.73,38.279999,37.599998,769500.0,37.91
2014-08-07 00:00:00,37.639999,38.16,38.27,37.48,502300.0,37.639999
2014-08-08 00:00:00,37.709999,37.700001,37.790001,37.439999,491700.0,37.709999
2014-08-11 00:00:00,38.139999,37.970001,38.369999,37.66,766000.0,38.139999
2014-08-12 00:00:00,37.93,38.0,38.450001,37.759998,564500.0,37.93
2014-08-13 00:00:00,38.330002,38.110001,38.419998,37.880001,558500.0,38.330002
2014-08-14 00:00:00,38.040001,38.439999,38.529999,37.889999,463100.0,38.040001
2014-08-15 00:00:00,37.759998,38.41,38.43,37.549999,652400.0,37.759998
2014-08-18 00:00:00,38.790001,38.209999,39.18,38.18,631800.0,38.790001
2014-08-19 00:00:00,38.950001,38.82,39.139999,38.700001,370900.0,38.950001
2014-08-20 00:00:00,38.990002,38.779999,39.209999,38.720001,416500.0,38.990002
2014-08-21 00:00:00,39.07,38.990002,39.23,38.619999,581800.0,39.07
2014-08-22 00:00:00,39.279999,39.110001,39.470001,38.849998,346200.0,39.279999
2014-08-25 00:00:00,39.25,39.459999,39.459999,39.009998,387100.0,39.25
2014-08-26 00:00:00,39.310001,39.299999,39.459999,39.09,402600.0,39.310001
2014-08-27 00:00:00,38.939999,39.490002,39.490002,38.849998,323500.0,38.939999
2014-08-28 00:00:00,38.740002,38.82,38.869999,38.43,329300.0,38.740002
2014-08-29 00:00:00,38.689999,38.830002,39.0,38.52,520700.0,38.689999
2014-09-02 00:00:00,39.119999,38.75,39.119999,38.509998,1185700.0,39.119999
2014-09-03 00:00:00,39.599998,39.209999,39.599998,39.119999,574800.0,39.599998
2014-09-04 00:00:00,39.529999,39.709999,40.060001,39.43,478000.0,39.529999
2014-09-05 00:00:00,39.77,39.59,39.919998,39.419998,345700.0,39.77
2014-09-08 00:00:00,39.560001,39.73,39.880001,39.169998,715100.0,39.560001
2014-09-09 00:00:00,39.25,39.389999,39.509998,39.07,657800.0,39.25
2014-09-10 00:00:00,39.759998,39.400002,39.810001,39.27,513500.0,39.759998
2014-09-11 00:00:00,39.779999,39.48,39.950001,39.470001,729300.0,39.779999
2014-09-12 00:00:00,39.599998,39.860001,40.060001,39.509998,509500.0,39.599998
2014-09-15 00:00:00,38.939999,39.549999,39.740002,38.919998,707300.0,38.939999
2014-09-16 00:00:00,38.5,38.889999,39.099998,38.279999,1201700.0,38.5
2014-09-17 00:00:00,38.049999,38.419998,38.77,37.98,1050500.0,38.049999
2014-09-18 00:00:00,38.0,38.290001,38.310001,37.950001,1602600.0,38.0
2014-09-19 00:00:00,37.990002,38.02,38.119999,37.720001,1294900.0,37.990002
2014-09-22 00:00:00,37.330002,37.990002,38.009998,37.189999,821300.0,37.330002
2014-09-23 00:00:00,36.759998,37.150002,37.360001,36.720001,749800.0,36.759998
2014-09-24 00:00:00,37.169998,36.900002,37.349998,36.650002,729200.0,37.169998
2014-09-25 00:00:00,36.52,37.119999,37.169998,36.459999,503300.0,36.52
2014-09-26 00:00:00,36.57,36.59,36.77,36.349998,424900.0,36.57
2014-09-29 00:00:00,36.560001,36.169998,36.720001,36.169998,818100.0,36.560001
2014-09-30 00:00:00,36.900002,36.73,37.060001,36.279999,1018000.0,36.900002
2014-10-01 00:00:00,36.360001,36.84,36.889999,36.310001,1032200.0,36.360001
2014-10-02 00:00:00,36.459999,36.48,37.119999,36.07,1040700.0,36.459999
2014-10-03 00:00:00,36.84,36.75,37.02,36.540001,652000.0,36.84
2014-10-06 00:00:00,36.759998,37.029999,37.209999,36.720001,745100.0,36.759998
2014-10-07 00:00:00,36.34,36.52,36.779999,36.34,1229200.0,36.34
2014-10-08 00:00:00,36.599998,36.25,36.709999,35.869999,805800.0,36.599998
2014-10-09 00:00:00,35.919998,36.560001,36.669998,35.889999,568800.0,35.919998
2014-10-10 00:00:00,34.84,35.91,36.060001,34.82,712900.0,34.84
2014-10-13 00:00:00,34.540001,34.799999,35.16,34.389999,645400.0,34.540001
2014-10-14 00:00:00,34.310001,34.84,35.009998,34.240002,956900.0,34.310001
2014-10-15 00:00:00,34.68,33.75,34.970001,33.610001,1100800.0,34.68
2014-10-16 00:00:00,34.32,34.09,34.759998,34.060001,1008500.0,34.32
2014-10-17 00:00:00,35.029999,34.790001,35.279999,34.439999,540000.0,35.029999
2014-10-20 00:00:00,35.310001,34.889999,35.619999,34.560001,503100.0,35.310001
2014-10-21 00:00:00,36.110001,35.560001,36.32,35.360001,659500.0,36.110001
2014-10-22 00:00:00,35.82,36.279999,36.400002,35.77,506400.0,35.82
2014-10-23 00:00:00,36.25,36.139999,36.529999,36.130001,594600.0,36.25
2014-10-24 00:00:00,36.490002,36.240002,36.52,36.16,589000.0,36.490002
2014-10-27 00:00:00,36.599998,36.330002,36.830002,36.18,506400.0,36.599998
2014-10-28 00:00:00,37.619999,36.689999,37.650002,36.689999,395300.0,37.619999
2014-10-29 00:00:00,37.709999,37.689999,37.869999,37.23,490000.0,37.709999
2014-10-30 00:00:00,37.880001,37.610001,37.98,37.43,475800.0,37.880001
2014-10-31 00:00:00,38.150002,38.5,38.630001,37.990002,561100.0,38.150002
2014-11-03 00:00:00,38.150002,38.240002,38.360001,38.040001,651900.0,38.150002
2014-11-04 00:00:00,38.02,38.200001,38.490002,38.009998,613900.0,38.02
2014-11-05 00:00:00,38.169998,38.41,38.48,37.619999,780800.0,38.169998
2014-11-06 00:00:00,36.84,38.490002,38.5,36.209999,2635300.0,36.84
2014-11-07 00:00:00,37.07,36.790001,37.220001,36.360001,1152400.0,37.07
2014-11-10 00:00:00,37.07,37.200001,37.290001,36.950001,522000.0,37.07
2014-11-11 00:00:00,37.139999,37.049999,37.349998,36.950001,413600.0,37.139999
2014-11-12 00:00:00,37.259998,36.959999,37.459999,36.900002,374100.0,37.259998
2014-11-13 00:00:00,37.669998,37.220001,37.689999,37.200001,930100.0,37.669998
2014-11-14 00:00:00,37.900002,37.700001,38.169998,37.490002,535900.0,37.900002
2014-11-17 00:00:00,37.57,36.759998,37.66,36.759998,1068600.0,37.57
2014-11-18 00:00:00,38.240002,37.68,38.389999,37.450001,869700.0,38.240002
2014-11-19 00:00:00,37.830002,38.25,38.299999,37.549999,441800.0,37.830002
2014-11-20 00:00:00,37.740002,37.549999,37.810001,37.34,816800.0,37.740002
2014-11-21 00:00:00,38.349998,38.23,38.43,38.07,487100.0,38.349998
2014-11-24 00:00:00,38.459999,38.349998,38.599998,38.189999,772100.0,38.459999
2014-11-25 00:00:00,38.75,38.470001,38.849998,38.470001,580000.0,38.75
2014-11-26 00:00:00,38.869999,38.57,39.0,38.380001,433200.0,38.869999
2014-11-28 00:00:00,39.07,38.970001,39.380001,38.799999,335600.0,39.07
2014-12-01 00:00:00,38.43,38.75,38.93,38.349998,826000.0,38.43
2014-12-02 00:00:00,38.610001,38.450001,38.950001,38.389999,865900.0,38.610001
2014-12-03 00:00:00,38.720001,38.720001,38.970001,38.32,735700.0,38.720001
2014-12-04 00:00:00,38.970001,38.619999,39.099998,38.490002,807000.0,38.970001
2014-12-05 00:00:00,38.919998,39.07,39.169998,38.830002,394500.0,38.919998
2014-12-08 00:00:00,38.0,38.669998,39.110001,37.880001,554100.0,38.0
2014-12-09 00:00:00,37.93,37.529999,38.150002,37.259998,731800.0,37.93
2014-12-10 00:00:00,36.900002,37.939999,37.939999,36.849998,878500.0,36.900002
2014-12-11 00:00:00,36.599998,37.189999,37.5,36.52,854900.0,36.599998
2014-12-12 00:00:00,36.18,36.349998,36.470001,36.02,1045800.0,36.18
2014-12-15 00:00:00,35.799999,36.470001,36.470001,35.580002,910300.0,35.799999
2014-12-16 00:00:00,35.349998,35.57,35.959999,35.150002,789800.0,35.349998
2014-12-17 00:00:00,35.240002,35.540001,35.669998,35.080002,1385400.0,35.240002
2014-12-18 00:00:00,36.470001,35.720001,36.48,35.57,1463400.0,36.470001
2014-12-19 00:00:00,36.389999,36.560001,36.700001,36.220001,1730400.0,36.389999
2014-12-22 00:00:00,36.560001,36.490002,36.82,36.400002,653300.0,36.560001
2014-12-23 00:00:00,37.18,36.860001,37.360001,36.439999,917900.0,37.18
2014-12-24 00:00:00,37.439999,37.360001,37.790001,37.099998,374700.0,37.439999
2014-12-26 00:00:00,37.740002,37.59,37.98,37.57,357100.0,37.740002
2014-12-29 00:00:00,37.32,37.48,37.830002,37.310001,575000.0,37.32
2014-12-30 00:00:00,36.810001,37.09,37.169998,36.740002,391100.0,36.810001
2014-12-31 00:00:00,36.650002,36.990002,37.279999,36.630001,518700.0,36.650002
2015-01-02 00:00:00,36.349998,36.869999,36.98,36.009998,557900.0,36.349998
2015-01-05 00:00:00,35.360001,36.080002,36.389999,35.259998,859800.0,35.360001
2015-01-06 00:00:00,35.080002,35.540001,35.889999,34.849998,1253300.0,35.080002
2015-01-07 00:00:00,35.220001,35.380001,35.380001,34.990002,698200.0,35.220001
2015-01-08 00:00:00,35.75,35.439999,36.099998,35.43,806000.0,35.75
2015-01-09 00:00:00,35.619999,35.889999,36.009998,35.310001,529600.0,35.619999
2015-01-12 00:00:00,34.709999,35.5,35.57,34.639999,594300.0,34.709999
2015-01-13 00:00:00,34.259998,34.93,35.25,33.93,654800.0,34.259998
2015-01-14 00:00:00,33.790001,33.810001,34.52,33.43,732100.0,33.790001
2015-01-15 00:00:00,33.540001,34.0,34.209999,33.27,691400.0,33.540001
2015-01-16 00:00:00,34.07,33.490002,34.130001,33.459999,692600.0,34.07
2015-01-20 00:00:00,34.18,34.23,34.349998,33.720001,448800.0,34.18
2015-01-21 00:00:00,34.169998,34.130001,34.450001,33.869999,459900.0,34.169998
2015-01-22 00:00:00,34.959999,34.27,34.98,33.900002,796900.0,34.959999
2015-01-23 00:00:00,34.869999,34.970001,35.389999,34.830002,572400.0,34.869999
2015-01-26 00:00:00,34.919998,34.93,35.130001,34.52,681300.0,34.919998
2015-01-27 00:00:00,34.290001,34.5,34.529999,33.849998,840000.0,34.290001
2015-01-28 00:00:00,32.900002,34.810001,35.09,32.860001,1518600.0,32.900002
2015-01-29 00:00:00,33.990002,31.58,34.16,31.15,1844200.0,33.990002
2015-01-30 00:00:00,33.41,33.75,34.040001,32.860001,1395500.0,33.41
2015-02-02 00:00:00,33.459999,33.470001,33.860001,32.799999,907700.0,33.459999
2015-02-03 00:00:00,34.599998,33.610001,34.650002,33.400002,798600.0,34.599998
2015-02-04 00:00:00,34.25,34.560001,34.900002,34.189999,732500.0,34.25
2015-02-05 00:00:00,34.220001,34.450001,34.59,33.950001,623700.0,34.220001
2015-02-06 00:00:00,33.950001,34.25,34.400002,33.77,633300.0,33.950001
2015-02-09 00:00:00,33.669998,33.77,33.98,33.529999,533800.0,33.669998
2015-02-10 00:00:00,34.060001,34.009998,34.439999,33.549999,1043600.0,34.060001
2015-02-11 00:00:00,33.73,34.080002,34.25,33.59,554300.0,33.73
2015-02-12 00:00:00,33.650002,33.93,33.93,33.48,1307100.0,33.650002
2015-02-13 00:00:00,34.02,33.66,34.040001,33.509998,1212600.0,34.02
2015-02-17 00:00:00,34.610001,34.169998,34.630001,34.060001,883000.0,34.610001
2015-02-18 00:00:00,34.77,34.619999,35.119999,34.57,570700.0,34.77
2015-02-19 00:00:00,34.790001,34.41,34.810001,34.310001,869900.0,34.790001
2015-02-20 00:00:00,34.93,34.82,34.98,34.5,613600.0,34.93
2015-02-23 00:00:00,34.32,34.939999,34.950001,34.169998,550900.0,34.32
2015-02-24 00:00:00,34.450001,34.029999,34.630001,33.849998,1245100.0,34.450001
2015-02-25 00:00:00,34.169998,34.529999,34.529999,34.040001,756900.0,34.169998
2015-02-26 00:00:00,34.650002,34.900002,35.299999,34.599998,1572300.0,34.650002
2015-02-27 00:00:00,34.66,34.650002,35.09,34.5,995600.0,34.66
2015-03-02 00:00:00,34.5,34.75,35.080002,34.259998,933400.0,34.5
2015-03-03 00:00:00,33.84,34.41,34.41,33.740002,833000.0,33.84
2015-03-04 00:00:00,33.630001,33.68,33.810001,33.389999,621900.0,33.630001
2015-03-05 00:00:00,34.0,33.740002,34.080002,33.32,750200.0,34.0
2015-03-06 00:00:00,33.52,33.880001,33.990002,33.349998,449400.0,33.52
2015-03-09 00:00:00,33.669998,33.650002,33.919998,33.5,669300.0,33.669998
2015-03-10 00:00:00,32.880001,33.48,33.48,32.869999,714200.0,32.880001
2015-03-11 00:00:00,32.84,33.009998,33.07,32.529999,557700.0,32.84
2015-03-12 00:00:00,32.869999,32.950001,33.080002,32.73,535900.0,32.869999
2015-03-13 00:00:00,33.009998,32.669998,33.040001,32.18,1271100.0,33.009998
2015-03-16 00:00:00,34.040001,33.220001,34.139999,33.029999,1124700.0,34.040001
2015-03-17 00:00:00,34.380001,33.939999,34.459999,33.720001,1101200.0,34.380001
2015-03-18 00:00:00,36.16,34.349998,36.490002,34.16,2456400.0,36.16
2015-03-19 00:00:00,36.099998,36.009998,36.549999,35.720001,1643400.0,36.099998
2015-03-20 00:00:00,37.009998,36.290001,37.060001,36.049999,1482100.0,37.009998
2015-03-23 00:00:00,35.880001,37.009998,37.040001,35.66,1381100.0,35.880001
2015-03-24 00:00:00,35.790001,35.900002,36.139999,35.66,1348900.0,35.790001
2015-03-25 00:00:00,35.349998,35.799999,36.0,35.27,1528900.0,35.349998
2015-03-26 00:00:00,35.759998,35.18,36.049999,35.0,987500.0,35.759998
2015-03-27 00:00:00,36.049999,35.689999,36.130001,35.630001,1593000.0,36.049999
2015-03-30 00:00:00,36.09,36.349998,36.740002,36.049999,802500.0,36.09
2015-03-31 00:00:00,36.169998,35.950001,36.360001,35.790001,852500.0,36.169998
2015-04-01 00:00:00,36.150002,36.130001,36.200001,35.720001,702200.0,36.150002
2015-04-02 00:00:00,36.509998,36.169998,36.560001,36.0,1076900.0,36.509998
2015-04-06 00:00:00,37.169998,36.380001,37.240002,36.09,845000.0,37.169998
2015-04-07 00:00:00,37.049999,37.450001,37.48,36.889999,879000.0,37.049999
2015-04-08 00:00:00,37.57,37.439999,37.779999,37.119999,1697500.0,37.57
2015-04-09 00:00:00,37.939999,37.889999,38.0,37.43,513800.0,37.939999
2015-04-10 00:00:00,37.939999,37.869999,38.150002,37.709999,542500.0,37.939999
2015-04-13 00:00:00,37.139999,38.040001,38.110001,37.080002,977800.0,37.139999
2015-04-14 00:00:00,37.049999,37.139999,37.34,36.689999,921500.0,37.049999
2015-04-15 00:00:00,37.16,38.700001,38.849998,36.970001,500500.0,37.16
2015-04-16 00:00:00,37.23,37.029999,37.419998,36.919998,397400.0,37.23
2015-04-17 00:00:00,36.84,36.919998,36.919998,36.349998,944400.0,36.84
2015-04-20 00:00:00,36.759998,37.009998,37.439999,36.75,458100.0,36.759998
2015-04-21 00:00:00,36.869999,37.0,37.049999,36.740002,366200.0,36.869999
2015-04-22 00:00:00,37.189999,37.049999,37.220001,36.639999,305600.0,37.189999
2015-04-23 00:00:00,37.360001,37.040001,37.669998,36.91,410900.0,37.360001
2015-04-24 00:00:00,37.18,37.52,37.599998,37.040001,302600.0,37.18
2015-04-27 00:00:00,36.73,37.220001,37.48,36.549999,800600.0,36.73
2015-04-28 00:00:00,36.740002,36.650002,36.990002,36.43,758300.0,36.740002
2015-04-29 00:00:00,36.68,36.669998,36.990002,36.540001,863900.0,36.68
2015-04-30 00:00:00,38.34,37.529999,38.400002,36.400002,1886200.0,38.34
2015-05-01 00:00:00,38.73,38.380001,38.830002,37.900002,1050300.0,38.73
2015-05-04 00:00:00,38.599998,38.889999,38.889999,38.490002,785400.0,38.599998
2015-05-05 00:00:00,38.209999,38.400002,38.720001,38.02,765200.0,38.209999
2015-05-06 00:00:00,38.07,38.200001,38.43,37.869999,944600.0,38.07
2015-05-07 00:00:00,38.080002,38.080002,38.369999,37.84,652600.0,38.080002
2015-05-08 00:00:00,38.689999,38.380001,38.75,38.209999,409600.0,38.689999
2015-05-11 00:00:00,38.740002,38.709999,39.07,38.470001,722700.0,38.740002
2015-05-12 00:00:00,38.740002,38.580002,38.919998,38.330002,466900.0,38.740002
2015-05-13 00:00:00,38.990002,38.939999,39.279999,38.84,685700.0,38.990002
2015-05-14 00:00:00,39.700001,39.16,39.810001,39.16,544000.0,39.700001
2015-05-15 00:00:00,39.400002,39.639999,39.639999,39.23,505000.0,39.400002
2015-05-18 00:00:00,39.790001,38.900002,39.82,38.900002,941700.0,39.790001
2015-05-19 00:00:00,39.450001,39.740002,39.790001,39.349998,500700.0,39.450001
2015-05-20 00:00:00,40.560001,39.43,40.59,39.23,1265100.0,40.560001
2015-05-21 00:00:00,41.459999,40.459999,41.52,40.0,1648700.0,41.459999
2015-05-22 00:00:00,41.049999,41.400002,41.599998,40.93,858400.0,41.049999
2015-05-26 00:00:00,40.91,40.860001,41.049999,40.68,1355300.0,40.91
2015-05-27 00:00:00,41.66,40.950001,41.700001,40.950001,927800.0,41.66
2015-05-28 00:00:00,41.790001,41.59,41.959999,41.419998,1037400.0,41.790001
2015-05-29 00:00:00,41.27,41.669998,41.82,41.049999,1068300.0,41.27
2015-06-01 00:00:00,41.529999,41.310001,41.700001,41.130001,920000.0,41.529999
2015-06-02 00:00:00,41.77,41.310001,41.959999,41.290001,825400.0,41.77
2015-06-03 00:00:00,41.700001,41.959999,42.189999,41.490002,1492200.0,41.700001
2015-06-04 00:00:00,41.41,41.549999,42.0,41.330002,650900.0,41.41
2015-06-05 00:00:00,41.759998,41.389999,41.799999,41.139999,546300.0,41.759998
2015-06-08 00:00:00,41.360001,41.650002,42.0,41.34,478900.0,41.360001
2015-06-09 00:00:00,41.450001,41.27,41.610001,41.130001,414300.0,41.450001
2015-06-10 00:00:00,41.98,41.610001,42.16,41.400002,597100.0,41.98
2015-06-11 00:00:00,41.82,42.009998,42.119999,41.700001,623600.0,41.82
2015-06-12 00:00:00,41.459999,41.610001,41.849998,41.369999,797500.0,41.459999
2015-06-15 00:00:00,41.23,41.189999,41.490002,40.68,673100.0,41.23
2015-06-16 00:00:00,41.490002,41.119999,41.549999,41.119999,703200.0,41.490002
2015-06-17 00:00:00,41.540001,41.540001,41.650002,41.16,498500.0,41.540001
2015-06-18 00:00:00,42.099998,41.599998,42.150002,41.34,451400.0,42.099998
2015-06-19 00:00:00,42.25,42.25,42.650002,42.0,1387200.0,42.25
2015-06-22 00:00:00,42.529999,42.57,42.66,42.25,494800.0,42.529999
2015-06-23 00:00:00,42.299999,42.529999,42.75,42.290001,427900.0,42.299999
2015-06-24 00:00:00,41.880001,42.279999,42.279999,41.860001,556900.0,41.880001
2015-06-25 00:00:00,41.900002,41.900002,41.98,41.669998,551100.0,41.900002
2015-06-26 00:00:00,41.669998,41.830002,41.98,41.580002,737600.0,41.669998
2015-06-29 00:00:00,41.009998,41.27,41.880001,40.970001,1037300.0,41.009998
2015-06-30 00:00:00,41.02,41.290001,41.400002,40.849998,1367900.0,41.02
2015-07-01 00:00:00,41.25,41.27,41.799999,41.139999,580500.0,41.25
2015-07-02 00:00:00,41.18,41.360001,41.360001,40.889999,339800.0,41.18
2015-07-06 00:00:00,41.040001,40.73,41.48,40.48,681700.0,41.040001
2015-07-07 00:00:00,41.32,40.98,41.34,40.490002,624600.0,41.32
2015-07-08 00:00:00,40.66,40.939999,41.220001,40.439999,786100.0,40.66
2015-07-09 00:00:00,40.779999,41.080002,41.439999,40.610001,360900.0,40.779999
2015-07-10 00:00:00,38.779999,39.599998,39.990002,38.419998,4239800.0,38.779999
2015-07-13 00:00:00,38.639999,39.0,39.150002,38.32,2731300.0,38.639999
2015-07-14 00:00:00,38.650002,38.700001,38.860001,38.380001,1787400.0,38.650002
2015-07-15 00:00:00,39.360001,38.77,39.529999,38.66,913500.0,39.360001
2015-07-16 00:00:00,39.400002,38.400002,39.59,38.330002,425500.0,39.400002
2015-07-17 00:00:00,39.060001,39.360001,39.630001,38.939999,457800.0,39.060001
2015-07-20 00:00:00,39.049999,39.040001,39.25,38.91,398800.0,39.049999
2015-07-21 00:00:00,38.77,39.0,39.209999,38.619999,392800.0,38.77
2015-07-22 00:00:00,39.119999,38.549999,39.209999,38.419998,406800.0,39.119999
2015-07-23 00:00:00,38.630001,39.139999,39.48,38.57,678100.0,38.630001
2015-07-24 00:00:00,38.380001,38.52,38.669998,38.220001,509400.0,38.380001
2015-07-27 00:00:00,38.27,38.380001,38.41,38.080002,689700.0,38.27
2015-07-28 00:00:00,38.720001,38.349998,38.77,38.080002,736800.0,38.720001
2015-07-29 00:00:00,37.799999,38.5,38.549999,37.75,1795100.0,37.799999
2015-07-30 00:00:00,36.23,37.34,37.509998,36.0,3753700.0,36.23
2015-07-31 00:00:00,36.349998,36.139999,36.52,36.099998,951800.0,36.349998
2015-08-03 00:00:00,36.580002,36.279999,36.799999,36.0,1175700.0,36.580002
2015-08-04 00:00:00,36.5,36.240002,36.669998,36.189999,631400.0,36.5
2015-08-05 00:00:00,36.5,36.59,37.139999,36.189999,1281000.0,36.5
2015-08-06 00:00:00,36.07,36.48,36.720001,36.0,606400.0,36.07
2015-08-07 00:00:00,35.91,36.07,36.099998,35.689999,709500.0,35.91
2015-08-10 00:00:00,36.549999,35.970001,36.73,35.889999,1187300.0,36.549999
2015-08-11 00:00:00,36.34,36.240002,36.549999,36.09,1288700.0,36.34
2015-08-12 00:00:00,35.700001,36.0,36.220001,35.290001,709300.0,35.700001
2015-08-13 00:00:00,35.529999,35.59,35.950001,35.490002,531800.0,35.529999
2015-08-14 00:00:00,35.93,35.41,36.029999,35.360001,464300.0,35.93
2015-08-17 00:00:00,36.360001,35.810001,36.389999,35.57,725000.0,36.360001
2015-08-18 00:00:00,36.400002,36.689999,36.73,36.169998,698600.0,36.400002
2015-08-19 00:00:00,36.119999,36.209999,36.470001,35.959999,527600.0,36.119999
2015-08-20 00:00:00,35.290001,35.759998,35.759998,35.119999,656900.0,35.290001
2015-08-21 00:00:00,34.439999,35.07,35.349998,34.400002,1154200.0,34.439999
2015-08-24 00:00:00,33.889999,32.869999,33.889999,32.59,1900300.0,33.889999
2015-08-25 00:00:00,33.459999,34.599998,34.599998,33.41,846900.0,33.459999
2015-08-26 00:00:00,33.880001,34.110001,34.290001,33.029999,733400.0,33.880001
2015-08-27 00:00:00,34.310001,34.169998,34.310001,33.630001,1123500.0,34.310001
2015-08-28 00:00:00,34.150002,34.18,34.549999,33.759998,1067200.0,34.150002
2015-08-31 00:00:00,33.119999,34.080002,34.150002,32.990002,1684400.0,33.119999
2015-09-01 00:00:00,32.290001,32.59,33.380001,32.220001,1298900.0,32.290001
2015-09-02 00:00:00,32.279999,32.419998,32.580002,31.73,1449600.0,32.279999
2015-09-03 00:00:00,32.68,32.220001,32.740002,32.110001,1360400.0,32.68
2015-09-04 00:00:00,31.99,32.299999,32.5,31.790001,731200.0,31.99
2015-09-08 00:00:00,32.98,32.310001,33.009998,32.060001,731000.0,32.98
2015-09-09 00:00:00,31.91,32.990002,33.02,31.780001,966400.0,31.91
2015-09-10 00:00:00,32.330002,31.75,32.580002,31.75,973300.0,32.330002
2015-09-11 00:00:00,32.549999,32.27,32.560001,31.950001,441600.0,32.549999
2015-09-14 00:00:00,32.77,32.549999,32.970001,32.41,682600.0,32.77
2015-09-15 00:00:00,33.0,32.880001,33.150002,32.75,464100.0,33.0
2015-09-16 00:00:00,33.41,33.0,33.459999,32.900002,469900.0,33.41
2015-09-17 00:00:00,33.509998,33.360001,33.720001,33.209999,742300.0,33.509998
2015-09-18 00:00:00,33.419998,32.990002,33.560001,32.880001,1401600.0,33.419998
2015-09-21 00:00:00,33.990002,33.66,34.200001,33.450001,1033900.0,33.990002
2015-09-22 00:00:00,33.630001,33.619999,34.27,33.490002,901000.0,33.630001
2015-09-23 00:00:00,33.169998,33.639999,33.75,33.07,719100.0,33.169998
2015-09-24 00:00:00,32.599998,33.049999,33.049999,32.32,1126100.0,32.599998
2015-09-25 00:00:00,32.509998,32.900002,33.16,32.380001,791800.0,32.509998
2015-09-28 00:00:00,31.709999,32.470001,33.220001,31.549999,1018500.0,31.709999
2015-09-29 00:00:00,30.969999,31.65,31.83,30.969999,1118300.0,30.969999
2015-09-30 00:00:00,31.74,31.200001,31.870001,31.15,1167900.0,31.74
2015-10-01 00:00:00,31.4,31.76,32.0,31.040001,1338500.0,31.4
2015-10-02 00:00:00,32.009998,31.0,32.040001,30.530001,2149800.0,32.009998
2015-10-05 00:00:00,33.209999,32.220001,33.330002,32.220001,962900.0,33.209999
2015-10-06 00:00:00,34.029999,33.23,34.09,33.07,1416200.0,34.029999
2015-10-07 00:00:00,33.84,34.290001,34.59,33.459999,1223900.0,33.84
2015-10-08 00:00:00,33.919998,34.310001,34.57,33.490002,845900.0,33.919998
2015-10-09 00:00:00,34.669998,33.93,34.709999,33.93,566300.0,34.669998
2015-10-12 00:00:00,34.900002,34.639999,34.91,34.48,356000.0,34.900002
2015-10-13 00:00:00,34.68,34.709999,35.16,34.580002,568500.0,34.68
2015-10-14 00:00:00,34.509998,34.740002,35.07,34.470001,227600.0,34.509998
2015-10-15 00:00:00,34.619999,34.650002,35.240002,32.740002,769700.0,34.619999
2015-10-16 00:00:00,35.130001,34.560001,35.220001,34.330002,1053800.0,35.130001
2015-10-19 00:00:00,35.080002,35.060001,35.41,34.849998,436600.0,35.080002
2015-10-20 00:00:00,34.830002,35.049999,35.290001,34.75,395900.0,34.830002
2015-10-21 00:00:00,33.580002,34.830002,34.830002,33.529999,1266100.0,33.580002
2015-10-22 00:00:00,34.18,33.700001,34.380001,33.59,912100.0,34.18
2015-10-23 00:00:00,34.330002,34.560001,34.560001,33.990002,704500.0,34.330002
2015-10-26 00:00:00,34.459999,34.27,34.639999,34.209999,582100.0,34.459999
2015-10-27 00:00:00,34.029999,34.459999,34.650002,33.98,1073000.0,34.029999
2015-10-28 00:00:00,34.799999,34.060001,34.889999,34.049999,1821900.0,34.799999
2015-10-29 00:00:00,34.060001,34.290001,35.349998,33.080002,2829200.0,34.060001
2015-10-30 00:00:00,35.439999,34.200001,35.709999,33.889999,1721200.0,35.439999
2015-11-02 00:00:00,36.16,35.360001,36.310001,35.360001,1051900.0,36.16
2015-11-03 00:00:00,36.91,36.240002,37.09,36.080002,1020200.0,36.91
2015-11-04 00:00:00,36.549999,37.049999,37.049999,36.349998,704800.0,36.549999
2015-11-05 00:00:00,36.299999,36.630001,37.07,36.240002,741500.0,36.299999
2015-11-06 00:00:00,36.400002,36.209999,36.540001,36.040001,498800.0,36.400002
2015-11-09 00:00:00,36.049999,36.240002,36.279999,35.630001,669300.0,36.049999
2015-11-10 00:00:00,36.41,36.25,36.68,35.959999,825100.0,36.41
2015-11-11 00:00:00,36.619999,36.650002,36.98,36.48,1649700.0,36.619999
2015-11-12 00:00:00,35.82,36.43,36.59,35.799999,1263600.0,35.82
2015-11-13 00:00:00,35.16,35.73,35.869999,34.93,726900.0,35.16
2015-11-16 00:00:00,35.41,34.52,35.459999,34.52,774500.0,35.41
2015-11-17 00:00:00,36.07,35.549999,36.189999,35.360001,1664600.0,36.07
2015-11-18 00:00:00,36.029999,36.0,36.119999,35.700001,740700.0,36.029999
2015-11-19 00:00:00,36.400002,35.889999,36.549999,35.810001,696700.0,36.400002
2015-11-20 00:00:00,36.630001,36.32,36.869999,36.220001,806800.0,36.630001
2015-11-23 00:00:00,36.419998,36.700001,36.700001,36.299999,678000.0,36.419998
2015-11-24 00:00:00,36.540001,36.0,36.790001,35.919998,707100.0,36.540001
2015-11-25 00:00:00,36.540001,36.459999,36.82,36.23,407800.0,36.540001
2015-11-27 00:00:00,36.459999,36.48,36.639999,36.349998,256800.0,36.459999
2015-11-30 00:00:00,36.040001,36.48,36.68,36.029999,1036400.0,36.040001
2015-12-01 00:00:00,36.130001,36.119999,36.509998,35.990002,727300.0,36.130001
2015-12-02 00:00:00,35.860001,36.119999,36.32,35.75,625200.0,35.860001
2015-12-03 00:00:00,34.779999,35.919998,36.02,34.66,516400.0,34.779999
2015-12-04 00:00:00,35.32,34.75,35.450001,34.630001,741400.0,35.32
2015-12-07 00:00:00,35.07,35.110001,35.639999,34.73,537300.0,35.07
2015-12-08 00:00:00,35.220001,34.77,35.380001,34.490002,430900.0,35.220001
2015-12-09 00:00:00,34.82,35.009998,35.549999,34.66,620900.0,34.82
2015-12-10 00:00:00,34.68,34.790001,35.23,34.59,421000.0,34.68
2015-12-11 00:00:00,34.119999,34.419998,34.849998,33.950001,591500.0,34.119999
2015-12-14 00:00:00,34.16,34.060001,34.459999,33.939999,450700.0,34.16
2015-12-15 00:00:00,34.23,34.259998,34.619999,33.98,1252800.0,34.23
2015-12-16 00:00:00,34.380001,34.450001,34.650002,33.990002,672600.0,34.380001
2015-12-17 00:00:00,33.939999,34.389999,34.549999,33.73,727300.0,33.939999
2015-12-18 00:00:00,33.709999,33.880001,34.099998,33.709999,1170700.0,33.709999
2015-12-21 00:00:00,33.529999,33.869999,34.029999,33.18,779400.0,33.529999
2015-12-22 00:00:00,34.240002,33.610001,34.369999,33.0,496400.0,34.240002
2015-12-23 00:00:00,35.119999,34.41,35.360001,33.990002,1230400.0,35.119999
2015-12-24 00:00:00,35.41,35.119999,35.549999,34.040001,290700.0,35.41
2015-12-28 00:00:00,35.209999,35.32,35.450001,34.540001,352100.0,35.209999
2015-12-29 00:00:00,35.360001,35.369999,35.490002,34.990002,318800.0,35.360001
2015-12-30 00:00:00,35.040001,35.259998,35.439999,35.02,358000.0,35.040001
2015-12-31 00:00:00,34.630001,35.02,35.27,33.139999,456300.0,34.630001
2016-01-04 00:00:00,33.73,34.200001,34.200001,33.139999,552500.0,33.73
2016-01-05 00:00:00,33.66,33.740002,33.990002,33.560001,392500.0,33.66
2016-01-06 00:00:00,33.07,33.25,33.84,32.77,754900.0,33.07
2016-01-07 00:00:00,31.77,32.560001,32.880001,31.540001,947700.0,31.77
2016-01-08 00:00:00,31.360001,31.940001,32.18,31.299999,932000.0,31.360001
2016-01-11 00:00:00,31.07,31.43,31.6,30.75,1045300.0,31.07
2016-01-12 00:00:00,31.139999,31.26,31.549999,30.690001,603100.0,31.139999
2016-01-13 00:00:00,30.059999,31.02,31.76,29.91,1274200.0,30.059999
2016-01-14 00:00:00,31.34,30.42,31.43,29.959999,1137000.0,31.34
2016-01-15 00:00:00,30.68,30.4,30.799999,30.1,841400.0,30.68
2016-01-19 00:00:00,30.1,30.83,31.059999,29.610001,1155800.0,30.1
2016-01-20 00:00:00,29.610001,29.59,29.99,28.75,1531400.0,29.610001
2016-01-21 00:00:00,31.139999,31.33,32.900002,29.84,2509900.0,31.139999
2016-01-22 00:00:00,31.450001,31.690001,32.029999,31.110001,1130800.0,31.450001
2016-01-25 00:00:00,29.940001,31.26,31.43,29.92,947600.0,29.940001
2016-01-26 00:00:00,30.26,30.030001,30.309999,29.700001,912200.0,30.26
2016-01-27 00:00:00,29.549999,30.059999,30.18,29.35,940500.0,29.549999
2016-01-28 00:00:00,28.940001,29.83,30.0,28.799999,818700.0,28.940001
2016-01-29 00:00:00,29.610001,28.98,29.74,28.889999,1010000.0,29.610001
2016-02-01 00:00:00,30.379999,30.049999,30.5,29.59,1102800.0,30.379999
2016-02-02 00:00:00,29.42,30.040001,30.25,29.280001,876900.0,29.42
2016-02-03 00:00:00,29.57,29.540001,29.82,28.790001,663400.0,29.57
2016-02-04 00:00:00,29.59,29.450001,30.049999,29.280001,709000.0,29.59
2016-02-05 00:00:00,28.110001,29.24,29.51,27.82,1153700.0,28.110001
2016-02-08 00:00:00,27.709999,27.5,28.309999,27.059999,1199100.0,27.709999
2016-02-09 00:00:00,27.780001,27.360001,28.379999,27.309999,782000.0,27.780001
2016-02-10 00:00:00,27.780001,28.0,29.48,27.74,847600.0,27.780001
2016-02-11 00:00:00,28.040001,27.49,28.33,27.440001,918600.0,28.040001
2016-02-12 00:00:00,28.629999,28.27,28.67,28.18,592900.0,28.629999
2016-02-16 00:00:00,28.66,28.940001,29.129999,28.58,684000.0,28.66
2016-02-17 00:00:00,29.68,28.799999,29.709999,28.709999,806500.0,29.68
2016-02-18 00:00:00,29.459999,29.809999,29.98,29.34,642600.0,29.459999
2016-02-19 00:00:00,30.1,29.26,30.110001,29.18,638200.0,30.1
2016-02-22 00:00:00,30.57,30.309999,30.58,30.08,474800.0,30.57
2016-02-23 00:00:00,30.02,30.51,30.51,29.950001,540800.0,30.02
2016-02-24 00:00:00,30.440001,29.719999,30.51,29.52,746500.0,30.440001
2016-02-25 00:00:00,30.799999,30.790001,31.280001,30.540001,727000.0,30.799999
2016-02-26 00:00:00,31.23,30.889999,31.360001,30.76,536700.0,31.23
2016-02-29 00:00:00,30.91,31.190001,31.469999,30.540001,658400.0,30.91
2016-03-01 00:00:00,31.99,31.17,32.0,31.0,456800.0,31.99
2016-03-02 00:00:00,32.119999,31.870001,32.16,31.620001,283200.0,32.119999
2016-03-03 00:00:00,32.220001,32.009998,32.220001,31.59,383000.0,32.220001
2016-03-04 00:00:00,32.18,32.25,32.48,31.870001,706300.0,32.18
2016-03-07 00:00:00,31.879999,32.02,32.139999,30.15,751500.0,31.879999
2016-03-08 00:00:00,31.51,31.709999,31.889999,31.290001,311800.0,31.51
2016-03-09 00:00:00,31.549999,31.620001,31.77,31.07,373400.0,31.549999
2016-03-10 00:00:00,31.209999,31.780001,31.99,30.809999,393200.0,31.209999
2016-03-11 00:00:00,31.51,31.42,31.67,31.34,301900.0,31.51
2016-03-14 00:00:00,31.690001,31.440001,31.83,31.33,279600.0,31.690001
2016-03-15 00:00:00,31.57,31.559999,31.879999,31.459999,470300.0,31.57
2016-03-16 00:00:00,31.84,31.530001,31.860001,31.35,286000.0,31.84
2016-03-17 00:00:00,32.32,31.85,32.419998,31.58,354700.0,32.32
2016-03-18 00:00:00,32.84,32.080002,33.0,30.76,847100.0,32.84
2016-03-21 00:00:00,32.279999,32.630001,32.689999,32.009998,376400.0,32.279999
2016-03-22 00:00:00,32.419998,32.18,32.669998,32.150002,314600.0,32.419998
2016-03-23 00:00:00,31.59,32.41,32.529999,31.58,398000.0,31.59
2016-03-24 00:00:00,32.099998,31.370001,32.119999,31.17,295700.0,32.099998
2016-03-28 00:00:00,32.029999,32.240002,32.689999,31.73,428300.0,32.029999
2016-03-29 00:00:00,32.889999,31.879999,32.919998,31.870001,523300.0,32.889999
2016-03-30 00:00:00,32.93,33.099998,33.259998,32.400002,344600.0,32.93
2016-03-31 00:00:00,33.16,32.830002,33.27,32.75,484500.0,33.16
2016-04-01 00:00:00,33.0,32.849998,33.099998,32.580002,512300.0,33.0
2016-04-04 00:00:00,32.630001,33.0,33.049999,32.59,372300.0,32.630001
2016-04-05 00:00:00,32.099998,32.419998,32.509998,32.009998,195700.0,32.099998
2016-04-06 00:00:00,32.650002,31.639999,32.66,31.610001,328200.0,32.650002
2016-04-07 00:00:00,32.200001,32.450001,32.610001,32.009998,336200.0,32.200001
2016-04-08 00:00:00,31.959999,32.490002,32.720001,31.58,391800.0,31.959999
2016-04-11 00:00:00,32.380001,31.959999,32.740002,31.959999,616300.0,32.380001
2016-04-12 00:00:00,32.290001,32.360001,32.540001,31.99,395400.0,32.290001
2016-04-13 00:00:00,32.959999,32.43,33.0,32.43,420200.0,32.959999
2016-04-14 00:00:00,32.740002,32.900002,32.990002,32.57,440200.0,32.740002
2016-04-15 00:00:00,33.290001,32.700001,33.290001,32.650002,1114300.0,33.290001
2016-04-18 00:00:00,33.380001,33.130001,33.490002,33.02,269500.0,33.380001
2016-04-19 00:00:00,33.68,33.400002,33.720001,33.060001,481100.0,33.68
2016-04-20 00:00:00,34.209999,33.759998,34.700001,33.400002,1270000.0,34.209999
2016-04-21 00:00:00,37.549999,37.389999,38.5,36.0,3068500.0,37.549999
2016-04-22 00:00:00,37.02,37.41,37.66,36.540001,1857500.0,37.02
2016-04-25 00:00:00,36.849998,37.080002,37.360001,36.400002,766700.0,36.849998
2016-04-26 00:00:00,37.040001,36.790001,37.189999,36.619999,505100.0,37.040001
2016-04-27 00:00:00,36.959999,36.919998,37.279999,36.369999,680800.0,36.959999
2016-04-28 00:00:00,36.68,36.68,37.040001,36.529999,676200.0,36.68
2016-04-29 00:00:00,36.459999,36.560001,36.779999,36.16,525200.0,36.459999
2016-05-02 00:00:00,36.970001,36.25,37.040001,36.18,731600.0,36.970001
2016-05-03 00:00:00,36.490002,36.439999,36.950001,36.07,495400.0,36.490002
2016-05-04 00:00:00,35.73,36.169998,36.299999,35.32,898300.0,35.73
2016-05-05 00:00:00,35.529999,35.619999,36.0,35.290001,602900.0,35.529999
2016-05-06 00:00:00,35.580002,35.240002,35.59,34.889999,463700.0,35.580002
2016-05-09 00:00:00,35.57,35.48,35.970001,35.09,443500.0,35.57
2016-05-10 00:00:00,36.310001,35.509998,36.349998,35.41,562200.0,36.310001
2016-05-11 00:00:00,36.16,36.18,36.66,35.919998,626800.0,36.16
2016-05-12 00:00:00,35.84,36.220001,36.599998,35.560001,536400.0,35.84
2016-05-13 00:00:00,35.380001,35.610001,35.689999,34.799999,1065800.0,35.380001
2016-05-16 00:00:00,35.73,35.119999,35.939999,35.119999,482700.0,35.73
2016-05-17 00:00:00,35.32,35.619999,36.0,35.099998,609100.0,35.32
2016-05-18 00:00:00,35.130001,35.080002,35.529999,34.810001,424900.0,35.130001
2016-05-19 00:00:00,34.98,34.990002,35.330002,34.639999,492400.0,34.98
2016-05-20 00:00:00,35.66,35.060001,35.700001,34.970001,670200.0,35.66
2016-05-23 00:00:00,35.369999,35.610001,35.860001,35.330002,615100.0,35.369999
2016-05-24 00:00:00,36.080002,35.509998,36.32,35.470001,840900.0,36.080002
2016-05-25 00:00:00,35.830002,36.23,36.380001,35.810001,997800.0,35.830002
2016-05-26 00:00:00,35.759998,35.889999,36.209999,35.57,618200.0,35.759998
2016-05-27 00:00:00,35.950001,35.709999,36.060001,35.66,559900.0,35.950001
2016-05-31 00:00:00,35.740002,35.959999,36.130001,35.610001,578900.0,35.740002
2016-06-01 00:00:00,35.970001,35.59,36.02,35.529999,865900.0,35.970001
2016-06-02 00:00:00,36.459999,35.950001,36.470001,35.560001,1104600.0,36.459999
2016-06-03 00:00:00,36.48,36.459999,36.52,35.759998,827700.0,36.48
2016-06-06 00:00:00,37.34,36.59,37.52,36.450001,895200.0,37.34
2016-06-07 00:00:00,37.290001,37.279999,37.450001,37.150002,545400.0,37.290001
2016-06-08 00:00:00,38.150002,37.290001,38.209999,37.209999,1181700.0,38.150002
2016-06-09 00:00:00,37.880001,37.880001,38.34,37.650002,822300.0,37.880001
2016-06-10 00:00:00,37.029999,37.610001,37.709999,36.91,569600.0,37.029999
2016-06-13 00:00:00,37.200001,36.830002,37.560001,36.799999,1422900.0,37.200001
2016-06-14 00:00:00,37.75,37.169998,37.880001,36.970001,1370700.0,37.75
2016-06-15 00:00:00,38.23,37.759998,38.75,37.610001,1216400.0,38.23
2016-06-16 00:00:00,38.799999,37.98,38.830002,37.889999,1142800.0,38.799999
2016-06-17 00:00:00,38.380001,38.939999,39.209999,38.349998,1384600.0,38.380001
2016-06-20 00:00:00,38.98,38.740002,39.400002,38.73,817100.0,38.98
2016-06-21 00:00:00,39.110001,38.900002,39.330002,38.900002,735800.0,39.110001
2016-06-22 00:00:00,38.619999,39.200001,39.279999,38.599998,743400.0,38.619999
2016-06-23 00:00:00,39.389999,39.080002,39.439999,38.900002,678100.0,39.389999
2016-06-24 00:00:00,36.75,37.779999,38.029999,36.66,2456700.0,36.75
2016-06-27 00:00:00,34.950001,36.330002,36.349998,34.68,1223500.0,34.950001
2016-06-28 00:00:00,35.189999,35.299999,35.66,34.900002,742200.0,35.189999
2016-06-29 00:00:00,36.27,35.619999,36.43,35.450001,1358900.0,36.27
2016-06-30 00:00:00,37.580002,36.27,37.59,36.130001,1487800.0,37.580002
2016-07-01 00:00:00,37.900002,37.580002,38.169998,37.52,1232200.0,37.900002
2016-07-05 00:00:00,37.349998,37.68,38.75,36.57,769800.0,37.349998
2016-07-06 00:00:00,37.34,37.290001,37.75,36.93,1216100.0,37.34
2016-07-07 00:00:00,37.389999,37.439999,37.669998,37.220001,507400.0,37.389999
2016-07-08 00:00:00,38.360001,37.720001,38.529999,37.459999,841100.0,38.360001
2016-07-11 00:00:00,38.610001,38.52,38.91,38.23,498600.0,38.610001
2016-07-12 00:00:00,38.77,38.959999,39.18,38.450001,869500.0,38.77
2016-07-13 00:00:00,38.279999,38.959999,39.029999,38.25,705100.0,38.279999
2016-07-14 00:00:00,38.560001,38.509998,38.740002,37.25,455600.0,38.560001
2016-07-15 00:00:00,38.73,38.689999,39.169998,38.259998,735000.0,38.73
2016-07-18 00:00:00,38.939999,38.75,39.119999,38.75,642500.0,38.939999
2016-07-19 00:00:00,39.040001,38.880001,39.169998,38.849998,742100.0,39.040001
2016-07-20 00:00:00,39.560001,39.389999,39.970001,39.07,2766300.0,39.560001
2016-07-21 00:00:00,40.169998,40.049999,41.41,40.040001,4627500.0,40.169998
2016-07-22 00:00:00,40.549999,39.98,40.689999,39.77,1889800.0,40.549999
2016-07-25 00:00:00,40.080002,40.419998,40.700001,39.990002,693900.0,40.080002
2016-07-26 00:00:00,40.360001,40.060001,40.41,39.889999,1608500.0,40.360001
2016-07-27 00:00:00,40.290001,40.66,40.740002,39.889999,1178600.0,40.290001
2016-07-28 00:00:00,40.110001,40.200001,40.580002,40.049999,588100.0,40.110001
2016-07-29 00:00:00,39.73,40.220001,40.220001,39.189999,1230400.0,39.73
2016-08-01 00:00:00,40.389999,40.23,40.66,39.970001,1431700.0,40.389999
2016-08-02 00:00:00,39.619999,40.330002,40.48,39.310001,1063900.0,39.619999
2016-08-03 00:00:00,39.549999,39.470001,39.599998,39.279999,642800.0,39.549999
2016-08-04 00:00:00,39.669998,39.639999,39.939999,39.349998,374700.0,39.669998
2016-08-05 00:00:00,40.82,39.779999,40.869999,39.779999,1001000.0,40.82
2016-08-08 00:00:00,41.080002,40.82,41.16,40.709999,842900.0,41.080002
2016-08-09 00:00:00,41.209999,40.93,41.330002,40.900002,587500.0,41.209999
2016-08-10 00:00:00,41.27,41.299999,41.389999,40.990002,446500.0,41.27
2016-08-11 00:00:00,41.650002,41.310001,41.849998,41.080002,487600.0,41.650002
2016-08-12 00:00:00,41.66,41.580002,41.709999,41.369999,552700.0,41.66
2016-08-15 00:00:00,42.639999,41.669998,42.990002,41.630001,1212400.0,42.639999
2016-08-16 00:00:00,41.630001,42.610001,42.610001,41.400002,968800.0,41.630001
2016-08-17 00:00:00,41.459999,41.580002,41.779999,41.139999,932100.0,41.459999
2016-08-18 00:00:00,41.66,41.52,41.950001,41.349998,1208400.0,41.66
2016-08-19 00:00:00,42.279999,41.630001,42.349998,41.41,721600.0,42.279999
2016-08-22 00:00:00,42.060001,42.080002,42.25,41.830002,349100.0,42.060001
2016-08-23 00:00:00,42.549999,42.330002,42.560001,42.029999,342200.0,42.549999
2016-08-24 00:00:00,42.25,42.400002,42.610001,42.049999,795200.0,42.25
2016-08-25 00:00:00,42.16,42.23,42.380001,41.939999,654100.0,42.16
2016-08-26 00:00:00,42.32,42.310001,42.5,41.939999,434400.0,42.32
2016-08-29 00:00:00,42.560001,42.290001,42.849998,42.290001,603900.0,42.560001
2016-08-30 00:00:00,42.799999,42.650002,42.799999,42.540001,533000.0,42.799999
2016-08-31 00:00:00,42.669998,42.619999,42.849998,42.240002,827800.0,42.669998
2016-09-01 00:00:00,42.84,42.619999,42.860001,42.299999,701100.0,42.84
2016-09-02 00:00:00,43.560001,42.970001,43.66,42.860001,826600.0,43.560001
2016-09-06 00:00:00,43.57,43.52,43.580002,43.220001,715100.0,43.57
2016-09-07 00:00:00,43.740002,43.57,43.75,41.400002,516300.0,43.740002
2016-09-08 00:00:00,43.919998,43.73,43.959999,43.490002,877000.0,43.919998
2016-09-09 00:00:00,43.209999,43.52,43.759998,42.279999,1642700.0,43.209999
2016-09-12 00:00:00,43.57,42.880001,43.650002,42.790001,843600.0,43.57
2016-09-13 00:00:00,43.110001,43.23,43.389999,42.91,911300.0,43.110001
2016-09-14 00:00:00,43.240002,43.169998,43.509998,43.040001,777800.0,43.240002
2016-09-15 00:00:00,43.709999,43.349998,43.950001,43.25,524400.0,43.709999
2016-09-16 00:00:00,43.259998,43.380001,43.52,43.139999,844500.0,43.259998
2016-09-19 00:00:00,43.389999,43.310001,43.830002,43.139999,364700.0,43.389999
2016-09-20 00:00:00,43.330002,43.540001,43.799999,43.32,412900.0,43.330002
2016-09-21 00:00:00,44.110001,43.439999,44.130001,43.189999,546800.0,44.110001
2016-09-22 00:00:00,44.560001,44.240002,44.75,44.18,688900.0,44.560001
2016-09-23 00:00:00,44.130001,44.52,44.75,44.110001,488600.0,44.130001
2016-09-26 00:00:00,43.740002,43.990002,44.080002,43.720001,437500.0,43.740002
2016-09-27 00:00:00,44.299999,43.66,44.310001,43.580002,306200.0,44.299999
2016-09-28 00:00:00,44.509998,44.380001,44.650002,44.110001,441200.0,44.509998
2016-09-29 00:00:00,43.880001,44.349998,44.560001,43.619999,633600.0,43.880001
2016-09-30 00:00:00,44.310001,43.849998,44.419998,43.009998,1005500.0,44.310001
2016-10-03 00:00:00,45.110001,45.02,46.799999,44.41,2578700.0,45.110001
2016-10-04 00:00:00,45.439999,45.34,45.810001,45.07,1115700.0,45.439999
2016-10-05 00:00:00,45.889999,45.5,45.98,45.299999,682000.0,45.889999
2016-10-06 00:00:00,46.25,45.84,46.259998,45.52,770500.0,46.25
2016-10-07 00:00:00,45.939999,46.5,46.5,45.639999,579700.0,45.939999
2016-10-10 00:00:00,45.98,46.279999,46.91,45.950001,782900.0,45.98
2016-10-11 00:00:00,45.099998,45.889999,45.970001,44.650002,751100.0,45.099998
2016-10-12 00:00:00,45.139999,45.009998,45.18,44.73,770400.0,45.139999
2016-10-13 00:00:00,45.080002,44.73,45.209999,44.439999,767300.0,45.080002
2016-10-14 00:00:00,45.259998,45.330002,45.93,45.119999,623400.0,45.259998
2016-10-17 00:00:00,45.470001,45.110001,45.48,44.889999,726000.0,45.470001
2016-10-18 00:00:00,46.130001,45.990002,46.279999,45.57,761100.0,46.130001
2016-10-19 00:00:00,46.43,45.610001,46.599998,45.610001,610400.0,46.43
2016-10-20 00:00:00,46.330002,46.369999,46.599998,46.029999,649000.0,46.330002
2016-10-21 00:00:00,46.389999,46.209999,46.419998,46.02,629800.0,46.389999
2016-10-24 00:00:00,46.119999,46.709999,47.32,46.049999,1391100.0,46.119999
2016-10-25 00:00:00,45.52,46.139999,46.349998,45.330002,1374700.0,45.52
2016-10-26 00:00:00,43.549999,45.139999,45.220001,43.099998,3474700.0,43.549999
2016-10-27 00:00:00,45.59,46.0,47.5,45.209999,5988900.0,45.59
2016-10-28 00:00:00,46.889999,45.490002,46.98,45.400002,2262700.0,46.889999
2016-10-31 00:00:00,47.439999,46.759998,47.639999,46.259998,1942700.0,47.439999
2016-11-01 00:00:00,45.93,47.439999,47.610001,45.639999,1630300.0,45.93
2016-11-02 00:00:00,43.970001,45.709999,45.709999,43.779999,2289400.0,43.970001
2016-11-03 00:00:00,43.25,43.939999,44.16,43.119999,1616400.0,43.25
2016-11-04 00:00:00,44.02,43.790001,44.540001,43.57,1722400.0,44.02
2016-11-07 00:00:00,45.349998,44.849998,45.630001,44.299999,2089800.0,45.349998
2016-11-08 00:00:00,46.68,45.18,46.810001,44.82,2364900.0,46.68
2016-11-09 00:00:00,46.950001,45.959999,47.439999,45.540001,2230600.0,46.950001
2016-11-10 00:00:00,47.169998,47.32,47.900002,45.919998,1690200.0,47.169998
2016-11-11 00:00:00,47.049999,47.0,47.529999,46.66,854100.0,47.049999
2016-11-14 00:00:00,47.59,47.52,47.900002,47.34,1098400.0,47.59
2016-11-15 00:00:00,47.529999,47.450001,47.790001,47.02,1011900.0,47.529999
2016-11-16 00:00:00,47.580002,47.02,47.900002,46.279999,1007100.0,47.580002
2016-11-17 00:00:00,49.009998,47.599998,49.09,47.279999,1327000.0,49.009998
2016-11-18 00:00:00,48.68,48.950001,49.240002,48.259998,1386800.0,48.68
2016-11-21 00:00:00,48.529999,48.580002,48.98,48.349998,1036600.0,48.529999
2016-11-22 00:00:00,48.25,48.860001,49.169998,48.110001,1409700.0,48.25
2016-11-23 00:00:00,49.169998,48.310001,49.189999,48.16,1023500.0,49.169998
2016-11-25 00:00:00,49.790001,49.290001,49.810001,49.130001,914800.0,49.790001
2016-11-28 00:00:00,49.619999,49.639999,49.93,49.200001,821200.0,49.619999
2016-11-29 00:00:00,49.630001,49.68,49.849998,49.029999,936100.0,49.630001
2016-11-30 00:00:00,48.709999,49.509998,49.759998,48.700001,1548100.0,48.709999
2016-12-01 00:00:00,46.32,49.099998,49.360001,46.060001,1906100.0,46.32
2016-12-02 00:00:00,46.369999,45.990002,46.389999,45.57,1409200.0,46.369999
2016-12-05 00:00:00,46.369999,46.639999,47.400002,46.139999,1493400.0,46.369999
2016-12-06 00:00:00,47.130001,46.75,47.549999,46.07,1429700.0,47.130001
2016-12-07 00:00:00,47.889999,47.400002,47.98,46.709999,1022000.0,47.889999
2016-12-08 00:00:00,48.310001,48.099998,49.049999,47.759998,1327600.0,48.310001
2016-12-09 00:00:00,48.189999,48.380001,49.07,48.150002,807600.0,48.189999
2016-12-12 00:00:00,47.580002,48.27,48.599998,47.060001,544300.0,47.580002
2016-12-13 00:00:00,48.220001,47.650002,48.43,47.580002,776300.0,48.220001
2016-12-14 00:00:00,47.91,48.34,48.68,47.849998,869600.0,47.91
2016-12-15 00:00:00,48.52,47.959999,49.029999,47.790001,970900.0,48.52
2016-12-16 00:00:00,47.029999,48.52,48.75,46.950001,1161100.0,47.029999
2016-12-19 00:00:00,47.400002,47.240002,47.630001,46.959999,547000.0,47.400002
2016-12-20 00:00:00,47.330002,47.580002,47.959999,47.169998,531800.0,47.330002
2016-12-21 00:00:00,46.830002,47.509998,47.669998,46.700001,544500.0,46.830002
2016-12-22 00:00:00,46.150002,46.669998,46.709999,45.720001,875400.0,46.150002
2016-12-23 00:00:00,46.619999,46.259998,46.66,46.110001,367600.0,46.619999
2016-12-27 00:00:00,46.630001,46.549999,47.02,46.330002,789800.0,46.630001
2016-12-28 00:00:00,46.349998,46.610001,46.709999,46.060001,494100.0,46.349998
2016-12-29 00:00:00,46.549999,46.439999,46.759998,46.290001,654200.0,46.549999
2016-12-30 00:00:00,46.27,46.68,46.73,45.860001,626800.0,46.27
2017-01-03 00:00:00,46.639999,46.59,47.139999,45.93,1415400.0,46.639999
2017-01-04 00:00:00,46.849998,46.66,47.400002,46.639999,1194800.0,46.849998
2017-01-05 00:00:00,47.110001,46.900002,47.279999,46.57,1114100.0,47.110001
2017-01-06 00:00:00,48.25,47.150002,48.509998,46.849998,988500.0,48.25
2017-01-09 00:00:00,48.779999,48.32,48.959999,47.73,1481200.0,48.779999
2017-01-10 00:00:00,49.470001,48.77,49.740002,48.68,1406100.0,49.470001
2017-01-11 00:00:00,49.09,49.610001,49.779999,48.48,1053700.0,49.09
2017-01-12 00:00:00,49.310001,49.189999,49.5,48.400002,1022700.0,49.310001
2017-01-13 00:00:00,49.23,49.259998,49.799999,49.119999,863300.0,49.23
2017-01-17 00:00:00,47.360001,49.09,49.09,47.080002,1778300.0,47.360001
2017-01-18 00:00:00,47.380001,47.360001,47.759998,46.869999,1362300.0,47.380001
2017-01-19 00:00:00,50.209999,49.5,51.889999,49.330002,4845100.0,50.209999
2017-01-20 00:00:00,49.560001,50.040001,50.470001,49.119999,1723500.0,49.560001
2017-01-23 00:00:00,50.5,49.669998,50.75,49.669998,1952500.0,50.5
2017-01-24 00:00:00,52.16,50.650002,52.27,50.540001,1719900.0,52.16
2017-01-25 00:00:00,53.0,52.5,53.009998,52.200001,1894000.0,53.0
2017-01-26 00:00:00,52.82,53.459999,54.130001,52.52,1670700.0,52.82
2017-01-27 00:00:00,52.23,52.84,53.209999,52.049999,977300.0,52.23
2017-01-30 00:00:00,52.150002,52.040001,52.189999,51.099998,629100.0,52.150002
2017-01-31 00:00:00,52.57,51.759998,52.650002,51.529999,836800.0,52.57
2017-02-01 00:00:00,52.189999,52.57,52.959999,51.98,1066000.0,52.189999
2017-02-02 00:00:00,53.52,52.200001,53.959999,52.060001,1730200.0,53.52
2017-02-03 00:00:00,53.970001,53.540001,54.27,53.25,1209100.0,53.970001
2017-02-06 00:00:00,53.799999,53.740002,54.099998,53.5,1104800.0,53.799999
2017-02-07 00:00:00,53.82,53.880001,54.150002,53.650002,797900.0,53.82
2017-02-08 00:00:00,54.220001,53.869999,54.259998,53.5,1081800.0,54.220001
2017-02-09 00:00:00,54.790001,54.200001,55.07,54.029999,1221400.0,54.790001
2017-02-10 00:00:00,54.18,54.880001,54.990002,53.720001,850000.0,54.18
2017-02-13 00:00:00,54.299999,54.5,54.57,53.900002,668500.0,54.299999
2017-02-14 00:00:00,54.459999,54.060001,54.490002,53.720001,565200.0,54.459999
2017-02-15 00:00:00,54.700001,54.139999,54.889999,54.060001,1009300.0,54.700001
2017-02-16 00:00:00,53.66,54.189999,54.66,53.490002,1547900.0,53.66
2017-02-17 00:00:00,54.259998,53.5,54.27,53.439999,859900.0,54.259998
2017-02-21 00:00:00,55.369999,53.990002,55.419998,53.990002,1277400.0,55.369999
2017-02-22 00:00:00,54.849998,55.360001,55.419998,54.689999,860300.0,54.849998
2017-02-23 00:00:00,54.669998,54.849998,55.23,54.450001,915600.0,54.669998
2017-02-24 00:00:00,55.099998,54.330002,55.18,54.07,742800.0,55.099998
2017-02-27 00:00:00,54.869999,55.099998,55.119999,54.59,792300.0,54.869999
2017-02-28 00:00:00,53.889999,54.580002,54.580002,53.84,1046100.0,53.889999
2017-03-01 00:00:00,55.75,54.759998,55.939999,54.419998,1196300.0,55.75
2017-03-02 00:00:00,54.950001,55.700001,55.740002,54.869999,717600.0,54.950001
2017-03-03 00:00:00,55.59,55.130001,55.720001,54.880001,1081200.0,55.59
2017-03-06 00:00:00,54.959999,55.18,55.220001,54.82,903800.0,54.959999
2017-03-07 00:00:00,54.799999,54.84,55.099998,54.59,555000.0,54.799999
2017-03-08 00:00:00,55.57,54.779999,56.18,54.439999,1885300.0,55.57
2017-03-09 00:00:00,54.98,55.5,55.560001,54.66,964400.0,54.98
2017-03-10 00:00:00,55.220001,55.369999,55.43,54.889999,551200.0,55.220001
2017-03-13 00:00:00,55.77,55.200001,55.830002,55.200001,697300.0,55.77
2017-03-14 00:00:00,55.68,55.529999,55.82,55.240002,672000.0,55.68
2017-03-15 00:00:00,56.43,56.16,56.5,55.77,878500.0,56.43
2017-03-16 00:00:00,56.27,56.720001,56.73,56.080002,422900.0,56.27
2017-03-17 00:00:00,56.189999,56.419998,56.650002,55.869999,1044900.0,56.189999
2017-03-20 00:00:00,55.639999,56.43,56.43,55.599998,1014900.0,55.639999
2017-03-21 00:00:00,53.669998,56.02,56.080002,53.48,1514200.0,53.669998
2017-03-22 00:00:00,53.599998,53.650002,54.0,52.689999,2848500.0,53.599998
2017-03-23 00:00:00,52.09,53.610001,54.73,50.950001,8256900.0,52.09
2017-03-24 00:00:00,51.939999,52.459999,53.060001,51.84,3013300.0,51.939999
2017-03-27 00:00:00,52.619999,51.209999,52.700001,50.68,1964200.0,52.619999
2017-03-28 00:00:00,52.720001,52.669998,53.380001,52.220001,1423500.0,52.720001
2017-03-29 00:00:00,53.07,52.849998,53.200001,52.580002,736700.0,53.07
2017-03-30 00:00:00,52.470001,53.060001,53.23,52.400002,907200.0,52.470001
2017-03-31 00:00:00,52.549999,52.349998,52.700001,51.68,1089600.0,52.549999
2017-04-03 00:00:00,52.259998,52.790001,52.91,51.700001,1337900.0,52.259998
2017-04-04 00:00:00,51.860001,52.130001,52.490002,51.68,914100.0,51.860001
2017-04-05 00:00:00,51.240002,52.110001,52.34,51.220001,1360800.0,51.240002
2017-04-06 00:00:00,51.98,51.259998,52.099998,51.0,905100.0,51.98
2017-04-07 00:00:00,51.889999,51.990002,52.279999,51.689999,537200.0,51.889999
2017-04-10 00:00:00,52.18,51.84,52.540001,51.619999,929000.0,52.18
2017-04-11 00:00:00,52.560001,52.189999,52.57,51.470001,1047300.0,52.560001
2017-04-12 00:00:00,52.07,52.369999,53.02,52.060001,1197100.0,52.07
2017-04-13 00:00:00,51.540001,51.389999,52.700001,51.389999,1158100.0,51.540001
2017-04-17 00:00:00,52.459999,51.849998,52.470001,51.400002,1572200.0,52.459999
2017-04-18 00:00:00,53.23,52.459999,53.459999,52.450001,1655000.0,53.23
2017-04-19 00:00:00,53.689999,53.220001,53.990002,53.220001,2314400.0,53.689999
2017-04-20 00:00:00,52.98,54.099998,54.200001,51.880001,3455000.0,52.98
2017-04-21 00:00:00,51.93,52.860001,52.939999,51.73,1948900.0,51.93
2017-04-24 00:00:00,53.349998,52.099998,53.41,52.009998,1274600.0,53.349998
2017-04-25 00:00:00,53.689999,53.759998,54.200001,53.130001,1115300.0,53.689999
2017-04-26 00:00:00,53.880001,53.84,54.080002,53.330002,765800.0,53.880001
2017-04-27 00:00:00,54.080002,54.009998,54.32,53.349998,606700.0,54.080002
2017-04-28 00:00:00,54.049999,54.200001,54.23,53.610001,898500.0,54.049999
2017-05-01 00:00:00,54.82,54.09,54.869999,53.990002,1032100.0,54.82
2017-05-02 00:00:00,54.740002,54.790001,55.310001,54.700001,1250300.0,54.740002
2017-05-03 00:00:00,53.580002,54.599998,54.720001,53.52,1066800.0,53.580002
2017-05-04 00:00:00,53.990002,53.939999,54.259998,53.68,739600.0,53.990002
2017-05-05 00:00:00,54.34,54.18,54.490002,53.939999,901000.0,54.34
2017-05-08 00:00:00,53.330002,54.27,54.990002,53.200001,1098600.0,53.330002
2017-05-09 00:00:00,53.82,53.43,53.93,53.419998,814700.0,53.82
2017-05-10 00:00:00,53.32,53.799999,53.970001,53.080002,825900.0,53.32
2017-05-11 00:00:00,53.029999,53.560001,53.849998,52.650002,1201000.0,53.029999
2017-05-12 00:00:00,52.950001,52.990002,53.07,52.490002,794600.0,52.950001
2017-05-15 00:00:00,52.619999,52.98,53.34,52.380001,1537800.0,52.619999
2017-05-16 00:00:00,53.52,52.459999,53.560001,52.419998,804800.0,53.52
2017-05-17 00:00:00,51.630001,52.860001,53.080002,51.57,792600.0,51.630001
2017-05-18 00:00:00,51.139999,51.790001,51.919998,51.02,788500.0,51.139999
2017-05-19 00:00:00,55.0,51.689999,55.950001,51.540001,4179800.0,55.0
2017-05-22 00:00:00,55.93,55.099998,56.0,54.740002,1262900.0,55.93
2017-05-23 00:00:00,55.900002,55.990002,56.509998,55.549999,878500.0,55.900002
2017-05-24 00:00:00,57.139999,56.110001,57.439999,56.110001,1621600.0,57.139999
2017-05-25 00:00:00,58.139999,57.450001,59.0,57.450001,2086200.0,58.139999
2017-05-26 00:00:00,58.0,58.200001,58.540001,57.759998,976800.0,58.0
2017-05-30 00:00:00,57.970001,57.869999,58.16,57.73,633900.0,57.970001
2017-05-31 00:00:00,57.580002,58.02,58.419998,57.540001,790700.0,57.580002
2017-06-01 00:00:00,57.790001,57.849998,58.220001,57.380001,1261100.0,57.790001
2017-06-02 00:00:00,59.07,57.990002,59.290001,57.75,1169600.0,59.07
2017-06-05 00:00:00,58.869999,58.73,59.200001,58.59,854700.0,58.869999
2017-06-06 00:00:00,59.259998,58.66,59.919998,58.040001,1278100.0,59.259998
2017-06-07 00:00:00,59.220001,59.259998,59.509998,58.82,791400.0,59.220001
2017-06-08 00:00:00,59.689999,59.310001,59.799999,58.959999,699400.0,59.689999
2017-06-09 00:00:00,56.990002,59.82,60.150002,55.68,1863400.0,56.990002
2017-06-12 00:00:00,56.049999,56.490002,56.77,54.060001,2084300.0,56.049999
2017-06-13 00:00:00,57.869999,56.669998,57.880001,56.549999,1482500.0,57.869999
2017-06-14 00:00:00,57.599998,57.860001,58.400002,57.18,1411100.0,57.599998
2017-06-15 00:00:00,56.970001,56.720001,57.139999,53.939999,1174900.0,56.970001
2017-06-16 00:00:00,57.139999,56.889999,57.43,56.220001,1302900.0,57.139999
2017-06-19 00:00:00,57.43,57.599998,57.98,57.02,827400.0,57.43
2017-06-20 00:00:00,56.82,57.32,57.810001,56.650002,628900.0,56.82
2017-06-21 00:00:00,57.389999,57.060001,57.669998,56.810001,786200.0,57.389999
2017-06-22 00:00:00,57.799999,57.48,58.099998,57.18,977900.0,57.799999
2017-06-23 00:00:00,58.889999,57.700001,59.389999,57.700001,2382900.0,58.889999
2017-06-26 00:00:00,58.490002,59.299999,60.220001,58.439999,1090700.0,58.490002
2017-06-27 00:00:00,56.209999,58.259998,58.279999,56.040001,1153300.0,56.209999
2017-06-28 00:00:00,57.0,56.669998,57.169998,55.880001,1034700.0,57.0
2017-06-29 00:00:00,55.509998,56.970001,56.970001,54.700001,956100.0,55.509998
2017-06-30 00:00:00,55.119999,55.720001,55.869999,54.990002,1429600.0,55.119999
2017-07-03 00:00:00,53.889999,55.400002,55.669998,53.830002,1305400.0,53.889999
2017-07-05 00:00:00,56.110001,54.16,56.23,53.459999,1475700.0,56.110001
2017-07-06 00:00:00,55.529999,55.509998,56.060001,54.959999,1257300.0,55.529999
2017-07-07 00:00:00,56.790001,55.759998,57.34,55.73,985400.0,56.790001
2017-07-10 00:00:00,56.810001,56.709999,57.16,56.119999,816100.0,56.810001
2017-07-11 00:00:00,57.380001,56.799999,57.560001,56.549999,886400.0,57.380001
2017-07-12 00:00:00,58.02,58.240002,58.650002,57.599998,848100.0,58.02
2017-07-13 00:00:00,57.369999,58.169998,58.299999,57.119999,884900.0,57.369999
2017-07-14 00:00:00,58.060001,57.709999,58.189999,57.369999,1107600.0,58.060001
2017-07-17 00:00:00,57.490002,57.91,58.049999,56.919998,1378600.0,57.490002
2017-07-18 00:00:00,58.049999,57.25,58.139999,56.950001,940000.0,58.049999
2017-07-19 00:00:00,58.919998,58.400002,59.290001,58.0,2101100.0,58.919998
2017-07-20 00:00:00,54.099998,54.299999,55.849998,53.5,8866300.0,54.099998
2017-07-21 00:00:00,55.220001,54.009998,55.389999,53.66,3511000.0,55.220001
2017-07-24 00:00:00,55.73,55.240002,55.799999,54.400002,1739500.0,55.73
2017-07-25 00:00:00,55.740002,55.799999,55.939999,55.150002,1627500.0,55.740002
2017-07-26 00:00:00,55.880001,55.919998,56.360001,55.459999,1237100.0,55.880001
2017-07-27 00:00:00,55.200001,56.259998,56.41,54.18,1473700.0,55.200001
2017-07-28 00:00:00,55.32,54.889999,55.650002,54.25,815000.0,55.32
2017-07-31 00:00:00,55.189999,55.560001,55.619999,54.849998,1022100.0,55.189999
2017-08-01 00:00:00,55.48,55.360001,55.610001,55.040001,1036500.0,55.48
2017-08-02 00:00:00,54.439999,55.889999,55.889999,54.310001,1114800.0,54.439999
2017-08-03 00:00:00,54.110001,54.439999,54.540001,53.529999,1349100.0,54.110001
2017-08-04 00:00:00,54.060001,54.279999,54.450001,53.889999,698800.0,54.060001
2017-08-07 00:00:00,54.150002,54.07,54.380001,53.860001,371600.0,54.150002
2017-08-08 00:00:00,53.68,54.099998,54.470001,53.580002,655200.0,53.68
2017-08-09 00:00:00,53.84,53.380001,54.009998,53.040001,948200.0,53.84
2017-08-10 00:00:00,52.540001,53.360001,53.720001,52.330002,1286500.0,52.540001
2017-08-11 00:00:00,53.34,52.529999,53.529999,52.200001,838800.0,53.34
2017-08-14 00:00:00,53.419998,53.82,53.959999,53.25,780500.0,53.419998
2017-08-15 00:00:00,53.389999,53.5,53.619999,53.18,702700.0,53.389999
2017-08-16 00:00:00,54.009998,53.5,54.279999,53.43,748800.0,54.009998
2017-08-17 00:00:00,52.990002,53.869999,54.139999,52.950001,655500.0,52.990002
2017-08-18 00:00:00,53.52,52.900002,53.799999,52.549999,998600.0,53.52
2017-08-21 00:00:00,53.43,53.48,53.740002,53.110001,409600.0,53.43
2017-08-22 00:00:00,54.57,53.68,54.689999,53.490002,699600.0,54.57
2017-08-23 00:00:00,54.259998,54.23,54.720001,54.139999,502000.0,54.259998
2017-08-24 00:00:00,54.73,54.560001,54.77,54.040001,553900.0,54.73
2017-08-25 00:00:00,55.16,55.0,55.759998,54.889999,947100.0,55.16
2017-08-28 00:00:00,54.830002,55.150002,55.200001,54.470001,576800.0,54.830002
2017-08-29 00:00:00,54.73,54.290001,54.93,54.18,538600.0,54.73
2017-08-30 00:00:00,55.759998,54.66,55.880001,54.540001,681500.0,55.759998
2017-08-31 00:00:00,56.0,55.77,56.279999,55.75,851800.0,56.0
2017-09-01 00:00:00,55.900002,56.25,56.470001,55.790001,528200.0,55.900002
2017-09-05 00:00:00,55.93,55.900002,56.09,55.439999,593100.0,55.93
2017-09-06 00:00:00,55.91,56.200001,56.290001,55.799999,652100.0,55.91
2017-09-07 00:00:00,55.610001,56.060001,56.200001,55.48,750500.0,55.610001
2017-09-08 00:00:00,55.400002,55.619999,56.07,55.34,563700.0,55.400002
2017-09-11 00:00:00,56.049999,55.950001,56.43,55.5,764800.0,56.049999
2017-09-12 00:00:00,56.27,56.099998,56.32,55.580002,925800.0,56.27
2017-09-13 00:00:00,56.049999,56.18,56.32,55.66,729700.0,56.049999
2017-09-14 00:00:00,55.16,55.919998,56.0,55.049999,692800.0,55.16
2017-09-15 00:00:00,54.650002,55.07,55.130001,54.369999,1650900.0,54.650002
2017-09-18 00:00:00,54.950001,54.759998,55.52,54.700001,840600.0,54.950001
2017-09-19 00:00:00,55.439999,54.91,55.560001,54.810001,438100.0,55.439999
2017-09-20 00:00:00,56.23,55.790001,56.66,55.48,1308600.0,56.23
2017-09-21 00:00:00,56.23,56.130001,56.43,55.900002,624300.0,56.23
2017-09-22 00:00:00,56.939999,56.189999,57.200001,56.009998,1098000.0,56.939999
2017-09-25 00:00:00,56.220001,56.849998,57.349998,55.849998,1082700.0,56.220001
2017-09-26 00:00:00,55.619999,56.32,56.580002,55.389999,719900.0,55.619999
2017-09-27 00:00:00,56.02,55.91,56.240002,55.439999,839200.0,56.02
2017-09-28 00:00:00,56.029999,56.0,56.32,55.299999,510500.0,56.029999
2017-09-29 00:00:00,56.279999,56.040001,56.639999,56.0,665200.0,56.279999
2017-10-02 00:00:00,56.279999,56.369999,56.959999,55.740002,898800.0,56.279999
2017-10-03 00:00:00,56.639999,56.369999,56.669998,56.279999,404100.0,56.639999
2017-10-04 00:00:00,57.0,56.639999,57.02,56.330002,292400.0,57.0
2017-10-05 00:00:00,57.75,57.34,57.919998,57.029999,858700.0,57.75
2017-10-06 00:00:00,58.32,57.549999,58.389999,57.240002,547300.0,58.32
2017-10-09 00:00:00,58.580002,58.279999,58.639999,58.0,2362900.0,58.580002
2017-10-10 00:00:00,58.98,58.779999,59.139999,58.540001,789300.0,58.98
2017-10-11 00:00:00,59.330002,58.639999,59.360001,58.400002,1901000.0,59.330002
2017-10-12 00:00:00,59.580002,59.41,59.82,59.16,880900.0,59.580002
2017-10-13 00:00:00,60.040001,59.790001,60.139999,59.560001,1405900.0,60.040001
2017-10-16 00:00:00,60.02,60.18,60.349998,59.950001,766400.0,60.02
2017-10-17 00:00:00,60.259998,59.880001,60.32,59.18,749500.0,60.259998
2017-10-18 00:00:00,60.639999,60.259998,60.84,60.119999,655000.0,60.639999
2017-10-19 00:00:00,60.119999,60.02,60.419998,59.82,1087600.0,60.119999
2017-10-20 00:00:00,60.720001,60.450001,61.130001,60.240002,735700.0,60.720001
2017-10-23 00:00:00,60.759998,60.68,61.099998,60.470001,1031400.0,60.759998
2017-10-24 00:00:00,61.09,60.849998,61.650002,60.57,1269500.0,61.09
2017-10-25 00:00:00,60.09,61.0,61.389999,59.950001,2245900.0,60.09
2017-10-26 00:00:00,64.669998,63.990002,65.400002,62.73,4077500.0,64.669998
2017-10-27 00:00:00,66.43,64.919998,66.519997,64.510002,2452200.0,66.43
2017-10-30 00:00:00,66.160004,66.120003,66.330002,65.309998,1405500.0,66.160004
2017-10-31 00:00:00,66.449997,66.389999,66.949997,66.129997,971600.0,66.449997
2017-11-01 00:00:00,65.809998,66.879997,66.879997,65.110001,1529600.0,65.809998
2017-11-02 00:00:00,66.449997,65.82,67.120003,65.540001,1132100.0,66.449997
2017-11-03 00:00:00,66.25,66.5,66.629997,65.400002,1012300.0,66.25
2017-11-06 00:00:00,65.5,65.690002,65.849998,65.010002,910300.0,65.5
2017-11-07 00:00:00,65.129997,65.410004,65.610001,64.839996,1257100.0,65.129997
2017-11-08 00:00:00,65.040001,65.18,65.309998,64.739998,894100.0,65.040001
2017-11-09 00:00:00,64.660004,64.589996,64.790001,63.790001,1010700.0,64.660004
2017-11-10 00:00:00,64.790001,64.370003,64.879997,64.190002,564000.0,64.790001
2017-11-13 00:00:00,64.580002,64.370003,64.690002,64.089996,739700.0,64.580002
2017-11-14 00:00:00,64.279999,64.330002,64.660004,64.099998,412000.0,64.279999
2017-11-15 00:00:00,63.919998,64.080002,64.190002,63.419998,628600.0,63.919998
2017-11-16 00:00:00,65.199997,63.560001,65.230003,63.560001,717500.0,65.199997
2017-11-17 00:00:00,65.120003,65.290001,65.339996,64.660004,737400.0,65.120003
2017-11-20 00:00:00,65.370003,65.0,65.849998,64.82,838800.0,65.370003
2017-11-21 00:00:00,65.029999,65.599998,65.800003,64.900002,682000.0,65.029999
2017-11-22 00:00:00,65.099998,65.0,65.419998,64.589996,497100.0,65.099998
2017-11-24 00:00:00,65.769997,65.339996,65.82,65.059998,158800.0,65.769997
2017-11-27 00:00:00,65.459999,65.830002,66.220001,65.440002,504800.0,65.459999
2017-11-28 00:00:00,65.690002,65.550003,65.970001,65.300003,657600.0,65.690002
2017-11-29 00:00:00,62.259998,65.0,65.129997,60.810001,2182000.0,62.259998
2017-11-30 00:00:00,63.68,62.23,63.860001,62.040001,930900.0,63.68
2017-12-01 00:00:00,62.639999,63.48,63.73,61.040001,1259800.0,62.639999
2017-12-04 00:00:00,61.610001,63.299999,63.299999,60.939999,1271200.0,61.610001
2017-12-05 00:00:00,61.529999,61.52,62.23,61.25,1246700.0,61.529999
2017-12-06 00:00:00,61.52,61.330002,61.970001,60.830002,1370500.0,61.52
2017-12-07 00:00:00,62.310001,61.669998,62.560001,61.5,845800.0,62.310001
2017-12-08 00:00:00,61.700001,62.75,62.82,61.630001,604400.0,61.700001
2017-12-11 00:00:00,61.439999,61.84,61.959999,61.349998,734000.0,61.439999
2017-12-12 00:00:00,60.549999,60.77,61.16,60.389999,941700.0,60.549999
2017-12-13 00:00:00,60.799999,60.740002,61.59,60.580002,724900.0,60.799999
2017-12-14 00:00:00,60.130001,60.900002,61.32,60.110001,503200.0,60.130001
2017-12-15 00:00:00,60.459999,60.200001,60.740002,60.0,1578200.0,60.459999
2017-12-18 00:00:00,60.57,60.93,61.470001,60.459999,749400.0,60.57
2017-12-19 00:00:00,59.849998,60.419998,60.66,59.799999,849400.0,59.849998
2017-12-20 00:00:00,59.459999,59.68,60.0,59.400002,609600.0,59.459999
2017-12-21 00:00:00,60.049999,59.75,60.200001,59.490002,764600.0,60.049999
2017-12-22 00:00:00,60.0,60.0,60.119999,59.66,1405600.0,60.0
2017-12-26 00:00:00,60.060001,59.779999,60.23,59.639999,336500.0,60.060001
2017-12-27 00:00:00,60.34,59.889999,60.669998,59.400002,1446700.0,60.34
2017-12-28 00:00:00,61.240002,60.52,61.299999,60.52,795400.0,61.240002
2017-12-29 00:00:00,60.77,61.330002,61.57,60.720001,607000.0,60.77
2018-01-02 00:00:00,61.16,60.91,61.5,60.450001,1174200.0,61.16
2018-01-03 00:00:00,61.939999,61.299999,62.18,61.169998,832600.0,61.939999
2018-01-04 00:00:00,63.0,62.360001,63.73,62.360001,844600.0,63.0
2018-01-05 00:00:00,63.650002,63.32,63.73,63.040001,657300.0,63.650002
2018-01-08 00:00:00,64.400002,63.689999,64.699997,63.200001,759700.0,64.400002
2018-01-09 00:00:00,64.529999,64.480003,64.690002,63.939999,524900.0,64.529999
2018-01-10 00:00:00,64.57,64.339996,64.620003,63.779999,426200.0,64.57
2018-01-11 00:00:00,65.790001,64.540001,65.879997,64.089996,868300.0,65.790001
2018-01-12 00:00:00,65.93,65.949997,66.75,65.580002,815000.0,65.93
2018-01-16 00:00:00,65.290001,66.529999,67.010002,65.040001,1203800.0,65.290001
2018-01-17 00:00:00,66.699997,65.599998,66.839996,65.029999,1698700.0,66.699997
2018-01-18 00:00:00,69.949997,72.540001,74.879997,69.879997,3930000.0,69.949997
2018-01-19 00:00:00,71.459999,70.160004,71.550003,69.510002,2175900.0,71.459999
2018-01-22 00:00:00,72.849998,71.360001,73.190002,70.75,1626600.0,72.849998
2018-01-23 00:00:00,74.480003,72.830002,74.739998,72.830002,1777400.0,74.480003
2018-01-24 00:00:00,73.419998,74.480003,74.830002,72.959999,870000.0,73.419998
2018-01-25 00:00:00,73.18,73.940002,74.029999,72.879997,983100.0,73.18
2018-01-26 00:00:00,73.5,73.610001,73.989998,73.0,834100.0,73.5
2018-01-29 00:00:00,72.669998,73.5,73.709999,72.5,514900.0,72.669998
2018-01-30 00:00:00,72.93,72.410004,73.489998,71.849998,845500.0,72.93
2018-01-31 00:00:00,72.68,73.290001,73.300003,72.190002,759100.0,72.68
2018-02-01 00:00:00,72.190002,72.040001,72.82,71.900002,828500.0,72.190002
2018-02-02 00:00:00,70.919998,71.589996,72.050003,70.620003,594100.0,70.919998
2018-02-05 00:00:00,69.0,69.989998,71.559998,68.989998,931900.0,69.0
2018-02-06 00:00:00,69.660004,67.790001,69.989998,66.300003,927800.0,69.660004
2018-02-07 00:00:00,69.650002,69.580002,70.620003,69.129997,690100.0,69.650002
2018-02-08 00:00:00,67.690002,69.650002,69.650002,67.669998,1014500.0,67.690002
2018-02-09 00:00:00,67.480003,68.410004,69.309998,65.480003,1261100.0,67.480003
2018-02-12 00:00:00,68.440002,68.169998,68.709999,67.309998,797500.0,68.440002
2018-02-13 00:00:00,69.25,68.190002,69.32,67.290001,425300.0,69.25
2018-02-14 00:00:00,71.449997,68.580002,71.620003,68.440002,825000.0,71.449997
2018-02-15 00:00:00,73.360001,72.0,73.610001,71.349998,837700.0,73.360001
2018-02-16 00:00:00,73.279999,73.300003,73.800003,72.849998,615900.0,73.279999
2018-02-20 00:00:00,73.720001,72.809998,73.860001,72.75,926300.0,73.720001
2018-02-21 00:00:00,72.809998,73.900002,74.349998,72.790001,508800.0,72.809998
2018-02-22 00:00:00,73.25,72.879997,73.68,72.580002,568800.0,73.25
2018-02-23 00:00:00,74.82,73.550003,74.839996,73.379997,452700.0,74.82
2018-02-26 00:00:00,75.279999,75.0,75.75,74.260002,502400.0,75.279999
2018-02-27 00:00:00,74.720001,75.220001,75.559998,74.660004,439600.0,74.720001
2018-02-28 00:00:00,73.760002,74.940002,75.57,73.739998,658300.0,73.760002
2018-03-01 00:00:00,73.889999,73.959999,74.760002,72.449997,997800.0,73.889999
2018-03-02 00:00:00,75.300003,73.349998,75.470001,72.919998,746300.0,75.300003
2018-03-05 00:00:00,77.220001,75.040001,77.489998,74.800003,681500.0,77.220001
2018-03-06 00:00:00,78.07,77.360001,78.160004,77.129997,1015300.0,78.07
2018-03-07 00:00:00,79.629997,77.809998,79.870003,77.620003,1045400.0,79.629997
2018-03-08 00:00:00,80.300003,79.75,80.339996,79.07,670600.0,80.300003
2018-03-09 00:00:00,80.720001,80.970001,81.720001,80.129997,1018800.0,80.720001
2018-03-12 00:00:00,80.400002,80.790001,81.489998,80.220001,933600.0,80.400002
2018-03-13 00:00:00,79.480003,80.660004,80.82,78.580002,843100.0,79.480003
2018-03-14 00:00:00,79.690002,80.169998,80.349998,79.169998,600000.0,79.690002
2018-03-15 00:00:00,80.169998,79.809998,80.220001,79.300003,529200.0,80.169998
2018-03-16 00:00:00,80.379997,80.339996,80.599998,79.519997,969400.0,80.379997
2018-03-19 00:00:00,79.209999,79.610001,80.279999,78.199997,700300.0,79.209999
2018-03-20 00:00:00,79.639999,79.150002,80.230003,78.32,604600.0,79.639999
2018-03-21 00:00:00,80.099998,79.529999,80.639999,79.400002,667300.0,80.099998
2018-03-22 00:00:00,78.919998,79.0,80.300003,78.139999,1020600.0,78.919998
2018-03-23 00:00:00,77.559998,78.849998,79.639999,77.540001,813400.0,77.559998
2018-03-26 00:00:00,79.849998,78.739998,79.910004,77.959999,797100.0,79.849998
2018-03-27 00:00:00,78.790001,80.160004,81.32,78.519997,1464800.0,78.790001
2018-03-28 00:00:00,77.040001,78.629997,78.709999,76.470001,1492600.0,77.040001
2018-03-29 00:00:00,78.010002,77.610001,78.949997,76.400002,1131700.0,78.010002
2018-04-02 00:00:00,76.709999,77.620003,78.199997,76.0,1037700.0,76.709999
2018-04-03 00:00:00,77.550003,77.150002,78.410004,76.160004,1655100.0,77.550003
2018-04-04 00:00:00,77.940002,76.279999,78.360001,74.769997,1905100.0,77.940002
2018-04-05 00:00:00,78.739998,78.690002,79.860001,77.879997,1728500.0,78.739998
2018-04-06 00:00:00,76.940002,77.900002,78.370003,75.449997,1069400.0,76.940002
2018-04-09 00:00:00,77.919998,77.440002,78.639999,77.269997,641300.0,77.919998
2018-04-10 00:00:00,79.919998,78.980003,80.339996,78.239998,684900.0,79.919998
2018-04-11 00:00:00,79.639999,79.220001,80.459999,79.029999,725100.0,79.639999
2018-04-12 00:00:00,81.410004,80.0,81.919998,79.870003,831900.0,81.410004
2018-04-13 00:00:00,80.449997,81.82,81.970001,79.440002,778000.0,80.449997
2018-04-16 00:00:00,81.43,81.269997,81.82,80.660004,740200.0,81.43
2018-04-17 00:00:00,83.120003,81.860001,83.470001,81.699997,854000.0,83.120003
2018-04-18 00:00:00,83.559998,83.120003,83.809998,81.860001,1586000.0,83.559998
2018-04-19 00:00:00,84.919998,82.010002,86.489998,81.330002,2920000.0,84.919998
2018-04-20 00:00:00,84.050003,84.75,84.910004,83.620003,1128200.0,84.050003
2018-04-23 00:00:00,84.959999,84.57,85.720001,83.690002,1160200.0,84.959999
2018-04-24 00:00:00,83.199997,85.580002,86.18,82.489998,1143900.0,83.199997
2018-04-25 00:00:00,82.150002,82.919998,83.199997,80.849998,1059600.0,82.150002
2018-04-26 00:00:00,82.730003,82.669998,83.639999,82.120003,908600.0,82.730003
2018-04-27 00:00:00,83.029999,83.199997,83.709999,82.290001,743400.0,83.029999
2018-04-30 00:00:00,82.349998,83.010002,83.860001,82.050003,853600.0,82.349998
2018-05-01 00:00:00,82.830002,82.43,83.239998,81.650002,1079900.0,82.830002
2018-05-02 00:00:00,83.510002,82.989998,84.279999,82.639999,890600.0,83.510002
2018-05-03 00:00:00,83.860001,83.529999,84.540001,82.410004,866400.0,83.860001
2018-05-04 00:00:00,85.080002,83.489998,85.769997,83.379997,676600.0,85.080002
2018-05-07 00:00:00,86.510002,85.32,86.800003,85.32,526900.0,86.510002
2018-05-08 00:00:00,86.790001,86.199997,86.910004,86.199997,558400.0,86.790001
2018-05-09 00:00:00,87.18,87.139999,87.650002,86.440002,858700.0,87.18
2018-05-10 00:00:00,87.620003,87.57,88.089996,87.040001,1353000.0,87.620003
2018-05-11 00:00:00,88.050003,87.410004,88.519997,87.110001,638200.0,88.050003
2018-05-14 00:00:00,86.349998,88.110001,88.709999,86.18,687700.0,86.349998
2018-05-15 00:00:00,84.650002,85.739998,86.339996,84.389999,1289500.0,84.650002
2018-05-16 00:00:00,84.400002,84.489998,84.720001,84.0,1093300.0,84.400002
2018-05-17 00:00:00,84.18,84.330002,84.830002,83.379997,1073900.0,84.18
2018-05-18 00:00:00,84.150002,84.190002,84.639999,83.919998,968200.0,84.150002
2018-05-21 00:00:00,84.790001,84.550003,85.18,84.080002,738000.0,84.790001
2018-05-22 00:00:00,84.790001,84.860001,85.220001,84.440002,762700.0,84.790001
2018-05-23 00:00:00,85.360001,83.220001,85.400002,83.220001,804600.0,85.360001
2018-05-24 00:00:00,85.839996,85.339996,86.110001,84.699997,759500.0,85.839996
2018-05-25 00:00:00,85.669998,85.839996,86.25,85.260002,655700.0,85.669998
2018-05-29 00:00:00,84.970001,85.129997,85.720001,84.360001,775800.0,84.970001
2018-05-30 00:00:00,86.010002,85.559998,86.25,85.129997,1021100.0,86.010002
2018-05-31 00:00:00,86.239998,85.959999,86.82,85.779999,712400.0,86.239998
2018-06-01 00:00:00,87.050003,86.529999,87.419998,86.129997,827600.0,87.050003
2018-06-04 00:00:00,88.160004,87.419998,88.459999,87.089996,856700.0,88.160004
2018-06-05 00:00:00,88.290001,88.400002,89.07,87.949997,805000.0,88.290001
2018-06-06 00:00:00,89.239998,88.459999,89.290001,87.779999,947800.0,89.239998
2018-06-07 00:00:00,86.459999,89.440002,89.449997,85.209999,1076400.0,86.459999
2018-06-08 00:00:00,86.989998,86.419998,87.080002,86.0,1094600.0,86.989998
2018-06-11 00:00:00,91.849998,93.120003,95.879997,91.389999,2304300.0,91.849998
2018-06-12 00:00:00,93.519997,91.879997,94.360001,91.879997,1148900.0,93.519997
2018-06-13 00:00:00,94.470001,93.510002,95.019997,93.32,927800.0,94.470001
2018-06-14 00:00:00,95.330002,95.120003,95.75,94.93,530600.0,95.330002
2018-06-15 00:00:00,94.889999,94.629997,95.75,93.57,1326100.0,94.889999
2018-06-18 00:00:00,97.800003,94.559998,99.099998,94.0,2257200.0,97.800003
2018-06-19 00:00:00,97.800003,97.129997,98.190002,96.209999,1385800.0,97.800003
2018-06-20 00:00:00,99.989998,98.720001,100.790001,97.989998,1191800.0,99.989998
2018-06-21 00:00:00,99.220001,99.93,100.089996,98.519997,966000.0,99.220001
2018-06-22 00:00:00,96.830002,99.25,99.730003,96.730003,1154800.0,96.830002
2018-06-25 00:00:00,92.730003,96.080002,96.300003,92.089996,1211300.0,92.730003
2018-06-26 00:00:00,93.389999,93.169998,94.089996,92.57,1080500.0,93.389999
2018-06-27 00:00:00,91.209999,93.620003,94.349998,91.160004,735400.0,91.209999
2018-06-28 00:00:00,93.540001,90.800003,93.830002,90.800003,855600.0,93.540001
2018-06-29 00:00:00,93.809998,93.650002,94.559998,93.43,900500.0,93.809998
2018-07-02 00:00:00,93.900002,93.949997,94.07,92.410004,621600.0,93.900002
2018-07-03 00:00:00,94.029999,94.400002,94.919998,93.519997,366400.0,94.029999
2018-07-05 00:00:00,94.75,94.790001,94.860001,93.75,852200.0,94.75
2018-07-06 00:00:00,96.209999,94.980003,96.540001,94.75,420300.0,96.209999
2018-07-09 00:00:00,97.07,96.279999,97.360001,95.639999,806400.0,97.07
2018-07-10 00:00:00,97.010002,97.559998,98.739998,96.43,841500.0,97.010002
2018-07-11 00:00:00,97.050003,95.989998,97.720001,95.790001,737500.0,97.050003
2018-07-12 00:00:00,99.610001,98.18,99.800003,97.150002,954800.0,99.610001
2018-07-13 00:00:00,98.839996,99.699997,99.870003,98.199997,477500.0,98.839996
2018-07-16 00:00:00,98.150002,98.769997,99.190002,97.669998,600600.0,98.150002
2018-07-17 00:00:00,98.900002,97.779999,99.480003,97.220001,762100.0,98.900002
2018-07-18 00:00:00,98.510002,98.879997,99.209999,98.080002,1131100.0,98.510002
2018-07-19 00:00:00,97.029999,95.599998,99.599998,95.0,1801700.0,97.029999
2018-07-20 00:00:00,96.540001,97.290001,98.059998,96.339996,1144200.0,96.540001
2018-07-23 00:00:00,97.139999,96.029999,97.360001,95.309998,1155400.0,97.139999
2018-07-24 00:00:00,95.790001,97.769997,98.309998,95.0,1178800.0,95.790001
2018-07-25 00:00:00,99.269997,95.989998,99.57,95.790001,1173100.0,99.269997
2018-07-26 00:00:00,98.830002,98.489998,99.860001,97.949997,930700.0,98.830002
2018-07-27 00:00:00,95.089996,99.300003,99.720001,93.980003,1063400.0,95.089996
2018-07-30 00:00:00,91.370003,94.980003,95.339996,90.459999,1481100.0,91.370003
2018-07-31 00:00:00,91.910004,91.57,93.379997,90.650002,1257200.0,91.910004
2018-08-01 00:00:00,92.519997,92.059998,93.919998,92.059998,1340700.0,92.519997
2018-08-02 00:00:00,93.199997,91.709999,93.540001,91.5,747500.0,93.199997
2018-08-03 00:00:00,92.5,93.25,93.269997,91.889999,639800.0,92.5
2018-08-06 00:00:00,92.779999,92.339996,93.360001,92.290001,943500.0,92.779999
2018-08-07 00:00:00,93.019997,93.300003,93.989998,92.650002,779500.0,93.019997
2018-08-08 00:00:00,93.43,93.339996,93.980003,92.980003,668500.0,93.43
2018-08-09 00:00:00,93.699997,93.260002,94.720001,93.239998,809300.0,93.699997
2018-08-10 00:00:00,94.300003,93.43,95.07,93.099998,718400.0,94.300003
2018-08-13 00:00:00,92.970001,94.279999,95.449997,92.82,758300.0,92.970001
2018-08-14 00:00:00,94.459999,93.379997,94.860001,93.230003,681000.0,94.459999
2018-08-15 00:00:00,92.099998,94.059998,94.800003,91.080002,825300.0,92.099998
2018-08-16 00:00:00,91.910004,92.580002,92.849998,90.910004,813200.0,91.910004
2018-08-17 00:00:00,92.309998,91.919998,92.639999,91.059998,677100.0,92.309998
2018-08-20 00:00:00,92.07,92.279999,92.360001,91.5,666600.0,92.07
2018-08-21 00:00:00,93.989998,92.209999,94.43,92.209999,701200.0,93.989998
2018-08-22 00:00:00,95.160004,93.650002,95.5,93.650002,569300.0,95.160004
2018-08-23 00:00:00,95.650002,94.980003,96.889999,94.980003,826500.0,95.650002
2018-08-24 00:00:00,97.199997,96.480003,97.68,96.309998,707200.0,97.199997
2018-08-27 00:00:00,97.75,97.809998,98.769997,97.25,868200.0,97.75
2018-08-28 00:00:00,97.620003,98.059998,98.550003,97.389999,639500.0,97.620003
2018-08-29 00:00:00,98.629997,97.949997,98.730003,97.769997,682500.0,98.629997
2018-08-30 00:00:00,98.699997,98.160004,99.120003,98.089996,975400.0,98.699997
2018-08-31 00:00:00,99.940002,98.5,99.970001,98.309998,560700.0,99.940002
2018-09-04 00:00:00,100.779999,99.669998,101.120003,99.0,820300.0,100.779999
2018-09-05 00:00:00,96.769997,100.510002,100.620003,96.489998,856900.0,96.769997
2018-09-06 00:00:00,98.089996,96.669998,98.32,96.209999,658200.0,98.089996
2018-09-07 00:00:00,98.900002,97.389999,99.620003,96.949997,1668500.0,98.900002
2018-09-10 00:00:00,100.330002,99.300003,100.440002,98.860001,1293300.0,100.330002
2018-09-11 00:00:00,102.870003,100.18,102.919998,99.949997,1112100.0,102.870003
2018-09-12 00:00:00,104.889999,102.5,105.25,102.480003,1820900.0,104.889999
2018-09-13 00:00:00,105.779999,105.099998,106.449997,104.709999,1039200.0,105.779999
2018-09-14 00:00:00,105.669998,106.279999,107.309998,104.889999,1125600.0,105.669998
2018-09-17 00:00:00,101.290001,105.5,105.5,101.150002,1184900.0,101.290001
2018-09-18 00:00:00,103.68,101.300003,104.32,101.199997,1349800.0,103.68
2018-09-19 00:00:00,102.309998,103.769997,103.889999,101.660004,841200.0,102.309998
2018-09-20 00:00:00,103.059998,102.5,104.099998,101.889999,1010500.0,103.059998
2018-09-21 00:00:00,103.059998,103.660004,104.919998,103.029999,3253900.0,103.059998
2018-09-24 00:00:00,103.449997,102.459999,103.839996,101.610001,1000500.0,103.449997
2018-09-25 00:00:00,104.970001,103.970001,105.449997,103.610001,1022100.0,104.970001
2018-09-26 00:00:00,105.169998,105.400002,105.889999,104.230003,665600.0,105.169998
2018-09-27 00:00:00,106.139999,105.339996,106.599998,105.269997,666500.0,106.139999
2018-09-28 00:00:00,106.190002,105.919998,107.389999,105.919998,631200.0,106.190002
2018-10-01 00:00:00,105.870003,106.980003,107.440002,105.5,961000.0,105.870003
2018-10-02 00:00:00,103.949997,105.919998,105.989998,103.480003,784200.0,103.949997
2018-10-03 00:00:00,104.0,104.669998,104.690002,103.169998,795400.0,104.0
2018-10-04 00:00:00,101.0,103.389999,104.050003,100.019997,1273700.0,101.0
2018-10-05 00:00:00,100.349998,101.010002,102.480003,98.660004,1051900.0,100.349998
2018-10-08 00:00:00,98.529999,99.800003,100.660004,97.300003,1364500.0,98.529999
2018-10-09 00:00:00,99.25,98.18,100.68,97.779999,933500.0,99.25
2018-10-10 00:00:00,91.25,98.580002,98.839996,91.190002,2782000.0,91.25
2018-10-11 00:00:00,90.830002,90.790001,92.889999,90.489998,1777000.0,90.830002
2018-10-12 00:00:00,94.760002,92.980003,95.010002,92.730003,1274800.0,94.760002
2018-10-15 00:00:00,94.629997,94.860001,96.040001,91.489998,1412200.0,94.629997
2018-10-16 00:00:00,98.970001,95.790001,99.269997,95.629997,1195700.0,98.970001
2018-10-17 00:00:00,97.559998,98.889999,98.889999,96.440002,1104600.0,97.559998
2018-10-18 00:00:00,94.529999,96.800003,97.620003,93.519997,1553100.0,94.529999
2018-10-19 00:00:00,92.32,95.580002,96.080002,91.970001,1218900.0,92.32
2018-10-22 00:00:00,92.389999,92.629997,93.720001,91.360001,1773000.0,92.389999
2018-10-23 00:00:00,90.760002,90.860001,92.339996,88.540001,1925700.0,90.760002
2018-10-24 00:00:00,84.599998,89.919998,91.199997,84.290001,3054900.0,84.599998
2018-10-25 00:00:00,83.059998,78.75,84.779999,77.75,3939100.0,83.059998
2018-10-26 00:00:00,79.980003,80.550003,82.059998,79.150002,2787400.0,79.980003
2018-10-29 00:00:00,79.050003,81.25,82.970001,77.489998,1961000.0,79.050003
2018-10-30 00:00:00,78.940002,78.800003,80.290001,77.330002,1625500.0,78.940002
2018-10-31 00:00:00,82.410004,80.07,84.040001,79.330002,1370600.0,82.410004
2018-11-01 00:00:00,86.550003,82.57,86.839996,82.339996,1986900.0,86.550003
2018-11-02 00:00:00,86.559998,86.540001,88.760002,86.279999,1745200.0,86.559998
2018-11-05 00:00:00,84.220001,86.599998,86.769997,83.470001,1269400.0,84.220001
2018-11-06 00:00:00,84.139999,83.93,85.830002,83.25,951500.0,84.139999
2018-11-07 00:00:00,87.980003,85.160004,88.309998,85.160004,796200.0,87.980003
2018-11-08 00:00:00,87.410004,87.940002,89.25,86.93,775000.0,87.410004
2018-11-09 00:00:00,85.010002,86.769997,87.169998,83.900002,947700.0,85.010002
2018-11-12 00:00:00,84.110001,84.510002,85.07,81.879997,1163200.0,84.110001
2018-11-13 00:00:00,85.209999,84.75,86.449997,83.010002,951600.0,85.209999
2018-11-14 00:00:00,85.169998,86.709999,88.209999,84.449997,1610100.0,85.169998
2018-11-15 00:00:00,89.400002,84.720001,89.669998,84.720001,1546500.0,89.400002
2018-11-16 00:00:00,87.099998,88.080002,89.449997,87.010002,1397200.0,87.099998
2018-11-19 00:00:00,82.660004,86.510002,87.410004,81.919998,1698000.0,82.660004
2018-11-20 00:00:00,81.349998,79.900002,83.190002,78.480003,1868300.0,81.349998
2018-11-21 00:00:00,84.720001,83.419998,85.480003,81.599998,1417700.0,84.720001
2018-11-23 00:00:00,83.919998,83.410004,85.760002,83.059998,381100.0,83.919998
2018-11-26 00:00:00,84.82,85.419998,85.580002,84.169998,1328600.0,84.82
2018-11-27 00:00:00,84.900002,84.139999,85.230003,83.330002,994000.0,84.900002
2018-11-28 00:00:00,88.919998,85.480003,88.919998,84.330002,1556900.0,88.919998
2018-11-29 00:00:00,87.529999,89.080002,89.449997,87.400002,1570100.0,87.529999
2018-11-30 00:00:00,86.489998,87.93,89.050003,86.489998,6955500.0,86.489998
2018-12-03 00:00:00,90.349998,88.809998,91.279999,86.910004,2553700.0,90.349998
2018-12-04 00:00:00,87.370003,89.419998,89.980003,85.889999,1642900.0,87.370003
2018-12-06 00:00:00,87.519997,85.019997,87.580002,84.209999,1281000.0,87.519997
2018-12-07 00:00:00,83.779999,86.989998,87.760002,82.989998,830200.0,83.779999
2018-12-10 00:00:00,85.32,83.68,86.150002,83.019997,866400.0,85.32
2018-12-11 00:00:00,85.68,87.160004,87.650002,84.879997,995200.0,85.68
2018-12-12 00:00:00,86.949997,87.300003,88.550003,86.599998,2041000.0,86.949997
2018-12-13 00:00:00,86.779999,88.099998,88.449997,86.260002,908800.0,86.779999
2018-12-14 00:00:00,85.019997,85.199997,87.019997,84.5,918700.0,85.019997
2018-12-17 00:00:00,82.339996,84.790001,85.139999,81.43,1086000.0,82.339996
2018-12-18 00:00:00,83.529999,83.610001,84.169998,82.830002,996400.0,83.529999
2018-12-19 00:00:00,83.900002,83.889999,85.860001,82.379997,935900.0,83.900002
2018-12-20 00:00:00,81.550003,83.25,84.730003,80.269997,1188000.0,81.550003
2018-12-21 00:00:00,78.980003,82.290001,82.330002,78.540001,2178600.0,78.980003
2018-12-24 00:00:00,76.709999,77.830002,79.139999,76.669998,652600.0,76.709999
2018-12-26 00:00:00,81.190002,77.75,81.360001,77.089996,932000.0,81.190002
2018-12-27 00:00:00,82.849998,79.709999,83.019997,79.419998,956500.0,82.849998
2018-12-28 00:00:00,82.339996,83.769997,84.290001,81.43,934000.0,82.339996
2018-12-31 00:00:00,82.900002,83.279999,83.75,82.160004,1177100.0,82.900002
2019-01-02 00:00:00,81.919998,80.879997,82.349998,80.849998,1134300.0,81.919998
2019-01-03 00:00:00,78.160004,80.779999,81.470001,77.93,1451300.0,78.160004
2019-01-04 00:00:00,81.589996,79.93,82.089996,78.739998,1348100.0,81.589996
2019-01-07 00:00:00,82.510002,81.989998,83.290001,81.610001,951000.0,82.510002
2019-01-08 00:00:00,84.099998,83.919998,84.889999,82.879997,1191600.0,84.099998
2019-01-09 00:00:00,85.709999,84.669998,86.370003,84.010002,715700.0,85.709999
2019-01-10 00:00:00,86.669998,84.970001,86.809998,84.900002,705900.0,86.669998
2019-01-11 00:00:00,86.410004,86.260002,86.989998,85.07,449400.0,86.410004
2019-01-14 00:00:00,85.0,85.370003,85.82,84.410004,844600.0,85.0
2019-01-15 00:00:00,86.339996,85.580002,87.110001,85.019997,665600.0,86.339996
2019-01-16 00:00:00,87.419998,86.82,87.970001,86.620003,574700.0,87.419998
2019-01-17 00:00:00,87.550003,86.68,88.639999,86.68,901000.0,87.550003
2019-01-18 00:00:00,87.68,88.25,89.330002,87.650002,1580100.0,87.68
2019-01-22 00:00:00,85.809998,87.0,87.970001,85.769997,1446900.0,85.809998
2019-01-23 00:00:00,84.639999,86.269997,87.160004,84.220001,2422200.0,84.639999
2019-01-24 00:00:00,79.75,79.309998,80.440002,77.260002,5404600.0,79.75
2019-01-25 00:00:00,81.449997,80.43,83.360001,79.900002,2264700.0,81.449997
2019-01-28 00:00:00,81.43,80.440002,81.790001,80.050003,1421800.0,81.43
2019-01-29 00:00:00,82.220001,81.330002,82.629997,80.57,1621200.0,82.220001
2019-01-30 00:00:00,85.230003,82.589996,85.339996,82.260002,1840800.0,85.230003
2019-01-31 00:00:00,84.790001,85.230003,85.57,84.120003,1404200.0,84.790001
2019-02-01 00:00:00,84.800003,84.669998,85.769997,84.239998,1019000.0,84.800003
2019-02-04 00:00:00,86.669998,84.790001,86.980003,84.790001,1217900.0,86.669998
2019-02-05 00:00:00,87.720001,89.470001,91.470001,86.5,1449900.0,87.720001
2019-02-06 00:00:00,86.889999,87.580002,87.879997,85.980003,875000.0,86.889999
2019-02-07 00:00:00,86.459999,86.040001,86.75,85.18,779400.0,86.459999
2019-02-08 00:00:00,87.260002,85.529999,87.309998,85.440002,950300.0,87.260002
2019-02-11 00:00:00,87.809998,87.839996,88.449997,87.029999,1109500.0,87.809998
2019-02-12 00:00:00,89.0,88.540001,89.300003,87.510002,1088800.0,89.0
2019-02-13 00:00:00,90.349998,89.660004,90.699997,89.25,1262400.0,90.349998
2019-02-14 00:00:00,90.989998,89.980003,91.269997,89.75,1907100.0,90.989998
2019-02-15 00:00:00,91.93,91.18,92.0,90.75,1340100.0,91.93
2019-02-19 00:00:00,92.620003,91.279999,93.300003,90.989998,1443300.0,92.620003
2019-02-20 00:00:00,91.830002,92.580002,93.040001,90.919998,981900.0,91.830002
2019-02-21 00:00:00,91.699997,91.800003,92.330002,90.739998,825100.0,91.699997
2019-02-22 00:00:00,92.980003,92.239998,93.0,92.0,679000.0,92.980003
2019-02-25 00:00:00,93.199997,93.669998,94.470001,92.980003,819700.0,93.199997
2019-02-26 00:00:00,93.099998,93.040001,93.449997,92.32,715400.0,93.099998
2019-02-27 00:00:00,93.529999,92.75,93.790001,92.379997,666000.0,93.529999
2019-02-28 00:00:00,92.82,93.559998,93.93,92.730003,746900.0,92.82
2019-03-01 00:00:00,93.620003,93.730003,94.019997,92.610001,1182300.0,93.620003
2019-03-04 00:00:00,91.269997,94.0,94.080002,90.470001,1317400.0,91.269997
2019-03-05 00:00:00,90.610001,91.379997,92.0,90.589996,1124800.0,90.610001
2019-03-06 00:00:00,89.959999,90.5,91.300003,89.68,842600.0,89.959999
2019-03-07 00:00:00,89.639999,89.830002,90.449997,88.980003,885300.0,89.639999
2019-03-08 00:00:00,88.459999,88.449997,88.769997,87.849998,1006100.0,88.459999
2019-03-11 00:00:00,90.419998,89.0,90.730003,88.169998,790300.0,90.419998
2019-03-12 00:00:00,90.199997,90.529999,90.769997,89.779999,1229200.0,90.199997
2019-03-13 00:00:00,91.260002,90.709999,92.290001,90.449997,949400.0,91.260002
2019-03-14 00:00:00,91.660004,91.019997,91.989998,90.779999,1299500.0,91.660004
2019-03-15 00:00:00,91.199997,91.559998,92.099998,90.93,1082700.0,91.199997
2019-03-18 00:00:00,91.830002,91.470001,92.07,90.949997,996100.0,91.830002
2019-03-19 00:00:00,92.599998,92.410004,92.82,91.349998,780800.0,92.599998
2019-03-20 00:00:00,92.980003,92.440002,93.889999,91.949997,761500.0,92.980003
2019-03-21 00:00:00,94.959999,92.57,94.989998,92.440002,735400.0,94.959999
2019-03-22 00:00:00,93.120003,94.260002,94.93,92.690002,1847000.0,93.120003
2019-03-25 00:00:00,92.010002,92.730003,93.43,91.849998,1130400.0,92.010002
2019-03-26 00:00:00,92.720001,92.800003,93.720001,92.010002,816200.0,92.720001
2019-03-27 00:00:00,90.040001,92.839996,92.839996,89.279999,1411400.0,90.040001
2019-03-28 00:00:00,90.379997,90.400002,91.150002,89.459999,712400.0,90.379997
2019-03-29 00:00:00,92.18,91.269997,92.389999,90.980003,867200.0,92.18
2019-04-01 00:00:00,94.959999,93.199997,94.980003,92.699997,930300.0,94.959999
2019-04-02 00:00:00,95.010002,94.970001,95.629997,94.370003,978300.0,95.010002
2019-04-03 00:00:00,95.209999,95.330002,96.029999,94.830002,951400.0,95.209999
2019-04-04 00:00:00,93.690002,95.400002,95.480003,92.389999,837700.0,93.690002
2019-04-05 00:00:00,94.160004,93.860001,94.480003,93.629997,732900.0,94.160004
2019-04-08 00:00:00,94.269997,94.290001,94.389999,92.870003,1049300.0,94.269997
2019-04-09 00:00:00,94.099998,93.75,94.849998,93.75,1119500.0,94.099998
2019-04-10 00:00:00,95.18,94.43,95.879997,94.220001,1040400.0,95.18
2019-04-11 00:00:00,97.07,95.57,97.160004,95.440002,837200.0,97.07
2019-04-12 00:00:00,98.589996,98.160004,99.610001,97.68,1193300.0,98.589996
2019-04-15 00:00:00,97.989998,98.470001,99.260002,97.849998,703500.0,97.989998
2019-04-16 00:00:00,97.330002,98.470001,98.470001,96.910004,845200.0,97.330002
2019-04-17 00:00:00,96.230003,98.110001,98.110001,95.860001,725500.0,96.230003
2019-04-18 00:00:00,97.599998,96.519997,97.660004,95.639999,1043400.0,97.599998
2019-04-22 00:00:00,99.480003,97.190002,99.739998,97.190002,1190300.0,99.480003
2019-04-23 00:00:00,100.82,99.910004,101.540001,99.389999,1196900.0,100.82
2019-04-24 00:00:00,101.889999,100.559998,102.470001,100.220001,1533300.0,101.889999
2019-04-25 00:00:00,90.830002,92.0,93.040001,89.769997,6236100.0,90.830002
2019-04-26 00:00:00,92.18,91.0,92.440002,90.720001,1569500.0,92.18
2019-04-29 00:00:00,90.989998,92.18,93.239998,90.550003,1381200.0,90.989998
2019-04-30 00:00:00,90.470001,90.699997,91.540001,89.860001,1081800.0,90.470001
2019-05-01 00:00:00,87.93,90.739998,90.739998,87.639999,2508400.0,87.93
2019-05-02 00:00:00,87.870003,87.910004,88.379997,86.720001,1628800.0,87.870003
2019-05-03 00:00:00,88.419998,88.449997,89.239998,88.050003,1014500.0,88.419998
2019-05-06 00:00:00,88.290001,86.199997,88.650002,85.940002,750500.0,88.290001
2019-05-07 00:00:00,86.370003,87.080002,87.599998,85.190002,1265800.0,86.370003
2019-05-08 00:00:00,86.480003,86.07,87.580002,86.07,892100.0,86.480003
2019-05-09 00:00:00,86.330002,85.25,86.900002,84.110001,1514600.0,86.330002
2019-05-10 00:00:00,87.559998,86.120003,87.910004,84.949997,1283100.0,87.559998
2019-05-13 00:00:00,83.93,85.25,86.129997,83.599998,806100.0,83.93
2019-05-14 00:00:00,85.459999,84.620003,86.120003,84.349998,502600.0,85.459999
2019-05-15 00:00:00,87.07,84.68,87.529999,84.050003,768500.0,87.07
2019-05-16 00:00:00,88.550003,87.239998,90.239998,87.059998,787500.0,88.550003
2019-05-17 00:00:00,86.839996,87.809998,88.699997,86.760002,580000.0,86.839996
2019-05-20 00:00:00,83.849998,85.639999,86.010002,83.389999,836600.0,83.849998
2019-05-21 00:00:00,85.330002,84.870003,85.779999,84.5,1375300.0,85.330002
2019-05-22 00:00:00,86.519997,84.82,86.860001,84.82,598900.0,86.519997
2019-05-23 00:00:00,84.769997,84.830002,85.720001,84.449997,1145400.0,84.769997
2019-05-24 00:00:00,85.440002,84.550003,85.949997,84.550003,738100.0,85.440002
2019-05-28 00:00:00,86.400002,85.739998,87.190002,85.410004,1397100.0,86.400002
2019-05-29 00:00:00,84.629997,85.970001,86.040001,84.449997,630100.0,84.629997
2019-05-30 00:00:00,85.440002,84.980003,85.669998,84.790001,426800.0,85.440002
2019-05-31 00:00:00,84.059998,84.050003,84.800003,83.43,817000.0,84.059998
2019-06-03 00:00:00,80.860001,84.269997,84.620003,80.459999,1287300.0,80.860001
2019-06-04 00:00:00,84.260002,81.949997,84.330002,81.43,776700.0,84.260002
2019-06-05 00:00:00,85.989998,85.160004,86.07,83.690002,620300.0,85.989998
2019-06-06 00:00:00,87.139999,85.699997,87.370003,85.0,1139600.0,87.139999
2019-06-07 00:00:00,88.760002,87.790001,89.43,87.199997,872900.0,88.760002
2019-06-10 00:00:00,90.769997,89.589996,91.669998,88.839996,1123500.0,90.769997
2019-06-11 00:00:00,88.32,91.760002,91.949997,88.220001,1385500.0,88.32
2019-06-12 00:00:00,87.470001,88.260002,88.5,86.870003,818500.0,87.470001
2019-06-13 00:00:00,86.32,87.690002,87.690002,85.889999,614200.0,86.32
2019-06-14 00:00:00,83.900002,85.959999,85.959999,83.419998,1008500.0,83.900002
2019-06-17 00:00:00,84.459999,83.980003,85.230003,83.919998,580800.0,84.459999
2019-06-18 00:00:00,86.550003,85.309998,86.889999,84.5,624500.0,86.550003
2019-06-19 00:00:00,87.959999,86.900002,87.989998,86.389999,493700.0,87.959999
2019-06-20 00:00:00,89.489998,89.239998,89.940002,88.690002,1309200.0,89.489998
2019-06-21 00:00:00,88.849998,89.029999,89.669998,88.190002,2022800.0,88.849998
2019-06-24 00:00:00,88.699997,89.330002,89.540001,88.620003,762300.0,88.699997
2019-06-25 00:00:00,86.059998,89.129997,89.330002,85.860001,930500.0,86.059998
2019-06-26 00:00:00,87.25,86.629997,87.559998,86.110001,812600.0,87.25
2019-06-27 00:00:00,87.709999,87.730003,88.739998,87.209999,749800.0,87.709999
2019-06-28 00:00:00,89.760002,88.330002,89.800003,87.529999,1555600.0,89.760002
2019-07-01 00:00:00,90.669998,91.400002,91.400002,90.059998,642200.0,90.669998
2019-07-02 00:00:00,90.970001,90.5,91.139999,90.0,544700.0,90.970001
2019-07-03 00:00:00,92.970001,91.370003,93.050003,90.639999,436300.0,92.970001
2019-07-05 00:00:00,92.830002,91.940002,93.339996,91.040001,530000.0,92.830002
2019-07-08 00:00:00,90.769997,92.07,92.519997,90.160004,1003500.0,90.769997
2019-07-09 00:00:00,89.57,90.470001,90.900002,88.25,1495800.0,89.57
2019-07-10 00:00:00,91.059998,90.160004,92.209999,90.129997,878400.0,91.059998
2019-07-11 00:00:00,90.18,90.910004,91.559998,89.839996,887800.0,90.18
2019-07-12 00:00:00,91.07,90.610001,91.190002,89.589996,693200.0,91.07
2019-07-15 00:00:00,90.419998,91.440002,91.650002,89.959999,691500.0,90.419998
2019-07-16 00:00:00,89.5,90.400002,90.470001,89.339996,540800.0,89.5
2019-07-17 00:00:00,89.629997,89.339996,90.32,88.940002,701400.0,89.629997
2019-07-18 00:00:00,88.480003,89.510002,89.550003,88.389999,528800.0,88.480003
2019-07-19 00:00:00,87.989998,88.800003,89.379997,87.980003,1475200.0,87.989998
2019-07-22 00:00:00,89.709999,88.550003,90.010002,87.690002,1668700.0,89.709999
2019-07-23 00:00:00,90.599998,90.0,90.730003,89.099998,762900.0,90.599998
2019-07-24 00:00:00,91.599998,90.07,92.470001,90.07,1723500.0,91.599998
2019-07-25 00:00:00,72.900002,77.260002,77.75,72.870003,10353600.0,72.900002
2019-07-26 00:00:00,73.360001,73.43,74.57,72.559998,2001800.0,73.360001
2019-07-29 00:00:00,70.470001,73.059998,73.260002,69.919998,2004200.0,70.470001
2019-07-30 00:00:00,69.059998,69.980003,70.410004,68.580002,1598100.0,69.059998
2019-07-31 00:00:00,67.779999,69.139999,69.419998,66.730003,3599500.0,67.779999
2019-08-01 00:00:00,67.809998,67.580002,68.519997,67.379997,2232700.0,67.809998
2019-08-02 00:00:00,67.269997,67.449997,68.010002,66.550003,1602200.0,67.269997
2019-08-05 00:00:00,64.830002,66.349998,66.410004,64.260002,2009200.0,64.830002
2019-08-06 00:00:00,65.529999,65.769997,66.230003,64.809998,1879700.0,65.529999
2019-08-07 00:00:00,65.080002,64.059998,65.370003,64.019997,1514600.0,65.080002
2019-08-08 00:00:00,66.959999,65.760002,67.010002,65.300003,1414200.0,66.959999
2019-08-09 00:00:00,66.480003,66.459999,67.300003,65.839996,997300.0,66.480003
2019-08-12 00:00:00,64.650002,65.980003,65.980003,64.32,967600.0,64.650002
2019-08-13 00:00:00,65.800003,64.43,66.470001,64.43,902200.0,65.800003
2019-08-14 00:00:00,63.93,64.519997,64.519997,62.049999,1312400.0,63.93
2019-08-15 00:00:00,63.709999,64.029999,64.230003,62.419998,1339400.0,63.709999
2019-08-16 00:00:00,65.379997,64.480003,65.459999,64.269997,834000.0,65.379997
2019-08-19 00:00:00,66.889999,66.529999,67.129997,65.809998,1708400.0,66.889999
2019-08-20 00:00:00,66.610001,66.639999,66.839996,66.010002,1195300.0,66.610001
2019-08-21 00:00:00,67.919998,67.519997,68.470001,66.57,1551900.0,67.919998
2019-08-22 00:00:00,67.370003,69.389999,69.389999,66.900002,1154400.0,67.370003
2019-08-23 00:00:00,65.120003,66.989998,67.989998,65.029999,1100500.0,65.120003
2019-08-26 00:00:00,65.260002,66.18,66.239998,64.959999,1148500.0,65.260002
2019-08-27 00:00:00,64.919998,66.059998,66.089996,64.699997,1026100.0,64.919998
2019-08-28 00:00:00,64.93,63.450001,65.07,62.75,800600.0,64.93
2019-08-29 00:00:00,65.669998,65.93,66.209999,65.410004,856200.0,65.669998
2019-08-30 00:00:00,65.470001,66.230003,66.769997,65.019997,706600.0,65.470001
2019-09-03 00:00:00,63.509998,64.900002,65.410004,62.810001,1344700.0,63.509998
2019-09-04 00:00:00,64.220001,64.550003,64.650002,63.650002,956800.0,64.220001
2019-09-05 00:00:00,66.940002,65.540001,67.18,65.050003,891400.0,66.940002
2019-09-06 00:00:00,67.129997,66.919998,67.690002,66.260002,729000.0,67.129997
2019-09-09 00:00:00,68.150002,67.699997,68.18,67.029999,1184100.0,68.150002
2019-09-10 00:00:00,67.010002,67.889999,67.889999,66.339996,1080400.0,67.010002
2019-09-11 00:00:00,66.739998,67.290001,68.0,66.629997,871900.0,66.739998
2019-09-12 00:00:00,66.400002,67.32,67.400002,66.120003,1323800.0,66.400002
2019-09-13 00:00:00,66.550003,66.720001,68.150002,66.360001,809000.0,66.550003
2019-09-16 00:00:00,67.25,66.220001,67.580002,65.889999,479900.0,67.25
2019-09-17 00:00:00,67.459999,67.290001,67.529999,66.269997,488400.0,67.459999
2019-09-18 00:00:00,67.0,67.129997,67.449997,65.959999,714300.0,67.0
2019-09-19 00:00:00,67.580002,67.279999,67.75,66.959999,654100.0,67.580002
2019-09-20 00:00:00,67.720001,67.760002,68.339996,67.459999,1425200.0,67.720001
2019-09-23 00:00:00,67.510002,67.660004,67.779999,66.290001,982500.0,67.510002
2019-09-24 00:00:00,66.400002,67.830002,68.040001,66.139999,562800.0,66.400002
2019-09-25 00:00:00,66.980003,66.150002,67.18,65.309998,660000.0,66.980003
2019-09-26 00:00:00,67.360001,67.160004,67.769997,66.349998,803500.0,67.360001
2019-09-27 00:00:00,67.389999,67.790001,68.370003,66.599998,681500.0,67.389999
2019-09-30 00:00:00,68.18,67.410004,68.599998,66.900002,610100.0,68.18
2019-10-01 00:00:00,66.040001,68.690002,69.43,65.68,689600.0,66.040001
2019-10-02 00:00:00,64.480003,65.089996,65.230003,63.650002,950500.0,64.480003
2019-10-03 00:00:00,65.220001,64.25,65.849998,63.52,639800.0,65.220001
2019-10-04 00:00:00,65.650002,65.730003,66.300003,64.830002,565600.0,65.650002
2019-10-07 00:00:00,64.550003,65.589996,65.610001,64.5,549100.0,64.550003
2019-10-08 00:00:00,62.709999,63.75,64.07,62.400002,1105400.0,62.709999
2019-10-09 00:00:00,63.23,63.560001,64.209999,63.189999,672600.0,63.23
2019-10-10 00:00:00,62.990002,62.849998,63.990002,62.189999,1512300.0,62.990002
2019-10-11 00:00:00,64.459999,64.379997,65.889999,64.029999,1529500.0,64.459999
2019-10-14 00:00:00,65.43,64.489998,65.849998,64.040001,1112000.0,65.43
2019-10-15 00:00:00,65.0,65.919998,66.040001,64.980003,690800.0,65.0
2019-10-16 00:00:00,64.730003,64.099998,64.790001,63.41,804400.0,64.730003
2019-10-17 00:00:00,64.449997,64.879997,65.650002,64.300003,846600.0,64.449997
2019-10-18 00:00:00,64.379997,64.309998,65.190002,63.209999,1365400.0,64.379997
2019-10-21 00:00:00,66.120003,64.629997,66.550003,64.199997,1597700.0,66.120003
2019-10-22 00:00:00,65.940002,66.230003,67.160004,65.519997,848700.0,65.940002
2019-10-23 00:00:00,66.889999,66.089996,67.190002,65.459999,1016200.0,66.889999
2019-10-24 00:00:00,69.949997,77.0,77.75,68.75,4612600.0,69.949997
2019-10-25 00:00:00,67.75,69.459999,69.889999,67.589996,1467800.0,67.75
2019-10-28 00:00:00,67.410004,67.93,68.739998,67.019997,1412100.0,67.410004
2019-10-29 00:00:00,64.209999,67.400002,67.400002,63.439999,3072800.0,64.209999
2019-10-30 00:00:00,66.82,64.879997,66.970001,64.010002,1297900.0,66.82
2019-10-31 00:00:00,66.910004,66.629997,67.25,66.360001,851100.0,66.910004
2019-11-01 00:00:00,69.599998,67.349998,69.639999,67.239998,956900.0,69.599998
2019-11-04 00:00:00,70.760002,70.25,71.209999,70.139999,1021100.0,70.760002
2019-11-05 00:00:00,73.169998,71.230003,73.199997,71.139999,1582900.0,73.169998
2019-11-06 00:00:00,71.769997,72.910004,72.919998,71.660004,1098500.0,71.769997
2019-11-07 00:00:00,72.800003,72.220001,73.519997,71.980003,927400.0,72.800003
2019-11-08 00:00:00,73.230003,72.519997,73.580002,71.889999,555300.0,73.230003
2019-11-11 00:00:00,73.18,72.639999,73.699997,72.639999,310700.0,73.18
2019-11-12 00:00:00,73.269997,73.279999,73.75,72.830002,500800.0,73.269997
2019-11-13 00:00:00,74.190002,72.739998,74.559998,72.690002,808300.0,74.190002
2019-11-14 00:00:00,73.639999,74.279999,74.610001,73.099998,598700.0,73.639999
2019-11-15 00:00:00,74.089996,74.040001,74.309998,73.239998,1319800.0,74.089996
2019-11-18 00:00:00,72.809998,73.389999,73.769997,72.0,956400.0,72.809998
2019-11-19 00:00:00,73.5,73.290001,74.059998,71.419998,505800.0,73.5
2019-11-20 00:00:00,74.93,73.25,75.07,73.25,1185300.0,74.93
2019-11-21 00:00:00,75.080002,75.199997,75.699997,74.279999,584000.0,75.080002
2019-11-22 00:00:00,75.139999,75.150002,75.470001,74.980003,993000.0,75.139999
2019-11-25 00:00:00,74.650002,75.5,75.879997,74.550003,875100.0,74.650002
2019-11-26 00:00:00,75.480003,74.790001,75.57,74.379997,691300.0,75.480003
2019-11-27 00:00:00,77.089996,75.199997,77.110001,74.93,819900.0,77.089996
2019-11-29 00:00:00,76.599998,77.139999,77.849998,76.580002,367400.0,76.599998
2019-12-02 00:00:00,75.919998,76.510002,77.269997,75.690002,594300.0,75.919998
2019-12-03 00:00:00,75.760002,74.959999,75.93,74.110001,912200.0,75.760002
2019-12-04 00:00:00,75.019997,76.07,76.400002,75.019997,685400.0,75.019997
2019-12-05 00:00:00,75.760002,75.43,75.769997,74.760002,463000.0,75.760002
2019-12-06 00:00:00,75.709999,76.830002,76.830002,75.699997,363700.0,75.709999
2019-12-09 00:00:00,76.089996,75.690002,76.760002,75.529999,548600.0,76.089996
2019-12-10 00:00:00,74.900002,75.809998,76.209999,74.690002,393700.0,74.900002
2019-12-11 00:00:00,73.93,74.779999,74.849998,73.809998,426800.0,73.93
2019-12-12 00:00:00,73.440002,73.730003,74.339996,72.860001,601200.0,73.440002
2019-12-13 00:00:00,74.629997,73.529999,74.949997,73.150002,585300.0,74.629997
2019-12-16 00:00:00,74.379997,74.989998,75.589996,74.290001,1099000.0,74.379997
2019-12-17 00:00:00,73.769997,74.43,74.510002,73.610001,524400.0,73.769997
2019-12-18 00:00:00,74.059998,73.669998,74.580002,73.330002,502000.0,74.059998
2019-12-19 00:00:00,74.480003,74.389999,74.620003,73.5,677000.0,74.480003
2019-12-20 00:00:00,74.139999,74.669998,74.709999,73.910004,1577100.0,74.139999
2019-12-23 00:00:00,74.580002,74.269997,75.169998,73.650002,890000.0,74.580002
2019-12-24 00:00:00,74.43,74.839996,75.370003,74.370003,143000.0,74.43
2019-12-26 00:00:00,75.610001,74.43,75.68,74.43,263200.0,75.610001
2019-12-27 00:00:00,75.779999,75.980003,75.980003,75.059998,436300.0,75.779999
2019-12-30 00:00:00,75.290001,75.830002,75.900002,74.599998,306500.0,75.290001
2019-12-31 00:00:00,74.889999,74.949997,75.440002,74.730003,437800.0,74.889999
2020-01-02 00:00:00,76.370003,75.43,76.900002,74.980003,539500.0,76.370003
2020-01-03 00:00:00,75.43,75.339996,75.769997,74.879997,311200.0,75.43
2020-01-06 00:00:00,76.269997,74.760002,76.309998,74.610001,380400.0,76.269997
2020-01-07 00:00:00,75.919998,76.129997,76.980003,75.620003,400200.0,75.919998
2020-01-08 00:00:00,76.980003,75.989998,77.489998,75.559998,743000.0,76.980003
2020-01-09 00:00:00,77.330002,77.870003,78.190002,76.879997,538600.0,77.330002
2020-01-10 00:00:00,76.75,77.529999,77.870003,76.470001,397400.0,76.75
2020-01-13 00:00:00,77.220001,76.739998,77.279999,76.580002,520200.0,77.220001
2020-01-14 00:00:00,77.970001,77.110001,78.139999,76.75,651500.0,77.970001
2020-01-15 00:00:00,79.169998,78.040001,79.57,78.040001,1278900.0,79.169998
2020-01-16 00:00:00,80.82,79.860001,81.120003,79.730003,817800.0,80.82
2020-01-17 00:00:00,80.139999,81.07,81.989998,79.589996,708000.0,80.139999
2020-01-21 00:00:00,78.870003,79.900002,80.339996,78.690002,881400.0,78.870003
2020-01-22 00:00:00,79.949997,79.389999,80.760002,79.089996,1099600.0,79.949997
2020-01-23 00:00:00,85.07,85.510002,88.860001,82.879997,3297900.0,85.07
2020-01-24 00:00:00,86.050003,85.589996,88.349998,85.25,1538200.0,86.050003
2020-01-27 00:00:00,84.199997,84.25,84.739998,83.050003,1000500.0,84.199997
2020-01-28 00:00:00,84.410004,84.730003,85.889999,84.129997,1121000.0,84.410004
2020-01-29 00:00:00,83.43,84.620003,85.419998,82.949997,553700.0,83.43
2020-01-30 00:00:00,84.790001,84.150002,84.879997,83.260002,589800.0,84.790001
2020-01-31 00:00:00,83.120003,84.709999,85.160004,82.660004,926700.0,83.120003
2020-02-03 00:00:00,84.910004,83.129997,85.239998,82.959999,578700.0,84.910004
2020-02-04 00:00:00,87.110001,85.900002,87.25,85.43,460000.0,87.110001
2020-02-05 00:00:00,86.379997,88.040001,88.040001,85.919998,381200.0,86.379997
2020-02-06 00:00:00,85.82,86.440002,86.790001,85.660004,409300.0,85.82
2020-02-07 00:00:00,84.029999,85.540001,85.57,83.940002,529400.0,84.029999
2020-02-10 00:00:00,85.660004,83.660004,85.709999,83.5,537100.0,85.660004
2020-02-11 00:00:00,86.080002,86.540001,86.690002,85.120003,380500.0,86.080002
2020-02-12 00:00:00,87.220001,86.419998,87.269997,85.970001,414100.0,87.220001
2020-02-13 00:00:00,86.940002,86.440002,87.68,86.440002,468100.0,86.940002
2020-02-14 00:00:00,87.349998,86.889999,87.739998,86.620003,362500.0,87.349998
2020-02-18 00:00:00,87.360001,87.279999,87.610001,86.519997,510900.0,87.360001
2020-02-19 00:00:00,88.449997,87.989998,88.559998,87.459999,416500.0,88.449997
2020-02-20 00:00:00,88.379997,88.309998,89.07,87.239998,420800.0,88.379997
2020-02-21 00:00:00,88.620003,88.360001,88.720001,87.18,702800.0,88.620003
2020-02-24 00:00:00,85.650002,84.800003,86.099998,83.379997,816700.0,85.650002
2020-02-25 00:00:00,81.32,86.18,86.309998,80.099998,1128000.0,81.32
2020-02-26 00:00:00,80.43,81.720001,83.290001,79.870003,743000.0,80.43
2020-02-27 00:00:00,76.029999,77.93,79.089996,75.190002,1050700.0,76.029999
2020-02-28 00:00:00,75.550003,72.879997,76.190002,72.82,1309400.0,75.550003
2020-03-02 00:00:00,74.68,76.330002,76.720001,72.910004,1644000.0,74.68
2020-03-03 00:00:00,70.050003,74.93,76.019997,69.57,1573900.0,70.050003
2020-03-04 00:00:00,70.82,71.419998,72.419998,69.559998,1660300.0,70.82
2020-03-05 00:00:00,69.43,68.540001,70.18,67.779999,1310100.0,69.43
2020-03-06 00:00:00,66.519997,67.300003,68.18,65.290001,1349700.0,66.519997
2020-03-09 00:00:00,60.290001,61.299999,61.93,58.0,2298900.0,60.290001
2020-03-10 00:00:00,60.900002,62.130001,63.0,58.0,1727000.0,60.900002
2020-03-11 00:00:00,59.700001,59.490002,61.09,57.830002,2194200.0,59.700001
2020-03-12 00:00:00,54.169998,55.419998,56.580002,53.349998,2104100.0,54.169998
2020-03-13 00:00:00,56.369999,56.32,57.0,52.150002,1524300.0,56.369999
2020-03-16 00:00:00,52.869999,50.310001,53.580002,46.939999,2097800.0,52.869999
2020-03-17 00:00:00,52.139999,53.610001,54.150002,49.16,2016600.0,52.139999
2020-03-18 00:00:00,49.060001,49.110001,50.5,45.84,2066900.0,49.060001
2020-03-19 00:00:00,50.389999,47.959999,50.720001,43.900002,2326400.0,50.389999
2020-03-20 00:00:00,48.450001,50.43,52.759998,48.27,1458000.0,48.450001
2020-03-23 00:00:00,48.740002,47.900002,49.360001,45.360001,1408700.0,48.740002
2020-03-24 00:00:00,53.790001,51.139999,54.66,50.009998,1850000.0,53.790001
2020-03-25 00:00:00,58.77,54.759998,61.0,52.650002,1691800.0,58.77
2020-03-26 00:00:00,60.970001,60.139999,62.720001,58.849998,1502600.0,60.970001
2020-03-27 00:00:00,59.009998,58.939999,60.110001,54.650002,1002400.0,59.009998
2020-03-30 00:00:00,59.27,59.240002,62.459999,58.189999,840400.0,59.27
2020-03-31 00:00:00,61.209999,59.459999,62.380001,58.560001,1779200.0,61.209999
2020-04-01 00:00:00,56.299999,58.619999,60.209999,55.52,1506800.0,56.299999
2020-04-02 00:00:00,54.880001,55.560001,56.34,52.959999,1216100.0,54.880001
2020-04-03 00:00:00,55.0,54.68,56.52,54.5,744800.0,55.0
2020-04-06 00:00:00,59.59,58.02,60.169998,57.68,946800.0,59.59
2020-04-07 00:00:00,59.310001,62.389999,62.59,58.880001,834700.0,59.310001
2020-04-08 00:00:00,62.450001,60.380001,62.919998,59.330002,571500.0,62.450001
2020-04-09 00:00:00,63.939999,63.77,65.279999,62.490002,884000.0,63.939999
2020-04-13 00:00:00,62.349998,63.48,63.48,61.529999,375200.0,62.349998
2020-04-14 00:00:00,64.5,63.389999,65.010002,63.389999,588600.0,64.5
2020-04-15 00:00:00,64.470001,62.279999,64.949997,61.860001,1382800.0,64.470001
2020-04-16 00:00:00,65.699997,64.57,65.980003,63.639999,1205300.0,65.699997
2020-04-17 00:00:00,66.660004,66.809998,68.690002,66.25,768500.0,66.660004
2020-04-20 00:00:00,66.989998,64.889999,67.879997,64.660004,532200.0,66.989998
2020-04-21 00:00:00,62.970001,65.559998,66.269997,62.720001,515100.0,62.970001
2020-04-22 00:00:00,64.769997,64.519997,65.129997,63.009998,482300.0,64.769997
2020-04-23 00:00:00,64.330002,64.82,66.510002,64.169998,792700.0,64.330002
2020-04-24 00:00:00,65.0,64.760002,65.32,63.84,596500.0,65.0
2020-04-27 00:00:00,66.279999,65.769997,66.690002,65.419998,468800.0,66.279999
2020-04-28 00:00:00,66.370003,67.489998,68.239998,66.110001,1070600.0,66.370003
2020-04-29 00:00:00,69.959999,68.0,70.559998,67.360001,1553000.0,69.959999
2020-04-30 00:00:00,69.25,70.110001,71.279999,64.5,2280200.0,69.25
2020-05-01 00:00:00,66.379997,68.220001,69.160004,65.690002,1017500.0,66.379997
2020-05-04 00:00:00,67.190002,64.980003,67.470001,64.360001,859100.0,67.190002
2020-05-05 00:00:00,70.32,68.540001,70.699997,67.040001,961700.0,70.32
2020-05-06 00:00:00,70.410004,71.209999,71.540001,69.769997,812300.0,70.410004
2020-05-07 00:00:00,70.860001,71.25,72.349998,70.660004,873100.0,70.860001
2020-05-08 00:00:00,71.550003,71.720001,72.260002,70.599998,647100.0,71.550003
2020-05-11 00:00:00,72.220001,71.230003,72.82,70.660004,1187700.0,72.220001
2020-05-12 00:00:00,68.510002,71.970001,72.660004,68.339996,684300.0,68.510002
2020-05-13 00:00:00,63.290001,68.010002,68.389999,62.459999,1013200.0,63.290001
2020-05-14 00:00:00,64.959999,62.060001,65.209999,60.98,735800.0,64.959999
2020-05-15 00:00:00,65.0,64.650002,65.690002,64.099998,373600.0,65.0
2020-05-18 00:00:00,68.970001,66.580002,69.419998,66.580002,820900.0,68.970001
2020-05-19 00:00:00,68.910004,69.0,70.419998,68.580002,632200.0,68.910004
2020-05-20 00:00:00,70.43,69.510002,71.510002,69.510002,468200.0,70.43
2020-05-21 00:00:00,69.889999,70.389999,71.080002,69.660004,453400.0,69.889999
2020-05-22 00:00:00,70.209999,70.160004,70.519997,69.089996,362800.0,70.209999
2020-05-26 00:00:00,73.32,71.349998,73.650002,70.610001,907600.0,73.32
2020-05-27 00:00:00,74.940002,74.900002,75.040001,72.010002,662000.0,74.940002
2020-05-28 00:00:00,74.900002,75.620003,76.620003,74.769997,684100.0,74.900002
2020-05-29 00:00:00,76.379997,74.879997,76.57,74.120003,920600.0,76.379997
2020-06-01 00:00:00,79.080002,76.559998,79.440002,76.260002,820500.0,79.080002
2020-06-02 00:00:00,79.5,79.339996,80.349998,78.129997,615000.0,79.5
2020-06-03 00:00:00,80.940002,79.559998,81.029999,79.110001,488400.0,80.940002
2020-06-04 00:00:00,80.260002,80.099998,80.970001,79.669998,576400.0,80.260002
2020-06-05 00:00:00,83.739998,81.800003,84.489998,81.040001,696600.0,83.739998
2020-06-08 00:00:00,83.419998,84.139999,84.360001,82.510002,1040700.0,83.419998
2020-06-09 00:00:00,81.540001,82.760002,82.760002,81.440002,859500.0,81.540001
2020-06-10 00:00:00,81.209999,82.120003,83.059998,80.910004,720100.0,81.209999
2020-06-11 00:00:00,72.620003,78.809998,78.809998,72.269997,1009800.0,72.620003
2020-06-12 00:00:00,75.160004,75.040001,76.660004,73.300003,1127800.0,75.160004
2020-06-15 00:00:00,77.260002,73.559998,77.459999,73.410004,503400.0,77.260002
2020-06-16 00:00:00,79.57,79.400002,80.800003,78.309998,692900.0,79.57
2020-06-17 00:00:00,79.169998,80.0,80.309998,79.07,624500.0,79.169998
2020-06-18 00:00:00,79.07,78.389999,79.379997,78.25,426600.0,79.07
2020-06-19 00:00:00,78.709999,80.110001,80.639999,77.790001,880900.0,78.709999
2020-06-22 00:00:00,78.93,78.32,78.959999,77.220001,412600.0,78.93
2020-06-23 00:00:00,79.57,79.790001,81.709999,79.449997,617800.0,79.57
2020-06-24 00:00:00,76.919998,79.160004,79.669998,76.839996,566800.0,76.919998
2020-06-25 00:00:00,77.360001,76.400002,77.379997,75.650002,625700.0,77.360001
2020-06-26 00:00:00,75.529999,77.099998,77.440002,75.459999,1006700.0,75.529999
2020-06-29 00:00:00,76.440002,76.089996,77.029999,74.18,683400.0,76.440002
2020-06-30 00:00:00,77.790001,76.57,78.230003,75.739998,975000.0,77.790001
2020-07-01 00:00:00,78.440002,77.93,79.75,77.360001,801100.0,78.440002
2020-07-02 00:00:00,78.269997,79.510002,80.230003,78.07,709600.0,78.269997
2020-07-06 00:00:00,79.080002,79.519997,80.32,78.650002,691600.0,79.080002
2020-07-07 00:00:00,76.589996,78.300003,79.099998,76.419998,744700.0,76.589996
2020-07-08 00:00:00,78.5,77.099998,78.559998,76.760002,625200.0,78.5
2020-07-09 00:00:00,85.0,82.0,86.029999,81.300003,1678300.0,85.0
2020-07-10 00:00:00,82.889999,85.0,85.239998,82.589996,782200.0,82.889999
2020-07-13 00:00:00,78.230003,83.379997,83.470001,78.169998,782800.0,78.230003
2020-07-14 00:00:00,78.410004,77.980003,78.599998,76.150002,1226500.0,78.410004
2020-07-15 00:00:00,80.279999,79.779999,80.919998,78.830002,568500.0,80.279999
2020-07-16 00:00:00,80.360001,82.650002,82.650002,79.309998,1066200.0,80.360001
2020-07-17 00:00:00,80.75,81.019997,81.32,79.989998,768300.0,80.75
2020-07-20 00:00:00,83.029999,81.080002,83.239998,81.059998,589000.0,83.029999
2020-07-21 00:00:00,83.150002,84.910004,85.059998,83.0,642700.0,83.150002
2020-07-22 00:00:00,83.830002,84.160004,84.589996,83.510002,408000.0,83.830002
2020-07-23 00:00:00,83.610001,83.510002,85.43,82.870003,624500.0,83.610001
2020-07-24 00:00:00,81.459999,82.599998,83.089996,80.739998,702000.0,81.459999
2020-07-27 00:00:00,83.139999,83.0,83.559998,81.010002,623800.0,83.139999
2020-07-28 00:00:00,82.25,84.0,84.099998,82.089996,610100.0,82.25
2020-07-29 00:00:00,84.029999,83.0,84.730003,83.0,608500.0,84.029999
2020-07-30 00:00:00,85.580002,86.480003,86.790001,82.120003,1270100.0,85.580002
2020-07-31 00:00:00,85.559998,88.0,88.800003,83.739998,994100.0,85.559998
2020-08-03 00:00:00,86.349998,85.980003,86.989998,85.769997,693300.0,86.349998
2020-08-04 00:00:00,86.599998,86.370003,86.959999,85.370003,562800.0,86.599998
2020-08-05 00:00:00,87.879997,87.0,88.849998,87.0,481800.0,87.879997
2020-08-06 00:00:00,88.589996,87.949997,88.730003,87.050003,542100.0,88.589996
2020-08-07 00:00:00,86.940002,88.0,88.610001,86.029999,533700.0,86.940002
2020-08-10 00:00:00,85.900002,86.57,86.959999,84.809998,417200.0,85.900002
2020-08-11 00:00:00,84.800003,86.0,86.68,84.639999,577900.0,84.800003
2020-08-12 00:00:00,85.919998,85.230003,86.830002,85.129997,461200.0,85.919998
2020-08-13 00:00:00,88.059998,86.0,89.150002,85.919998,711300.0,88.059998
2020-08-14 00:00:00,87.480003,87.720001,88.010002,86.860001,551100.0,87.480003
2020-08-17 00:00:00,88.220001,88.0,88.919998,87.849998,545100.0,88.220001
2020-08-18 00:00:00,89.849998,88.82,90.529999,88.690002,839900.0,89.849998
2020-08-19 00:00:00,88.540001,89.839996,90.360001,88.459999,784300.0,88.540001
2020-08-20 00:00:00,88.03,88.4,88.43,87.61,440870.0,88.03
2020-08-21 00:00:00,87.360001,87.919998,87.919998,86.739998,1039700.0,87.360001
2020-08-24 00:00:00,87.099998,87.839996,88.029999,86.349998,516900.0,87.099998
2020-08-25 00:00:00,88.139999,86.849998,88.199997,86.68,485800.0,88.139999
2020-08-26 00:00:00,89.779999,89.540001,90.550003,87.650002,894300.0,89.779999
2020-08-27 00:00:00,89.419998,89.75,89.940002,88.269997,629300.0,89.419998
2020-08-28 00:00:00,91.150002,89.870003,91.25,89.739998,381100.0,91.150002
2020-08-31 00:00:00,91.410004,91.150002,91.940002,90.5,763800.0,91.410004
2020-09-01 00:00:00,95.440002,91.5,95.589996,91.379997,773900.0,95.440002
2020-09-02 00:00:00,97.599998,95.32,97.669998,94.769997,748100.0,97.599998
2020-09-03 00:00:00,92.639999,96.120003,96.589996,91.82,1035900.0,92.639999
2020-09-04 00:00:00,87.690002,92.040001,92.059998,86.919998,1166100.0,87.690002
2020-09-08 00:00:00,86.709999,83.989998,88.620003,83.989998,1037600.0,86.709999
2020-09-09 00:00:00,88.599998,87.739998,89.309998,87.050003,500700.0,88.599998
2020-09-10 00:00:00,83.769997,88.739998,91.279999,83.639999,1507300.0,83.769997
2020-09-11 00:00:00,82.300003,83.769997,84.169998,80.940002,1403000.0,82.300003
2020-09-14 00:00:00,85.400002,83.32,85.739998,83.0,762800.0,85.400002
2020-09-15 00:00:00,88.32,86.25,88.489998,86.120003,780300.0,88.32
2020-09-16 00:00:00,87.800003,89.349998,89.599998,87.660004,574200.0,87.800003
2020-09-17 00:00:00,86.699997,85.839996,86.720001,85.059998,804900.0,86.699997
2020-09-18 00:00:00,86.110001,86.739998,87.940002,84.589996,1475600.0,86.110001
2020-09-21 00:00:00,85.330002,84.370003,85.349998,82.870003,685700.0,85.330002
2020-09-22 00:00:00,85.849998,85.879997,86.589996,84.68,598400.0,85.849998
2020-09-23 00:00:00,81.699997,85.620003,85.760002,81.440002,705600.0,81.699997
2020-09-24 00:00:00,80.279999,81.260002,81.760002,79.709999,1110100.0,80.279999
2020-09-25 00:00:00,81.68,80.150002,82.32,79.510002,1240700.0,81.68
2020-09-28 00:00:00,82.900002,83.339996,83.550003,82.269997,542900.0,82.900002
2020-09-29 00:00:00,82.349998,83.139999,84.510002,82.300003,603800.0,82.349998
2020-09-30 00:00:00,82.720001,82.349998,83.410004,81.68,935600.0,82.720001
2020-10-01 00:00:00,84.129997,83.660004,84.519997,83.209999,851200.0,84.129997
2020-10-02 00:00:00,82.160004,81.919998,83.339996,81.169998,667000.0,82.160004
2020-10-05 00:00:00,82.720001,83.0,83.720001,82.080002,800700.0,82.720001
2020-10-06 00:00:00,81.220001,82.720001,84.489998,81.029999,814600.0,81.220001
2020-10-07 00:00:00,83.209999,82.0,83.360001,81.120003,1032100.0,83.209999
2020-10-08 00:00:00,84.059998,83.93,85.209999,83.110001,654700.0,84.059998
2020-10-09 00:00:00,85.940002,84.510002,86.550003,84.510002,455700.0,85.940002
2020-10-12 00:00:00,87.5,86.860001,87.830002,85.910004,463200.0,87.5
2020-10-13 00:00:00,87.389999,87.940002,89.449997,87.160004,736600.0,87.389999
2020-10-14 00:00:00,85.779999,88.57,88.599998,85.669998,539300.0,85.779999
2020-10-15 00:00:00,87.790001,84.309998,87.940002,84.010002,568800.0,87.790001
2020-10-16 00:00:00,87.620003,88.0,88.879997,87.5,776800.0,87.620003
2020-10-19 00:00:00,86.440002,88.220001,89.260002,85.879997,458900.0,86.440002
2020-10-20 00:00:00,87.190002,86.889999,87.980003,86.519997,474900.0,87.190002
2020-10-21 00:00:00,86.980003,87.169998,88.370003,86.589996,375700.0,86.980003
2020-10-22 00:00:00,86.790001,86.860001,87.68,85.870003,494900.0,86.790001
2020-10-23 00:00:00,89.25,87.169998,89.379997,86.540001,623100.0,89.25
2020-10-26 00:00:00,83.669998,88.080002,88.599998,82.400002,1262500.0,83.669998
2020-10-27 00:00:00,84.260002,84.25,85.989998,83.720001,720400.0,84.260002
2020-10-28 00:00:00,82.470001,82.260002,87.68,79.360001,1636200.0,82.470001
2020-10-29 00:00:00,85.870003,80.0,87.550003,79.5,2008000.0,85.870003
2020-10-30 00:00:00,83.879997,83.25,85.279999,82.050003,1061700.0,83.879997
2020-11-02 00:00:00,86.879997,84.599998,87.18,84.019997,761600.0,86.879997
2020-11-03 00:00:00,92.160004,87.629997,92.739998,86.489998,1104300.0,92.160004
2020-11-04 00:00:00,92.360001,92.0,93.279999,89.68,1004500.0,92.360001
2020-11-05 00:00:00,93.940002,93.32,94.690002,93.220001,719900.0,93.940002
2020-11-06 00:00:00,94.839996,94.0,95.639999,92.739998,478100.0,94.839996
2020-11-09 00:00:00,92.910004,96.660004,97.279999,92.730003,926900.0,92.910004
2020-11-10 00:00:00,94.239998,92.690002,94.459999,89.989998,764400.0,94.239998
2020-11-11 00:00:00,95.309998,95.0,96.669998,94.589996,680700.0,95.309998
2020-11-12 00:00:00,94.68,95.379997,96.959999,94.139999,516900.0,94.68
2020-11-13 00:00:00,97.209999,94.910004,97.57,94.449997,453300.0,97.209999
2020-11-16 00:00:00,98.519997,96.589996,99.230003,95.599998,696800.0,98.519997
2020-11-17 00:00:00,99.129997,97.059998,99.870003,97.059998,883000.0,99.129997
2020-11-18 00:00:00,98.330002,98.980003,99.949997,97.769997,681100.0,98.330002
2020-11-19 00:00:00,100.209999,97.919998,100.339996,97.339996,613600.0,100.209999
2020-11-20 00:00:00,101.139999,100.0,102.029999,99.349998,466600.0,101.139999
2020-11-23 00:00:00,103.190002,102.080002,103.699997,101.0,475700.0,103.190002
2020-11-24 00:00:00,103.910004,104.0,104.120003,102.209999,626900.0,103.910004
2020-11-25 00:00:00,105.959999,104.25,106.300003,103.620003,645100.0,105.959999
2020-11-27 00:00:00,108.610001,106.120003,108.800003,106.040001,387100.0,108.610001
2020-11-30 00:00:00,107.849998,109.510002,110.629997,107.57,914300.0,107.849998
2020-12-01 00:00:00,108.529999,108.269997,108.93,106.949997,730100.0,108.529999
2020-12-02 00:00:00,107.260002,107.589996,107.739998,106.349998,597500.0,107.260002
2020-12-03 00:00:00,107.980003,107.059998,109.32,107.010002,462600.0,107.980003
2020-12-04 00:00:00,109.599998,108.449997,110.089996,108.449997,596900.0,109.599998
2020-12-07 00:00:00,111.150002,110.260002,111.5,109.099998,410000.0,111.150002
2020-12-08 00:00:00,111.300003,111.639999,112.040001,111.0,321100.0,111.300003
2020-12-09 00:00:00,111.57,113.239998,114.029999,110.779999,723500.0,111.57
2020-12-10 00:00:00,112.660004,111.129997,113.040001,110.0,535100.0,112.660004
2020-12-11 00:00:00,112.980003,111.900002,113.68,111.779999,706100.0,112.980003
2020-12-14 00:00:00,113.830002,113.199997,116.230003,112.940002,746000.0,113.830002
2020-12-15 00:00:00,114.050003,114.300003,115.5,113.010002,649300.0,114.050003
2020-12-16 00:00:00,115.07,115.419998,116.790001,114.190002,990000.0,115.07
2020-12-17 00:00:00,118.470001,116.0,118.519997,115.650002,835800.0,118.470001
2020-12-18 00:00:00,118.389999,119.370003,119.970001,117.389999,1858600.0,118.389999
2020-12-21 00:00:00,120.139999,116.739998,120.370003,115.849998,730400.0,120.139999
2020-12-22 00:00:00,120.019997,120.489998,121.550003,119.580002,439000.0,120.019997
2020-12-23 00:00:00,119.169998,119.980003,121.25,118.870003,392600.0,119.169998
2020-12-24 00:00:00,119.849998,119.82,120.18,119.040001,189400.0,119.849998
2020-12-28 00:00:00,118.809998,121.360001,121.75,118.0,392700.0,118.809998
2020-12-29 00:00:00,117.769997,118.800003,118.940002,116.980003,293400.0,117.769997
2020-12-30 00:00:00,119.510002,118.760002,120.160004,118.300003,283300.0,119.510002
2020-12-31 00:00:00,119.610001,119.599998,120.269997,118.709999,377800.0,119.610001
2021-01-04 00:00:00,118.18,120.07,120.639999,116.019997,710600.0,118.18
2021-01-05 00:00:00,118.510002,118.059998,119.870003,117.370003,490300.0,118.510002
2021-01-06 00:00:00,119.0,118.029999,121.129997,117.019997,1352000.0,119.0
2021-01-07 00:00:00,125.449997,119.760002,125.529999,119.760002,706000.0,125.449997
2021-01-08 00:00:00,127.940002,125.82,129.259995,125.82,1010200.0,127.940002
2021-01-11 00:00:00,129.160004,126.269997,129.869995,126.260002,945900.0,129.160004
2021-01-12 00:00:00,128.5,130.110001,130.949997,128.0,519400.0,128.5
2021-01-13 00:00:00,124.510002,128.929993,128.949997,124.480003,613300.0,124.510002
2021-01-14 00:00:00,124.599998,124.160004,124.849998,123.529999,475900.0,124.599998
2021-01-15 00:00:00,124.120003,124.730003,125.110001,122.720001,416100.0,124.120003
2021-01-19 00:00:00,125.550003,125.32,126.639999,124.010002,795200.0,125.550003
2021-01-20 00:00:00,130.389999,127.0,130.529999,126.279999,935100.0,130.389999
2021-01-21 00:00:00,129.559998,131.639999,132.330002,128.460007,746700.0,129.559998
2021-01-22 00:00:00,130.880005,129.479996,131.270004,128.009995,540900.0,130.880005
2021-01-25 00:00:00,130.880005,132.369995,132.830002,127.779999,633200.0,130.880005
2021-01-26 00:00:00,129.520004,131.190002,131.949997,128.339996,698700.0,129.520004
2021-01-27 00:00:00,120.830002,127.0,128.440002,120.830002,1065000.0,120.830002
2021-01-28 00:00:00,138.330002,133.899994,141.669998,131.0,3847500.0,138.330002
2021-01-29 00:00:00,132.910004,137.669998,137.669998,131.970001,918000.0,132.910004
2021-02-01 00:00:00,137.0,133.800003,138.889999,132.929993,880600.0,137.0
2021-02-02 00:00:00,138.009995,138.0,140.490005,137.050003,761000.0,138.009995
2021-02-03 00:00:00,138.130005,138.0,139.929993,137.0,579300.0,138.130005
2021-02-04 00:00:00,139.289993,139.100006,141.130005,138.179993,544100.0,139.289993
2021-02-05 00:00:00,142.729996,140.009995,142.919998,140.009995,739100.0,142.729996
2021-02-08 00:00:00,142.919998,144.429993,144.830002,141.889999,617900.0,142.919998
2021-02-09 00:00:00,144.050003,143.740005,144.899994,142.960007,569600.0,144.050003
2021-02-10 00:00:00,144.729996,144.669998,146.630005,143.639999,554000.0,144.729996
2021-02-11 00:00:00,143.649994,145.279999,145.789993,142.770004,672600.0,143.649994
2021-02-12 00:00:00,142.720001,143.5,143.929993,142.080002,566100.0,142.720001
2021-02-16 00:00:00,146.130005,143.350006,146.429993,143.0,701100.0,146.130005
2021-02-17 00:00:00,144.190002,144.949997,144.949997,142.259995,459100.0,144.190002
2021-02-18 00:00:00,143.210007,142.369995,144.610001,139.380005,503000.0,143.210007
2021-02-19 00:00:00,146.729996,144.360001,147.669998,143.960007,467900.0,146.729996
2021-02-22 00:00:00,142.949997,144.440002,145.729996,142.639999,473900.0,142.949997
2021-02-23 00:00:00,140.130005,139.039993,140.679993,134.539993,761800.0,140.130005
2021-02-24 00:00:00,142.330002,139.259995,143.169998,137.270004,831300.0,142.330002
2021-02-25 00:00:00,134.479996,140.679993,141.600006,133.559998,620900.0,134.479996
2021-02-26 00:00:00,136.940002,135.190002,138.320007,134.119995,1151000.0,136.940002
2021-03-01 00:00:00,142.210007,139.559998,142.580002,139.039993,656100.0,142.210007
2021-03-02 00:00:00,136.509995,143.119995,143.490005,136.410004,843600.0,136.509995
2021-03-03 00:00:00,132.339996,135.940002,137.490005,131.639999,607900.0,132.339996
2021-03-04 00:00:00,126.43,131.419998,133.149994,124.870003,827000.0,126.43
2021-03-05 00:00:00,125.510002,127.239998,127.309998,117.980003,1154500.0,125.510002
2021-03-08 00:00:00,118.849998,124.970001,126.870003,118.800003,769300.0,118.849998
2021-03-09 00:00:00,127.550003,122.330002,128.839996,122.0,706000.0,127.550003
2021-03-10 00:00:00,130.990005,129.300003,132.100006,128.690002,782400.0,130.990005
2021-03-11 00:00:00,135.839996,134.369995,137.669998,134.039993,1086500.0,135.839996
2021-03-12 00:00:00,132.190002,135.350006,135.350006,131.070007,476600.0,132.190002
2021-03-15 00:00:00,137.089996,132.820007,137.25,132.550003,612600.0,137.089996
2021-03-16 00:00:00,135.559998,139.119995,139.259995,134.399994,415200.0,135.559998
2021-03-17 00:00:00,132.229996,134.759995,135.979996,129.820007,961200.0,132.229996
2021-03-18 00:00:00,127.029999,129.009995,131.089996,125.730003,1046000.0,127.029999
2021-03-19 00:00:00,129.660004,128.539993,130.5,126.510002,1183600.0,129.660004
2021-03-22 00:00:00,130.139999,130.149994,132.380005,130.059998,472300.0,130.139999
2021-03-23 00:00:00,129.809998,130.509995,133.410004,129.289993,607300.0,129.809998
2021-03-24 00:00:00,126.839996,130.869995,130.869995,126.699997,549900.0,126.839996
2021-03-25 00:00:00,128.0,125.519997,128.449997,122.970001,617400.0,128.0
2021-03-26 00:00:00,135.429993,128.419998,135.600006,128.419998,905700.0,135.429993
2021-03-29 00:00:00,131.699997,134.729996,135.910004,131.429993,926700.0,131.699997
2021-03-30 00:00:00,132.0,130.679993,133.770004,130.110001,407000.0,132.0
2021-03-31 00:00:00,137.649994,133.330002,139.839996,133.330002,923500.0,137.649994
2021-04-01 00:00:00,143.869995,139.699997,144.880005,139.699997,837600.0,143.869995
2021-04-05 00:00:00,145.979996,145.0,146.529999,143.339996,635700.0,145.979996
2021-04-06 00:00:00,144.309998,145.759995,146.910004,144.020004,766400.0,144.309998
2021-04-07 00:00:00,143.220001,144.0,144.979996,142.589996,402500.0,143.220001
2021-04-08 00:00:00,146.630005,145.539993,149.259995,144.389999,839900.0,146.630005
2021-04-09 00:00:00,146.039993,146.979996,146.979996,144.460007,397900.0,146.039993
2021-04-12 00:00:00,146.649994,144.880005,147.389999,144.419998,322000.0,146.649994
2021-04-13 00:00:00,147.210007,146.699997,148.279999,145.070007,335300.0,147.210007
2021-04-14 00:00:00,146.559998,146.830002,149.240005,146.149994,388400.0,146.559998
2021-04-15 00:00:00,147.55,148.26,149.21,146.2,498761.0,147.55
2021-04-16 00:00:00,146.16,148.62,148.62,144.46,1589722.0,146.16
2021-04-19 00:00:00,139.8,144.91,146.88,137.93,23421460.0,139.8
2021-04-20 00:00:00,142.19,139.99,142.37,138.92,1205704.0,142.19
2021-04-21 00:00:00,144.0,141.43,144.07,141.06,522466.0,144.0
2021-04-22 00:00:00,145.27,143.43,146.85,142.83,651935.0,145.27
2021-04-23 00:00:00,147.34,146.2,148.08,145.94,502025.0,147.34
2021-04-26 00:00:00,148.84,147.76,149.49,147.27,430580.0,148.84
2021-04-27 00:00:00,147.79,148.41,149.5,146.18,635002.0,147.79
2021-04-28 00:00:00,148.29,147.5,148.43,146.65,589313.0,148.29
2021-04-29 00:00:00,133.42,141.54,144.0,133.06,1980897.0,133.42
2021-04-30 00:00:00,130.94,133.07,133.97,130.56,1060472.0,130.94
2021-05-03 00:00:00,130.25,132.03,132.03,129.09,1273704.0,130.25
2021-05-04 00:00:00,129.99,129.73,130.14,126.99,861748.0,129.99
2021-05-05 00:00:00,130.9,130.51,132.77,129.05,746075.0,130.9
2021-05-06 00:00:00,130.1,129.63,130.24,126.96,684407.0,130.1
2021-05-07 00:00:00,131.16,131.99,133.37,130.5,658040.0,131.16
2021-05-10 00:00:00,129.14,130.43,131.6,129.12,559033.0,129.14
2021-05-11 00:00:00,130.16,126.42,130.79,125.41,498057.0,130.16
2021-05-12 00:00:00,125.3,127.64,128.58,124.93,903976.0,125.3
2021-05-13 00:00:00,125.39,126.99,127.52,123.06,745170.0,125.39
2021-05-14 00:00:00,129.01,127.27,129.85,125.82,732012.0,129.01
2021-05-17 00:00:00,127.66,127.54,128.77,126.14,550700.0,127.66
2021-05-18 00:00:00,127.84,127.62,130.05,126.89,726992.0,127.84
2021-05-19 00:00:00,127.12,125.89,127.17,124.63,550008.0,127.12
2021-05-20 00:00:00,130.7,128.24,131.43,128.0,542246.0,130.7
2021-05-21 00:00:00,130.77,132.15,133.07,130.33,769969.0,130.77
2021-05-24 00:00:00,132.82,132.5,133.58,131.51,451487.0,132.82
2021-05-25 00:00:00,133.03,134.41,135.21,132.82,460979.0,133.03
2021-05-26 00:00:00,132.89,133.28,133.76,132.18,437525.0,132.89
2021-05-27 00:00:00,133.07,133.12,133.52,130.77,617909.0,133.07
2021-05-28 00:00:00,134.14,134.09,135.46,133.67,484687.0,134.14
2021-06-01 00:00:00,131.9,135.49,135.7,131.9,481488.0,131.9
2021-06-02 00:00:00,130.76,131.83,131.83,129.36,565580.0,130.76
2021-06-03 00:00:00,129.58,130.76,131.37,128.26,434990.0,129.58
2021-06-04 00:00:00,132.54,131.0,132.73,131.0,240161.0,132.54
2021-06-07 00:00:00,132.57,134.88,134.92,131.96,578705.0,132.57
2021-06-08 00:00:00,134.95,133.94,135.72,133.31,440211.0,134.95
2021-06-09 00:00:00,134.74,135.35,136.58,134.49,331587.0,134.74
2021-06-10 00:00:00,136.37,135.0,136.44,134.51,338285.0,136.37
2021-06-11 00:00:00,136.42,136.98,137.15,135.41,359311.0,136.42
2021-06-14 00:00:00,137.66,136.84,138.06,136.84,253399.0,137.66
2021-06-15 00:00:00,136.46,138.0,138.35,136.09,276228.0,136.46
2021-06-16 00:00:00,134.68,136.47,136.47,132.39,561180.0,134.68
2021-06-17 00:00:00,134.27,134.31,135.5,133.71,481056.0,134.27
2021-06-18 00:00:00,131.75,134.14,134.66,130.5,1009469.0,131.75
2021-06-21 00:00:00,134.65,131.46,134.84,130.23,645845.0,134.65
2021-06-22 00:00:00,135.19,134.65,135.43,133.71,407565.0,135.19
2021-06-23 00:00:00,135.71,135.59,136.63,134.61,359575.0,135.71
2021-06-24 00:00:00,137.74,137.0,138.48,136.28,517396.0,137.74
2021-06-25 00:00:00,138.69,138.0,139.24,137.13,636271.0,138.69
2021-06-28 00:00:00,140.1,139.99,141.16,139.45,567543.0,140.1
2021-06-29 00:00:00,141.76,140.1,142.11,139.42,432624.0,141.76
2021-06-30 00:00:00,141.26,141.39,142.4,140.38,486326.0,141.26
2021-07-01 00:00:00,142.97,140.88,143.26,140.56,588815.0,142.97
2021-07-02 00:00:00,143.98,143.68,144.16,142.39,419018.0,143.98
2021-07-06 00:00:00,145.58,144.36,145.71,143.57,601408.0,145.58
2021-07-07 00:00:00,144.12,146.0,147.07,143.45,649537.0,144.12
2021-07-08 00:00:00,142.86,142.04,143.87,139.38,437288.0,142.86
2021-07-09 00:00:00,145.14,142.86,145.53,142.79,463134.0,145.14
2021-07-12 00:00:00,142.88,145.5,145.58,142.5,504935.0,142.88
2021-07-13 00:00:00,143.06,142.88,143.88,141.42,339914.0,143.06
2021-07-14 00:00:00,142.57,144.13,144.13,141.86,357031.0,142.57
2021-07-15 00:00:00,141.28,141.92,142.63,139.83,382882.0,141.28
2021-07-16 00:00:00,140.2,141.99,142.74,139.73,473276.0,140.2
2021-07-19 00:00:00,136.71,138.31,138.31,135.35,689448.0,136.71
2021-07-20 00:00:00,142.96,137.31,143.51,136.72,806420.0,142.96
2021-07-21 00:00:00,146.5,143.24,146.65,143.0,620336.0,146.5
2021-07-22 00:00:00,148.28,146.78,148.82,146.78,475029.0,148.28
2021-07-23 00:00:00,152.69,148.95,153.73,148.29,950477.0,152.69
2021-07-26 00:00:00,151.32,151.99,152.0,148.95,590680.0,151.32
2021-07-27 00:00:00,143.6,150.42,150.42,142.44,859822.0,143.6
2021-07-28 00:00:00,145.25,144.0,146.43,142.92,655601.0,145.25
2021-07-29 00:00:00,133.03,136.56,137.1,130.05,1738442.0,133.03
2021-07-30 00:00:00,135.45,133.12,135.5,131.19,1023708.0,135.45
2021-08-02 00:00:00,131.07,135.68,135.68,130.8,668896.0,131.07
2021-08-03 00:00:00,132.41,131.07,133.27,130.67,617664.0,132.41
2021-08-04 00:00:00,135.3,132.87,135.73,131.93,798314.0,135.3
2021-08-05 00:00:00,135.55,135.48,137.19,134.38,912013.0,135.55
2021-08-06 00:00:00,135.37,135.88,136.33,134.45,491334.0,135.37
2021-08-09 00:00:00,135.18,135.55,136.1,134.66,274851.0,135.18
2021-08-10 00:00:00,135.78,135.55,137.67,135.17,478648.0,135.78
2021-08-11 00:00:00,134.49,136.74,136.74,133.6,300755.0,134.49
2021-08-12 00:00:00,133.68,134.35,134.35,133.05,490344.0,133.68
2021-08-13 00:00:00,132.01,133.86,134.08,131.7,804263.0,132.01
2021-08-16 00:00:00,130.16,131.62,131.62,129.4,894976.0,130.16
2021-08-17 00:00:00,127.98,129.3,129.3,125.94,987719.0,127.98
2021-08-18 00:00:00,126.57,127.22,128.07,126.43,473371.0,126.57
2021-08-19 00:00:00,126.25,124.98,126.47,124.22,582535.0,126.25
2021-08-20 00:00:00,128.29,126.44,128.5,126.22,470993.0,128.29
2021-08-23 00:00:00,129.9,128.95,130.1,128.8,614193.0,129.9
2021-08-24 00:00:00,131.26,130.66,132.49,130.59,347022.0,131.26
2021-08-25 00:00:00,131.72,131.1,132.48,130.55,323424.0,131.72
2021-08-26 00:00:00,130.18,131.28,131.9,129.28,588250.0,130.18
2021-08-27 00:00:00,131.98,130.5,132.89,130.49,577606.0,131.98
2021-08-30 00:00:00,132.47,132.47,133.0,131.87,347676.0,132.47
2021-08-31 00:00:00,131.66,133.0,133.0,131.13,546297.0,131.66
2021-09-01 00:00:00,133.11,132.6,134.69,132.6,689421.0,133.11
2021-09-02 00:00:00,131.84,133.87,134.6,131.44,334310.0,131.84
2021-09-03 00:00:00,132.99,131.57,133.45,131.28,357963.0,132.99
2021-09-07 00:00:00,129.77,133.0,133.65,129.53,526062.0,129.77
2021-09-08 00:00:00,129.79,130.85,130.85,127.71,425651.0,129.79
2021-09-09 00:00:00,127.39,130.11,130.67,127.33,2497070.0,127.39
2021-09-10 00:00:00,125.62,127.89,128.78,125.49,1038619.0,125.62
2021-09-13 00:00:00,122.81,125.62,126.41,122.05,1736114.0,122.81
2021-09-14 00:00:00,122.44,123.94,125.07,121.92,1008833.0,122.44
2021-09-15 00:00:00,125.2,122.85,125.33,121.65,1083060.0,125.2
2021-09-16 00:00:00,125.5,125.0,125.64,123.0,635402.0,125.5
2021-09-17 00:00:00,123.14,125.16,125.58,122.53,776307.0,123.14
2021-09-20 00:00:00,120.74,120.28,121.31,118.66,644798.0,120.74
2021-09-21 00:00:00,119.93,121.45,121.47,119.49,507544.0,119.93
2021-09-22 00:00:00,121.09,120.29,122.62,119.88,773549.0,121.09
2021-09-23 00:00:00,123.84,122.33,125.33,121.32,527861.0,123.84
2021-09-24 00:00:00,123.52,122.44,124.15,122.29,348828.0,123.52
2021-09-27 00:00:00,124.08,123.05,124.72,121.83,627608.0,124.08
2021-09-28 00:00:00,121.0,122.52,123.3,118.87,751898.0,121.0
2021-09-29 00:00:00,120.0,121.56,122.7,119.64,551650.0,120.0
2021-09-30 00:00:00,119.79,120.62,121.76,119.33,796060.0,119.79
2021-10-01 00:00:00,120.51,120.4,121.28,119.71,476423.0,120.51
2021-10-04 00:00:00,117.51,119.99,120.2,114.65,1083882.0,117.51
2021-10-05 00:00:00,119.87,117.8,120.01,116.93,1353201.0,119.87
2021-10-06 00:00:00,119.59,118.02,120.12,117.195,1382768.0,119.59
2021-10-07 00:00:00,120.2,120.71,121.65,119.69,545727.0,120.2
2021-10-08 00:00:00,120.04,120.49,121.44,119.62,548202.0,120.04
2021-10-11 00:00:00,117.94,119.83,121.115,117.69,471354.0,117.94
2021-10-12 00:00:00,117.15,118.8,119.94,117.01,450963.0,117.15
2021-10-13 00:00:00,120.68,118.16,121.26,118.16,608693.0,120.68
2021-10-14 00:00:00,122.83,123.22,124.45,122.48,554195.0,122.83
2021-10-15 00:00:00,123.5,123.74,123.93,122.71,545968.0,123.5
2021-10-18 00:00:00,124.96,122.51,125.18,122.15,620156.0,124.96
2021-10-19 00:00:00,129.01,126.26,129.26,125.7,797778.0,129.01
2021-10-20 00:00:00,129.48,129.21,129.68,126.95,644202.0,129.48
2021-10-21 00:00:00,127.99,128.75,129.37,126.05,686148.0,127.99
2021-10-22 00:00:00,128.11,128.66,128.96,126.77,433960.0,128.11
2021-10-25 00:00:00,129.36,128.5,130.36,127.53,418468.0,129.36
2021-10-26 00:00:00,127.6,129.98,129.98,127.45,402490.0,127.6
2021-10-27 00:00:00,125.01,127.61,128.54,124.87,785877.0,125.01
2021-10-28 00:00:00,126.87,125.49,128.64,124.6,873915.0,126.87
2021-10-29 00:00:00,127.35,126.11,128.98,126.09,968514.0,127.35
2021-11-01 00:00:00,126.8,127.56,128.81,125.41,596155.0,126.8
2021-11-02 00:00:00,126.41,126.68,127.1,124.95,768319.0,126.41
2021-11-03 00:00:00,129.85,125.84,130.57,125.43,956455.0,129.85
2021-11-04 00:00:00,120.93,136.0,136.0,117.3,2614457.0,120.93
2021-11-05 00:00:00,125.94,121.91,127.64,121.72,1047521.0,125.94
2021-11-08 00:00:00,126.43,125.09,126.91,123.5036,728355.0,126.43
2021-11-09 00:00:00,122.37,126.02,127.61,121.78,743015.0,122.37
2021-11-10 00:00:00,120.18,121.55,122.605,119.63,754989.0,120.18
2021-11-11 00:00:00,119.79,120.97,121.07,119.55,842380.0,119.79
2021-11-12 00:00:00,121.83,120.79,121.94,119.845,579068.0,121.83
2021-11-15 00:00:00,120.05,122.0,122.36,119.31,552627.0,120.05
2021-11-16 00:00:00,122.79,119.5,123.73,118.9,892245.0,122.79
2021-11-17 00:00:00,119.64,122.47,123.885,119.63,541365.0,119.64
2021-11-18 00:00:00,117.45,119.81,120.48,116.9,565746.0,117.45
2021-11-19 00:00:00,117.33,118.21,118.655,117.29,516977.0,117.33
2021-11-22 00:00:00,115.93,117.49,118.32,114.53,680060.0,115.93
2021-11-23 00:00:00,109.72,111.13,111.595,107.63,2215808.0,109.72
2021-11-24 00:00:00,110.0,108.2,110.12,106.745,1487441.0,110.0
2021-11-26 00:00:00,105.94,108.74,110.17,105.51,609230.0,105.94
2021-11-29 00:00:00,110.32,107.87,111.84,107.0,1141062.0,110.32
2021-11-30 00:00:00,109.58,109.68,110.99,105.49,1883485.0,109.58
2021-12-01 00:00:00,108.84,111.44,112.01,108.41,1131613.0,108.84
2021-12-02 00:00:00,110.91,108.57,111.29,108.12,680848.0,110.91
2021-12-03 00:00:00,112.89,111.19,113.58,109.95,1839899.0,112.89
2021-12-06 00:00:00,116.64,113.0,117.04,111.565,1007287.0,116.64
2021-12-07 00:00:00,120.2,118.52,120.85,117.88,862913.0,120.2
2021-12-08 00:00:00,120.74,120.01,121.5899,117.08,673749.0,120.74
2021-12-09 00:00:00,119.96,120.22,122.31,119.88,699598.0,119.96
2021-12-10 00:00:00,120.57,120.86,121.85,119.01,774642.0,120.57
2021-12-13 00:00:00,122.52,120.1,123.45,120.0,783329.0,122.52
2021-12-14 00:00:00,117.31,117.74,119.8,115.09,1153345.0,117.31
2021-12-15 00:00:00,118.67,117.06,119.22,113.685,1214530.0,118.67
2021-12-16 00:00:00,115.52,119.11,119.32,115.41,1102387.0,115.52
2021-12-17 00:00:00,120.75,115.7,121.53,113.97,1756405.0,120.75
2021-12-20 00:00:00,119.92,118.9,121.22,117.725,876516.0,119.92
2021-12-21 00:00:00,120.73,120.76,121.3,119.89,576475.0,120.73
2021-12-22 00:00:00,121.08,120.81,122.51,119.89,476051.0,121.08
2021-12-23 00:00:00,120.51,121.39,121.71,120.1,392384.0,120.51
2021-12-27 00:00:00,122.6,120.56,122.67,120.265,399624.0,122.6
2021-12-28 00:00:00,122.34,123.15,123.5,121.9207,366815.0,122.34
2021-12-29 00:00:00,122.13,122.34,122.65,121.35,257011.0,122.13
2021-12-30 00:00:00,122.04,122.88,123.44,121.89,293189.0,122.04
2021-12-31 00:00:00,121.15,122.1,122.14,120.95,308173.0,121.15
2022-01-03 00:00:00,122.98,121.32,123.46,118.77,567428.0,122.98
2022-01-04 00:00:00,122.6,122.78,123.0,120.6,449863.0,122.6
2022-01-05 00:00:00,118.33,122.17,123.425,118.14,789281.0,118.33
2022-01-06 00:00:00,117.14,117.57,119.03,115.614,444443.0,117.14
2022-01-07 00:00:00,115.08,116.4,118.825,115.05,458304.0,115.08
2022-01-10 00:00:00,114.54,113.49,114.59,110.53,796540.0,114.54
2022-01-11 00:00:00,119.27,114.63,119.51,112.065,584925.0,119.27
2022-01-12 00:00:00,120.05,120.11,121.74,118.28,473696.0,120.05
2022-01-13 00:00:00,115.2,120.35,120.91,114.65,656219.0,115.2
2022-01-14 00:00:00,115.88,114.24,116.64,112.93,507716.0,115.88
2022-01-18 00:00:00,116.07,114.44,117.365,113.86,953450.0,116.07
2022-01-19 00:00:00,117.36,116.07,121.7,115.99,671425.0,117.36
2022-01-20 00:00:00,115.77,118.1,120.26,115.63,542152.0,115.77
2022-01-21 00:00:00,116.06,115.08,118.28,114.235,1191307.0,116.06
2022-01-24 00:00:00,117.6,114.4,117.62,111.43,1344991.0,117.6
2022-01-25 00:00:00,114.63,113.91,116.51,112.5608,833745.0,114.63
2022-01-26 00:00:00,113.48,116.0,117.99,112.5,1205944.0,113.48
2022-01-27 00:00:00,109.78,107.7,112.165,106.05,2068015.0,109.78
2022-01-28 00:00:00,113.41,109.92,113.52,106.885,845284.0,113.41
2022-01-31 00:00:00,116.26,112.57,116.53,112.57,730506.0,116.26
2022-02-01 00:00:00,116.15,116.43,117.12,114.605,709697.0,116.15
2022-02-02 00:00:00,116.4,116.15,116.99,114.615,468791.0,116.4
2022-02-03 00:00:00,113.63,114.5,115.41,113.12,631108.0,113.63
2022-02-04 00:00:00,115.76,113.56,116.37,113.01,493840.0,115.76
2022-02-07 00:00:00,115.17,116.53,117.8,114.885,464923.0,115.17
2022-02-08 00:00:00,114.63,114.93,115.68,113.5,569173.0,114.63
2022-02-09 00:00:00,120.11,116.22,120.21,115.905,500657.0,120.11
2022-02-10 00:00:00,118.33,117.31,120.56,117.0,567156.0,118.33
2022-02-11 00:00:00,114.15,118.84,119.14,113.64,495894.0,114.15
2022-02-14 00:00:00,111.91,113.65,114.94,111.23,502586.0,111.91
2022-02-15 00:00:00,113.2,114.46,114.46,111.43,581671.0,113.2
2022-02-16 00:00:00,114.65,112.42,114.78,111.33,517261.0,114.65
2022-02-17 00:00:00,109.54,112.93,113.85,109.24,570829.0,109.54
2022-02-18 00:00:00,108.86,109.83,110.91,107.79,974741.0,108.86
2022-02-22 00:00:00,107.05,108.01,109.8,106.565,697942.0,107.05
2022-02-23 00:00:00,106.54,107.85,108.573,106.46,1067241.0,106.54
2022-02-24 00:00:00,109.85,103.83,109.92,103.4404,804790.0,109.85
2022-02-25 00:00:00,111.52,110.08,111.53,107.865,494998.0,111.52
2022-02-28 00:00:00,111.28,110.47,112.5,108.945,677384.0,111.28
2022-03-01 00:00:00,110.13,111.7,113.44,109.33,462319.0,110.13
2022-03-02 00:00:00,111.76,110.63,113.315,109.055,499636.0,111.76
2022-03-03 00:00:00,109.0,112.49,113.03,108.36,567174.0,109.0
2022-03-04 00:00:00,107.99,109.02,109.2,106.23,480873.0,107.99
2022-03-07 00:00:00,104.86,108.17,109.45,104.83,772458.0,104.86
2022-03-08 00:00:00,104.45,104.23,106.13,101.645,688807.0,104.45
2022-03-09 00:00:00,109.3,106.92,109.62,106.62,592419.0,109.3
2022-03-10 00:00:00,106.82,107.21,108.16,105.57,276794.0,106.82
2022-03-11 00:00:00,103.94,107.72,107.72,103.87,357205.0,103.94
2022-03-14 00:00:00,101.51,104.14,105.2125,100.602,374085.0,101.51
2022-03-15 00:00:00,105.95,102.42,106.14,101.71,656619.0,105.95
2022-03-16 00:00:00,109.74,107.03,109.96,105.58,716811.0,109.74
2022-03-17 00:00:00,110.73,109.51,111.95,109.14,657744.0,110.73
2022-03-18 00:00:00,111.42,110.32,112.01,109.7,882050.0,111.42
2022-03-21 00:00:00,110.67,110.75,111.14,109.09,550529.0,110.67
2022-03-22 00:00:00,111.59,110.53,111.86,109.84,646955.0,111.59
2022-03-23 00:00:00,107.15,110.88,110.88,107.14,523727.0,107.15
2022-03-24 00:00:00,108.01,107.97,108.53,106.28,427798.0,108.01
2022-03-25 00:00:00,107.32,108.69,108.84,106.7,559221.0,107.32
2022-03-28 00:00:00,107.95,107.28,108.48,106.21,852730.0,107.95
2022-03-29 00:00:00,111.89,109.5,111.95,109.45,948428.0,111.89
2022-03-30 00:00:00,109.19,111.09,111.785,108.81,374577.0,109.19
2022-03-31 00:00:00,107.72,109.23,109.72,107.5,626816.0,107.72
2022-04-01 00:00:00,106.77,108.55,109.32,105.49,554002.0,106.77
2022-04-04 00:00:00,108.75,107.28,109.47,106.85,523431.0,108.75
2022-04-05 00:00:00,105.03,108.54,108.76,104.64,574008.0,105.03
2022-04-06 00:00:00,100.98,103.18,104.71,100.73,680033.0,100.98
2022-04-07 00:00:00,104.0,100.64,104.2,100.64,811611.0,104.0
2022-04-08 00:00:00,103.5,103.46,104.42,101.79,727056.0,103.5
2022-04-11 00:00:00,101.36,102.77,104.26,101.14,720049.0,101.36
2022-04-12 00:00:00,100.56,102.77,104.32,100.33,488446.0,100.56
2022-04-13 00:00:00,101.57,100.32,102.56,99.69,805868.0,101.57
2022-04-14 00:00:00,98.71,102.25,102.33,98.6,544201.0,98.71
2022-04-18 00:00:00,99.31,98.44,100.13,97.0,549743.0,99.31
2022-04-19 00:00:00,99.92,99.38,100.78,98.82,478701.0,99.92
2022-04-20 00:00:00,102.45,101.23,104.96,100.25,1003689.0,102.45
2022-04-21 00:00:00,101.45,103.73,105.66,100.48,841751.0,101.45
2022-04-22 00:00:00,99.12,100.83,102.53,99.05,978543.0,99.12
2022-04-25 00:00:00,99.9,99.06,101.06,98.98,859411.0,99.9
2022-04-26 00:00:00,97.88,99.57,100.36,96.93,809631.0,97.88
2022-04-27 00:00:00,97.62,98.01,100.1,96.55,1362517.0,97.62
2022-04-28 00:00:00,114.39,116.19,118.49,109.0,2684456.0,114.39
2022-04-29 00:00:00,114.21,114.1,116.81,112.07,1469066.0,114.21
2022-05-02 00:00:00,114.87,113.99,115.94,111.75,1128148.0,114.87
2022-05-03 00:00:00,114.59,114.62,116.66,114.04,1164861.0,114.59
2022-05-04 00:00:00,118.01,114.68,118.18,112.4,1107508.0,118.01
2022-05-05 00:00:00,112.15,116.44,117.47,111.03,890040.0,112.15
2022-05-06 00:00:00,110.41,111.58,112.0,108.5,702538.0,110.41
2022-05-09 00:00:00,106.55,108.58,109.7,105.7,942583.0,106.55
2022-05-10 00:00:00,107.51,108.51,109.1,104.17,886918.0,107.51
2022-05-11 00:00:00,102.91,107.03,109.15,102.47,954436.0,102.91
2022-05-12 00:00:00,106.32,101.71,106.66,101.51,785052.0,106.32
2022-05-13 00:00:00,109.55,107.44,110.23,106.42,1355698.0,109.55
2022-05-16 00:00:00,108.98,109.24,109.7,107.32,524307.0,108.98
2022-05-17 00:00:00,111.94,111.3,112.51,108.19,643853.0,111.94
2022-05-18 00:00:00,107.42,110.54,111.4,107.07,435333.0,107.42
2022-05-19 00:00:00,109.51,107.34,110.98,107.17,743410.0,109.51
2022-05-20 00:00:00,113.42,111.12,113.59,109.67,921283.0,113.42
2022-05-23 00:00:00,112.96,113.42,113.48,110.14,469346.0,112.96
2022-05-24 00:00:00,108.67,111.65,112.01,106.59,844352.0,108.67
2022-05-25 00:00:00,109.36,107.58,110.75,106.18,1186384.0,109.36
