date,close,open,high,low,volume,adjclose
2012-05-14 00:00:00,40.1800003,40.6599998,40.8566666,39.9933319,5066400.0,36.3096237
2012-05-15 00:00:00,39.4766655,40.0933342,40.1333313,39.253334,8782800.0,35.6740379
2012-05-16 00:00:00,39.3433342,39.8499985,39.873333,39.25,3664200.0,35.6710243
2012-05-17 00:00:00,38.5233345,39.4099998,39.4099998,38.2266655,5698800.0,34.9275665
2012-05-18 00:00:00,38.6899986,38.6666679,39.0566673,38.6033325,6457800.0,35.0786667
2012-05-21 00:00:00,39.6066666,38.623333,39.7033348,38.5600014,3790800.0,35.9097748
2012-05-22 00:00:00,39.7133331,39.7666664,40.0999985,39.5666656,3987900.0,36.0064964
2012-05-23 00:00:00,41.4333344,39.7133331,41.6666679,39.5699997,7500000.0,37.5659561
2012-05-24 00:00:00,41.7766685,41.503334,41.8400002,41.2366676,5476200.0,37.8772316
2012-05-25 00:00:00,42.1033325,41.5166664,42.1433334,41.5166664,3315000.0,38.1734009
2012-05-29 00:00:00,43.1566658,42.376667,43.1800003,42.3033333,4095600.0,39.128418
2012-05-30 00:00:00,42.5,42.7833328,42.9366684,42.1199989,3945000.0,38.5330391
2012-05-31 00:00:00,43.2133331,42.5966682,43.4166679,42.0866661,4307700.0,39.1798058
2012-06-01 00:00:00,41.5366669,42.5966682,42.7400017,41.5233345,7753500.0,37.659626
2012-06-04 00:00:00,41.9566689,41.5766678,42.0166664,41.0133324,4565700.0,38.0404358
2012-06-05 00:00:00,42.7599983,41.8800011,42.8533325,41.5800018,4316100.0,38.7687798
2012-06-06 00:00:00,42.9433327,42.2033348,43.003334,42.0699997,8616900.0,38.9349976
2012-06-07 00:00:00,43.3566666,43.1599998,43.8133316,43.0433311,4835400.0,39.309761
2012-06-08 00:00:00,43.8066673,43.246666,44.1533318,43.0233345,4597800.0,39.7177391
2012-06-11 00:00:00,43.4033318,44.1433334,44.1666679,43.3600006,2819400.0,39.3520584
2012-06-12 00:00:00,44.3366661,43.5566673,44.4099998,43.4700012,4389900.0,40.1982803
2012-06-13 00:00:00,43.3300018,43.7000008,43.8333321,43.2666664,5910600.0,39.2855759
2012-06-14 00:00:00,43.1066666,43.4333344,43.6533318,42.6666679,5699100.0,39.0830841
2012-06-15 00:00:00,43.1800003,43.3466682,43.4633331,43.1100006,4531200.0,39.1495743
2012-06-18 00:00:00,44.0933342,43.0833321,44.1933327,42.9399986,2868600.0,39.9776649
2012-06-19 00:00:00,43.9466667,44.3666687,44.6566658,43.9000015,4539900.0,39.8446884
2012-06-20 00:00:00,43.503334,43.9900017,44.0,43.1666679,2958300.0,39.4427261
2012-06-21 00:00:00,42.1300011,43.5,43.5400009,42.0600014,4782900.0,38.1975822
2012-06-22 00:00:00,42.623333,42.2599983,42.7766685,41.876667,3044400.0,38.6448708
2012-06-25 00:00:00,42.4533348,42.4566689,42.4933319,41.7999992,3208800.0,38.4907379
2012-06-26 00:00:00,43.4333344,42.5866661,43.7133331,42.5533333,3317400.0,39.3792648
2012-06-27 00:00:00,43.1633339,43.5266685,43.7400017,42.9866676,2825400.0,39.1344528
2012-06-28 00:00:00,43.3833313,42.9166679,43.4533348,42.4766655,3548400.0,39.3339233
2012-06-29 00:00:00,44.1166687,44.0400009,44.126667,43.5633316,3109800.0,39.9988213
2012-07-02 00:00:00,44.0866661,44.0999985,44.3333321,43.2799988,3282300.0,39.9716187
2012-07-03 00:00:00,44.1633339,44.0833321,44.1800003,43.5933342,1162800.0,40.0411224
2012-07-05 00:00:00,44.3300018,44.0833321,44.4733315,43.7900009,2236500.0,40.1922493
2012-07-06 00:00:00,44.2733345,44.1066666,44.3566666,43.7566681,2483400.0,40.1408615
2012-07-09 00:00:00,43.4000015,44.0,44.0,42.8300018,3166500.0,39.3490372
2012-07-10 00:00:00,43.2700005,43.4799995,44.0833321,43.0,3743700.0,39.2311592
2012-07-11 00:00:00,42.7099991,43.3266678,43.3666687,42.5,3289500.0,38.7234344
2012-07-12 00:00:00,42.9500008,42.5933342,43.1899986,42.2433319,3019200.0,38.9410439
2012-07-13 00:00:00,43.3800011,43.1733322,43.7099991,43.123333,3771600.0,39.3309059
2012-07-16 00:00:00,42.4099998,43.0499992,43.4433327,42.3199997,5190300.0,38.4514389
2012-07-17 00:00:00,42.9066658,42.7666664,43.0200005,42.3033333,4159200.0,38.9017525
2012-07-18 00:00:00,42.5499992,42.7133331,42.9433327,42.3699989,5592600.0,38.578392
2012-07-19 00:00:00,44.1433334,41.1666679,44.1699982,40.9300003,14193000.0,40.0229912
2012-07-20 00:00:00,43.8566666,43.8633347,44.3233337,43.4666672,6683100.0,39.763092
2012-07-23 00:00:00,43.7166672,43.1666679,43.9333344,42.8966675,2590500.0,39.636158
2012-07-24 00:00:00,43.8466682,43.7166672,43.9500008,43.4266663,2399700.0,39.7540131
2012-07-25 00:00:00,43.2033348,43.9599991,44.0900002,42.6399994,3771600.0,39.170742
2012-07-26 00:00:00,44.3899994,43.7599983,44.6333313,43.7333336,4981200.0,40.2466354
2012-07-27 00:00:00,45.0800018,44.5433311,45.3333321,44.2633324,3744300.0,40.8722343
2012-07-30 00:00:00,45.1466675,45.1199989,45.3866653,44.9633331,1773600.0,40.9326706
2012-07-31 00:00:00,44.7833328,45.0099983,45.1733322,44.5999985,1848900.0,40.6032486
2012-08-01 00:00:00,44.4866676,44.876667,45.2333336,44.2933311,1781700.0,40.3342819
2012-08-02 00:00:00,44.7900009,44.3366661,44.9099998,44.0966682,1751700.0,40.6093102
2012-08-03 00:00:00,45.3600006,45.2666664,45.6166687,45.1366653,2300400.0,41.1261024
2012-08-06 00:00:00,45.1366653,45.5566673,45.5566673,44.9900017,1512000.0,40.9236107
2012-08-07 00:00:00,46.2599983,45.6433334,46.3199997,45.6066666,4623900.0,41.9420815
2012-08-08 00:00:00,46.9333344,46.0966682,47.0566673,46.0,4160700.0,42.5525703
2012-08-09 00:00:00,47.0433311,46.9866676,47.4300003,46.7233315,4110600.0,42.6523056
2012-08-10 00:00:00,47.1466675,46.9166679,47.1466675,46.5366669,1633500.0,42.7459984
2012-08-13 00:00:00,46.9933319,46.996666,47.1633339,46.6866684,1941000.0,42.6069756
2012-08-14 00:00:00,47.1199989,46.9233322,47.1866684,46.7799988,1932900.0,42.721817
2012-08-15 00:00:00,46.123333,47.0666656,47.1399994,46.0,3142200.0,41.933857
2012-08-16 00:00:00,46.376667,46.1199989,46.5333328,46.1133347,3336300.0,42.1641998
2012-08-17 00:00:00,46.8899994,46.8533325,47.1466675,46.8499985,1631700.0,42.6308861
2012-08-20 00:00:00,46.623333,46.8899994,46.9266663,46.2200012,2080500.0,42.3884506
2012-08-21 00:00:00,45.9333344,46.6333313,46.7866669,45.7666664,4181400.0,41.761116
2012-08-22 00:00:00,46.4566689,45.6333313,46.4666672,45.5,4053600.0,42.236927
2012-08-23 00:00:00,46.6033325,46.4300003,46.9766655,46.246666,2242200.0,42.3702698
2012-08-24 00:00:00,47.5433311,46.6599998,47.7933311,46.5066681,4652100.0,43.2248878
2012-08-27 00:00:00,47.5333328,47.4466667,47.7200012,47.2333336,2373000.0,43.2158051
2012-08-28 00:00:00,47.503334,47.4566689,47.6933327,47.1433334,1805400.0,43.18853
2012-08-29 00:00:00,48.1766663,47.5533333,48.2999992,47.5099983,2242800.0,43.8006897
2012-08-30 00:00:00,47.3333321,48.1199989,48.1300011,47.3333321,2341200.0,43.0339508
2012-08-31 00:00:00,47.6933327,47.6466675,47.9766655,47.5066681,2079900.0,43.3612747
2012-09-04 00:00:00,47.7133331,47.7233315,47.9766655,47.2966652,1533000.0,43.3794518
2012-09-05 00:00:00,47.3433342,47.8166656,47.9533348,47.2333336,1582500.0,43.0430527
2012-09-06 00:00:00,48.0533333,47.6666679,48.2200012,47.4366684,1946100.0,43.6885643
2012-09-07 00:00:00,47.7433319,47.5066681,48.3033333,47.503334,1790100.0,43.4067039
2012-09-10 00:00:00,47.9166679,47.7266655,48.2766685,47.6933327,1778400.0,43.5643234
2012-09-11 00:00:00,47.2833328,47.8899994,47.9733315,47.2833328,1957800.0,42.9884987
2012-09-12 00:00:00,48.0166664,47.4700012,48.253334,47.2666664,1953600.0,43.6552238
2012-09-13 00:00:00,48.5633316,48.0800018,48.7999992,47.5833321,2472900.0,44.1522408
2012-09-14 00:00:00,48.7400017,48.5366669,48.8333321,48.2099991,3344700.0,44.3128586
2012-09-17 00:00:00,48.6699982,48.7433319,48.7900009,48.3533325,1245900.0,44.2492104
2012-09-18 00:00:00,48.496666,48.746666,48.746666,48.3166656,1290300.0,44.091629
2012-09-19 00:00:00,49.6833344,48.6199989,50.1399994,48.4266663,3845700.0,45.1705093
2012-09-20 00:00:00,49.3633347,49.5900002,49.6399994,49.0900002,2028600.0,44.8795738
2012-09-21 00:00:00,50.0200005,49.6366653,50.2666664,49.5466652,2860500.0,45.4765968
2012-09-24 00:00:00,49.7999992,50.0233345,50.0833321,49.5666656,2233800.0,45.2765884
2012-09-25 00:00:00,49.2766685,49.9033318,50.2200012,49.2433319,2291400.0,44.8007774
2012-09-26 00:00:00,48.7700005,49.2433319,49.5733337,48.7233315,2762700.0,44.3401375
2012-09-27 00:00:00,49.5766678,48.8666687,49.8366661,48.8333321,2103600.0,45.0735321
2012-09-28 00:00:00,49.6366653,49.5433311,49.7200012,49.1066666,2207700.0,45.1280708
2012-10-01 00:00:00,49.4000015,49.7999992,49.9199982,49.126667,2571600.0,44.9129105
2012-10-02 00:00:00,49.5266685,49.6766663,50.0733337,49.123333,2319000.0,45.0280724
2012-10-03 00:00:00,50.9366684,49.496666,50.9666672,49.3699989,2949300.0,46.3100052
2012-10-04 00:00:00,51.4533348,51.2200012,51.9666672,50.9366684,3502200.0,46.7797279
2012-10-05 00:00:00,51.8966675,51.6833344,52.1666679,51.5833321,2230200.0,47.1827965
2012-10-08 00:00:00,50.7433319,51.7000008,51.9866676,50.6100006,2837700.0,46.1342239
2012-10-09 00:00:00,49.9599991,50.4833336,50.6366653,49.8433342,2744700.0,45.4220352
2012-10-10 00:00:00,50.1433334,49.9933319,50.3933334,49.5999985,2043900.0,45.588726
2012-10-11 00:00:00,49.7633324,50.4133339,50.7366676,49.5900002,1593000.0,45.243248
2012-10-12 00:00:00,49.7400017,49.7900009,50.25,49.5900002,1478400.0,45.2220192
2012-10-15 00:00:00,50.5133324,49.7733345,50.5766678,49.4233322,1765200.0,45.9251137
2012-10-16 00:00:00,51.1933327,50.8166656,51.3300018,50.5633316,2382900.0,46.5433617
2012-10-17 00:00:00,51.4033318,51.5066681,51.8333321,51.123333,2553600.0,46.7342834
2012-10-18 00:00:00,51.0099983,51.2000008,51.496666,50.6833344,2395200.0,46.3766556
2012-10-19 00:00:00,50.1699982,50.9399986,51.0,50.0833321,2739000.0,45.6129684
2012-10-22 00:00:00,50.2000008,49.8699989,50.7166672,49.75,1760700.0,45.6402435
2012-10-23 00:00:00,49.7966652,49.8466682,50.1199989,48.9466667,3678000.0,45.2735519
2012-10-24 00:00:00,50.5866661,50.1133347,50.8033333,49.9366684,3526800.0,45.9917908
2012-10-25 00:00:00,46.6666679,49.6166687,49.9733315,46.3300018,11451000.0,42.4278526
2012-10-26 00:00:00,46.5433311,46.6066666,46.9466667,46.1199989,5593200.0,42.3157196
2012-10-31 00:00:00,47.5266685,47.3666687,48.0733337,46.8566666,3775500.0,43.2097321
2012-11-01 00:00:00,47.8633347,47.6633339,48.1366653,47.253334,2768400.0,43.5158234
2012-11-02 00:00:00,47.3333321,48.0,48.2933311,47.3066673,2248200.0,43.0339508
2012-11-05 00:00:00,48.0,47.1699982,48.0466652,46.8833313,2386200.0,43.6400681
2012-11-06 00:00:00,47.7733345,48.1333313,48.2599983,47.6133347,2113200.0,43.4340019
2012-11-07 00:00:00,47.9566689,47.5499992,48.25,46.9799995,3633600.0,43.6006737
2012-11-08 00:00:00,47.3233337,47.8533325,48.0099983,47.3066673,2016600.0,43.0248718
2012-11-09 00:00:00,46.9466667,47.2433319,47.5966682,46.7066689,2092500.0,42.6824036
2012-11-12 00:00:00,49.6866684,48.2599983,50.5866661,47.8666687,9294900.0,45.1735458
2012-11-13 00:00:00,50.6833344,49.8433342,51.4533348,49.3666687,6523800.0,46.0796814
2012-11-14 00:00:00,49.8366661,50.5066681,50.6100006,49.6633339,3015300.0,45.4264297
2012-11-15 00:00:00,49.6366653,49.7599983,50.3600006,49.0699997,3571800.0,45.244133
2012-11-16 00:00:00,50.5233345,49.5400009,51.0800018,49.2333336,5989800.0,46.0523415
2012-11-19 00:00:00,52.3366661,50.7799988,52.3600006,50.7133331,3903900.0,47.705204
2012-11-20 00:00:00,52.6566658,52.1366653,52.8800011,52.0,2698500.0,47.9968796
2012-11-21 00:00:00,52.4799995,52.75,53.2666664,52.3233337,2312400.0,47.8358612
2012-11-23 00:00:00,52.8633347,52.7200012,53.0,52.4466667,1143600.0,48.185257
2012-11-26 00:00:00,52.6633339,52.8666687,53.0,52.4466667,3054900.0,48.0029449
2012-11-27 00:00:00,52.3833313,52.5299988,52.8366661,52.3666687,2571000.0,47.7477341
2012-11-28 00:00:00,52.1833344,51.7733345,52.3433342,51.1133347,3912000.0,47.5654373
2012-11-29 00:00:00,51.2266655,52.3800011,52.3800011,51.1599998,4917300.0,46.693428
2012-11-30 00:00:00,50.8400002,51.2066689,51.8066673,50.8400002,8063400.0,46.3409805
2012-12-03 00:00:00,50.7366676,50.9300003,51.4066658,50.1766663,3313500.0,46.2467842
2012-12-04 00:00:00,50.3833313,50.8933334,51.2433319,50.3400002,2613300.0,45.9247208
2012-12-05 00:00:00,49.9700012,50.4233322,50.5400009,49.4300003,2953200.0,45.5479813
2012-12-06 00:00:00,50.4066658,50.003334,50.4866676,49.4866676,2801400.0,45.9459839
2012-12-07 00:00:00,49.6466675,50.5499992,50.6166687,49.1133347,3325800.0,45.2532387
2012-12-10 00:00:00,49.9266663,49.4033318,50.1699982,49.3166656,2080800.0,45.508461
2012-12-11 00:00:00,49.9599991,49.996666,50.3300018,49.8300018,2260200.0,45.5388489
2012-12-12 00:00:00,49.2900009,50.0133324,50.1599998,49.126667,2688000.0,44.9281502
2012-12-13 00:00:00,49.0900002,49.2099991,49.8899994,48.8300018,2691000.0,44.7458458
2012-12-14 00:00:00,49.4099998,49.0099983,49.5466652,48.996666,2643600.0,45.0375252
2012-12-17 00:00:00,51.1433334,49.8566666,51.1699982,49.5,3818700.0,46.6174545
2012-12-18 00:00:00,50.7433319,51.3600006,51.3933334,50.3433342,3354600.0,46.2528572
2012-12-19 00:00:00,49.9766655,50.8833313,50.8833313,49.9599991,3494400.0,45.5540504
2012-12-20 00:00:00,50.8066673,50.0999985,50.8133316,49.623333,3310800.0,46.3105888
2012-12-21 00:00:00,50.5099983,49.9833336,50.8233337,49.9833336,3444900.0,46.040184
2012-12-24 00:00:00,50.8899994,50.4133339,51.0766678,50.2833328,1061100.0,46.3865547
2012-12-26 00:00:00,50.8666687,50.8866653,51.1800003,50.5433311,1753800.0,46.3652763
2012-12-27 00:00:00,50.9099998,50.996666,51.0633316,50.1100006,1835100.0,46.404789
2012-12-28 00:00:00,50.3466682,50.5366669,50.9199982,50.2833328,1730100.0,45.891304
2012-12-31 00:00:00,51.2733345,50.126667,51.5333328,50.1066666,2525400.0,46.7359619
2013-01-02 00:00:00,52.2266655,51.996666,52.4666672,51.5800018,5195400.0,47.6049271
2013-01-03 00:00:00,51.7133331,52.2233315,52.8233337,51.5999985,2838000.0,47.1370239
2013-01-04 00:00:00,52.9333344,52.0800018,53.9133339,52.0800018,3327900.0,48.249054
2013-01-07 00:00:00,52.8300018,52.746666,52.876667,52.3899994,2156700.0,48.1548691
2013-01-08 00:00:00,53.6533318,52.8633347,53.6533318,52.7433319,3461100.0,48.9053383
2013-01-09 00:00:00,54.0566673,53.7599983,54.3800011,53.2900009,3315900.0,49.2729912
2013-01-10 00:00:00,54.1199989,54.1666679,54.1933327,53.4500008,2940300.0,49.3307037
2013-01-11 00:00:00,53.7599983,53.7766685,53.8100014,53.4366684,2616300.0,49.0025787
2013-01-14 00:00:00,53.7266655,53.8199997,54.1133347,53.5966682,1754700.0,48.9721794
2013-01-15 00:00:00,53.6733322,53.6433334,53.7733345,53.4333344,1374300.0,48.923584
2013-01-16 00:00:00,53.8133316,53.5666656,53.9566689,53.5233345,1584300.0,49.0511856
2013-01-17 00:00:00,54.2799988,54.0566673,54.3633347,53.9900017,1566000.0,49.4765549
2013-01-18 00:00:00,54.6733322,54.4133339,54.7433319,53.9266663,2851500.0,49.835083
2013-01-22 00:00:00,54.5666656,54.753334,54.8233337,54.3066673,2531400.0,49.7378426
2013-01-23 00:00:00,54.9366684,54.4633331,54.9500008,54.4633331,2171100.0,50.0751114
2013-01-24 00:00:00,55.2633324,55.0,55.746666,54.9399986,2748600.0,50.3728714
2013-01-25 00:00:00,55.1699982,55.4599991,55.6166687,55.0333328,2355600.0,50.2877998
2013-01-28 00:00:00,54.6966667,55.0600014,55.2033348,54.4199982,2183400.0,49.8563499
2013-01-29 00:00:00,54.3866653,54.6033325,54.7666664,54.0866661,2321100.0,49.5737839
2013-01-30 00:00:00,54.1033325,54.5299988,54.8666687,53.8499985,3636900.0,49.3155174
2013-01-31 00:00:00,54.0466652,53.4166679,54.9133339,53.2700005,5520000.0,49.2638702
2013-02-01 00:00:00,54.6133347,54.2333336,54.9000015,54.0833321,2528100.0,49.7803955
2013-02-04 00:00:00,54.4133339,54.25,54.7200012,54.1666679,2890800.0,49.5980911
2013-02-05 00:00:00,54.3866653,54.6100006,54.7299995,53.9199982,2199600.0,49.5737839
2013-02-06 00:00:00,54.3366661,54.3333321,54.5833321,53.8800011,2132400.0,49.5282173
2013-02-07 00:00:00,54.2966652,54.2566681,54.4566689,53.5833321,1616700.0,49.4917526
2013-02-08 00:00:00,54.5900002,54.3800011,54.6666679,54.2266655,1139100.0,49.7591286
2013-02-11 00:00:00,54.8333321,54.4799995,54.8966675,54.2166672,1678800.0,49.9809189
2013-02-12 00:00:00,54.8899994,54.2999992,55.0,54.0866661,2105400.0,50.0325699
2013-02-13 00:00:00,55.1500015,55.0,55.2333336,54.8566666,1356900.0,50.2695656
2013-02-14 00:00:00,54.5566673,55.0566673,55.1633339,54.3800011,2083200.0,49.7287483
2013-02-15 00:00:00,55.5666656,54.7766685,55.7566681,54.7766685,2998800.0,50.6493568
2013-02-19 00:00:00,54.7000008,55.4000015,55.5,54.0699997,2621400.0,49.8593941
2013-02-20 00:00:00,53.1100006,54.7000008,54.7000008,53.0766678,2779200.0,48.4100914
2013-02-21 00:00:00,51.9700012,52.8333321,52.9233322,51.5566673,3718200.0,47.5201073
2013-02-22 00:00:00,52.6166687,52.3333321,52.6599998,51.5999985,3208200.0,48.1114006
2013-02-25 00:00:00,51.4466667,52.8300018,53.1399994,51.4233322,2955000.0,47.0415764
2013-02-26 00:00:00,51.9799995,51.4566689,52.2166672,51.3133316,2943900.0,47.5292473
2013-02-27 00:00:00,53.7433319,52.0900002,53.9399986,52.0333328,3312600.0,49.1415939
2013-02-28 00:00:00,53.8633347,53.7433319,54.4866676,53.7000008,4348500.0,49.2513161
2013-03-01 00:00:00,54.1599998,53.496666,54.5766678,53.2433319,2803800.0,49.5225906
2013-03-04 00:00:00,55.126667,53.9833336,55.126667,53.9366684,2478600.0,50.4064827
2013-03-05 00:00:00,54.9533348,55.4166679,55.8333321,54.8033333,2279400.0,50.2480011
2013-03-06 00:00:00,54.5900002,55.2299995,55.4466667,54.3366661,2117400.0,49.91576
2013-03-07 00:00:00,54.9466667,54.7133331,55.1633339,54.6399994,1525500.0,50.2419014
2013-03-08 00:00:00,55.2933311,55.1766663,55.4566689,54.6399994,1374300.0,50.5588837
2013-03-11 00:00:00,55.9099998,55.3866653,55.9633331,55.3366661,1611000.0,51.1227455
2013-03-12 00:00:00,55.876667,56.0533333,56.3333321,55.6500015,2075100.0,51.0922585
2013-03-13 00:00:00,56.3666687,55.6800003,56.7200012,55.6566658,2320200.0,51.5403099
2013-03-14 00:00:00,56.3566666,56.5166664,57.0833321,56.2200012,2442900.0,51.5311584
2013-03-15 00:00:00,56.2266655,56.2033348,56.6966667,56.126667,3518700.0,51.4122925
2013-03-18 00:00:00,56.6300011,55.9900017,56.8499985,55.5833321,1639200.0,51.7810936
2013-03-19 00:00:00,56.4933319,56.7099991,56.9433327,56.0499992,1317000.0,51.6561203
2013-03-20 00:00:00,57.373333,56.6766663,57.4666672,56.6199989,1406700.0,52.4607697
2013-03-21 00:00:00,56.3033333,57.0433311,57.3300018,56.2900009,1871400.0,51.4823914
2013-03-22 00:00:00,56.0566673,56.4199982,56.9033318,55.9566689,1519200.0,51.256855
2013-03-25 00:00:00,56.0699997,56.3466682,56.7166672,55.7799988,1366500.0,51.2690392
2013-03-26 00:00:00,56.4700012,56.5733337,56.6933327,56.1433334,1667400.0,51.6347885
2013-03-27 00:00:00,56.4266663,56.1666679,56.4866676,55.876667,1299300.0,51.5951729
2013-03-28 00:00:00,56.2966652,56.4000015,56.6666679,56.0099983,1641300.0,51.4763031
2013-04-01 00:00:00,55.8566666,56.123333,56.496666,55.6733322,1880700.0,51.0739861
2013-04-02 00:00:00,55.9700012,56.1766663,56.1766663,55.6433334,1346700.0,51.1776085
2013-04-03 00:00:00,54.9833336,56.0900002,56.1599998,54.0733337,2706300.0,50.2754288
2013-04-04 00:00:00,55.2066689,55.1133347,55.4833336,54.7333336,1591800.0,50.4796257
2013-04-05 00:00:00,55.2733345,54.496666,55.2933311,54.2133331,1719600.0,50.5405922
2013-04-08 00:00:00,55.2766685,55.2066689,55.4866676,54.6833344,1557000.0,50.5436287
2013-04-09 00:00:00,55.4466667,55.4199982,55.5533333,54.7966652,1440000.0,50.6990852
2013-04-10 00:00:00,56.0900002,55.4866676,56.1466675,55.2400017,1494000.0,51.2873306
2013-04-11 00:00:00,57.0066681,56.0566673,57.2133331,55.876667,2255100.0,52.1255112
2013-04-12 00:00:00,56.9133339,56.753334,57.2666664,56.4866676,1857000.0,52.0401688
2013-04-15 00:00:00,56.2033348,57.5366669,58.2900009,56.123333,3779100.0,51.3909683
2013-04-16 00:00:00,58.1766663,56.5833321,58.4866676,56.5833321,4722000.0,53.1953316
2013-04-17 00:00:00,56.9633331,57.9333344,58.2799988,56.8266678,4896600.0,52.0858841
2013-04-18 00:00:00,58.2933311,56.6633339,59.003334,56.2033348,5658600.0,53.3020096
2013-04-19 00:00:00,59.6800003,58.3333321,59.9366684,58.1933327,4623000.0,54.5699463
2013-04-22 00:00:00,60.2299995,59.3100014,60.4233322,58.9166679,2130900.0,55.0728455
2013-04-23 00:00:00,60.4833336,60.3666687,60.7799988,59.9433327,3212100.0,55.3044853
2013-04-24 00:00:00,60.3433342,60.5999985,60.8699989,60.2033348,1504800.0,55.1764755
2013-04-25 00:00:00,61.4099998,60.7000008,61.5933342,60.5666656,2682300.0,56.1518097
2013-04-26 00:00:00,61.0733337,61.4266663,61.5166664,60.4099998,2022900.0,55.8439674
2013-04-29 00:00:00,60.9033318,61.123333,61.1899986,60.626667,1560900.0,55.6885262
2013-04-30 00:00:00,61.0366669,60.7433319,61.0433311,60.2799988,1726500.0,55.8104439
2013-05-01 00:00:00,60.3666687,60.8333321,61.0699997,60.3266678,1495200.0,55.1978188
2013-05-02 00:00:00,61.376667,60.6399994,61.5633316,60.5900002,1473000.0,56.1213264
2013-05-03 00:00:00,62.6599998,61.6666679,62.7633324,61.6666679,2114100.0,57.2947769
2013-05-06 00:00:00,62.5900002,62.6533318,62.6933327,62.0099983,1548900.0,57.2307663
2013-05-07 00:00:00,63.0933342,62.5666656,63.2299995,62.4599991,1849200.0,57.6910019
2013-05-08 00:00:00,63.2066689,63.0800018,63.3266678,62.8433342,1359900.0,57.794632
2013-05-09 00:00:00,62.7999992,63.2633324,63.3800011,62.7799988,1947600.0,57.4227829
2013-05-10 00:00:00,62.6666679,62.8933334,63.2200012,62.5566673,1891800.0,57.3008728
2013-05-13 00:00:00,62.5666656,62.5900002,62.7200012,62.2799988,2262900.0,57.2094307
2013-05-14 00:00:00,64.5133362,62.5933342,64.8499985,62.5933342,3277200.0,58.9894257
2013-05-15 00:00:00,64.5199966,64.3866653,64.6666641,64.0333328,1613400.0,59.1483269
2013-05-16 00:00:00,63.3266678,64.4100037,64.4100037,63.1566658,1881600.0,58.0543442
2013-05-17 00:00:00,63.6066666,63.5833321,63.9633331,63.3433342,1695300.0,58.3110199
2013-05-20 00:00:00,62.9033318,63.4900017,63.8133316,62.6733322,1857300.0,57.6662483
2013-05-21 00:00:00,63.3166656,62.8166656,63.6133347,62.8166656,1254600.0,58.0451698
2013-05-22 00:00:00,62.376667,63.3333321,63.7066689,62.1833344,1853400.0,57.1834297
2013-05-23 00:00:00,62.0266685,61.8033333,62.7066689,61.3899994,1685700.0,56.8625793
2013-05-24 00:00:00,63.0666656,62.6800003,63.2599983,62.0433311,1647600.0,57.8159828
2013-05-28 00:00:00,63.9666672,63.6800003,64.4066696,63.626667,1941000.0,58.6410484
2013-05-29 00:00:00,63.3300018,63.3433342,63.9166679,63.0933342,1668600.0,58.0573883
2013-05-30 00:00:00,63.6466675,63.4333344,64.0999985,63.3666687,1788300.0,58.3476982
2013-05-31 00:00:00,62.8433342,63.4566689,63.9633331,62.8433342,2142300.0,57.611248
2013-06-03 00:00:00,62.4333344,62.8333321,63.0233345,61.5166664,1920600.0,57.2353859
2013-06-04 00:00:00,60.8666687,62.1300011,62.6066666,60.7133331,1983300.0,55.7991486
2013-06-05 00:00:00,59.6433334,60.4000015,60.9333344,59.3366661,2527200.0,54.6776772
2013-06-06 00:00:00,60.496666,59.5133324,60.5266685,59.373333,2090400.0,55.4599571
2013-06-07 00:00:00,61.0866661,61.1599998,61.2900009,60.6100006,1275300.0,56.0008354
2013-06-10 00:00:00,61.2900009,61.2866669,61.3266678,60.8233337,1228800.0,56.1872444
2013-06-11 00:00:00,60.4799995,60.4766655,61.3433342,60.2866669,1405500.0,55.4446793
2013-06-12 00:00:00,59.4066658,60.5800018,60.9300003,59.3133316,1510800.0,54.4607162
2013-06-13 00:00:00,61.4933319,59.4033318,61.5966682,59.1666679,1499400.0,56.3736382
2013-06-14 00:00:00,61.0299988,61.3466682,61.5,60.8133316,1196700.0,55.9488945
2013-06-17 00:00:00,61.1566658,61.4766655,61.5200005,60.6333313,1637700.0,56.0650024
2013-06-18 00:00:00,61.4333344,61.2000008,61.5200005,60.7333336,822000.0,56.3186493
2013-06-19 00:00:00,60.5766678,61.2566681,61.5366669,60.5066681,1307100.0,55.5332947
2013-06-20 00:00:00,58.6333313,59.8333321,60.4700012,58.5400009,2627100.0,53.7517509
2013-06-21 00:00:00,57.7000008,58.8366661,58.8400002,56.6866684,4531200.0,52.8961296
2013-06-24 00:00:00,57.9399986,57.246666,58.5800018,56.8666687,2371800.0,53.1161499
2013-06-25 00:00:00,58.5933342,58.25,59.246666,58.1199989,2446200.0,53.7150803
2013-06-26 00:00:00,59.3699989,58.9133339,59.5866661,58.7599983,1215600.0,54.4270973
2013-06-27 00:00:00,59.7266655,59.7133331,60.0366669,58.9566689,2100900.0,54.7540703
2013-06-28 00:00:00,58.8666687,59.5699997,59.7133331,58.8566666,1940400.0,53.9656601
2013-07-01 00:00:00,59.5266685,59.1833344,60.0833321,59.0533333,968700.0,54.5707092
2013-07-02 00:00:00,59.876667,59.4366684,60.2799988,59.4366684,1581600.0,54.891571
2013-07-03 00:00:00,59.9466667,59.4000015,60.3366661,59.4000015,674100.0,54.9557381
2013-07-05 00:00:00,60.8266678,60.2033348,60.8366661,59.5400009,900600.0,55.7624779
2013-07-08 00:00:00,60.7666664,60.8666687,61.2366676,60.4366684,1505400.0,55.7074776
2013-07-09 00:00:00,61.2366676,61.0800018,61.5666656,60.8400002,1463400.0,56.1383514
2013-07-10 00:00:00,61.6166687,61.4366684,61.7799988,60.7866669,2256000.0,56.4867058
2013-07-11 00:00:00,62.2933311,62.9066658,62.9066658,62.0366669,2325600.0,57.1070366
2013-07-12 00:00:00,62.4533348,62.1333313,63.3033333,61.9900017,1966200.0,57.2537231
2013-07-15 00:00:00,61.4666672,62.4533348,63.5600014,61.373333,2244600.0,56.3491974
2013-07-16 00:00:00,60.9199982,61.4666672,61.7566681,60.7833328,2574300.0,55.8480492
2013-07-17 00:00:00,61.0633316,60.1899986,61.6500015,60.1899986,2167200.0,55.9794464
2013-07-18 00:00:00,55.9799995,54.9166679,57.6066666,54.5433311,17412000.0,51.3193321
2013-07-19 00:00:00,57.6199989,56.1166687,57.7633324,56.0166664,4451100.0,52.8227768
2013-07-22 00:00:00,57.1833344,57.3400002,57.8266678,56.7666664,2744700.0,52.4224701
2013-07-23 00:00:00,57.2666664,57.1800003,57.5699997,56.3833313,3423300.0,52.498867
2013-07-24 00:00:00,57.3533325,57.3433342,57.8499985,56.7933311,3339900.0,52.5783272
2013-07-25 00:00:00,57.6466675,57.0866661,58.1333313,56.9366684,4095900.0,52.8472328
2013-07-26 00:00:00,57.6100006,57.3933334,57.8333321,56.9766655,2283300.0,52.8136215
2013-07-29 00:00:00,58.1033325,56.8533325,58.2000008,56.8533325,2110500.0,53.265892
2013-07-30 00:00:00,58.3266678,57.9233322,58.4566689,57.8033333,1797000.0,53.4706268
2013-07-31 00:00:00,58.0566673,58.2700005,58.5499992,57.873333,2501400.0,53.223114
2013-08-01 00:00:00,58.8100014,58.1166687,59.0133324,58.1166687,1918800.0,53.9137192
2013-08-02 00:00:00,59.6833344,58.996666,59.7599983,58.5733337,2407500.0,54.7143364
2013-08-05 00:00:00,58.9433327,59.3400002,59.5433311,58.6133347,1828200.0,54.0359459
2013-08-06 00:00:00,59.0566673,58.8400002,59.0699997,58.0099983,3799200.0,54.1398468
2013-08-07 00:00:00,58.503334,58.7566681,58.8800011,57.6100006,3194700.0,53.6325798
2013-08-08 00:00:00,59.0499992,58.6100006,59.2400017,58.4666672,1653600.0,54.1337357
2013-08-09 00:00:00,59.0233345,58.7599983,59.2000008,58.376667,1999800.0,54.1092873
2013-08-12 00:00:00,59.2799988,58.7633324,59.3499985,58.2566681,1676400.0,54.3445778
2013-08-13 00:00:00,58.5966682,59.0,59.2766685,58.3866653,2149800.0,53.7181511
2013-08-14 00:00:00,56.6866684,58.3699989,58.6666679,56.6666679,3517800.0,52.1154022
2013-08-15 00:00:00,56.3266678,56.4500008,56.5099983,55.503334,3760500.0,51.78442
2013-08-16 00:00:00,56.2299995,56.0699997,56.6399994,56.0400009,2141400.0,51.695549
2013-08-19 00:00:00,55.8400002,56.2133331,56.4333344,55.5533333,2832300.0,51.3370018
2013-08-20 00:00:00,57.3033333,55.8633347,57.4166679,55.8633347,3450300.0,52.6823311
2013-08-21 00:00:00,57.0366669,57.376667,57.8166656,56.8699989,2294700.0,52.4371719
2013-08-22 00:00:00,57.3033333,57.0633316,57.4866676,56.5866661,1105500.0,52.6823311
2013-08-23 00:00:00,57.5066681,57.25,57.6500015,56.7333336,1494300.0,52.8692703
2013-08-26 00:00:00,57.2833328,57.4533348,57.6399994,57.1199989,1300500.0,52.6639481
2013-08-27 00:00:00,55.7333336,56.6466675,56.6633339,55.4399986,3098700.0,51.2389412
2013-08-28 00:00:00,56.4566689,55.8033333,56.7999992,55.6933327,1437300.0,51.9039459
2013-08-29 00:00:00,57.3499985,56.3133316,57.4033318,56.1333313,1939200.0,52.7252312
2013-08-30 00:00:00,57.4666672,57.3566666,58.1866684,57.3033333,2544600.0,52.8324966
2013-09-03 00:00:00,57.0266685,57.6399994,58.3233337,56.7733345,1567800.0,52.4279861
2013-09-04 00:00:00,57.4500008,57.0299988,57.7133331,56.7999992,1602900.0,52.8171768
2013-09-05 00:00:00,58.1199989,57.7633324,58.7200012,57.7633324,1636800.0,53.4331474
2013-09-06 00:00:00,57.5633316,58.1199989,58.5200005,57.3266678,2448300.0,52.9213715
2013-09-09 00:00:00,58.3033333,57.9500008,58.6166687,57.6833344,1139400.0,53.6016884
2013-09-10 00:00:00,58.4099998,58.5366669,58.6666679,58.1366653,897900.0,53.6997528
2013-09-11 00:00:00,58.8699989,58.5400009,59.1599998,58.2133331,1368000.0,54.122654
2013-09-12 00:00:00,58.2099991,58.7666664,59.0466652,58.1199989,1105800.0,53.5158958
2013-09-13 00:00:00,58.3066673,58.1599998,58.5066681,58.0499992,695700.0,53.6047592
2013-09-16 00:00:00,59.1666679,59.3533325,59.9233322,58.7099991,2546400.0,54.3954086
2013-09-17 00:00:00,58.5600014,59.1199989,59.4133339,58.4900017,3749400.0,53.8376579
2013-09-18 00:00:00,60.6800003,58.6833344,60.8699989,58.6833344,4795200.0,55.7866974
2013-09-19 00:00:00,60.5266685,60.6666679,61.4900017,60.4166679,3071700.0,55.6457329
2013-09-20 00:00:00,60.0366669,60.5433311,60.8300018,59.9566689,2250000.0,55.1952553
2013-09-23 00:00:00,60.5,60.9599991,61.0499992,60.1633339,2237100.0,55.621212
2013-09-24 00:00:00,60.0,60.1399994,60.5633316,59.6366653,1859100.0,55.1615372
2013-09-25 00:00:00,59.9533348,59.9933319,60.123333,59.5499992,1749000.0,55.1186333
2013-09-26 00:00:00,60.8433342,60.0,60.9266663,59.9500008,1399200.0,55.9368706
2013-09-27 00:00:00,60.1433334,60.6466675,60.75,59.9633331,1282200.0,55.2933159
2013-09-30 00:00:00,60.7266655,59.7000008,60.7733345,59.253334,3126900.0,55.8296013
2013-10-01 00:00:00,61.5066681,60.7200012,61.7666664,60.5200005,1923600.0,56.5466919
2013-10-02 00:00:00,61.5633316,60.7266655,61.5766678,60.7266655,1381200.0,56.598793
2013-10-03 00:00:00,60.9733315,61.1800003,61.6133347,60.6966667,1512300.0,56.0563736
2013-10-04 00:00:00,62.1599998,61.1033325,62.2733345,61.0333328,2594700.0,57.1473618
2013-10-07 00:00:00,60.4333344,61.6666679,61.7666664,60.4166679,1746600.0,55.5599251
2013-10-08 00:00:00,58.8166656,60.6766663,60.6766663,58.7700005,2166300.0,54.0736427
2013-10-09 00:00:00,58.4366684,59.3566666,59.7033348,58.1633339,1939800.0,53.7242737
2013-10-10 00:00:00,59.7633324,59.3366661,59.7666664,59.0166664,2191800.0,54.9439545
2013-10-11 00:00:00,60.0566673,59.6666679,60.7333336,59.6500015,1436100.0,55.2136383
2013-10-14 00:00:00,60.0299988,59.75,60.1933327,59.5766678,1011000.0,55.1891212
2013-10-15 00:00:00,60.0266685,59.7633324,60.1633339,59.2999992,1284600.0,55.186058
2013-10-16 00:00:00,60.4799995,60.3166656,60.7133331,59.5933342,2521200.0,55.6028366
2013-10-17 00:00:00,61.6666679,60.3899994,61.9900017,60.3899994,1725900.0,56.6937981
2013-10-18 00:00:00,61.5200005,61.7566681,61.9666672,61.0433311,2861400.0,56.5589561
2013-10-21 00:00:00,61.0699997,61.2700005,61.4000015,60.5800018,1917600.0,56.1452522
2013-10-22 00:00:00,62.126667,61.3933334,62.4099998,61.3100014,3054300.0,57.1167221
2013-10-23 00:00:00,61.5200005,61.7766685,62.0699997,61.373333,2272500.0,56.5589561
2013-10-24 00:00:00,62.3333321,61.6433334,62.4166679,61.2833328,4164300.0,57.3067017
2013-10-25 00:00:00,65.0233307,63.6666679,65.1066666,63.3333321,3693600.0,59.7797852
2013-10-28 00:00:00,64.2733307,64.8600006,64.996666,63.9233322,2445300.0,59.0902557
2013-10-29 00:00:00,64.8133316,64.1833344,64.9066696,63.8400002,1555800.0,59.5867119
2013-10-30 00:00:00,62.8233337,61.996666,63.2333336,61.9933319,5118000.0,57.7572021
2013-10-31 00:00:00,62.6666679,62.8233337,63.003334,61.7833328,2294700.0,57.6131592
2013-11-01 00:00:00,61.5566673,62.9366684,63.0266685,61.4633331,2733900.0,56.5926781
2013-11-04 00:00:00,62.0066681,61.6666679,62.2799988,61.5633316,1869600.0,57.0063972
2013-11-05 00:00:00,61.5200005,61.9700012,62.0066681,61.1833344,1657200.0,56.5589561
2013-11-06 00:00:00,61.8466682,62.0633316,62.2200012,61.5600014,1122000.0,56.8592911
2013-11-07 00:00:00,60.3400002,61.7666664,62.0699997,60.1466675,2007900.0,55.4741325
2013-11-08 00:00:00,61.8366661,60.4533348,61.8466682,60.3533325,1916700.0,56.8500938
2013-11-11 00:00:00,61.4566689,61.5666656,61.7799988,61.3266678,1578600.0,56.5007553
2013-11-12 00:00:00,61.5,61.4066658,61.9500008,61.2233315,1913400.0,56.5405693
2013-11-13 00:00:00,61.7933311,61.2233315,61.8366661,61.2166672,2832900.0,56.9646378
2013-11-14 00:00:00,62.3366661,60.5333328,62.3666687,60.5333328,1688700.0,57.4655151
2013-11-15 00:00:00,62.2900009,62.2666664,62.5133324,62.1100006,1846500.0,57.4224892
2013-11-18 00:00:00,61.9466667,62.3333321,62.4666672,61.75,1341000.0,57.1059723
2013-11-19 00:00:00,61.8933334,61.7266655,62.2666664,61.6966667,981900.0,57.0568237
2013-11-20 00:00:00,61.5466652,61.8933334,62.1399994,61.3899994,1224300.0,56.737236
2013-11-21 00:00:00,62.1933327,61.6599998,62.2233315,61.4666672,1206300.0,57.333374
2013-11-22 00:00:00,62.5233345,62.0900002,62.6599998,61.8866653,1350900.0,57.6375847
2013-11-25 00:00:00,61.6133347,62.496666,62.5099983,61.4599991,1253700.0,56.7987022
2013-11-26 00:00:00,61.4333344,61.6066666,61.8033333,61.1500015,1489500.0,56.6327667
2013-11-27 00:00:00,61.1800003,61.6500015,61.6500015,60.9833336,621600.0,56.399231
2013-11-29 00:00:00,61.0099983,61.1599998,61.4333344,60.9433327,459900.0,56.2425079
2013-12-02 00:00:00,60.3800011,61.1366653,61.4300003,60.2599983,1316100.0,55.6617432
2013-12-03 00:00:00,59.9366684,60.1666679,60.376667,59.5999985,1617600.0,55.2530556
2013-12-04 00:00:00,60.3600006,59.4666672,60.5533333,59.2666664,2722800.0,55.6433067
2013-12-05 00:00:00,60.5766678,60.0666656,60.9033318,60.0133324,1602000.0,55.8430367
2013-12-06 00:00:00,61.6100006,61.0600014,62.0900002,60.8100014,1742700.0,56.7956238
2013-12-09 00:00:00,61.8400002,61.6100006,62.4433327,61.6100006,1901400.0,57.0076599
2013-12-10 00:00:00,61.5633316,61.8800011,62.5,61.5,2320200.0,56.7526054
2013-12-11 00:00:00,60.3966675,61.4866676,61.4866676,60.2633324,2061000.0,55.6770935
2013-12-12 00:00:00,59.8133316,59.9233322,60.0,59.2233315,3186000.0,55.1393585
2013-12-13 00:00:00,59.3233337,59.8133316,60.0633316,59.1766663,1715100.0,54.6876411
2013-12-16 00:00:00,59.1033325,59.5566673,59.7966652,58.9466667,1571100.0,54.4848289
2013-12-17 00:00:00,59.1033325,57.4266663,59.4399986,56.876667,4191300.0,54.4848289
2013-12-18 00:00:00,59.9733315,59.0299988,60.0,58.5966682,3170400.0,55.2868538
2013-12-19 00:00:00,60.0499992,59.9766655,60.2200012,59.5133324,1328400.0,55.3575287
2013-12-20 00:00:00,60.7166672,60.3933334,61.0133324,59.9266663,2976900.0,55.9720993
2013-12-23 00:00:00,60.4733315,60.2999992,60.7266655,59.1066666,2500800.0,55.7477875
2013-12-24 00:00:00,60.8966675,60.4599991,60.996666,60.3033333,621000.0,56.1380348
2013-12-26 00:00:00,60.9399986,61.1133347,61.1699982,60.7366676,602100.0,56.1779747
2013-12-27 00:00:00,60.8333321,61.0933342,61.2299995,60.6066666,882300.0,56.0796585
2013-12-30 00:00:00,60.75,60.8300018,61.0999985,60.6199989,944100.0,56.0028343
2013-12-31 00:00:00,61.1666679,60.8866653,61.2666664,60.873333,1034700.0,56.3869209
2014-01-02 00:00:00,60.8033333,60.6766663,61.0,60.2299995,1547100.0,56.0519943
2014-01-03 00:00:00,60.9333344,60.6199989,61.3400002,60.5733337,1221600.0,56.171833
2014-01-06 00:00:00,60.8966675,61.0900002,61.5366669,60.7599983,1752300.0,56.1380348
2014-01-07 00:00:00,62.5366669,61.6333313,62.7233315,61.5233345,3716100.0,57.6498795
2014-01-08 00:00:00,63.2266655,62.5333328,63.253334,62.1433334,3745200.0,58.285965
2014-01-09 00:00:00,62.9566689,63.2000008,63.3100014,62.6899986,2044200.0,58.0370598
2014-01-10 00:00:00,64.2799988,63.3066673,64.3266678,63.0600014,2795400.0,59.2569923
2014-01-13 00:00:00,63.7299995,63.9533348,64.3333359,63.5433311,1716300.0,58.7499657
2014-01-14 00:00:00,64.4933319,64.1299973,64.5066681,63.4833336,1672500.0,59.4536476
2014-01-15 00:00:00,64.3799973,64.4300003,64.6133347,64.1333313,1645800.0,59.3491707
2014-01-16 00:00:00,64.503334,64.1733322,64.75,64.0266647,1247100.0,59.4628525
2014-01-17 00:00:00,64.706665,64.7166672,65.2399979,64.5666656,2391600.0,59.6503067
2014-01-21 00:00:00,66.0100021,65.3366699,66.0500031,65.0933304,2865000.0,60.8517914
2014-01-22 00:00:00,65.7799988,65.746666,66.1566696,65.5233307,1831200.0,60.6397667
2014-01-23 00:00:00,65.0400009,65.2600021,65.6566696,64.8533325,2032200.0,59.957592
2014-01-24 00:00:00,63.5999985,64.9700012,65.043335,63.5400009,2432700.0,58.6301117
2014-01-27 00:00:00,63.5233345,63.8300018,64.1733322,63.1033325,2160300.0,58.5594482
2014-01-28 00:00:00,63.8933334,64.8766632,64.8766632,63.4533348,1617600.0,58.9005356
2014-01-29 00:00:00,63.0400009,63.376667,64.2666702,62.5833321,3065400.0,58.1138878
2014-01-30 00:00:00,61.246666,61.3300018,62.2366676,60.5299988,4832400.0,56.4606972
2014-01-31 00:00:00,61.0866661,60.5699997,61.2266655,60.2233315,3267300.0,56.3131828
2014-02-03 00:00:00,58.9599991,61.1800003,61.2266655,58.8699989,3759000.0,54.3526993
2014-02-04 00:00:00,59.3166656,59.0866661,59.8100014,58.8133316,2170200.0,54.6814919
2014-02-05 00:00:00,58.5333328,58.9166679,59.2033348,58.0966682,3740100.0,53.9593849
2014-02-06 00:00:00,59.7299995,58.7933311,59.7433319,58.4833336,3211800.0,55.0625381
2014-02-07 00:00:00,60.8533325,59.3633347,60.9033318,59.3633347,2723100.0,56.0980873
2014-02-10 00:00:00,60.7833328,60.4466667,60.9933319,60.2733345,1735500.0,56.0335655
2014-02-11 00:00:00,61.1399994,61.0366669,61.3833313,60.5966682,1990200.0,56.3623505
2014-02-12 00:00:00,62.2766685,61.5133324,62.8066673,61.4033318,3511200.0,57.410202
2014-02-13 00:00:00,63.4733315,61.9233322,63.5233345,61.6833344,3142200.0,58.5133476
2014-02-14 00:00:00,63.7233315,63.2566681,63.9799995,63.0200005,2222400.0,58.7438164
2014-02-18 00:00:00,63.8199997,63.6699982,64.0800018,63.6100006,2224800.0,58.8329277
2014-02-19 00:00:00,64.3600006,63.6666679,64.9199982,63.5900002,3087300.0,59.3307228
2014-02-20 00:00:00,64.4666672,64.6166687,64.9700012,64.1800003,2508300.0,59.4290543
2014-02-21 00:00:00,64.5299988,64.3566666,64.8799973,64.1566696,2204100.0,59.4874573
2014-02-24 00:00:00,64.8433304,64.5366669,65.9599991,64.5366669,2868300.0,59.7762794
2014-02-25 00:00:00,65.7900009,64.7866669,66.2333298,64.5999985,2926800.0,60.6490021
2014-02-26 00:00:00,66.1866684,65.8733368,66.6600037,65.7799988,2149200.0,61.0146599
2014-02-27 00:00:00,66.2733307,65.8899994,66.496666,65.7366638,1904700.0,61.2642555
2014-02-28 00:00:00,66.8266678,66.2799988,67.1666641,65.9633331,2704500.0,61.7757721
2014-03-03 00:00:00,66.5,66.1800003,66.7333298,65.8633347,1680900.0,61.4737778
2014-03-04 00:00:00,67.7233353,67.4033356,67.793335,66.6999969,1919100.0,62.6046677
2014-03-05 00:00:00,67.7600021,67.703331,67.9366684,67.4300003,1793100.0,62.6385384
2014-03-06 00:00:00,67.6666641,67.7699966,68.296669,67.3933334,1812000.0,62.5522804
2014-03-07 00:00:00,68.9033356,68.1999969,69.543335,68.0400009,4024800.0,63.6954651
2014-03-10 00:00:00,68.6999969,68.6066666,68.953331,68.1966705,1695900.0,63.5075035
2014-03-11 00:00:00,68.3266678,68.753334,68.9899979,68.2699966,1613400.0,63.1623802
2014-03-12 00:00:00,68.0800018,68.0,68.3000031,67.7566681,1819800.0,62.9343643
2014-03-13 00:00:00,67.3966675,68.3399963,68.7300034,67.253334,1418700.0,62.3026848
2014-03-14 00:00:00,67.3600006,67.3333359,68.0400009,67.0833359,1512600.0,62.2688026
2014-03-17 00:00:00,68.0733337,67.6033325,68.456665,67.6033325,1203000.0,62.928215
2014-03-18 00:00:00,68.2666702,68.1466675,68.5400009,68.0,1364100.0,63.106926
2014-03-19 00:00:00,67.4100037,68.3333359,68.6299973,67.0366669,1963500.0,62.3150139
2014-03-20 00:00:00,67.3733368,67.0999985,67.5366669,66.7333298,1426800.0,62.2811089
2014-03-21 00:00:00,66.8033295,67.9866638,67.9899979,66.6033325,3079800.0,61.7542114
2014-03-24 00:00:00,66.1900024,67.0,67.1600037,65.9000015,1557900.0,61.1872177
2014-03-25 00:00:00,65.9899979,66.6200027,66.9466705,65.9466705,1449300.0,61.002327
2014-03-26 00:00:00,65.2566681,66.3000031,66.5233307,65.2566681,1204500.0,60.3244171
2014-03-27 00:00:00,64.7366638,65.2566681,65.2566681,64.1733322,1612200.0,59.8437271
2014-03-28 00:00:00,64.8966675,64.8099976,65.4833298,64.6433334,1084800.0,59.9916458
2014-03-31 00:00:00,65.7099991,65.1600037,65.7833328,64.9100037,1197600.0,60.7435074
2014-04-01 00:00:00,66.3633347,65.9100037,66.4033356,65.6600037,1481400.0,61.3474541
2014-04-02 00:00:00,66.6900024,66.3066635,66.9933319,66.0100021,1815000.0,61.6494293
2014-04-03 00:00:00,66.8333359,66.9233322,67.6600037,66.4266663,1996500.0,61.7819214
2014-04-04 00:00:00,64.6299973,66.2733307,66.3666687,64.1100006,4571700.0,59.7451286
2014-04-07 00:00:00,63.4399986,65.0299988,65.2433319,63.3400002,2853600.0,58.6450691
2014-04-08 00:00:00,63.9666672,63.5466652,64.1466675,63.1833344,1652400.0,59.1319313
2014-04-09 00:00:00,64.8799973,64.296669,64.9233322,63.8199997,1891200.0,59.976223
2014-04-10 00:00:00,63.3433342,64.7900009,65.1200027,63.2299995,1701300.0,58.5557022
2014-04-11 00:00:00,62.8433342,62.8899994,63.6899986,62.75,1624500.0,58.093502
2014-04-14 00:00:00,63.3699989,63.1899986,64.0699997,62.8199997,1602900.0,58.5803528
2014-04-15 00:00:00,63.8533325,63.5299988,63.9199982,62.75,2170500.0,59.0271492
2014-04-16 00:00:00,64.0833359,64.4933319,64.746666,63.7633324,2694000.0,59.2397728
2014-04-17 00:00:00,65.8633347,64.6666641,66.6666641,64.4333344,4216500.0,60.8852425
2014-04-21 00:00:00,65.9199982,66.1699982,66.4599991,65.5199966,1910100.0,60.9376259
2014-04-22 00:00:00,67.5766678,65.9199982,67.6833344,65.8833313,2585700.0,62.4690704
2014-04-23 00:00:00,67.3166656,67.8000031,68.1033325,67.2733307,2070300.0,62.228714
2014-04-24 00:00:00,67.0133362,67.8733368,67.9766693,66.7900009,2002200.0,61.9483185
2014-04-25 00:00:00,66.9100037,66.7233353,67.003334,66.3300018,2690400.0,61.8527946
2014-04-28 00:00:00,66.2733307,67.3000031,67.3333359,65.203331,2868000.0,61.2642555
2014-04-29 00:00:00,66.5966644,66.4000015,66.6666641,65.793335,1724400.0,61.5631485
2014-04-30 00:00:00,66.6133347,66.5133362,66.8199997,66.4000015,2027100.0,61.5785408
2014-05-01 00:00:00,66.6299973,66.5,66.796669,66.2099991,1307100.0,61.5939407
2014-05-02 00:00:00,66.953331,66.6266632,67.1900024,66.6100006,1792800.0,61.8928452
2014-05-05 00:00:00,66.5533295,66.4366684,66.9133301,66.0966644,1501500.0,61.5230904
2014-05-06 00:00:00,66.1433334,66.3199997,66.6200027,65.7766647,1835100.0,61.1440582
2014-05-07 00:00:00,66.4166641,66.503334,66.6900024,65.7633362,1953300.0,61.3967438
2014-05-08 00:00:00,65.8199997,66.4400024,66.6299973,65.5599976,2032800.0,60.8451767
2014-05-09 00:00:00,66.5999985,65.8366699,66.6200027,65.3733368,1395600.0,61.5662384
2014-05-12 00:00:00,67.2799988,66.6800003,67.5266647,66.5199966,1842300.0,62.1948509
2014-05-13 00:00:00,66.753334,67.2333298,67.3866653,66.6766663,1383300.0,61.7079582
2014-05-14 00:00:00,66.3066635,66.5833359,66.7366638,66.2366638,1154700.0,61.4638786
2014-05-15 00:00:00,66.1166687,66.1433334,66.3566666,65.2833328,1488300.0,61.2877426
2014-05-16 00:00:00,66.6133347,66.0666656,66.6466675,65.6933365,1564800.0,61.7481346
2014-05-19 00:00:00,66.4766693,66.4666672,67.2366638,66.4366684,1442700.0,61.6214676
2014-05-20 00:00:00,66.7733307,66.5833359,67.1900024,66.496666,1947000.0,61.8964462
2014-05-21 00:00:00,66.8133316,66.8099976,67.1500015,66.4466705,1350600.0,61.9335442
2014-05-22 00:00:00,66.8133316,66.7633362,67.1600037,66.5500031,1016400.0,61.9335442
2014-05-23 00:00:00,67.4700012,66.7166672,67.5699997,66.5899963,1777200.0,62.542244
2014-05-27 00:00:00,67.3399963,67.8966675,67.8966675,67.2733307,1309200.0,62.4217148
2014-05-28 00:00:00,67.2366638,67.4733353,67.9700012,67.2366638,1288200.0,62.3259583
2014-05-29 00:00:00,67.7900009,67.5733337,67.8666687,67.253334,1142100.0,62.8388672
2014-05-30 00:00:00,68.203331,67.6866684,68.4400024,67.5800018,1322100.0,63.2220154
2014-06-02 00:00:00,67.8566666,68.1699982,68.3766632,67.6833344,1368300.0,62.9006538
2014-06-03 00:00:00,67.9233322,67.5733337,68.2766647,67.5733337,1091100.0,62.9624443
2014-06-04 00:00:00,67.956665,67.6666641,68.0933304,67.2133331,1239300.0,62.9933548
2014-06-05 00:00:00,67.9833298,67.9633331,68.246666,67.1666641,1160100.0,63.0180779
2014-06-06 00:00:00,68.1433334,68.1433334,68.6666641,67.9899979,1124100.0,63.1663971
2014-06-09 00:00:00,68.0999985,67.9933319,68.4199982,67.8733368,1149900.0,63.1262169
2014-06-10 00:00:00,68.1399994,68.0100021,68.2766647,67.7666702,1026900.0,63.1633072
2014-06-11 00:00:00,67.75,68.0166702,68.1699982,67.6533356,856200.0,62.8017731
2014-06-12 00:00:00,67.4066696,67.703331,68.1399994,67.2200012,1181700.0,62.483532
2014-06-13 00:00:00,67.5766678,67.6133347,67.7600021,67.2200012,783000.0,62.6411133
2014-06-16 00:00:00,67.4433365,67.546669,68.0133362,67.1733322,996000.0,62.5175133
2014-06-17 00:00:00,67.5899963,67.2399979,67.9266663,67.1666641,826200.0,62.6534653
2014-06-18 00:00:00,67.9066696,67.6100006,67.9766693,67.1200027,1015500.0,62.9470177
2014-06-19 00:00:00,67.7733307,67.753334,67.8766632,67.546669,979800.0,62.8234253
2014-06-20 00:00:00,67.996666,67.9800034,68.3199997,67.7833328,1632600.0,63.0304375
2014-06-23 00:00:00,68.1966705,68.0866699,68.3666687,67.8666687,1030800.0,63.2158508
2014-06-24 00:00:00,68.2566681,68.0,68.6999969,67.9599991,1570800.0,63.27145
2014-06-25 00:00:00,68.6833344,68.2699966,68.796669,68.2166672,1189200.0,63.6669426
2014-06-26 00:00:00,68.4300003,68.6500015,68.6500015,67.8700027,1068600.0,63.4321098
2014-06-27 00:00:00,69.1533356,68.0966644,69.2266693,68.0966644,1872000.0,64.102623
2014-06-30 00:00:00,68.9700012,69.3333359,69.3333359,68.8399963,2029200.0,63.9326744
2014-07-01 00:00:00,69.1166687,69.0066681,69.4233322,68.9666672,1294200.0,64.0686264
2014-07-02 00:00:00,68.8633347,69.0,69.3000031,68.6800003,892200.0,63.8338089
2014-07-03 00:00:00,69.1533356,68.9933319,69.2266693,68.8233337,591900.0,64.102623
2014-07-07 00:00:00,68.4133301,69.0766678,69.2166672,68.25,1168200.0,63.4166641
2014-07-08 00:00:00,67.7366638,68.4433365,68.4733353,67.5500031,1637100.0,62.7894363
2014-07-09 00:00:00,68.3733368,67.8066635,68.4066696,67.6633301,1520100.0,63.379612
2014-07-10 00:00:00,67.4266663,67.6366653,67.6366653,67.2833328,1976400.0,62.5020714
2014-07-11 00:00:00,67.5866699,67.4866638,67.6466675,67.1566696,1039500.0,62.6503868
2014-07-14 00:00:00,67.7399979,67.6066666,67.8799973,67.5866699,1064700.0,62.792511
2014-07-15 00:00:00,67.4400024,67.9933319,68.2166672,67.2566681,1760700.0,62.514431
2014-07-16 00:00:00,67.2433319,67.6666641,67.7233353,67.1633301,2277600.0,62.3321228
2014-07-17 00:00:00,70.3166656,69.7133331,70.456665,68.5333328,4969500.0,65.1810074
2014-07-18 00:00:00,70.7266693,70.2699966,70.793335,69.9133301,3723300.0,65.5610657
2014-07-21 00:00:00,70.8600006,70.703331,70.8866653,70.4000015,1845900.0,65.6846542
2014-07-22 00:00:00,71.3199997,70.8899994,71.6433334,70.8600006,1780500.0,66.1110687
2014-07-23 00:00:00,71.5366669,71.6666641,71.8733368,71.2699966,1422000.0,66.311882
2014-07-24 00:00:00,71.1566696,71.6833344,71.6833344,71.0599976,1632300.0,65.9596405
2014-07-25 00:00:00,70.9233322,71.1566696,71.5,70.8433304,1043700.0,65.7433395
2014-07-28 00:00:00,70.8833313,71.0,71.2633362,70.5333328,1588800.0,65.7062759
2014-07-29 00:00:00,70.246666,70.9833298,71.1466675,70.2433319,1724700.0,65.1161041
2014-07-30 00:00:00,70.0533295,70.3133316,70.6100006,69.9066696,1685100.0,64.936882
2014-07-31 00:00:00,68.7433319,69.9266663,69.956665,68.6833344,1786800.0,63.7225761
2014-08-01 00:00:00,68.253334,68.4800034,68.7200012,67.8833313,2646300.0,63.268364
2014-08-04 00:00:00,69.4599991,68.6100006,69.6133347,67.9733353,1560000.0,64.3868942
2014-08-05 00:00:00,68.3399963,69.0933304,69.4833298,68.2099991,2331600.0,63.3486824
2014-08-06 00:00:00,69.1333313,68.3233337,69.1766663,68.3233337,2486100.0,64.0840988
2014-08-07 00:00:00,68.6166687,69.3766632,69.4433365,68.4233322,2246700.0,63.6051636
2014-08-08 00:00:00,69.6366653,68.9000015,69.6866684,68.703331,1817100.0,64.5506592
2014-08-11 00:00:00,69.6133347,69.7366638,70.2566681,69.5166702,1019400.0,64.5290298
2014-08-12 00:00:00,70.206665,69.5599976,70.3199997,69.543335,1590000.0,65.0790176
2014-08-13 00:00:00,70.5833359,70.3766632,70.6866684,69.9700012,1190400.0,65.599472
2014-08-14 00:00:00,70.6033325,70.8466644,70.9433365,70.3266678,1262100.0,65.6180954
2014-08-15 00:00:00,70.9333344,70.9066696,71.2799988,70.2799988,1398300.0,65.9247971
2014-08-18 00:00:00,71.3766632,71.206665,71.496666,70.9800034,1172700.0,66.3367996
2014-08-19 00:00:00,71.4499969,71.6533356,71.6600037,71.3533325,977700.0,66.4049683
2014-08-20 00:00:00,71.6800003,71.3733368,71.8166656,71.1633301,1213800.0,66.6186905
2014-08-21 00:00:00,72.4166641,71.8166656,72.6166687,71.7633362,1446300.0,67.3033524
2014-08-22 00:00:00,72.3199997,72.4166641,72.6633301,72.0999985,874500.0,67.2135315
2014-08-25 00:00:00,72.5299988,72.5166702,72.6666641,72.1966705,1051200.0,67.4087067
2014-08-26 00:00:00,72.5999985,72.5500031,72.8333359,72.2766647,767100.0,67.4737473
2014-08-27 00:00:00,72.543335,72.6666641,72.7733307,72.1299973,1258800.0,67.4210892
2014-08-28 00:00:00,72.7099991,72.1833344,73.0699997,72.0,832800.0,67.5759888
2014-08-29 00:00:00,72.703331,72.6233368,72.7733307,72.3000031,902100.0,67.5697937
2014-09-02 00:00:00,72.5233307,72.8633347,73.0066681,72.3433304,1111800.0,67.4024811
2014-09-03 00:00:00,72.4100037,72.9266663,73.0666656,72.2300034,953100.0,67.2971954
2014-09-04 00:00:00,72.4833298,72.3766632,72.9233322,72.3000031,851100.0,67.3653183
2014-09-05 00:00:00,72.7633362,72.296669,72.8333359,72.1133347,1195200.0,67.6255646
2014-09-08 00:00:00,72.6399994,72.75,72.8366699,72.3133316,841800.0,67.5109482
2014-09-09 00:00:00,72.1733322,72.4033356,72.5199966,72.1166687,1229400.0,67.0772171
2014-09-10 00:00:00,72.2666702,72.3700027,72.3866653,71.9833298,1214100.0,67.1639252
2014-09-11 00:00:00,72.6800003,72.1500015,72.7366638,72.0400009,1166400.0,67.5480881
2014-09-12 00:00:00,71.8499985,72.4833298,72.5766678,71.5599976,1263300.0,66.7767181
2014-09-15 00:00:00,71.7266693,71.7200012,71.9700012,71.203331,1328400.0,66.662117
2014-09-16 00:00:00,72.1733322,71.7433319,72.5699997,71.5666656,1415100.0,67.0772171
2014-09-17 00:00:00,72.3633347,72.3133316,72.7633362,72.0366669,877500.0,67.2537918
2014-09-18 00:00:00,73.2866669,72.6600037,73.4899979,72.5500031,1325400.0,68.1119385
2014-09-19 00:00:00,73.5133362,73.6866684,73.7566681,73.3000031,2138700.0,68.3226089
2014-09-22 00:00:00,73.0166702,73.3466644,73.6066666,73.0166702,1435800.0,67.8610001
2014-09-23 00:00:00,72.8266678,72.9599991,73.3166656,72.8000031,1383600.0,67.6844254
2014-09-24 00:00:00,73.6699982,72.8899994,73.8133316,72.7333298,1519500.0,68.4682236
2014-09-25 00:00:00,72.7900009,73.3700027,73.6600037,72.7866669,1208400.0,67.6503372
2014-09-26 00:00:00,73.5966644,72.75,73.7266693,72.7399979,1099800.0,68.4000473
2014-09-29 00:00:00,73.8133316,73.203331,74.1766663,72.9366684,1419900.0,68.6014023
2014-09-30 00:00:00,72.996666,73.4899979,73.9166641,72.9333344,1645800.0,67.8424149
2014-10-01 00:00:00,71.246666,72.8766632,72.9700012,71.0233307,1527300.0,66.2159729
2014-10-02 00:00:00,71.503334,71.2399979,71.6633301,70.453331,1349700.0,66.4545135
2014-10-03 00:00:00,71.996666,71.7366638,72.5100021,71.7366638,1159800.0,66.9130325
2014-10-06 00:00:00,71.546669,72.1066666,72.3666687,71.2900009,1631700.0,66.4948273
2014-10-07 00:00:00,70.4800034,71.3466644,71.4866638,70.4800034,1487400.0,65.5034561
2014-10-08 00:00:00,72.253334,70.8466644,72.3533325,70.5766678,1952400.0,67.1515656
2014-10-09 00:00:00,71.3366699,72.2633362,72.4366684,71.3300018,2001900.0,66.2996292
2014-10-10 00:00:00,71.046669,71.3333359,72.2433319,71.0366669,1697700.0,66.0301132
2014-10-13 00:00:00,68.0266647,71.3066635,71.4866638,67.8466644,3441300.0,63.22332
2014-10-14 00:00:00,68.5899963,68.1233368,69.1166687,67.7566681,2256300.0,63.7469025
2014-10-15 00:00:00,70.1733322,67.5233307,70.4266663,67.3366699,3372600.0,65.2184296
2014-10-16 00:00:00,70.5299988,68.753334,70.8300018,68.753334,1647900.0,65.5499191
2014-10-17 00:00:00,72.3366699,71.253334,72.9333344,71.1566696,2674500.0,67.2290344
2014-10-20 00:00:00,73.2666702,72.3333359,73.4333344,72.2399979,1741500.0,68.0933609
2014-10-21 00:00:00,75.6566696,73.9333344,75.7766647,73.503334,2007900.0,70.3145905
2014-10-22 00:00:00,75.3066635,75.6766663,76.5400009,75.2766647,2044500.0,69.9893188
2014-10-23 00:00:00,75.2699966,76.0999985,76.2133331,75.1033325,2468100.0,69.9552307
2014-10-24 00:00:00,76.3033295,75.5999985,76.4199982,75.1966705,1700700.0,70.9155884
2014-10-27 00:00:00,75.2266693,75.8133316,76.0800018,74.5233307,2613000.0,69.9149704
2014-10-28 00:00:00,74.6666641,75.2366638,76.5,74.3933334,2583600.0,69.3945236
2014-10-29 00:00:00,73.9499969,74.6966705,74.8766632,73.3766632,4767600.0,68.728447
2014-10-30 00:00:00,75.0533295,73.8233337,75.4933319,73.8233337,2705400.0,69.7538605
2014-10-31 00:00:00,76.5199966,75.8033295,76.5766678,75.7633362,2911500.0,71.1169662
2014-11-03 00:00:00,76.4266663,76.6266632,76.8499985,75.956665,2101200.0,71.0302277
2014-11-04 00:00:00,76.0899963,76.4266663,76.9633331,75.7333298,2296800.0,70.7173386
2014-11-05 00:00:00,76.796669,76.8766632,77.0666656,76.2733307,2317500.0,71.3740997
2014-11-06 00:00:00,77.7399979,76.7300034,77.9233322,76.3333359,1929600.0,72.250824
2014-11-07 00:00:00,78.6800003,78.0100021,78.7666702,77.7133331,2193000.0,73.1244507
2014-11-10 00:00:00,78.9066696,78.8133316,78.9599991,78.3666687,1425900.0,73.3351288
2014-11-11 00:00:00,79.206665,79.0,79.4499969,78.6900024,1486200.0,73.6139374
2014-11-12 00:00:00,79.3666687,78.8766632,79.4733353,78.4733353,1355400.0,73.9337616
2014-11-13 00:00:00,79.8766632,79.7099991,80.1200027,79.1699982,1821000.0,74.408844
2014-11-14 00:00:00,79.8833313,79.6733322,80.1600037,79.4599991,1339800.0,74.4150543
2014-11-17 00:00:00,79.7699966,79.7666702,80.3066635,79.5599976,1172700.0,74.3095016
2014-11-18 00:00:00,80.4400024,79.7333298,80.5266647,79.7099991,1051800.0,74.9336243
2014-11-19 00:00:00,80.2833328,80.4466705,80.5299988,79.9033356,1241100.0,74.787674
2014-11-20 00:00:00,80.746666,79.7699966,80.7900009,79.6266632,1237500.0,75.2192764
2014-11-21 00:00:00,80.6833344,81.4733353,81.6200027,80.2233353,1614600.0,75.1603012
2014-11-24 00:00:00,80.6766663,80.9700012,80.9700012,80.1633301,1293600.0,75.1540985
2014-11-25 00:00:00,79.9400024,80.6433334,81.3366699,79.9400024,2066100.0,74.4678421
2014-11-26 00:00:00,80.1999969,79.6399994,80.2433319,79.6399994,1206900.0,74.7100372
2014-11-28 00:00:00,81.6200027,80.6866684,83.2200012,80.4166641,1587900.0,76.0328522
2014-12-01 00:00:00,81.0233307,81.496666,81.8233337,80.7900009,2150700.0,75.4770355
2014-12-02 00:00:00,81.5166702,80.9366684,81.5933304,80.7633362,1922400.0,75.9365845
2014-12-03 00:00:00,82.1500015,81.046669,82.25,81.046669,1995900.0,76.5265656
2014-12-04 00:00:00,82.5699997,82.1133347,83.0,82.0500031,1998300.0,76.9178238
2014-12-05 00:00:00,82.2900009,82.5,83.1666641,82.1333313,1900200.0,76.6569901
2014-12-08 00:00:00,83.1666641,82.4400024,83.3333359,82.0133362,1746900.0,77.4736404
2014-12-09 00:00:00,83.1933365,82.5266647,83.2666702,82.0100021,1152600.0,77.4984894
2014-12-10 00:00:00,82.2666702,83.003334,83.2166672,82.1533356,1476000.0,76.6352539
2014-12-11 00:00:00,84.7366638,83.6299973,85.3866653,82.6866684,3232500.0,78.9361725
2014-12-12 00:00:00,82.4133301,83.3633347,84.2766647,81.4333344,3282900.0,76.7718735
2014-12-15 00:00:00,82.206665,82.8966675,83.1166687,81.0366669,2090700.0,76.5793533
2014-12-16 00:00:00,81.8866653,82.1999969,83.6533356,81.7766647,2104200.0,76.2812653
2014-12-17 00:00:00,84.1100006,82.4800034,84.5166702,81.996666,2166000.0,78.3524094
2014-12-18 00:00:00,85.703331,84.5233307,85.703331,84.3666687,1899900.0,79.8366699
2014-12-19 00:00:00,86.6900024,86.3833313,86.8399963,85.5800018,2655000.0,80.7557755
2014-12-22 00:00:00,87.2166672,86.6966705,87.3199997,86.5333328,1362600.0,81.2463913
2014-12-23 00:00:00,87.6966705,87.703331,88.0833359,87.3966675,1118100.0,81.6935425
2014-12-24 00:00:00,88.1833344,88.0199966,88.4466705,87.6399994,602400.0,82.1469193
2014-12-26 00:00:00,88.2833328,88.2133331,88.7433319,88.0500031,898500.0,82.2400436
2014-12-29 00:00:00,88.2666702,88.1666641,88.4800034,87.7833328,1116900.0,82.2245102
2014-12-30 00:00:00,88.3099976,88.253334,88.6200027,88.0566635,976800.0,82.2649002
2014-12-31 00:00:00,87.6800003,88.3233337,88.75,87.6800003,1078200.0,81.6780167
2015-01-02 00:00:00,87.4800034,87.3933334,88.3133316,86.7799988,1700400.0,81.4917221
2015-01-05 00:00:00,87.2200012,86.7166672,87.496666,86.5933304,2161800.0,81.2495041
2015-01-06 00:00:00,86.956665,87.0199966,88.1466675,86.3700027,2133000.0,81.0042267
2015-01-07 00:00:00,88.4400024,87.6066666,88.4599991,87.0,2487300.0,82.385994
2015-01-08 00:00:00,90.8600006,88.6733322,91.1966705,88.5299988,3236100.0,84.6403351
2015-01-09 00:00:00,91.4733353,90.9833298,91.8466644,90.3366699,2910900.0,85.2116928
2015-01-12 00:00:00,90.3666687,91.0800018,91.3899994,90.296669,2710800.0,84.1807709
2015-01-13 00:00:00,89.7133331,91.4199982,91.4199982,88.9866638,2356800.0,83.5721741
2015-01-14 00:00:00,89.7399979,88.496666,89.9400024,88.496666,2083800.0,83.5970001
2015-01-15 00:00:00,90.1966705,90.4166641,91.0800018,89.4433365,2163600.0,84.0224304
2015-01-16 00:00:00,91.2733307,90.4933319,91.5166702,89.8899994,2506200.0,85.0253906
2015-01-20 00:00:00,90.8366699,91.2266693,92.0766678,90.1299973,1917900.0,84.6186142
2015-01-21 00:00:00,91.0733337,91.046669,91.796669,90.6533356,1651200.0,84.8390427
2015-01-22 00:00:00,92.3700027,91.8300018,92.4300003,90.9233322,1782000.0,86.0469818
2015-01-23 00:00:00,91.3366699,92.3566666,92.3733368,91.0999985,1452000.0,85.0843887
2015-01-26 00:00:00,91.7633362,91.4300003,91.8166656,90.8600006,1414800.0,85.4818497
2015-01-27 00:00:00,91.3933334,91.6666641,91.793335,90.6666641,1882500.0,85.1371536
2015-01-28 00:00:00,90.3099976,91.9133301,92.2733307,90.1500015,2055300.0,84.1279984
2015-01-29 00:00:00,91.6233368,89.706665,91.9066696,88.3799973,2134200.0,85.3514328
2015-01-30 00:00:00,90.4233322,91.2433319,92.0,90.3933334,2972100.0,84.2335663
2015-02-02 00:00:00,90.953331,90.9199982,91.4599991,89.4766693,2193600.0,84.7272873
2015-02-03 00:00:00,91.1900024,91.3066635,91.3333359,90.1033325,2694300.0,84.9477692
2015-02-04 00:00:00,91.3666687,90.4033356,92.3333359,90.4033356,2285100.0,85.1123276
2015-02-05 00:00:00,92.6333313,91.8066635,92.706665,91.5966644,1608600.0,86.292305
2015-02-06 00:00:00,93.4366684,92.5666656,93.5966644,92.1966705,1714200.0,87.0406342
2015-02-09 00:00:00,91.4633331,93.3266678,93.5299988,91.3466644,1992600.0,85.2023926
2015-02-10 00:00:00,93.3533325,91.9000015,93.4599991,91.2133331,1932900.0,86.9630051
2015-02-11 00:00:00,92.6500015,93.3366699,93.6299973,92.3366699,1549500.0,86.3078232
2015-02-12 00:00:00,94.3399963,92.8499985,94.3933334,92.8499985,1428600.0,87.8821335
2015-02-13 00:00:00,95.0,94.3333359,95.1699982,94.1633301,1569000.0,88.4969711
2015-02-17 00:00:00,95.3666687,94.7366638,95.9333344,94.6600037,1524600.0,88.8385086
2015-02-18 00:00:00,96.0166702,95.1433334,96.0666656,95.0166702,1324200.0,89.4440384
2015-02-19 00:00:00,95.5866699,96.0133362,96.4266663,95.3666687,1122300.0,89.0434647
2015-02-20 00:00:00,96.5833359,95.503334,96.7633362,95.003334,1353300.0,89.9718781
2015-02-23 00:00:00,96.5199966,96.5833359,96.8333359,96.0566635,1424100.0,89.9128876
2015-02-24 00:00:00,96.8733368,96.5500031,97.0899963,96.1133347,1300500.0,90.2420502
2015-02-25 00:00:00,95.9166641,96.8199997,96.9700012,95.8533325,1322400.0,89.3508606
2015-02-26 00:00:00,95.9000015,95.6733322,96.5766678,95.453331,1676100.0,89.5438156
2015-02-27 00:00:00,95.0666656,95.9366684,96.1033325,95.0199966,1581000.0,88.7657242
2015-03-02 00:00:00,96.9633331,95.0666656,96.996666,95.0666656,2094900.0,90.5366898
2015-03-03 00:00:00,95.3099976,96.25,96.6399994,94.4066696,1853700.0,88.9929352
2015-03-04 00:00:00,95.3033295,94.956665,96.1500015,94.2399979,2089500.0,88.9867249
2015-03-05 00:00:00,96.3899994,95.4766693,96.5899963,95.3733368,2069400.0,90.0013351
2015-03-06 00:00:00,95.4800034,95.9300003,96.4033356,95.1433334,1727400.0,89.15168
2015-03-09 00:00:00,95.246666,95.6399994,96.1333313,94.9400024,1731000.0,88.9337997
2015-03-10 00:00:00,93.8199997,94.4499969,94.8066635,93.8066635,1729800.0,87.6016922
2015-03-11 00:00:00,93.6500015,94.043335,94.293335,93.6399994,1662900.0,87.4429398
2015-03-12 00:00:00,95.0766678,94.0366669,95.4133301,93.6800003,1545900.0,88.7750702
2015-03-13 00:00:00,95.0800018,94.9166641,95.3799973,94.5933304,1712700.0,88.778183
2015-03-16 00:00:00,96.046669,95.2766647,96.2099991,95.1166687,1801200.0,89.6807785
2015-03-17 00:00:00,95.3499985,95.5533295,95.8466644,95.1266632,1706400.0,89.0302658
2015-03-18 00:00:00,94.2666702,95.0966644,95.3466644,91.9466705,3720600.0,88.0187531
2015-03-19 00:00:00,94.8300018,94.3799973,95.2566681,94.1200027,2574600.0,88.5447388
2015-03-20 00:00:00,96.6666641,95.5,96.6666641,94.9300003,6449400.0,90.2596588
2015-03-23 00:00:00,95.953331,95.9666672,96.5333328,95.6166687,2347800.0,89.5936127
2015-03-24 00:00:00,95.2866669,95.703331,96.0833359,95.1933365,2791800.0,88.9711609
2015-03-25 00:00:00,93.7833328,95.6100006,95.9499969,93.7333298,2284500.0,87.5674515
2015-03-26 00:00:00,93.1066666,93.5800018,93.6500015,92.7600021,2124900.0,86.9356232
2015-03-27 00:00:00,93.8933334,93.4633331,94.0366669,92.9199982,1454700.0,87.6701584
2015-03-30 00:00:00,94.746666,94.7633362,95.0133362,94.2433319,1310100.0,88.4669495
2015-03-31 00:00:00,94.8333359,93.9899979,95.3166656,93.9833298,1859700.0,88.5478592
2015-04-01 00:00:00,95.2733307,95.043335,95.2900009,94.1566696,2073900.0,88.9586945
2015-04-02 00:00:00,94.7833328,95.4000015,95.7433319,94.3899994,2119800.0,88.5011444
2015-04-06 00:00:00,95.6266632,94.4366684,95.7166672,94.1900024,1469400.0,89.2886276
2015-04-07 00:00:00,95.8666687,95.6266632,96.3333359,95.1833344,1454700.0,89.5127029
2015-04-08 00:00:00,96.8833313,96.1666641,96.8833313,95.9800034,1636500.0,90.4619904
2015-04-09 00:00:00,97.0166702,96.8199997,97.4733353,96.5633316,1893000.0,90.5865097
2015-04-10 00:00:00,96.8833313,97.2666702,97.4866638,96.6333313,1588800.0,90.4619904
2015-04-13 00:00:00,96.5999985,97.1766663,97.503334,96.4233322,2232300.0,90.1974258
2015-04-14 00:00:00,96.7300034,96.8166656,97.1299973,96.206665,1535400.0,90.3188171
2015-04-15 00:00:00,96.2433319,97.1200027,97.4366684,95.8000031,1931700.0,89.8644104
2015-04-16 00:00:00,94.6033325,95.3300018,95.9499969,93.3333359,3993900.0,88.3330994
2015-04-17 00:00:00,94.046669,93.9800034,94.8966675,93.6299973,2821200.0,87.813324
2015-04-20 00:00:00,93.9700012,94.5066681,95.003334,93.6333313,1775100.0,87.741745
2015-04-21 00:00:00,94.1399994,94.4366684,94.6733322,93.6566696,1692000.0,87.9004822
2015-04-22 00:00:00,93.8799973,94.3000031,94.3000031,93.25,1587000.0,87.6576996
2015-04-23 00:00:00,94.1200027,93.75,94.546669,93.3600006,2112300.0,87.8818054
2015-04-24 00:00:00,94.206665,94.2399979,94.7799988,93.7266693,2154900.0,87.9627228
2015-04-27 00:00:00,94.3033295,94.3133316,94.9199982,94.0133362,2046300.0,88.0529785
2015-04-28 00:00:00,93.9599991,94.1033325,94.3600006,93.3899994,2259300.0,87.7324219
2015-04-29 00:00:00,93.0666656,93.7133331,93.9400024,92.3899994,2927700.0,86.8982849
2015-04-30 00:00:00,92.6666641,92.6833344,93.7233353,92.4366684,3176700.0,86.5247955
2015-05-01 00:00:00,94.0533295,93.1933365,94.4166641,92.7333298,1582200.0,87.8195572
2015-05-04 00:00:00,93.3466644,94.0800018,94.6966705,93.2300034,1639800.0,87.159729
2015-05-05 00:00:00,91.6433334,93.5266647,93.6966705,91.3766632,2158200.0,85.5692825
2015-05-06 00:00:00,92.6299973,92.0599976,92.7300034,91.3399963,1882200.0,86.4905777
2015-05-07 00:00:00,93.8000031,92.8833313,93.9800034,92.4933319,1845000.0,87.5830154
2015-05-08 00:00:00,95.7333298,94.8766632,96.1566696,94.5966644,2352300.0,89.3881912
2015-05-11 00:00:00,95.6500015,95.6666641,96.2566681,95.3166656,1619400.0,89.3104095
2015-05-12 00:00:00,96.2366638,95.3799973,96.6133347,94.8466644,2205600.0,89.8581772
2015-05-13 00:00:00,95.9766693,95.9700012,96.5166702,95.0133362,2275800.0,89.8238754
2015-05-14 00:00:00,97.0999985,96.3199997,97.246666,96.0566635,1435500.0,90.8751831
2015-05-15 00:00:00,97.0733337,97.25,97.4100037,96.5666656,1988700.0,90.8502274
2015-05-18 00:00:00,97.0166702,96.9466705,97.3300018,96.4933319,1119900.0,90.7972183
2015-05-19 00:00:00,97.4800034,97.246666,98.1166687,97.0333328,2015100.0,91.2308197
2015-05-20 00:00:00,95.8899994,97.5066681,97.6433334,95.8499985,1809000.0,89.7427673
2015-05-21 00:00:00,95.8166656,96.1500015,96.2433319,95.6866684,1187400.0,89.6741104
2015-05-22 00:00:00,95.503334,95.6600037,96.0100021,95.503334,1571700.0,89.3808746
2015-05-26 00:00:00,95.4633331,95.4400024,95.753334,94.8766632,2091000.0,89.3434296
2015-05-27 00:00:00,96.5800018,95.6500015,96.9733353,95.4199982,2012700.0,90.3885269
2015-05-28 00:00:00,96.6366653,96.1966705,96.7566681,96.1600037,1452900.0,90.4415283
2015-05-29 00:00:00,96.0599976,96.5899963,96.6633301,95.6933365,1780800.0,89.9018478
2015-06-01 00:00:00,96.0800018,96.3066635,96.3066635,95.4100037,1558200.0,89.9205627
2015-06-02 00:00:00,95.5066681,95.8566666,96.4000015,95.25,1142100.0,89.3839874
2015-06-03 00:00:00,95.753334,95.5599976,95.9000015,95.4033356,985500.0,89.6148376
2015-06-04 00:00:00,94.0699997,95.2799988,95.456665,93.9233322,1186200.0,88.0394287
2015-06-05 00:00:00,93.4599991,94.3366699,94.3366699,92.8066635,1826100.0,87.4685364
2015-06-08 00:00:00,92.7666702,93.2099991,93.4066696,92.6966705,1297500.0,86.8196564
2015-06-09 00:00:00,92.7233353,92.8866653,93.2166672,92.296669,1055400.0,86.7791138
2015-06-10 00:00:00,94.1633301,93.043335,94.2799988,92.5233307,2219400.0,88.1267776
2015-06-11 00:00:00,94.2566681,94.496666,94.9400024,94.1766663,1126500.0,88.2141342
2015-06-12 00:00:00,93.6366653,94.0,94.496666,93.4166641,1007100.0,87.6338806
2015-06-15 00:00:00,92.953331,93.1100006,93.5233307,92.6966705,1173900.0,86.9943466
2015-06-16 00:00:00,93.0366669,93.0266647,93.0899963,92.4933319,986100.0,87.0723343
2015-06-17 00:00:00,93.4100037,93.4499969,93.8633347,92.8700027,1764900.0,87.4217453
2015-06-18 00:00:00,94.503334,93.8466644,94.6333313,93.7833328,1420200.0,88.4449768
2015-06-19 00:00:00,93.996666,94.8833313,94.9066696,93.956665,5271600.0,87.970787
2015-06-22 00:00:00,95.0599976,94.3966675,95.1566696,94.1933365,1657200.0,88.9659653
2015-06-23 00:00:00,94.8399963,95.3333359,95.4300003,94.5199966,1247100.0,88.7600479
2015-06-24 00:00:00,93.9933319,94.7166672,94.7166672,93.9933319,1249200.0,87.9676819
2015-06-25 00:00:00,94.1999969,94.1966705,94.6766663,93.9066696,1198500.0,88.1610947
2015-06-26 00:00:00,94.3633347,94.2833328,94.7900009,93.8333359,1631700.0,88.3139572
2015-06-29 00:00:00,92.0899963,93.2099991,93.9300003,92.0833359,2307300.0,86.1863632
2015-06-30 00:00:00,91.6733322,92.5733337,92.9700012,91.6666641,1514400.0,85.796402
2015-07-01 00:00:00,93.6033325,92.0533295,93.7166672,91.7733307,1792200.0,87.6026611
2015-07-02 00:00:00,92.5566635,94.0899963,94.1299973,92.4599991,1520400.0,86.6231155
2015-07-06 00:00:00,93.3199997,91.6666641,93.7233353,91.6666641,1767600.0,87.3375168
2015-07-07 00:00:00,94.543335,93.6533356,94.6566696,93.206665,2096100.0,88.4824142
2015-07-08 00:00:00,93.6466675,94.046669,94.703331,93.6466675,2502600.0,87.6432343
2015-07-09 00:00:00,92.4700012,94.8066635,95.0,92.3799973,1963500.0,86.5420074
2015-07-10 00:00:00,92.7366638,92.8333359,93.3333359,92.2366638,2049900.0,86.7915955
2015-07-13 00:00:00,94.0266647,93.5199966,94.1566696,93.1466675,1614600.0,87.9988632
2015-07-14 00:00:00,94.7600021,93.7766647,94.8866653,93.6866684,1695900.0,88.6851959
2015-07-15 00:00:00,94.0533295,94.6666641,95.3133316,94.003334,2905200.0,88.0238419
2015-07-16 00:00:00,87.0766678,85.3566666,88.8966675,83.4233322,21494100.0,81.4944153
2015-07-17 00:00:00,88.6699982,87.0800018,89.6666641,86.5633316,6579000.0,82.9856033
2015-07-20 00:00:00,89.206665,88.6699982,90.0100021,88.3333359,3331500.0,83.4878693
2015-07-21 00:00:00,88.996666,89.6566696,90.1699982,88.793335,2945100.0,83.2913361
2015-07-22 00:00:00,91.2300034,89.0,91.5533295,89.0,3859500.0,85.381485
2015-07-23 00:00:00,90.1600037,91.1466675,91.1466675,89.8499985,2211600.0,84.3800888
2015-07-24 00:00:00,89.0400009,90.1533356,90.4133301,88.546669,2082300.0,83.3318863
2015-07-27 00:00:00,88.6800003,88.6800003,89.0400009,88.1833344,1695000.0,82.9949646
2015-07-28 00:00:00,91.2799988,88.496666,91.3199997,88.496666,2420400.0,85.4283066
2015-07-29 00:00:00,92.9333344,91.4100037,93.503334,91.0500031,2845200.0,86.9756393
2015-07-30 00:00:00,92.6399994,92.7333298,93.0,91.9333344,1750500.0,86.7011337
2015-07-31 00:00:00,92.5866699,93.1533356,93.296669,92.4933319,2350200.0,86.6511993
2015-08-03 00:00:00,92.7366638,92.7733307,93.0633316,92.0633316,1899300.0,86.7915955
2015-08-04 00:00:00,92.5066681,92.7433319,93.2433319,92.3466644,1190400.0,86.5763016
2015-08-05 00:00:00,91.5566635,93.3333359,93.3333359,91.3000031,2694900.0,85.6872177
2015-08-06 00:00:00,90.5733337,91.2833328,91.8300018,90.1433334,2184000.0,84.7669373
2015-08-07 00:00:00,89.7799988,90.4133301,90.4266663,89.1800003,2119800.0,84.0244446
2015-08-10 00:00:00,91.1633301,90.6466675,91.4066696,90.1133347,1521300.0,85.3191071
2015-08-11 00:00:00,90.3399963,90.2699966,90.6500015,89.6500015,1950300.0,84.5485535
2015-08-12 00:00:00,91.0566635,89.9000015,91.3333359,89.1566696,2169000.0,85.4304657
2015-08-13 00:00:00,92.003334,91.2133331,92.9366684,90.5500031,1662600.0,86.3186417
2015-08-14 00:00:00,93.1233368,91.8633347,93.7333298,91.5599976,1703400.0,87.3694458
2015-08-17 00:00:00,94.8966675,93.1200027,95.496666,92.8266678,2374200.0,89.0331802
2015-08-18 00:00:00,95.0233307,95.0,96.1533356,94.3866653,2155200.0,89.1520538
2015-08-19 00:00:00,93.9733353,94.6233368,95.0500031,93.9000015,2163300.0,88.1669388
2015-08-20 00:00:00,89.6399994,93.1566696,93.2733307,89.5199966,3513600.0,84.1013336
2015-08-21 00:00:00,87.1166687,88.6699982,88.8766632,86.0766678,4900800.0,81.7339325
2015-08-24 00:00:00,84.7733307,83.8733368,88.5866699,83.5733337,4631400.0,79.5353546
2015-08-25 00:00:00,82.8833313,87.5166702,87.7699966,82.8333359,3766500.0,77.7621384
2015-08-26 00:00:00,85.1833344,84.5833359,85.3666687,83.0333328,2907000.0,79.9200287
2015-08-27 00:00:00,86.456665,86.1500015,87.4700012,85.1033325,2013900.0,81.1146774
2015-08-28 00:00:00,86.0366669,86.1466675,86.6366653,85.3799973,1494600.0,80.7206421
2015-08-31 00:00:00,85.2699966,85.6100006,86.5566635,85.0366669,1839300.0,80.0013428
2015-09-01 00:00:00,82.8433304,83.9366684,84.4833298,82.5299988,1983000.0,77.7246094
2015-09-02 00:00:00,84.706665,83.793335,84.706665,83.0933304,2019300.0,79.4728165
2015-09-03 00:00:00,85.2900009,85.0,86.1600037,84.8399963,1673700.0,80.0201111
2015-09-04 00:00:00,84.6200027,84.4599991,85.3899994,84.0133362,1515300.0,79.3915176
2015-09-08 00:00:00,87.2099991,86.0166702,87.2233353,85.4866638,1386300.0,81.8214798
2015-09-09 00:00:00,85.7600021,88.1966705,88.3333359,85.6600037,1787400.0,80.4610825
2015-09-10 00:00:00,85.2200012,85.4333344,86.3066635,84.9700012,1948800.0,79.9544449
2015-09-11 00:00:00,85.2200012,85.0,85.456665,84.5733337,1613100.0,79.9544449
2015-09-14 00:00:00,83.9833298,85.496666,85.6866684,83.706665,2466000.0,78.7941742
2015-09-15 00:00:00,83.5566635,84.5666656,84.8399963,83.4033356,2890800.0,78.3938599
2015-09-16 00:00:00,83.543335,83.5566635,84.996666,82.9166641,3252000.0,78.3813705
2015-09-17 00:00:00,84.3899994,83.543335,85.8933334,82.9333344,3019200.0,79.1757202
2015-09-18 00:00:00,82.2166672,82.8000031,83.5800018,81.9866638,2832300.0,77.1366806
2015-09-21 00:00:00,81.4233322,82.8799973,83.1733322,81.1766663,3433800.0,76.3923569
2015-09-22 00:00:00,79.0833359,80.6100006,80.6399994,78.5833359,5757000.0,74.1969376
2015-09-23 00:00:00,77.5400009,78.3199997,79.3266678,77.4466705,4986900.0,72.7489624
2015-09-24 00:00:00,75.9333344,76.9899979,76.9899979,74.9433365,6755400.0,71.2415924
2015-09-25 00:00:00,75.8300018,76.6066666,77.5699997,75.5966644,4135500.0,71.1446304
2015-09-28 00:00:00,73.5199966,76.7166672,76.7166672,73.2233353,4234800.0,68.977356
2015-09-29 00:00:00,72.9800034,73.4199982,74.4266663,72.7566681,4827600.0,68.470726
2015-09-30 00:00:00,74.2600021,73.9833298,75.0566635,73.7633362,7592400.0,69.6716232
2015-10-01 00:00:00,77.3066635,74.253334,77.6633301,73.4766693,6678600.0,72.5300674
2015-10-02 00:00:00,79.0,76.5233307,79.0633316,75.7666702,4762500.0,74.1187668
2015-10-05 00:00:00,80.3899994,79.6133347,80.7433319,79.6133347,3445200.0,75.4228668
2015-10-06 00:00:00,78.8933334,80.25,80.7099991,78.5333328,3625200.0,74.0186768
2015-10-07 00:00:00,79.706665,77.5866699,80.3533325,77.5,2511900.0,74.7817612
2015-10-08 00:00:00,81.4033356,79.6999969,81.6066666,79.2366638,2202300.0,76.3735962
2015-10-09 00:00:00,80.953331,81.3066635,82.003334,80.3766632,2047500.0,75.9513931
2015-10-12 00:00:00,81.2566681,80.6699982,81.3899994,80.453331,1402200.0,76.2360153
2015-10-13 00:00:00,81.6333313,80.6200027,81.6633301,80.3333359,2436000.0,76.5893631
2015-10-14 00:00:00,80.8366699,81.1699982,81.7433319,80.7666702,2248200.0,75.8419418
2015-10-15 00:00:00,78.6933365,80.2633362,80.4000015,78.5999985,5329200.0,73.8310394
2015-10-16 00:00:00,81.0566635,78.8233337,81.1566696,78.543335,3411300.0,76.0483322
2015-10-19 00:00:00,80.956665,80.6900024,81.3700027,79.6433334,2618400.0,75.9545288
2015-10-20 00:00:00,79.8666687,80.9199982,81.2399979,79.4800034,2435400.0,74.9318848
2015-10-21 00:00:00,79.453331,80.1833344,80.6500015,78.753334,2697900.0,74.544075
2015-10-22 00:00:00,82.3099976,80.2566681,82.4766693,79.5533295,3037800.0,77.2242355
2015-10-23 00:00:00,81.9233322,83.0866699,83.3099976,81.1699982,1848000.0,76.861496
2015-10-26 00:00:00,82.4133301,82.296669,82.5733337,81.1133347,2208900.0,77.3211899
2015-10-27 00:00:00,80.6366653,81.6666641,81.6666641,80.0966644,3067800.0,75.6542892
2015-10-28 00:00:00,82.253334,80.7766647,82.4366684,80.4166641,4046100.0,77.1710968
2015-10-29 00:00:00,86.0366669,86.6566696,87.2833328,83.0,6517500.0,80.7206421
2015-10-30 00:00:00,88.9433365,86.8399963,89.953331,86.0133362,5585700.0,83.4477158
2015-11-02 00:00:00,89.9433365,89.4733353,90.2399979,88.4733353,3035100.0,84.3859329
2015-11-03 00:00:00,89.996666,89.8566666,90.1800003,89.0999985,2337000.0,84.4359512
2015-11-04 00:00:00,90.2333298,90.4199982,90.7366638,89.3466644,2483100.0,84.65802
2015-11-05 00:00:00,89.3700027,90.496666,90.7300034,89.1766663,3048900.0,83.8480072
2015-11-06 00:00:00,89.0766678,89.1933365,89.6399994,88.2833328,2045100.0,83.5728149
2015-11-09 00:00:00,88.8533325,89.1733322,89.2333298,87.8600006,1579500.0,83.3632584
2015-11-10 00:00:00,88.1900024,88.4133301,88.8366699,87.6833344,1334400.0,82.9494324
2015-11-11 00:00:00,88.706665,88.293335,89.2133331,87.5933304,1549500.0,83.4353943
2015-11-12 00:00:00,87.3633347,88.1366653,88.4166641,87.1100006,1529700.0,82.1718826
2015-11-13 00:00:00,87.543335,87.4333344,88.3233337,86.5066681,2157300.0,82.3411865
2015-11-16 00:00:00,88.9700012,87.543335,89.1733322,86.7600021,2131200.0,83.6830826
2015-11-17 00:00:00,89.9100037,89.1133347,91.0566635,89.003334,2977500.0,84.567215
2015-11-18 00:00:00,90.8700027,89.4800034,91.0,89.3966675,1925700.0,85.4701843
2015-11-19 00:00:00,90.9400024,91.0,91.6666641,90.7333298,1659600.0,85.5359879
2015-11-20 00:00:00,91.4266663,90.8733368,91.9766693,90.6666641,2301900.0,85.9937515
2015-11-23 00:00:00,91.8133316,91.4266663,93.1533356,91.4266663,2149800.0,86.3574371
2015-11-24 00:00:00,92.1066666,90.8533325,92.8433304,90.4666672,1947300.0,86.6333466
2015-11-25 00:00:00,91.9266663,92.496666,92.5500031,91.703331,1275300.0,86.4640427
2015-11-27 00:00:00,92.2766647,92.0599976,92.8233337,91.7300034,602700.0,86.7932587
2015-11-30 00:00:00,92.0233307,92.2433319,92.2566681,91.2300034,2606100.0,86.554985
2015-12-01 00:00:00,92.5199966,92.3566666,94.0,92.203331,1953000.0,87.0221252
2015-12-02 00:00:00,91.0699997,92.5866699,92.5866699,90.6999969,2070900.0,85.6582947
2015-12-03 00:00:00,88.6699982,91.4033356,91.4499969,88.2233353,3088800.0,83.4009018
2015-12-04 00:00:00,90.8066635,89.2799988,90.8533325,89.2566681,2109300.0,85.4105759
2015-12-07 00:00:00,90.1999969,90.3499985,91.3066635,89.3733368,1391400.0,84.8400116
2015-12-08 00:00:00,90.2866669,89.3499985,91.1100006,89.3399963,1488900.0,84.9215012
2015-12-09 00:00:00,89.2366638,89.8899994,91.2766647,88.9899979,1341000.0,83.9338837
2015-12-10 00:00:00,88.8466644,89.7399979,89.996666,88.6666641,1493400.0,83.5670624
2015-12-11 00:00:00,87.293335,88.8466644,88.8466644,87.0999985,2160000.0,82.1060562
2015-12-14 00:00:00,87.7799988,87.3799973,87.8633347,86.7366638,1471200.0,82.563797
2015-12-15 00:00:00,87.796669,88.7166672,88.9466705,87.5733337,1853700.0,82.5794678
2015-12-16 00:00:00,89.8399963,88.7266693,90.0766678,88.3666687,2366700.0,84.5013657
2015-12-17 00:00:00,87.7333298,90.1633301,90.3333359,87.6933365,1712400.0,82.5198898
2015-12-18 00:00:00,85.4100037,87.0066681,87.25,85.3633347,2318100.0,80.3346329
2015-12-21 00:00:00,87.0299988,86.046669,87.1100006,84.8966675,2479200.0,81.8583527
2015-12-22 00:00:00,87.2833328,87.3499985,87.6466675,86.5800018,1143900.0,82.0966339
2015-12-23 00:00:00,89.0500031,87.9266663,89.4366684,87.75,1353300.0,83.7583237
2015-12-24 00:00:00,88.3899994,88.7733307,89.4800034,88.2766647,340800.0,83.1375427
2015-12-28 00:00:00,88.0766678,87.75,88.5800018,87.75,913200.0,82.8428345
2015-12-29 00:00:00,88.296669,88.6699982,88.793335,87.9700012,1276200.0,83.0497589
2015-12-30 00:00:00,87.4833298,87.9833298,88.796669,87.2333298,1587300.0,82.2847672
2015-12-31 00:00:00,86.5333328,87.1366653,87.8333359,86.5299988,1854300.0,81.3911819
2016-01-04 00:00:00,84.9166641,85.7699966,86.6800003,83.703331,3405000.0,79.8705902
2016-01-05 00:00:00,85.2600021,85.5233307,86.2200012,84.9466705,2271900.0,80.1935501
2016-01-06 00:00:00,82.793335,83.6733322,84.1066666,82.1733322,2370900.0,77.8734741
2016-01-07 00:00:00,80.5233307,81.2099991,83.0299988,80.1866684,2640900.0,75.7383347
2016-01-08 00:00:00,80.5899963,81.1333313,81.5899963,80.3433304,3592800.0,75.801033
2016-01-11 00:00:00,80.6566696,80.8333359,81.3000031,79.8466644,2174700.0,75.8637619
2016-01-12 00:00:00,82.1399994,81.2833328,82.3066635,81.0199966,3054900.0,77.2589264
2016-01-13 00:00:00,80.3866653,82.6100006,82.6100006,80.1433334,1758000.0,75.6097946
2016-01-14 00:00:00,81.0800018,81.2200012,82.1699982,80.3399963,2503800.0,76.2619476
2016-01-15 00:00:00,80.6999969,79.4933319,81.1766663,79.0866699,2650500.0,75.9045334
2016-01-19 00:00:00,79.7833328,81.1633301,81.3199997,78.6800003,3081300.0,75.0423203
2016-01-20 00:00:00,81.7900009,80.0,81.9233322,78.3199997,6560400.0,76.9297409
2016-01-21 00:00:00,81.9899979,81.7300034,83.293335,79.9633331,4894200.0,77.1178589
2016-01-22 00:00:00,83.3366699,82.8099976,84.6999969,82.3566666,2887500.0,78.3844986
2016-01-25 00:00:00,81.3799973,82.8000031,83.2266693,81.3133316,2596800.0,76.5440979
2016-01-26 00:00:00,83.1399994,81.9366684,83.4666672,81.5266647,2197500.0,78.199501
2016-01-27 00:00:00,84.0833359,83.1399994,85.0299988,82.4266663,4250400.0,79.0867767
2016-01-28 00:00:00,83.2200012,81.1166687,86.0899963,81.1166687,5981100.0,78.2747498
2016-01-29 00:00:00,85.2233353,83.4866638,86.5199966,83.4866638,4042500.0,80.15905
2016-02-01 00:00:00,84.9499969,83.3300018,85.6133347,81.9366684,2337900.0,79.9019699
2016-02-02 00:00:00,82.9833298,84.453331,85.0333328,82.703331,1938600.0,78.0521469
2016-02-03 00:00:00,85.6200027,82.8733368,85.6299973,81.8466644,2373300.0,80.5321503
2016-02-04 00:00:00,86.753334,85.5500031,86.8700027,84.6266632,2475600.0,81.5981445
2016-02-05 00:00:00,85.3733368,86.5166702,86.9400024,84.4733353,3181200.0,80.3001251
2016-02-08 00:00:00,82.2099991,84.4266663,85.0766678,80.3000031,2997300.0,77.3247757
2016-02-09 00:00:00,84.1433334,82.0633316,84.753334,81.9233322,2452200.0,79.1432114
2016-02-10 00:00:00,84.2366638,84.6666641,86.1066666,83.9899979,1930200.0,79.2310257
2016-02-11 00:00:00,82.6266632,82.5866699,83.3666687,81.5733337,2197200.0,77.7166595
2016-02-12 00:00:00,85.5500031,83.6266632,85.6600037,82.9133301,1998900.0,80.466301
2016-02-16 00:00:00,86.3133316,86.3533325,86.7900009,84.8866653,2975400.0,81.1842575
2016-02-17 00:00:00,86.3833313,87.2566681,87.8566666,85.8666687,2067600.0,81.2501068
2016-02-18 00:00:00,84.9266663,86.3566666,86.4666672,84.7833328,2020800.0,79.8800354
2016-02-19 00:00:00,85.1699982,84.8199997,85.5366669,84.2566681,1742700.0,80.1088791
2016-02-22 00:00:00,85.9333344,85.8933334,86.5800018,85.5966644,1754400.0,80.8268738
2016-02-23 00:00:00,84.9033356,86.0633316,86.5366669,84.5066681,1686600.0,79.8580551
2016-02-24 00:00:00,86.5699997,84.2566681,86.6399994,83.9266663,1900500.0,81.4256973
2016-02-25 00:00:00,88.4866638,86.7866669,88.5366669,85.8300018,2421600.0,83.4985199
2016-02-26 00:00:00,91.0100021,88.9599991,92.4666672,88.6666641,4752900.0,85.879631
2016-02-29 00:00:00,90.1666641,90.8000031,92.2699966,90.0599976,3590400.0,85.0838089
2016-03-01 00:00:00,93.7200012,90.6466675,94.6566696,90.6466675,3399000.0,88.4368439
2016-03-02 00:00:00,91.2300034,92.7833328,93.2799988,90.8799973,2721000.0,86.0872192
2016-03-03 00:00:00,90.6633301,92.0566635,92.4333344,90.1200027,2745000.0,85.5524826
2016-03-04 00:00:00,92.2699966,91.0666656,92.5333328,90.1100006,2150100.0,87.0685883
2016-03-07 00:00:00,92.0933304,91.7166672,92.7766647,91.1733322,1884000.0,86.9018936
2016-03-08 00:00:00,92.0633316,91.3033295,92.9166641,90.75,2430900.0,86.8735733
2016-03-09 00:00:00,91.7366638,92.3700027,93.0,91.296669,2309100.0,86.5653229
2016-03-10 00:00:00,93.1999969,92.8099976,94.5666656,92.1733322,2690100.0,87.9461746
2016-03-11 00:00:00,94.9433365,94.3199997,95.6566696,94.0833359,3137700.0,89.5912399
2016-03-14 00:00:00,94.5633316,94.7566681,95.3766632,94.3466644,1876500.0,89.2326431
2016-03-15 00:00:00,94.246666,93.8733368,94.9599991,93.6766663,1709400.0,88.9338226
2016-03-16 00:00:00,95.6699982,94.7733307,95.7333298,94.246666,2038500.0,90.2769241
2016-03-17 00:00:00,95.6966705,95.3399963,95.9633331,94.7866669,2473500.0,90.3020706
2016-03-18 00:00:00,96.2300034,95.796669,96.3300018,95.1699982,2737800.0,90.8053665
2016-03-21 00:00:00,91.0966644,95.7799988,96.0966644,90.1800003,13577700.0,85.9613953
2016-03-22 00:00:00,94.0,91.046669,96.6333313,90.9866638,5370000.0,88.701088
2016-03-23 00:00:00,94.3300018,93.9100037,95.1266632,93.3333359,3561900.0,89.0124512
2016-03-24 00:00:00,93.7833328,93.8866653,94.3966675,93.2833328,1872600.0,88.4966278
2016-03-28 00:00:00,94.6433334,94.3399963,94.9766693,93.9133301,1580400.0,89.308136
2016-03-29 00:00:00,95.1999969,94.1466675,95.3700027,93.8133316,1975200.0,89.8333969
2016-03-30 00:00:00,94.8099976,95.7166672,95.7833328,94.1933365,1823700.0,89.4653854
2016-03-31 00:00:00,94.8899994,94.6633301,95.1633301,93.8766632,2161500.0,89.5408936
2016-04-01 00:00:00,95.8833313,94.2366638,96.0366669,93.8499985,1962900.0,90.478241
2016-04-04 00:00:00,95.7099991,96.0066681,96.4466705,94.5266647,1368900.0,90.3146896
2016-04-05 00:00:00,95.746666,94.6100006,96.4766693,94.6066666,1823100.0,90.3492813
2016-04-06 00:00:00,96.9233322,95.4033356,96.9599991,95.1333313,2206200.0,91.4596176
2016-04-07 00:00:00,97.5766678,96.5933304,97.753334,96.2699966,3823500.0,92.0761108
2016-04-08 00:00:00,98.9933319,98.1333313,99.0833359,98.0,3042000.0,93.4129181
2016-04-11 00:00:00,98.2366638,98.9800034,99.5833359,98.0199966,2355000.0,92.6988983
2016-04-12 00:00:00,99.2200012,98.1733322,99.5366669,98.0866699,2214600.0,93.6268158
2016-04-13 00:00:00,99.0266647,99.5166702,99.996666,98.7900009,2871900.0,93.4443512
2016-04-14 00:00:00,98.1666641,98.8899994,99.1266632,97.5800018,2328000.0,92.632843
2016-04-15 00:00:00,98.8099976,98.3233337,99.203331,98.2233353,1452600.0,93.2399216
2016-04-18 00:00:00,98.9233322,98.6666641,99.1399994,97.8366699,1627500.0,93.3468323
2016-04-19 00:00:00,99.4333344,99.206665,99.4400024,98.753334,1716000.0,93.828125
2016-04-20 00:00:00,100.0066681,99.5966644,100.5333328,98.6299973,2716800.0,94.3691406
2016-04-21 00:00:00,99.1233368,101.0,103.0,97.543335,5533500.0,93.5355911
2016-04-22 00:00:00,99.6999969,99.3866653,100.0,97.9199982,2178900.0,94.0797577
2016-04-25 00:00:00,99.75,99.2900009,100.1066666,99.0500031,2079900.0,94.1269531
2016-04-26 00:00:00,100.0400009,99.9666672,100.2900009,99.6600037,3489600.0,94.4005737
2016-04-27 00:00:00,99.5933304,100.0933304,100.1533356,98.8366699,2376300.0,93.9791107
2016-04-28 00:00:00,96.5366669,98.8866653,99.4666672,96.3700027,3502800.0,91.0947266
2016-04-29 00:00:00,95.7699966,96.4599991,96.5899963,95.1666641,2243400.0,90.3712921
2016-05-02 00:00:00,96.503334,95.1100006,96.6900024,94.2433319,2368200.0,91.0632629
2016-05-03 00:00:00,96.3333359,96.0833359,96.3366699,95.2766647,1727400.0,90.9028778
2016-05-04 00:00:00,96.3333359,95.9933319,96.4766693,95.5333328,1549200.0,90.9028778
2016-05-05 00:00:00,96.293335,96.6666641,97.0800018,95.8233337,1527900.0,90.8651199
2016-05-06 00:00:00,96.8266678,96.206665,96.8266678,96.0299988,1201200.0,91.3684006
2016-05-09 00:00:00,97.2666702,96.2633362,97.5,96.2633362,1607100.0,91.7835617
2016-05-10 00:00:00,98.6666641,97.5899963,98.8600006,97.5899963,2351100.0,93.1046753
2016-05-11 00:00:00,98.0,98.8033295,98.8033295,97.5533295,1866600.0,92.4755859
2016-05-12 00:00:00,98.7266693,98.956665,99.2733307,98.0,3107700.0,93.161293
2016-05-13 00:00:00,97.7233353,98.5566635,99.3000031,97.6033325,2073000.0,92.2145004
2016-05-16 00:00:00,99.2266693,98.1666641,99.3300018,98.0400009,1314000.0,93.6331024
2016-05-17 00:00:00,97.5599976,98.706665,99.3966675,97.3633347,1951200.0,92.0603943
2016-05-18 00:00:00,97.0766678,97.293335,97.9133301,96.6566696,1554300.0,91.8679733
2016-05-19 00:00:00,96.1133347,97.0133362,97.3233337,95.8233337,1419300.0,90.9563065
2016-05-20 00:00:00,96.5366669,96.6666641,97.25,96.3233337,1099800.0,91.356926
2016-05-23 00:00:00,97.5733337,96.8899994,97.6600037,96.3666687,2098200.0,92.3379822
2016-05-24 00:00:00,97.3066635,96.9233322,97.9866638,95.7699966,2063100.0,92.0856171
2016-05-25 00:00:00,97.0833359,97.6733322,98.0966644,97.0233307,1756200.0,91.8742752
2016-05-26 00:00:00,96.1399994,97.0566635,97.7166672,96.1399994,1931700.0,90.9815445
2016-05-27 00:00:00,97.2633362,96.293335,97.456665,96.2133331,1394400.0,92.0446243
2016-05-31 00:00:00,97.0299988,97.4100037,98.0,96.5966644,1727400.0,91.8238144
2016-06-01 00:00:00,97.1133347,96.8799973,97.2133331,96.4599991,1047000.0,91.9026642
2016-06-02 00:00:00,97.3433304,97.0766678,97.3466644,96.4366684,1603500.0,92.1203156
2016-06-03 00:00:00,97.0,96.9866638,97.3733368,96.0666656,1371600.0,91.7954102
2016-06-06 00:00:00,97.8233337,97.1766663,98.4333344,97.0,2217600.0,92.574585
2016-06-07 00:00:00,97.9433365,97.8933334,98.3166656,97.706665,1755900.0,92.688118
2016-06-08 00:00:00,98.4333344,98.0,98.6600037,97.6999969,2028900.0,93.1518326
2016-06-09 00:00:00,97.6766663,97.753334,98.2200012,96.9266663,1359900.0,92.4357605
2016-06-10 00:00:00,97.3499985,97.2300034,98.0266647,96.7566681,1693800.0,92.1266327
2016-06-13 00:00:00,97.1500015,97.2300034,97.6600037,96.6166687,1902600.0,91.937355
2016-06-14 00:00:00,97.3833313,96.7900009,97.4266663,96.3566666,2088600.0,92.158165
2016-06-15 00:00:00,96.9733353,97.7666702,97.9933319,96.9100037,2355300.0,91.7701721
2016-06-16 00:00:00,96.8466644,96.793335,96.9666672,95.796669,1538700.0,91.6502991
2016-06-17 00:00:00,96.1033325,96.6433334,96.8866653,95.5666656,2236200.0,90.9468536
2016-06-20 00:00:00,96.5199966,97.0699997,97.6666641,96.4366684,1625700.0,91.3411636
2016-06-21 00:00:00,95.8333359,96.8733368,96.9899979,95.75,1407600.0,90.6913452
2016-06-22 00:00:00,96.6399994,95.8333359,96.7566681,95.8300018,1638000.0,91.4547272
2016-06-23 00:00:00,96.3099976,97.5800018,97.75,96.2866669,3021300.0,91.1424026
2016-06-24 00:00:00,94.5833359,94.0733337,95.8300018,93.8633347,5037300.0,89.5084
2016-06-27 00:00:00,93.4400024,93.8366699,94.5400009,92.9133301,2813400.0,88.4264145
2016-06-28 00:00:00,96.6866684,94.2300034,96.9100037,94.2133331,3028800.0,91.4988785
2016-06-29 00:00:00,96.8033295,97.4433365,97.6566696,95.9700012,1894500.0,91.6092758
2016-06-30 00:00:00,97.8899994,97.1500015,98.0599976,96.3233337,1875300.0,92.6376648
2016-07-01 00:00:00,97.9333344,98.0733337,98.3899994,97.4833298,1322400.0,92.6786652
2016-07-05 00:00:00,98.2200012,97.4666672,98.4599991,97.1966705,1584900.0,92.9499512
2016-07-06 00:00:00,99.9300003,97.6033325,100.1600037,97.4066696,3020100.0,94.5682068
2016-07-07 00:00:00,100.6999969,99.8399963,101.0766678,99.8399963,2211900.0,95.2968826
2016-07-08 00:00:00,102.1733322,101.3933334,102.6533356,101.2333298,1875600.0,96.6911621
2016-07-11 00:00:00,102.3966675,101.6399994,103.0633316,101.0,1625700.0,96.902504
2016-07-12 00:00:00,101.8933334,102.7366638,103.2166672,101.8766632,1747800.0,96.426178
2016-07-13 00:00:00,102.296669,101.9800034,102.8066635,101.9466705,1015200.0,96.8078842
2016-07-14 00:00:00,102.0833359,102.8499985,102.8499985,101.7699966,1359000.0,96.6059952
2016-07-15 00:00:00,101.9666672,101.9866638,102.9066696,101.703331,1536600.0,96.4955826
2016-07-18 00:00:00,102.4166641,101.5766678,102.6133347,101.3833313,1225800.0,96.9214249
2016-07-19 00:00:00,103.0,102.6733322,103.0533295,102.0999985,1455600.0,97.4734955
2016-07-20 00:00:00,104.0333328,103.3333359,104.1600037,102.8499985,2863500.0,98.4513626
2016-07-21 00:00:00,96.8766632,99.4666672,100.0,95.0833359,10390800.0,91.6786957
2016-07-22 00:00:00,97.8600006,97.1800003,98.4599991,97.1800003,3504600.0,92.6092529
2016-07-25 00:00:00,98.3966675,98.1600037,98.4400024,97.7633362,2052000.0,93.1171494
2016-07-26 00:00:00,97.6333313,98.5133362,98.6633301,97.0966644,1818900.0,92.3947372
2016-07-27 00:00:00,97.4333344,97.8466644,98.1266632,96.8633347,2060100.0,92.2054901
2016-07-28 00:00:00,99.296669,97.4333344,99.4166641,96.953331,1834500.0,93.9688492
2016-07-29 00:00:00,99.9100037,99.3499985,99.9100037,99.0133362,2472600.0,94.5492477
2016-08-01 00:00:00,99.1200027,98.6666641,99.9466705,98.6666641,1536900.0,93.801651
2016-08-02 00:00:00,100.5766678,99.3466644,100.6433334,99.0899963,2208000.0,95.1801834
2016-08-03 00:00:00,100.503334,100.8933334,100.9633331,99.7366638,1577100.0,95.1107559
2016-08-04 00:00:00,100.0100021,100.7399979,100.8933334,99.7600021,1188300.0,94.643898
2016-08-05 00:00:00,100.1266632,100.2900009,100.4400024,99.496666,1417800.0,94.7543182
2016-08-08 00:00:00,99.1900024,100.2766647,100.5133362,98.8766632,1812000.0,93.8679123
2016-08-09 00:00:00,98.4300003,99.3233337,99.6200027,98.4300003,2034900.0,93.1486816
2016-08-10 00:00:00,98.8199997,98.7366638,98.9033356,98.3766632,1210200.0,93.517746
2016-08-11 00:00:00,98.9133301,99.3733368,99.543335,98.5866699,1596000.0,93.6060944
2016-08-12 00:00:00,98.6033325,98.4333344,98.6966705,97.9066696,1258800.0,93.312706
2016-08-15 00:00:00,98.7766647,99.0733337,99.2666702,98.6133347,1019400.0,93.4767685
2016-08-16 00:00:00,97.1766663,98.8333359,99.2166672,97.1333313,1747200.0,91.9625778
2016-08-17 00:00:00,95.8833313,96.7433319,96.8499985,95.6066666,3317100.0,91.0008774
2016-08-18 00:00:00,96.1933365,95.8466644,96.6066666,95.8266678,1365900.0,91.2950821
2016-08-19 00:00:00,95.9233322,95.8866653,96.0366669,95.1033325,2834100.0,91.0388184
2016-08-22 00:00:00,95.9633331,95.6866684,96.7399979,95.5266647,3432300.0,91.0767899
2016-08-23 00:00:00,97.043335,96.5133362,97.6566696,95.9666672,2165400.0,92.101799
2016-08-24 00:00:00,95.6033325,96.5966644,96.8399963,95.4166641,1432800.0,90.7351303
2016-08-25 00:00:00,95.503334,95.3866653,95.8899994,95.2666702,1916400.0,90.640213
2016-08-26 00:00:00,95.2733307,95.5666656,96.3833313,94.9700012,1618200.0,90.4219208
2016-08-29 00:00:00,95.5599976,95.296669,95.9933319,94.9599991,2464500.0,90.6940002
2016-08-30 00:00:00,95.5699997,95.3833313,96.203331,95.2900009,1933200.0,90.7034912
2016-08-31 00:00:00,94.5699997,95.6699982,95.7366638,94.4733353,1508100.0,89.7544174
2016-09-01 00:00:00,95.0899963,94.456665,95.4233322,94.2333298,3056400.0,90.2479172
2016-09-02 00:00:00,95.4766693,95.1833344,95.7866669,94.8766632,1274100.0,90.6148987
2016-09-06 00:00:00,95.043335,95.793335,95.793335,94.6966705,1110900.0,90.2036362
2016-09-07 00:00:00,95.496666,94.8633347,95.6999969,94.3133316,2036700.0,90.633873
2016-09-08 00:00:00,94.4499969,95.0633316,95.3633347,94.3066635,1805400.0,89.6405182
2016-09-09 00:00:00,91.4633331,93.6833344,93.8466644,91.4633331,3446100.0,86.8059311
2016-09-12 00:00:00,93.1166687,91.1299973,93.3499985,91.0933304,2965500.0,88.3750763
2016-09-13 00:00:00,91.25,92.9199982,93.1500015,91.2133331,3028800.0,86.6034546
2016-09-14 00:00:00,91.8700027,91.6133347,92.3866653,91.4766693,2094900.0,87.1918945
2016-09-15 00:00:00,92.246666,92.0800018,92.6666641,91.6666641,2083500.0,87.5493774
2016-09-16 00:00:00,91.3266678,92.0633316,92.206665,90.5633316,2888400.0,86.6762238
2016-09-19 00:00:00,91.1766663,90.8333359,91.8066635,90.5999985,2578500.0,86.5338516
2016-09-20 00:00:00,91.7233353,91.6666641,92.3700027,91.503334,2382900.0,87.0526886
2016-09-21 00:00:00,92.793335,91.6699982,92.8266678,91.0500031,1745400.0,88.0682144
2016-09-22 00:00:00,93.206665,93.1166687,93.5666656,92.7366638,1646100.0,88.4604874
2016-09-23 00:00:00,94.3333359,93.3799973,94.6433334,93.2666702,2288400.0,89.5297775
2016-09-26 00:00:00,93.4366684,94.046669,94.3133316,93.3866653,1622100.0,88.6787796
2016-09-27 00:00:00,94.1266632,93.2799988,94.253334,92.8333359,1290000.0,89.3336258
2016-09-28 00:00:00,93.9733353,94.6066666,94.6066666,93.543335,1975800.0,89.1881332
2016-09-29 00:00:00,92.4333344,93.9233322,94.1666641,92.0866699,2199900.0,87.7265396
2016-09-30 00:00:00,92.2200012,92.9100037,93.2333298,91.6299973,2174400.0,87.5240784
2016-10-03 00:00:00,91.9466705,91.9733353,92.1299973,91.6433334,1827900.0,87.2646561
2016-10-04 00:00:00,90.3333359,92.0133362,92.2399979,90.3333359,2787600.0,85.7334747
2016-10-05 00:00:00,90.6966705,90.6200027,91.0066681,90.206665,2238000.0,86.0783081
2016-10-06 00:00:00,91.3566666,90.5666656,91.5699997,90.1699982,2494200.0,86.7046967
2016-10-07 00:00:00,89.5800018,90.3933334,90.3933334,87.1299973,7021800.0,85.0184937
2016-10-10 00:00:00,90.246666,90.5100021,91.6566696,90.0,2233800.0,85.6512222
2016-10-11 00:00:00,89.1366653,89.8799973,90.0133362,88.5333328,3750600.0,84.5977478
2016-10-12 00:00:00,89.6766663,89.1600037,89.8933334,88.8300018,1563900.0,85.1102371
2016-10-13 00:00:00,89.8199997,89.0599976,90.1733322,88.6900024,1851900.0,85.2462921
2016-10-14 00:00:00,89.4666672,90.3666687,90.4100037,89.4599991,1602300.0,84.9109344
2016-10-17 00:00:00,89.8633347,89.4933319,90.1433334,89.4400024,1522800.0,85.2874069
2016-10-18 00:00:00,90.2833328,90.4366684,90.5133362,89.5666656,1257600.0,85.6860275
2016-10-19 00:00:00,90.5,90.253334,90.7166672,89.6733322,1886100.0,85.8916473
2016-10-20 00:00:00,91.9433365,90.8533325,92.4066696,90.753334,2870700.0,87.2614899
2016-10-21 00:00:00,92.3799973,91.2133331,92.543335,90.9933319,2208300.0,87.6759262
2016-10-24 00:00:00,92.6266632,92.8433304,93.0233307,92.0733337,2767800.0,87.9100418
2016-10-25 00:00:00,82.5366669,85.1833344,86.0,82.2266693,18016200.0,78.3338089
2016-10-26 00:00:00,83.0766678,82.5133362,83.9733353,82.3333359,4842600.0,78.8463364
2016-10-27 00:00:00,82.5333328,83.0966644,83.3466644,82.043335,3520500.0,78.330658
2016-10-28 00:00:00,81.5766678,82.3700027,82.9033356,80.5800018,5139600.0,77.4226913
2016-10-31 00:00:00,81.6200027,82.0933304,82.4700012,81.253334,2891700.0,77.4638138
2016-11-01 00:00:00,80.2099991,81.9499969,81.9499969,79.8266678,4023900.0,76.1256256
2016-11-02 00:00:00,80.8266678,80.3166656,81.2399979,80.1333313,2793600.0,76.710907
2016-11-03 00:00:00,80.5066681,81.3166656,81.6833344,80.4266663,2035500.0,76.4071732
2016-11-04 00:00:00,80.8466644,80.9266663,81.8233337,80.8333359,2447700.0,76.7298813
2016-11-07 00:00:00,82.6566696,82.1566696,82.8933334,81.6966705,3018000.0,78.4477005
2016-11-08 00:00:00,84.0633316,82.9333344,84.3633347,82.8366699,3805500.0,79.782753
2016-11-09 00:00:00,85.9133301,83.2333298,86.0333328,82.6999969,4071600.0,81.5385437
2016-11-10 00:00:00,88.3366699,86.0699997,89.6933365,86.0566635,6203100.0,83.838501
2016-11-11 00:00:00,87.253334,87.9700012,88.4499969,86.8533325,2964900.0,82.8103104
2016-11-14 00:00:00,87.793335,87.4800034,87.8766632,87.0800018,3858300.0,83.3228149
2016-11-15 00:00:00,88.5766678,88.206665,88.8766632,87.5500031,3159900.0,84.0662537
2016-11-16 00:00:00,87.3266678,88.0966644,88.2600021,87.253334,2252400.0,83.142746
2016-11-17 00:00:00,87.5699997,87.753334,88.1866684,87.3566666,2541900.0,83.3744202
2016-11-18 00:00:00,86.7633362,87.5699997,88.1100006,86.6666641,2427600.0,82.6063919
2016-11-21 00:00:00,88.7133331,86.746666,88.7666702,86.6833344,2621100.0,84.4629517
2016-11-22 00:00:00,89.5933304,88.6633301,89.9833298,88.5633316,3322800.0,85.3008118
2016-11-23 00:00:00,90.8033295,89.4033356,91.003334,89.4033356,2383800.0,86.4528275
2016-11-25 00:00:00,91.6566696,90.6866684,91.6666641,90.5899963,1131600.0,87.2652664
2016-11-28 00:00:00,91.3399963,91.2333298,91.7200012,90.9800034,3076800.0,86.963768
2016-11-29 00:00:00,92.1066666,91.4466705,92.496666,90.8533325,2514300.0,87.6937256
2016-11-30 00:00:00,89.5566635,92.2133331,92.3366699,89.4866638,3554700.0,85.2659073
2016-12-01 00:00:00,88.6266632,89.3866653,89.8199997,88.0,3781200.0,84.380455
2016-12-02 00:00:00,88.3533325,88.6233368,88.6266632,87.2166672,3198300.0,84.1202087
2016-12-05 00:00:00,88.8000031,88.2266693,88.8433304,87.6866684,2538900.0,84.5454865
2016-12-06 00:00:00,88.8199997,89.0133362,89.4899979,88.4100037,1866600.0,84.5645142
2016-12-07 00:00:00,89.9266663,88.6066666,89.9266663,87.9633331,2368500.0,85.6181641
2016-12-08 00:00:00,90.453331,89.5599976,90.6666641,89.203331,2474700.0,86.1195831
2016-12-09 00:00:00,90.3066635,90.3633347,91.1399994,90.1433334,2104200.0,85.97995
2016-12-12 00:00:00,90.253334,90.4300003,90.4300003,88.8533325,2570700.0,85.9291916
2016-12-13 00:00:00,89.8633347,90.8099976,90.8633347,89.7566681,2308500.0,85.5578766
2016-12-14 00:00:00,88.8300018,89.8866653,90.0800018,88.5233307,2815500.0,84.5740356
2016-12-15 00:00:00,89.2399979,88.8466644,89.7266693,88.8266678,2857800.0,84.9644012
2016-12-16 00:00:00,90.5866699,89.1066666,90.953331,89.0133362,3884700.0,86.2465439
2016-12-19 00:00:00,89.6266632,90.6066666,90.7566681,88.8600006,2683800.0,85.33255
2016-12-20 00:00:00,88.7300034,89.3233337,89.4700012,88.3799973,2417400.0,84.4788361
2016-12-21 00:00:00,90.4033356,88.9800034,90.543335,88.5066681,2336100.0,86.0719986
2016-12-22 00:00:00,90.0699997,90.8033295,90.9133301,89.706665,1253100.0,85.7546463
2016-12-23 00:00:00,90.7666702,90.2399979,90.8199997,89.4333344,1430100.0,86.4179153
2016-12-27 00:00:00,90.793335,90.7099991,91.0599976,90.1900024,1165200.0,86.443306
2016-12-28 00:00:00,90.0999985,91.0933304,91.1633301,90.0699997,1419900.0,85.7831955
2016-12-29 00:00:00,90.3766632,90.0,90.5866699,89.5699997,1093800.0,86.0466232
2016-12-30 00:00:00,89.5800018,90.8099976,90.8099976,89.3499985,1761000.0,85.2881088
2017-01-03 00:00:00,91.5133362,90.2399979,91.5400009,90.0966644,2670600.0,87.1288071
2017-01-04 00:00:00,92.1333313,91.6933365,92.5100021,91.5766678,1897800.0,87.7191162
2017-01-05 00:00:00,92.0599976,91.2099991,92.4300003,90.6600037,2495700.0,87.6492767
2017-01-06 00:00:00,92.996666,91.9933319,93.4466705,91.8866653,2331000.0,88.5410614
2017-01-09 00:00:00,92.9199982,92.9933319,93.1600037,92.4100037,2013000.0,88.4680786
2017-01-10 00:00:00,92.9599991,92.4866638,93.0733337,92.046669,2632500.0,88.5061493
2017-01-11 00:00:00,94.5866699,92.5366669,94.7733307,92.5366669,2523300.0,90.0549088
2017-01-12 00:00:00,94.5133362,93.9800034,94.7433319,93.3866653,1948800.0,89.9850693
2017-01-13 00:00:00,95.0333328,94.5866699,95.1066666,93.5999985,1740300.0,90.4801636
2017-01-17 00:00:00,94.7866669,94.8566666,95.2399979,94.1533356,2218800.0,90.2453079
2017-01-18 00:00:00,95.6533356,94.9066696,95.7866669,94.3899994,2363100.0,91.0704575
2017-01-19 00:00:00,94.3633347,95.6200027,95.996666,93.8166656,3458400.0,89.8422775
2017-01-20 00:00:00,94.5400009,94.7633362,94.9733353,93.9300003,2747700.0,90.0104828
2017-01-23 00:00:00,94.6666641,94.543335,95.043335,94.3266678,3195600.0,90.1310501
2017-01-24 00:00:00,93.5899963,94.8033295,95.3000031,93.5133362,4618500.0,89.1059723
2017-01-25 00:00:00,94.4733353,94.1533356,94.4733353,93.3799973,7054800.0,89.9469986
2017-01-26 00:00:00,101.6666641,100.5199966,102.9766693,99.5,9041100.0,96.7956772
2017-01-27 00:00:00,101.7333298,101.6066666,103.3333359,101.1999969,4503900.0,96.8591614
2017-01-30 00:00:00,101.6100006,101.5500031,102.25,100.7699966,3495600.0,96.7417374
2017-01-31 00:00:00,101.2699966,100.9199982,101.6299973,100.0599976,2738100.0,96.4180374
2017-02-01 00:00:00,102.0599976,100.7333298,102.1933365,100.5633316,2311500.0,97.170166
2017-02-02 00:00:00,101.2866669,102.246666,102.453331,101.1900024,2213700.0,96.4338913
2017-02-03 00:00:00,101.3333359,102.246666,102.246666,101.0,1762800.0,96.4783096
2017-02-06 00:00:00,100.6566696,101.1633301,101.5533295,100.5833359,1756800.0,95.8340912
2017-02-07 00:00:00,100.6833344,100.9400024,101.3266678,100.503334,1430700.0,95.8594666
2017-02-08 00:00:00,101.7866669,100.7399979,101.8199997,100.6699982,1294800.0,96.909935
2017-02-09 00:00:00,102.1633301,101.9199982,102.3233337,101.6999969,1574700.0,97.2685547
2017-02-10 00:00:00,102.1566696,102.2133331,102.5699997,101.753334,1219500.0,97.2621994
2017-02-13 00:00:00,103.206665,102.3333359,103.2266693,102.0,2231700.0,98.2619095
2017-02-14 00:00:00,103.3000031,102.8099976,103.3333359,102.2733307,2446800.0,98.350769
2017-02-15 00:00:00,103.3033295,103.0733337,103.3666687,102.4400024,1710900.0,98.3539352
2017-02-16 00:00:00,103.7233353,103.3066635,104.1466675,102.7766647,1766400.0,98.7538223
2017-02-17 00:00:00,103.7833328,103.75,104.0566635,103.5233307,1423200.0,98.8109589
2017-02-21 00:00:00,104.1733322,103.7799988,104.5800018,103.5066681,1749600.0,99.1822586
2017-02-22 00:00:00,104.1533356,103.9499969,104.4433365,103.6299973,1226100.0,99.1632156
2017-02-23 00:00:00,103.4000015,103.8899994,104.1133347,103.296669,1093200.0,98.7145081
2017-02-24 00:00:00,104.2166672,102.9233322,104.2166672,102.9233322,1464300.0,99.4941788
2017-02-27 00:00:00,103.4000015,104.3300018,104.453331,103.2099991,1048200.0,98.7145081
2017-02-28 00:00:00,102.8466644,103.0899963,103.4266663,102.5,1836600.0,98.1862488
2017-03-01 00:00:00,105.1200027,103.9933319,105.5533295,103.6433334,2513100.0,100.3565903
2017-03-02 00:00:00,104.3233337,104.8466644,104.9000015,104.1066666,1306500.0,99.5960007
2017-03-03 00:00:00,103.9766693,104.2733307,104.5333328,103.5066681,1160400.0,99.2650375
2017-03-06 00:00:00,103.7699966,103.7300034,104.2633362,103.4599991,1224300.0,99.067749
2017-03-07 00:00:00,103.5266647,103.5100021,103.9766693,103.4599991,1258800.0,98.8354263
2017-03-08 00:00:00,103.6666641,103.3333359,105.1633301,103.1433334,2045100.0,98.9690933
2017-03-09 00:00:00,103.4033356,103.543335,103.9199982,103.2900009,1645200.0,98.7177048
2017-03-10 00:00:00,103.9666672,103.8333359,104.4333344,103.5533295,1196700.0,99.2555237
2017-03-13 00:00:00,103.9633331,103.8300018,104.1433334,103.3899994,961500.0,99.2523346
2017-03-14 00:00:00,103.3799973,103.4233322,103.753334,102.753334,1288200.0,98.6954269
2017-03-15 00:00:00,104.1999969,103.503334,104.3799973,103.206665,1745400.0,99.4782486
2017-03-16 00:00:00,103.7766647,104.253334,104.5766678,103.456665,1344900.0,99.0741119
2017-03-17 00:00:00,104.4599991,104.2233353,104.6333313,103.9333344,2218200.0,99.7264862
2017-03-20 00:00:00,104.043335,104.5,104.5,103.5333328,1149000.0,99.3286743
2017-03-21 00:00:00,102.6500015,103.8766632,104.4300003,102.5366669,2726100.0,97.9985123
2017-03-22 00:00:00,103.8866653,102.7900009,103.996666,101.9000015,1772700.0,99.1791306
2017-03-23 00:00:00,103.5833359,103.6466675,104.4166641,103.0699997,1412400.0,98.8895493
2017-03-24 00:00:00,103.1500015,103.6500015,104.0533295,102.7799988,1028100.0,98.4758224
2017-03-27 00:00:00,103.1566696,102.293335,103.3566666,102.0533295,1895400.0,98.4822006
2017-03-28 00:00:00,103.6466675,103.0699997,103.9899979,103.0100021,981300.0,98.9499893
2017-03-29 00:00:00,103.3799973,103.5699997,104.0566635,102.8766632,1762800.0,98.6954269
2017-03-30 00:00:00,103.4033356,103.3633347,103.8933334,103.0999985,1152000.0,98.7177048
2017-03-31 00:00:00,103.3966675,103.3099976,103.7600021,103.1433334,840300.0,98.7113342
2017-04-03 00:00:00,102.8700027,103.3000031,103.9233322,102.0166702,1557600.0,98.2085419
2017-04-04 00:00:00,102.793335,103.0199966,103.3666687,102.1299973,1551600.0,98.1353378
2017-04-05 00:00:00,103.0933304,102.793335,104.0766678,102.4233322,1555500.0,98.4217453
2017-04-06 00:00:00,103.4899979,103.1266632,103.8933334,102.9199982,1214700.0,98.8004227
2017-04-07 00:00:00,104.3566666,103.6200027,104.4599991,103.496666,1367400.0,99.6278152
2017-04-10 00:00:00,103.9499969,104.3133316,104.5833359,103.7233353,759000.0,99.2395782
2017-04-11 00:00:00,104.1333313,103.5266647,104.1866684,103.1666641,1033800.0,99.4146271
2017-04-12 00:00:00,104.3199997,104.1166687,104.5666656,103.8433304,1494600.0,99.5928192
2017-04-13 00:00:00,102.7833328,103.9899979,104.3166656,102.7666702,1307100.0,98.1257858
2017-04-17 00:00:00,103.6166687,103.2099991,103.7900009,103.0100021,1026900.0,98.9213562
2017-04-18 00:00:00,103.6900024,103.2666702,103.8499985,103.2166672,1295100.0,98.9913788
2017-04-19 00:00:00,103.8466644,104.0166702,104.1433334,103.3899994,1936500.0,99.1409531
2017-04-20 00:00:00,108.0066681,107.0400009,108.503334,105.7300034,4863000.0,103.1124115
2017-04-21 00:00:00,108.1999969,107.8133316,108.3899994,107.3633347,2306700.0,103.2970123
2017-04-24 00:00:00,109.2433319,109.6433334,109.8799973,108.4599991,2008200.0,104.2930603
2017-04-25 00:00:00,110.3933334,110.0,110.4766693,109.3399963,1603500.0,105.3909378
2017-04-26 00:00:00,110.3133316,110.2766647,110.6566696,109.3333359,1839000.0,105.3145676
2017-04-27 00:00:00,111.8566666,110.4133301,112.1266632,110.0,1769700.0,106.7879715
2017-04-28 00:00:00,111.5599976,112.4899979,112.6666641,111.0133362,2145900.0,106.5047607
2017-05-01 00:00:00,110.8499985,111.0933304,112.0199966,110.8499985,1334400.0,105.8269272
2017-05-02 00:00:00,111.5666656,111.0333328,111.7866669,110.8399963,1320900.0,106.5111084
2017-05-03 00:00:00,111.3933334,112.0133362,112.4433365,110.7233353,1116300.0,106.3456345
2017-05-04 00:00:00,112.8700027,111.6299973,112.9633331,111.296669,2321700.0,107.7553864
2017-05-05 00:00:00,112.746666,113.1600037,113.1866684,112.0699997,1387200.0,107.6376419
2017-05-08 00:00:00,112.5833359,112.8333359,113.1200027,112.3666687,1068000.0,107.4816971
2017-05-09 00:00:00,112.793335,112.3466644,113.206665,112.206665,1083000.0,107.6822052
2017-05-10 00:00:00,112.5666656,112.8033295,112.9933319,112.2099991,940500.0,107.4657898
2017-05-11 00:00:00,111.546669,112.0933304,112.2633362,110.7333298,1186500.0,106.4920273
2017-05-12 00:00:00,111.3499985,111.5299988,111.9266663,111.1900024,771000.0,106.3042679
2017-05-15 00:00:00,111.3099976,111.253334,111.8333359,111.1333313,1220400.0,106.2660828
2017-05-16 00:00:00,112.293335,111.3433304,112.3099976,111.203331,1746900.0,107.2048569
2017-05-17 00:00:00,109.4899979,112.0100021,112.0100021,109.4700012,2122500.0,104.7929535
2017-05-18 00:00:00,110.4066696,109.3333359,110.9000015,108.9666672,2106300.0,105.6703033
2017-05-19 00:00:00,110.7900009,110.6033325,111.2399979,110.0933304,1551900.0,106.0371857
2017-05-22 00:00:00,110.4833298,111.3066635,111.3066635,109.8766632,1419000.0,105.7436676
2017-05-23 00:00:00,110.6366653,110.5933304,111.1900024,110.3399963,1362900.0,105.8904343
2017-05-24 00:00:00,110.9266663,110.6366653,111.496666,110.2099991,1086300.0,106.1679916
2017-05-25 00:00:00,111.3633347,111.2733307,111.5166702,110.5699997,1581900.0,106.5859299
2017-05-26 00:00:00,111.6500015,111.1733322,111.8066635,111.0166702,1214400.0,106.8602982
2017-05-30 00:00:00,111.7866669,111.6500015,111.9866638,111.3766632,1363500.0,106.9911041
2017-05-31 00:00:00,110.5899963,111.8799973,112.0,110.3133316,3105600.0,105.8457718
2017-06-01 00:00:00,112.9800034,110.8366699,113.0833359,110.5766678,2511300.0,108.1332245
2017-06-02 00:00:00,115.1333313,113.2766647,115.6200027,112.8833313,2207100.0,110.1941986
2017-06-05 00:00:00,114.0866699,115.0933304,115.1200027,113.6433334,1261500.0,109.1924362
2017-06-06 00:00:00,113.4400024,114.0299988,114.4166641,113.3333359,1837800.0,108.573494
2017-06-07 00:00:00,113.4199982,113.7233353,113.8866653,112.706665,942300.0,108.5543442
2017-06-08 00:00:00,115.3233337,113.4199982,115.9866638,113.4199982,2656800.0,110.3760376
2017-06-09 00:00:00,117.6366653,115.4333344,118.2099991,115.4333344,3853800.0,112.5901413
2017-06-12 00:00:00,115.9800034,117.503334,118.0100021,115.4199982,3493200.0,111.0045471
2017-06-13 00:00:00,117.75,116.3899994,118.0533295,116.203331,1824300.0,112.698616
2017-06-14 00:00:00,117.5633316,118.1933365,118.2133331,115.9100037,2029200.0,112.5199585
2017-06-15 00:00:00,117.1666641,116.4000015,117.2300034,116.1666641,1342200.0,112.1402893
2017-06-16 00:00:00,116.8499985,117.2399979,117.296669,116.1833344,2610300.0,111.8372116
2017-06-19 00:00:00,119.0,117.5366669,119.0,117.4433365,2385000.0,113.8949661
2017-06-20 00:00:00,119.3199997,119.0,120.1933365,119.0,2122200.0,114.2012711
2017-06-21 00:00:00,118.4666672,119.1066666,119.8899994,118.293335,1590900.0,113.3845291
2017-06-22 00:00:00,118.25,118.293335,118.5633316,117.6933365,1056300.0,113.1771545
2017-06-23 00:00:00,119.0333328,118.25,119.0766678,118.0266647,1793100.0,113.9268951
2017-06-26 00:00:00,119.6600037,119.3333359,119.8666687,119.0633316,1820700.0,114.5266571
2017-06-27 00:00:00,119.3866653,119.7799988,120.5166702,119.0599976,1411500.0,114.2650681
2017-06-28 00:00:00,120.3433304,120.0299988,120.8566666,119.9933319,1529700.0,115.1806717
2017-06-29 00:00:00,117.546669,120.2900009,120.703331,117.4700012,2106900.0,112.5039902
2017-06-30 00:00:00,116.9866638,117.9033356,118.2433319,116.8566666,2954700.0,111.9680099
2017-07-03 00:00:00,117.7433319,117.9300003,118.6233368,117.1366653,920400.0,112.6922302
2017-07-05 00:00:00,117.0266647,117.8333359,118.003334,116.6200027,2367300.0,112.0062943
2017-07-06 00:00:00,116.6100006,116.4666672,116.956665,115.6266632,2074200.0,111.6074982
2017-07-07 00:00:00,117.3433304,116.5599976,117.7833328,116.003334,1700100.0,112.3093872
2017-07-10 00:00:00,117.3099976,117.253334,117.8000031,116.9233322,1211700.0,112.2774658
2017-07-11 00:00:00,117.7566681,117.3333359,117.956665,116.7333298,1650000.0,112.7049866
2017-07-12 00:00:00,118.6533356,118.3333359,119.0333328,117.5866699,1802400.0,113.5631943
2017-07-13 00:00:00,118.3833313,118.9000015,119.2666702,118.3099976,1138500.0,113.3047943
2017-07-14 00:00:00,118.8233337,118.453331,119.0800018,118.3133316,1357500.0,113.7258987
2017-07-17 00:00:00,119.8000031,119.2166672,120.4233322,119.0,1483200.0,114.6606598
2017-07-18 00:00:00,119.3899994,119.5866699,119.8533325,118.8733368,1838400.0,114.2682419
2017-07-19 00:00:00,119.9066696,119.8300018,120.2833328,119.3033295,1861800.0,114.7627487
2017-07-20 00:00:00,116.9266663,117.3633347,119.1999969,112.5933304,9246300.0,111.9105988
2017-07-21 00:00:00,117.3899994,116.6699982,117.8099976,115.7633362,2723400.0,112.3540497
2017-07-24 00:00:00,117.2166672,117.246666,117.7699966,116.6800003,1761900.0,112.1881485
2017-07-25 00:00:00,117.4066696,117.6966705,117.9766693,116.6433334,1503600.0,112.3700027
2017-07-26 00:00:00,116.8666687,117.5966644,118.0100021,116.6766663,1252800.0,111.8531723
2017-07-27 00:00:00,115.1933365,116.8766632,117.0800018,114.4800034,2633700.0,110.2516022
2017-07-28 00:00:00,114.1266632,115.1933365,115.2433319,113.6633301,2364300.0,109.2307129
2017-07-31 00:00:00,112.4233322,114.1500015,114.2766647,112.3833313,2665500.0,107.600441
2017-08-01 00:00:00,112.3633347,112.3833313,113.3766632,111.4400024,3249900.0,107.543045
2017-08-02 00:00:00,112.3566666,112.4666672,113.1533356,111.7866669,2301900.0,107.5366364
2017-08-03 00:00:00,111.3433304,112.7866669,112.7866669,110.5599976,2553600.0,106.5667801
2017-08-04 00:00:00,111.6900024,111.796669,112.3399963,111.2433319,1574700.0,106.8985901
2017-08-07 00:00:00,111.4633331,111.9466705,112.6633301,111.246666,1357500.0,106.681633
2017-08-08 00:00:00,110.8333359,111.3833313,111.9133301,110.4933319,1654200.0,106.0786514
2017-08-09 00:00:00,111.8933334,110.3133316,112.6133347,110.1833344,2286600.0,107.0932083
2017-08-10 00:00:00,110.6800003,111.543335,111.8533325,110.3333359,2422500.0,105.9318924
2017-08-11 00:00:00,110.6266632,110.4933319,111.4033356,110.203331,1527000.0,105.8808594
2017-08-14 00:00:00,112.503334,111.4266663,112.6133347,110.996666,1887300.0,107.6770172
2017-08-15 00:00:00,110.8566666,112.4666672,112.4666672,110.8333359,1785600.0,106.1010132
2017-08-16 00:00:00,111.1433334,110.8066635,111.5100021,110.4166641,1671300.0,106.6479187
2017-08-17 00:00:00,109.8533325,110.9000015,111.2566681,109.7733307,1394700.0,105.4101105
2017-08-18 00:00:00,109.6566696,109.7433319,110.2233353,109.0266647,1661400.0,105.221405
2017-08-21 00:00:00,109.8733368,109.6666641,110.4266663,108.8933334,2089500.0,105.429306
2017-08-22 00:00:00,113.0100021,110.3866653,113.0999985,110.3866653,2601000.0,108.4391174
2017-08-23 00:00:00,111.9233322,112.3633347,112.7166672,111.0999985,1548000.0,107.3963776
2017-08-24 00:00:00,111.8533325,112.2733307,112.2833328,111.4433365,1330800.0,107.3292084
2017-08-25 00:00:00,113.0533295,112.2566681,113.3533325,111.5533295,1588500.0,108.4806747
2017-08-28 00:00:00,112.9733353,112.6066666,114.1500015,112.5666656,1443600.0,108.4039307
2017-08-29 00:00:00,111.046669,112.3933334,112.5766678,111.046669,1727700.0,106.5551758
2017-08-30 00:00:00,112.6666641,111.043335,113.0999985,110.8700027,2228100.0,108.1096497
2017-08-31 00:00:00,113.0899963,113.296669,113.7600021,112.7866669,2238600.0,108.5158691
2017-09-01 00:00:00,114.5400009,113.4066696,115.2133331,112.9599991,2123100.0,109.9072113
2017-09-05 00:00:00,114.9933319,114.4033356,116.4366684,114.1800003,1884000.0,110.3422089
2017-09-06 00:00:00,114.3199997,115.046669,115.5599976,113.8733368,1536300.0,109.6961136
2017-09-07 00:00:00,113.1833344,114.1966705,114.3199997,112.5566635,1576800.0,108.6054153
2017-09-08 00:00:00,114.8499985,113.3166656,115.0899963,112.0899963,2180700.0,110.2046814
2017-09-11 00:00:00,115.8399963,115.5299988,115.8433304,114.5666656,1894200.0,111.1546326
2017-09-12 00:00:00,116.7833328,116.1666641,117.4633331,116.0666656,1691700.0,112.0598068
2017-09-13 00:00:00,115.6399994,116.753334,117.293335,115.3666687,1109100.0,110.9627228
2017-09-14 00:00:00,115.5133362,115.6333313,116.0199966,114.9233322,1436400.0,110.8412018
2017-09-15 00:00:00,113.6600037,115.4233322,115.4233322,113.5566635,2881500.0,109.0628128
2017-09-18 00:00:00,113.2333298,113.8466644,113.8466644,112.8166656,1946700.0,108.6534042
2017-09-19 00:00:00,114.246666,113.7333298,114.7200012,113.2566681,2140500.0,109.6257324
2017-09-20 00:00:00,115.6800003,114.5733337,115.9499969,114.1966705,2290200.0,111.0011139
2017-09-21 00:00:00,116.5366669,115.7633362,117.2233353,115.6333313,2082300.0,111.823143
2017-09-22 00:00:00,116.5866699,116.6966705,116.7733307,114.6933365,1710600.0,111.8711243
2017-09-25 00:00:00,117.3333359,115.8000031,117.6433334,115.7399979,1562100.0,112.5875778
2017-09-26 00:00:00,117.3799973,118.3333359,120.0,116.9933319,2572500.0,112.6323471
2017-09-27 00:00:00,116.6133347,117.3633347,117.8033295,115.2900009,1722600.0,111.8966827
2017-09-28 00:00:00,119.0133362,116.0833359,119.206665,116.0,3196200.0,114.1996155
2017-09-29 00:00:00,119.3466644,119.003334,121.3266678,118.8433304,2349900.0,114.5194778
2017-10-02 00:00:00,119.8099976,119.2799988,119.9066696,118.5,2297100.0,114.9640579
2017-10-03 00:00:00,124.7900009,124.9166641,125.746666,122.4866638,6070500.0,119.7426376
2017-10-04 00:00:00,124.7233353,125.0,125.5566635,123.7433319,2115000.0,119.6786804
2017-10-05 00:00:00,126.6333313,126.6866684,127.0,125.4599991,2491500.0,121.5114136
2017-10-06 00:00:00,127.8233337,126.3499985,127.8799973,126.0,2153400.0,122.6532822
2017-10-09 00:00:00,127.3333359,127.6666641,127.8300018,126.5,1712100.0,122.1831055
2017-10-10 00:00:00,127.1566696,127.3733368,127.7766647,126.4933319,1315500.0,122.013588
2017-10-11 00:00:00,127.6800003,126.7300034,127.9166641,126.5333328,1389300.0,122.5157394
2017-10-12 00:00:00,127.8566666,127.3533325,128.3300018,127.0633316,1328400.0,122.6852646
2017-10-13 00:00:00,128.613327,128.4900055,129.0566711,127.9133301,2194500.0,123.4113159
2017-10-16 00:00:00,128.0233307,128.8333282,128.8833313,127.6100006,1422300.0,122.8451843
2017-10-17 00:00:00,127.5599976,128.1866608,128.3333282,127.1399994,1557000.0,122.4006042
2017-10-18 00:00:00,128.0299988,127.9400024,128.4133301,127.5299988,1360800.0,122.8516006
2017-10-19 00:00:00,129.1900024,127.8399963,129.2400055,127.6600037,1151700.0,123.9646683
2017-10-20 00:00:00,129.8999939,129.8300018,130.1999969,129.1166687,1587600.0,124.6459503
2017-10-23 00:00:00,128.8600006,130.0299988,130.1066742,128.4133301,2357100.0,123.6480255
2017-10-24 00:00:00,129.636673,127.4866638,131.3666687,127.456665,2487300.0,124.3932648
2017-10-25 00:00:00,130.8466644,130.0399933,131.136673,128.5399933,2174700.0,125.5543518
2017-10-26 00:00:00,132.1666718,131.206665,132.7400055,130.6066742,1793400.0,126.8209763
2017-10-27 00:00:00,132.4299927,132.1799927,132.6633301,130.9700012,1804800.0,127.0736237
2017-10-30 00:00:00,131.4166718,132.3766632,132.6766663,131.2333374,1234800.0,126.1013107
2017-10-31 00:00:00,131.7166595,131.4466705,132.4400024,131.4033356,1335300.0,126.3891144
2017-11-01 00:00:00,131.9233398,130.8833313,132.0633392,130.4766693,1125900.0,126.5874252
2017-11-02 00:00:00,130.7033386,132.3099976,132.3099976,130.2966614,1535700.0,125.4168091
2017-11-03 00:00:00,132.3699951,131.0666656,132.706665,130.6666718,1021500.0,127.016037
2017-11-06 00:00:00,131.3133392,131.6600037,132.5766602,131.1199951,1134600.0,126.0021439
2017-11-07 00:00:00,131.3366699,131.5533295,132.0133362,131.1166687,971700.0,126.0245285
2017-11-08 00:00:00,131.8366699,131.5533295,132.1333313,130.5033264,1121700.0,126.5042953
2017-11-09 00:00:00,129.0099945,131.6100006,131.6100006,128.3000031,1343700.0,123.791954
2017-11-10 00:00:00,129.8200073,128.8399963,130.0599976,128.8399963,750300.0,124.569191
2017-11-13 00:00:00,129.9033356,129.1766663,130.25,128.9433289,909600.0,124.6491699
2017-11-14 00:00:00,129.7100067,129.7466736,130.0700073,128.9033356,814200.0,124.4636383
2017-11-15 00:00:00,128.6533356,128.8399963,129.1633301,128.0366669,1002600.0,123.4497147
2017-11-16 00:00:00,129.343338,128.3600006,129.613327,128.1266632,1526100.0,124.3857498
2017-11-17 00:00:00,128.9933319,128.8166656,129.4366608,128.5366669,968100.0,124.0491562
2017-11-20 00:00:00,129.2299957,128.8399963,129.8466644,128.7533264,676800.0,124.2767487
2017-11-21 00:00:00,130.043335,129.6433258,130.0800018,129.1000061,1046400.0,125.0588989
2017-11-22 00:00:00,130.1866608,130.2533264,130.5766602,129.6233368,977400.0,125.1967545
2017-11-24 00:00:00,131.343338,130.6666718,131.636673,130.6466675,444600.0,126.3090591
2017-11-27 00:00:00,130.0700073,131.3333282,131.6666718,129.9700012,1518600.0,125.0845413
2017-11-28 00:00:00,132.5133362,130.7133331,132.5500031,130.4700012,1762200.0,127.4341965
2017-11-29 00:00:00,131.3200073,132.5466614,132.9900055,130.8533325,1395300.0,126.2866669
2017-11-30 00:00:00,133.1399994,131.3800049,134.1033325,131.2733307,2121300.0,128.0368652
2017-12-01 00:00:00,131.6900024,133.2966614,133.9133301,130.4199982,1964400.0,126.6424637
2017-12-04 00:00:00,135.6433258,132.4166718,136.886673,132.4166718,2682300.0,130.4442291
2017-12-05 00:00:00,135.1833344,135.3766632,136.3733368,134.4466705,1683600.0,130.0018616
2017-12-06 00:00:00,133.7299957,134.3066711,134.9600067,133.1199951,1116900.0,128.6042786
2017-12-07 00:00:00,135.4900055,133.6766663,135.5366669,133.6766663,1127700.0,130.296814
2017-12-08 00:00:00,136.2833405,135.4900055,137.9933319,135.3366699,1727400.0,131.0597229
2017-12-11 00:00:00,135.9199982,136.0966644,136.6300049,135.1533356,938700.0,130.7103119
2017-12-12 00:00:00,135.6733398,136.25,136.6166687,135.4400024,1066800.0,130.473114
2017-12-13 00:00:00,135.1499939,135.8066711,136.1866608,135.1199951,1518600.0,129.9698334
2017-12-14 00:00:00,133.4100037,135.75,136.2233276,132.6666718,1335900.0,128.2965393
2017-12-15 00:00:00,134.6066742,134.1399994,135.1399994,133.5133362,2597700.0,129.4473419
2017-12-18 00:00:00,136.0500031,135.1766663,136.2400055,135.1733398,1209300.0,130.8353729
2017-12-19 00:00:00,137.2899933,136.6666718,137.9766693,136.3666687,1263600.0,132.0277863
2017-12-20 00:00:00,138.113327,137.6499939,138.3266602,137.0966644,1122900.0,132.8195953
2017-12-21 00:00:00,137.1766663,138.5833282,138.5833282,137.0466614,1255500.0,131.9188232
2017-12-22 00:00:00,137.6966705,137.6666718,137.906662,136.9733276,1208700.0,132.4188843
2017-12-26 00:00:00,137.1300049,137.2533264,137.8766632,137.0566711,548400.0,131.8739471
2017-12-27 00:00:00,136.7333374,137.543335,137.5666656,136.4633331,1040100.0,131.4924774
2017-12-28 00:00:00,137.6900024,137.0266724,137.7233276,136.0,920400.0,132.4124756
2017-12-29 00:00:00,136.6799927,137.9333344,138.5666656,136.4633331,1086600.0,131.4411774
2018-01-02 00:00:00,137.8999939,136.863327,137.9266663,136.5866699,1099500.0,132.6144104
2018-01-03 00:00:00,138.4533386,138.2033386,138.5899963,137.3999939,1014600.0,133.1465759
2018-01-04 00:00:00,137.6999969,139.3233337,140.5466614,137.6666718,1669500.0,132.4221191
2018-01-05 00:00:00,140.5533295,138.7899933,140.6633301,138.4100037,1619100.0,135.1660461
2018-01-08 00:00:00,141.3333282,140.5299988,141.5299988,140.3466644,1276200.0,135.9161835
2018-01-09 00:00:00,141.4033356,141.4700012,142.4433289,141.2333374,1569600.0,135.98349
2018-01-10 00:00:00,139.843338,140.6399994,140.9966736,139.6033325,1050600.0,134.4832764
2018-01-11 00:00:00,141.7866669,140.1966705,141.8033295,140.156662,898200.0,136.3521423
2018-01-12 00:00:00,144.2799988,142.5266724,144.6333313,141.4299927,3062100.0,138.7498932
2018-01-16 00:00:00,141.2899933,144.7666626,145.0500031,140.8133392,2764500.0,135.8744812
2018-01-17 00:00:00,142.3133392,142.136673,143.6433258,140.8399963,2194500.0,136.8586121
2018-01-18 00:00:00,143.5866699,142.3300018,144.4900055,142.0066681,1922100.0,138.0831451
2018-01-19 00:00:00,143.6000061,143.8200073,144.4666595,143.0033264,1959600.0,138.0959625
2018-01-22 00:00:00,142.3933258,143.3333282,143.593338,141.0366669,1710900.0,136.9355164
2018-01-23 00:00:00,143.0700073,142.3333282,143.0700073,141.2833405,2137800.0,137.5862732
2018-01-24 00:00:00,143.1266632,143.4466705,144.6533356,142.2833405,2255100.0,137.6407776
2018-01-25 00:00:00,141.5533295,139.6833344,143.636673,138.6699982,4416900.0,136.1277313
2018-01-26 00:00:00,141.2266693,141.5666656,141.9233398,139.4400024,2871900.0,135.8135834
2018-01-29 00:00:00,140.2633362,141.2666626,142.4366608,139.8166656,2216400.0,134.8872223
2018-01-30 00:00:00,140.4533386,139.8800049,140.7233276,138.5333405,1974900.0,135.069931
2018-01-31 00:00:00,139.0366669,140.6499939,140.7799988,138.8366699,2184600.0,133.7075043
2018-02-01 00:00:00,137.3766632,138.2599945,138.9199982,136.1300049,2628900.0,132.1111755
2018-02-02 00:00:00,134.3766632,137.3000031,137.9266663,134.1533356,1980600.0,129.2261505
2018-02-05 00:00:00,131.0766602,133.3333282,135.5733337,131.0733337,3576900.0,126.0526352
2018-02-06 00:00:00,135.0,129.3333282,135.3466644,127.9633331,3170400.0,129.8255768
2018-02-07 00:00:00,134.4933319,135.2366638,137.0,134.2100067,2379000.0,129.3383179
2018-02-08 00:00:00,129.2166595,134.5833282,134.956665,129.1233368,2378400.0,124.2639313
2018-02-09 00:00:00,132.9533386,130.456665,134.1666718,127.1633301,3061800.0,127.8573532
2018-02-12 00:00:00,134.5633392,133.9366608,135.5266724,131.8666687,1611900.0,129.4056549
2018-02-13 00:00:00,135.2533264,134.0366669,135.7599945,133.4866638,1312200.0,130.0691986
2018-02-14 00:00:00,135.2200012,134.3333282,136.0500031,133.8033295,2192400.0,130.0371552
2018-02-15 00:00:00,133.6966705,136.1666718,136.3399963,133.3666687,2195700.0,128.5722198
2018-02-16 00:00:00,134.1000061,133.4299927,134.9166718,132.4700012,2297400.0,128.9601135
2018-02-20 00:00:00,132.2233276,133.7799988,134.1000061,131.6100006,1653900.0,127.1553574
2018-02-21 00:00:00,132.3766632,132.6966705,135.1533356,132.2233276,1595100.0,127.3028259
2018-02-22 00:00:00,132.9600067,133.1399994,133.9033356,132.0033264,1615200.0,127.8637619
2018-02-23 00:00:00,132.7333374,133.136673,133.5266724,131.5766602,1811700.0,127.9216003
2018-02-26 00:00:00,134.7333374,133.5266724,135.0,133.0800018,1518300.0,129.8491058
2018-02-27 00:00:00,133.136673,134.7833405,135.1633301,133.0800018,1485300.0,128.3103333
2018-02-28 00:00:00,133.8600006,133.7266693,136.5266724,133.3766632,2775000.0,129.0074005
2018-03-01 00:00:00,132.1699982,133.8600006,134.0599976,131.1433258,2257800.0,127.3787155
2018-03-02 00:00:00,130.0800018,131.7133331,131.9600067,129.9133301,2024700.0,125.3644485
2018-03-05 00:00:00,131.0333405,129.293335,131.6633301,129.1333313,2588100.0,126.2832489
2018-03-06 00:00:00,133.6766663,131.0266724,135.1999969,130.3200073,1613400.0,128.8307648
2018-03-07 00:00:00,135.9333344,132.1633301,136.4366608,131.8200073,1932600.0,131.0056
2018-03-08 00:00:00,134.7833405,136.0866699,136.3366699,133.8566742,1563900.0,129.8972931
2018-03-09 00:00:00,140.386673,135.8699951,140.4833374,134.8699951,2475000.0,135.2975159
2018-03-12 00:00:00,138.4166718,140.3333282,140.4100037,138.0333405,1304700.0,133.3989105
2018-03-13 00:00:00,137.9233398,139.1499939,139.5966644,136.7533264,1264500.0,132.9234619
2018-03-14 00:00:00,136.3399963,138.5033264,138.5033264,135.863327,1375200.0,131.3974915
2018-03-15 00:00:00,136.7566681,136.7866669,137.1300049,135.5666656,1085700.0,131.7990875
2018-03-16 00:00:00,136.343338,136.6000061,137.0399933,135.7833405,2133000.0,131.4007568
2018-03-19 00:00:00,135.1100006,136.1933289,136.4633331,134.1966705,1116900.0,130.2121124
2018-03-20 00:00:00,135.3033295,135.5133362,136.4799957,134.8366699,1030800.0,130.3984222
2018-03-21 00:00:00,135.0766602,135.1066742,136.6333313,134.8933258,1165500.0,130.1799774
2018-03-22 00:00:00,131.0333405,134.136673,134.3166656,130.9400024,1689600.0,126.2832489
2018-03-23 00:00:00,129.4733276,131.4966736,132.0066681,129.2166595,1775400.0,124.7797623
2018-03-26 00:00:00,131.6433258,130.8399963,132.1199951,129.6333313,1351500.0,126.8710938
2018-03-27 00:00:00,130.2400055,132.0133362,132.8466644,129.5733337,1401300.0,125.5186539
2018-03-28 00:00:00,128.4166718,130.6499939,130.9766693,128.2299957,1791900.0,123.7614136
2018-03-29 00:00:00,130.706665,129.3233337,131.8166656,129.0466614,1682700.0,125.9683838
2018-04-02 00:00:00,127.293335,130.3999939,131.3200073,126.046669,1836600.0,122.6788177
2018-04-03 00:00:00,131.0066681,127.9166641,131.7133331,127.4466705,2206200.0,126.2575302
2018-04-04 00:00:00,132.1533356,129.1933289,132.3733368,128.6499939,1799400.0,127.3626633
2018-04-05 00:00:00,132.2733307,132.7700043,134.0466614,131.3699951,1773900.0,127.4783096
2018-04-06 00:00:00,128.5700073,131.1499939,132.2299957,128.2666626,2106300.0,123.9091873
2018-04-09 00:00:00,129.706665,129.613327,131.8366699,128.8600006,1454700.0,125.0046768
2018-04-10 00:00:00,129.3899994,130.8833313,131.3833313,129.1066742,2121900.0,124.6994781
2018-04-11 00:00:00,129.543335,128.4799957,130.1199951,128.3800049,1772100.0,124.8472443
2018-04-12 00:00:00,128.8833313,130.093338,130.8099976,128.6333313,1501500.0,124.2111511
2018-04-13 00:00:00,128.4766693,129.363327,130.2766724,128.1199951,1736700.0,123.8192215
2018-04-16 00:00:00,129.3033295,129.2433319,129.8333282,128.7133331,2132700.0,124.6159439
2018-04-17 00:00:00,132.8066711,130.1166687,133.25,129.7433319,2817900.0,127.9922638
2018-04-18 00:00:00,133.6266632,132.6666718,134.7366638,132.4033356,1866300.0,128.782547
2018-04-19 00:00:00,132.0633392,133.5700073,134.8000031,131.7200012,1991400.0,127.2758942
2018-04-20 00:00:00,130.7966614,132.5266724,132.5266724,130.0700073,1930500.0,126.0551529
2018-04-23 00:00:00,129.2366638,130.6499939,130.6666718,129.0233307,2231100.0,124.5516815
2018-04-24 00:00:00,123.0266647,127.203331,129.2566681,122.1200027,7386300.0,118.5668106
2018-04-25 00:00:00,124.2399979,122.6500015,125.6266632,121.7866669,3668400.0,119.7361603
2018-04-26 00:00:00,123.7566681,124.453331,124.7733307,121.9633331,3774000.0,119.2703552
2018-04-27 00:00:00,125.046669,123.7566681,125.6033325,123.0966644,2651700.0,120.513588
2018-04-30 00:00:00,122.5533295,125.003334,126.5699997,122.5199966,2572500.0,118.1106415
2018-05-01 00:00:00,124.6066666,121.3633347,124.6933365,120.7866669,3220200.0,120.0895462
2018-05-02 00:00:00,123.7099991,124.75,124.7733307,123.5800018,2925000.0,119.2253799
2018-05-03 00:00:00,123.4166641,123.6200027,124.2399979,121.8933334,2064900.0,118.9426575
2018-05-04 00:00:00,125.8433304,123.0666656,127.0566635,122.6600037,1836900.0,121.2813721
2018-05-07 00:00:00,126.2166672,125.9166641,126.6833344,125.1466675,1585800.0,121.6411743
2018-05-08 00:00:00,125.9800034,125.6500015,127.6299973,125.5133362,1476600.0,121.4130859
2018-05-09 00:00:00,126.9366684,126.6166687,127.4599991,125.1133347,1536900.0,122.3350754
2018-05-10 00:00:00,126.8166656,127.1233368,127.6666641,126.1133347,1753800.0,122.2194061
2018-05-11 00:00:00,127.0299988,126.4800034,128.406662,126.4800034,1656300.0,122.4250107
2018-05-14 00:00:00,128.1933289,127.3766632,128.3266602,127.1766663,1833600.0,123.5461731
2018-05-15 00:00:00,126.5500031,127.8466644,128.2100067,126.246666,2072700.0,121.9624176
2018-05-16 00:00:00,127.0400009,126.5500031,127.5833359,125.6933365,2276700.0,122.4346542
2018-05-17 00:00:00,126.7433319,126.2799988,127.5199966,126.0766678,1168500.0,122.4249878
2018-05-18 00:00:00,129.1900024,126.7099991,129.5966644,126.3833313,2303100.0,124.7883072
2018-05-21 00:00:00,130.2633362,129.6666718,131.4366608,129.3099976,1965900.0,125.8250656
2018-05-22 00:00:00,125.3233337,130.3600006,130.8399963,125.0066681,3249000.0,121.0533752
2018-05-23 00:00:00,128.1666718,125.3333359,128.1666718,125.2699966,3694800.0,123.7998428
2018-05-24 00:00:00,128.8266602,127.6966705,129.1900024,126.1033325,3125700.0,124.4373398
2018-05-25 00:00:00,130.75,128.6833344,131.0333405,128.5766602,2874000.0,126.2951431
2018-05-29 00:00:00,129.3233337,129.7033386,130.4633331,128.6000061,3083700.0,124.917099
2018-05-30 00:00:00,128.4166718,129.4799957,130.0,127.0833359,2177700.0,124.0413208
2018-05-31 00:00:00,126.4166641,128.5233307,128.9933319,126.3233337,4695900.0,122.1094437
2018-06-01 00:00:00,128.6666718,127.2266693,129.5599976,127.0566635,2011800.0,124.2827988
2018-06-04 00:00:00,128.9499969,129.0166626,129.3833313,127.6666641,1275000.0,124.5564651
2018-06-05 00:00:00,130.1433258,128.9799957,130.5466614,128.4933319,1653000.0,125.7091293
2018-06-06 00:00:00,131.8566742,130.1699982,131.906662,128.4266663,1890300.0,127.3641205
2018-06-07 00:00:00,131.6933289,131.7899933,132.75,131.1699982,1420800.0,127.2063446
2018-06-08 00:00:00,132.6833344,132.0133362,132.7333374,131.2166595,1461000.0,128.1626129
2018-06-11 00:00:00,132.8399963,132.5266724,133.2599945,131.7833405,1243800.0,128.3139801
2018-06-12 00:00:00,134.1466675,133.3333282,134.3766632,132.8000031,2345100.0,129.5761108
2018-06-13 00:00:00,132.0500031,134.0,134.2566681,131.6733398,2662800.0,127.5508728
2018-06-14 00:00:00,133.7333374,132.5366669,134.0800018,131.7633362,1346100.0,129.1768341
2018-06-15 00:00:00,134.0366669,132.8099976,134.5099945,132.6199951,2874300.0,129.4698334
2018-06-18 00:00:00,132.7799988,133.3333282,133.3333282,132.4433289,1652700.0,128.2559814
2018-06-19 00:00:00,132.5366669,131.9299927,132.906662,131.4033356,1642800.0,128.0209351
2018-06-20 00:00:00,132.6333313,132.5466614,133.3300018,131.4900055,1168500.0,128.1143188
2018-06-21 00:00:00,131.793335,131.8933258,132.9933319,131.5899963,1761900.0,127.3029404
2018-06-22 00:00:00,132.043335,132.3366699,132.9666595,131.5899963,1559400.0,127.5444489
2018-06-25 00:00:00,131.6499939,131.9100037,132.3933258,130.156662,2217900.0,127.1644897
2018-06-26 00:00:00,133.5966644,132.25,134.1900024,131.9499969,1832100.0,129.0448456
2018-06-27 00:00:00,132.8399963,133.6666718,135.5666656,132.5,1968900.0,128.3139801
2018-06-28 00:00:00,134.956665,132.9366608,135.7299957,132.6733398,2249700.0,130.35849
2018-06-29 00:00:00,135.8566742,135.1999969,137.6433258,135.1999969,2359500.0,131.2278442
2018-07-02 00:00:00,135.5866699,135.25,135.9499969,134.4933319,1366800.0,130.9670563
2018-07-03 00:00:00,135.6433258,135.6699982,137.6199951,133.3933258,1140300.0,131.0217285
2018-07-05 00:00:00,136.6199951,135.7333374,136.7133331,134.6733398,1324200.0,131.9651031
2018-07-06 00:00:00,137.8600006,136.5033264,138.1266632,135.8933258,1236900.0,133.1628876
2018-07-09 00:00:00,138.3899994,138.3333282,139.4933319,138.0133362,1350300.0,133.6748657
2018-07-10 00:00:00,139.6266632,138.2799988,139.7366638,137.5666656,1502400.0,134.8693542
2018-07-11 00:00:00,138.4266663,138.7400055,139.3300018,138.0800018,1579200.0,133.7102509
2018-07-12 00:00:00,138.0266724,139.0899963,139.1533356,137.1166687,1948500.0,133.3238831
2018-07-13 00:00:00,139.4633331,138.1833344,140.9299927,138.0366669,1618800.0,134.7116089
2018-07-16 00:00:00,138.9499969,139.4633331,139.9166718,138.5033264,1567800.0,134.215744
2018-07-17 00:00:00,141.4533386,138.886673,141.6666718,138.5333405,1525200.0,136.6338196
2018-07-18 00:00:00,142.1766663,141.4533386,143.9466705,141.4533386,1725300.0,137.332489
2018-07-19 00:00:00,143.0266724,141.6666718,143.0700073,141.1199951,1721400.0,138.1535187
2018-07-20 00:00:00,142.0399933,141.8833313,142.5200043,140.7733307,1792800.0,137.2005005
2018-07-23 00:00:00,140.5233307,141.9733276,142.3300018,139.1100006,2668800.0,135.7355042
2018-07-24 00:00:00,143.2599945,141.3333282,145.0,139.3333282,4554000.0,138.3789062
2018-07-25 00:00:00,145.7633362,143.6799927,146.136673,142.3366699,2673600.0,140.7969513
2018-07-26 00:00:00,149.6766663,146.6600037,149.8966675,144.3999939,3939300.0,144.5769653
2018-07-27 00:00:00,147.9233398,149.6666718,150.2766724,147.5966644,2482800.0,142.8833618
2018-07-30 00:00:00,146.7599945,147.8133392,148.25,146.2200012,1597200.0,141.7596588
2018-07-31 00:00:00,146.9100037,146.6666718,148.1533356,146.2266693,2122500.0,141.9045715
2018-08-01 00:00:00,146.0833282,146.2700043,147.0299988,144.8166656,1675500.0,141.1060333
2018-08-02 00:00:00,146.1233368,145.9600067,146.9900055,145.1733398,1701300.0,141.1446991
2018-08-03 00:00:00,147.6266632,147.0700073,148.4600067,146.5599976,1577100.0,142.5967865
2018-08-06 00:00:00,148.1433258,147.3800049,148.593338,147.1333313,1311000.0,143.0958557
2018-08-07 00:00:00,148.0299988,148.0,148.6433258,146.8200073,1051500.0,142.9863739
2018-08-08 00:00:00,147.886673,148.136673,149.2200012,147.6866608,984900.0,142.8479767
2018-08-09 00:00:00,148.0166626,148.1866608,148.456665,147.2899933,1293600.0,142.9735107
2018-08-10 00:00:00,147.6633301,147.8099976,148.3033295,146.5633392,1521900.0,142.6322327
2018-08-13 00:00:00,145.0500031,148.1333313,148.9600067,144.3999939,2430000.0,140.1079254
2018-08-14 00:00:00,145.4466705,145.0,146.8066711,144.6266632,1872000.0,140.4910583
2018-08-15 00:00:00,146.206665,145.2133331,146.5766602,144.4266663,1744500.0,141.2251587
2018-08-16 00:00:00,147.4499969,147.113327,147.7100067,145.8500061,1742700.0,142.7059326
2018-08-17 00:00:00,147.7966614,147.6666718,148.3200073,147.0366669,1217700.0,143.0414581
2018-08-20 00:00:00,148.0200043,147.9799957,148.2899933,146.8733368,1272300.0,143.2576599
2018-08-21 00:00:00,148.2666626,148.3333282,149.6666718,148.0366669,1893600.0,143.4963531
2018-08-22 00:00:00,146.3600006,148.3333282,148.6300049,146.2966614,1323300.0,141.6510162
2018-08-23 00:00:00,146.6066742,146.4433289,146.9866638,145.0899963,1540500.0,141.8897705
2018-08-24 00:00:00,149.1300049,146.6600037,149.636673,146.5233307,1879500.0,144.3319397
2018-08-27 00:00:00,151.6799927,149.5166626,152.4733276,149.0833282,2661000.0,146.7998199
2018-08-28 00:00:00,150.8733368,151.793335,152.9666595,150.5633392,2238600.0,146.019165
2018-08-29 00:00:00,152.1433258,150.5466614,152.4833374,150.206665,1209900.0,147.248291
2018-08-30 00:00:00,152.0733337,151.9766693,152.8833313,151.3999939,1422000.0,147.180542
2018-08-31 00:00:00,151.8600006,151.5866699,153.0,150.9900055,1313100.0,146.9740601
2018-09-04 00:00:00,153.1166687,151.4033356,153.3166656,151.1533356,1287900.0,148.1902924
2018-09-05 00:00:00,153.886673,152.6633301,153.9966736,152.6633301,1689000.0,148.9355316
2018-09-06 00:00:00,154.1300049,154.0,154.9833374,153.2533264,1284600.0,149.171051
2018-09-07 00:00:00,154.1733398,153.3566742,155.25,153.1733398,1641900.0,149.2129974
2018-09-10 00:00:00,155.6699982,155.0,156.0700073,154.5466614,995400.0,150.6614838
2018-09-11 00:00:00,156.4766693,155.6699982,156.9600067,154.456665,1944900.0,151.4422302
2018-09-12 00:00:00,156.0500031,156.6433258,156.9166718,155.0,1412400.0,151.0292816
2018-09-13 00:00:00,156.6233368,156.3466644,157.2100067,155.863327,1080000.0,151.5841675
2018-09-14 00:00:00,155.9933319,156.6199951,156.636673,155.5666656,1174800.0,150.9744263
2018-09-17 00:00:00,156.4900055,154.6466675,156.6533356,154.4700012,1796400.0,151.4551392
2018-09-18 00:00:00,157.6600037,156.636673,158.2100067,156.2566681,994500.0,152.5874786
2018-09-19 00:00:00,158.3466644,157.5,159.406662,157.2133331,1989300.0,153.2520294
2018-09-20 00:00:00,159.3266602,158.7233276,159.8200073,158.1799927,1494900.0,154.2005005
2018-09-21 00:00:00,156.6533356,159.8800049,159.8800049,155.863327,5647500.0,151.6131744
2018-09-24 00:00:00,155.5333405,155.7433319,156.5766602,154.2433319,2667600.0,150.5292053
2018-09-25 00:00:00,153.8666687,156.113327,156.113327,153.1166687,2160000.0,148.9161682
2018-09-26 00:00:00,152.7033386,153.7200012,154.1900024,152.3600006,1619700.0,147.7902985
2018-09-27 00:00:00,151.8399963,153.2033386,153.3500061,151.3099976,1935300.0,146.9547272
2018-09-28 00:00:00,151.7366638,151.8033295,152.6666718,151.2033386,2406900.0,146.8547058
2018-10-01 00:00:00,152.3333282,152.9499969,154.156662,152.3033295,1976100.0,147.4321747
2018-10-02 00:00:00,151.3333282,152.7200012,153.3266602,151.2033386,1820100.0,146.4643402
2018-10-03 00:00:00,147.4033356,151.7100067,151.8966675,146.8399963,4476600.0,142.6607971
2018-10-04 00:00:00,146.4266663,146.9666595,147.5666656,145.636673,2236800.0,141.7155304
2018-10-05 00:00:00,147.3166656,146.6666718,147.656662,145.8966675,1848900.0,142.5769196
2018-10-08 00:00:00,147.5200043,147.3999939,148.0466614,146.2966614,1512300.0,142.7736969
2018-10-09 00:00:00,141.5766602,142.4766693,145.0333405,140.6333313,3801000.0,137.0215759
2018-10-10 00:00:00,138.2633362,140.7133331,141.4799957,138.0733337,3026400.0,133.8148499
2018-10-11 00:00:00,135.7400055,137.6199951,139.6199951,134.7966614,2781600.0,131.3727112
2018-10-12 00:00:00,135.656662,138.0299988,138.5899963,134.3833313,2586300.0,131.292038
2018-10-15 00:00:00,134.1000061,135.5633392,135.706665,133.7899933,1985100.0,129.7855072
2018-10-16 00:00:00,138.3099976,134.7400055,138.4199982,134.0066681,2589900.0,133.8600464
2018-10-17 00:00:00,136.8899994,137.793335,137.9166718,135.7799988,2503500.0,132.4857178
2018-10-18 00:00:00,135.6066742,136.843338,137.7166595,134.4533386,2580600.0,131.2436218
2018-10-19 00:00:00,134.4600067,135.8399963,136.3166656,133.7233276,2690100.0,130.1338654
2018-10-22 00:00:00,134.5866699,135.3266602,135.5566711,133.8399963,1754400.0,130.2565155
2018-10-23 00:00:00,133.9833374,132.5200043,134.9799957,129.3366699,2438700.0,129.6725769
2018-10-24 00:00:00,129.3000031,133.8899994,134.5733337,128.7700043,2993100.0,125.1399002
2018-10-25 00:00:00,122.6666641,122.6666641,125.5866699,118.4266663,7341300.0,118.7200012
2018-10-26 00:00:00,123.4800034,121.9499969,125.9700012,119.3899994,6425100.0,119.5071716
2018-10-29 00:00:00,122.2399979,125.2633362,126.1533356,120.8033295,3220800.0,118.3070526
2018-10-30 00:00:00,128.2666626,122.6066666,128.4400024,122.0966644,3907800.0,124.1398087
2018-10-31 00:00:00,131.156662,129.9199982,133.456665,129.1733398,4759200.0,126.9368439
2018-11-01 00:00:00,132.6199951,130.8933258,133.6266632,130.5099945,3300000.0,128.3530884
2018-11-02 00:00:00,134.1266632,133.5099945,136.4533386,132.4100037,3701400.0,129.8112488
2018-11-05 00:00:00,134.706665,133.3566742,135.5,133.1466675,2103300.0,130.3726196
2018-11-06 00:00:00,135.0233307,134.2366638,135.4400024,134.2366638,1752300.0,130.6791382
2018-11-07 00:00:00,138.2599945,136.4366608,138.6766663,135.3500061,2089200.0,133.811615
2018-11-08 00:00:00,138.4466705,137.5500031,139.043335,136.4833374,2431200.0,133.9923096
2018-11-09 00:00:00,138.2799988,136.4166718,139.1433258,135.8366699,2014500.0,133.8309937
2018-11-12 00:00:00,136.3500061,136.7833405,138.4333344,136.1333313,1938600.0,131.9631195
2018-11-13 00:00:00,138.9199982,136.5833282,139.4866638,136.3800049,2666400.0,134.4503784
2018-11-14 00:00:00,138.3000031,139.7100067,142.1333313,137.8466644,3978900.0,133.8503571
2018-11-15 00:00:00,140.3300018,136.8600006,141.4466705,135.3500061,2204400.0,136.0971375
2018-11-16 00:00:00,141.3200073,139.1300049,142.3766632,138.5666656,2403000.0,137.0572815
2018-11-19 00:00:00,138.4199982,141.3066711,141.6266632,136.9700012,2545800.0,134.244751
2018-11-20 00:00:00,136.6799927,135.9533386,137.4499969,134.1199951,4481700.0,132.557251
2018-11-21 00:00:00,136.8200073,137.3233337,139.7033386,136.0399933,2163000.0,132.6930237
2018-11-23 00:00:00,138.3666687,136.4700012,139.6333313,136.3066711,879900.0,134.1930237
2018-11-26 00:00:00,137.1799927,140.0,140.0099945,136.4266663,1795800.0,133.0421448
2018-11-27 00:00:00,134.4799957,136.2133331,137.3766632,133.9166718,2560800.0,130.4236145
2018-11-28 00:00:00,138.8266602,134.7599945,138.8733368,133.2466736,2668800.0,134.6391602
2018-11-29 00:00:00,139.9199982,138.6933289,140.7799988,138.2033386,1713000.0,135.6994781
2018-11-30 00:00:00,141.3566742,139.9466705,141.4266663,139.4933319,1809300.0,137.0928192
2018-12-03 00:00:00,139.4466705,142.5200043,144.6666718,139.0166626,2961300.0,135.2404327
2018-12-04 00:00:00,135.5333405,139.7299957,140.7366638,135.4366608,3169800.0,131.4451599
2018-12-06 00:00:00,133.6766663,133.3533325,134.9900055,131.3533325,3864600.0,129.6445007
2018-12-07 00:00:00,129.8333282,133.2166595,135.6866608,129.3333282,2209800.0,125.9171143
2018-12-10 00:00:00,131.1533356,129.6233368,131.8000031,128.1433258,2130300.0,127.1972809
2018-12-11 00:00:00,130.2833405,132.9166718,133.5166626,129.3300018,1608300.0,126.353508
2018-12-12 00:00:00,130.5166626,131.5899963,132.3233337,130.406662,1359300.0,126.5798264
2018-12-13 00:00:00,128.6300049,130.8666687,131.7133331,127.996666,2412900.0,124.7500687
2018-12-14 00:00:00,128.6666718,128.1766663,129.5466614,127.8833313,3093900.0,124.7856216
2018-12-17 00:00:00,125.4833298,130.7566681,131.6666718,124.25,3198600.0,121.6983109
2018-12-18 00:00:00,127.9700012,126.8866653,129.4533386,126.5166702,2797500.0,124.1099625
2018-12-19 00:00:00,126.746666,129.3333282,131.656662,125.9366684,2316300.0,122.9235458
2018-12-20 00:00:00,126.4633331,125.9800034,128.3333282,125.2200012,3437100.0,122.6487427
2018-12-21 00:00:00,125.5166702,126.3899994,129.3066711,125.4300003,3852000.0,121.7306442
2018-12-24 00:00:00,121.746666,124.7300034,125.453331,121.7333298,1065600.0,118.0743561
2018-12-26 00:00:00,128.906662,122.6100006,128.9433289,121.7799988,1957800.0,125.0183563
2018-12-27 00:00:00,130.3899994,127.3466644,130.3899994,125.4133301,1804200.0,126.4569778
2018-12-28 00:00:00,129.8600006,130.9700012,132.1799927,129.2400055,1665300.0,125.9429626
2018-12-31 00:00:00,131.1533356,130.2466736,131.2733307,129.6633301,1544400.0,127.1972809
2019-01-02 00:00:00,130.7433319,129.793335,131.7233276,128.8533325,1522500.0,126.7996368
2019-01-03 00:00:00,126.796669,130.293335,130.293335,125.8666687,2587200.0,122.9720306
2019-01-04 00:00:00,130.156662,129.1966705,132.2533264,126.2200012,3172500.0,126.2306747
2019-01-07 00:00:00,131.9933319,130.3033295,134.1966705,130.3033295,2589900.0,128.0119476
2019-01-08 00:00:00,132.9299927,132.3899994,133.9933319,130.9666595,1773900.0,128.9203491
2019-01-09 00:00:00,132.7133331,133.1999969,134.2766724,131.406662,2947800.0,128.7102203
2019-01-10 00:00:00,133.1833344,132.2033386,133.5599976,130.5466614,1305000.0,129.1660156
2019-01-11 00:00:00,131.9766693,131.8500061,132.9600067,131.0866699,1699500.0,127.9957962
2019-01-14 00:00:00,132.6000061,132.0233307,133.3533325,130.2100067,1699200.0,128.6003265
2019-01-15 00:00:00,127.1466675,126.0,127.8266678,123.6666641,7717500.0,123.3114548
2019-01-16 00:00:00,128.9799957,126.8533325,129.3999939,126.8533325,3243900.0,125.0895004
2019-01-17 00:00:00,131.5099945,128.3266602,132.1066742,127.6733322,2452200.0,127.54319
2019-01-18 00:00:00,132.843338,132.4666595,134.1033325,131.9433289,4287600.0,128.8363037
2019-01-22 00:00:00,131.3233337,131.6499939,132.9933319,130.1233368,2798700.0,127.3621292
2019-01-23 00:00:00,131.1300049,131.5666656,132.2733307,129.3166656,2224200.0,127.1746521
2019-01-24 00:00:00,130.0866699,130.8399963,131.6166687,129.4799957,1858800.0,126.1627884
2019-01-25 00:00:00,130.9433289,131.6833344,132.9166718,130.8233337,2723700.0,126.9936142
2019-01-28 00:00:00,132.3333282,130.1733398,132.3333282,129.6699982,2150400.0,128.3416901
2019-01-29 00:00:00,134.3333282,132.1633301,134.4266663,131.7533264,2018100.0,130.2813568
2019-01-30 00:00:00,135.0766602,133.8300018,136.5599976,133.4766693,3128400.0,131.0022736
2019-01-31 00:00:00,140.5066681,133.3333282,142.5633392,132.3333282,5006700.0,136.2684631
2019-02-01 00:00:00,139.0066681,141.0,142.8300018,138.1399994,2394600.0,134.8137207
2019-02-04 00:00:00,139.6533356,139.7633362,139.9166718,137.6300049,2223000.0,135.4408722
2019-02-05 00:00:00,140.6100006,139.636673,140.6300049,138.843338,1850400.0,136.3686981
2019-02-06 00:00:00,140.3500061,140.0266724,140.9400024,140.0266724,1495800.0,136.1165466
2019-02-07 00:00:00,139.3699951,139.6533356,140.4166718,138.4433289,1401600.0,135.1661224
2019-02-08 00:00:00,140.3366699,139.2799988,140.5599976,138.3366699,1531500.0,136.1036072
2019-02-11 00:00:00,141.2366638,140.9700012,141.3166656,139.7899933,1267500.0,136.9764404
2019-02-12 00:00:00,145.7466736,142.0,145.9933319,141.5700073,2229000.0,141.3504181
2019-02-13 00:00:00,144.6633301,145.6866608,146.3666687,144.3166656,1233000.0,140.2997589
2019-02-14 00:00:00,143.9266663,144.2400055,145.4833374,143.4866638,1430700.0,139.5853119
2019-02-15 00:00:00,146.3933258,145.1466675,146.5066681,144.793335,1247400.0,141.9775543
2019-02-19 00:00:00,145.8500061,145.0,147.0166626,144.3333282,1780800.0,141.4506683
2019-02-20 00:00:00,146.4233398,145.9166718,147.7666626,145.7899933,1489500.0,142.0066986
2019-02-21 00:00:00,146.5666656,146.7166595,146.886673,145.2133331,1673100.0,142.1456909
2019-02-22 00:00:00,146.6266632,146.4299927,147.2466736,145.7266693,1050900.0,142.570282
2019-02-25 00:00:00,145.8933258,147.0,147.5833282,145.5066681,1614300.0,141.8572388
2019-02-26 00:00:00,144.7733307,145.1833344,146.0733337,144.706665,1759800.0,140.7682037
2019-02-27 00:00:00,146.7733307,144.8366699,147.3200073,143.6766663,2252400.0,142.7128601
2019-02-28 00:00:00,144.3999939,146.3500061,146.8399963,143.6766663,1564500.0,140.4052429
2019-03-01 00:00:00,145.5399933,145.3833313,145.9600067,144.6033325,1162200.0,141.5136719
2019-03-04 00:00:00,145.9166718,146.0099945,146.9033356,144.3600006,1647000.0,141.8799438
2019-03-05 00:00:00,143.8099976,145.7599945,146.0299988,143.6233368,1641900.0,139.8314819
2019-03-06 00:00:00,140.7533264,143.5866699,143.5866699,140.0866699,3070500.0,136.8594208
2019-03-07 00:00:00,138.0166626,140.6699982,140.7733307,137.6100006,2679300.0,134.1984558
2019-03-08 00:00:00,138.9900055,137.3999939,139.1799927,136.7833405,2157900.0,135.1448517
2019-03-11 00:00:00,142.6633301,139.8699951,142.843338,139.1000061,1677300.0,138.7165833
2019-03-12 00:00:00,140.8999939,143.0500031,143.1866608,140.7766724,1467300.0,137.0020294
2019-03-13 00:00:00,141.7366638,141.5233307,142.3899994,141.1999969,2411100.0,137.8155365
2019-03-14 00:00:00,142.9400024,141.6333313,143.0566711,141.3000031,2280300.0,138.985611
2019-03-15 00:00:00,143.6766663,142.8833313,144.3966675,142.8833313,2403900.0,139.701889
2019-03-18 00:00:00,143.7833405,143.3266602,143.9866638,142.6499939,1437600.0,139.8055878
2019-03-19 00:00:00,143.4233398,144.2466736,145.4233398,142.956665,1205100.0,139.4555511
2019-03-20 00:00:00,143.0866699,143.8133392,144.5066681,142.3566742,1253100.0,139.1282196
2019-03-21 00:00:00,144.543335,142.8699951,145.0833282,142.8699951,1293000.0,140.5445709
2019-03-22 00:00:00,140.2400055,143.0966644,143.2599945,140.1100006,3214800.0,136.3602905
2019-03-25 00:00:00,140.7966614,140.25,141.3333282,139.636673,1305300.0,136.9015503
2019-03-26 00:00:00,140.1333313,141.9733276,142.156662,139.4366608,1636800.0,136.2565308
2019-03-27 00:00:00,142.2299957,140.4400024,142.7666626,139.7466736,1866000.0,138.2952271
2019-03-28 00:00:00,143.7400055,142.9900055,144.156662,142.3133392,951600.0,139.7634583
2019-03-29 00:00:00,143.5700073,143.75,143.9299927,142.7266693,2536200.0,139.5981598
2019-04-01 00:00:00,144.4433289,143.9400024,145.156662,143.113327,1785900.0,140.4473267
2019-04-02 00:00:00,145.7233276,145.0,145.7566681,143.7233276,1263600.0,141.6919098
2019-04-03 00:00:00,146.8933258,146.3333282,147.1999969,146.1333313,1734900.0,142.8295593
2019-04-04 00:00:00,148.1266632,147.2899933,148.9433289,146.8333282,1194600.0,144.0288086
2019-04-05 00:00:00,149.7433319,147.9100037,149.9366608,147.9100037,1268700.0,145.600708
2019-04-08 00:00:00,148.8099976,149.5,149.5,147.956665,1209000.0,144.6931915
2019-04-09 00:00:00,147.9133301,147.9833374,148.6900024,147.1466675,1164600.0,143.8213348
2019-04-10 00:00:00,147.9033356,147.9666595,148.1666718,145.9199982,1372800.0,143.811615
2019-04-11 00:00:00,147.7533264,148.4033356,148.5333405,147.5800018,1077900.0,143.6657562
2019-04-12 00:00:00,147.1766663,148.406662,148.5399933,145.8800049,1827300.0,143.105072
2019-04-15 00:00:00,147.9233398,147.5666656,148.0500031,146.8600006,1232700.0,143.8310699
2019-04-16 00:00:00,150.156662,147.9900055,150.2033386,147.7766724,1345800.0,146.002594
2019-04-17 00:00:00,147.636673,150.0,150.3333282,147.3166656,1665300.0,143.5523682
2019-04-18 00:00:00,150.8099976,148.4100037,151.2166595,148.0666656,2285400.0,146.6379089
2019-04-22 00:00:00,150.6300049,149.8800049,151.8233337,149.7633362,2366700.0,146.4628296
2019-04-23 00:00:00,153.4799957,150.0,155.0333405,148.2333374,3760500.0,149.2339783
2019-04-24 00:00:00,152.6333313,153.2833405,153.613327,151.9600067,1734900.0,148.4107666
2019-04-25 00:00:00,150.4333344,152.0299988,152.4299927,150.25,1479600.0,146.2716217
2019-04-26 00:00:00,152.2233276,150.363327,152.7533264,150.0966644,1015200.0,148.012085
2019-04-29 00:00:00,150.5099945,151.9799957,151.9799957,149.8033295,1792500.0,146.3461609
2019-04-30 00:00:00,151.6100006,150.6666718,151.9933319,150.4833374,1721100.0,147.4157257
2019-05-01 00:00:00,149.1666718,152.0,152.0,148.8666687,2129700.0,145.0400238
2019-05-02 00:00:00,150.8899994,148.6666718,151.2033386,148.0399933,1487700.0,146.7156525
2019-05-03 00:00:00,151.9700012,151.3699951,152.3999939,150.3399963,1099200.0,147.7657928
2019-05-06 00:00:00,150.8000031,149.7799988,151.9433289,149.6666718,1357500.0,146.6281586
2019-05-07 00:00:00,148.9933319,149.293335,150.2233276,147.6100006,1632300.0,144.8714447
2019-05-08 00:00:00,148.1699982,148.6766663,149.1066742,147.8399963,1317000.0,144.0709076
2019-05-09 00:00:00,147.3200073,146.7033386,148.2200012,145.6766663,1125900.0,143.2444458
2019-05-10 00:00:00,146.6399994,146.7666626,147.8200073,145.5,1503000.0,142.583252
2019-05-13 00:00:00,143.6300049,144.0599976,144.9499969,142.3833313,1632900.0,139.6564941
2019-05-14 00:00:00,144.8033295,143.5366669,145.6300049,142.8200073,1262100.0,140.7973938
2019-05-15 00:00:00,143.6399994,143.7599945,144.8099976,143.2333374,1039500.0,139.6662445
2019-05-16 00:00:00,144.4266663,143.5233307,145.0533295,143.4633331,1781400.0,140.800354
2019-05-17 00:00:00,145.2266693,143.7366638,146.1499939,143.5366669,1376100.0,141.5802612
2019-05-20 00:00:00,141.5033264,143.9633331,144.7599945,141.3233337,1578900.0,137.9503937
2019-05-21 00:00:00,143.9733276,141.9233398,144.8366699,141.8233337,1300800.0,140.3584137
2019-05-22 00:00:00,143.8133392,144.2566681,145.1733398,143.5466614,1023000.0,140.2024231
2019-05-23 00:00:00,143.5233307,143.1933289,144.1633301,141.7166595,1966800.0,139.919693
2019-05-24 00:00:00,143.5733337,144.2433319,144.4400024,143.2133331,1095900.0,139.9684448
2019-05-28 00:00:00,142.343338,143.5800018,144.7366638,142.343338,1521600.0,138.7693481
2019-05-29 00:00:00,142.1466675,142.3300018,142.7166595,141.363327,1309500.0,138.5776062
2019-05-30 00:00:00,141.5233307,141.3399963,143.136673,141.2033386,1253100.0,137.9699249
2019-05-31 00:00:00,139.8166656,140.1966705,140.9966736,139.1999969,1446000.0,136.3061066
2019-06-03 00:00:00,142.2700043,139.6966705,142.3999939,139.1633301,1567500.0,138.6978455
2019-06-04 00:00:00,145.1300049,143.8099976,145.1300049,142.4533386,2294400.0,141.4860382
2019-06-05 00:00:00,149.9233398,146.0466614,149.9666595,144.4833374,2216700.0,146.1590118
2019-06-06 00:00:00,155.5200043,150.0,155.5200043,149.3833313,2589000.0,151.6151428
2019-06-07 00:00:00,157.9933319,155.5166626,159.6633301,154.9299927,2902200.0,154.0263824
2019-06-10 00:00:00,157.1833344,158.9033356,159.0133362,157.136673,1480200.0,153.2367096
2019-06-11 00:00:00,156.956665,158.2899933,159.1233368,155.2866669,1880100.0,153.0157471
2019-06-12 00:00:00,157.956665,157.8966675,158.1900024,156.1866608,1341600.0,153.9906464
2019-06-13 00:00:00,159.6699982,158.7566681,159.7133331,158.2833405,1673100.0,155.660965
2019-06-14 00:00:00,157.8833313,159.3699951,159.3699951,157.2700043,1434300.0,153.9191589
2019-06-17 00:00:00,155.9199982,157.8833313,158.0899963,155.5066681,1250100.0,152.0050964
2019-06-18 00:00:00,154.9233398,157.0599976,157.2266693,154.156662,2081400.0,151.0334625
2019-06-19 00:00:00,155.0,154.9299927,155.593338,153.5500031,1707300.0,151.1082153
2019-06-20 00:00:00,157.2200012,156.5066681,157.4733276,154.1966705,1603200.0,153.2724762
2019-06-21 00:00:00,155.2299957,156.6666718,157.2033386,154.9166718,2250000.0,151.3324127
2019-06-24 00:00:00,155.3200073,155.7200012,156.8000031,154.6199951,1151400.0,151.4201965
2019-06-25 00:00:00,154.4433289,154.6399994,155.7466736,153.4233398,1453800.0,150.5654907
2019-06-26 00:00:00,151.4233398,153.8533325,154.3066711,151.3999939,1312200.0,147.6213379
2019-06-27 00:00:00,151.5833282,152.0166626,152.6333313,150.3300018,1122000.0,147.7773285
2019-06-28 00:00:00,152.7633362,151.6733398,152.7633362,150.8133392,1647300.0,148.9277039
2019-07-01 00:00:00,153.7666626,153.8399963,154.5533295,152.5200043,1261500.0,149.905838
2019-07-02 00:00:00,154.4633331,153.8899994,155.0266724,153.3333282,1002000.0,150.585022
2019-07-03 00:00:00,156.7200012,155.3166656,156.7566681,154.5200043,642300.0,152.7850342
2019-07-05 00:00:00,155.3800049,155.2733307,155.7799988,153.4733276,683100.0,151.4786835
2019-07-08 00:00:00,154.2633362,155.0533295,155.6699982,154.0366669,946800.0,150.3900299
2019-07-09 00:00:00,154.0466614,153.9966736,154.4166718,152.956665,852600.0,150.1788025
2019-07-10 00:00:00,152.5133362,155.2333374,155.7166595,151.6799927,1485600.0,148.6839905
2019-07-11 00:00:00,155.0666656,152.6100006,155.1000061,152.3466644,1232100.0,151.1731873
2019-07-12 00:00:00,156.5766602,155.5,157.0,155.406662,1272900.0,152.6452789
2019-07-15 00:00:00,157.956665,156.7666626,157.9966736,156.2733307,1000800.0,153.9906464
2019-07-16 00:00:00,155.8466644,158.0,158.0466614,155.6433258,1507800.0,151.9336243
2019-07-17 00:00:00,152.2833405,155.6666718,155.9400024,152.2033386,1735200.0,148.4597473
2019-07-18 00:00:00,152.5633392,151.9100037,153.2566681,149.2100067,1743000.0,148.7327118
2019-07-19 00:00:00,152.1999969,152.8766632,153.6900024,151.8300018,1464600.0,148.37854
2019-07-22 00:00:00,151.5299988,152.4033356,153.8966675,151.2599945,1603200.0,147.7253265
2019-07-23 00:00:00,163.4100037,156.3333282,164.0866699,155.3399963,6339300.0,159.3070374
2019-07-24 00:00:00,167.043335,165.0,167.1466675,162.8699951,2743200.0,162.8491516
2019-07-25 00:00:00,169.7666626,166.863327,170.1766663,166.3899994,2669400.0,165.5041199
2019-07-26 00:00:00,170.7666626,169.8733368,171.1100006,168.2333374,1778700.0,166.4790039
2019-07-29 00:00:00,170.0466614,170.0366669,170.7666626,168.7233276,1946700.0,165.7770844
2019-07-30 00:00:00,171.6733398,168.6933289,172.1433258,168.113327,1707000.0,167.362915
2019-07-31 00:00:00,171.0133362,171.0166626,173.25,169.1699982,1909800.0,166.7194977
2019-08-01 00:00:00,170.9833374,171.5233307,174.4199982,170.3766632,1615500.0,166.6902161
2019-08-02 00:00:00,170.156662,169.7733307,171.206665,168.5566711,1261200.0,165.8843231
2019-08-05 00:00:00,165.1199951,167.4100037,168.7133331,164.5066681,1532700.0,160.9741058
2019-08-06 00:00:00,166.2899933,166.2233276,167.2566681,164.3133392,1704600.0,162.1147308
2019-08-07 00:00:00,170.9966736,164.9466705,171.5700073,163.9499969,2234400.0,166.7032471
2019-08-08 00:00:00,174.4366608,172.1999969,174.4833374,172.1533356,1599900.0,170.0568542
2019-08-09 00:00:00,173.2533264,173.5299988,174.6666718,171.8200073,992100.0,168.903244
2019-08-12 00:00:00,171.9100037,172.706665,174.1733398,171.4366608,969300.0,167.5936279
2019-08-13 00:00:00,175.2833405,171.8133392,175.6666718,171.5899963,1571400.0,170.8822784
2019-08-14 00:00:00,171.7533264,172.3466644,174.7833405,171.6933289,1548900.0,167.4409027
2019-08-15 00:00:00,173.3999939,173.2899933,173.8733368,171.7166595,1291500.0,169.4177551
2019-08-16 00:00:00,176.6966705,174.9666595,177.3399963,174.1666718,1806600.0,172.6387482
2019-08-19 00:00:00,176.1466675,177.0866699,178.9133301,175.2466736,1446900.0,172.1013794
2019-08-20 00:00:00,174.6666718,175.1433258,175.3600006,173.1633301,1209300.0,170.6553345
2019-08-21 00:00:00,175.886673,176.4133301,178.0366669,174.9199982,1467000.0,171.8473511
2019-08-22 00:00:00,174.5,177.1199951,177.2166595,174.2033386,1248000.0,170.4925079
2019-08-23 00:00:00,170.8666687,174.1066742,174.3566742,170.0833282,1839000.0,166.9425964
2019-08-26 00:00:00,171.1533356,172.136673,172.5800018,169.7733307,1047000.0,167.222702
2019-08-27 00:00:00,171.7966614,172.5899963,173.3300018,170.8366699,980700.0,167.8512573
2019-08-28 00:00:00,174.2299957,170.8133392,174.2866669,170.7899933,899400.0,170.2286987
2019-08-29 00:00:00,174.8933258,176.0800018,176.6100006,174.3200073,1246200.0,170.8768005
2019-08-30 00:00:00,175.5833282,175.9633331,176.6033325,174.7233276,1274100.0,171.5509491
2019-09-03 00:00:00,175.7266693,175.1733398,176.2233276,173.3266602,933300.0,171.6909943
2019-09-04 00:00:00,178.2233276,177.4666595,178.4366608,176.6266632,1065600.0,174.1303101
2019-09-05 00:00:00,178.1733398,179.8800049,179.8800049,177.156662,1296300.0,174.0814972
2019-09-06 00:00:00,178.2466736,179.6399994,179.6666718,178.0399933,984000.0,174.1531372
2019-09-09 00:00:00,174.343338,178.0500031,178.1399994,173.3200073,1382400.0,170.339447
2019-09-10 00:00:00,173.9100037,172.9499969,174.1733398,171.2966614,1447200.0,169.9160461
2019-09-11 00:00:00,175.8000031,173.6733398,176.8833313,173.1699982,1540500.0,171.7626495
2019-09-12 00:00:00,179.6499939,177.8033295,182.9933319,176.9700012,1878600.0,175.524231
2019-09-13 00:00:00,180.5066681,178.6900024,181.1499939,178.656662,1188300.0,176.3612366
2019-09-16 00:00:00,175.8300018,178.6699982,178.6699982,175.7899933,1257900.0,171.7919617
2019-09-17 00:00:00,179.1733398,176.2766724,179.6666718,175.8966675,1038000.0,175.0585327
2019-09-18 00:00:00,180.9466705,179.7033386,181.3266602,178.2700043,969300.0,176.7911224
2019-09-19 00:00:00,183.2599945,180.0466614,183.5766602,179.1733398,1564200.0,179.0513153
2019-09-20 00:00:00,183.5133362,184.0566711,184.6933289,181.8200073,2411400.0,179.2988739
2019-09-23 00:00:00,180.5500031,182.6999969,183.5500031,180.3833313,1451700.0,176.4035492
2019-09-24 00:00:00,180.8333282,182.4400024,184.0333405,179.6399994,1599900.0,176.6803894
2019-09-25 00:00:00,181.5133362,181.9866638,182.1699982,179.4233398,1399200.0,177.3447723
2019-09-26 00:00:00,182.7833405,181.75,183.5133362,180.4400024,849300.0,178.5856018
2019-09-27 00:00:00,181.4266663,183.886673,183.886673,180.6199951,1079700.0,177.2600861
2019-09-30 00:00:00,183.2899933,181.9733276,183.5066681,181.843338,1012200.0,179.0806122
2019-10-01 00:00:00,181.6199951,183.6999969,184.3699951,181.1633301,1458000.0,177.4489899
2019-10-02 00:00:00,180.3366699,181.1866608,181.8166656,178.2700043,1507800.0,176.1951294
2019-10-03 00:00:00,181.0633392,180.3399963,181.6966705,178.956665,1047300.0,176.9051361
2019-10-04 00:00:00,182.9466705,181.9199982,184.1433258,181.9199982,1071600.0,178.7452393
2019-10-07 00:00:00,183.093338,182.5399933,184.4933319,182.2799988,915000.0,178.8884735
2019-10-08 00:00:00,181.9799957,181.7766724,183.6666718,180.5399933,1085700.0,177.800705
2019-10-09 00:00:00,185.2200012,181.6666718,185.6933289,181.6666718,1212000.0,180.9663239
2019-10-10 00:00:00,186.2333374,185.456665,186.2833405,184.206665,1318500.0,181.9564056
2019-10-11 00:00:00,183.3366699,187.8000031,188.1466675,182.9299927,2163600.0,179.1262665
2019-10-14 00:00:00,183.4499969,183.7166595,185.3033295,183.0633392,859200.0,179.2369537
2019-10-15 00:00:00,186.2966614,185.3200073,186.5200043,184.2299957,1248300.0,182.0182343
2019-10-16 00:00:00,188.0800018,186.0733337,188.3833313,185.3099976,1210500.0,183.7606354
2019-10-17 00:00:00,186.8466644,188.0633392,189.0,186.3733368,1245900.0,182.5556183
2019-10-18 00:00:00,186.9533386,185.9033356,187.3833313,185.6699982,1362600.0,182.6598206
2019-10-21 00:00:00,183.4700012,187.1833344,187.5866699,183.1433258,2399100.0,179.2565155
2019-10-22 00:00:00,188.9633331,185.8333282,192.7866669,182.0566711,3324000.0,184.6236572
2019-10-23 00:00:00,187.956665,190.0,190.0,186.1266632,1838400.0,183.6401062
2019-10-24 00:00:00,191.3500061,188.9499969,191.6666718,188.7533264,1363500.0,186.9555359
2019-10-25 00:00:00,191.6433258,191.9166718,193.3333282,191.0333405,1298700.0,187.242157
2019-10-28 00:00:00,192.7466736,191.6766663,193.7400055,191.6766663,1586400.0,188.3201599
2019-10-29 00:00:00,193.8699951,191.7833405,194.4366608,191.7833405,1845300.0,189.4176331
2019-10-30 00:00:00,195.4100037,194.1166687,195.7133331,192.593338,1610400.0,190.9223175
2019-10-31 00:00:00,190.7733307,195.8333282,196.3333282,190.5266724,2370900.0,186.3921204
2019-11-01 00:00:00,193.2133331,191.9533386,193.4700012,191.0033264,1533300.0,188.7760468
2019-11-04 00:00:00,190.3333282,194.7599945,194.843338,190.293335,1831200.0,185.962204
2019-11-05 00:00:00,188.3033295,189.5033264,191.3300018,186.25,2490600.0,183.9788208
2019-11-06 00:00:00,191.7466736,188.4299927,191.9366608,188.1933289,1567500.0,187.3430939
2019-11-07 00:00:00,189.8200073,192.7233276,192.7266693,189.0233307,1793400.0,185.4606934
2019-11-08 00:00:00,193.7833405,190.4600067,193.8200073,190.1499939,1129500.0,189.3329926
2019-11-11 00:00:00,193.136673,192.8166656,194.3333282,192.5566711,976200.0,188.7011566
2019-11-12 00:00:00,195.7466736,193.1600037,196.4333344,192.9499969,1352400.0,191.2512512
2019-11-13 00:00:00,196.5800018,195.5533295,197.6966705,195.0,1080000.0,192.0654297
2019-11-14 00:00:00,197.8166656,195.6666718,198.3333282,195.2200012,857700.0,193.6447144
2019-11-15 00:00:00,197.5899963,198.3333282,199.0,197.0299988,1131900.0,193.4228668
2019-11-18 00:00:00,195.3600006,193.6699982,197.2333374,193.5133362,1452900.0,191.2398987
2019-11-19 00:00:00,194.7333374,195.9366608,196.2133331,194.3899994,2064000.0,190.6264191
2019-11-20 00:00:00,192.0066681,194.7299957,194.7299957,190.8766632,1882200.0,187.9572601
2019-11-21 00:00:00,189.5200043,191.0033264,192.2133331,188.8733368,2166600.0,185.523056
2019-11-22 00:00:00,191.6100006,189.9700012,192.0,189.4133301,1986300.0,187.5689697
2019-11-25 00:00:00,193.3366699,192.5800018,194.0666656,192.1100006,1281000.0,189.2592163
2019-11-26 00:00:00,195.7266693,193.6966705,195.8066711,193.1199951,2161800.0,191.5988159
2019-11-27 00:00:00,194.9533386,195.0966644,195.6633301,194.0766602,918000.0,190.8417816
2019-11-29 00:00:00,194.3766632,194.8033295,195.5200043,193.5966644,709500.0,190.2772827
2019-12-02 00:00:00,191.6100006,193.5233307,193.5233307,191.0,1001400.0,187.5689697
2019-12-03 00:00:00,192.636673,190.5733337,192.7766724,190.0,1374600.0,188.5739899
2019-12-04 00:00:00,190.4366608,193.1066742,194.3333282,190.2633362,1279800.0,186.4203949
2019-12-05 00:00:00,190.8333282,191.4733276,191.863327,189.1833344,1192200.0,186.80867
2019-12-06 00:00:00,192.8466644,192.6399994,193.5700073,191.0866699,1000800.0,188.7795563
2019-12-09 00:00:00,192.1900024,192.6166687,193.0800018,191.4733276,765900.0,188.136734
2019-12-10 00:00:00,190.2833405,191.5599976,191.9166718,190.1199951,1243200.0,186.2702637
2019-12-11 00:00:00,191.8300018,191.1833344,191.9033356,190.0566711,813900.0,187.7843323
2019-12-12 00:00:00,192.2700043,191.75,193.5099945,191.6433258,1304100.0,188.2150421
2019-12-13 00:00:00,190.7433319,191.6666718,193.0666656,190.6666718,1213500.0,186.7205811
2019-12-16 00:00:00,193.1699982,191.4299927,193.6300049,190.4199982,1358400.0,189.0960693
2019-12-17 00:00:00,192.7133331,193.3733368,193.5533295,192.0666656,1136100.0,188.6490479
2019-12-18 00:00:00,190.8699951,193.2433319,193.2433319,190.0800018,1004100.0,186.8445435
2019-12-19 00:00:00,192.6166687,191.3233337,193.2233276,190.5666656,1141200.0,188.5543976
2019-12-20 00:00:00,193.6600037,193.7566681,194.2033386,192.0500031,2224500.0,189.5757141
2019-12-23 00:00:00,194.4199982,193.9700012,194.7299957,193.1533356,697200.0,190.3197174
2019-12-24 00:00:00,193.7133331,193.456665,194.6499939,193.0700073,294300.0,189.6279449
2019-12-26 00:00:00,193.8666687,194.0066681,194.0599976,192.4199982,453300.0,189.7780609
2019-12-27 00:00:00,193.8966675,194.5766602,195.0200043,193.6266632,525300.0,189.8073883
2019-12-30 00:00:00,192.9133301,192.75,193.6033325,192.3933258,696000.0,188.8448181
2019-12-31 00:00:00,194.5133362,192.6999969,194.6100006,192.2799988,867300.0,190.4110718
2020-01-02 00:00:00,190.6166687,195.0166626,195.0399933,189.5800018,1945800.0,186.5966034
2020-01-03 00:00:00,188.1499939,188.4466705,190.5099945,188.0966644,1635600.0,184.1819153
2020-01-06 00:00:00,187.8033295,187.4100037,188.5733337,186.9733276,1926600.0,183.8425598
2020-01-07 00:00:00,186.7866669,188.5666656,188.7133331,186.4633331,1803600.0,182.8473663
2020-01-08 00:00:00,189.7599945,187.3466644,190.1100006,187.0,1886400.0,185.7579651
2020-01-09 00:00:00,188.543335,190.5366669,191.0466614,187.5866699,2245200.0,184.5670013
2020-01-10 00:00:00,189.0299988,189.2833405,190.3966675,188.7533264,1002000.0,185.043396
2020-01-13 00:00:00,191.6199951,189.156662,191.75,188.7766724,1306500.0,187.5787354
2020-01-14 00:00:00,191.4900055,191.5800018,192.9900055,190.8533325,1810200.0,187.4514923
2020-01-15 00:00:00,194.8533325,192.043335,195.9299927,191.3200073,1460400.0,190.7438965
2020-01-16 00:00:00,194.9933319,196.6066742,196.6066742,193.9299927,1494900.0,190.8809509
2020-01-17 00:00:00,198.156662,195.4466705,198.3566742,194.6100006,2143500.0,193.9775696
2020-01-21 00:00:00,197.6866608,198.1499939,199.4166718,196.7833405,1596000.0,193.5174713
2020-01-22 00:00:00,197.6433258,198.6933289,198.8699951,196.9633331,1093800.0,193.4750671
2020-01-23 00:00:00,198.8466644,198.0533295,198.8766632,196.4833374,1297200.0,194.6530151
2020-01-24 00:00:00,198.2799988,199.6666718,199.9833374,197.3099976,1400400.0,194.0983124
2020-01-27 00:00:00,194.7566681,195.9633331,196.6499939,194.1833344,1233300.0,190.649292
2020-01-28 00:00:00,197.0166626,194.8333282,197.6533356,194.8333282,1189500.0,192.8616028
2020-01-29 00:00:00,196.7533264,197.6666718,199.3333282,196.7533264,1906500.0,192.6038208
2020-01-30 00:00:00,189.6333313,187.4666595,190.2566681,185.1666718,3222900.0,185.6339874
2020-01-31 00:00:00,185.6633301,186.7899933,188.0,183.7333374,2703600.0,181.7477112
2020-02-03 00:00:00,191.636673,186.4400024,192.6933289,185.9533386,2517900.0,187.5950623
2020-02-04 00:00:00,195.656662,192.9466705,196.6633301,192.1333313,1922400.0,191.5302734
2020-02-05 00:00:00,194.1466675,195.6533356,195.8266602,190.3099976,2439900.0,190.0521545
2020-02-06 00:00:00,193.9666595,194.6866608,195.1933289,193.1000061,1985400.0,189.8759308
2020-02-07 00:00:00,190.8500061,193.7733307,193.7733307,190.543335,1704600.0,186.8249969
2020-02-10 00:00:00,190.7599945,190.3699951,191.5866699,189.6199951,1518600.0,186.7368927
2020-02-11 00:00:00,192.3466644,191.0833282,193.7166595,190.8899994,1223700.0,188.2900848
2020-02-12 00:00:00,193.3800049,192.3833313,193.9966736,191.8833313,1109400.0,189.3016357
2020-02-13 00:00:00,193.2533264,192.4100037,194.1900024,192.0333405,838500.0,189.1776428
2020-02-14 00:00:00,195.1499939,193.456665,195.1499939,193.0566711,916200.0,191.0342865
2020-02-18 00:00:00,193.9266663,194.3733368,194.6266632,192.0666656,1239300.0,189.836792
2020-02-19 00:00:00,196.3500061,195.0,197.4633331,194.9799957,1479000.0,192.2090302
2020-02-20 00:00:00,194.6933289,195.2566681,197.093338,193.3333282,1021800.0,190.5872803
2020-02-21 00:00:00,191.113327,193.4366608,194.3966675,190.7966614,1149600.0,187.0827789
2020-02-24 00:00:00,189.0333405,187.1199951,190.656662,185.6699982,1697400.0,185.0466309
2020-02-25 00:00:00,183.6533356,189.9299927,190.2666626,183.4166718,2530500.0,179.7801056
2020-02-26 00:00:00,183.5366669,185.0533295,188.3766632,182.9499969,2172300.0,179.6659088
2020-02-27 00:00:00,175.1199951,180.7866669,182.7833405,174.9666595,2345100.0,171.4267426
2020-02-28 00:00:00,172.25,169.3833313,172.25,165.8899994,4074900.0,169.0484467
2020-03-02 00:00:00,179.4400024,174.0066681,179.4400024,171.0066681,2520900.0,176.1048126
2020-03-03 00:00:00,180.1933289,180.1733398,184.136673,176.8699951,2212800.0,176.844162
2020-03-04 00:00:00,191.593338,184.4233398,191.6199951,181.7666626,2210100.0,188.0322723
2020-03-05 00:00:00,184.9700012,187.0133362,188.6799927,183.0866699,1775700.0,181.5320435
2020-03-06 00:00:00,180.3333282,180.9199982,181.5066681,176.4966736,1971900.0,176.9815521
2020-03-09 00:00:00,175.7200012,167.1166687,179.4466705,166.8333282,3484500.0,172.4539642
2020-03-10 00:00:00,182.0066681,180.7566681,182.1533356,171.8066711,2829300.0,178.623764
2020-03-11 00:00:00,173.3800049,177.6666718,178.2166595,169.1833344,3127800.0,170.1574554
2020-03-12 00:00:00,160.8800049,162.2233276,169.7866669,157.0033264,3269100.0,157.8897858
2020-03-13 00:00:00,166.4433289,167.5233307,168.4866638,154.2899933,4273800.0,163.3497314
2020-03-16 00:00:00,135.3566742,149.6666718,150.2200012,135.1466675,4736700.0,132.8408508
2020-03-17 00:00:00,140.1266632,138.3666687,144.7299957,125.9000015,5943600.0,137.522171
2020-03-18 00:00:00,134.2866669,129.5966644,136.7299957,108.4766693,5138100.0,131.790741
2020-03-19 00:00:00,148.3733368,132.9466705,149.6533356,129.3666687,3081600.0,145.6155548
2020-03-20 00:00:00,137.5666656,151.0733337,152.343338,135.3266602,3788400.0,135.0097656
2020-03-23 00:00:00,132.2333374,136.9400024,140.9366608,130.2566681,2876700.0,129.7755585
2020-03-24 00:00:00,151.3399963,139.5200043,153.4700012,138.8166656,3735300.0,148.5270844
2020-03-25 00:00:00,150.5533295,150.7566681,158.2766724,149.0833282,2766900.0,147.7550507
2020-03-26 00:00:00,155.3800049,155.0099945,157.7566681,151.3333282,2562900.0,152.4920044
2020-03-27 00:00:00,153.2200012,150.3333282,157.1633301,150.0,1990500.0,150.3721466
2020-03-30 00:00:00,160.6100006,157.2166595,162.1600037,154.2966614,2259600.0,157.6248322
2020-03-31 00:00:00,153.1733398,158.8300018,160.5833282,152.5166626,3840600.0,150.326355
2020-04-01 00:00:00,141.6600037,146.636673,148.1733398,140.4666595,3430500.0,139.0270233
2020-04-02 00:00:00,145.636673,140.0666656,146.656662,137.3366699,3257700.0,142.9297791
2020-04-03 00:00:00,140.0099945,145.0,147.5299988,138.7466736,2051400.0,137.4076996
2020-04-06 00:00:00,152.8733368,147.5966644,154.3266602,146.0366669,2193300.0,150.0319366
2020-04-07 00:00:00,154.4499969,158.4533386,161.656662,154.0099945,2435700.0,151.5792999
2020-04-08 00:00:00,162.7700043,156.75,163.9900055,154.0166626,1770900.0,159.7446747
2020-04-09 00:00:00,164.0500031,166.0833282,172.7233276,162.5500031,3194100.0,161.0008698
2020-04-13 00:00:00,163.0666656,160.7700043,164.136673,157.6266632,2571900.0,160.0358124
2020-04-14 00:00:00,168.1300049,166.6666718,170.2166595,163.3366699,2263200.0,165.0050507
2020-04-15 00:00:00,164.2266693,163.5866699,166.6600037,161.9466705,1869900.0,161.1742554
2020-04-16 00:00:00,161.6766663,166.5633392,167.3300018,158.6999969,2226000.0,158.6716309
2020-04-17 00:00:00,172.25,165.8466644,172.6866608,165.8466644,1824300.0,169.0484467
2020-04-20 00:00:00,165.2899933,168.9400024,171.636673,164.3099976,1747200.0,162.217804
2020-04-21 00:00:00,161.6333313,162.7966614,164.2966614,159.8733368,984600.0,158.6291046
2020-04-22 00:00:00,166.7633362,164.8899994,168.4533386,164.8899994,1117200.0,163.6637878
2020-04-23 00:00:00,166.2333374,166.8133392,169.5566711,165.8766632,915300.0,163.1436157
2020-04-24 00:00:00,168.6866608,167.1966705,168.9133301,164.863327,807300.0,165.5513458
2020-04-27 00:00:00,170.4866638,167.9866638,171.613327,165.7633362,1401000.0,167.3178711
2020-04-28 00:00:00,169.5766602,173.0,173.293335,168.3533325,1564500.0,166.4248047
2020-04-29 00:00:00,179.6199951,178.6666718,186.543335,174.6600037,2886600.0,176.2814636
2020-04-30 00:00:00,178.7899933,175.956665,181.206665,174.543335,2059200.0,175.4668732
2020-05-01 00:00:00,175.4799957,175.2133331,176.5833282,173.3566742,1241100.0,172.218399
2020-05-04 00:00:00,176.2799988,174.7366638,176.6233368,172.3200073,1184400.0,173.0035706
2020-05-05 00:00:00,177.5633392,177.9866638,179.9133301,176.5099945,1121700.0,174.263031
2020-05-06 00:00:00,174.6733398,178.3333282,178.8666687,174.4799957,1025700.0,171.4267426
2020-05-07 00:00:00,176.1866608,176.5866699,177.7666626,175.4033356,1172700.0,172.9119568
2020-05-08 00:00:00,183.2266693,179.6866608,184.5266724,178.2333374,1477200.0,179.8211212
2020-05-11 00:00:00,186.2799988,181.0700073,187.9233398,180.9333344,2395800.0,182.8176727
2020-05-12 00:00:00,184.4866638,185.6966705,187.9199982,184.4866638,1867800.0,181.0576477
2020-05-13 00:00:00,182.7733307,183.4799957,184.8999939,179.8999939,1466700.0,179.3761902
2020-05-14 00:00:00,181.8500061,180.1066742,181.8733368,176.0633392,1631100.0,178.4700317
2020-05-15 00:00:00,189.4600067,180.1633301,189.4600067,179.7666626,2658900.0,185.9385834
2020-05-18 00:00:00,190.75,193.3333282,195.3733368,190.6333313,1856700.0,187.2046051
2020-05-19 00:00:00,187.9133301,190.3000031,191.8833313,187.5033264,1665000.0,184.4206543
2020-05-20 00:00:00,188.2100067,190.2666626,191.8699951,188.1033325,1890000.0,184.7118073
2020-05-21 00:00:00,190.0,188.6066742,190.4166718,187.6666718,1605300.0,186.9121094
2020-05-22 00:00:00,192.4333344,190.5633392,192.4433289,189.3133392,837600.0,189.3058929
2020-05-26 00:00:00,194.3766632,195.0,195.2966614,193.1233368,1377900.0,191.2176514
2020-05-27 00:00:00,194.2866669,195.0,195.1666718,190.8500061,1355100.0,191.1291351
2020-05-28 00:00:00,196.6699982,196.6666718,198.6399994,195.2899933,1647900.0,193.4736938
2020-05-29 00:00:00,197.9499969,196.0899963,198.7666626,195.0733337,1315500.0,194.7329102
2020-06-01 00:00:00,194.1533356,197.8066711,198.3099976,193.3466644,1040700.0,190.9979706
2020-06-02 00:00:00,199.0366669,193.4499969,199.7266693,193.0633392,1582200.0,195.8019104
2020-06-03 00:00:00,198.0533295,199.7700043,201.1199951,197.6966705,1545900.0,194.8345795
2020-06-04 00:00:00,191.7200012,196.8566742,197.6666718,190.6100006,1907700.0,188.6041718
2020-06-05 00:00:00,195.0966644,194.3466644,196.9833374,188.7799988,2654400.0,191.9259644
2020-06-08 00:00:00,191.6666718,194.4766693,194.7566681,190.1666718,2092500.0,188.551712
2020-06-09 00:00:00,193.9233398,190.2366638,195.293335,190.0833282,1523700.0,190.771698
2020-06-10 00:00:00,193.6533356,194.3466644,195.2599945,192.4533386,1123200.0,190.506073
2020-06-11 00:00:00,182.1066742,191.3899994,192.0599976,181.3133392,2883300.0,179.1470947
2020-06-12 00:00:00,182.5399933,186.7333374,187.0966644,179.7233276,2205600.0,179.573349
2020-06-15 00:00:00,190.0033264,178.6666718,190.6666718,178.656662,2628300.0,186.91539
2020-06-16 00:00:00,192.1199951,195.4799957,196.113327,188.6933289,1303800.0,188.9976501
2020-06-17 00:00:00,194.0,193.4233398,196.0,192.1866608,1228800.0,190.8471222
2020-06-18 00:00:00,193.8999939,192.6666718,195.0133362,192.5166626,834900.0,190.7487488
2020-06-19 00:00:00,194.8899994,197.2233276,197.2599945,192.9466705,2114100.0,191.7226562
2020-06-22 00:00:00,194.156662,198.1499939,198.1499939,191.3733368,1333200.0,191.0012054
2020-06-23 00:00:00,192.1100006,196.5599976,196.5599976,191.3800049,1479600.0,188.9878387
2020-06-24 00:00:00,188.8833313,191.656662,191.7299957,188.6999969,1248300.0,185.8135986
2020-06-25 00:00:00,191.0700073,189.2100067,191.4333344,185.843338,985500.0,187.9647522
2020-06-26 00:00:00,185.843338,190.9366608,191.293335,185.2866669,1648500.0,182.822998
2020-06-29 00:00:00,188.6666718,187.0299988,189.9333344,184.3366699,1030800.0,185.6004639
2020-06-30 00:00:00,192.6166687,189.1999969,193.293335,187.906662,1443300.0,189.4862518
2020-07-01 00:00:00,192.5200043,192.5899963,193.9799957,190.4966736,1906800.0,189.3911591
2020-07-02 00:00:00,194.3233337,194.2833405,195.5233307,193.3966675,1351500.0,191.1652069
2020-07-06 00:00:00,197.386673,196.6666718,197.5766602,194.5866699,1644600.0,194.1787415
2020-07-07 00:00:00,196.2466736,195.1633301,197.1933289,194.6999969,1329900.0,193.057251
2020-07-08 00:00:00,195.3733368,196.6666718,198.5466614,191.8000031,1419000.0,192.1981201
2020-07-09 00:00:00,193.2299957,195.6999969,195.9133301,190.6666718,1049400.0,190.0895996
2020-07-10 00:00:00,194.6000061,194.0866699,195.5399933,190.8766632,820800.0,191.4373779
2020-07-13 00:00:00,192.0133362,196.2466736,196.8800049,191.8666687,1142100.0,188.8927155
2020-07-14 00:00:00,195.5666656,191.75,195.7100067,191.75,1150500.0,192.3883362
2020-07-15 00:00:00,199.1466675,196.6666718,199.3466644,195.6399994,1210200.0,195.910141
2020-07-16 00:00:00,199.5899963,198.2766724,201.1699982,197.7700043,1049700.0,196.3462677
2020-07-17 00:00:00,203.363327,200.0,204.3766632,199.6499939,1822200.0,200.0582733
2020-07-20 00:00:00,202.6933289,202.9033356,204.2433319,202.1733398,970800.0,199.3991394
2020-07-21 00:00:00,204.4666595,205.0,205.0066681,202.6666718,1511100.0,201.143692
2020-07-22 00:00:00,208.6333313,203.7666626,208.6399994,203.7666626,1146900.0,205.24263
2020-07-23 00:00:00,206.1666718,207.6166687,209.4799957,204.2899933,1140600.0,202.81604
2020-07-24 00:00:00,206.6733398,205.8399963,207.2799988,204.636673,1344600.0,203.3144836
2020-07-27 00:00:00,208.5066681,208.7400055,210.6266632,207.843338,2471700.0,205.1180115
2020-07-28 00:00:00,211.1833344,216.6666718,219.956665,207.1900024,3127500.0,207.7511902
2020-07-29 00:00:00,215.8766632,211.6766663,216.9933319,211.5066681,2015400.0,212.3682251
2020-07-30 00:00:00,215.8766632,213.7766724,216.7299957,213.0899963,1373100.0,212.3682251
2020-07-31 00:00:00,215.9733276,215.3600006,216.5,213.4166718,1772100.0,212.4633484
2020-08-03 00:00:00,213.7133331,216.2299957,217.5500031,213.6300049,1411500.0,210.2400513
2020-08-04 00:00:00,216.9700012,213.6266632,219.2833405,213.6266632,1848600.0,213.4438019
2020-08-05 00:00:00,216.9100037,217.6999969,219.6333313,216.9100037,1410600.0,213.3847809
2020-08-06 00:00:00,218.1900024,216.7599945,219.6333313,216.456665,1289100.0,214.6439819
2020-08-07 00:00:00,218.906662,218.0200043,219.1866608,217.5333405,1127700.0,215.3489685
2020-08-10 00:00:00,217.0833282,218.6666718,219.7299957,216.4166718,1049100.0,213.5552673
2020-08-11 00:00:00,217.4666595,218.3333282,220.4100037,216.6866608,1179300.0,213.9324036
2020-08-12 00:00:00,223.9633331,218.7400055,225.2466736,218.1733398,1722300.0,220.3235016
2020-08-13 00:00:00,223.0766602,222.5533295,224.8500061,221.7700043,834600.0,219.4512177
2020-08-14 00:00:00,222.1866608,223.3933258,224.656662,221.1033325,678900.0,218.5757141
2020-08-17 00:00:00,223.6666718,223.5800018,224.7233276,221.8899994,1032900.0,220.0316467
2020-08-18 00:00:00,223.3266602,225.0,225.343338,222.8899994,887400.0,219.6971436
2020-08-19 00:00:00,221.6966705,224.1300049,224.2700043,221.2833405,949800.0,218.0936584
2020-08-20 00:00:00,222.5166626,221.1100006,223.4666595,221.1100006,957900.0,219.3422546
2020-08-21 00:00:00,225.2733307,222.6233368,225.9799957,221.5,1068600.0,222.0595856
2020-08-24 00:00:00,223.8033295,226.6666718,227.1999969,222.7233276,786300.0,220.6105652
2020-08-25 00:00:00,223.4299927,224.8999939,226.2033386,222.1199951,810000.0,220.2425385
2020-08-26 00:00:00,225.5700073,223.3099976,226.3000031,222.3733368,917100.0,222.3520355
2020-08-27 00:00:00,223.9333344,226.75,226.75,223.6866608,800400.0,220.738678
2020-08-28 00:00:00,225.3033295,224.656662,225.4600067,223.2266693,1015200.0,222.0891571
2020-08-31 00:00:00,223.6833344,225.4533386,225.4533386,223.2200012,1129800.0,220.4922638
2020-09-01 00:00:00,228.6799927,223.1666718,228.6799927,222.6466675,1512600.0,225.4176483
2020-09-02 00:00:00,233.0533295,228.1833344,233.2700043,227.8333282,1393500.0,229.7285919
2020-09-03 00:00:00,226.2799988,232.3333282,232.3333282,223.7466736,1576800.0,223.0519257
2020-09-04 00:00:00,226.5399933,226.9199982,228.1766663,220.3600006,1858500.0,223.3081665
2020-09-08 00:00:00,223.1000061,223.6100006,224.4333344,220.5666656,1951800.0,219.9172516
2020-09-09 00:00:00,231.4766693,228.9333344,232.5033264,227.3766632,1585200.0,228.1744385
2020-09-10 00:00:00,234.2200012,232.3033295,236.4466705,231.0,2507400.0,230.8786163
2020-09-11 00:00:00,236.2466736,235.1033325,237.656662,233.4633331,1420800.0,232.8763885
2020-09-14 00:00:00,239.1999969,238.0,240.3366699,237.0,1336200.0,235.7875824
2020-09-15 00:00:00,238.75,240.2533264,241.9700012,237.9499969,1062000.0,235.3439941
2020-09-16 00:00:00,238.3733368,239.5766602,240.5633392,237.6733398,1212300.0,234.9726868
2020-09-17 00:00:00,237.5166626,236.6666718,237.8666687,234.2566681,1413300.0,234.1282349
2020-09-18 00:00:00,231.8300018,236.0733337,237.8200073,230.6766663,2295900.0,228.5227051
2020-09-21 00:00:00,227.6100006,229.2966614,229.9400024,224.7266693,1043700.0,224.362915
2020-09-22 00:00:00,232.1066742,228.093338,232.886673,227.8033295,1332900.0,228.7954407
2020-09-23 00:00:00,225.7733307,230.6600037,231.1399994,225.2766724,1137600.0,222.5524597
2020-09-24 00:00:00,228.6333313,227.1100006,230.3166656,226.4299927,902400.0,225.3716431
2020-09-25 00:00:00,232.4833374,228.2700043,232.7433319,227.2566681,856500.0,229.166748
2020-09-28 00:00:00,235.6866608,235.2400055,237.3899994,233.9633331,1284600.0,232.3243561
2020-09-29 00:00:00,235.2233276,236.8233337,238.4466705,235.2100067,871200.0,231.8676147
2020-09-30 00:00:00,232.2466736,236.6666718,238.3333282,230.636673,2412900.0,228.9334564
2020-10-01 00:00:00,230.2666626,234.9933319,236.5099945,229.5566711,1557000.0,226.9816895
2020-10-02 00:00:00,229.6600037,228.9033356,232.3000031,226.9233398,1234500.0,226.3836975
2020-10-05 00:00:00,229.8666687,231.1733398,233.8166656,228.9199982,1940100.0,226.5874176
2020-10-06 00:00:00,227.4600067,230.6266632,232.1900024,226.9900055,1562400.0,224.2150726
2020-10-07 00:00:00,230.6000061,229.2466736,231.2200012,228.4366608,1350900.0,227.310257
2020-10-08 00:00:00,229.4266663,231.5399933,232.6533356,228.4900055,1477200.0,226.1536865
2020-10-09 00:00:00,232.8000031,230.4499969,232.9799957,230.0,1356600.0,229.4788818
2020-10-12 00:00:00,234.1266632,234.0,236.2466736,233.0633392,943200.0,230.7866364
2020-10-13 00:00:00,232.3933258,234.2033386,235.4499969,231.7166595,1303800.0,229.0780029
2020-10-14 00:00:00,231.3300018,232.9299927,232.9299927,230.1933289,1297500.0,228.0298462
2020-10-15 00:00:00,229.3333282,229.4466705,230.9333344,227.6633301,1275300.0,226.061676
2020-10-16 00:00:00,231.7733307,230.5466614,233.9199982,230.2200012,1140600.0,228.4668579
2020-10-19 00:00:00,227.2766724,232.1199951,233.0266724,226.5066681,1038600.0,224.0343628
2020-10-20 00:00:00,224.9766693,229.1666718,229.5566711,224.5333405,1578900.0,221.7671509
2020-10-21 00:00:00,224.6900024,225.0,228.1666718,224.3733368,1533000.0,221.4845734
2020-10-22 00:00:00,226.0,225.4133301,226.8766632,222.9900055,859800.0,222.7758942
2020-10-23 00:00:00,227.7700043,227.0466614,228.3500061,224.5733337,1108800.0,224.5206604
2020-10-26 00:00:00,223.4600067,225.7033386,226.613327,221.406662,1461300.0,220.2721252
2020-10-27 00:00:00,224.4900055,225.7200012,227.4366608,222.5866699,1791600.0,221.2874451
2020-10-28 00:00:00,226.2200012,224.7400055,228.6666718,221.9766693,2416800.0,222.9927673
2020-10-29 00:00:00,230.6966705,225.9733276,231.6766663,224.8566742,1851900.0,227.4055786
2020-10-30 00:00:00,229.3266602,228.75,231.6699982,227.1000061,2064900.0,226.0550995
2020-11-02 00:00:00,236.4333344,232.2866669,238.4799957,231.6666718,1852800.0,233.0603943
2020-11-03 00:00:00,236.6966705,236.6399994,239.5833282,235.0866699,1396800.0,233.3199615
2020-11-04 00:00:00,241.3300018,236.8766632,243.1066742,236.8766632,1410600.0,237.8871918
2020-11-05 00:00:00,243.2733307,243.3333282,246.9100037,242.8333282,1110600.0,239.8027802
2020-11-06 00:00:00,245.3666687,244.293335,245.7333374,241.886673,1279500.0,241.866272
2020-11-09 00:00:00,230.2533264,248.5,252.6666718,230.2233276,3004500.0,226.9685211
2020-11-10 00:00:00,240.8033295,230.8566742,241.3666687,230.8566742,2378400.0,237.368042
2020-11-11 00:00:00,242.4933319,242.1033325,243.4799957,240.1799927,1159500.0,239.0339508
2020-11-12 00:00:00,239.1033325,241.5800018,242.7799988,237.4766693,1688700.0,236.1272125
2020-11-13 00:00:00,242.093338,241.0466614,242.8500061,240.0700073,979200.0,239.0800323
2020-11-16 00:00:00,243.8999939,242.706665,244.7733307,240.8266602,1522200.0,240.8641815
2020-11-17 00:00:00,243.6933289,241.6666718,244.8233337,239.7833405,1476600.0,240.6601105
2020-11-18 00:00:00,241.2033386,244.4633331,246.0700073,241.1999969,1462800.0,238.2010956
2020-11-19 00:00:00,242.9100037,241.2033386,245.1433258,238.656662,1563600.0,239.8865204
2020-11-20 00:00:00,241.4100037,243.3333282,244.2266693,241.2100067,968700.0,238.4051971
2020-11-23 00:00:00,244.7100067,242.4700012,245.5200043,242.1433258,1046700.0,241.6641388
2020-11-24 00:00:00,245.0966644,246.4966736,248.7899933,244.4266663,1643700.0,242.0459595
2020-11-25 00:00:00,243.75,246.2599945,247.3266602,242.5733337,1005300.0,240.7160645
2020-11-27 00:00:00,245.2700043,243.9933319,247.1666718,243.4633331,418200.0,242.2171631
2020-11-30 00:00:00,249.2100067,244.6300049,249.5366669,244.1766663,2643000.0,246.1081085
2020-12-01 00:00:00,247.7533264,250.0,251.6666718,246.6399994,1743300.0,244.6695709
2020-12-02 00:00:00,238.5500031,247.8300018,248.7766724,237.9933319,1773600.0,235.58078
2020-12-03 00:00:00,236.0166626,238.5533295,239.9600067,235.5800018,1362900.0,233.0789948
2020-12-04 00:00:00,235.3033295,237.5266724,238.0,234.3699951,2087100.0,232.374527
2020-12-07 00:00:00,236.6933289,235.8466644,237.7400055,235.5033264,1911900.0,233.7472229
2020-12-08 00:00:00,239.7533264,237.1433258,240.3966675,236.9333344,1317600.0,236.7691193
2020-12-09 00:00:00,240.2133331,240.6166687,242.9499969,237.7133331,1691400.0,237.2234039
2020-12-10 00:00:00,239.9400024,238.843338,241.6399994,237.6033325,1383300.0,236.953476
2020-12-11 00:00:00,239.5366669,239.5200043,240.8500061,237.7766724,1086900.0,236.5551758
2020-12-14 00:00:00,239.6166687,241.3500061,243.3333282,239.5966644,1545300.0,236.6341858
2020-12-15 00:00:00,240.7799988,241.2833405,242.1033325,239.0700073,957600.0,237.78302
2020-12-16 00:00:00,240.8300018,242.2566681,242.9866638,239.9333344,1149600.0,237.8324127
2020-12-17 00:00:00,242.0833282,242.363327,243.1033325,241.1900024,1515900.0,239.0701141
2020-12-18 00:00:00,242.7433319,242.25,243.1499939,239.5333405,2662800.0,239.7219238
2020-12-21 00:00:00,243.0566711,239.9733276,243.2266693,237.1766663,1051200.0,240.0313568
2020-12-22 00:00:00,245.6900024,243.3333282,246.6633301,241.9900055,1004700.0,242.631897
2020-12-23 00:00:00,241.4833374,245.8399963,246.8666687,241.4799957,800700.0,238.4776001
2020-12-24 00:00:00,244.6333313,242.4299927,245.0700073,242.043335,326100.0,241.5883942
2020-12-28 00:00:00,243.113327,246.0333405,246.0333405,242.9466705,513300.0,240.087326
2020-12-29 00:00:00,243.5299988,244.6600037,244.8600006,242.0,586800.0,240.4987946
2020-12-30 00:00:00,242.3766632,244.0133362,245.3000031,242.3000031,642000.0,239.3598175
2020-12-31 00:00:00,244.9700012,242.8133392,245.2799988,241.2433319,920400.0,241.9208832
2021-01-04 00:00:00,241.156662,244.9966736,245.6399994,238.2266693,1224900.0,238.1549835
2021-01-05 00:00:00,239.9533386,240.1633301,242.6933289,239.2299957,1171800.0,236.9666595
2021-01-06 00:00:00,240.7833405,238.3333282,242.0033264,237.8500061,1648800.0,237.7863312
2021-01-07 00:00:00,245.043335,241.5700073,246.6733398,241.3300018,1507200.0,241.9932861
2021-01-08 00:00:00,242.9233398,244.5033264,244.8266602,240.3966675,1203600.0,239.8996887
2021-01-11 00:00:00,244.9799957,241.9033356,246.2033386,239.706665,781800.0,241.9307556
2021-01-12 00:00:00,246.386673,244.6799927,246.9499969,243.2033386,926700.0,243.3198853
2021-01-13 00:00:00,242.7133331,247.0833282,247.0833282,242.2833405,1207800.0,239.6922913
2021-01-14 00:00:00,239.593338,242.136673,242.7033386,238.8300018,1224300.0,236.6111145
2021-01-15 00:00:00,241.8500061,239.3000031,242.8566742,237.363327,2126400.0,238.8397369
2021-01-19 00:00:00,241.8699951,243.1633301,245.8766632,241.8099976,1353300.0,238.8594818
2021-01-20 00:00:00,245.406662,242.5366669,245.6666718,241.0333405,1271700.0,242.3520966
2021-01-21 00:00:00,245.4499969,245.6666718,249.3233337,244.6199951,909600.0,242.394928
2021-01-22 00:00:00,244.0566711,244.2366638,245.8233337,242.6399994,924900.0,241.0189056
2021-01-25 00:00:00,244.7599945,245.0233307,247.1233368,243.9266663,1200600.0,241.7134857
2021-01-26 00:00:00,241.2133331,245.7733307,245.7733307,240.3533325,1313400.0,238.210968
2021-01-27 00:00:00,239.1799927,239.4466705,240.9133301,235.1766663,1682100.0,236.2029419
2021-01-28 00:00:00,237.3500061,238.2866669,241.1300049,230.5866699,2002800.0,234.3957214
2021-01-29 00:00:00,230.6000061,235.3099976,235.3099976,228.6166687,2347800.0,227.7297516
2021-02-01 00:00:00,232.6999969,231.5399933,233.2233276,227.1966705,1426500.0,229.8036041
2021-02-02 00:00:00,236.8466644,233.206665,238.363327,233.206665,1223100.0,233.8986511
2021-02-03 00:00:00,233.7799988,240.136673,242.4833374,233.5633392,1769400.0,230.870163
2021-02-04 00:00:00,236.7733307,234.4533386,240.843338,234.3200073,1771500.0,233.8262177
2021-02-05 00:00:00,238.8600006,237.8699951,242.0233307,237.6499939,1947300.0,235.8869171
2021-02-08 00:00:00,241.3366699,240.9866638,243.1399994,240.456665,1424700.0,238.3327637
2021-02-09 00:00:00,237.6699982,241.3833313,241.7466736,237.5766602,1220400.0,234.711731
2021-02-10 00:00:00,237.4400024,238.5299988,239.1900024,236.0,1541400.0,234.4846039
2021-02-11 00:00:00,239.7633362,238.0966644,240.5,237.6699982,1203000.0,236.7790222
2021-02-12 00:00:00,240.3500061,239.1033325,242.4333344,239.0899963,1308600.0,237.3583679
2021-02-16 00:00:00,235.8066711,240.6666718,240.7966614,235.613327,1562700.0,232.871582
2021-02-17 00:00:00,240.4666595,234.3333282,241.2833405,232.9799957,1719600.0,237.473587
2021-02-18 00:00:00,242.2533264,239.4466705,243.5333405,238.3466644,1444200.0,239.2380219
2021-02-19 00:00:00,238.9700012,243.0500031,243.1399994,237.6866608,1486200.0,235.9955597
2021-02-22 00:00:00,236.2100067,237.8566742,238.3333282,233.9100037,1414200.0,233.269928
2021-02-23 00:00:00,232.1966705,235.2166595,235.2166595,230.3500061,2318400.0,229.3065491
2021-02-24 00:00:00,227.343338,232.3699951,232.6799927,226.7299957,2742000.0,224.5136108
2021-02-25 00:00:00,224.3899994,226.206665,228.093338,223.5166626,2021100.0,221.5970306
2021-02-26 00:00:00,226.7799988,225.2299957,230.2766724,225.1833344,2456100.0,224.5075836
2021-03-01 00:00:00,231.2799988,228.3333282,234.5633392,228.3333282,1862400.0,228.9624481
2021-03-02 00:00:00,229.8933258,230.4033356,232.2566681,228.1333313,1482600.0,227.5896912
2021-03-03 00:00:00,224.4033356,230.3066711,231.3099976,224.2766724,1626900.0,222.1547241
2021-03-04 00:00:00,219.8533325,223.706665,225.3800049,218.0633392,2100900.0,217.6502991
2021-03-05 00:00:00,225.2299957,221.1633301,225.6333313,219.0733337,2087100.0,222.9730988
2021-03-08 00:00:00,229.3699951,226.1000061,234.2366638,225.6699982,1971600.0,227.0716248
2021-03-09 00:00:00,235.3466644,231.1499939,237.543335,230.8300018,2317800.0,232.9883881
2021-03-10 00:00:00,235.3666687,236.6966705,239.8800049,234.9233398,1690800.0,233.0082092
2021-03-11 00:00:00,234.6666718,235.1666718,237.3500061,234.4333344,1447200.0,232.3152008
2021-03-12 00:00:00,236.043335,233.9666595,236.8800049,233.3600006,1228200.0,233.6780548
2021-03-15 00:00:00,238.9900055,236.043335,238.9900055,234.8166656,818100.0,236.5952301
2021-03-16 00:00:00,239.0166626,239.1699982,240.2666626,237.0666656,1269600.0,236.6216125
2021-03-17 00:00:00,237.4533386,239.2566681,239.5533295,236.1933289,1074600.0,235.0739594
2021-03-18 00:00:00,236.7100067,236.2799988,238.7666626,232.9333344,1385100.0,234.3380737
2021-03-19 00:00:00,235.4166718,236.1699982,238.0066681,235.2666626,2829900.0,233.0576782
2021-03-22 00:00:00,240.0800018,235.4600067,240.6333313,235.113327,1058400.0,237.6742859
2021-03-23 00:00:00,241.9799957,240.6833344,246.0666656,240.5099945,1797600.0,239.5552368
2021-03-24 00:00:00,241.3833313,240.5633392,244.206665,240.5633392,1266600.0,238.9645538
2021-03-25 00:00:00,246.4033356,241.1033325,247.0766602,240.0466614,1431000.0,243.9342651
2021-03-26 00:00:00,253.0066681,246.4499969,253.3333282,245.7233276,1691400.0,250.4714203
2021-03-29 00:00:00,252.1033325,253.0,256.0,250.4733276,1092600.0,249.5771484
2021-03-30 00:00:00,248.7400055,251.1466675,251.2899933,247.3899994,1084500.0,246.2475128
2021-03-31 00:00:00,246.0033264,248.7466736,249.8933258,245.9900055,1321500.0,243.538269
2021-04-01 00:00:00,249.75,246.3399963,250.7799988,244.6699982,1474800.0,247.247406
2021-04-05 00:00:00,255.8999939,251.6900024,256.5,250.2100067,1371100.0,253.3357697
2021-04-06 00:00:00,258.9500122,255.0700073,259.5799866,254.3300018,1908800.0,256.3551941
2021-04-07 00:00:00,251.6999969,258.9200134,259.6900024,250.3600006,1742700.0,249.1778564
2021-04-08 00:00:00,253.4799957,251.7200012,254.9700012,251.1100006,1235900.0,250.940033
2021-04-09 00:00:00,255.2899933,254.1999969,255.3899994,252.75,1554200.0,252.7318878
2021-04-12 00:00:00,257.6000061,255.7299957,259.1799927,255.0399933,1016500.0,255.0187378
2021-04-13 00:00:00,257.4100037,257.6000061,258.3500061,256.2600098,694000.0,254.8306732
2021-04-14 00:00:00,255.0500031,257.0,257.5400085,254.7799988,890600.0,252.4942932
2021-04-15 00:00:00,257.1400146,255.8699951,258.3200073,255.8399963,1181200.0,254.5633545
2021-04-16 00:00:00,266.9200134,258.7900085,269.3200073,258.5799866,2133400.0,264.2453918
2021-04-19 00:00:00,265.6000061,265.7799988,267.8800049,262.769989,1157300.0,262.9385986
2021-04-20 00:00:00,267.2399902,266.2600098,269.7600098,265.1499939,1056900.0,264.5621033
2021-04-21 00:00:00,270.9599915,268.6400146,271.5799866,268.3399963,1168400.0,268.244873
2021-04-22 00:00:00,269.730011,270.9100037,272.230011,268.0,1053700.0,267.0272217
2021-04-23 00:00:00,273.9200134,271.0799866,274.4400024,269.1199951,1108900.0,271.1752014
2021-04-26 00:00:00,269.5400085,274.25,275.0,269.0,1230400.0,266.8390808
2021-04-27 00:00:00,269.4899902,265.480011,270.3699951,262.8800049,1538800.0,266.7896118
2021-04-28 00:00:00,268.9599915,270.4700012,271.4899902,268.1000061,1290000.0,266.2648621
2021-04-29 00:00:00,273.4400024,270.7999878,274.1799927,270.0700073,1686000.0,270.7000122
2021-04-30 00:00:00,273.8699951,272.6099854,274.6300049,271.5100098,1279200.0,271.1257019
2021-05-03 00:00:00,277.9100037,275.0,279.4599915,274.5599976,1094300.0,275.1252136
2021-05-04 00:00:00,283.5,276.5100098,283.6000061,276.0400085,1644400.0,280.6591797
2021-05-05 00:00:00,283.2799988,284.8399963,285.2600098,280.4500122,1059200.0,280.4414062
2021-05-06 00:00:00,285.3900146,283.9100037,286.3500061,283.5799866,1065400.0,282.5302734
2021-05-07 00:00:00,287.230011,284.7399902,287.769989,283.0100098,887800.0,284.3518372
2021-05-10 00:00:00,288.6499939,288.7099915,293.0499878,288.0599976,1497500.0,285.7575989
2021-05-11 00:00:00,285.8399963,287.3599854,287.9899902,283.1900024,1244300.0,282.9757385
2021-05-12 00:00:00,279.8399963,284.5,286.8399963,279.75,1869900.0,277.0358887
2021-05-13 00:00:00,285.8099976,281.0400085,287.019989,280.1799927,1059300.0,282.9460449
2021-05-14 00:00:00,286.0899963,287.3500061,289.2900085,285.5899963,980400.0,283.2232361
2021-05-17 00:00:00,284.230011,286.4299927,287.5799866,282.8699951,1268700.0,281.3818665
2021-05-18 00:00:00,283.1700134,284.230011,286.4700012,282.8399963,1034700.0,280.3325195
2021-05-19 00:00:00,281.269989,280.6099854,282.1799927,277.2099915,1035600.0,278.4515381
2021-05-20 00:00:00,282.5899963,280.3800049,285.4599915,280.0100098,1029100.0,280.306427
2021-05-21 00:00:00,283.1300049,283.9500122,287.3500061,282.8399963,1438400.0,280.8420715
2021-05-24 00:00:00,284.9700012,283.8399963,285.6900024,282.7000122,923300.0,282.6672058
2021-05-25 00:00:00,285.5899963,285.5,286.6799927,284.5700073,835200.0,283.2821655
2021-05-26 00:00:00,285.6400146,286.0499878,287.0899963,285.1199951,960900.0,283.3318176
2021-05-27 00:00:00,285.769989,286.1600037,288.3699951,285.5799866,2675800.0,283.4607239
2021-05-28 00:00:00,283.5299988,286.6099854,286.8800049,283.3800049,1444600.0,281.2388306
2021-06-01 00:00:00,282.8399963,285.8999939,288.6400146,282.6600037,1201600.0,280.5543823
2021-06-02 00:00:00,282.4100037,285.0,285.5700073,281.4899902,1304100.0,280.1278992
2021-06-03 00:00:00,282.5700073,280.769989,283.0,278.1300049,1008100.0,280.2866211
2021-06-04 00:00:00,283.2000122,283.6400146,284.3299866,281.4299927,1049100.0,280.9115295
2021-06-07 00:00:00,280.8099976,283.019989,284.2000122,280.4400024,849500.0,278.540802
2021-06-08 00:00:00,281.0,281.9400024,282.1900024,278.7399902,926100.0,278.7292786
2021-06-09 00:00:00,276.9599915,279.5100098,280.4599915,276.1099854,1879800.0,274.7218933
2021-06-10 00:00:00,277.8599854,281.9500122,282.4599915,276.4200134,1206800.0,275.6146545
2021-06-11 00:00:00,276.7399902,277.8599854,278.7999878,275.0499878,1151900.0,274.5036926
2021-06-14 00:00:00,273.7600098,276.0499878,277.2000122,271.5,1150000.0,271.5477905
2021-06-15 00:00:00,271.6199951,274.9200134,274.9200134,271.1199951,1325600.0,269.4250793
2021-06-16 00:00:00,268.480011,272.25,272.769989,267.5100098,1251600.0,266.3104858
2021-06-17 00:00:00,269.230011,269.6400146,270.0100098,265.7200012,1302400.0,267.0544128
2021-06-18 00:00:00,268.1600037,266.8599854,270.0299988,266.1099854,2048600.0,265.993042
2021-06-21 00:00:00,273.1000061,270.0,274.5,269.1600037,1041800.0,270.893158
2021-06-22 00:00:00,273.4599915,273.4299927,275.1700134,271.9899902,672600.0,271.2501831
2021-06-23 00:00:00,271.3699951,273.5,274.5599976,271.2200012,591300.0,269.177124
2021-06-24 00:00:00,270.0799866,273.1900024,273.1900024,269.1700134,892900.0,267.8974915
2021-06-25 00:00:00,273.9899902,269.7999878,274.0599976,269.7900085,1840600.0,271.7759399
2021-06-28 00:00:00,272.4899902,273.7399902,273.7399902,270.2399902,936400.0,270.2880249
2021-06-29 00:00:00,272.7799988,273.25,275.5799866,272.1600037,647700.0,270.5757141
2021-06-30 00:00:00,272.4500122,272.6799927,273.3399963,271.1300049,971900.0,270.2484131
2021-07-01 00:00:00,275.3399963,273.6799927,275.5299988,270.7999878,790300.0,273.1149902
2021-07-02 00:00:00,275.2200012,275.6300049,275.9599915,273.9599915,549200.0,272.9960022
2021-07-06 00:00:00,273.5,275.0,275.2200012,269.6099854,686100.0,271.2898865
2021-07-07 00:00:00,277.4100037,272.9899902,277.6600037,272.6499939,674400.0,275.1682739
2021-07-08 00:00:00,273.0899963,274.7000122,275.1400146,271.1499939,1166500.0,270.8832092
2021-07-09 00:00:00,276.2200012,275.730011,276.7200012,273.4500122,698300.0,273.987915
2021-07-12 00:00:00,277.9700012,276.6000061,279.1499939,275.1300049,731600.0,275.7237854
2021-07-13 00:00:00,278.0499878,276.75,278.6000061,276.480011,1217900.0,275.8031311
2021-07-14 00:00:00,276.9299927,278.7900085,279.6199951,275.1499939,681200.0,274.6921692
2021-07-15 00:00:00,279.1199951,276.4599915,279.980011,276.4599915,824000.0,276.8644714
2021-07-16 00:00:00,282.4100037,280.2000122,283.8699951,279.9500122,1032800.0,280.1278992
2021-07-19 00:00:00,282.9299927,280.9400024,284.1799927,278.3599854,2059700.0,280.6436768
2021-07-20 00:00:00,281.2399902,276.480011,282.8399963,275.8800049,1661000.0,278.9673157
2021-07-21 00:00:00,281.8299866,282.230011,282.8200073,279.0,1203500.0,279.5525513
2021-07-22 00:00:00,281.5499878,281.8299866,283.8500061,281.1300049,716300.0,279.2748108
2021-07-23 00:00:00,285.9700012,282.3599854,286.4400024,282.019989,1092900.0,283.6591187
2021-07-26 00:00:00,285.480011,285.7600098,286.7399902,283.3699951,1344200.0,283.1730957
2021-07-27 00:00:00,287.7200012,282.9899902,288.6700134,279.4299927,1709200.0,285.394989
2021-07-28 00:00:00,287.5400085,287.769989,289.3399963,286.1300049,1103100.0,285.2164307
2021-07-29 00:00:00,289.3900146,289.1099854,289.75,287.1199951,964400.0,287.0514832
2021-07-30 00:00:00,291.0299988,289.5299988,291.6799927,288.8599854,1219300.0,288.6782227
2021-08-02 00:00:00,291.5700073,292.3900146,293.1900024,290.6199951,879600.0,289.2138672
2021-08-03 00:00:00,295.980011,291.4299927,296.0899963,291.0100098,863000.0,293.5882263
2021-08-04 00:00:00,296.230011,295.2799988,297.7099915,294.5599976,920900.0,293.8362122
2021-08-05 00:00:00,295.6600037,297.2900085,298.9899902,294.5599976,956700.0,293.2708435
2021-08-06 00:00:00,296.9500122,295.5499878,298.269989,295.5499878,709500.0,294.550415
2021-08-09 00:00:00,297.4100037,297.1400146,297.8500061,295.7000122,862000.0,295.0066833
2021-08-10 00:00:00,296.0700073,297.7099915,298.1000061,295.7900085,622900.0,293.6775208
2021-08-11 00:00:00,302.3299866,297.3299866,303.0299988,297.0799866,1151500.0,299.8869324
2021-08-12 00:00:00,303.7099915,301.5599976,304.3399963,299.5499878,1325300.0,301.2557373
2021-08-13 00:00:00,305.6600037,303.7099915,307.3299866,303.7099915,911100.0,303.1900024
2021-08-16 00:00:00,307.7600098,305.3399963,308.8200073,303.6099854,853700.0,305.2730408
2021-08-17 00:00:00,304.9200134,306.0299988,306.4599915,302.5,869900.0,302.4559937
2021-08-18 00:00:00,301.1099854,304.9200134,305.6099854,300.8800049,850300.0,298.6767578
2021-08-19 00:00:00,302.6400146,298.7200012,303.5700073,297.9400024,707500.0,300.7437439
2021-08-20 00:00:00,307.0599976,303.5599976,308.5599976,303.1799927,860200.0,305.1360474
2021-08-23 00:00:00,304.7200012,307.4599915,309.980011,304.5799866,686800.0,302.81073
2021-08-24 00:00:00,303.1099854,305.0299988,305.0400085,302.6000061,555900.0,301.2107849
2021-08-25 00:00:00,302.730011,300.9599915,303.6000061,299.5700073,920900.0,300.8331909
2021-08-26 00:00:00,302.269989,303.3900146,303.3900146,299.3999939,673000.0,300.3760376
2021-08-27 00:00:00,302.8699951,303.4500122,304.8599854,302.519989,682200.0,300.9723206
2021-08-30 00:00:00,305.3099976,304.5799866,307.5,303.8599854,615100.0,303.3970032
2021-08-31 00:00:00,303.6700134,305.0,305.3099976,302.6099854,963100.0,301.7673035
2021-09-01 00:00:00,305.9100037,302.6199951,306.769989,302.019989,681900.0,303.9932556
2021-09-02 00:00:00,308.7000122,306.6400146,308.7900085,305.5599976,824600.0,306.7657776
2021-09-03 00:00:00,307.4299927,307.0100098,310.4299927,305.769989,786800.0,305.5036926
2021-09-07 00:00:00,302.8399963,302.3500061,305.0599976,300.1000061,938600.0,300.9424744
2021-09-08 00:00:00,296.6900024,298.6799927,299.3800049,294.1000061,1688300.0,294.8310547
2021-09-09 00:00:00,297.2999878,294.1900024,299.3200073,293.3500061,1708800.0,295.4371948
2021-09-10 00:00:00,300.6400146,297.2600098,304.0799866,296.0100098,1200200.0,298.7563171
2021-09-13 00:00:00,302.0700073,303.5700073,304.8500061,300.7000122,1190200.0,300.1773376
2021-09-14 00:00:00,298.8599854,302.0599976,302.5100098,297.8699951,1067200.0,296.9874268
2021-09-15 00:00:00,299.4100037,300.4400024,300.6199951,296.7600098,606500.0,297.5339966
2021-09-16 00:00:00,298.019989,298.9100037,299.25,296.3299866,643400.0,296.1526794
2021-09-17 00:00:00,293.7399902,296.4100037,297.0400085,293.019989,1862100.0,291.8995056
2021-09-20 00:00:00,291.769989,289.019989,293.3399963,288.1400146,1101600.0,289.9418335
2021-09-21 00:00:00,290.3599854,293.480011,293.75,289.6600037,802700.0,288.5406799
2021-09-22 00:00:00,291.9899902,291.8599854,294.2999878,290.480011,812600.0,290.1604614
2021-09-23 00:00:00,294.25,293.3399963,295.6300049,292.3299866,854100.0,292.406311
2021-09-24 00:00:00,291.7999878,292.9700012,293.8399963,291.0700073,746700.0,289.9716492
2021-09-27 00:00:00,287.6099854,289.9700012,291.3599854,287.4500122,783700.0,285.8078918
2021-09-28 00:00:00,279.6199951,285.730011,286.4599915,278.7000122,1619700.0,277.867981
2021-09-29 00:00:00,282.2600098,273.4599915,285.4599915,272.0100098,2580900.0,280.4914551
2021-09-30 00:00:00,279.730011,283.2999878,284.2000122,278.769989,1670800.0,277.9773254
2021-10-01 00:00:00,285.0400085,280.7799988,289.7000122,280.2399902,1797800.0,283.2540588
2021-10-04 00:00:00,285.2900085,284.980011,289.0,283.7099915,1483500.0,283.5024719
2021-10-05 00:00:00,291.3399963,286.1300049,292.8900146,285.0400085,1571300.0,289.5145569
2021-10-06 00:00:00,293.8599854,289.7200012,294.0100098,287.9599915,1409100.0,292.0187378
2021-10-07 00:00:00,293.75,296.3099976,299.7900085,292.980011,1426300.0,291.9094543
2021-10-08 00:00:00,289.9899902,293.75,294.8599854,288.0400085,1171400.0,288.1730042
2021-10-11 00:00:00,288.2900085,289.0,292.480011,288.269989,855200.0,286.4836731
2021-10-12 00:00:00,291.8599854,289.2000122,293.3299866,288.2799988,1237700.0,290.0312805
2021-10-13 00:00:00,289.9400024,293.5,293.5,286.5899963,838100.0,288.1233215
2021-10-14 00:00:00,292.2200012,288.75,292.3599854,285.0299988,1079300.0,290.3890381
2021-10-15 00:00:00,296.3900146,294.0400085,297.2399902,291.8999939,1058700.0,294.5329285
2021-10-18 00:00:00,297.3500061,294.8099976,297.3900146,294.2600098,757200.0,295.486908
2021-10-19 00:00:00,298.2799988,298.8599854,298.8599854,296.0299988,656900.0,296.4110718
2021-10-20 00:00:00,301.8800049,299.3200073,301.9299927,297.3500061,847100.0,299.9885254
2021-10-21 00:00:00,306.7799988,301.8900146,306.9400024,300.5700073,970600.0,304.8578186
2021-10-22 00:00:00,306.6199951,306.7799988,308.4500122,306.2399902,653600.0,304.698822
2021-10-25 00:00:00,309.7200012,308.0,310.75,306.7399902,1052900.0,307.7793884
2021-10-26 00:00:00,316.019989,309.7099915,318.8500061,302.019989,1931600.0,314.039917
2021-10-27 00:00:00,317.3800049,317.6000061,321.6700134,316.3099976,1365400.0,315.3913879
2021-10-28 00:00:00,321.4200134,316.6799927,323.8200073,314.5,1152000.0,319.4060974
2021-10-29 00:00:00,316.6099854,321.3099976,323.5,314.6000061,1524700.0,314.6261902
2021-11-01 00:00:00,310.0899963,316.6199951,318.0299988,310.0499878,1284000.0,308.1470642
2021-11-02 00:00:00,312.7900085,311.3299866,314.1900024,310.9200134,994800.0,310.8301697
2021-11-03 00:00:00,314.2600098,314.2200012,314.9299927,310.269989,1281600.0,312.2909241
2021-11-04 00:00:00,318.5899963,313.0,318.9100037,312.9500122,1040900.0,316.5937805
2021-11-05 00:00:00,319.0299988,318.9200134,322.3299866,317.3099976,1098500.0,317.0310669
2021-11-08 00:00:00,320.7999878,320.3200073,322.480011,319.4200134,765200.0,318.7899475
2021-11-09 00:00:00,324.0499878,320.6199951,324.6400146,319.3599854,781000.0,322.0195618
2021-11-10 00:00:00,324.6099854,323.3099976,325.6799927,323.3099976,973200.0,322.5760803
2021-11-11 00:00:00,326.0,323.9500122,326.1099854,323.0,620600.0,323.9573669
2021-11-12 00:00:00,331.3999939,327.0499878,331.5,326.0,1212700.0,329.3235474
2021-11-15 00:00:00,332.8500061,330.2799988,333.0,327.8599854,852200.0,330.7644653
2021-11-16 00:00:00,338.6400146,333.3800049,340.0700073,332.8800049,1334500.0,336.5181885
2021-11-17 00:00:00,333.1600037,338.0299988,340.4500122,332.9599915,1131600.0,331.0725098
2021-11-18 00:00:00,330.7399902,333.3800049,335.4899902,330.3800049,1126100.0,329.2111511
2021-11-19 00:00:00,332.25,331.9200134,334.769989,329.3200073,1355800.0,330.7141724
2021-11-22 00:00:00,329.8099976,332.6900024,335.5100098,329.769989,971800.0,328.2854614
2021-11-23 00:00:00,327.4899902,329.0,331.25,326.0899963,1024700.0,325.9761963
2021-11-24 00:00:00,328.019989,327.0,328.5599976,326.2399902,907200.0,326.5037231
2021-11-26 00:00:00,323.2999878,323.9200134,328.730011,323.0,1030600.0,321.805542
2021-11-29 00:00:00,334.2799988,325.3399963,335.2600098,323.6099854,1629500.0,332.7348022
2021-11-30 00:00:00,331.2399902,332.9400024,337.5299988,329.3999939,2644800.0,329.7088623
2021-12-01 00:00:00,330.9500122,333.3999939,339.6700134,330.8299866,1813400.0,329.4202271
2021-12-02 00:00:00,339.6700134,331.730011,342.9200134,330.7600098,1482400.0,338.099884
2021-12-03 00:00:00,342.3999939,340.1600037,347.0400085,336.8900146,1794700.0,340.8172607
2021-12-06 00:00:00,341.1300049,345.2999878,345.3900146,339.8399963,1123600.0,339.5531616
2021-12-07 00:00:00,341.769989,344.6199951,345.8200073,341.0899963,1261500.0,340.190155
2021-12-08 00:00:00,342.2200012,342.5,344.0799866,339.0799866,841200.0,340.638092
2021-12-09 00:00:00,343.8699951,343.8900146,347.3099976,343.1199951,668300.0,342.2804565
2021-12-10 00:00:00,346.4599915,346.4100037,348.1199951,343.7900085,659700.0,344.85849
2021-12-13 00:00:00,346.0,346.769989,348.5499878,343.1900024,1007900.0,344.4006348
2021-12-14 00:00:00,342.7600098,346.3500061,346.3500061,340.0599976,918800.0,341.1755981
2021-12-15 00:00:00,345.6400146,338.7900085,345.7000122,338.1000061,1413500.0,344.0422974
2021-12-16 00:00:00,348.25,347.4599915,349.7200012,345.5400085,944500.0,346.6402283
2021-12-17 00:00:00,340.4400024,346.6600037,346.6600037,338.6799927,2325600.0,338.866333
2021-12-20 00:00:00,335.6900024,337.6099854,338.0,329.0,1153600.0,334.1383057
2021-12-21 00:00:00,334.4899902,336.7799988,339.2999878,332.5400085,1045100.0,332.9438171
2021-12-22 00:00:00,338.7200012,334.0,339.2099915,333.6700134,454100.0,337.1542664
2021-12-23 00:00:00,338.3800049,338.519989,342.1300049,337.7600098,785600.0,336.8158569
2021-12-27 00:00:00,345.5499878,339.2600098,346.5299988,339.2600098,842000.0,343.9526978
2021-12-28 00:00:00,348.3999939,347.7000122,349.6700134,346.0799866,601200.0,346.7895203
2021-12-29 00:00:00,351.3599854,347.769989,352.3699951,347.75,484700.0,349.7358398
2021-12-30 00:00:00,350.3599854,352.0499878,354.1499939,349.769989,410700.0,348.740448
2021-12-31 00:00:00,352.1600037,349.5700073,353.269989,349.2399902,852100.0,350.5321655
2022-01-03 00:00:00,339.1199951,348.480011,350.3900146,335.3599854,1484100.0,337.5524292
2022-01-04 00:00:00,335.7200012,334.3200073,337.6799927,332.3999939,1707700.0,334.1681213
2022-01-05 00:00:00,336.3500061,336.5299988,342.5700073,333.9899902,1182500.0,334.7952576
2022-01-06 00:00:00,333.5599976,335.8599854,337.4700012,332.8500061,947100.0,332.0181274
2022-01-07 00:00:00,323.2200012,333.0,333.1799927,322.6900024,1325500.0,321.7259216
2022-01-10 00:00:00,323.2999878,322.2999878,323.4599915,317.0700073,1603700.0,321.805542
2022-01-11 00:00:00,324.5,323.4200134,324.6700134,318.0700073,1063600.0,323.0
2022-01-12 00:00:00,321.5899963,325.3500061,326.0100098,319.2999878,1191400.0,320.1034546
2022-01-13 00:00:00,317.3900146,322.2399902,324.5,316.6400146,1064300.0,315.9228821
2022-01-14 00:00:00,308.4599915,310.2399902,313.4500122,304.0,2622700.0,307.0341187
2022-01-18 00:00:00,306.2200012,300.7099915,306.9500122,297.7799988,2738200.0,304.8045044
2022-01-19 00:00:00,303.7900085,306.6600037,309.2000122,303.5700073,1859800.0,302.3857422
2022-01-20 00:00:00,297.6600037,305.3200073,307.5700073,296.75,1501300.0,296.2840881
2022-01-21 00:00:00,292.8500061,297.6600037,301.8500061,292.7600098,2124900.0,291.4963074
2022-01-24 00:00:00,298.519989,287.25,299.6400146,284.8999939,2987300.0,297.1400757
2022-01-25 00:00:00,294.2600098,294.5100098,298.9500122,290.519989,2908000.0,292.8998108
2022-01-26 00:00:00,292.75,295.0,299.9899902,291.7200012,3524100.0,291.3967896
2022-01-27 00:00:00,283.1700134,290.2799988,294.9400024,279.8099976,3374500.0,281.8610535
2022-01-28 00:00:00,287.7000122,282.3800049,287.8500061,273.7799988,2316800.0,286.3701172
2022-01-31 00:00:00,286.5100098,287.0,288.8999939,283.2000122,2498700.0,285.1856079
2022-02-01 00:00:00,293.0899963,288.730011,294.2999878,284.6900024,2221000.0,291.735199
2022-02-02 00:00:00,294.3200073,293.7000122,295.75,290.1700134,1190100.0,292.9595337
2022-02-03 00:00:00,287.8299866,291.5100098,294.0799866,287.3999939,998800.0,286.4994812
2022-02-04 00:00:00,281.730011,286.019989,286.1000061,280.6099854,1459700.0,280.4277039
2022-02-07 00:00:00,279.2200012,282.1499939,282.6799927,279.2200012,1474900.0,277.9292908
2022-02-08 00:00:00,279.6700134,280.1000061,281.0,277.980011,1125900.0,278.3772278
2022-02-09 00:00:00,286.6199951,283.0,288.5,282.9599915,1086400.0,285.295105
2022-02-10 00:00:00,279.9299927,283.1799927,285.4200134,278.5100098,1215200.0,278.6360474
2022-02-11 00:00:00,273.1000061,278.9400024,279.9299927,272.2000122,1265100.0,271.837616
2022-02-14 00:00:00,270.480011,273.5400085,274.6499939,269.1799927,1074700.0,269.2297363
2022-02-15 00:00:00,271.5700073,274.7399902,275.0499878,270.2399902,1166900.0,270.3146973
2022-02-16 00:00:00,272.6300049,271.8599854,273.0499878,266.8800049,924000.0,271.3697815
2022-02-17 00:00:00,267.2200012,271.25,273.0599976,266.4599915,946100.0,265.9847717
2022-02-18 00:00:00,268.0700073,267.6900024,271.4899902,266.3599854,1317400.0,266.8308716
2022-02-22 00:00:00,261.5799866,265.8599854,266.7200012,259.1300049,2088600.0,260.3708496
2022-02-23 00:00:00,259.3999939,262.8999939,264.1000061,259.1499939,2101400.0,258.2009277
2022-02-24 00:00:00,258.9400024,253.5200043,259.5799866,251.4299927,2010200.0,257.7430725
2022-02-25 00:00:00,267.269989,259.5499878,267.3900146,259.1600037,1423800.0,266.6524048
2022-02-28 00:00:00,263.1300049,264.730011,266.7999878,260.8299866,2315000.0,262.5220032
2022-03-01 00:00:00,255.5299988,261.519989,263.4599915,253.9499969,2311200.0,254.9395447
2022-03-02 00:00:00,260.2200012,256.0499878,261.1799927,255.5800018,1449300.0,259.6187134
2022-03-03 00:00:00,258.0400085,262.8200073,263.9299927,256.2200012,997900.0,257.4437561
2022-03-04 00:00:00,258.4899902,255.4600067,258.75,253.5200043,1643700.0,257.8927002
2022-03-07 00:00:00,242.9499969,257.4500122,258.5,242.8999939,2197700.0,242.3886108
2022-03-08 00:00:00,239.8500061,242.4499969,248.0800018,236.1999969,2049100.0,239.2957916
2022-03-09 00:00:00,241.7100067,241.9799957,244.5399933,238.0099945,1887100.0,241.1514893
2022-03-10 00:00:00,237.5500031,238.3800049,239.4400024,235.8500061,1672300.0,237.0010986
2022-03-11 00:00:00,233.5899963,238.0099945,239.1300049,233.3200073,1269900.0,233.0502472
2022-03-14 00:00:00,237.6300049,234.8600006,239.6699982,233.4100037,1340700.0,237.0809174
2022-03-15 00:00:00,242.4400024,239.7299957,244.4799957,239.2700043,1757500.0,241.8797913
2022-03-16 00:00:00,244.3800049,244.9799957,249.6000061,239.6600037,1651100.0,243.8153229
2022-03-17 00:00:00,247.5200043,242.5099945,247.5299988,241.4900055,1409000.0,246.9480591
2022-03-18 00:00:00,251.5299988,248.1300049,252.6300049,244.8800049,2068300.0,250.9487915
2022-03-21 00:00:00,245.8200073,251.1999969,251.8800049,244.1399994,1135900.0,245.2519989
2022-03-22 00:00:00,250.1699982,251.4900055,252.1499939,248.5500031,1400300.0,249.5919342
2022-03-23 00:00:00,247.6399994,248.4199982,249.7599945,246.8000031,1276500.0,247.0677795
2022-03-24 00:00:00,249.9299927,248.4600067,250.0099945,246.6000061,1369800.0,249.352478
2022-03-25 00:00:00,245.2100067,249.2899933,250.7899933,244.4600067,1143300.0,244.6434021
2022-03-28 00:00:00,250.5800018,245.5399933,250.6199951,244.1100006,1282100.0,250.0009918
2022-03-29 00:00:00,259.3500061,259.0499878,264.4299927,256.3200073,1904000.0,258.7507324
2022-03-30 00:00:00,253.0099945,257.0,258.1099854,252.1900024,1157500.0,252.4253693
2022-03-31 00:00:00,249.6199951,253.4499969,255.5,249.6199951,1816700.0,249.0431976
2022-04-01 00:00:00,255.2100067,251.3600006,255.3699951,249.6399994,1378300.0,254.6203003
2022-04-04 00:00:00,259.0400085,253.8200073,259.0799866,252.3200073,1587500.0,258.4414368
2022-04-05 00:00:00,257.9700012,258.2799988,262.3099976,256.75,1603300.0,257.3739014
2022-04-06 00:00:00,262.6300049,255.9100037,263.6499939,254.3000031,1671300.0,262.0231323
2022-04-07 00:00:00,263.8299866,261.2600098,264.2099915,258.3299866,1559400.0,263.2203674
2022-04-08 00:00:00,263.7600098,265.0,266.769989,262.3999939,1131300.0,263.1505432
2022-04-11 00:00:00,261.1000061,262.0799866,264.4599915,260.730011,995900.0,260.4966736
2022-04-12 00:00:00,256.9500122,262.9899902,265.2000122,255.8399963,857600.0,256.3562927
2022-04-13 00:00:00,258.3999939,255.7400055,259.7200012,254.2299957,1282300.0,257.8029175
2022-04-14 00:00:00,252.8999939,259.8399963,261.2600098,252.75,1246800.0,252.3156128
2022-04-18 00:00:00,246.1699982,249.7599945,252.5800018,245.3800049,1389300.0,245.601181
2022-04-19 00:00:00,252.25,246.6499939,253.8500061,246.6499939,1275500.0,251.6671295
2022-04-20 00:00:00,253.0899963,255.0299988,258.6700134,251.0200043,1705500.0,252.505188
2022-04-21 00:00:00,251.6100006,256.3900146,258.4299927,251.3300018,1408400.0,251.0286102
2022-04-22 00:00:00,244.9199982,251.1499939,251.1499939,244.6399994,1426500.0,244.3540649
2022-04-25 00:00:00,248.0200043,245.1300049,248.3500061,240.6999969,1738500.0,247.4468994
2022-04-26 00:00:00,271.3699951,268.7799988,275.9400024,266.3200073,5011900.0,270.7429504
2022-04-27 00:00:00,279.3800049,272.7399902,283.9899902,272.4500122,3950200.0,278.734436
2022-04-28 00:00:00,281.3099976,283.0,284.7000122,276.2600098,2367100.0,280.6599731
2022-04-29 00:00:00,274.9599915,280.0299988,285.0,273.8999939,3099500.0,274.324646
2022-05-02 00:00:00,268.7799988,273.7999878,278.2000122,265.9100037,2870700.0,268.1589355
2022-05-03 00:00:00,269.3699951,268.4899902,271.0799866,265.9200134,2007000.0,268.7475586
2022-05-04 00:00:00,282.5299988,270.4400024,283.1499939,270.2099915,2059100.0,281.8771667
2022-05-05 00:00:00,276.9500122,280.1099854,282.1600037,273.6099854,2130000.0,276.3100586
2022-05-06 00:00:00,273.3800049,275.769989,275.769989,268.1400146,1758600.0,272.7483215
2022-05-09 00:00:00,276.9700012,269.9899902,280.8399963,269.519989,2280300.0,276.3300171
2022-05-10 00:00:00,266.3699951,278.6700134,280.0,265.1799927,2208700.0,265.7544861
2022-05-11 00:00:00,264.6700134,265.3599854,271.4700012,263.7799988,1376500.0,264.0584412
2022-05-12 00:00:00,274.5400085,262.4200134,275.1099854,261.0,2637500.0,273.9056396
2022-05-13 00:00:00,273.3299866,275.6600037,277.9100037,270.4899902,1501600.0,272.6983948
2022-05-16 00:00:00,271.3699951,270.6199951,274.7099915,265.3200073,1278700.0,270.7429504
2022-05-17 00:00:00,269.2600098,275.2999878,276.4500122,266.6600037,1603800.0,268.6378174
2022-05-18 00:00:00,259.6600037,266.3999939,267.980011,258.0599976,1526900.0,259.0599976
2022-05-19 00:00:00,259.3699951,257.7399902,263.3200073,255.1600037,1690300.0,259.3699951
2022-05-20 00:00:00,257.9500122,260.5100098,262.3099976,250.1799927,2576100.0,257.9500122
2022-05-23 00:00:00,259.269989,260.6099854,261.7999878,257.3699951,1290300.0,259.269989
2022-05-24 00:00:00,257.6499939,259.3900146,260.019989,254.1999969,1450700.0,257.6499939
2022-05-25 00:00:00,265.1199951,257.2099915,265.4599915,255.7599945,1420800.0,265.1199951
