date,close,open,high,low,volume,adjclose
2012-05-14 00:00:00,52.6399994,52.6500015,53.0200005,52.2599983,1253300.0,46.1560287
2012-05-15 00:00:00,51.9900017,52.6699982,52.6899986,51.9099998,1248500.0,45.5860863
2012-05-16 00:00:00,51.7299995,52.1199989,52.3600006,51.5800018,1708000.0,45.35812
2012-05-17 00:00:00,50.9799995,51.7599983,51.9300003,50.9799995,1131700.0,44.7005081
2012-05-18 00:00:00,50.2599983,51.2099991,51.2099991,50.0999985,1748700.0,44.069191
2012-05-21 00:00:00,51.4300003,50.4799995,51.4599991,50.3499985,1443700.0,45.0950775
2012-05-22 00:00:00,51.7200012,51.4399986,51.9599991,51.2299995,2314300.0,45.3493462
2012-05-23 00:00:00,51.2799988,51.4599991,51.4599991,50.7299995,1835200.0,44.963562
2012-05-24 00:00:00,51.7200012,51.3800011,51.8899994,51.0900002,1435500.0,45.3493462
2012-05-25 00:00:00,51.8499985,51.6899986,52.0800018,51.5800018,968400.0,45.4633331
2012-05-29 00:00:00,52.5900002,52.4099998,52.7099991,52.0499992,2076600.0,46.1121826
2012-05-30 00:00:00,51.5499992,52.3699989,52.3699989,51.3699989,1246500.0,45.2002869
2012-05-31 00:00:00,51.4500008,51.4900017,51.7999992,50.8699989,2177000.0,45.1126022
2012-06-01 00:00:00,50.0099983,50.7400017,50.9099998,49.9799995,1741400.0,43.849987
2012-06-04 00:00:00,49.8400002,49.9000015,50.0600014,49.4300003,1726500.0,43.7009125
2012-06-05 00:00:00,50.7900009,49.6399994,50.9500008,49.5600014,1751200.0,44.5339127
2012-06-06 00:00:00,51.25,51.0200005,51.2900009,50.8400002,1507200.0,44.9372444
2012-06-07 00:00:00,51.1899986,51.7299995,51.9900017,51.0800018,1001500.0,44.8846359
2012-06-08 00:00:00,51.3100014,51.0299988,51.3699989,50.9000015,1793700.0,44.9898491
2012-06-11 00:00:00,51.4099998,51.6300011,51.9799995,51.3600006,2006300.0,45.0775414
2012-06-12 00:00:00,51.7799988,51.5400009,51.7900009,51.0299988,981800.0,45.4019508
2012-06-13 00:00:00,51.4900017,51.7299995,52.1599998,51.3199997,1130300.0,45.1476707
2012-06-14 00:00:00,52.3400002,51.6500015,52.5699997,51.5499992,1482400.0,45.8929863
2012-06-15 00:00:00,54.1500015,52.7200012,54.2799988,52.5,3727000.0,47.4800377
2012-06-18 00:00:00,54.5699997,54.0,54.8100014,53.9000015,1950300.0,47.8483009
2012-06-19 00:00:00,55.1899986,54.7799988,55.5400009,54.75,2017000.0,48.3919258
2012-06-20 00:00:00,54.9000015,55.1599998,55.2400017,54.4799995,1692300.0,48.1376419
2012-06-21 00:00:00,53.75,55.0800018,55.25,53.6599998,1724800.0,47.1292953
2012-06-22 00:00:00,54.5699997,54.0099983,54.7599983,53.6899986,2621600.0,47.8483009
2012-06-25 00:00:00,53.7099991,54.1399994,54.2299995,53.5800018,1552700.0,47.094223
2012-06-26 00:00:00,53.8199997,53.7200012,54.0299988,53.3800011,1344000.0,47.1906853
2012-06-27 00:00:00,54.3300018,53.7400017,54.5200005,53.7099991,1371300.0,47.827137
2012-06-28 00:00:00,53.7900009,54.0299988,54.2000008,52.75,2701800.0,47.3517838
2012-06-29 00:00:00,55.0999985,54.7000008,55.0999985,54.6300011,1835000.0,48.5049782
2012-07-02 00:00:00,54.6699982,55.0,55.0200005,53.9599991,1744000.0,48.1264343
2012-07-03 00:00:00,54.6800003,54.5800018,54.9000015,54.4099998,1105400.0,48.1352615
2012-07-05 00:00:00,54.2099991,54.5299988,54.5499992,54.0400009,959800.0,47.7214966
2012-07-06 00:00:00,53.5400009,53.4900017,53.5900002,52.9599991,1221500.0,47.1317024
2012-07-09 00:00:00,53.6699982,53.4900017,53.7200012,53.2999992,834300.0,47.2461395
2012-07-10 00:00:00,53.0600014,54.1800003,54.1800003,52.9099998,1361500.0,46.709156
2012-07-11 00:00:00,53.0600014,52.9099998,53.2099991,52.6500015,1680800.0,46.709156
2012-07-12 00:00:00,52.7200012,52.6899986,52.8800011,52.2900009,1289300.0,46.4098473
2012-07-13 00:00:00,53.0499992,52.8199997,53.2099991,52.7099991,822100.0,46.7003517
2012-07-16 00:00:00,52.9000015,53.1500015,53.2599983,52.7299995,1145700.0,46.5682945
2012-07-17 00:00:00,53.7200012,53.1699982,53.75,52.8600006,1912200.0,47.2901535
2012-07-18 00:00:00,53.5699997,53.5099983,54.4300003,51.8899994,2318800.0,47.1581192
2012-07-19 00:00:00,52.1399994,52.3199997,53.0900002,50.9599991,4618100.0,45.8992729
2012-07-20 00:00:00,51.3800011,51.9700012,52.0800018,51.1199989,2013800.0,45.2302437
2012-07-23 00:00:00,50.75,50.7000008,51.0299988,50.3300018,1465800.0,44.6756516
2012-07-24 00:00:00,50.75,51.0900002,51.2200012,50.0400009,2309500.0,44.6756516
2012-07-25 00:00:00,51.2700005,50.8100014,51.5600014,50.8100014,2240800.0,45.1334
2012-07-26 00:00:00,51.2999992,51.8199997,51.8800011,50.9300003,2064200.0,45.1598167
2012-07-27 00:00:00,52.4099998,51.6199989,52.5499992,51.5200005,1953900.0,46.1369553
2012-07-30 00:00:00,52.3400002,52.2299995,52.5400009,51.9599991,984400.0,46.0753288
2012-07-31 00:00:00,52.0299988,52.4099998,52.5800018,51.9900017,1375400.0,45.8024292
2012-08-01 00:00:00,52.8300018,52.3600006,53.0900002,52.2799988,2228600.0,46.506691
2012-08-02 00:00:00,51.4000015,51.9799995,52.1599998,50.9599991,2406200.0,45.2478447
2012-08-03 00:00:00,52.75,52.5299988,52.8699989,52.1100006,1700800.0,46.4362564
2012-08-06 00:00:00,52.9399986,52.8699989,53.3699989,52.6599998,1335800.0,46.6035194
2012-08-07 00:00:00,53.0,52.9799995,53.2799988,52.8899994,1152600.0,46.6563339
2012-08-08 00:00:00,52.9900017,52.8699989,53.1699982,52.5800018,1171800.0,46.647541
2012-08-09 00:00:00,52.7900009,52.8899994,53.25,52.7000008,1524200.0,46.4714699
2012-08-10 00:00:00,53.0600014,52.6500015,53.1800003,52.6500015,1626500.0,46.709156
2012-08-13 00:00:00,53.2000008,52.8300018,53.4099998,52.7299995,2305700.0,46.8324051
2012-08-14 00:00:00,53.7900009,53.3800011,53.8199997,53.3800011,1867400.0,47.3517838
2012-08-15 00:00:00,54.1100006,53.5999985,54.3600006,53.5999985,1276800.0,47.6334801
2012-08-16 00:00:00,54.5,54.0900002,54.7599983,53.9399986,1818600.0,47.976799
2012-08-17 00:00:00,54.3600006,54.4799995,54.5499992,54.0900002,1799100.0,47.85355
2012-08-20 00:00:00,54.5,54.3600006,54.5499992,54.1599998,1122700.0,47.976799
2012-08-21 00:00:00,54.2999992,54.5699997,55.0699997,54.2000008,1662400.0,47.8007202
2012-08-22 00:00:00,53.8199997,54.4500008,54.4799995,53.6500015,2154800.0,47.3781929
2012-08-23 00:00:00,53.2299995,53.7999992,53.9000015,53.0200005,1654400.0,46.8588066
2012-08-24 00:00:00,53.7400017,53.1699982,53.8600006,53.1100006,882800.0,47.3077621
2012-08-27 00:00:00,53.6899986,53.7599983,54.2200012,53.5099983,856500.0,47.2637482
2012-08-28 00:00:00,53.7200012,53.5900002,54.0800018,53.5900002,1573500.0,47.2901535
2012-08-29 00:00:00,53.5800018,53.7200012,53.8699989,53.4799995,1182100.0,47.1669159
2012-08-30 00:00:00,53.1100006,53.1899986,53.3400002,52.7700005,1160700.0,46.7531662
2012-08-31 00:00:00,53.2599983,53.3699989,53.7000008,52.9300003,964400.0,46.8852043
2012-09-04 00:00:00,53.8199997,54.25,55.4900017,53.6500015,2431300.0,47.3781929
2012-09-05 00:00:00,53.1199989,53.7799988,53.7799988,52.8300018,2108300.0,46.7619705
2012-09-06 00:00:00,54.1899986,52.8499985,54.1899986,52.8499985,2961500.0,47.703907
2012-09-07 00:00:00,54.1500015,54.3699989,54.3699989,53.7099991,3201300.0,47.6687012
2012-09-10 00:00:00,53.5499992,54.1800003,54.1800003,53.4599991,1499300.0,47.1405106
2012-09-11 00:00:00,54.0,53.6599998,54.2599983,53.4900017,2582400.0,47.5366402
2012-09-12 00:00:00,54.4199982,54.0800018,54.6899986,54.0699997,1487200.0,47.9063721
2012-09-13 00:00:00,55.1899986,54.6199989,55.3800011,54.0499992,1980400.0,48.5842018
2012-09-14 00:00:00,56.0099983,55.1899986,56.2999992,55.0999985,2520300.0,49.3060532
2012-09-17 00:00:00,56.2299995,55.9199982,56.2400017,55.8800011,1580700.0,49.4997292
2012-09-18 00:00:00,55.9300003,56.0,56.0099983,55.6300011,1879000.0,49.2356415
2012-09-19 00:00:00,55.8899994,55.8300018,56.1500015,55.4099998,1516700.0,49.2004318
2012-09-20 00:00:00,55.7700005,55.6800003,55.7799988,55.2900009,1512500.0,49.0947876
2012-09-21 00:00:00,56.2900009,56.1100006,56.4900017,55.5800018,5620700.0,49.5525436
2012-09-24 00:00:00,56.4900017,56.0900002,56.6100006,55.8300018,1512500.0,49.7286148
2012-09-25 00:00:00,55.9799995,56.6899986,56.7999992,55.9700012,1844800.0,49.2796555
2012-09-26 00:00:00,55.5900002,55.9000015,56.0,55.4199982,1165200.0,49.1232529
2012-09-27 00:00:00,55.8100014,55.6500015,55.8499985,55.3699989,1201100.0,49.3176575
2012-09-28 00:00:00,55.6599998,55.5600014,55.9099998,55.3499985,1495000.0,49.185112
2012-10-01 00:00:00,54.9000015,55.5,55.5,54.5999985,3192100.0,48.5135117
2012-10-02 00:00:00,54.6699982,55.0200005,55.1399994,54.2700005,2856600.0,48.3102531
2012-10-03 00:00:00,54.4199982,54.9099998,54.9599991,54.1800003,2561100.0,48.0893478
2012-10-04 00:00:00,55.0600014,54.4399986,55.0699997,53.9900017,1624300.0,48.6548996
2012-10-05 00:00:00,54.8100014,55.2200012,55.2200012,54.5099983,1484000.0,48.433979
2012-10-08 00:00:00,54.3499985,54.7299995,54.8100014,54.2999992,1117300.0,48.0274849
2012-10-09 00:00:00,52.7299995,53.3699989,53.9599991,52.5,3664100.0,46.5959511
2012-10-10 00:00:00,52.2200012,52.4399986,52.4399986,51.6699982,4463200.0,46.1452827
2012-10-11 00:00:00,52.4599991,52.5,53.1399994,52.4300003,1516600.0,46.3573532
2012-10-12 00:00:00,52.2999992,52.5999985,52.9799995,52.2099991,1535600.0,46.2159615
2012-10-15 00:00:00,52.2999992,52.2999992,52.3199997,51.9199982,2842300.0,46.2159615
2012-10-16 00:00:00,53.4599991,52.6399994,53.4799995,52.5400009,2041200.0,47.241024
2012-10-17 00:00:00,52.8199997,53.2000008,54.2900009,52.75,4390700.0,46.6754684
2012-10-18 00:00:00,53.6100006,51.8499985,53.7400017,51.5999985,4556600.0,47.3735657
2012-10-19 00:00:00,52.6399994,53.4199982,53.6800003,52.4199982,2960400.0,46.5164146
2012-10-22 00:00:00,52.9500008,52.6899986,52.9900017,52.3899994,1869100.0,46.7903442
2012-10-23 00:00:00,52.25,52.4199982,52.5299988,51.9099998,2088200.0,46.1717758
2012-10-24 00:00:00,52.2799988,52.4500008,52.5999985,51.9700012,1543000.0,46.1982956
2012-10-25 00:00:00,52.4000015,52.6300011,52.9700012,51.9900017,1801400.0,46.3043404
2012-10-26 00:00:00,52.1899986,52.4199982,52.5699997,51.9700012,1766100.0,46.118763
2012-10-31 00:00:00,52.5999985,52.5999985,52.9300003,52.0299988,1740000.0,46.4810638
2012-11-01 00:00:00,53.0699997,52.5999985,53.2599983,52.4700012,1574200.0,46.896389
2012-11-02 00:00:00,52.6399994,53.4399986,53.5699997,52.5499992,1300800.0,46.5164146
2012-11-05 00:00:00,52.7099991,52.5699997,52.8100014,52.1599998,1018900.0,46.5782623
2012-11-06 00:00:00,53.4599991,52.7700005,53.5200005,52.5,1718000.0,47.241024
2012-11-07 00:00:00,52.6100006,53.0600014,53.1100006,52.0600014,2060500.0,46.4898949
2012-11-08 00:00:00,52.4199982,52.4700012,52.8199997,52.2200012,2282200.0,46.3220024
2012-11-09 00:00:00,52.5299988,52.2999992,52.9799995,52.2299995,1356800.0,46.4191971
2012-11-12 00:00:00,53.0499992,52.7400017,53.1199989,52.2999992,1310400.0,46.8787155
2012-11-13 00:00:00,52.6800003,52.7900009,53.1699982,52.5999985,1682000.0,46.5517693
2012-11-14 00:00:00,52.3199997,52.7799988,53.0099983,52.2299995,1804900.0,46.2336349
2012-11-15 00:00:00,52.0,52.3300018,52.5299988,51.8699989,1750300.0,45.9508781
2012-11-16 00:00:00,52.0999985,52.5499992,52.5600014,51.8100014,3704900.0,46.0392342
2012-11-19 00:00:00,53.0,52.5699997,53.1300011,52.4900017,2340400.0,46.8345337
2012-11-20 00:00:00,53.5999985,53.0499992,53.8899994,52.7999992,2361400.0,47.3647385
2012-11-21 00:00:00,53.5,53.6199989,53.8100014,53.4199982,2009800.0,47.2763634
2012-11-23 00:00:00,54.5200005,53.6599998,54.5299988,53.6100006,738100.0,48.1777115
2012-11-26 00:00:00,54.5299988,54.2599983,54.5299988,53.8600006,1766700.0,48.186554
2012-11-27 00:00:00,54.2200012,54.3800011,54.6699982,54.1800003,1362600.0,47.9126091
2012-11-28 00:00:00,54.5999985,54.0800018,54.6100006,53.5900002,1161400.0,48.2484131
2012-11-29 00:00:00,54.0499992,54.8199997,55.0800018,53.8600006,2455200.0,47.7623978
2012-11-30 00:00:00,54.1599998,54.0699997,54.2900009,53.7799988,2311500.0,47.8595924
2012-12-03 00:00:00,54.4399986,54.4799995,55.0800018,54.0999985,2977200.0,48.1070061
2012-12-04 00:00:00,54.3499985,54.5,54.7099991,54.0400009,2157700.0,48.0274849
2012-12-05 00:00:00,54.3600006,54.3300018,54.5299988,54.0,2153800.0,48.0363235
2012-12-06 00:00:00,54.3499985,54.2200012,54.4500008,53.9300003,1986000.0,48.0274849
2012-12-07 00:00:00,54.5699997,54.4700012,54.6300011,54.0900002,1437000.0,48.2218971
2012-12-10 00:00:00,54.7900009,54.3800011,54.8199997,54.3699989,1567200.0,48.4163055
2012-12-11 00:00:00,55.8100014,55.2299995,56.0,55.0999985,2254300.0,49.3176575
2012-12-12 00:00:00,56.1300011,55.7799988,56.6199989,55.7400017,1843300.0,49.6004257
2012-12-13 00:00:00,56.1899986,56.0800018,56.2999992,55.8699989,2265200.0,49.6534386
2012-12-14 00:00:00,55.7799988,56.0,56.2900009,55.7400017,2587400.0,49.2911415
2012-12-17 00:00:00,56.1599998,55.8300018,56.2099991,55.7900009,1456000.0,49.6269341
2012-12-18 00:00:00,56.3499985,56.1800003,56.75,55.9700012,2553600.0,49.7948456
2012-12-19 00:00:00,55.9599991,56.4199982,56.4900017,55.9000015,1677400.0,49.4501953
2012-12-20 00:00:00,56.5699997,56.0299988,56.5800018,55.7799988,1273700.0,49.9892426
2012-12-21 00:00:00,55.8699989,56.4599991,56.7400017,55.6199989,3226700.0,49.3706741
2012-12-24 00:00:00,55.8699989,55.7999992,55.9900017,55.7299995,703800.0,49.3706741
2012-12-26 00:00:00,55.4300003,55.8800011,55.9900017,55.2700005,932300.0,48.9818611
2012-12-27 00:00:00,55.1599998,55.25,55.4000015,54.5499992,1132600.0,48.977417
2012-12-28 00:00:00,54.4500008,54.7999992,55.0499992,54.4099998,1094000.0,48.3470078
2012-12-31 00:00:00,54.8199997,54.3400002,54.8199997,54.0699997,1780100.0,48.6755219
2013-01-02 00:00:00,55.8800011,55.5400009,55.8899994,55.2400017,2118400.0,49.6167297
2013-01-03 00:00:00,56.1399994,55.9000015,56.25,55.8199997,1384600.0,49.8475761
2013-01-04 00:00:00,56.7299995,56.3199997,57.0,56.1100006,2471000.0,50.3714409
2013-01-07 00:00:00,57.0699997,56.6500015,57.2200012,56.5999985,1762600.0,50.6733437
2013-01-08 00:00:00,56.9700012,56.9300003,57.0699997,56.5200005,1854100.0,50.5845413
2013-01-09 00:00:00,58.3800011,57.2099991,58.7400017,57.1399994,2828300.0,51.8365097
2013-01-10 00:00:00,58.8400002,58.7099991,58.8400002,58.2999992,1815200.0,52.2449493
2013-01-11 00:00:00,58.8400002,58.8199997,58.9000015,58.4799995,1477800.0,52.2449493
2013-01-14 00:00:00,58.8699989,58.5499992,58.8800011,58.2599983,1375700.0,52.2715759
2013-01-15 00:00:00,59.5600014,58.7599983,59.7299995,58.5699997,2212100.0,52.884243
2013-01-16 00:00:00,59.4300003,59.4500008,59.7200012,59.2999992,1170200.0,52.7688179
2013-01-17 00:00:00,60.6199989,59.7200012,61.1699982,59.7099991,2379400.0,53.8254395
2013-01-18 00:00:00,61.5499992,60.7299995,61.5900002,60.4799995,3599100.0,54.6511917
2013-01-22 00:00:00,61.7099991,61.5,61.7200012,61.1899986,1725400.0,54.7932625
2013-01-23 00:00:00,61.8699989,61.6300011,61.9199982,61.25,2350900.0,54.9353256
2013-01-24 00:00:00,63.4500008,62.0099983,63.6500015,61.5999985,2491300.0,56.3382416
2013-01-25 00:00:00,63.5499992,63.75,63.9199982,63.3300018,2077100.0,56.4270172
2013-01-28 00:00:00,63.7799988,63.6800003,63.8499985,63.2299995,1624700.0,56.6312447
2013-01-29 00:00:00,63.7999992,63.6699982,63.9900017,63.4599991,1189800.0,56.6489944
2013-01-30 00:00:00,63.3800011,63.6899986,63.8100014,63.3300018,2071800.0,56.2760887
2013-01-31 00:00:00,62.6500015,63.2999992,63.3800011,62.5499992,2714500.0,55.6279106
2013-02-01 00:00:00,63.0400009,62.3499985,63.1699982,61.5299988,2558200.0,55.9741859
2013-02-04 00:00:00,62.2999992,62.6599998,62.6599998,62.0099983,1855100.0,55.3171349
2013-02-05 00:00:00,62.7999992,62.2999992,62.8600006,62.2700005,1893100.0,55.761097
2013-02-06 00:00:00,63.0600014,62.5699997,63.1199989,62.4599991,1404800.0,55.9919586
2013-02-07 00:00:00,63.0499992,62.7200012,63.0800018,62.2900009,1808500.0,55.9830704
2013-02-08 00:00:00,63.7799988,63.1899986,63.9300003,63.0,1083500.0,56.6312447
2013-02-11 00:00:00,63.9000015,63.6699982,63.9000015,63.3499985,1173200.0,56.7377968
2013-02-12 00:00:00,64.0100021,63.8600006,64.0999985,63.5400009,1098300.0,56.8354683
2013-02-13 00:00:00,63.8800011,64.1399994,64.4599991,63.6199989,847100.0,56.7200508
2013-02-14 00:00:00,64.0199966,63.7599983,64.1399994,63.5900002,1215900.0,56.8443451
2013-02-15 00:00:00,63.8499985,63.9799995,63.9799995,63.2599983,2206600.0,56.6934013
2013-02-19 00:00:00,63.6899986,63.75,63.8499985,63.1899986,2019100.0,56.5513306
2013-02-20 00:00:00,63.0800018,63.7400017,63.7900009,63.0400009,1561600.0,56.0097122
2013-02-21 00:00:00,62.1699982,62.75,62.7700005,61.5900002,2143000.0,55.2017059
2013-02-22 00:00:00,62.7000008,62.5,62.7000008,62.1199989,1233000.0,55.6722908
2013-02-25 00:00:00,62.0900002,62.8199997,63.1699982,62.0900002,1614900.0,55.1306763
2013-02-26 00:00:00,62.7700005,62.4700012,63.1699982,62.4000015,1975500.0,55.7344589
2013-02-27 00:00:00,63.6599998,62.7999992,63.8400002,62.7000008,1332100.0,56.5246964
2013-02-28 00:00:00,63.8800011,63.5600014,64.2799988,63.5,1633300.0,56.7200508
2013-03-01 00:00:00,64.9000015,63.7299995,65.0,63.1800003,2487100.0,57.6257019
2013-03-04 00:00:00,65.0699997,64.6600037,65.0800018,64.5400009,1414300.0,57.7766533
2013-03-05 00:00:00,66.0,65.0599976,66.3700027,65.0599976,1748400.0,58.6024208
2013-03-06 00:00:00,65.9599991,66.0500031,66.5699997,65.8000031,1748900.0,58.5669022
2013-03-07 00:00:00,65.4000015,66.0,66.1600037,65.25,1444500.0,58.0696716
2013-03-08 00:00:00,65.7200012,65.7699966,66.0,65.5199966,1499900.0,58.3538132
2013-03-11 00:00:00,66.2200012,65.8300018,66.2699966,65.6800003,1103900.0,58.7977638
2013-03-12 00:00:00,66.7900009,65.9800034,66.7900009,65.8499985,1302500.0,59.3038712
2013-03-13 00:00:00,66.6800003,66.7099991,66.7300034,66.1699982,1182500.0,59.2061996
2013-03-14 00:00:00,66.8099976,66.9100037,66.9199982,66.2900009,1158900.0,59.3216324
2013-03-15 00:00:00,65.9300003,66.5800018,66.7200012,65.7200012,2464200.0,58.5402641
2013-03-18 00:00:00,64.7799988,65.4300003,65.4300003,64.4300003,2328900.0,57.5191727
2013-03-19 00:00:00,64.7699966,65.0400009,65.1999969,64.2900009,1979100.0,57.5102882
2013-03-20 00:00:00,65.3700027,65.1500015,65.5599976,65.0800018,1277100.0,58.043045
2013-03-21 00:00:00,64.5400009,65.1500015,65.3600006,64.1500015,2089000.0,57.3060684
2013-03-22 00:00:00,64.5699997,64.5599976,64.6299973,64.2300034,1636900.0,57.3326912
2013-03-25 00:00:00,64.5400009,64.8399963,64.8499985,64.1699982,1175900.0,57.3060684
2013-03-26 00:00:00,64.8600006,64.5500031,64.8799973,64.3600006,869700.0,57.8276405
2013-03-27 00:00:00,64.8700027,64.5899963,64.9199982,64.1900024,1016400.0,57.836544
2013-03-28 00:00:00,65.2399979,64.6699982,65.3300018,64.4000015,1216900.0,58.1664391
2013-04-01 00:00:00,65.3300018,65.0999985,65.5999985,64.9899979,1233100.0,58.2466812
2013-04-02 00:00:00,65.5599976,65.5699997,65.7399979,65.2699966,1185100.0,58.4517365
2013-04-03 00:00:00,65.25,65.6200027,65.6399994,64.8000031,2014600.0,58.1753502
2013-04-04 00:00:00,65.5899963,65.7300034,66.0599976,65.3499985,2513200.0,58.4784775
2013-04-05 00:00:00,65.0,64.8300018,65.1999969,64.6699982,2543600.0,57.9524498
2013-04-08 00:00:00,65.3799973,65.0400009,65.5,64.9100037,1646600.0,58.2912521
2013-04-09 00:00:00,66.3399963,66.0199966,66.4800034,65.75,2468000.0,59.1471672
2013-04-10 00:00:00,66.7399979,66.3499985,67.0,65.9400024,1945800.0,59.5037956
2013-04-11 00:00:00,66.8499985,66.8099976,67.1500015,66.6699982,1280800.0,59.6018715
2013-04-12 00:00:00,66.5,66.5199966,66.6800003,65.9800034,1121000.0,59.2898102
2013-04-15 00:00:00,65.2900009,65.9800034,66.4000015,65.2900009,1546100.0,58.2110138
2013-04-16 00:00:00,65.0800018,65.2699966,65.2699966,64.1600037,2258500.0,58.0237846
2013-04-17 00:00:00,64.4000015,64.7699966,65.0599976,64.1900024,1748600.0,57.4175148
2013-04-18 00:00:00,63.7000008,64.5599976,64.5899963,63.3499985,1841500.0,56.7934151
2013-04-19 00:00:00,64.6800003,63.9599991,64.6800003,63.5,2109300.0,57.6671524
2013-04-22 00:00:00,64.1500015,64.7099991,64.8000031,63.8100014,1403900.0,57.1946297
2013-04-23 00:00:00,64.9400024,64.4700012,65.1100006,64.0999985,1329700.0,57.8989563
2013-04-24 00:00:00,64.7300034,64.7900009,65.2200012,64.5899963,1685100.0,57.711731
2013-04-25 00:00:00,65.6399994,64.5,66.2799988,64.4599991,2300000.0,58.5230598
2013-04-26 00:00:00,65.0599976,65.5,65.5,64.75,1123900.0,58.0059433
2013-04-29 00:00:00,65.6600037,65.1999969,65.8000031,65.1100006,1247000.0,58.5408974
2013-04-30 00:00:00,65.5800018,65.5699997,65.6100006,64.6999969,1284700.0,58.4695854
2013-05-01 00:00:00,65.3000031,65.4899979,65.9100037,65.1200027,1171700.0,58.2199326
2013-05-02 00:00:00,65.7799988,65.5299988,66.5,65.3300018,1407300.0,58.6478958
2013-05-03 00:00:00,66.3300018,66.0999985,66.6999969,66.0899963,945100.0,59.1382599
2013-05-06 00:00:00,66.2799988,66.2399979,66.5800018,66.0400009,1044400.0,59.0936699
2013-05-07 00:00:00,66.3899994,66.2699966,66.4400024,65.9499969,788600.0,59.1917458
2013-05-08 00:00:00,66.4499969,66.3000031,66.6100006,66.0699997,1293100.0,59.2452354
2013-05-09 00:00:00,67.0100021,66.4499969,67.4800034,66.3199997,1190900.0,59.7445297
2013-05-10 00:00:00,68.2099991,67.0,68.2300034,66.8300018,1776700.0,60.814415
2013-05-13 00:00:00,68.5999985,67.9899979,68.8600006,67.8499985,1168800.0,61.1621437
2013-05-14 00:00:00,69.2099991,68.5199966,69.3000031,68.3799973,1076400.0,61.7059746
2013-05-15 00:00:00,69.4300003,69.1200027,69.8099976,69.1100006,1538400.0,61.9021149
2013-05-16 00:00:00,69.0599976,69.1200027,69.2699966,68.6600037,1920500.0,61.5722809
2013-05-17 00:00:00,68.9000015,68.6100006,68.9700012,68.2799988,3311400.0,61.4296112
2013-05-20 00:00:00,68.7300034,68.6399994,69.1399994,68.5199966,1211100.0,61.2780533
2013-05-21 00:00:00,69.2399979,69.0100021,69.3300018,68.8300018,1321400.0,61.7327309
2013-05-22 00:00:00,67.6999969,69.3099976,70.0,67.3600006,1948800.0,60.3596954
2013-05-23 00:00:00,67.2399979,67.1699982,67.7399979,66.9499969,1631500.0,59.9495773
2013-05-24 00:00:00,66.9899979,67.0,67.4300003,66.5800018,1085500.0,59.7266846
2013-05-28 00:00:00,67.9100037,67.4100037,68.3700027,67.3799973,977300.0,60.5469437
2013-05-29 00:00:00,67.2300034,67.5,67.6399994,66.8300018,1350100.0,59.9406853
2013-05-30 00:00:00,67.3499985,67.2399979,67.8899994,67.1699982,1018400.0,60.047657
2013-05-31 00:00:00,66.3899994,67.2099991,67.7799988,66.3899994,1267300.0,59.1917458
2013-06-03 00:00:00,67.3099976,66.4000015,67.3300018,66.0999985,1481700.0,60.012001
2013-06-04 00:00:00,66.6999969,67.3099976,67.3499985,66.2399979,828500.0,59.4681129
2013-06-05 00:00:00,65.7300034,66.5199966,66.7099991,65.5,1327900.0,58.6033058
2013-06-06 00:00:00,66.3600006,65.7900009,66.3799973,65.5899963,1323200.0,59.1649971
2013-06-07 00:00:00,67.1500015,66.6800003,67.1999969,66.5599976,774000.0,59.8693504
2013-06-10 00:00:00,67.25,67.1999969,67.4599991,66.8199997,766400.0,59.9584999
2013-06-11 00:00:00,66.8300018,66.7600021,67.25,66.2600021,841200.0,59.5840378
2013-06-12 00:00:00,66.3700027,67.2200012,67.25,66.3600006,1043200.0,59.1739273
2013-06-13 00:00:00,67.7200012,66.3199997,67.7900009,65.8099976,783100.0,60.3775444
2013-06-14 00:00:00,67.2099991,67.6500015,68.0,67.1299973,813200.0,59.9228363
2013-06-17 00:00:00,67.8099976,67.6399994,68.2200012,67.4400024,1005800.0,60.4577942
2013-06-18 00:00:00,67.6699982,67.8000031,68.1100006,67.5800018,1479200.0,60.3329544
2013-06-19 00:00:00,66.4499969,67.7600021,67.9000015,66.3700027,1262700.0,59.2452354
2013-06-20 00:00:00,64.75,65.7200012,65.8600006,64.5999985,1733500.0,57.729557
2013-06-21 00:00:00,65.5999985,65.3300018,65.9800034,65.0,1668500.0,58.4874001
2013-06-24 00:00:00,64.7600021,65.0899963,65.3499985,63.8300018,1581200.0,57.7384911
2013-06-25 00:00:00,64.8899994,65.2600021,65.4899979,64.4499969,937100.0,57.854393
2013-06-26 00:00:00,64.6900024,65.3099976,65.6800003,64.6699982,1248300.0,57.9125633
2013-06-27 00:00:00,64.7200012,64.9300003,65.0599976,64.5500031,1302700.0,57.9394341
2013-06-28 00:00:00,64.6800003,64.6600037,65.4599991,64.3499985,2393600.0,57.9036179
2013-07-01 00:00:00,64.4300003,64.8499985,65.1699982,64.3399963,1453900.0,57.6798172
2013-07-02 00:00:00,64.3199997,64.4000015,65.0500031,64.1900024,1573500.0,57.5813408
2013-07-03 00:00:00,64.1999969,64.1699982,64.4700012,63.7099991,491500.0,57.4739075
2013-07-05 00:00:00,65.2300034,64.5899963,65.2399979,64.4199982,966000.0,58.3960114
2013-07-08 00:00:00,66.1699982,65.5,66.4100037,65.3799973,1073700.0,59.2375183
2013-07-09 00:00:00,66.0699997,66.1399994,66.2699966,65.4800034,1532000.0,59.147995
2013-07-10 00:00:00,66.3499985,66.1200027,66.5599976,65.8099976,938600.0,59.3986626
2013-07-11 00:00:00,67.3799973,66.9800034,67.4800034,66.6600037,1058700.0,60.3207512
2013-07-12 00:00:00,67.4300003,67.2600021,67.7200012,66.9700012,916700.0,60.3654938
2013-07-15 00:00:00,68.2200012,67.4100037,68.2799988,67.3399963,767000.0,61.0727577
2013-07-16 00:00:00,68.6699982,68.4300003,69.3000031,68.3499985,1378700.0,61.4756012
2013-07-17 00:00:00,69.3700027,68.9400024,69.6399994,68.6900024,1896800.0,62.1022797
2013-07-18 00:00:00,70.0,69.3700027,70.2399979,69.0800018,1802900.0,62.6662483
2013-07-19 00:00:00,70.8799973,69.5699997,70.8799973,69.0500031,3241200.0,63.4540482
2013-07-22 00:00:00,70.9599991,70.8300018,71.0400009,70.4899979,1532900.0,63.5256844
2013-07-23 00:00:00,71.0500031,71.0800018,71.0800018,70.3899994,1283800.0,63.6062469
2013-07-24 00:00:00,70.8300018,71.2099991,71.3199997,70.6299973,961800.0,63.4093056
2013-07-25 00:00:00,70.8700027,70.7200012,70.9499969,70.3600006,852300.0,63.445137
2013-07-26 00:00:00,70.9400024,70.8700027,71.0899963,70.3300018,819500.0,63.5077782
2013-07-29 00:00:00,70.3499985,70.6500015,70.6500015,69.9499969,1077300.0,62.9795837
2013-07-30 00:00:00,70.4199982,70.6299973,70.9499969,70.2600021,751600.0,63.0422516
2013-07-31 00:00:00,70.4599991,70.6299973,71.25,70.2300034,1389600.0,63.078064
2013-08-01 00:00:00,71.2200012,70.8899994,71.4400024,69.8300018,1032100.0,63.758461
2013-08-02 00:00:00,71.2699966,71.2300034,71.4000015,71.0500031,861300.0,63.8032112
2013-08-05 00:00:00,71.1999969,71.0699997,71.5500031,70.6900024,805400.0,63.7405167
2013-08-06 00:00:00,70.9700012,71.1399994,71.3700027,70.7900009,1894900.0,63.5346107
2013-08-07 00:00:00,70.7900009,70.7600021,71.0699997,70.5899963,1285200.0,63.3734665
2013-08-08 00:00:00,70.9000015,70.9800034,71.3199997,70.6399994,928200.0,63.4719543
2013-08-09 00:00:00,71.0100021,70.8000031,71.1600037,70.6999969,891900.0,63.570446
2013-08-12 00:00:00,70.7600021,70.3700027,70.8600006,70.1399994,962800.0,63.3466339
2013-08-13 00:00:00,70.8799973,70.9499969,71.0800018,70.3000031,759700.0,63.4540482
2013-08-14 00:00:00,70.4300003,70.9599991,71.0899963,70.3000031,1179400.0,63.0512199
2013-08-15 00:00:00,68.9100037,69.9700012,70.1500015,68.7600021,969800.0,61.6904488
2013-08-16 00:00:00,67.9700012,68.7300034,68.8199997,67.9700012,1622700.0,60.8489609
2013-08-19 00:00:00,68.0599976,67.9300003,68.5400009,67.8199997,826800.0,60.9295006
2013-08-20 00:00:00,68.25,68.0,68.5299988,67.5599976,1233600.0,61.0995979
2013-08-21 00:00:00,67.9300003,68.2099991,68.4499969,67.6699982,912300.0,60.8131027
2013-08-22 00:00:00,68.7799988,68.0299988,69.0800018,68.0299988,613900.0,61.5740509
2013-08-23 00:00:00,68.2900009,68.7399979,68.9100037,68.0800018,624600.0,61.1354141
2013-08-26 00:00:00,68.3799973,68.4000015,69.0,68.3300018,879800.0,61.2159996
2013-08-27 00:00:00,67.0800018,67.8199997,67.8399963,67.0400009,927400.0,60.0521774
2013-08-28 00:00:00,66.6399994,67.1299973,67.3099976,66.5899963,926900.0,59.6582718
2013-08-29 00:00:00,66.9100037,66.5,67.3000031,66.4400024,955800.0,59.8999977
2013-08-30 00:00:00,66.8899994,66.9599991,67.0699997,66.6299973,910000.0,59.8820839
2013-09-03 00:00:00,67.2200012,67.6299973,67.9899979,66.6900024,1000700.0,60.1775208
2013-09-04 00:00:00,67.2699966,67.1299973,67.3799973,66.5199966,1465900.0,60.2222595
2013-09-05 00:00:00,67.7900009,67.3399963,68.0,67.0999985,1036800.0,60.687809
2013-09-06 00:00:00,68.9300003,69.6299973,70.3799973,68.0599976,1713200.0,61.7083702
2013-09-09 00:00:00,69.1600037,68.9800034,69.1999969,68.6200027,732800.0,61.9142723
2013-09-10 00:00:00,69.5400009,69.6900024,70.0,69.3300018,1303400.0,62.2544479
2013-09-11 00:00:00,69.5800018,69.5999985,70.0699997,69.3700027,1176500.0,62.2902565
2013-09-12 00:00:00,69.5,69.4599991,69.7300034,69.1200027,1421500.0,62.218647
2013-09-13 00:00:00,70.1200027,69.5,70.1600037,69.3099976,1013200.0,62.7736816
2013-09-16 00:00:00,70.8300018,70.75,71.0100021,70.4300003,1035000.0,63.4093056
2013-09-17 00:00:00,71.3499985,70.8000031,71.5400009,70.6699982,1238200.0,63.8748016
2013-09-18 00:00:00,71.7799988,71.1900024,71.8600006,70.3899994,1081700.0,64.2597885
2013-09-19 00:00:00,71.6299973,71.7399979,71.9400024,71.5599976,826700.0,64.1255035
2013-09-20 00:00:00,71.2799988,71.7300034,71.8600006,71.1699982,2599300.0,63.812149
2013-09-23 00:00:00,71.1999969,71.1100006,71.4400024,70.8600006,940800.0,63.7405167
2013-09-24 00:00:00,70.8300018,71.1100006,71.4499969,70.7699966,1073900.0,63.4093056
2013-09-25 00:00:00,68.7900009,69.0999985,69.9100037,68.7200012,3482500.0,61.5830231
2013-09-26 00:00:00,68.4000015,68.7099991,68.7099991,67.9499969,1639400.0,61.4707069
2013-09-27 00:00:00,67.6500015,68.3000031,68.3399963,67.5899963,1197500.0,60.7966843
2013-09-30 00:00:00,67.5899963,67.4199982,67.8700027,67.1500015,1880000.0,60.7427254
2013-10-01 00:00:00,67.9599991,67.7399979,68.0999985,67.5500031,1103400.0,61.0752792
2013-10-02 00:00:00,67.7399979,67.5,68.0899963,67.3300018,1676700.0,60.8775635
2013-10-03 00:00:00,67.3399963,67.4899979,67.8499985,66.9300003,1095800.0,60.5180588
2013-10-04 00:00:00,67.6999969,67.3799973,67.8600006,67.2699966,921100.0,60.8415833
2013-10-07 00:00:00,67.5400009,67.3099976,67.8899994,67.0400009,755500.0,60.6978188
2013-10-08 00:00:00,67.6100006,67.7099991,68.3700027,67.5899963,1561800.0,60.7607346
2013-10-09 00:00:00,68.4400024,67.8000031,68.9499969,67.7099991,1828200.0,61.5066261
2013-10-10 00:00:00,69.4199982,69.0400009,69.6299973,68.7600021,1297600.0,62.3873444
2013-10-11 00:00:00,70.2200012,69.4199982,70.3300018,69.3799973,1260000.0,63.1063042
2013-10-14 00:00:00,70.8099976,69.8499985,70.9800034,69.7200012,1261100.0,63.6365662
2013-10-15 00:00:00,70.1399994,70.6500015,70.9199982,70.1100006,1631300.0,63.0344353
2013-10-16 00:00:00,71.5199966,70.6500015,71.5199966,70.4199982,1099500.0,64.2746201
2013-10-17 00:00:00,72.5500031,71.0500031,72.6200027,70.9000015,2322900.0,65.2002716
2013-10-18 00:00:00,73.4599991,72.7699966,73.5999985,72.0199966,2696100.0,66.018074
2013-10-21 00:00:00,73.1600037,73.4499969,73.4499969,72.9199982,1131000.0,65.748497
2013-10-22 00:00:00,73.5299988,73.1699982,73.7200012,72.6399994,1142400.0,66.0809708
2013-10-23 00:00:00,73.9700012,73.5,74.0800018,73.2900009,1223800.0,66.4764099
2013-10-24 00:00:00,74.0199966,73.4300003,74.2600021,73.0899963,2494600.0,66.521347
2013-10-25 00:00:00,74.6100006,74.0500031,74.7099991,73.7200012,1483500.0,67.0515747
2013-10-28 00:00:00,74.5400009,74.5400009,74.8600006,74.1699982,1031400.0,66.988678
2013-10-29 00:00:00,74.5299988,74.6699982,74.6699982,73.9400024,1902400.0,66.9796829
2013-10-30 00:00:00,74.0899963,74.6399994,74.7900009,73.6100006,1820200.0,66.584259
2013-10-31 00:00:00,73.8600006,74.1600037,74.3300018,73.3199997,1821900.0,66.3775711
2013-11-01 00:00:00,74.0299988,74.25,74.25,73.4499969,1350100.0,66.5303421
2013-11-04 00:00:00,74.2900009,74.1699982,74.4000015,74.0100021,752900.0,66.7640152
2013-11-05 00:00:00,74.0500031,73.8499985,74.2300034,73.6399994,1251400.0,66.5482941
2013-11-06 00:00:00,73.7099991,74.3000031,74.5999985,73.6699982,1870400.0,66.2427521
2013-11-07 00:00:00,72.9000015,73.8899994,73.8899994,72.8499985,1906200.0,65.5147934
2013-11-08 00:00:00,73.3300018,72.8899994,73.3499985,72.5400009,1604400.0,65.9012604
2013-11-11 00:00:00,73.3000031,73.3600006,73.4899979,73.0400009,1245800.0,65.8742905
2013-11-12 00:00:00,73.2300034,73.3099976,73.4499969,72.8099976,1253000.0,65.8113708
2013-11-13 00:00:00,73.8199997,72.8899994,73.8199997,72.5999985,892000.0,66.341629
2013-11-14 00:00:00,74.4800034,74.0,74.5699997,73.75,932500.0,66.934761
2013-11-15 00:00:00,74.2099991,74.5599976,74.8000031,74.2099991,2007800.0,66.6921082
2013-11-18 00:00:00,73.5100021,74.3499985,74.5,73.3399963,932300.0,66.0630035
2013-11-19 00:00:00,74.0999985,73.3099976,74.1800003,73.0,1216400.0,66.5932159
2013-11-20 00:00:00,73.7900009,74.0500031,74.2799988,73.6200027,616500.0,66.3146362
2013-11-21 00:00:00,74.1399994,74.0800018,74.3199997,73.9000015,838700.0,66.6292038
2013-11-22 00:00:00,74.2799988,74.1500015,74.4400024,73.8000031,1003000.0,66.7550125
2013-11-25 00:00:00,74.7399979,75.3799973,75.5,74.5400009,1481700.0,67.168396
2013-11-26 00:00:00,74.8199997,74.8799973,75.1299973,74.3899994,997800.0,67.240303
2013-11-27 00:00:00,74.5599976,74.8000031,75.1200027,74.5599976,608500.0,67.0066223
2013-11-29 00:00:00,74.4199982,74.5899963,75.1100006,74.3499985,515200.0,66.8808289
2013-12-02 00:00:00,74.2600021,74.3199997,74.7600021,74.1500015,827300.0,66.7370377
2013-12-03 00:00:00,73.9300003,74.0500031,74.2300034,73.4400024,1066900.0,66.4404678
2013-12-04 00:00:00,73.2900009,73.6500015,74.0100021,72.7600021,786000.0,65.8653107
2013-12-05 00:00:00,73.1600037,73.1900024,73.6900024,73.0800018,762200.0,65.748497
2013-12-06 00:00:00,74.5199966,73.9400024,74.5400009,73.8099976,1092900.0,66.9706802
2013-12-09 00:00:00,74.6100006,74.4800034,74.6600037,74.0599976,935700.0,67.0515747
2013-12-10 00:00:00,74.4000015,74.3499985,74.6600037,74.0100021,1030300.0,66.8628464
2013-12-11 00:00:00,72.7300034,74.4100037,74.4499969,72.6800003,1079400.0,65.3620453
2013-12-12 00:00:00,71.8399963,72.5299988,72.6200027,71.8099976,1422400.0,64.5621948
2013-12-13 00:00:00,71.5599976,72.0400009,72.1500015,71.2200012,2079500.0,64.3105621
2013-12-16 00:00:00,71.5599976,72.0199966,72.2099991,71.4000015,2012900.0,64.3105621
2013-12-17 00:00:00,71.6500015,71.8000031,71.8600006,71.2399979,2272600.0,64.3914566
2013-12-18 00:00:00,73.7600021,71.7300034,73.8099976,71.4700012,2722900.0,66.2877121
2013-12-19 00:00:00,73.8499985,73.6200027,73.9899979,73.0500031,1544200.0,66.368576
2013-12-20 00:00:00,74.7200012,74.0299988,74.8099976,73.8499985,1872900.0,67.1504669
2013-12-23 00:00:00,75.0100021,75.0,75.0800018,74.5800018,1041500.0,67.4110489
2013-12-24 00:00:00,75.0,74.8899994,75.3399963,74.75,648600.0,67.4020538
2013-12-26 00:00:00,75.3899994,75.0,75.5500031,74.9300003,519500.0,67.7525635
2013-12-27 00:00:00,75.0599976,75.3000031,75.3300018,74.7799988,686400.0,67.7299805
2013-12-30 00:00:00,75.0199966,75.1900024,75.2900009,74.9000015,759200.0,67.6939011
2013-12-31 00:00:00,75.1399994,75.25,75.25,74.9000015,1006400.0,67.8021927
2014-01-02 00:00:00,74.6299973,75.1200027,75.1200027,74.4000015,1204400.0,67.3420029
2014-01-03 00:00:00,74.8399963,74.0199966,75.1800003,74.0199966,719500.0,67.5314713
2014-01-06 00:00:00,75.3499985,75.4800034,75.5999985,74.9199982,2301700.0,67.9916916
2014-01-07 00:00:00,75.7799988,74.8700027,75.9199982,74.8700027,1576200.0,68.3796997
2014-01-08 00:00:00,77.0199966,76.2200012,77.2099991,76.1100006,2146300.0,69.4986038
2014-01-09 00:00:00,76.9899979,77.2300034,77.3499985,76.6500015,2129200.0,69.4715271
2014-01-10 00:00:00,78.1500015,77.1699982,78.5299988,76.8899994,1879800.0,70.5182419
2014-01-13 00:00:00,77.4300003,77.8300018,78.2900009,77.3600006,1482300.0,69.8685684
2014-01-14 00:00:00,78.1600037,77.75,78.4000015,77.4800034,1573600.0,70.5272903
2014-01-15 00:00:00,78.25,78.2600021,78.4899979,77.6699982,1166200.0,70.6084976
2014-01-16 00:00:00,78.6800003,78.2300034,78.8700027,78.0899963,951800.0,70.9964981
2014-01-17 00:00:00,78.1999969,78.8199997,78.8899994,78.0800018,1632900.0,70.5633545
2014-01-21 00:00:00,78.5899963,78.6200027,79.0,78.2600021,1285800.0,70.9152603
2014-01-22 00:00:00,78.5800018,78.5899963,79.2399979,78.4899979,2041800.0,70.9062271
2014-01-23 00:00:00,77.7799988,77.5400009,79.0,76.1399994,2333200.0,70.1843567
2014-01-24 00:00:00,76.1299973,77.6600037,78.1500015,76.1100006,1789100.0,68.6955185
2014-01-27 00:00:00,76.3199997,76.1299973,76.7799988,75.7900009,1235800.0,68.866951
2014-01-28 00:00:00,77.4400024,76.75,77.4599991,76.5299988,1243600.0,69.8776016
2014-01-29 00:00:00,76.9000015,77.2399979,77.3700027,76.4800034,2155500.0,69.3903198
2014-01-30 00:00:00,78.1399994,77.2799988,78.4499969,77.2099991,2097300.0,70.5092087
2014-01-31 00:00:00,77.5999985,76.9599991,77.8499985,76.9400024,1563600.0,70.0219574
2014-02-03 00:00:00,76.4700012,77.8399963,77.8399963,76.3099976,3528300.0,69.0023041
2014-02-04 00:00:00,76.75,76.8499985,77.2799988,76.2300034,3908000.0,69.2549515
2014-02-05 00:00:00,77.0,76.4499969,77.4199982,76.2099991,1793700.0,69.480545
2014-02-06 00:00:00,78.2099991,77.2799988,78.3300018,77.1699982,2302100.0,70.5723801
2014-02-07 00:00:00,79.4300003,78.4499969,79.5400009,78.2799988,1340000.0,71.6732407
2014-02-10 00:00:00,80.4199982,79.4300003,80.4400024,79.0800018,2736000.0,72.5665588
2014-02-11 00:00:00,81.1399994,80.3399963,81.2799988,80.1699982,1229400.0,73.2162552
2014-02-12 00:00:00,80.9499969,81.1800003,81.4199982,80.6900024,1340300.0,73.0447845
2014-02-13 00:00:00,82.75,80.5199966,82.9300003,80.4499969,2446500.0,74.6690369
2014-02-14 00:00:00,83.3499985,83.0800018,83.8600006,82.4700012,2557100.0,75.2104416
2014-02-18 00:00:00,82.6200027,83.8099976,83.8199997,82.5500031,1805700.0,74.551712
2014-02-19 00:00:00,81.6399994,82.1999969,82.5999985,81.5699997,1757000.0,73.6674271
2014-02-20 00:00:00,82.6500015,81.5899963,82.8499985,81.1800003,1428100.0,74.5787888
2014-02-21 00:00:00,82.0999985,82.5899963,83.1200027,82.0,1602100.0,74.0825195
2014-02-24 00:00:00,82.6100006,82.1500015,83.0599976,82.0999985,1745500.0,74.5427017
2014-02-25 00:00:00,81.5899963,82.3199997,82.6800003,81.4599991,1594600.0,73.6223145
2014-02-26 00:00:00,81.1299973,81.6999969,81.9700012,80.7399979,1853400.0,73.2072449
2014-02-27 00:00:00,81.1699982,81.1200027,81.3199997,80.6500015,1552800.0,73.2433395
2014-02-28 00:00:00,80.2399979,81.1699982,81.5199966,79.8399963,2490500.0,72.404129
2014-03-03 00:00:00,79.9000015,79.4499969,80.3099976,79.4300003,1503800.0,72.0973663
2014-03-04 00:00:00,81.8700027,81.0400009,82.0500031,80.8099976,1747700.0,73.8749924
2014-03-05 00:00:00,81.0800018,81.8000031,81.8899994,80.9700012,1339200.0,73.162117
2014-03-06 00:00:00,80.9499969,81.2799988,81.4199982,80.7099991,1024700.0,73.0447845
2014-03-07 00:00:00,81.6399994,81.3600006,81.7099991,80.6900024,1380300.0,73.6674271
2014-03-10 00:00:00,81.8000031,81.3600006,81.8799973,81.3600006,994700.0,73.8118057
2014-03-11 00:00:00,81.6299973,81.7300034,81.8799973,81.2699966,1030900.0,73.6584015
2014-03-12 00:00:00,81.6299973,81.25,81.6399994,81.2399979,920400.0,73.6584015
2014-03-13 00:00:00,81.2200012,82.1699982,82.2699966,81.0999985,1970500.0,73.2884293
2014-03-14 00:00:00,80.2699966,81.1399994,81.6399994,80.1299973,1490300.0,72.431221
2014-03-17 00:00:00,80.7900009,80.5500031,81.1600037,80.4800034,1204500.0,72.9004517
2014-03-18 00:00:00,81.5299988,80.8600006,81.5999985,80.2399979,1405900.0,73.5681763
2014-03-19 00:00:00,81.2200012,81.5599976,81.9700012,80.7300034,985900.0,73.2884293
2014-03-20 00:00:00,81.3000031,81.0699997,81.3300018,80.5199966,912300.0,73.3606339
2014-03-21 00:00:00,80.8600006,81.9100037,82.3000031,80.7300034,2765700.0,72.9635925
2014-03-24 00:00:00,79.3099976,81.2099991,81.25,79.1800003,2157200.0,71.5649643
2014-03-25 00:00:00,79.9400024,79.5699997,80.6299973,79.3799973,1154900.0,72.1334839
2014-03-26 00:00:00,79.5899963,80.3099976,80.6900024,79.5899963,1166100.0,71.8176117
2014-03-27 00:00:00,79.8700027,79.3300018,79.9800034,78.75,1161500.0,72.3475342
2014-03-28 00:00:00,80.5400009,80.2200012,81.1500015,80.1100006,828100.0,72.9544373
2014-03-31 00:00:00,81.4700012,80.7799988,81.6699982,80.4300003,1112300.0,73.7968292
2014-04-01 00:00:00,81.8799973,81.8799973,82.1800003,81.3499985,1082800.0,74.1681976
2014-04-02 00:00:00,82.2900009,81.7900009,82.5899963,81.7900009,2052700.0,74.5395889
2014-04-03 00:00:00,84.1299973,82.5599976,84.2300034,82.3399963,2873800.0,76.2063065
2014-04-04 00:00:00,82.5999985,84.3600006,84.8499985,82.4899979,1570700.0,74.8204193
2014-04-07 00:00:00,81.2300034,82.3499985,82.4899979,80.75,1501600.0,73.5794373
2014-04-08 00:00:00,81.2600021,81.2099991,81.6500015,80.4199982,1764700.0,73.6066132
2014-04-09 00:00:00,82.0999985,81.2799988,82.1600037,80.9199982,1426000.0,74.3675003
2014-04-10 00:00:00,79.6399994,82.1399994,82.2099991,79.4300003,1199800.0,72.1391983
2014-04-11 00:00:00,79.3600006,79.2600021,80.0299988,79.0599976,1894000.0,71.8855743
2014-04-14 00:00:00,79.8000031,80.2600021,80.3499985,79.1299973,1572200.0,72.2841339
2014-04-15 00:00:00,79.5699997,79.8799973,80.0699997,77.3899994,2291100.0,72.0757828
2014-04-16 00:00:00,79.0500031,80.2399979,80.25,78.2799988,2154800.0,71.6047592
2014-04-17 00:00:00,78.7799988,78.7600021,79.4499969,78.4899979,1337200.0,71.360199
2014-04-21 00:00:00,79.4800034,78.8700027,79.7300034,78.8000031,2066800.0,71.9942627
2014-04-22 00:00:00,78.7399979,79.6200027,79.7799988,78.6999969,1729900.0,71.323967
2014-04-23 00:00:00,78.3899994,78.7399979,79.1100006,78.0299988,1904500.0,71.0069275
2014-04-24 00:00:00,77.8799973,80.5,80.7799988,76.8899994,4159700.0,70.5449371
2014-04-25 00:00:00,76.7200012,77.5800018,78.4499969,76.6699982,2050600.0,69.4942017
2014-04-28 00:00:00,76.8300018,77.1299973,77.3000031,75.7799988,2373700.0,69.5938416
2014-04-29 00:00:00,77.9000015,77.1600037,78.2699966,76.9000015,1612400.0,70.5630722
2014-04-30 00:00:00,77.75,77.9000015,78.0199966,77.2900009,1116900.0,70.4271774
2014-05-01 00:00:00,77.4300003,77.7399979,77.9400024,77.1200027,1164300.0,70.137352
2014-05-02 00:00:00,77.8199997,77.4300003,78.0299988,77.2600021,1057400.0,70.4906158
2014-05-05 00:00:00,78.8300018,77.6900024,78.9300003,77.3199997,1700600.0,71.4054718
2014-05-06 00:00:00,79.0400009,78.5999985,79.4300003,78.4599991,1701800.0,71.5956955
2014-05-07 00:00:00,79.4199982,78.7699966,79.4800034,78.4100037,1261700.0,71.9399261
2014-05-08 00:00:00,80.0400009,79.4100037,80.4199982,79.3499985,1562800.0,72.5015182
2014-05-09 00:00:00,80.6200027,79.9300003,80.6299973,79.4100037,1263500.0,73.0268555
2014-05-12 00:00:00,81.0999985,80.7900009,81.3899994,80.5699997,1307700.0,73.4616699
2014-05-13 00:00:00,80.3499985,81.4100037,81.4400024,80.3300018,1379100.0,72.7823257
2014-05-14 00:00:00,80.1100006,80.1900024,80.2200012,79.2900009,1688100.0,72.5649338
2014-05-15 00:00:00,79.1200027,79.7699966,79.8000031,78.8499985,1254200.0,71.6681747
2014-05-16 00:00:00,80.0999985,79.0299988,80.1299973,78.8899994,1420400.0,72.5558701
2014-05-19 00:00:00,80.0999985,79.5699997,80.3600006,79.4599991,949600.0,72.5558701
2014-05-20 00:00:00,80.0500031,80.1800003,80.5500031,79.6999969,1498200.0,72.5105591
2014-05-21 00:00:00,80.3700027,80.0999985,80.4199982,79.9400024,701600.0,72.8004456
2014-05-22 00:00:00,80.5899963,80.3799973,80.6299973,79.9100037,853200.0,72.9997177
2014-05-23 00:00:00,80.2699966,80.4400024,80.5800018,80.1200027,632500.0,72.7098465
2014-05-27 00:00:00,80.3600006,80.4300003,80.4800034,79.9599991,732900.0,72.7913742
2014-05-28 00:00:00,82.6399994,83.5,83.8600006,81.6100006,5573000.0,74.8566437
2014-05-29 00:00:00,83.8899994,83.2200012,83.9000015,83.0,1452900.0,75.9889069
2014-05-30 00:00:00,84.4899979,85.3799973,85.6100006,83.1200027,3349500.0,76.532402
2014-06-02 00:00:00,84.8300018,84.7300034,85.0899963,84.1999969,1177600.0,76.8403778
2014-06-03 00:00:00,85.4599991,84.7200012,85.7600021,84.4000015,1687400.0,77.4110413
2014-06-04 00:00:00,85.5299988,85.3799973,86.0800018,85.0899963,2348000.0,77.4744186
2014-06-05 00:00:00,85.7799988,85.4599991,85.9499969,85.2399979,1083800.0,77.7008743
2014-06-06 00:00:00,85.5599976,85.7600021,86.1200027,85.2699966,1318400.0,77.5016174
2014-06-09 00:00:00,85.5,85.4000015,85.5699997,84.9800034,1051800.0,77.447258
2014-06-10 00:00:00,85.0999985,85.7399979,85.7399979,84.6800003,1003500.0,77.0849152
2014-06-11 00:00:00,84.7600021,85.2799988,85.2799988,84.4499969,979600.0,76.7769775
2014-06-12 00:00:00,83.7799988,84.8199997,84.8199997,83.5100021,1539100.0,75.889267
2014-06-13 00:00:00,83.4400024,84.0199966,84.0299988,83.2799988,977100.0,75.5812988
2014-06-16 00:00:00,84.6100006,84.1999969,86.5199966,83.9700012,2338600.0,76.6410904
2014-06-17 00:00:00,83.8000031,84.2099991,84.4300003,83.6600037,1152600.0,75.9073868
2014-06-18 00:00:00,84.4300003,83.5199966,84.4700012,83.5199966,935800.0,76.4780502
2014-06-19 00:00:00,85.6399994,84.5999985,85.6699982,84.5999985,1298300.0,77.5740738
2014-06-20 00:00:00,86.0800018,86.2399979,86.9300003,86.0100021,2118800.0,77.9726486
2014-06-23 00:00:00,85.2600021,85.8799973,86.25,85.1500015,890600.0,77.2298813
2014-06-24 00:00:00,84.7300034,85.0699997,85.5899963,84.6600037,694400.0,76.7498093
2014-06-25 00:00:00,85.5,85.5999985,85.6500015,85.0899963,1034700.0,77.447258
2014-06-26 00:00:00,84.6100006,85.2300034,85.2300034,84.5500031,1083900.0,76.9154663
2014-06-27 00:00:00,83.9700012,84.4700012,84.8499985,83.8099976,1642200.0,76.3336792
2014-06-30 00:00:00,84.3199997,84.0899963,84.4899979,83.9000015,1586800.0,76.6518478
2014-07-01 00:00:00,85.5,84.9899979,85.8899994,84.7200012,1178400.0,77.7245178
2014-07-02 00:00:00,85.4000015,85.2200012,85.5999985,84.8899994,653300.0,77.6336136
2014-07-03 00:00:00,85.6299973,85.5299988,85.7200012,85.1100006,443400.0,77.8427124
2014-07-07 00:00:00,85.5599976,85.6900024,85.9100037,85.0,789700.0,77.7790833
2014-07-08 00:00:00,83.9300003,85.4700012,85.4700012,83.8499985,1326400.0,76.2973251
2014-07-09 00:00:00,83.9800034,84.0899963,84.2900009,83.5199966,951800.0,76.3427582
2014-07-10 00:00:00,83.6800003,83.3899994,83.9100037,82.6800003,1088800.0,76.0700378
2014-07-11 00:00:00,84.0199966,83.5699997,84.0500031,83.4599991,562700.0,76.3791199
2014-07-14 00:00:00,83.4499969,84.4000015,84.4899979,83.2300034,1232800.0,75.8609619
2014-07-15 00:00:00,82.7399979,81.8600006,84.0,81.8600006,1787400.0,75.2155457
2014-07-16 00:00:00,82.2900009,83.2399979,83.2399979,82.1399994,1295400.0,74.8064423
2014-07-17 00:00:00,81.7099991,81.8099976,82.7900009,81.1699982,1877100.0,74.2791977
2014-07-18 00:00:00,82.1600037,82.1399994,82.8399963,81.0,1411700.0,74.6882858
2014-07-21 00:00:00,81.5899963,81.8899994,82.2200012,81.2099991,1461000.0,74.1700974
2014-07-22 00:00:00,81.8899994,81.9400024,82.3799973,81.6299973,1112000.0,74.4428482
2014-07-23 00:00:00,81.8099976,82.2600021,82.4100037,81.6200027,1429400.0,74.3701324
2014-07-24 00:00:00,80.7900009,81.8799973,81.8799973,80.5500031,4129400.0,73.4429016
2014-07-25 00:00:00,80.4400024,80.8399963,81.0999985,80.1100006,1730400.0,73.1246872
2014-07-28 00:00:00,80.0899963,80.5299988,80.5299988,79.8000031,2007100.0,72.8065186
2014-07-29 00:00:00,80.2200012,80.1399994,80.6299973,79.9400024,1542400.0,72.9246979
2014-07-30 00:00:00,80.4100037,80.4100037,80.7900009,80.0899963,1233600.0,73.0974503
2014-07-31 00:00:00,79.7699966,80.1399994,80.5400009,79.6999969,2000500.0,72.5156097
2014-08-01 00:00:00,80.0,79.6999969,80.2600021,79.0299988,1924800.0,72.7247238
2014-08-04 00:00:00,80.5800018,80.0,80.7600021,79.7399979,1183500.0,73.2519913
2014-08-05 00:00:00,79.9899979,80.2699966,80.75,79.75,1350100.0,72.7156219
2014-08-06 00:00:00,79.8199997,79.3899994,80.1999969,79.3899994,1406600.0,72.5610809
2014-08-07 00:00:00,79.25,79.9000015,80.1299973,78.9700012,1840800.0,72.0429306
2014-08-08 00:00:00,79.8099976,79.5,79.9499969,78.9100037,1133600.0,72.5519867
2014-08-11 00:00:00,79.5500031,80.1299973,80.1299973,79.4800034,739600.0,72.3156433
2014-08-12 00:00:00,79.5899963,79.9800034,80.0199966,79.4300003,1442800.0,72.3519745
2014-08-13 00:00:00,80.75,79.9899979,80.8000031,79.8899994,1629500.0,73.4065094
2014-08-14 00:00:00,80.9199982,80.8899994,81.3799973,80.5500031,1093000.0,73.561058
2014-08-15 00:00:00,80.4700012,81.2200012,81.2200012,79.7799988,907200.0,73.1519623
2014-08-18 00:00:00,81.3199997,81.0599976,81.3700027,80.7300034,743300.0,73.9246521
2014-08-19 00:00:00,81.9800034,81.25,82.0199966,81.0800018,944100.0,74.5246658
2014-08-20 00:00:00,81.8899994,81.6399994,82.0100021,81.3000031,829700.0,74.4428482
2014-08-21 00:00:00,82.9000015,81.7799988,82.9499969,81.6999969,1307400.0,75.3609848
2014-08-22 00:00:00,82.1399994,82.7799988,82.7900009,82.0299988,977000.0,74.670105
2014-08-25 00:00:00,82.9300003,82.4400024,82.9899979,82.3000031,1065000.0,75.3882446
2014-08-26 00:00:00,82.8499985,82.5199966,83.0899963,82.0999985,1771400.0,75.3155289
2014-08-27 00:00:00,82.3300018,82.7399979,82.8300018,82.1399994,592600.0,74.8428268
2014-08-28 00:00:00,82.6699982,82.1299973,82.6999969,81.8899994,764300.0,75.1518936
2014-08-29 00:00:00,83.3099976,82.8300018,83.4800034,82.5699997,1136300.0,75.7336884
2014-09-02 00:00:00,83.1200027,83.6100006,83.6100006,82.7600021,1073100.0,75.5609741
2014-09-03 00:00:00,83.5100021,83.5,83.7399979,83.2200012,1006200.0,75.9154968
2014-09-04 00:00:00,83.3300018,83.6999969,84.3099976,83.1100006,887000.0,75.7518845
2014-09-05 00:00:00,84.1299973,83.2799988,84.1699982,82.8399963,728300.0,76.479126
2014-09-08 00:00:00,84.2699966,84.0699997,84.3499985,83.9100037,967800.0,76.6063995
2014-09-09 00:00:00,83.75,84.2799988,84.4199982,83.6699982,753700.0,76.1337128
2014-09-10 00:00:00,83.9100037,84.0400009,84.1600037,83.6900024,961900.0,76.2791367
2014-09-11 00:00:00,84.2399979,83.5899963,84.2900009,83.4300003,819500.0,76.5791092
2014-09-12 00:00:00,83.4599991,84.1900024,84.3499985,83.2200012,888000.0,75.8700485
2014-09-15 00:00:00,83.4000015,83.3799973,83.7399979,83.0400009,566700.0,75.8155212
2014-09-16 00:00:00,84.0599976,83.5800018,84.2900009,82.7099991,922200.0,76.4154892
2014-09-17 00:00:00,83.9400024,84.0800018,84.5199966,83.6699982,1052500.0,76.3063965
2014-09-18 00:00:00,84.0699997,84.4499969,84.5899963,83.6699982,2065800.0,76.4245834
2014-09-19 00:00:00,82.8399963,84.4400024,84.6200027,82.7600021,2694800.0,75.3064575
2014-09-22 00:00:00,82.1399994,82.5800018,82.8399963,82.0599976,1042600.0,74.670105
2014-09-23 00:00:00,81.5100021,81.4800034,81.7799988,81.25,1525000.0,74.0973892
2014-09-24 00:00:00,82.1299973,81.6800003,82.3000031,81.3199997,866000.0,74.6610031
2014-09-25 00:00:00,81.2300034,82.1500015,82.1600037,80.9300003,2105400.0,73.8428574
2014-09-26 00:00:00,81.5,81.1299973,81.8399963,80.9599991,1278500.0,74.3675461
2014-09-29 00:00:00,81.5199966,80.8199997,81.5699997,80.7300034,1020600.0,74.385788
2014-09-30 00:00:00,80.75,81.4599991,81.6200027,80.7399979,954600.0,73.6831818
2014-10-01 00:00:00,81.3300018,81.0299988,81.6100006,80.1800003,2467400.0,74.2124252
2014-10-02 00:00:00,81.7399979,81.0999985,82.0800018,80.9199982,1356500.0,74.5865173
2014-10-03 00:00:00,82.5100021,82.3799973,82.7600021,82.1299973,1434300.0,75.2891464
2014-10-06 00:00:00,83.6999969,83.1399994,84.0899963,83.0800018,1377600.0,76.375
2014-10-07 00:00:00,82.4400024,83.1699982,83.2699966,82.3899994,1511100.0,75.2252808
2014-10-08 00:00:00,84.3499985,82.5899963,84.3499985,82.4199982,1859200.0,76.9681091
2014-10-09 00:00:00,82.9199982,84.0699997,84.7399979,82.8700027,1339600.0,75.663269
2014-10-10 00:00:00,81.9000015,82.5999985,83.6200027,81.9000015,1338200.0,74.7325516
2014-10-13 00:00:00,81.2200012,81.5899963,82.3199997,81.1900024,2010600.0,74.1120377
2014-10-14 00:00:00,80.6399994,81.6500015,82.3499985,80.4800034,2704600.0,73.5827866
2014-10-15 00:00:00,79.4800034,79.5699997,79.9700012,77.8700027,2981800.0,72.5243225
2014-10-16 00:00:00,79.1999969,78.5899963,79.9899979,78.3499985,2545900.0,72.2688065
2014-10-17 00:00:00,80.2799988,79.3899994,80.8600006,79.3600006,3047600.0,73.2543182
2014-10-20 00:00:00,81.0,79.8199997,81.0400009,79.6299973,1528400.0,73.911293
2014-10-21 00:00:00,82.1399994,81.5400009,82.5699997,81.5400009,1603700.0,74.9515228
2014-10-22 00:00:00,82.5599976,82.25,83.0400009,82.0999985,1552900.0,75.3347702
2014-10-23 00:00:00,83.5299988,83.4800034,83.9300003,83.0999985,1202600.0,76.219902
2014-10-24 00:00:00,84.2200012,83.2900009,84.4300003,83.2900009,669500.0,76.8495026
2014-10-27 00:00:00,84.3799973,84.1699982,84.6900024,84.0899963,784000.0,76.9954987
2014-10-28 00:00:00,86.1900024,85.0100021,86.25,84.9100037,1408300.0,78.6471024
2014-10-29 00:00:00,86.6800003,86.2300034,86.75,86.0199966,1363700.0,79.0942078
2014-10-30 00:00:00,87.0400009,86.1800003,87.2399979,86.1600037,1375200.0,79.422699
2014-10-31 00:00:00,87.5299988,87.8799973,88.2099991,87.4300003,1287900.0,79.8698196
2014-11-03 00:00:00,86.8499985,87.3600006,87.8000031,86.7399979,1241300.0,79.2493286
2014-11-04 00:00:00,87.6500015,86.8799973,87.7200012,86.7799988,1075900.0,79.979332
2014-11-05 00:00:00,88.0199966,88.0199966,88.2300034,87.6699982,2155900.0,80.3169479
2014-11-06 00:00:00,88.5500031,88.2699966,88.75,88.0500031,1022100.0,80.8005524
2014-11-07 00:00:00,87.4700012,88.3300018,88.5,87.1399994,2027200.0,79.8150635
2014-11-10 00:00:00,88.4400024,87.3799973,88.5,87.0,819700.0,80.7002029
2014-11-11 00:00:00,88.6800003,88.3899994,89.0,88.2399979,543300.0,80.9191818
2014-11-12 00:00:00,88.5800018,88.3700027,88.8199997,88.2399979,616700.0,80.8279343
2014-11-13 00:00:00,88.8399963,88.7900009,89.2399979,88.3700027,887700.0,81.0651932
2014-11-14 00:00:00,88.0,88.6399994,88.6399994,87.6800003,701100.0,80.2986908
2014-11-17 00:00:00,88.5299988,87.8399963,88.6500015,87.6699982,605700.0,80.7823105
2014-11-18 00:00:00,90.1600037,88.5800018,90.3000031,88.4000015,1289600.0,82.2696533
2014-11-19 00:00:00,89.6399994,89.8799973,90.25,89.5800018,917000.0,81.7951431
2014-11-20 00:00:00,89.6500015,89.4700012,89.8399963,88.9400024,654600.0,81.8042679
2014-11-21 00:00:00,90.1100006,90.7200012,90.7799988,89.9000015,1557600.0,82.2240219
2014-11-24 00:00:00,91.4000015,90.6399994,91.5500031,90.0999985,1794400.0,83.4011383
2014-11-25 00:00:00,91.9000015,91.4499969,92.0899963,91.3399963,1532700.0,83.8573837
2014-11-26 00:00:00,92.3700027,91.9000015,92.4100037,91.7300034,834500.0,84.2862473
2014-11-28 00:00:00,92.9100037,92.6399994,93.8600006,92.6299973,680900.0,84.7789993
2014-12-01 00:00:00,92.9599991,92.7900009,93.5699997,92.3700027,818100.0,84.8246078
2014-12-02 00:00:00,94.6600037,93.2099991,94.9300003,93.1999969,1558400.0,86.3758545
2014-12-03 00:00:00,94.5100021,94.6200027,94.6399994,93.9499969,1108200.0,86.2389679
2014-12-04 00:00:00,94.3799973,94.1200027,95.0100021,93.9199982,617500.0,86.1203537
2014-12-05 00:00:00,94.6200027,94.2799988,95.0,94.0699997,642900.0,86.3393402
2014-12-08 00:00:00,94.5999985,94.5199966,95.3700027,94.4000015,945700.0,86.3210983
2014-12-09 00:00:00,94.4100037,93.7300034,94.4700012,93.1699982,918500.0,86.1477356
2014-12-10 00:00:00,92.6399994,94.2900009,94.5699997,92.3700027,1654600.0,84.5326309
2014-12-11 00:00:00,93.4100037,93.1699982,93.9599991,92.9499969,1469500.0,85.2352524
2014-12-12 00:00:00,92.0,92.6299973,93.3600006,91.9100037,1233600.0,83.9486237
2014-12-15 00:00:00,91.4000015,92.5500031,92.8600006,90.9599991,1421800.0,83.4011383
2014-12-16 00:00:00,90.7799988,91.1100006,92.6200027,90.7600021,1352500.0,82.8353958
2014-12-17 00:00:00,92.8300018,90.9599991,93.0199966,90.5699997,1563300.0,84.7059784
2014-12-18 00:00:00,95.8300018,93.9700012,95.8499985,93.6100006,1727200.0,87.4434509
2014-12-19 00:00:00,94.7900009,96.1299973,96.6100006,94.5100021,2610400.0,86.4944534
2014-12-22 00:00:00,94.9899979,94.8099976,95.4700012,94.6399994,1111100.0,86.6769485
2014-12-23 00:00:00,96.6100006,95.4599991,98.2399979,94.0699997,3601700.0,88.1551895
2014-12-24 00:00:00,96.0,96.5800018,96.9199982,95.9899979,629100.0,87.5985947
2014-12-26 00:00:00,95.6399994,96.1399994,96.3700027,95.5199966,583000.0,87.2700653
2014-12-29 00:00:00,95.4499969,95.3499985,95.5699997,94.7900009,747800.0,87.4120178
2014-12-30 00:00:00,95.5599976,95.4300003,96.0800018,95.1100006,679600.0,87.5127792
2014-12-31 00:00:00,94.3300018,95.9800034,96.3300018,94.25,888100.0,86.3863373
2015-01-02 00:00:00,93.9899979,94.6999969,95.4499969,93.1299973,1523700.0,86.0749512
2015-01-05 00:00:00,92.5400009,90.8199997,93.7099991,90.8199997,1825500.0,84.7470856
2015-01-06 00:00:00,92.4100037,92.7200012,93.4499969,91.5699997,1855000.0,84.6280518
2015-01-07 00:00:00,94.1600037,93.0699997,94.4800034,92.9499969,1145300.0,86.2306595
2015-01-08 00:00:00,95.7600021,95.0299988,96.0,95.0299988,1368800.0,87.6959152
2015-01-09 00:00:00,94.5999985,95.4499969,95.7900009,94.4400024,760700.0,86.6335983
2015-01-12 00:00:00,94.0199966,94.9000015,94.9000015,93.8600006,772000.0,86.1024399
2015-01-13 00:00:00,94.2200012,94.6600037,95.4899979,93.3300018,1124500.0,86.2856064
2015-01-14 00:00:00,93.25,93.2799988,93.3799973,91.6800003,1986100.0,85.3972931
2015-01-15 00:00:00,91.5,93.5599976,93.5599976,91.4400024,1490600.0,83.7946701
2015-01-16 00:00:00,92.4499969,91.0800018,92.5500031,90.7900009,1435500.0,84.6646576
2015-01-20 00:00:00,91.6699982,93.0500031,93.2200012,90.6999969,1894300.0,83.9503479
2015-01-21 00:00:00,92.1100006,91.3499985,92.4300003,91.1299973,1156600.0,84.3532791
2015-01-22 00:00:00,93.3700027,92.4499969,93.3700027,91.75,1277400.0,85.5071869
2015-01-23 00:00:00,92.6999969,93.2399979,93.7099991,92.5999985,960700.0,84.8936005
2015-01-26 00:00:00,92.5500031,92.4199982,92.6800003,91.7799988,1082400.0,84.7562485
2015-01-27 00:00:00,92.3300018,91.7300034,92.9800034,91.3399963,1510800.0,84.5547485
2015-01-28 00:00:00,92.75,93.1200027,95.0500031,92.5,1944100.0,84.9393921
2015-01-29 00:00:00,93.6800003,92.5899963,93.7200012,91.4499969,1300800.0,85.7910919
2015-01-30 00:00:00,91.0500031,92.6100006,93.1500015,90.9400024,1303000.0,83.3825607
2015-02-02 00:00:00,91.7600021,91.3499985,91.7699966,89.8300018,1248600.0,84.0327835
2015-02-03 00:00:00,92.7399979,92.1500015,92.7900009,91.4000015,1045800.0,84.9302368
2015-02-04 00:00:00,92.4700012,93.0599976,93.5100021,92.25,1557700.0,84.6829834
2015-02-05 00:00:00,93.6699982,93.0899963,93.9300003,92.9100037,1259900.0,85.7819138
2015-02-06 00:00:00,92.7099991,93.5999985,93.9899979,92.4199982,1182300.0,84.9027634
2015-02-09 00:00:00,91.9000015,92.0699997,92.9100037,91.4599991,793800.0,84.1609802
2015-02-10 00:00:00,93.0599976,92.5,93.1800003,92.1399994,662100.0,85.2232895
2015-02-11 00:00:00,92.9599991,92.9199982,93.5199966,92.3499985,838600.0,85.1317062
2015-02-12 00:00:00,93.3700027,93.4499969,93.6999969,92.8899994,967100.0,85.5071869
2015-02-13 00:00:00,94.5100021,93.25,94.5500031,93.0800018,1174900.0,86.5511551
2015-02-17 00:00:00,95.0699997,94.8499985,95.1999969,93.9199982,1340500.0,87.0640488
2015-02-18 00:00:00,95.25,95.1100006,95.3099976,94.4499969,1008200.0,87.2288589
2015-02-19 00:00:00,94.5599976,95.0999985,95.3899994,94.3099976,839100.0,86.596962
2015-02-20 00:00:00,95.25,93.9599991,95.3300018,93.75,1115700.0,87.2288589
2015-02-23 00:00:00,95.5999985,95.25,95.8000031,95.0500031,875900.0,87.549408
2015-02-24 00:00:00,94.8799973,95.3899994,95.6999969,94.6600037,1093800.0,86.8900223
2015-02-25 00:00:00,94.5699997,94.6800003,94.9100037,94.2799988,990400.0,86.6061249
2015-02-26 00:00:00,94.4000015,94.6100006,94.8600006,94.0199966,998100.0,86.4504395
2015-02-27 00:00:00,94.75,94.4499969,95.25,94.3499985,1340000.0,86.7709808
2015-03-02 00:00:00,96.0100021,94.75,96.1800003,94.75,1081400.0,87.9248581
2015-03-03 00:00:00,92.4400024,95.7099991,95.8300018,92.2399979,2993000.0,84.6554947
2015-03-04 00:00:00,92.3700027,92.3499985,93.0299988,91.5500031,1587800.0,84.5914001
2015-03-05 00:00:00,92.9899979,92.3499985,93.1299973,92.3399963,1543500.0,85.1591644
2015-03-06 00:00:00,90.0699997,92.5,92.5,89.8099976,2129900.0,82.4850922
2015-03-09 00:00:00,91.0199966,90.3700027,91.1500015,90.3600006,1021800.0,83.3550873
2015-03-10 00:00:00,90.3000031,90.1200027,90.8600006,89.8399963,1538900.0,82.6957169
2015-03-11 00:00:00,90.4599991,90.3600006,90.9599991,90.1200027,1106900.0,82.8422318
2015-03-12 00:00:00,91.9499969,90.5500031,92.0400009,90.4599991,892100.0,84.206749
2015-03-13 00:00:00,91.2900009,91.8300018,92.4000015,90.7099991,1254400.0,83.602356
2015-03-16 00:00:00,92.7799988,91.8399963,93.0400009,91.8399963,1177100.0,84.9668808
2015-03-17 00:00:00,91.8899994,92.0899963,92.4400024,91.6900024,1036200.0,84.1518021
2015-03-18 00:00:00,93.1100006,91.5699997,93.8300018,91.3000031,1382200.0,85.2690735
2015-03-19 00:00:00,93.5699997,93.0199966,93.7600021,92.8399963,945500.0,85.6903229
2015-03-20 00:00:00,93.6500015,94.0400009,94.4000015,93.4400024,2101900.0,85.7636032
2015-03-23 00:00:00,93.7099991,93.4899979,94.1800003,93.1500015,918800.0,85.8185501
2015-03-24 00:00:00,93.4199982,93.5699997,94.3300018,93.3600006,961100.0,85.5529556
2015-03-25 00:00:00,92.2900009,93.5199966,94.2399979,92.2099991,1190200.0,84.5181274
2015-03-26 00:00:00,91.5299988,91.9000015,92.2300034,91.2900009,1049700.0,83.8221207
2015-03-27 00:00:00,92.5599976,91.2600021,92.7300034,91.2600021,1229700.0,85.0860977
2015-03-30 00:00:00,93.5500031,93.1200027,93.8600006,92.8099976,1016600.0,85.99617
2015-03-31 00:00:00,92.25,92.8700027,93.5800018,92.25,1199500.0,84.8011398
2015-04-01 00:00:00,91.1800003,92.4599991,92.5800018,90.6299973,2005600.0,83.8175278
2015-04-02 00:00:00,91.1200027,90.2200012,91.8700027,90.1900024,1042300.0,83.7623825
2015-04-06 00:00:00,91.7600021,90.4499969,92.1800003,90.3600006,1152600.0,84.350708
2015-04-07 00:00:00,91.4800034,91.9400024,92.3899994,91.4599991,1038900.0,84.0933228
2015-04-08 00:00:00,92.0199966,91.6800003,92.3399963,91.4100037,1093100.0,84.5897064
2015-04-09 00:00:00,93.0699997,91.7900009,93.1100006,91.6100006,1379900.0,85.5549011
2015-04-10 00:00:00,93.7399979,92.9199982,94.0599976,92.9199982,1101700.0,86.1708298
2015-04-13 00:00:00,93.0999985,93.3600006,93.9700012,92.9499969,1334900.0,85.5825043
2015-04-14 00:00:00,92.5400009,92.9000015,93.2799988,91.9000015,1478100.0,85.0677185
2015-04-15 00:00:00,92.2900009,92.5800018,92.9700012,92.0999985,752100.0,84.8379135
2015-04-16 00:00:00,92.1800003,92.1500015,92.3899994,91.7799988,877000.0,84.7367783
2015-04-17 00:00:00,92.5,91.5400009,92.7900009,91.1699982,2041600.0,85.0309525
2015-04-20 00:00:00,93.3499985,93.0,93.5400009,92.7300034,1345300.0,85.8123245
2015-04-21 00:00:00,94.7099991,94.0,94.8099976,93.7300034,1959400.0,87.0625
2015-04-22 00:00:00,96.4499969,95.0,97.3000031,95.0,2463600.0,88.6619949
2015-04-23 00:00:00,97.1800003,96.4499969,97.4199982,96.1999969,1620100.0,89.333046
2015-04-24 00:00:00,96.9000015,96.7699966,97.1600037,96.4700012,1284500.0,89.0756683
2015-04-27 00:00:00,94.6299973,97.4400024,97.4400024,94.5,1840500.0,86.9889603
2015-04-28 00:00:00,95.0999985,94.6200027,95.4100037,93.5500031,1619100.0,87.4210205
2015-04-29 00:00:00,94.3199997,94.9499969,94.9499969,93.1800003,1260000.0,86.7039871
2015-04-30 00:00:00,92.2399979,93.5999985,93.9899979,91.7799988,1923500.0,84.791954
2015-05-01 00:00:00,93.4000015,92.8099976,93.4499969,92.4800034,1275700.0,85.8582764
2015-05-04 00:00:00,93.6299973,93.6500015,94.1500015,93.4599991,1044600.0,86.0697098
2015-05-05 00:00:00,92.9000015,93.2099991,93.5500031,92.4700012,1028700.0,85.3986511
2015-05-06 00:00:00,92.5599976,93.3700027,93.4700012,92.1299973,984900.0,85.0860977
2015-05-07 00:00:00,92.6100006,92.3700027,93.2799988,92.3700027,801500.0,85.1320648
2015-05-08 00:00:00,94.5599976,93.7699966,94.8000031,93.4899979,1258400.0,86.924614
2015-05-11 00:00:00,94.3600006,94.5899963,94.8799973,94.1999969,741500.0,86.7407608
2015-05-12 00:00:00,93.0800018,93.9800034,94.1399994,93.0400009,1098300.0,85.5641098
2015-05-13 00:00:00,92.9100037,93.1500015,93.8099976,92.7099991,821400.0,85.4078522
2015-05-14 00:00:00,95.2600021,93.6600037,95.3399963,93.3399963,1319700.0,87.5680847
2015-05-15 00:00:00,95.5100021,95.2300034,95.6800003,95.0,1260900.0,87.7979202
2015-05-18 00:00:00,96.5899963,95.6900024,96.8899994,95.5299988,995700.0,88.7907028
2015-05-19 00:00:00,96.6800003,96.4800034,96.9599991,96.1600037,1025800.0,88.8734283
2015-05-20 00:00:00,96.7799988,96.6699982,97.5699997,96.6699982,983800.0,88.9653473
2015-05-21 00:00:00,96.4000015,96.6500015,96.8399963,96.1299973,744300.0,88.6160583
2015-05-22 00:00:00,96.4400024,96.1900024,96.7099991,95.7900009,1267900.0,88.6528244
2015-05-26 00:00:00,95.5299988,96.3700027,96.3700027,95.3000031,1164400.0,87.8162842
2015-05-27 00:00:00,96.5899963,96.0,96.7900009,95.5500031,889500.0,88.7907028
2015-05-28 00:00:00,96.2399979,96.4599991,96.9400024,95.8300018,862600.0,88.4689789
2015-05-29 00:00:00,96.1299973,96.1500015,97.1200027,95.7300034,1330000.0,88.3678436
2015-06-01 00:00:00,96.1200027,96.6699982,96.8399963,95.4400024,831400.0,88.3586502
2015-06-02 00:00:00,96.1100006,95.75,96.6399994,95.1399994,776900.0,88.349472
2015-06-03 00:00:00,96.0400009,96.4499969,96.4499969,95.6100006,605000.0,88.2851181
2015-06-04 00:00:00,95.0400009,95.7699966,95.9700012,94.7300034,968000.0,87.3658676
2015-06-05 00:00:00,95.1999969,95.0400009,95.3799973,94.4899979,783000.0,87.51297
2015-06-08 00:00:00,94.6200027,94.9599991,95.4599991,94.5999985,610600.0,86.9797821
2015-06-09 00:00:00,94.1600037,94.4700012,94.7399979,93.9499969,757100.0,86.5569153
2015-06-10 00:00:00,96.0100021,94.5,96.1100006,94.1600037,1194400.0,88.2575531
2015-06-11 00:00:00,96.5400009,96.1200027,96.8499985,95.8700027,798500.0,88.7447205
2015-06-12 00:00:00,95.6699982,96.1100006,96.4899979,95.5299988,629200.0,87.9449921
2015-06-15 00:00:00,94.6699982,95.0500031,95.1699982,93.9000015,1187600.0,87.0257339
2015-06-16 00:00:00,95.1600037,94.5699997,95.3099976,94.3700027,719900.0,87.4761734
2015-06-17 00:00:00,95.0999985,95.3399963,95.5,94.5699997,686100.0,87.4210205
2015-06-18 00:00:00,97.1500015,95.4100037,97.3300018,95.3700027,1081600.0,89.3055038
2015-06-19 00:00:00,96.8799973,97.0599976,97.3000031,96.7099991,1135400.0,89.0572662
2015-06-22 00:00:00,97.4000015,97.5,97.9000015,97.2300034,604700.0,89.5352859
2015-06-23 00:00:00,96.6200027,97.3000031,97.6699982,96.4800034,957900.0,88.8182602
2015-06-24 00:00:00,96.7200012,96.4100037,97.2699966,96.1299973,1393500.0,88.9102249
2015-06-25 00:00:00,96.4499969,96.8899994,97.1800003,96.2900009,860000.0,88.6619949
2015-06-26 00:00:00,97.3399963,96.4800034,97.9400024,96.3099976,1492800.0,89.8013458
2015-06-29 00:00:00,95.3600006,96.6600037,97.3300018,95.2799988,1153400.0,87.9747086
2015-06-30 00:00:00,95.5699997,96.3000031,96.4800034,95.3499985,980800.0,88.1684418
2015-07-01 00:00:00,96.0699997,96.2300034,96.4300003,95.4400024,782800.0,88.629715
2015-07-02 00:00:00,95.7600021,96.25,96.2900009,95.25,641300.0,88.3437119
2015-07-06 00:00:00,95.9899979,94.9199982,96.0500031,94.7699966,852200.0,88.5559082
2015-07-07 00:00:00,96.9000015,96.3799973,96.9899979,95.0500031,1012100.0,89.3954315
2015-07-08 00:00:00,95.4199982,96.4499969,96.5199966,95.4000015,907000.0,88.0300369
2015-07-09 00:00:00,95.6600037,96.75,96.8700027,95.6399994,949300.0,88.2514725
2015-07-10 00:00:00,96.3700027,96.6999969,96.9100037,95.8099976,1193600.0,88.9064713
2015-07-13 00:00:00,97.6299973,97.0,97.6900024,96.9100037,745500.0,90.0688934
2015-07-14 00:00:00,98.2600021,97.7699966,98.5,97.4499969,783900.0,90.6501236
2015-07-15 00:00:00,97.5100021,98.2799988,98.3000031,97.4400024,1064700.0,89.9581909
2015-07-16 00:00:00,98.1699982,98.2900009,98.3300018,97.4000015,1110000.0,90.56707
2015-07-17 00:00:00,98.2099991,97.8700027,98.2399979,97.4599991,867300.0,90.6039734
2015-07-20 00:00:00,98.3799973,98.2699966,98.6600037,98.0500031,625400.0,90.7608032
2015-07-21 00:00:00,99.0599976,98.4599991,99.2399979,98.2200012,1220900.0,91.3881454
2015-07-22 00:00:00,98.5400009,98.8899994,99.2099991,98.0699997,1348400.0,90.9084396
2015-07-23 00:00:00,98.25,98.9599991,98.9599991,98.0100021,1612100.0,90.6408691
2015-07-24 00:00:00,100.9700012,100.0500031,103.9899979,99.8300018,3012400.0,93.1502151
2015-07-27 00:00:00,100.0199966,100.8399963,101.1900024,99.6900024,2172900.0,92.273819
2015-07-28 00:00:00,101.6100006,100.5699997,101.75,99.9800034,1113900.0,93.740654
2015-07-29 00:00:00,101.9800034,102.0599976,102.3000031,101.3700027,1222800.0,94.0820007
2015-07-30 00:00:00,101.8399963,101.8199997,102.0199966,101.3099976,673000.0,93.9528351
2015-07-31 00:00:00,102.2699966,101.9199982,102.8000031,101.5899963,1242800.0,94.3495407
2015-08-03 00:00:00,101.5100021,102.3099976,102.6999969,100.9300003,970900.0,93.6483841
2015-08-04 00:00:00,101.4800034,101.8099976,102.4199982,101.2699966,913600.0,93.6207275
2015-08-05 00:00:00,103.1200027,102.2399979,103.3600006,102.0,1440700.0,95.1337128
2015-08-06 00:00:00,101.3199997,102.9700012,103.4800034,101.0299988,1159400.0,93.473114
2015-08-07 00:00:00,100.9400024,101.3199997,101.4000015,99.8799973,1092500.0,93.1225586
2015-08-10 00:00:00,102.1900024,101.7200012,102.5,101.5299988,722500.0,94.2757416
2015-08-11 00:00:00,101.8199997,101.3000031,101.9499969,100.8000031,1115800.0,93.9343948
2015-08-12 00:00:00,103.1299973,101.8799973,103.3099976,100.9499969,1934400.0,95.1429443
2015-08-13 00:00:00,102.9700012,102.9000015,103.8399963,102.2099991,1533900.0,94.9953613
2015-08-14 00:00:00,103.6399994,102.8199997,103.7399979,102.6600037,831300.0,95.6134491
2015-08-17 00:00:00,104.1399994,103.2699966,104.2399979,102.5999985,786700.0,96.074707
2015-08-18 00:00:00,104.3099976,103.9300003,104.4499969,103.7300034,684900.0,96.2315598
2015-08-19 00:00:00,104.5299988,103.8799973,105.3399963,102.9499969,1163600.0,96.4345322
2015-08-20 00:00:00,102.5199966,103.5500031,103.9199982,102.5,1027000.0,94.5801849
2015-08-21 00:00:00,99.3700027,101.6100006,101.7900009,99.3399963,1783600.0,91.6741409
2015-08-24 00:00:00,95.6100006,95.1399994,96.4300003,91.8099976,2560800.0,88.2053452
2015-08-25 00:00:00,95.4899979,98.3499985,98.4300003,95.3899994,2489400.0,88.094635
2015-08-26 00:00:00,98.8099976,97.7900009,98.8399963,95.6600037,2182700.0,91.1575089
2015-08-27 00:00:00,101.0800018,100.0999985,101.3000031,99.4599991,2286700.0,93.251709
2015-08-28 00:00:00,99.6900024,100.3300018,100.8000031,99.0899963,2478300.0,91.9693527
2015-08-31 00:00:00,98.6500015,99.4800034,100.3499985,98.4000015,1812000.0,91.0099106
2015-09-01 00:00:00,95.4599991,96.4899979,97.1299973,94.8399963,2028700.0,88.0669632
2015-09-02 00:00:00,96.9000015,96.6600037,97.0299988,95.6100006,1430700.0,89.3954315
2015-09-03 00:00:00,96.6800003,97.5,97.8700027,96.3899994,1661000.0,89.1924591
2015-09-04 00:00:00,95.3399963,95.7099991,96.2600021,94.5199966,1444000.0,87.9562531
2015-09-08 00:00:00,98.5699997,96.8399963,98.6299973,96.8399963,1893100.0,90.9360886
2015-09-09 00:00:00,97.2900009,99.4400024,99.5199966,97.0800018,1611900.0,89.7552338
2015-09-10 00:00:00,98.3000031,97.2699966,98.8899994,96.9499969,1735700.0,90.6870041
2015-09-11 00:00:00,99.6500015,97.8300018,99.7600021,97.5800018,2048900.0,91.932457
2015-09-14 00:00:00,98.7600021,99.6500015,99.9499969,98.3600006,1159000.0,91.1113892
2015-09-15 00:00:00,99.8499985,98.9800034,100.1200027,98.7600021,945800.0,92.116951
2015-09-16 00:00:00,100.5999985,99.6699982,100.8499985,99.5599976,1218200.0,92.8088837
2015-09-17 00:00:00,100.5599976,100.5899963,102.2200012,100.1800003,1683900.0,92.771965
2015-09-18 00:00:00,99.2200012,99.5299988,100.1600037,99.0500031,4146000.0,91.5357513
2015-09-21 00:00:00,99.6100006,100.0199966,100.6999969,98.8099976,1229300.0,91.8955612
2015-09-22 00:00:00,98.5599976,98.4100037,98.9000015,97.7200012,1295000.0,90.926857
2015-09-23 00:00:00,98.5899963,98.25,98.8799973,97.8600006,1332100.0,90.9545288
2015-09-24 00:00:00,98.2200012,97.9599991,98.4000015,97.4000015,1714200.0,90.6132126
2015-09-25 00:00:00,96.9000015,98.9700012,99.4499969,96.3000031,1564500.0,89.3954315
2015-09-28 00:00:00,92.4000015,95.4599991,96.0100021,91.7300034,2584800.0,85.5485306
2015-09-29 00:00:00,93.2300034,92.8899994,94.1600037,92.4400024,1653300.0,86.3169937
2015-09-30 00:00:00,94.0999985,94.2900009,94.8499985,92.8700027,1693200.0,87.122467
2015-10-01 00:00:00,94.9100037,94.5,94.9700012,93.6500015,1785600.0,87.8723907
2015-10-02 00:00:00,96.4599991,94.1200027,96.4599991,93.5299988,1593000.0,89.3075027
2015-10-05 00:00:00,96.8899994,95.8899994,97.4199982,95.8899994,1457100.0,89.7056046
2015-10-06 00:00:00,94.9199982,96.6299973,96.7799988,94.25,1477900.0,87.8816833
2015-10-07 00:00:00,96.0,95.3399963,96.0299988,94.5,1038100.0,88.8815918
2015-10-08 00:00:00,97.3499985,95.8199997,97.3600006,95.4499969,1301600.0,90.1314926
2015-10-09 00:00:00,97.75,97.1800003,98.4599991,96.9000015,1459600.0,90.5018311
2015-10-12 00:00:00,98.5100021,97.5100021,98.7399979,97.3799973,792000.0,91.2054672
2015-10-13 00:00:00,97.5699997,98.25,99.0500031,97.4400024,876000.0,90.3351669
2015-10-14 00:00:00,96.9000015,97.5999985,98.3799973,96.6800003,1267200.0,89.714859
2015-10-15 00:00:00,98.6900024,97.4000015,98.7600021,96.5299988,1226000.0,91.3721085
2015-10-16 00:00:00,100.0299988,99.3099976,100.0599976,98.3000031,1248800.0,92.6127625
2015-10-19 00:00:00,100.4599991,99.6200027,100.5100021,99.3199997,927900.0,93.0108795
2015-10-20 00:00:00,99.2099991,100.1299973,100.4300003,98.9000015,1121400.0,91.8535919
2015-10-21 00:00:00,99.7900009,99.7200012,99.9700012,98.5599976,2038700.0,92.3905487
2015-10-22 00:00:00,98.5299988,100.1699982,100.1900024,98.1100006,2432000.0,91.2239838
2015-10-23 00:00:00,94.4400024,98.0400009,98.3600006,94.0299988,4007200.0,87.4372635
2015-10-26 00:00:00,93.9000015,94.3600006,94.7600021,93.5599976,2325000.0,86.9373093
2015-10-27 00:00:00,93.8399963,93.9000015,94.7799988,92.9199982,1794300.0,86.8817673
2015-10-28 00:00:00,95.7699966,93.8399963,95.8499985,93.0599976,1735100.0,88.6686401
2015-10-29 00:00:00,95.8499985,95.4000015,96.6900024,95.3600006,1121100.0,88.7427216
2015-10-30 00:00:00,95.6200027,96.0699997,96.4000015,95.4700012,1371500.0,88.5297623
2015-11-02 00:00:00,96.7099991,95.8300018,96.9100037,95.7300034,1152500.0,89.5389404
2015-11-03 00:00:00,96.8000031,96.6299973,97.1100006,95.8600006,987000.0,89.6222687
2015-11-04 00:00:00,97.5,96.8000031,97.8399963,96.6699982,1438900.0,90.2703857
2015-11-05 00:00:00,97.5899963,97.5199966,97.7799988,96.6800003,1619000.0,90.3536987
2015-11-06 00:00:00,97.5999985,97.1900024,97.6100006,96.4300003,1286100.0,90.3629456
2015-11-09 00:00:00,96.8099976,97.25,97.5899963,96.3000031,1049100.0,89.6315155
2015-11-10 00:00:00,97.5999985,96.7699966,97.7099991,96.7699966,866300.0,90.3629456
2015-11-11 00:00:00,97.6299973,97.7900009,98.25,97.3700027,1052800.0,90.3907166
2015-11-12 00:00:00,95.6100006,96.4800034,97.0599976,95.5800018,2023400.0,88.5205154
2015-11-13 00:00:00,95.6299973,95.1500015,96.4199982,95.1500015,1372300.0,88.5390167
2015-11-16 00:00:00,96.6600037,95.5899963,96.6999969,95.1900024,1037000.0,89.4926529
2015-11-17 00:00:00,96.6100006,96.7099991,97.2399979,96.3399963,1585800.0,89.4463501
2015-11-18 00:00:00,97.0100021,96.8099976,97.2200012,96.4499969,1595500.0,89.8167038
2015-11-19 00:00:00,95.4100037,96.8099976,96.9899979,95.3600006,1515200.0,88.3353424
2015-11-20 00:00:00,96.4800034,95.9800034,97.1600037,95.5699997,1782200.0,89.3259964
2015-11-23 00:00:00,96.0800018,96.5400009,97.1600037,95.8799973,1707300.0,88.9556503
2015-11-24 00:00:00,96.6100006,95.3899994,96.6900024,95.0999985,1363100.0,89.4463501
2015-11-25 00:00:00,97.2200012,96.6100006,97.6399994,96.2399979,993900.0,90.0111313
2015-11-27 00:00:00,98.0899963,97.5599976,98.3300018,97.1699982,775400.0,90.8166428
2015-11-30 00:00:00,96.4599991,98.3799973,98.7799988,96.4599991,4376200.0,89.3075027
2015-12-01 00:00:00,96.7900009,97.3399963,97.8600006,96.4599991,1476300.0,89.6130219
2015-12-02 00:00:00,96.2600021,96.9499969,97.1699982,96.1100006,1221900.0,89.1223068
2015-12-03 00:00:00,92.5800018,96.2600021,96.5599976,92.4300003,2564300.0,85.7151871
2015-12-04 00:00:00,94.3399963,92.8499985,94.3799973,92.6699982,1388100.0,87.3446579
2015-12-07 00:00:00,94.1399994,94.3700027,94.7900009,93.5500031,1009000.0,87.1595154
2015-12-08 00:00:00,93.5199966,93.6800003,93.9400024,93.0100021,1045000.0,86.5854874
2015-12-09 00:00:00,92.3199997,93.0400009,93.9300003,92.1600037,1722500.0,85.4744644
2015-12-10 00:00:00,92.9300003,92.3799973,93.6200027,92.3700027,937000.0,86.0392227
2015-12-11 00:00:00,92.1999969,92.0100021,92.6399994,91.5599976,1325100.0,85.3633728
2015-12-14 00:00:00,91.4100037,90.3000031,92.0,90.3000031,2001600.0,84.6319199
2015-12-15 00:00:00,92.4400024,92.1299973,92.9899979,91.6600037,1707500.0,85.5855637
2015-12-16 00:00:00,93.9300003,93.0599976,94.1200027,92.5,1534700.0,86.9650879
2015-12-17 00:00:00,92.7099991,93.9199982,94.2600021,92.6999969,1735500.0,85.835556
2015-12-18 00:00:00,91.2600021,92.2399979,92.2900009,91.2600021,2083900.0,84.4930496
2015-12-21 00:00:00,91.4199982,91.6699982,92.2900009,90.8399963,1192900.0,84.6411972
2015-12-22 00:00:00,92.7300034,91.9400024,92.8700027,91.1200027,952600.0,85.8540726
2015-12-23 00:00:00,94.1200027,93.2699966,94.1900024,92.8600006,956600.0,87.140976
2015-12-24 00:00:00,94.3600006,94.0699997,94.8799973,94.0,466400.0,87.3631821
2015-12-28 00:00:00,93.9499969,93.8499985,94.2200012,93.6399994,860900.0,86.9836121
2015-12-29 00:00:00,94.8099976,94.3499985,95.1800003,93.7200012,926100.0,88.1363144
2015-12-30 00:00:00,94.25,94.7200012,95.1100006,94.0699997,1226100.0,87.6157303
2015-12-31 00:00:00,92.9400024,93.6299973,93.9400024,92.9199982,912900.0,86.3979416
2016-01-04 00:00:00,90.0199966,91.4700012,91.5400009,89.5599976,2089900.0,83.6834793
2016-01-05 00:00:00,90.8899994,90.1200027,91.0199966,89.9800034,1533500.0,84.4922409
2016-01-06 00:00:00,90.75,89.6900024,91.1100006,89.6900024,2083800.0,84.3620911
2016-01-07 00:00:00,88.4400024,89.5299988,90.0800018,88.0100021,2030000.0,82.2147064
2016-01-08 00:00:00,87.8899994,89.0,89.6999969,87.6800003,1577100.0,81.7034302
2016-01-11 00:00:00,87.5299988,88.1500015,88.4700012,86.6800003,1763100.0,81.3687515
2016-01-12 00:00:00,88.7300034,88.0299988,89.0999985,87.6399994,1536400.0,82.4842834
2016-01-13 00:00:00,89.3099976,89.5699997,91.75,88.8000031,3088700.0,83.0234451
2016-01-14 00:00:00,90.9199982,89.4899979,91.5199966,89.3399963,1982800.0,84.520134
2016-01-15 00:00:00,91.1100006,89.1500015,91.2900009,88.7300034,2818300.0,84.6967545
2016-01-19 00:00:00,91.5599976,91.9599991,92.7600021,90.5699997,2683900.0,85.1150818
2016-01-20 00:00:00,91.0,90.4100037,91.7200012,88.5699997,1968100.0,84.5944977
2016-01-21 00:00:00,91.8899994,91.4300003,92.2600021,90.3000031,2072100.0,85.4218521
2016-01-22 00:00:00,93.9100037,92.5899963,93.9499969,92.4300003,1731100.0,87.299675
2016-01-25 00:00:00,94.4100037,93.7699966,95.0199966,93.4100037,2693900.0,87.764473
2016-01-26 00:00:00,96.0199966,94.5,96.1600037,94.0100021,2651400.0,89.2611465
2016-01-27 00:00:00,98.5999985,97.8199997,101.1800003,97.8199997,6550000.0,91.6595383
2016-01-28 00:00:00,97.3099976,98.9300003,99.1200027,96.5199966,3584700.0,90.4603119
2016-01-29 00:00:00,99.1500015,97.9499969,99.9000015,97.1600037,3146600.0,92.1708221
2016-02-01 00:00:00,99.1699982,96.7900009,99.5999985,96.5599976,2575500.0,92.1894226
2016-02-02 00:00:00,99.0299988,98.2099991,100.0199966,97.8399963,1868600.0,92.0592346
2016-02-03 00:00:00,99.0899963,99.9100037,99.9899979,97.4899979,2215000.0,92.1150436
2016-02-04 00:00:00,99.5400009,99.0,100.0400009,98.5800018,1594400.0,92.5333786
2016-02-05 00:00:00,96.9100037,99.0400009,99.4199982,96.4899979,2017800.0,90.0885086
2016-02-08 00:00:00,96.0599976,96.0899963,96.4599991,94.3099976,2147900.0,89.298317
2016-02-09 00:00:00,96.6399994,94.9300003,97.3199997,94.9300003,1877200.0,89.8374786
2016-02-10 00:00:00,98.0999985,97.4899979,99.1200027,97.4899979,1537900.0,91.194725
2016-02-11 00:00:00,96.1600037,96.4800034,97.3799973,95.6699982,1921100.0,89.3912964
2016-02-12 00:00:00,97.3300018,96.9400024,97.4499969,95.7600021,1286400.0,90.4789429
2016-02-16 00:00:00,97.4000015,98.4499969,98.4499969,96.9899979,1932300.0,90.544014
2016-02-17 00:00:00,96.2900009,98.0899963,98.2300034,96.1999969,2900000.0,89.5121384
2016-02-18 00:00:00,96.9400024,96.0400009,97.4899979,95.7900009,1645200.0,90.1163559
2016-02-19 00:00:00,97.7200012,96.8000031,97.9300003,96.2200012,1580900.0,90.8414841
2016-02-22 00:00:00,99.0400009,98.5,99.1200027,98.1100006,1437200.0,92.0685654
2016-02-23 00:00:00,98.8700027,98.5100021,99.6100006,98.3399963,1327800.0,91.9105377
2016-02-24 00:00:00,99.5699997,98.3399963,99.6999969,97.7799988,826100.0,92.5612488
2016-02-25 00:00:00,101.8000031,99.5,101.9499969,99.4899979,1724700.0,94.6342773
2016-02-26 00:00:00,101.3600006,102.0800018,102.6900024,101.0899963,1552800.0,94.2252655
2016-02-29 00:00:00,99.8799973,101.0400009,101.2799988,99.8300018,1161400.0,92.8494415
2016-03-01 00:00:00,100.9199982,100.4000015,101.1800003,99.4199982,1069800.0,93.8162308
2016-03-02 00:00:00,101.5199966,100.9899979,101.6500015,100.4100037,1175300.0,94.3739929
2016-03-03 00:00:00,102.9000015,102.0,103.0,101.1399994,1622300.0,95.6568756
2016-03-04 00:00:00,103.4499969,102.5400009,104.0,102.5400009,1946800.0,96.1681519
2016-03-07 00:00:00,102.8399963,102.6800003,103.0,102.3300018,1443100.0,95.6010666
2016-03-08 00:00:00,102.7799988,101.6800003,103.1699982,98.0,2109400.0,95.5453033
2016-03-09 00:00:00,103.1200027,102.8799973,103.5500031,102.7099991,1592700.0,95.8613663
2016-03-10 00:00:00,103.75,103.4899979,104.0999985,102.3099976,1785500.0,96.4470139
2016-03-11 00:00:00,105.0,104.5400009,105.0199966,103.9800034,1797500.0,97.6090393
2016-03-14 00:00:00,105.1900024,104.8600006,105.5100021,104.1800003,1090800.0,97.7856445
2016-03-15 00:00:00,104.8499985,104.2600021,104.9899979,104.1299973,1244700.0,97.4695892
2016-03-16 00:00:00,105.1999969,104.0100021,105.5899963,104.0100021,1193400.0,97.7949524
2016-03-17 00:00:00,103.3000031,105.1999969,105.2600021,103.1699982,1822000.0,96.0287247
2016-03-18 00:00:00,104.9499969,103.8499985,105.1200027,102.8700027,2047500.0,97.562561
2016-03-21 00:00:00,104.8600006,104.6900024,105.1299973,103.9499969,1094300.0,97.4788818
2016-03-22 00:00:00,104.9400024,104.7799988,105.3700027,104.3700027,1366700.0,97.5532608
2016-03-23 00:00:00,105.5899963,104.8899994,105.9499969,104.6999969,1610600.0,98.1574936
2016-03-24 00:00:00,105.2200012,105.6699982,105.9000015,104.3399963,1176700.0,97.8135529
2016-03-28 00:00:00,105.0599976,105.2699966,105.6800003,104.8099976,967100.0,97.6648102
2016-03-29 00:00:00,106.8700027,104.8000031,106.9199982,104.6100006,1015000.0,99.7080536
2016-03-30 00:00:00,107.0500031,107.3399963,107.8399963,106.9000015,1010900.0,99.8759766
2016-03-31 00:00:00,107.2900009,106.7900009,107.9499969,106.0999985,1478400.0,100.0999069
2016-04-01 00:00:00,108.5199966,106.7200012,109.0100021,106.2600021,1753100.0,101.247467
2016-04-04 00:00:00,109.3300018,109.0,109.7900009,108.5299988,1235500.0,102.0031891
2016-04-05 00:00:00,107.0400009,108.8700027,109.2900009,106.6500015,2635000.0,99.8666687
2016-04-06 00:00:00,108.2300034,107.0500031,108.8600006,107.0500031,2075100.0,100.9769135
2016-04-07 00:00:00,107.9499969,107.8099976,108.3499985,107.3099976,1340100.0,100.7156601
2016-04-08 00:00:00,108.5400009,108.3499985,108.9199982,108.0,1227600.0,101.2661514
2016-04-11 00:00:00,108.25,108.4899979,108.9400024,108.1699982,1912600.0,100.9955521
2016-04-12 00:00:00,109.4499969,108.1399994,109.4599991,108.1399994,1283300.0,102.1151352
2016-04-13 00:00:00,109.6200027,109.2600021,109.9300003,109.0,1469600.0,102.2737503
2016-04-14 00:00:00,110.0999985,109.8799973,110.4100037,109.5599976,1047000.0,102.7215958
2016-04-15 00:00:00,109.8000031,109.9100037,110.0899963,108.9400024,1588400.0,102.4417038
2016-04-18 00:00:00,110.3899994,109.7600021,110.5199966,109.1999969,1039400.0,102.9921494
2016-04-19 00:00:00,109.7300034,110.4400024,110.9800034,109.0100021,1388400.0,102.3763885
2016-04-20 00:00:00,110.7300034,109.5599976,111.25,109.3300018,1969300.0,103.3093643
2016-04-21 00:00:00,109.3099976,112.5,113.8499985,108.4199982,3236900.0,101.98452
2016-04-22 00:00:00,109.4000015,109.4400024,110.0599976,108.1100006,1837800.0,102.0685043
2016-04-25 00:00:00,109.4899979,109.3300018,109.6200027,108.8499985,998400.0,102.1524811
2016-04-26 00:00:00,109.5100021,109.5400009,110.1100006,108.9599991,1137300.0,102.1711349
2016-04-27 00:00:00,110.0400009,110.3199997,111.0,109.1299973,1213600.0,102.6656036
2016-04-28 00:00:00,109.5599976,109.5500031,110.4899979,109.25,1526100.0,102.2177887
2016-04-29 00:00:00,109.0100021,106.7099991,109.4599991,106.7099991,1486900.0,101.7046432
2016-05-02 00:00:00,109.9400024,109.3300018,110.2200012,109.0199966,917300.0,102.572319
2016-05-03 00:00:00,109.1699982,109.4700012,109.7699966,108.7900009,851300.0,101.85392
2016-05-04 00:00:00,108.5899963,108.6100006,109.1399994,108.0100021,936700.0,101.3127747
2016-05-05 00:00:00,110.1200027,108.5100021,110.1500015,108.2799988,1707300.0,102.740242
2016-05-06 00:00:00,111.2099991,109.8199997,111.2099991,109.5199966,1749300.0,103.7572021
2016-05-09 00:00:00,111.3199997,111.1299973,112.2300034,111.1200027,960600.0,103.8598099
2016-05-10 00:00:00,111.75,111.3799973,111.9100037,111.1100006,1669900.0,104.2610016
2016-05-11 00:00:00,111.4800034,111.8099976,112.3700027,111.3700027,1439900.0,104.0091324
2016-05-12 00:00:00,111.8199997,111.5199966,112.3099976,110.8499985,1048200.0,104.3263168
2016-05-13 00:00:00,110.9100037,111.9100037,112.0100021,110.4100037,1050700.0,103.4772949
2016-05-16 00:00:00,112.3499985,110.8600006,112.6900024,110.8300018,1032100.0,104.8207932
2016-05-17 00:00:00,110.1399994,112.0500031,112.4199982,109.7600021,1168600.0,102.7589188
2016-05-18 00:00:00,109.8600006,109.8499985,110.6699982,109.1399994,998600.0,102.4976578
2016-05-19 00:00:00,109.4899979,109.2300034,109.6100006,108.6200027,803800.0,102.1524811
2016-05-20 00:00:00,110.25,110.1699982,110.75,109.8000031,1325800.0,102.8615494
2016-05-23 00:00:00,110.2699966,110.1699982,110.5999985,109.8199997,650600.0,102.8802032
2016-05-24 00:00:00,111.6699982,110.5999985,111.8700027,110.4000015,979900.0,104.1863861
2016-05-25 00:00:00,111.8700027,111.8499985,112.4400024,111.6800003,1086400.0,104.3729706
2016-05-26 00:00:00,111.5800018,111.7799988,112.3899994,111.4700012,764000.0,104.1024017
2016-05-27 00:00:00,111.7699966,111.5899963,112.0999985,111.2600021,696300.0,104.2796631
2016-05-31 00:00:00,111.1600037,111.3499985,111.9499969,110.5800018,2785500.0,103.7105637
2016-06-01 00:00:00,111.6600037,111.2900009,111.8300018,110.4599991,1002800.0,104.1770401
2016-06-02 00:00:00,112.6600037,111.8000031,112.6699982,111.2900009,1145800.0,105.1100235
2016-06-03 00:00:00,113.5599976,112.3700027,113.6200027,111.8499985,1618500.0,105.949707
2016-06-06 00:00:00,113.5299988,113.4199982,114.1100006,113.3399963,1490600.0,105.92173
2016-06-07 00:00:00,112.5899963,113.5299988,113.5999985,112.5699997,1407400.0,105.0447159
2016-06-08 00:00:00,114.2900009,112.5,114.3099976,112.3899994,1237500.0,106.6307831
2016-06-09 00:00:00,115.3300018,114.3799973,115.9000015,113.8600006,1474300.0,107.6010895
2016-06-10 00:00:00,114.5599976,114.8499985,115.0199966,113.8899994,891800.0,106.8827133
2016-06-13 00:00:00,114.4400024,114.5599976,115.5400009,114.3600006,1200200.0,106.770752
2016-06-14 00:00:00,115.4199982,114.1299973,115.4199982,113.8600006,1453400.0,107.6850586
2016-06-15 00:00:00,114.3399963,115.4199982,115.7799988,113.9000015,1034300.0,106.6774368
2016-06-16 00:00:00,114.6200027,114.0299988,114.8399963,113.2200012,864500.0,106.9386826
2016-06-17 00:00:00,114.3799973,114.6999969,115.1600037,113.3000031,1345400.0,106.7147522
2016-06-20 00:00:00,116.0899963,115.5500031,116.9899979,115.5,1604100.0,108.3101807
2016-06-21 00:00:00,116.4599991,116.5100021,116.9199982,115.8700027,1043800.0,108.655365
2016-06-22 00:00:00,116.6200027,116.7399979,117.2699966,116.4599991,1260700.0,108.8046494
2016-06-23 00:00:00,118.3799973,117.3700027,118.6500015,117.1200027,1967300.0,110.4467087
2016-06-24 00:00:00,116.5899963,114.8700027,117.9199982,114.4100037,4519300.0,108.7766571
2016-06-27 00:00:00,114.7799988,115.8600006,116.4899979,114.3000031,1343300.0,107.0879593
2016-06-28 00:00:00,115.9599991,115.25,116.1699982,114.7900009,1637400.0,108.5482407
2016-06-29 00:00:00,118.8099976,117.0199966,118.8700027,116.8899994,1545300.0,111.216095
2016-06-30 00:00:00,119.8300018,118.8499985,119.8300018,118.4100037,1814600.0,112.1708984
2016-07-01 00:00:00,120.4100037,120.0100021,120.5100021,119.5699997,874700.0,112.7138367
2016-07-05 00:00:00,121.2099991,119.9400024,121.5999985,119.7300034,1123400.0,113.4626846
2016-07-06 00:00:00,121.0899963,120.5800018,121.4199982,120.3199997,1499500.0,113.3503418
2016-07-07 00:00:00,121.0299988,121.0699997,121.5999985,120.7900009,1216700.0,113.2941971
2016-07-08 00:00:00,122.2900009,121.7399979,122.4000015,121.0699997,1283100.0,114.4736404
2016-07-11 00:00:00,122.6500015,122.5199966,123.0999985,122.3000031,885700.0,114.8106232
2016-07-12 00:00:00,122.8199997,122.9300003,123.2099991,122.1800003,1228700.0,114.9697876
2016-07-13 00:00:00,122.5100021,123.1999969,123.3700027,122.1600037,1238600.0,114.6795959
2016-07-14 00:00:00,122.3000031,123.2799988,123.4100037,122.1900024,1277700.0,114.4830093
2016-07-15 00:00:00,122.0800018,122.9700012,123.5500031,121.2900009,2063500.0,114.2770844
2016-07-18 00:00:00,121.6200027,122.2600021,123.0,120.9499969,1727400.0,113.8464737
2016-07-19 00:00:00,121.7600021,121.4700012,122.4300003,121.4199982,1271600.0,113.9775238
2016-07-20 00:00:00,122.3600006,122.3000031,122.6500015,121.7699966,1297400.0,114.5391617
2016-07-21 00:00:00,122.5599976,122.2099991,122.6399994,121.6699982,1359700.0,114.7263947
2016-07-22 00:00:00,117.0299988,118.25,118.9400024,115.7799988,4691900.0,109.5498734
2016-07-25 00:00:00,115.9300003,116.8199997,117.4499969,114.9599991,2027500.0,108.5201721
2016-07-26 00:00:00,116.4400024,115.8000031,116.6800003,115.3000031,1596200.0,108.9975815
2016-07-27 00:00:00,114.8300018,116.1800003,116.3600006,114.4499969,1644200.0,107.4904785
2016-07-28 00:00:00,114.9599991,114.8499985,116.1600037,114.3899994,1215900.0,107.6121674
2016-07-29 00:00:00,116.2799988,114.9700012,116.6200027,114.9700012,1453700.0,108.8478012
2016-08-01 00:00:00,117.0199966,116.2900009,117.6500015,116.2200012,1019400.0,109.5405045
2016-08-02 00:00:00,115.6999969,116.75,116.8700027,115.2799988,1009600.0,108.304863
2016-08-03 00:00:00,114.8199997,115.8799973,115.9700012,114.5400009,1080200.0,107.4810944
2016-08-04 00:00:00,114.8499985,115.1200027,115.3300018,114.4400024,942400.0,107.5091705
2016-08-05 00:00:00,114.9000015,115.0400009,115.3300018,114.3099976,988000.0,107.5559921
2016-08-08 00:00:00,114.8199997,114.9899979,115.0699997,114.0699997,1013400.0,107.4810944
2016-08-09 00:00:00,115.4499969,115.0800018,115.9100037,114.8399963,834500.0,108.0708466
2016-08-10 00:00:00,115.5299988,115.4899979,115.5899963,114.8499985,615700.0,108.1457214
2016-08-11 00:00:00,115.5299988,115.5199966,116.0500031,115.0699997,782300.0,108.1457214
2016-08-12 00:00:00,115.5699997,115.3600006,115.5699997,114.8000031,622000.0,108.1831665
2016-08-15 00:00:00,115.2300034,115.5,115.8000031,115.2300034,568600.0,107.8648911
2016-08-16 00:00:00,113.4800034,114.8799973,114.9100037,113.4800034,1052100.0,106.2267532
2016-08-17 00:00:00,113.1500015,113.5,113.6399994,112.6600037,1101700.0,105.9178391
2016-08-18 00:00:00,113.75,113.0199966,113.8799973,112.5500031,919400.0,106.4794998
2016-08-19 00:00:00,113.7699966,113.3199997,113.8000031,112.6999969,881300.0,106.4982224
2016-08-22 00:00:00,114.1399994,113.8499985,114.4000015,113.6200027,726900.0,106.8445663
2016-08-23 00:00:00,113.6100006,114.1800003,114.6100006,113.4800034,893700.0,106.3484573
2016-08-24 00:00:00,112.6200027,113.7099991,113.8499985,112.3899994,1051300.0,105.42173
2016-08-25 00:00:00,113.3099976,112.3199997,113.7200012,112.0199966,1203700.0,106.0676193
2016-08-26 00:00:00,114.4400024,113.6699982,115.0800018,113.2399979,1141900.0,107.1253967
2016-08-29 00:00:00,116.2799988,114.4400024,116.3899994,114.4300003,1668600.0,108.8478012
2016-08-30 00:00:00,115.9400024,116.1100006,116.6900024,115.4400024,874300.0,108.5295334
2016-08-31 00:00:00,115.6600037,115.9100037,116.3799973,115.1399994,814900.0,108.2674332
2016-09-01 00:00:00,115.2300034,115.9000015,115.9000015,114.4100037,939400.0,107.8648911
2016-09-02 00:00:00,115.5999985,116.3499985,116.3499985,115.2399979,866100.0,108.2112656
2016-09-06 00:00:00,116.8899994,115.5999985,116.8899994,115.0,1144200.0,109.4187851
2016-09-07 00:00:00,115.1699982,116.4400024,116.8000031,114.8499985,1202000.0,107.8087463
2016-09-08 00:00:00,114.8700027,114.7900009,115.5800018,114.6399994,1372400.0,107.5279388
2016-09-09 00:00:00,110.5400009,114.0999985,114.1299973,110.4300003,2486300.0,103.4746857
2016-09-12 00:00:00,112.6999969,110.2200012,112.8600006,110.2200012,1740600.0,105.4966049
2016-09-13 00:00:00,110.5199966,112.2099991,112.6600037,110.3199997,1064900.0,103.4559555
2016-09-14 00:00:00,111.0100021,110.3199997,111.2399979,110.1299973,1361900.0,103.9146271
2016-09-15 00:00:00,113.5,110.9499969,114.1200027,110.6100006,1985700.0,106.2454834
2016-09-16 00:00:00,114.3199997,113.7099991,114.4199982,113.0,2436900.0,107.0130692
2016-09-19 00:00:00,114.4199982,114.3499985,115.5800018,114.1900024,1133400.0,107.1066666
2016-09-20 00:00:00,114.5999985,115.0999985,115.2900009,114.5400009,990300.0,107.2751694
2016-09-21 00:00:00,116.4400024,114.6800003,116.5599976,114.6699982,1090800.0,108.9975815
2016-09-22 00:00:00,118.4400024,116.8199997,118.9000015,116.3799973,1964900.0,110.8697281
2016-09-23 00:00:00,117.7600021,118.0599976,118.1999969,116.9800034,1235100.0,110.2331924
2016-09-26 00:00:00,116.2099991,117.1800003,117.4800034,115.9599991,1387000.0,108.7822723
2016-09-27 00:00:00,117.8000031,116.6399994,117.8000031,116.0899963,1156200.0,110.2706299
2016-09-28 00:00:00,117.3099976,117.4199982,117.5500031,116.4800034,918600.0,110.1673431
2016-09-29 00:00:00,115.6999969,116.8899994,117.2200012,115.1100006,662100.0,108.6553574
2016-09-30 00:00:00,116.4100037,116.3099976,116.9100037,115.9700012,1196900.0,109.3221436
2016-10-03 00:00:00,116.4499969,115.8600006,116.5400009,115.2900009,805100.0,109.3596954
2016-10-04 00:00:00,116.2600021,116.4800034,116.9199982,115.7300034,1074100.0,109.1812744
2016-10-05 00:00:00,116.6600037,116.3399963,116.9700012,116.0500031,1151900.0,109.5569229
2016-10-06 00:00:00,116.6500015,116.5899963,117.1399994,115.9300003,781500.0,109.5475235
2016-10-07 00:00:00,116.3099976,117.1299973,117.3700027,115.5899963,920100.0,109.2282028
2016-10-10 00:00:00,117.8499985,116.9000015,118.0899963,116.6699982,756000.0,110.6744537
2016-10-11 00:00:00,113.7300034,117.5899963,117.6800003,113.1399994,1433400.0,106.8053207
2016-10-12 00:00:00,113.9199982,113.9000015,114.4800034,113.5899963,829200.0,106.9837418
2016-10-13 00:00:00,113.5800018,113.3700027,113.9000015,112.5199966,892500.0,106.6644211
2016-10-14 00:00:00,113.6500015,116.1800003,116.1800003,113.6100006,1253600.0,106.7301865
2016-10-17 00:00:00,113.5699997,113.7900009,113.8499985,113.2099991,721700.0,106.6550446
2016-10-18 00:00:00,114.8099976,114.5199966,115.0899963,113.4899979,677600.0,107.8195648
2016-10-19 00:00:00,114.3300018,115.1299973,115.1999969,114.25,681000.0,107.3687897
2016-10-20 00:00:00,114.5500031,114.4300003,114.8700027,113.8099976,613400.0,107.5753784
2016-10-21 00:00:00,113.7099991,114.0,114.2300034,112.9300003,832300.0,106.7865295
2016-10-24 00:00:00,114.7300034,114.4000015,115.1999969,114.2099991,674300.0,107.7444305
2016-10-25 00:00:00,113.1900024,114.7699966,114.8199997,113.0800018,1023600.0,106.2982101
2016-10-26 00:00:00,109.8899994,112.2600021,112.4700012,109.8399963,2098700.0,103.1991119
2016-10-27 00:00:00,109.7200012,110.5,110.6200027,109.3099976,1751600.0,103.0394745
2016-10-28 00:00:00,114.2699966,111.5199966,117.9599991,110.5999985,3264800.0,107.3124161
2016-10-31 00:00:00,115.3499985,113.5999985,115.5899963,111.3499985,2301300.0,108.3266907
2016-11-01 00:00:00,114.7900009,115.9899979,116.6299973,114.1299973,1806700.0,107.800766
2016-11-02 00:00:00,115.5,114.9300003,116.7600021,114.5100021,1489700.0,108.4675217
2016-11-03 00:00:00,115.6500015,115.8399963,116.3499985,115.4000015,1456600.0,108.6084137
2016-11-04 00:00:00,117.1500015,116.0,117.5,115.7799988,1758800.0,110.0170822
2016-11-07 00:00:00,119.6800003,118.5999985,120.4000015,118.5199966,1497200.0,112.3930435
2016-11-08 00:00:00,120.8499985,119.6100006,121.8399963,119.0100021,1531600.0,113.4917984
2016-11-09 00:00:00,116.2399979,119.7799988,121.6200027,113.3000031,3632400.0,109.1625061
2016-11-10 00:00:00,114.0299988,117.2799988,117.2799988,112.1699982,4375000.0,107.0870361
2016-11-11 00:00:00,110.3600006,113.3700027,113.9800034,110.0800018,2504200.0,103.6404877
2016-11-14 00:00:00,106.6800003,110.3300018,110.7900009,106.4800034,3684200.0,100.1845779
2016-11-15 00:00:00,109.7399979,107.3499985,110.6999969,107.1299973,2744100.0,103.0582352
2016-11-16 00:00:00,109.3899994,109.75,110.0599976,108.3799973,1096400.0,102.7295685
2016-11-17 00:00:00,110.6500015,109.3199997,111.3300018,108.5599976,1918300.0,103.9128647
2016-11-18 00:00:00,111.4400024,110.5699997,111.5100021,110.2099991,1501500.0,104.6547546
2016-11-21 00:00:00,111.4700012,111.4300003,112.5599976,111.0400009,1186600.0,104.6829147
2016-11-22 00:00:00,110.6999969,110.0999985,111.0500031,108.2900009,2946000.0,103.9597931
2016-11-23 00:00:00,111.75,110.1800003,111.8499985,110.0,1421400.0,104.9458847
2016-11-25 00:00:00,112.8399963,112.4499969,113.0999985,111.8899994,559300.0,105.9695053
2016-11-28 00:00:00,112.9499969,112.5,113.4599991,112.5,1323900.0,106.0727921
2016-11-29 00:00:00,115.4100037,114.1800003,117.9100037,113.7399979,1873900.0,108.3830185
2016-11-30 00:00:00,113.6600037,115.1299973,115.5500031,113.6600037,1844300.0,106.7395782
2016-12-01 00:00:00,111.75,113.3600006,114.0699997,110.9100037,1323000.0,104.9458847
2016-12-02 00:00:00,112.0800018,112.1999969,113.1100006,111.8399963,1210300.0,105.2557755
2016-12-05 00:00:00,112.0100021,112.5699997,112.6900024,111.5699997,1324700.0,105.1900177
2016-12-06 00:00:00,112.5899963,112.6299973,113.1699982,111.4700012,1236800.0,105.734726
2016-12-07 00:00:00,113.6699982,112.1900024,113.7099991,111.2200012,1352000.0,106.74897
2016-12-08 00:00:00,115.5100021,113.2799988,115.6999969,113.0,1405300.0,108.4769287
2016-12-09 00:00:00,116.5,115.75,116.8399963,115.75,1040700.0,109.4066467
2016-12-12 00:00:00,117.5800018,116.4199982,118.1800003,116.4199982,1181000.0,110.4209061
2016-12-13 00:00:00,117.6299973,117.7399979,118.5899963,117.0,997000.0,110.4678497
2016-12-14 00:00:00,116.7300034,117.9700012,118.3799973,116.2699966,1914300.0,109.6226578
2016-12-15 00:00:00,118.8199997,118.0,119.0199966,116.7900009,1657000.0,111.5854034
2016-12-16 00:00:00,118.75,119.2300034,119.3600006,118.2900009,2196800.0,111.5196609
2016-12-19 00:00:00,118.8099976,118.7699966,119.1600037,118.4000015,871800.0,111.576004
2016-12-20 00:00:00,119.5100021,118.9899979,119.9400024,118.7200012,1028700.0,112.2333755
2016-12-21 00:00:00,119.4000015,119.4100037,119.9300003,118.8600006,877400.0,112.1300964
2016-12-22 00:00:00,120.4800034,119.3499985,120.7600021,119.1100006,1190300.0,113.1443253
2016-12-23 00:00:00,120.7600021,120.3000031,121.0999985,120.1999969,523300.0,113.40728
2016-12-27 00:00:00,120.8499985,121.0599976,121.5,120.6699982,443600.0,113.4917984
2016-12-28 00:00:00,119.8799973,120.2600021,120.9899979,119.8499985,961400.0,112.9781799
2016-12-29 00:00:00,120.5199966,120.3099976,121.0899963,120.0100021,674700.0,113.5813217
2016-12-30 00:00:00,119.8099976,120.6600037,120.8600006,119.3499985,988100.0,112.9121933
2017-01-03 00:00:00,119.4300003,119.8099976,119.8600006,117.8600006,1831500.0,112.5540695
2017-01-04 00:00:00,120.0999985,119.6399994,120.6500015,119.3600006,1504800.0,113.1854935
2017-01-05 00:00:00,118.7799988,120.0999985,120.4000015,118.4000015,1772200.0,111.9414978
2017-01-06 00:00:00,117.75,117.5,118.3799973,116.5,2464200.0,110.9708099
2017-01-09 00:00:00,119.0199966,117.8799973,119.6500015,117.6399994,1355700.0,112.1676941
2017-01-10 00:00:00,121.9000015,119.5599976,122.7200012,119.0500031,2310300.0,114.8818817
2017-01-11 00:00:00,123.6600037,121.9000015,127.2300034,121.9000015,3140900.0,116.5405273
2017-01-12 00:00:00,123.2600021,122.8600006,123.3700027,121.8399963,1417300.0,116.1635895
2017-01-13 00:00:00,122.9199982,123.2200012,124.0,122.5999985,1665100.0,115.8431549
2017-01-17 00:00:00,122.5500031,122.1200027,122.9899979,121.6800003,1923900.0,115.4944611
2017-01-18 00:00:00,122.4000015,122.9300003,123.0899963,122.1500015,1195400.0,115.353096
2017-01-19 00:00:00,122.1299973,122.0,122.6200027,121.3899994,1016100.0,115.0986328
2017-01-20 00:00:00,121.75,122.5199966,123.0800018,121.4499969,1196600.0,114.7405319
2017-01-23 00:00:00,121.4100037,121.5599976,122.2900009,120.8399963,1391700.0,114.4200821
2017-01-24 00:00:00,121.5,121.5100021,122.3600006,120.6399994,1546500.0,114.5048904
2017-01-25 00:00:00,121.1100006,122.1800003,124.9499969,121.0500031,2562300.0,114.1373672
2017-01-26 00:00:00,120.8300018,121.1100006,121.1100006,119.1699982,1891600.0,113.873497
2017-01-27 00:00:00,123.2900009,121.0299988,123.6699982,120.7300034,1497600.0,116.191864
2017-01-30 00:00:00,122.5100021,123.2699966,123.2699966,121.9400024,1249300.0,115.456749
2017-01-31 00:00:00,123.5299988,122.1299973,123.5899963,122.0,1148500.0,116.4180298
2017-02-01 00:00:00,123.1200027,123.4300003,123.8199997,122.4199982,1586900.0,116.0316544
2017-02-02 00:00:00,123.3899994,122.8799973,123.4700012,122.3000031,1330900.0,116.2860947
2017-02-03 00:00:00,123.3600006,123.7200012,124.25,122.7799988,986000.0,116.2578278
2017-02-06 00:00:00,122.3300018,123.0800018,123.2900009,121.8600006,1171300.0,115.2871323
2017-02-07 00:00:00,122.5100021,122.3600006,122.8399963,122.1600037,1726400.0,115.456749
2017-02-08 00:00:00,122.4100037,122.3399963,122.9499969,122.0100021,689500.0,115.3625183
2017-02-09 00:00:00,123.3199997,122.4100037,123.5800018,122.2799988,1492700.0,116.220108
2017-02-10 00:00:00,123.3099976,123.2799988,123.7099991,122.7799988,841600.0,116.2106934
2017-02-13 00:00:00,124.3300018,123.4400024,124.7600021,123.3399963,1121200.0,117.1719666
2017-02-14 00:00:00,125.2600021,124.4300003,125.5100021,123.8399963,1125200.0,118.0484238
2017-02-15 00:00:00,125.7600021,124.6999969,125.9800034,124.6100006,1039000.0,118.5196457
2017-02-16 00:00:00,125.75,125.5899963,125.7699966,124.8899994,887600.0,118.5102081
2017-02-17 00:00:00,126.3399963,125.6500015,126.3700027,125.1200027,863100.0,119.066246
2017-02-21 00:00:00,127.1600037,126.0100021,127.7900009,126.0,1358200.0,119.8390503
2017-02-22 00:00:00,127.2900009,127.0500031,127.9599991,126.8399963,806000.0,119.9615555
2017-02-23 00:00:00,128.6699982,127.5,128.7200012,127.0100021,1082800.0,121.2621002
2017-02-24 00:00:00,129.2700043,128.5599976,129.3000031,128.2899933,770700.0,121.8275528
2017-02-27 00:00:00,128.5800018,129.0,129.6600037,128.4100037,1005600.0,121.1772919
2017-02-28 00:00:00,128.5599976,128.7400055,129.1999969,127.1900024,1196800.0,121.1584396
2017-03-01 00:00:00,131.0500031,129.3500061,131.3600006,128.7799988,1272000.0,123.5050888
2017-03-02 00:00:00,130.7899933,130.9400024,131.3099976,129.8500061,940400.0,123.2600174
2017-03-03 00:00:00,130.1999969,130.5099945,130.8500061,129.6499939,1128100.0,122.7040176
2017-03-06 00:00:00,129.6900024,129.5399933,130.1600037,129.1900024,1373300.0,122.2233963
2017-03-07 00:00:00,129.1399994,129.3500061,129.8099976,128.7899933,1724900.0,121.70504
2017-03-08 00:00:00,129.3399963,129.5399933,129.8699951,128.9499969,647300.0,121.8935242
2017-03-09 00:00:00,129.8099976,129.1699982,130.1499939,129.0299988,1023300.0,122.3364716
2017-03-10 00:00:00,130.0,130.3000031,130.6900024,129.2899933,1642300.0,122.5155182
2017-03-13 00:00:00,131.3800049,130.2100067,131.4600067,129.5899963,1334300.0,123.8160706
2017-03-14 00:00:00,130.9700012,130.8200073,131.3500061,130.4799957,1487200.0,123.4296875
2017-03-15 00:00:00,132.8300018,131.3099976,132.9900055,131.0,1110700.0,125.1826324
2017-03-16 00:00:00,131.5,132.6199951,132.6199951,130.5099945,1675100.0,123.9291611
2017-03-17 00:00:00,132.6600037,131.5599976,133.0200043,131.0,2050700.0,125.022377
2017-03-20 00:00:00,132.5899963,132.6199951,132.9100037,132.1399994,714900.0,124.9564514
2017-03-21 00:00:00,132.3800049,132.7799988,133.5899963,131.4100037,966900.0,124.7584915
2017-03-22 00:00:00,132.4499969,132.7100067,133.2400055,131.6100006,789700.0,124.8244476
2017-03-23 00:00:00,131.5899963,132.3800049,132.7700043,131.2799988,1247900.0,124.0139999
2017-03-24 00:00:00,132.5099945,131.8300018,133.1600037,131.5399933,1237000.0,124.881012
2017-03-27 00:00:00,132.4900055,132.0,132.6199951,131.7299957,698200.0,124.8621826
2017-03-28 00:00:00,132.6999969,132.2200012,132.8899994,131.4400024,750900.0,125.0601044
2017-03-29 00:00:00,131.8999939,131.9199982,132.2400055,131.1399994,1359000.0,124.7055511
2017-03-30 00:00:00,131.9499969,131.6999969,132.5099945,131.5099945,607600.0,124.7527771
2017-03-31 00:00:00,131.6499939,131.5399933,132.1999969,131.4700012,753500.0,124.4691544
2017-04-03 00:00:00,131.9299927,131.6499939,132.4199982,130.5899963,998400.0,124.7339172
2017-04-04 00:00:00,131.4100037,131.9199982,132.1300049,130.6300049,710900.0,124.2422791
2017-04-05 00:00:00,131.1799927,131.2100067,132.2599945,130.9400024,669400.0,124.0248184
2017-04-06 00:00:00,130.8399963,131.3000031,131.3000031,130.2599945,752300.0,123.7033539
2017-04-07 00:00:00,130.8399963,130.8899994,131.3300018,130.5299988,867900.0,123.7033539
2017-04-10 00:00:00,130.7299957,130.6699982,131.3300018,130.5500031,761200.0,123.5993423
2017-04-11 00:00:00,130.5899963,130.4499969,131.1799927,129.9400024,774500.0,123.4670029
2017-04-12 00:00:00,130.4100037,130.4400024,130.8500061,129.8200073,998500.0,123.296814
2017-04-13 00:00:00,129.9299927,130.1799927,130.6600037,129.8399963,758700.0,122.8429947
2017-04-17 00:00:00,130.9700012,130.2700043,131.1999969,130.1900024,1606600.0,123.8262787
2017-04-18 00:00:00,130.9100037,130.5500031,131.1600037,130.0599976,792800.0,123.7695618
2017-04-19 00:00:00,131.8200073,131.5599976,132.2700043,130.9900055,1018500.0,124.6299133
2017-04-20 00:00:00,132.7599945,131.8099976,133.0299988,131.1999969,972800.0,125.5186386
2017-04-21 00:00:00,132.9400024,132.6000061,133.4299927,132.2700043,943100.0,125.6888351
2017-04-24 00:00:00,134.4499969,133.9600067,134.7899933,133.7299957,1300300.0,127.1164551
2017-04-25 00:00:00,135.5899963,134.9299927,136.0399933,134.4600067,1481700.0,128.1942596
2017-04-26 00:00:00,136.1900024,134.6499939,136.4100037,131.6699982,2316800.0,128.7615356
2017-04-27 00:00:00,135.3699951,136.3699951,136.6000061,135.2599945,995300.0,127.9862747
2017-04-28 00:00:00,136.3699951,135.1000061,136.4700012,135.1000061,1533400.0,128.9317169
2017-05-01 00:00:00,135.7700043,136.4299927,136.7100067,135.4100037,851700.0,128.3644562
2017-05-02 00:00:00,136.1699982,136.0200043,136.7899933,135.5,1271200.0,128.7426605
2017-05-03 00:00:00,135.7100067,136.0,136.2700043,135.0200043,734000.0,128.3077087
2017-05-04 00:00:00,134.9799957,135.6399994,135.6499939,134.7899933,1038400.0,127.6175613
2017-05-05 00:00:00,135.9600067,135.4299927,136.0,134.7700043,710600.0,128.5440979
2017-05-08 00:00:00,134.8500061,135.7899933,136.0,134.6000061,747600.0,127.4946213
2017-05-09 00:00:00,134.8699951,134.8099976,135.4600067,134.5,926300.0,127.5135803
2017-05-10 00:00:00,134.0399933,134.5899963,134.6600037,133.5099945,1653300.0,126.7288361
2017-05-11 00:00:00,134.8399963,133.8899994,135.0800018,133.3300018,822800.0,127.4851761
2017-05-12 00:00:00,134.8200073,134.6300049,135.1100006,134.3300018,654800.0,127.4663086
2017-05-15 00:00:00,136.0299988,134.8099976,136.1600037,134.1699982,772500.0,128.6102448
2017-05-16 00:00:00,134.7700043,135.8200073,136.6900024,134.3600006,1108600.0,127.419014
2017-05-17 00:00:00,133.5399933,134.7700043,134.9900055,133.4799957,937000.0,126.2561111
2017-05-18 00:00:00,134.8399963,133.5399933,135.6300049,132.4400024,981400.0,127.4851761
2017-05-19 00:00:00,136.8099976,135.1000061,136.8300018,134.7899933,1339700.0,129.3477478
2017-05-22 00:00:00,138.6399994,136.8200073,139.2100067,136.8200073,1475000.0,131.0778961
2017-05-23 00:00:00,139.8999939,138.6999969,140.3000031,138.6399994,1446600.0,132.269165
2017-05-24 00:00:00,139.9900055,139.9600067,140.3399963,139.8300018,1121400.0,132.3542938
2017-05-25 00:00:00,140.8500061,140.2599945,141.2100067,139.7700043,1201800.0,133.1674042
2017-05-26 00:00:00,141.2700043,140.9700012,141.5899963,140.3999939,827500.0,133.5644836
2017-05-30 00:00:00,141.9799957,140.9900055,142.0500031,140.8500061,779100.0,134.2357025
2017-05-31 00:00:00,142.9600067,142.5599976,143.1999969,141.9700012,1764900.0,135.1622925
2017-06-01 00:00:00,144.6999969,142.8000031,144.6999969,142.4400024,971600.0,136.8073578
2017-06-02 00:00:00,144.4799957,145.2599945,145.6199951,144.0500031,1469600.0,136.5993805
2017-06-05 00:00:00,144.2200012,144.6999969,144.7899933,143.7700043,1098900.0,136.3535309
2017-06-06 00:00:00,144.0500031,143.75,144.6600037,143.75,777800.0,136.1928253
2017-06-07 00:00:00,144.4400024,144.6000061,145.0099945,143.5299988,685500.0,136.5615387
2017-06-08 00:00:00,142.4299927,144.4400024,144.6199951,141.5299988,1683700.0,134.6611633
2017-06-09 00:00:00,141.8699951,142.6000061,143.0,141.2200012,1194600.0,134.1317139
2017-06-12 00:00:00,140.6199951,141.5800018,141.7599945,139.0200043,1657200.0,132.9498901
2017-06-13 00:00:00,141.1799927,141.0599976,141.8099976,139.8800049,1002200.0,133.4793549
2017-06-14 00:00:00,141.8899994,141.75,142.6600037,141.2200012,1143800.0,134.1506653
2017-06-15 00:00:00,141.2299957,141.0800018,141.4700012,139.7599945,1037400.0,133.5266266
2017-06-16 00:00:00,142.2400055,141.5,142.3600006,140.8300018,1583300.0,134.4815521
2017-06-19 00:00:00,141.3800049,142.6499939,143.1699982,140.8699951,1307200.0,133.6684418
2017-06-20 00:00:00,140.9799957,141.4400024,142.3200073,140.8200073,1053600.0,133.2902527
2017-06-21 00:00:00,140.8000031,141.4499969,141.9700012,140.4100037,1458200.0,133.1201019
2017-06-22 00:00:00,141.2200012,140.4499969,141.3999939,140.3399963,1252900.0,133.5171967
2017-06-23 00:00:00,141.1199951,141.1900024,141.9900055,140.6799927,1161200.0,133.4226532
2017-06-26 00:00:00,139.9100037,141.1699982,141.7200012,139.8000031,702500.0,132.2786255
2017-06-27 00:00:00,139.5899963,139.9100037,140.5399933,139.2400055,804500.0,131.9761047
2017-06-28 00:00:00,139.8000031,139.9499969,140.1900024,139.4799957,700900.0,132.5782928
2017-06-29 00:00:00,138.8099976,140.0,140.2100067,137.7700043,1270600.0,131.6394043
2017-06-30 00:00:00,138.7799988,138.9700012,139.7100067,138.7799988,1081900.0,131.6110077
2017-07-03 00:00:00,138.2200012,139.2299957,139.4299927,138.0899963,487600.0,131.0799255
2017-07-05 00:00:00,139.7400055,138.5599976,139.9799957,138.1900024,1040900.0,132.5213928
2017-07-06 00:00:00,139.2700043,139.1499939,139.4600067,138.0,1182400.0,132.0756683
2017-07-07 00:00:00,141.1199951,139.7799988,141.2100067,139.3600006,1239800.0,133.8301086
2017-07-10 00:00:00,140.5599976,140.8600006,141.2200012,140.4299927,831100.0,133.2990417
2017-07-11 00:00:00,140.5,140.6100006,141.0599976,140.2599945,1006900.0,133.2421265
2017-07-12 00:00:00,144.3600006,141.0299988,145.1000061,140.8800049,1884800.0,136.9027252
2017-07-13 00:00:00,143.1999969,144.3600006,144.4299927,142.9100037,1132500.0,135.8026733
2017-07-14 00:00:00,145.3999939,143.2899933,145.9900055,143.2899933,901800.0,137.8889923
2017-07-17 00:00:00,144.8099976,145.4499969,145.7799988,144.4400024,702800.0,137.329483
2017-07-18 00:00:00,145.3699951,144.6000061,145.5700073,144.0,922500.0,137.8605499
2017-07-19 00:00:00,146.2200012,145.5399933,146.4499969,145.3800049,733300.0,138.6666565
2017-07-20 00:00:00,147.3999939,146.3600006,147.7799988,146.3399963,1011700.0,139.785675
2017-07-21 00:00:00,146.1900024,147.4299927,148.1499939,145.9100037,1158600.0,138.6381989
2017-07-24 00:00:00,146.8399963,146.25,147.0299988,145.3000031,869500.0,139.2546234
2017-07-25 00:00:00,146.0599976,147.4900055,147.4900055,145.5399933,963000.0,138.5149384
2017-07-26 00:00:00,145.75,146.0399933,146.2400055,144.8500061,1107800.0,138.2209167
2017-07-27 00:00:00,144.0500031,145.7799988,145.9900055,142.9700012,1465700.0,136.6087341
2017-07-28 00:00:00,147.8000031,144.8500061,147.9100037,144.8500061,1927100.0,140.1650543
2017-07-31 00:00:00,147.1000061,147.9100037,147.9100037,146.5800018,1452500.0,139.5011749
2017-08-01 00:00:00,147.8699951,147.5800018,148.8399963,146.8600006,1179900.0,140.2313995
2017-08-02 00:00:00,145.1399994,147.6900024,147.8999939,144.6799927,1239100.0,137.6424408
2017-08-03 00:00:00,146.3699951,144.5200043,146.4199982,144.2899933,761100.0,138.8088837
2017-08-04 00:00:00,146.5299988,147.0899963,147.0899963,145.8899994,638400.0,138.9606476
2017-08-07 00:00:00,146.7299957,146.5899963,146.7599945,146.1000061,674900.0,139.1502838
2017-08-08 00:00:00,146.1399994,146.4799957,146.7299957,145.8600006,645100.0,138.5907898
2017-08-09 00:00:00,145.1799927,146.25,146.25,144.8800049,1081000.0,137.6804047
2017-08-10 00:00:00,143.9100037,144.8200073,145.0800018,143.8099976,768200.0,136.4759979
2017-08-11 00:00:00,144.1799927,144.5200043,144.7899933,143.5399933,846900.0,136.7320251
2017-08-14 00:00:00,146.0,144.9799957,146.2799988,144.7100067,1104500.0,138.4580383
2017-08-15 00:00:00,147.4400024,146.2899933,147.8300018,146.2200012,1429500.0,139.8236084
2017-08-16 00:00:00,147.4100037,147.8600006,148.0399933,147.1699982,876000.0,139.7951813
2017-08-17 00:00:00,145.3600006,147.3500061,147.4299927,145.3300018,733300.0,137.85112
2017-08-18 00:00:00,144.2899933,144.9199982,145.4400024,144.0800018,1673300.0,136.8363495
2017-08-21 00:00:00,145.1300049,144.25,145.2700043,143.8300018,1099700.0,137.6329346
2017-08-22 00:00:00,145.5099945,145.2200012,146.6900024,144.9600067,1491800.0,137.9933014
2017-08-23 00:00:00,138.3600006,141.0,141.4299927,137.6999969,4313100.0,131.2126465
2017-08-24 00:00:00,138.7700043,138.5,138.9900055,138.1399994,1340000.0,131.6015167
2017-08-25 00:00:00,139.8800049,139.9400024,140.3399963,139.3399963,1397200.0,132.6541443
2017-08-28 00:00:00,139.5700073,140.6000061,140.6000061,139.1000061,1190700.0,132.3601685
2017-08-29 00:00:00,139.4100037,139.0,139.5700073,138.75,785300.0,132.2084351
2017-08-30 00:00:00,139.3300018,139.1999969,139.7599945,138.5599976,789600.0,132.1325989
2017-08-31 00:00:00,141.3699951,139.3300018,141.5899963,139.3300018,1305900.0,134.0671692
2017-09-01 00:00:00,141.0899963,141.5399933,141.7899933,140.1999969,932300.0,133.8016357
2017-09-05 00:00:00,141.6100006,140.4700012,142.2599945,140.4499969,1643600.0,134.2947998
2017-09-06 00:00:00,141.1199951,141.8999939,141.9100037,139.5099945,1108700.0,133.8301086
2017-09-07 00:00:00,142.2200012,141.3300018,142.5599976,141.0,746800.0,134.8732758
2017-09-08 00:00:00,142.5,142.2299957,143.0700073,142.2200012,863000.0,135.1387787
2017-09-11 00:00:00,143.6900024,143.2100067,143.6900024,142.4299927,1043700.0,136.267334
2017-09-12 00:00:00,143.5299988,143.6900024,143.8200073,142.7400055,802200.0,136.1155701
2017-09-13 00:00:00,143.0299988,143.5,144.1600037,142.7200012,1423600.0,135.641449
2017-09-14 00:00:00,144.4900055,142.7899933,144.9299927,142.7599945,1570400.0,137.0260162
2017-09-15 00:00:00,143.8800049,144.7200012,145.0399933,143.3099976,3154000.0,136.4474792
2017-09-18 00:00:00,144.5299988,144.1499939,144.8300018,143.7700043,810700.0,137.0639801
2017-09-19 00:00:00,143.0399933,144.9499969,144.9499969,142.8999939,818200.0,135.6509094
2017-09-20 00:00:00,142.7100067,143.4600067,143.7100067,141.6999969,655500.0,135.3379822
2017-09-21 00:00:00,140.6699982,142.3000031,142.6399994,140.6399994,848000.0,133.4033813
2017-09-22 00:00:00,140.8899994,141.0099945,141.1900024,140.2700043,713900.0,133.6119385
2017-09-25 00:00:00,140.1399994,140.8899994,141.3300018,138.9400024,917200.0,132.9007263
2017-09-26 00:00:00,141.0800018,140.7899933,141.5200043,140.2799988,856600.0,133.7921448
2017-09-27 00:00:00,140.9700012,141.3000031,141.5,139.7400055,757400.0,133.687851
2017-09-28 00:00:00,140.2200012,140.8300018,141.0,139.5099945,686100.0,133.3786926
2017-09-29 00:00:00,142.0200043,140.4100037,142.0800018,140.2100067,1204200.0,135.0909271
2017-10-02 00:00:00,143.5099945,142.4199982,143.6100006,141.6799927,1056300.0,136.5082092
2017-10-03 00:00:00,143.6300049,143.8000031,144.4700012,143.4299927,1105100.0,136.6223602
2017-10-04 00:00:00,145.9700012,143.8800049,146.4199982,143.8600006,1177500.0,138.848175
2017-10-05 00:00:00,148.3099976,145.9600067,148.3500061,145.5,1686200.0,141.0739746
2017-10-06 00:00:00,149.0,148.1600037,149.2299957,147.9199982,1129000.0,141.7303467
2017-10-09 00:00:00,145.9299927,148.6600037,149.0599976,145.5200043,1472600.0,138.8101196
2017-10-10 00:00:00,144.6900024,145.7299957,146.5500031,143.5500031,1714900.0,137.6306152
2017-10-11 00:00:00,146.4100037,145.4900055,146.6000061,144.9100037,1394500.0,139.2666931
2017-10-12 00:00:00,146.5599976,146.1499939,146.8600006,145.7799988,823500.0,139.4093933
2017-10-13 00:00:00,146.6900024,146.4600067,146.7799988,146.1000061,667200.0,139.53302
2017-10-16 00:00:00,147.2899933,146.4600067,147.5800018,146.2599945,950500.0,140.103714
2017-10-17 00:00:00,148.7899933,147.0,148.9700012,146.6499939,1249000.0,141.5305786
2017-10-18 00:00:00,148.6399994,149.0,150.0,148.4600067,866700.0,141.3878784
2017-10-19 00:00:00,149.3200073,148.8200073,149.3300018,148.0500031,869000.0,142.0347443
2017-10-20 00:00:00,150.4900055,149.9900055,150.5099945,148.8899994,1274400.0,143.147644
2017-10-23 00:00:00,149.9199982,150.1100006,151.8800049,149.7200012,798100.0,142.6053925
2017-10-24 00:00:00,149.6900024,149.6300049,149.8500061,148.4199982,738100.0,142.386673
2017-10-25 00:00:00,150.1799927,149.3200073,150.5599976,149.0200043,1100000.0,142.8527222
2017-10-26 00:00:00,148.8200073,150.2100067,150.6799927,148.7799988,1226100.0,141.5590973
2017-10-27 00:00:00,159.7400055,155.0,160.6199951,154.5399933,3209900.0,151.9463196
2017-10-30 00:00:00,155.3699951,159.4900055,159.6699982,153.8399963,2583500.0,147.7895203
2017-10-31 00:00:00,154.8699951,155.1799927,156.5500031,154.6300049,1339400.0,147.3139496
2017-11-01 00:00:00,154.4299927,155.0800018,155.2400055,153.5299988,1284600.0,146.895401
2017-11-02 00:00:00,155.0200043,154.4299927,155.6799927,154.25,1348100.0,147.4566193
2017-11-03 00:00:00,156.1799927,154.7799988,156.2200012,154.3999939,1165600.0,148.5600281
2017-11-06 00:00:00,155.6499939,156.2700043,156.7400055,155.4600067,787500.0,148.0558624
2017-11-07 00:00:00,156.2200012,156.2799988,156.4299927,155.6600037,1114600.0,148.598053
2017-11-08 00:00:00,156.4600067,156.0200043,156.7899933,155.6300049,710200.0,148.8263855
2017-11-09 00:00:00,156.6199951,156.1799927,157.0700073,155.6199951,728400.0,148.9785156
2017-11-10 00:00:00,154.4799957,156.0,156.0,152.25,1267300.0,146.9429474
2017-11-13 00:00:00,155.75,154.0,156.1199951,153.8999939,910500.0,148.1509857
2017-11-14 00:00:00,155.9499969,155.2799988,156.5500031,154.1799927,1011800.0,148.341217
2017-11-15 00:00:00,154.8000031,155.6900024,156.8399963,154.6699982,701200.0,147.247345
2017-11-16 00:00:00,156.4799957,156.6300049,157.5700073,156.0200043,1281600.0,148.8453522
2017-11-17 00:00:00,155.3999939,155.6900024,156.5899963,155.1799927,937000.0,147.8180542
2017-11-20 00:00:00,154.75,155.4499969,155.5,154.5500031,889800.0,147.1997681
2017-11-21 00:00:00,155.7299957,155.7599945,156.1100006,155.2200012,998000.0,148.1319885
2017-11-22 00:00:00,154.7899933,155.6300049,155.8800049,154.1300049,874400.0,147.237854
2017-11-24 00:00:00,154.6699982,154.8500061,155.1499939,153.6100006,581100.0,147.1236877
2017-11-27 00:00:00,155.1199951,154.9400024,155.2200012,154.3500061,1076800.0,147.5516968
2017-11-28 00:00:00,155.7799988,155.7299957,155.9199982,154.3800049,979500.0,148.1795349
2017-11-29 00:00:00,154.1000061,155.8699951,155.8800049,153.6199951,1284800.0,146.5814972
2017-11-30 00:00:00,156.0,154.4600067,156.8899994,153.7100067,3337700.0,148.3887787
2017-12-01 00:00:00,155.8699951,156.0500031,156.4700012,153.4700012,1263900.0,148.265152
2017-12-04 00:00:00,152.3600006,156.1600037,156.4700012,152.1499939,1351000.0,144.9263763
2017-12-05 00:00:00,152.0299988,152.4400024,153.8500061,151.8500061,982400.0,144.6125031
2017-12-06 00:00:00,151.7599945,152.1199951,152.4100037,151.1300049,1090500.0,144.3556366
2017-12-07 00:00:00,151.1499939,152.2200012,153.4700012,150.2400055,1145400.0,143.7754211
2017-12-08 00:00:00,151.9299927,151.6799927,152.4499969,151.1799927,688000.0,144.517395
2017-12-11 00:00:00,152.7100067,151.8099976,152.7299957,151.6600037,826200.0,145.2593384
2017-12-12 00:00:00,153.6699982,153.0299988,154.3200073,152.4900055,1078000.0,146.1724854
2017-12-13 00:00:00,153.3099976,153.7700043,154.1999969,152.9600067,1358800.0,145.8300323
2017-12-14 00:00:00,151.3399963,153.2100067,153.6499939,151.2200012,1406700.0,143.9561768
2017-12-15 00:00:00,154.25,152.6100006,154.5500031,152.0200043,2103800.0,146.7241669
2017-12-18 00:00:00,155.4900055,154.9400024,156.0,154.7599945,1003600.0,147.9037018
2017-12-19 00:00:00,155.2599945,155.8000031,156.5299988,155.1199951,853900.0,147.6848755
2017-12-20 00:00:00,154.7799988,155.5899963,156.3300018,154.3200073,1208500.0,147.2283173
2017-12-21 00:00:00,154.1000061,155.2599945,155.4100037,153.6199951,890100.0,146.5814972
2017-12-22 00:00:00,154.1399994,154.1300049,154.4499969,153.5,581300.0,146.6195221
2017-12-26 00:00:00,154.2100067,154.2299957,155.1399994,154.1499939,347500.0,146.6861572
2017-12-27 00:00:00,155.6199951,154.6399994,155.8600006,154.1600037,905400.0,148.0273285
2017-12-28 00:00:00,155.6199951,155.3300018,156.25,154.9799957,655700.0,148.4757538
2017-12-29 00:00:00,154.8399963,156.1300049,156.2599945,154.8399963,785700.0,147.7315674
2018-01-02 00:00:00,157.8999939,156.6499939,158.3999939,155.6499939,1060800.0,150.6510773
2018-01-03 00:00:00,158.7899933,157.8800049,160.3200073,157.4100037,1398700.0,151.5002136
2018-01-04 00:00:00,158.7400055,159.2299957,159.8200073,158.4799957,861700.0,151.4525604
2018-01-05 00:00:00,161.0599976,159.4400024,161.3200073,159.0099945,962700.0,153.6660004
2018-01-08 00:00:00,163.2599945,160.6799927,163.7400055,160.4499969,1240300.0,155.7650146
2018-01-09 00:00:00,160.7799988,163.5399933,164.1999969,159.2599945,1817400.0,153.39888
2018-01-10 00:00:00,159.5399933,160.3999939,160.8999939,157.7100067,1255000.0,152.2157745
2018-01-11 00:00:00,158.6000061,159.5700073,160.2599945,157.8500061,1129600.0,151.3189697
2018-01-12 00:00:00,158.2299957,159.0,161.75,158.0299988,1139000.0,150.9659424
2018-01-16 00:00:00,159.4700012,159.3600006,160.8999939,158.8500061,1369600.0,152.1490173
2018-01-17 00:00:00,160.2700043,160.0,160.4600067,159.0500031,1299700.0,152.9122772
2018-01-18 00:00:00,160.2799988,160.0899963,160.8200073,159.9400024,1364200.0,152.9218597
2018-01-19 00:00:00,161.2799988,161.0200043,161.8399963,160.3000031,1196700.0,153.8759308
2018-01-22 00:00:00,162.5200043,161.3000031,162.6600037,160.6300049,1354700.0,155.0589905
2018-01-23 00:00:00,161.9400024,162.5800018,163.6499939,161.7400055,1103500.0,154.5056458
2018-01-24 00:00:00,164.4900055,162.8399963,164.9799957,162.6300049,1332300.0,156.9385681
2018-01-25 00:00:00,165.5500031,165.1600037,165.7100067,164.2299957,1009500.0,157.9499054
2018-01-26 00:00:00,168.9100037,165.6499939,169.0099945,165.2899933,1310200.0,161.1556091
2018-01-29 00:00:00,168.75,168.7799988,170.0,168.3000031,1558100.0,161.0029755
2018-01-30 00:00:00,168.4499969,167.4799957,168.6399994,166.3099976,2171800.0,160.7167511
2018-01-31 00:00:00,164.3800049,168.1100006,168.1100006,163.4499969,2846500.0,156.8336334
2018-02-01 00:00:00,164.7799988,163.8500061,165.2700043,163.2899933,1495500.0,157.2152252
2018-02-02 00:00:00,162.25,163.8099976,164.5399933,162.0399933,1240900.0,154.8013916
2018-02-05 00:00:00,154.3999939,161.4499969,162.6699982,152.0099945,2576000.0,147.3117523
2018-02-06 00:00:00,154.1399994,150.7100067,155.4299927,150.3300018,2754400.0,147.0636902
2018-02-07 00:00:00,153.6699982,153.6000061,156.7599945,153.2700043,1607900.0,146.6152954
2018-02-08 00:00:00,148.0099945,153.6699982,154.3600006,147.9199982,1654200.0,141.2151184
2018-02-09 00:00:00,151.2200012,149.2700043,152.4799957,146.8000031,1550100.0,144.2777863
2018-02-12 00:00:00,153.6600037,152.5,154.7700043,152.0200043,1568600.0,146.6057739
2018-02-13 00:00:00,154.5599976,152.6100006,155.0099945,152.3000031,950000.0,147.4644012
2018-02-14 00:00:00,156.2400055,153.6999969,156.7799988,153.3300018,1792200.0,149.0673065
2018-02-15 00:00:00,158.5399933,157.4100037,158.5899963,156.1300049,1161000.0,151.2617188
2018-02-16 00:00:00,159.8699951,158.2299957,161.3099976,158.1799927,1064600.0,152.5306091
2018-02-20 00:00:00,158.7400055,159.1399994,159.9199982,157.7700043,1118900.0,151.4525604
2018-02-21 00:00:00,157.8800049,158.7899933,160.7100067,157.7700043,1428600.0,150.6319885
2018-02-22 00:00:00,158.9600067,158.8399963,160.5299988,158.1799927,811500.0,151.6624146
2018-02-23 00:00:00,161.6999969,159.6399994,161.75,158.8899994,983100.0,154.2766418
2018-02-26 00:00:00,165.7700043,163.1499939,165.9799957,162.9499969,1788900.0,158.15979
2018-02-27 00:00:00,164.1199951,166.0899963,166.7599945,164.1199951,1196700.0,156.5855103
2018-02-28 00:00:00,162.1600037,165.1699982,165.8699951,162.1000061,1358000.0,154.7154999
2018-03-01 00:00:00,159.2899933,161.8200073,162.0899963,158.2100067,1352400.0,151.9772797
2018-03-02 00:00:00,160.8000031,158.3000031,161.2299957,158.3000031,1108100.0,153.417984
2018-03-05 00:00:00,162.5399933,160.0,163.2100067,159.8800049,903000.0,155.0780792
2018-03-06 00:00:00,162.7299957,163.25,163.4100037,161.7400055,878500.0,155.2593384
2018-03-07 00:00:00,162.9900055,161.2400055,163.6499939,161.1100006,1096500.0,155.507431
2018-03-08 00:00:00,163.3500061,163.4400024,164.6199951,162.6600037,1250800.0,155.8509216
2018-03-09 00:00:00,166.4100037,164.3600006,167.6199951,163.8399963,1684000.0,158.7704315
2018-03-12 00:00:00,167.8899994,166.3099976,168.4100037,165.8200073,1580000.0,160.1824951
2018-03-13 00:00:00,167.1100006,168.9199982,168.9199982,166.6600037,1295600.0,159.4382935
2018-03-14 00:00:00,166.3800049,167.75,168.3800049,165.8399963,736700.0,158.7417755
2018-03-15 00:00:00,166.4499969,166.8399963,167.0299988,165.8300018,898400.0,158.8085938
2018-03-16 00:00:00,167.5099945,166.5399933,168.3000031,165.9199982,2045100.0,159.8199158
2018-03-19 00:00:00,166.0299988,167.2400055,167.75,164.6399994,1160600.0,158.4078674
2018-03-20 00:00:00,166.5099945,166.5599976,167.3699951,165.3699951,856700.0,158.8658142
2018-03-21 00:00:00,164.7299957,166.8200073,166.9700012,164.5599976,907300.0,157.167511
2018-03-22 00:00:00,160.8099976,163.6000061,164.0399933,160.5299988,980200.0,153.4274902
2018-03-23 00:00:00,157.5700073,160.4900055,161.25,157.4400024,1227400.0,150.3362427
2018-03-26 00:00:00,160.3999939,159.7400055,160.3999939,158.0099945,1336100.0,153.0363159
2018-03-27 00:00:00,158.5399933,160.9499969,161.9900055,157.5800018,961800.0,151.2617188
2018-03-28 00:00:00,157.9700012,158.4499969,159.5099945,157.3200073,822100.0,151.1660309
2018-03-29 00:00:00,160.9199982,158.9400024,162.3600006,158.2799988,1583900.0,153.9889526
2018-04-02 00:00:00,156.25,160.9199982,161.3600006,154.5099945,1239400.0,149.5200806
2018-04-03 00:00:00,159.0899963,156.5399933,159.1900024,155.1199951,1449900.0,152.2377625
2018-04-04 00:00:00,158.8300018,156.5,159.3999939,156.1600037,1022000.0,151.9889679
2018-04-05 00:00:00,160.0700073,160.0099945,161.0500031,158.7299957,773500.0,153.1755829
2018-04-06 00:00:00,155.1699982,159.1900024,159.8800049,153.7599945,929500.0,148.486618
2018-04-09 00:00:00,157.0500031,156.4400024,159.0800018,155.5899963,1134900.0,150.2856598
2018-04-10 00:00:00,160.3800049,158.5599976,161.1499939,158.2400055,1222800.0,153.4722443
2018-04-11 00:00:00,157.8500061,158.7299957,159.8500061,157.3999939,942600.0,151.051178
2018-04-12 00:00:00,158.5599976,159.1199951,159.8399963,158.0599976,1043100.0,151.7306213
2018-04-13 00:00:00,158.3500061,159.8300018,160.0800018,157.3600006,818900.0,151.5296478
2018-04-16 00:00:00,162.0599976,160.3000031,162.6300049,159.6000061,1097700.0,155.0798492
2018-04-17 00:00:00,163.6499939,162.9299927,164.1499939,160.9199982,1091200.0,156.6013794
2018-04-18 00:00:00,164.7100067,163.8899994,165.3200073,163.1900024,1425400.0,157.6157227
2018-04-19 00:00:00,163.5500031,164.1999969,164.6600037,162.4700012,1197000.0,156.5056915
2018-04-20 00:00:00,164.25,163.8399963,165.1999969,163.3600006,2041700.0,157.1755371
2018-04-23 00:00:00,166.7799988,164.8200073,167.7799988,164.6699982,1715200.0,159.5965271
2018-04-24 00:00:00,164.7100067,167.1000061,167.6699982,163.3999939,1279400.0,157.6157227
2018-04-25 00:00:00,165.3800049,163.9900055,165.6799927,162.5899963,1004600.0,158.2568817
2018-04-26 00:00:00,168.1100006,165.9600067,168.3600006,164.7799988,1254100.0,160.8692627
2018-04-27 00:00:00,170.6699982,170.2200012,171.3500061,166.5,1830400.0,163.3190155
2018-04-30 00:00:00,169.4199982,171.6300049,172.9900055,169.4199982,2067300.0,162.1228333
2018-05-01 00:00:00,168.9400024,169.3200073,169.9700012,167.5099945,1712700.0,161.6635437
2018-05-02 00:00:00,167.0299988,168.2599945,168.8000031,166.5099945,1346700.0,159.8357544
2018-05-03 00:00:00,166.8099976,166.5800018,167.3899994,163.9100037,1176800.0,159.6252594
2018-05-04 00:00:00,168.0,165.8899994,168.3600006,164.2899933,904100.0,160.7640381
2018-05-07 00:00:00,167.4799957,168.3000031,169.3200073,166.9900055,1338200.0,160.2664185
2018-05-08 00:00:00,166.6199951,166.9700012,167.3500061,165.4600067,1202800.0,159.4434967
2018-05-09 00:00:00,167.3899994,167.1600037,168.0599976,165.0099945,989800.0,160.1802826
2018-05-10 00:00:00,168.9700012,167.7299957,169.3899994,167.0500031,657000.0,161.6922455
2018-05-11 00:00:00,169.4799957,168.8000031,169.8899994,168.7200012,611500.0,162.1802673
2018-05-14 00:00:00,169.1499939,169.5200043,169.8399963,168.2700043,1359100.0,161.8644714
2018-05-15 00:00:00,168.2200012,167.9199982,168.7100067,167.2799988,1103800.0,160.9745483
2018-05-16 00:00:00,171.7599945,168.5,172.7299957,167.9199982,1576900.0,164.3620453
2018-05-17 00:00:00,171.2599945,171.4299927,171.9900055,170.1900024,759300.0,163.883606
2018-05-18 00:00:00,172.8099976,170.9799957,173.4700012,170.9799957,1043300.0,165.3668365
2018-05-21 00:00:00,173.7400055,173.8500061,174.4400024,172.5399933,731500.0,166.2568054
2018-05-22 00:00:00,172.8999939,173.8600006,174.1000061,172.7599945,671900.0,165.4529724
2018-05-23 00:00:00,175.4199982,172.3500061,175.5200043,172.3000031,950300.0,167.8644409
2018-05-24 00:00:00,175.0399933,175.0299988,176.7599945,174.2599945,1030900.0,167.5007782
2018-05-25 00:00:00,173.7799988,174.8099976,175.5099945,173.3899994,943900.0,166.2950287
2018-05-29 00:00:00,172.3399963,172.6100006,173.7100067,171.2400055,1056300.0,164.9170685
2018-05-30 00:00:00,175.0700073,173.1100006,175.9900055,173.0599976,734400.0,167.5295105
2018-05-31 00:00:00,174.0200043,175.5,176.0899963,173.9199982,978800.0,166.5247345
2018-06-01 00:00:00,175.4600067,175.1900024,175.9400024,174.0299988,714200.0,167.9026794
2018-06-04 00:00:00,176.3699951,175.7299957,177.0,174.3099976,827200.0,168.7734985
2018-06-05 00:00:00,177.2200012,177.4299927,177.6999969,176.0200043,1106700.0,169.5868835
2018-06-06 00:00:00,179.7799988,177.4299927,179.8399963,176.3800049,922100.0,172.0366211
2018-06-07 00:00:00,178.1499939,179.8399963,179.8399963,176.8800049,833700.0,170.4768677
2018-06-08 00:00:00,178.9499969,178.1999969,179.1499939,177.2100067,962000.0,171.2423859
2018-06-11 00:00:00,169.7799988,178.9700012,179.6000061,169.1000061,4439200.0,162.4673767
2018-06-12 00:00:00,162.5399933,169.3899994,169.3899994,162.2899933,7037500.0,155.5391846
2018-06-13 00:00:00,166.6000061,173.2299957,173.3099976,166.0,6769400.0,159.4243011
2018-06-14 00:00:00,168.75,168.3000031,169.6000061,167.5,2150500.0,161.4816895
2018-06-15 00:00:00,168.3800049,169.2400055,169.9499969,167.7400055,3369500.0,161.1276245
2018-06-18 00:00:00,170.25,167.2200012,170.7100067,166.9700012,1856500.0,162.9171143
2018-06-19 00:00:00,169.7299957,169.1000061,170.1199951,168.4600067,1477100.0,162.4195099
2018-06-20 00:00:00,169.5399933,170.2599945,171.0700073,169.4700012,1498700.0,162.2376709
2018-06-21 00:00:00,169.8099976,169.6900024,170.1600037,168.1199951,1471500.0,162.496048
2018-06-22 00:00:00,172.0,170.4100037,173.6799927,170.0,1596300.0,164.5917358
2018-06-25 00:00:00,170.2799988,171.1900024,171.6699982,168.6499939,1223500.0,162.9458008
2018-06-26 00:00:00,172.25,170.3600006,172.7400055,170.0500031,1213600.0,164.8309631
2018-06-27 00:00:00,169.1600037,171.7200012,172.8899994,168.9799957,1589100.0,161.8740387
2018-06-28 00:00:00,168.9700012,168.5800018,169.5200043,167.5500031,1430300.0,162.1427612
2018-06-29 00:00:00,168.8600006,169.7400055,171.0700073,168.7799988,1037800.0,162.0371704
2018-07-02 00:00:00,169.9600067,167.5599976,170.0399933,166.6900024,1078600.0,163.0927582
2018-07-03 00:00:00,169.7899933,169.9600067,170.75,169.2299957,436900.0,162.9295959
2018-07-05 00:00:00,171.3300018,171.0200043,171.6499939,169.5299988,750900.0,164.4073792
2018-07-06 00:00:00,173.1100006,171.8800049,173.6600037,170.9799957,855000.0,166.1154785
2018-07-09 00:00:00,173.6100006,173.4299927,174.5200043,172.4799957,556400.0,166.5952606
2018-07-10 00:00:00,174.3800049,174.1799927,174.8699951,173.8000031,656500.0,167.3341522
2018-07-11 00:00:00,173.4199982,173.5200043,174.6300049,172.8099976,634800.0,166.4129486
2018-07-12 00:00:00,174.3300018,174.2799988,174.7100067,173.0599976,620200.0,167.2861481
2018-07-13 00:00:00,174.3000031,174.5200043,174.6600037,173.6699982,536700.0,167.2573547
2018-07-16 00:00:00,173.4199982,174.1799927,174.2400055,172.8800049,792300.0,166.4129486
2018-07-17 00:00:00,176.1100006,173.6600037,176.6300049,173.4600067,944000.0,168.9942474
2018-07-18 00:00:00,173.7400055,176.0899963,177.3699951,173.6000061,933000.0,166.7200012
2018-07-19 00:00:00,172.8600006,173.2200012,173.7100067,172.2299957,1023400.0,165.8755493
2018-07-20 00:00:00,174.3000031,172.4199982,175.2400055,172.4199982,889500.0,167.2573547
2018-07-23 00:00:00,174.6799927,173.8099976,174.8800049,172.8099976,950000.0,167.6220245
2018-07-24 00:00:00,172.9199982,175.3999939,175.8600006,172.8600006,1287000.0,165.933136
2018-07-25 00:00:00,169.9799957,168.5,170.7400055,166.0700073,2778600.0,163.1119385
2018-07-26 00:00:00,171.3899994,170.2400055,171.9400024,169.0,1562700.0,164.4649353
2018-07-27 00:00:00,169.0399933,171.4600067,171.9600067,167.4100037,1176600.0,162.2098999
2018-07-30 00:00:00,164.9900055,168.7400055,168.75,164.6699982,1802100.0,158.3235474
2018-07-31 00:00:00,163.25,165.8399963,166.4700012,163.1600037,2549800.0,156.6538544
2018-08-01 00:00:00,165.0,163.3800049,165.5299988,163.3800049,1980500.0,158.3331146
2018-08-02 00:00:00,166.4499969,164.5599976,166.6100006,164.3300018,1413500.0,159.7245483
2018-08-03 00:00:00,165.3000031,167.0200043,167.0200043,164.7100067,1068000.0,158.6210022
2018-08-06 00:00:00,166.1300049,165.2100067,166.3500061,164.3000031,1232400.0,159.4174957
2018-08-07 00:00:00,165.1799927,166.1300049,166.6000061,164.4400024,1127200.0,158.5058441
2018-08-08 00:00:00,166.1600037,165.5,166.5700073,164.6699982,899900.0,159.4462585
2018-08-09 00:00:00,167.0099945,166.5899963,168.1799927,166.1499939,805400.0,160.2619171
2018-08-10 00:00:00,165.8800049,166.4199982,167.1399994,165.3800049,764300.0,159.1776123
2018-08-13 00:00:00,166.1100006,166.0500031,167.6199951,165.8500061,759800.0,159.3983002
2018-08-14 00:00:00,166.2100067,166.0899963,167.3099976,165.4199982,973100.0,159.4942474
2018-08-15 00:00:00,166.7799988,165.8300018,167.0299988,164.75,677200.0,160.0411987
2018-08-16 00:00:00,168.6900024,168.0,169.75,167.8500061,1160200.0,161.8740387
2018-08-17 00:00:00,169.9799957,168.6000061,170.2100067,167.6300049,1315500.0,163.1119385
2018-08-20 00:00:00,168.8999939,170.3099976,170.6300049,168.6300049,950300.0,162.0755463
2018-08-21 00:00:00,168.3000031,169.3399963,169.6999969,168.0500031,823100.0,161.4997864
2018-08-22 00:00:00,169.5500031,167.7599945,169.7899933,167.6900024,766000.0,162.6993103
2018-08-23 00:00:00,169.3999939,169.7299957,170.1499939,168.8600006,668400.0,162.5553284
2018-08-24 00:00:00,169.9799957,169.3999939,170.2799988,169.2700043,616800.0,163.1119385
2018-08-27 00:00:00,170.4799957,170.6900024,170.9499969,169.4799957,836300.0,163.5917206
2018-08-28 00:00:00,169.8899994,170.7599945,171.1799927,169.5,732800.0,163.0255432
2018-08-29 00:00:00,171.2700043,170.25,171.9600067,169.8300018,774200.0,164.3498077
2018-08-30 00:00:00,169.0200043,170.5599976,170.75,168.6000061,1276000.0,162.1907043
2018-08-31 00:00:00,169.4299927,168.4799957,169.7299957,167.3500061,1408400.0,162.584137
2018-09-04 00:00:00,168.6000061,169.5,169.9199982,168.2700043,755000.0,161.7876892
2018-09-05 00:00:00,168.0399933,167.8200073,168.4799957,166.0700073,868900.0,161.2503204
2018-09-06 00:00:00,171.25,168.0399933,171.6799927,167.3200073,1290300.0,164.3306274
2018-09-07 00:00:00,169.75,170.5200043,170.7799988,169.5,1144500.0,162.8912354
2018-09-10 00:00:00,170.3899994,170.4199982,171.7899933,170.1799927,1070800.0,163.5053558
2018-09-11 00:00:00,171.7599945,170.2200012,172.6499939,169.7299957,1180300.0,164.8200073
2018-09-12 00:00:00,173.2899933,171.5899963,173.4900055,171.0899963,1087300.0,166.2881775
2018-09-13 00:00:00,173.0700073,172.2799988,173.7799988,171.8099976,2388600.0,166.0770721
2018-09-14 00:00:00,170.5,173.4900055,173.6199951,170.0399933,1349600.0,163.6109161
2018-09-17 00:00:00,169.8800049,171.2200012,171.2200012,169.1600037,1443500.0,163.0159912
2018-09-18 00:00:00,174.1000061,169.75,174.1600037,169.3000031,1485100.0,167.0654602
2018-09-19 00:00:00,173.5299988,173.9700012,174.0099945,172.4499969,1512400.0,166.5185089
2018-09-20 00:00:00,173.4900055,174.0,174.1000061,172.4499969,1346900.0,166.4801025
2018-09-21 00:00:00,174.5,173.5099945,174.9600067,173.5099945,3222400.0,167.449295
2018-09-24 00:00:00,176.0800018,173.9400024,176.5700073,173.9400024,1227300.0,168.9654541
2018-09-25 00:00:00,175.7700043,176.2599945,176.75,175.5299988,603800.0,168.6679535
2018-09-26 00:00:00,175.7799988,175.8899994,177.0899963,174.9900055,1216600.0,168.6775665
2018-09-27 00:00:00,175.0399933,175.7599945,175.7599945,174.6699982,1006900.0,168.4177856
2018-09-28 00:00:00,177.6799927,175.0,177.7599945,175.0,1368700.0,170.9579163
2018-10-01 00:00:00,178.6499939,178.25,178.8999939,177.7100067,1293700.0,171.8912201
2018-10-02 00:00:00,177.3800049,178.6199951,178.6199951,176.0700073,1126800.0,170.6692352
2018-10-03 00:00:00,175.3099976,177.3500061,177.75,174.7599945,1124500.0,168.6775818
2018-10-04 00:00:00,173.5700073,174.8500061,174.9900055,172.5299988,1226200.0,167.003418
2018-10-05 00:00:00,174.0899963,174.0200043,174.5,172.6000061,1161200.0,167.5037079
2018-10-08 00:00:00,175.0,174.1600037,176.7400055,173.2400055,1483000.0,168.379303
2018-10-09 00:00:00,176.0800018,175.0599976,176.6399994,174.1499939,1020200.0,169.4184418
2018-10-10 00:00:00,171.1499939,176.0,176.6999969,170.8000031,2092700.0,164.674942
2018-10-11 00:00:00,168.7200012,170.5399933,171.7100067,167.1799927,1354200.0,162.3368988
2018-10-12 00:00:00,171.0399933,171.0599976,172.5299988,168.8899994,1161500.0,164.5691223
2018-10-15 00:00:00,169.4100037,170.6600037,171.3500061,169.0200043,790700.0,163.0007782
2018-10-16 00:00:00,175.1000061,171.1600037,175.5,171.1199951,1359700.0,168.4755096
2018-10-17 00:00:00,176.2299957,174.3200073,176.4799957,173.5299988,1108700.0,169.5627899
2018-10-18 00:00:00,173.1000061,176.4199982,176.5,171.4299927,1203600.0,166.5512238
2018-10-19 00:00:00,168.9400024,173.3399963,173.3399963,168.5800018,1707500.0,162.5485992
2018-10-22 00:00:00,167.7599945,169.2599945,169.5399933,166.9400024,1920200.0,161.413208
2018-10-23 00:00:00,166.6300049,165.8999939,167.6900024,164.0599976,1460500.0,160.3259583
2018-10-24 00:00:00,163.1999969,166.3500061,168.5299988,163.0,1841700.0,157.0256958
2018-10-25 00:00:00,165.2700043,164.4199982,166.3099976,162.3800049,2080000.0,159.017395
2018-10-26 00:00:00,160.3800049,164.0,164.0,156.6699982,3169900.0,154.312439
2018-10-29 00:00:00,161.75,162.6399994,164.0099945,159.7100067,1661700.0,155.6305847
2018-10-30 00:00:00,162.0399933,162.1900024,164.5,160.1300049,1356300.0,155.9096069
2018-10-31 00:00:00,162.2200012,163.5299988,164.0800018,161.7700043,1597400.0,156.0827942
2018-11-01 00:00:00,166.5700073,163.1199951,167.4600067,162.8300018,1741600.0,160.268219
2018-11-02 00:00:00,165.3699951,167.4700012,168.4600067,163.6699982,1100600.0,159.1136169
2018-11-05 00:00:00,166.3300018,165.9299927,167.1499939,165.2700043,974700.0,160.0373077
2018-11-06 00:00:00,166.7299957,165.8399963,166.8699951,165.2100067,990600.0,160.4222107
2018-11-07 00:00:00,169.75,168.0899963,169.8500061,167.3800049,1261900.0,163.3279572
2018-11-08 00:00:00,171.2899933,169.5899963,171.4600067,169.0099945,855200.0,164.8096619
2018-11-09 00:00:00,171.25,171.0,173.2599945,170.0200043,1423400.0,164.7711639
2018-11-12 00:00:00,170.0099945,171.3800049,172.7299957,168.9499969,1254500.0,163.5780487
2018-11-13 00:00:00,167.8200073,170.1199951,171.0500031,167.0399933,1173500.0,161.4709778
2018-11-14 00:00:00,166.0,168.4499969,168.7899933,165.1000061,1376900.0,159.7198029
2018-11-15 00:00:00,168.7200012,164.9400024,168.7400055,162.2899933,1187300.0,162.3368988
2018-11-16 00:00:00,172.1600037,167.8699951,172.5200043,167.8099976,1747800.0,165.6467285
2018-11-19 00:00:00,167.7200012,171.9799957,171.9799957,166.3000031,962400.0,161.3746948
2018-11-20 00:00:00,165.9499969,166.7100067,167.6499939,165.25,1474300.0,159.6716766
2018-11-21 00:00:00,164.3399963,165.9700012,166.9600067,162.8600006,1294700.0,158.1225891
2018-11-23 00:00:00,164.8000031,163.7700043,166.0700073,163.7700043,570300.0,158.5652313
2018-11-26 00:00:00,165.9100037,165.0700073,166.3399963,163.8099976,1631700.0,159.6332092
2018-11-27 00:00:00,167.0700073,165.5399933,167.1600037,164.5299988,1001500.0,160.7493134
2018-11-28 00:00:00,171.6799927,167.1999969,171.8699951,167.0800018,1364700.0,165.1849213
2018-11-29 00:00:00,170.9100037,170.8000031,172.8399963,170.2200012,1530900.0,164.4440002
2018-11-30 00:00:00,175.4600067,171.3600006,175.5099945,171.1600037,2590300.0,168.8218842
2018-12-03 00:00:00,173.8899994,175.6499939,176.0,172.8699951,1880500.0,167.3113098
2018-12-04 00:00:00,172.25,173.8000031,175.2400055,171.75,1703200.0,165.7333374
2018-12-06 00:00:00,172.4400024,170.4199982,172.4400024,167.1499939,1594900.0,165.9161682
2018-12-07 00:00:00,168.8500061,172.0200043,172.2599945,167.6900024,1268400.0,162.4619904
2018-12-10 00:00:00,171.2200012,169.4400024,171.8699951,167.0099945,1106000.0,164.7423248
2018-12-11 00:00:00,171.6600037,172.7799988,174.1699982,171.2799988,1385600.0,165.1656799
2018-12-12 00:00:00,172.6100006,172.6699982,174.9199982,171.75,1477000.0,166.0797272
2018-12-13 00:00:00,172.8600006,173.2599945,174.8500061,172.2599945,904700.0,166.3202362
2018-12-14 00:00:00,166.5599976,171.8899994,171.9900055,165.9499969,1463500.0,160.258606
2018-12-17 00:00:00,160.1100006,165.5299988,165.5299988,159.1499939,2355100.0,154.0526428
2018-12-18 00:00:00,161.4799957,163.5500031,163.5500031,159.8099976,1394000.0,155.3708191
2018-12-19 00:00:00,158.0,161.8099976,162.3500061,156.0,1276400.0,152.0224762
2018-12-20 00:00:00,153.7899933,157.1600037,157.9100037,152.6300049,1778200.0,147.9717255
2018-12-21 00:00:00,150.7299957,153.7899933,156.6499939,150.6300049,2747300.0,145.0274811
2018-12-24 00:00:00,145.0,150.0399933,150.5800018,144.9499969,998300.0,139.5142975
2018-12-26 00:00:00,150.8300018,145.4700012,150.8300018,144.75,1937900.0,145.1237488
2018-12-27 00:00:00,154.6000061,149.2799988,154.6000061,148.0099945,1623500.0,148.7510834
2018-12-28 00:00:00,154.8000031,155.0,156.6199951,153.6100006,1245900.0,149.4461975
2018-12-31 00:00:00,156.75,155.3000031,158.0399933,155.2799988,1186200.0,151.3287354
2019-01-02 00:00:00,154.5,155.8699951,157.7200012,153.4299927,1750000.0,149.1565552
2019-01-03 00:00:00,152.4600067,155.0200043,155.7799988,151.6300049,2320100.0,147.187149
2019-01-04 00:00:00,157.0599976,154.2400055,158.8600006,154.2400055,1785200.0,151.628006
2019-01-07 00:00:00,157.0,156.7799988,159.6799927,156.3500061,1617600.0,151.5700836
2019-01-08 00:00:00,158.8999939,158.0500031,159.4700012,156.5399933,1499800.0,153.4044037
2019-01-09 00:00:00,159.8000031,160.0299988,161.8800049,159.4299927,1216200.0,154.2732544
2019-01-10 00:00:00,161.3399963,159.0099945,161.4499969,158.2100067,1015700.0,155.7600098
2019-01-11 00:00:00,159.4900055,160.0599976,160.6199951,158.8999939,1116100.0,153.973999
2019-01-14 00:00:00,157.6600037,158.2299957,159.4100037,157.5500031,1327200.0,152.2072449
2019-01-15 00:00:00,162.1399994,157.5200043,162.2200012,157.4299927,1700700.0,156.5323334
2019-01-16 00:00:00,163.3999939,161.8399963,164.3399963,161.5200043,1792600.0,157.748764
2019-01-17 00:00:00,164.4100037,162.75,164.9100037,162.7299957,1164200.0,158.7238464
2019-01-18 00:00:00,167.5500031,165.75,168.1900024,164.8200073,2022000.0,161.7552338
2019-01-22 00:00:00,165.8800049,166.8600006,167.7200012,164.5200043,2400500.0,160.1429901
2019-01-23 00:00:00,165.7799988,165.9799957,167.3500061,164.3399963,1177000.0,160.0464325
2019-01-24 00:00:00,167.3000031,166.0800018,167.4499969,165.3699951,1209900.0,161.5138702
2019-01-25 00:00:00,165.7599945,168.0800018,168.1199951,165.4400024,1467200.0,160.0271454
2019-01-28 00:00:00,162.0,164.7200012,165.2100067,161.8899994,1927300.0,156.3972015
2019-01-29 00:00:00,161.0700073,162.1300049,163.4299927,160.7899933,1823100.0,155.4993134
2019-01-30 00:00:00,179.3899994,176.0099945,181.1799927,174.7899933,5426200.0,173.18573
2019-01-31 00:00:00,177.5700073,178.3399963,179.4799957,176.8500061,2909600.0,171.4286652
2019-02-01 00:00:00,177.3099976,177.8899994,178.9900055,176.4700012,1546800.0,171.1776886
2019-02-04 00:00:00,177.1399994,176.9799957,177.7200012,175.7400055,1376800.0,171.0135345
2019-02-05 00:00:00,179.3500061,177.8999939,179.8500061,177.4799957,1261800.0,173.1471252
2019-02-06 00:00:00,180.6999969,179.1399994,180.8000031,178.5,950200.0,174.4504242
2019-02-07 00:00:00,180.75,179.2400055,180.8099976,179.0500031,1351900.0,174.4987183
2019-02-08 00:00:00,182.6600037,179.6199951,182.6900024,179.5599976,1317700.0,176.3426361
2019-02-11 00:00:00,183.5299988,183.6100006,183.9600067,182.5500031,1480400.0,177.1825562
2019-02-12 00:00:00,185.6600037,184.8600006,185.8099976,183.1199951,1372200.0,179.2389069
2019-02-13 00:00:00,185.2899933,185.8999939,186.1699982,183.4199982,1257000.0,178.8816528
2019-02-14 00:00:00,185.5399933,185.0,186.75,184.3600006,866900.0,179.1230316
2019-02-15 00:00:00,186.8300018,187.3999939,187.6900024,186.3300018,1802800.0,180.3684387
2019-02-19 00:00:00,186.1100006,186.8399963,187.3999939,185.7299957,1356900.0,179.6733398
2019-02-20 00:00:00,187.6399994,186.2400055,188.0899963,186.1100006,1157300.0,181.1504059
2019-02-21 00:00:00,187.5800018,186.9400024,188.2700043,186.5399933,1010500.0,181.0924683
2019-02-22 00:00:00,188.6699982,187.8500061,188.7899933,187.4199982,813100.0,182.1447754
2019-02-25 00:00:00,187.4799957,189.1399994,189.6900024,186.2299957,1869000.0,180.9959106
2019-02-26 00:00:00,185.2400055,187.3200073,187.3200073,184.1799927,2152800.0,178.8334198
2019-02-27 00:00:00,186.7700043,184.3300018,187.5599976,184.3300018,1140400.0,180.3104858
2019-02-28 00:00:00,188.5099945,186.4799957,189.5700073,186.0700073,1358500.0,181.9903107
2019-03-01 00:00:00,191.5800018,189.6199951,191.8399963,189.0899963,1344200.0,184.9541473
2019-03-04 00:00:00,190.6699982,192.6300049,193.0,187.4499969,1111500.0,184.0756226
2019-03-05 00:00:00,189.9299927,190.5599976,190.6699982,188.6999969,828600.0,183.3611908
2019-03-06 00:00:00,188.3399963,190.0099945,190.3300018,187.4700012,764400.0,181.8261871
2019-03-07 00:00:00,187.0599976,188.3300018,188.9600067,186.5800018,1168700.0,180.5904388
2019-03-08 00:00:00,187.2299957,186.1100006,187.3399963,184.5,968800.0,180.7545776
2019-03-11 00:00:00,189.2200012,188.3899994,189.4600067,187.2599945,819700.0,182.6757355
2019-03-12 00:00:00,190.8000031,189.7799988,191.2299957,189.3300018,891400.0,184.2010956
2019-03-13 00:00:00,191.8399963,191.5,192.9499969,191.0500031,842800.0,185.2051239
2019-03-14 00:00:00,193.3500061,192.8399963,193.3500061,191.1199951,998300.0,186.6629486
2019-03-15 00:00:00,194.0399933,193.0700073,194.8000031,192.9100037,1734300.0,187.3290405
2019-03-18 00:00:00,193.5800018,194.6100006,194.6100006,192.5,1801100.0,186.8849792
2019-03-19 00:00:00,196.1199951,194.8800049,196.2700043,193.2799988,1212600.0,189.3371124
2019-03-20 00:00:00,197.1399994,196.1300049,198.75,195.3899994,1265200.0,190.3218384
2019-03-21 00:00:00,198.0,196.0599976,198.7100067,196.0599976,896900.0,191.1520844
2019-03-22 00:00:00,194.4400024,197.1300049,197.7100067,194.3999939,932700.0,187.7152252
2019-03-25 00:00:00,195.1699982,194.7299957,195.3999939,193.3200073,916100.0,188.4199677
2019-03-26 00:00:00,196.0800018,196.7599945,197.3200073,195.3600006,800600.0,189.2984772
2019-03-27 00:00:00,196.1999969,195.8999939,196.7799988,193.5700073,917400.0,189.4143524
2019-03-28 00:00:00,196.1199951,196.2100067,196.4299927,194.3600006,555200.0,189.840271
2019-03-29 00:00:00,197.5200043,197.0099945,197.8699951,195.8600006,1023800.0,191.1954346
2019-04-01 00:00:00,196.1000061,199.25,199.8500061,195.4600067,1625900.0,189.8209229
2019-04-02 00:00:00,195.1699982,196.0,196.4199982,194.8300018,919700.0,188.9206848
2019-04-03 00:00:00,194.8399963,196.2700043,196.8800049,194.0899963,1154700.0,188.6012421
2019-04-04 00:00:00,193.7100067,195.1900024,195.4499969,193.3200073,729200.0,187.507431
2019-04-05 00:00:00,195.2400055,194.3000031,196.0,193.7799988,640100.0,188.9884491
2019-04-08 00:00:00,195.7400055,195.4299927,196.0399933,192.7899933,1162100.0,189.4724426
2019-04-09 00:00:00,195.9700012,195.0700073,196.6900024,194.5099945,701900.0,189.6950684
2019-04-10 00:00:00,196.1399994,195.6499939,197.8300018,194.8300018,774500.0,189.8596191
2019-04-11 00:00:00,195.3300018,196.2599945,196.2599945,194.6999969,667200.0,189.0755615
2019-04-12 00:00:00,192.6699982,196.2200012,196.3699951,192.5200043,1457700.0,186.5007019
2019-04-15 00:00:00,193.4199982,193.1300049,193.8999939,192.3999939,1445600.0,187.2267151
2019-04-16 00:00:00,189.0399933,194.7200012,194.8699951,187.8899994,1683600.0,182.9869843
2019-04-17 00:00:00,180.2400055,189.4199982,189.5,180.0,3369100.0,174.4687195
2019-04-18 00:00:00,180.2599945,180.0800018,180.8300018,174.8399963,3396700.0,174.4880676
2019-04-22 00:00:00,182.1600037,180.2899933,183.6900024,179.4499969,1896300.0,176.327301
2019-04-23 00:00:00,186.9600067,183.0,187.3300018,182.0200043,2931400.0,180.9735565
2019-04-24 00:00:00,185.0399933,183.6199951,188.8899994,181.9299927,2735900.0,179.1150208
2019-04-25 00:00:00,187.1699982,183.6000061,187.8200073,183.6000061,1493200.0,181.1768494
2019-04-26 00:00:00,188.2799988,187.8999939,188.6699982,185.6799927,890300.0,182.2513123
2019-04-29 00:00:00,187.2899933,187.8300018,188.1600037,185.9499969,898000.0,181.2929993
2019-04-30 00:00:00,188.9100037,187.5399933,189.1499939,186.75,1063300.0,182.8611298
2019-05-01 00:00:00,186.6999969,188.75,188.8999939,186.0800018,972000.0,180.7218781
2019-05-02 00:00:00,188.8500061,186.9199982,189.1100006,186.5200043,1126300.0,182.8030701
2019-05-03 00:00:00,190.7100067,191.1499939,191.1499939,188.8999939,878600.0,184.6035004
2019-05-06 00:00:00,191.0200043,187.3300018,191.2599945,187.3300018,1111400.0,184.903595
2019-05-07 00:00:00,187.5299988,189.2400055,190.3000031,185.5399933,1502400.0,181.5253143
2019-05-08 00:00:00,188.0500031,187.7400055,189.0099945,186.2899933,910500.0,182.028656
2019-05-09 00:00:00,188.0099945,186.1499939,188.1699982,184.25,922000.0,181.9899292
2019-05-10 00:00:00,187.3000031,186.8600006,187.8200073,181.8699951,958200.0,181.3026581
2019-05-13 00:00:00,184.1999969,184.3099976,185.5599976,183.0,956300.0,178.3019409
2019-05-14 00:00:00,184.1799927,184.4900055,186.3899994,184.0800018,625100.0,178.2825775
2019-05-15 00:00:00,185.6699982,183.5,186.5099945,182.2100067,778300.0,179.7248383
2019-05-16 00:00:00,185.6300049,186.6300049,187.6499939,184.7700043,1172400.0,179.6861725
2019-05-17 00:00:00,184.1399994,183.8099976,186.4299927,183.6499939,998100.0,178.243866
2019-05-20 00:00:00,184.3099976,183.3399963,184.8999939,182.6900024,811500.0,178.4084167
2019-05-21 00:00:00,185.4499969,185.5899963,186.8399963,185.3899994,922100.0,179.5119324
2019-05-22 00:00:00,185.9499969,185.7200012,186.4799957,185.0599976,878500.0,179.9958954
2019-05-23 00:00:00,184.5,185.4100037,185.6100006,182.8000031,798900.0,178.5923004
2019-05-24 00:00:00,184.7700043,184.9900055,185.6699982,183.6399994,708000.0,178.8536987
2019-05-28 00:00:00,181.9799957,184.9400024,186.6199951,181.5200043,2393200.0,176.1530304
2019-05-29 00:00:00,181.3800049,181.5299988,181.9700012,180.0500031,1053300.0,175.5722198
2019-05-30 00:00:00,183.75,181.6699982,183.8999939,181.5500031,1192000.0,177.8663635
2019-05-31 00:00:00,183.2400055,182.8500061,184.9799957,182.0,1324100.0,177.3726807
2019-06-03 00:00:00,183.0200043,183.6999969,185.3000031,182.0899963,1124200.0,177.159729
2019-06-04 00:00:00,186.4499969,186.0,186.9900055,183.0800018,1375000.0,180.4799042
2019-06-05 00:00:00,189.1399994,188.0299988,189.6199951,186.7799988,1194500.0,183.0837708
2019-06-06 00:00:00,191.8200073,189.5500031,193.0899963,188.8800049,1037700.0,185.677948
2019-06-07 00:00:00,194.3000031,193.1699982,194.9299927,192.8200073,904200.0,188.0785675
2019-06-10 00:00:00,196.1199951,195.4100037,196.9400024,194.9600067,708200.0,189.840271
2019-06-11 00:00:00,194.8099976,197.2299957,197.8999939,193.4600067,815100.0,188.5722198
2019-06-12 00:00:00,197.1499939,195.25,197.1799927,195.0,651500.0,190.8372498
2019-06-13 00:00:00,196.7799988,197.6999969,197.6999969,195.5399933,736300.0,190.4791412
2019-06-14 00:00:00,195.4700012,197.3699951,197.6399994,195.4199982,744800.0,189.2110748
2019-06-17 00:00:00,196.3899994,195.6499939,196.8200073,195.1600037,579100.0,190.1016083
2019-06-18 00:00:00,198.1799927,197.0500031,198.3600006,196.3000031,1112700.0,191.8342896
2019-06-19 00:00:00,200.4900055,198.1799927,200.75,197.5599976,1189800.0,194.0703278
2019-06-20 00:00:00,203.2799988,202.5299988,204.1100006,201.3899994,1113100.0,196.7709961
2019-06-21 00:00:00,202.7200012,203.1499939,203.9100037,201.2100067,1840100.0,196.2289276
2019-06-24 00:00:00,204.4799957,203.5899963,204.9799957,203.0,902700.0,197.9325867
2019-06-25 00:00:00,203.8000031,204.4900055,205.3300018,203.1600037,1213000.0,197.2743378
2019-06-26 00:00:00,202.3699951,203.5200043,204.6999969,200.8200073,1326600.0,195.8901367
2019-06-27 00:00:00,202.5399933,202.8300018,203.1300049,201.5299988,758100.0,196.5597687
2019-06-28 00:00:00,205.5800018,203.0,205.7200012,202.2799988,1206200.0,199.5100098
2019-07-01 00:00:00,206.5399933,207.6399994,207.9499969,204.3200073,889800.0,200.4416656
2019-07-02 00:00:00,205.8000031,206.0,207.0700073,204.6399994,790900.0,199.7235107
2019-07-03 00:00:00,208.1499939,206.4799957,208.3399963,205.4499969,547000.0,202.0041046
2019-07-05 00:00:00,208.5599976,206.3500061,209.1600037,205.1000061,961800.0,202.4020081
2019-07-08 00:00:00,208.0700073,207.8500061,208.4700012,206.1000061,849900.0,201.9264832
2019-07-09 00:00:00,208.9700012,207.4900055,209.4600067,207.1999969,760200.0,202.799881
2019-07-10 00:00:00,209.0599976,208.7299957,210.0500031,208.6100006,559300.0,202.8872375
2019-07-11 00:00:00,210.8399963,208.8099976,210.8500061,208.4400024,681900.0,204.6147003
2019-07-12 00:00:00,206.3999939,210.8300018,210.8300018,205.8500061,1704600.0,200.3058167
2019-07-15 00:00:00,205.4900055,207.1000061,207.8300018,205.0399933,1254600.0,199.4226685
2019-07-16 00:00:00,205.3999939,206.2700043,206.9100037,205.0800018,815000.0,199.3353424
2019-07-17 00:00:00,207.9499969,206.3099976,208.5399933,206.1999969,975400.0,201.8100281
2019-07-18 00:00:00,210.4499969,206.7799988,210.5299988,206.0200043,932800.0,204.2362061
2019-07-19 00:00:00,208.0200043,210.9299927,211.1300049,207.9799957,1355200.0,201.8779602
2019-07-22 00:00:00,208.4900055,208.3699951,209.8699951,207.8000031,836100.0,202.3340607
2019-07-23 00:00:00,209.3699951,208.4299927,209.6499939,207.5399933,808600.0,203.1880951
2019-07-24 00:00:00,213.5700073,210.0,213.7200012,208.7100067,1145600.0,207.2641144
2019-07-25 00:00:00,212.6600037,213.1900024,214.6900024,212.1000061,1145100.0,206.3809814
2019-07-26 00:00:00,214.4499969,221.3099976,222.5899963,213.8500061,1575000.0,208.1181183
2019-07-29 00:00:00,215.3200073,214.8200073,215.4100037,213.3200073,1216000.0,208.9624329
2019-07-30 00:00:00,213.6100006,213.9900055,215.5200043,213.2700043,980900.0,207.3029175
2019-07-31 00:00:00,209.7799988,213.2200012,214.3699951,208.5099945,1218400.0,203.5859833
2019-08-01 00:00:00,212.9199982,210.7700043,215.1399994,210.7700043,1444600.0,206.6333008
2019-08-02 00:00:00,211.6199951,212.9199982,212.9199982,209.6100006,1158900.0,205.3716736
2019-08-05 00:00:00,205.6600037,209.6600037,210.3899994,204.25,1544400.0,199.5876465
2019-08-06 00:00:00,211.2100067,207.1600037,211.3300018,206.3999939,1134100.0,204.9737549
2019-08-07 00:00:00,211.7400055,209.2400055,211.9799957,206.5800018,883900.0,205.4881439
2019-08-08 00:00:00,217.7899933,211.9100037,217.9900055,211.8099976,1196600.0,211.3594971
2019-08-09 00:00:00,218.7400055,217.0,219.9700012,216.4299927,934200.0,212.2814331
2019-08-12 00:00:00,217.1900024,218.1399994,219.7100067,215.8600006,518500.0,210.7772064
2019-08-13 00:00:00,219.1100006,218.6699982,221.0,217.1799927,844900.0,212.6405182
2019-08-14 00:00:00,212.0599976,216.1900024,218.1600037,211.8899994,924800.0,205.7986603
2019-08-15 00:00:00,215.3000031,212.5299988,216.2100067,211.5,764400.0,208.9429932
2019-08-16 00:00:00,217.0,217.2400055,218.2100067,216.3899994,1237100.0,210.592804
2019-08-19 00:00:00,218.6399994,219.25,219.8200073,216.8699951,1416300.0,212.1843872
2019-08-20 00:00:00,217.9400024,219.4400024,220.6799927,217.7899933,919000.0,211.5050812
2019-08-21 00:00:00,219.0200043,219.3000031,220.1999969,217.5599976,732600.0,212.5531769
2019-08-22 00:00:00,218.2700043,219.0200043,220.4400024,217.3500061,614600.0,211.8253479
2019-08-23 00:00:00,214.1000061,218.1999969,219.6000061,212.8000031,1043900.0,207.7784424
2019-08-26 00:00:00,217.1399994,215.8600006,217.2400055,214.5399933,642900.0,210.7286682
2019-08-27 00:00:00,218.5099945,218.5,220.2299957,217.6000061,915500.0,212.0582275
2019-08-28 00:00:00,219.4900055,216.8600006,219.9799957,216.6399994,701700.0,213.0093079
2019-08-29 00:00:00,221.8200073,221.1799927,222.2799988,219.8800049,669400.0,215.2705078
2019-08-30 00:00:00,220.6600037,223.1999969,223.4499969,219.8200073,1038600.0,214.1447601
2019-09-03 00:00:00,218.1199951,219.1199951,220.3500061,215.9100037,1102200.0,211.6797333
2019-09-04 00:00:00,219.0,219.1399994,220.1499939,217.4100037,624500.0,212.5337524
2019-09-05 00:00:00,220.2200012,220.9400024,221.2200012,219.3500061,721200.0,213.7177429
2019-09-06 00:00:00,221.3999939,220.1100006,222.25,219.6999969,745500.0,214.8628845
2019-09-09 00:00:00,217.1799927,221.9299927,221.9299927,216.4600067,1337500.0,210.7674866
2019-09-10 00:00:00,213.6900024,215.9400024,216.2899933,210.4299927,1733600.0,207.3805389
2019-09-11 00:00:00,217.9499969,213.3899994,218.1699982,213.0299988,925800.0,211.5147705
2019-09-12 00:00:00,220.0399933,220.1300049,221.9199982,219.8600006,1059700.0,213.543045
2019-09-13 00:00:00,218.1799927,220.3600006,220.7100067,217.4799957,721800.0,211.7379608
2019-09-16 00:00:00,215.2899933,217.0,217.9100037,215.0,845700.0,208.9333191
2019-09-17 00:00:00,218.3999939,216.0,219.6199951,215.9600067,815900.0,211.9514771
2019-09-18 00:00:00,220.4799957,218.6600037,220.6499939,217.4199982,983300.0,213.9700623
2019-09-19 00:00:00,221.0500031,220.9100037,222.7299957,220.2599945,997100.0,214.5232391
2019-09-20 00:00:00,221.1999969,221.8200073,222.4199982,219.1900024,3744300.0,214.668808
2019-09-23 00:00:00,220.1900024,219.7700043,221.4600067,218.7899933,1089500.0,213.6886444
2019-09-24 00:00:00,217.9900055,221.3600006,223.0099945,216.8399963,1114200.0,211.5535889
2019-09-25 00:00:00,217.9499969,217.5099945,218.3800049,214.9199982,918800.0,211.5147705
2019-09-26 00:00:00,216.3899994,219.0399933,219.5200043,214.8200073,875200.0,210.0008087
2019-09-27 00:00:00,213.6100006,217.1699982,217.1699982,212.6999969,945500.0,207.8022614
2019-09-30 00:00:00,216.3000031,214.2100067,217.4700012,213.9900055,1338800.0,210.4191284
2019-10-01 00:00:00,212.7200012,216.5,217.1399994,212.1699982,1140700.0,206.9364777
2019-10-02 00:00:00,209.1000061,210.9900055,211.6999969,207.1900024,1388100.0,203.4148865
2019-10-03 00:00:00,213.1300049,208.3999939,213.3699951,207.4900055,789500.0,207.3353119
2019-10-04 00:00:00,215.4900055,213.9700012,215.9299927,213.9700012,709700.0,209.6311646
2019-10-07 00:00:00,212.9400024,214.4499969,215.1300049,212.6799927,673100.0,207.1504822
2019-10-08 00:00:00,207.8800049,211.6499939,211.6499939,207.8099976,1037500.0,202.2280731
2019-10-09 00:00:00,210.8699951,209.6699982,211.0700073,207.5200043,1512600.0,205.1367493
2019-10-10 00:00:00,211.2899933,209.5599976,211.9600067,208.6000061,920200.0,205.5453491
2019-10-11 00:00:00,213.8099976,213.8699951,215.5399933,212.5099945,934900.0,207.9968109
2019-10-14 00:00:00,212.6600037,214.0899963,214.4799957,212.2200012,682600.0,206.8781281
2019-10-15 00:00:00,214.9499969,214.3500061,216.1199951,213.6199951,556000.0,209.1058502
2019-10-16 00:00:00,215.75,214.3999939,216.1399994,213.1199951,1086000.0,209.8841095
2019-10-17 00:00:00,215.5599976,215.75,217.0,215.0800018,715200.0,209.6992798
2019-10-18 00:00:00,215.3200073,215.6999969,215.9799957,214.2799988,903900.0,209.4657898
2019-10-21 00:00:00,215.0700073,216.25,216.25,214.5299988,680600.0,209.2225952
2019-10-22 00:00:00,209.7599945,215.6000061,216.3899994,209.4199982,675200.0,204.0569458
2019-10-23 00:00:00,210.4600067,210.7400055,211.3699951,209.6699982,594800.0,204.7379456
2019-10-24 00:00:00,211.4100037,210.9100037,211.8000031,209.8800049,710800.0,205.6620636
2019-10-25 00:00:00,211.6199951,211.3699951,212.1699982,209.6199951,672900.0,205.866394
2019-10-28 00:00:00,213.7200012,211.6399994,214.4199982,211.0299988,1754200.0,207.9092865
2019-10-29 00:00:00,220.5299988,213.1499939,221.4900055,213.1499939,1834600.0,214.5341187
2019-10-30 00:00:00,217.0899963,214.9900055,220.5099945,214.1900024,1937600.0,211.1876373
2019-10-31 00:00:00,216.2700043,216.6199951,218.5899963,214.3699951,1082500.0,210.3899689
2019-11-01 00:00:00,212.7700043,217.8899994,218.8999939,212.7200012,1443700.0,206.9850922
2019-11-04 00:00:00,205.1699982,206.0,206.9700012,202.0,4457200.0,199.5917358
2019-11-05 00:00:00,198.3699951,205.2700043,206.1499939,197.9299927,4224600.0,192.9766235
2019-11-06 00:00:00,201.0099945,200.0099945,201.5899963,198.6799927,3056400.0,195.5448303
2019-11-07 00:00:00,200.7799988,202.2599945,203.3699951,198.7299957,1986900.0,195.321106
2019-11-08 00:00:00,199.7799988,200.7700043,201.8000031,199.6199951,1420600.0,194.3482971
2019-11-11 00:00:00,198.4199982,199.5700073,200.6100006,197.7100067,1333000.0,193.0252838
2019-11-12 00:00:00,200.1799927,199.6499939,201.1300049,198.9199982,1365500.0,194.7374115
2019-11-13 00:00:00,201.7299957,200.0099945,202.2799988,199.6000061,1129800.0,196.2452545
2019-11-14 00:00:00,203.1600037,201.7200012,203.8399963,201.1999969,1405300.0,197.6363831
2019-11-15 00:00:00,206.25,204.3800049,206.4700012,203.5,1767300.0,200.6423798
2019-11-18 00:00:00,205.0599976,206.25,207.6499939,204.6799927,1274600.0,199.4847412
2019-11-19 00:00:00,207.1199951,205.6600037,207.5399933,204.7799988,1415700.0,201.4887238
2019-11-20 00:00:00,204.3000031,207.0599976,208.5,203.5299988,1442200.0,198.7454224
2019-11-21 00:00:00,201.2799988,204.0,204.1699982,200.5099945,1584800.0,195.8075104
2019-11-22 00:00:00,201.5899963,202.5299988,202.8600006,199.75,1200000.0,196.1091003
2019-11-25 00:00:00,203.1000061,202.3600006,203.4900055,201.4400024,1294100.0,197.5780334
2019-11-26 00:00:00,202.4600067,204.0899963,204.0899963,201.9600067,1268200.0,196.9554596
2019-11-27 00:00:00,204.9400024,202.4799957,205.4400024,202.4799957,1430700.0,199.3680115
2019-11-29 00:00:00,204.8600006,205.0,205.5500031,203.7599945,507600.0,199.2901764
2019-12-02 00:00:00,202.3300018,205.0,205.5399933,201.5399933,780300.0,196.8289642
2019-12-03 00:00:00,203.0700073,201.4199982,203.2100067,201.1000061,735900.0,197.5488586
2019-12-04 00:00:00,204.3699951,203.3200073,204.5700073,202.4600067,1078300.0,198.8134918
2019-12-05 00:00:00,203.2100067,204.4499969,204.4499969,202.3600006,902700.0,197.6850433
2019-12-06 00:00:00,203.9900055,204.6999969,205.1900024,203.6100006,1457600.0,198.4438324
2019-12-09 00:00:00,200.3999939,204.0200043,204.8000031,199.1999969,1612000.0,194.9514313
2019-12-10 00:00:00,198.1300049,200.4400024,201.0800018,197.9799957,1646200.0,192.7431641
2019-12-11 00:00:00,197.9799957,198.7200012,198.9100037,197.1600037,2567800.0,192.5972443
2019-12-12 00:00:00,199.7700043,197.8099976,200.6499939,197.8099976,1804200.0,194.338562
2019-12-13 00:00:00,202.9299927,199.1699982,202.9700012,199.1699982,1038400.0,197.4126434
2019-12-16 00:00:00,204.25,203.8999939,205.0399933,203.5500031,1605400.0,198.6967468
2019-12-17 00:00:00,203.4600067,205.7200012,205.7200012,203.4600067,1878200.0,197.9282532
2019-12-18 00:00:00,208.5200043,204.5800018,208.8899994,203.5800018,2402200.0,202.8506775
2019-12-19 00:00:00,208.0800018,208.9199982,210.6699982,207.6499939,2118300.0,202.4226379
2019-12-20 00:00:00,210.0,209.6499939,210.3699951,208.1999969,2819800.0,204.2904205
2019-12-23 00:00:00,212.5399933,211.2200012,212.9900055,209.8200073,1656700.0,206.7613678
2019-12-24 00:00:00,211.5800018,212.6199951,212.9600067,211.0599976,436300.0,205.8274841
2019-12-26 00:00:00,209.75,211.7599945,212.2799988,208.1000061,829800.0,204.047226
2019-12-27 00:00:00,210.5500031,210.1499939,211.7700043,209.3899994,1057100.0,204.82547
2019-12-30 00:00:00,208.7299957,210.9799957,211.3300018,208.0599976,705000.0,203.6110077
2019-12-31 00:00:00,209.9400024,208.5,210.0200043,207.6999969,879100.0,204.7913513
2020-01-02 00:00:00,210.4499969,210.9400024,211.0,208.2100067,1092600.0,205.2888336
2020-01-03 00:00:00,209.5899963,207.0,210.5700073,207.0,801600.0,204.4499054
2020-01-06 00:00:00,212.2200012,209.1999969,213.0700073,208.2299957,1294500.0,207.0154419
2020-01-07 00:00:00,209.6199951,210.0299988,210.8500061,207.1100006,1077500.0,204.4791718
2020-01-08 00:00:00,210.6900024,210.5599976,212.0099945,209.2200012,1019100.0,205.522934
2020-01-09 00:00:00,211.6300049,211.8300018,212.9799957,211.2899933,744400.0,206.4398956
2020-01-10 00:00:00,209.6499939,212.6799927,212.8800049,209.4600067,1232700.0,204.5084229
2020-01-13 00:00:00,206.8899994,209.5,209.7700043,206.8399963,1398600.0,201.8161316
2020-01-14 00:00:00,207.9600067,206.3899994,209.1499939,205.6000061,1680500.0,202.8598938
2020-01-15 00:00:00,206.75,208.4700012,209.4199982,206.6000061,1323600.0,201.6795807
2020-01-16 00:00:00,209.4600067,207.7299957,209.4700012,206.7700043,2617100.0,204.3231201
2020-01-17 00:00:00,212.1699982,209.9400024,216.5299988,209.1900024,3742000.0,206.9666443
2020-01-21 00:00:00,214.6499939,212.0599976,214.6499939,211.6000061,1605100.0,209.3858337
2020-01-22 00:00:00,217.0700073,215.8399963,217.8800049,215.4700012,1528000.0,211.7464752
2020-01-23 00:00:00,216.2200012,216.9799957,218.3999939,215.1499939,1415400.0,210.9173431
2020-01-24 00:00:00,214.2299957,217.0299988,217.5800018,213.4799957,1558900.0,208.97612
2020-01-27 00:00:00,214.6000061,212.4100037,217.1799927,212.4100037,1553600.0,209.3370667
2020-01-28 00:00:00,214.1999969,214.8800049,215.4199982,213.5700073,1702900.0,208.9468842
2020-01-29 00:00:00,210.6799927,216.3899994,216.3899994,208.1600037,2871100.0,205.5131836
2020-01-30 00:00:00,213.8300018,210.0,214.1499939,209.3500061,2130700.0,208.5859375
2020-01-31 00:00:00,210.6999969,213.4499969,214.0,209.3600006,1511200.0,205.5327148
2020-02-03 00:00:00,211.6399994,210.5700073,212.9900055,210.5700073,1148500.0,206.449646
2020-02-04 00:00:00,216.3500061,214.6000061,217.7100067,213.8999939,1248900.0,211.0441284
2020-02-05 00:00:00,217.7299957,217.6399994,218.7799988,216.4499969,1160200.0,212.3903046
2020-02-06 00:00:00,218.2400055,218.7100067,219.3500061,217.1699982,790200.0,212.8878021
2020-02-07 00:00:00,214.8099976,218.1900024,219.0,214.6000061,942200.0,209.5419159
2020-02-10 00:00:00,217.2299957,214.8699951,217.4799957,214.8200073,650200.0,211.9025574
2020-02-11 00:00:00,218.1399994,218.0599976,218.9900055,216.6999969,834500.0,212.7902374
2020-02-12 00:00:00,216.0800018,218.5299988,219.2700043,216.0399933,871500.0,210.7807617
2020-02-13 00:00:00,217.4100037,216.3600006,218.2299957,215.3600006,1055200.0,212.0781403
2020-02-14 00:00:00,221.5399933,217.7899933,221.6199951,216.5200043,1447400.0,216.106842
2020-02-18 00:00:00,221.9299927,221.0,221.9499969,218.7799988,1533300.0,216.4872589
2020-02-19 00:00:00,225.1000061,222.5700073,226.3000031,222.0500031,1243700.0,219.5795746
2020-02-20 00:00:00,224.4700012,225.1000061,225.9499969,222.2799988,1006300.0,218.9649963
2020-02-21 00:00:00,224.3000031,223.3800049,224.4900055,222.2799988,1733000.0,218.7991486
2020-02-24 00:00:00,215.5500031,219.1000061,219.8999939,214.2299957,1617000.0,210.2637482
2020-02-25 00:00:00,206.3099976,215.5599976,216.2700043,205.25,1995300.0,201.250351
2020-02-26 00:00:00,201.6600037,207.5500031,210.9900055,201.6000061,1993400.0,196.714386
2020-02-27 00:00:00,194.8500061,198.4199982,202.1600037,194.8500061,2090700.0,190.0713959
2020-02-28 00:00:00,190.5899963,188.1399994,191.9600067,185.0299988,3091100.0,185.915863
2020-03-02 00:00:00,197.2200012,192.4400024,197.25,190.5700073,2503900.0,192.3832855
2020-03-03 00:00:00,188.8300018,198.6999969,201.5099945,185.6600037,3061000.0,184.1990509
2020-03-04 00:00:00,198.3999939,194.5800018,198.5,189.9700012,2532600.0,193.5343475
2020-03-05 00:00:00,189.6000061,197.1900024,197.1900024,185.8800049,2797800.0,184.9501648
2020-03-06 00:00:00,185.8800049,185.6499939,187.6999969,183.9799957,2798600.0,181.3214111
2020-03-09 00:00:00,172.6300049,175.3200073,177.8399963,171.3300018,3095900.0,168.396347
2020-03-10 00:00:00,183.5599976,179.7299957,183.7899933,173.3300018,2987200.0,179.0582733
2020-03-11 00:00:00,175.6199951,178.7200012,179.2200012,171.8099976,2881100.0,171.3130341
2020-03-12 00:00:00,154.25,166.0,170.5500031,153.9199982,4075100.0,150.4671021
2020-03-13 00:00:00,164.3000031,165.0,165.9499969,152.0,4716900.0,160.2706451
2020-03-16 00:00:00,143.8300018,147.8699951,150.8200073,138.2400055,5757500.0,140.3026428
2020-03-17 00:00:00,140.1600037,146.7100067,146.8300018,137.0,3902400.0,136.7226562
2020-03-18 00:00:00,139.0,133.2799988,139.25,126.0500031,5096300.0,135.5911102
2020-03-19 00:00:00,149.5,136.7599945,153.3999939,131.0099945,3485700.0,145.8336029
2020-03-20 00:00:00,139.3800049,153.2599945,156.8800049,139.0800018,5222000.0,135.9617767
2020-03-23 00:00:00,126.5,136.1699982,136.6000061,124.5400009,5261800.0,123.3976669
2020-03-24 00:00:00,143.4400024,136.0,144.6999969,131.6600037,3529500.0,139.922226
2020-03-25 00:00:00,153.0500031,145.75,158.2200012,141.5899963,3657400.0,149.2965546
2020-03-26 00:00:00,163.3300018,155.1300049,165.8800049,153.0500031,3278200.0,159.3244171
2020-03-27 00:00:00,159.2200012,156.1999969,164.1199951,153.6900024,3398900.0,155.3152313
2020-03-30 00:00:00,162.9600067,161.2299957,163.5299988,154.4299927,2325900.0,159.5396576
2020-03-31 00:00:00,166.4900055,162.7799988,170.9499969,162.5099945,2876200.0,162.9955444
2020-04-01 00:00:00,144.6699982,153.5,155.4600067,143.75,3238100.0,141.6335449
2020-04-02 00:00:00,149.5800018,142.6199951,150.5,142.0,2140100.0,146.4404755
2020-04-03 00:00:00,148.0700073,149.3899994,151.8300018,146.5500031,2061500.0,144.9621887
2020-04-06 00:00:00,165.6600037,158.5700073,167.0899963,157.9499969,3188400.0,162.1829834
2020-04-07 00:00:00,165.7899933,174.6100006,179.6300049,164.6499939,3462800.0,162.310257
2020-04-08 00:00:00,176.4299927,167.3099976,177.6100006,166.5099945,2471400.0,172.7268982
2020-04-09 00:00:00,182.7200012,176.5,184.2799988,175.8800049,2572300.0,178.884903
2020-04-13 00:00:00,172.0800018,179.4799957,180.4400024,169.5599976,2421000.0,168.4682312
2020-04-14 00:00:00,175.3899994,175.7400055,178.2400055,174.0599976,2122000.0,171.7087708
2020-04-15 00:00:00,172.5399933,169.8999939,172.8500061,168.4900055,1757200.0,168.9185791
2020-04-16 00:00:00,174.8099976,174.1199951,176.0,171.2799988,1353100.0,171.1409149
2020-04-17 00:00:00,189.5099945,178.7799988,189.5800018,178.7799988,2538900.0,185.5323944
2020-04-20 00:00:00,184.7200012,187.0700073,190.7200012,184.7200012,2238700.0,180.842926
2020-04-21 00:00:00,178.9100037,180.9400024,183.1900024,178.2700043,1890100.0,175.1548615
2020-04-22 00:00:00,181.9199982,182.4299927,183.2899933,179.7700043,1207000.0,178.1016998
2020-04-23 00:00:00,182.4799957,183.5,186.3300018,181.8999939,1567400.0,178.6499481
2020-04-24 00:00:00,188.1199951,184.0299988,188.6499939,182.2599945,1230800.0,184.1715393
2020-04-27 00:00:00,191.9600067,190.0,192.7799988,188.8999939,1549100.0,187.9309692
2020-04-28 00:00:00,185.0099945,193.7299957,195.9900055,184.6100006,1557800.0,181.1268311
2020-04-29 00:00:00,192.6799927,188.5899963,194.6399994,185.6399994,1817000.0,188.635849
2020-04-30 00:00:00,186.4299927,190.6300049,191.3000031,186.0299988,1947100.0,182.5170135
2020-05-01 00:00:00,180.6199951,193.0,193.0,176.4499969,2118200.0,176.8289642
2020-05-04 00:00:00,178.5700073,179.8500061,180.2899933,177.0,1590800.0,174.8220062
2020-05-05 00:00:00,187.9299927,181.0,191.4400024,180.9600067,2119300.0,183.9855347
2020-05-06 00:00:00,185.8399963,188.2400055,190.2200012,185.6000061,1474600.0,181.9394226
2020-05-07 00:00:00,192.1900024,189.7599945,193.6600037,188.1000061,2222900.0,188.1561279
2020-05-08 00:00:00,192.0800018,194.3899994,196.3200073,191.4299927,1991300.0,188.0484467
2020-05-11 00:00:00,193.6399994,190.0,194.1699982,188.8899994,1260400.0,189.5756989
2020-05-12 00:00:00,188.1699982,194.3600006,195.6900024,188.0700073,1295400.0,184.2205048
2020-05-13 00:00:00,181.1399994,187.1100006,187.2700043,178.8099976,1808000.0,177.3380737
2020-05-14 00:00:00,179.3800049,178.2700043,179.3999939,174.4600067,2226700.0,175.6150055
2020-05-15 00:00:00,180.2700043,177.75,180.4199982,175.4700012,2898800.0,176.4862976
2020-05-18 00:00:00,191.9199982,185.9499969,193.7599945,185.0,1937000.0,187.8918152
2020-05-19 00:00:00,188.2599945,191.0800018,192.5500031,188.1600037,1136600.0,184.3086395
2020-05-20 00:00:00,190.9799957,190.8399963,192.2200012,189.2299957,1510400.0,186.9715118
2020-05-21 00:00:00,185.0899963,189.7899933,190.0099945,184.4600067,1663400.0,181.2051697
2020-05-22 00:00:00,184.1399994,185.3699951,185.5599976,182.6100006,1669900.0,180.275116
2020-05-26 00:00:00,186.3000031,191.0500031,191.0500031,185.75,2878500.0,182.3897705
2020-05-27 00:00:00,191.6199951,188.6799927,191.8699951,186.3000031,1907700.0,187.5980835
2020-05-28 00:00:00,195.3500061,193.8800049,200.0,193.1199951,1696100.0,191.2498016
2020-05-29 00:00:00,195.7299957,195.9600067,196.8899994,191.3300018,1741800.0,191.6218414
2020-06-01 00:00:00,197.25,195.1199951,198.3099976,194.6300049,978300.0,193.1099548
2020-06-02 00:00:00,198.3899994,197.25,198.3999939,195.3399963,866800.0,194.2259979
2020-06-03 00:00:00,200.6999969,199.3099976,202.6999969,198.5299988,1186700.0,196.4875183
2020-06-04 00:00:00,198.0800018,198.7899933,201.8600006,195.3999939,1113800.0,193.9225159
2020-06-05 00:00:00,207.0299988,201.9299927,209.9299927,201.3800049,2081400.0,202.6846619
2020-06-08 00:00:00,206.0,206.4700012,208.3399963,204.5299988,975700.0,201.6762695
2020-06-09 00:00:00,200.6999969,204.8399963,205.5,200.2700043,1297700.0,196.4875183
2020-06-10 00:00:00,201.1499939,201.6999969,203.9499969,199.9400024,1141200.0,196.9280701
2020-06-11 00:00:00,183.5399933,195.2899933,195.5899963,182.6499939,2691200.0,179.6877136
2020-06-12 00:00:00,187.7899933,188.9499969,191.5,182.8500061,1938500.0,183.8484802
2020-06-15 00:00:00,188.4799957,183.1300049,190.0899963,181.2400055,1296400.0,184.5239868
2020-06-16 00:00:00,191.4700012,195.1499939,196.1699982,189.5,1362000.0,187.4512482
2020-06-17 00:00:00,189.5599976,192.1499939,192.5399933,188.5399933,1099200.0,185.5813446
2020-06-18 00:00:00,190.0200043,188.4400024,191.0500031,187.2799988,1053400.0,186.0316772
2020-06-19 00:00:00,187.1100006,193.5899963,194.0,187.0599976,2121500.0,183.1827545
2020-06-22 00:00:00,185.0899963,186.4400024,187.0,183.4600067,1446200.0,181.2051697
2020-06-23 00:00:00,186.8000031,187.1699982,189.5099945,186.4199982,1441000.0,182.8792725
2020-06-24 00:00:00,176.3000031,184.9600067,184.9600067,174.5599976,2180400.0,172.5996857
2020-06-25 00:00:00,175.6100006,175.4799957,177.1999969,171.75,2447200.0,171.9241486
2020-06-26 00:00:00,173.7599945,175.3800049,177.2700043,172.5,5415300.0,170.1129608
2020-06-29 00:00:00,177.5200043,174.3399963,177.6199951,172.3500061,2223900.0,174.3710632
2020-06-30 00:00:00,180.1900024,176.8600006,181.5099945,175.4100037,1442900.0,176.9937134
2020-07-01 00:00:00,183.8399963,180.9900055,184.3200073,180.5200043,1610400.0,180.5789642
2020-07-02 00:00:00,183.9400024,185.6699982,187.6100006,183.6300049,1084000.0,180.6772156
2020-07-06 00:00:00,183.8999939,186.3800049,187.6100006,182.6499939,1068000.0,180.6379089
2020-07-07 00:00:00,180.3399963,182.0,185.3300018,180.25,1262700.0,177.1410522
2020-07-08 00:00:00,181.7700043,180.8200073,182.6000061,178.9199982,1038600.0,178.5456848
2020-07-09 00:00:00,177.7700043,181.2400055,181.7299957,176.0700073,1304500.0,174.6166382
2020-07-10 00:00:00,177.8899994,177.8999939,179.1399994,176.1999969,1133400.0,174.7344971
2020-07-13 00:00:00,177.8600006,179.0800018,181.4100037,177.1399994,1949300.0,174.7050476
2020-07-14 00:00:00,182.7100067,177.2400055,182.9499969,176.5599976,1103100.0,179.4690247
2020-07-15 00:00:00,188.6199951,187.6999969,189.4499969,186.4600067,1521300.0,185.2741699
2020-07-16 00:00:00,186.5899963,187.2700043,187.2700043,184.5800018,1253300.0,183.2801819
2020-07-17 00:00:00,193.0500031,187.9700012,193.6799927,186.7599945,2183600.0,189.6256104
2020-07-20 00:00:00,190.6799927,192.4600067,193.8300018,190.0700073,1456500.0,187.2976379
2020-07-21 00:00:00,192.5099945,191.7299957,195.7200012,191.3099976,904700.0,189.0951843
2020-07-22 00:00:00,194.8699951,192.0,195.5599976,191.8600006,1286300.0,191.4132996
2020-07-23 00:00:00,195.1600037,194.7599945,197.8899994,194.3800049,980500.0,191.6981659
2020-07-24 00:00:00,198.8300018,194.9100037,199.0899963,193.7599945,1683900.0,195.3030548
2020-07-27 00:00:00,197.3399963,198.0,198.7899933,195.8099976,1345400.0,193.8395081
2020-07-28 00:00:00,194.2799988,197.7200012,198.3600006,194.1000061,908600.0,190.8337708
2020-07-29 00:00:00,201.4100037,196.7599945,202.3999939,195.9700012,1409400.0,197.8372955
2020-07-30 00:00:00,200.1999969,198.25,201.6300049,196.2700043,1284200.0,196.6487579
2020-07-31 00:00:00,193.3000031,195.4600067,196.7100067,188.0,2221200.0,189.87117
2020-08-03 00:00:00,191.6000061,193.0,194.3699951,190.6399994,1214600.0,188.2013092
2020-08-04 00:00:00,189.3000031,190.5,191.7100067,188.1300049,1194000.0,185.9421387
2020-08-05 00:00:00,187.9600067,190.1499939,192.9600067,187.7200012,1942900.0,184.625885
2020-08-06 00:00:00,188.5899963,187.5700073,188.6600037,185.2599945,1497800.0,185.2447205
2020-08-07 00:00:00,191.5399933,188.4799957,192.5099945,188.25,1081200.0,188.1423798
2020-08-10 00:00:00,187.6699982,191.3899994,192.0200043,187.4499969,1079200.0,184.3410339
2020-08-11 00:00:00,188.9199982,189.2599945,192.1900024,187.1499939,1023000.0,185.5688629
2020-08-12 00:00:00,190.1799927,190.6100006,192.0399933,189.7299957,767500.0,186.8065186
2020-08-13 00:00:00,190.9600067,188.9199982,191.2899933,188.6499939,696900.0,187.5726929
2020-08-14 00:00:00,188.3699951,190.0,190.3200073,187.1999969,1008600.0,185.0286102
2020-08-17 00:00:00,189.0299988,188.7299957,190.9199982,188.0899963,772000.0,185.6769104
2020-08-18 00:00:00,189.3600006,189.3699951,190.6699982,188.2299957,619000.0,186.0010376
2020-08-19 00:00:00,186.1000061,189.3600006,189.9100037,185.3699951,1005800.0,182.7988892
2020-08-20 00:00:00,187.8600006,185.1999969,188.9700012,185.1999969,873300.0,184.5276642
2020-08-21 00:00:00,188.7799988,187.8600006,189.0399933,186.8200073,1095400.0,185.4313354
2020-08-24 00:00:00,188.6999969,189.3600006,191.1699982,187.9700012,897800.0,185.3527527
2020-08-25 00:00:00,189.5700073,189.5299988,190.5800018,187.8800049,811100.0,186.2073212
2020-08-26 00:00:00,189.0099945,188.5099945,189.5,186.8200073,846900.0,185.6572571
2020-08-27 00:00:00,196.1999969,189.0700073,197.3800049,188.4700012,1507000.0,192.7197113
2020-08-28 00:00:00,198.2100067,196.4700012,198.6000061,194.0399933,946100.0,194.6940613
2020-08-31 00:00:00,198.1600037,196.9799957,199.3000031,195.7700043,1076600.0,194.6449738
2020-09-01 00:00:00,198.0299988,196.9299927,198.0599976,196.3899994,925400.0,194.5172729
2020-09-02 00:00:00,201.6199951,198.4199982,202.3500061,197.5899963,1944100.0,198.0435791
2020-09-03 00:00:00,198.1399994,202.5800018,202.7400055,196.4700012,1330200.0,194.6253052
2020-09-04 00:00:00,197.6199951,199.9799957,200.3500061,194.6600037,1044700.0,194.114502
2020-09-08 00:00:00,200.0800018,195.9600067,201.3399963,194.6399994,1537300.0,196.530899
2020-09-09 00:00:00,205.4100037,202.3600006,208.2200012,201.6900024,2487800.0,201.7663269
2020-09-10 00:00:00,201.7799988,205.4900055,206.6399994,201.0800018,1115600.0,198.2007446
2020-09-11 00:00:00,202.0200043,202.6999969,203.2200012,200.5299988,902600.0,198.4364929
2020-09-14 00:00:00,205.5099945,203.75,206.8699951,203.4900055,929100.0,201.8645782
2020-09-15 00:00:00,210.5,206.1999969,211.9600067,206.0599976,2052500.0,206.7660522
2020-09-16 00:00:00,215.8099976,211.7799988,216.8500061,211.4600067,2038000.0,211.9818726
2020-09-17 00:00:00,211.5700073,213.1699982,215.3300018,210.6799927,1427100.0,207.8171082
2020-09-18 00:00:00,206.3800049,211.6900024,213.0899963,205.6900024,2612000.0,202.7191467
2020-09-21 00:00:00,202.9100037,202.0500031,203.4700012,199.0800018,1316600.0,199.3107147
2020-09-22 00:00:00,203.3699951,202.3000031,203.6499939,199.0399933,1036100.0,199.762558
2020-09-23 00:00:00,202.3999939,203.8500061,205.5200043,201.8500061,1048500.0,198.8097382
2020-09-24 00:00:00,198.9600067,201.6300049,201.7899933,197.5800018,928400.0,195.4307709
2020-09-25 00:00:00,205.0099945,196.75,205.1499939,196.75,836000.0,201.3734283
2020-09-28 00:00:00,207.25,209.0200043,210.1499939,207.0099945,1219100.0,203.5737
2020-09-29 00:00:00,204.7400055,207.9900055,208.8600006,203.4499969,782100.0,201.6677551
2020-09-30 00:00:00,208.3699951,205.2200012,210.6699982,204.7799988,1098400.0,205.2432709
2020-10-01 00:00:00,208.6699982,209.8399963,210.2400055,206.3300018,1050900.0,205.5387573
2020-10-02 00:00:00,208.3000031,205.8500061,210.9299927,204.4499969,966300.0,205.1743317
2020-10-05 00:00:00,214.0599976,210.5399933,214.1000061,210.3699951,999600.0,210.8479004
2020-10-06 00:00:00,210.5899963,213.8000031,214.8099976,210.0200043,808700.0,207.4299469
2020-10-07 00:00:00,217.3999939,213.4299927,218.1199951,213.1799927,1067000.0,214.1377716
2020-10-08 00:00:00,219.0899963,218.0,220.1000061,216.8099976,1125600.0,215.8023987
2020-10-09 00:00:00,222.9299927,220.0,224.7299957,219.6199951,1237800.0,219.5847778
2020-10-12 00:00:00,225.6300049,225.0,227.3899994,223.6000061,1081000.0,222.2442932
2020-10-13 00:00:00,220.0,224.0899963,224.8999939,219.2899933,852400.0,216.698761
2020-10-14 00:00:00,221.2200012,220.4900055,224.6600037,220.0800018,743400.0,217.9004517
2020-10-15 00:00:00,222.3300018,217.3600006,223.3500061,216.9600067,773000.0,218.9938049
2020-10-16 00:00:00,224.0500031,223.8000031,227.0599976,223.3200073,820600.0,220.6879883
2020-10-19 00:00:00,220.8899994,224.1999969,226.0,219.7299957,763300.0,217.5753784
2020-10-20 00:00:00,220.8000031,222.1300049,224.6000061,220.4799957,603500.0,217.4867554
2020-10-21 00:00:00,220.8999939,221.5899963,222.7599945,219.7299957,607600.0,217.5852509
2020-10-22 00:00:00,224.6399994,221.4600067,225.0299988,219.6600037,971100.0,221.2691498
2020-10-23 00:00:00,221.8999939,226.0,226.4100037,221.0700073,858900.0,218.5702362
2020-10-26 00:00:00,214.7400055,218.7899933,218.9199982,212.6900024,1322900.0,211.5177002
2020-10-27 00:00:00,213.4600067,214.6900024,216.7700043,213.0200043,864600.0,210.256897
2020-10-28 00:00:00,204.9499969,208.8300018,209.1000061,203.6600037,1184100.0,201.874588
2020-10-29 00:00:00,205.3899994,204.9600067,208.5200043,202.2700043,1065600.0,202.3080139
2020-10-30 00:00:00,202.0099945,209.2799988,212.4900055,196.0899963,2385200.0,198.978714
2020-11-02 00:00:00,202.7799988,204.0,206.0800018,200.25,1274400.0,199.7371521
2020-11-03 00:00:00,208.2599945,206.0,209.6600037,205.1100006,1044300.0,205.1349335
2020-11-04 00:00:00,207.7299957,209.8200073,215.0,207.0500031,1140000.0,204.612854
2020-11-05 00:00:00,210.6000061,211.1199951,212.2799988,208.8500061,1113400.0,207.4398041
2020-11-06 00:00:00,213.4400024,210.8800049,215.0,208.9199982,1119100.0,210.2372131
2020-11-09 00:00:00,234.3500061,231.3500061,241.5299988,230.6399994,3092700.0,230.8334656
2020-11-10 00:00:00,230.5700073,232.6600037,233.0,227.25,1380400.0,227.1101532
2020-11-11 00:00:00,225.2400055,232.4600067,232.4600067,223.8300018,1166000.0,221.8601379
2020-11-12 00:00:00,225.2200012,224.2799988,227.4499969,222.6100006,826000.0,221.8404236
2020-11-13 00:00:00,231.9400024,226.3300018,232.3899994,226.0,938900.0,228.45961
2020-11-16 00:00:00,235.7799988,235.1499939,236.0299988,231.7599945,1646600.0,232.2419586
2020-11-17 00:00:00,231.4400024,232.3500061,233.5800018,227.5,997900.0,227.9671021
2020-11-18 00:00:00,231.7599945,231.3699951,234.9499969,231.0,855800.0,228.2822876
2020-11-19 00:00:00,233.5700073,231.0,234.0099945,229.4400024,1099600.0,230.0651398
2020-11-20 00:00:00,232.8600006,232.7400055,234.2700043,231.0200043,1116800.0,229.3657837
2020-11-23 00:00:00,233.0099945,233.4499969,235.4100037,232.1900024,699300.0,229.5135345
2020-11-24 00:00:00,240.3099976,235.3899994,242.5099945,235.0800018,1522900.0,236.7040253
2020-11-25 00:00:00,233.7200012,240.2899933,240.5099945,233.0599976,1900100.0,230.2128906
2020-11-27 00:00:00,232.8099976,235.6799927,236.6000061,231.8099976,787600.0,229.3165283
2020-11-30 00:00:00,233.3999939,233.5700073,234.7400055,230.7599945,1671900.0,229.8976746
2020-12-01 00:00:00,231.0,235.6300049,236.1100006,230.1900024,1464200.0,227.5336914
2020-12-02 00:00:00,234.2599945,230.9299927,234.3099976,229.5500031,787600.0,230.7447815
2020-12-03 00:00:00,234.7799988,234.2700043,236.3699951,232.8999939,1067500.0,231.2569733
2020-12-04 00:00:00,239.5899963,234.7100067,239.5899963,234.1900024,844400.0,235.9947815
2020-12-07 00:00:00,236.8000031,237.5,239.3300018,235.6199951,705600.0,233.2466736
2020-12-08 00:00:00,235.4499969,234.7599945,236.6799927,234.1000061,925900.0,231.9169159
2020-12-09 00:00:00,235.9299927,236.2200012,237.8000031,235.0500031,1006800.0,232.3897095
2020-12-10 00:00:00,235.1300049,235.0,237.2599945,233.4400024,875200.0,231.6017303
2020-12-11 00:00:00,232.1999969,234.0,234.7700043,230.2599945,1057100.0,228.715683
2020-12-14 00:00:00,230.9499969,233.8600006,236.4499969,230.8000031,1069600.0,227.484436
2020-12-15 00:00:00,234.0599976,233.8200073,235.8000031,230.5599976,1016900.0,230.5477905
2020-12-16 00:00:00,235.1300049,233.5099945,236.1199951,231.7899933,794100.0,231.6017303
2020-12-17 00:00:00,238.1000061,236.0,238.2299957,235.1799927,776400.0,234.5271606
2020-12-18 00:00:00,240.0,238.1499939,240.4900055,236.1399994,2504700.0,236.3986511
2020-12-21 00:00:00,234.8600006,235.4299927,236.5700073,230.6000061,936700.0,231.3357544
2020-12-22 00:00:00,235.2899933,234.7899933,236.5800018,231.4299927,817300.0,231.7593231
2020-12-23 00:00:00,236.3300018,236.7799988,239.0,236.3099976,619600.0,232.7836914
2020-12-24 00:00:00,237.0599976,237.1799927,238.25,236.3300018,256400.0,233.5027466
2020-12-28 00:00:00,238.5399933,239.0,240.4499969,237.9199982,628300.0,234.9605408
2020-12-29 00:00:00,240.8500061,240.8899994,242.4499969,239.8600006,824200.0,237.2358856
2020-12-30 00:00:00,242.0599976,240.3200073,242.8200073,240.3200073,855800.0,239.0530396
2020-12-31 00:00:00,245.0399933,242.1000061,245.3399963,240.5299988,639900.0,241.9960175
2021-01-04 00:00:00,239.0200043,245.3399963,245.5299988,236.2299957,1114900.0,236.0507965
2021-01-05 00:00:00,239.6600037,239.3600006,241.5399933,238.25,1363900.0,236.6828461
2021-01-06 00:00:00,242.4499969,238.8800049,242.7200012,236.7700043,1981800.0,239.4382019
2021-01-07 00:00:00,243.7200012,242.7899933,244.2299957,239.6499939,921100.0,240.6924133
2021-01-08 00:00:00,243.6600037,244.5899963,247.4400024,241.6399994,1378500.0,240.6331482
2021-01-11 00:00:00,241.8500061,242.6199951,243.3300018,240.7899933,544800.0,238.8456573
2021-01-12 00:00:00,239.2100067,240.3500061,241.8200073,237.2899933,824100.0,236.2384644
2021-01-13 00:00:00,243.1999969,239.1999969,244.25,238.5899963,696000.0,240.1788788
2021-01-14 00:00:00,242.1300049,242.8999939,244.1100006,240.8099976,1053800.0,239.1221619
2021-01-15 00:00:00,241.9900055,241.8399963,243.6600037,238.75,1281100.0,238.9839172
2021-01-19 00:00:00,242.0700073,243.0,244.25,240.5599976,835700.0,239.062912
2021-01-20 00:00:00,245.2100067,242.3999939,246.6900024,240.6799927,959200.0,242.1639099
2021-01-21 00:00:00,243.6000061,244.3800049,245.3399963,240.4799957,991100.0,240.5739136
2021-01-22 00:00:00,239.9299927,242.6000061,243.0099945,239.9199982,908600.0,236.9494781
2021-01-25 00:00:00,239.5500031,239.2100067,239.9700012,236.8699951,1371600.0,236.574234
2021-01-26 00:00:00,238.0,240.0299988,242.1499939,237.7299957,1053500.0,235.0434723
2021-01-27 00:00:00,230.75,235.0,235.4600067,229.5800018,1488900.0,227.8835449
2021-01-28 00:00:00,230.0,232.4900055,234.5899963,226.8800049,2004300.0,227.1428528
2021-01-29 00:00:00,221.0099945,229.0,229.7599945,220.8999939,2192100.0,218.2645264
2021-02-01 00:00:00,226.5399933,223.5200043,227.4199982,222.6900024,2097300.0,223.7258301
2021-02-02 00:00:00,235.1300049,229.5200043,238.7400055,229.3699951,1850100.0,232.2091064
2021-02-03 00:00:00,233.9499969,233.6799927,235.3999939,230.3200073,1237900.0,231.0437622
2021-02-04 00:00:00,237.0800018,233.9499969,241.1499939,232.5399933,1211000.0,234.134903
2021-02-05 00:00:00,238.7799988,240.0500031,241.9700012,237.9700012,1242300.0,235.8137817
2021-02-08 00:00:00,242.4499969,238.4199982,242.5500031,238.0599976,925400.0,239.4382019
2021-02-09 00:00:00,242.1499939,242.6699982,244.2799988,240.5700073,758600.0,239.141922
2021-02-10 00:00:00,243.0299988,243.8099976,244.6000061,241.3800049,752300.0,240.0109863
2021-02-11 00:00:00,245.3399963,244.1799927,245.9900055,242.5500031,663600.0,242.2922821
2021-02-12 00:00:00,248.1499939,243.75,248.6900024,243.1600037,1294200.0,245.0673828
2021-02-16 00:00:00,247.8600006,247.4299927,248.3000031,243.75,2316200.0,244.7809906
2021-02-17 00:00:00,246.5700073,247.1100006,247.6100006,243.6399994,1673800.0,243.5070038
2021-02-18 00:00:00,245.1600037,245.1600037,247.3099976,243.4299927,2351500.0,242.1145477
2021-02-19 00:00:00,242.0899963,245.4799957,246.3800049,241.0899963,1509200.0,239.0826721
2021-02-22 00:00:00,243.1499939,240.4199982,244.6000061,238.7400055,1077200.0,240.1294861
2021-02-23 00:00:00,246.5599976,244.4199982,248.1499939,241.9600067,1289800.0,243.4971466
2021-02-24 00:00:00,248.8200073,246.0,249.9199982,245.3399963,1274500.0,245.7290649
2021-02-25 00:00:00,245.7799988,248.8500061,250.0200043,244.1900024,958100.0,242.7268219
2021-02-26 00:00:00,242.6900024,247.3399963,247.3399963,242.1100006,1164700.0,239.6752167
2021-03-01 00:00:00,245.8099976,245.3000031,247.8300018,244.9499969,863900.0,242.7564392
2021-03-02 00:00:00,245.3899994,247.0599976,247.1699982,243.5099945,996400.0,242.3416748
2021-03-03 00:00:00,242.8800049,244.1000061,245.0500031,242.3500061,903400.0,239.862854
2021-03-04 00:00:00,235.8000031,242.7899933,243.2100067,233.0599976,1371100.0,232.8708038
2021-03-05 00:00:00,240.0299988,237.5800018,241.2400055,232.5800018,1617600.0,237.048233
2021-03-08 00:00:00,236.0,239.6999969,240.5,235.8200073,1308800.0,233.0682983
2021-03-09 00:00:00,237.1699982,238.1999969,242.5099945,237.1300049,993100.0,234.2237854
2021-03-10 00:00:00,240.0800018,238.9299927,240.9900055,237.1799927,953800.0,237.0976257
2021-03-11 00:00:00,239.2599945,240.8300018,240.9900055,238.0700073,1055700.0,236.2878113
2021-03-12 00:00:00,240.7599945,238.7100067,241.2100067,238.7100067,692500.0,237.7691803
2021-03-15 00:00:00,241.25,241.3999939,241.7599945,239.2599945,1153800.0,238.2530823
2021-03-16 00:00:00,238.0299988,241.3999939,242.0899963,236.3800049,1098500.0,235.0731049
2021-03-17 00:00:00,236.1799927,239.3099976,239.3099976,235.5200043,1394400.0,233.2460632
2021-03-18 00:00:00,230.8600006,235.7299957,236.3999939,230.3000031,1683100.0,227.9921722
2021-03-19 00:00:00,230.0,230.1000061,233.4499969,227.8399963,2162200.0,227.1428528
2021-03-22 00:00:00,232.0800018,229.7899933,233.1999969,228.4499969,892100.0,229.1970215
2021-03-23 00:00:00,229.4299927,232.0299988,233.1900024,228.7899933,1212000.0,226.5799255
2021-03-24 00:00:00,233.8099976,229.9700012,236.5099945,229.1000061,1336100.0,230.9055328
2021-03-25 00:00:00,235.3399963,234.3000031,236.0700073,231.3500061,1002800.0,232.4165039
2021-03-26 00:00:00,240.9799957,235.5899963,241.2899933,234.2599945,1109600.0,237.9864349
2021-03-29 00:00:00,242.0299988,239.4199982,242.8399963,238.4400024,1147300.0,239.023407
2021-03-30 00:00:00,243.1000061,239.7299957,244.6000061,239.7299957,1207500.0,240.7066803
2021-03-31 00:00:00,243.5800018,243.4900055,245.2299957,243.0399933,1450500.0,241.1819611
2021-04-01 00:00:00,242.9499969,244.2899933,244.2899933,241.1300049,790000.0,240.5581665
2021-04-05 00:00:00,248.4799957,244.9299927,248.9600067,244.6199951,1250500.0,246.0337067
2021-04-06 00:00:00,248.3899994,248.0700073,249.8899994,247.4799957,917200.0,245.9445953
2021-04-07 00:00:00,247.4400024,248.1799927,249.8999939,246.3300018,1241100.0,245.0039368
2021-04-08 00:00:00,249.8699951,248.6900024,250.1799927,248.0700073,1211500.0,247.4100189
2021-04-09 00:00:00,253.3200073,250.8899994,253.4600067,250.4600067,1069000.0,250.8260498
2021-04-12 00:00:00,251.8300018,252.0,254.0099945,251.4799957,1237300.0,249.3507233
2021-04-13 00:00:00,253.5700073,251.0,253.7799988,250.6799927,907000.0,251.0736084
2021-04-14 00:00:00,252.2899933,254.1300049,255.5200043,251.8000031,758700.0,249.8061981
2021-04-15 00:00:00,256.8500061,252.7799988,257.1300049,252.6300049,1179200.0,254.3213043
2021-04-16 00:00:00,257.1300049,258.1499939,260.0,255.1399994,943100.0,254.5985718
2021-04-19 00:00:00,256.75,256.6799927,257.5400085,254.5099945,854700.0,254.22229
2021-04-20 00:00:00,258.4299927,255.9700012,259.5,255.25,949300.0,255.8857269
2021-04-21 00:00:00,263.8900146,259.730011,264.5700073,259.019989,1191000.0,261.2920532
2021-04-22 00:00:00,264.1700134,264.1099854,265.9500122,262.2600098,797500.0,261.5692444
2021-04-23 00:00:00,267.0,263.980011,268.0400085,263.4599915,1089000.0,264.3713989
2021-04-26 00:00:00,265.2799988,267.7799988,267.980011,265.0799866,1052600.0,262.6683044
2021-04-27 00:00:00,265.0299988,264.7200012,266.3800049,262.5400085,844600.0,262.4207764
2021-04-28 00:00:00,259.5799866,261.0,262.3900146,257.8699951,1536500.0,257.0244141
2021-04-29 00:00:00,263.4299927,260.25,263.9599915,259.8099976,943700.0,260.8365173
2021-04-30 00:00:00,262.6300049,263.0,263.7099915,259.980011,1071100.0,260.0444031
2021-05-03 00:00:00,263.1000061,263.5299988,264.3599854,262.2900085,1032800.0,260.5097961
2021-05-04 00:00:00,255.5899963,261.4200134,261.4200134,253.2400055,1563500.0,253.0737
2021-05-05 00:00:00,253.0700073,256.7000122,256.8900146,251.6999969,1232000.0,250.578537
2021-05-06 00:00:00,254.1300049,253.0599976,254.3000031,250.1900024,1029600.0,251.6280823
2021-05-07 00:00:00,254.7799988,254.5800018,257.3200073,253.4799957,935800.0,252.2716827
2021-05-10 00:00:00,255.9799957,255.6900024,258.8299866,255.6900024,1468200.0,253.4598694
2021-05-11 00:00:00,251.5,254.4400024,255.4600067,250.4299927,824500.0,249.0239868
2021-05-12 00:00:00,244.7599945,249.1000061,251.4900055,244.1300049,1690600.0,242.3503265
2021-05-13 00:00:00,247.8500061,245.5599976,248.6199951,244.9499969,691800.0,245.4099121
2021-05-14 00:00:00,252.9499969,248.8899994,253.5,248.2299957,1212100.0,250.4597015
2021-05-17 00:00:00,251.8500061,251.8600006,252.8300018,250.7799988,783400.0,249.3705292
2021-05-18 00:00:00,252.8399963,251.0,255.4700012,251.0,1087400.0,250.3507843
2021-05-19 00:00:00,252.25,249.7200012,252.3800049,248.6399994,970900.0,249.7666016
2021-05-20 00:00:00,254.3500061,252.1100006,256.5799866,251.4900055,882900.0,251.8459167
2021-05-21 00:00:00,255.6499939,255.5599976,259.1000061,255.4100037,1150100.0,253.1331177
2021-05-24 00:00:00,257.1499939,257.1400146,258.5599976,256.0899963,774300.0,254.6183319
2021-05-25 00:00:00,256.7900085,256.9400024,258.8399963,255.5700073,832800.0,254.2619019
2021-05-26 00:00:00,252.4299927,254.1199951,255.3800049,249.1199951,1373600.0,249.9448242
2021-05-27 00:00:00,254.5099945,254.4400024,255.1300049,252.0,2742400.0,252.0043335
2021-05-28 00:00:00,255.2700043,256.2200012,259.4599915,255.0899963,938800.0,252.7568665
2021-06-01 00:00:00,255.7899933,260.0,260.0,255.2299957,1460500.0,253.2717438
2021-06-02 00:00:00,250.7200012,255.4700012,256.1700134,250.0800018,1147100.0,248.2516632
2021-06-03 00:00:00,249.6999969,249.0599976,250.5200043,246.2200012,1107200.0,247.241684
2021-06-04 00:00:00,251.8300018,251.0099945,253.1399994,250.3300018,688100.0,249.3507233
2021-06-07 00:00:00,249.5399933,252.7799988,253.4199982,248.75,1178600.0,247.0832672
2021-06-08 00:00:00,249.7400055,251.5899963,251.5899963,246.0099945,975500.0,247.2813263
2021-06-09 00:00:00,253.1300049,251.5599976,253.3300018,251.1300049,925000.0,250.6379242
2021-06-10 00:00:00,256.6600037,253.6699982,256.8500061,253.6499939,924100.0,254.1331787
2021-06-11 00:00:00,255.7899933,257.1099854,257.1099854,254.0599976,724600.0,253.2717438
2021-06-14 00:00:00,255.6900024,256.0100098,256.0100098,254.1699982,752400.0,253.1727295
2021-06-15 00:00:00,256.6799927,256.4400024,257.5,255.2400055,745900.0,254.1529694
2021-06-16 00:00:00,256.3999939,257.3999939,258.3900146,255.4799957,1247000.0,253.8757172
2021-06-17 00:00:00,259.5499878,256.25,260.2399902,256.25,1173400.0,256.9947205
2021-06-18 00:00:00,254.9100037,258.0100098,258.7099915,254.6600037,1375500.0,252.4004211
2021-06-21 00:00:00,259.730011,255.9100037,260.2900085,254.6999969,780100.0,257.1729736
2021-06-22 00:00:00,262.7399902,260.0,263.75,259.1900024,1318900.0,260.1533508
2021-06-23 00:00:00,262.6400146,262.4299927,264.3699951,261.5,1116100.0,260.0543213
2021-06-24 00:00:00,261.3900146,263.9299927,264.3299866,261.2799988,569000.0,258.8166199
2021-06-25 00:00:00,263.0,261.5700073,264.4400024,261.5700073,2544300.0,260.4107666
2021-06-28 00:00:00,260.3599854,264.25,264.25,259.1900024,918700.0,257.7967529
2021-06-29 00:00:00,260.4400024,260.9200134,262.4899902,259.9500122,721300.0,258.5014648
2021-06-30 00:00:00,259.730011,259.9500122,260.769989,258.5,748200.0,257.7967834
2021-07-01 00:00:00,262.7000122,260.5100098,262.730011,259.019989,1264800.0,260.7446594
2021-07-02 00:00:00,265.4200134,262.8999939,265.7600098,262.6900024,973600.0,263.444397
2021-07-06 00:00:00,264.8599854,265.3999939,265.9100037,262.1799927,1219200.0,262.8885498
2021-07-07 00:00:00,265.3399963,265.4299927,265.9500122,263.6400146,767500.0,263.3649902
2021-07-08 00:00:00,263.9400024,262.2900085,264.1099854,260.2799988,727900.0,261.9754333
2021-07-09 00:00:00,264.4299927,265.0100098,265.269989,263.6099854,1167600.0,262.4617615
2021-07-12 00:00:00,264.9200134,262.8999939,265.5599976,262.3599854,863200.0,262.9481506
2021-07-13 00:00:00,261.6000061,265.0,265.1000061,261.1799927,948900.0,259.652832
2021-07-14 00:00:00,261.3599854,262.8900146,262.9400024,259.8399963,859700.0,259.4146118
2021-07-15 00:00:00,257.0499878,259.8399963,260.7799988,255.75,1607200.0,255.136673
2021-07-16 00:00:00,257.5899963,257.2999878,258.1700134,256.0,1204700.0,255.6726685
2021-07-19 00:00:00,248.8999939,254.3200073,254.5800018,247.6100006,1748400.0,247.047348
2021-07-20 00:00:00,255.1799927,248.8600006,256.9599915,248.8600006,1660700.0,253.2806091
2021-07-21 00:00:00,258.6799927,258.1600037,258.980011,256.3999939,1397300.0,256.7545471
2021-07-22 00:00:00,259.1000061,258.8399963,259.6400146,255.8200073,1039000.0,257.1714478
2021-07-23 00:00:00,262.6700134,260.019989,262.8800049,259.019989,982200.0,260.7148743
2021-07-26 00:00:00,263.5299988,261.5799866,263.8999939,259.8299866,1424300.0,261.5684509
2021-07-27 00:00:00,268.3500061,263.3500061,269.7399902,261.0700073,1408200.0,266.3526001
2021-07-28 00:00:00,268.6799927,273.6600037,275.1499939,265.2600098,1895900.0,266.6801147
2021-07-29 00:00:00,269.1799927,269.2099915,270.230011,265.9400024,1217300.0,267.1763916
2021-07-30 00:00:00,270.9400024,268.7000122,272.0400085,268.3099976,1050400.0,268.9233093
2021-08-02 00:00:00,270.0700073,271.6499939,273.5400085,269.4400024,1123900.0,268.0597839
2021-08-03 00:00:00,268.0100098,269.6600037,269.7799988,265.7999878,1030100.0,266.0151367
2021-08-04 00:00:00,262.5799866,266.8399963,267.2900085,262.0,1375900.0,260.6255188
2021-08-05 00:00:00,264.5100098,263.4700012,264.5799866,260.8900146,1269000.0,262.5411682
2021-08-06 00:00:00,262.5599976,264.9200134,265.4500122,261.6600037,1124300.0,260.6057129
2021-08-09 00:00:00,257.5499878,262.1000061,262.7399902,256.7900085,1316700.0,255.6329651
2021-08-10 00:00:00,253.5099945,257.6600037,257.9200134,251.8899994,2318900.0,251.6230316
2021-08-11 00:00:00,257.519989,254.0500031,258.7099915,254.0500031,1579300.0,255.6031799
2021-08-12 00:00:00,260.8999939,257.4299927,261.2000122,256.4700012,1096000.0,258.9580383
2021-08-13 00:00:00,263.1499939,261.3099976,263.8500061,260.2200012,767900.0,261.1912537
2021-08-16 00:00:00,265.0499878,262.230011,265.3500061,261.8999939,1001100.0,263.0771484
2021-08-17 00:00:00,267.5799866,264.25,267.8699951,263.3800049,842200.0,265.5883179
2021-08-18 00:00:00,263.5799866,267.4599915,267.5700073,263.019989,2065800.0,261.6180725
2021-08-19 00:00:00,264.3200073,261.1499939,265.5799866,260.4500122,963900.0,262.3526001
2021-08-20 00:00:00,265.2799988,264.1700134,265.5400085,262.7099915,1148500.0,263.3054504
2021-08-23 00:00:00,265.2799988,266.9299927,266.9299927,263.4500122,1532100.0,263.3054504
2021-08-24 00:00:00,271.1000061,264.8200073,272.5,264.7900085,1639900.0,269.0821228
2021-08-25 00:00:00,271.4899902,271.769989,272.8699951,269.6000061,921200.0,269.4692078
2021-08-26 00:00:00,271.1499939,271.3099976,273.0,269.730011,1016600.0,269.1317444
2021-08-27 00:00:00,273.4200134,272.269989,274.7799988,271.1099854,953100.0,271.3848877
2021-08-30 00:00:00,274.0799866,274.019989,276.8900146,273.0499878,905000.0,272.039917
2021-08-31 00:00:00,277.1000061,274.019989,277.3500061,273.6300049,1332900.0,275.0374756
2021-09-01 00:00:00,276.6700134,277.7000122,277.8900146,273.7900085,695900.0,274.6106873
2021-09-02 00:00:00,277.6799927,278.1400146,280.269989,277.4100037,859400.0,275.6131287
2021-09-03 00:00:00,276.6499939,276.8299866,277.3500061,274.8399963,648300.0,274.5907898
2021-09-07 00:00:00,278.6700134,277.1600037,279.3699951,276.3699951,930800.0,276.5957947
2021-09-08 00:00:00,280.0899963,278.4200134,280.9400024,277.6799927,691100.0,278.005188
2021-09-09 00:00:00,276.9200134,280.1000061,281.1600037,276.5899963,686300.0,274.8587952
2021-09-10 00:00:00,273.8599854,277.7999878,278.3999939,273.6799927,1032600.0,271.8215637
2021-09-13 00:00:00,270.8299866,275.0499878,275.8299866,269.2900085,1401400.0,268.8141174
2021-09-14 00:00:00,275.2600098,271.9100037,277.6700134,270.2099915,1514800.0,273.2111511
2021-09-15 00:00:00,277.1000061,273.9500122,278.4400024,273.5400085,955400.0,275.0374756
2021-09-16 00:00:00,276.1099854,276.7600098,278.6700134,274.019989,773800.0,274.0548096
2021-09-17 00:00:00,273.0299988,275.4899902,275.7000122,272.4700012,2823400.0,270.9977417
2021-09-20 00:00:00,268.3299866,269.3999939,270.9299927,265.2399902,1082200.0,266.3327026
2021-09-21 00:00:00,268.25,270.0299988,272.1300049,268.1799927,868600.0,266.2533264
2021-09-22 00:00:00,271.6499939,269.6199951,273.3500061,268.3599854,968700.0,269.6280212
2021-09-23 00:00:00,276.1600037,273.0,277.4200134,271.9299927,963700.0,274.1044617
2021-09-24 00:00:00,276.6400146,275.6300049,277.5599976,274.9299927,520200.0,274.5809021
2021-09-27 00:00:00,273.480011,275.4500122,276.5400085,271.8900146,683100.0,271.4444275
2021-09-28 00:00:00,267.8299866,273.0499878,273.769989,267.0499878,1044500.0,265.8364563
2021-09-29 00:00:00,267.8900146,267.9599915,269.2000122,266.8200073,653400.0,266.5229492
2021-09-30 00:00:00,263.7200012,268.3299866,270.019989,263.519989,989300.0,262.3742065
2021-10-01 00:00:00,268.2200012,265.4299927,269.2799988,262.3699951,1329700.0,266.8512268
2021-10-04 00:00:00,262.3399963,266.2600098,268.4299927,259.25,1237100.0,261.0012512
2021-10-05 00:00:00,262.4899902,263.1799927,266.8900146,261.7099915,1359000.0,261.1504822
2021-10-06 00:00:00,263.7200012,260.1600037,263.8500061,258.9400024,977700.0,262.3742065
2021-10-07 00:00:00,265.9599915,265.4500122,269.3699951,265.2999878,657900.0,264.6027832
2021-10-08 00:00:00,263.6799927,265.5700073,267.2000122,262.6199951,669200.0,262.3344116
2021-10-11 00:00:00,258.7399902,262.6099854,263.0,258.1700134,1042800.0,257.4196167
2021-10-12 00:00:00,258.1799927,259.9599915,260.2900085,257.2900085,978800.0,256.8624878
2021-10-13 00:00:00,256.5,258.0,259.3200073,256.0499878,1038800.0,255.1910706
2021-10-14 00:00:00,263.8500061,258.2900085,264.1799927,258.0400085,1083100.0,262.5035706
2021-10-15 00:00:00,266.3200073,265.7900085,266.5,263.480011,1909000.0,264.960968
2021-10-18 00:00:00,262.0499878,263.0,263.8599854,259.7600098,1100300.0,260.7127075
2021-10-19 00:00:00,270.8599854,264.2600098,271.5799866,264.2600098,966400.0,269.4777527
2021-10-20 00:00:00,273.7600098,272.0,274.4700012,269.9100037,1068300.0,272.3629761
2021-10-21 00:00:00,276.4400024,273.519989,276.5299988,271.769989,962600.0,275.0293274
2021-10-22 00:00:00,275.730011,275.9899902,277.5700073,274.6799927,653300.0,274.322937
2021-10-25 00:00:00,273.0499878,276.4200134,276.7200012,272.6300049,924000.0,271.6566162
2021-10-26 00:00:00,273.1799927,275.0,275.5,272.9400024,605400.0,271.7859497
2021-10-27 00:00:00,268.5,274.0,274.3099976,268.3099976,899100.0,267.1298218
2021-10-28 00:00:00,268.4400024,267.9500122,270.3699951,265.4400024,1067000.0,267.0701294
2021-10-29 00:00:00,266.0700073,260.7000122,266.7099915,258.0,2393500.0,264.7122498
2021-11-01 00:00:00,268.3999939,266.1300049,269.730011,266.0700073,1224400.0,267.030304
2021-11-02 00:00:00,272.6499939,269.9899902,273.4500122,268.0599976,1329500.0,271.2586365
2021-11-03 00:00:00,271.8599854,272.75,273.9200134,268.1300049,923900.0,270.4726562
2021-11-04 00:00:00,270.0599976,272.5799866,273.1900024,268.519989,942700.0,268.6818542
2021-11-05 00:00:00,276.1600037,271.0,278.4200134,270.4200134,1333400.0,274.7507324
2021-11-08 00:00:00,275.5499878,277.8500061,277.9899902,274.5100098,743800.0,274.1438293
2021-11-09 00:00:00,275.1700134,274.9700012,276.1099854,273.5400085,879600.0,273.7658081
2021-11-10 00:00:00,271.0599976,274.9599915,277.019989,270.019989,850600.0,269.6767578
2021-11-11 00:00:00,263.4200134,271.3500061,271.3500061,261.7999878,1397500.0,262.0757751
2021-11-12 00:00:00,264.3399963,263.4299927,264.5599976,261.9400024,1119500.0,262.9910278
2021-11-15 00:00:00,261.8900146,265.0400085,266.3299866,261.269989,914900.0,260.5535889
2021-11-16 00:00:00,262.2999878,261.9899902,263.7900085,261.1600037,1150200.0,260.9614258
2021-11-17 00:00:00,262.0599976,261.6700134,262.6600037,259.75,1067200.0,260.7226562
2021-11-18 00:00:00,259.7000122,262.6099854,263.1900024,257.7900085,1300200.0,258.3747253
2021-11-19 00:00:00,263.6900024,257.4700012,264.8800049,255.7700043,1721400.0,262.3443604
2021-11-22 00:00:00,260.2999878,264.2099915,264.480011,260.2999878,1110500.0,258.9716492
2021-11-23 00:00:00,254.5399933,259.3999939,259.9700012,253.5800018,1402200.0,253.2410583
2021-11-24 00:00:00,255.1499939,253.7599945,256.3900146,252.7100067,1062100.0,253.8479462
2021-11-26 00:00:00,243.4799957,249.8000031,250.2200012,243.4799957,1955500.0,242.2375031
2021-11-29 00:00:00,243.5,246.5299988,247.0200043,242.9600067,2137500.0,242.2574005
2021-11-30 00:00:00,236.6300049,242.2799988,244.8999939,236.0899963,2702000.0,235.4224548
2021-12-01 00:00:00,239.1000061,240.3099976,246.9900055,238.7799988,2390600.0,237.8798676
2021-12-02 00:00:00,247.3999939,240.5,248.4700012,239.0,1751100.0,246.1374969
2021-12-03 00:00:00,246.8699951,248.8500061,249.6699982,244.3399963,1624300.0,245.6101837
2021-12-06 00:00:00,254.4100037,249.9900055,257.5700073,249.4799957,1435000.0,253.1117249
2021-12-07 00:00:00,260.5499878,260.0700073,264.3800049,259.6400146,1580900.0,259.2203674
2021-12-08 00:00:00,261.2799988,260.4200134,262.4200134,259.9299927,1310100.0,259.9466553
2021-12-09 00:00:00,260.5400085,260.019989,263.1400146,258.9400024,1205100.0,259.2104492
2021-12-10 00:00:00,260.2000122,261.3699951,262.0299988,258.3399963,828000.0,258.8721924
2021-12-13 00:00:00,260.0700073,260.4100037,261.6000061,258.4400024,895100.0,258.7428284
2021-12-14 00:00:00,254.75,258.25,259.269989,254.3200073,1082200.0,253.4499969
2021-12-15 00:00:00,252.2200012,254.1100006,254.4900055,249.4100037,1667700.0,250.9329071
2021-12-16 00:00:00,251.4600067,253.0200043,255.5399933,249.9299927,1502700.0,250.1767883
2021-12-17 00:00:00,251.2200012,250.2700043,255.9700012,249.2200012,2416500.0,249.9380188
2021-12-20 00:00:00,247.7700043,248.0299988,249.1399994,242.5200043,1378600.0,246.5056152
2021-12-21 00:00:00,256.2200012,250.4199982,257.4500122,250.0,1421700.0,254.9124908
2021-12-22 00:00:00,264.0499878,256.230011,264.2799988,256.0,1456200.0,262.7025146
2021-12-23 00:00:00,268.25,265.9899902,269.8500061,264.4200134,1501500.0,266.8811035
2021-12-27 00:00:00,270.4200134,269.3500061,270.6099854,267.9200134,723200.0,269.0400391
2021-12-28 00:00:00,270.7900085,270.8999939,272.730011,269.8800049,705100.0,269.4081421
2021-12-29 00:00:00,271.1099854,270.7900085,272.4400024,269.8099976,498700.0,269.7264709
2021-12-30 00:00:00,270.6900024,270.8900146,273.8200073,270.2399902,820100.0,270.0007935
2021-12-31 00:00:00,267.4200134,269.769989,271.3200073,267.2900085,638300.0,266.7391357
2022-01-03 00:00:00,268.4200134,267.4100037,268.8699951,264.5499878,1169700.0,267.7366028
2022-01-04 00:00:00,277.769989,272.7600098,279.0899963,271.4100037,1982400.0,277.0627747
2022-01-05 00:00:00,272.25,276.6400146,280.4299927,272.019989,1318500.0,271.5568237
2022-01-06 00:00:00,271.5,271.3699951,276.9700012,269.0400085,1776100.0,270.8087463
2022-01-07 00:00:00,263.5700073,268.2600098,271.0700073,262.7600098,1787300.0,262.8989258
2022-01-10 00:00:00,263.8500061,262.2000122,263.8900146,258.1799927,1304700.0,263.1782227
2022-01-11 00:00:00,268.1700134,264.6700134,269.7200012,262.9400024,1019700.0,267.4872437
2022-01-12 00:00:00,268.0299988,268.5,269.980011,267.1600037,807100.0,267.3475647
2022-01-13 00:00:00,267.8900146,268.75,271.8699951,267.0899963,1062000.0,267.2079468
2022-01-14 00:00:00,266.7099915,265.8200073,267.0899963,261.2600098,1661300.0,266.0309143
2022-01-18 00:00:00,260.480011,263.3500061,264.1499939,259.480011,1349800.0,259.816803
2022-01-19 00:00:00,258.2999878,260.75,262.980011,258.0100098,1498000.0,257.642334
2022-01-20 00:00:00,257.019989,259.0,265.25,256.5499878,1339600.0,256.3656006
2022-01-21 00:00:00,254.6799927,258.4200134,258.4200134,252.4400024,2589500.0,254.0315552
2022-01-24 00:00:00,251.9199982,250.6199951,252.4600067,242.0,2307300.0,251.278595
2022-01-25 00:00:00,249.2700043,244.3200073,251.0399933,242.5599976,1692400.0,248.6353455
2022-01-26 00:00:00,248.2599945,252.4400024,254.9600067,245.1999969,1569600.0,247.6278992
2022-01-27 00:00:00,245.3300018,249.8200073,250.8200073,243.4299927,1730900.0,244.705368
2022-01-28 00:00:00,248.3899994,240.4199982,248.8200073,237.4499969,1903600.0,247.7575836
2022-01-31 00:00:00,248.0500031,246.9900055,249.3999939,244.4499969,2021700.0,247.418457
2022-02-01 00:00:00,248.6000061,248.0,249.0700073,243.8899994,2323300.0,247.9670563
2022-02-02 00:00:00,254.4700012,249.9900055,255.3399963,247.9499969,1602900.0,253.8220978
2022-02-03 00:00:00,250.7599945,253.8300018,254.7700043,250.2700043,1004800.0,250.1215363
2022-02-04 00:00:00,250.9499969,249.25,253.2200012,248.6300049,792300.0,250.3110657
2022-02-07 00:00:00,248.1900024,248.8399963,251.0899963,246.0599976,1262000.0,247.5580902
2022-02-08 00:00:00,255.1000061,248.4900055,256.1000061,248.4900055,1134600.0,254.4505005
2022-02-09 00:00:00,260.2200012,257.8599854,262.5,257.8599854,1341500.0,259.5574646
2022-02-10 00:00:00,255.4400024,255.6000061,259.2999878,254.4900055,1890700.0,254.7896271
2022-02-11 00:00:00,251.6499939,255.8800049,256.8500061,250.0,1307500.0,251.0092773
2022-02-14 00:00:00,250.4499969,251.5200043,252.8899994,248.6499939,1325900.0,249.8123322
2022-02-15 00:00:00,258.7200012,254.7100067,259.8900146,254.0,1513400.0,258.0612793
2022-02-16 00:00:00,259.5899963,256.3099976,260.480011,254.2799988,1329000.0,258.9290466
2022-02-17 00:00:00,251.5800018,256.0400085,258.0499878,250.8999939,1374300.0,250.9394684
2022-02-18 00:00:00,248.1399994,250.9600067,253.2100067,246.7899933,1290900.0,247.5082245
2022-02-22 00:00:00,250.2100067,247.5599976,252.5,247.3200073,1678600.0,249.5729523
2022-02-23 00:00:00,253.6199951,253.1000061,257.019989,251.4700012,1975400.0,252.9742584
2022-02-24 00:00:00,257.7000122,249.2599945,258.480011,246.0,1889900.0,257.0438843
2022-02-25 00:00:00,265.7900085,258.480011,266.0799866,257.1499939,1433200.0,265.1132812
2022-02-28 00:00:00,263.3500061,262.1099854,264.4599915,260.3200073,1300600.0,262.6795044
2022-03-01 00:00:00,262.6199951,263.1700134,264.6799927,259.3299866,1937800.0,261.951355
2022-03-02 00:00:00,268.4899902,265.0,271.3900146,263.8800049,1816200.0,267.8063965
2022-03-03 00:00:00,266.4700012,269.2000122,270.8500061,263.9599915,924900.0,265.7915344
2022-03-04 00:00:00,267.1000061,263.5700073,267.230011,260.7200012,1114000.0,266.4199524
2022-03-07 00:00:00,253.4100037,265.4200134,266.8800049,251.6900024,1766600.0,252.764801
2022-03-08 00:00:00,245.7100067,251.2100067,252.8399963,244.2299957,1956900.0,245.0844116
2022-03-09 00:00:00,249.6900024,252.6999969,252.6999969,245.7299957,1731100.0,249.0542755
2022-03-10 00:00:00,248.3699951,245.7799988,248.9700012,243.8500061,1696900.0,247.7376251
2022-03-11 00:00:00,247.7700043,250.4199982,251.9799957,247.5700073,1261200.0,247.1391602
2022-03-14 00:00:00,245.8500061,250.2299957,251.7200012,243.3000031,1582900.0,245.2240601
2022-03-15 00:00:00,254.3399963,249.3699951,254.8899994,248.6799927,1474600.0,253.6924286
2022-03-16 00:00:00,262.1600037,258.0,263.5700073,256.5,1530000.0,261.4925232
2022-03-17 00:00:00,264.0,258.5799866,264.019989,258.5799866,1454400.0,263.3278503
2022-03-18 00:00:00,267.3399963,263.6199951,267.7900085,261.5400085,2190100.0,266.6593323
2022-03-21 00:00:00,265.7900085,266.9599915,267.6499939,263.3500061,1078000.0,265.1132812
2022-03-22 00:00:00,266.9700012,266.1199951,268.4899902,265.7999878,1487600.0,266.2902832
2022-03-23 00:00:00,255.4700012,265.0400085,265.269989,254.8300018,1778000.0,254.8195496
2022-03-24 00:00:00,263.0100098,257.4400024,263.0499878,256.7099915,1177300.0,262.3403625
2022-03-25 00:00:00,266.0,264.0,266.25,262.6099854,829600.0,265.3227539
2022-03-28 00:00:00,270.1199951,267.269989,270.230011,264.7900085,1004500.0,269.432251
2022-03-29 00:00:00,272.9700012,272.1900024,274.1300049,269.8900146,1025400.0,272.2749939
2022-03-30 00:00:00,269.1400146,270.8999939,272.4500122,267.5799866,939800.0,269.1400146
2022-03-31 00:00:00,267.3500061,267.8900146,271.5799866,267.0100098,1566000.0,267.3500061
2022-04-01 00:00:00,269.0499878,268.269989,270.75,266.769989,1044600.0,269.0499878
2022-04-04 00:00:00,265.1199951,267.7200012,267.980011,262.1600037,1264600.0,265.1199951
2022-04-05 00:00:00,268.5,264.2000122,269.9200134,264.0599976,2199700.0,268.5
2022-04-06 00:00:00,268.2000122,257.980011,268.730011,257.6400146,4085800.0,268.2000122
2022-04-07 00:00:00,270.1700134,267.1199951,271.4700012,265.4500122,1372600.0,270.1700134
2022-04-08 00:00:00,269.4700012,269.8500061,271.4100037,266.7399902,1097200.0,269.4700012
2022-04-11 00:00:00,263.3399963,267.5100098,268.4299927,262.9299927,1046500.0,263.3399963
2022-04-12 00:00:00,262.4200134,263.5799866,265.3599854,260.5100098,945900.0,262.4200134
2022-04-13 00:00:00,263.6400146,259.5,264.1099854,259.5,864900.0,263.6400146
2022-04-14 00:00:00,261.7000122,265.5299988,265.5400085,261.1700134,913000.0,261.7000122
2022-04-18 00:00:00,258.9599915,260.4200134,262.6300049,257.7099915,590800.0,258.9599915
2022-04-19 00:00:00,271.6700134,260.3800049,273.8299866,260.3800049,2345400.0,271.6700134
2022-04-20 00:00:00,276.3699951,271.5899963,279.2799988,271.5899963,1459500.0,276.3699951
2022-04-21 00:00:00,270.0299988,277.2799988,278.5,269.8999939,1354300.0,270.0299988
2022-04-22 00:00:00,248.3099976,263.0400085,265.0799866,246.4400024,3099300.0,248.3099976
2022-04-25 00:00:00,253.8300018,247.6000061,254.5500031,246.7899933,1800400.0,253.8300018
2022-04-26 00:00:00,248.8999939,252.5,253.5099945,248.8999939,1354100.0,248.8999939
2022-04-27 00:00:00,249.1499939,248.4900055,251.9799957,246.2100067,1751200.0,249.1499939
2022-04-28 00:00:00,252.1000061,251.4499969,253.6199951,247.1999969,1628100.0,252.1000061
2022-04-29 00:00:00,241.2599945,248.8399963,249.0299988,240.8000031,3090500.0,241.2599945
2022-05-02 00:00:00,236.9700012,241.6999969,243.7299957,230.1600037,1911600.0,236.9700012
2022-05-03 00:00:00,237.8699951,236.9700012,240.0899963,236.5099945,1148100.0,237.8699951
2022-05-04 00:00:00,245.9700012,238.4700012,247.75,236.1100006,1654400.0,245.9700012
2022-05-05 00:00:00,241.3600006,244.0200043,246.8000031,237.9100037,1879900.0,241.3600006
2022-05-06 00:00:00,240.0800018,239.9600067,241.1999969,235.1799927,1506300.0,240.0800018
2022-05-09 00:00:00,229.0099945,235.5,236.5,227.8399963,2011000.0,229.0099945
2022-05-10 00:00:00,227.5099945,231.5,233.3699951,224.0200043,1858000.0,227.5099945
2022-05-11 00:00:00,226.7200012,227.1799927,233.0700073,226.0399933,1429600.0,226.7200012
2022-05-12 00:00:00,228.0,224.0399933,228.5,224.0399933,1375500.0,228.0
2022-05-13 00:00:00,233.2700043,231.7100067,235.8800049,230.5299988,1261300.0,233.2700043
2022-05-16 00:00:00,233.8500061,231.9700012,235.3000031,231.4700012,985500.0,233.8500061
2022-05-17 00:00:00,239.1300049,237.5599976,239.5099945,235.6600037,1058400.0,239.1300049
2022-05-18 00:00:00,232.2100067,236.1300049,237.3699951,231.1999969,1101300.0,232.2100067
2022-05-19 00:00:00,230.5,228.6399994,232.2599945,227.2200012,1920100.0,230.5
2022-05-20 00:00:00,232.25,233.0399933,234.0700073,226.6799927,1086600.0,232.25
2022-05-23 00:00:00,233.0500031,235.0,235.5599976,230.5899963,925000.0,233.0500031
2022-05-24 00:00:00,233.2799988,232.3699951,234.25,229.6699982,771800.0,233.2799988
2022-05-25 00:00:00,235.0099945,232.3500061,236.5800018,231.0200043,1115400.0,235.0099945
