date,close,open,high,low,volume,adjclose
2012-05-14 00:00:00,31.1399994,31.1700001,31.5,31.0900002,4030500.0,22.7068195
2012-05-15 00:00:00,30.7399998,31.1599998,31.2600002,30.6599998,4556700.0,22.4151402
2012-05-16 00:00:00,30.6399994,30.9699993,31.2099991,30.6399994,4281600.0,22.3422146
2012-05-17 00:00:00,30.1100006,30.6900005,30.7600002,30.1100006,4221900.0,21.9557571
2012-05-18 00:00:00,29.6800003,30.1700001,30.3500004,29.5200005,5868700.0,21.6422119
2012-05-21 00:00:00,30.0100002,29.8600006,30.25,29.5599995,4356900.0,21.8828392
2012-05-22 00:00:00,30.1000004,30.1000004,30.3899994,29.8899994,6076300.0,21.9484673
2012-05-23 00:00:00,30.1399994,29.8799992,30.2299995,29.5200005,3600000.0,21.9776287
2012-05-24 00:00:00,30.2600002,30.2199993,30.3299999,29.8999996,3568500.0,22.065134
2012-05-25 00:00:00,30.4300003,30.2399998,30.6900005,30.2000008,3098500.0,22.1890965
2012-05-29 00:00:00,30.6399994,30.6399994,30.75,30.3099995,3088500.0,22.3422146
2012-05-30 00:00:00,30.1599998,30.2999992,30.4500008,30.1000004,3767000.0,21.9922142
2012-05-31 00:00:00,30.2199993,30.1000004,30.4500008,29.7900009,4855900.0,22.0359669
2012-06-01 00:00:00,28.3500004,29.5699997,29.6299992,28.2800007,8997300.0,20.6723862
2012-06-04 00:00:00,27.6399994,28.4200001,28.4899998,27.3999996,9672100.0,20.1546707
2012-06-05 00:00:00,27.8500004,27.5699997,28.1200008,27.5,4831600.0,20.3078003
2012-06-06 00:00:00,28.3899994,28.1299992,28.3899994,27.8600006,4444000.0,20.7015591
2012-06-07 00:00:00,28.5400009,28.75,29.0799999,28.4500008,6129800.0,20.8109398
2012-06-08 00:00:00,29.0100002,28.5100002,29.0100002,28.2600002,4089300.0,21.1536465
2012-06-11 00:00:00,28.4799995,29.2600002,29.3500004,28.4500008,3894700.0,20.7671852
2012-06-12 00:00:00,29.0100002,28.4899998,29.0100002,28.1900005,4433000.0,21.1536465
2012-06-13 00:00:00,28.8199997,28.9300003,29.2399998,28.7199993,6170200.0,21.0151081
2012-06-14 00:00:00,29.3799992,28.8799992,29.5,28.8700008,4336400.0,21.4234505
2012-06-15 00:00:00,29.8199997,29.6900005,29.8199997,29.2999992,4779300.0,21.7442951
2012-06-18 00:00:00,30.0499992,29.7800007,30.2199993,29.6200008,5020700.0,21.9120026
2012-06-19 00:00:00,30.2700005,30.1800003,30.5,30.1599998,3906800.0,22.0724258
2012-06-20 00:00:00,30.2800007,30.3400002,30.3999996,29.6800003,5404600.0,22.0797195
2012-06-21 00:00:00,29.9699993,30.3799992,30.5200005,29.9500008,5695900.0,21.8536701
2012-06-22 00:00:00,30.3899994,30.25,30.4799995,30.1000004,3465200.0,22.1599274
2012-06-25 00:00:00,29.6000004,29.9099998,29.9200001,29.4699993,3948500.0,21.5838776
2012-06-26 00:00:00,29.4400005,29.6599998,29.8400002,29.3600006,6432500.0,21.4671936
2012-06-27 00:00:00,29.8899994,29.6200008,29.9599991,29.3999996,4595900.0,21.795332
2012-06-28 00:00:00,30.2000008,29.6100006,30.2199993,29.5300007,4757400.0,22.0213833
2012-06-29 00:00:00,30.8500004,30.7700005,30.8500004,30.5599995,4459300.0,22.4953499
2012-07-02 00:00:00,31.1100006,31.2600002,31.2900009,30.7700005,4367800.0,22.6849461
2012-07-03 00:00:00,31.1499996,30.8199997,31.2600002,30.7900009,2347400.0,22.8610783
2012-07-05 00:00:00,30.8999996,31.0300007,31.1599998,30.8999996,4701600.0,22.677599
2012-07-06 00:00:00,30.9500008,30.4500008,31.0499992,30.4099998,4314500.0,22.7142925
2012-07-09 00:00:00,30.8400002,30.8400002,31.0499992,30.6100006,3003000.0,22.6335697
2012-07-10 00:00:00,30.6700001,30.9699993,31.1900005,30.5599995,4195800.0,22.5087967
2012-07-11 00:00:00,31.0,30.7299995,31.0799999,30.5900002,4733000.0,22.7509937
2012-07-12 00:00:00,30.7800007,30.7700005,30.9200001,30.6399994,3694200.0,22.5895367
2012-07-13 00:00:00,31.5,30.8400002,31.5100002,30.7999992,3464000.0,23.1179428
2012-07-16 00:00:00,31.4500008,31.3400002,31.6499996,31.2800007,2658300.0,23.0812492
2012-07-17 00:00:00,31.8799992,31.6200008,31.9400005,31.2099991,4048500.0,23.3968277
2012-07-18 00:00:00,31.6100006,31.6700001,31.9799995,31.5900002,5242700.0,23.1986656
2012-07-19 00:00:00,32.0,32.0,32.7299995,31.6700001,8259800.0,23.4848957
2012-07-20 00:00:00,31.6800003,31.9899998,31.9899998,31.5799999,4798300.0,23.2500439
2012-07-23 00:00:00,31.4899998,31.1900005,31.5699997,31.0799999,5395300.0,23.1106014
2012-07-24 00:00:00,31.6299992,31.5599995,31.6800003,31.2600002,5078400.0,23.2133541
2012-07-25 00:00:00,31.6499996,31.7900009,31.8999996,31.5599995,3213100.0,23.2280273
2012-07-26 00:00:00,32.0800018,32.1100006,32.1699982,31.8600006,3570800.0,23.5436039
2012-07-27 00:00:00,32.4000015,32.1699982,32.6699982,31.9699993,5687300.0,23.77845
2012-07-30 00:00:00,31.7099991,32.1800003,32.1800003,31.6399994,5593600.0,23.2720661
2012-07-31 00:00:00,31.3700008,31.6200008,31.75,31.3700008,4189900.0,23.0225372
2012-08-01 00:00:00,31.3099995,31.5499992,31.7700005,31.2999992,4708100.0,22.9785042
2012-08-02 00:00:00,31.0799999,31.0900002,31.3899994,30.7800007,5714900.0,22.8097038
2012-08-03 00:00:00,31.6499996,31.5900002,31.8600006,31.4899998,5087400.0,23.2280273
2012-08-06 00:00:00,31.5200005,31.7900009,31.9099998,31.5100002,2127700.0,23.1326256
2012-08-07 00:00:00,31.6700001,31.6399994,31.8700008,31.6100006,2563500.0,23.2427063
2012-08-08 00:00:00,31.5900002,31.5400009,31.6399994,31.3400002,2966100.0,23.1839962
2012-08-09 00:00:00,31.7000008,31.5,31.7800007,31.3899994,2665100.0,23.2647209
2012-08-10 00:00:00,31.5599995,31.5799999,31.6100006,31.3600006,1893900.0,23.1619759
2012-08-13 00:00:00,31.6000004,31.5300007,31.6200008,31.3400002,2562500.0,23.1913338
2012-08-14 00:00:00,31.5499992,31.7000008,31.8600006,31.4699993,2647900.0,23.1546383
2012-08-15 00:00:00,31.8799992,31.5100002,31.9500008,31.3700008,2537600.0,23.3968277
2012-08-16 00:00:00,31.7800007,31.8899994,31.9899998,31.7299995,2775300.0,23.3234386
2012-08-17 00:00:00,31.9599991,31.8600006,32.0,31.7000008,2097800.0,23.4555416
2012-08-20 00:00:00,31.8500004,31.8700008,31.9799995,31.6700001,1937100.0,23.3748112
2012-08-21 00:00:00,31.6599998,31.8700008,32.0,31.5499992,2926000.0,23.235363
2012-08-22 00:00:00,31.7399998,31.6100006,31.8799992,31.5900002,2352100.0,23.2940788
2012-08-23 00:00:00,31.0100002,31.7099991,31.7399998,30.9899998,4874500.0,22.7583313
2012-08-24 00:00:00,31.1100006,30.9099998,31.2299995,30.8999996,3719800.0,22.8317261
2012-08-27 00:00:00,31.1900005,31.2399998,31.3500004,31.0799999,3157900.0,22.8904324
2012-08-28 00:00:00,31.5200005,31.1000004,31.6000004,31.0400009,2898400.0,23.1326256
2012-08-29 00:00:00,31.7000008,31.5799999,31.7900009,31.5599995,2698500.0,23.2647209
2012-08-30 00:00:00,31.6000004,31.5,31.7000008,31.3999996,2365500.0,23.1913338
2012-08-31 00:00:00,31.5400009,31.7700005,31.7999992,31.4400005,4175200.0,23.1473064
2012-09-04 00:00:00,31.7199993,31.5100002,31.7900009,31.3400002,2307700.0,23.2794018
2012-09-05 00:00:00,31.7900009,31.7800007,31.8999996,31.6100006,3045400.0,23.3307781
2012-09-06 00:00:00,32.2900009,31.9799995,32.4300003,31.9400005,4704700.0,23.6977253
2012-09-07 00:00:00,32.8600006,32.3699989,32.9199982,32.3499985,5051500.0,24.1160545
2012-09-10 00:00:00,32.5800018,32.7900009,32.9399986,32.5600014,2959000.0,23.9105587
2012-09-11 00:00:00,32.5600014,32.5,32.7200012,32.4799995,2707100.0,23.8958778
2012-09-12 00:00:00,32.8600006,32.3100014,32.8600006,32.3100014,3047500.0,24.1160545
2012-09-13 00:00:00,33.6199989,32.8199997,33.6300011,32.6300011,5331300.0,24.6738148
2012-09-14 00:00:00,33.9900017,33.8199997,34.3699989,33.5999985,6145400.0,24.9453583
2012-09-17 00:00:00,33.5699997,33.8499985,33.9599991,33.5299988,2859400.0,24.637125
2012-09-18 00:00:00,33.4599991,33.5699997,33.6300011,33.3800011,4236000.0,24.5563908
2012-09-19 00:00:00,33.6100006,33.1399994,33.8499985,33.0200005,5092600.0,24.6664772
2012-09-20 00:00:00,33.4900017,33.4300003,33.5499992,33.1100006,3165800.0,24.5784187
2012-09-21 00:00:00,33.3100014,33.8100014,33.8499985,33.2999992,4071000.0,24.4463062
2012-09-24 00:00:00,33.3100014,33.1500015,33.5,33.0999985,3521400.0,24.4463062
2012-09-25 00:00:00,33.1699982,33.3600006,33.7299995,33.1699982,4911900.0,24.3435612
2012-09-26 00:00:00,32.7200012,33.1699982,33.2900009,32.7200012,4141200.0,24.0132999
2012-09-27 00:00:00,33.1100006,32.8600006,33.2000008,32.7700005,3926300.0,24.29953
2012-09-28 00:00:00,33.1599998,32.9300003,33.3199997,32.8300018,3769300.0,24.3362179
2012-10-01 00:00:00,32.9599991,33.3600006,33.4399986,32.8800011,4092600.0,24.1894455
2012-10-02 00:00:00,33.0,32.9000015,33.0900002,32.7700005,4115600.0,24.2187977
2012-10-03 00:00:00,33.1699982,32.9500008,33.3800011,32.7599983,4296300.0,24.4919968
2012-10-04 00:00:00,33.5800018,33.2900009,33.5999985,33.1899986,3617100.0,24.794735
2012-10-05 00:00:00,33.6399994,33.75,33.8899994,33.5200005,2473000.0,24.8390293
2012-10-08 00:00:00,33.4799995,33.5099983,33.5699997,33.3300018,2447700.0,24.7208958
2012-10-09 00:00:00,33.2200012,33.4900017,33.5499992,33.1100006,4441600.0,24.5289154
2012-10-10 00:00:00,33.1800003,33.2700005,33.4500008,33.0099983,3056600.0,24.4993839
2012-10-11 00:00:00,33.2000008,33.3899994,33.4500008,33.1100006,2725200.0,24.5141468
2012-10-12 00:00:00,32.3400002,32.9300003,32.9300003,32.2400017,4801400.0,23.8791466
2012-10-15 00:00:00,32.3899994,32.4599991,32.5499992,32.1199989,3483800.0,23.9160633
2012-10-16 00:00:00,31.8099995,32.4900017,32.5800018,31.7000008,5986400.0,23.4878025
2012-10-17 00:00:00,32.2700005,31.9099998,32.4399986,31.8999996,4323800.0,23.8274593
2012-10-18 00:00:00,29.9799995,30.8400002,31.0,29.8099995,16709600.0,22.1365662
2012-10-19 00:00:00,29.7800007,30.0200005,30.3899994,29.6599998,10725800.0,21.9888992
2012-10-22 00:00:00,29.3700008,29.7999992,29.9200001,29.2000008,7541300.0,21.6861649
2012-10-23 00:00:00,28.8099995,29.0400009,29.1900005,28.7900009,8823100.0,21.2726727
2012-10-24 00:00:00,28.8099995,28.9200001,29.1100006,28.7700005,6223900.0,21.2726727
2012-10-25 00:00:00,28.9500008,29.0400009,29.2000008,28.6000004,4663000.0,21.3760395
2012-10-26 00:00:00,29.0100002,28.9200001,29.0799999,28.6200008,5276700.0,21.4203472
2012-10-31 00:00:00,28.9500008,29.1800003,29.3700008,28.6900005,4609600.0,21.3760395
2012-11-01 00:00:00,29.3099995,29.0,29.3400002,28.8199997,5767900.0,21.6418571
2012-11-02 00:00:00,29.4200001,29.5100002,29.5599995,29.1700001,6674300.0,21.7230835
2012-11-05 00:00:00,28.9400005,29.2999992,29.3799992,28.7299995,4737900.0,21.3686638
2012-11-06 00:00:00,29.25,28.9799995,29.3700008,28.9799995,4583700.0,21.5975571
2012-11-07 00:00:00,27.7800007,28.8500004,28.9300003,27.6299992,10234500.0,20.5121365
2012-11-08 00:00:00,27.6499996,27.8299999,28.0699997,27.6399994,6391600.0,20.416153
2012-11-09 00:00:00,27.5499992,27.5200005,27.9500008,27.5,4952300.0,20.34231
2012-11-12 00:00:00,27.7000008,28.0,28.0599995,27.6200008,3717200.0,20.4530697
2012-11-13 00:00:00,27.4500008,27.4599991,27.7900009,27.1900005,8074800.0,20.2684746
2012-11-14 00:00:00,27.0900002,27.4599991,27.6000004,27.0300007,7187500.0,20.0026608
2012-11-15 00:00:00,27.5499992,27.0799999,27.7000008,26.8600006,7190500.0,20.34231
2012-11-16 00:00:00,28.0400009,27.5400009,28.0799999,27.2800007,10278200.0,20.7041168
2012-11-19 00:00:00,28.3799992,28.3799992,28.5599995,28.2299995,5335100.0,20.9551678
2012-11-20 00:00:00,28.4500008,28.3600006,28.6299992,28.0499992,4361100.0,21.0068531
2012-11-21 00:00:00,28.3799992,28.5200005,28.5200005,28.1499996,2866300.0,20.9551678
2012-11-23 00:00:00,28.8099995,28.5699997,28.8099995,28.4099998,1707500.0,21.2726727
2012-11-26 00:00:00,28.7000008,28.6100006,28.7000008,28.3700008,2942300.0,21.1914501
2012-11-27 00:00:00,28.1399994,28.5400009,28.5400009,28.1100006,4672900.0,20.7779522
2012-11-28 00:00:00,28.2199993,27.9799995,28.2700005,27.8400002,4830400.0,20.8370285
2012-11-29 00:00:00,28.2099991,28.2999992,28.3899994,28.1100006,3272800.0,20.8296452
2012-11-30 00:00:00,28.1700001,28.2700005,28.4200001,27.9699993,3279800.0,20.800106
2012-12-03 00:00:00,27.9099998,28.3099995,28.4099998,27.7600002,4293100.0,20.6081276
2012-12-04 00:00:00,27.6900005,27.8799992,27.9699993,27.5200005,4064600.0,20.4456902
2012-12-05 00:00:00,27.8600006,27.6800003,28.0100002,27.6800003,5822000.0,20.5712147
2012-12-06 00:00:00,28.2299995,27.8299999,28.2399998,27.7600002,4312000.0,20.8444118
2012-12-07 00:00:00,28.4200001,28.2700005,28.4899998,28.2299995,3646700.0,20.9846992
2012-12-10 00:00:00,28.3600006,28.3199997,28.5799999,28.1299992,3238500.0,20.940403
2012-12-11 00:00:00,28.4599991,28.3400002,28.6100006,28.3299999,3637200.0,21.0142326
2012-12-12 00:00:00,28.8400002,28.6000004,29.1000004,28.5300007,5792800.0,21.2948208
2012-12-13 00:00:00,28.5799999,28.8799992,28.9099998,28.4300003,4035300.0,21.1028404
2012-12-14 00:00:00,28.2900009,28.5300007,28.5699997,28.25,3248800.0,20.8887138
2012-12-17 00:00:00,29.1499996,28.4799995,29.1800003,28.3799992,4658800.0,21.523716
2012-12-18 00:00:00,29.6399994,29.25,29.6700001,29.0,7419600.0,21.8855286
2012-12-19 00:00:00,29.5100002,29.3899994,29.7700005,29.3099995,3949400.0,21.7895317
2012-12-20 00:00:00,29.6399994,29.5100002,29.7299995,29.3600006,3726400.0,21.8855286
2012-12-21 00:00:00,29.4500008,29.5,29.5699997,29.2199993,5184700.0,21.7452316
2012-12-24 00:00:00,29.2399998,29.4099998,29.4400005,29.0900002,1395900.0,21.5901718
2012-12-26 00:00:00,29.2099991,29.2800007,29.3899994,29.0799999,2208100.0,21.5680199
2012-12-27 00:00:00,29.0599995,29.2000008,29.2700005,28.6200008,3156300.0,21.4572639
2012-12-28 00:00:00,28.8500004,28.7600002,29.0900002,28.7299995,2847400.0,21.3022003
2012-12-31 00:00:00,29.1100006,28.7600002,29.1200008,28.7099991,4434300.0,21.4941826
2013-01-02 00:00:00,30.0699997,29.6900005,30.0799999,29.5400009,5102600.0,22.3566303
2013-01-03 00:00:00,29.9200001,30.0400009,30.2299995,29.7700005,6147100.0,22.2451057
2013-01-04 00:00:00,30.2000008,29.6000004,30.2199993,29.6000004,4011600.0,22.4532833
2013-01-07 00:00:00,30.0400009,30.0599995,30.2299995,29.7299995,2751100.0,22.334322
2013-01-08 00:00:00,29.8299999,30.0599995,30.1399994,29.6200008,3848800.0,22.1781902
2013-01-09 00:00:00,30.0400009,29.9300003,30.2399998,29.8700008,3099900.0,22.334322
2013-01-10 00:00:00,30.5400009,30.25,30.5799999,30.1599998,4303800.0,22.706068
2013-01-11 00:00:00,30.3099995,30.5400009,30.5400009,30.0300007,2946200.0,22.5350628
2013-01-14 00:00:00,30.2600002,30.3199997,30.3700008,29.9200001,2628400.0,22.4978886
2013-01-15 00:00:00,30.3199997,30.1100006,30.3700008,30.0300007,2216900.0,22.5424919
2013-01-16 00:00:00,30.3099995,30.2199993,30.4599991,30.0900002,3481800.0,22.5350628
2013-01-17 00:00:00,30.8899994,30.6000004,31.0900002,30.3099995,6910000.0,22.9662819
2013-01-18 00:00:00,31.0400009,31.1700001,31.2199993,30.7099991,6127400.0,23.0778141
2013-01-22 00:00:00,30.8500004,31.0200005,31.1200008,30.7999992,4992300.0,22.9365482
2013-01-23 00:00:00,30.7600002,30.7700005,30.9799995,30.6399994,5138700.0,22.8696327
2013-01-24 00:00:00,30.9099998,30.7900009,31.0799999,30.7600002,2852700.0,22.9811535
2013-01-25 00:00:00,30.8700008,31.0100002,31.1900005,30.7700005,3372000.0,22.9514122
2013-01-28 00:00:00,31.0,30.9400005,31.0100002,30.6299992,2937500.0,23.0480671
2013-01-29 00:00:00,30.9300003,30.9400005,31.0300007,30.8199997,3274200.0,22.9960251
2013-01-30 00:00:00,30.5599995,30.8400002,30.8799992,30.5,4882800.0,22.7209339
2013-01-31 00:00:00,30.2800007,30.5300007,30.5499992,30.1299992,6225200.0,22.5127563
2013-02-01 00:00:00,31.1200008,30.5400009,31.3600006,30.5200005,6303200.0,23.1372852
2013-02-04 00:00:00,30.5200005,30.9400005,30.9500008,30.5,3814800.0,22.6912003
2013-02-05 00:00:00,31.0200005,31.1200008,31.1200008,30.6499996,5978100.0,23.0629387
2013-02-06 00:00:00,30.8600006,30.7399998,30.8899994,30.6499996,3896800.0,23.1153736
2013-02-07 00:00:00,30.6700001,30.8700008,30.8700008,30.4699993,3378900.0,22.973053
2013-02-08 00:00:00,30.6499996,30.6700001,30.75,30.5100002,3169600.0,22.9580727
2013-02-11 00:00:00,30.6299992,30.6700001,30.7999992,30.5599995,2331900.0,22.9430962
2013-02-12 00:00:00,30.6000004,30.6599998,30.6900005,30.3999996,3294500.0,22.9206257
2013-02-13 00:00:00,30.5200005,30.6299992,30.6599998,30.3999996,2954300.0,22.8606968
2013-02-14 00:00:00,30.3600006,30.4200001,30.5599995,30.2800007,3035800.0,22.7408543
2013-02-15 00:00:00,30.2700005,30.4200001,30.4799995,30.1800003,2873600.0,22.673439
2013-02-19 00:00:00,30.3700008,30.3099995,30.4500008,30.2800007,3682000.0,22.7483444
2013-02-20 00:00:00,30.0,30.2999992,30.4099998,29.9799995,4151800.0,22.4711952
2013-02-21 00:00:00,30.0400009,29.9500008,30.1900005,29.8600006,4902400.0,22.5011539
2013-02-22 00:00:00,30.5799999,30.1900005,30.6000004,30.1000004,3520500.0,22.9056377
2013-02-25 00:00:00,29.8899994,30.7999992,30.8999996,29.8899994,4591300.0,22.3887997
2013-02-26 00:00:00,30.0799999,30.0900002,30.25,29.8899994,4434400.0,22.5311241
2013-02-27 00:00:00,30.3899994,30.0599995,30.4500008,29.9599991,3797600.0,22.7633228
2013-02-28 00:00:00,30.3600006,30.3299999,30.6800003,30.25,4523600.0,22.7408543
2013-03-01 00:00:00,30.6599998,30.2099991,30.7299995,30.0100002,3699100.0,22.9655609
2013-03-04 00:00:00,31.1299992,30.5799999,31.1299992,30.5699997,3816000.0,23.3176079
2013-03-05 00:00:00,30.4099998,31.2299995,31.25,30.3500004,7691800.0,22.7783089
2013-03-06 00:00:00,30.6700001,30.5300007,30.6700001,30.2199993,5936100.0,22.973053
2013-03-07 00:00:00,31.1200008,30.7000008,31.3299999,30.7000008,5029400.0,23.3101254
2013-03-08 00:00:00,31.3999996,31.5599995,31.7099991,31.0699997,5943100.0,23.5198536
2013-03-11 00:00:00,31.7800007,31.3299999,31.7800007,31.3299999,4029400.0,23.8044853
2013-03-12 00:00:00,31.3700008,31.7199993,31.8099995,31.1599998,3852000.0,23.497385
2013-03-13 00:00:00,31.5699997,31.3899994,31.5900002,31.3099995,2283600.0,23.6471901
2013-03-14 00:00:00,31.7299995,31.5799999,31.75,31.3600006,3702600.0,23.7670307
2013-03-15 00:00:00,30.9799995,30.7399998,31.2000008,30.6700001,11087300.0,23.2052536
2013-03-18 00:00:00,30.75,30.6599998,30.8799992,30.5599995,5127400.0,23.0329723
2013-03-19 00:00:00,30.7900009,30.8400002,30.9200001,30.6000004,3485700.0,23.0629406
2013-03-20 00:00:00,30.9699993,30.9400005,31.0200005,30.7999992,3568100.0,23.1977634
2013-03-21 00:00:00,30.6399994,30.7999992,30.9300003,30.5699997,2681900.0,22.9505806
2013-03-22 00:00:00,30.7999992,30.6900005,30.8999996,30.6700001,2064700.0,23.0704327
2013-03-25 00:00:00,30.8199997,30.8799992,30.9500008,30.6800003,3220000.0,23.0854111
2013-03-26 00:00:00,31.2099991,30.9500008,31.2700005,30.8299999,3357300.0,23.3775368
2013-03-27 00:00:00,31.2800007,30.9799995,31.3299999,30.8899994,3060700.0,23.4299679
2013-03-28 00:00:00,31.3899994,31.25,31.4200001,31.0599995,4301400.0,23.5123596
2013-04-01 00:00:00,30.8899994,31.4099998,31.4200001,30.7000008,3302900.0,23.1378441
2013-04-02 00:00:00,30.6599998,30.9200001,31.0100002,30.5200005,3377800.0,22.9655609
2013-04-03 00:00:00,30.1700001,30.6800003,30.7800007,30.0900002,4098700.0,22.5985336
2013-04-04 00:00:00,30.6100006,30.1800003,30.6499996,30.1000004,3662300.0,22.9281101
2013-04-05 00:00:00,30.1000004,30.1900005,30.2600002,29.8199997,5401900.0,22.5461025
2013-04-08 00:00:00,30.3799992,30.1000004,30.3999996,29.8999996,4040800.0,22.7558365
2013-04-09 00:00:00,30.8999996,30.7600002,31.0100002,30.5400009,4729300.0,23.1453285
2013-04-10 00:00:00,31.3500004,30.9899998,31.3700008,30.9099998,3590500.0,23.482399
2013-04-11 00:00:00,31.2399998,31.3500004,31.4300003,31.0499992,3149200.0,23.4000092
2013-04-12 00:00:00,31.0100002,31.0100002,31.2000008,30.7700005,3320100.0,23.2277279
2013-04-15 00:00:00,30.1000004,30.8600006,30.9099998,30.1000004,5862300.0,22.5461025
2013-04-16 00:00:00,30.4099998,30.3299999,30.4899998,30.1299992,4524500.0,22.7783089
2013-04-17 00:00:00,30.0200005,30.1499996,30.2999992,29.6100006,5828700.0,22.4861755
2013-04-18 00:00:00,29.2700005,29.8500004,29.9799995,29.1800003,7391100.0,21.9243946
2013-04-19 00:00:00,29.6900005,29.5499992,29.75,29.2900009,3934000.0,22.2389965
2013-04-22 00:00:00,29.7700005,29.7399998,29.8299999,29.5100002,2641500.0,22.2989216
2013-04-23 00:00:00,29.9699993,29.9599991,30.0599995,29.6800003,4297400.0,22.4487247
2013-04-24 00:00:00,30.2299995,29.9400005,30.3099995,29.7700005,3747200.0,22.6434765
2013-04-25 00:00:00,30.6700001,30.3299999,30.8400002,30.2299995,4468600.0,22.973053
2013-04-26 00:00:00,30.5699997,30.6800003,30.7999992,30.3700008,3584900.0,22.8981495
2013-04-29 00:00:00,30.8199997,30.6499996,30.8799992,30.5499992,3986300.0,23.0854111
2013-04-30 00:00:00,30.7700005,30.7800007,30.8500004,30.6100006,3467800.0,23.0479603
2013-05-01 00:00:00,30.3500004,30.6800003,30.7999992,30.3199997,3426700.0,22.7333603
2013-05-02 00:00:00,30.6000004,30.3899994,30.7700005,30.1000004,4488900.0,22.9206257
2013-05-03 00:00:00,30.9400005,30.8600006,31.0400009,30.8600006,3769200.0,23.1752911
2013-05-06 00:00:00,31.1599998,30.9099998,31.1800003,30.8799992,2699900.0,23.3400822
2013-05-07 00:00:00,31.5100002,31.25,31.6100006,31.1800003,3016900.0,23.6022434
2013-05-08 00:00:00,31.5200005,31.1399994,31.5400009,31.1299992,2911100.0,23.7833405
2013-05-09 00:00:00,31.3500004,31.5100002,31.5900002,31.2800007,3115000.0,23.6550674
2013-05-10 00:00:00,31.4099998,31.4500008,31.5699997,31.25,3364100.0,23.7003326
2013-05-13 00:00:00,31.7399998,31.3899994,31.8999996,31.3799992,4662000.0,23.9493389
2013-05-14 00:00:00,32.2599983,31.7299995,32.2700005,31.6299992,6586200.0,24.3416996
2013-05-15 00:00:00,32.4900017,32.1699982,32.6100006,32.1300011,4133200.0,24.5152493
2013-05-16 00:00:00,32.1800003,32.3899994,32.5200005,32.1199989,6182900.0,24.2813358
2013-05-17 00:00:00,32.5499992,32.3199997,32.6300011,32.2299995,3218600.0,24.5605221
2013-05-20 00:00:00,32.6599998,32.4599991,32.8699989,32.3899994,2778800.0,24.6435242
2013-05-21 00:00:00,32.7200012,32.6199989,32.9000015,32.6199989,2719400.0,24.6888008
2013-05-22 00:00:00,32.6399994,32.7700005,33.1899986,32.4900017,5951800.0,24.6284351
2013-05-23 00:00:00,32.8699989,32.2799988,33.0,32.2599983,5823600.0,24.8019829
2013-05-24 00:00:00,32.8199997,32.6599998,32.8199997,32.4700012,2638100.0,24.7642536
2013-05-28 00:00:00,33.1399994,33.1100006,33.4799995,32.9700012,4155600.0,25.0057011
2013-05-29 00:00:00,33.3199997,32.9399986,33.5,32.8699989,3671500.0,25.1415234
2013-05-30 00:00:00,33.4599991,33.4000015,33.6899986,33.2299995,3512400.0,25.2471619
2013-05-31 00:00:00,32.9199982,33.3600006,33.4900017,32.9199982,3843500.0,24.8396988
2013-06-03 00:00:00,33.0900002,33.0600014,33.2200012,32.5499992,3859700.0,24.9679756
2013-06-04 00:00:00,32.9599991,33.1399994,33.3699989,32.7099991,4349400.0,24.8698826
2013-06-05 00:00:00,32.4799995,32.9000015,33.1100006,32.3899994,4706800.0,24.5077038
2013-06-06 00:00:00,32.6800003,32.3800011,32.6899986,32.0999985,2944800.0,24.6586094
2013-06-07 00:00:00,33.2299995,32.9000015,33.2900009,32.6699982,3089000.0,25.0736141
2013-06-10 00:00:00,33.4300003,33.4300003,33.7000008,33.3600006,4302600.0,25.2245255
2013-06-11 00:00:00,33.3100014,33.0999985,33.7200012,33.0,4327900.0,25.133976
2013-06-12 00:00:00,32.9599991,33.4700012,33.5699997,32.8699989,2436400.0,24.8698826
2013-06-13 00:00:00,33.4199982,32.9399986,33.4500008,32.8199997,2869000.0,25.2169724
2013-06-14 00:00:00,32.7799988,33.3499985,33.3899994,32.6699982,2738800.0,24.7340603
2013-06-17 00:00:00,33.1100006,33.0499992,33.3800011,32.8600006,3553200.0,24.9830666
2013-06-18 00:00:00,33.3800011,33.1300011,33.4500008,33.0600014,2375600.0,25.1868
2013-06-19 00:00:00,32.9900017,33.3499985,33.4199982,32.9900017,2952400.0,24.8925247
2013-06-20 00:00:00,32.9799995,32.7999992,33.4599991,32.7099991,5474600.0,24.8849792
2013-06-21 00:00:00,33.6800003,33.3300018,33.8300018,33.1199989,6785500.0,25.4131584
2013-06-24 00:00:00,33.2200012,33.3499985,33.6300011,33.0699997,5553100.0,25.0660686
2013-06-25 00:00:00,33.8300018,33.5299988,33.9900017,33.2700005,3556600.0,25.5263481
2013-06-26 00:00:00,33.8800011,34.0900002,34.2000008,33.7000008,3782600.0,25.564064
2013-06-27 00:00:00,34.1199989,33.9700012,34.3699989,33.9099998,3120300.0,25.7451611
2013-06-28 00:00:00,33.8800011,34.0,34.0299988,33.5800018,4024700.0,25.564064
2013-07-01 00:00:00,34.0200005,34.0800018,34.4099998,33.9500008,2601200.0,25.6697025
2013-07-02 00:00:00,34.1599998,34.0699997,34.5600014,34.0400009,3866000.0,25.775341
2013-07-03 00:00:00,34.1699982,33.9799995,34.3199997,33.8300018,1793500.0,25.7828865
2013-07-05 00:00:00,34.8800011,34.4900017,34.8899994,34.4500008,3325600.0,26.3186188
2013-07-08 00:00:00,34.9500008,35.0,35.0999985,34.8300018,3693900.0,26.371439
2013-07-09 00:00:00,35.0499992,35.1500015,35.2299995,34.7400017,3442900.0,26.4468956
2013-07-10 00:00:00,34.7999992,35.0699997,35.0900002,34.5400009,3216000.0,26.2582531
2013-07-11 00:00:00,34.5800018,35.1800003,35.1899986,34.4099998,3825100.0,26.0922527
2013-07-12 00:00:00,34.7999992,34.6699982,34.9000015,34.2799988,4456100.0,26.2582531
2013-07-15 00:00:00,35.1399994,34.7999992,35.2000008,34.75,2956500.0,26.5147991
2013-07-16 00:00:00,34.8400002,35.1199989,35.2000008,34.2700005,4397600.0,26.2884407
2013-07-17 00:00:00,34.8300018,34.9099998,35.0099983,34.6899986,3582900.0,26.2808952
2013-07-18 00:00:00,35.0600014,34.5299988,35.1800003,34.2000008,5246500.0,26.4544373
2013-07-19 00:00:00,35.0999985,35.1300011,35.1800003,34.6899986,4637900.0,26.4846134
2013-07-22 00:00:00,35.4599991,35.0699997,35.5200005,35.0299988,3252600.0,26.7562561
2013-07-23 00:00:00,35.7299995,35.4300003,35.8100014,35.1500015,3191400.0,26.95998
2013-07-24 00:00:00,35.6800003,35.7599983,35.9000015,35.6100006,1941500.0,26.9222584
2013-07-25 00:00:00,35.6300011,35.5699997,35.7400017,35.3300018,3259000.0,26.8845329
2013-07-26 00:00:00,35.7400017,35.3100014,35.7599983,35.3100014,2827100.0,26.9675293
2013-07-29 00:00:00,35.4700012,35.7000008,35.7400017,35.2999992,2382900.0,26.7637997
2013-07-30 00:00:00,35.5999985,35.6500015,35.8800011,35.5200005,2622600.0,26.8618813
2013-07-31 00:00:00,35.6899986,35.6899986,36.1599998,35.6399994,3405400.0,26.9298
2013-08-01 00:00:00,36.4300003,35.9799995,36.4599991,35.8499985,2964600.0,27.4881592
2013-08-02 00:00:00,36.4199982,36.2299995,36.4599991,36.0600014,3179900.0,27.4806194
2013-08-05 00:00:00,36.4000015,36.3600006,36.5900002,36.1199989,2079400.0,27.4655361
2013-08-06 00:00:00,36.0800018,36.2999992,36.3499985,35.8800011,2083300.0,27.2240849
2013-08-07 00:00:00,35.5,35.6599998,35.7799988,35.3400002,2147000.0,26.9582958
2013-08-08 00:00:00,35.4799995,35.6699982,35.8400002,35.3100014,2486200.0,26.9431
2013-08-09 00:00:00,35.4599991,35.4900017,35.7400017,35.3699989,2030700.0,26.9279156
2013-08-12 00:00:00,35.5699997,35.4099998,35.75,35.2400017,2211000.0,27.0114498
2013-08-13 00:00:00,35.8699989,35.5999985,36.1100006,35.5600014,3578200.0,27.2392578
2013-08-14 00:00:00,35.7000008,35.8100014,36.0,35.5800018,1743500.0,27.1101685
2013-08-15 00:00:00,35.3199997,35.5099983,35.6300011,35.2299995,2304500.0,26.8215981
2013-08-16 00:00:00,35.5299988,35.2700005,35.7599983,35.1899986,3553900.0,26.9810734
2013-08-19 00:00:00,35.4900017,35.4900017,35.5900002,35.3300018,2756400.0,26.9506931
2013-08-20 00:00:00,35.6399994,35.4300003,35.8499985,35.4300003,4275200.0,27.0646019
2013-08-21 00:00:00,35.3400002,35.5699997,35.6500015,35.2000008,3097500.0,26.836792
2013-08-22 00:00:00,35.9099998,35.4300003,35.9799995,35.3400002,1814800.0,27.2696362
2013-08-23 00:00:00,35.7599983,36.0099983,36.1599998,35.6300011,3510900.0,27.1557255
2013-08-26 00:00:00,35.5999985,35.7599983,36.0900002,35.5800018,2393200.0,27.0342197
2013-08-27 00:00:00,34.4900017,35.2700005,35.2700005,34.4300003,3274100.0,26.1913052
2013-08-28 00:00:00,34.3199997,34.4799995,34.6599998,34.2400017,3546400.0,26.0622082
2013-08-29 00:00:00,34.2599983,34.25,34.5900002,34.1500015,2338000.0,26.0166435
2013-08-30 00:00:00,33.9599991,34.3600006,34.3600006,33.8699989,3077600.0,25.7888241
2013-09-03 00:00:00,33.8100014,34.4099998,34.4700012,33.5499992,3969800.0,25.6749268
2013-09-04 00:00:00,33.9300003,33.8300018,34.1199989,33.7599983,2463500.0,25.7660465
2013-09-05 00:00:00,33.9300003,33.9500008,34.1699982,33.8100014,3208000.0,25.7660465
2013-09-06 00:00:00,33.5200005,34.0099983,34.0699997,33.3300018,5480000.0,25.4547043
2013-09-09 00:00:00,33.7599983,33.5099983,33.7900009,33.2999992,2910500.0,25.6369457
2013-09-10 00:00:00,33.8100014,34.0,34.1699982,33.7299995,2860500.0,25.6749268
2013-09-11 00:00:00,33.8600006,33.7999992,34.0099983,33.5999985,2490900.0,25.7128925
2013-09-12 00:00:00,33.8699989,33.8699989,34.0499992,33.8199997,2400700.0,25.7204762
2013-09-13 00:00:00,34.0099983,33.8300018,34.0699997,33.75,1727100.0,25.8267975
2013-09-16 00:00:00,34.4799995,34.3600006,34.5699997,34.1699982,3320100.0,26.1837139
2013-09-17 00:00:00,35.0600014,34.9000015,35.0699997,34.5600014,4002700.0,26.6241589
2013-09-18 00:00:00,35.2000008,35.0800018,35.5800018,35.0400009,5299300.0,26.7304745
2013-09-19 00:00:00,35.0600014,35.25,35.3100014,34.75,6515600.0,26.6241589
2013-09-20 00:00:00,35.0499992,35.1199989,35.2000008,34.9199982,5078700.0,26.6165676
2013-09-23 00:00:00,34.1899986,34.9199982,35.0,34.1100006,3437600.0,25.9634914
2013-09-24 00:00:00,33.8699989,33.9599991,34.0900002,33.7099991,4736500.0,25.7204762
2013-09-25 00:00:00,33.9799995,33.8600006,34.1399994,33.4599991,3887300.0,25.8040161
2013-09-26 00:00:00,33.9399986,33.9900017,34.1300011,33.7000008,2380100.0,25.7736435
2013-09-27 00:00:00,33.9700012,33.7099991,34.0299988,33.6899986,3570400.0,25.796423
2013-09-30 00:00:00,33.75,33.7099991,33.9399986,33.5,2592700.0,25.629364
2013-10-01 00:00:00,34.0299988,33.9300003,34.0900002,33.7999992,2793700.0,25.8419876
2013-10-02 00:00:00,33.8199997,33.8699989,33.9000015,33.5800018,2674000.0,25.682518
2013-10-03 00:00:00,33.4000015,33.6800003,33.7299995,33.2599983,3208900.0,25.3635731
2013-10-04 00:00:00,33.6699982,33.4000015,33.7099991,33.3300018,1943800.0,25.5686054
2013-10-07 00:00:00,33.1399994,33.3699989,33.4700012,33.1399994,1759500.0,25.1661301
2013-10-08 00:00:00,32.6599998,33.1300011,33.25,32.6500015,3307600.0,24.8016281
2013-10-09 00:00:00,32.7599983,32.7000008,32.9000015,32.6800003,3056900.0,24.8775654
2013-10-10 00:00:00,33.6899986,33.1599998,33.6899986,33.1599998,3708000.0,25.5837936
2013-10-11 00:00:00,33.7299995,33.5999985,33.8400002,33.2400017,3169700.0,25.6141739
2013-10-14 00:00:00,33.8199997,33.5699997,33.8699989,33.5299988,2250100.0,25.682518
2013-10-15 00:00:00,33.5299988,33.7700005,33.8300018,33.4700012,2858300.0,25.4622917
2013-10-16 00:00:00,34.2200012,33.8199997,34.3600006,33.6800003,3717700.0,25.9862709
2013-10-17 00:00:00,34.0,33.7599983,34.2400017,33.3499985,5323400.0,25.8192081
2013-10-18 00:00:00,33.5999985,34.0999985,34.0999985,33.4000015,7211800.0,25.5154495
2013-10-21 00:00:00,34.0600014,33.5499992,34.1500015,33.5,4688200.0,25.8647747
2013-10-22 00:00:00,34.6899986,34.0999985,34.8199997,33.9399986,7037400.0,26.3431873
2013-10-23 00:00:00,34.7099991,34.4700012,34.8899994,34.3300018,4934900.0,26.3583736
2013-10-24 00:00:00,34.6300011,34.8499985,34.9000015,34.5099983,2381500.0,26.2976208
2013-10-25 00:00:00,34.8100014,34.5600014,34.8600006,34.5299988,2447100.0,26.4343147
2013-10-28 00:00:00,34.7799988,34.7799988,34.9099998,34.5999985,2772500.0,26.4115257
2013-10-29 00:00:00,34.5600014,34.8600006,34.8800011,34.4799995,3238300.0,26.2444649
2013-10-30 00:00:00,34.4300003,34.5299988,34.6599998,34.3800011,3769400.0,26.1457462
2013-10-31 00:00:00,33.9700012,34.4199982,34.4199982,33.9700012,4056800.0,25.796423
2013-11-01 00:00:00,33.8899994,33.9500008,34.2599983,33.8800011,3211400.0,25.735672
2013-11-04 00:00:00,33.8699989,34.0,34.0,33.7200012,2307100.0,25.7204762
2013-11-05 00:00:00,33.6599998,33.7400017,33.7799988,33.5900002,3388300.0,25.5610142
2013-11-06 00:00:00,33.5499992,33.5,33.5800018,33.3699989,2967200.0,25.6527653
2013-11-07 00:00:00,32.8800011,33.5900002,33.6599998,32.8699989,4660600.0,25.1404743
2013-11-08 00:00:00,33.6300011,32.8800011,33.6599998,32.8199997,6757800.0,25.7139359
2013-11-11 00:00:00,33.4900017,33.5600014,33.6100006,33.2999992,3049300.0,25.6068974
2013-11-12 00:00:00,33.0400009,33.4500008,33.4799995,33.0200005,3582000.0,25.2628155
2013-11-13 00:00:00,33.2599983,32.9399986,33.2999992,32.8499985,4420300.0,25.4310265
2013-11-14 00:00:00,33.5600014,33.3600006,33.5699997,33.2000008,3192900.0,25.6604176
2013-11-15 00:00:00,33.7799988,33.7099991,33.9099998,33.5699997,3972300.0,25.8286247
2013-11-18 00:00:00,33.8400002,33.7799988,34.1199989,33.6500015,3145300.0,25.8745022
2013-11-19 00:00:00,33.8600006,33.9700012,34.0299988,33.7000008,2577200.0,25.8897972
2013-11-20 00:00:00,34.0099983,33.8699989,34.1300011,33.6899986,3005900.0,26.0044918
2013-11-21 00:00:00,34.3899994,34.1100006,34.4700012,34.0900002,2575800.0,26.2950439
2013-11-22 00:00:00,34.7400017,34.3499985,34.7999992,34.1500015,3355300.0,26.5626564
2013-11-25 00:00:00,34.8699989,34.8499985,35.1100006,34.7999992,2807900.0,26.6620541
2013-11-26 00:00:00,35.0099983,34.8499985,35.0699997,34.75,4189700.0,26.7690964
2013-11-27 00:00:00,34.9000015,35.0,35.0400009,34.7999992,2678800.0,26.6849918
2013-11-29 00:00:00,34.7400017,35.0,35.0600014,34.7299995,1940200.0,26.5626564
2013-12-02 00:00:00,34.7000008,34.8199997,35.0600014,34.6399994,3034100.0,26.5320759
2013-12-03 00:00:00,34.2900009,34.5400009,34.8100014,34.0600014,3649700.0,26.2185841
2013-12-04 00:00:00,34.7999992,34.6599998,35.0,34.5200005,6089700.0,26.608532
2013-12-05 00:00:00,34.4900017,34.6199989,34.7099991,34.4300003,3867900.0,26.3715019
2013-12-06 00:00:00,34.9500008,34.9000015,35.0499992,34.7200012,3736700.0,26.7232304
2013-12-09 00:00:00,34.8400002,34.9900017,35.0900002,34.8100014,3283200.0,26.6391239
2013-12-10 00:00:00,34.5600014,34.7099991,34.8600006,34.5200005,2696100.0,26.4250317
2013-12-11 00:00:00,34.6800003,34.5600014,34.9099998,34.3600006,5817800.0,26.5167828
2013-12-12 00:00:00,35.3600006,34.75,35.5499992,34.6300011,6661200.0,27.0367165
2013-12-13 00:00:00,35.3400002,35.3699989,35.5800018,35.0999985,4333500.0,27.021431
2013-12-16 00:00:00,35.8699989,35.4199982,36.0299988,35.2799988,4390200.0,27.4266605
2013-12-17 00:00:00,35.4900017,35.8100014,35.8699989,35.4099998,3445200.0,27.136116
2013-12-18 00:00:00,36.25,35.5,36.2599983,35.4099998,5393900.0,27.7172165
2013-12-19 00:00:00,36.5900002,36.1100006,36.6399994,35.9799995,5628800.0,27.97719
2013-12-20 00:00:00,36.6800003,36.7400017,36.8300018,36.4799995,5025300.0,28.0460091
2013-12-23 00:00:00,37.2400017,36.75,37.2900009,36.6699982,4739200.0,28.4741936
2013-12-24 00:00:00,37.2400017,37.1699982,37.3800011,37.0900002,1687500.0,28.4741936
2013-12-26 00:00:00,37.1599998,37.25,37.4199982,37.0999985,3432900.0,28.4130173
2013-12-27 00:00:00,37.0999985,37.1599998,37.3300018,37.0400009,1939200.0,28.3671474
2013-12-30 00:00:00,37.1599998,37.0999985,37.2700005,36.9900017,2278200.0,28.4130173
2013-12-31 00:00:00,37.3199997,37.1800003,37.4199982,37.1300011,2702800.0,28.5353661
2014-01-02 00:00:00,36.7700005,37.1800003,37.1800003,36.7000008,3185400.0,28.1148148
2014-01-03 00:00:00,36.9300003,36.8699989,37.0800018,36.75,2176100.0,28.2371578
2014-01-06 00:00:00,37.4300003,37.3600006,37.5800018,37.2599983,4863400.0,28.6194706
2014-01-07 00:00:00,38.0299988,37.7200012,38.0699997,37.7200012,7039600.0,29.0782356
2014-01-08 00:00:00,38.1399994,37.7299995,38.1899986,37.6699982,5537000.0,29.162344
2014-01-09 00:00:00,38.4000015,38.25,38.5600014,38.1899986,4480600.0,29.3611431
2014-01-10 00:00:00,38.6599998,38.4300003,38.7799988,38.2999992,6802100.0,29.5599422
2014-01-13 00:00:00,38.5400009,38.5699997,38.7700005,38.3400002,8287800.0,29.4681873
2014-01-14 00:00:00,38.4399986,38.6300011,38.6300011,38.1899986,5714500.0,29.391716
2014-01-15 00:00:00,38.7799988,38.5299988,38.9500008,38.5200005,5083100.0,29.6516953
2014-01-16 00:00:00,38.7299995,38.3899994,38.7400017,38.0299988,6083700.0,29.6134567
2014-01-17 00:00:00,38.7799988,39.0400009,39.1199989,38.6599998,4857700.0,29.6516953
2014-01-21 00:00:00,39.3100014,38.8499985,39.3400002,38.7700005,5777700.0,30.0569496
2014-01-22 00:00:00,39.2599983,39.25,39.3100014,39.0499992,4390800.0,30.0187111
2014-01-23 00:00:00,38.7599983,38.9300003,38.9300003,38.4799995,4772400.0,29.6364002
2014-01-24 00:00:00,38.2599983,38.4799995,38.6399994,38.2000008,4785000.0,29.2540894
2014-01-27 00:00:00,37.7900009,38.2599983,38.4099998,37.7700005,5370500.0,28.8947239
2014-01-28 00:00:00,37.8800011,37.3600006,37.9199982,37.3499985,4852100.0,28.9635334
2014-01-29 00:00:00,37.3800011,37.5,37.8300018,37.1100006,3728900.0,28.581234
2014-01-30 00:00:00,37.8699989,37.7200012,37.9599991,37.4300003,2715100.0,28.9558907
2014-01-31 00:00:00,37.4099998,37.4000015,37.7599983,37.1399994,3099500.0,28.6041718
2014-02-03 00:00:00,36.4099998,37.4500008,37.4799995,36.3499985,4340900.0,27.8395634
2014-02-04 00:00:00,36.7700005,36.6199989,36.9000015,36.2799988,2761400.0,28.1148148
2014-02-05 00:00:00,36.6500015,36.6300011,36.8300018,36.4199982,2545300.0,28.0230694
2014-02-06 00:00:00,37.0900002,36.7200012,37.1300011,36.5800018,2368000.0,28.3595028
2014-02-07 00:00:00,37.2900009,37.2799988,37.4399986,36.9199982,2282600.0,28.5124226
2014-02-10 00:00:00,37.5499992,37.2099991,37.5800018,37.0299988,2758600.0,28.7112217
2014-02-11 00:00:00,37.6199989,37.5,37.7299995,37.3499985,3536700.0,28.7647419
2014-02-12 00:00:00,37.2400017,37.3699989,37.6599998,37.0299988,3190600.0,28.6493492
2014-02-13 00:00:00,37.4300003,36.8899994,37.4700012,36.8899994,2834000.0,28.7955208
2014-02-14 00:00:00,37.5999985,37.4000015,37.7000008,37.2799988,2203500.0,28.9262924
2014-02-18 00:00:00,37.5600014,37.5600014,37.7000008,37.4000015,1785600.0,28.8955326
2014-02-19 00:00:00,36.8100014,37.4399986,37.5900002,36.7299995,3926300.0,28.3185368
2014-02-20 00:00:00,37.1800003,36.8800011,37.2900009,36.5699997,2703000.0,28.6031895
2014-02-21 00:00:00,37.2200012,37.2400017,37.4000015,37.0499992,3957700.0,28.633955
2014-02-24 00:00:00,37.7000008,37.0299988,37.8600006,37.0200005,3577100.0,29.0032349
2014-02-25 00:00:00,37.5499992,37.6300011,37.7900009,37.4900017,2189600.0,28.8878384
2014-02-26 00:00:00,37.8100014,37.6199989,37.8899994,37.5499992,1904000.0,29.0878582
2014-02-27 00:00:00,37.5099983,37.3300018,37.7200012,37.2099991,4075100.0,28.857069
2014-02-28 00:00:00,37.7999992,37.5400009,38.2099991,37.5,3996200.0,29.0801601
2014-03-03 00:00:00,37.3899994,37.1899986,37.4700012,37.1199989,2546600.0,28.7647362
2014-03-04 00:00:00,37.9399986,37.8199997,38.0299988,37.6500015,2653200.0,29.1878681
2014-03-05 00:00:00,38.3899994,38.0,38.5099983,37.9000015,2963600.0,29.5340614
2014-03-06 00:00:00,38.7700005,38.5200005,38.9799995,38.5200005,3412700.0,29.8264065
2014-03-07 00:00:00,39.1800003,38.9199982,39.3499985,38.9199982,3936400.0,30.1418228
2014-03-10 00:00:00,39.2299995,38.9599991,39.2299995,38.7999992,2873500.0,30.1802826
2014-03-11 00:00:00,38.9900017,39.2000008,39.2700005,38.7700005,2702800.0,29.9956455
2014-03-12 00:00:00,39.0200005,38.7700005,39.0200005,38.7599983,2690000.0,30.0187263
2014-03-13 00:00:00,38.5900002,38.9900017,39.2099991,38.5099983,4414300.0,29.6879234
2014-03-14 00:00:00,38.4700012,38.4900017,38.8300018,38.4199982,2284000.0,29.5956059
2014-03-17 00:00:00,38.8600006,38.6699982,38.9099998,38.6100006,2397800.0,29.8956432
2014-03-18 00:00:00,39.0600014,38.8600006,39.0999985,38.7599983,2326200.0,30.0495014
2014-03-19 00:00:00,39.1899986,38.9500008,39.4900017,38.8699989,3327100.0,30.1495037
2014-03-20 00:00:00,39.7799988,39.0800018,39.9500008,39.0600014,3763300.0,30.6034184
2014-03-21 00:00:00,40.1899986,40.0999985,40.5999985,39.9199982,8293400.0,30.9188175
2014-03-24 00:00:00,40.1800003,40.2000008,40.5299988,40.0099983,5048200.0,30.9111366
2014-03-25 00:00:00,40.7700005,40.2700005,40.8100014,40.1199989,6860200.0,31.3650303
2014-03-26 00:00:00,40.5299988,40.7999992,41.0400009,40.5299988,7187400.0,31.180397
2014-03-27 00:00:00,39.6899986,40.3600006,40.6899986,39.5,7704800.0,30.5341682
2014-03-28 00:00:00,39.8300018,39.7900009,40.3100014,39.6899986,4550600.0,30.6418705
2014-03-31 00:00:00,40.1699982,40.1300011,40.4099998,39.9799995,6078000.0,30.9034462
2014-04-01 00:00:00,40.4399986,40.3199997,40.5,40.1599998,3681300.0,31.111166
2014-04-02 00:00:00,40.7099991,40.4399986,40.8699989,40.1899986,3938600.0,31.3188744
2014-04-03 00:00:00,40.5900002,40.3199997,40.8699989,40.2799988,3680500.0,31.2265511
2014-04-04 00:00:00,40.0400009,40.7400017,40.9500008,40.0299988,3527000.0,30.8034344
2014-04-07 00:00:00,39.5900002,40.0499992,40.0800018,39.2900009,4089700.0,30.4572334
2014-04-08 00:00:00,39.5900002,39.5499992,39.8100014,39.1800003,3632500.0,30.4572334
2014-04-09 00:00:00,39.8400002,39.8199997,39.8800011,39.4300003,2665200.0,30.6495705
2014-04-10 00:00:00,38.8899994,39.8600006,39.9300003,38.8400002,3615200.0,29.9187107
2014-04-11 00:00:00,38.6500015,38.5200005,38.9000015,38.1800003,4652900.0,29.7340813
2014-04-14 00:00:00,38.8400002,39.1300011,39.2799988,38.4099998,3207600.0,29.8802528
2014-04-15 00:00:00,39.1500015,38.9000015,39.3100014,38.5699997,3752200.0,30.1187439
2014-04-16 00:00:00,39.3400002,39.4799995,39.4900017,38.9799995,4273700.0,30.2649174
2014-04-17 00:00:00,37.9300003,39.2200012,39.2200012,37.5999985,8884000.0,29.1801796
2014-04-21 00:00:00,37.7999992,37.8600006,37.9000015,37.5400009,3921800.0,29.0801601
2014-04-22 00:00:00,38.1100006,37.7200012,38.2599983,37.4099998,3805000.0,29.3186474
2014-04-23 00:00:00,38.0499992,38.0999985,38.3100014,37.8100014,2606800.0,29.2724876
2014-04-24 00:00:00,37.8100014,38.1699982,38.1699982,37.7299995,2971500.0,29.0878582
2014-04-25 00:00:00,37.3300018,37.6399994,37.7099991,37.3100014,2724800.0,28.718586
2014-04-28 00:00:00,37.1599998,37.5,37.5499992,36.7900009,4122800.0,28.5877991
2014-04-29 00:00:00,37.2299995,37.3699989,37.4000015,37.0099983,2571800.0,28.641655
2014-04-30 00:00:00,37.3300018,37.2200012,37.5999985,37.1100006,3419400.0,28.718586
2014-05-01 00:00:00,37.2400017,37.3499985,37.4199982,37.0,2690300.0,28.6493492
2014-05-02 00:00:00,37.3899994,37.2999992,37.8400002,37.2200012,2574500.0,28.7647362
2014-05-05 00:00:00,37.5,37.4900017,37.5900002,37.0299988,3016700.0,28.8493671
2014-05-06 00:00:00,36.9500008,37.3300018,37.3499985,36.9300003,2415600.0,28.4262447
2014-05-07 00:00:00,37.2900009,37.0600014,37.3300018,36.8400002,2903300.0,28.6878128
2014-05-08 00:00:00,37.3300018,37.2799988,37.6599998,37.2299995,2442500.0,28.718586
2014-05-09 00:00:00,37.6100006,37.25,37.6899986,37.0699997,3695500.0,28.9339943
2014-05-12 00:00:00,38.1899986,37.75,38.2400017,37.6899986,3572500.0,29.3801994
2014-05-13 00:00:00,37.9000015,38.2000008,38.2999992,37.8199997,2291400.0,29.157095
2014-05-14 00:00:00,37.2000008,37.6599998,37.6800003,37.1199989,2560200.0,28.8009567
2014-05-15 00:00:00,36.8100014,36.9900017,36.9900017,36.3800011,4203700.0,28.4990044
2014-05-16 00:00:00,36.8300018,36.75,36.8400002,36.4500008,3768500.0,28.514492
2014-05-19 00:00:00,37.2400017,36.7400017,37.2799988,36.7400017,2343300.0,28.8319263
2014-05-20 00:00:00,37.0900002,37.1899986,37.2299995,36.8600006,2439200.0,28.7157879
2014-05-21 00:00:00,37.3699989,37.2599983,37.5,37.1699982,2199700.0,28.9325657
2014-05-22 00:00:00,37.4399986,37.3600006,37.5600014,37.2799988,1987500.0,28.9867649
2014-05-23 00:00:00,37.7299995,37.4399986,37.75,37.3600006,2257300.0,29.2112846
2014-05-27 00:00:00,37.9700012,37.7999992,38.2299995,37.7900009,2710000.0,29.3971081
2014-05-28 00:00:00,38.1300011,38.0,38.2200012,37.7900009,3193000.0,29.5209808
2014-05-29 00:00:00,37.8899994,38.1800003,38.1800003,37.7400017,2478600.0,29.3351574
2014-05-30 00:00:00,37.9199982,37.7700005,38.1500015,37.7599983,3294900.0,29.3583908
2014-06-02 00:00:00,38.0800018,38.0200005,38.1699982,37.6800003,2871100.0,29.4822693
2014-06-03 00:00:00,38.1599998,38.0200005,38.2900009,37.9399986,3863500.0,29.5442009
2014-06-04 00:00:00,38.1500015,38.0900002,38.3400002,38.0,3439400.0,29.5364571
2014-06-05 00:00:00,38.3800011,38.2099991,38.4199982,37.9599991,3389400.0,29.7145329
2014-06-06 00:00:00,38.6899986,38.4599991,38.7999992,38.2999992,3231900.0,29.954546
2014-06-09 00:00:00,39.0999985,38.6800003,39.1500015,38.6199989,4210300.0,30.2719612
2014-06-10 00:00:00,39.0900002,39.0099983,39.1500015,38.7900009,2544500.0,30.264225
2014-06-11 00:00:00,38.9300003,38.8400002,39.0,38.6500015,2743200.0,30.1403542
2014-06-12 00:00:00,38.4399986,38.7700005,38.8100014,38.3600006,2947000.0,29.7609844
2014-06-13 00:00:00,38.3899994,38.5900002,38.8100014,38.2799988,2856300.0,29.7222729
2014-06-16 00:00:00,38.2000008,38.3600006,38.3600006,38.0099983,2854300.0,29.5751667
2014-06-17 00:00:00,38.5200005,38.1500015,38.7000008,38.1500015,3299100.0,29.8229218
2014-06-18 00:00:00,38.8699989,38.5699997,38.8899994,38.4500008,3128000.0,30.0938931
2014-06-19 00:00:00,38.8300018,38.0999985,38.8400002,38.0999985,2346700.0,30.0629425
2014-06-20 00:00:00,39.1899986,39.0,39.2700005,38.9900017,5393400.0,30.3416462
2014-06-23 00:00:00,39.2599983,39.0699997,39.3300018,38.9799995,2940200.0,30.3958416
2014-06-24 00:00:00,39.0699997,39.1399994,39.5,39.0400009,3189500.0,30.2487411
2014-06-25 00:00:00,39.1199989,38.8699989,39.1500015,38.5499992,2942200.0,30.287447
2014-06-26 00:00:00,39.0200005,39.0699997,39.0900002,38.6100006,3211800.0,30.2100315
2014-06-27 00:00:00,39.2900009,38.9199982,39.3199997,38.9099998,3645000.0,30.4190731
2014-06-30 00:00:00,39.4300003,39.2999992,39.4900017,39.1399994,3543800.0,30.5274601
2014-07-01 00:00:00,39.7400017,39.4900017,39.9700012,39.4099998,5163000.0,30.7674675
2014-07-02 00:00:00,39.6500015,39.6100006,39.7599983,39.4799995,4507900.0,30.697794
2014-07-03 00:00:00,39.9799995,39.8400002,40.2099991,39.7799988,2609500.0,30.9532833
2014-07-07 00:00:00,39.9799995,40.1599998,40.1599998,39.7900009,3591800.0,30.9532833
2014-07-08 00:00:00,39.5900002,39.8300018,39.9000015,39.5400009,3199800.0,30.6513329
2014-07-09 00:00:00,39.6699982,39.6599998,39.7900009,39.5499992,2787600.0,30.7132702
2014-07-10 00:00:00,39.5999985,39.3199997,39.7099991,39.1399994,3562000.0,30.6590729
2014-07-11 00:00:00,39.6899986,39.4700012,39.7700005,39.2200012,2999200.0,30.7287598
2014-07-14 00:00:00,39.5699997,40.0,40.1500015,39.5600014,2867400.0,30.6358452
2014-07-15 00:00:00,40.0800018,39.7400017,40.1100006,39.7299995,2879100.0,31.0307083
2014-07-16 00:00:00,39.6199989,40.1899986,40.1899986,39.5499992,3045900.0,30.6745701
2014-07-17 00:00:00,38.2900009,39.4500008,39.4599991,38.2000008,6539400.0,29.6448498
2014-07-18 00:00:00,38.9000015,38.5600014,39.0,38.4199982,4469800.0,30.1171246
2014-07-21 00:00:00,37.3300018,37.2599983,37.6699982,36.7799988,9130000.0,28.9016094
2014-07-22 00:00:00,37.4900017,37.3400002,37.5499992,37.1100006,6372200.0,29.0254784
2014-07-23 00:00:00,37.5400009,37.4199982,37.6199989,37.25,3502400.0,29.0641994
2014-07-24 00:00:00,37.8199997,37.7000008,37.9000015,37.5900002,3339300.0,29.2809696
2014-07-25 00:00:00,37.9099998,37.6699982,37.9399986,37.6100006,2917800.0,29.3506527
2014-07-28 00:00:00,37.5999985,37.8800011,37.9500008,37.4599991,3289900.0,29.1106358
2014-07-29 00:00:00,37.4199982,37.5900002,37.8300018,37.4199982,2688500.0,28.9712868
2014-07-30 00:00:00,37.6399994,37.6100006,37.7999992,37.4000015,2379900.0,29.1416054
2014-07-31 00:00:00,37.0200005,37.5,37.6300011,37.0200005,3301900.0,28.6615906
2014-08-01 00:00:00,36.7000008,36.8899994,37.1899986,36.5299988,2633200.0,28.4138451
2014-08-04 00:00:00,36.8400002,36.7599983,36.9000015,36.5400009,2758100.0,28.5222378
2014-08-05 00:00:00,36.4500008,36.5900002,36.9000015,36.3800011,3148400.0,28.2202892
2014-08-06 00:00:00,36.2799988,36.3800011,36.4599991,36.1199989,4119400.0,28.2748508
2014-08-07 00:00:00,35.9599991,36.4199982,36.5,35.8899994,2894500.0,28.0254574
2014-08-08 00:00:00,36.1199989,36.1199989,36.1699982,35.8600006,4466100.0,28.1501503
2014-08-11 00:00:00,36.2000008,36.2999992,36.3600006,36.0900002,2812300.0,28.2124939
2014-08-12 00:00:00,36.0999985,36.0600014,36.2999992,35.9599991,2527500.0,28.1345558
2014-08-13 00:00:00,36.3300018,36.1800003,36.4300003,36.1800003,2202200.0,28.3138142
2014-08-14 00:00:00,36.3400002,36.2999992,36.5299988,36.2700005,1752400.0,28.3216019
2014-08-15 00:00:00,36.1699982,36.4300003,36.5499992,36.0200005,5426000.0,28.1891136
2014-08-18 00:00:00,36.6599998,36.4700012,36.7599983,36.4300003,2245500.0,28.5709972
2014-08-19 00:00:00,36.7400017,36.75,36.9799995,36.6699982,1813000.0,28.6333466
2014-08-20 00:00:00,36.7900009,36.6100006,36.8899994,36.5499992,2036200.0,28.6723156
2014-08-21 00:00:00,37.1199989,36.8899994,37.2799988,36.8300018,2490800.0,28.9294949
2014-08-22 00:00:00,37.0400009,37.0499992,37.2799988,36.9700012,2481200.0,28.8671474
2014-08-25 00:00:00,37.4000015,37.2900009,37.5099983,37.1899986,2394200.0,29.1477184
2014-08-26 00:00:00,37.5,37.4300003,37.5999985,37.4099998,2030100.0,29.2256527
2014-08-27 00:00:00,37.1800003,37.5499992,37.6500015,37.1399994,1541500.0,28.9762573
2014-08-28 00:00:00,37.1800003,37.0400009,37.2599983,36.9000015,1619900.0,28.9762573
2014-08-29 00:00:00,37.3300018,37.25,37.3899994,37.1500015,2314200.0,29.0931606
2014-09-02 00:00:00,37.5299988,37.4799995,37.6500015,37.2599983,2412300.0,29.2490368
2014-09-03 00:00:00,37.5299988,37.6100006,37.7400017,37.4099998,3001900.0,29.2490368
2014-09-04 00:00:00,37.6699982,37.5600014,37.9199982,37.5400009,3386400.0,29.3581371
2014-09-05 00:00:00,37.5800018,37.5499992,37.5900002,37.2700005,2902800.0,29.2879963
2014-09-08 00:00:00,37.5,37.4900017,37.6800003,37.2700005,3926200.0,29.2256527
2014-09-09 00:00:00,37.2700005,37.4199982,37.4199982,37.1199989,3228500.0,29.0464001
2014-09-10 00:00:00,37.8300018,37.3300018,37.8699989,37.3300018,3465800.0,29.4828472
2014-09-11 00:00:00,37.9500008,37.7400017,38.0,37.6800003,3100600.0,29.5763588
2014-09-12 00:00:00,38.1599998,38.0,38.4399986,37.9300003,3664500.0,29.7400227
2014-09-15 00:00:00,38.0499992,38.1399994,38.2000008,37.9599991,2591700.0,29.6542912
2014-09-16 00:00:00,38.0800018,37.8899994,38.3100014,37.8899994,2845300.0,29.6776791
2014-09-17 00:00:00,38.25,38.2099991,38.5699997,38.0,2605700.0,29.8101673
2014-09-18 00:00:00,38.6300011,38.3499985,38.75,38.3499985,2768000.0,30.1063194
2014-09-19 00:00:00,38.6199989,38.8400002,39.0999985,38.6100006,3661000.0,30.0985279
2014-09-22 00:00:00,38.2999992,38.5400009,38.5999985,38.2200012,2333800.0,29.8491249
2014-09-23 00:00:00,37.8400002,38.2400017,38.3499985,37.8400002,2765800.0,29.4906235
2014-09-24 00:00:00,37.7900009,37.8400002,37.9300003,37.5600014,2631200.0,29.4516697
2014-09-25 00:00:00,37.1899986,37.6599998,37.7400017,37.1399994,4235800.0,28.9840431
2014-09-26 00:00:00,37.5299988,37.3100014,37.5800018,37.1699982,2370500.0,29.2490368
2014-09-29 00:00:00,37.3100014,37.1500015,37.4099998,37.1199989,2642100.0,29.0775795
2014-09-30 00:00:00,37.2099991,37.2900009,37.4900017,37.0499992,4159200.0,28.99963
2014-10-01 00:00:00,37.1300011,37.1399994,37.4300003,37.0299988,5219100.0,28.9372921
2014-10-02 00:00:00,37.3400002,37.0400009,37.4900017,36.9500008,4249400.0,29.1009483
2014-10-03 00:00:00,37.6100006,37.6599998,37.8899994,37.5600014,3451000.0,29.3113804
2014-10-06 00:00:00,37.6899986,37.8400002,37.9500008,37.6800003,3862700.0,29.3737259
2014-10-07 00:00:00,37.3699989,37.5,37.7000008,37.2599983,4549700.0,29.1243267
2014-10-08 00:00:00,37.8899994,37.4599991,37.9399986,37.3199997,4898700.0,29.5295906
2014-10-09 00:00:00,37.2599983,37.9900017,37.9900017,37.1599998,7010200.0,29.038599
2014-10-10 00:00:00,37.0900002,37.4399986,37.75,37.0900002,4909800.0,28.906126
2014-10-13 00:00:00,37.0499992,37.1800003,37.5099983,37.0400009,4611200.0,28.8749371
2014-10-14 00:00:00,37.2799988,37.1399994,37.6199989,37.0699997,4303900.0,29.0541878
2014-10-15 00:00:00,35.9599991,36.8100014,36.8300018,35.5,10304600.0,28.0254574
2014-10-16 00:00:00,35.4900017,35.2200012,35.8699989,34.5,9163000.0,27.6591568
2014-10-17 00:00:00,35.2000008,35.7700005,35.9700012,35.0699997,11622800.0,27.4331417
2014-10-20 00:00:00,35.3699989,35.0800018,35.4399986,35.0699997,5224400.0,27.5656338
2014-10-21 00:00:00,36.0699997,35.6800003,36.1500015,35.5499992,5964600.0,28.1111813
2014-10-22 00:00:00,36.1399994,36.1599998,36.5600014,36.1199989,5514700.0,28.1657448
2014-10-23 00:00:00,36.2400017,36.2299995,36.5400009,36.2000008,4144700.0,28.2436771
2014-10-24 00:00:00,36.6599998,36.2099991,36.6800003,36.2099991,2467000.0,28.5709972
2014-10-27 00:00:00,36.7599983,36.8400002,36.9199982,36.5,5279900.0,28.6489277
2014-10-28 00:00:00,37.25,36.8499985,37.2599983,36.8499985,3183700.0,29.0308132
2014-10-29 00:00:00,37.5800018,37.25,37.6699982,37.0499992,3113500.0,29.2879963
2014-10-30 00:00:00,37.4799995,37.5099983,37.6100006,37.3100014,4597800.0,29.2100658
2014-10-31 00:00:00,37.8800011,37.8499985,38.0800018,37.6699982,4750400.0,29.5217991
2014-11-03 00:00:00,37.8899994,37.9399986,38.0900002,37.7099991,4552200.0,29.5295906
2014-11-04 00:00:00,37.9199982,37.9399986,37.9599991,37.6100006,2569200.0,29.5529766
2014-11-05 00:00:00,37.9099998,37.8699989,37.9900017,37.6300011,4206200.0,29.7333698
2014-11-06 00:00:00,38.2599983,37.9500008,38.2999992,37.6500015,2728500.0,30.0078793
2014-11-07 00:00:00,38.1800003,38.0699997,38.2999992,37.9199982,2955500.0,29.9451275
2014-11-10 00:00:00,38.4399986,38.0499992,38.5099983,38.0299988,2660700.0,30.1490631
2014-11-11 00:00:00,38.3300018,38.4799995,38.5400009,38.2700005,1550900.0,30.0627823
2014-11-12 00:00:00,37.6699982,37.1100006,37.8199997,37.0999985,7083600.0,29.5451336
2014-11-13 00:00:00,37.5800018,37.4900017,37.7299995,37.4199982,5318000.0,29.4745426
2014-11-14 00:00:00,37.4300003,37.5800018,37.7099991,37.3499985,3439600.0,29.356905
2014-11-17 00:00:00,37.3400002,37.4199982,37.4300003,37.0900002,2978500.0,29.2863064
2014-11-18 00:00:00,37.4399986,37.3300018,37.6199989,37.2999992,2450300.0,29.3647385
2014-11-19 00:00:00,37.5800018,37.4199982,37.6300011,37.1899986,3310300.0,29.4745426
2014-11-20 00:00:00,37.7299995,37.2900009,37.7599983,37.25,3171700.0,29.5921917
2014-11-21 00:00:00,37.5099983,38.0099983,38.0600014,37.3400002,6494800.0,29.4196434
2014-11-24 00:00:00,38.0699997,37.6500015,38.0900002,37.5499992,2801600.0,29.8588619
2014-11-25 00:00:00,38.0200005,38.1100006,38.1399994,37.6800003,2831500.0,29.819643
2014-11-26 00:00:00,37.9000015,38.0499992,38.1199989,37.7200012,3190300.0,29.7255268
2014-11-28 00:00:00,37.5900002,38.0,38.0800018,37.5800018,1921000.0,29.4823914
2014-12-01 00:00:00,37.0499992,37.4300003,37.5099983,36.7799988,3926900.0,29.0588551
2014-12-02 00:00:00,37.4099998,37.1300011,37.4799995,37.0499992,3693000.0,29.341217
2014-12-03 00:00:00,37.9599991,37.3899994,37.9900017,37.2900009,3225500.0,29.7725925
2014-12-04 00:00:00,37.9199982,37.9399986,37.9700012,37.5699997,3322000.0,29.7412128
2014-12-05 00:00:00,38.7799988,38.1100006,38.9399986,38.1100006,4418500.0,30.4157257
2014-12-08 00:00:00,38.7599983,38.7700005,38.9900017,38.4799995,3453400.0,30.4000359
2014-12-09 00:00:00,38.9300003,38.3899994,38.9700012,38.2400017,5101900.0,30.5333748
2014-12-10 00:00:00,38.0999985,38.7099991,38.9799995,38.0800018,3829000.0,29.8823929
2014-12-11 00:00:00,38.1800003,38.1599998,38.5400009,38.1100006,3061400.0,29.9451275
2014-12-12 00:00:00,37.4500008,37.9399986,38.1399994,37.4500008,3359500.0,29.3725891
2014-12-15 00:00:00,37.0800018,37.6599998,37.7900009,36.8300018,3360500.0,29.0823936
2014-12-16 00:00:00,36.7000008,36.8899994,37.3600006,36.7000008,3492500.0,28.7843533
2014-12-17 00:00:00,37.5200005,36.7999992,37.5800018,36.7099991,4784300.0,29.427494
2014-12-18 00:00:00,38.3199997,38.0200005,38.3499985,37.8400002,5733800.0,30.0549393
2014-12-19 00:00:00,38.3300018,38.4700012,38.6100006,38.0699997,6248000.0,30.0627823
2014-12-22 00:00:00,38.7200012,38.3199997,38.7299995,38.2000008,2750400.0,30.3686695
2014-12-23 00:00:00,39.2400017,38.7700005,39.3800011,38.7200012,2532100.0,30.7765102
2014-12-24 00:00:00,39.1100006,39.2900009,39.4000015,38.9799995,1282700.0,30.6745529
2014-12-26 00:00:00,39.2099991,39.1800003,39.3400002,39.1100006,1613000.0,30.7529793
2014-12-29 00:00:00,39.3699989,39.0400009,39.6899986,39.0400009,1901100.0,30.8784657
2014-12-30 00:00:00,39.3400002,39.2200012,39.5499992,39.0,1718300.0,30.8549404
2014-12-31 00:00:00,38.8899994,39.3400002,39.6399994,38.8800011,2134100.0,30.5020008
2015-01-02 00:00:00,38.6500015,39.0200005,39.2000008,38.2599983,2173500.0,30.3137627
2015-01-05 00:00:00,37.4300003,38.4599991,38.4799995,37.3499985,4886500.0,29.356905
2015-01-06 00:00:00,36.7000008,37.4900017,37.6699982,36.5099983,5305300.0,28.7843533
2015-01-07 00:00:00,37.1899986,37.2799988,37.3199997,36.7200012,4953200.0,29.1686554
2015-01-08 00:00:00,37.8100014,37.5200005,37.9099998,37.4500008,5412800.0,29.6549454
2015-01-09 00:00:00,36.8300018,37.8199997,37.9199982,36.7599983,3520400.0,28.8863125
2015-01-12 00:00:00,36.4900017,36.8899994,36.9300003,36.2999992,2943800.0,28.6196442
2015-01-13 00:00:00,36.4300003,36.8100014,37.2099991,36.1899986,3788300.0,28.5725822
2015-01-14 00:00:00,35.6599998,35.8499985,36.0499992,34.9500008,6897600.0,27.9686642
2015-01-15 00:00:00,35.5,35.6800003,35.8899994,35.2999992,5815000.0,27.8431797
2015-01-16 00:00:00,36.0200005,35.3100014,36.1199989,35.3100014,4717100.0,28.2510128
2015-01-20 00:00:00,35.7599983,36.0600014,36.2099991,35.5600014,3965700.0,28.0470905
2015-01-21 00:00:00,35.6399994,35.6699982,36.0400009,35.4700012,4865200.0,27.9529762
2015-01-22 00:00:00,36.9099998,36.2000008,37.0900002,35.9599991,5133000.0,28.9490566
2015-01-23 00:00:00,36.8199997,36.9399986,37.0999985,36.5800018,3913000.0,28.8784657
2015-01-26 00:00:00,36.9900017,36.8300018,37.0600014,36.4799995,4113900.0,29.0118008
2015-01-27 00:00:00,36.2900009,36.5400009,36.6899986,36.2299995,3960700.0,28.4627781
2015-01-28 00:00:00,35.3600006,36.4900017,36.5699997,35.3300018,5486600.0,27.7333622
2015-01-29 00:00:00,35.6699982,35.5,35.7400017,35.2200012,4965200.0,27.9765053
2015-01-30 00:00:00,35.2900009,35.2700005,35.9500008,35.0800018,5468800.0,27.6784649
2015-02-02 00:00:00,35.9599991,35.4900017,36.0299988,35.2400017,3796300.0,28.2039642
2015-02-03 00:00:00,36.4799995,36.2099991,36.6100006,36.1100006,5293300.0,28.6117935
2015-02-04 00:00:00,36.3699989,36.4199982,36.6699982,36.2999992,3751700.0,28.525526
2015-02-05 00:00:00,37.0900002,36.5,37.1100006,36.4199982,3926100.0,29.0902424
2015-02-06 00:00:00,38.0299988,37.5499992,38.3300018,37.4599991,5443700.0,29.8274822
2015-02-09 00:00:00,37.6500015,37.7299995,37.8199997,37.5200005,3416000.0,29.5294514
2015-02-10 00:00:00,37.8100014,37.9399986,38.0099983,37.5499992,1963800.0,29.6549454
2015-02-11 00:00:00,37.4099998,37.5200005,37.5999985,37.2099991,2489700.0,29.5286522
2015-02-12 00:00:00,38.3199997,37.6199989,38.3400002,37.4900017,5304300.0,30.2469349
2015-02-13 00:00:00,38.2799988,38.4000015,38.5600014,38.0699997,2879500.0,30.2153606
2015-02-17 00:00:00,38.4399986,38.2400017,38.5299988,38.0,3551900.0,30.3416424
2015-02-18 00:00:00,37.8199997,38.3100014,38.3100014,37.7799988,3958900.0,29.8522701
2015-02-19 00:00:00,37.7999992,37.6500015,37.9799995,37.3800011,3705700.0,29.8364887
2015-02-20 00:00:00,38.1899986,37.6599998,38.2000008,37.2599983,5622700.0,30.1443176
2015-02-23 00:00:00,37.9700012,37.9700012,38.0,37.7599983,3255100.0,29.9706707
2015-02-24 00:00:00,38.2200012,37.9700012,38.2599983,37.75,4492500.0,30.168005
2015-02-25 00:00:00,38.3400002,38.1599998,38.4799995,38.0200005,3444800.0,30.2627201
2015-02-26 00:00:00,38.4099998,38.2599983,38.4900017,38.1599998,2903300.0,30.3179703
2015-02-27 00:00:00,38.0499992,38.2999992,38.4599991,38.0200005,3416700.0,30.0338097
2015-03-02 00:00:00,38.4000015,38.0499992,38.4599991,37.9000015,3233600.0,30.3100777
2015-03-03 00:00:00,38.1699982,38.2099991,38.3899994,37.9900017,2815200.0,30.1285324
2015-03-04 00:00:00,37.8100014,37.9700012,38.0,37.7299995,2889900.0,29.8443813
2015-03-05 00:00:00,37.9700012,37.75,38.0099983,37.5400009,2200300.0,29.9706707
2015-03-06 00:00:00,38.4599991,38.2200012,39.0,38.1399994,4898500.0,30.3574295
2015-03-09 00:00:00,38.5699997,38.4599991,38.6800003,38.2999992,2532100.0,30.4442635
2015-03-10 00:00:00,37.5699997,37.9900017,38.1199989,37.5699997,3094000.0,29.6549435
2015-03-11 00:00:00,37.9700012,37.6800003,38.2000008,37.6199989,3481500.0,29.9706707
2015-03-12 00:00:00,38.9900017,38.3600006,39.0600014,37.9799995,5144900.0,30.7757797
2015-03-13 00:00:00,38.9099998,39.0,39.1300011,38.4399986,4372000.0,30.7126389
2015-03-16 00:00:00,39.2299995,39.0299988,39.2700005,38.7900009,3000100.0,30.9652157
2015-03-17 00:00:00,39.4500008,38.9500008,39.4599991,38.8600006,4375100.0,31.1388645
2015-03-18 00:00:00,39.7099991,39.3899994,39.7999992,39.3199997,6753600.0,31.3440952
2015-03-19 00:00:00,39.5600014,39.5099983,39.6399994,39.1599998,7499500.0,31.2256908
2015-03-20 00:00:00,39.8100014,39.8199997,40.0900002,39.5699997,6709700.0,31.4230309
2015-03-23 00:00:00,39.5099983,39.8100014,40.1699982,39.5099983,3465300.0,31.186224
2015-03-24 00:00:00,39.1199989,39.4300003,39.5,39.0900002,3803000.0,30.8783951
2015-03-25 00:00:00,38.4799995,39.1100006,39.1100006,38.3400002,3902400.0,30.3732262
2015-03-26 00:00:00,38.6599998,38.4300003,38.7999992,38.1199989,3633100.0,30.5153008
2015-03-27 00:00:00,38.4900017,38.8600006,38.9099998,38.3199997,4616100.0,30.3811245
2015-03-30 00:00:00,39.0499992,38.6699982,39.3100014,38.6699982,2296000.0,30.8231487
2015-03-31 00:00:00,38.9900017,38.7999992,39.0600014,38.6899986,2944900.0,30.7757797
2015-04-01 00:00:00,38.5600014,38.7700005,38.7900009,38.2200012,4328900.0,30.436367
2015-04-02 00:00:00,38.9599991,38.5900002,39.0400009,38.4599991,2908400.0,30.7521019
2015-04-06 00:00:00,39.2000008,38.5,39.2799988,38.3199997,5011900.0,30.9415436
2015-04-07 00:00:00,39.1199989,39.1800003,39.4099998,38.9500008,3122300.0,30.8783951
2015-04-08 00:00:00,38.9900017,39.2900009,39.3400002,38.9000015,2847400.0,30.7757797
2015-04-09 00:00:00,39.0999985,38.9700012,39.1800003,38.7000008,2540600.0,30.8626099
2015-04-10 00:00:00,39.0400009,39.0999985,39.1699982,38.8899994,2151100.0,30.8152485
2015-04-13 00:00:00,39.4199982,39.0699997,39.4900017,39.0200005,2595000.0,31.1151886
2015-04-14 00:00:00,39.0,39.3199997,39.3499985,38.8899994,3001000.0,30.7836723
2015-04-15 00:00:00,39.2900009,39.0499992,39.4900017,38.9099998,2413000.0,31.0125713
2015-04-16 00:00:00,39.1899986,39.1599998,39.4099998,38.8699989,2114500.0,30.9336472
2015-04-17 00:00:00,38.5200005,38.9199982,39.0999985,38.3600006,2961700.0,30.4047985
2015-04-20 00:00:00,38.7900009,38.8199997,39.0699997,38.6699982,2698600.0,30.6179142
2015-04-21 00:00:00,38.6599998,38.9700012,39.1199989,38.5900002,2532400.0,30.5153008
2015-04-22 00:00:00,38.8699989,38.6300011,38.9599991,38.3499985,3801800.0,30.6810627
2015-04-23 00:00:00,37.8600006,38.4700012,38.5800018,37.8300018,6464900.0,29.8838406
2015-04-24 00:00:00,37.7799988,37.5499992,38.0,37.3300018,4921900.0,29.8206959
2015-04-27 00:00:00,37.5999985,37.8300018,38.0200005,37.4399986,5152900.0,29.6786156
2015-04-28 00:00:00,37.9599991,37.5200005,37.9900017,37.4099998,3337600.0,29.9627762
2015-04-29 00:00:00,38.3100014,37.8800011,38.5400009,37.7700005,3560500.0,30.2390423
2015-04-30 00:00:00,38.2900009,38.3100014,38.5600014,38.0499992,4026400.0,30.2232494
2015-05-01 00:00:00,38.4599991,38.4300003,38.5900002,38.1699982,4108200.0,30.3574295
2015-05-04 00:00:00,39.0900002,38.4900017,39.1199989,38.4099998,3771400.0,30.8547134
2015-05-05 00:00:00,38.9700012,38.9199982,39.4300003,38.8899994,3407600.0,30.7599945
2015-05-06 00:00:00,38.6599998,39.0,39.1699982,38.3100014,3029000.0,30.5153008
2015-05-07 00:00:00,38.5699997,38.6100006,38.8100014,38.3899994,2233200.0,30.4442635
2015-05-08 00:00:00,39.0600014,38.75,39.1300011,38.6100006,3296200.0,30.8310261
2015-05-11 00:00:00,39.0099983,39.0099983,39.2799988,38.8899994,2907400.0,30.7915688
2015-05-12 00:00:00,39.1199989,38.8699989,39.2999992,38.5800018,2559800.0,30.8783951
2015-05-13 00:00:00,39.0900002,38.75,39.1699982,38.6100006,2716000.0,31.0691471
2015-05-14 00:00:00,39.1699982,39.2999992,39.3400002,39.0,1992800.0,31.1327229
2015-05-15 00:00:00,38.7200012,39.2400017,39.2700005,38.5299988,2352600.0,30.7750702
2015-05-18 00:00:00,39.2299995,38.7599983,39.2999992,38.75,2577200.0,31.180418
2015-05-19 00:00:00,39.7799988,39.4199982,39.9300003,39.3199997,4118300.0,31.6175709
2015-05-20 00:00:00,39.5900002,39.7900009,39.7900009,39.4300003,2450400.0,31.4665585
2015-05-21 00:00:00,39.5600014,39.4399986,39.7299995,39.4300003,2351100.0,31.4427052
2015-05-22 00:00:00,39.4099998,39.5299988,39.6300011,39.4000015,1644800.0,31.3234882
2015-05-26 00:00:00,39.5900002,39.5400009,39.6399994,39.2200012,4955200.0,31.4665585
2015-05-27 00:00:00,39.9099998,39.6599998,39.9799995,39.5800018,2848900.0,31.720892
2015-05-28 00:00:00,39.8899994,39.7599983,39.9599991,39.5299988,3304000.0,31.7050018
2015-05-29 00:00:00,39.4700012,39.8899994,39.8899994,39.2900009,3192600.0,31.3711815
2015-06-01 00:00:00,39.1699982,39.5600014,39.7000008,39.0,3027200.0,31.1327229
2015-06-02 00:00:00,39.4500008,39.2000008,39.5800018,39.0200005,3433900.0,31.355278
2015-06-03 00:00:00,40.0,39.6699982,40.1500015,39.5900002,3459700.0,31.7924175
2015-06-04 00:00:00,39.7099991,39.7700005,40.1800003,39.6500015,3529900.0,31.5619297
2015-06-05 00:00:00,40.2000008,40.1100006,40.4700012,39.9700012,4321200.0,31.951395
2015-06-08 00:00:00,40.2700005,40.25,40.4900017,40.0099983,2862800.0,32.007019
2015-06-09 00:00:00,40.5999985,40.3400002,40.7400017,40.1899986,2901200.0,32.2693176
2015-06-10 00:00:00,41.1599998,40.7700005,41.3199997,40.7299995,4102200.0,32.7144012
2015-06-11 00:00:00,40.9000015,41.1800003,41.2700005,40.7900009,3044000.0,32.5077591
2015-06-12 00:00:00,41.0699997,40.8199997,41.0900002,40.7099991,2498800.0,32.642868
2015-06-15 00:00:00,41.25,40.75,41.5499992,40.7099991,5157400.0,32.7859497
2015-06-16 00:00:00,41.4599991,41.1500015,41.6300011,41.0099983,3584500.0,32.9528542
2015-06-17 00:00:00,41.1599998,41.5499992,41.6199989,41.0900002,4356700.0,32.7144012
2015-06-18 00:00:00,41.2799988,41.2999992,41.4000015,40.9199982,5394700.0,32.8097763
2015-06-19 00:00:00,41.0200005,41.1599998,41.3699989,40.9199982,4731800.0,32.6031342
2015-06-22 00:00:00,41.1899986,41.3199997,41.4700012,41.0699997,5810100.0,32.7382545
2015-06-23 00:00:00,41.5600014,41.4000015,41.7000008,41.2200012,4611300.0,33.0323372
2015-06-24 00:00:00,41.1599998,41.3899994,41.6699982,41.1500015,3329300.0,32.7144012
2015-06-25 00:00:00,41.0200005,41.4199982,41.4700012,41.0,3762000.0,32.6031342
2015-06-26 00:00:00,41.2900009,41.2900009,41.5,41.0999985,4137800.0,32.8177338
2015-06-29 00:00:00,40.25,40.7099991,41.1300011,40.1699982,4241200.0,31.9911346
2015-06-30 00:00:00,40.3100014,40.75,41.0200005,40.2999992,4724600.0,32.038826
2015-07-01 00:00:00,41.0400009,40.75,41.2099991,40.7200012,3874800.0,32.6190376
2015-07-02 00:00:00,40.3800011,40.9700012,40.9900017,40.2599983,3324200.0,32.0944633
2015-07-06 00:00:00,40.3600006,39.9300003,40.4000015,39.8199997,3950100.0,32.0785599
2015-07-07 00:00:00,40.3400002,40.3699989,40.4500008,39.6500015,5019800.0,32.0626602
2015-07-08 00:00:00,39.8100014,39.9799995,40.2299995,39.7200012,4514000.0,31.6414185
2015-07-09 00:00:00,40.1800003,40.5099983,40.6699982,40.0,4761500.0,31.9354954
2015-07-10 00:00:00,40.7000008,40.8899994,40.9599991,40.4700012,2801300.0,32.3487968
2015-07-13 00:00:00,41.0900002,41.1399994,41.2200012,40.9000015,2463500.0,32.6587601
2015-07-14 00:00:00,41.2200012,40.9000015,41.2700005,40.7200012,3636400.0,32.7620926
2015-07-15 00:00:00,41.5900002,41.3400002,41.7999992,41.1800003,5593300.0,33.0561676
2015-07-16 00:00:00,41.5499992,41.5999985,41.7900009,41.3300018,6013400.0,33.0243759
2015-07-17 00:00:00,40.8499985,41.5499992,41.5499992,40.3800011,6176000.0,32.4680099
2015-07-20 00:00:00,41.1800003,40.8300018,41.3899994,40.7400017,4714600.0,32.7302971
2015-07-21 00:00:00,41.2700005,41.2299995,41.6300011,41.0200005,4221000.0,32.8018341
2015-07-22 00:00:00,41.5999985,41.3100014,41.7900009,41.2000008,3854900.0,33.0641212
2015-07-23 00:00:00,41.4599991,41.6599998,41.9000015,41.3400002,4337500.0,32.9528542
2015-07-24 00:00:00,40.7900009,41.4000015,41.4700012,40.7400017,4848800.0,32.4203262
2015-07-27 00:00:00,40.4599991,40.5200005,40.7799988,40.2599983,3560800.0,32.1580391
2015-07-28 00:00:00,40.4000015,40.7099991,40.7599983,40.1500015,3492500.0,32.1103477
2015-07-29 00:00:00,40.6100006,40.4199982,40.7200012,40.1399994,4326400.0,32.277256
2015-07-30 00:00:00,40.6100006,40.5,40.7200012,40.3899994,4701300.0,32.277256
2015-07-31 00:00:00,40.2700005,40.6399994,40.8499985,40.2700005,11661700.0,32.007019
2015-08-03 00:00:00,40.3199997,40.3100014,40.4799995,39.9900017,5556600.0,32.0467606
2015-08-04 00:00:00,40.6399994,40.3600006,40.8499985,40.3100014,4653700.0,32.3011055
2015-08-05 00:00:00,40.8699989,41.0699997,41.3899994,40.6899986,3479300.0,32.4839058
2015-08-06 00:00:00,40.6899986,40.9900017,41.1300011,40.5499992,3117500.0,32.340847
2015-08-07 00:00:00,40.2799988,40.6599998,40.9900017,40.0600014,4791300.0,32.0149689
2015-08-10 00:00:00,40.9700012,40.5200005,41.0800018,40.4799995,4726400.0,32.563385
2015-08-11 00:00:00,40.2099991,40.5299988,40.7400017,39.9799995,4709700.0,31.9593353
2015-08-12 00:00:00,39.3100014,39.7299995,39.7299995,38.8499985,4025700.0,31.4552231
2015-08-13 00:00:00,39.6899986,39.4000015,39.7799988,39.2900009,3335000.0,31.759285
2015-08-14 00:00:00,40.3100014,39.6899986,40.3100014,39.5900002,3403300.0,32.2554092
2015-08-17 00:00:00,40.1899986,39.9300003,40.4300003,39.8400002,2937900.0,32.1593819
2015-08-18 00:00:00,40.0900002,39.5499992,40.3899994,39.5499992,8127300.0,32.0793724
2015-08-19 00:00:00,39.5800018,40.0499992,40.0600014,39.4599991,6825000.0,31.6712723
2015-08-20 00:00:00,38.5900002,39.3199997,39.4300003,38.5900002,6415100.0,30.8790913
2015-08-21 00:00:00,37.5999985,38.2299995,38.4099998,37.5699997,8121700.0,30.0869045
2015-08-24 00:00:00,35.5699997,35.0800018,36.7599983,34.7599983,10741900.0,28.4625282
2015-08-25 00:00:00,34.7799988,36.6800003,36.6800003,34.7700005,9155300.0,27.830389
2015-08-26 00:00:00,36.3199997,35.7200012,36.3800011,35.2400017,9351600.0,29.0626698
2015-08-27 00:00:00,37.2299995,36.9599991,37.3499985,36.6500015,6845300.0,29.7908344
2015-08-28 00:00:00,37.0999985,37.0,37.2400017,36.8300018,3874900.0,29.6868153
2015-08-31 00:00:00,36.9199982,36.4099998,37.0299988,36.2200012,4664900.0,29.5427799
2015-09-01 00:00:00,35.3300018,36.0200005,36.2400017,35.0699997,7243900.0,28.2704887
2015-09-02 00:00:00,35.8800011,36.0699997,36.1899986,35.4399986,4397300.0,28.7105942
2015-09-03 00:00:00,36.4799995,36.0,36.6899986,35.9099998,6135600.0,29.1906967
2015-09-04 00:00:00,35.8699989,35.9900017,36.0900002,35.5800018,4278100.0,28.702589
2015-09-08 00:00:00,36.7299995,36.6300011,36.7700005,36.2099991,3307700.0,29.3907413
2015-09-09 00:00:00,36.2700005,37.2099991,37.3400002,36.2000008,3558500.0,29.0226612
2015-09-10 00:00:00,36.6800003,36.0900002,37.0200005,36.0600014,6171400.0,29.3507347
2015-09-11 00:00:00,36.4399986,36.5099983,36.5600014,36.2000008,3594200.0,29.1586971
2015-09-14 00:00:00,36.5600014,36.4700012,36.7599983,36.4000015,3837900.0,29.2547207
2015-09-15 00:00:00,37.0800018,36.6399994,37.2000008,36.4799995,3271300.0,29.6708069
2015-09-16 00:00:00,37.0800018,36.9799995,37.1899986,36.6599998,3505800.0,29.6708069
2015-09-17 00:00:00,36.1599998,37.0699997,37.3300018,35.9799995,5814300.0,28.934639
2015-09-18 00:00:00,35.2999992,35.6699982,35.7999992,35.1599998,6554500.0,28.246479
2015-09-21 00:00:00,35.7400017,35.5999985,35.8499985,35.4500008,3248800.0,28.598568
2015-09-22 00:00:00,35.25,35.1699982,35.4500008,34.8899994,3624700.0,28.2064781
2015-09-23 00:00:00,35.2299995,35.2400017,35.4300003,34.8600006,3827200.0,28.1904774
2015-09-24 00:00:00,35.0499992,34.7900009,35.1199989,34.7299995,2923600.0,28.0464382
2015-09-25 00:00:00,35.6800003,35.6500015,35.9300003,35.4599991,3426600.0,28.5505486
2015-09-28 00:00:00,34.8499985,35.4099998,35.5,34.7999992,5569500.0,27.8864002
2015-09-29 00:00:00,35.1699982,34.9300003,35.2200012,34.7400017,3821800.0,28.1424618
2015-09-30 00:00:00,35.5999985,35.5699997,35.6399994,35.1399994,4026600.0,28.4865379
2015-10-01 00:00:00,35.6300011,35.6899986,35.7200012,35.1699982,3946500.0,28.5105476
2015-10-02 00:00:00,35.75,34.8300018,35.75,34.2400017,9633700.0,28.6065598
2015-10-05 00:00:00,36.5699997,36.0200005,36.6699982,35.9099998,3530800.0,29.2627144
2015-10-06 00:00:00,36.4199982,36.3300018,36.5900002,36.2099991,3842300.0,29.1426888
2015-10-07 00:00:00,36.8100014,36.6599998,37.1100006,36.4900017,3771500.0,29.4547577
2015-10-08 00:00:00,36.9099998,36.6699982,36.9500008,36.4700012,3437200.0,29.5347843
2015-10-09 00:00:00,36.5400009,36.7400017,37.0499992,36.3300018,3378400.0,29.2387161
2015-10-12 00:00:00,36.7099991,36.5,36.7700005,36.2700005,2508800.0,29.3747406
2015-10-13 00:00:00,36.2200012,36.4900017,36.5999985,36.1599998,3881600.0,28.9826565
2015-10-14 00:00:00,35.75,36.1500015,36.2000008,35.5699997,4443600.0,28.6065598
2015-10-15 00:00:00,36.8600006,36.2099991,36.9000015,35.9500008,6196300.0,29.4947739
2015-10-16 00:00:00,36.4900017,37.0099983,37.25,36.3899994,4873300.0,29.1987114
2015-10-19 00:00:00,36.25,36.2400017,36.6599998,36.1699982,3477700.0,29.0066586
2015-10-20 00:00:00,36.75,36.2999992,36.8199997,36.1500015,3677100.0,29.4067516
2015-10-21 00:00:00,36.2799988,36.8800011,37.0299988,36.2700005,4045000.0,29.0306664
2015-10-22 00:00:00,36.9199982,36.4700012,37.2099991,36.4700012,3323900.0,29.5427799
2015-10-23 00:00:00,37.6599998,37.2599983,37.6899986,37.0600014,3673800.0,30.1349125
2015-10-26 00:00:00,37.2900009,37.5900002,37.7400017,37.1100006,2695600.0,29.8388519
2015-10-27 00:00:00,36.9099998,37.0299988,37.2999992,36.7599983,3358800.0,29.5347843
2015-10-28 00:00:00,38.0200005,36.9799995,38.0299988,36.9500008,6903000.0,30.4229851
2015-10-29 00:00:00,37.7599983,37.8699989,38.2200012,37.6500015,3310600.0,30.2149315
2015-10-30 00:00:00,37.1500015,37.7700005,37.7999992,36.9799995,5997300.0,29.7268238
2015-11-02 00:00:00,37.7999992,37.3400002,37.9300003,37.2000008,5341800.0,30.2469463
2015-11-03 00:00:00,37.7799988,37.6599998,37.9500008,37.4500008,3685100.0,30.2309399
2015-11-04 00:00:00,37.8199997,37.8600006,38.1199989,37.6500015,5117700.0,30.262949
2015-11-05 00:00:00,38.1500015,37.8800011,38.4399986,37.8600006,4035000.0,30.52701
2015-11-06 00:00:00,39.0400009,39.1699982,39.4700012,38.7999992,4851600.0,31.2391796
2015-11-09 00:00:00,38.6500015,39.1800003,39.25,38.4099998,4213500.0,30.9271049
2015-11-10 00:00:00,38.3300018,38.25,38.5999985,38.0499992,3849300.0,30.8868217
2015-11-11 00:00:00,38.3100014,38.6100006,38.6800003,38.1399994,4830800.0,30.8706989
2015-11-12 00:00:00,37.7900009,38.0099983,38.2400017,37.7900009,4156700.0,30.4516659
2015-11-13 00:00:00,37.3499985,37.7099991,37.9799995,37.2200012,5029400.0,30.0971069
2015-11-16 00:00:00,37.9199982,37.2799988,37.9300003,37.2099991,3753200.0,30.556427
2015-11-17 00:00:00,37.7999992,38.0400009,38.2799988,37.2099991,3182400.0,30.4597321
2015-11-18 00:00:00,38.3499985,37.8800011,38.3899994,37.6399994,4249000.0,30.9029331
2015-11-19 00:00:00,38.5400009,38.3499985,38.6699982,38.0900002,3416800.0,31.0560265
2015-11-20 00:00:00,38.6500015,38.7000008,38.7999992,38.3800011,6260200.0,31.1446743
2015-11-23 00:00:00,38.7700005,38.6699982,39.0699997,38.6300011,3802100.0,31.2413731
2015-11-24 00:00:00,38.4900017,38.5,38.6399994,38.2000008,3526000.0,31.0157433
2015-11-25 00:00:00,38.4799995,38.5299988,38.6699982,38.2999992,2752300.0,31.0076809
2015-11-27 00:00:00,38.6599998,38.5200005,38.6899986,38.2999992,1194800.0,31.1527252
2015-11-30 00:00:00,38.6199989,38.7299995,38.8199997,38.4199982,3687700.0,31.120491
2015-12-01 00:00:00,38.9700012,38.9300003,39.0499992,38.5699997,4358600.0,31.4025345
2015-12-02 00:00:00,38.4900017,39.0200005,39.0900002,38.4099998,3951800.0,31.0157433
2015-12-03 00:00:00,37.8800011,38.6300011,38.7700005,37.7599983,3684200.0,30.5241928
2015-12-04 00:00:00,38.9500008,38.0800018,39.0600014,37.8499985,4514200.0,31.3864098
2015-12-07 00:00:00,38.7000008,39.2599983,39.2799988,38.3699989,3538600.0,31.1849651
2015-12-08 00:00:00,37.9000015,38.3499985,38.5299988,37.7799988,4050700.0,30.5403023
2015-12-09 00:00:00,37.2400017,37.7200012,38.0400009,37.0099983,4243800.0,30.008482
2015-12-10 00:00:00,37.5600014,37.2200012,38.0800018,37.0499992,3531500.0,30.2663288
2015-12-11 00:00:00,36.8100014,37.0299988,37.2700005,36.5699997,4464500.0,29.6619701
2015-12-14 00:00:00,36.9099998,36.9799995,37.3300018,36.4900017,4717900.0,29.7425594
2015-12-15 00:00:00,37.6800003,37.3699989,38.0299988,37.3699989,6770100.0,30.3630333
2015-12-16 00:00:00,38.3300018,38.0200005,38.4000015,37.5200005,5641800.0,30.8868217
2015-12-17 00:00:00,37.8300018,38.5299988,38.6100006,37.8199997,3780100.0,30.4839096
2015-12-18 00:00:00,37.2299995,37.6100006,37.7400017,37.1699982,16250000.0,30.000412
2015-12-21 00:00:00,37.2799988,37.6399994,37.7200012,36.8400002,3874700.0,30.040699
2015-12-22 00:00:00,37.6399994,37.5400009,37.6699982,36.8300018,4046200.0,30.3307991
2015-12-23 00:00:00,38.2400017,37.8400002,38.2799988,37.6599998,2932700.0,30.8142834
2015-12-24 00:00:00,38.2700005,38.1699982,38.4500008,38.0600014,980400.0,30.8384571
2015-12-28 00:00:00,38.0900002,38.0499992,38.1500015,37.5999985,2081800.0,30.6934204
2015-12-29 00:00:00,38.5400009,38.3499985,38.6300011,38.1899986,2049500.0,31.0560265
2015-12-30 00:00:00,38.1699982,38.4700012,38.5299988,38.0999985,1583000.0,30.7578793
2015-12-31 00:00:00,37.8100014,37.9199982,38.2099991,37.7400017,2910300.0,30.4677944
2016-01-04 00:00:00,36.6500015,36.9199982,37.0299988,36.2799988,5873200.0,29.5330505
2016-01-05 00:00:00,36.6599998,36.6100006,36.9399986,36.3600006,3584300.0,29.5411034
2016-01-06 00:00:00,36.1500015,36.0600014,36.5900002,35.8600006,4228300.0,29.1301384
2016-01-07 00:00:00,35.1199989,35.3800011,35.7799988,34.8800011,4703800.0,28.3001537
2016-01-08 00:00:00,34.3600006,35.4199982,35.4399986,34.2900009,5000100.0,27.6877346
2016-01-11 00:00:00,34.6800003,34.6500015,34.8400002,34.2900009,6162300.0,27.945591
2016-01-12 00:00:00,34.9000015,35.0999985,35.1800003,34.3699989,4747600.0,28.1228752
2016-01-13 00:00:00,33.7200012,35.1399994,35.2400017,33.6100006,4729200.0,27.1720142
2016-01-14 00:00:00,34.0200005,33.8400002,34.25,33.4000015,4496400.0,27.4137516
2016-01-15 00:00:00,33.1399994,32.9000015,33.3600006,32.7299995,6748100.0,26.7046394
2016-01-19 00:00:00,32.9199982,33.7000008,33.7000008,32.5800018,5833500.0,26.5273628
2016-01-20 00:00:00,32.8600006,32.1500015,33.2900009,31.7800007,13020900.0,26.4790154
2016-01-21 00:00:00,31.7800007,32.6699982,32.7599983,31.7099991,9970200.0,25.6087379
2016-01-22 00:00:00,31.9500008,32.1899986,32.5099983,31.5599995,6485200.0,25.7457237
2016-01-25 00:00:00,31.1100006,31.7999992,31.8799992,31.0799999,7275300.0,25.0688381
2016-01-26 00:00:00,31.4699993,31.2199993,31.5900002,30.9899998,6050500.0,25.3589325
2016-01-27 00:00:00,31.6499996,31.4300003,32.3699989,31.3099995,5436400.0,25.5039768
2016-01-28 00:00:00,31.9099998,31.8600006,32.2799988,31.7199993,8450700.0,25.7134876
2016-01-29 00:00:00,32.6599998,32.1599998,32.6899986,32.0099983,6853300.0,26.3178501
2016-02-01 00:00:00,32.2900009,32.5299988,32.6300011,32.0499992,4491400.0,26.019701
2016-02-02 00:00:00,31.5799999,31.7999992,31.8400002,31.3999996,5414800.0,25.4475727
2016-02-03 00:00:00,31.7800007,31.7199993,31.8899994,30.7199993,6802800.0,25.6087379
2016-02-04 00:00:00,32.1599998,31.7000008,32.25,31.6800003,7160800.0,25.914938
2016-02-05 00:00:00,32.0600014,32.1699982,32.5400009,31.8700008,7104500.0,25.8343658
2016-02-08 00:00:00,31.3299999,31.5699997,31.6100006,30.8999996,6118700.0,25.2461243
2016-02-09 00:00:00,31.6000004,30.7900009,31.7800007,30.7399998,6286400.0,25.463686
2016-02-10 00:00:00,31.2700005,31.6700001,31.9500008,31.2399998,5833400.0,25.4149227
2016-02-11 00:00:00,30.2800007,30.3999996,30.7399998,29.9500008,6114400.0,24.6102982
2016-02-12 00:00:00,31.5799999,31.0599995,31.6000004,30.75,5141600.0,25.6668758
2016-02-16 00:00:00,32.5800018,32.0499992,32.8199997,31.75,4865200.0,26.4796314
2016-02-17 00:00:00,32.9199982,32.8400002,33.1199989,32.7700005,5196800.0,26.75597
2016-02-18 00:00:00,32.2599983,32.9199982,33.0499992,32.0999985,4049300.0,26.2195511
2016-02-19 00:00:00,32.3800011,32.0499992,32.4099998,31.9300003,3849100.0,26.3170815
2016-02-22 00:00:00,32.9700012,32.6599998,32.9799995,32.6399994,3846500.0,26.7966137
2016-02-23 00:00:00,32.0999985,32.7700005,32.9799995,31.8799992,5507100.0,26.0895119
2016-02-24 00:00:00,32.0,31.6200008,32.0400009,31.2700005,6344600.0,26.0082321
2016-02-25 00:00:00,32.4900017,32.0999985,32.5,32.0200005,5113000.0,26.4064903
2016-02-26 00:00:00,33.2999992,32.8300018,33.5299988,32.6199989,6295100.0,27.0648155
2016-02-29 00:00:00,32.1599998,33.2099991,33.2900009,32.1500015,6612500.0,26.1382732
2016-03-01 00:00:00,33.4500008,32.4900017,33.4500008,32.3199997,7307100.0,27.1867352
2016-03-02 00:00:00,33.8100014,33.5299988,33.9099998,33.3499985,5376000.0,27.4793243
2016-03-03 00:00:00,34.2700005,33.8100014,34.2799988,33.6599998,2905600.0,27.8531971
2016-03-04 00:00:00,34.4900017,34.4399986,34.7999992,34.2700005,4935300.0,28.0320015
2016-03-07 00:00:00,34.3499985,34.1800003,34.4000015,34.0099983,2555600.0,27.9182243
2016-03-08 00:00:00,33.6599998,34.25,34.25,33.4799995,4987600.0,27.3574142
2016-03-09 00:00:00,33.4599991,33.9199982,34.0600014,33.3199997,4888600.0,27.1948605
2016-03-10 00:00:00,33.6599998,33.7599983,34.2099991,33.2099991,5051700.0,27.3574142
2016-03-11 00:00:00,34.4500008,34.0099983,34.5,33.8300018,3540000.0,27.9995003
2016-03-14 00:00:00,34.3800011,34.4099998,34.5499992,34.1300011,2973800.0,27.9426098
2016-03-15 00:00:00,34.25,34.0099983,34.2599983,33.9799995,3158700.0,27.8369408
2016-03-16 00:00:00,33.9599991,34.0699997,34.4500008,33.8300018,6332600.0,27.601244
2016-03-17 00:00:00,34.1500015,33.8300018,34.2200012,33.4500008,4830400.0,27.7556629
2016-03-18 00:00:00,34.6699982,34.3800011,34.8400002,34.2999992,9538600.0,28.178297
2016-03-21 00:00:00,34.6300011,34.7099991,34.9399986,34.3100014,3220700.0,28.1457825
2016-03-22 00:00:00,34.4000015,34.3400002,34.5800018,34.2000008,3187100.0,27.9588566
2016-03-23 00:00:00,34.1399994,34.4399986,34.5099983,34.0699997,3674300.0,27.7475338
2016-03-24 00:00:00,33.6899986,33.9199982,33.9199982,33.4300003,4278200.0,27.381794
2016-03-28 00:00:00,33.5600014,33.4399986,33.75,33.4399986,4926000.0,27.2761402
2016-03-29 00:00:00,33.3199997,33.4900017,33.4900017,32.9399986,5329000.0,27.0810738
2016-03-30 00:00:00,33.5299988,33.5200005,33.8699989,33.3899994,4626600.0,27.2517548
2016-03-31 00:00:00,33.2700005,33.5200005,33.6800003,33.1899986,5997100.0,27.0404415
2016-04-01 00:00:00,33.5099983,33.0800018,33.5299988,32.7999992,10914800.0,27.2355003
2016-04-04 00:00:00,33.6899986,33.4700012,33.8300018,33.3400002,6145000.0,27.381794
2016-04-05 00:00:00,33.0600014,33.3199997,33.4599991,33.0099983,4378900.0,26.8697605
2016-04-06 00:00:00,33.1300011,33.1399994,33.3699989,32.9799995,7954500.0,26.9266548
2016-04-07 00:00:00,32.4399986,32.7799988,32.9900017,32.2200012,6992800.0,26.3658524
2016-04-08 00:00:00,32.4900017,32.7299995,33.0900002,32.4000015,5547400.0,26.4064903
2016-04-11 00:00:00,32.6199989,32.7099991,33.1100006,32.5900002,5067500.0,26.5121422
2016-04-12 00:00:00,33.0499992,32.7000008,33.1500015,32.5600014,4104600.0,26.8616295
2016-04-13 00:00:00,34.2099991,33.4099998,34.2200012,33.3300018,5727400.0,27.8044224
2016-04-14 00:00:00,34.5,34.1300011,34.8400002,34.0,4531200.0,28.0401325
2016-04-15 00:00:00,34.0299988,34.5299988,34.6100006,34.0,5637400.0,27.6581306
2016-04-18 00:00:00,34.25,33.9900017,34.4000015,33.8199997,5839000.0,27.8369408
2016-04-19 00:00:00,34.7099991,34.3400002,34.7999992,34.2299995,5242100.0,28.210804
2016-04-20 00:00:00,35.2099991,34.8699989,35.2299995,34.6800003,5026000.0,28.6171894
2016-04-21 00:00:00,35.1399994,35.25,35.6399994,34.9399986,9351400.0,28.5602894
2016-04-22 00:00:00,35.8300018,35.3600006,35.9000015,35.2599983,6365200.0,29.1211033
2016-04-25 00:00:00,35.4599991,35.5400009,35.7599983,35.2400017,4223100.0,28.8203773
2016-04-26 00:00:00,36.1599998,35.5900002,36.2200012,35.4700012,6066800.0,29.3892975
2016-04-27 00:00:00,36.1500015,36.1699982,36.5,35.8600006,5775400.0,29.3811798
2016-04-28 00:00:00,35.5999985,35.7900009,36.1100006,35.4700012,3597500.0,28.9341583
2016-04-29 00:00:00,35.3800011,35.3499985,35.6500015,35.0999985,4149100.0,28.7553539
2016-05-02 00:00:00,35.4099998,35.4000015,35.5800018,35.0800018,3894400.0,28.7797394
2016-05-03 00:00:00,34.8300018,34.9500008,35.1500015,34.6300011,4579900.0,28.3083401
2016-05-04 00:00:00,34.1100006,34.5,34.6699982,33.7999992,4815400.0,27.7231541
2016-05-05 00:00:00,34.0,34.0999985,34.2599983,33.8800011,3100300.0,27.6337585
2016-05-06 00:00:00,34.0200005,33.7299995,34.0600014,33.6599998,2682000.0,27.6500034
2016-05-09 00:00:00,33.7299995,33.7200012,34.0499992,33.5099983,3123400.0,27.4143047
2016-05-10 00:00:00,34.3800011,34.0600014,34.4799995,33.9199982,3524800.0,27.9426098
2016-05-11 00:00:00,33.9300003,34.0099983,34.2900009,33.7900009,3059300.0,27.803297
2016-05-12 00:00:00,33.7299995,34.0699997,34.2700005,33.5600014,3592500.0,27.6394081
2016-05-13 00:00:00,33.1199989,33.6699982,33.9700012,33.0099983,4181900.0,27.1395512
2016-05-16 00:00:00,33.5299988,33.3499985,33.6699982,33.1199989,5292200.0,27.475523
2016-05-17 00:00:00,33.6199989,33.3899994,33.9799995,33.2400017,6278300.0,27.5492687
2016-05-18 00:00:00,34.8199997,33.5999985,34.9300003,33.5800018,8434200.0,28.5325909
2016-05-19 00:00:00,35.0099983,34.6500015,35.1500015,34.5699997,7800500.0,28.6882839
2016-05-20 00:00:00,35.0800018,35.1199989,35.4199982,34.9900017,3800300.0,28.7456417
2016-05-23 00:00:00,34.9799995,35.0499992,35.2599983,34.7099991,3915300.0,28.6636963
2016-05-24 00:00:00,35.5400009,35.2400017,35.7099991,35.1399994,3329200.0,29.1225891
2016-05-25 00:00:00,36.3699989,35.8199997,36.5499992,35.7999992,5719100.0,29.8027077
2016-05-26 00:00:00,36.1300011,36.3100014,36.3400002,35.8600006,3228500.0,29.6060448
2016-05-27 00:00:00,36.3499985,36.1899986,36.3600006,36.0099983,3109300.0,29.7863178
2016-05-31 00:00:00,36.3699989,36.5900002,36.6300011,36.1699982,4808300.0,29.8027077
2016-06-01 00:00:00,36.6699982,36.0,36.7299995,35.7200012,4486100.0,30.048542
2016-06-02 00:00:00,36.9300003,36.5699997,36.9500008,36.4000015,3627500.0,30.2615852
2016-06-03 00:00:00,36.3699989,36.2400017,36.5200005,35.6100006,5551100.0,29.8027077
2016-06-06 00:00:00,36.7799988,36.4300003,37.0200005,36.1899986,3442800.0,30.1386681
2016-06-07 00:00:00,36.6199989,36.7900009,36.8899994,36.5999985,3992300.0,30.0075645
2016-06-08 00:00:00,36.6100006,36.5400009,36.7900009,36.4599991,2847300.0,29.9993687
2016-06-09 00:00:00,36.1800003,36.3499985,36.3699989,35.9000015,2755500.0,29.6470146
2016-06-10 00:00:00,35.9199982,35.7900009,35.9700012,35.5699997,3397500.0,29.43396
2016-06-13 00:00:00,35.7700005,35.7700005,36.3499985,35.6800003,4255900.0,29.3110504
2016-06-14 00:00:00,35.3800011,35.6500015,35.9799995,35.2200012,6560200.0,28.9914703
2016-06-15 00:00:00,35.5699997,35.4500008,36.1300011,35.3199997,4818800.0,29.1471634
2016-06-16 00:00:00,35.5600014,35.2200012,35.5999985,34.9900017,4500800.0,29.1389694
2016-06-17 00:00:00,35.75,35.5600014,36.0,35.3300018,7257300.0,29.2946548
2016-06-20 00:00:00,35.7599983,36.3300018,36.7599983,35.7200012,5197400.0,29.3028603
2016-06-21 00:00:00,35.9900017,35.8699989,36.0600014,35.5400009,3597600.0,29.4913235
2016-06-22 00:00:00,35.9799995,36.0400009,36.4900017,35.9399986,3446100.0,29.4831257
2016-06-23 00:00:00,36.9500008,36.3699989,36.9500008,36.3699989,4210400.0,30.2779827
2016-06-24 00:00:00,34.5200005,35.1899986,35.7000008,34.5099983,8059500.0,28.2867584
2016-06-27 00:00:00,33.0499992,33.9799995,34.0099983,32.8499985,5837900.0,27.0821972
2016-06-28 00:00:00,34.1199989,33.5800018,34.1500015,33.3100014,6794300.0,27.9589844
2016-06-29 00:00:00,34.6800003,34.25,34.7099991,34.0499992,6256800.0,28.4178677
2016-06-30 00:00:00,35.6100006,34.9900017,35.6199989,34.4599991,6451200.0,29.1799393
2016-07-01 00:00:00,35.2700005,35.6100006,35.6100006,35.1100006,4442300.0,28.9013367
2016-07-05 00:00:00,34.2200012,34.9000015,34.9599991,34.0699997,4214400.0,28.0409355
2016-07-06 00:00:00,34.4599991,33.9099998,34.5,33.7200012,3509200.0,28.237587
2016-07-07 00:00:00,34.7700005,34.4599991,35.0699997,34.4099998,3763900.0,28.4916267
2016-07-08 00:00:00,35.2200012,35.3300018,35.5900002,35.1500015,3648600.0,28.8603706
2016-07-11 00:00:00,35.3800011,35.3100014,35.6300011,35.25,3766000.0,28.9914703
2016-07-12 00:00:00,36.0200005,35.7599983,36.0900002,35.6899986,3380300.0,29.5159054
2016-07-13 00:00:00,35.9000015,35.9700012,36.0400009,35.6199989,4299800.0,29.4175758
2016-07-14 00:00:00,36.6699982,36.6300011,36.7799988,36.3400002,4725100.0,30.048542
2016-07-15 00:00:00,36.7700005,36.9599991,36.9700012,36.4799995,4390400.0,30.1304817
2016-07-18 00:00:00,36.6800003,36.6800003,36.9300003,36.5999985,2347400.0,30.0567303
2016-07-19 00:00:00,36.6199989,36.4300003,36.7599983,36.3699989,2930400.0,30.0075645
2016-07-20 00:00:00,36.4399986,36.8400002,36.8699989,36.4199982,5104200.0,29.8600655
2016-07-21 00:00:00,36.5900002,36.8699989,36.9000015,36.3899994,5148000.0,29.9829807
2016-07-22 00:00:00,36.8800011,36.5299988,36.8800011,36.1899986,4436700.0,30.2206192
2016-07-25 00:00:00,36.7900009,36.7999992,36.9500008,36.6500015,3333700.0,30.1468639
2016-07-26 00:00:00,36.9900017,36.7400017,36.9900017,36.6899986,2689100.0,30.3107548
2016-07-27 00:00:00,36.9500008,37.0,37.3199997,36.8499985,3524500.0,30.2779827
2016-07-28 00:00:00,37.1100006,36.8699989,37.1899986,36.5999985,4059200.0,30.4090881
2016-07-29 00:00:00,36.8699989,36.9599991,37.1300011,36.8199997,3614200.0,30.2124176
2016-08-01 00:00:00,36.6699982,36.9599991,37.0699997,36.6100006,2620300.0,30.048542
2016-08-02 00:00:00,36.3800011,36.5099983,36.6699982,36.2099991,3083100.0,29.8109016
2016-08-03 00:00:00,37.1399994,36.4799995,37.1500015,36.4500008,3977100.0,30.433672
2016-08-04 00:00:00,36.9700012,37.0400009,37.3600006,36.9700012,3559600.0,30.2943668
2016-08-05 00:00:00,38.0600014,37.3899994,38.0600014,37.3400002,4946900.0,31.1875439
2016-08-08 00:00:00,38.0,38.0999985,38.3199997,37.9199982,3009800.0,31.138382
2016-08-09 00:00:00,38.0,37.9700012,38.1500015,37.9000015,3366400.0,31.138382
2016-08-10 00:00:00,37.1300011,37.7299995,37.7900009,37.0999985,3876000.0,30.6675873
2016-08-11 00:00:00,37.1899986,37.2599983,37.4000015,37.0800018,3987200.0,30.7171402
2016-08-12 00:00:00,37.0099983,36.8899994,37.0299988,36.75,2936600.0,30.5684681
2016-08-15 00:00:00,37.5299988,37.1899986,37.6199989,37.1699982,2339400.0,30.9979649
2016-08-16 00:00:00,37.5,37.4599991,37.6100006,37.3300018,2421900.0,30.9731884
2016-08-17 00:00:00,37.6699982,37.4799995,37.7799988,37.4000015,2808000.0,31.1135979
2016-08-18 00:00:00,37.75,37.5900002,37.7700005,37.4900017,1923100.0,31.1796856
2016-08-19 00:00:00,37.7999992,37.6399994,37.8400002,37.4700012,2165600.0,31.2209797
2016-08-22 00:00:00,37.7900009,37.7700005,37.8800011,37.6300011,2033200.0,31.2127094
2016-08-23 00:00:00,37.8600006,37.9799995,38.0400009,37.8499985,2164500.0,31.2705307
2016-08-24 00:00:00,37.7700005,37.9300003,38.0299988,37.6800003,1874300.0,31.1961975
2016-08-25 00:00:00,37.9099998,37.7999992,37.9500008,37.6800003,2442000.0,31.3118248
2016-08-26 00:00:00,37.9900017,38.0499992,38.2700005,37.7099991,4754500.0,31.3779125
2016-08-29 00:00:00,38.0900002,38.1100006,38.2799988,37.8699989,3373200.0,31.4605083
2016-08-30 00:00:00,38.3300018,38.1899986,38.3400002,38.0699997,2919500.0,31.6587334
2016-08-31 00:00:00,38.5,38.4199982,38.5099983,38.0499992,4281100.0,31.7991314
2016-09-01 00:00:00,38.3199997,38.5999985,38.6500015,37.9700012,3889900.0,31.650465
2016-09-02 00:00:00,38.4900017,38.1699982,38.5499992,38.1699982,3003200.0,31.7908802
2016-09-06 00:00:00,37.8499985,38.3899994,38.4799995,37.7799988,4288400.0,31.2622738
2016-09-07 00:00:00,37.8600006,37.7700005,37.9199982,37.6100006,8663400.0,31.2705307
2016-09-08 00:00:00,38.2299995,37.9199982,38.2700005,37.7700005,4240900.0,31.5761318
2016-09-09 00:00:00,38.2000008,38.1599998,38.4700012,38.0800018,7638500.0,31.5513573
2016-09-12 00:00:00,38.7099991,38.0900002,38.8100014,37.9199982,7196400.0,31.9725876
2016-09-13 00:00:00,37.7700005,38.2400017,38.3899994,37.4900017,6176200.0,31.1961975
2016-09-14 00:00:00,37.4300003,37.7299995,37.8400002,37.3699989,3954800.0,30.9153767
2016-09-15 00:00:00,38.1100006,37.2700005,38.1800003,37.1500015,5070500.0,31.4770184
2016-09-16 00:00:00,37.8400002,37.8400002,37.9500008,37.5999985,5540700.0,31.2540112
2016-09-19 00:00:00,38.0800018,38.0900002,38.3800011,37.9199982,3184800.0,31.45224
2016-09-20 00:00:00,37.9500008,38.3800011,38.3899994,37.8899994,3043300.0,31.3448658
2016-09-21 00:00:00,38.2700005,38.2000008,38.4500008,37.9199982,4215900.0,31.6091728
2016-09-22 00:00:00,38.1399994,38.4300003,38.4799995,38.0200005,4892600.0,31.5018063
2016-09-23 00:00:00,37.8699989,38.0299988,38.4099998,37.8699989,6215300.0,31.2787895
2016-09-26 00:00:00,37.0299988,37.5699997,37.6699982,36.9900017,5744300.0,30.5849915
2016-09-27 00:00:00,37.4000015,36.9300003,37.4399986,36.7999992,4250900.0,30.8905945
2016-09-28 00:00:00,37.6500015,37.4500008,37.6699982,37.25,3133900.0,31.0970879
2016-09-29 00:00:00,37.2799988,37.5099983,37.9900017,37.1300011,4157400.0,30.7914734
2016-09-30 00:00:00,37.7200012,37.5400009,37.9000015,37.3400002,4264500.0,31.1548996
2016-10-03 00:00:00,37.6100006,37.5800018,37.8400002,37.4399986,2513600.0,31.0640469
2016-10-04 00:00:00,38.2799988,37.7200012,38.3499985,37.4199982,10280200.0,31.6174259
2016-10-05 00:00:00,38.8400002,38.5,38.9900017,38.3800011,6977400.0,32.0799599
2016-10-06 00:00:00,38.9599991,38.8800011,39.0099983,38.5999985,3793900.0,32.1790771
2016-10-07 00:00:00,38.8899994,38.9399986,39.0499992,38.4900017,3702300.0,32.1212578
2016-10-10 00:00:00,39.1899986,39.2299995,39.2599983,39.0200005,3282200.0,32.3690643
2016-10-11 00:00:00,38.75,39.0600014,39.4199982,38.6599998,7485200.0,32.0056267
2016-10-12 00:00:00,38.7099991,38.7900009,39.0,38.6599998,4066900.0,31.9725876
2016-10-13 00:00:00,37.8699989,38.3300018,38.3400002,37.5499992,4525400.0,31.2787895
2016-10-14 00:00:00,37.8899994,38.4000015,38.4799995,37.6399994,7965900.0,31.2953091
2016-10-17 00:00:00,37.4300003,37.9500008,38.0299988,37.4000015,4684500.0,30.9153767
2016-10-18 00:00:00,37.8899994,37.7900009,37.9700012,37.4500008,4850500.0,31.2953091
2016-10-19 00:00:00,38.7700005,38.3199997,38.9700012,37.6100006,9843000.0,32.0221481
2016-10-20 00:00:00,38.9599991,38.8800011,39.1899986,38.5,7822300.0,32.1790771
2016-10-21 00:00:00,38.7999992,38.6100006,38.9300003,38.4900017,5636300.0,32.0469246
2016-10-24 00:00:00,38.9199982,39.0299988,39.1800003,38.9099998,4018700.0,32.1460457
2016-10-25 00:00:00,38.8800011,38.8400002,39.1199989,38.7400017,3450300.0,32.1130066
2016-10-26 00:00:00,39.0600014,38.7599983,39.2099991,38.7099991,4143300.0,32.2616768
2016-10-27 00:00:00,39.3300018,39.2900009,39.6300011,39.1800003,4423600.0,32.4846764
2016-10-28 00:00:00,39.1500015,39.3899994,39.4300003,38.8899994,5242700.0,32.3360062
2016-10-31 00:00:00,39.2000008,39.3100014,39.4900017,39.1899986,3511500.0,32.3773193
2016-11-01 00:00:00,39.0299988,39.2999992,39.4300003,38.6800003,5341300.0,32.2369003
2016-11-02 00:00:00,38.6199989,38.8199997,38.9099998,38.4300003,5572800.0,31.8982525
2016-11-03 00:00:00,38.5099983,38.7200012,38.9799995,38.4300003,5870700.0,31.807394
2016-11-04 00:00:00,38.25,38.5699997,38.7099991,38.2299995,4514600.0,31.5926552
2016-11-07 00:00:00,39.3400002,39.0,39.3400002,38.8800011,5678000.0,32.4929466
2016-11-08 00:00:00,38.8800011,39.0200005,39.0900002,38.7000008,5386400.0,32.3597794
2016-11-09 00:00:00,40.6100006,39.4700012,40.8899994,39.2400017,10663800.0,33.7996521
2016-11-10 00:00:00,41.4199982,41.1500015,42.1199989,41.0800018,14267600.0,34.4738007
2016-11-11 00:00:00,41.8499985,41.3199997,42.0,41.25,10197300.0,34.8316956
2016-11-14 00:00:00,42.8499985,42.0,43.2000008,41.9599991,9672100.0,35.6639977
2016-11-15 00:00:00,42.9799995,42.4399986,42.9799995,41.9500008,8574200.0,35.7721977
2016-11-16 00:00:00,42.8199997,41.5999985,43.1599998,41.5999985,9903100.0,35.6390228
2016-11-17 00:00:00,44.0099983,42.9099998,44.1100006,42.8400002,9424900.0,36.6294594
2016-11-18 00:00:00,44.4900017,44.0,44.5499992,43.8100014,7578100.0,37.0289726
2016-11-21 00:00:00,44.6199989,44.5999985,44.7299995,44.2999992,5704900.0,37.1371689
2016-11-22 00:00:00,44.5,44.7000008,44.8800011,44.1899986,6328800.0,37.0372963
2016-11-23 00:00:00,44.6100006,44.6100006,44.8600006,44.3800011,4201100.0,37.1288528
2016-11-25 00:00:00,44.6500015,44.6100006,44.7200012,44.5099983,1936200.0,37.1621361
2016-11-28 00:00:00,44.0400009,44.3800011,44.5699997,43.9900017,4308200.0,36.654438
2016-11-29 00:00:00,44.1500015,44.1399994,44.3300018,43.9900017,3170500.0,36.7459831
2016-11-30 00:00:00,45.25,44.5999985,45.3100014,44.5900002,6956900.0,37.6615257
2016-12-01 00:00:00,45.8400002,45.3400002,46.1500015,45.1199989,7133000.0,38.1525726
2016-12-02 00:00:00,45.2099991,45.75,45.7599983,45.0400009,4719000.0,37.6282234
2016-12-05 00:00:00,45.5299988,45.6599998,45.8400002,45.4000015,5334700.0,37.8945541
2016-12-06 00:00:00,46.0,45.7599983,46.0299988,45.4900017,4213900.0,38.2857399
2016-12-07 00:00:00,46.4900017,46.0,46.5400009,45.7099991,4449900.0,38.6935616
2016-12-08 00:00:00,46.9799995,46.6500015,47.2999992,46.6199989,5620400.0,39.1013947
2016-12-09 00:00:00,47.25,46.8600006,47.25,46.3499985,5052100.0,39.326107
2016-12-12 00:00:00,46.8699989,46.9799995,47.6199989,46.7400017,4758700.0,39.0098343
2016-12-13 00:00:00,47.0600014,47.0800018,47.2900009,46.7099991,3967700.0,39.1679802
2016-12-14 00:00:00,46.7799988,46.5900002,47.4700012,46.3699989,7596300.0,38.9349365
2016-12-15 00:00:00,46.9599991,47.0099983,47.3699989,46.6199989,4495700.0,39.0847397
2016-12-16 00:00:00,46.5900002,47.1899986,47.3199997,46.5400009,5081800.0,38.7767944
2016-12-19 00:00:00,46.8600006,46.6399994,46.8800011,46.4099998,2754700.0,39.0015182
2016-12-20 00:00:00,47.6500015,47.1399994,47.6500015,47.0600014,3107400.0,39.6590385
2016-12-21 00:00:00,47.4000015,47.7999992,47.8499985,47.2000008,3552900.0,39.4509583
2016-12-22 00:00:00,47.3100014,47.3300018,47.4500008,47.0499992,3573100.0,39.3760529
2016-12-23 00:00:00,47.5400009,47.3899994,47.5600014,47.1899986,2635100.0,39.5674858
2016-12-27 00:00:00,47.7099991,47.5800018,47.7599983,47.5099983,1869200.0,39.7089691
2016-12-28 00:00:00,47.2000008,47.7299995,47.7599983,47.1100006,2716000.0,39.2845001
2016-12-29 00:00:00,46.7200012,47.2200012,47.2700005,46.5400009,2811500.0,38.8849945
2016-12-30 00:00:00,47.0200005,46.9500008,47.1300011,46.7200012,3467500.0,39.1346817
2017-01-03 00:00:00,46.9799995,47.4500008,47.6399994,46.6899986,5674200.0,39.1013947
2017-01-04 00:00:00,47.3400002,47.0800018,47.4199982,47.0,4539800.0,39.4010239
2017-01-05 00:00:00,46.7299995,47.1500015,47.4000015,46.5299988,3619500.0,38.8933144
2017-01-06 00:00:00,47.0400009,46.9500008,47.1399994,46.6599998,3374500.0,39.151329
2017-01-09 00:00:00,46.7299995,46.8499985,47.0499992,46.5099983,3289100.0,38.8933144
2017-01-10 00:00:00,46.6599998,46.7700005,47.1399994,46.5099983,4964300.0,38.8350601
2017-01-11 00:00:00,46.7700005,46.5,46.7900009,46.3699989,9262600.0,38.926609
2017-01-12 00:00:00,46.3400002,46.5999985,46.75,46.1300011,6288700.0,38.5687218
2017-01-13 00:00:00,46.5200005,46.6199989,47.1800003,46.4099998,4145500.0,38.7185364
2017-01-17 00:00:00,45.5600014,46.1399994,46.1399994,45.4199982,8281700.0,37.919529
2017-01-18 00:00:00,46.2000008,45.7099991,46.2599983,45.2900009,7225700.0,38.4521942
2017-01-19 00:00:00,45.2900009,46.0600014,46.1199989,44.8100014,7012100.0,37.6948051
2017-01-20 00:00:00,45.4199982,45.4799995,45.9000015,45.2400017,4466700.0,37.8030014
2017-01-23 00:00:00,45.4000015,45.3199997,45.75,45.1500015,4494500.0,37.7863579
2017-01-24 00:00:00,45.9599991,45.6399994,46.2599983,45.4199982,5619200.0,38.252449
2017-01-25 00:00:00,46.9799995,46.5699997,47.0200005,46.3600006,4992700.0,39.1013947
2017-01-26 00:00:00,47.2200012,47.0200005,47.3400002,46.8800011,4147800.0,39.3011513
2017-01-27 00:00:00,46.9700012,47.0,47.25,46.8499985,3339300.0,39.0930595
2017-01-30 00:00:00,46.4799995,46.5600014,46.7900009,45.9900017,4738400.0,38.6852417
2017-01-31 00:00:00,46.1899986,46.25,46.6199989,45.9799995,4107400.0,38.4438858
2017-02-01 00:00:00,45.9500008,46.6100006,46.8800011,45.8499985,5641300.0,38.2441216
2017-02-02 00:00:00,45.8100014,45.6100006,45.9500008,45.4099998,3461600.0,38.1276093
2017-02-03 00:00:00,46.6100006,46.6800003,46.8400002,46.1500015,5359800.0,38.7934456
2017-02-06 00:00:00,46.4300003,46.2299995,46.7299995,46.1399994,3214500.0,38.643631
2017-02-07 00:00:00,46.3899994,46.6399994,46.6699982,46.2999992,3458400.0,38.6103287
2017-02-08 00:00:00,45.7900009,45.6500015,45.8899994,45.5,4193500.0,38.3590202
2017-02-09 00:00:00,46.4099998,45.9799995,46.5,45.75,3796200.0,38.8784103
2017-02-10 00:00:00,46.6300011,46.6500015,46.75,46.3899994,2814300.0,39.0627098
2017-02-13 00:00:00,46.9799995,46.75,47.4300003,46.75,6355200.0,39.3559074
2017-02-14 00:00:00,47.8699989,47.0499992,47.9300003,46.9300003,4474100.0,40.1014709
2017-02-15 00:00:00,48.2599983,48.0099983,48.3600006,47.7599983,4298000.0,40.4281807
2017-02-16 00:00:00,48.0,48.1300011,48.25,47.6100006,3938300.0,40.2103615
2017-02-17 00:00:00,47.9599991,47.6500015,47.9599991,47.4099998,2635800.0,40.1768646
2017-02-21 00:00:00,47.9900017,48.1100006,48.3199997,47.7599983,3044400.0,40.2019882
2017-02-22 00:00:00,48.1500015,47.5999985,48.4300003,47.5499992,2889400.0,40.3360367
2017-02-23 00:00:00,48.5299988,48.2000008,48.5299988,47.7299995,4300800.0,40.6543579
2017-02-24 00:00:00,48.1100006,48.1100006,48.4700012,47.8800011,5928700.0,40.3025322
2017-02-27 00:00:00,48.1800003,48.0400009,48.3699989,48.0099983,5541200.0,40.3611641
2017-02-28 00:00:00,48.2200012,47.8300018,48.3300018,47.8199997,4610600.0,40.3946686
2017-03-01 00:00:00,49.7000008,49.1500015,49.8800011,49.0999985,5426600.0,41.634491
2017-03-02 00:00:00,48.5600014,49.6699982,49.7000008,48.5299988,4128500.0,40.679493
2017-03-03 00:00:00,48.6399994,48.5299988,48.8100014,48.4799995,4560100.0,40.7465172
2017-03-06 00:00:00,48.2299995,48.2200012,48.3899994,47.9199982,3688200.0,40.4030533
2017-03-07 00:00:00,47.9300003,48.0800018,48.3600006,47.9000015,3744500.0,40.1517296
2017-03-08 00:00:00,48.0,48.5699997,48.6599998,47.9399986,4060600.0,40.2103615
2017-03-09 00:00:00,48.0800018,48.1500015,48.6100006,47.9900017,4119800.0,40.2773972
2017-03-10 00:00:00,47.7099991,48.3499985,48.4300003,47.4900017,4827900.0,39.9674225
2017-03-13 00:00:00,47.6800003,47.7000008,47.9300003,47.5699997,3492600.0,39.9423065
2017-03-14 00:00:00,47.5299988,47.3600006,47.6100006,47.0099983,3294900.0,39.8166428
2017-03-15 00:00:00,47.0200005,47.8100014,47.9700012,46.9000015,5658600.0,39.3894119
2017-03-16 00:00:00,47.3100014,47.2999992,47.6399994,47.1500015,5887500.0,39.6323547
2017-03-17 00:00:00,46.8300018,47.3600006,47.4799995,46.6899986,7872100.0,39.2302513
2017-03-20 00:00:00,46.2299995,46.7099991,46.7799988,46.2000008,4607200.0,38.727623
2017-03-21 00:00:00,44.0,46.5400009,46.5999985,43.8699989,8864100.0,36.8595161
2017-03-22 00:00:00,44.0900002,43.7700005,44.3499985,43.0999985,5919000.0,36.9349098
2017-03-23 00:00:00,44.3199997,44.0200005,44.7200012,43.8499985,5540100.0,37.1275787
2017-03-24 00:00:00,44.4099998,44.5200005,44.7000008,44.0099983,5079600.0,37.2029648
2017-03-27 00:00:00,44.1699982,43.2599983,44.2000008,42.7299995,5833700.0,37.0019226
2017-03-28 00:00:00,44.9000015,44.0,45.1599998,43.8300018,5302100.0,37.6134567
2017-03-29 00:00:00,44.4700012,44.7999992,44.9300003,44.3199997,3287700.0,37.2532349
2017-03-30 00:00:00,45.2299995,44.4199982,45.4399986,44.3199997,3074300.0,37.8898926
2017-03-31 00:00:00,44.7000008,45.0499992,45.1800003,44.6899986,3402100.0,37.4459152
2017-04-03 00:00:00,44.7200012,44.7999992,44.9399986,44.0999985,4082400.0,37.4626656
2017-04-04 00:00:00,44.5400009,44.4300003,44.7099991,44.3600006,3295400.0,37.3118744
2017-04-05 00:00:00,43.9799995,45.1699982,45.1699982,43.9399986,3996300.0,36.8427582
2017-04-06 00:00:00,44.3100014,43.8899994,44.3800011,43.6199989,4813700.0,37.1192093
2017-04-07 00:00:00,44.0699997,43.9099998,44.4099998,43.8300018,4154300.0,36.9181519
2017-04-10 00:00:00,43.7900009,44.0499992,44.3199997,43.6399994,3167700.0,36.6835899
2017-04-11 00:00:00,43.6199989,43.5299988,43.75,43.1800003,5156600.0,36.5411835
2017-04-12 00:00:00,43.2299995,43.3899994,43.6599998,43.0,4253700.0,36.2144661
2017-04-13 00:00:00,42.6199989,42.9799995,43.4099998,42.6100006,3727500.0,35.7034531
2017-04-17 00:00:00,43.1500015,42.7000008,43.2200012,42.5099983,4802600.0,36.1474533
2017-04-18 00:00:00,42.5699997,42.7700005,43.0600014,42.2900009,5436200.0,35.6615791
2017-04-19 00:00:00,42.6300011,42.9300003,43.1699982,42.4300003,4659000.0,35.7118416
2017-04-20 00:00:00,43.6699982,43.0600014,43.7799988,42.7299995,5573400.0,36.5830536
2017-04-21 00:00:00,42.9300003,43.4599991,43.6199989,42.9199982,5561400.0,35.96315
2017-04-24 00:00:00,43.7299995,44.1199989,44.1300011,43.6199989,4976800.0,36.6333351
2017-04-25 00:00:00,43.6500015,44.0699997,44.2200012,43.6500015,3892300.0,36.5663071
2017-04-26 00:00:00,43.8300018,43.6100006,44.2799988,43.5600014,3958200.0,36.7170982
2017-04-27 00:00:00,43.5800018,43.8800011,43.9000015,43.2999992,3815600.0,36.5076752
2017-04-28 00:00:00,43.1800003,43.5200005,43.7999992,43.1399994,3812000.0,36.1725807
2017-05-01 00:00:00,43.5800018,43.4500008,43.8199997,43.2200012,3643800.0,36.5076752
2017-05-02 00:00:00,43.4700012,43.5900002,43.7200012,43.2200012,3779900.0,36.4155235
2017-05-03 00:00:00,44.1500015,43.2700005,44.2000008,43.1800003,4462300.0,36.9851646
2017-05-04 00:00:00,44.0600014,44.5400009,44.7000008,43.9700012,3991200.0,36.909771
2017-05-05 00:00:00,43.7299995,44.1699982,44.2700005,43.5200005,2801300.0,36.6333351
2017-05-08 00:00:00,43.7400017,43.7200012,43.8899994,43.5499992,1844100.0,36.6417007
2017-05-09 00:00:00,43.4700012,43.8300018,44.0200005,43.2900009,2970400.0,36.4155235
2017-05-10 00:00:00,43.3699989,43.0200005,43.4300003,43.0,2674500.0,36.5842323
2017-05-11 00:00:00,43.0299988,43.1399994,43.2900009,42.6399994,3753100.0,36.2974281
2017-05-12 00:00:00,43.0099983,42.7400017,43.0200005,42.4300003,3714000.0,36.2805519
2017-05-15 00:00:00,43.3699989,43.1199989,43.4500008,43.0699997,2544200.0,36.5842323
2017-05-16 00:00:00,43.7299995,43.4700012,43.7900009,43.2999992,2921700.0,36.8879051
2017-05-17 00:00:00,42.0099983,43.7299995,43.7299995,41.75,5761900.0,35.4370193
2017-05-18 00:00:00,42.1300011,41.9799995,42.4300003,41.8699989,3664200.0,35.5382385
2017-05-19 00:00:00,42.25,42.2400017,42.6100006,42.1300011,3594600.0,35.6394577
2017-05-22 00:00:00,42.4000015,42.4099998,42.6500015,42.0900002,3051200.0,35.7660027
2017-05-23 00:00:00,43.0299988,42.4300003,43.25,42.3199997,2676200.0,36.2974281
2017-05-24 00:00:00,42.5499992,43.2099991,43.2099991,42.3899994,3219500.0,35.8925247
2017-05-25 00:00:00,42.6300011,42.6500015,42.9300003,42.4599991,2546600.0,35.9600143
2017-05-26 00:00:00,42.5600014,42.5800018,42.7099991,42.4300003,1671200.0,35.9009628
2017-05-30 00:00:00,42.0699997,42.2599983,42.3899994,41.7299995,2558800.0,35.4876366
2017-05-31 00:00:00,41.6500015,42.1100006,42.1500015,41.1699982,4898200.0,35.1333427
2017-06-01 00:00:00,42.4199982,41.8800011,42.4399986,41.4599991,3639600.0,35.7828712
2017-06-02 00:00:00,42.1599998,42.0900002,42.5,41.8100014,5191500.0,35.5635414
2017-06-05 00:00:00,42.25,42.1599998,42.6300011,42.0800018,3896700.0,35.6394577
2017-06-06 00:00:00,41.9399986,41.9000015,42.1800003,41.6899986,3785300.0,35.3779678
2017-06-07 00:00:00,42.2599983,42.0600014,42.4000015,41.9700012,5977700.0,35.6479073
2017-06-08 00:00:00,43.3800011,42.2599983,43.8699989,42.2200012,6902700.0,36.5926666
2017-06-09 00:00:00,44.1100006,43.6599998,44.2099991,43.6199989,5840200.0,37.2084465
2017-06-12 00:00:00,44.0900002,44.2000008,44.6899986,44.0900002,3675000.0,37.1915779
2017-06-13 00:00:00,44.2900009,44.3899994,44.5699997,44.1500015,3233400.0,37.3602791
2017-06-14 00:00:00,44.5299988,43.8699989,44.5600014,43.5600014,3555900.0,37.5627365
2017-06-15 00:00:00,44.4099998,44.2900009,44.7400017,44.2299995,3167300.0,37.4614983
2017-06-16 00:00:00,44.3300018,44.4500008,44.5099983,44.0999985,4158600.0,37.3940277
2017-06-19 00:00:00,44.3699989,44.5200005,44.8100014,44.2599983,2690800.0,37.4277687
2017-06-20 00:00:00,43.9500008,44.2299995,44.2599983,43.8800011,3359900.0,37.0734749
2017-06-21 00:00:00,43.6500015,43.9599991,44.0099983,43.5400009,2628600.0,36.8204155
2017-06-22 00:00:00,43.3400002,43.5200005,43.6300011,43.2099991,3216900.0,36.5589218
2017-06-23 00:00:00,43.1699982,43.5499992,43.75,43.0,4055500.0,36.4155273
2017-06-26 00:00:00,43.4500008,43.2700005,43.7900009,43.1100006,3283200.0,36.6517143
2017-06-27 00:00:00,43.8199997,43.7299995,44.25,43.5400009,3116300.0,36.9638176
2017-06-28 00:00:00,44.7799988,44.1599998,44.8300018,44.1500015,4461400.0,37.773613
2017-06-29 00:00:00,45.6100006,45.8199997,46.5,44.9900017,5906800.0,38.4737473
2017-06-30 00:00:00,45.4099998,45.8499985,45.9300003,45.1599998,3806800.0,38.3050537
2017-07-03 00:00:00,46.1199989,45.7200012,46.2799988,45.6599998,2771200.0,38.9039497
2017-07-05 00:00:00,46.1399994,46.2000008,46.2900009,45.8199997,3587100.0,38.9208221
2017-07-06 00:00:00,45.5299988,46.1399994,46.2299995,45.5200005,3914100.0,38.4062653
2017-07-07 00:00:00,45.4700012,45.6899986,45.7099991,45.2299995,4054400.0,38.3556633
2017-07-10 00:00:00,45.3499985,45.3499985,45.5699997,45.1699982,2493700.0,38.2544327
2017-07-11 00:00:00,45.3800011,45.4300003,45.5600014,45.2000008,2803800.0,38.2797394
2017-07-12 00:00:00,45.4300003,45.2400017,45.5600014,45.0999985,2548700.0,38.3219185
2017-07-13 00:00:00,45.5600014,45.4799995,45.5699997,45.2400017,2293800.0,38.4315834
2017-07-14 00:00:00,44.8100014,45.0299988,45.1599998,44.5900002,6048100.0,37.7989273
2017-07-17 00:00:00,44.9099998,44.7700005,45.1300011,44.5600014,2344600.0,37.8832855
2017-07-18 00:00:00,44.6100006,44.6100006,44.8400002,44.4099998,3142800.0,37.6302223
2017-07-19 00:00:00,44.7599983,44.7700005,44.9700012,44.3600006,3374500.0,37.7567444
2017-07-20 00:00:00,46.2599983,45.2599983,46.5299988,45.0200005,6200800.0,39.0220451
2017-07-21 00:00:00,46.2799988,46.1599998,47.1399994,46.1599998,5932000.0,39.0389214
2017-07-24 00:00:00,46.5900002,46.25,46.7099991,46.25,4245300.0,39.3004227
2017-07-25 00:00:00,47.2099991,47.4300003,47.6500015,47.1599998,6146300.0,39.8234024
2017-07-26 00:00:00,46.75,47.2099991,47.3699989,46.6699982,5646000.0,39.4353905
2017-07-27 00:00:00,46.8800011,46.7400017,47.2400017,46.5800018,6262500.0,39.5450363
2017-07-28 00:00:00,46.8800011,46.8100014,47.0900002,46.6599998,3667900.0,39.5450363
2017-07-31 00:00:00,47.3199997,46.9900017,47.5699997,46.9900017,3965700.0,39.9162025
2017-08-01 00:00:00,47.8499985,47.5800018,47.8499985,47.3400002,4752400.0,40.3632812
2017-08-02 00:00:00,47.9300003,47.7299995,47.9900017,47.6100006,3370900.0,40.4307594
2017-08-03 00:00:00,47.8400002,47.8100014,47.9900017,47.6399994,2861400.0,40.3548431
2017-08-04 00:00:00,48.3600006,48.2000008,48.6300011,48.0600014,4518100.0,40.7934799
2017-08-07 00:00:00,48.1599998,48.3100014,48.4000015,48.1100006,3223700.0,40.6247711
2017-08-08 00:00:00,48.25,48.0099983,48.9000015,48.0099983,3312800.0,40.7006912
2017-08-09 00:00:00,47.6899986,47.6599998,47.8300018,47.4500008,4355600.0,40.5053444
2017-08-10 00:00:00,46.6800003,47.2900009,47.4500008,46.6599998,5226400.0,39.6474991
2017-08-11 00:00:00,46.3100014,46.8800011,47.0299988,46.1599998,4575000.0,39.333252
2017-08-14 00:00:00,46.8600006,46.7299995,47.1399994,46.7099991,3209700.0,39.8003883
2017-08-15 00:00:00,46.9900017,47.2900009,47.4799995,46.9399986,3315800.0,39.9108086
2017-08-16 00:00:00,46.8199997,47.0400009,47.2599983,46.7000008,3612800.0,39.7664146
2017-08-17 00:00:00,46.1599998,46.7299995,46.8600006,46.1300011,4648600.0,39.2058487
2017-08-18 00:00:00,46.1199989,45.9500008,46.4700012,45.8899994,4394900.0,39.1718674
2017-08-21 00:00:00,45.8800011,46.1399994,46.1399994,45.8800011,5089900.0,38.9680176
2017-08-22 00:00:00,46.1300011,46.0699997,46.2099991,45.9799995,3875000.0,39.1803627
2017-08-23 00:00:00,46.1500015,45.8199997,46.3800011,45.7299995,3294700.0,39.1973457
2017-08-24 00:00:00,46.1500015,46.1599998,46.3300018,46.0200005,3775100.0,39.1973457
2017-08-25 00:00:00,46.1500015,46.3300018,46.4300003,46.1500015,3530200.0,39.1973457
2017-08-28 00:00:00,46.1399994,46.3199997,46.3300018,46.0499992,3320500.0,39.1888504
2017-08-29 00:00:00,46.0699997,45.6800003,46.2000008,45.5,5024100.0,39.129406
2017-08-30 00:00:00,46.2999992,46.0999985,46.4900017,45.9900017,4387300.0,39.324749
2017-08-31 00:00:00,46.0900002,46.5900002,46.5900002,46.0600014,4276800.0,39.1463852
2017-09-01 00:00:00,46.2900009,46.0400009,46.5200005,46.0299988,3076400.0,39.3162613
2017-09-05 00:00:00,45.3800011,46.0499992,46.1599998,45.2799988,5577100.0,38.543354
2017-09-06 00:00:00,45.0699997,45.6699982,45.6899986,44.8899994,3991500.0,38.2800484
2017-09-07 00:00:00,43.6599998,45.0400009,45.0499992,43.5800018,5293000.0,37.0824699
2017-09-08 00:00:00,43.9700012,43.6399994,44.3300018,43.5600014,6016700.0,37.3457756
2017-09-11 00:00:00,44.6800003,44.4900017,44.8199997,44.2700005,4031400.0,37.9488106
2017-09-12 00:00:00,44.7900009,44.7900009,45.1500015,43.0299988,5956200.0,38.0422325
2017-09-13 00:00:00,44.7099991,44.5999985,44.9300003,44.5999985,4703000.0,37.9742851
2017-09-14 00:00:00,44.0699997,44.6500015,44.7400017,43.9399986,4434700.0,37.4307098
2017-09-15 00:00:00,44.1399994,44.0400009,44.2900009,43.8800011,7616100.0,37.4901695
2017-09-18 00:00:00,44.2400017,44.2099991,44.5,44.1399994,4485500.0,37.5750961
2017-09-19 00:00:00,44.6500015,44.2400017,44.8100014,44.1800003,5940500.0,37.923336
2017-09-20 00:00:00,44.8600006,44.7099991,45.0499992,44.2999992,4183500.0,38.1016922
2017-09-21 00:00:00,45.2400017,44.9099998,45.3899994,44.7999992,3360200.0,38.4244499
2017-09-22 00:00:00,45.2200012,45.0900002,45.2599983,44.6500015,2953000.0,38.4074554
2017-09-25 00:00:00,45.3300018,45.1399994,45.5,45.0299988,3237500.0,38.5008888
2017-09-26 00:00:00,45.1899986,45.3300018,45.4500008,45.1399994,2816000.0,38.3819733
2017-09-27 00:00:00,46.0800018,45.9099998,46.4500008,45.6199989,4779300.0,39.1378937
2017-09-28 00:00:00,46.2999992,46.1199989,46.3199997,45.8800011,3075400.0,39.324749
2017-09-29 00:00:00,46.9399986,46.3199997,47.1899986,46.2400017,4126300.0,39.8683281
2017-10-02 00:00:00,47.1599998,46.9599991,47.1800003,46.6599998,2737700.0,40.0551834
2017-10-03 00:00:00,46.8800011,47.0699997,47.2400017,46.7000008,2046800.0,39.8173676
2017-10-04 00:00:00,46.3699989,46.75,46.8600006,46.2900009,2791700.0,39.3841972
2017-10-05 00:00:00,47.6199989,46.7400017,47.7299995,46.4599991,4513100.0,40.4458885
2017-10-06 00:00:00,47.6899986,47.75,48.0999985,47.4399986,3154300.0,40.5053444
2017-10-09 00:00:00,47.4799995,47.7999992,47.7999992,47.3400002,2008800.0,40.3269768
2017-10-10 00:00:00,47.7099991,47.5,47.8300018,47.4399986,1928800.0,40.5223198
2017-10-11 00:00:00,47.3499985,47.5299988,47.5900002,47.2200012,2568400.0,40.2165718
2017-10-12 00:00:00,46.8499985,47.4399986,47.6199989,46.7700005,2602800.0,39.7918854
2017-10-13 00:00:00,46.7000008,46.7700005,47.1800003,46.3600006,2841800.0,39.6644897
2017-10-16 00:00:00,47.0299988,46.8100014,47.0699997,46.7400017,2537800.0,39.9447746
2017-10-17 00:00:00,46.5200005,47.1899986,47.1899986,46.4900017,3007900.0,39.5116158
2017-10-18 00:00:00,46.5400009,46.7599983,46.8499985,46.4900017,4246600.0,39.5285988
2017-10-19 00:00:00,46.7400017,44.6199989,46.9700012,44.6199989,5188000.0,39.6984634
2017-10-20 00:00:00,47.5,47.2999992,47.9500008,47.2299995,5140300.0,40.3439636
2017-10-23 00:00:00,47.4099998,47.4300003,47.5900002,47.2299995,3911000.0,40.2675362
2017-10-24 00:00:00,47.5800018,47.7099991,47.9300003,47.4900017,4044500.0,40.4119186
2017-10-25 00:00:00,47.7799988,47.7999992,47.8499985,47.3499985,4712300.0,40.5817757
2017-10-26 00:00:00,48.6199989,48.0,48.7099991,47.9099998,4109700.0,41.2952347
2017-10-27 00:00:00,48.7400017,48.3499985,48.9300003,48.2799988,3630600.0,41.3971634
2017-10-30 00:00:00,49.1100006,48.8300018,49.3699989,48.6800003,7080000.0,41.7114143
2017-10-31 00:00:00,49.2400017,49.0800018,49.5200005,49.0099983,5214200.0,41.8218307
2017-11-01 00:00:00,49.5499992,49.3499985,49.9099998,49.3499985,7689800.0,42.0851288
2017-11-02 00:00:00,49.5900002,49.4500008,49.7400017,48.9000015,6312400.0,42.1191025
2017-11-03 00:00:00,49.5400009,49.4900017,49.5499992,48.9700012,5291900.0,42.0766411
2017-11-06 00:00:00,49.4799995,49.3600006,49.5499992,49.1699982,2897900.0,42.0256805
2017-11-07 00:00:00,48.2299995,49.4799995,49.5600014,48.1599998,5715600.0,40.9639931
2017-11-08 00:00:00,47.75,48.1300011,48.1300011,47.6399994,5981800.0,40.5563011
2017-11-09 00:00:00,46.75,47.2299995,47.5299988,46.5900002,6675400.0,39.9832878
2017-11-10 00:00:00,46.1300011,46.8199997,46.9700012,46.0999985,7960300.0,39.453022
2017-11-13 00:00:00,46.4900017,45.9599991,46.5600014,45.7299995,6295800.0,39.7609138
2017-11-14 00:00:00,46.8400002,46.3300018,46.8499985,46.1699982,4422000.0,40.060257
2017-11-15 00:00:00,46.8199997,46.4399986,47.0800018,46.2700005,3681300.0,40.0431519
2017-11-16 00:00:00,46.7700005,47.0099983,47.3300018,46.7200012,3241100.0,40.0003891
2017-11-17 00:00:00,46.8199997,46.4199982,47.0400009,46.3300018,2671700.0,40.0431519
2017-11-20 00:00:00,46.9799995,47.0099983,47.0900002,46.7700005,3578700.0,40.1799965
2017-11-21 00:00:00,46.5699997,47.0099983,47.0800018,46.3699989,4267500.0,39.8293381
2017-11-22 00:00:00,46.4900017,46.6500015,46.7900009,46.4300003,2652500.0,39.7609138
2017-11-24 00:00:00,46.3400002,46.6100006,46.6899986,46.3199997,1019500.0,39.6326332
2017-11-27 00:00:00,46.4900017,46.4000015,46.5999985,46.2999992,3159000.0,39.7609138
2017-11-28 00:00:00,47.5299988,46.6199989,47.6699982,46.5200005,14201300.0,40.650383
2017-11-29 00:00:00,49.1199989,47.9099998,49.7099991,47.9099998,12575700.0,42.0102386
2017-11-30 00:00:00,49.4199982,49.5,50.1199989,49.0900002,9456300.0,42.266819
2017-12-01 00:00:00,49.5999985,49.5499992,49.8300018,48.2099991,14865900.0,42.4207611
2017-12-04 00:00:00,50.2400017,50.25,51.1100006,50.1699982,7563400.0,42.9681358
2017-12-05 00:00:00,49.8100014,50.4399986,50.5299988,49.6500015,4915800.0,42.6003685
2017-12-06 00:00:00,49.3800011,49.7900009,49.9000015,49.3800011,3813900.0,42.2326088
2017-12-07 00:00:00,49.5800018,49.2700005,49.7299995,49.0200005,4261900.0,42.4036522
2017-12-08 00:00:00,49.8100014,49.7400017,49.9099998,49.3600006,3680800.0,42.6003685
2017-12-11 00:00:00,49.75,49.8100014,50.0299988,49.5999985,3035500.0,42.5490532
2017-12-12 00:00:00,50.2799988,50.0200005,50.5600014,49.75,3943200.0,43.0023384
2017-12-13 00:00:00,49.4199982,50.1100006,50.2999992,49.4000015,3301700.0,42.266819
2017-12-14 00:00:00,48.9700012,49.5999985,49.6199989,48.8699989,3430000.0,41.8819542
2017-12-15 00:00:00,49.5299988,49.2900009,49.9399986,49.0200005,8890500.0,42.3608971
2017-12-18 00:00:00,50.0099983,49.9700012,50.1800003,49.7700005,4117200.0,42.7714195
2017-12-19 00:00:00,50.0299988,50.3300018,50.4000015,49.9000015,3174100.0,42.7885246
2017-12-20 00:00:00,49.8400002,50.4700012,50.6300011,49.6399994,2925900.0,42.6260262
2017-12-21 00:00:00,50.3899994,50.0400009,50.5999985,50.0299988,2791300.0,43.0964165
2017-12-22 00:00:00,50.4500008,50.5699997,50.6800003,50.0999985,2386200.0,43.1477318
2017-12-26 00:00:00,50.0400009,50.3100014,50.5800018,49.8400002,1515000.0,42.797081
2017-12-27 00:00:00,49.9799995,50.0299988,50.1199989,49.6699982,2299700.0,42.7457657
2017-12-28 00:00:00,50.1199989,50.0200005,50.1399994,49.7599983,1696400.0,42.8654938
2017-12-29 00:00:00,49.7200012,50.1699982,50.2599983,49.7200012,2626300.0,42.5233955
2018-01-02 00:00:00,49.9199982,50.0,50.0999985,49.6500015,2503400.0,42.6944427
2018-01-03 00:00:00,50.4599991,49.9199982,50.6300011,49.7599983,3410700.0,43.1562805
2018-01-04 00:00:00,51.0699997,50.7200012,51.6399994,50.7200012,3809900.0,43.6779938
2018-01-05 00:00:00,51.2299995,51.2900009,51.3400002,50.6599998,3345000.0,43.8148346
2018-01-08 00:00:00,51.5,51.3499985,51.5600014,51.1100006,3524300.0,44.0457573
2018-01-09 00:00:00,52.0900002,51.7900009,52.6699982,51.7400017,4102000.0,44.5503502
2018-01-10 00:00:00,52.7099991,52.1800003,53.3600006,52.1399994,4035700.0,45.0806084
2018-01-11 00:00:00,53.1599998,53.0400009,53.2799988,52.7400017,3624500.0,45.4654808
2018-01-12 00:00:00,53.1399994,53.4599991,53.9099998,52.9099998,4418400.0,45.4483719
2018-01-16 00:00:00,53.0800018,53.2299995,53.5999985,52.7900009,4033100.0,45.3970528
2018-01-17 00:00:00,53.2799988,53.3600006,53.4799995,52.7099991,4853200.0,45.5681076
2018-01-18 00:00:00,54.1399994,54.2999992,55.7000008,53.0699997,7884400.0,46.3036385
2018-01-19 00:00:00,54.7999992,54.4000015,55.1399994,54.2900009,5762900.0,46.868103
2018-01-22 00:00:00,54.8800011,54.8100014,55.1300011,54.3600006,3551100.0,46.9365234
2018-01-23 00:00:00,54.8699989,54.6199989,55.2999992,54.5,5095800.0,46.9279671
2018-01-24 00:00:00,55.0,55.1500015,55.5499992,54.8600006,4533900.0,47.0391541
2018-01-25 00:00:00,54.6899986,55.2799988,55.2900009,54.4599991,4944400.0,46.774025
2018-01-26 00:00:00,55.4500008,54.8400002,55.4500008,54.5900002,4263900.0,47.4240189
2018-01-29 00:00:00,55.3899994,55.3499985,55.8499985,55.2900009,3917200.0,47.3726997
2018-01-30 00:00:00,55.0299988,54.9099998,55.6500015,54.8300018,4390800.0,47.0648079
2018-01-31 00:00:00,55.1899986,55.0299988,55.6399994,54.9300003,3703100.0,47.2016487
2018-02-01 00:00:00,55.7000008,55.0299988,55.7900009,55.0299988,3413300.0,47.6378403
2018-02-02 00:00:00,55.1100006,55.5699997,55.9900017,54.9399986,4409800.0,47.1332245
2018-02-05 00:00:00,52.8899994,54.3699989,55.0400009,52.75,6967900.0,45.2345581
2018-02-06 00:00:00,53.7099991,51.7200012,53.8300018,51.0900002,7401400.0,45.9358673
2018-02-07 00:00:00,53.8199997,53.4399986,54.3499985,53.2999992,4510800.0,46.0299492
2018-02-08 00:00:00,51.0699997,53.5499992,53.5699997,51.0400009,4861700.0,43.9474602
2018-02-09 00:00:00,52.4199982,51.9300003,52.8400002,50.7599983,7494000.0,45.1091728
2018-02-12 00:00:00,53.0,52.7099991,53.6500015,52.4000015,3681700.0,45.6082916
2018-02-13 00:00:00,53.3300018,52.6599998,53.4300003,52.5200005,2240700.0,45.8922653
2018-02-14 00:00:00,54.7400017,53.2400017,54.8300018,53.1500015,3118100.0,47.1056175
2018-02-15 00:00:00,54.8300018,55.0,55.4399986,54.5499992,3804500.0,47.1830673
2018-02-16 00:00:00,54.9599991,54.5800018,55.2599983,54.5499992,2857700.0,47.2949295
2018-02-20 00:00:00,54.5999985,54.75,55.2900009,54.3699989,2901200.0,46.9851341
2018-02-21 00:00:00,55.0900002,54.6800003,55.8499985,54.5699997,3799100.0,47.4068031
2018-02-22 00:00:00,54.3199997,55.4300003,55.5900002,54.1800003,3684300.0,46.7441864
2018-02-23 00:00:00,55.3600006,54.5499992,55.3699989,54.4700012,3275000.0,47.6391487
2018-02-26 00:00:00,55.7900009,55.5600014,55.8199997,55.0800018,3247600.0,48.0091782
2018-02-27 00:00:00,54.9500008,55.4500008,56.1899986,54.9500008,3660000.0,47.2863274
2018-02-28 00:00:00,54.3499985,55.1399994,55.8100014,54.3300018,4090000.0,46.7700081
2018-03-01 00:00:00,53.8899994,54.3199997,54.7799988,53.4399986,4181600.0,46.3741608
2018-03-02 00:00:00,54.2900009,53.5999985,54.4199982,52.7900009,3584000.0,46.71838
2018-03-05 00:00:00,54.9199982,53.7299995,55.0800018,53.3499985,3018500.0,47.2997093
2018-03-06 00:00:00,55.25,55.2000008,55.2900009,54.3899994,2954700.0,47.5839272
2018-03-07 00:00:00,55.0200005,54.6699982,55.1699982,54.2200012,3022400.0,47.3858414
2018-03-08 00:00:00,55.0200005,55.2200012,55.3600006,54.2299995,2176100.0,47.3858414
2018-03-09 00:00:00,56.0299988,55.5099983,56.0800018,55.1300011,2543600.0,48.2556992
2018-03-12 00:00:00,55.5999985,56.1100006,56.3100014,55.5200005,2878700.0,47.8853683
2018-03-13 00:00:00,55.3800011,55.9000015,55.9599991,55.2099991,3552500.0,47.6958885
2018-03-14 00:00:00,54.6199989,55.6300011,55.6300011,54.2799988,3271600.0,47.0413437
2018-03-15 00:00:00,54.6100006,54.9900017,54.9900017,54.1699982,2686900.0,47.0327301
2018-03-16 00:00:00,55.0400009,54.6699982,55.4900017,54.5200005,7622000.0,47.4030685
2018-03-19 00:00:00,54.9599991,54.9900017,55.1800003,54.2299995,4405400.0,47.3341675
2018-03-20 00:00:00,54.6500015,55.1599998,55.4599991,54.5800018,3209100.0,47.0671844
2018-03-21 00:00:00,54.7200012,54.7599983,55.3800011,54.2099991,3029500.0,47.1274643
2018-03-22 00:00:00,52.3100014,53.9599991,54.2700005,52.0999985,5162700.0,45.051857
2018-03-23 00:00:00,50.6800003,52.4900017,52.4900017,50.5699997,5643400.0,43.6480255
2018-03-26 00:00:00,52.2200012,51.5699997,52.3199997,50.9599991,4246400.0,44.9743462
2018-03-27 00:00:00,51.5800018,53.3499985,53.4000015,51.1899986,7194300.0,44.4231529
2018-03-28 00:00:00,51.5299988,51.7000008,51.9900017,50.9599991,4406400.0,44.3800964
2018-03-29 00:00:00,52.0400009,51.8300018,52.3600006,51.3499985,3627300.0,44.8193245
2018-04-02 00:00:00,50.9300003,51.8699989,52.2400017,50.1300011,5051200.0,43.8633385
2018-04-03 00:00:00,51.9399986,51.1399994,52.0699997,51.0,4278300.0,44.7332039
2018-04-04 00:00:00,52.6699982,51.1599998,52.7999992,51.0499992,4261900.0,45.361908
2018-04-05 00:00:00,52.8899994,52.9599991,53.1300011,52.3400002,4770100.0,45.5513802
2018-04-06 00:00:00,51.1199989,52.0900002,52.3699989,50.5800018,4134500.0,44.0269814
2018-04-09 00:00:00,51.6399994,51.5099983,52.7700005,51.4000015,3956100.0,44.4748306
2018-04-10 00:00:00,52.5699997,52.4900017,52.7700005,51.9199982,3798300.0,45.2757912
2018-04-11 00:00:00,52.2000008,52.0999985,52.5600014,51.9199982,2860600.0,44.957119
2018-04-12 00:00:00,53.0499992,52.6300011,53.4000015,52.4799995,3112600.0,45.6891785
2018-04-13 00:00:00,51.9500008,53.4599991,53.5,51.7099991,2683400.0,44.7418175
2018-04-16 00:00:00,52.0,52.4000015,52.4799995,51.7599983,2757200.0,44.7848778
2018-04-17 00:00:00,51.0900002,52.4500008,52.5600014,50.7999992,3541400.0,44.0011444
2018-04-18 00:00:00,50.6300011,51.3499985,51.5099983,50.4399986,4874500.0,43.6049652
2018-04-19 00:00:00,52.3600006,51.25,52.4700012,51.1199989,3927300.0,45.0949249
2018-04-20 00:00:00,52.7099991,52.5200005,53.25,52.3899994,4892400.0,45.3963585
2018-04-23 00:00:00,53.5299988,53.1800003,53.7299995,52.9300003,6637200.0,46.1025848
2018-04-24 00:00:00,54.0200005,53.8600006,54.7000008,53.7200012,9402500.0,46.524601
2018-04-25 00:00:00,53.7900009,53.8899994,54.1399994,53.2700005,4469300.0,46.3265152
2018-04-26 00:00:00,53.3199997,53.7000008,53.8499985,53.2799988,3791000.0,45.9217186
2018-04-27 00:00:00,53.4099998,53.2599983,53.7299995,52.9900017,4758100.0,45.9992256
2018-04-30 00:00:00,52.7999992,53.5900002,53.8800011,52.7900009,4060800.0,45.4738731
2018-05-01 00:00:00,53.0699997,52.6800003,53.2900009,52.2599983,2768700.0,45.7064133
2018-05-02 00:00:00,52.8600006,52.8400002,53.7799988,52.7400017,4741500.0,45.525547
2018-05-03 00:00:00,52.4500008,52.4799995,52.9000015,51.7799988,5116000.0,45.1724434
2018-05-04 00:00:00,53.1100006,52.0999985,53.4300003,51.8899994,3620200.0,45.7408562
2018-05-07 00:00:00,53.7299995,53.1800003,53.9399986,52.9799995,3573100.0,46.2748337
2018-05-08 00:00:00,54.2200012,53.7299995,54.9199982,53.6300011,4079800.0,46.6968422
2018-05-09 00:00:00,54.9199982,54.4399986,55.2200012,54.1300011,2628000.0,47.2997093
2018-05-10 00:00:00,55.0400009,54.6100006,55.2400017,54.3100014,2246900.0,47.7289696
2018-05-11 00:00:00,55.0600014,55.0400009,55.4199982,54.9199982,1803600.0,47.7463112
2018-05-14 00:00:00,55.0,55.2200012,55.4399986,54.9000015,1938300.0,47.6942825
2018-05-15 00:00:00,55.4900017,54.9799995,55.9000015,54.8100014,3728800.0,48.1191978
2018-05-16 00:00:00,55.3100014,55.2999992,55.4700012,54.9199982,3211500.0,47.9631119
2018-05-17 00:00:00,55.4300003,55.1699982,55.5299988,54.7700005,2841000.0,48.0671654
2018-05-18 00:00:00,54.9099998,55.4799995,55.4799995,54.8600006,3195100.0,47.6162338
2018-05-21 00:00:00,54.8300018,55.1199989,55.2700005,54.4799995,3946300.0,47.5468674
2018-05-22 00:00:00,55.5299988,54.9599991,56.0299988,54.8499985,3850000.0,48.1538811
2018-05-23 00:00:00,55.2700005,55.3199997,55.6500015,54.9799995,3317800.0,47.9284172
2018-05-24 00:00:00,54.9599991,55.1500015,55.25,54.2299995,3517000.0,47.6595879
2018-05-25 00:00:00,54.8100014,54.6199989,54.9799995,54.4300003,2556000.0,47.5295181
2018-05-29 00:00:00,52.4700012,54.3800011,54.6300011,52.0999985,6418000.0,45.5003471
2018-05-30 00:00:00,53.0900002,52.9799995,53.3199997,52.3199997,4456700.0,46.0379906
2018-05-31 00:00:00,52.5,53.0499992,53.1800003,52.3600006,4863100.0,45.5263596
2018-06-01 00:00:00,53.2000008,53.3199997,53.6199989,53.0200005,3253700.0,46.1333771
2018-06-04 00:00:00,53.6199989,53.5699997,53.6500015,53.2900009,2322400.0,46.4975891
2018-06-05 00:00:00,53.3199997,53.3199997,53.4799995,52.9399986,2907600.0,46.2374306
2018-06-06 00:00:00,54.3899994,53.5099983,54.5299988,53.4300003,2882300.0,47.1653137
2018-06-07 00:00:00,54.4199982,54.5900002,54.8600006,54.0200005,2852200.0,47.1913223
2018-06-08 00:00:00,54.5999985,54.3699989,54.6100006,54.0900002,2466200.0,47.3474045
2018-06-11 00:00:00,54.2000008,54.6800003,54.9599991,54.1699982,2546100.0,47.0005455
2018-06-12 00:00:00,54.0,54.3400002,54.5900002,53.7099991,3205900.0,46.8271103
2018-06-13 00:00:00,53.7900009,54.1800003,54.7000008,53.75,3904500.0,46.6450157
2018-06-14 00:00:00,52.4399986,53.9300003,54.0400009,52.3300018,5731700.0,45.4743309
2018-06-15 00:00:00,52.3199997,52.2400017,52.4900017,51.7200012,8705500.0,45.3702621
2018-06-18 00:00:00,52.2799988,51.8800011,52.4700012,51.6399994,4350900.0,45.3355827
2018-06-19 00:00:00,52.2299995,51.9199982,52.2700005,51.7299995,4199500.0,45.2922287
2018-06-20 00:00:00,51.9799995,52.5,52.6899986,51.9599991,2515400.0,45.075428
2018-06-21 00:00:00,52.0600014,51.7900009,52.4700012,51.4099998,3108700.0,45.1448097
2018-06-22 00:00:00,51.6100006,52.3199997,52.4199982,51.5400009,4474100.0,44.7545776
2018-06-25 00:00:00,51.7099991,51.5099983,51.8699989,50.9700012,5259800.0,44.8412971
2018-06-26 00:00:00,51.4300003,51.5999985,51.7099991,51.0499992,5900900.0,44.598484
2018-06-27 00:00:00,50.6899986,51.2599983,51.8600006,50.6899986,5100800.0,43.9567757
2018-06-28 00:00:00,50.6500015,50.7999992,51.2299995,50.3100014,3282900.0,43.9221039
2018-06-29 00:00:00,50.4399986,51.1500015,51.4900017,50.4399986,4890600.0,43.7399864
2018-07-02 00:00:00,51.1599998,50.2299995,51.1699982,50.1500015,3088500.0,44.3643494
2018-07-03 00:00:00,50.4799995,51.2799988,51.4900017,50.3899994,1676000.0,43.7746811
2018-07-05 00:00:00,50.7999992,50.8800011,51.1699982,50.5200005,3673800.0,44.0521698
2018-07-06 00:00:00,51.2099991,50.6800003,51.4599991,50.3699989,2999500.0,44.4077072
2018-07-09 00:00:00,52.5800018,51.4000015,52.6599998,51.3300018,2939500.0,45.5957336
2018-07-10 00:00:00,52.3199997,52.7299995,52.9099998,52.0999985,3052900.0,45.3702621
2018-07-11 00:00:00,51.8699989,52.1399994,52.4199982,51.75,2747800.0,44.9800453
2018-07-12 00:00:00,51.5499992,52.25,52.3100014,51.1899986,3141200.0,44.702549
2018-07-13 00:00:00,50.9300003,51.4799995,51.4799995,50.7400017,3676400.0,44.1649094
2018-07-16 00:00:00,51.6399994,51.1100006,51.75,51.1100006,2449600.0,44.7805901
2018-07-17 00:00:00,52.0,51.6899986,52.2400017,51.4799995,3945900.0,45.0927734
2018-07-18 00:00:00,52.9799995,51.8400002,53.0499992,51.0999985,5804000.0,45.9426041
2018-07-19 00:00:00,50.5200005,50.4300003,51.6899986,49.75,8124100.0,43.8093643
2018-07-20 00:00:00,49.9399986,50.5,50.7700005,49.7099991,6925300.0,43.3064003
2018-07-23 00:00:00,50.75,49.8199997,50.9000015,49.7900009,4984000.0,44.008812
2018-07-24 00:00:00,50.8499985,50.8699989,51.5099983,50.6800003,5452400.0,44.0955238
2018-07-25 00:00:00,50.6800003,50.7599983,51.0299988,50.2900009,4543600.0,43.9481049
2018-07-26 00:00:00,51.0600014,50.8199997,51.5200005,50.8199997,3368500.0,44.2776375
2018-07-27 00:00:00,51.3199997,51.1899986,51.5499992,50.9399986,3049800.0,44.5030975
2018-07-30 00:00:00,51.4399986,51.3800011,51.8699989,51.3300018,3698400.0,44.6071548
2018-07-31 00:00:00,50.8100014,51.6699982,51.6699982,50.7099991,5439300.0,44.0608444
2018-08-01 00:00:00,51.1100006,50.9900017,51.5200005,50.9599991,3796000.0,44.321003
2018-08-02 00:00:00,51.3199997,50.8899994,51.4900017,50.6399994,2542900.0,44.5030975
2018-08-03 00:00:00,51.5999985,51.2299995,51.6300011,51.2299995,2587400.0,44.745903
2018-08-06 00:00:00,51.4199982,51.4799995,51.7000008,50.9700012,2379600.0,44.5898209
2018-08-07 00:00:00,51.7099991,51.5699997,52.0999985,51.5699997,3028000.0,44.8412971
2018-08-08 00:00:00,52.0099983,51.6800003,52.1699982,51.5299988,2046800.0,45.1014404
2018-08-09 00:00:00,51.2000008,51.4900017,51.5900002,51.0699997,2404000.0,44.7474823
2018-08-10 00:00:00,50.75,50.5600014,50.9300003,50.3699989,2589600.0,44.3541985
2018-08-13 00:00:00,50.5099983,50.7299995,51.0099983,50.4500008,2690100.0,44.1444473
2018-08-14 00:00:00,51.8499985,50.5499992,52.0099983,50.5499992,3963600.0,45.315567
2018-08-15 00:00:00,51.3300018,51.4799995,51.7299995,51.0999985,2347200.0,44.8611031
2018-08-16 00:00:00,52.2000008,51.5699997,52.4500008,51.5699997,2746600.0,45.6214561
2018-08-17 00:00:00,52.4300003,52.0699997,52.5699997,52.0299988,2686700.0,45.8224754
2018-08-20 00:00:00,52.2900009,52.4000015,52.5600014,52.1399994,1982300.0,45.700119
2018-08-21 00:00:00,52.7099991,52.3899994,53.0800018,52.1300011,2681700.0,46.0671806
2018-08-22 00:00:00,52.6899986,52.5600014,52.8499985,52.2700005,1839900.0,46.0497055
2018-08-23 00:00:00,52.0099983,52.6300011,52.7000008,51.8699989,2278800.0,45.4553986
2018-08-24 00:00:00,51.7099991,52.2400017,52.25,51.6399994,2042700.0,45.1932144
2018-08-27 00:00:00,52.25,51.9199982,52.4900017,51.75,2174700.0,45.6651611
2018-08-28 00:00:00,52.1199989,52.3800011,52.4099998,51.9700012,1504600.0,45.5515404
2018-08-29 00:00:00,52.0,52.2200012,52.2200012,51.6699982,1824300.0,45.4466667
2018-08-30 00:00:00,51.5299988,51.8600006,52.0400009,51.4500008,1950200.0,45.0359039
2018-08-31 00:00:00,51.6599998,51.3899994,51.7000008,51.1899986,2022600.0,45.1495132
2018-09-04 00:00:00,52.1399994,51.6500015,52.1899986,51.4099998,2908800.0,45.5690193
2018-09-05 00:00:00,52.3199997,52.1500015,52.5800018,52.1399994,2142300.0,45.7263336
2018-09-06 00:00:00,52.25,52.4000015,52.4799995,52.1100006,1932600.0,45.6651611
2018-09-07 00:00:00,51.9799995,52.4700012,52.5,51.7099991,1898900.0,45.4291878
2018-09-10 00:00:00,51.7599983,52.1599998,52.2200012,51.7000008,1327400.0,45.2369156
2018-09-11 00:00:00,51.8699989,51.6500015,52.1599998,51.6500015,1402400.0,45.3330498
2018-09-12 00:00:00,50.6699982,51.75,51.9199982,50.6500015,2713800.0,44.2842827
2018-09-13 00:00:00,49.9599991,50.8499985,50.8800011,49.9300003,3919800.0,43.6637573
2018-09-14 00:00:00,50.2099991,50.0200005,50.3100014,49.9199982,3821600.0,43.8822517
2018-09-17 00:00:00,50.2400017,50.4099998,50.4799995,50.0999985,2728000.0,43.908474
2018-09-18 00:00:00,50.0600014,50.2900009,50.3199997,49.9000015,2489000.0,43.751152
2018-09-19 00:00:00,50.9700012,50.1800003,51.1699982,50.0200005,3382400.0,44.5464706
2018-09-20 00:00:00,51.5699997,51.2299995,51.7900009,51.2299995,2625800.0,45.0708618
2018-09-21 00:00:00,51.4399986,51.6300011,51.7099991,51.2799988,4819600.0,44.9572411
2018-09-24 00:00:00,50.6800003,51.3600006,51.4199982,50.6399994,2643100.0,44.2930145
2018-09-25 00:00:00,50.3100014,50.9000015,50.9099998,50.2599983,2310600.0,43.9696503
2018-09-26 00:00:00,49.75,50.5400009,50.6199989,49.6699982,2796400.0,43.4802246
2018-09-27 00:00:00,48.9000015,49.75,49.75,48.8600006,3251600.0,42.7373428
2018-09-28 00:00:00,48.5400009,48.5900002,48.8499985,48.4099998,3312200.0,42.422718
2018-10-01 00:00:00,48.3499985,48.9199982,49.0099983,48.1800003,2340800.0,42.2566605
2018-10-02 00:00:00,48.2700005,48.2900009,48.5800018,47.8499985,2997800.0,42.1867409
2018-10-03 00:00:00,48.9599991,48.5200005,49.25,48.2999992,4239400.0,42.7897835
2018-10-04 00:00:00,49.3899994,48.9900017,50.1300011,48.9300003,4017300.0,43.1655884
2018-10-05 00:00:00,48.9900017,49.5800018,49.8600006,48.9000015,3223600.0,42.8160095
2018-10-08 00:00:00,49.7400017,48.9399986,50.0,48.9000015,3573800.0,43.4714928
2018-10-09 00:00:00,49.4300003,49.5800018,49.6699982,49.2200012,3405700.0,43.2005539
2018-10-10 00:00:00,48.7299995,49.6500015,50.1599998,48.7000008,4094300.0,42.5887756
2018-10-11 00:00:00,47.4399986,48.5499992,48.8800011,47.2999992,6866800.0,41.461338
2018-10-12 00:00:00,46.8800011,48.0200005,48.1899986,45.9300003,5779500.0,40.9719162
2018-10-15 00:00:00,46.7900009,46.9099998,47.2700005,46.6300011,4365400.0,40.8932648
2018-10-16 00:00:00,47.0900002,47.0999985,47.1399994,46.4199982,3825600.0,41.1554565
2018-10-17 00:00:00,47.7099991,46.9599991,48.1599998,46.6199989,5117800.0,41.6973038
2018-10-18 00:00:00,48.2799988,48.5999985,49.5999985,48.1300011,5202200.0,42.1954803
2018-10-19 00:00:00,48.9199982,48.1699982,49.2700005,47.7799988,5851000.0,42.7548294
2018-10-22 00:00:00,47.0800018,48.8899994,49.1500015,47.0400009,6734400.0,41.1467171
2018-10-23 00:00:00,47.0999985,46.2700005,47.4000015,46.1100006,6189600.0,41.1641922
2018-10-24 00:00:00,46.0600014,47.0600014,47.0600014,45.9799995,6351600.0,40.2552605
2018-10-25 00:00:00,47.0099983,46.5400009,47.4799995,46.3400002,5963500.0,41.0855293
2018-10-26 00:00:00,46.4799995,46.5999985,47.0,46.1399994,8930500.0,40.6223297
2018-10-29 00:00:00,47.7700005,47.25,48.1599998,47.1500015,7159000.0,41.7497482
2018-10-30 00:00:00,48.2799988,48.0099983,48.4099998,47.2000008,6667100.0,42.1954803
2018-10-31 00:00:00,49.1599998,48.6599998,49.7299995,48.5999985,6567800.0,42.9645844
2018-11-01 00:00:00,49.2000008,49.4000015,49.5699997,48.9500008,4756500.0,42.9995422
2018-11-02 00:00:00,49.1699982,49.5900002,49.8899994,48.7599983,4216400.0,42.97332
2018-11-05 00:00:00,49.7299995,49.3699989,49.8499985,49.2200012,5007900.0,43.4627419
2018-11-06 00:00:00,49.9700012,49.6199989,50.0900002,49.3899994,4853700.0,43.6724968
2018-11-07 00:00:00,50.1500015,50.0400009,50.3600006,49.2200012,3967800.0,43.8298149
2018-11-08 00:00:00,50.1300011,49.5400009,50.3300018,49.5400009,6589000.0,44.1690331
2018-11-09 00:00:00,50.7599983,50.2000008,50.9700012,50.1599998,8034400.0,44.7241135
2018-11-12 00:00:00,50.5400009,50.7799988,51.1100006,50.4599991,8184300.0,44.5302849
2018-11-13 00:00:00,51.0699997,50.4700012,51.3499985,50.4000015,5279200.0,44.997261
2018-11-14 00:00:00,50.5200005,51.3600006,51.7700005,49.7000008,5691200.0,44.5126572
2018-11-15 00:00:00,51.3300018,50.0699997,51.3699989,49.6800003,5780100.0,45.2263374
2018-11-16 00:00:00,51.4099998,50.9500008,51.7099991,50.8499985,4894200.0,45.2968292
2018-11-19 00:00:00,51.6399994,51.3800011,52.1100006,51.1899986,4226400.0,45.4994812
2018-11-20 00:00:00,50.9399986,51.2299995,51.6599998,50.7099991,5243500.0,44.8827095
2018-11-21 00:00:00,50.4199982,51.1100006,51.3100014,50.1100006,3766600.0,44.4245529
2018-11-23 00:00:00,50.3699989,49.9700012,50.7900009,49.7799988,1407100.0,44.380497
2018-11-26 00:00:00,51.1199989,50.9799995,51.5800018,50.9300003,3191700.0,45.041317
2018-11-27 00:00:00,50.9500008,50.8600006,51.25,50.5,3977000.0,44.8915253
2018-11-28 00:00:00,50.9300003,51.0299988,51.3499985,50.2900009,3846900.0,44.8739052
2018-11-29 00:00:00,50.5999985,50.5900002,50.9500008,50.2000008,3713000.0,44.583149
2018-11-30 00:00:00,51.0999985,50.5499992,51.3600006,50.4300003,4685400.0,45.0236969
2018-12-03 00:00:00,50.7299995,51.6199989,51.7700005,50.5400009,4544900.0,44.6976852
2018-12-04 00:00:00,48.3699989,50.4900017,50.5699997,48.0099983,5791600.0,42.6183167
2018-12-06 00:00:00,48.1399994,47.5600014,48.1800003,46.9099998,6818600.0,42.4156647
2018-12-07 00:00:00,47.6599998,48.1500015,48.6699982,47.3199997,5524500.0,41.9927444
2018-12-10 00:00:00,46.9500008,47.5999985,47.6599998,46.25,5942800.0,41.3671684
2018-12-11 00:00:00,46.5600014,47.3100014,47.6899986,46.2599983,4734200.0,41.0235443
2018-12-12 00:00:00,46.8199997,47.0999985,47.3699989,46.6599998,4394700.0,41.2526283
2018-12-13 00:00:00,46.0200005,46.9199982,47.0200005,45.7999992,4718700.0,40.5477562
2018-12-14 00:00:00,45.6599998,45.6899986,46.4000015,45.5900002,5380600.0,40.2305679
2018-12-17 00:00:00,45.1500015,45.4300003,45.9599991,44.9399986,4859000.0,39.7811966
2018-12-18 00:00:00,44.1599998,45.2400017,45.4700012,43.8899994,5398100.0,38.9089355
2018-12-19 00:00:00,43.2999992,44.0099983,44.5,42.9599991,6380300.0,38.1511841
2018-12-20 00:00:00,43.1899986,42.7799988,43.5499992,42.7099991,7860400.0,38.0542679
2018-12-21 00:00:00,42.3800011,42.8800011,43.7299995,42.2599983,9199000.0,37.3405914
2018-12-24 00:00:00,41.2700005,42.0699997,42.4199982,41.25,3379000.0,36.3625755
2018-12-26 00:00:00,42.8300018,41.2799988,42.8300018,40.6800003,5577500.0,37.7370758
2018-12-27 00:00:00,42.9799995,42.3100014,42.9799995,41.4799995,6295300.0,37.8692436
2018-12-28 00:00:00,42.9500008,43.1100006,43.4900017,42.6100006,4593600.0,37.8428078
2018-12-31 00:00:00,43.3199997,43.0099983,43.4500008,42.6399994,3694100.0,38.1688156
2019-01-02 00:00:00,44.3899994,42.8600006,44.4500008,42.7900009,4831900.0,39.1115799
2019-01-03 00:00:00,44.0900002,44.2200012,44.7900009,43.9599991,3530600.0,38.8472519
2019-01-04 00:00:00,45.25,44.8699989,45.4199982,44.7000008,3267200.0,39.8693123
2019-01-07 00:00:00,45.6100006,45.1300011,46.0400009,44.8600006,3584400.0,40.1865044
2019-01-08 00:00:00,45.7200012,45.7900009,45.9599991,45.0699997,3389300.0,40.2834282
2019-01-09 00:00:00,46.1500015,45.8400002,46.2900009,45.6199989,5827000.0,40.6622925
2019-01-10 00:00:00,45.8600006,45.2000008,46.1399994,45.2000008,6726800.0,40.4067802
2019-01-11 00:00:00,45.6100006,44.8300018,45.7599983,44.7799988,11337100.0,40.1865044
2019-01-14 00:00:00,46.1500015,45.2000008,46.3499985,45.2000008,9035300.0,40.6622925
2019-01-15 00:00:00,46.3400002,46.0200005,46.3899994,45.5400009,6512500.0,40.8297081
2019-01-16 00:00:00,47.5400009,46.7799988,47.8499985,46.5600014,7020000.0,41.8870163
2019-01-17 00:00:00,48.2799988,46.75,48.4500008,46.5499992,5811600.0,42.5390129
2019-01-18 00:00:00,49.2900009,48.4900017,49.4099998,48.1899986,5214600.0,43.4289207
2019-01-22 00:00:00,49.1399994,49.0499992,49.6100006,48.9000015,6608300.0,43.2967529
2019-01-23 00:00:00,49.4099998,49.4000015,49.6800003,49.2200012,6495900.0,43.5346527
2019-01-24 00:00:00,49.25,49.1699982,49.4599991,48.7400017,3664000.0,43.3936806
2019-01-25 00:00:00,49.3699989,49.2999992,49.6199989,48.9700012,3910200.0,43.4993973
2019-01-28 00:00:00,49.2700005,49.0200005,49.4599991,48.8100014,3229800.0,43.411293
2019-01-29 00:00:00,49.3100014,49.1300011,49.5400009,49.1300011,2724800.0,43.4465446
2019-01-30 00:00:00,48.9799995,49.4000015,49.4099998,48.8800011,3808300.0,43.1557808
2019-01-31 00:00:00,48.7999992,48.6599998,48.8699989,47.8800011,4979300.0,42.9971809
2019-02-01 00:00:00,48.8699989,48.8899994,49.1100006,48.6599998,4353200.0,43.058857
2019-02-04 00:00:00,49.0800018,48.9000015,49.0800018,48.6300011,3290500.0,43.2438965
2019-02-05 00:00:00,48.7900009,49.0299988,49.0999985,48.4500008,3264100.0,42.9883804
2019-02-06 00:00:00,48.5299988,48.6699982,49.0699997,48.4300003,2566600.0,42.7592812
2019-02-07 00:00:00,50.4599991,51.0099983,51.5,48.9099998,25599100.0,44.4598007
2019-02-08 00:00:00,50.2400017,50.4599991,50.6800003,49.6800003,12227800.0,44.2659531
2019-02-11 00:00:00,50.5699997,50.4500008,50.6699982,50.1899986,7548100.0,44.5567131
2019-02-12 00:00:00,50.8199997,50.6399994,51.1399994,50.5,6915200.0,45.1384926
2019-02-13 00:00:00,50.4599991,50.7999992,51.0400009,50.2999992,6208400.0,44.8187332
2019-02-14 00:00:00,49.7400017,49.9900017,50.0,49.3300018,6103000.0,44.1792297
2019-02-15 00:00:00,50.7000008,50.2599983,50.8499985,50.1500015,8069300.0,45.0319061
2019-02-19 00:00:00,51.1100006,50.4700012,51.1300011,50.0200005,6593500.0,45.3960686
2019-02-20 00:00:00,51.7799988,51.0499992,51.7999992,50.8800011,7217200.0,45.9911613
2019-02-21 00:00:00,51.8300018,51.8100014,52.0800018,51.5699997,8042200.0,46.0355797
2019-02-22 00:00:00,51.4900017,51.9199982,51.9199982,51.2999992,4479600.0,45.7335854
2019-02-25 00:00:00,51.2599983,51.7700005,51.8800011,51.1800003,5089400.0,45.5293007
2019-02-26 00:00:00,50.8699989,51.0600014,51.4700012,50.5800018,5448600.0,45.1828957
2019-02-27 00:00:00,51.0600014,50.9500008,51.2000008,50.6500015,4456900.0,45.3516541
2019-02-28 00:00:00,50.9700012,51.1800003,51.2700005,50.8100014,5026500.0,45.2717209
2019-03-01 00:00:00,51.7999992,51.0,51.9399986,50.9399986,8588100.0,46.0089188
2019-03-04 00:00:00,51.8300018,51.9700012,52.4500008,51.2999992,6301600.0,46.0355797
2019-03-05 00:00:00,51.7000008,51.7299995,51.9599991,50.9199982,6038700.0,45.920105
2019-03-06 00:00:00,50.5999985,51.5099983,51.5800018,50.3800011,5301100.0,44.9430809
2019-03-07 00:00:00,49.5299988,50.2200012,50.2599983,49.2999992,6541200.0,43.9927101
2019-03-08 00:00:00,49.5999985,49.1599998,49.5999985,48.9799995,3446400.0,44.054882
2019-03-11 00:00:00,49.9199982,49.7200012,50.0699997,49.4000015,3858000.0,44.3391037
2019-03-12 00:00:00,49.5800018,50.0699997,50.2000008,49.4500008,6432200.0,44.0371094
2019-03-13 00:00:00,50.0,49.7099991,50.1500015,49.3199997,4905900.0,44.4101601
2019-03-14 00:00:00,50.1300011,50.0800018,50.2900009,49.8300018,3081000.0,44.5256271
2019-03-15 00:00:00,49.9799995,50.0200005,50.4000015,49.8199997,7042000.0,44.392395
2019-03-18 00:00:00,50.4799995,50.0,50.6899986,49.9799995,5047100.0,44.8364944
2019-03-19 00:00:00,49.4799995,50.6800003,50.8199997,49.4300003,5042300.0,43.9482956
2019-03-20 00:00:00,48.0200005,49.3400002,49.4900017,47.9900017,9284400.0,42.651516
2019-03-21 00:00:00,47.1399994,47.6800003,47.7599983,47.0099983,6192400.0,41.8698959
2019-03-22 00:00:00,45.0900002,46.5900002,46.7900009,45.0200005,9014000.0,40.0490913
2019-03-25 00:00:00,44.8699989,45.2000008,45.7799988,44.5099983,6108000.0,39.8536758
2019-03-26 00:00:00,45.3300018,45.3600006,45.8499985,44.75,7744600.0,40.2622452
2019-03-27 00:00:00,45.4000015,45.1199989,45.6300011,44.8400002,12764200.0,40.3244247
2019-03-28 00:00:00,46.3100014,45.5699997,46.3499985,45.4300003,7830000.0,41.1326866
2019-03-29 00:00:00,46.5299988,46.7099991,46.8899994,46.25,8284100.0,41.3280983
2019-04-01 00:00:00,48.0200005,46.8800011,48.0900002,46.8499985,6699600.0,42.651516
2019-04-02 00:00:00,48.4900017,47.9500008,48.8600006,47.6500015,6120600.0,43.0689735
2019-04-03 00:00:00,48.4099998,48.9000015,49.3699989,48.1899986,5678000.0,42.9979248
2019-04-04 00:00:00,48.4500008,48.1100006,48.6800003,47.9300003,5199700.0,43.0334473
2019-04-05 00:00:00,48.3699989,48.4000015,48.7099991,48.0299988,4610800.0,42.9623871
2019-04-08 00:00:00,48.5400009,48.1599998,48.6199989,48.0800018,3526300.0,43.1133804
2019-04-09 00:00:00,47.9000015,48.1899986,48.3899994,47.7000008,4418800.0,42.5449371
2019-04-10 00:00:00,48.1100006,48.0,48.2000008,47.5,3792000.0,42.7314606
2019-04-11 00:00:00,48.4399986,48.3300018,48.7799988,48.2000008,5130800.0,43.024559
2019-04-12 00:00:00,49.2599983,49.1699982,49.6800003,48.5900002,5335800.0,43.7528954
2019-04-15 00:00:00,48.5900002,49.2599983,49.3300018,48.4799995,3804700.0,43.1577911
2019-04-16 00:00:00,49.5099983,48.7400017,49.5699997,48.4799995,3136600.0,43.9749374
2019-04-17 00:00:00,49.8400002,49.6899986,50.0800018,49.1599998,5182200.0,44.2680435
2019-04-18 00:00:00,49.3499985,49.8199997,49.9300003,48.2799988,6679000.0,43.8328209
2019-04-22 00:00:00,49.2400017,49.1699982,49.5699997,48.8600006,4534500.0,43.7351265
2019-04-23 00:00:00,49.5400009,49.3800011,49.5600014,48.7700005,5886200.0,44.0015869
2019-04-24 00:00:00,49.8400002,49.2999992,49.9900017,49.1199989,5492500.0,44.2680435
2019-04-25 00:00:00,50.2099991,49.6399994,50.4700012,49.4799995,5425600.0,44.5966759
2019-04-26 00:00:00,50.7299995,50.2700005,50.7900009,50.1199989,6828400.0,45.058548
2019-04-29 00:00:00,51.2999992,50.7700005,51.7599983,50.7000008,4976400.0,45.5648232
2019-04-30 00:00:00,51.2000008,51.1899986,51.4300003,50.7700005,5217100.0,45.4760094
2019-05-01 00:00:00,50.6800003,51.0699997,51.4199982,50.5200005,5977300.0,45.0141335
2019-05-02 00:00:00,50.5400009,50.75,51.1100006,50.2700005,4497500.0,44.8897896
2019-05-03 00:00:00,50.9700012,50.6599998,51.1199989,50.6300011,3775800.0,45.2717209
2019-05-06 00:00:00,50.7900009,50.2900009,51.0400009,50.0299988,2854800.0,45.1118431
2019-05-07 00:00:00,49.8199997,50.1800003,50.3199997,49.4900017,4211800.0,44.2502785
2019-05-08 00:00:00,49.3300018,49.7799988,49.9399986,49.2999992,3321600.0,43.8150673
2019-05-09 00:00:00,49.5,48.7799988,49.6100006,48.6599998,4827900.0,43.9660568
2019-05-10 00:00:00,49.8600006,49.1800003,50.0200005,48.8100014,3631400.0,44.2858124
2019-05-13 00:00:00,48.2299995,48.9399986,49.1699982,48.0699997,5807200.0,42.8380394
2019-05-14 00:00:00,48.0400009,48.0,48.6300011,47.8100014,3726000.0,43.0306282
2019-05-15 00:00:00,47.5900002,47.5800018,47.7700005,46.8600006,4005700.0,42.6275444
2019-05-16 00:00:00,48.1899986,47.8400002,48.4500008,47.7200012,3638900.0,43.1649818
2019-05-17 00:00:00,47.8800011,47.7400017,48.6399994,47.5900002,7093700.0,42.88731
2019-05-20 00:00:00,48.3400002,47.8899994,48.5999985,47.8600006,4101600.0,43.2993431
2019-05-21 00:00:00,48.7799988,48.5099983,48.9000015,48.5,3254800.0,43.6934624
2019-05-22 00:00:00,48.9900017,48.6399994,49.2000008,48.4099998,4673500.0,43.8815575
2019-05-23 00:00:00,48.1100006,48.7000008,48.7000008,47.8300018,5005500.0,43.0933266
2019-05-24 00:00:00,48.3300018,48.2700005,48.4700012,48.0999985,3693800.0,43.2903862
2019-05-28 00:00:00,47.6199989,48.2400017,48.5,47.5600014,6264500.0,42.6544189
2019-05-29 00:00:00,47.6599998,47.2700005,47.7400017,46.9199982,3855700.0,42.6902466
2019-05-30 00:00:00,47.2900009,47.7700005,48.0499992,46.8899994,3197400.0,42.3588295
2019-05-31 00:00:00,46.75,46.75,47.0200005,46.5299988,3901800.0,41.8751335
2019-06-03 00:00:00,47.0699997,46.6699982,47.3699989,46.5499992,4588300.0,42.1617737
2019-06-04 00:00:00,48.8300018,47.7900009,48.8800011,47.6199989,4917400.0,43.7382431
2019-06-05 00:00:00,49.3300018,48.8100014,49.3800011,48.4000015,4005400.0,44.1861076
2019-06-06 00:00:00,49.25,49.1599998,49.3600006,48.8300018,5370400.0,44.1144562
2019-06-07 00:00:00,48.8300018,49.2000008,49.2700005,48.5299988,3645900.0,43.7382431
2019-06-10 00:00:00,49.5800018,49.2799988,49.9000015,49.0299988,3006200.0,44.4100418
2019-06-11 00:00:00,50.0600014,49.8800011,50.3100014,49.6800003,3209700.0,44.8399811
2019-06-12 00:00:00,49.5900002,50.1899986,50.5,49.5,3650800.0,44.4190025
2019-06-13 00:00:00,49.7299995,49.5900002,50.1599998,49.5699997,3454400.0,44.5443993
2019-06-14 00:00:00,50.0600014,49.75,50.1800003,49.3300018,2947200.0,44.8399811
2019-06-17 00:00:00,48.9700012,50.0800018,50.3400002,48.8600006,3072400.0,43.8636513
2019-06-18 00:00:00,49.3699989,48.7400017,49.6100006,48.6300011,4128900.0,44.2219353
2019-06-19 00:00:00,49.0499992,49.6399994,50.2900009,49.0099983,4499600.0,43.9353027
2019-06-20 00:00:00,48.7099991,49.3499985,49.3800011,47.9799995,4004500.0,43.6307602
2019-06-21 00:00:00,48.6300011,48.7099991,49.2400017,48.5600014,6221300.0,43.5591011
2019-06-24 00:00:00,48.4900017,48.5699997,49.1300011,48.2299995,2834500.0,43.4337044
2019-06-25 00:00:00,48.3300018,48.4500008,48.5800018,47.7799988,4348300.0,43.2903862
2019-06-26 00:00:00,48.0800018,48.4799995,48.7700005,48.0600014,3797000.0,43.0664558
2019-06-27 00:00:00,48.1800003,48.2200012,48.3899994,47.75,6204400.0,43.1560287
2019-06-28 00:00:00,49.1300011,48.7000008,49.2900009,48.5200005,7337800.0,44.0069618
2019-07-01 00:00:00,49.5600014,49.5299988,49.9599991,49.2000008,3722800.0,44.3921318
2019-07-02 00:00:00,48.7900009,49.3899994,49.6399994,48.6699982,3034900.0,43.7024155
2019-07-03 00:00:00,49.0699997,49.2200012,49.2700005,48.7599983,2586400.0,43.9532166
2019-07-05 00:00:00,49.9399986,49.4000015,49.9599991,49.3800011,3302200.0,44.7324944
2019-07-08 00:00:00,49.3899994,49.5099983,49.5600014,49.1800003,3349000.0,44.2398491
2019-07-09 00:00:00,50.0499992,49.25,50.2099991,49.0400009,4756500.0,44.831028
2019-07-10 00:00:00,49.75,50.0400009,50.0400009,49.6100006,4246000.0,44.5623169
2019-07-11 00:00:00,50.3100014,49.7900009,50.4099998,49.5800018,3452900.0,45.0639229
2019-07-12 00:00:00,50.4500008,50.4700012,50.5600014,50.2200012,3896000.0,45.1893158
2019-07-15 00:00:00,49.9700012,50.4900017,50.4900017,49.7700005,5197600.0,44.7593651
2019-07-16 00:00:00,49.6399994,50.0,50.0,49.3899994,4114200.0,44.4637833
2019-07-17 00:00:00,49.6399994,49.4900017,49.75,49.2999992,5221400.0,44.4637833
2019-07-18 00:00:00,51.0299988,49.75,51.2900009,49.2999992,5878700.0,45.7088356
2019-07-19 00:00:00,50.6500015,50.9900017,51.1699982,50.4599991,5127400.0,45.3684654
2019-07-22 00:00:00,50.4399986,50.5,50.7700005,50.25,4737300.0,45.1803589
2019-07-23 00:00:00,50.9799995,50.5800018,51.2099991,50.4900017,3381500.0,45.6640549
2019-07-24 00:00:00,51.5400009,50.9799995,51.6599998,50.75,3918800.0,46.165657
2019-07-25 00:00:00,51.25,51.4099998,51.7700005,51.0,5677100.0,45.9058952
2019-07-26 00:00:00,51.6500015,51.3499985,51.75,51.2200012,3409700.0,46.2641983
2019-07-29 00:00:00,51.2000008,51.5900002,52.0299988,51.1100006,3809900.0,45.8611145
2019-07-30 00:00:00,51.3899994,50.9199982,51.4199982,50.6100006,4269600.0,46.0312996
2019-07-31 00:00:00,51.5299988,51.3600006,51.8899994,51.1699982,5957400.0,46.1567078
2019-08-01 00:00:00,49.6300011,51.4199982,51.6699982,49.4599991,5834800.0,44.4548302
2019-08-02 00:00:00,49.3499985,49.5200005,49.7400017,48.5900002,4483800.0,44.2040176
2019-08-05 00:00:00,47.3699989,48.5800018,48.5800018,46.7599983,4435400.0,42.4304848
2019-08-06 00:00:00,47.7700005,47.7599983,47.8199997,46.5499992,4367000.0,42.7887764
2019-08-07 00:00:00,47.1300011,46.7599983,47.25,45.9599991,6312200.0,42.2155113
2019-08-08 00:00:00,47.4900017,47.5999985,47.7099991,47.0999985,3454600.0,42.5379753
2019-08-09 00:00:00,47.3499985,47.3400002,47.5999985,46.8499985,2767400.0,42.4125671
2019-08-12 00:00:00,46.6599998,46.8499985,47.0800018,46.5499992,5267900.0,41.7945213
2019-08-13 00:00:00,46.7299995,46.2799988,47.4000015,45.9000015,3130300.0,42.2648392
2019-08-14 00:00:00,45.2400017,45.7099991,46.3499985,44.9799995,8589700.0,40.9172096
2019-08-15 00:00:00,45.4500008,45.4799995,45.8699989,45.1599998,4444300.0,41.1071396
2019-08-16 00:00:00,46.5499992,45.8600006,46.7200012,45.6699982,8381900.0,42.1020355
2019-08-19 00:00:00,46.9599991,47.2299995,47.3499985,46.7599983,4027600.0,42.472847
2019-08-20 00:00:00,46.0499992,46.5499992,46.6300011,45.9199982,4187700.0,41.649807
2019-08-21 00:00:00,46.2200012,46.3699989,46.5299988,45.9300003,2984500.0,41.8035698
2019-08-22 00:00:00,46.6800003,46.5299988,46.8600006,46.1199989,2220200.0,42.2196083
2019-08-23 00:00:00,45.25,46.4599991,46.8600006,45.0,3881300.0,40.9262505
2019-08-26 00:00:00,46.0200005,45.6699982,46.0400009,45.2700005,3108300.0,41.6226768
2019-08-27 00:00:00,45.6699982,46.2200012,46.3600006,45.3899994,3233400.0,41.3061218
2019-08-28 00:00:00,46.6100006,45.4199982,46.75,45.3800011,3519300.0,42.1563072
2019-08-29 00:00:00,47.4099998,47.0499992,47.6300011,46.9799995,2730600.0,42.8798599
2019-08-30 00:00:00,47.6500015,47.7999992,48.1500015,47.4700012,7055500.0,43.0969276
2019-09-03 00:00:00,46.7000008,47.2000008,47.2700005,46.3300018,6060000.0,42.2377014
2019-09-04 00:00:00,47.3100014,47.1500015,47.4799995,46.9300003,2745300.0,42.7894135
2019-09-05 00:00:00,48.6500015,48.1699982,48.9599991,48.1199989,3394200.0,44.0013771
2019-09-06 00:00:00,48.7200012,48.6500015,48.9599991,48.4099998,4551600.0,44.0646896
2019-09-09 00:00:00,50.3600006,49.1599998,50.6599998,48.9900017,4715800.0,45.5479774
2019-09-10 00:00:00,51.2400017,50.6399994,51.2700005,49.6899986,7286200.0,46.3438988
2019-09-11 00:00:00,52.1300011,51.3400002,52.1399994,50.4599991,5256300.0,47.1488495
2019-09-12 00:00:00,52.7900009,51.7999992,53.0499992,51.2799988,5648900.0,47.7457886
2019-09-13 00:00:00,53.0600014,53.3400002,53.6899986,52.7999992,4467000.0,47.9899864
2019-09-16 00:00:00,52.9199982,52.5200005,53.1300011,52.2999992,4260400.0,47.8633614
2019-09-17 00:00:00,52.7599983,52.7200012,52.7599983,52.2599983,3448400.0,47.7186508
2019-09-18 00:00:00,53.1100006,52.4000015,53.4799995,52.1800003,4002300.0,48.0352097
2019-09-19 00:00:00,52.7900009,53.0299988,53.1300011,52.7099991,3189600.0,47.7457886
2019-09-20 00:00:00,52.4199982,53.0200005,53.2000008,52.3199997,6272300.0,47.4111366
2019-09-23 00:00:00,52.5699997,52.0,52.7000008,51.8899994,3740000.0,47.546814
2019-09-24 00:00:00,52.0400009,52.5800018,52.6300011,51.6100006,3659400.0,47.0674515
2019-09-25 00:00:00,52.8499985,52.1599998,52.9599991,52.1599998,3777200.0,47.8000488
2019-09-26 00:00:00,52.9199982,52.6699982,53.1100006,52.5099983,3996600.0,47.8633614
2019-09-27 00:00:00,53.4599991,53.4700012,53.8499985,53.1399994,5031900.0,48.3517609
2019-09-30 00:00:00,53.3699989,53.7700005,53.8199997,53.2400017,6651800.0,48.2703629
2019-10-01 00:00:00,52.3400002,53.6399994,53.9000015,52.2599983,8007600.0,47.3387871
2019-10-02 00:00:00,51.0699997,51.9599991,51.9599991,50.8600006,5620000.0,46.1901436
2019-10-03 00:00:00,50.8100014,50.8600006,51.0999985,50.0200005,5300500.0,45.9549789
2019-10-04 00:00:00,51.6599998,50.8899994,51.6800003,50.7099991,4466000.0,46.7237587
2019-10-07 00:00:00,51.5999985,51.5,52.1399994,51.3199997,3552000.0,46.669487
2019-10-08 00:00:00,50.9799995,51.2599983,51.4300003,50.7599983,4642300.0,46.1087341
2019-10-09 00:00:00,50.9900017,51.4000015,51.4700012,50.7799988,4603200.0,46.1177826
2019-10-10 00:00:00,51.3300018,51.1699982,51.7299995,51.0099983,7752500.0,46.425293
2019-10-11 00:00:00,52.0,52.2000008,52.5499992,51.9099998,5192900.0,47.0312767
2019-10-14 00:00:00,51.9799995,51.7299995,52.1599998,51.6199989,2996400.0,47.0131798
2019-10-15 00:00:00,52.7400017,52.1599998,52.9599991,51.9599991,6301100.0,47.7005692
2019-10-16 00:00:00,52.9900017,52.9000015,53.2900009,52.6800003,5014200.0,47.9266777
2019-10-17 00:00:00,52.4399986,52.9799995,52.9900017,51.4000015,8105600.0,47.4292336
2019-10-18 00:00:00,52.6699982,52.4199982,53.0200005,52.3400002,5074400.0,47.637249
2019-10-21 00:00:00,53.4500008,53.1599998,53.4900017,52.9599991,4405300.0,48.3427277
2019-10-22 00:00:00,53.4700012,53.5900002,53.9700012,53.0200005,4429400.0,48.3608131
2019-10-23 00:00:00,53.4900017,53.3499985,53.6100006,53.1699982,2540500.0,48.3789024
2019-10-24 00:00:00,53.0499992,53.6199989,53.6399994,52.7900009,2304900.0,47.9809456
2019-10-25 00:00:00,53.5800018,52.9799995,53.8100014,52.9799995,2189300.0,48.4603004
2019-10-28 00:00:00,54.0,53.8800011,54.2000008,53.7099991,3999700.0,48.840168
2019-10-29 00:00:00,54.2400017,53.7900009,54.4099998,53.7000008,5472200.0,49.0572357
2019-10-30 00:00:00,53.6800003,54.0900002,54.0999985,53.5400009,4063400.0,48.5507469
2019-10-31 00:00:00,53.0499992,53.2900009,53.6800003,52.4799995,4361100.0,47.9809456
2019-11-01 00:00:00,54.0999985,53.6100006,54.1199989,53.4000015,3487300.0,48.9306145
2019-11-04 00:00:00,54.6100006,54.4399986,54.8199997,54.3800011,4964700.0,49.3918839
2019-11-05 00:00:00,55.3600006,54.8699989,55.6599998,54.8300018,5884700.0,50.0702209
2019-11-06 00:00:00,55.25,55.1800003,55.3600006,54.7900009,5577300.0,49.9707298
2019-11-07 00:00:00,54.7299995,55.0999985,55.5299988,54.5800018,5108600.0,49.9068947
2019-11-08 00:00:00,54.9399986,54.6100006,55.0200005,54.3199997,4185300.0,50.0983887
2019-11-11 00:00:00,54.2900009,54.4399986,54.6399994,54.1300011,3845400.0,49.5056686
2019-11-12 00:00:00,54.4399986,54.1500015,54.5400009,54.0400009,4328000.0,49.6424561
2019-11-13 00:00:00,54.3699989,53.9300003,54.6399994,53.5800018,5190700.0,49.5786247
2019-11-14 00:00:00,54.5999985,54.1800003,54.6800003,54.0,4157000.0,49.7883492
2019-11-15 00:00:00,54.6100006,54.9000015,54.9500008,54.4099998,5438400.0,49.7974739
2019-11-18 00:00:00,55.0099983,54.4599991,55.0499992,54.4599991,3980000.0,50.16222
2019-11-19 00:00:00,54.6899986,55.1500015,55.2000008,54.5,5822600.0,49.8704185
2019-11-20 00:00:00,54.4099998,54.4000015,54.6399994,53.9599991,4566700.0,49.6150932
2019-11-21 00:00:00,54.1800003,54.6699982,54.7099991,53.9199982,3551700.0,49.4053688
2019-11-22 00:00:00,54.6699982,54.3100014,55.0,54.1800003,2208800.0,49.8521805
2019-11-25 00:00:00,55.2000008,54.8300018,55.2599983,54.7000008,3860100.0,50.3354797
2019-11-26 00:00:00,54.4300003,55.0800018,55.0900002,54.1599998,3752600.0,49.6333313
2019-11-27 00:00:00,54.9199982,54.6800003,54.9799995,54.5499992,2399900.0,50.0801544
2019-11-29 00:00:00,54.7200012,54.8899994,55.0800018,54.6399994,1567100.0,49.8977776
2019-12-02 00:00:00,54.4099998,54.9900017,55.0600014,54.3199997,3293900.0,49.6150932
2019-12-03 00:00:00,53.2099991,53.7000008,53.7000008,52.7700005,4517100.0,48.5208397
2019-12-04 00:00:00,53.3100014,53.25,53.5099983,53.0699997,5437400.0,48.61203
2019-12-05 00:00:00,53.4900017,53.5,53.5900002,53.0400009,6088500.0,48.7761688
2019-12-06 00:00:00,54.2400017,54.1300011,54.6800003,54.0200005,25954300.0,49.460083
2019-12-09 00:00:00,54.7200012,54.9599991,54.9599991,54.2599983,7800900.0,49.8977776
2019-12-10 00:00:00,55.1199989,54.3800011,55.2599983,54.2700005,7020600.0,50.2625237
2019-12-11 00:00:00,53.6800003,55.1199989,55.2599983,53.6699982,7421200.0,48.9494286
2019-12-12 00:00:00,56.0800018,53.9700012,56.1899986,53.8400002,8978000.0,51.1379242
2019-12-13 00:00:00,56.0200005,56.1100006,56.6599998,55.6399994,7674400.0,51.0832176
2019-12-16 00:00:00,56.2200012,56.5299988,56.75,56.1100006,9003000.0,51.265583
2019-12-17 00:00:00,56.6699982,56.2799988,56.7700005,56.0299988,6770500.0,51.6759338
2019-12-18 00:00:00,56.3199997,56.7999992,56.9199982,56.2400017,10229900.0,51.356781
2019-12-19 00:00:00,56.1399994,56.3800011,56.5200005,55.8499985,5884200.0,51.1926384
2019-12-20 00:00:00,56.2999992,54.2900009,56.5999985,54.2900009,11611300.0,51.3385391
2019-12-23 00:00:00,56.2000008,56.5600014,56.5800018,56.0999985,4842600.0,51.2473488
2019-12-24 00:00:00,56.1599998,56.2999992,56.3499985,56.0400009,1785100.0,51.2108727
2019-12-26 00:00:00,56.7200012,56.2799988,56.7400017,56.1899986,2833600.0,51.7215233
2019-12-27 00:00:00,56.4799995,56.7700005,56.8100014,56.3400002,3232900.0,51.5026741
2019-12-30 00:00:00,56.4199982,56.7000008,56.8400002,56.3199997,3547400.0,51.4479599
2019-12-31 00:00:00,56.3199997,56.4399986,56.5900002,56.0699997,4090800.0,51.356781
2020-01-02 00:00:00,56.6699982,56.4099998,56.6800003,55.8800011,5607100.0,51.6759338
2020-01-03 00:00:00,56.2000008,56.1500015,56.2999992,55.6599998,4434300.0,51.2473488
2020-01-06 00:00:00,55.7299995,55.4900017,55.7999992,55.1500015,9669300.0,50.8187714
2020-01-07 00:00:00,55.4900017,55.6699982,55.6699982,55.0900002,5272800.0,50.599926
2020-01-08 00:00:00,55.6100006,55.4199982,55.8199997,55.3100014,6232700.0,50.7093468
2020-01-09 00:00:00,56.1800003,55.9099998,56.2200012,55.7099991,5700600.0,51.2291222
2020-01-10 00:00:00,55.9599991,56.3800011,56.5,55.7299995,5032600.0,51.0284996
2020-01-13 00:00:00,56.2200012,55.7999992,56.2299995,55.6899986,6121900.0,51.265583
2020-01-14 00:00:00,56.3600006,56.1800003,56.4900017,55.9099998,5214100.0,51.3932533
2020-01-15 00:00:00,55.1300011,55.9099998,56.1199989,54.9000015,5899900.0,50.2716446
2020-01-16 00:00:00,55.8600006,55.1899986,55.8699989,55.1899986,4493800.0,50.9373169
2020-01-17 00:00:00,56.2900009,56.2999992,56.3800011,55.8499985,5789200.0,51.329422
2020-01-21 00:00:00,56.2799988,56.0499992,56.5299988,55.8400002,6698600.0,51.3202972
2020-01-22 00:00:00,56.3400002,56.5,56.5,56.1300011,3952800.0,51.3750153
2020-01-23 00:00:00,56.3600006,55.9900017,56.3899994,55.2400017,4256400.0,51.3932533
2020-01-24 00:00:00,55.4799995,56.2999992,56.3499985,55.0200005,5520200.0,50.5908051
2020-01-27 00:00:00,54.6800003,54.5200005,54.9700012,54.3400002,5952300.0,49.8613052
2020-01-28 00:00:00,54.9599991,55.0099983,55.3899994,54.7400017,4390300.0,50.1166306
2020-01-29 00:00:00,53.8600006,55.0900002,55.25,53.6500015,5487500.0,49.1135635
2020-01-30 00:00:00,52.1300011,52.8499985,53.0999985,49.3699989,13251600.0,47.5360184
2020-01-31 00:00:00,51.5699997,51.8600006,51.8800011,51.2400017,7724900.0,47.0253716
2020-02-03 00:00:00,52.5,51.9799995,52.9399986,51.9700012,5448600.0,47.8734131
2020-02-04 00:00:00,53.1599998,53.4000015,53.9099998,53.0900002,4516900.0,48.4752502
2020-02-05 00:00:00,54.4300003,53.8199997,54.6800003,53.7799988,4896000.0,49.6333313
2020-02-06 00:00:00,54.1800003,54.6500015,54.8800011,53.7999992,4376900.0,49.4053688
2020-02-07 00:00:00,54.2700005,53.6699982,54.4000015,53.3300018,4123200.0,49.4874306
2020-02-10 00:00:00,54.3300018,53.8400002,54.4199982,53.8400002,2885000.0,49.5421524
2020-02-11 00:00:00,54.8100014,54.3699989,55.1199989,54.3699989,3769300.0,49.979847
2020-02-12 00:00:00,54.4399986,55.1899986,55.4700012,54.2099991,4264500.0,49.6424561
2020-02-13 00:00:00,54.8199997,53.9599991,54.9099998,53.7900009,4162700.0,50.4056168
2020-02-14 00:00:00,54.9399986,54.7999992,54.9700012,54.3899994,4074200.0,50.5159531
2020-02-18 00:00:00,54.0099983,54.6300011,54.7999992,53.5400009,4265800.0,49.6608391
2020-02-19 00:00:00,54.6100006,54.2599983,54.6500015,54.0499992,3414600.0,50.212532
2020-02-20 00:00:00,55.3100014,54.3899994,55.4399986,54.2299995,5185600.0,50.856163
2020-02-21 00:00:00,54.8499985,54.8300018,55.0999985,54.2400017,5640300.0,50.4332008
2020-02-24 00:00:00,53.7700005,53.6500015,54.3400002,53.2700005,7350700.0,49.4401627
2020-02-25 00:00:00,51.3100014,53.75,53.7799988,51.1500015,7233200.0,47.1782608
2020-02-26 00:00:00,50.7000008,51.7099991,52.2099991,50.6500015,6856800.0,46.6173782
2020-02-27 00:00:00,47.5499992,49.7900009,50.2299995,47.5400009,7471600.0,43.7210312
2020-02-28 00:00:00,46.1399994,46.0499992,46.9099998,44.9199982,10746600.0,42.424572
2020-03-02 00:00:00,48.8100014,48.0999985,48.8199997,45.6100006,8156400.0,44.8795738
2020-03-03 00:00:00,46.8899994,48.3899994,49.4000015,46.4399986,10348300.0,43.1141777
2020-03-04 00:00:00,47.3800011,47.2400017,47.5999985,45.8600006,9533200.0,43.564724
2020-03-05 00:00:00,43.6100006,45.4199982,45.5099983,43.0200005,12103800.0,40.0983009
2020-03-06 00:00:00,40.6699982,41.4900017,42.4900017,39.5499992,13966100.0,37.3950462
2020-03-09 00:00:00,34.5099983,36.4599991,37.9500008,33.8899994,15081800.0,31.7310829
2020-03-10 00:00:00,36.3400002,36.2299995,36.8699989,33.9300003,14818100.0,33.4137192
2020-03-11 00:00:00,33.6599998,35.0800018,35.4900017,33.3100014,11487700.0,30.9495277
2020-03-12 00:00:00,30.2199993,30.3199997,33.1599998,28.9400005,12378600.0,27.7865334
2020-03-13 00:00:00,33.8300018,32.7799988,34.1399994,30.6399994,12391400.0,31.1058388
2020-03-16 00:00:00,27.3700008,28.4699993,30.3199997,24.0100002,12016800.0,25.1660271
2020-03-17 00:00:00,29.2700005,28.2800007,29.7399998,25.9400005,14132600.0,26.9130306
2020-03-18 00:00:00,28.3199997,27.2299995,29.4699993,26.0400009,11291600.0,26.0395317
2020-03-19 00:00:00,29.9699993,27.6100006,32.0,26.5200005,10763100.0,27.5566597
2020-03-20 00:00:00,30.0400009,30.3099995,30.6900005,28.0,15605700.0,27.6210289
2020-03-23 00:00:00,25.6900005,28.0,29.1299992,25.5100002,12832500.0,23.6213112
2020-03-24 00:00:00,30.1200008,26.9300003,30.3899994,26.2299995,10396700.0,27.6945839
2020-03-25 00:00:00,30.6700001,30.0400009,32.0,28.8500004,13398800.0,28.2002945
2020-03-26 00:00:00,34.2799988,30.8299999,34.6699982,30.5400009,10238300.0,31.5195999
2020-03-27 00:00:00,33.2700005,32.4900017,34.7599983,32.2599983,8639500.0,30.5909309
2020-03-30 00:00:00,32.5600014,33.1599998,33.5299988,31.6800003,7813100.0,29.9381065
2020-03-31 00:00:00,30.8400002,31.8099995,32.4300003,30.2099991,8324700.0,28.3566093
2020-04-01 00:00:00,28.4699993,28.6000004,29.2900009,28.0900002,9102300.0,26.1774502
2020-04-02 00:00:00,28.4799995,28.2900009,29.6100006,27.6299992,8909100.0,26.1866474
2020-04-03 00:00:00,27.2099991,28.2399998,28.5699997,26.4099998,9002000.0,25.0189133
2020-04-06 00:00:00,29.7700005,29.1499996,30.3899994,28.4599991,11721400.0,27.3727703
2020-04-07 00:00:00,30.5900002,31.9200001,32.3300018,30.4200001,11735700.0,28.1267395
2020-04-08 00:00:00,32.7000008,31.0400009,32.9399986,30.8799992,8369500.0,30.0668316
2020-04-09 00:00:00,36.1100006,33.7200012,36.1199989,33.5499992,9659800.0,33.2022476
2020-04-13 00:00:00,33.9399986,36.0600014,36.1399994,33.6899986,7753400.0,31.2069798
2020-04-14 00:00:00,33.3600006,34.7299995,35.2000008,32.7900009,6447400.0,30.6736794
2020-04-15 00:00:00,31.3099995,31.6900005,32.1199989,31.1499996,8380600.0,28.7887611
2020-04-16 00:00:00,29.6399994,31.5200005,31.5200005,29.2399998,5858800.0,27.2532368
2020-04-17 00:00:00,33.4000015,30.8999996,33.5,30.8400002,8133200.0,30.7104664
2020-04-20 00:00:00,34.1300011,33.5,35.0800018,32.7700005,8271300.0,31.3816776
2020-04-21 00:00:00,34.0299988,33.9099998,34.5699997,33.0900002,7740700.0,31.289732
2020-04-22 00:00:00,34.0,34.5600014,35.1399994,33.6800003,7737700.0,31.262146
2020-04-23 00:00:00,34.2900009,34.0600014,35.1800003,34.0600014,4777600.0,31.5287991
2020-04-24 00:00:00,35.4799995,34.5900002,35.8100014,34.2299995,6264300.0,32.6229706
2020-04-27 00:00:00,37.4700012,35.5999985,37.7400017,35.2400017,6375000.0,34.4527321
2020-04-28 00:00:00,37.5200005,38.8499985,39.6399994,37.4599991,7587700.0,34.4986992
2020-04-29 00:00:00,39.2000008,38.6599998,39.7799988,37.8400002,7180600.0,36.0434189
2020-04-30 00:00:00,37.3199997,37.9099998,38.2400017,36.9700012,5546800.0,34.3148079
2020-05-01 00:00:00,35.4399986,36.1899986,36.3800011,34.9700012,5396100.0,32.5861931
2020-05-04 00:00:00,35.5600014,34.8800011,35.6500015,34.2599983,5903200.0,32.6965294
2020-05-05 00:00:00,35.25,36.0699997,36.7900009,35.1899986,5608100.0,32.4114876
2020-05-06 00:00:00,34.3100014,35.5299988,35.7000008,34.2900009,4436900.0,31.5471878
2020-05-07 00:00:00,35.2400017,34.75,36.5699997,34.75,5356200.0,32.402298
2020-05-08 00:00:00,36.2400017,36.2799988,36.5999985,35.5600014,4282600.0,33.3217697
2020-05-11 00:00:00,34.4199982,35.6399994,35.6399994,33.9900017,4972500.0,31.6483212
2020-05-12 00:00:00,33.0600014,34.5900002,34.9700012,32.9799995,6982500.0,30.3978405
2020-05-13 00:00:00,31.6299992,32.7099991,32.9099998,30.6200008,9941400.0,29.0829906
2020-05-14 00:00:00,32.0600014,30.6900005,32.3499985,29.8700008,8855100.0,29.9038105
2020-05-15 00:00:00,31.3500004,31.5300007,32.1300011,31.1900005,7437100.0,29.2415581
2020-05-18 00:00:00,34.1500015,33.0499992,34.4300003,32.9000015,6456800.0,31.8532467
2020-05-19 00:00:00,32.3400002,33.4799995,33.7799988,32.3199997,5837500.0,30.1649761
2020-05-20 00:00:00,33.7700005,33.0800018,33.9599991,33.0499992,5373600.0,31.4987984
2020-05-21 00:00:00,33.4700012,33.3199997,34.1599998,33.2799988,4933900.0,31.2189789
2020-05-22 00:00:00,33.2900009,33.4900017,33.8199997,32.7599983,4227500.0,31.0510864
2020-05-26 00:00:00,36.1899986,35.1899986,36.9399986,34.7999992,7618400.0,33.7560387
2020-05-27 00:00:00,39.5,39.3600006,39.7400017,37.8300018,8391500.0,36.8434296
2020-05-28 00:00:00,38.1500015,40.2200012,40.2999992,37.7599983,8036200.0,35.5842209
2020-05-29 00:00:00,36.7799988,37.4300003,37.7400017,36.2799988,8674700.0,34.3063583
2020-06-01 00:00:00,38.0600014,37.0699997,38.4399986,36.8400002,6065900.0,35.5002785
2020-06-02 00:00:00,37.6100006,38.5600014,38.8699989,37.25,7844600.0,35.0805397
2020-06-03 00:00:00,39.9700012,39.0,40.2299995,38.5099983,5780900.0,37.2818184
2020-06-04 00:00:00,41.8699989,39.6599998,41.8800011,39.3600006,6255800.0,39.0540352
2020-06-05 00:00:00,44.3100014,45.2000008,45.7999992,43.4099998,10788000.0,41.329937
2020-06-08 00:00:00,46.3699989,45.3600006,46.5299988,45.2700005,10430300.0,43.2513847
2020-06-09 00:00:00,44.6800003,44.6100006,45.4099998,44.0699997,9148600.0,41.6750488
2020-06-10 00:00:00,41.5099983,44.25,44.5400009,41.5,9845200.0,38.7182426
2020-06-11 00:00:00,37.4799995,38.2999992,39.2700005,37.4500008,11823700.0,34.9592857
2020-06-12 00:00:00,39.4700012,40.0900002,40.0900002,37.5699997,7954500.0,36.8154488
2020-06-15 00:00:00,39.8300018,37.5,39.8899994,37.4000015,7428600.0,37.1512375
2020-06-16 00:00:00,41.0699997,41.8499985,41.9599991,39.7799988,6766500.0,38.3078384
2020-06-17 00:00:00,40.2799988,41.4000015,41.4799995,40.2000008,3942200.0,37.5709724
2020-06-18 00:00:00,40.5,39.6800003,41.1100006,39.5099983,3814100.0,37.7761765
2020-06-19 00:00:00,39.3400002,41.4500008,41.4500008,39.1899986,13507600.0,36.694191
2020-06-22 00:00:00,39.5299988,38.7299995,39.7900009,38.5900002,4237900.0,36.8714104
2020-06-23 00:00:00,40.0400009,40.2000008,40.8699989,39.8199997,4378500.0,37.3471146
2020-06-24 00:00:00,37.6599998,39.1100006,39.3600006,37.5200005,7135400.0,35.1271782
2020-06-25 00:00:00,38.5499992,37.4300003,38.8499985,37.2200012,5934500.0,35.957325
2020-06-26 00:00:00,35.9500008,37.5400009,37.6699982,35.6599998,9392700.0,33.5321846
2020-06-29 00:00:00,36.7400017,36.7000008,37.3800011,36.1800003,4903500.0,34.2690506
2020-06-30 00:00:00,37.5499992,36.3300018,37.8699989,36.3300018,7230500.0,35.0245743
2020-07-01 00:00:00,36.4099998,37.8199997,37.8899994,36.3300018,6076300.0,33.9612503
2020-07-02 00:00:00,36.4199982,37.5400009,38.0900002,36.3899994,5578500.0,33.9705734
2020-07-06 00:00:00,36.6899986,37.4700012,37.9300003,36.3699989,3787800.0,34.2224159
2020-07-07 00:00:00,35.2999992,36.0999985,36.1300011,35.0600014,6080300.0,32.9258957
2020-07-08 00:00:00,35.3199997,35.1300011,35.8499985,34.6300011,5017500.0,32.9445572
2020-07-09 00:00:00,33.6100006,35.0099983,35.1199989,33.4700012,4815700.0,31.3495617
2020-07-10 00:00:00,35.2000008,33.6100006,35.2599983,33.6100006,4393200.0,32.8326263
2020-07-13 00:00:00,35.6100006,35.6300011,36.0699997,34.75,6138800.0,33.2150536
2020-07-14 00:00:00,35.1800003,35.4900017,36.0200005,34.6399994,6329500.0,32.8139687
2020-07-15 00:00:00,36.9300003,36.2799988,37.2000008,35.9000015,6954400.0,34.4462776
2020-07-16 00:00:00,37.2200012,36.9500008,37.9399986,36.0800018,5062400.0,34.7167702
2020-07-17 00:00:00,36.2999992,37.1500015,37.25,36.2900009,4440500.0,33.8586426
2020-07-20 00:00:00,35.7200012,36.1599998,36.2599983,35.5900002,2793200.0,33.3176575
2020-07-21 00:00:00,37.25,35.9399986,37.5499992,35.9399986,5086300.0,34.7447548
2020-07-22 00:00:00,37.1699982,36.4199982,37.2200012,36.2400017,5834200.0,34.6701317
2020-07-23 00:00:00,37.9000015,36.9199982,38.0699997,36.8400002,4311400.0,35.3510399
2020-07-24 00:00:00,37.7400017,38.1599998,38.3300018,37.4099998,3966300.0,35.2018013
2020-07-27 00:00:00,36.6699982,37.25,37.4799995,36.3499985,4229900.0,34.2037582
2020-07-28 00:00:00,36.8699989,36.3699989,37.1899986,36.3400002,3361900.0,34.3903084
2020-07-29 00:00:00,38.3400002,36.7200012,38.4099998,36.4900017,4406000.0,35.7614517
2020-07-30 00:00:00,37.2400017,37.1100006,37.3499985,36.1899986,3519100.0,34.735424
2020-07-31 00:00:00,37.4599991,37.1199989,37.5,36.5699997,5053000.0,34.9406319
2020-08-03 00:00:00,37.7700005,37.4000015,38.0299988,36.8600006,4142100.0,35.2297821
2020-08-04 00:00:00,37.1800003,37.7799988,37.9599991,36.7799988,4716600.0,34.6794662
2020-08-05 00:00:00,37.6599998,37.5,37.9300003,37.3800011,3480100.0,35.1271782
2020-08-06 00:00:00,37.5499992,37.3499985,37.8499985,37.1399994,3110500.0,35.0245743
2020-08-07 00:00:00,39.0600014,37.2299995,39.1100006,37.0,3777800.0,36.4330254
2020-08-10 00:00:00,39.4199982,39.1800003,40.0800018,39.1199989,3803900.0,36.7688141
2020-08-11 00:00:00,40.7000008,41.2000008,42.0400009,40.4500008,7344200.0,37.9627228
2020-08-12 00:00:00,40.8100014,41.6100006,41.7900009,40.1199989,10482500.0,38.0653267
2020-08-13 00:00:00,38.8199997,39.6899986,39.8800011,38.5400009,4911300.0,36.6128845
2020-08-14 00:00:00,39.5,38.5,39.9500008,38.2999992,3620200.0,37.2542191
2020-08-17 00:00:00,38.7400017,39.1399994,39.3899994,38.5200005,3264100.0,36.5374336
2020-08-18 00:00:00,37.9099998,38.8600006,38.8899994,37.7799988,2638600.0,35.7546196
2020-08-19 00:00:00,37.9500008,38.1500015,38.7700005,37.7799988,3700600.0,35.7923431
2020-08-20 00:00:00,37.2099991,37.3199997,37.7400017,36.8899994,2921600.0,35.0944252
2020-08-21 00:00:00,36.9099998,37.1500015,37.5299988,36.7599983,3193700.0,34.8114777
2020-08-24 00:00:00,38.6500015,37.0800018,38.6699982,36.8800011,4001400.0,36.452549
2020-08-25 00:00:00,38.8199997,39.3300018,39.5299988,38.3300018,3363000.0,36.6128845
2020-08-26 00:00:00,37.8699989,38.4599991,38.5800018,37.8600006,3159000.0,35.7168922
2020-08-27 00:00:00,39.2099991,37.9199982,39.4599991,37.8199997,3525100.0,36.9807091
2020-08-28 00:00:00,39.5900002,39.5800018,39.6300011,39.0,2979500.0,37.3390961
2020-08-31 00:00:00,38.8100014,39.5200005,39.5800018,38.7099991,3807300.0,36.6034546
2020-09-01 00:00:00,39.1699982,38.75,39.5600014,38.1300011,4672800.0,36.9429779
2020-09-02 00:00:00,39.4099998,38.8699989,39.7200012,38.6199989,6730600.0,37.1693344
2020-09-03 00:00:00,38.6100006,39.8199997,41.0400009,38.4399986,7440600.0,36.4148216
2020-09-04 00:00:00,39.1599998,39.75,40.0999985,38.5800018,8359600.0,36.933548
2020-09-08 00:00:00,37.9099998,38.6899986,38.7799988,37.1599998,7760300.0,35.7546196
2020-09-09 00:00:00,37.8300018,38.2000008,38.3600006,37.4399986,5423200.0,35.6791649
2020-09-10 00:00:00,37.2099991,38.0099983,38.4599991,37.1699982,4210700.0,35.0944252
2020-09-11 00:00:00,38.2299995,37.3199997,38.2400017,37.0499992,4706100.0,36.056427
2020-09-14 00:00:00,39.7599983,38.4799995,39.8899994,38.3600006,5402300.0,37.4994392
2020-09-15 00:00:00,39.4099998,39.6599998,39.7400017,38.9399986,5804600.0,37.1693344
2020-09-16 00:00:00,40.25,39.2200012,40.6599998,38.9799995,5211200.0,37.9615822
2020-09-17 00:00:00,39.2599983,39.5299988,40.0400009,39.0099983,5511900.0,37.0278664
2020-09-18 00:00:00,39.1599998,38.9900017,39.6300011,38.8499985,6460000.0,36.933548
2020-09-21 00:00:00,37.3400002,38.0,38.3199997,36.7799988,6251600.0,35.2170296
2020-09-22 00:00:00,36.25,37.1399994,37.7000008,35.9199982,4628300.0,34.189003
2020-09-23 00:00:00,35.4300003,36.5800018,37.1500015,35.4300003,4605000.0,33.4156227
2020-09-24 00:00:00,35.4700012,35.8100014,36.3400002,35.0900002,4114600.0,33.4533501
2020-09-25 00:00:00,36.1699982,35.0099983,36.2299995,34.8600006,3570100.0,34.1135483
2020-09-28 00:00:00,37.4500008,36.8199997,37.7999992,36.7299995,5055400.0,35.3207779
2020-09-29 00:00:00,37.0099983,37.2999992,37.2999992,36.2400017,5172100.0,34.9057884
2020-09-30 00:00:00,38.0499992,37.0400009,38.2400017,37.0,7952500.0,35.8866615
2020-10-01 00:00:00,38.75,38.1800003,38.8600006,37.8600006,8545300.0,36.5468597
2020-10-02 00:00:00,39.9799995,38.1300011,40.2400017,37.9399986,6899800.0,37.7069321
2020-10-05 00:00:00,41.2400017,40.4199982,41.4000015,40.4099998,5296700.0,38.8952904
2020-10-06 00:00:00,40.8199997,41.6300011,42.6699982,40.6500015,5845800.0,38.4991722
2020-10-07 00:00:00,42.0299988,41.4300003,42.6800003,41.4300003,6073700.0,39.640377
2020-10-08 00:00:00,43.0600014,42.3699989,43.1599998,42.0499992,4893500.0,40.6118202
2020-10-09 00:00:00,43.2099991,43.3600006,43.4599991,42.5,5933300.0,40.7532883
2020-10-12 00:00:00,43.4599991,43.0299988,43.6199989,42.8300018,5250800.0,40.9890747
2020-10-13 00:00:00,42.5999985,43.1100006,43.3400002,42.3800011,5186600.0,40.1779671
2020-10-14 00:00:00,42.2299995,42.8499985,43.1100006,42.0999985,6381900.0,39.8290024
2020-10-15 00:00:00,42.1100006,42.9700012,43.0,41.0,6180200.0,39.7158356
2020-10-16 00:00:00,41.6500015,42.0800018,42.2000008,40.9399986,4698700.0,39.2819824
2020-10-19 00:00:00,41.5699997,41.8199997,42.3300018,41.3800011,3578600.0,39.2065353
2020-10-20 00:00:00,42.0900002,42.0200005,43.2000008,41.9599991,4306500.0,39.6969681
2020-10-21 00:00:00,41.9000015,41.7200012,42.1899986,41.5499992,5700300.0,39.5177727
2020-10-22 00:00:00,43.4500008,41.7999992,43.5299988,41.7700005,3894200.0,40.9796448
2020-10-23 00:00:00,43.9399986,43.8899994,44.4000015,43.1699982,3534300.0,41.4417801
2020-10-26 00:00:00,43.0299988,43.1300011,43.3100014,42.5299988,4871300.0,40.5835228
2020-10-27 00:00:00,41.7299995,42.7799988,42.9199982,41.7099991,4024200.0,39.3574295
2020-10-28 00:00:00,41.1199989,40.5600014,41.7700005,40.5200005,7172200.0,38.7821159
2020-10-29 00:00:00,41.8499985,40.7900009,42.1199989,40.0499992,4418800.0,39.4706116
2020-10-30 00:00:00,42.1199989,41.7000008,42.1800003,41.2200012,5415000.0,39.7252617
2020-11-02 00:00:00,43.4799995,42.7599983,43.7700005,42.0900002,6478000.0,41.0079346
2020-11-03 00:00:00,44.7599983,44.7299995,45.1800003,44.1899986,5812000.0,42.2151604
2020-11-04 00:00:00,42.6800003,43.2599983,43.8899994,41.9799995,5209300.0,40.2534218
2020-11-05 00:00:00,44.9300003,42.7000008,45.2099991,42.6599998,6606400.0,42.3754997
2020-11-06 00:00:00,42.9900017,45.2000008,45.2000008,42.8100014,4892500.0,40.5457993
2020-11-09 00:00:00,48.5200005,47.4199982,49.7200012,47.4000015,10476500.0,45.7613869
2020-11-10 00:00:00,49.0400009,47.4399986,49.3199997,46.9799995,6279300.0,46.2518196
2020-11-11 00:00:00,48.8199997,49.2000008,49.2799988,47.9099998,5777100.0,46.0443344
2020-11-12 00:00:00,46.3300018,47.2700005,47.6300011,45.6300011,4603400.0,44.1024208
2020-11-13 00:00:00,47.1899986,46.5099983,47.6500015,46.5,4788100.0,44.9210663
2020-11-16 00:00:00,48.5699997,49.0,49.1500015,48.0699997,5958600.0,46.2347107
2020-11-17 00:00:00,48.1699982,47.6199989,48.3199997,47.0699997,5144900.0,45.8539467
2020-11-18 00:00:00,47.4500008,48.3300018,48.8800011,47.4399986,5331600.0,45.1685677
2020-11-19 00:00:00,46.9000015,46.7000008,47.0299988,46.1500015,6361000.0,44.6450119
2020-11-20 00:00:00,46.2099991,46.7299995,46.8899994,46.0699997,6019000.0,43.9881859
2020-11-23 00:00:00,46.9799995,47.0,47.2400017,46.4500008,4683000.0,44.7211685
2020-11-24 00:00:00,48.9700012,48.0999985,49.1500015,48.0,6587600.0,46.6154861
2020-11-25 00:00:00,48.5099983,48.3800011,48.7999992,47.6399994,4010200.0,46.1775932
2020-11-27 00:00:00,48.5,48.6100006,49.0299988,48.1699982,2898500.0,46.1680794
2020-11-30 00:00:00,46.4199982,48.1800003,48.4900017,46.3600006,6850300.0,44.1880875
2020-12-01 00:00:00,47.5200005,47.8499985,48.2599983,47.2999992,6260100.0,45.235199
2020-12-02 00:00:00,47.5600014,47.1399994,47.7200012,46.8300018,5015900.0,45.2732811
2020-12-03 00:00:00,47.4099998,47.6500015,47.7799988,46.9599991,4782400.0,45.1304855
2020-12-04 00:00:00,48.2299995,47.6500015,48.3100014,47.4099998,4872000.0,45.9110603
2020-12-07 00:00:00,47.8600006,47.6699982,48.1399994,47.1399994,3858000.0,45.5588531
2020-12-08 00:00:00,47.7099991,47.5900002,48.0600014,47.2200012,3797100.0,45.4160614
2020-12-09 00:00:00,47.8800011,48.1899986,48.3199997,47.5800018,5539900.0,45.5778923
2020-12-10 00:00:00,47.9500008,47.1899986,48.1300011,47.0600014,8441500.0,45.6445274
2020-12-11 00:00:00,47.0099983,47.1399994,47.3100014,46.6899986,4503100.0,44.7497215
2020-12-14 00:00:00,45.9099998,47.6800003,47.6800003,45.7900009,6202500.0,43.7026138
2020-12-15 00:00:00,46.7200012,46.2700005,46.9399986,45.7200012,5110800.0,44.4736671
2020-12-16 00:00:00,47.2299995,46.7200012,47.2700005,46.4000015,7242000.0,44.9591408
2020-12-17 00:00:00,47.0999985,47.1100006,47.2900009,46.2999992,7794700.0,44.835392
2020-12-18 00:00:00,45.9000015,46.9900017,47.0999985,45.5600014,10492700.0,43.6930923
2020-12-21 00:00:00,46.3199997,46.0900002,46.6199989,45.4399986,6891100.0,44.0928955
2020-12-22 00:00:00,46.0299988,46.6699982,46.7599983,45.9599991,4526900.0,43.8168411
2020-12-23 00:00:00,47.2900009,46.5999985,47.5699997,46.3100014,5170900.0,45.0162659
2020-12-24 00:00:00,46.9900017,47.5,47.5,46.7000008,2276200.0,44.73069
2020-12-28 00:00:00,47.5299988,47.3199997,47.8400002,47.0200005,3532600.0,45.2447205
2020-12-29 00:00:00,46.7200012,47.5499992,47.6599998,46.5800018,2791900.0,44.4736671
2020-12-30 00:00:00,47.3699989,46.9599991,47.5200005,46.8300018,2931900.0,45.092411
2020-12-31 00:00:00,47.9300003,47.4099998,48.0,46.9700012,3559600.0,45.6254883
2021-01-04 00:00:00,47.1800003,48.25,48.3600006,46.7099991,6314900.0,44.9115486
2021-01-05 00:00:00,47.5,47.2799988,47.9599991,46.7099991,6814200.0,45.2161598
2021-01-06 00:00:00,50.0,49.2000008,51.0800018,48.6500015,12915600.0,47.5959625
2021-01-07 00:00:00,51.4900017,50.0,51.6800003,49.9799995,8188400.0,49.0143204
2021-01-08 00:00:00,50.6500015,51.4399986,51.4399986,49.8699989,4703200.0,48.2147064
2021-01-11 00:00:00,50.9399986,50.1199989,50.9900017,49.6300011,5008800.0,48.4907646
2021-01-12 00:00:00,52.25,51.4300003,52.4799995,51.0099983,4739300.0,49.7377739
2021-01-13 00:00:00,52.0800018,51.9399986,52.2799988,51.1500015,4780800.0,49.5759506
2021-01-14 00:00:00,53.1399994,52.4199982,53.4900017,52.3100014,6217300.0,50.5849876
2021-01-15 00:00:00,51.9700012,52.1899986,52.5999985,51.4000015,4901700.0,49.4712486
2021-01-19 00:00:00,52.1500015,52.2999992,52.4000015,51.6199989,6604300.0,49.6425858
2021-01-20 00:00:00,51.6300011,51.9799995,52.0,51.2200012,6584100.0,49.1475906
2021-01-21 00:00:00,51.0699997,51.2999992,52.4700012,50.7200012,6039900.0,48.6145134
2021-01-22 00:00:00,51.1800003,50.2200012,51.4099998,50.1300011,4132700.0,48.7192268
2021-01-25 00:00:00,51.0499992,51.0,51.2700005,50.0099983,5261400.0,48.5954704
2021-01-26 00:00:00,50.2400017,51.5999985,51.7000008,50.2299995,3623900.0,47.8244209
2021-01-27 00:00:00,48.3899994,49.2099991,49.5200005,48.2599983,5679700.0,46.0633736
2021-01-28 00:00:00,49.1500015,49.0800018,49.8699989,48.6100006,5337100.0,46.7868271
2021-01-29 00:00:00,47.9799995,48.8800011,49.6100006,47.6899986,6970400.0,45.6730843
2021-02-01 00:00:00,48.3800011,48.3100014,48.5099983,47.7099991,5428200.0,46.0538559
2021-02-02 00:00:00,50.2099991,49.0600014,50.5999985,48.8400002,4874700.0,47.7958641
2021-02-03 00:00:00,51.5200005,49.7900009,51.6399994,49.7000008,6100900.0,49.0428772
2021-02-04 00:00:00,53.3699989,51.8300018,53.5999985,51.7299995,5085900.0,50.8039284
2021-02-05 00:00:00,52.6899986,53.8499985,54.0,52.6100006,5194500.0,50.1566162
2021-02-08 00:00:00,52.9700012,52.9000015,53.0699997,52.4799995,5903000.0,50.4231606
2021-02-09 00:00:00,53.3699989,52.7299995,53.5,52.4700012,3552200.0,50.8039284
2021-02-10 00:00:00,53.7099991,53.6699982,54.4500008,53.4000015,4526000.0,51.1275826
2021-02-11 00:00:00,52.7799988,53.2900009,53.7299995,52.2200012,3569500.0,50.6667938
2021-02-12 00:00:00,54.0099983,52.5999985,54.1100006,52.4900017,4555200.0,51.8475494
2021-02-16 00:00:00,55.6500015,54.5699997,56.0200005,54.25,6221100.0,53.4218941
2021-02-17 00:00:00,55.6500015,55.0600014,56.0099983,55.0600014,4144600.0,53.4218941
2021-02-18 00:00:00,55.8300018,55.2599983,55.9399986,55.0200005,5346100.0,53.5946846
2021-02-19 00:00:00,57.5800018,56.25,57.7599983,56.0499992,6427300.0,55.2746162
2021-02-22 00:00:00,59.0699997,57.5,59.2700005,57.4799995,8987100.0,56.7049599
2021-02-23 00:00:00,58.7299995,59.7999992,59.8899994,58.0499992,7391200.0,56.3785706
2021-02-24 00:00:00,60.1699982,59.0,60.7999992,58.9099998,7776900.0,57.7609138
2021-02-25 00:00:00,58.6300011,61.0,61.2599983,58.4300003,5775900.0,56.2825775
2021-02-26 00:00:00,56.9599991,58.2400017,58.6100006,56.8600006,10838100.0,54.6794357
2021-03-01 00:00:00,58.8100014,58.2599983,59.2799988,58.0600014,4814100.0,56.455368
2021-03-02 00:00:00,58.2599983,58.4300003,59.0299988,58.1599998,5087500.0,55.9273872
2021-03-03 00:00:00,58.4900017,58.5,59.6199989,58.3499985,6178900.0,56.1481857
2021-03-04 00:00:00,57.3800011,58.3199997,58.7999992,56.2900009,5960900.0,55.0826225
2021-03-05 00:00:00,58.7200012,59.0200005,59.2200012,56.8300018,6149000.0,56.3689766
2021-03-08 00:00:00,59.7099991,59.5800018,60.6599998,58.9799995,6833200.0,57.3193321
2021-03-09 00:00:00,58.25,58.8199997,59.2700005,57.5299988,5807700.0,55.9177933
2021-03-10 00:00:00,58.7999992,58.3800011,59.2700005,58.0800018,6963800.0,56.4457703
2021-03-11 00:00:00,58.9099998,58.2900009,59.1300011,57.8699989,9149800.0,56.5513649
2021-03-12 00:00:00,59.9199982,60.0,60.2799988,59.3800011,4388100.0,57.5209274
2021-03-15 00:00:00,59.4799995,59.8600006,60.0,58.6500015,6235800.0,57.0985413
2021-03-16 00:00:00,58.2400017,57.8800011,58.6800003,57.3100014,5585200.0,55.9081917
2021-03-17 00:00:00,58.5800018,58.9099998,59.3699989,57.9199982,5411400.0,56.234581
2021-03-18 00:00:00,59.3300018,59.4799995,60.9099998,59.0600014,6257100.0,56.9545479
2021-03-19 00:00:00,58.5400009,58.25,59.25,57.0699997,14524400.0,56.1961823
2021-03-22 00:00:00,57.4700012,57.8600006,58.0699997,57.0099983,5349900.0,55.1690216
2021-03-23 00:00:00,56.0800018,56.9099998,57.4399986,55.9599991,5296600.0,53.8346786
2021-03-24 00:00:00,55.8199997,56.7700005,57.2999992,55.7999992,7361000.0,53.5850792
2021-03-25 00:00:00,57.4900017,55.9500008,57.6699982,55.2799988,7007300.0,55.1882172
2021-03-26 00:00:00,59.3499985,58.5999985,59.5400009,58.2799988,9944700.0,56.9737473
2021-03-29 00:00:00,57.3100014,58.4399986,58.5400009,57.0099983,5700800.0,55.0154305
2021-03-30 00:00:00,58.7799988,57.8800011,59.0499992,57.8300018,5178000.0,56.4265709
2021-03-31 00:00:00,58.3199997,58.6100006,59.0200005,58.1300011,6100300.0,55.9849892
2021-04-01 00:00:00,59.0499992,58.2999992,59.0600014,58.1100006,4654400.0,56.6857605
2021-04-05 00:00:00,59.1500015,59.7099991,60.1300011,58.7700005,4866300.0,56.7817574
2021-04-06 00:00:00,59.1300011,58.9700012,59.3600006,58.5200005,3359100.0,56.762558
2021-04-07 00:00:00,59.4300003,59.3600006,59.6699982,58.8400002,3245100.0,57.0505486
2021-04-08 00:00:00,59.25,58.8899994,59.4199982,58.0699997,4524000.0,56.8777542
2021-04-09 00:00:00,60.0200005,59.7099991,60.2700005,59.5099983,4247400.0,57.6169281
2021-04-12 00:00:00,60.1899986,60.1100006,60.4199982,59.8499985,4200200.0,57.780117
2021-04-13 00:00:00,58.9799995,59.6699982,59.7799988,58.4900017,4393400.0,56.6185646
2021-04-14 00:00:00,59.6899986,58.6199989,60.3199997,58.6199989,4817500.0,57.3001404
2021-04-15 00:00:00,57.2200012,58.9599991,59.1100006,56.5200005,9229100.0,54.9290352
2021-04-16 00:00:00,57.8400002,57.7999992,58.0999985,57.0900002,5864300.0,55.5242081
2021-04-19 00:00:00,57.4000015,58.1599998,58.1599998,57.2799988,4857800.0,55.1018257
2021-04-20 00:00:00,55.75,56.9300003,57.1199989,55.4900017,6985300.0,53.5178871
2021-04-21 00:00:00,56.7700005,55.3600006,56.7999992,55.1599998,6078400.0,54.4970474
2021-04-22 00:00:00,55.8600006,56.7200012,56.8199997,55.8300018,6466600.0,53.6234818
2021-04-23 00:00:00,57.6199989,55.7700005,57.9500008,55.6599998,6461700.0,55.313015
2021-04-26 00:00:00,57.7200012,58.0200005,58.6500015,57.6500015,4354900.0,55.4090157
2021-04-27 00:00:00,58.2999992,57.8300018,58.4199982,57.6300011,4840600.0,55.965786
2021-04-28 00:00:00,58.9399986,58.5299988,59.2299995,58.4199982,4543600.0,56.580162
2021-04-29 00:00:00,59.9300003,59.6500015,60.2099991,59.4599991,5050900.0,57.530529
2021-04-30 00:00:00,59.3100014,59.5099983,60.0200005,59.0499992,5683800.0,56.9353561
2021-05-03 00:00:00,59.1899986,60.0099983,60.2200012,59.0200005,4265600.0,56.8201561
2021-05-04 00:00:00,60.0,58.7799988,60.1300011,58.2700005,8276300.0,57.5977211
2021-05-05 00:00:00,60.5999985,59.9799995,60.8899994,59.5,5051000.0,58.1736984
2021-05-06 00:00:00,61.0499992,61.0,61.0999985,59.9099998,4109500.0,58.6056862
2021-05-07 00:00:00,61.5699997,59.9199982,61.6599998,59.7299995,3926600.0,59.1048622
2021-05-10 00:00:00,60.8899994,61.5699997,62.0999985,60.8800011,4527400.0,58.452095
2021-05-11 00:00:00,60.4900017,60.5999985,61.6100006,60.0800018,5025300.0,58.0681076
2021-05-12 00:00:00,59.6100006,61.1199989,61.4300003,59.4500008,5269500.0,57.2233391
2021-05-13 00:00:00,60.5699997,58.75,60.9700012,58.6899986,4901600.0,58.5871811
2021-05-14 00:00:00,61.6399994,60.9900017,61.8100014,60.5699997,4229600.0,59.6221542
2021-05-17 00:00:00,62.0200005,61.4900017,62.1500015,61.2400017,5156500.0,59.9897194
2021-05-18 00:00:00,61.1899986,62.0499992,62.6899986,61.1500015,5024700.0,59.186882
2021-05-19 00:00:00,60.3800011,60.5900002,60.7400017,59.5200005,10376700.0,58.4034004
2021-05-20 00:00:00,60.2599983,60.3300018,60.6500015,59.3800011,4588000.0,58.2873306
2021-05-21 00:00:00,60.8800011,60.6599998,61.4199982,60.4199982,4110200.0,58.8870354
2021-05-24 00:00:00,61.2099991,61.2299995,61.5699997,60.7000008,3280900.0,59.2062263
2021-05-25 00:00:00,60.0600014,61.3800011,61.9799995,60.0,4050300.0,58.0938759
2021-05-26 00:00:00,60.6199989,60.6500015,60.9799995,59.8699989,4775700.0,58.63554
2021-05-27 00:00:00,62.1399994,61.5400009,62.3400002,61.1300011,14971900.0,60.1057854
2021-05-28 00:00:00,61.7799988,61.8300018,62.0299988,60.8300018,6162100.0,59.7575684
2021-06-01 00:00:00,61.5,62.2000008,62.5900002,61.4399986,6068600.0,59.4867401
2021-06-02 00:00:00,60.7799988,61.6399994,61.7799988,60.7599983,5667200.0,58.7903061
2021-06-03 00:00:00,60.7999992,60.9000015,61.6100006,60.4700012,6215200.0,58.8096466
2021-06-04 00:00:00,60.1899986,60.7200012,60.7599983,59.6100006,7871000.0,58.2196198
2021-06-07 00:00:00,60.0600014,60.3800011,60.5099983,59.6599998,6097200.0,58.0938759
2021-06-08 00:00:00,59.8300018,59.6100006,60.1500015,59.0900002,5060500.0,57.8714066
2021-06-09 00:00:00,58.4500008,59.3499985,59.3600006,58.4099998,5201600.0,56.5365829
2021-06-10 00:00:00,57.8300018,59.1599998,59.3400002,57.7900009,6417400.0,55.9368782
2021-06-11 00:00:00,57.9900017,57.9500008,58.3800011,57.75,4164800.0,56.0916405
2021-06-14 00:00:00,56.6899986,57.8499985,58.0400009,56.3199997,7444200.0,54.834198
2021-06-15 00:00:00,57.2099991,56.9799995,57.5400009,56.3699989,5578300.0,55.3371696
2021-06-16 00:00:00,57.7999992,56.7599983,58.3199997,56.1699982,6412700.0,55.907856
2021-06-17 00:00:00,54.3300018,58.2200012,58.2200012,54.2799988,8196800.0,52.5514565
2021-06-18 00:00:00,52.8100014,53.2200012,53.6300011,52.6100006,13044500.0,51.0812149
2021-06-21 00:00:00,54.5,53.3499985,54.5499992,53.2099991,5459800.0,52.715889
2021-06-22 00:00:00,54.3600006,54.5800018,54.8300018,53.8499985,4839700.0,52.580471
2021-06-23 00:00:00,54.6300011,54.5900002,54.9599991,54.3400002,3702900.0,52.8416328
2021-06-24 00:00:00,55.3199997,54.8100014,55.5999985,54.4300003,4773400.0,53.5090446
2021-06-25 00:00:00,56.1300011,55.6500015,56.3199997,55.3699989,4074700.0,54.2925301
2021-06-28 00:00:00,55.2099991,55.8100014,55.9700012,54.9399986,5718700.0,53.4026451
2021-06-29 00:00:00,55.2999992,55.7599983,56.2900009,55.0200005,4638900.0,53.4896965
2021-06-30 00:00:00,55.5,55.0,55.8699989,55.0,4720000.0,53.6831474
2021-07-01 00:00:00,56.2999992,55.8300018,56.3300018,55.5699997,4138800.0,54.4569664
2021-07-02 00:00:00,56.0299988,56.1300011,56.2000008,55.6100006,3093200.0,54.1958008
2021-07-06 00:00:00,54.4199982,55.5900002,55.7599983,54.3300018,4914000.0,52.6385078
2021-07-07 00:00:00,53.6800003,53.4500008,54.3699989,53.4399986,4521100.0,51.9227333
2021-07-08 00:00:00,52.9799995,53.0299988,53.5699997,52.25,6131600.0,51.2456436
2021-07-09 00:00:00,55.2099991,54.2200012,55.2799988,53.7200012,5192900.0,53.4026451
2021-07-12 00:00:00,55.5999985,54.3499985,55.7299995,53.9900017,4026600.0,53.7798767
2021-07-13 00:00:00,54.7099991,55.3400002,55.5699997,54.5200005,4636800.0,52.919014
2021-07-14 00:00:00,54.4300003,54.7299995,55.4599991,53.7799988,6275800.0,52.6481819
2021-07-15 00:00:00,55.8600006,54.0,56.2400017,53.7700005,6293500.0,54.0313683
2021-07-16 00:00:00,54.3899994,56.2000008,56.2400017,54.2200012,5342900.0,52.6094894
2021-07-19 00:00:00,52.1800003,53.4900017,53.7900009,51.8699989,7131800.0,50.4718361
2021-07-20 00:00:00,54.0699997,52.0999985,54.9300003,51.9300003,6274900.0,52.2999649
2021-07-21 00:00:00,55.2799988,54.6599998,55.7299995,54.5,4352200.0,53.4703522
2021-07-22 00:00:00,54.3300018,55.0200005,55.1399994,54.0699997,3307700.0,52.5514565
2021-07-23 00:00:00,54.4599991,54.9099998,55.2400017,54.1599998,3186400.0,52.6771965
2021-07-26 00:00:00,54.9000015,54.6100006,55.1800003,54.5099983,3488800.0,53.1027946
2021-07-27 00:00:00,54.9500008,54.2000008,55.3300018,53.8800011,5234700.0,53.1511612
2021-07-28 00:00:00,55.0800018,55.5600014,55.6199989,54.2400017,4884300.0,53.2769012
2021-07-29 00:00:00,55.3199997,55.5499992,55.8300018,54.8300018,3248100.0,53.5090446
2021-07-30 00:00:00,54.4300003,55.0900002,55.8499985,54.3199997,5808400.0,52.6481819
2021-08-02 00:00:00,54.1399994,54.7299995,55.9700012,54.1100006,4496800.0,52.367672
2021-08-03 00:00:00,55.3100014,54.5,55.4900017,53.25,4018200.0,53.4993744
2021-08-04 00:00:00,54.5900002,54.5499992,55.4300003,54.2999992,4028900.0,52.8029442
2021-08-05 00:00:00,55.5499992,55.1699982,55.5999985,55.0,3526300.0,53.731514
2021-08-06 00:00:00,56.5999985,56.3600006,57.1399994,56.0699997,4179300.0,54.7471428
2021-08-09 00:00:00,56.7200012,56.4099998,57.2000008,55.8400002,3892400.0,54.8632164
2021-08-10 00:00:00,57.9599991,56.5299988,57.9799995,56.4099998,5999800.0,56.0626221
2021-08-11 00:00:00,58.8600006,57.9500008,58.9399986,57.3100014,6605700.0,56.9331589
2021-08-12 00:00:00,58.5099983,58.3600006,58.8199997,57.9399986,4436000.0,57.0599365
2021-08-13 00:00:00,57.3800011,58.6399994,58.8600006,57.2799988,4773200.0,55.9579391
2021-08-16 00:00:00,57.0699997,57.0,57.0999985,56.0699997,3415700.0,55.6556244
2021-08-17 00:00:00,56.1899986,56.5,56.9199982,55.4799995,3553400.0,54.7974358
2021-08-18 00:00:00,55.5600014,55.8800011,56.6599998,55.5,3134500.0,54.1830521
2021-08-19 00:00:00,55.0400009,54.75,55.5800018,54.4599991,4371800.0,53.6759377
2021-08-20 00:00:00,55.5800018,54.8899994,55.5999985,54.6199989,3354900.0,54.202549
2021-08-23 00:00:00,56.0800018,56.0,56.3699989,55.9099998,2687300.0,54.6901627
2021-08-24 00:00:00,56.7099991,56.0699997,56.8199997,56.0499992,2409200.0,55.3045502
2021-08-25 00:00:00,57.5600014,57.0,58.0699997,56.7000008,2691000.0,56.1334801
2021-08-26 00:00:00,56.9799995,57.6199989,57.8899994,56.9099998,3041300.0,55.5678558
2021-08-27 00:00:00,57.9700012,57.1500015,58.0999985,57.0299988,3758400.0,56.5333214
2021-08-30 00:00:00,56.7900009,58.0,58.0999985,56.7099991,3196500.0,55.3825645
2021-08-31 00:00:00,57.0600014,56.9700012,57.3300018,56.4300003,5612900.0,55.6458702
2021-09-01 00:00:00,56.2200012,57.4000015,57.4000015,55.9599991,5519900.0,54.8266907
2021-09-02 00:00:00,56.5999985,56.2400017,56.9300003,56.1199989,3529100.0,55.1972733
2021-09-03 00:00:00,56.4500008,56.6399994,56.8300018,56.1199989,2580600.0,55.0509911
2021-09-07 00:00:00,56.0200005,56.5499992,57.1599998,55.9599991,4190000.0,54.6316452
2021-09-08 00:00:00,55.6399994,55.8300018,56.1899986,55.3100014,2824400.0,54.2610626
2021-09-09 00:00:00,55.7299995,55.5900002,56.5699997,55.3600006,3379100.0,54.3488312
2021-09-10 00:00:00,55.2000008,56.1800003,56.1899986,55.1300011,3196800.0,53.8319664
2021-09-13 00:00:00,56.2299995,55.6300011,56.3499985,55.5,4310100.0,54.836441
2021-09-14 00:00:00,54.6300011,56.2200012,56.5099983,54.3499985,6008600.0,53.2760963
2021-09-15 00:00:00,55.5800018,54.6500015,55.8600006,54.6500015,4920300.0,54.202549
2021-09-16 00:00:00,55.2799988,55.9500008,56.2700005,55.1699982,5272100.0,53.9099846
2021-09-17 00:00:00,55.3300018,55.1500015,56.0800018,55.1100006,19623700.0,53.9587517
2021-09-20 00:00:00,53.6800003,53.8699989,54.2400017,52.6300011,9463400.0,52.3496399
2021-09-21 00:00:00,53.6699982,54.0,54.2400017,53.4199982,4029300.0,52.3398857
2021-09-22 00:00:00,54.7400017,54.5200005,55.2799988,54.3499985,4933900.0,53.3833733
2021-09-23 00:00:00,57.0900002,55.3800011,57.3400002,55.3699989,6262400.0,55.6751289
2021-09-24 00:00:00,58.0,57.2900009,58.3300018,57.0299988,5608400.0,56.5625725
2021-09-27 00:00:00,60.1500015,58.7999992,60.5299988,58.6800003,5994300.0,58.6592941
2021-09-28 00:00:00,59.1899986,60.3300018,60.7400017,58.9900017,6925400.0,57.7230835
2021-09-29 00:00:00,59.4199982,59.4399986,59.7000008,58.9700012,3820800.0,57.9473801
2021-09-30 00:00:00,58.6500015,59.8300018,60.0699997,58.6100006,6660800.0,57.1964684
2021-10-01 00:00:00,60.2200012,59.0999985,60.6599998,58.5900002,5106000.0,58.727562
2021-10-04 00:00:00,60.0499992,60.25,61.1599998,59.8300018,4096300.0,58.5617714
2021-10-05 00:00:00,60.2799988,59.6899986,60.7599983,59.6899986,3988900.0,58.786068
2021-10-06 00:00:00,60.1300011,59.9199982,60.1899986,58.7700005,3994000.0,58.6397896
2021-10-07 00:00:00,60.5200005,60.6500015,61.0400009,60.2599983,3370800.0,59.0201225
2021-10-08 00:00:00,60.8300018,60.6100006,61.1399994,60.1800003,2678400.0,59.3224411
2021-10-11 00:00:00,60.2299995,61.2599983,61.4000015,60.2099991,2844500.0,58.7373085
2021-10-12 00:00:00,60.2299995,60.0,60.4900017,59.7000008,2622500.0,58.7373085
2021-10-13 00:00:00,59.9199982,59.9799995,60.2000008,58.4599991,4692200.0,58.4349899
2021-10-14 00:00:00,60.6399994,60.5999985,60.6399994,59.6599998,4505200.0,59.1371498
2021-10-15 00:00:00,61.3400002,61.2299995,61.9700012,60.4099998,5277400.0,59.8197975
2021-10-18 00:00:00,61.7599983,61.2799988,62.4700012,61.2299995,6523500.0,60.2293892
2021-10-19 00:00:00,62.5699997,62.0499992,62.7000008,61.8499985,4086900.0,61.0193138
2021-10-20 00:00:00,63.8800011,62.3800011,63.8899994,62.2000008,4236000.0,62.2968559
2021-10-21 00:00:00,63.5800018,63.8800011,64.3099976,63.2299995,3704200.0,62.0042877
2021-10-22 00:00:00,64.4400024,63.7999992,64.7799988,63.7999992,4156900.0,62.8429756
2021-10-25 00:00:00,64.5699997,64.7699966,64.9199982,64.4000015,3360600.0,62.9697456
2021-10-26 00:00:00,64.4400024,64.6699982,64.9100037,64.2200012,4165000.0,62.8429756
2021-10-27 00:00:00,63.0099983,64.0800018,64.4899979,63.0,4640200.0,61.44841
2021-10-28 00:00:00,63.8899994,63.3699989,64.0,63.3199997,4121800.0,62.3066025
2021-10-29 00:00:00,63.4700012,63.9700012,64.1900024,63.4399986,4994800.0,61.8970146
2021-11-01 00:00:00,64.4300003,64.0,64.5899963,63.8300018,3412200.0,62.8332214
2021-11-02 00:00:00,64.3000031,64.1800003,64.8300018,64.0400009,4159100.0,62.7064476
2021-11-03 00:00:00,65.1399994,64.1100006,65.4199982,63.8100014,4515300.0,63.5256233
2021-11-04 00:00:00,63.7599983,64.7200012,64.9599991,63.1899986,3963800.0,62.1798248
2021-11-05 00:00:00,64.2900009,64.4499969,64.9300003,63.9300003,3552200.0,62.6966896
2021-11-08 00:00:00,64.7699966,64.4499969,64.9599991,64.4100037,4851900.0,63.1647873
2021-11-09 00:00:00,64.7399979,64.3099976,65.1500015,64.3099976,4232600.0,63.1355362
2021-11-10 00:00:00,63.8899994,64.5199966,64.9000015,63.8400002,4485000.0,62.7720108
2021-11-11 00:00:00,63.4399986,63.7700005,64.0999985,63.3800011,2830400.0,62.3298874
2021-11-12 00:00:00,62.7000008,63.3699989,63.4700012,62.3100014,6044000.0,61.6028366
2021-11-15 00:00:00,63.2799988,62.9700012,63.3800011,62.7599983,3138100.0,62.1726837
2021-11-16 00:00:00,63.5499992,63.4399986,63.8600006,63.0400009,2939100.0,62.4379578
2021-11-17 00:00:00,62.4300003,63.3199997,63.4300003,62.25,3247700.0,61.3375587
2021-11-18 00:00:00,61.8699989,62.3800011,62.6399994,61.4599991,3293000.0,60.7873573
2021-11-19 00:00:00,60.6399994,61.2299995,61.2999992,59.9700012,4654500.0,59.5788841
2021-11-22 00:00:00,62.1199989,61.5600014,62.8199997,61.2400017,3907300.0,61.0329857
2021-11-23 00:00:00,62.9099998,62.6399994,62.9900017,62.4099998,3771700.0,61.8091621
2021-11-24 00:00:00,62.8899994,62.7400017,63.4799995,62.4799995,3114900.0,61.7895088
2021-11-26 00:00:00,60.0800018,60.4399986,60.7000008,58.7999992,5189600.0,59.0286865
2021-11-29 00:00:00,61.0600014,62.0800018,63.0900002,60.1699982,6465300.0,59.9915352
2021-11-30 00:00:00,59.3100014,59.9500008,60.3600006,59.0499992,7545600.0,58.2721596
2021-12-01 00:00:00,58.3499985,60.8899994,61.4199982,58.2999992,5346800.0,57.3289528
2021-12-02 00:00:00,60.3800011,58.9900017,60.9199982,58.7700005,4901800.0,59.3234329
2021-12-03 00:00:00,58.4799995,60.3699989,60.5299988,58.1300011,6796700.0,57.4566803
2021-12-06 00:00:00,59.5,59.5600014,60.2900009,58.8800011,7772900.0,58.4588318
2021-12-07 00:00:00,60.5800018,59.9900017,61.0200005,59.75,5396300.0,59.5199356
2021-12-08 00:00:00,59.7599983,60.6399994,60.9300003,59.7299995,4300900.0,58.7142792
2021-12-09 00:00:00,59.6199989,59.3600006,60.0,58.8899994,3974000.0,58.5767288
2021-12-10 00:00:00,59.3899994,60.0900002,60.1500015,58.8499985,3162600.0,58.3507538
2021-12-13 00:00:00,58.0,59.0600014,59.2999992,57.7799988,6036300.0,56.9850769
2021-12-14 00:00:00,58.6599998,58.3199997,59.4300003,58.2200012,5715400.0,57.6335297
2021-12-15 00:00:00,58.5699997,58.9199982,59.2599983,57.7999992,4855300.0,57.545105
2021-12-16 00:00:00,59.1800003,59.3100014,60.3800011,59.0,5427100.0,58.1444321
2021-12-17 00:00:00,57.1100006,59.0299988,59.1100006,56.7599983,9608400.0,56.1106529
2021-12-20 00:00:00,55.6699982,56.2099991,56.3800011,54.7299995,5968100.0,54.6958466
2021-12-21 00:00:00,57.1199989,56.4199982,57.3499985,56.2999992,4589700.0,56.1204758
2021-12-22 00:00:00,57.3400002,56.9399986,57.4500008,56.7400017,3935800.0,56.336628
2021-12-23 00:00:00,57.7700005,57.8400002,58.3899994,57.5999985,3189100.0,56.7591019
2021-12-27 00:00:00,58.4599991,58.0,58.4599991,57.3800011,2597100.0,57.4370308
2021-12-28 00:00:00,58.7000008,58.3699989,58.9199982,58.1899986,2736400.0,57.6728325
2021-12-29 00:00:00,58.7799988,59.0699997,59.1300011,58.5299988,2623500.0,57.7514305
2021-12-30 00:00:00,58.5,58.9700012,59.3400002,58.4399986,2786900.0,57.4763298
2021-12-31 00:00:00,58.5499992,58.2799988,58.8800011,58.2700005,2863200.0,57.5254555
2022-01-03 00:00:00,60.4000015,59.3300018,60.4700012,59.2999992,5677600.0,59.3430862
2022-01-04 00:00:00,62.3499985,61.1899986,62.8600006,61.1399994,5741500.0,61.2589607
2022-01-05 00:00:00,61.6699982,62.4799995,63.1100006,61.6199989,5194800.0,60.5908585
2022-01-06 00:00:00,63.9799995,62.7900009,63.9900017,62.1500015,7388100.0,62.8604355
2022-01-07 00:00:00,65.0,63.7200012,65.1900024,63.4099998,7178800.0,63.862587
2022-01-10 00:00:00,65.2900009,65.7699966,65.9800034,64.3899994,5931400.0,64.1475143
2022-01-11 00:00:00,65.6600037,65.5199966,65.75,64.6900024,5031700.0,64.5110474
2022-01-12 00:00:00,66.3300018,65.7699966,66.3499985,65.5699997,6632400.0,65.1693192
2022-01-13 00:00:00,66.7699966,66.5899963,67.4700012,66.4199982,7665000.0,65.6016083
2022-01-14 00:00:00,67.4100037,65.6200027,67.6100006,65.1299973,6997900.0,66.230423
2022-01-18 00:00:00,67.1699982,67.25,68.9499969,66.7699966,8638700.0,65.9946136
2022-01-19 00:00:00,64.5800018,67.6900024,67.8300018,64.4800034,7110500.0,63.4499397
2022-01-20 00:00:00,63.1199989,64.2799988,64.9499969,63.0299988,5876200.0,62.0154877
2022-01-21 00:00:00,61.4700012,63.0,63.0800018,61.1399994,6636000.0,60.3943596
2022-01-24 00:00:00,62.2999992,61.0499992,62.4000015,59.3800011,10083000.0,61.2098351
2022-01-25 00:00:00,63.0299988,61.8400002,63.6100006,60.6100006,8014700.0,61.9270592
2022-01-26 00:00:00,62.8699989,63.6899986,64.1800003,61.8800011,8914400.0,61.7698593
2022-01-27 00:00:00,61.9099998,63.8100014,64.5599976,61.5200005,9684300.0,60.8266602
2022-01-28 00:00:00,62.5800018,61.7299995,62.6399994,60.9000015,5973000.0,61.4849396
2022-01-31 00:00:00,62.8199997,61.9099998,63.2599983,61.0400009,6712600.0,61.7207375
2022-02-01 00:00:00,64.0199966,62.7599983,64.1600037,62.2999992,5492800.0,62.8997345
2022-02-02 00:00:00,64.5699997,63.6699982,64.6500015,63.3800011,5164300.0,63.4401093
2022-02-03 00:00:00,63.3100014,65.0,65.0,63.1399994,5370100.0,62.2021637
2022-02-04 00:00:00,63.9799995,63.3899994,64.4700012,63.3400002,9017100.0,62.8604355
2022-02-07 00:00:00,64.2099991,64.3799973,64.7300034,63.5499992,4799300.0,63.0864143
2022-02-08 00:00:00,65.8499985,65.3399963,66.0999985,65.0699997,6527200.0,64.6977158
2022-02-09 00:00:00,65.5,65.6900024,66.0500031,65.3300018,3711100.0,64.3538361
2022-02-10 00:00:00,64.6200027,64.8899994,65.8399963,64.3099976,5761200.0,63.957943
2022-02-11 00:00:00,63.5800018,64.1500015,65.1999969,63.1199989,6068600.0,62.9285965
2022-02-14 00:00:00,63.0,63.8600006,64.3099976,62.2400017,6146900.0,62.354538
2022-02-15 00:00:00,64.8000031,63.6599998,64.8700027,63.5699997,5054300.0,64.1361008
2022-02-16 00:00:00,64.7099991,64.0599976,65.3600006,64.0599976,3877400.0,64.04702
2022-02-17 00:00:00,62.5499992,63.8600006,64.1699982,62.4199982,4675100.0,61.9091454
2022-02-18 00:00:00,62.3199997,62.5200005,63.2299995,62.0800018,4008400.0,61.6815033
2022-02-22 00:00:00,62.1800003,62.8800011,62.8899994,61.5600014,4939600.0,61.5429382
2022-02-23 00:00:00,60.5999985,62.2599983,62.7799988,60.4000015,5640300.0,59.979126
2022-02-24 00:00:00,59.2099991,58.5499992,59.4399986,57.1699982,10624400.0,58.6033669
2022-02-25 00:00:00,62.9700012,60.1800003,63.0800018,60.0200005,8405100.0,62.3248444
2022-02-28 00:00:00,62.2200012,60.4900017,62.5299988,59.9500008,8099400.0,61.582531
2022-03-01 00:00:00,58.1500015,61.2799988,61.5,57.4700012,8964000.0,57.5542297
2022-03-02 00:00:00,60.6899986,59.0600014,61.2400017,58.8499985,6482900.0,60.068203
2022-03-03 00:00:00,60.5499992,60.9900017,61.2700005,59.7200012,4755600.0,59.9296379
2022-03-04 00:00:00,58.9599991,58.8499985,59.2200012,58.3400002,8031300.0,58.3559265
2022-03-07 00:00:00,56.2299995,58.5400009,58.8499985,56.1899986,8460000.0,55.6539001
2022-03-08 00:00:00,56.8499985,57.4000015,58.7000008,56.2599983,6575800.0,56.2675438
2022-03-09 00:00:00,58.5200005,58.9000015,59.6199989,58.1199989,6243100.0,57.9204369
2022-03-10 00:00:00,57.6500015,57.7099991,58.3100014,56.9500008,4919800.0,57.0593529
2022-03-11 00:00:00,57.1399994,58.1599998,58.8100014,57.0900002,5046500.0,56.5545731
2022-03-14 00:00:00,57.8899994,58.0499992,58.9599991,57.5,5249900.0,57.2968903
2022-03-15 00:00:00,58.0200005,58.3699989,58.8600006,57.2099991,6405500.0,57.42556
2022-03-16 00:00:00,59.7099991,58.8499985,59.9700012,58.6800003,9414800.0,59.0982437
2022-03-17 00:00:00,58.8400002,58.7799988,58.8499985,57.5800018,9084400.0,58.2371597
2022-03-18 00:00:00,58.5600014,58.8300018,58.8600006,57.0099983,16014800.0,57.9600296
2022-03-21 00:00:00,58.6199989,59.0999985,59.6100006,58.0099983,6689900.0,58.019413
2022-03-22 00:00:00,59.7099991,59.5499992,60.2799988,59.1399994,5183600.0,59.0982437
2022-03-23 00:00:00,58.1800003,59.2000008,59.5,57.9799995,4964500.0,57.5839195
2022-03-24 00:00:00,58.7900009,58.4700012,58.7999992,57.8899994,5929100.0,58.1876717
2022-03-25 00:00:00,60.1100006,58.9300003,60.2000008,58.6300011,7369200.0,59.4941483
2022-03-28 00:00:00,59.5600014,59.2299995,59.5900002,58.0699997,8356600.0,58.9497833
2022-03-29 00:00:00,60.5600014,60.7000008,61.0999985,60.0600014,7414300.0,59.939537
2022-03-30 00:00:00,58.7400017,60.5600014,60.6500015,58.3699989,4995600.0,58.1381836
2022-03-31 00:00:00,56.7000008,58.4700012,59.0699997,56.7000008,7429000.0,56.1190834
2022-04-01 00:00:00,55.3300018,57.0,57.5,55.0400009,6637200.0,54.7631226
2022-04-04 00:00:00,55.2700005,54.9000015,55.6300011,54.0499992,5407100.0,54.7037354
2022-04-05 00:00:00,55.3600006,55.0499992,56.0,54.8199997,5845500.0,54.7928123
2022-04-06 00:00:00,54.7400017,54.8499985,55.2799988,54.4500008,5755500.0,54.1791649
2022-04-07 00:00:00,53.8800011,54.8800011,55.0699997,53.1800003,5393500.0,53.3279762
2022-04-08 00:00:00,53.8699989,53.8300018,54.5,53.4099998,4688400.0,53.3180771
2022-04-11 00:00:00,53.6399994,53.4099998,54.6899986,53.1100006,4734800.0,53.090435
2022-04-12 00:00:00,52.6899986,53.5,54.1699982,52.4000015,5413100.0,52.1501656
2022-04-13 00:00:00,52.0,52.1699982,52.6399994,51.6599998,10198500.0,51.4672356
2022-04-14 00:00:00,52.1399994,52.0400009,52.7999992,51.6800003,8406900.0,51.6058006
2022-04-18 00:00:00,52.6599998,51.9799995,52.9399986,51.9000015,8065500.0,52.1204758
2022-04-19 00:00:00,52.0099983,52.0,52.3699989,50.2900009,10759600.0,51.4771347
2022-04-20 00:00:00,52.5699997,52.2000008,53.4900017,52.1100006,8541400.0,52.031395
2022-04-21 00:00:00,52.1100006,53.0800018,53.6300011,51.8899994,6896100.0,51.5761108
2022-04-22 00:00:00,50.8899994,52.2900009,52.3600006,50.7900009,7083000.0,50.3686104
2022-04-25 00:00:00,50.8400002,50.25,50.9099998,48.9199982,12589400.0,50.3191223
2022-04-26 00:00:00,50.5299988,50.1300011,51.25,49.9099998,10290100.0,50.0122948
2022-04-27 00:00:00,50.5299988,50.5800018,51.0600014,50.2099991,7917800.0,50.0122948
2022-04-28 00:00:00,50.25,50.1399994,50.5800018,49.5099983,13012500.0,49.7351646
2022-04-29 00:00:00,48.3499985,50.3100014,50.6399994,48.2200012,10699000.0,47.8546295
2022-05-02 00:00:00,48.9399986,49.2000008,49.2799988,47.9799995,11638100.0,48.4385872
2022-05-03 00:00:00,49.6100006,49.4799995,50.2000008,49.2599983,11034600.0,49.1017227
2022-05-04 00:00:00,50.7599983,49.5600014,50.7799988,49.1599998,16563600.0,50.2399406
2022-05-05 00:00:00,49.4500008,50.0400009,50.1899986,48.5499992,8162500.0,48.9433632
2022-05-06 00:00:00,49.0600014,49.4700012,49.5299988,48.1699982,9088600.0,48.5573616
2022-05-09 00:00:00,48.5699997,48.7799988,49.1899986,48.1500015,8961000.0,48.0723801
2022-05-10 00:00:00,47.4599991,49.0,49.25,46.8600006,9444300.0,46.9737511
2022-05-11 00:00:00,46.8499985,47.5800018,48.8400002,46.7799988,7184500.0,46.3699989
2022-05-12 00:00:00,46.4700012,46.2700005,46.7400017,45.5099983,7684600.0,46.4700012
2022-05-13 00:00:00,46.3100014,46.8800011,47.0,45.8699989,8455800.0,46.3100014
2022-05-16 00:00:00,46.1199989,46.3499985,46.6300011,45.5200005,7753400.0,46.1199989
2022-05-17 00:00:00,47.8899994,47.0999985,48.0200005,46.8699989,10602800.0,47.8899994
2022-05-18 00:00:00,46.3600006,47.3899994,47.5400009,46.2200012,7114800.0,46.3600006
2022-05-19 00:00:00,46.1199989,45.9099998,46.6199989,45.7400017,7637100.0,46.1199989
2022-05-20 00:00:00,45.6800003,46.3699989,46.7200012,44.8499985,9730300.0,45.6800003
2022-05-23 00:00:00,47.2700005,46.7000008,47.7700005,46.3899994,6484700.0,47.2700005
2022-05-24 00:00:00,46.8100014,47.1800003,47.3699989,45.75,6402400.0,46.8100014
2022-05-25 00:00:00,47.6199989,46.6399994,47.9300003,46.6399994,7800000.0,47.6199989
