date,close,open,high,low,volume,adjclose
2012-05-14 00:00:00,17.2222214,17.1777782,17.3155556,17.1422215,1239300.0,13.8603516
2012-05-15 00:00:00,17.3422222,17.2444439,17.417778,17.2444439,1336275.0,13.9569263
2012-05-16 00:00:00,17.2844448,17.4133339,17.4133339,17.2666664,1440450.0,13.9104204
2012-05-17 00:00:00,17.0488892,17.2577782,17.3155556,17.0488892,1650825.0,13.720849
2012-05-18 00:00:00,16.8133335,17.0977783,17.0977783,16.791111,1175850.0,13.5312777
2012-05-21 00:00:00,16.9866676,16.8133335,17.0266666,16.7688885,993150.0,13.6707726
2012-05-22 00:00:00,17.0933323,17.0355568,17.1333332,16.9333324,929025.0,13.7566233
2012-05-23 00:00:00,17.2133331,16.9955559,17.2533321,16.9644432,2162250.0,13.8531971
2012-05-24 00:00:00,17.3333321,17.2622223,17.3377781,17.1333332,1422450.0,13.94977
2012-05-25 00:00:00,17.2000008,17.3688889,17.3999996,17.1377773,1370025.0,13.8424644
2012-05-29 00:00:00,17.2755566,17.3511105,17.4088898,17.1777782,1076625.0,13.9032745
2012-05-30 00:00:00,16.9555569,17.1733322,17.1733322,16.9511108,1197000.0,13.6457405
2012-05-31 00:00:00,17.0311108,16.9777775,17.1599998,16.8977776,2141775.0,13.706542
2012-06-01 00:00:00,16.8844433,16.8400002,17.0044441,16.7777786,1858275.0,13.5885077
2012-06-04 00:00:00,16.6399994,16.8755569,16.8799992,16.6355553,1960425.0,13.3917789
2012-06-05 00:00:00,16.5777779,16.6222229,16.6755562,16.5555553,2370375.0,13.3417015
2012-06-06 00:00:00,16.8222218,16.6755562,16.8622227,16.6488895,2119275.0,13.5384274
2012-06-07 00:00:00,16.9511108,16.9733334,17.0977783,16.9022217,1213875.0,13.6421623
2012-06-08 00:00:00,17.0222225,16.8666668,17.0222225,16.7999992,913950.0,13.7317944
2012-06-11 00:00:00,16.8755569,17.1333332,17.2000008,16.8711109,1559250.0,13.6134758
2012-06-12 00:00:00,16.9555569,16.9244442,16.9911118,16.8444443,732375.0,13.6780167
2012-06-13 00:00:00,16.8488884,16.9333324,17.0666676,16.8311119,982800.0,13.5919666
2012-06-14 00:00:00,17.0133324,16.8400002,17.0355568,16.8266678,673200.0,13.7246227
2012-06-15 00:00:00,16.7066669,17.0133324,17.0355568,16.7066669,2133225.0,13.4772387
2012-06-18 00:00:00,16.5955563,16.6355553,16.8177776,16.5777779,1978200.0,13.3876047
2012-06-19 00:00:00,16.7511101,16.6088886,16.7955551,16.5911102,1779525.0,13.513092
2012-06-20 00:00:00,16.7111111,16.7155552,16.8577785,16.6755562,1692225.0,13.4808226
2012-06-21 00:00:00,16.4533329,16.7644444,16.8533325,16.4400005,1204875.0,13.272872
2012-06-22 00:00:00,16.5244446,16.4577789,16.6488895,16.4444447,1673100.0,13.3302383
2012-06-25 00:00:00,16.4533329,16.4044437,16.5066662,16.2577782,1169775.0,13.272872
2012-06-26 00:00:00,16.582222,16.4533329,16.6222229,16.3911114,1071450.0,13.3768492
2012-06-27 00:00:00,16.7066669,16.5866661,16.7466679,16.5599995,581175.0,13.4772387
2012-06-28 00:00:00,16.9200001,16.6177788,16.9200001,16.5333328,1215225.0,13.6493301
2012-06-29 00:00:00,17.2977772,17.1155567,17.3199997,17.0711117,1702125.0,13.9540844
2012-07-02 00:00:00,17.4622211,17.3511105,17.4799995,17.3111115,1026225.0,14.0867376
2012-07-03 00:00:00,17.5466671,17.4844437,17.5688896,17.4266663,547425.0,14.1548634
2012-07-05 00:00:00,17.4933338,17.5466671,17.5911102,17.3955555,830475.0,14.1118393
2012-07-06 00:00:00,17.3777771,17.3155556,17.4311104,17.2222214,767025.0,14.0186176
2012-07-09 00:00:00,17.2488899,17.3600006,17.3866673,17.1511116,758700.0,13.9146442
2012-07-10 00:00:00,17.2800007,17.3022213,17.3422222,17.1822224,1074825.0,13.939743
2012-07-11 00:00:00,17.1288891,17.2622223,17.2844448,17.084444,936225.0,13.8178434
2012-07-12 00:00:00,17.3244438,17.0977783,17.3777771,16.9555569,1353825.0,13.9755898
2012-07-13 00:00:00,17.4933338,17.3111115,17.5200005,17.3111115,910350.0,14.1118393
2012-07-16 00:00:00,17.4311104,17.4933338,17.5288887,17.3999996,703125.0,14.0616446
2012-07-17 00:00:00,17.4488888,17.5200005,17.5555553,17.3866673,975825.0,14.0759821
2012-07-18 00:00:00,17.3244438,17.4533329,17.5377789,17.2933331,1802475.0,13.9755898
2012-07-19 00:00:00,16.9911118,17.3377781,17.3777771,16.9599991,1456875.0,13.7066956
2012-07-20 00:00:00,16.6444435,16.9955559,16.9955559,16.6044445,2602350.0,13.4270439
2012-07-23 00:00:00,16.7777786,16.5066662,16.8088894,16.4311104,1552950.0,13.5346022
2012-07-24 00:00:00,16.5466671,16.7155552,16.7777786,16.4622211,1363275.0,13.3481665
2012-07-25 00:00:00,16.4444447,16.582222,16.582222,16.2222214,3513150.0,13.2657042
2012-07-26 00:00:00,16.2577782,16.5688896,16.6044445,16.2266674,2239650.0,13.1151228
2012-07-27 00:00:00,16.4533329,16.3777771,16.5244446,16.2888889,2065500.0,13.272872
2012-07-30 00:00:00,16.4533329,16.4355564,16.5200005,16.3333321,1756575.0,13.272872
2012-07-31 00:00:00,16.2800007,16.4044437,16.4133339,16.2311115,2346075.0,13.1330481
2012-08-01 00:00:00,16.2711105,16.3644447,16.3911114,16.1955566,1190475.0,13.1258745
2012-08-02 00:00:00,16.3600006,16.1599998,16.373333,16.1111107,1216575.0,13.1975832
2012-08-03 00:00:00,16.4755554,16.4977779,16.5333328,16.3911114,1346400.0,13.290801
2012-08-06 00:00:00,16.3999996,16.5333328,16.6088886,16.2577782,1537875.0,13.2298498
2012-08-07 00:00:00,16.4755554,16.4577789,16.5288887,16.3688889,816750.0,13.290801
2012-08-08 00:00:00,16.5466671,16.4711113,16.626667,16.4444447,823275.0,13.3481665
2012-08-09 00:00:00,16.5377789,16.5333328,16.6399994,16.0355568,652950.0,13.3409986
2012-08-10 00:00:00,16.5511112,16.5333328,16.5777779,16.3822212,622350.0,13.3517485
2012-08-13 00:00:00,16.5022221,16.5644436,16.6000004,16.3777771,878850.0,13.3123093
2012-08-14 00:00:00,16.5911102,16.5511112,16.6888885,16.5422211,693000.0,13.3840141
2012-08-15 00:00:00,16.7244434,16.6088886,16.7688885,16.582222,814275.0,13.4915752
2012-08-16 00:00:00,16.7022228,16.7511101,16.7644444,16.5955563,546300.0,13.4736557
2012-08-17 00:00:00,16.8311119,16.6711102,16.8444443,16.6044445,1016100.0,13.5776272
2012-08-20 00:00:00,16.7511101,16.835556,16.9066677,16.6888885,926775.0,13.513092
2012-08-21 00:00:00,16.6888885,16.7777786,16.7777786,16.6444435,870750.0,13.4628944
2012-08-22 00:00:00,16.5466671,16.6355553,16.6933327,16.5244446,569025.0,13.3481665
2012-08-23 00:00:00,16.4488888,16.4933338,16.5511112,16.417778,878175.0,13.269289
2012-08-24 00:00:00,16.582222,16.4488888,16.6222229,16.4133339,630450.0,13.3768492
2012-08-27 00:00:00,16.5688896,16.5777779,16.6444435,16.5466671,555525.0,13.3660917
2012-08-28 00:00:00,16.5333328,16.582222,16.6800003,16.5244446,860400.0,13.33741
2012-08-29 00:00:00,16.5466671,16.5288887,16.6088886,16.5111103,547200.0,13.3481665
2012-08-30 00:00:00,16.5333328,16.4933338,16.5866661,16.4799995,517950.0,13.33741
2012-08-31 00:00:00,16.6133327,16.6088886,16.8533325,16.5422211,922050.0,13.4019451
2012-09-04 00:00:00,16.8577785,16.582222,16.8711109,16.5111103,748800.0,13.5991383
2012-09-05 00:00:00,16.8133335,16.8444443,16.8977776,16.7466679,785250.0,13.5632839
2012-09-06 00:00:00,16.9866676,16.9022217,17.084444,16.8933334,1534950.0,13.7031088
2012-09-07 00:00:00,16.7511101,17.0088882,17.0177784,16.7199993,1003950.0,13.513092
2012-09-10 00:00:00,16.7155552,16.5599995,16.7244434,16.5599995,832950.0,13.5166836
2012-09-11 00:00:00,16.6755562,16.6888885,16.8400002,16.6399994,1221975.0,13.4843416
2012-09-12 00:00:00,16.791111,16.7866669,16.8222218,16.6666679,1291275.0,13.5777779
2012-09-13 00:00:00,16.8711109,16.7822227,16.9733334,16.7199993,1288575.0,13.6424723
2012-09-14 00:00:00,17.1111107,16.8666668,17.1244431,16.8444443,1212075.0,13.8365393
2012-09-17 00:00:00,16.8977776,17.0799999,17.1955566,16.8933334,1101825.0,13.664031
2012-09-18 00:00:00,16.8577785,16.8977776,16.9466667,16.8044434,992025.0,13.6316872
2012-09-19 00:00:00,16.791111,16.8444443,16.9022217,16.791111,784800.0,13.5777779
2012-09-20 00:00:00,16.6977787,16.7244434,16.7377777,16.6577778,821250.0,13.502306
2012-09-21 00:00:00,16.7244434,16.8088894,16.8577785,16.6844444,1752750.0,13.5238714
2012-09-24 00:00:00,16.6844444,16.6844444,16.7466679,16.6533337,863550.0,13.4915247
2012-09-25 00:00:00,16.4711113,16.7288895,16.9288883,16.4577789,1140525.0,13.3190184
2012-09-26 00:00:00,16.4444447,16.4044437,16.5733337,16.3822212,1317825.0,13.2974558
2012-09-27 00:00:00,16.6222229,16.5022221,16.626667,16.3955555,1213200.0,13.4412136
2012-09-28 00:00:00,16.6622219,16.5955563,16.7688885,16.5155563,1841175.0,13.4735594
2012-10-01 00:00:00,16.6222229,16.6088886,16.7644444,16.5466671,2728350.0,13.4412136
2012-10-02 00:00:00,16.4577789,16.4266663,16.6488895,16.3644447,2833650.0,13.3082333
2012-10-03 00:00:00,16.4755554,16.4622211,16.5555553,16.417778,1216575.0,13.3226137
2012-10-04 00:00:00,16.582222,16.5200005,16.582222,16.4222221,1670175.0,13.4088669
2012-10-05 00:00:00,16.7466679,16.6222229,16.8533325,16.6222229,1058175.0,13.5418444
2012-10-08 00:00:00,16.7688885,16.6800003,16.7955551,16.6044445,965475.0,13.5598116
2012-10-09 00:00:00,16.6088886,16.8177776,16.8177776,16.5555553,987300.0,13.4304295
2012-10-10 00:00:00,16.6977787,16.6177788,16.7511101,16.6088886,1051200.0,13.502306
2012-10-11 00:00:00,16.6844444,16.7733326,16.8488884,16.6711102,953100.0,13.4915247
2012-10-12 00:00:00,16.417778,16.6844444,16.7022228,16.417778,1377675.0,13.2758942
2012-10-15 00:00:00,16.5866661,16.4355564,16.5866661,16.4355564,1598400.0,13.4124575
2012-10-16 00:00:00,16.9555569,16.6444435,16.9555569,16.6399994,1679400.0,13.7107573
2012-10-17 00:00:00,17.1066666,17.0088882,17.1466675,16.9200001,3343275.0,13.8329458
2012-10-18 00:00:00,17.5599995,17.1688881,17.6000004,17.1111107,3375000.0,14.1995239
2012-10-19 00:00:00,17.3244438,17.5377789,17.5377789,17.2977772,2175750.0,14.0090466
2012-10-22 00:00:00,17.2533321,17.2977772,17.3911114,17.1688881,2489175.0,13.9515409
2012-10-23 00:00:00,17.6577778,17.2888889,17.7244434,17.1555557,3985425.0,14.2785892
2012-10-24 00:00:00,17.6577778,17.7333336,17.8488884,17.6444435,2042550.0,14.2785892
2012-10-25 00:00:00,17.5599995,17.7600002,17.8177776,17.4666672,2882025.0,14.1995239
2012-10-26 00:00:00,17.4222221,17.6000004,17.6311111,17.3466663,1131750.0,14.0881138
2012-10-31 00:00:00,17.2844448,16.9244442,17.4933338,16.9200001,2422350.0,13.9767056
2012-11-01 00:00:00,17.3422222,17.2888889,17.5244446,17.1911106,2585475.0,14.0234299
2012-11-02 00:00:00,17.0222225,17.3688889,17.3688889,17.0088882,1991700.0,13.764657
2012-11-05 00:00:00,17.1288891,16.9777775,17.1599998,16.8088894,1602225.0,13.8509188
2012-11-06 00:00:00,17.2133331,17.2000008,17.3244438,17.1733322,1085625.0,13.9192019
2012-11-07 00:00:00,17.0977783,17.0488892,17.1511116,16.8888893,1509300.0,13.825758
2012-11-08 00:00:00,17.2844448,17.0622215,17.3111115,17.0044441,1639350.0,13.9767056
2012-11-09 00:00:00,17.3022213,17.1511116,17.3999996,17.084444,1463400.0,13.9910774
2012-11-12 00:00:00,17.208889,17.2933331,17.3111115,17.1066666,882225.0,13.9156084
2012-11-13 00:00:00,17.1377773,17.1066666,17.3333321,17.1066666,845325.0,13.8581057
2012-11-14 00:00:00,17.0799999,17.1555557,17.2488899,17.0488892,1034100.0,13.8113832
2012-11-15 00:00:00,17.1599998,17.1244431,17.2666664,17.0799999,1143000.0,13.8760757
2012-11-16 00:00:00,17.2399998,17.1333332,17.2533321,17.0666676,1698750.0,13.9407625
2012-11-19 00:00:00,17.4222221,17.3333321,17.4799995,17.3111115,1277100.0,14.0881138
2012-11-20 00:00:00,17.5422211,17.4222221,17.5466671,17.3333321,991800.0,14.1851473
2012-11-21 00:00:00,17.6933327,17.5555553,17.7022228,17.4488888,1055700.0,14.3073387
2012-11-23 00:00:00,17.8044434,17.7600002,17.8044434,17.6888885,492525.0,14.3971882
2012-11-26 00:00:00,17.6755562,17.6844444,17.8888893,17.5955563,1338075.0,14.2929668
2012-11-27 00:00:00,17.5733337,17.6444435,17.7199993,17.5644436,924975.0,14.2103071
2012-11-28 00:00:00,17.6000004,17.5466671,17.6177788,17.3555565,1162350.0,14.2318716
2012-11-29 00:00:00,17.6177788,17.6711102,17.7155552,17.5466671,793350.0,14.2462473
2012-11-30 00:00:00,17.6666679,17.6000004,17.6711102,17.5155563,1483875.0,14.3182907
2012-12-03 00:00:00,17.6622219,17.6888885,17.7333336,17.4977779,1059300.0,14.3146849
2012-12-04 00:00:00,17.6222229,17.6399994,17.6977787,17.5555553,1174050.0,14.2822685
2012-12-05 00:00:00,17.8711109,17.6444435,17.9066677,17.6133327,1478025.0,14.483983
2012-12-06 00:00:00,17.6755562,17.8222218,17.9511108,17.6533337,1059975.0,14.3254929
2012-12-07 00:00:00,17.6755562,17.7199993,17.7600002,17.6355553,793575.0,14.3254929
2012-12-10 00:00:00,17.6577778,17.6622219,17.7644444,17.5733337,926100.0,14.3110828
2012-12-11 00:00:00,17.582222,17.7688885,17.7777786,17.5555553,1084500.0,14.2498474
2012-12-12 00:00:00,17.5377789,17.6444435,17.6844444,17.5244446,1525500.0,14.2138319
2012-12-13 00:00:00,17.4266663,17.5777779,17.5866661,17.417778,1169775.0,14.1237764
2012-12-14 00:00:00,17.2800007,17.417778,17.5022221,17.2800007,1381725.0,14.0049057
2012-12-17 00:00:00,17.5555553,17.0488892,17.5555553,17.0488892,2017575.0,14.2282352
2012-12-18 00:00:00,17.3555565,17.5688896,17.6000004,17.2311115,2164950.0,14.066143
2012-12-19 00:00:00,17.3600006,17.4355564,17.5333328,17.3199997,2527425.0,14.0697489
2012-12-20 00:00:00,17.3999996,16.9511108,17.3999996,16.9466667,2340900.0,14.4726906
2012-12-21 00:00:00,17.1822224,17.2666664,17.3600006,17.1511116,2853900.0,14.2915506
2012-12-24 00:00:00,17.1555557,17.1511116,17.2044449,17.0755558,430425.0,14.269371
2012-12-26 00:00:00,16.8977776,17.1511116,17.1688881,16.8400002,1763775.0,14.0549574
2012-12-27 00:00:00,16.7600002,16.9333324,16.9333324,16.6222229,1194750.0,13.9403591
2012-12-28 00:00:00,16.7155552,16.7288895,16.8222218,16.6577778,766350.0,13.9033937
2012-12-31 00:00:00,16.7733326,16.7244434,16.7777786,16.5733337,1287225.0,13.9514475
2013-01-02 00:00:00,17.164444,16.9955559,17.1733322,16.9022217,1473750.0,14.2767658
2013-01-03 00:00:00,17.2622223,17.1777782,17.3155556,17.1377773,1476000.0,14.3580894
2013-01-04 00:00:00,17.3511105,17.2622223,17.3600006,17.2533321,916425.0,14.432025
2013-01-07 00:00:00,17.3377781,17.2711105,17.3777771,17.2577782,1108350.0,14.4209356
2013-01-08 00:00:00,17.3866673,17.3288898,17.3999996,17.3155556,1520100.0,14.4615955
2013-01-09 00:00:00,17.4266663,17.4444447,17.5022221,17.3644447,661950.0,14.4948702
2013-01-10 00:00:00,17.4666672,17.5288887,17.6088886,17.4533329,1318725.0,14.5281382
2013-01-11 00:00:00,17.4799995,17.4666672,17.5555553,17.4222221,893475.0,14.5392313
2013-01-14 00:00:00,17.5466671,17.4577789,17.5733337,17.4355564,785475.0,14.5946817
2013-01-15 00:00:00,17.6399994,17.4444447,17.6488895,17.4444447,878850.0,14.6723137
2013-01-16 00:00:00,17.6088886,17.5911102,17.6444435,17.5377789,830700.0,14.6464329
2013-01-17 00:00:00,17.6977787,17.6177788,17.7511101,17.5555553,984150.0,14.7203655
2013-01-18 00:00:00,17.8533325,17.7244434,17.8799992,17.6888885,1504575.0,14.8497515
2013-01-22 00:00:00,18.3466663,17.915556,18.4088898,17.8977776,1824300.0,15.2600889
2013-01-23 00:00:00,18.3688889,18.2711105,18.4266663,18.2177773,1073700.0,15.2785759
2013-01-24 00:00:00,18.4622211,18.4088898,18.6844444,18.4088898,1315350.0,15.3562021
2013-01-25 00:00:00,18.4666672,18.5244446,18.5244446,18.3688889,1372275.0,15.3599014
2013-01-28 00:00:00,18.2488899,18.5066662,18.5200005,18.1955566,1686825.0,15.1787624
2013-01-29 00:00:00,18.2800007,18.2800007,18.5288887,18.1333332,1730250.0,15.2046385
2013-01-30 00:00:00,18.1022224,18.3066673,18.3066673,18.0488892,1711800.0,15.0567732
2013-01-31 00:00:00,18.2977772,18.1155567,18.3600006,18.1022224,2366775.0,15.2194252
2013-02-01 00:00:00,18.4533329,18.4266663,18.6666679,18.3688889,1739925.0,15.3488159
2013-02-04 00:00:00,18.3022213,18.4533329,18.4799995,18.2577782,1438650.0,15.2231236
2013-02-05 00:00:00,18.3333321,18.3333321,18.4799995,18.2755566,1337625.0,15.2489977
2013-02-06 00:00:00,18.4222221,18.3199997,18.4311104,18.3111115,866250.0,15.3229322
2013-02-07 00:00:00,18.4977779,18.4933338,18.5733337,18.3866673,821925.0,15.3857765
2013-02-08 00:00:00,18.417778,18.4977779,18.5155563,18.3333321,991575.0,15.3192368
2013-02-11 00:00:00,18.3866673,18.4088898,18.4222221,18.3333321,855675.0,15.2933607
2013-02-12 00:00:00,18.4755554,18.3911114,18.4888897,18.3288898,1215900.0,15.3672972
2013-02-13 00:00:00,18.5288887,18.5022221,18.5377789,18.4222221,871200.0,15.4116545
2013-02-14 00:00:00,18.5066662,18.4622211,18.5777779,18.4622211,609975.0,15.393177
2013-02-15 00:00:00,18.4755554,18.5022221,18.5333328,18.3999996,737100.0,15.3672972
2013-02-19 00:00:00,18.5155563,18.5022221,18.6177788,18.4444447,1440225.0,15.400568
2013-02-20 00:00:00,18.3244438,18.4977779,18.5911102,18.3244438,1462950.0,15.2416086
2013-02-21 00:00:00,18.5644436,18.3155556,18.6133327,18.3155556,1172700.0,15.4412279
2013-02-22 00:00:00,18.7066669,18.6044445,18.7111111,18.5955563,859950.0,15.5595303
2013-02-25 00:00:00,18.3022213,18.7155552,18.7555561,18.3022213,1050750.0,15.2231236
2013-02-26 00:00:00,18.4888897,18.3688889,18.5644436,18.3199997,981000.0,15.3783855
2013-02-27 00:00:00,18.5555553,18.4711113,18.6044445,18.4311104,475425.0,15.4338369
2013-02-28 00:00:00,18.4444447,18.5377789,18.6711102,18.4444447,1023300.0,15.3414183
2013-03-01 00:00:00,18.4844437,18.3822212,18.5288887,18.2666664,1401750.0,15.3746881
2013-03-04 00:00:00,18.4355564,18.4844437,18.5200005,18.2666664,872100.0,15.3340254
2013-03-05 00:00:00,18.6222229,18.4799995,18.7333336,18.4266663,766800.0,15.4892883
2013-03-06 00:00:00,18.6488895,18.6399994,18.7244434,18.5422211,590625.0,15.511467
2013-03-07 00:00:00,18.6844444,18.6755562,18.7333336,18.626667,986625.0,15.5410357
2013-03-08 00:00:00,18.7288895,18.7333336,18.7955551,18.582222,722025.0,15.5780067
2013-03-11 00:00:00,18.7288895,18.7866669,18.8533325,18.6488895,1001250.0,15.5780067
2013-03-12 00:00:00,18.7511101,18.7600002,18.8088894,18.7155552,764325.0,15.5964975
2013-03-13 00:00:00,18.7955551,18.8177776,18.8888893,18.7733326,893475.0,15.633461
2013-03-14 00:00:00,19.0222225,18.8533325,19.0222225,18.7422218,968850.0,15.8219948
2013-03-15 00:00:00,19.1244431,19.0133324,19.1244431,18.9644432,1680075.0,15.907011
2013-03-18 00:00:00,19.0799999,19.0311108,19.1422215,19.0,871425.0,15.8700533
2013-03-19 00:00:00,19.1733322,19.1377773,19.2622223,19.1155567,1132650.0,15.9476805
2013-03-20 00:00:00,19.2711105,19.2577782,19.3244438,19.1733322,909450.0,16.0290127
2013-03-21 00:00:00,19.2000008,19.2444439,19.3199997,19.1688881,751725.0,15.969862
2013-03-22 00:00:00,19.3244438,19.2666664,19.3555565,19.2577782,935550.0,16.0733757
2013-03-25 00:00:00,19.4444447,19.6133327,19.7066669,19.2577782,1861875.0,16.1731815
2013-03-26 00:00:00,19.4488888,19.5200005,19.5555553,19.3555565,915750.0,16.176878
2013-03-27 00:00:00,19.5244446,19.3688889,19.5511112,19.3022213,780750.0,16.2731876
2013-03-28 00:00:00,19.7199993,19.5511112,19.7333336,19.4311104,1408950.0,16.4361858
2013-04-01 00:00:00,19.6222229,19.7422218,19.7999992,19.5555553,1136025.0,16.3546867
2013-04-02 00:00:00,19.7733326,19.7288895,19.8133335,19.6577778,1235925.0,16.4806385
2013-04-03 00:00:00,19.6577778,19.835556,19.915556,19.626667,1488375.0,16.3843212
2013-04-04 00:00:00,19.7377777,19.7066669,19.8044434,19.6666679,1269675.0,16.4509907
2013-04-05 00:00:00,19.7733326,19.5777779,19.7999992,19.5599995,678150.0,16.4806385
2013-04-08 00:00:00,19.9333324,19.7688885,19.9333324,19.7155552,740700.0,16.6139927
2013-04-09 00:00:00,20.0044441,19.9866676,20.1022224,19.8711109,995850.0,16.6732521
2013-04-10 00:00:00,20.0400009,20.0577774,20.0755558,19.9022217,1336725.0,16.702898
2013-04-11 00:00:00,20.1733322,20.0799999,20.2444439,20.0177784,891675.0,16.8140259
2013-04-12 00:00:00,20.1022224,20.1555557,20.2622223,20.0177784,842175.0,16.7547512
2013-04-15 00:00:00,19.6933327,20.0799999,20.0933323,19.6311111,1497825.0,16.4139538
2013-04-16 00:00:00,19.9911118,19.791111,20.0,19.6888885,1045575.0,16.6621532
2013-04-17 00:00:00,19.6666679,19.9022217,19.9022217,19.6355553,1202850.0,16.3917294
2013-04-18 00:00:00,19.4488888,19.7511101,19.791111,19.3911114,1071450.0,16.2102146
2013-04-19 00:00:00,19.6666679,19.5022221,19.7377777,19.417778,1143450.0,16.3917294
2013-04-22 00:00:00,19.6399994,19.6488895,19.7155552,19.4400005,743850.0,16.3695107
2013-04-23 00:00:00,19.7066669,19.7111111,20.0266666,19.6933327,1728000.0,16.4250717
2013-04-24 00:00:00,19.5022221,19.6488895,19.7288895,19.3600006,1732725.0,16.2546654
2013-04-25 00:00:00,19.5244446,19.5555553,19.6044445,19.4711113,850500.0,16.2731876
2013-04-26 00:00:00,19.2577782,19.4888897,19.5111103,19.1733322,1291500.0,16.0509338
2013-04-29 00:00:00,19.164444,19.3199997,19.3466663,19.0888882,1394325.0,15.9731359
2013-04-30 00:00:00,19.2977772,19.1555557,19.2977772,19.0711117,1320975.0,16.0842648
2013-05-01 00:00:00,19.0488892,19.2977772,19.3377781,19.0177784,1564200.0,15.8768234
2013-05-02 00:00:00,19.0266666,19.1244431,19.1422215,18.9599991,922725.0,15.8583069
2013-05-03 00:00:00,19.0755558,19.1822224,19.208889,18.9777775,1254375.0,15.8990593
2013-05-06 00:00:00,19.0133324,19.0933323,19.1777782,18.9333324,1289250.0,15.8471956
2013-05-07 00:00:00,19.1155567,19.0222225,19.1288891,18.9644432,1517850.0,15.9323874
2013-05-08 00:00:00,19.1066666,19.1111107,19.1422215,19.0311108,1327950.0,15.9249802
2013-05-09 00:00:00,18.8755569,19.1022224,19.1111107,18.8488884,1197900.0,15.7323523
2013-05-10 00:00:00,18.9200001,18.8888893,18.9466667,18.8088894,1000800.0,15.7693968
2013-05-13 00:00:00,18.835556,18.8844433,18.9333324,18.8044434,847125.0,15.6990156
2013-05-14 00:00:00,18.8666668,18.8844433,18.9555569,18.7466679,2048625.0,15.7249432
2013-05-15 00:00:00,18.9288883,18.8488884,18.9599991,18.7955551,1664100.0,15.7768145
2013-05-16 00:00:00,18.8266678,18.915556,18.9466667,18.7955551,1231425.0,15.6916094
2013-05-17 00:00:00,18.9244442,18.9200001,19.0444431,18.7955551,1734750.0,15.7731085
2013-05-20 00:00:00,18.7688885,18.8888893,18.9111118,18.7644444,881325.0,15.6434536
2013-05-21 00:00:00,18.6088886,18.7688885,18.7866669,18.4755554,1525725.0,15.5100927
2013-05-22 00:00:00,18.3422222,18.5688896,18.7466679,18.3155556,1761750.0,15.2878332
2013-05-23 00:00:00,18.3511105,18.2844448,18.5066662,18.2844448,2185200.0,15.2952461
2013-05-24 00:00:00,18.2444439,18.3155556,18.3377781,18.1866665,1379700.0,15.2063398
2013-05-28 00:00:00,18.1777782,18.373333,18.3822212,18.1466675,1200825.0,15.150773
2013-05-29 00:00:00,18.1422215,18.0755558,18.208889,17.9599991,1844775.0,15.1211405
2013-05-30 00:00:00,18.3066673,18.1866665,18.3600006,18.1466675,1659150.0,15.2582016
2013-05-31 00:00:00,18.208889,18.3066673,18.4400005,18.208889,1880550.0,15.1766987
2013-06-03 00:00:00,18.1866665,18.208889,18.2355556,18.0088882,2266200.0,15.1581821
2013-06-04 00:00:00,17.9955559,18.2044449,18.2800007,17.9777775,1809000.0,14.9988976
2013-06-05 00:00:00,17.8666668,17.9688892,17.9777775,17.8222218,2438550.0,14.891469
2013-06-06 00:00:00,18.2222214,17.9733334,18.3288898,17.915556,4013325.0,15.1878176
2013-06-07 00:00:00,18.4533329,18.373333,18.4755554,18.1511116,2112525.0,15.418046
2013-06-10 00:00:00,18.6399994,18.4755554,18.6399994,18.4488888,1638900.0,15.5740147
2013-06-11 00:00:00,18.3555565,18.5022221,18.5333328,18.3377781,1425150.0,15.3363562
2013-06-12 00:00:00,18.2577782,18.4133339,18.4533329,18.2266674,955125.0,15.2546587
2013-06-13 00:00:00,18.4755554,18.2488899,18.4933338,18.1599998,990450.0,15.4366121
2013-06-14 00:00:00,18.3644447,18.4844437,18.5866661,18.3333321,750150.0,15.3437853
2013-06-17 00:00:00,18.4977779,18.4088898,18.5466671,18.373333,1140525.0,15.455183
2013-06-18 00:00:00,18.5644436,18.5155563,18.6399994,18.4844437,813150.0,15.5108881
2013-06-19 00:00:00,18.3066673,18.5377789,18.5866661,18.2755566,1110600.0,15.2955065
2013-06-20 00:00:00,17.8755569,18.1688881,18.2311115,17.8577785,1296900.0,14.9353094
2013-06-21 00:00:00,17.8577785,17.9733334,18.0311108,17.8177776,2639475.0,14.9204512
2013-06-24 00:00:00,17.7333336,17.6888885,17.7777786,17.6088886,2193300.0,14.8164768
2013-06-25 00:00:00,17.7688885,17.8311119,17.835556,17.7111111,1554300.0,14.8461819
2013-06-26 00:00:00,17.8844433,17.8888893,17.9688892,17.8266678,1157175.0,14.9427319
2013-06-27 00:00:00,18.0622215,17.9866676,18.1111107,17.9066677,747675.0,15.0912743
2013-06-28 00:00:00,18.1599998,18.0533333,18.2311115,17.9066677,1894500.0,15.172965
2013-07-01 00:00:00,18.5200005,18.2355556,18.5422211,18.2311115,1410300.0,15.4737501
2013-07-02 00:00:00,18.5022221,18.5111103,18.6577778,18.4266663,1947600.0,15.458889
2013-07-03 00:00:00,18.4622211,18.4222221,18.5022221,18.3377781,578475.0,15.425477
2013-07-05 00:00:00,18.6355553,18.5244446,18.6399994,18.3822212,734625.0,15.5702991
2013-07-08 00:00:00,18.8222218,18.6800003,18.8622227,18.6800003,755325.0,15.7262526
2013-07-09 00:00:00,19.0444431,18.8933334,19.084444,18.8577785,1138500.0,15.9119339
2013-07-10 00:00:00,19.1022224,18.9822216,19.1200008,18.9822216,1149525.0,15.9602089
2013-07-11 00:00:00,19.2622223,19.208889,19.2755566,19.0666676,978750.0,16.0938873
2013-07-12 00:00:00,19.4755554,19.3022213,19.5511112,19.3022213,1394550.0,16.2721329
2013-07-15 00:00:00,19.5911102,19.4711113,19.5955563,19.4266663,1293975.0,16.3686848
2013-07-16 00:00:00,19.3333321,19.6000004,19.6088886,19.2844448,1641600.0,16.1532974
2013-07-17 00:00:00,19.4622211,19.3555565,19.4799995,19.3111115,848475.0,16.2609921
2013-07-18 00:00:00,19.6444435,19.4933338,19.6711102,19.4888897,805275.0,16.4132404
2013-07-19 00:00:00,19.6711102,19.6177788,19.7022228,19.5333328,914175.0,16.435524
2013-07-22 00:00:00,19.8311119,19.6311111,19.8533325,19.5333328,1135125.0,16.5692024
2013-07-23 00:00:00,18.9777775,19.7999992,19.9466667,18.7644444,3568050.0,15.8562365
2013-07-24 00:00:00,18.9377785,19.0044441,19.0622215,18.8577785,1594575.0,15.8228092
2013-07-25 00:00:00,18.9866676,18.9333324,19.0711117,18.8577785,1325250.0,15.863656
2013-07-26 00:00:00,19.0,18.9555569,19.0133324,18.8755569,816075.0,15.874795
2013-07-29 00:00:00,18.915556,18.9777775,19.0222225,18.8444443,786375.0,15.8042459
2013-07-30 00:00:00,18.8533325,18.9733334,19.0666676,18.835556,823500.0,15.7522573
2013-07-31 00:00:00,18.8311119,18.915556,19.0133324,18.8044434,966375.0,15.7336903
2013-08-01 00:00:00,19.1777782,18.9466667,19.2355556,18.9466667,2294550.0,16.0233307
2013-08-02 00:00:00,19.1822224,19.5200005,19.5200005,19.1244431,930150.0,16.02705
2013-08-05 00:00:00,19.0355568,19.1200008,19.1688881,18.915556,1015875.0,15.9045048
2013-08-06 00:00:00,18.7955551,19.0177784,19.0666676,18.7777786,943650.0,15.7039776
2013-08-07 00:00:00,18.5777779,18.7244434,18.791111,18.5644436,704925.0,15.5220232
2013-08-08 00:00:00,18.5422211,18.6399994,18.6755562,18.4622211,784350.0,15.4923172
2013-08-09 00:00:00,18.5244446,18.5333328,18.6000004,18.4488888,756450.0,15.4774647
2013-08-12 00:00:00,18.6444435,18.4488888,18.7155552,18.4488888,1107225.0,15.5777254
2013-08-13 00:00:00,18.7288895,18.6488895,18.7377777,18.4622211,516600.0,15.6482801
2013-08-14 00:00:00,18.7822227,18.7155552,18.8044434,18.6533337,700200.0,15.6928368
2013-08-15 00:00:00,18.5955563,18.6800003,18.7066669,18.5111103,1052550.0,15.5368767
2013-08-16 00:00:00,18.5777779,18.5466671,18.6711102,18.5377789,755550.0,15.5220232
2013-08-19 00:00:00,18.4400005,18.5466671,18.6000004,18.4266663,907425.0,15.4069052
2013-08-20 00:00:00,18.5644436,18.4711113,18.6044445,18.3644447,930825.0,15.5108881
2013-08-21 00:00:00,18.4444447,18.5555553,18.6133327,18.4133339,591300.0,15.4106236
2013-08-22 00:00:00,18.6755562,18.4444447,18.6933327,18.4311104,393975.0,15.6037226
2013-08-23 00:00:00,18.6888885,18.6888885,18.7288895,18.5377789,464400.0,15.6148577
2013-08-26 00:00:00,18.6355553,18.6711102,18.7733326,18.5866661,370350.0,15.5702991
2013-08-27 00:00:00,18.4444447,18.4400005,18.5911102,18.3777771,756900.0,15.4106236
2013-08-28 00:00:00,18.3866673,18.4044437,18.5200005,18.373333,650700.0,15.3623486
2013-08-29 00:00:00,18.373333,18.3333321,18.5288887,18.3333321,475875.0,15.3512087
2013-08-30 00:00:00,18.2755566,18.3644447,18.4711113,18.2311115,1428075.0,15.2695122
2013-09-03 00:00:00,18.2577782,18.4444447,18.5111103,18.1066666,1955475.0,15.2546587
2013-09-04 00:00:00,18.2577782,18.2399998,18.3911114,18.1555557,1143450.0,15.2546587
2013-09-05 00:00:00,18.2133331,18.2622223,18.3111115,18.1511116,745875.0,15.2175245
2013-09-06 00:00:00,18.0888882,18.1688881,18.2222214,17.9644432,1194300.0,15.1505251
2013-09-09 00:00:00,18.3111115,18.1066666,18.3466663,18.084444,502875.0,15.3366528
2013-09-10 00:00:00,18.4444447,18.4044437,18.4533329,18.3022213,594450.0,15.4483213
2013-09-11 00:00:00,18.5422211,18.4533329,18.5422211,18.3911114,831150.0,15.5302105
2013-09-12 00:00:00,18.5066662,18.5422211,18.6088886,18.4400005,826425.0,15.5004339
2013-09-13 00:00:00,18.4577789,18.5377789,18.6000004,18.4444447,596925.0,15.4594841
2013-09-16 00:00:00,18.4622211,18.5688896,18.6311111,18.4311104,1268550.0,15.4632053
2013-09-17 00:00:00,18.6355553,18.4888897,18.6711102,18.4622211,1127250.0,15.6083841
2013-09-18 00:00:00,18.8755569,18.6444435,18.8755569,18.5555553,1319175.0,15.8094025
2013-09-19 00:00:00,19.0711117,18.9200001,19.1200008,18.835556,1454625.0,15.9731913
2013-09-20 00:00:00,19.2044449,19.1066666,19.2755566,19.0888882,2067750.0,16.0848675
2013-09-23 00:00:00,19.1155567,19.1422215,19.1911106,19.0355568,818325.0,16.010416
2013-09-24 00:00:00,19.0755558,19.0799999,19.2044449,19.0488892,565200.0,15.9769125
2013-09-25 00:00:00,19.1955566,19.0711117,19.2355556,18.9733334,630000.0,16.0774212
2013-09-26 00:00:00,19.2266674,19.1911106,19.3333321,19.1022224,557775.0,16.1034775
2013-09-27 00:00:00,19.208889,19.1733322,19.3022213,19.1022224,752625.0,16.0885868
2013-09-30 00:00:00,19.0488892,19.0,19.0977783,18.6844444,3088125.0,15.9545822
2013-10-01 00:00:00,18.9866676,19.1111107,19.208889,18.9244442,2225700.0,15.9024658
2013-10-02 00:00:00,18.9866676,18.9200001,19.0533333,18.8133335,1273725.0,15.9024658
2013-10-03 00:00:00,18.8311119,18.9200001,18.9200001,18.7600002,1066275.0,15.7721748
2013-10-04 00:00:00,18.9066677,18.8088894,18.9333324,18.8088894,959175.0,15.8354568
2013-10-07 00:00:00,18.7866669,18.7733326,18.8977776,18.7066669,598050.0,15.7349491
2013-10-08 00:00:00,18.6933327,18.7866669,18.8311119,18.6711102,755550.0,15.6567822
2013-10-09 00:00:00,18.7422218,18.6977787,18.8400002,18.6177788,1341225.0,15.6977272
2013-10-10 00:00:00,19.1066666,18.9422226,19.1155567,18.8844433,1140075.0,16.0029659
2013-10-11 00:00:00,19.2622223,19.0533333,19.2711105,19.0177784,708750.0,16.1332607
2013-10-14 00:00:00,19.4755554,19.1955566,19.4755554,19.1466675,788175.0,16.3119392
2013-10-15 00:00:00,19.2755566,19.4666672,19.5200005,19.2399998,1211625.0,16.1444263
2013-10-16 00:00:00,19.4755554,18.9022217,19.4844437,18.9022217,1292400.0,16.3119392
2013-10-17 00:00:00,19.6355553,19.417778,19.6533337,19.3555565,931725.0,16.4459476
2013-10-18 00:00:00,19.7333336,19.7377777,19.7511101,19.5688896,1004400.0,16.5278435
2013-10-21 00:00:00,19.6933327,19.7155552,19.8222218,19.6577778,1037700.0,16.4943371
2013-10-22 00:00:00,19.4088898,19.8533325,20.0,19.3777771,1529325.0,16.2561016
2013-10-23 00:00:00,19.4844437,19.3022213,19.5022221,19.1955566,986850.0,16.3193779
2013-10-24 00:00:00,19.3955555,19.4799995,19.5955563,19.3955555,613350.0,16.2449379
2013-10-25 00:00:00,19.3955555,19.4355564,19.6133327,19.3288898,879525.0,16.2449379
2013-10-28 00:00:00,19.4622211,19.373333,19.4711113,19.3288898,895950.0,16.3007679
2013-10-29 00:00:00,19.5244446,19.5155563,19.5688896,19.4577789,1226250.0,16.3528824
2013-10-30 00:00:00,19.5911102,19.5777779,19.6533337,19.4888897,1068300.0,16.40872
2013-10-31 00:00:00,19.5155563,19.6133327,19.6133327,19.4755554,1575000.0,16.345438
2013-11-01 00:00:00,19.3688889,19.5599995,19.5733337,19.2844448,1111725.0,16.2225952
2013-11-04 00:00:00,19.3555565,19.3866673,19.4533329,19.3333321,787725.0,16.2114277
2013-11-05 00:00:00,19.2622223,19.3288898,19.3866673,19.2622223,958950.0,16.1332607
2013-11-06 00:00:00,19.4044437,19.3022213,19.4400005,19.2355556,916650.0,16.2523785
2013-11-07 00:00:00,19.2222214,19.4444447,19.5155563,19.2133331,1109025.0,16.0997486
2013-11-08 00:00:00,19.2399998,19.2133331,19.2844448,19.1511116,1935225.0,16.1146469
2013-11-11 00:00:00,19.3111115,19.2177773,19.3555565,19.1911106,1116000.0,16.1742058
2013-11-12 00:00:00,19.2977772,19.2488899,19.3422222,19.1911106,1243350.0,16.1630402
2013-11-13 00:00:00,19.417778,19.2444439,19.417778,19.208889,1018125.0,16.2635422
2013-11-14 00:00:00,19.5599995,19.4622211,19.5688896,19.3422222,438750.0,16.3826618
2013-11-15 00:00:00,19.4444447,19.5599995,19.5688896,19.3422222,544950.0,16.2858772
2013-11-18 00:00:00,19.3999996,19.4266663,19.4577789,19.3155556,890550.0,16.2486572
2013-11-19 00:00:00,19.4400005,19.4044437,19.4533329,19.2977772,828450.0,16.2821541
2013-11-20 00:00:00,19.3688889,19.4444447,19.4577789,19.3022213,1189350.0,16.2225952
2013-11-21 00:00:00,19.6044445,19.4222221,19.6044445,19.4044437,589950.0,16.4198914
2013-11-22 00:00:00,19.7999992,19.5777779,19.8044434,19.5111103,815400.0,16.5836811
2013-11-25 00:00:00,19.7199993,19.8400002,19.8622227,19.6977787,659700.0,16.5166759
2013-11-26 00:00:00,19.6088886,19.6888885,19.7688885,19.5955563,1340100.0,16.4236088
2013-11-27 00:00:00,19.6133327,19.6000004,19.6844444,19.5377789,1595925.0,16.4273338
2013-11-29 00:00:00,19.4622211,19.5733337,19.6666679,19.4622211,514575.0,16.3377934
2013-12-02 00:00:00,19.1244431,19.1866665,19.3955555,18.9777775,1847925.0,16.0542336
2013-12-03 00:00:00,19.164444,19.0577774,19.1955566,19.0266666,1211625.0,16.0878181
2013-12-04 00:00:00,19.0666676,19.0755558,19.1866665,18.9466667,859950.0,16.005743
2013-12-05 00:00:00,19.0400009,19.0355568,19.0400009,18.9200001,1134225.0,15.9833555
2013-12-06 00:00:00,19.2266674,19.2044449,19.3600006,19.1466675,1670400.0,16.1400509
2013-12-09 00:00:00,19.3288898,19.2222214,19.3911114,19.2222214,1725075.0,16.2258606
2013-12-10 00:00:00,19.2177773,19.2844448,19.3288898,19.2000008,2054475.0,16.1325893
2013-12-11 00:00:00,18.8222218,19.2044449,19.2666664,18.8133335,2512125.0,15.8005314
2013-12-12 00:00:00,18.8622227,18.7822227,18.9599991,18.7777786,1162125.0,15.834116
2013-12-13 00:00:00,18.9288883,18.9422226,19.0177784,18.8622227,1345950.0,15.8900747
2013-12-16 00:00:00,18.8266678,18.9511108,19.0488892,18.7999992,2064375.0,15.8042717
2013-12-17 00:00:00,18.7333336,18.791111,18.835556,18.6399994,1726875.0,15.7259178
2013-12-18 00:00:00,18.9200001,18.7644444,18.9333324,18.6977787,1637325.0,15.8826199
2013-12-19 00:00:00,18.8488884,18.9066677,18.9288883,18.835556,1237950.0,15.8229227
2013-12-20 00:00:00,18.9777775,18.8488884,18.9777775,18.8488884,1952325.0,15.931118
2013-12-23 00:00:00,18.9688892,18.9555569,19.1022224,18.9288883,858150.0,15.9236526
2013-12-24 00:00:00,19.0977783,18.9511108,19.0977783,18.9511108,283275.0,16.0318508
2013-12-26 00:00:00,19.0977783,19.1599998,19.2177773,19.0044441,434700.0,16.0318508
2013-12-27 00:00:00,19.0755558,19.1333332,19.1911106,19.0666676,1035000.0,16.0132008
2013-12-30 00:00:00,19.2266674,19.0977783,19.2311115,19.0977783,1314675.0,16.1400509
2013-12-31 00:00:00,19.2844448,19.2666664,19.3155556,19.2133331,772425.0,16.1885509
2014-01-02 00:00:00,19.0355568,19.2666664,19.2666664,18.9333324,1105650.0,15.97962
2014-01-03 00:00:00,18.9733334,19.0088882,19.0622215,18.9377785,801900.0,15.9273891
2014-01-06 00:00:00,18.8888893,19.0444431,19.0711117,18.8488884,1002600.0,15.8564987
2014-01-07 00:00:00,18.8311119,18.9022217,19.0311108,18.8088894,1298700.0,15.8079967
2014-01-08 00:00:00,18.5599995,18.7866669,18.791111,18.5288887,2381625.0,15.5804157
2014-01-09 00:00:00,18.6444435,18.5955563,18.6844444,18.5333328,2552175.0,15.6512976
2014-01-10 00:00:00,18.6666679,18.6666679,18.7066669,18.5644436,1243575.0,15.6699553
2014-01-13 00:00:00,18.4488888,18.6577778,18.6755562,18.3866673,1050300.0,15.4871368
2014-01-14 00:00:00,18.5422211,18.5111103,18.5688896,18.4622211,1192500.0,15.5654802
2014-01-15 00:00:00,18.5244446,18.5777779,18.5911102,18.4711113,1383075.0,15.550559
2014-01-16 00:00:00,18.5333328,18.5111103,18.5422211,18.4577789,1192275.0,15.5580196
2014-01-17 00:00:00,18.4533329,18.5333328,18.5511112,18.4311104,1236825.0,15.4908667
2014-01-21 00:00:00,18.3600006,18.4666672,18.5200005,18.1955566,1715850.0,15.4125166
2014-01-22 00:00:00,18.4488888,18.417778,18.4977779,18.3333321,1624275.0,15.4871368
2014-01-23 00:00:00,18.1822224,18.3422222,18.3600006,18.1111107,1116675.0,15.2632761
2014-01-24 00:00:00,17.8577785,18.0622215,18.1244431,17.8577785,1127025.0,14.9909286
2014-01-27 00:00:00,17.8222218,17.8577785,17.9688892,17.7600002,2036925.0,14.961072
2014-01-28 00:00:00,18.1955566,17.8666668,18.2666664,17.8266678,2620575.0,15.2744751
2014-01-29 00:00:00,17.9422226,18.0266666,18.1599998,17.7377777,2466900.0,15.0618134
2014-01-30 00:00:00,17.5466671,17.7466679,17.7688885,17.4977779,3243600.0,14.7297544
2014-01-31 00:00:00,17.2266674,17.3377781,17.4400005,17.1866665,2913075.0,14.4611273
2014-02-03 00:00:00,16.8577785,17.2000008,17.2399998,16.8088894,4948425.0,14.1514587
2014-02-04 00:00:00,17.2399998,16.835556,17.2755566,16.835556,3929175.0,14.4723196
2014-02-05 00:00:00,17.0666676,17.2266674,17.2666664,17.0266666,2106450.0,14.3268137
2014-02-06 00:00:00,17.2133331,17.0977783,17.2177773,16.9955559,3447225.0,14.4499311
2014-02-07 00:00:00,17.2977772,17.2533321,17.3377781,17.1377773,1845450.0,14.5208168
2014-02-10 00:00:00,17.5244446,17.3199997,17.5644436,17.2533321,1885950.0,14.7111006
2014-02-11 00:00:00,17.7644444,17.5333328,17.8044434,17.5066662,1597050.0,14.9125767
2014-02-12 00:00:00,17.8133335,17.7688885,17.8177776,17.6800003,1777275.0,14.9536152
2014-02-13 00:00:00,17.8799992,17.7111111,17.9111118,17.6755562,1322325.0,15.009573
2014-02-14 00:00:00,18.0622215,17.8799992,18.0622215,17.8311119,935100.0,15.1625481
2014-02-18 00:00:00,18.0355568,18.0888882,18.1200008,17.9022217,1436625.0,15.1401625
2014-02-19 00:00:00,17.9644432,17.9777775,18.084444,17.9200001,1390950.0,15.0804644
2014-02-20 00:00:00,18.1155567,18.2000008,18.2355556,18.0222225,1315350.0,15.2073135
2014-02-21 00:00:00,18.0888882,18.1511116,18.1688881,18.0533333,2146275.0,15.1849318
2014-02-24 00:00:00,18.0488892,18.0799999,18.1599998,18.0222225,1391175.0,15.151351
2014-02-25 00:00:00,18.0311108,18.0533333,18.0755558,17.9422226,1437300.0,15.1364298
2014-02-26 00:00:00,18.084444,18.0444431,18.084444,17.9422226,1434375.0,15.1811924
2014-02-27 00:00:00,18.2666664,18.0755558,18.2666664,18.0444431,774450.0,15.3341675
2014-02-28 00:00:00,18.3288898,18.2844448,18.4622211,18.2399998,1188225.0,15.3863974
2014-03-03 00:00:00,18.1111107,18.1911106,18.2355556,18.0044441,1216350.0,15.2035847
2014-03-04 00:00:00,18.2444439,18.3022213,18.373333,18.208889,1400175.0,15.3155146
2014-03-05 00:00:00,18.2533321,18.2577782,18.3244438,18.1688881,1188450.0,15.3229733
2014-03-06 00:00:00,18.1911106,18.2977772,18.3377781,18.1733322,1235925.0,15.2707415
2014-03-07 00:00:00,18.0977783,18.2666664,18.2666664,18.0266666,1214100.0,15.1923933
2014-03-10 00:00:00,18.0977783,18.0666676,18.1066666,17.9599991,1147500.0,15.1923933
2014-03-11 00:00:00,18.0622215,18.1333332,18.2044449,17.9866676,1325700.0,15.1625481
2014-03-12 00:00:00,18.1066666,18.0266666,18.1422215,17.9466667,1417050.0,15.1998529
2014-03-13 00:00:00,18.0577774,18.1422215,18.1733322,17.9422226,1307700.0,15.1588125
2014-03-14 00:00:00,18.0755558,18.0355568,18.1688881,17.9733334,1382850.0,15.1737375
2014-03-17 00:00:00,18.2222214,18.0400009,18.2222214,18.0088882,1654425.0,15.3345623
2014-03-18 00:00:00,18.2755566,18.2444439,18.3111115,18.164444,1373175.0,15.379446
2014-03-19 00:00:00,18.2044449,18.2977772,18.2977772,18.1066666,1970100.0,15.3196058
2014-03-20 00:00:00,18.1688881,18.1422215,18.2311115,18.0888882,1293975.0,15.2896824
2014-03-21 00:00:00,18.2444439,18.2399998,18.3288898,18.1822224,4260150.0,15.3532639
2014-03-24 00:00:00,18.208889,18.2800007,18.3288898,18.1555557,944100.0,15.3233442
2014-03-25 00:00:00,18.3422222,18.3022213,18.373333,18.2133331,871875.0,15.4355459
2014-03-26 00:00:00,18.2311115,18.417778,18.5111103,18.2311115,1287000.0,15.3420439
2014-03-27 00:00:00,18.1822224,18.2666664,18.3066673,18.1555557,958050.0,15.3008995
2014-03-28 00:00:00,18.2000008,18.2533321,18.3422222,18.1511116,814275.0,15.3158617
2014-03-31 00:00:00,18.4977779,18.3155556,18.5377789,18.2488899,1708425.0,15.5664549
2014-04-01 00:00:00,18.4044437,18.5022221,18.5288887,18.1599998,1609875.0,15.4879065
2014-04-02 00:00:00,18.3199997,18.3911114,18.417778,18.3066673,784350.0,15.4168491
2014-04-03 00:00:00,18.4888897,18.3600006,18.5066662,18.2800007,698175.0,15.5589762
2014-04-04 00:00:00,18.3866673,18.5511112,18.626667,18.3822212,942525.0,15.472949
2014-04-07 00:00:00,18.2266674,18.373333,18.3955555,18.2044449,848025.0,15.3383045
2014-04-08 00:00:00,18.1733322,18.2222214,18.2755566,18.1422215,635175.0,15.2934198
2014-04-09 00:00:00,18.3999996,18.2577782,18.4044437,18.1244431,737775.0,15.48417
2014-04-10 00:00:00,18.1955566,18.3644447,18.5333328,18.1955566,1233900.0,15.3121252
2014-04-11 00:00:00,18.0488892,18.1599998,18.164444,18.0355568,748350.0,15.1886978
2014-04-14 00:00:00,18.1688881,18.1955566,18.2133331,18.0400009,617850.0,15.2896824
2014-04-15 00:00:00,18.2488899,18.2000008,18.2488899,18.0266666,665100.0,15.3570051
2014-04-16 00:00:00,18.4088898,18.3555565,18.4266663,18.2888889,929475.0,15.4916515
2014-04-17 00:00:00,18.3955555,18.4133339,18.5333328,18.3688889,618525.0,15.4804239
2014-04-21 00:00:00,18.3999996,18.3822212,18.4088898,18.3022213,520425.0,15.48417
2014-04-22 00:00:00,18.4400005,18.4222221,18.4844437,18.3288898,835650.0,15.5178308
2014-04-23 00:00:00,18.9200001,18.8799992,19.084444,18.7066669,1831050.0,15.9217663
2014-04-24 00:00:00,19.1911106,19.0133324,19.2577782,18.9555569,1269450.0,16.14991
2014-04-25 00:00:00,19.0755558,19.2000008,19.2133331,19.0088882,1165500.0,16.0526714
2014-04-28 00:00:00,19.3377781,19.1599998,19.3866673,19.1555557,1199475.0,16.2733383
2014-04-29 00:00:00,19.6133327,19.4088898,19.6177788,19.3688889,1701000.0,16.5052242
2014-04-30 00:00:00,19.6622219,19.5733337,19.7022228,19.3555565,1975725.0,16.5463696
2014-05-01 00:00:00,19.7111111,19.6933327,19.7244434,19.5422211,1614600.0,16.5875111
2014-05-02 00:00:00,19.8400002,19.6977787,19.8888893,19.6888885,1432350.0,16.6959705
2014-05-05 00:00:00,19.7333336,19.7466679,19.791111,19.5733337,968850.0,16.6062107
2014-05-06 00:00:00,19.582222,19.6888885,19.7066669,19.5466671,1365300.0,16.4790459
2014-05-07 00:00:00,20.0,19.582222,20.0,19.582222,1421325.0,16.8306255
2014-05-08 00:00:00,19.7377777,19.9777775,20.0799999,19.7155552,1320300.0,16.6099491
2014-05-09 00:00:00,19.7244434,19.7111111,19.8088894,19.6088886,785700.0,16.5987282
2014-05-12 00:00:00,19.8400002,19.7866669,19.915556,19.7466679,958725.0,16.6959705
2014-05-13 00:00:00,19.8088894,19.8533325,19.9333324,19.7733326,1125900.0,16.6697922
2014-05-14 00:00:00,19.6755562,19.8266678,19.8400002,19.5733337,1026450.0,16.5575867
2014-05-15 00:00:00,19.5511112,19.6666679,19.6666679,19.3288898,968175.0,16.4528694
2014-05-16 00:00:00,19.5599995,19.5244446,19.5644436,19.4133339,655425.0,16.4603424
2014-05-19 00:00:00,19.5955563,19.5422211,19.6133327,19.4622211,888750.0,16.4902668
2014-05-20 00:00:00,19.5066662,19.5955563,19.6044445,19.3955555,934425.0,16.4154606
2014-05-21 00:00:00,19.5955563,19.5200005,19.6088886,19.4444447,829575.0,16.4902668
2014-05-22 00:00:00,19.5511112,19.5644436,19.6000004,19.4577789,1187775.0,16.4528694
2014-05-23 00:00:00,19.6177788,19.5688896,19.6844444,19.5066662,1035450.0,16.5089664
2014-05-27 00:00:00,19.6888885,19.6666679,19.7511101,19.6444435,603000.0,16.5688057
2014-05-28 00:00:00,19.6666679,19.7111111,19.7288895,19.5911102,586800.0,16.5501099
2014-05-29 00:00:00,19.791111,19.7111111,19.8177776,19.6577778,518850.0,16.6548328
2014-05-30 00:00:00,19.8088894,19.7822227,19.8311119,19.7244434,1383750.0,16.6697922
2014-06-02 00:00:00,19.8266678,19.8311119,19.9333324,19.7555561,997425.0,16.6847515
2014-06-03 00:00:00,19.8177776,19.7999992,19.8533325,19.6977787,859275.0,16.6772766
2014-06-04 00:00:00,20.0622215,19.8311119,20.0888882,19.8311119,841275.0,16.8829784
2014-06-05 00:00:00,20.1377773,20.0622215,20.1777782,19.9777775,699975.0,16.9465599
2014-06-06 00:00:00,20.1599998,20.1333332,20.2577782,20.1288891,636525.0,17.0065498
2014-06-09 00:00:00,20.2000008,20.1466675,20.2533321,20.1377773,536175.0,17.0402946
2014-06-10 00:00:00,20.1066666,20.1377773,20.1777782,20.0666676,792450.0,16.9615574
2014-06-11 00:00:00,20.1111107,20.0666676,20.1377773,20.0266666,475425.0,16.9653091
2014-06-12 00:00:00,20.0622215,20.1066666,20.1244431,19.9466667,738000.0,16.9240665
2014-06-13 00:00:00,20.0755558,20.0444431,20.1333332,19.9911118,402525.0,16.9353161
2014-06-16 00:00:00,20.0088882,20.0711117,20.1555557,19.9555569,825975.0,16.879076
2014-06-17 00:00:00,20.2488899,19.9955559,20.2888889,19.9333324,1110600.0,17.0815392
2014-06-18 00:00:00,20.4044437,20.2488899,20.4577789,20.2355556,1190700.0,17.2127571
2014-06-19 00:00:00,20.5022221,20.4444447,20.5377789,20.3644447,1080450.0,17.2952385
2014-06-20 00:00:00,20.4266663,20.4977779,20.5555553,20.3688889,1487250.0,17.2314987
2014-06-23 00:00:00,20.3999996,20.4622211,20.4799995,20.3511105,1976625.0,17.2090111
2014-06-24 00:00:00,20.2533321,20.3466663,20.4888897,20.2444439,815175.0,17.0852795
2014-06-25 00:00:00,20.2844448,20.3111115,20.3511105,20.2222214,1214550.0,17.1115303
2014-06-26 00:00:00,20.3066673,20.3111115,20.3244438,20.1200008,688500.0,17.1302757
2014-06-27 00:00:00,20.4755554,20.2755566,20.4755554,20.2755566,1824525.0,17.2727413
2014-06-30 00:00:00,20.582222,20.4711113,20.6044445,20.3777771,1405125.0,17.3627224
2014-07-01 00:00:00,20.582222,20.6755562,20.8533325,20.5555553,2068200.0,17.3627224
2014-07-02 00:00:00,20.4977779,20.5777779,20.6444435,20.4488888,685575.0,17.2914925
2014-07-03 00:00:00,20.6177788,20.5066662,20.6177788,20.5066662,429975.0,17.3927231
2014-07-07 00:00:00,20.6177788,20.6177788,20.6355553,20.5422211,940950.0,17.3927231
2014-07-08 00:00:00,20.5422211,20.5599995,20.626667,20.5022221,863325.0,17.3289871
2014-07-09 00:00:00,20.5244446,20.5422211,20.5911102,20.4711113,662400.0,17.3139877
2014-07-10 00:00:00,20.5200005,20.3555565,20.5466671,20.2488899,789075.0,17.3102322
2014-07-11 00:00:00,20.5022221,20.5111103,20.5511112,20.4355564,538650.0,17.2952385
2014-07-14 00:00:00,20.6133327,20.5911102,20.7022228,20.5555553,573525.0,17.3889694
2014-07-15 00:00:00,20.4711113,20.6666679,20.7466679,20.4355564,1252575.0,17.2689972
2014-07-16 00:00:00,20.4844437,20.582222,20.5955563,20.3777771,1251450.0,17.2802448
2014-07-17 00:00:00,20.3155556,20.4933338,20.6399994,20.2800007,731700.0,17.1377697
2014-07-18 00:00:00,20.3866673,20.3644447,20.4044437,20.2533321,708300.0,17.1977654
2014-07-21 00:00:00,20.2755566,20.2844448,20.3244438,20.1866665,769050.0,17.1040268
2014-07-22 00:00:00,20.0888882,20.2844448,20.2844448,20.084444,1188000.0,16.946558
2014-07-23 00:00:00,20.1111107,20.1066666,20.1288891,20.0266666,816750.0,16.9653091
2014-07-24 00:00:00,20.1200008,20.1200008,20.1466675,20.0355568,1287675.0,16.9728127
2014-07-25 00:00:00,19.9288883,20.0711117,20.0711117,19.8888893,1212975.0,16.8115826
2014-07-28 00:00:00,19.8799992,19.9511108,20.0311108,19.7600002,1381050.0,16.7703495
2014-07-29 00:00:00,20.0444431,20.3288898,20.6533337,19.8622227,2795850.0,16.9090748
2014-07-30 00:00:00,19.9688892,20.1288891,20.1688881,19.6977787,2036700.0,16.8453293
2014-07-31 00:00:00,19.8266678,19.8666668,19.9333324,19.6888885,1668150.0,16.7253532
2014-08-01 00:00:00,19.8666668,19.8222218,19.9066677,19.6933327,1943325.0,16.7590942
2014-08-04 00:00:00,19.8799992,19.9244442,19.9244442,19.7111111,1290150.0,16.7703495
2014-08-05 00:00:00,19.9022217,19.8844433,19.9466667,19.7688885,1375200.0,16.7890911
2014-08-06 00:00:00,20.0266666,19.8666668,20.0400009,19.7822227,734850.0,16.8940735
2014-08-07 00:00:00,20.0444431,20.1155567,20.1599998,19.9466667,1169100.0,16.9090748
2014-08-08 00:00:00,20.1377773,19.9911118,20.1511116,19.9688892,737100.0,16.9878044
2014-08-11 00:00:00,20.2800007,20.2222214,20.2844448,20.0755558,1089225.0,17.1077785
2014-08-12 00:00:00,20.4711113,20.2977772,20.5333328,20.2533321,1608300.0,17.2689972
2014-08-13 00:00:00,20.6177788,20.4977779,20.6399994,20.4488888,1065150.0,17.3927231
2014-08-14 00:00:00,20.8533325,20.6311111,20.8533325,20.6177788,926100.0,17.5914307
2014-08-15 00:00:00,20.9288883,20.9377785,20.9955559,20.7822227,894600.0,17.6551628
2014-08-18 00:00:00,21.0266666,21.0266666,21.0711117,20.9466667,1123650.0,17.7376575
2014-08-19 00:00:00,20.9911118,21.0266666,21.0488892,20.9288883,1018125.0,17.7076588
2014-08-20 00:00:00,21.1733322,20.9688892,21.2000008,20.9200001,1352250.0,17.8613777
2014-08-21 00:00:00,21.2933331,21.1555557,21.3377781,21.1333332,820125.0,17.9626045
2014-08-22 00:00:00,21.2444439,21.2444439,21.3111115,21.1333332,1311075.0,17.9213696
2014-08-25 00:00:00,21.3644447,21.2800007,21.3999996,21.2399998,596025.0,18.0225945
2014-08-26 00:00:00,21.3911114,21.373333,21.5333328,21.3600006,1001025.0,18.0450821
2014-08-27 00:00:00,21.4666672,21.373333,21.5022221,21.373333,862875.0,18.1088219
2014-08-28 00:00:00,21.4133339,21.3911114,21.4977779,21.3777771,641025.0,18.0638332
2014-08-29 00:00:00,21.4888897,21.4266663,21.5333328,21.3777771,849600.0,18.127573
2014-09-02 00:00:00,21.5022221,21.5555553,21.7511101,21.4977779,1462725.0,18.1388206
2014-09-03 00:00:00,21.417778,21.5155563,21.6222229,21.4088898,1321875.0,18.0675831
2014-09-04 00:00:00,21.4933338,21.4044437,21.6488895,21.3999996,1445850.0,18.131321
2014-09-05 00:00:00,21.4622211,21.4888897,21.5288887,21.3866673,815625.0,18.1050758
2014-09-08 00:00:00,21.4577789,21.4222221,21.4799995,21.3111115,841725.0,18.1426563
2014-09-09 00:00:00,21.3111115,21.3777771,21.3999996,21.2666664,594450.0,18.0186405
2014-09-10 00:00:00,21.4266663,21.3466663,21.4755554,21.2977772,982575.0,18.1163464
2014-09-11 00:00:00,21.3111115,21.3555565,21.4400005,21.2977772,882225.0,18.0186405
2014-09-12 00:00:00,21.3066673,21.3155556,21.3999996,21.208889,1464300.0,18.0148907
2014-09-15 00:00:00,21.5200005,21.3688889,21.6399994,21.2888889,1312200.0,18.195261
2014-09-16 00:00:00,21.5022221,21.4799995,21.6577778,21.4444447,1193175.0,18.180233
2014-09-17 00:00:00,21.4622211,21.4222221,21.6355553,21.4044437,613800.0,18.14641
2014-09-18 00:00:00,21.6311111,21.5111103,21.7199993,21.4311104,796500.0,18.2892094
2014-09-19 00:00:00,21.5244446,21.6622219,21.6844444,21.4711113,1950300.0,18.1990223
2014-09-22 00:00:00,21.3644447,21.5111103,21.6088886,21.3555565,1000125.0,18.0637455
2014-09-23 00:00:00,21.1866665,21.3066673,21.3822212,21.1555557,1186200.0,17.9134254
2014-09-24 00:00:00,21.4044437,21.2444439,21.4444447,21.1733322,635400.0,18.0975628
2014-09-25 00:00:00,21.2399998,21.3777771,21.3911114,21.2177773,948825.0,17.9585266
2014-09-26 00:00:00,21.3555565,21.2222214,21.3822212,21.1377773,712800.0,18.0562229
2014-09-29 00:00:00,21.3022213,21.2177773,21.3555565,21.1822224,804825.0,18.0111332
2014-09-30 00:00:00,21.2444439,21.2844448,21.3333321,21.1555557,763875.0,17.9622841
2014-10-01 00:00:00,21.2444439,21.4799995,21.4799995,21.1955566,1811925.0,17.9622841
2014-10-02 00:00:00,21.3244438,21.2222214,21.417778,21.1866665,1088550.0,18.0299225
2014-10-03 00:00:00,21.6977787,21.4222221,21.7244434,21.4044437,789300.0,18.3455772
2014-10-06 00:00:00,21.6088886,21.7466679,21.8177776,21.5911102,866925.0,18.2704258
2014-10-07 00:00:00,21.4222221,21.5555553,21.6177788,21.417778,1009125.0,18.1125908
2014-10-08 00:00:00,21.6577778,21.4755554,21.6577778,21.3644447,1070775.0,18.3117542
2014-10-09 00:00:00,21.2888889,21.6222229,21.6933327,21.2577782,1376775.0,17.999855
2014-10-10 00:00:00,21.2844448,21.2844448,21.5155563,21.2844448,1319175.0,17.9960976
2014-10-13 00:00:00,21.2622223,21.2844448,21.4755554,21.2444439,923850.0,17.977314
2014-10-14 00:00:00,21.4266663,21.3466663,21.4977779,21.2488899,836775.0,18.1163464
2014-10-15 00:00:00,21.3377781,21.1555557,21.4133339,20.7955551,1907325.0,18.041193
2014-10-16 00:00:00,21.0888882,21.1466675,21.1866665,20.915556,1752750.0,17.8307552
2014-10-17 00:00:00,21.4311104,21.3022213,21.4355564,21.1466675,700200.0,18.1201038
2014-10-20 00:00:00,21.5288887,21.373333,21.5288887,21.2666664,945675.0,18.2027798
2014-10-21 00:00:00,22.0711117,21.6311111,22.0711117,21.5555553,1106325.0,18.6612339
2014-10-22 00:00:00,21.8977776,22.164444,22.2222214,21.8711109,1020150.0,18.5146809
2014-10-23 00:00:00,22.0755558,22.0933323,22.1555557,21.9866676,1239075.0,18.6649857
2014-10-24 00:00:00,22.6399994,22.2222214,22.6622219,22.1822224,1333800.0,19.142231
2014-10-27 00:00:00,22.582222,22.626667,22.8622227,22.5644436,1804725.0,19.0933781
2014-10-28 00:00:00,22.5955563,22.7244434,22.7999992,22.5511112,2219400.0,19.1046543
2014-10-29 00:00:00,22.5466671,22.6888885,22.7244434,22.4488888,1837350.0,19.0633144
2014-10-30 00:00:00,22.6622219,22.5599995,22.6977787,22.5466671,1316925.0,19.1610184
2014-10-31 00:00:00,22.9066677,22.8711109,22.9466667,22.7288895,2173500.0,19.3676949
2014-11-03 00:00:00,22.8533325,22.9066677,22.9955559,22.791111,1444950.0,19.3225994
2014-11-04 00:00:00,22.9377785,22.915556,23.0044441,22.8444443,1136025.0,19.394001
2014-11-05 00:00:00,22.9688892,23.0222225,23.0577774,22.835556,1629000.0,19.4203091
2014-11-06 00:00:00,22.8755569,22.9688892,22.9866676,22.8222218,986400.0,19.3413944
2014-11-07 00:00:00,22.8177776,22.8888893,22.9466667,22.7777786,1956375.0,19.2925377
2014-11-10 00:00:00,22.8666668,22.7822227,23.0088882,22.7822227,848925.0,19.3338776
2014-11-11 00:00:00,22.7333336,22.9333324,22.9555569,22.7155552,972225.0,19.2211418
2014-11-12 00:00:00,22.6800003,22.6666679,22.7111111,22.6088886,1536525.0,19.1760445
2014-11-13 00:00:00,22.7777786,22.7244434,22.8088894,22.626667,1057275.0,19.2587185
2014-11-14 00:00:00,22.626667,22.7866669,22.8577785,22.6133327,707850.0,19.1309566
2014-11-17 00:00:00,22.6177788,22.582222,22.6622219,22.5422211,1152225.0,19.1234417
2014-11-18 00:00:00,22.7466679,22.6444435,22.8799992,22.6044445,981000.0,19.2324181
2014-11-19 00:00:00,22.7377777,22.7466679,22.7777786,22.6311111,1322550.0,19.2248974
2014-11-20 00:00:00,22.9866676,22.6844444,23.0933323,22.6755562,1161000.0,19.4353371
2014-11-21 00:00:00,23.0444431,23.1599998,23.1777782,22.9599991,760500.0,19.4841919
2014-11-24 00:00:00,23.1777782,23.1022224,23.208889,23.0444431,1318725.0,19.5969219
2014-11-25 00:00:00,23.1022224,23.208889,23.2444439,23.0666676,1951650.0,19.5330429
2014-11-26 00:00:00,23.208889,23.1466675,23.2266674,23.0933323,600075.0,19.6232262
2014-11-28 00:00:00,23.2177773,23.2133331,23.4533329,23.1911106,346950.0,19.672184
2014-12-01 00:00:00,23.0666676,23.2000008,23.2622223,23.0577774,884025.0,19.5441475
2014-12-02 00:00:00,23.1955566,23.1022224,23.3155556,23.0533333,1102275.0,19.6533508
2014-12-03 00:00:00,23.1777782,23.208889,23.2577782,23.1244431,1362825.0,19.6382904
2014-12-04 00:00:00,23.5111103,23.2133331,23.5111103,23.2044449,1183275.0,19.9207268
2014-12-05 00:00:00,23.5777779,23.5599995,23.6355553,23.4977779,948825.0,19.9772015
2014-12-08 00:00:00,23.9822216,23.5511112,24.0622215,23.5511112,1260000.0,20.3198891
2014-12-09 00:00:00,23.7422218,23.9644432,23.9644432,23.5111103,3047850.0,20.1165352
2014-12-10 00:00:00,23.3999996,23.7155552,23.7999992,23.3911114,838125.0,19.8265743
2014-12-11 00:00:00,23.3822212,23.4311104,23.5733337,23.3111115,1144800.0,19.811512
2014-12-12 00:00:00,22.9688892,23.2222214,23.2933331,22.8977776,1323225.0,19.4613037
2014-12-15 00:00:00,22.7466679,23.0488892,23.1422215,22.6711102,989775.0,19.2730141
2014-12-16 00:00:00,22.2977772,22.2399998,22.5155563,22.1022224,1627875.0,19.2691708
2014-12-17 00:00:00,22.5111103,22.3911114,22.5422211,22.1911106,1602450.0,19.4535351
2014-12-18 00:00:00,22.8311119,22.7155552,22.835556,22.5377789,1174275.0,19.7300701
2014-12-19 00:00:00,22.4533329,22.7555561,22.8622227,22.4222221,4539825.0,19.4035988
2014-12-22 00:00:00,22.6622219,22.5377789,22.8044434,22.5244446,1235925.0,19.584116
2014-12-23 00:00:00,22.915556,22.7111111,23.0533333,22.7111111,1071900.0,19.8030415
2014-12-24 00:00:00,22.9111118,22.9644432,23.0355568,22.8533325,417375.0,19.799202
2014-12-26 00:00:00,22.8933334,22.9955559,23.0666676,22.8711109,545175.0,19.783844
2014-12-29 00:00:00,23.0355568,22.8933334,23.2044449,22.8844433,914850.0,19.9067421
2014-12-30 00:00:00,23.0577774,23.0400009,23.1333332,22.9911118,717300.0,19.9259491
2014-12-31 00:00:00,22.7822227,23.1200008,23.1288891,22.7777786,815175.0,19.6878204
2015-01-02 00:00:00,22.5111103,22.8488884,22.9599991,22.4444447,1126125.0,19.4535351
2015-01-05 00:00:00,22.3111115,22.4133339,22.4977779,22.2266674,905400.0,19.2806969
2015-01-06 00:00:00,22.2533321,22.3866673,22.5022221,22.084444,1490850.0,19.2307644
2015-01-07 00:00:00,22.2755566,22.4133339,22.417778,22.0977783,1209600.0,19.2499695
2015-01-08 00:00:00,22.7511101,22.3511105,22.8088894,22.3511105,1658025.0,19.6609306
2015-01-09 00:00:00,22.5555553,22.7600002,22.835556,22.5288887,678375.0,19.4919357
2015-01-12 00:00:00,22.3333321,22.6222229,22.6399994,22.2533321,727425.0,19.299902
2015-01-13 00:00:00,22.3777771,22.5200005,22.7422218,22.2888889,1514250.0,19.3383064
2015-01-14 00:00:00,21.7199993,21.7822227,22.1066666,21.5288887,1712700.0,18.7698765
2015-01-15 00:00:00,21.5777779,21.6399994,21.7999992,21.5466671,2238075.0,18.6469688
2015-01-16 00:00:00,21.9288883,21.5911102,22.0311108,21.5911102,2178675.0,18.9503937
2015-01-20 00:00:00,21.7288895,21.9599991,22.0044441,21.5599995,2408850.0,18.7775536
2015-01-21 00:00:00,21.8266678,21.5911102,21.8666668,21.4666672,2010825.0,18.8620472
2015-01-22 00:00:00,22.4622211,21.9911118,22.4666672,21.791111,1495350.0,19.4112778
2015-01-23 00:00:00,22.1777782,22.4400005,22.4622211,22.1511116,988425.0,19.1654797
2015-01-26 00:00:00,22.3066673,22.1022224,22.3511105,21.9733334,1366650.0,19.2768593
2015-01-27 00:00:00,22.2711105,22.1599998,22.4088898,22.0755558,939375.0,19.2461185
2015-01-28 00:00:00,22.0488892,22.3822212,22.4355564,22.0355568,947700.0,19.0540943
2015-01-29 00:00:00,22.4266663,22.0933323,22.4577789,22.0,2031975.0,19.3805542
2015-01-30 00:00:00,21.7733326,22.2177773,22.3333321,21.7333336,1793025.0,18.8159618
2015-02-02 00:00:00,22.0355568,21.7511101,22.0533333,21.4711113,1558125.0,19.0425625
2015-02-03 00:00:00,22.1866665,22.0755558,22.2444439,21.9688892,2165175.0,19.1731586
2015-02-04 00:00:00,21.5111103,21.5777779,21.7777786,21.0888882,5678550.0,18.5893593
2015-02-05 00:00:00,21.8666668,21.5288887,22.0088882,21.5155563,2981250.0,18.8966198
2015-02-06 00:00:00,22.0044441,21.9200001,22.2177773,21.8933334,3120975.0,19.0156841
2015-02-09 00:00:00,22.0577774,21.9333324,22.0799999,21.8044434,1713600.0,19.0617733
2015-02-10 00:00:00,22.1466675,22.2222214,22.2222214,22.0488892,1329525.0,19.138586
2015-02-11 00:00:00,22.2000008,22.1599998,22.3600006,22.1288891,1666125.0,19.184679
2015-02-12 00:00:00,22.3066673,22.2666664,22.373333,22.2355556,1325925.0,19.2768593
2015-02-13 00:00:00,22.3422222,21.8755569,22.3555565,21.8755569,1937025.0,19.3075809
2015-02-17 00:00:00,22.3377781,22.4355564,22.5288887,22.2977772,1442700.0,19.3037434
2015-02-18 00:00:00,22.3511105,22.2933331,22.3866673,22.1733322,1347525.0,19.3152618
2015-02-19 00:00:00,22.2755566,22.3377781,22.3377781,22.2488899,786600.0,19.2499695
2015-02-20 00:00:00,22.4355564,22.2000008,22.4355564,22.1466675,1040850.0,19.3882408
2015-02-23 00:00:00,22.2933331,22.3777771,22.3777771,22.2266674,1609875.0,19.2653332
2015-02-24 00:00:00,22.2488899,22.2977772,22.3511105,22.1688881,1381500.0,19.2269287
2015-02-25 00:00:00,22.2444439,22.2533321,22.2711105,22.1777782,1469700.0,19.2230816
2015-02-26 00:00:00,22.3777771,22.2533321,22.5555553,22.2000008,1405800.0,19.3383064
2015-02-27 00:00:00,22.1822224,22.373333,22.3999996,22.1688881,1250775.0,19.1693134
2015-03-02 00:00:00,22.3333321,22.1822224,22.3333321,22.0755558,1679850.0,19.299902
2015-03-03 00:00:00,22.2933331,22.2399998,22.3466663,22.1022224,1117575.0,19.2653332
2015-03-04 00:00:00,22.2444439,22.2000008,22.2977772,22.1422215,1652400.0,19.2230816
2015-03-05 00:00:00,22.3022213,22.2888889,22.3377781,22.1955566,850275.0,19.2730141
2015-03-06 00:00:00,22.3244438,22.2222214,22.3999996,22.1866665,1195875.0,19.2922115
2015-03-09 00:00:00,22.3111115,22.3022213,22.3866673,22.2222214,1041975.0,19.2806969
2015-03-10 00:00:00,21.9511108,22.1422215,22.1911106,21.9422226,1504350.0,18.969595
2015-03-11 00:00:00,22.3022213,21.9777775,22.3022213,21.9288883,1008675.0,19.2730141
2015-03-12 00:00:00,22.7777786,22.4622211,22.7955551,22.4488888,838350.0,19.6839752
2015-03-13 00:00:00,22.4888897,22.7288895,22.7422218,22.373333,779175.0,19.4343243
2015-03-16 00:00:00,22.8266678,22.626667,22.8666668,22.5599995,785025.0,19.7262287
2015-03-17 00:00:00,22.7288895,22.7288895,22.7866669,22.5555553,1061100.0,19.6838875
2015-03-18 00:00:00,22.915556,22.6577778,23.0044441,22.5733337,1388700.0,19.8455486
2015-03-19 00:00:00,22.6177788,22.8711109,22.915556,22.5511112,1441125.0,19.5876598
2015-03-20 00:00:00,22.8400002,22.6622219,22.8844433,22.5466671,2829825.0,19.7801113
2015-03-23 00:00:00,22.9555569,22.8666668,23.0133324,22.8577785,805725.0,19.8801823
2015-03-24 00:00:00,22.5688896,22.9466667,22.9777775,22.4977779,2139750.0,19.5453281
2015-03-25 00:00:00,22.3555565,22.5555553,22.6800003,22.3555565,740250.0,19.3605671
2015-03-26 00:00:00,22.4622211,22.3111115,22.4799995,22.1866665,1334025.0,19.4529438
2015-03-27 00:00:00,22.3600006,22.4533329,22.4977779,22.164444,1363950.0,19.3644238
2015-03-30 00:00:00,22.7377777,22.4666672,22.835556,22.4133339,976275.0,19.6915855
2015-03-31 00:00:00,22.4488888,22.626667,22.6844444,22.3911114,1457775.0,19.4413986
2015-04-01 00:00:00,22.3111115,22.2800007,22.5733337,22.1955566,1691325.0,19.3220806
2015-04-02 00:00:00,22.3511105,22.3288898,22.4622211,22.2888889,565875.0,19.35672
2015-04-06 00:00:00,22.4933338,22.2444439,22.5688896,22.2222214,1065825.0,19.4798908
2015-04-07 00:00:00,22.2133331,22.5022221,22.5777779,22.1911106,928350.0,19.2374039
2015-04-08 00:00:00,22.2977772,22.2133331,22.3911114,22.2044449,887175.0,19.3105278
2015-04-09 00:00:00,22.5066662,22.3199997,22.5155563,22.2444439,1546425.0,19.491436
2015-04-10 00:00:00,22.4044437,22.5111103,22.5644436,22.3511105,575100.0,19.4029102
2015-04-13 00:00:00,22.3866673,22.3777771,22.4977779,22.3555565,785700.0,19.3875179
2015-04-14 00:00:00,22.3999996,22.4222221,22.5155563,22.2533321,771975.0,19.3990555
2015-04-15 00:00:00,22.3199997,22.3911114,22.5688896,22.3199997,916200.0,19.3297749
2015-04-16 00:00:00,22.5333328,22.2355556,22.5333328,22.2311115,882675.0,19.514534
2015-04-17 00:00:00,22.3066673,22.4133339,22.4311104,22.1333332,795375.0,19.3182316
2015-04-20 00:00:00,22.5200005,22.4400005,22.5688896,22.4311104,1076175.0,19.5029831
2015-04-21 00:00:00,22.1288891,22.5200005,22.5866661,22.0933323,1492425.0,19.1642704
2015-04-22 00:00:00,21.9244442,22.1200008,22.2044449,21.7244434,1657125.0,18.987215
2015-04-23 00:00:00,22.0044441,21.8666668,22.1244431,21.7822227,812925.0,19.0564995
2015-04-24 00:00:00,22.1155567,21.9955559,22.1777782,21.8933334,695475.0,19.1527214
2015-04-27 00:00:00,22.0755558,22.1688881,22.2666664,21.8888893,1293975.0,19.1180801
2015-04-28 00:00:00,22.1822224,22.0533333,22.2755566,21.8622227,1121400.0,19.2104588
2015-04-29 00:00:00,21.8844433,22.1066666,22.1911106,21.8222218,1320075.0,18.9525776
2015-04-30 00:00:00,21.7733326,21.7999992,21.9111118,21.6800003,1599975.0,18.856348
2015-05-01 00:00:00,21.8177776,21.9066677,22.0,21.7422218,1222875.0,18.8948364
2015-05-04 00:00:00,21.8711109,21.8444443,21.9511108,21.8266678,826875.0,18.9410248
2015-05-05 00:00:00,21.8266678,21.8177776,21.9466667,21.7555561,1023525.0,18.9025345
2015-05-06 00:00:00,21.915556,22.0711117,22.2311115,21.7688885,1624950.0,18.9795208
2015-05-07 00:00:00,22.0622215,21.915556,22.0933323,21.8222218,1057725.0,19.106535
2015-05-08 00:00:00,22.2133331,22.2311115,22.2399998,22.0977783,871425.0,19.2374039
2015-05-11 00:00:00,22.164444,22.1333332,22.2177773,22.0977783,694575.0,19.1950607
2015-05-12 00:00:00,22.1022224,22.0799999,22.1200008,21.8977776,881550.0,19.1411743
2015-05-13 00:00:00,22.1244431,22.1422215,22.2177773,22.0400009,758700.0,19.1604195
2015-05-14 00:00:00,22.2222214,22.2133331,22.2666664,22.1066666,2059200.0,19.2451
2015-05-15 00:00:00,22.164444,22.2533321,22.3066673,22.0799999,766350.0,19.1950607
2015-05-18 00:00:00,22.2044449,22.164444,22.2222214,22.1377773,1323675.0,19.229702
2015-05-19 00:00:00,22.2933331,22.2533321,22.3377781,22.1688881,752625.0,19.3066807
2015-05-20 00:00:00,22.3111115,22.3199997,22.3911114,22.2044449,695925.0,19.3220806
2015-05-21 00:00:00,22.1333332,22.2399998,22.2977772,22.1200008,886950.0,19.1681156
2015-05-22 00:00:00,21.9955559,22.084444,22.1688881,21.9822216,1172475.0,19.0487995
2015-05-26 00:00:00,21.7466679,21.9377785,21.9511108,21.7377777,1188000.0,18.8332577
2015-05-27 00:00:00,21.8844433,21.7511101,21.8977776,21.6888885,792900.0,18.9525776
2015-05-28 00:00:00,21.8933334,21.8088894,21.8933334,21.7244434,897750.0,18.9602718
2015-05-29 00:00:00,21.7777786,21.9200001,21.9377785,21.6844444,3753900.0,18.8602009
2015-06-01 00:00:00,21.8533325,21.8400002,21.9111118,21.7511101,1298475.0,18.9256325
2015-06-02 00:00:00,22.0488892,21.7955551,22.1511116,21.6844444,2300175.0,19.0949974
2015-06-03 00:00:00,22.3600006,22.1066666,22.3688889,22.0488892,1705275.0,19.3644238
2015-06-04 00:00:00,22.0711117,22.2533321,22.3688889,22.0355568,899100.0,19.1142368
2015-06-05 00:00:00,22.0,22.0622215,22.2577782,21.8533325,2121075.0,19.0526524
2015-06-08 00:00:00,21.8400002,21.9955559,22.0444431,21.8266678,1394775.0,18.9140835
2015-06-09 00:00:00,21.6666679,21.8177776,21.835556,21.6533337,936675.0,18.7639694
2015-06-10 00:00:00,22.3377781,21.8622227,22.3822212,21.835556,1777275.0,19.3451786
2015-06-11 00:00:00,22.6311111,22.3066673,22.6444435,22.1022224,1385550.0,19.6461163
2015-06-12 00:00:00,22.8133335,22.5599995,22.8400002,22.5333328,1858950.0,19.8042984
2015-06-15 00:00:00,22.7511101,22.6666679,22.835556,22.5244446,1439775.0,19.750288
2015-06-16 00:00:00,22.9066677,22.7155552,22.9733334,22.5866661,894825.0,19.8853264
2015-06-17 00:00:00,22.8711109,22.9688892,22.9866676,22.8133335,794925.0,19.8544636
2015-06-18 00:00:00,23.3066673,22.9022217,23.3288898,22.9022217,1321200.0,20.2325649
2015-06-19 00:00:00,23.5155563,23.2800007,23.5200005,23.1866665,2910600.0,20.4139023
2015-06-22 00:00:00,23.417778,23.626667,23.7333336,23.3866673,1539900.0,20.3290234
2015-06-23 00:00:00,23.6311111,23.5333328,23.6577778,23.3822212,2514600.0,20.5142174
2015-06-24 00:00:00,23.4844437,23.6044445,23.6044445,23.4266663,1744425.0,20.3868961
2015-06-25 00:00:00,23.3377781,23.5022221,23.5022221,23.3155556,2192625.0,20.259573
2015-06-26 00:00:00,23.3866673,23.4044437,23.5066662,23.3333321,3177900.0,20.3020172
2015-06-29 00:00:00,22.9866676,23.1777782,23.3555565,22.9688892,1435725.0,19.9547729
2015-06-30 00:00:00,23.0799999,23.2044449,23.3288898,23.0222225,1475325.0,20.0357933
2015-07-01 00:00:00,24.3199997,23.7199993,24.4977779,23.6533337,5353650.0,21.1122379
2015-07-02 00:00:00,24.2133331,24.3199997,24.5022221,24.1599998,3055500.0,21.0196457
2015-07-06 00:00:00,24.5022221,24.0266666,24.5466671,24.0266666,2065275.0,21.2704334
2015-07-07 00:00:00,24.9422226,24.6000004,24.9511108,24.5111103,2457225.0,21.6523991
2015-07-08 00:00:00,24.9066677,24.9955559,25.0666676,24.8222218,2726775.0,21.6215286
2015-07-09 00:00:00,24.6577778,24.8533325,25.0444431,24.6311111,2920950.0,21.4054642
2015-07-10 00:00:00,25.0044441,24.8533325,25.0355568,24.8266678,1343475.0,21.7064152
2015-07-13 00:00:00,24.9644432,25.2133331,25.2133331,24.8799992,1635750.0,21.6716862
2015-07-14 00:00:00,24.9955559,24.9422226,25.0799999,24.8977776,1363725.0,21.6986961
2015-07-15 00:00:00,24.8799992,24.9511108,24.9911118,24.8177776,1837125.0,21.598381
2015-07-16 00:00:00,24.9911118,25.0533333,25.1022224,24.8888893,1787175.0,21.6948376
2015-07-17 00:00:00,25.0444431,24.9911118,25.0577774,24.9377785,1112400.0,21.7411327
2015-07-20 00:00:00,24.7333336,24.8044434,24.8666668,24.6933327,1689075.0,21.4710579
2015-07-21 00:00:00,24.6711102,24.7777786,24.9111118,24.5288887,1381050.0,21.4170418
2015-07-22 00:00:00,25.0088882,24.7288895,25.0222225,24.6222229,957825.0,21.7102737
2015-07-23 00:00:00,24.8888893,25.0977783,25.1422215,24.8311119,617400.0,21.6060944
2015-07-24 00:00:00,25.0533333,24.8577785,25.084444,24.8400002,927900.0,21.7488499
2015-07-27 00:00:00,24.8222218,24.9511108,25.0311108,24.7600002,1066050.0,21.5482235
2015-07-28 00:00:00,24.3600006,24.1155567,24.6488895,23.7866669,1894275.0,21.1469707
2015-07-29 00:00:00,24.7511101,24.373333,24.791111,24.3022213,1035225.0,21.4864922
2015-07-30 00:00:00,24.8755569,24.6311111,24.9777775,24.6311111,1046700.0,21.5945225
2015-07-31 00:00:00,24.7644444,24.9511108,24.9511108,24.7422218,1149750.0,21.4980679
2015-08-03 00:00:00,24.8177776,24.8177776,24.8400002,24.6133327,1084725.0,21.544363
2015-08-04 00:00:00,24.9555569,24.8844433,25.0400009,24.6800003,2024775.0,21.6639748
2015-08-05 00:00:00,24.9599991,25.0044441,25.0666676,24.7600002,1035000.0,21.6678295
2015-08-06 00:00:00,24.9777775,24.9911118,25.0088882,24.7422218,2813850.0,21.6832619
2015-08-07 00:00:00,25.1422215,24.9244442,25.1555557,24.9022217,957825.0,21.8260155
2015-08-10 00:00:00,25.4088898,25.2666664,25.4799995,25.2133331,1004400.0,22.0575142
2015-08-11 00:00:00,25.4355564,25.2266674,25.5155563,25.2266674,869850.0,22.0806656
2015-08-12 00:00:00,25.3866673,25.2933331,25.4222221,25.084444,815400.0,22.0382175
2015-08-13 00:00:00,25.6755562,25.3600006,25.7866669,25.2755566,1330875.0,22.2890053
2015-08-14 00:00:00,25.8488884,25.6577778,25.9066677,25.5955563,1302300.0,22.4394779
2015-08-17 00:00:00,25.9599991,25.7644444,25.9688892,25.5555553,1034325.0,22.5359287
2015-08-18 00:00:00,25.8666668,25.9377785,25.9822216,25.8266678,855675.0,22.4549103
2015-08-19 00:00:00,25.7377777,25.791111,25.8622227,25.6222229,981225.0,22.3430233
2015-08-20 00:00:00,25.1733322,25.5733337,25.5733337,25.1688881,1172250.0,21.8530216
2015-08-21 00:00:00,24.5777779,24.9688892,25.0977783,24.5777779,1181025.0,21.3360195
2015-08-24 00:00:00,23.4355564,23.3688889,23.8177776,23.1111107,2069550.0,20.3444576
2015-08-25 00:00:00,23.084444,23.8977776,23.8977776,23.084444,1459125.0,20.0396595
2015-08-26 00:00:00,23.5555553,23.5511112,23.6577778,23.0711117,1592550.0,20.4486294
2015-08-27 00:00:00,24.1911106,23.8977776,24.2488899,23.7555561,1318275.0,21.0003567
2015-08-28 00:00:00,24.2222214,24.1066666,24.2444439,24.0577774,1117575.0,21.0273609
2015-08-31 00:00:00,24.1244431,24.1777782,24.2044449,24.0355568,918900.0,20.9424763
2015-09-01 00:00:00,23.6355553,23.7377777,23.8755569,23.6222229,2226375.0,20.518074
2015-09-02 00:00:00,23.8177776,23.8844433,23.9377785,23.4622211,1343700.0,20.6762676
2015-09-03 00:00:00,23.9466667,23.9333324,24.0888882,23.8577785,686925.0,20.8348064
2015-09-04 00:00:00,23.6222229,23.6755562,23.7555561,23.4622211,848925.0,20.5525246
2015-09-08 00:00:00,24.1866665,23.8933334,24.208889,23.8755569,950400.0,21.0436172
2015-09-09 00:00:00,23.9822216,24.3199997,24.373333,23.9644432,1391175.0,20.865736
2015-09-10 00:00:00,23.9955559,23.9822216,24.1866665,23.915556,1028025.0,20.8773441
2015-09-11 00:00:00,24.0711117,23.835556,24.1333332,23.7688885,632250.0,20.943079
2015-09-14 00:00:00,23.9866676,24.084444,24.1333332,23.9511108,857925.0,20.8696079
2015-09-15 00:00:00,24.2977772,24.0533333,24.3288898,24.0,774900.0,21.1402912
2015-09-16 00:00:00,24.4888897,24.2222214,24.5155563,24.1955566,994725.0,21.3065681
2015-09-17 00:00:00,24.4133339,24.5244446,24.7466679,24.3688889,1016100.0,21.2408314
2015-09-18 00:00:00,23.9644432,24.1511116,24.2177773,23.9288883,2196675.0,20.8502769
2015-09-21 00:00:00,24.2044449,24.1155567,24.3955555,24.0044441,900450.0,21.0590858
2015-09-22 00:00:00,24.0755558,23.9333324,24.1422215,23.8533325,794025.0,20.9469471
2015-09-23 00:00:00,24.1066666,24.1022224,24.208889,24.0,605925.0,20.9740124
2015-09-24 00:00:00,24.1288891,23.9955559,24.1911106,23.9822216,1026900.0,20.993351
2015-09-25 00:00:00,24.1777782,24.2622223,24.4088898,24.0488892,1187775.0,21.0358868
2015-09-28 00:00:00,23.8222218,24.1111107,24.1688881,23.7733326,1042650.0,20.7265301
2015-09-29 00:00:00,23.9288883,23.8400002,23.9911118,23.7066669,789075.0,20.819334
2015-09-30 00:00:00,24.164444,24.1466675,24.2177773,24.0222225,1812600.0,21.0242786
2015-10-01 00:00:00,23.9955559,24.1777782,24.1777782,23.7555561,1485900.0,20.8773441
2015-10-02 00:00:00,24.0400009,23.7822227,24.0488892,23.6711102,859725.0,20.9160118
2015-10-05 00:00:00,24.0977783,24.1866665,24.2711105,24.0177784,1671075.0,20.9662838
2015-10-06 00:00:00,24.1911106,24.0355568,24.2044449,23.9511108,1188450.0,21.0474873
2015-10-07 00:00:00,24.3999996,24.3244438,24.4977779,24.2266674,1257750.0,21.229229
2015-10-08 00:00:00,24.7511101,24.3466663,24.7688885,24.3466663,913500.0,21.5347137
2015-10-09 00:00:00,24.6933327,24.7422218,24.8666668,24.6577778,873000.0,21.484436
2015-10-12 00:00:00,24.8133335,24.6666679,24.8933334,24.6444435,541575.0,21.5888519
2015-10-13 00:00:00,24.5688896,24.7244434,24.9288883,24.5644436,895050.0,21.3761711
2015-10-14 00:00:00,24.2933331,24.5377789,24.6222229,24.2755566,577350.0,21.1364212
2015-10-15 00:00:00,24.6977787,24.4266663,24.6977787,24.3511105,1013850.0,21.4883118
2015-10-16 00:00:00,24.7822227,24.7644444,25.0666676,24.4488888,1393650.0,21.561779
2015-10-19 00:00:00,24.7600002,24.7422218,24.8755569,24.6844444,671175.0,21.5424442
2015-10-20 00:00:00,24.8933334,24.8177776,25.0400009,24.8044434,712125.0,21.6584549
2015-10-21 00:00:00,24.5777779,24.9288883,24.9866676,24.5555553,1345275.0,21.3839016
2015-10-22 00:00:00,24.6044445,24.7466679,24.8133335,24.4933338,1694475.0,21.4071045
2015-10-23 00:00:00,24.6577778,24.7244434,24.8222218,24.5066662,933300.0,21.4535046
2015-10-26 00:00:00,24.6888885,24.6577778,24.7999992,24.4311104,1439325.0,21.4805794
2015-10-27 00:00:00,25.2177773,25.084444,25.4088898,24.3999996,2040525.0,21.9407368
2015-10-28 00:00:00,25.3688889,25.3199997,25.4533329,25.0888882,810900.0,22.0722103
2015-10-29 00:00:00,25.2488899,25.3066673,25.4088898,25.164444,915975.0,21.967804
2015-10-30 00:00:00,24.8133335,25.3244438,25.3333321,24.8088894,1065150.0,21.5888519
2015-11-02 00:00:00,24.8400002,24.8711109,24.9244442,24.7111111,1644975.0,21.6120491
2015-11-03 00:00:00,24.6399994,24.8666668,24.8666668,24.6399994,998100.0,21.4380379
2015-11-04 00:00:00,24.4755554,24.6444435,24.7199993,24.4133339,709875.0,21.2949619
2015-11-05 00:00:00,24.6177788,24.4888897,24.6577778,24.4222221,1115325.0,21.4187069
2015-11-06 00:00:00,24.6844444,24.6666679,24.7066669,24.4844437,1199925.0,21.4767075
2015-11-09 00:00:00,24.4355564,24.6044445,24.6666679,24.3288898,532350.0,21.2601643
2015-11-10 00:00:00,24.5555553,24.4133339,24.5599995,24.2888889,696375.0,21.3645687
2015-11-11 00:00:00,24.4711113,24.5955563,24.6000004,24.3866673,1584675.0,21.2911034
2015-11-12 00:00:00,23.9866676,24.4622211,24.4799995,23.9688892,1040850.0,20.8696079
2015-11-13 00:00:00,23.7244434,23.9288883,23.9866676,23.6977787,1003950.0,20.641468
2015-11-16 00:00:00,23.9555569,23.6711102,23.9599991,23.626667,1660950.0,20.8425388
2015-11-17 00:00:00,23.626667,23.9644432,24.0044441,23.6088886,739575.0,20.5563869
2015-11-18 00:00:00,24.0711117,23.7288895,24.084444,23.626667,841500.0,20.943079
2015-11-19 00:00:00,24.2177773,24.0444431,24.2666664,23.9644432,788175.0,21.0706902
2015-11-20 00:00:00,24.3066673,24.2622223,24.3377781,24.1733322,529200.0,21.1480293
2015-11-23 00:00:00,24.6711102,24.2800007,24.7422218,24.2355556,1388925.0,21.465107
2015-11-24 00:00:00,24.7644444,24.5733337,24.8311119,24.4577789,1165950.0,21.5463142
2015-11-25 00:00:00,24.7377777,24.7600002,24.7822227,24.5377789,848475.0,21.5231171
2015-11-27 00:00:00,24.7466679,24.626667,24.7777786,24.5511112,303750.0,21.5773621
2015-11-30 00:00:00,24.7377777,24.835556,24.8755569,24.6977787,1147950.0,21.5696201
2015-12-01 00:00:00,25.0488892,24.8133335,25.0488892,24.7955551,699975.0,21.8408833
2015-12-02 00:00:00,25.164444,25.084444,25.2755566,24.9822216,1297350.0,21.9416389
2015-12-03 00:00:00,24.8888893,25.2444439,25.3955555,24.7955551,1515600.0,21.701376
2015-12-04 00:00:00,25.3155556,24.9244442,25.3244438,24.9244442,690750.0,22.0734005
2015-12-07 00:00:00,25.0311108,25.2844448,25.3422222,24.9333324,1038600.0,21.8253822
2015-12-08 00:00:00,24.7199993,24.9288883,25.0133324,24.6622219,1029600.0,21.5541153
2015-12-09 00:00:00,24.2888889,24.6399994,24.8088894,24.2622223,669600.0,21.1782131
2015-12-10 00:00:00,24.2533321,24.2888889,24.3955555,24.1333332,810900.0,21.1472149
2015-12-11 00:00:00,23.9733334,23.9644432,24.2266674,23.8799992,544725.0,20.9030743
2015-12-14 00:00:00,24.1777782,23.9377785,24.2577782,23.915556,1143000.0,21.081337
2015-12-15 00:00:00,24.0977783,24.2977772,24.4088898,24.0444431,998325.0,21.0115833
2015-12-16 00:00:00,24.1466675,24.2755566,24.3822212,23.8711109,881775.0,21.0542049
2015-12-17 00:00:00,23.8622227,24.1288891,24.2755566,23.8444443,769725.0,20.8061924
2015-12-18 00:00:00,23.4311104,23.7733326,23.8133335,23.3688889,3357450.0,20.4302959
2015-12-21 00:00:00,23.5511112,23.5599995,23.6711102,23.2711105,1055475.0,20.5349255
2015-12-22 00:00:00,23.7244434,23.6088886,23.835556,23.3999996,1018350.0,20.6860542
2015-12-23 00:00:00,23.8711109,23.8311119,23.8977776,23.6844444,895500.0,20.813942
2015-12-24 00:00:00,24.6088886,24.0355568,24.7022228,24.0044441,1115550.0,21.4572353
2015-12-28 00:00:00,24.6355553,24.5777779,24.6533337,24.417778,1121625.0,21.480484
2015-12-29 00:00:00,24.9377785,24.7333336,24.9555569,24.6088886,802800.0,21.7440014
2015-12-30 00:00:00,24.8088894,24.8488884,25.0266666,24.7688885,604125.0,21.6316204
2015-12-31 00:00:00,24.3333321,24.7199993,24.7199993,24.3333321,3124125.0,21.2169704
2016-01-04 00:00:00,23.6888885,24.0711117,24.0711117,23.5288887,1669500.0,20.6550598
2016-01-05 00:00:00,23.8933334,23.6888885,23.9422226,23.6088886,1313325.0,20.8333206
2016-01-06 00:00:00,23.5911102,23.6000004,23.7733326,23.4488888,927675.0,20.5698032
2016-01-07 00:00:00,23.1911106,23.1911106,23.5688896,23.1422215,2872125.0,20.2210274
2016-01-08 00:00:00,23.1155567,23.2888889,23.3955555,23.0755558,1633500.0,20.1551533
2016-01-11 00:00:00,22.8088894,23.164444,23.2844448,22.6977787,1480950.0,19.8877583
2016-01-12 00:00:00,22.6088886,22.9466667,22.9911118,22.4577789,2118375.0,19.7133789
2016-01-13 00:00:00,22.0533333,22.7066669,22.7777786,22.0,1866825.0,19.2289696
2016-01-14 00:00:00,22.3911114,22.0533333,22.5555553,22.0533333,1150875.0,19.5234852
2016-01-15 00:00:00,21.8844433,22.0977783,22.0977783,21.4799995,2284650.0,19.081707
2016-01-19 00:00:00,21.8622227,22.0888882,22.0888882,21.7688885,1243800.0,19.0623322
2016-01-20 00:00:00,21.5155563,21.5688896,21.7333336,21.1288891,1417050.0,18.7600632
2016-01-21 00:00:00,21.5111103,21.8400002,21.8666668,21.4799995,1435725.0,18.7561855
2016-01-22 00:00:00,21.8622227,21.791111,21.9422226,21.6311111,1063125.0,19.0623322
2016-01-25 00:00:00,21.3111115,21.8044434,21.8533325,21.2933331,1667250.0,18.5817966
2016-01-26 00:00:00,21.5911102,21.3911114,21.7333336,21.3288898,833625.0,18.8259449
2016-01-27 00:00:00,21.4844437,21.5777779,21.8311119,21.3999996,847350.0,18.732933
2016-01-28 00:00:00,21.6933327,21.6755562,21.7199993,21.4755554,1193625.0,18.9150753
2016-01-29 00:00:00,22.2888889,21.7866669,22.2888889,21.7244434,1977525.0,19.4343529
2016-02-01 00:00:00,22.3422222,22.2044449,22.4888897,22.0400009,1206000.0,19.4808598
2016-02-02 00:00:00,21.9022217,22.1599998,22.1911106,21.8400002,1831500.0,19.0972061
2016-02-03 00:00:00,22.4488888,21.3511105,22.5377789,21.3511105,2685150.0,19.5738621
2016-02-04 00:00:00,22.4533329,22.3777771,22.6444435,22.2177773,1449450.0,19.5777454
2016-02-05 00:00:00,22.7155552,22.4133339,22.7511101,22.4133339,1551150.0,19.8063812
2016-02-08 00:00:00,22.7466679,22.5111103,22.7955551,22.3066673,1736325.0,19.8335056
2016-02-09 00:00:00,22.8400002,22.5422211,22.9599991,22.5422211,1027125.0,19.9148865
2016-02-10 00:00:00,22.8044434,22.9111118,23.1200008,22.7866669,1106100.0,19.8838806
2016-02-11 00:00:00,22.3822212,22.3777771,22.5644436,22.2888889,1821150.0,19.5157318
2016-02-12 00:00:00,22.8400002,22.5200005,22.9955559,22.5200005,981675.0,19.9148865
2016-02-16 00:00:00,23.0266666,23.0799999,23.1511116,22.8044434,1284525.0,20.0776463
2016-02-17 00:00:00,23.0355568,23.1066666,23.1422215,22.9466667,895725.0,20.0853996
2016-02-18 00:00:00,23.1866665,23.0577774,23.2177773,22.8799992,1053450.0,20.2171516
2016-02-19 00:00:00,23.1111107,23.0666676,23.3022213,23.0400009,1036350.0,20.1512794
2016-02-22 00:00:00,23.1688881,23.2533321,23.3333321,23.0888882,519750.0,20.2016525
2016-02-23 00:00:00,22.9599991,23.1244431,23.2000008,22.9200001,586125.0,20.0195179
2016-02-24 00:00:00,22.9555569,22.8177776,23.0,22.6800003,646650.0,20.0156403
2016-02-25 00:00:00,23.1288891,23.0133324,23.2000008,23.0133324,521100.0,20.1667786
2016-02-26 00:00:00,23.2000008,23.2311115,23.2622223,23.0222225,1133100.0,20.2287846
2016-02-29 00:00:00,22.8888893,23.1822224,23.2355556,22.8888893,1131975.0,19.9575157
2016-03-01 00:00:00,23.3244438,23.0355568,23.3822212,22.9511108,1066050.0,20.3372841
2016-03-02 00:00:00,23.5644436,23.2444439,23.5733337,23.208889,850725.0,20.5465488
2016-03-03 00:00:00,23.6444435,23.5777779,23.6755562,23.5022221,590175.0,20.6163025
2016-03-04 00:00:00,23.5644436,23.6177788,23.6666679,23.4488888,870750.0,20.5465488
2016-03-07 00:00:00,23.4488888,23.4577789,23.5377789,23.2622223,785025.0,20.4457932
2016-03-08 00:00:00,23.3333321,23.3466663,23.3555565,23.2000008,718650.0,20.3450375
2016-03-09 00:00:00,23.2000008,23.4533329,23.4533329,23.1555557,582975.0,20.2287846
2016-03-10 00:00:00,23.2133331,23.2399998,23.3777771,22.9688892,576225.0,20.2404079
2016-03-11 00:00:00,23.7244434,23.3333321,23.7466679,23.2444439,630900.0,20.733696
2016-03-14 00:00:00,23.7999992,23.7155552,23.8666668,23.6177788,931275.0,20.7997284
2016-03-15 00:00:00,23.8400002,23.6399994,23.9200001,23.5955563,716400.0,20.8346882
2016-03-16 00:00:00,23.6977787,23.7822227,23.8400002,23.6311111,751950.0,20.7103939
2016-03-17 00:00:00,24.2222214,23.7333336,24.3066673,23.6711102,1294425.0,21.1687222
2016-03-18 00:00:00,24.3333321,24.1866665,24.4355564,24.0711117,1683000.0,21.2658291
2016-03-21 00:00:00,24.1555557,24.2533321,24.3288898,24.0933323,592200.0,21.1104584
2016-03-22 00:00:00,24.3022213,24.164444,24.4400005,24.0977783,877950.0,21.2386379
2016-03-23 00:00:00,24.1733322,24.3022213,24.3688889,24.1022224,551925.0,21.1259956
2016-03-24 00:00:00,23.9333324,23.9777775,24.1200008,23.8044434,1031850.0,20.9162502
2016-03-28 00:00:00,24.208889,23.5733337,24.2533321,23.4311104,727425.0,21.1570663
2016-03-29 00:00:00,24.5066662,24.1911106,24.5200005,24.1911106,1149525.0,21.4173088
2016-03-30 00:00:00,24.9555569,24.6311111,25.0799999,24.5511112,1781775.0,21.8096085
2016-03-31 00:00:00,24.9777775,24.8888893,25.1244431,24.8311119,1825200.0,21.8290291
2016-04-01 00:00:00,25.2177773,24.8400002,25.2399998,24.7688885,1296225.0,22.0387745
2016-04-04 00:00:00,25.0355568,25.2399998,25.2577782,24.915556,553725.0,21.8795261
2016-04-05 00:00:00,24.7866669,24.8666668,25.0044441,24.7066669,999000.0,21.6620102
2016-04-06 00:00:00,24.7688885,24.7866669,24.8222218,24.5866661,858375.0,21.6464767
2016-04-07 00:00:00,24.6222229,24.5733337,24.8622227,24.5288887,1523250.0,21.518301
2016-04-08 00:00:00,24.6311111,24.7777786,24.8977776,24.5377789,601200.0,21.5260715
2016-04-11 00:00:00,24.5244446,24.6977787,24.7822227,24.4799995,443925.0,21.4328461
2016-04-12 00:00:00,24.9333324,24.5244446,24.9422226,24.3333321,956925.0,21.7901878
2016-04-13 00:00:00,25.1244431,25.0533333,25.1244431,24.8088894,491400.0,21.9572124
2016-04-14 00:00:00,24.8755569,25.0799999,25.1422215,24.8222218,701775.0,21.7396984
2016-04-15 00:00:00,25.0622215,24.9111118,25.1733322,24.8400002,792225.0,21.9028339
2016-04-18 00:00:00,25.2355556,25.0444431,25.2355556,24.9955559,734625.0,22.0543137
2016-04-19 00:00:00,25.2266674,25.2888889,25.3377781,25.1244431,635625.0,22.046545
2016-04-20 00:00:00,25.2800007,25.2133331,25.3511105,25.0533333,613350.0,22.0931511
2016-04-21 00:00:00,24.5333328,25.1022224,25.2888889,24.5288887,1785825.0,21.4406147
2016-04-22 00:00:00,24.9244442,24.5511112,24.9288883,24.5377789,1363950.0,21.7824192
2016-04-25 00:00:00,24.8222218,24.8622227,24.9288883,24.6666679,1112175.0,21.6930885
2016-04-26 00:00:00,25.0355568,24.8488884,25.0888882,24.8177776,877500.0,21.8795261
2016-04-27 00:00:00,25.3022213,25.3377781,25.4755554,24.8977776,1806075.0,22.1125736
2016-04-28 00:00:00,24.8888893,25.0799999,25.1555557,24.8311119,3345975.0,21.7513447
2016-04-29 00:00:00,24.8888893,24.9466667,24.9644432,24.6844444,1346400.0,21.7513447
2016-05-02 00:00:00,24.8844433,24.9288883,25.1511116,24.8133335,1681425.0,21.7474613
2016-05-03 00:00:00,24.7466679,24.7733326,24.8888893,24.6444435,1729350.0,21.6270523
2016-05-04 00:00:00,24.5377789,24.6355553,24.6933327,24.4222221,2009475.0,21.4444962
2016-05-05 00:00:00,24.5688896,24.6622219,24.7466679,24.4444447,1951650.0,21.4716854
2016-05-06 00:00:00,24.4311104,24.5200005,24.5733337,24.3422222,1287900.0,21.3512802
2016-05-09 00:00:00,24.4799995,24.4400005,24.5333328,24.2488899,1351575.0,21.3940029
2016-05-10 00:00:00,24.8666668,24.6577778,24.8799992,24.4355564,938475.0,21.7319279
2016-05-11 00:00:00,24.8266678,24.7600002,25.0,24.7600002,796050.0,21.6969738
2016-05-12 00:00:00,25.0266666,24.8577785,25.0666676,24.7600002,848475.0,21.8717613
2016-05-13 00:00:00,24.9377785,24.9955559,25.0888882,24.8088894,1005975.0,21.7940788
2016-05-16 00:00:00,24.9777775,24.8799992,25.0533333,24.8222218,677925.0,21.8290291
2016-05-17 00:00:00,24.6088886,24.9599991,25.0177784,24.5155563,809325.0,21.5066433
2016-05-18 00:00:00,24.9111118,24.5200005,25.0577774,24.5111103,942075.0,21.7707691
2016-05-19 00:00:00,24.7555561,24.7733326,24.8177776,24.4977779,548325.0,21.6348267
2016-05-20 00:00:00,24.9022217,24.7644444,25.0088882,24.7244434,889425.0,21.7629967
2016-05-23 00:00:00,24.7466679,24.8755569,24.8888893,24.6355553,677475.0,21.6270523
2016-05-24 00:00:00,25.0977783,24.8888893,25.1466675,24.7244434,752625.0,21.9339085
2016-05-25 00:00:00,25.1111107,25.1022224,25.1955566,25.0533333,976725.0,21.9455547
2016-05-26 00:00:00,24.9688892,25.1111107,25.1155567,24.9333324,953550.0,21.8212624
2016-05-27 00:00:00,25.1955566,25.0222225,25.2222214,25.0222225,534825.0,22.0193558
2016-05-31 00:00:00,25.3466663,25.2266674,25.4622211,25.1733322,1552725.0,22.1514206
2016-06-01 00:00:00,25.3644447,25.2355556,25.373333,25.1155567,657225.0,22.1669521
2016-06-02 00:00:00,25.3822212,25.3199997,25.5066662,25.2488899,562725.0,22.1824875
2016-06-03 00:00:00,25.1200008,25.2355556,25.2844448,24.9555569,947475.0,21.9533234
2016-06-06 00:00:00,25.0400009,25.1422215,25.2266674,24.9911118,691425.0,21.8834114
2016-06-07 00:00:00,25.0222225,25.084444,25.0888882,24.915556,571275.0,21.867878
2016-06-08 00:00:00,25.0666676,24.9866676,25.1111107,24.9466667,647550.0,21.9067154
2016-06-09 00:00:00,25.084444,25.0133324,25.1155567,24.8977776,300150.0,21.9222507
2016-06-10 00:00:00,24.9333324,24.915556,25.0311108,24.8133335,423225.0,21.7901878
2016-06-13 00:00:00,24.6800003,24.8088894,24.8799992,24.6355553,1075050.0,21.6188927
2016-06-14 00:00:00,24.6711102,24.5911102,24.7600002,24.5911102,598050.0,21.6111069
2016-06-15 00:00:00,24.4933338,24.7155552,24.7155552,24.4711113,666900.0,21.4553795
2016-06-16 00:00:00,24.7866669,24.3555565,24.7955551,24.3333321,665775.0,21.7123222
2016-06-17 00:00:00,24.8488884,24.7777786,24.8888893,24.6800003,1528425.0,21.7668324
2016-06-20 00:00:00,24.8266678,25.0177784,25.1733322,24.8133335,933300.0,21.7473679
2016-06-21 00:00:00,24.9377785,24.8266678,25.0488892,24.7955551,744525.0,21.844698
2016-06-22 00:00:00,25.0266666,24.9955559,25.1244431,24.9733334,934200.0,21.9225616
2016-06-23 00:00:00,25.5066662,25.2622223,25.5466671,25.2622223,817425.0,22.3430233
2016-06-24 00:00:00,24.8311119,24.6844444,25.1066666,24.6088886,1434375.0,21.7512608
2016-06-27 00:00:00,24.4711113,24.626667,24.626667,24.3111115,1629900.0,21.4359093
2016-06-28 00:00:00,25.1066666,24.6933327,25.1066666,24.5911102,1094400.0,21.9926376
2016-06-29 00:00:00,25.626667,25.3022213,25.6488895,25.3022213,1049625.0,22.4481449
2016-06-30 00:00:00,26.6311111,25.6800003,26.6355553,25.5777779,2394675.0,23.3279991
2016-07-01 00:00:00,26.4622211,26.5599995,26.7022228,26.3377781,1394550.0,23.1800594
2016-07-05 00:00:00,26.1066666,26.2755566,26.2844448,26.0311108,1175625.0,22.8686028
2016-07-06 00:00:00,26.1511116,25.9866676,26.2311115,25.9599991,1164150.0,22.9075336
2016-07-07 00:00:00,26.0577774,26.2000008,26.3999996,25.9555569,606825.0,22.8257751
2016-07-08 00:00:00,26.3022213,26.2266674,26.3688889,26.1511116,686250.0,23.0398998
2016-07-11 00:00:00,26.4755554,26.3600006,26.5377789,26.3111115,701100.0,23.1917419
2016-07-12 00:00:00,26.3999996,26.5599995,26.6666679,26.3911114,807300.0,23.1255512
2016-07-13 00:00:00,26.4133339,26.4088898,26.5288887,26.373333,507825.0,23.1372337
2016-07-14 00:00:00,26.4400005,26.5599995,26.6577778,26.4266663,709200.0,23.1605911
2016-07-15 00:00:00,26.3377781,26.4444447,26.4844437,26.2977772,636525.0,23.0710487
2016-07-18 00:00:00,26.1955566,26.3377781,26.3644447,26.1777782,895500.0,22.9464722
2016-07-19 00:00:00,26.0355568,26.0444431,26.1333332,25.8400002,749025.0,22.8063145
2016-07-20 00:00:00,26.0,26.0488892,26.1955566,26.0,424350.0,22.7751713
2016-07-21 00:00:00,25.9244442,25.9777775,26.0177784,25.8533325,582075.0,22.7089806
2016-07-22 00:00:00,26.2044449,25.9333324,26.2622223,25.9333324,644175.0,22.9542561
2016-07-25 00:00:00,25.9866676,26.1466675,26.2000008,25.9688892,937350.0,22.7634926
2016-07-26 00:00:00,26.1022224,26.0799999,26.4088898,25.9866676,1067175.0,22.8647137
2016-07-27 00:00:00,25.9422226,26.0888882,26.1911106,25.8844433,717525.0,22.7245522
2016-07-28 00:00:00,26.0711117,25.8622227,26.1911106,25.6044445,992700.0,22.8374577
2016-07-29 00:00:00,25.8622227,25.9911118,26.0444431,25.8577785,1224000.0,22.6544724
2016-08-01 00:00:00,25.835556,25.3288898,25.9911118,25.3288898,769500.0,22.6311207
2016-08-02 00:00:00,25.835556,25.8177776,25.8933334,25.7155552,893025.0,22.6311207
2016-08-03 00:00:00,25.9822216,25.8311119,25.9911118,25.8222218,637425.0,22.7595997
2016-08-04 00:00:00,25.8799992,25.9822216,26.1422215,25.8622227,415350.0,22.6700497
2016-08-05 00:00:00,26.1422215,25.9955559,26.1422215,25.9377785,432450.0,22.8997498
2016-08-08 00:00:00,26.208889,26.1422215,26.2133331,26.0933323,457425.0,22.958149
2016-08-09 00:00:00,26.0888882,26.2133331,26.2533321,26.0622215,417600.0,22.8530331
2016-08-10 00:00:00,26.0,26.0977783,26.1155567,25.9644432,409275.0,22.7751713
2016-08-11 00:00:00,25.9111118,26.0266666,26.0577774,25.9022217,306000.0,22.6973019
2016-08-12 00:00:00,25.835556,25.8444443,25.9377785,25.7999992,244125.0,22.6311207
2016-08-15 00:00:00,25.9466667,25.8577785,25.9511108,25.8177776,576000.0,22.728447
2016-08-16 00:00:00,25.7733326,25.8577785,25.9599991,25.7733326,556875.0,22.5766125
2016-08-17 00:00:00,25.7466679,25.7422218,25.8222218,25.6044445,901350.0,22.5532589
2016-08-18 00:00:00,26.0,25.7644444,26.0,25.7644444,764100.0,22.7751713
2016-08-19 00:00:00,26.0088882,25.8400002,26.0222225,25.7600002,864000.0,22.7829494
2016-08-22 00:00:00,26.1022224,25.9288883,26.1022224,25.8444443,434025.0,22.8647137
2016-08-23 00:00:00,25.8844433,26.1466675,26.1866665,25.8444443,805050.0,22.6739426
2016-08-24 00:00:00,25.9377785,25.8666668,26.0044441,25.8266678,580500.0,22.7206688
2016-08-25 00:00:00,26.0666676,25.915556,26.1422215,25.9022217,797625.0,22.8335667
2016-08-26 00:00:00,25.8888893,26.1111107,26.2222214,25.7288895,1098000.0,22.6778393
2016-08-29 00:00:00,26.0799999,25.9422226,26.1955566,25.9422226,567225.0,22.8452492
2016-08-30 00:00:00,26.1200008,26.1288891,26.2355556,26.0222225,1481625.0,22.8802853
2016-08-31 00:00:00,26.3866673,26.1688881,26.5688896,26.1688881,1794150.0,23.1138744
2016-09-01 00:00:00,26.0488892,26.3333321,26.4533329,26.0400009,1147500.0,22.8179932
2016-09-02 00:00:00,26.1422215,26.1200008,26.2133331,26.0133324,886725.0,22.8997498
2016-09-06 00:00:00,26.0,26.1466675,26.208889,25.9733334,768150.0,22.7751713
2016-09-07 00:00:00,26.1066666,25.9955559,26.1333332,25.8755569,847350.0,22.8686028
2016-09-08 00:00:00,25.915556,26.0933323,26.1066666,25.9022217,616275.0,22.7011967
2016-09-09 00:00:00,25.3511105,25.7688885,25.8577785,25.3422222,1064250.0,22.2067547
2016-09-12 00:00:00,25.791111,25.2222214,25.8222218,25.1333332,1107225.0,22.5921879
2016-09-13 00:00:00,25.5155563,25.4844437,25.6177788,25.4088898,891450.0,22.3508129
2016-09-14 00:00:00,25.3600006,25.5200005,25.6000004,25.3199997,976275.0,22.2145481
2016-09-15 00:00:00,25.4755554,25.3600006,25.582222,25.2355556,880200.0,22.315773
2016-09-16 00:00:00,25.0311108,25.1377773,25.2133331,24.9422226,1728900.0,22.1701221
2016-09-19 00:00:00,25.3955555,25.1244431,25.4222221,25.0977783,1149975.0,22.4929066
2016-09-20 00:00:00,25.5555553,25.5200005,25.7022228,25.5155563,906750.0,22.6346264
2016-09-21 00:00:00,25.7422218,25.6177788,25.7733326,25.4888897,971325.0,22.7999573
2016-09-22 00:00:00,26.0266666,25.835556,26.0533333,25.8177776,751950.0,23.0518894
2016-09-23 00:00:00,25.5777779,25.8799992,25.9822216,25.5777779,1073700.0,22.6543083
2016-09-26 00:00:00,25.4088898,25.4933338,25.5155563,25.3911114,943425.0,22.5047207
2016-09-27 00:00:00,25.7288895,25.4355564,25.7333336,25.3600006,729900.0,22.7881451
2016-09-28 00:00:00,25.9377785,25.7822227,25.9511108,25.6355553,588600.0,22.9731655
2016-09-29 00:00:00,25.5644436,25.8222218,25.8533325,25.5111103,1115775.0,22.6424942
2016-09-30 00:00:00,25.6711102,25.6222229,25.7466679,25.582222,991800.0,22.7369709
2016-10-03 00:00:00,25.5288887,25.5377789,25.6044445,25.3555565,1291725.0,22.6110096
2016-10-04 00:00:00,25.5866661,25.4577789,25.6399994,25.3333321,1216350.0,22.6621799
2016-10-05 00:00:00,25.6044445,25.7555561,25.8088894,25.5333328,1126125.0,22.677927
2016-10-06 00:00:00,25.6222229,25.582222,25.6666679,25.4444447,610200.0,22.6936722
2016-10-07 00:00:00,25.6222229,25.626667,25.8266678,25.5866661,1071675.0,22.6936722
2016-10-10 00:00:00,25.7377777,25.7244434,25.915556,25.7066669,475875.0,22.7960205
2016-10-11 00:00:00,25.5511112,25.6622219,25.7733326,25.4355564,539100.0,22.6306896
2016-10-12 00:00:00,25.8577785,25.6133327,25.9244442,25.4977779,354825.0,22.9023018
2016-10-13 00:00:00,25.7688885,25.7644444,25.8888893,25.7288895,593550.0,22.8235741
2016-10-14 00:00:00,25.9688892,25.9377785,26.0711117,25.8888893,452025.0,23.0007133
2016-10-17 00:00:00,25.915556,25.9822216,26.0888882,25.8977776,526725.0,22.953476
2016-10-18 00:00:00,25.8044434,26.1733322,26.1911106,25.7733326,920475.0,22.8550663
2016-10-19 00:00:00,25.8444443,25.9511108,25.9511108,25.7777786,462375.0,22.8904953
2016-10-20 00:00:00,25.1244431,25.7688885,25.7688885,25.0977783,1008900.0,22.2527905
2016-10-21 00:00:00,24.8266678,25.0044441,25.0400009,24.7555561,696600.0,21.989048
2016-10-24 00:00:00,24.8799992,25.0755558,25.0755558,24.7999992,665325.0,22.0362816
2016-10-25 00:00:00,24.8133335,24.8400002,24.8799992,24.6888885,749250.0,21.9772377
2016-10-26 00:00:00,25.4533329,25.0755558,25.6755562,25.0533333,1344150.0,22.5440865
2016-10-27 00:00:00,25.1244431,25.5599995,25.5733337,25.0799999,787500.0,22.2527905
2016-10-28 00:00:00,25.2177773,25.1955566,25.4844437,25.0888882,528975.0,22.3354511
2016-10-31 00:00:00,25.3777771,25.3644447,25.4311104,25.2399998,763425.0,22.4771652
2016-11-01 00:00:00,25.0133324,25.4533329,25.4533329,24.8799992,790200.0,22.154377
2016-11-02 00:00:00,24.915556,24.9244442,25.1066666,24.8933334,941625.0,22.0677719
2016-11-03 00:00:00,25.0177784,24.9911118,25.1511116,24.8977776,843300.0,22.1583118
2016-11-04 00:00:00,24.8888893,25.0044441,25.1377773,24.8799992,1194300.0,22.0441513
2016-11-07 00:00:00,25.0622215,25.1866665,25.1866665,24.8533325,1427850.0,22.1976814
2016-11-08 00:00:00,25.3466663,25.0266666,25.4400005,25.0044441,619425.0,22.4496059
2016-11-09 00:00:00,25.3022213,25.3822212,25.4977779,24.9688892,1238850.0,22.6084652
2016-11-10 00:00:00,25.4711113,25.4577789,25.5866661,25.3866673,1841850.0,22.7593689
2016-11-11 00:00:00,26.0666676,25.3422222,26.0711117,25.3244438,1656225.0,23.2915211
2016-11-14 00:00:00,26.3777771,26.0977783,26.4622211,26.0888882,661050.0,23.5695114
2016-11-15 00:00:00,26.1955566,26.0177784,26.2755566,25.8444443,1014075.0,23.4066887
2016-11-16 00:00:00,26.3155556,26.0933323,26.3600006,26.0,1424025.0,23.5139122
2016-11-17 00:00:00,26.7333336,26.3644447,26.8177776,26.2355556,1121850.0,23.8872147
2016-11-18 00:00:00,27.0044441,26.6577778,27.0088882,26.5022221,945225.0,24.1294556
2016-11-21 00:00:00,27.0,26.9955559,27.1155567,26.7422218,599175.0,24.1254883
2016-11-22 00:00:00,27.2266674,27.1288891,27.2800007,26.9555569,1090575.0,24.3280258
2016-11-23 00:00:00,27.3555565,27.2800007,27.3688889,27.2044449,527625.0,24.4431896
2016-11-25 00:00:00,27.5733337,27.3688889,27.5733337,27.3688889,311625.0,24.6377811
2016-11-28 00:00:00,27.5377789,27.4933338,27.6222229,27.4533329,900675.0,24.6060104
2016-11-29 00:00:00,27.6444435,27.5111103,27.6533337,27.3866673,771075.0,24.7532578
2016-11-30 00:00:00,27.4622211,27.7333336,27.8444443,27.4222221,1628775.0,24.5900879
2016-12-01 00:00:00,27.7066669,27.5777779,27.8799992,27.5288887,895275.0,24.8089733
2016-12-02 00:00:00,27.7111111,27.6977787,27.7600002,27.4577789,864225.0,24.8129559
2016-12-05 00:00:00,27.8133335,27.791111,27.8444443,27.6933327,555750.0,24.9044876
2016-12-06 00:00:00,28.2044449,27.9333324,28.208889,27.8755569,710775.0,25.2546921
2016-12-07 00:00:00,28.4400005,28.2177773,28.4444447,28.2177773,647775.0,25.4656086
2016-12-08 00:00:00,28.791111,28.4888897,28.835556,28.3866673,829800.0,25.7799969
2016-12-09 00:00:00,28.8977776,28.7822227,28.9200001,28.626667,614250.0,25.8755131
2016-12-12 00:00:00,29.3333321,28.9244442,29.3600006,28.9244442,735525.0,26.2655125
2016-12-13 00:00:00,29.3600006,29.4044437,29.5111103,29.1422215,706275.0,26.2893925
2016-12-14 00:00:00,29.1244431,29.4311104,29.5333328,29.0266666,661050.0,26.0784683
2016-12-15 00:00:00,29.3244438,29.1155567,29.4711113,29.0622215,775125.0,26.257555
2016-12-16 00:00:00,29.2044449,29.3377781,29.7377777,29.1333332,2533050.0,26.1501083
2016-12-19 00:00:00,29.3822212,29.3244438,29.6088886,29.2622223,1205775.0,26.3092918
2016-12-20 00:00:00,29.5288887,29.3999996,29.5511112,29.3511105,1152675.0,26.4406204
2016-12-21 00:00:00,29.6533337,29.5288887,29.7288895,29.4666672,556875.0,26.5520477
2016-12-22 00:00:00,29.6666679,29.626667,29.7333336,29.5022221,469800.0,26.5639935
2016-12-23 00:00:00,29.6355553,29.6800003,29.6800003,29.5466671,486675.0,26.536129
2016-12-27 00:00:00,29.582222,29.6666679,29.7066669,29.5555553,643950.0,26.488369
2016-12-28 00:00:00,29.5111103,29.6577778,29.6577778,29.3999996,1037475.0,26.4246979
2016-12-29 00:00:00,29.6222229,29.5111103,29.6844444,29.4355564,791550.0,26.524189
2016-12-30 00:00:00,29.5599995,29.6711102,29.7244434,29.4577789,807975.0,26.4684753
2017-01-03 00:00:00,29.6399994,29.6888885,29.6888885,29.3999996,772650.0,26.5401115
2017-01-04 00:00:00,30.0711117,29.6444435,30.1599998,29.6444435,994275.0,26.9261341
2017-01-05 00:00:00,29.9244442,30.1066666,30.1200008,29.7777786,753075.0,26.7948055
2017-01-06 00:00:00,29.8088894,29.9377785,29.9733334,29.7511101,625950.0,26.6913338
2017-01-09 00:00:00,29.3199997,29.8133335,29.8133335,29.3199997,726975.0,26.2535782
2017-01-10 00:00:00,29.7377777,29.4222221,29.8755569,29.3199997,909675.0,26.6276588
2017-01-11 00:00:00,29.8666668,29.7066669,29.9333324,29.582222,657450.0,26.7430725
2017-01-12 00:00:00,29.6666679,29.7333336,29.8622227,29.2933331,864900.0,26.5639935
2017-01-13 00:00:00,29.8311119,29.7600002,30.0355568,29.7022228,646425.0,26.7112331
2017-01-17 00:00:00,29.8266678,30.0177784,30.0888882,29.6666679,1096425.0,26.7072544
2017-01-18 00:00:00,29.8533325,29.9555569,30.1955566,29.7733326,1273725.0,26.7311325
2017-01-19 00:00:00,29.835556,29.9377785,30.0755558,29.6622219,842175.0,26.7152138
2017-01-20 00:00:00,29.6933327,29.9066677,30.0,29.6488895,635625.0,26.5878639
2017-01-23 00:00:00,29.6577778,29.6933327,29.8133335,29.5555553,438750.0,26.5560322
2017-01-24 00:00:00,29.9244442,29.7333336,30.1066666,29.7333336,1021500.0,26.7948055
2017-01-25 00:00:00,30.0355568,30.0533333,30.3022213,29.9866676,930825.0,26.8943005
2017-01-26 00:00:00,30.1955566,30.0888882,30.2355556,30.0044441,492750.0,27.0375614
2017-01-27 00:00:00,30.1333332,30.1777782,30.1955566,30.0,463725.0,26.9818459
2017-01-30 00:00:00,29.9111118,29.9200001,30.1066666,29.8133335,932175.0,26.7828674
2017-01-31 00:00:00,29.8711109,29.9511108,30.0577774,29.5777779,1416600.0,26.7470512
2017-02-01 00:00:00,29.8222218,29.9599991,30.2311115,29.4844437,1302525.0,26.7032719
2017-02-02 00:00:00,30.1333332,29.9288883,30.1911106,29.9022217,980775.0,26.9818459
2017-02-03 00:00:00,30.164444,30.3111115,30.3688889,30.1288891,753300.0,27.0097065
2017-02-06 00:00:00,30.208889,30.2000008,30.3555565,30.0755558,1195425.0,27.0495033
2017-02-07 00:00:00,30.2311115,30.2622223,30.4311104,30.1777782,789300.0,27.0693951
2017-02-08 00:00:00,30.0711117,30.1688881,30.2355556,30.0088882,1033200.0,26.9261341
2017-02-09 00:00:00,30.3466663,30.1555557,30.3644447,30.0977783,634500.0,27.1728706
2017-02-10 00:00:00,30.3466663,30.3688889,30.4711113,30.1511116,826875.0,27.1728706
2017-02-13 00:00:00,30.4977779,30.3644447,30.5066662,30.2977772,588825.0,27.3081799
2017-02-14 00:00:00,30.7199993,30.4222221,30.7511101,30.3955555,614475.0,27.5071583
2017-02-15 00:00:00,31.0933323,30.7244434,31.1022224,30.6488895,908775.0,27.8414478
2017-02-16 00:00:00,31.4488888,31.1111107,31.5066662,31.0577774,1269000.0,28.1598148
2017-02-17 00:00:00,31.3600006,31.3822212,31.3822212,31.1422215,578250.0,28.0802231
2017-02-21 00:00:00,31.4311104,31.3688889,31.5200005,31.2755566,654525.0,28.143898
2017-02-22 00:00:00,31.6222229,31.3911114,31.7244434,31.2577782,932625.0,28.3150196
2017-02-23 00:00:00,31.8044434,31.7288895,31.8533325,31.5688896,629550.0,28.4781876
2017-02-24 00:00:00,31.7866669,31.6711102,31.8577785,31.6666679,548775.0,28.4622669
2017-02-27 00:00:00,31.5022221,31.7511101,31.7777786,31.4133339,1140300.0,28.2075729
2017-02-28 00:00:00,31.5644436,31.4044437,31.7022228,31.3066673,1561275.0,28.2632904
2017-03-01 00:00:00,32.0577774,31.8311119,32.2488899,31.8266678,1283400.0,28.7050285
2017-03-02 00:00:00,31.5599995,32.0133324,32.0133324,31.5288887,888075.0,28.259306
2017-03-03 00:00:00,31.6177788,31.5200005,31.6488895,31.3644447,535275.0,28.3110447
2017-03-06 00:00:00,31.5333328,31.4355564,31.6577778,31.4311104,568350.0,28.2354317
2017-03-07 00:00:00,31.6177788,31.5288887,31.6577778,31.3822212,563625.0,28.3110447
2017-03-08 00:00:00,31.6088886,31.5955563,31.7511101,31.4888897,1009125.0,28.3030815
2017-03-09 00:00:00,31.8488884,31.6088886,31.8488884,31.6088886,904725.0,28.5179863
2017-03-10 00:00:00,32.0711098,31.8977776,32.1066666,31.8488884,915525.0,28.7169571
2017-03-13 00:00:00,32.2799988,31.9911118,32.2888908,31.9822216,932850.0,28.956171
2017-03-14 00:00:00,32.2133331,32.1822205,32.3466682,32.1422234,668025.0,28.8963642
2017-03-15 00:00:00,32.4355545,32.3244438,32.4844437,32.2444458,802350.0,29.0957088
2017-03-16 00:00:00,32.2488899,32.4577789,32.5200005,32.1288872,705375.0,28.9282646
2017-03-17 00:00:00,32.3066673,32.1022224,32.3555565,31.9333324,2151450.0,28.9800968
2017-03-20 00:00:00,32.0755577,32.2577782,32.2577782,32.0488892,694575.0,28.7727795
2017-03-21 00:00:00,31.7422218,32.2577782,32.2577782,31.6622219,863100.0,28.4737701
2017-03-22 00:00:00,31.4799995,31.7155552,31.7155552,31.4311104,837450.0,28.2385483
2017-03-23 00:00:00,31.5288887,31.4711113,31.8088894,31.2888889,468000.0,28.2824001
2017-03-24 00:00:00,31.2977772,31.5644436,31.6488895,31.2355556,507375.0,28.0750904
2017-03-27 00:00:00,31.4400005,31.0577774,31.4533329,30.7644444,916425.0,28.2026672
2017-03-28 00:00:00,31.5200005,31.3777771,31.5866661,31.2800007,741600.0,28.2744274
2017-03-29 00:00:00,31.1555557,31.3911114,31.4755554,31.1288891,587250.0,27.9475136
2017-03-30 00:00:00,31.4355564,31.1377773,31.4488888,31.1200008,618525.0,28.1986847
2017-03-31 00:00:00,31.3911114,31.2666664,31.5288887,31.2622223,967500.0,28.1588097
2017-04-03 00:00:00,30.9688892,31.3644447,31.5377789,30.915556,938025.0,27.7800655
2017-04-04 00:00:00,31.1866665,30.9777775,31.2933331,30.7111111,1143000.0,27.9754162
2017-04-05 00:00:00,30.9022217,31.2666664,31.4577789,30.8933334,840375.0,27.7202606
2017-04-06 00:00:00,30.7466679,30.8933334,31.0355568,30.6888885,751725.0,27.5807285
2017-04-07 00:00:00,30.5022221,30.6666679,30.7155552,30.4088898,1345950.0,27.3614502
2017-04-10 00:00:00,30.7066669,30.4977779,30.7555561,30.4933338,677925.0,27.5448456
2017-04-11 00:00:00,30.7511101,30.6311111,30.7777786,30.4755554,597375.0,27.5847111
2017-04-12 00:00:00,30.4622211,30.6666679,30.6666679,30.3955555,407700.0,27.3255672
2017-04-13 00:00:00,30.2177773,30.4577789,30.4666672,30.2177773,636525.0,27.1062946
2017-04-17 00:00:00,30.6533337,30.208889,30.6622219,30.1866665,805950.0,27.4969997
2017-04-18 00:00:00,30.5555553,30.5644436,30.6311111,30.4044437,637425.0,27.4092941
2017-04-19 00:00:00,30.4044437,30.626667,30.6800003,30.3111115,561375.0,27.2737427
2017-04-20 00:00:00,30.3288898,30.5066662,30.5066662,30.2888889,1142325.0,27.2059612
2017-04-21 00:00:00,30.2266674,30.3377781,30.3422222,30.1866665,795375.0,27.1142654
2017-04-24 00:00:00,30.6088886,30.5644436,30.6533337,30.417778,943875.0,27.4571342
2017-04-25 00:00:00,30.3155556,30.6133327,30.6222229,30.1777782,1685250.0,27.1940002
2017-04-26 00:00:00,30.4400005,30.2488899,30.7155552,30.2488899,1535175.0,27.3056335
2017-04-27 00:00:00,30.4755554,30.4666672,30.5777779,30.2933331,1106550.0,27.3375263
2017-04-28 00:00:00,30.2133331,30.5155563,30.5155563,30.1911106,911925.0,27.1023083
2017-05-01 00:00:00,30.1599998,30.2399998,30.2577782,30.0622215,630900.0,27.0544662
2017-05-02 00:00:00,29.9822216,30.1688881,30.2800007,29.8577785,715950.0,26.8949947
2017-05-03 00:00:00,29.9955559,29.9377785,30.1244431,29.8444443,512550.0,26.9069595
2017-05-04 00:00:00,30.0533333,30.1200008,30.2355556,29.7777786,1865700.0,26.9587822
2017-05-05 00:00:00,30.0,30.0888882,30.0888882,29.8711109,618300.0,26.9109421
2017-05-08 00:00:00,29.6933327,29.9599991,30.0311108,29.6399994,923175.0,26.6358547
2017-05-09 00:00:00,29.2488899,29.6933327,29.6933327,29.2133331,1086750.0,26.2371731
2017-05-10 00:00:00,29.4666672,29.2444439,29.5511112,29.2399998,699075.0,26.4325218
2017-05-11 00:00:00,29.4444447,29.3288898,29.5111103,29.1955566,711225.0,26.41259
2017-05-12 00:00:00,29.4044437,29.4266663,29.5155563,29.2977772,665775.0,26.3767052
2017-05-15 00:00:00,29.4711113,29.4355564,29.5511112,29.3555565,956025.0,26.436512
2017-05-16 00:00:00,29.5333328,29.4311104,29.5644436,29.2933331,964575.0,26.4923286
2017-05-17 00:00:00,29.5155563,29.5333328,29.6844444,29.2933331,1183275.0,26.4763832
2017-05-18 00:00:00,29.7288895,29.5422211,29.9777775,29.3644447,1040850.0,26.6677456
2017-05-19 00:00:00,29.8266678,29.7955551,29.9822216,29.6755562,778500.0,26.7554531
2017-05-22 00:00:00,30.0755558,29.9733334,30.1466675,29.915556,898650.0,26.9787159
2017-05-23 00:00:00,30.2266674,30.1111107,30.2977772,30.0133324,849375.0,27.1142654
2017-05-24 00:00:00,30.2044449,30.3333321,30.3511105,30.1200008,724725.0,27.0943356
2017-05-25 00:00:00,30.4222221,30.2311115,30.4844437,30.164444,544500.0,27.28969
2017-05-26 00:00:00,30.3555565,30.4044437,30.4400005,30.3066673,474300.0,27.229887
2017-05-30 00:00:00,30.4266663,30.3555565,30.4933338,30.1866665,414450.0,27.2936726
2017-05-31 00:00:00,30.6622219,30.4444447,30.7022228,30.2933331,1240650.0,27.5049763
2017-06-01 00:00:00,30.7422218,30.7244434,30.8311119,30.5599995,886725.0,27.5767365
2017-06-02 00:00:00,30.7111111,30.7244434,30.9066677,30.6800003,526275.0,27.54883
2017-06-05 00:00:00,30.4888897,30.7199993,30.7199993,30.4577789,511875.0,27.3494949
2017-06-06 00:00:00,30.1066666,30.3777771,30.4888897,30.084444,720225.0,27.0066242
2017-06-07 00:00:00,30.0444431,30.1333332,30.2800007,30.0311108,516150.0,26.9508114
2017-06-08 00:00:00,30.3466663,30.0311108,30.4533329,29.9644432,727200.0,27.2219124
2017-06-09 00:00:00,30.7022228,30.3511105,30.8044434,30.2577782,610650.0,27.5408573
2017-06-12 00:00:00,30.7688885,30.626667,30.8088894,30.3377781,979425.0,27.6006565
2017-06-13 00:00:00,30.5244446,30.5555553,30.6088886,30.373333,682650.0,27.6368732
2017-06-14 00:00:00,30.8577785,30.5599995,30.8711109,30.4666672,506700.0,27.9386749
2017-06-15 00:00:00,30.9466667,30.626667,30.9644432,30.626667,664650.0,28.0191536
2017-06-16 00:00:00,31.1866665,30.8666668,31.1911106,30.7644444,1373625.0,28.2364521
2017-06-19 00:00:00,31.0577774,31.208889,31.3688889,30.9422226,875700.0,28.1197529
2017-06-20 00:00:00,30.8222218,31.0177784,31.0222225,30.8088894,812925.0,27.9064808
2017-06-21 00:00:00,30.6933327,30.8400002,30.9022217,30.6355553,517725.0,27.7897835
2017-06-22 00:00:00,30.4311104,30.6800003,30.6800003,30.3822212,614925.0,27.5523682
2017-06-23 00:00:00,30.4577789,30.4577789,30.5555553,30.3466663,1222425.0,27.5765152
2017-06-26 00:00:00,30.6044445,30.5244446,30.6488895,30.4222221,573075.0,27.7093067
2017-06-27 00:00:00,30.4044437,30.5955563,30.6222229,30.4044437,650925.0,27.528223
2017-06-28 00:00:00,30.835556,30.4844437,30.9377785,30.3688889,828675.0,27.9185543
2017-06-29 00:00:00,30.7644444,30.9066677,30.9733334,30.5777779,1111275.0,27.8541737
2017-06-30 00:00:00,30.7422218,30.8177776,30.8888893,30.7022228,727875.0,27.8340454
2017-07-03 00:00:00,31.1288891,30.7688885,31.5244446,30.7688885,540000.0,28.184145
2017-07-05 00:00:00,30.8044434,31.1466675,31.2311115,30.7466679,985950.0,27.8903847
2017-07-06 00:00:00,30.7600002,30.6933327,30.8799992,30.5466671,1224450.0,27.8501492
2017-07-07 00:00:00,30.8577785,30.7511101,30.9377785,30.626667,616725.0,27.9386749
2017-07-10 00:00:00,30.6666679,30.7333336,30.8622227,30.6088886,1213425.0,27.7656422
2017-07-11 00:00:00,30.6977787,30.6800003,30.7777786,30.4666672,967500.0,27.7938118
2017-07-12 00:00:00,30.7600002,30.7022228,30.8888893,30.7022228,464175.0,27.8501492
2017-07-13 00:00:00,30.8711109,30.7555561,30.9244442,30.6399994,605475.0,27.9507523
2017-07-14 00:00:00,31.0622215,30.8533325,31.2000008,30.7555561,682425.0,28.1237736
2017-07-17 00:00:00,30.791111,31.0355568,31.0355568,30.7333336,689850.0,27.878315
2017-07-18 00:00:00,30.4444447,30.7377777,30.7377777,30.2933331,1019475.0,27.5644417
2017-07-19 00:00:00,30.835556,30.5066662,30.835556,30.4222221,736425.0,27.9185543
2017-07-20 00:00:00,31.1866665,30.8799992,31.1955566,30.6355553,667575.0,28.2364521
2017-07-21 00:00:00,31.3688889,31.1466675,31.3866673,31.1333332,796500.0,28.4014339
2017-07-24 00:00:00,31.6711102,31.3688889,31.7111111,31.3466663,888525.0,28.6750679
2017-07-25 00:00:00,32.0888901,31.8844433,32.1466675,31.8088894,1328400.0,29.0533257
2017-07-26 00:00:00,30.6977787,30.5111103,31.3955555,30.4444447,1517625.0,27.7938118
2017-07-27 00:00:00,30.4355564,30.6666679,30.6888885,30.3999996,1072125.0,27.5563927
2017-07-28 00:00:00,30.6488895,30.4311104,30.7511101,30.3955555,982350.0,27.749548
2017-07-31 00:00:00,30.6533337,30.6888885,30.8222218,30.5555553,1506375.0,27.7535706
2017-08-01 00:00:00,30.8133335,30.7377777,30.9333324,30.5022221,903150.0,27.8984318
2017-08-02 00:00:00,30.7288895,30.8177776,31.0577774,30.5200005,1276875.0,27.8219814
2017-08-03 00:00:00,30.7555561,30.7288895,30.8711109,30.5866661,1098675.0,27.8461227
2017-08-04 00:00:00,30.5022221,30.7244434,30.7511101,30.3288898,738450.0,27.6167603
2017-08-07 00:00:00,30.2844448,30.4888897,30.5688896,30.2800007,842850.0,27.4195766
2017-08-08 00:00:00,29.8266678,30.2888889,30.3333321,29.5555553,2129625.0,27.0051041
2017-08-09 00:00:00,30.3955555,29.8266678,30.3999996,29.7511101,1313325.0,27.5201778
2017-08-10 00:00:00,30.4622211,30.2755566,30.6711102,30.1866665,1267875.0,27.5805416
2017-08-11 00:00:00,30.3911114,30.4622211,30.4844437,30.2755566,870300.0,27.5161533
2017-08-14 00:00:00,30.7288895,30.5377789,30.7866669,30.5288887,673875.0,27.8219814
2017-08-15 00:00:00,30.3333321,30.7377777,30.7644444,30.2800007,532575.0,27.4638405
2017-08-16 00:00:00,30.3199997,30.3822212,30.4488888,30.2000008,452925.0,27.4517689
2017-08-17 00:00:00,30.0488892,30.3111115,30.3600006,30.0266666,567225.0,27.2063046
2017-08-18 00:00:00,29.915556,29.9644432,30.0400009,29.915556,534600.0,27.0855827
2017-08-21 00:00:00,29.7644444,29.9288883,29.9733334,29.6666679,431775.0,26.9487705
2017-08-22 00:00:00,29.8711109,29.7999992,29.8933334,29.7555561,456300.0,27.0453453
2017-08-23 00:00:00,29.7066669,29.7511101,29.8799992,29.6933327,591750.0,26.8964577
2017-08-24 00:00:00,29.7644444,29.7733326,29.8622227,29.6177788,577125.0,26.9487705
2017-08-25 00:00:00,29.9955559,29.8222218,30.1066666,29.8044434,397350.0,27.15802
2017-08-28 00:00:00,29.6488895,29.9466667,29.9466667,29.5377789,528300.0,26.8441448
2017-08-29 00:00:00,29.6399994,29.5022221,29.8088894,29.5022221,721350.0,26.8360958
2017-08-30 00:00:00,29.2711105,29.6311111,29.6622219,29.2577782,470925.0,26.5021019
2017-08-31 00:00:00,29.6177788,29.373333,29.6311111,29.2755566,772200.0,26.815979
2017-09-01 00:00:00,29.4577789,29.6800003,29.6800003,29.3822212,706050.0,26.671114
2017-09-05 00:00:00,28.2044449,29.373333,29.373333,28.1911106,1818000.0,25.5363445
2017-09-06 00:00:00,28.3066673,28.1733322,28.6133327,27.8311119,1742625.0,25.6288948
2017-09-07 00:00:00,27.7955551,28.2266674,28.2533321,27.5555553,1632375.0,25.1661301
2017-09-08 00:00:00,28.6622219,27.7111111,28.9555569,27.6622219,1953225.0,25.950819
2017-09-11 00:00:00,29.2399998,29.1511116,29.7288895,28.9377785,1919925.0,26.4739361
2017-09-12 00:00:00,29.3111115,29.3244438,29.3600006,29.0488892,774675.0,26.5383244
2017-09-13 00:00:00,29.2222214,29.2844448,29.3288898,29.0488892,718875.0,26.4578381
2017-09-14 00:00:00,29.0666676,29.208889,29.2488899,28.9111118,844650.0,26.3170013
2017-09-15 00:00:00,29.1111107,29.0666676,29.2488899,28.9022217,1858275.0,26.3572388
2017-09-18 00:00:00,28.9822216,29.164444,29.1955566,28.9466667,807975.0,26.2405434
2017-09-19 00:00:00,28.8711109,28.9200001,29.1288891,28.8488884,1102950.0,26.1961861
2017-09-20 00:00:00,28.9777775,28.8977776,29.0711117,28.8888893,872100.0,26.2929688
2017-09-21 00:00:00,28.9644432,28.9555569,29.2266674,28.9244442,517500.0,26.2808704
2017-09-22 00:00:00,29.0355568,28.9288883,29.1777782,28.9288883,554625.0,26.345396
2017-09-25 00:00:00,29.2311115,28.9777775,29.2711105,28.9733334,792450.0,26.5228329
2017-09-26 00:00:00,29.5555553,29.2044449,29.6800003,29.0755558,1268550.0,26.8172169
2017-09-27 00:00:00,29.5288887,29.6666679,29.7333336,29.2488899,953550.0,26.7930202
2017-09-28 00:00:00,29.6577778,29.5200005,29.7422218,29.4266663,772650.0,26.9099693
2017-09-29 00:00:00,29.6622219,29.5866661,29.7777786,29.5377789,1237500.0,26.9139957
2017-10-02 00:00:00,29.9333324,29.6355553,29.9422226,29.5555553,573525.0,27.1599884
2017-10-03 00:00:00,29.8933334,29.9244442,29.9866676,29.5599995,992250.0,27.1236992
2017-10-04 00:00:00,30.0488892,29.8133335,30.1244431,29.6844444,923625.0,27.2648392
2017-10-05 00:00:00,30.1022224,30.0666676,30.1688881,29.8133335,902250.0,27.3132324
2017-10-06 00:00:00,30.0311108,30.0755558,30.2488899,29.9777775,1317600.0,27.2487087
2017-10-09 00:00:00,29.8888893,30.0311108,30.1377773,29.835556,624825.0,27.1196651
2017-10-10 00:00:00,29.9377785,29.8888893,30.0977783,29.835556,643275.0,27.1640224
2017-10-11 00:00:00,29.9066677,29.8711109,29.9644432,29.7111111,833400.0,27.1358013
2017-10-12 00:00:00,29.8844433,29.9377785,30.0177784,29.7511101,966375.0,27.1156349
2017-10-13 00:00:00,29.9599991,29.8933334,30.1466675,29.7511101,691875.0,27.1841831
2017-10-16 00:00:00,30.3155556,29.9555569,30.3244438,29.9466667,1022175.0,27.5067997
2017-10-17 00:00:00,30.4222221,30.3466663,30.4311104,30.1555557,854100.0,27.6035862
2017-10-18 00:00:00,30.5644436,30.4711113,30.7377777,30.2755566,911025.0,27.732626
2017-10-19 00:00:00,30.8622227,30.5377789,30.8799992,30.4044437,654300.0,28.0028172
2017-10-20 00:00:00,31.1688881,31.0222225,31.2488899,30.8844433,965700.0,28.2810726
2017-10-23 00:00:00,31.1288891,31.1555557,31.1555557,30.9377785,810225.0,28.2447796
2017-10-24 00:00:00,31.164444,31.1511116,31.417778,31.0488892,1167975.0,28.2770386
2017-10-25 00:00:00,31.2399998,31.8977776,31.8977776,30.8622227,1310625.0,28.3455944
2017-10-26 00:00:00,31.3644447,31.2044449,31.5377789,31.1688881,889650.0,28.4585075
2017-10-27 00:00:00,30.915556,31.3644447,31.3777771,30.8133335,853650.0,28.0512085
2017-10-30 00:00:00,30.5555553,30.7422218,31.0444431,30.5288887,930825.0,27.7245636
2017-10-31 00:00:00,30.4799995,30.5200005,30.6222229,30.3511105,887400.0,27.6560078
2017-11-01 00:00:00,30.4622211,30.5777779,30.7066669,30.2577782,701325.0,27.6398811
2017-11-02 00:00:00,30.7466679,30.5422211,30.7955551,30.3955555,1318725.0,27.8979702
2017-11-03 00:00:00,30.7777786,30.6222229,30.835556,30.5288887,1044450.0,27.926199
2017-11-06 00:00:00,30.8533325,30.7333336,30.9555569,30.7111111,529200.0,27.994751
2017-11-07 00:00:00,30.6800003,30.8799992,31.1822224,30.6444435,1367550.0,27.8374805
2017-11-08 00:00:00,30.5377789,30.6844444,30.7422218,30.4711113,888075.0,27.7084389
2017-11-09 00:00:00,30.5200005,30.4622211,30.7155552,30.3777771,629100.0,27.6923065
2017-11-10 00:00:00,30.5511112,30.4888897,30.5733337,30.3466663,738675.0,27.7205334
2017-11-13 00:00:00,30.2800007,30.4088898,30.5377789,30.2577782,879075.0,27.4745369
2017-11-14 00:00:00,30.1244431,30.2844448,30.3244438,30.0222225,1148175.0,27.3333931
2017-11-15 00:00:00,30.2666664,30.0400009,30.4888897,29.9466667,811575.0,27.4624367
2017-11-16 00:00:00,29.8133335,30.2666664,30.3422222,29.7600002,980775.0,27.0511112
2017-11-17 00:00:00,29.7955551,29.7555561,29.9422226,29.6977787,953325.0,27.0349808
2017-11-20 00:00:00,29.7511101,29.7777786,29.8844433,29.7066669,817650.0,26.994648
2017-11-21 00:00:00,29.7777786,29.7999992,29.8844433,29.7066669,821700.0,27.0188484
2017-11-22 00:00:00,29.5200005,29.7688885,29.8044434,29.5200005,955125.0,26.7849522
2017-11-24 00:00:00,29.417778,29.5644436,29.6088886,29.4044437,502200.0,26.6922035
2017-11-27 00:00:00,29.5022221,29.3822212,29.5777779,29.2977772,769725.0,26.7688217
2017-11-28 00:00:00,29.8666668,29.4888897,29.9022217,29.417778,873450.0,27.0995045
2017-11-29 00:00:00,30.4444447,29.7022228,30.4666672,29.5599995,1141650.0,27.8893585
2017-11-30 00:00:00,30.7199993,30.5022221,30.8044434,30.0977783,2415825.0,28.1417923
2017-12-01 00:00:00,30.8977776,30.7555561,30.9599991,30.208889,1792575.0,28.3046494
2017-12-04 00:00:00,31.0,31.1244431,31.4266663,30.9333324,1473300.0,28.3982925
2017-12-05 00:00:00,30.8799992,31.1466675,31.1466675,30.7199993,1197900.0,28.2883606
2017-12-06 00:00:00,30.9822216,30.8888893,31.0933323,30.8444443,775575.0,28.3820076
2017-12-07 00:00:00,31.0533333,30.9422226,31.1155567,30.8977776,868950.0,28.4471512
2017-12-08 00:00:00,31.2888889,31.1555557,31.3155556,31.0711117,893250.0,28.6629353
2017-12-11 00:00:00,31.3288898,31.2222214,31.4133339,31.1111107,878850.0,28.6995792
2017-12-12 00:00:00,31.5644436,31.3644447,31.6044445,31.3333321,1001025.0,28.9153614
2017-12-13 00:00:00,31.3333321,31.5955563,31.6800003,31.2933331,1217025.0,28.7036476
2017-12-14 00:00:00,31.2222214,31.4400005,31.4444447,31.2222214,1370925.0,28.601862
2017-12-15 00:00:00,31.6622219,31.4044437,31.8266678,31.3111115,2177550.0,29.0049362
2017-12-18 00:00:00,31.3555565,31.7377777,31.9511108,31.2666664,967500.0,28.7240047
2017-12-19 00:00:00,31.1555557,31.6622219,31.6622219,31.0177784,1507950.0,28.5407925
2017-12-20 00:00:00,31.4444447,31.3999996,31.6666679,31.2044449,834975.0,28.805439
2017-12-21 00:00:00,31.4311104,31.4799995,31.6488895,31.3466663,339300.0,28.7932205
2017-12-22 00:00:00,31.5111103,31.5022221,31.5511112,31.3288898,491850.0,28.8665028
2017-12-26 00:00:00,31.5111103,31.4577789,31.8177776,31.4400005,360900.0,28.8665028
2017-12-27 00:00:00,31.582222,31.5555553,31.6311111,31.4044437,681525.0,28.9316463
2017-12-28 00:00:00,31.8977776,31.6533337,31.9111118,31.5066662,475200.0,29.2207203
2017-12-29 00:00:00,31.8444443,31.9288883,31.9599991,31.7066669,735750.0,29.1718636
2018-01-02 00:00:00,31.1288891,31.9377785,31.9955559,31.0533333,964800.0,28.5163612
2018-01-03 00:00:00,30.8711109,31.1333332,31.3244438,30.8666668,764100.0,28.2802143
2018-01-04 00:00:00,30.9955559,30.9244442,31.1200008,30.8444443,589725.0,28.3942204
2018-01-05 00:00:00,30.8666668,31.0533333,31.0533333,30.7777786,808875.0,28.2761459
2018-01-08 00:00:00,30.7111111,30.8311119,30.8311119,30.4977779,902925.0,28.1336479
2018-01-09 00:00:00,30.5733337,30.7688885,31.0,30.5599995,1728225.0,28.007431
2018-01-10 00:00:00,30.2000008,30.6222229,30.6222229,30.1955566,1002150.0,27.6654301
2018-01-11 00:00:00,30.4933338,30.2222214,30.5066662,30.2177773,711225.0,27.9341488
2018-01-12 00:00:00,30.8622227,30.4933338,30.9377785,30.3688889,943650.0,28.2720757
2018-01-16 00:00:00,30.8533325,31.0533333,31.1111107,30.8444443,771525.0,28.2639332
2018-01-17 00:00:00,31.1599998,30.8311119,31.2355556,30.8311119,661275.0,28.5448608
2018-01-18 00:00:00,31.1200008,31.1733322,31.2666664,30.9599991,1246275.0,28.5082169
2018-01-19 00:00:00,31.4355564,31.1377773,31.4355564,31.1333332,639675.0,28.7972946
2018-01-22 00:00:00,31.8400002,31.5555553,31.8711109,31.5288887,798975.0,29.1677933
2018-01-23 00:00:00,32.0177765,31.8799992,32.1688881,31.6933327,715725.0,29.3306522
2018-01-24 00:00:00,31.9066677,32.0888901,32.0888901,31.7511101,796500.0,29.2288685
2018-01-25 00:00:00,32.1422234,31.9422226,32.1511116,31.7999992,722475.0,29.4446526
2018-01-26 00:00:00,32.0400009,32.1511116,32.2400017,31.9555569,672750.0,29.3510075
2018-01-29 00:00:00,31.8577785,32.0311127,32.0400009,31.7199993,808650.0,29.1840801
2018-01-30 00:00:00,31.8133335,31.7733326,32.0488892,31.6711102,781200.0,29.1433659
2018-01-31 00:00:00,32.4355545,31.9511108,32.7955551,31.7777786,1664775.0,29.7133656
2018-02-01 00:00:00,32.6355553,32.2888908,32.7688904,32.2222214,1091475.0,29.8965797
2018-02-02 00:00:00,32.582222,32.5111122,33.0800018,32.5111122,762300.0,29.8477211
2018-02-05 00:00:00,31.6000004,32.3911095,32.6666679,31.5244446,877275.0,28.9479389
2018-02-06 00:00:00,31.4711113,31.1733322,31.6666679,30.7199993,1708200.0,28.8298645
2018-02-07 00:00:00,31.1688881,31.4133339,31.7377777,31.1599998,1617300.0,28.5530071
2018-02-08 00:00:00,30.1155567,31.1777782,31.1777782,30.1111107,1431225.0,27.5880795
2018-02-09 00:00:00,30.2311115,30.3022213,30.4622211,29.8311119,1493100.0,27.6939335
2018-02-12 00:00:00,30.2311115,30.3155556,30.5511112,29.915556,1140750.0,27.6939335
2018-02-13 00:00:00,30.3199997,30.1244431,30.373333,29.8533325,770850.0,27.7753601
2018-02-14 00:00:00,30.8577785,30.2933331,30.8844433,30.0488892,716400.0,28.2680111
2018-02-15 00:00:00,30.9955559,31.0,31.0577774,30.7199993,569250.0,28.3942204
2018-02-16 00:00:00,31.0355568,30.9066677,31.1111107,30.8577785,1108350.0,28.4308681
2018-02-20 00:00:00,30.5466671,30.9333324,30.9333324,30.2933331,710775.0,27.9830017
2018-02-21 00:00:00,30.7288895,30.5555553,31.1022224,30.5555553,815850.0,28.1499348
2018-02-22 00:00:00,30.5644436,30.8311119,31.0577774,30.5111103,873000.0,27.9992847
2018-02-23 00:00:00,30.6844444,30.6355553,30.7866669,30.3022213,666225.0,28.1092167
2018-02-26 00:00:00,31.1466675,30.791111,31.1822224,30.7288895,543375.0,28.5326481
2018-02-27 00:00:00,30.8888893,31.1244431,31.2488899,30.8888893,638100.0,28.2965069
2018-02-28 00:00:00,30.3911114,31.0,31.2399998,30.3866673,817425.0,27.8405018
2018-03-01 00:00:00,30.1777782,30.4444447,30.626667,30.0311108,492525.0,27.6450768
2018-03-02 00:00:00,30.3199997,30.0266666,30.3822212,29.9511108,524475.0,27.7753601
2018-03-05 00:00:00,31.1911106,30.3199997,31.2622223,30.3199997,647100.0,28.5733604
2018-03-06 00:00:00,31.3422222,31.2399998,31.4355564,30.6711102,839700.0,28.7117939
2018-03-07 00:00:00,31.3911114,31.2311115,31.4355564,30.9866676,1027350.0,28.7565842
2018-03-08 00:00:00,31.3333321,31.4799995,31.4799995,31.2000008,881550.0,28.7036476
2018-03-09 00:00:00,31.9955559,31.5288887,31.9955559,31.3600006,773550.0,29.3102932
2018-03-12 00:00:00,32.2755547,31.9911118,32.4000015,31.9244442,1200600.0,29.5667915
2018-03-13 00:00:00,32.0355568,32.2755547,32.2755547,31.791111,760950.0,29.4036217
2018-03-14 00:00:00,31.7022228,32.1733322,32.1733322,31.582222,901350.0,29.0976772
2018-03-15 00:00:00,31.6399994,31.7644444,31.8711109,31.5599995,633600.0,29.0405617
2018-03-16 00:00:00,31.7066669,31.7022228,31.9377785,31.5511112,2045925.0,29.1017513
2018-03-19 00:00:00,31.8133335,31.6933327,31.9733334,31.6044445,890100.0,29.1996593
2018-03-20 00:00:00,32.0266685,31.8222218,32.1955566,31.7777786,508500.0,29.3954639
2018-03-21 00:00:00,31.7511101,31.9377785,32.1599998,31.7511101,560250.0,29.1425457
2018-03-22 00:00:00,31.6444435,31.5377789,32.0844421,31.4666672,1895625.0,29.0446453
2018-03-23 00:00:00,31.208889,31.6577778,31.8755569,31.1022224,2389950.0,28.6448708
2018-03-26 00:00:00,31.8799992,31.5511112,31.915556,31.2444439,972000.0,29.2608452
2018-03-27 00:00:00,31.6533337,31.9200001,32.0311127,31.4622211,899100.0,29.0528011
2018-03-28 00:00:00,32.2711105,31.6977787,32.3600006,31.4444447,877275.0,29.6198311
2018-03-29 00:00:00,32.3111115,32.4133339,32.5733337,32.1733322,1279350.0,29.6565361
2018-04-02 00:00:00,31.791111,32.3111115,32.4711113,31.4044437,1038150.0,29.1792603
2018-04-03 00:00:00,32.3066673,31.8799992,32.417778,31.8133335,1162575.0,29.6524601
2018-04-04 00:00:00,32.5555573,31.9111118,32.5644455,31.8044434,935325.0,29.8809071
2018-04-05 00:00:00,32.5911102,32.6533318,32.8177795,32.3688889,688950.0,29.913538
2018-04-06 00:00:00,32.0888901,32.4000015,32.6355553,31.8711109,702000.0,29.4525776
2018-04-09 00:00:00,32.1199989,32.0622215,32.4222221,31.8977776,680400.0,29.4811268
2018-04-10 00:00:00,32.2888908,32.3288879,32.4044456,32.0044441,978975.0,29.6361427
2018-04-11 00:00:00,32.3422203,32.1244431,32.3777771,31.9599991,703800.0,29.6850929
2018-04-12 00:00:00,32.5466652,32.4755554,32.6222229,32.3777771,664875.0,29.872736
2018-04-13 00:00:00,32.4755554,32.6666679,32.6666679,32.2844429,760500.0,29.8074703
2018-04-16 00:00:00,33.0400009,32.6666679,33.1066666,32.5644455,577350.0,30.3255463
2018-04-17 00:00:00,33.0222206,33.1333313,33.2355576,32.7599983,1647450.0,30.3092251
2018-04-18 00:00:00,32.9333344,33.0800018,33.0800018,32.7288895,994050.0,30.2276478
2018-04-19 00:00:00,32.9599991,32.955555,33.1777763,32.8533325,860850.0,30.2521133
2018-04-20 00:00:00,33.2177773,33.0622215,33.2577782,32.9022217,733275.0,30.488718
2018-04-23 00:00:00,33.1955566,33.2400017,33.2711105,32.9377785,712800.0,30.4683132
2018-04-24 00:00:00,33.0311127,33.2044449,33.3422203,32.8622208,787050.0,30.3173847
2018-04-25 00:00:00,33.835556,35.4399986,35.4399986,33.5200005,1257075.0,31.0557442
2018-04-26 00:00:00,33.5911102,33.8444443,33.8444443,33.1377792,899100.0,30.8313751
2018-04-27 00:00:00,33.6977768,33.5288887,33.8222237,33.4222221,684000.0,30.9292793
2018-04-30 00:00:00,33.1377792,33.791111,33.9111099,33.1155548,1007100.0,30.4152851
2018-05-01 00:00:00,33.3199997,33.0888901,33.3644447,32.8577766,685125.0,30.5825367
2018-05-02 00:00:00,32.8577766,33.2444458,33.2711105,32.5288887,930150.0,30.1582909
2018-05-03 00:00:00,32.8088875,32.7066689,32.8933334,32.3466682,712350.0,30.1134224
2018-05-04 00:00:00,33.2622223,32.7155571,33.4000015,32.6844444,538875.0,30.5295105
2018-05-07 00:00:00,33.4000015,33.3155556,33.5155563,32.8711128,612225.0,30.6559753
2018-05-08 00:00:00,33.4799995,33.4000015,33.6444435,33.253334,903150.0,30.7293968
2018-05-09 00:00:00,33.4533348,33.5022202,33.582222,33.2755547,940725.0,30.7049198
2018-05-10 00:00:00,33.835556,33.5422211,33.9155579,33.3377762,542925.0,31.0557442
2018-05-11 00:00:00,34.1822205,33.8755569,34.2977791,33.8088875,724275.0,31.3739262
2018-05-14 00:00:00,33.8266678,34.2177773,34.2355576,33.7688904,616050.0,31.0475845
2018-05-15 00:00:00,33.8666687,33.6977768,33.9199982,33.6977768,627975.0,31.0842896
2018-05-16 00:00:00,33.9777794,33.8533325,34.1155548,33.7555542,458100.0,31.1862793
2018-05-17 00:00:00,34.0933342,33.9511108,34.2222214,33.8044434,636525.0,31.2923374
2018-05-18 00:00:00,34.0133324,34.0888901,34.1288872,33.9688873,638775.0,31.2189102
2018-05-21 00:00:00,34.3822212,34.1199989,34.4666672,33.9733315,507600.0,31.5574875
2018-05-22 00:00:00,34.2177773,34.3466682,34.4488907,34.1511116,604350.0,31.4065571
2018-05-23 00:00:00,34.1333313,34.1866684,34.2755547,33.9377785,759375.0,31.3290539
2018-05-24 00:00:00,34.1422234,34.1066666,34.2444458,33.8044434,880875.0,31.3372173
2018-05-25 00:00:00,34.0977783,34.0800018,34.3111115,34.0400009,445275.0,31.2964211
2018-05-29 00:00:00,33.4622231,33.8444443,33.8888893,33.3333321,683325.0,30.7130814
2018-05-30 00:00:00,34.2044449,33.6088905,34.3422203,33.5422211,1117800.0,31.3943176
2018-05-31 00:00:00,33.9866676,34.1422234,34.2000008,33.746666,1729125.0,31.194437
2018-06-01 00:00:00,34.2355576,34.2400017,34.3466682,34.1199989,702900.0,31.422884
2018-06-04 00:00:00,34.4888878,34.3688889,34.6133347,34.2755547,557100.0,31.6553955
2018-06-05 00:00:00,34.2622223,34.3955574,34.6666679,34.1333313,738675.0,31.4473495
2018-06-06 00:00:00,34.5777779,34.3644447,34.5866661,34.1955566,615375.0,31.7369804
2018-06-07 00:00:00,34.7555542,34.6133347,34.8400002,34.3422203,603900.0,31.9001579
2018-06-08 00:00:00,34.8044434,34.5244446,34.8222237,34.4933319,534825.0,32.150589
2018-06-11 00:00:00,34.6533318,34.8222237,34.9288902,34.5866661,402750.0,32.0110092
2018-06-12 00:00:00,34.2222214,34.7111092,34.7111092,34.2000008,611100.0,31.6127644
2018-06-13 00:00:00,34.0222206,34.3377762,34.4399986,33.9955559,873000.0,31.4280205
2018-06-14 00:00:00,33.4577789,33.4888878,33.7377777,33.2622223,942300.0,30.9672947
2018-06-15 00:00:00,33.4933319,33.4000015,33.5333328,33.0,1638000.0,31.0001945
2018-06-18 00:00:00,33.0133324,33.1555557,33.2400017,32.9199982,802350.0,30.5559273
2018-06-19 00:00:00,33.2355576,32.8266678,33.3155556,32.8266678,1115100.0,30.7616177
2018-06-20 00:00:00,32.9866676,33.3600006,33.3777771,32.9688873,967725.0,30.5312538
2018-06-21 00:00:00,32.6399994,32.9288902,33.1199989,32.5866661,1042875.0,30.2103844
2018-06-22 00:00:00,32.7688904,32.7733345,33.0133324,32.6666679,1381725.0,30.3296833
2018-06-25 00:00:00,32.746666,32.7377777,32.8711128,32.5466652,1045350.0,30.3091068
2018-06-26 00:00:00,32.4933319,32.7777786,32.8844452,32.4533348,1523475.0,30.0746403
2018-06-27 00:00:00,31.9377785,32.5155563,32.7422218,31.915556,897300.0,29.5604382
2018-06-28 00:00:00,32.0533333,31.8711109,32.1422234,31.8711109,689625.0,29.6673908
2018-06-29 00:00:00,32.1822205,32.1022224,32.4666672,32.0666656,1197450.0,29.7866821
2018-07-02 00:00:00,31.9511108,32.0755577,32.253334,31.8755569,669600.0,29.5727787
2018-07-03 00:00:00,32.0755577,32.0355568,32.4755554,32.0177765,707175.0,29.6879597
2018-07-05 00:00:00,32.1555557,32.2444458,32.2755547,31.8888893,584550.0,29.7620049
2018-07-06 00:00:00,32.2000008,32.0711098,32.4977798,32.0133324,616275.0,29.8031464
2018-07-09 00:00:00,32.7200012,32.3422203,32.7777786,32.3333321,731475.0,30.2844353
2018-07-10 00:00:00,32.8088875,32.7555542,32.9466667,32.6933327,707175.0,30.366703
2018-07-11 00:00:00,32.8533325,32.7244453,32.9333344,32.6711121,618975.0,30.407835
2018-07-12 00:00:00,32.6177788,33.0133324,33.1599998,32.5288887,396225.0,30.1898174
2018-07-13 00:00:00,32.6088905,32.5111122,32.7866669,32.5111122,702000.0,30.1815948
2018-07-16 00:00:00,33.0755577,32.6133347,33.0800018,32.6133347,629325.0,30.6135197
2018-07-17 00:00:00,32.7999992,33.0888901,33.1599998,32.7599983,1051875.0,30.3584728
2018-07-18 00:00:00,33.164444,32.791111,33.2488899,32.7333336,621000.0,30.6957893
2018-07-19 00:00:00,33.0711098,33.0266685,33.2177773,32.9422226,881100.0,30.6094074
2018-07-20 00:00:00,33.1733322,33.0711098,33.3377762,32.8888893,606600.0,30.7040195
2018-07-23 00:00:00,33.1911125,33.1288872,33.2266655,32.9066658,556875.0,30.7204723
2018-07-24 00:00:00,33.0133324,33.2177773,33.2799988,32.9244423,481275.0,30.5559273
2018-07-25 00:00:00,33.0400009,33.3333321,34.8800011,32.5377769,1345275.0,30.580616
2018-07-26 00:00:00,33.8222237,33.1466675,33.8933334,33.1466675,912150.0,31.3046074
2018-07-27 00:00:00,33.5155563,33.8977776,34.2000008,33.4666672,655650.0,31.0207691
2018-07-30 00:00:00,33.5066681,33.4666672,33.746666,33.4666672,640350.0,31.012537
2018-07-31 00:00:00,33.6933327,33.5600014,33.7822227,33.1555557,922275.0,31.1853085
2018-08-01 00:00:00,33.7066689,33.6933327,33.9199982,33.5511093,649800.0,31.1976566
2018-08-02 00:00:00,33.6800003,33.5111122,33.8888893,33.4666672,451800.0,31.1729813
2018-08-03 00:00:00,33.7733345,33.6711121,33.7733345,33.4755554,476100.0,31.2593575
2018-08-06 00:00:00,33.746666,33.7511101,33.9511108,33.6533318,459000.0,31.2346764
2018-08-07 00:00:00,33.5288887,33.7644424,33.9022217,33.3777771,694125.0,31.0331097
2018-08-08 00:00:00,33.5955544,33.5155563,33.6488876,33.4088898,555075.0,31.0948181
2018-08-09 00:00:00,33.8577766,33.582222,34.0,33.5466652,567450.0,31.3375263
2018-08-10 00:00:00,33.7644424,33.626667,33.835556,33.3422203,367875.0,31.2511272
2018-08-13 00:00:00,33.7688904,33.791111,33.9822235,33.626667,384750.0,31.2552433
2018-08-14 00:00:00,33.9599991,33.8088875,34.1599998,33.7244453,573300.0,31.4321308
2018-08-15 00:00:00,34.0,33.8800011,34.1022224,33.7733345,452475.0,31.4691505
2018-08-16 00:00:00,34.3244438,34.0977783,34.4311104,34.0977783,447075.0,31.7694397
2018-08-17 00:00:00,34.417778,34.3155556,34.5022202,34.164444,417825.0,31.8558388
2018-08-20 00:00:00,34.6844444,34.4266663,34.7822227,34.4266663,487575.0,32.1026535
2018-08-21 00:00:00,34.7111092,34.6888885,34.8577766,34.6844444,470250.0,32.1273422
2018-08-22 00:00:00,34.2711105,34.7022209,34.7155571,34.208889,701325.0,31.7200813
2018-08-23 00:00:00,34.5111122,34.3111115,34.5511093,34.1555557,555525.0,31.9422169
2018-08-24 00:00:00,34.7155571,34.5511093,34.7599983,34.5111122,357300.0,32.1314392
2018-08-27 00:00:00,34.8088875,34.8177795,34.9466667,34.7511101,481500.0,32.217823
2018-08-28 00:00:00,35.0311127,34.8977776,35.0800018,34.8088875,479475.0,32.4235229
2018-08-29 00:00:00,34.9199982,35.0577774,35.1066666,34.8666687,498150.0,32.3206673
2018-08-30 00:00:00,34.7288895,34.8933334,34.9155579,34.6044426,351225.0,32.1437836
2018-08-31 00:00:00,34.7822227,34.6488876,34.835556,34.4933319,871650.0,32.1931458
2018-09-04 00:00:00,35.0044441,34.7822227,35.0266685,34.5644455,499500.0,32.3988266
2018-09-05 00:00:00,34.9599991,35.0088882,35.2844429,34.8888893,767025.0,32.3576889
2018-09-06 00:00:00,35.0088882,34.9777794,35.1244431,34.9066658,557325.0,32.4029427
2018-09-07 00:00:00,34.9111099,34.9822235,35.044445,34.7555542,435150.0,32.3124466
2018-09-10 00:00:00,34.7822227,35.0222206,35.0222206,34.7111092,491625.0,32.1931458
2018-09-11 00:00:00,34.9644432,34.6755562,35.0222206,34.5511093,667800.0,32.361805
2018-09-12 00:00:00,34.9155579,34.9066658,34.9866676,34.7555542,497475.0,32.316555
2018-09-13 00:00:00,35.417778,34.9777794,35.4355545,34.9777794,458100.0,32.7814026
2018-09-14 00:00:00,35.746666,35.4666672,35.8577766,35.4666672,856125.0,33.0858078
2018-09-17 00:00:00,35.3777771,35.6800003,35.6800003,35.253334,562050.0,32.7443695
2018-09-18 00:00:00,35.1066666,35.0800018,35.3688889,34.9822235,1009125.0,32.7609634
2018-09-19 00:00:00,34.7733345,35.1333313,35.2444458,34.7200012,774450.0,32.4499092
2018-09-20 00:00:00,35.044445,34.8933334,35.0755577,34.7244453,722925.0,32.7028999
2018-09-21 00:00:00,35.0266685,34.4044456,35.1377792,34.3422203,1410975.0,32.6863098
2018-09-24 00:00:00,34.7333336,35.0266685,35.164444,34.6888885,826200.0,32.4125748
2018-09-25 00:00:00,35.253334,34.8088875,35.2755547,34.7688904,4101300.0,32.8978271
2018-09-26 00:00:00,35.0800018,35.3688889,35.4399986,35.0266685,1574550.0,32.7360764
2018-09-27 00:00:00,35.1688881,35.0755577,35.4933319,35.0133324,1707300.0,32.8190346
2018-09-28 00:00:00,35.5244446,35.1066666,35.5600014,35.0977783,1586700.0,33.1508255
2018-10-01 00:00:00,34.8800011,35.5600014,35.746666,34.7777786,1456650.0,32.5494423
2018-10-02 00:00:00,35.0844421,34.8888893,35.1333313,34.7333336,642825.0,32.7402267
2018-10-03 00:00:00,35.1822205,35.2133331,35.4844437,35.1066666,1157175.0,32.8314667
2018-10-04 00:00:00,35.2400017,35.1377792,35.4000015,35.1155548,775125.0,32.8853874
2018-10-05 00:00:00,35.0044441,35.2177773,35.3955574,35.0,645075.0,32.6655617
2018-10-08 00:00:00,35.1333313,34.8844452,35.2666664,34.8533325,438750.0,32.7858467
2018-10-09 00:00:00,35.2666664,35.0933342,35.3955574,34.955555,668925.0,32.9102745
2018-10-10 00:00:00,34.2444458,35.1244431,35.2933311,34.2222214,1164825.0,31.956358
2018-10-11 00:00:00,33.0711098,34.1555557,34.1555557,33.0355568,1154700.0,30.8614159
2018-10-12 00:00:00,32.7111092,33.6044426,33.6044426,32.1911125,1102725.0,30.525465
2018-10-15 00:00:00,32.6399994,32.7155571,33.0133324,32.5555573,1198350.0,30.4591084
2018-10-16 00:00:00,33.208889,32.8177795,33.2755547,32.5022202,1282275.0,30.9899845
2018-10-17 00:00:00,33.1555557,33.1866684,33.3866653,32.8311119,586800.0,30.9402161
2018-10-18 00:00:00,32.9199982,33.1066666,33.3066673,32.7644424,555750.0,30.7204056
2018-10-19 00:00:00,32.8577766,32.8666687,33.164444,32.7111092,547200.0,30.6623363
2018-10-22 00:00:00,32.626667,32.9422226,33.0844421,32.4711113,951300.0,30.4466705
2018-10-23 00:00:00,32.0888901,32.2400017,32.4311104,31.8799992,907425.0,29.9448261
2018-10-24 00:00:00,32.4577789,32.7555542,33.5288887,32.4355545,1184850.0,30.2890644
2018-10-25 00:00:00,32.9377785,32.6711121,33.1022224,32.4711113,856575.0,30.7369919
2018-10-26 00:00:00,32.8800011,32.7822227,33.0577774,32.3244438,1000575.0,30.6830788
2018-10-29 00:00:00,33.1599998,33.2622223,33.6222229,32.9288902,1241550.0,30.9443684
2018-10-30 00:00:00,33.4666672,33.3111115,33.5244446,33.0711098,851850.0,31.2305412
2018-10-31 00:00:00,33.7333336,33.6800003,34.1777763,33.5422211,1284075.0,31.479393
2018-11-01 00:00:00,33.6711121,33.791111,33.791111,33.4266663,730350.0,31.4213238
2018-11-02 00:00:00,33.6177788,33.9022217,34.0577774,33.2799988,765450.0,31.3715534
2018-11-05 00:00:00,33.9777794,33.746666,34.2355576,33.5999985,745650.0,31.7075024
2018-11-06 00:00:00,34.3288879,33.9199982,34.3822212,33.791111,785475.0,32.0351562
2018-11-07 00:00:00,34.8977776,34.4222221,34.9599991,34.4222221,684450.0,32.5660248
2018-11-08 00:00:00,35.0133324,34.8088875,35.2000008,34.8088875,794925.0,32.6738586
2018-11-09 00:00:00,34.8488884,34.9911118,35.1066666,34.6399994,651600.0,32.5204048
2018-11-12 00:00:00,34.4088898,34.8266678,34.8755569,34.3288879,815850.0,32.1098099
2018-11-13 00:00:00,34.3066673,34.4266663,34.6399994,34.1866684,683775.0,32.0144157
2018-11-14 00:00:00,33.6533318,34.4088898,34.6133347,33.5155563,932400.0,31.4047356
2018-11-15 00:00:00,34.3022232,33.5422211,34.3555565,33.3866653,811350.0,32.0102692
2018-11-16 00:00:00,34.8666687,34.1777763,34.9333344,34.1466675,996975.0,32.5369987
2018-11-19 00:00:00,34.9066658,34.8666687,35.0044441,34.5955544,974025.0,32.5743179
2018-11-20 00:00:00,34.7733345,34.7377777,34.9511108,34.5600014,1250550.0,32.4499092
2018-11-21 00:00:00,34.6577797,34.8044434,35.0577774,34.5555573,900225.0,32.3420715
2018-11-23 00:00:00,34.5066681,34.4000015,34.6888885,34.3955574,402525.0,32.2010574
2018-11-26 00:00:00,34.8266678,34.7955551,34.8888893,34.4933319,979875.0,32.4996758
2018-11-27 00:00:00,34.4533348,34.4622231,34.7733345,34.3155556,975375.0,32.4202156
2018-11-28 00:00:00,34.955555,34.4355545,34.9688873,34.2622223,1167975.0,32.8927956
2018-11-29 00:00:00,34.8666687,34.8044434,35.0622215,34.7377777,767700.0,32.8091545
2018-11-30 00:00:00,35.0133324,34.8711128,35.2977791,34.791111,4253175.0,32.9471588
2018-12-03 00:00:00,34.7644424,35.1733322,35.3600006,34.2577782,1274175.0,32.7129593
2018-12-04 00:00:00,34.0577774,34.7955551,34.8577766,33.955555,894825.0,32.0480003
2018-12-06 00:00:00,33.9466667,33.6933327,34.0266685,33.0533333,1258875.0,31.9434376
2018-12-07 00:00:00,33.6577797,33.8266678,34.3022232,33.3688889,905400.0,31.6716003
2018-12-10 00:00:00,33.4266663,33.6533318,33.8044434,32.9911118,825525.0,31.4541302
2018-12-11 00:00:00,33.2888908,33.7288895,33.9422226,33.1688881,792450.0,31.3244896
2018-12-12 00:00:00,33.3822212,33.6133347,33.8222237,33.2666664,736425.0,31.4123116
2018-12-13 00:00:00,33.4000015,33.4266663,33.6977768,33.2177773,916425.0,31.4290428
2018-12-14 00:00:00,33.2044449,33.2000008,33.3511124,33.0711098,805050.0,31.2450199
2018-12-17 00:00:00,32.4799995,33.1955566,33.3199997,32.3866653,854550.0,30.5633259
2018-12-18 00:00:00,32.6666679,32.6355553,32.955555,32.4399986,787725.0,30.7389793
2018-12-19 00:00:00,32.4844437,32.7066689,33.253334,32.3244438,810450.0,30.5675087
2018-12-20 00:00:00,31.8488884,32.3199997,32.4977798,31.8177776,1168650.0,29.9694576
2018-12-21 00:00:00,31.6533337,31.8311119,32.6044426,31.6399994,1781325.0,29.7854424
2018-12-24 00:00:00,30.915556,31.3955555,31.4444447,30.7199993,768600.0,29.0912018
2018-12-26 00:00:00,32.0311127,30.9288883,32.0311127,30.6088886,1262025.0,30.1409321
2018-12-27 00:00:00,32.4088898,31.6044445,32.4133339,31.4400005,721575.0,30.4964142
2018-12-28 00:00:00,32.4311104,32.4888878,32.791111,32.3288879,1152675.0,30.5173225
2018-12-31 00:00:00,32.8488884,32.5155563,32.8488884,32.2977791,1154025.0,30.9104462
2019-01-02 00:00:00,32.1866684,32.3777771,32.4888878,31.9555569,834525.0,30.2873058
2019-01-03 00:00:00,31.6533337,32.0888901,32.3155556,31.6044445,846675.0,29.7854424
2019-01-04 00:00:00,32.1422234,31.9733334,32.2888908,31.9200001,1188900.0,30.2454834
2019-01-07 00:00:00,32.2355576,32.1911125,32.5555573,32.0755577,670725.0,30.3333111
2019-01-08 00:00:00,32.0,32.2888908,32.3422203,31.7199993,933075.0,30.1116524
2019-01-09 00:00:00,32.0888901,32.2311096,32.2577782,32.0,1114200.0,30.1952991
2019-01-10 00:00:00,32.4355545,32.0666656,32.5066681,31.9866676,1272150.0,30.5215073
2019-01-11 00:00:00,32.2622223,32.3955574,32.5911102,32.0711098,709425.0,30.3584003
2019-01-14 00:00:00,32.5466652,32.1333313,32.5733337,32.0488892,699075.0,30.6260548
2019-01-15 00:00:00,32.835556,32.5288887,32.8666687,32.5288887,582750.0,30.8979073
2019-01-16 00:00:00,33.2844429,32.8888893,33.3155556,32.7822227,764775.0,31.3203011
2019-01-17 00:00:00,33.2933311,33.0666656,33.5911102,33.0666656,873900.0,31.3286629
2019-01-18 00:00:00,33.6355553,33.4488907,33.7422218,33.3377762,474525.0,31.6506901
2019-01-22 00:00:00,33.2000008,33.5644455,33.8311119,33.0888901,528975.0,31.240839
2019-01-23 00:00:00,33.5244446,33.2044449,33.5733337,33.1466675,472500.0,31.5461369
2019-01-24 00:00:00,33.1866684,33.3777771,33.4399986,32.9822235,918225.0,31.2282944
2019-01-25 00:00:00,33.3333321,33.373333,33.5111122,33.1511116,1188450.0,31.3663044
2019-01-28 00:00:00,33.3777771,33.208889,33.4222221,33.0622215,504000.0,31.4081268
2019-01-29 00:00:00,33.1777763,33.3422203,33.4488907,33.0977783,506025.0,31.2199268
2019-01-30 00:00:00,34.2488899,33.5688896,34.5600014,33.3822212,1287450.0,32.2278366
2019-01-31 00:00:00,34.1733322,34.0888901,34.2311096,33.8622208,810900.0,32.1567307
2019-02-01 00:00:00,34.5466652,34.1377792,34.5688896,34.1022224,709875.0,32.5080338
2019-02-04 00:00:00,34.9599991,34.4799995,34.9599991,34.3155556,732825.0,32.8969803
2019-02-05 00:00:00,35.3955574,35.0622215,35.3955574,34.8044434,742050.0,33.3068314
2019-02-06 00:00:00,35.5022202,35.2888908,35.5377769,35.1555557,693675.0,33.4071999
2019-02-07 00:00:00,35.9288902,35.4311104,36.0,35.4311104,1024425.0,33.8086891
2019-02-08 00:00:00,35.6311111,35.746666,35.9466667,35.2977791,792000.0,33.5284843
2019-02-11 00:00:00,35.6577797,35.6888885,35.6977768,35.4311104,722700.0,33.5535774
2019-02-12 00:00:00,35.8311119,35.7377777,35.9022217,35.6622238,757350.0,33.7166824
2019-02-13 00:00:00,36.2266655,35.9511108,36.2711105,35.9199982,619650.0,34.0888977
2019-02-14 00:00:00,35.9288902,36.1022224,36.3244438,35.8444443,855675.0,33.8086891
2019-02-15 00:00:00,36.1777763,36.1599998,36.4266663,36.1066666,1071000.0,34.0428925
2019-02-19 00:00:00,36.4266663,36.0800018,36.5066681,36.0355568,595575.0,34.2770958
2019-02-20 00:00:00,36.7066689,36.3955574,36.7155571,36.2622223,589275.0,34.5405693
2019-02-21 00:00:00,36.626667,36.7066689,36.746666,36.4266663,554850.0,34.4652939
2019-02-22 00:00:00,36.6888885,36.7644424,36.8711128,36.5688896,572850.0,34.5238419
2019-02-25 00:00:00,36.3244438,36.7333336,36.8577766,35.9777794,1766925.0,34.1809044
2019-02-26 00:00:00,36.5600014,36.1955566,36.6977768,36.1955566,871650.0,34.4025612
2019-02-27 00:00:00,36.9111099,36.791111,37.0800018,36.626667,794475.0,34.7329521
2019-02-28 00:00:00,37.1822205,36.9822235,37.4488907,36.9688873,1375650.0,34.9880638
2019-03-01 00:00:00,37.4844437,37.4000015,37.6222229,37.2622223,935775.0,35.2724533
2019-03-04 00:00:00,37.2933311,37.5466652,37.5999985,36.9777794,970650.0,35.0926208
2019-03-05 00:00:00,37.2577782,37.4000015,37.4000015,37.0711098,580275.0,35.059166
2019-03-06 00:00:00,36.9333344,37.2133331,37.4088898,36.7555542,675900.0,34.7538643
2019-03-07 00:00:00,36.7866669,36.9466667,36.9466667,36.5377769,652050.0,34.6158524
2019-03-08 00:00:00,36.7999992,36.7066689,36.8577766,36.582222,772200.0,34.6283989
2019-03-11 00:00:00,36.9022217,36.9911118,37.0755577,36.8311119,1038375.0,34.7245941
2019-03-12 00:00:00,37.0666656,37.0044441,37.208889,36.8844452,778725.0,34.8793373
2019-03-13 00:00:00,36.8177795,37.0222206,37.1066666,36.7244453,1052325.0,34.7075539
2019-03-14 00:00:00,37.0488892,36.835556,37.1733322,36.5555573,721125.0,34.925415
2019-03-15 00:00:00,37.1733322,37.0222206,37.5422211,36.9066658,1441800.0,35.0427284
2019-03-18 00:00:00,37.3600006,37.2311096,37.5155563,37.1866684,556425.0,35.2186966
2019-03-19 00:00:00,36.9244423,37.4133339,37.5111122,36.8666687,475200.0,34.8081093
2019-03-20 00:00:00,36.7866669,36.8888893,37.1822205,36.7066689,611550.0,34.6782227
2019-03-21 00:00:00,37.3155556,36.6311111,37.3955574,36.5600014,449775.0,35.1768036
2019-03-22 00:00:00,37.1244431,37.164444,37.626667,37.0622215,886500.0,34.9966431
2019-03-25 00:00:00,37.3155556,37.1244431,37.5422211,37.0755577,927675.0,35.1768036
2019-03-26 00:00:00,37.3777771,37.4755554,37.7333336,37.1377792,544725.0,35.2354584
2019-03-27 00:00:00,37.6044426,37.4088898,37.7155571,37.3822212,530325.0,35.4491272
2019-03-28 00:00:00,37.6044426,37.7066689,37.835556,37.2622223,764325.0,35.4491272
2019-03-29 00:00:00,37.6533318,37.7822227,37.8444443,37.5511093,1236825.0,35.4952164
2019-04-01 00:00:00,37.6977768,37.791111,37.9022217,37.4399986,605250.0,35.5371132
2019-04-02 00:00:00,37.5777779,37.7288895,37.7777786,37.3199997,471150.0,35.4239998
2019-04-03 00:00:00,37.8466682,37.7866669,37.9133339,37.0466652,1006500.0,35.6774712
2019-04-04 00:00:00,37.9133339,37.9199982,38.0866661,37.5800018,846150.0,35.7403145
2019-04-05 00:00:00,38.1199989,37.9599991,38.1599998,37.8533325,614850.0,35.9351349
2019-04-08 00:00:00,38.0400009,38.1533318,38.2666664,37.8066673,589200.0,35.8597183
2019-04-09 00:00:00,37.8333321,38.0,38.0999985,37.6933327,493650.0,35.6649017
2019-04-10 00:00:00,37.9133339,37.9333344,38.0,37.7400017,704700.0,35.7403145
2019-04-11 00:00:00,38.2799988,38.0066681,38.3133316,37.7400017,375150.0,36.0859604
2019-04-12 00:00:00,38.6333313,38.4000015,38.6800003,38.3199997,367800.0,36.4190407
2019-04-15 00:00:00,38.5800018,38.6333313,38.7000008,38.4000015,292200.0,36.3687706
2019-04-16 00:00:00,39.0866661,38.7266655,39.0933342,38.626667,601650.0,36.8464012
2019-04-17 00:00:00,38.6133347,39.1333313,39.1333313,38.5400009,582150.0,36.4001999
2019-04-18 00:00:00,38.9000015,38.7066689,39.1866684,38.5933342,833550.0,36.6704292
2019-04-22 00:00:00,38.5400009,38.7599983,38.7599983,38.4133339,485250.0,36.3310585
2019-04-23 00:00:00,38.9866676,38.5400009,39.1066666,38.4733315,640950.0,36.7521324
2019-04-24 00:00:00,40.3133316,38.6133347,40.5733337,38.4866676,1390350.0,38.002758
2019-04-25 00:00:00,40.4133339,40.3600006,40.5600014,39.8933334,531450.0,38.0970192
2019-04-26 00:00:00,40.5133324,40.3600006,40.6133347,40.2200012,516600.0,38.1912994
2019-04-29 00:00:00,40.4933319,40.5133324,40.8333321,40.4266663,546000.0,38.1724472
2019-04-30 00:00:00,40.8666687,40.5600014,40.9599991,40.2866669,836100.0,38.5243797
2019-05-01 00:00:00,40.8533325,40.753334,41.1599998,40.7133331,545100.0,38.5118065
2019-05-02 00:00:00,40.7599983,40.8533325,41.126667,40.6133347,531450.0,38.4238243
2019-05-03 00:00:00,41.0,40.9466667,41.1666679,40.7666664,499200.0,38.6500664
2019-05-06 00:00:00,41.0133324,40.5866661,41.1466675,40.4599991,857400.0,38.6626396
2019-05-07 00:00:00,40.6399994,40.7333336,41.1399994,40.4266663,534000.0,38.3106995
2019-05-08 00:00:00,40.4199982,40.6399994,40.8866653,40.3266678,1146150.0,38.1033096
2019-05-09 00:00:00,40.4266663,40.1933327,40.5666656,40.0533333,837450.0,38.1095924
2019-05-10 00:00:00,40.9799995,40.3600006,40.9799995,40.2000008,702600.0,38.6312065
2019-05-13 00:00:00,40.6666679,40.5266685,40.7133331,40.3266678,772950.0,38.3358383
2019-05-14 00:00:00,40.873333,40.7066689,41.0866661,40.6599998,668850.0,38.5306587
2019-05-15 00:00:00,41.0466652,40.7933311,41.1933327,40.7266655,1140750.0,38.6940613
2019-05-16 00:00:00,41.4000015,41.1933327,41.4866676,41.1800003,907650.0,39.0271378
2019-05-17 00:00:00,41.1866684,41.2000008,41.3866653,41.0999985,803250.0,38.8260422
2019-05-20 00:00:00,41.2599983,41.1733322,41.3800011,41.0800018,481200.0,38.8951607
2019-05-21 00:00:00,41.3400002,41.3533325,41.5666656,41.2933311,945150.0,38.9705734
2019-05-22 00:00:00,41.4866676,41.3066673,41.5466652,41.2133331,1838550.0,39.1088409
2019-05-23 00:00:00,41.0533333,41.3866653,41.4533348,40.9266663,1062000.0,38.7003441
2019-05-24 00:00:00,41.373333,41.1533318,41.4399986,40.9933319,631200.0,39.0020065
2019-05-28 00:00:00,41.1066666,41.3933334,41.5933342,41.0800018,1259400.0,38.7506218
2019-05-29 00:00:00,41.3933334,41.0800018,41.4333344,40.8133316,904500.0,39.0208549
2019-05-30 00:00:00,41.3400002,41.5,41.626667,41.2400017,519600.0,38.9705734
2019-05-31 00:00:00,41.4666672,41.1399994,41.5733337,41.0533333,845400.0,39.0899925
2019-06-03 00:00:00,41.7799988,41.5266685,41.8199997,41.3333321,1183350.0,39.3853645
2019-06-04 00:00:00,41.9933319,41.9133339,42.0600014,41.5,751050.0,39.5864716
2019-06-05 00:00:00,42.5266685,42.1066666,42.6466675,42.0,1096350.0,40.0892372
2019-06-06 00:00:00,42.6666679,42.5933342,42.8133316,42.4266663,705750.0,40.2212143
2019-06-07 00:00:00,42.873333,42.7799988,43.0866661,42.7733345,901050.0,40.4160271
2019-06-10 00:00:00,42.9000015,42.9066658,43.0133324,42.6933327,873600.0,40.4411697
2019-06-11 00:00:00,42.7266655,43.0866661,43.0866661,42.4133339,661500.0,40.277771
2019-06-12 00:00:00,43.1399994,42.7866669,43.1599998,42.7799988,947550.0,40.6674118
2019-06-13 00:00:00,43.246666,43.3333321,43.3400002,42.8400002,696900.0,40.7679634
2019-06-14 00:00:00,43.746666,43.253334,43.8066673,43.1399994,936750.0,41.2393074
2019-06-17 00:00:00,43.3333321,43.4466667,43.5800018,43.1933327,456150.0,41.2329636
2019-06-18 00:00:00,43.7799988,43.4466667,43.8600006,43.3133316,822900.0,41.6579819
2019-06-19 00:00:00,44.2666664,43.8533325,44.4399986,43.8533325,1016100.0,42.1210594
2019-06-20 00:00:00,44.5400009,44.4133339,44.5866661,44.1800003,845550.0,42.3811417
2019-06-21 00:00:00,44.5866661,44.4333344,44.9733315,44.1599998,1714350.0,42.4255486
2019-06-24 00:00:00,44.4733315,44.6133347,45.0733337,44.4333344,933000.0,42.3177071
2019-06-25 00:00:00,44.5,44.5066681,44.753334,44.253334,645900.0,42.3430786
2019-06-26 00:00:00,43.373333,44.5400009,44.5933342,43.373333,1461900.0,41.271019
2019-06-27 00:00:00,43.373333,43.0,43.4000015,42.8133316,1536600.0,41.271019
2019-06-28 00:00:00,43.9533348,43.4799995,43.9666672,43.4399986,1633050.0,41.8229141
2019-07-01 00:00:00,44.2799988,44.253334,44.2866669,43.5733337,1053000.0,42.1337471
2019-07-02 00:00:00,44.4399986,44.3400002,44.5733337,44.0400009,926250.0,42.2859917
2019-07-03 00:00:00,44.9000015,44.6066666,44.9333344,44.4733315,416250.0,42.7236938
2019-07-05 00:00:00,44.9733315,44.9000015,44.9733315,44.4266663,643350.0,42.7934723
2019-07-08 00:00:00,44.8866653,44.8600006,45.1066666,44.6533318,563250.0,42.7110023
2019-07-09 00:00:00,45.1933327,44.8266678,45.2133331,44.4199982,831450.0,43.0028152
2019-07-10 00:00:00,45.1933327,45.3333321,45.8199997,45.1733322,673950.0,43.0028152
2019-07-11 00:00:00,45.1733322,45.2666664,45.4066658,44.9199982,381150.0,42.9837761
2019-07-12 00:00:00,45.246666,45.1333313,45.2866669,44.8600006,522900.0,43.0535545
2019-07-15 00:00:00,45.4933319,45.3866653,45.6599998,45.2733345,421950.0,43.288269
2019-07-16 00:00:00,45.5933342,45.4933319,45.7333336,45.4666672,728400.0,43.3834267
2019-07-17 00:00:00,45.2066689,45.4933319,45.4933319,45.0533333,624450.0,43.0154991
2019-07-18 00:00:00,45.2266655,45.2666664,45.3800011,45.0733337,820050.0,43.0345268
2019-07-19 00:00:00,44.5600014,45.2999992,45.3133316,44.5400009,855900.0,42.4001732
2019-07-22 00:00:00,44.3466682,44.5600014,44.7133331,44.2799988,747000.0,42.1971817
2019-07-23 00:00:00,44.3800011,44.3199997,44.5466652,43.9199982,993000.0,42.2289009
2019-07-24 00:00:00,45.7333336,45.7666664,46.1533318,44.8066673,1980600.0,43.5166321
2019-07-25 00:00:00,46.1399994,45.8266678,46.2333336,45.5733337,810150.0,43.9035912
2019-07-26 00:00:00,46.8800011,46.1533318,46.9066658,45.9933319,1206000.0,44.6077271
2019-07-29 00:00:00,46.7066689,46.9466667,47.1533318,46.4266663,748650.0,44.4427986
2019-07-30 00:00:00,46.9733315,46.5266685,47.2400017,46.5266685,662400.0,44.6965294
2019-07-31 00:00:00,46.2599983,46.9933319,47.4866676,45.6866684,1649250.0,44.0177765
2019-08-01 00:00:00,45.8666687,46.0999985,46.9266663,45.7866669,860100.0,43.6435089
2019-08-02 00:00:00,46.3666687,45.8600006,46.6933327,45.7999992,779850.0,44.119278
2019-08-05 00:00:00,45.253334,45.9733315,46.3600006,45.0600014,838050.0,43.0599022
2019-08-06 00:00:00,46.4466667,45.3133316,46.4666672,45.1399994,897150.0,44.1954002
2019-08-07 00:00:00,46.9199982,46.0066681,47.0999985,45.7266655,785850.0,44.6457863
2019-08-08 00:00:00,47.9199982,47.2599983,48.2866669,47.1933327,1143750.0,45.5973129
2019-08-09 00:00:00,47.7799988,47.8199997,48.246666,47.3066673,511950.0,45.4641037
2019-08-12 00:00:00,47.4599991,47.5866661,48.4133339,47.2866669,892500.0,45.1596069
2019-08-13 00:00:00,48.0999985,47.3800011,48.2799988,47.3400002,943800.0,45.768589
2019-08-14 00:00:00,46.9866676,47.6199989,48.0600014,46.8133316,930600.0,44.7092171
2019-08-15 00:00:00,47.3400002,47.1399994,47.746666,46.7666664,1030200.0,45.0454254
2019-08-16 00:00:00,48.1533318,47.5400009,48.2666664,47.4599991,892800.0,45.8193398
2019-08-19 00:00:00,48.6800003,48.5933342,48.7866669,48.1733322,598500.0,46.3204765
2019-08-20 00:00:00,48.0999985,48.6533318,48.7066689,48.0,526200.0,45.768589
2019-08-21 00:00:00,47.9466667,48.2866669,48.2866669,47.8533325,1110750.0,45.6226921
2019-08-22 00:00:00,48.4666672,47.9866676,48.5466652,47.5999985,849750.0,46.1174812
2019-08-23 00:00:00,47.5333328,48.3133316,48.8400002,47.3400002,634050.0,45.2293968
2019-08-26 00:00:00,48.0466652,47.8466682,48.0533333,47.4599991,735000.0,45.7178383
2019-08-27 00:00:00,47.8533325,48.2799988,48.4199982,47.7933311,992400.0,45.5338821
2019-08-28 00:00:00,47.4733315,47.7266655,47.753334,47.3400002,752700.0,45.1722984
2019-08-29 00:00:00,47.8666687,47.8400002,48.1399994,47.4799995,864300.0,45.546566
2019-08-30 00:00:00,47.5,47.9599991,48.2066689,47.3400002,1412250.0,45.1976738
2019-09-03 00:00:00,47.6066666,47.3600006,47.7933311,47.3333321,881100.0,45.2991714
2019-09-04 00:00:00,48.0,47.9933319,48.1466675,47.373333,1427400.0,45.6734352
2019-09-05 00:00:00,47.9533348,48.2866669,48.3666687,47.5600014,786900.0,45.6290398
2019-09-06 00:00:00,48.1466675,47.9599991,48.4066658,47.8333321,1025250.0,45.8129921
2019-09-09 00:00:00,47.6133347,48.3666687,48.3666687,47.2000008,939450.0,45.3055115
2019-09-10 00:00:00,47.2133331,47.6066666,47.8466682,47.0333328,1640400.0,44.9248924
2019-09-11 00:00:00,47.4266663,47.4399986,47.8400002,46.9199982,961650.0,45.1278915
2019-09-12 00:00:00,47.5066681,47.5933342,47.8266678,47.2266655,749100.0,45.2040138
2019-09-13 00:00:00,47.3266678,47.626667,47.626667,47.0666656,665100.0,45.0327415
2019-09-16 00:00:00,47.2666664,47.0466652,47.2999992,46.7599983,883050.0,44.975647
2019-09-17 00:00:00,48.0133324,47.1866684,48.0666656,46.9000015,988050.0,45.6861267
2019-09-18 00:00:00,47.9466667,47.8800011,48.0933342,47.4866676,792900.0,45.692482
2019-09-19 00:00:00,48.0066681,47.9533348,48.4066658,47.8333321,718050.0,45.7496605
2019-09-20 00:00:00,47.8199997,48.1066666,48.2000008,47.2333336,2701200.0,45.5717659
2019-09-23 00:00:00,48.2000008,47.7666664,48.4066658,47.6599998,800850.0,45.9339027
2019-09-24 00:00:00,48.2666664,48.3066673,48.7799988,48.0733337,754200.0,45.9974289
2019-09-25 00:00:00,48.3866653,48.3066673,48.5533333,48.0200005,684600.0,46.1117897
2019-09-26 00:00:00,48.4399986,48.3666687,48.6466675,48.0866661,553050.0,46.1626167
2019-09-27 00:00:00,47.8133316,48.5933342,48.626667,47.5999985,599850.0,45.5654144
2019-09-30 00:00:00,48.1533318,47.8800011,48.253334,47.5866661,890700.0,45.889431
2019-10-01 00:00:00,47.4066658,48.3400002,48.4666672,47.3933334,626400.0,45.1778641
2019-10-02 00:00:00,47.1533318,47.1599998,47.3533325,46.7799988,676350.0,44.9364395
2019-10-03 00:00:00,47.3333321,47.0800018,47.4599991,46.9333344,616800.0,45.1079788
2019-10-04 00:00:00,48.2733345,47.4199982,48.2733345,47.4199982,684600.0,46.0037918
2019-10-07 00:00:00,48.1066666,48.1800003,48.4733315,47.7666664,760200.0,45.8449593
2019-10-08 00:00:00,47.0600014,47.8199997,47.9066658,47.0400009,588750.0,44.8474998
2019-10-09 00:00:00,47.4533348,47.3600006,47.6333313,47.2200012,554100.0,45.2223396
2019-10-10 00:00:00,47.5466652,47.4466667,47.8866653,47.3066673,500100.0,45.3112793
2019-10-11 00:00:00,47.3800011,47.873333,48.0933342,47.3400002,758550.0,45.1524506
2019-10-14 00:00:00,47.4133339,47.2266655,47.5066681,47.1333313,381000.0,45.1842194
2019-10-15 00:00:00,47.2733345,47.5,47.7400017,47.0999985,741600.0,45.0508003
2019-10-16 00:00:00,46.9799995,47.0466652,47.0466652,46.373333,769350.0,44.7712593
2019-10-17 00:00:00,47.2200012,47.1066666,47.3466682,46.7599983,835950.0,44.9999771
2019-10-18 00:00:00,47.4399986,47.2266655,47.7133331,46.7999992,632700.0,45.2096252
2019-10-21 00:00:00,47.2733345,47.6199989,47.7066689,47.1533318,664950.0,45.0508003
2019-10-22 00:00:00,45.2333336,46.9799995,47.2200012,45.2266655,3422850.0,43.1067123
2019-10-23 00:00:00,47.9133339,47.8666687,51.6933327,47.1533318,1960500.0,45.660717
2019-10-24 00:00:00,47.1199989,48.0999985,48.0999985,47.0,1374900.0,44.9046745
2019-10-25 00:00:00,46.2933311,47.0999985,47.1599998,46.0400009,912900.0,44.1168747
2019-10-28 00:00:00,46.0200005,46.4799995,46.6333313,45.9066658,875250.0,43.8563919
2019-10-29 00:00:00,46.4199982,45.9466667,46.7200012,45.8266678,948450.0,44.237587
2019-10-30 00:00:00,46.8133316,46.5466652,47.0400009,46.253334,538650.0,44.6124306
2019-10-31 00:00:00,46.5999985,46.6199989,46.7666664,46.1399994,708600.0,44.4091263
2019-11-01 00:00:00,46.3133316,46.8466682,46.9399986,46.2200012,578850.0,44.1359291
2019-11-04 00:00:00,45.3066673,46.4666672,46.5666656,45.0999985,790800.0,43.1766014
2019-11-05 00:00:00,45.0866661,45.4466667,45.6399994,44.9466667,706350.0,42.9669418
2019-11-06 00:00:00,45.8600006,45.1933327,45.9466667,45.0733337,1165950.0,43.7039108
2019-11-07 00:00:00,45.3333321,45.9000015,46.0,44.9799995,1347150.0,43.2020073
2019-11-08 00:00:00,45.2599983,45.3666687,45.5866661,45.1666679,643050.0,43.132122
2019-11-11 00:00:00,45.4666672,45.0133324,45.5200005,45.0133324,655650.0,43.3290749
2019-11-12 00:00:00,45.3866653,45.6533318,45.6733322,45.1666679,678300.0,43.2528305
2019-11-13 00:00:00,45.7200012,45.1800003,46.1133347,45.0333328,741750.0,43.5705032
2019-11-14 00:00:00,45.6399994,45.6733322,45.7799988,45.3533325,662550.0,43.4942589
2019-11-15 00:00:00,45.2333336,45.7333336,46.2000008,45.1666679,923700.0,43.1067123
2019-11-18 00:00:00,45.6066666,45.126667,45.6800003,45.126667,748050.0,43.4624939
2019-11-19 00:00:00,46.3666687,45.7066689,46.6533318,45.6133347,1380150.0,44.1867638
2019-11-20 00:00:00,46.4799995,46.2266655,46.6933327,45.9933319,1463400.0,44.2947655
2019-11-21 00:00:00,45.1933327,46.0933342,46.2133331,45.1666679,694500.0,43.6064835
2019-11-22 00:00:00,45.3133316,45.1533318,45.4866676,45.1533318,611850.0,43.7222633
2019-11-25 00:00:00,45.4399986,45.3600006,45.7133331,45.1866684,882600.0,43.8444901
2019-11-26 00:00:00,46.1666679,45.5266685,46.1733322,45.5200005,1450650.0,44.5456467
2019-11-27 00:00:00,46.1133347,46.2933311,46.3533325,45.9599991,1136100.0,44.494175
2019-11-29 00:00:00,45.3333321,45.373333,45.9000015,45.2733345,3203700.0,43.7415657
2019-12-02 00:00:00,45.5733337,45.5,45.7333336,45.0800018,2861100.0,43.9731445
2019-12-03 00:00:00,45.3466682,45.1666679,45.5,44.9933319,2523450.0,43.7544365
2019-12-04 00:00:00,45.4866676,45.2333336,46.1466675,45.1133347,53335500.0,43.8895149
2019-12-05 00:00:00,46.4733315,46.1533318,46.5333328,45.873333,2553900.0,44.8415337
2019-12-06 00:00:00,46.7266655,46.753334,46.9133339,46.4466667,1692300.0,45.0859718
2019-12-09 00:00:00,46.7666664,46.8199997,46.9933319,46.5800018,1455450.0,45.1245728
2019-12-10 00:00:00,46.6133347,46.7133331,46.9599991,46.5200005,1171350.0,44.9766273
2019-12-11 00:00:00,46.373333,46.873333,46.873333,46.1866684,1073400.0,44.7450485
2019-12-12 00:00:00,46.4000015,46.3066673,46.7000008,46.1800003,929250.0,44.7707787
2019-12-13 00:00:00,46.373333,46.1933327,46.5066681,46.126667,1312200.0,44.7450485
2019-12-16 00:00:00,46.1800003,46.5800018,46.6133347,46.0400009,1484400.0,44.558506
2019-12-17 00:00:00,46.3800011,46.2000008,46.5533333,46.0999985,2056350.0,44.7514763
2019-12-18 00:00:00,46.0800018,46.4266663,46.4266663,45.9266663,1803900.0,44.4620132
2019-12-19 00:00:00,45.8266678,46.126667,46.1800003,45.7266655,836400.0,44.2175751
2019-12-20 00:00:00,45.9533348,46.253334,46.3199997,45.7933311,1862850.0,44.3397942
2019-12-23 00:00:00,45.5999985,46.0999985,46.1933327,45.4199982,653400.0,43.9988632
2019-12-24 00:00:00,45.6133347,45.6533318,45.8266678,45.4266663,195750.0,44.0117378
2019-12-26 00:00:00,45.6466675,45.7000008,45.9133339,45.4466667,451800.0,44.0438995
2019-12-27 00:00:00,45.7133331,45.7000008,45.753334,45.5133324,629250.0,44.1082153
2019-12-30 00:00:00,45.753334,45.8133316,45.8600006,45.5800018,783750.0,44.1468163
2019-12-31 00:00:00,46.0666656,45.7733345,46.0733337,45.7400017,1277700.0,44.4491501
2020-01-02 00:00:00,45.9733315,46.3266678,46.3266678,45.6066666,1310250.0,44.3590927
2020-01-03 00:00:00,46.0333328,45.5666656,46.1199989,45.4399986,657600.0,44.4169807
2020-01-06 00:00:00,45.9666672,45.7599983,46.0,45.6133347,975750.0,44.3526611
2020-01-07 00:00:00,45.126667,45.8800011,45.9333344,45.0999985,1029300.0,43.5421562
2020-01-08 00:00:00,45.4466667,45.2000008,45.7266655,45.1599998,861750.0,43.8509216
2020-01-09 00:00:00,45.7133331,45.5800018,45.746666,45.3066673,1358250.0,44.1082153
2020-01-10 00:00:00,45.2400017,45.6933327,45.7000008,45.1599998,930750.0,43.6515083
2020-01-13 00:00:00,45.4066658,45.1399994,45.5866661,45.1333313,1354650.0,43.8123245
2020-01-14 00:00:00,45.5266685,45.3133316,45.7733345,45.1466675,1563150.0,43.928112
2020-01-15 00:00:00,45.9666672,45.4866676,46.1199989,45.4733315,679500.0,44.3526611
2020-01-16 00:00:00,46.4866676,46.0533333,46.5,45.9466667,772800.0,44.8544044
2020-01-17 00:00:00,46.9066658,46.5999985,46.9066658,46.4666672,1162950.0,45.259655
2020-01-21 00:00:00,46.5666656,46.7266655,46.9133339,46.4199982,1032750.0,44.931591
2020-01-22 00:00:00,47.4933319,47.4000015,47.5866661,47.1066666,1435650.0,45.8257217
2020-01-23 00:00:00,47.5866661,47.2666664,47.6199989,46.7933311,1000950.0,45.9157829
2020-01-24 00:00:00,48.0466652,47.5733337,48.0800018,47.5400009,1006800.0,46.3596191
2020-01-27 00:00:00,47.7266655,47.6933327,48.0333328,47.5866661,1104900.0,46.0508575
2020-01-28 00:00:00,48.246666,47.8333321,48.5,47.8333321,1442700.0,46.5526009
2020-01-29 00:00:00,48.5,48.5600014,48.9666672,47.4599991,1513650.0,46.797039
2020-01-30 00:00:00,49.7200012,48.2666664,49.7733345,48.0800018,1120800.0,47.974205
2020-01-31 00:00:00,49.0200005,49.5466652,49.8666687,48.8266678,1409700.0,47.2987785
2020-02-03 00:00:00,49.5933342,49.2999992,49.9266663,49.2333336,1492200.0,47.8519821
2020-02-04 00:00:00,49.8933334,49.8600006,50.5533333,49.6866684,1126500.0,48.1414528
2020-02-05 00:00:00,50.7933311,50.2066689,50.8400002,50.0733337,965550.0,49.0098495
2020-02-06 00:00:00,51.4533348,50.8800011,51.5933342,50.8800011,956850.0,49.6466751
2020-02-07 00:00:00,51.873333,51.3600006,51.9599991,51.2933311,1220400.0,50.0519333
2020-02-10 00:00:00,52.5066681,51.9066658,52.5266685,51.8933334,1202550.0,50.6630249
2020-02-11 00:00:00,52.8533325,52.5666656,52.9399986,52.5533333,1159950.0,50.9975166
2020-02-12 00:00:00,52.4266663,52.7866669,52.7866669,52.3133316,783000.0,50.5858307
2020-02-13 00:00:00,52.8800011,52.3533325,52.8866653,52.2066689,1090200.0,51.0232506
2020-02-14 00:00:00,52.9333344,52.8800011,52.9599991,52.5533333,1203150.0,51.0747147
2020-02-18 00:00:00,52.9066658,52.9333344,53.2133331,52.7400017,1110150.0,51.0489769
2020-02-19 00:00:00,52.9866676,53.0133324,53.2799988,52.8533325,717900.0,51.1261711
2020-02-20 00:00:00,52.0466652,52.7933311,52.9399986,51.6800003,1506900.0,50.2191772
2020-02-21 00:00:00,52.4333344,51.9933319,52.5866661,51.9133339,5061000.0,50.5922661
2020-02-24 00:00:00,51.3600006,51.8866653,52.2933311,51.2999992,1735800.0,49.5566292
2020-02-25 00:00:00,50.1133347,51.3666687,51.5800018,50.0466652,1423650.0,48.3537216
2020-02-26 00:00:00,49.3600006,50.3133316,50.7733345,49.3400002,1443450.0,47.6268425
2020-02-27 00:00:00,46.6599998,48.7866669,49.1466675,46.5933342,1537050.0,45.0216522
2020-02-28 00:00:00,44.7599983,45.6599998,46.0266685,44.0800018,3297450.0,43.1883659
2020-03-02 00:00:00,46.7999992,44.8533325,46.8066673,44.373333,1744500.0,45.1567307
2020-03-03 00:00:00,45.3066673,46.7333336,47.4866676,45.0999985,1753050.0,43.7158356
2020-03-04 00:00:00,46.6800003,46.0733337,46.6866684,45.0866661,1971000.0,45.0409508
2020-03-05 00:00:00,44.5266685,45.5800018,45.6466675,44.1599998,1957950.0,42.9632149
2020-03-06 00:00:00,44.1599998,43.1066666,44.4266663,42.7333336,1883250.0,42.6094284
2020-03-09 00:00:00,40.2000008,41.8066673,41.8066673,39.5266685,2303400.0,38.7884789
2020-03-10 00:00:00,42.0733337,41.1933327,42.1066666,40.0933342,1903650.0,40.6702271
2020-03-11 00:00:00,38.7666664,40.8066673,40.9266663,38.5800018,2497650.0,37.4738312
2020-03-12 00:00:00,34.2999992,36.1199989,36.753334,34.0666656,3056700.0,33.1561241
2020-03-13 00:00:00,37.4533348,35.9866676,37.5999985,33.6933327,2361150.0,36.2042961
2020-03-16 00:00:00,31.6733322,33.0600014,35.3266678,31.3466663,3166500.0,30.617054
2020-03-17 00:00:00,35.4599991,32.5400009,35.5066681,31.3466663,2991900.0,34.2774353
2020-03-18 00:00:00,33.8266678,33.2599983,35.1133347,31.6666679,3056100.0,32.6985779
2020-03-19 00:00:00,32.2999992,33.373333,33.9199982,32.0066681,1958850.0,31.2228222
2020-03-20 00:00:00,31.7199993,32.4199982,33.3533325,31.4933338,2734200.0,30.6621628
2020-03-23 00:00:00,28.9066677,31.1800003,31.5599995,28.7000008,2409750.0,27.9426556
2020-03-24 00:00:00,32.0666656,30.3466663,32.2066689,29.8999996,1773450.0,30.9972706
2020-03-25 00:00:00,31.6800003,31.9133339,33.1066666,30.4533329,1648950.0,30.623497
2020-03-26 00:00:00,33.873333,31.9266663,34.1133347,31.2333336,1391100.0,32.7436829
2020-03-27 00:00:00,34.5800018,33.1800003,35.7000008,32.6133347,1467600.0,33.4267807
2020-03-30 00:00:00,36.3400002,34.5800018,36.4666672,33.5999985,1871700.0,35.1280899
2020-03-31 00:00:00,34.7799988,35.7333336,36.1066666,34.0333328,4515750.0,33.6201096
2020-04-01 00:00:00,33.4933319,33.1066666,33.9266663,32.8133316,2003100.0,32.376358
2020-04-02 00:00:00,33.7866669,33.0800018,34.7266655,33.0133324,2148150.0,32.6599121
2020-04-03 00:00:00,32.9866676,33.3199997,33.9599991,32.8266678,1862700.0,31.8865891
2020-04-06 00:00:00,35.8199997,34.5466652,36.0800018,34.2000008,1786200.0,34.6254311
2020-04-07 00:00:00,35.8800011,37.1866684,38.2599983,35.8400002,1756500.0,34.6834373
2020-04-08 00:00:00,36.8133316,36.246666,36.9733315,35.4199982,1162650.0,35.5856361
2020-04-09 00:00:00,38.8800011,37.3800011,39.2999992,37.3800011,1030650.0,37.5833817
2020-04-13 00:00:00,37.7999992,38.9000015,38.9000015,37.5600014,1314300.0,36.539402
2020-04-14 00:00:00,39.1333313,38.8333321,39.5666656,38.626667,1144650.0,37.8282661
2020-04-15 00:00:00,37.1466675,38.0,38.2000008,36.8466682,1680150.0,35.907856
2020-04-16 00:00:00,36.4333344,36.9933319,37.4533348,35.8266678,1359150.0,35.2183151
2020-04-17 00:00:00,37.9933319,37.626667,38.2266655,37.1333313,1703400.0,36.726284
2020-04-20 00:00:00,36.8333321,37.3066673,37.3866653,36.3333321,1150500.0,35.6049728
2020-04-21 00:00:00,35.5666656,35.8800011,36.4133339,35.4466667,1239450.0,34.3805466
2020-04-22 00:00:00,34.1866684,35.1466675,36.2266655,33.8533325,3154800.0,33.0465736
2020-04-23 00:00:00,33.4333344,34.3266678,34.6066666,33.4333344,1482600.0,32.3183594
2020-04-24 00:00:00,33.4933319,33.6466675,33.8266678,32.8066673,1643550.0,32.376358
2020-04-27 00:00:00,35.2666664,33.5600014,35.4000015,33.5533333,1267050.0,34.0905533
2020-04-28 00:00:00,36.0333328,36.1733322,36.4799995,35.5800018,1557300.0,34.8316536
2020-04-29 00:00:00,37.4599991,36.7933311,37.9533348,36.3666687,1285650.0,36.2107353
2020-04-30 00:00:00,36.0,36.6933327,36.8666687,35.9466667,1262400.0,34.7994308
2020-05-01 00:00:00,34.2999992,35.2866669,35.3666687,34.0999985,1002000.0,33.1561241
2020-05-04 00:00:00,34.253334,33.9066658,34.3199997,33.5533333,1143900.0,33.1110153
2020-05-05 00:00:00,34.5,34.5800018,35.4733315,34.4866676,1150200.0,33.3494568
2020-05-06 00:00:00,33.3199997,34.6599998,34.8133316,33.3066673,1605450.0,32.2088089
2020-05-07 00:00:00,34.0866661,33.6599998,34.8133316,33.6533318,1422150.0,32.9499016
2020-05-08 00:00:00,34.4866676,34.7400017,34.8866653,33.7999992,1091700.0,33.3365669
2020-05-11 00:00:00,33.9866676,34.0066681,34.4799995,33.4133339,1051350.0,32.853241
2020-05-12 00:00:00,32.9266663,34.0933342,34.2666664,32.873333,1241400.0,31.8285847
2020-05-13 00:00:00,31.2933331,32.5333328,32.626667,31.0933323,1777650.0,30.2497272
2020-05-14 00:00:00,31.6000004,30.8799992,31.8266678,30.1666679,1980300.0,30.5461674
2020-05-15 00:00:00,31.8199997,31.2466679,32.0600014,30.8133335,5337900.0,30.7588272
2020-05-18 00:00:00,34.6133347,33.2266655,34.8933334,33.0066681,2182050.0,33.4590073
2020-05-19 00:00:00,34.2133331,34.4599991,34.746666,34.0466652,1239000.0,33.0723534
2020-05-20 00:00:00,35.6066666,34.5400009,35.7933311,34.4333344,1216200.0,34.4192123
2020-05-21 00:00:00,37.1466675,35.4733315,37.2799988,35.4733315,1614750.0,35.907856
2020-05-22 00:00:00,37.6333313,37.246666,37.7000008,36.7333336,1449450.0,36.3782883
2020-05-26 00:00:00,38.3533325,39.0400009,39.3333321,38.253334,1348500.0,37.0742836
2020-05-27 00:00:00,39.0266685,39.6933327,39.9733315,38.5999985,1385850.0,37.7251625
2020-05-28 00:00:00,38.753334,39.7133331,39.7133331,38.5200005,1141650.0,37.4609451
2020-05-29 00:00:00,38.6333313,38.4466667,39.0066681,38.1599998,1927800.0,37.3449402
2020-06-01 00:00:00,38.6399994,38.5266685,38.7133331,37.8666687,824400.0,37.351387
2020-06-02 00:00:00,39.753334,38.5933342,39.8800011,38.4466667,1186200.0,38.4275932
2020-06-03 00:00:00,40.1399994,40.1066666,40.9266663,39.8333321,1649550.0,38.8013649
2020-06-04 00:00:00,40.9466667,39.9399986,41.0,39.6199989,1263300.0,39.5811234
2020-06-05 00:00:00,42.5733337,42.746666,43.2133331,41.9133339,1402200.0,41.153553
2020-06-08 00:00:00,43.5933342,42.6666679,43.5999985,42.6666679,1225800.0,42.1395302
2020-06-09 00:00:00,41.9933319,42.6466675,43.0933342,41.9199982,830700.0,40.5928841
2020-06-10 00:00:00,40.0733337,41.6199989,41.9866676,39.9866676,1638150.0,38.7369232
2020-06-11 00:00:00,37.3666687,38.8666687,39.3266678,37.253334,1554000.0,36.1205254
2020-06-12 00:00:00,38.0133324,38.8600006,38.9799995,37.1333313,1244700.0,36.7456207
2020-06-15 00:00:00,38.8466682,36.6666679,39.0066681,36.2999992,1323150.0,37.5511665
2020-06-16 00:00:00,39.0400009,40.3600006,40.3600006,38.6333313,1021800.0,37.7380447
2020-06-17 00:00:00,38.8800011,39.0600014,39.2933311,38.4799995,1501800.0,37.5833817
2020-06-18 00:00:00,38.9199982,38.373333,39.3866653,38.2799988,1196850.0,37.6220474
2020-06-19 00:00:00,39.1066666,39.7000008,39.7000008,38.4666672,2815950.0,37.8024902
2020-06-22 00:00:00,38.4733315,38.5999985,38.7733345,38.0800018,796200.0,37.2665176
2020-06-23 00:00:00,38.4266663,39.126667,39.3400002,38.3800011,1006500.0,37.2213097
2020-06-24 00:00:00,37.1599998,37.7866669,37.8466682,36.6599998,978000.0,35.9943771
2020-06-25 00:00:00,37.9866676,37.2000008,38.0866661,36.6533318,928650.0,36.7951164
2020-06-26 00:00:00,36.9399986,37.5533333,37.9399986,36.6733322,1787100.0,35.7812767
2020-06-29 00:00:00,37.6533318,37.5400009,37.7999992,36.9799995,984600.0,36.4722404
2020-06-30 00:00:00,38.1933327,37.4533348,38.4266663,37.4533348,1609200.0,36.9952965
2020-07-01 00:00:00,38.0200005,38.1466675,38.6599998,37.8666687,1127400.0,36.8274078
2020-07-02 00:00:00,37.6466675,38.8466682,39.0200005,37.5733337,825900.0,36.4657822
2020-07-06 00:00:00,38.1599998,38.5333328,38.746666,38.0,722100.0,36.9630089
2020-07-07 00:00:00,37.8266678,37.7799988,38.4533348,37.6866684,1052400.0,36.6401291
2020-07-08 00:00:00,37.8533325,37.7200012,38.2733345,37.4066658,927450.0,36.6659622
2020-07-09 00:00:00,37.2000008,37.6800003,37.7733345,36.7599983,1096800.0,36.033123
2020-07-10 00:00:00,38.5400009,37.0266685,38.7133331,37.0266685,1026450.0,37.3310928
2020-07-13 00:00:00,39.0266685,38.8133316,39.6599998,38.6133347,1345950.0,37.802494
2020-07-14 00:00:00,39.9399986,39.0466652,40.0400009,38.8866653,1046850.0,38.6871719
2020-07-15 00:00:00,41.0933342,40.753334,41.3533325,40.3666687,1483800.0,39.8043365
2020-07-16 00:00:00,42.2333336,41.0800018,42.6333313,40.9933319,1506150.0,40.9085732
2020-07-17 00:00:00,42.3600006,42.3133316,42.5400009,41.8133316,1292550.0,41.0312691
2020-07-20 00:00:00,42.2666664,42.2133331,42.4933319,41.8466682,1333950.0,40.9408646
2020-07-21 00:00:00,42.6800003,42.4000015,43.1733322,42.4000015,1274100.0,41.3412285
2020-07-22 00:00:00,42.6199989,42.9533348,43.6933327,42.4066658,2519700.0,41.2831116
2020-07-23 00:00:00,43.0,42.5600014,43.246666,42.2400017,1098450.0,41.6511955
2020-07-24 00:00:00,42.6399994,43.1666679,43.2133331,42.4933319,1036350.0,41.3024788
2020-07-27 00:00:00,41.9133339,42.4533348,42.6666679,41.6666679,1074600.0,40.5986137
2020-07-28 00:00:00,41.4666672,41.746666,42.0066681,41.3533325,886500.0,40.1659508
2020-07-29 00:00:00,42.2666664,41.4000015,42.2733345,41.3266678,836100.0,40.9408646
2020-07-30 00:00:00,41.5333328,41.4133339,41.8666687,41.0066681,725850.0,40.2305336
2020-07-31 00:00:00,41.1666679,41.3199997,41.4533348,40.5066681,991650.0,39.8753624
2020-08-03 00:00:00,41.4266663,41.2599983,41.6866684,40.9466667,755550.0,40.1272087
2020-08-04 00:00:00,40.7999992,41.3266678,41.373333,40.6733322,756900.0,39.5201988
2020-08-05 00:00:00,41.2933311,41.1933327,41.6533318,41.1066666,860100.0,39.9980545
2020-08-06 00:00:00,41.4599991,41.1533318,41.5600014,41.0733337,957750.0,40.1594925
2020-08-07 00:00:00,42.5933342,41.2133331,42.6333313,41.1733322,797100.0,41.2572823
2020-08-10 00:00:00,42.9199982,42.7266655,43.2733345,42.2866669,875700.0,41.5736961
2020-08-11 00:00:00,42.3800011,43.5533333,43.9733315,42.2599983,1370550.0,41.0506363
2020-08-12 00:00:00,42.0533333,43.0,43.0,42.0533333,766050.0,40.7342224
2020-08-13 00:00:00,41.9000015,41.626667,42.0866661,41.253334,675150.0,40.585701
2020-08-14 00:00:00,41.5200005,41.6333313,42.0600014,41.3800011,786450.0,40.2176132
2020-08-17 00:00:00,40.6066666,41.3066673,41.3600006,40.3266678,976950.0,39.3329277
2020-08-18 00:00:00,40.8400002,40.7733345,41.2066689,40.746666,822600.0,39.5589409
2020-08-19 00:00:00,40.4199982,40.9533348,41.1133347,40.2866669,852000.0,39.1521187
2020-08-20 00:00:00,40.1066666,39.9666672,40.5133324,39.8600006,772050.0,38.8486137
2020-08-21 00:00:00,40.1199989,40.0933342,40.5333328,39.9799995,711000.0,38.8615303
2020-08-24 00:00:00,41.0733337,40.2799988,41.0866661,40.253334,675750.0,39.7849579
2020-08-25 00:00:00,41.0666656,41.4333344,41.5066681,40.8800011,851700.0,39.7784996
2020-08-26 00:00:00,41.0266685,40.9799995,41.3666687,40.5266685,924150.0,39.7397575
2020-08-27 00:00:00,42.1533318,41.1800003,42.4466667,41.1800003,1289700.0,40.8310738
2020-08-28 00:00:00,42.0,42.4866676,42.4866676,41.5866661,838950.0,40.6825638
2020-08-31 00:00:00,41.3666687,41.8666687,41.9933319,41.0933342,1329300.0,40.0690918
2020-09-01 00:00:00,41.753334,41.0600014,41.7799988,41.0466652,714600.0,40.4436302
2020-09-02 00:00:00,42.4399986,41.8199997,42.6333313,41.5,683700.0,41.1087532
2020-09-03 00:00:00,41.9866676,42.8066673,43.5999985,41.6333313,1471050.0,40.6696472
2020-09-04 00:00:00,41.9599991,42.7400017,43.0866661,41.5933342,1027800.0,40.6438141
2020-09-08 00:00:00,41.5400009,41.5666656,41.9533348,40.9466667,1291500.0,40.2369881
2020-09-09 00:00:00,42.3533325,41.9799995,42.7666664,41.7933311,1096800.0,41.0248032
2020-09-10 00:00:00,41.5800018,42.4133339,42.5533333,41.5,900000.0,40.2757378
2020-09-11 00:00:00,41.9199982,41.746666,42.1866684,41.5133324,668850.0,40.6050606
2020-09-14 00:00:00,42.5666656,42.0733337,42.8800011,41.8866653,947550.0,41.3102875
2020-09-15 00:00:00,42.2266655,42.7666664,42.9466667,42.1199989,683550.0,40.9803276
2020-09-16 00:00:00,42.7000008,42.3133316,43.1666679,42.3133316,823050.0,41.4396896
2020-09-17 00:00:00,42.3933334,42.5200005,42.6733322,41.9066658,1300950.0,41.1420708
2020-09-18 00:00:00,41.7666664,42.2133331,42.8666687,41.7000008,1978200.0,40.5339012
2020-09-21 00:00:00,40.7599983,40.9533348,41.2000008,39.7933311,1833450.0,39.556942
2020-09-22 00:00:00,40.9599991,40.6933327,41.4333344,40.6066666,973350.0,39.7510414
2020-09-23 00:00:00,39.7066689,41.0999985,41.2799988,39.7000008,994050.0,38.5346985
2020-09-24 00:00:00,39.8800011,39.8199997,40.6133347,39.2266655,836400.0,38.702919
2020-09-25 00:00:00,40.373333,39.4866676,40.4399986,39.4866676,759300.0,39.181694
2020-09-28 00:00:00,41.0800018,41.0866661,41.5266685,40.8933334,971400.0,39.8675079
2020-09-29 00:00:00,40.6466675,40.9599991,41.1733322,40.0800018,1003200.0,39.4469566
2020-09-30 00:00:00,40.7666664,40.9066658,41.2799988,40.4133339,1288200.0,39.5634117
2020-10-01 00:00:00,40.5266685,40.8533325,41.0466652,40.1133347,767250.0,39.3305016
2020-10-02 00:00:00,40.8466682,39.9399986,41.1333313,39.9399986,560700.0,39.6410522
2020-10-05 00:00:00,41.3600006,41.2866669,41.5400009,41.1066666,651750.0,40.1392403
2020-10-06 00:00:00,41.0266685,41.5600014,41.7933311,40.8266678,810750.0,39.8157425
2020-10-07 00:00:00,41.2066689,41.2666664,41.6466675,40.8066673,691050.0,39.9904251
2020-10-08 00:00:00,42.1199989,41.4399986,42.1466675,41.2733345,517200.0,40.8768005
2020-10-09 00:00:00,42.0133324,42.4066658,42.6333313,42.0,990000.0,40.7732849
2020-10-12 00:00:00,42.9466667,42.0666656,43.0400009,41.8266678,592950.0,41.6790733
2020-10-13 00:00:00,41.5533333,42.5466652,42.8133316,41.4000015,621300.0,40.3268661
2020-10-14 00:00:00,41.1399994,41.5,42.0733337,41.1333313,644550.0,39.9257317
2020-10-15 00:00:00,41.373333,40.7200012,41.5400009,40.4666672,1004400.0,40.1521797
2020-10-16 00:00:00,41.3666687,41.4466667,41.8933334,41.2066689,965400.0,40.14571
2020-10-19 00:00:00,40.8066673,41.5266685,42.0600014,40.7066689,972150.0,39.6022377
2020-10-20 00:00:00,42.1466675,41.246666,42.4399986,41.1933327,1357800.0,40.9026871
2020-10-21 00:00:00,43.4066658,42.3199997,43.9199982,42.3199997,1880250.0,42.1254921
2020-10-22 00:00:00,44.0066681,43.3866653,44.2133331,43.0866661,1296300.0,42.7077904
2020-10-23 00:00:00,43.8133316,44.1533318,44.3600006,43.373333,815400.0,42.520153
2020-10-26 00:00:00,42.5333328,43.3333321,43.373333,42.2666664,955650.0,41.2779427
2020-10-27 00:00:00,40.9599991,42.5333328,42.5933342,40.9333344,1008900.0,39.7510414
2020-10-28 00:00:00,40.4866676,40.3600006,41.2333336,40.3600006,1194150.0,39.2916794
2020-10-29 00:00:00,40.6933327,40.3600006,41.3933334,39.9333344,1440600.0,39.4922485
2020-10-30 00:00:00,40.0800018,40.5533333,41.0466652,39.7400017,1470750.0,38.8970184
2020-11-02 00:00:00,41.3333321,40.8533325,41.4000015,40.4933319,1467750.0,40.1133575
2020-11-03 00:00:00,42.3600006,42.0866661,42.6666679,41.9333344,1263000.0,41.1097221
2020-11-04 00:00:00,41.5733337,41.5999985,42.7866669,41.3266678,1649100.0,40.3462715
2020-11-05 00:00:00,41.9333344,41.753334,42.7000008,41.6733322,961050.0,40.6956482
2020-11-06 00:00:00,41.3866653,42.1933327,42.3666687,41.3266678,1006050.0,40.1651192
2020-11-09 00:00:00,46.1466675,44.3533325,46.5933342,44.3400002,2110050.0,44.7846184
2020-11-10 00:00:00,47.0600014,46.3333321,47.3066673,46.0466652,1516950.0,45.6709976
2020-11-11 00:00:00,46.6333313,47.2200012,47.2200012,46.2266655,1107150.0,45.2569275
2020-11-12 00:00:00,45.4799995,46.0533333,46.1733322,45.0866661,703500.0,44.1376343
2020-11-13 00:00:00,45.9133339,45.8066673,46.2666664,45.5,700500.0,44.5581703
2020-11-16 00:00:00,46.9866676,47.0800018,47.1866684,46.3600006,754200.0,45.5998268
2020-11-17 00:00:00,46.7400017,46.4466667,46.8333321,45.9733315,799500.0,45.3604431
2020-11-18 00:00:00,45.9399986,46.8866653,47.0999985,45.9333344,910500.0,44.5840569
2020-11-19 00:00:00,44.5733337,45.5266685,45.5266685,44.0800018,2503500.0,43.2577248
2020-11-20 00:00:00,43.6533318,44.4133339,44.873333,43.1933327,1912200.0,42.3648834
2020-11-23 00:00:00,43.4799995,44.0866661,44.126667,42.9733315,2029950.0,42.1966667
2020-11-24 00:00:00,43.8933334,44.2266655,44.8266678,43.6733322,1693650.0,42.5977974
2020-11-25 00:00:00,43.3066673,43.5,43.6066666,42.6666679,2648250.0,42.0284462
2020-11-27 00:00:00,42.9399986,43.2333336,43.4333344,42.6333313,1502100.0,41.6725998
2020-11-30 00:00:00,43.4199982,42.6666679,43.4399986,42.0800018,15985800.0,42.1384315
2020-12-01 00:00:00,45.0266685,44.2866669,45.3600006,44.0,2281500.0,43.6976814
2020-12-02 00:00:00,44.8533325,44.7733345,45.1733322,44.0666656,1436700.0,43.5294609
2020-12-03 00:00:00,44.6333313,44.8533325,45.2066689,44.3266678,1802850.0,43.3159561
2020-12-04 00:00:00,45.0600014,44.8800011,45.1133347,44.5200005,848400.0,43.7300262
2020-12-07 00:00:00,43.4733315,44.5533333,44.8266678,43.373333,959100.0,42.1901855
2020-12-08 00:00:00,43.4066658,43.1533318,43.8133316,43.1466675,672150.0,42.1254921
2020-12-09 00:00:00,43.3800011,43.4533348,43.7599983,42.8933334,1231050.0,42.099617
2020-12-10 00:00:00,43.2266655,43.1333313,43.6666679,43.0,1039650.0,41.9508057
2020-12-11 00:00:00,43.1933327,43.0,43.7733345,42.9266663,1113750.0,41.918457
2020-12-14 00:00:00,42.7400017,43.6199989,43.7599983,42.7200012,1368000.0,41.5554733
2020-12-15 00:00:00,43.8466682,43.0400009,43.9866676,42.8133316,766050.0,42.6314697
2020-12-16 00:00:00,44.0266685,44.0,44.2866669,43.7000008,783150.0,42.8064804
2020-12-17 00:00:00,44.4933319,44.2133331,44.5533333,43.9133339,1092300.0,43.2602119
2020-12-18 00:00:00,44.1866684,44.5466652,44.8400002,43.8266678,2076750.0,42.9620438
2020-12-21 00:00:00,43.6333313,44.1599998,44.3133316,42.9333344,955950.0,42.4240417
2020-12-22 00:00:00,43.5866661,43.5,43.8600006,43.3866653,738150.0,42.3786736
2020-12-23 00:00:00,43.9866676,43.9133339,44.4399986,43.8866653,685800.0,42.7675896
2020-12-24 00:00:00,44.0666656,44.0999985,44.1933327,43.4466667,224250.0,42.8453712
2020-12-28 00:00:00,44.0600014,44.253334,44.3866653,43.9199982,808950.0,42.8388939
2020-12-29 00:00:00,43.8199997,44.2933311,44.3266678,43.6133347,597000.0,42.6055412
2020-12-30 00:00:00,44.0666656,43.9333344,44.4666672,43.9333344,548550.0,42.8453712
2020-12-31 00:00:00,44.2799988,44.1533318,44.3666687,43.7200012,1124100.0,43.0527878
2021-01-04 00:00:00,43.2933311,44.3400002,44.4466667,43.1599998,1454100.0,42.0934677
2021-01-05 00:00:00,42.9199982,43.3199997,43.6066666,42.6399994,956400.0,41.730484
2021-01-06 00:00:00,44.3933334,43.6133347,44.7266655,43.4399986,2428800.0,43.1629868
2021-01-07 00:00:00,44.0066681,44.626667,44.7200012,43.7066689,1520550.0,42.7870369
2021-01-08 00:00:00,44.2400017,44.6933327,44.8266678,43.6199989,3632700.0,43.0139008
2021-01-11 00:00:00,44.246666,44.1733322,44.6333313,44.0066681,1369050.0,43.0203819
2021-01-12 00:00:00,44.8333321,44.2799988,45.1333313,44.1933327,1600650.0,43.5907936
2021-01-13 00:00:00,44.373333,44.7733345,45.2799988,44.2866669,1724400.0,43.1435394
2021-01-14 00:00:00,44.0066681,44.4533348,44.5266685,43.7400017,754200.0,42.7870369
2021-01-15 00:00:00,44.0933342,43.7799988,44.2666664,43.3600006,869850.0,42.8712997
2021-01-19 00:00:00,43.746666,44.2933311,44.3600006,43.746666,1036800.0,42.5342369
2021-01-20 00:00:00,44.4399986,43.5933342,44.5666656,43.3666687,920100.0,43.2083588
2021-01-21 00:00:00,44.3933334,44.3333321,44.9333344,44.2599983,1480350.0,43.1629868
2021-01-22 00:00:00,43.9199982,43.9066658,44.1199989,43.3066673,828750.0,42.7027664
2021-01-25 00:00:00,44.0400009,43.4533348,44.4000015,43.3666687,1403400.0,42.8194466
2021-01-26 00:00:00,43.2999992,44.1333313,44.2866669,43.2999992,1172700.0,42.0999527
2021-01-27 00:00:00,41.0933342,42.9000015,43.5533333,40.9933319,2986950.0,39.9544449
2021-01-28 00:00:00,42.1733322,41.3800011,42.4666672,41.3466682,1306650.0,41.004509
2021-01-29 00:00:00,41.4266663,41.8466682,42.0999985,41.1466675,1239000.0,40.2785378
2021-02-01 00:00:00,41.9333344,41.6733322,42.3400002,41.626667,1396500.0,40.7711639
2021-02-02 00:00:00,42.6333313,42.2666664,43.0,42.2200012,665550.0,41.4517593
2021-02-03 00:00:00,42.4000015,42.6599998,42.9866676,42.0600014,1038300.0,41.2248955
2021-02-04 00:00:00,43.3266678,42.5333328,43.4333344,42.5333328,721350.0,42.1258774
2021-02-05 00:00:00,43.8333321,43.5733337,43.9733315,43.4333344,1542300.0,42.6185036
2021-02-08 00:00:00,44.0733337,43.9599991,44.2000008,43.7999992,1130850.0,42.8518524
2021-02-09 00:00:00,44.8333321,44.1066666,45.0400009,44.1066666,733950.0,43.5907936
2021-02-10 00:00:00,45.0333328,44.8333321,45.3133316,44.5866661,1286850.0,43.7852402
2021-02-11 00:00:00,45.7066689,45.0466652,45.7666664,45.0466652,1116150.0,44.4399147
2021-02-12 00:00:00,45.253334,45.6666679,46.0666656,44.7999992,946950.0,43.9991455
2021-02-16 00:00:00,45.3400002,45.4933319,45.5866661,44.8333321,902400.0,44.0834122
2021-02-17 00:00:00,45.253334,45.1333313,45.5733337,45.0666656,889350.0,43.9991455
2021-02-18 00:00:00,44.746666,45.0066681,45.2000008,44.3400002,1364250.0,43.5065231
2021-02-19 00:00:00,45.253334,44.9000015,45.5533333,44.7599983,1085100.0,43.9991455
2021-02-22 00:00:00,45.4599991,45.253334,45.5066681,44.9199982,1305600.0,44.2000847
2021-02-23 00:00:00,46.0866661,45.8533325,46.3933334,45.5933342,969900.0,44.8093872
2021-02-24 00:00:00,47.5066681,47.0133324,48.1666679,46.7799988,1627050.0,46.190033
2021-02-25 00:00:00,46.5200005,47.7400017,47.9599991,46.5133324,858450.0,45.2307091
2021-02-26 00:00:00,46.2200012,46.4799995,46.9000015,46.1199989,1812750.0,44.9390259
2021-03-01 00:00:00,46.753334,46.8866653,47.253334,46.6866684,1172850.0,45.4575729
2021-03-02 00:00:00,46.9866676,46.6066666,47.5,46.6066666,982200.0,45.6844406
2021-03-03 00:00:00,47.6599998,47.0133324,48.2666664,46.8600006,1070100.0,46.3391151
2021-03-04 00:00:00,47.1199989,47.5466652,48.0600014,46.7266655,892950.0,45.8140831
2021-03-05 00:00:00,48.6399994,47.7333336,48.7733345,47.0866661,1000650.0,47.2919579
2021-03-08 00:00:00,49.7866669,48.9733315,50.4866676,48.7133331,727500.0,48.4068413
2021-03-09 00:00:00,49.4266663,49.2133331,50.0533333,48.3133316,1491750.0,48.1341629
2021-03-10 00:00:00,50.6666679,49.246666,50.9000015,49.246666,1310850.0,49.3417397
2021-03-11 00:00:00,50.6666679,50.246666,51.1199989,49.873333,2019900.0,49.3417397
2021-03-12 00:00:00,51.0666656,51.3800011,51.5400009,50.6933327,1213200.0,49.7312775
2021-03-15 00:00:00,51.3866653,51.0266685,51.5,50.7200012,1521450.0,50.0429115
2021-03-16 00:00:00,50.8066673,50.8266678,51.0933342,50.3533325,894750.0,49.4780807
2021-03-17 00:00:00,50.6866684,51.1599998,51.253334,50.3866653,2101800.0,49.3612175
2021-03-18 00:00:00,50.9133339,51.0066681,51.5800018,50.5200005,2102700.0,49.5819588
2021-03-19 00:00:00,49.4133339,50.5066681,50.873333,49.3400002,3242100.0,48.1211815
2021-03-22 00:00:00,48.8466682,49.1333313,49.5266685,48.6466675,1117200.0,47.5693359
2021-03-23 00:00:00,48.7733345,48.5666656,49.0800018,48.4666672,1060500.0,47.4979172
2021-03-24 00:00:00,49.6933327,49.1333313,50.2866669,49.1333313,932400.0,48.3938599
2021-03-25 00:00:00,50.1800003,49.7133331,50.4199982,49.2333336,850050.0,48.8677979
2021-03-26 00:00:00,50.5466652,50.626667,50.626667,50.0533333,757500.0,49.2248764
2021-03-29 00:00:00,50.5933342,50.2799988,50.7599983,50.0733337,582750.0,49.2703247
2021-03-30 00:00:00,50.8800011,50.7200012,51.0333328,50.4199982,609750.0,49.5494919
2021-03-31 00:00:00,50.2333336,50.5533333,50.7333336,50.0600014,1151100.0,48.9197388
2021-04-01 00:00:00,50.9933319,49.9666672,51.0266685,49.8400002,1185000.0,49.6598663
2021-04-05 00:00:00,51.4733315,51.1800003,51.7066689,51.1333313,779250.0,50.1273117
2021-04-06 00:00:00,51.9533348,51.5266685,51.9799995,51.3466682,746400.0,50.5947647
2021-04-07 00:00:00,52.3866653,52.4333344,52.8866653,51.9066658,1408200.0,51.0167618
2021-04-08 00:00:00,52.5200005,52.1466675,52.7866669,52.1199989,878700.0,51.1466103
2021-04-09 00:00:00,53.0800018,53.0200005,53.2333336,52.6133347,781200.0,51.691967
2021-04-12 00:00:00,53.0333328,53.0800018,53.1800003,52.6599998,1183200.0,51.6465149
2021-04-13 00:00:00,52.4799995,52.8600006,52.8600006,52.1733322,927600.0,51.1076546
2021-04-14 00:00:00,52.9933319,52.4599991,53.0533333,52.246666,942600.0,51.607563
2021-04-15 00:00:00,52.9399986,53.0533333,53.3066673,52.7933311,900000.0,51.5556221
2021-04-16 00:00:00,53.2733345,53.3333321,53.5266685,52.8666687,1306950.0,51.8802452
2021-04-19 00:00:00,53.8400002,53.4133339,53.8466682,53.0333328,798300.0,52.4320946
2021-04-20 00:00:00,53.7799988,53.4133339,54.0333328,53.2666664,917550.0,52.373661
2021-04-21 00:00:00,53.7066689,54.3666687,54.5133324,53.0,1579500.0,52.3022499
2021-04-22 00:00:00,53.6399994,53.5600014,53.7933311,53.1599998,969900.0,52.2373199
2021-04-23 00:00:00,54.2400017,53.7333336,54.5200005,53.5666656,606000.0,52.8216324
2021-04-26 00:00:00,53.626667,54.3600006,54.8266678,53.4866676,781950.0,52.2243347
2021-04-27 00:00:00,53.7133331,53.5666656,53.873333,53.1599998,877050.0,52.3087387
2021-04-28 00:00:00,52.5933342,53.7266655,53.7400017,52.2599983,1221750.0,51.2180252
2021-04-29 00:00:00,53.0733337,52.8866653,53.3066673,52.6333313,1073100.0,51.6854744
2021-04-30 00:00:00,53.1466675,53.0733337,53.3533325,52.7599983,1026000.0,51.7568893
2021-05-03 00:00:00,53.6733322,53.5333328,54.2333336,53.253334,1091550.0,52.2697792
2021-05-04 00:00:00,53.8266678,53.5800018,53.9133339,53.2000008,713250.0,52.4191055
2021-05-05 00:00:00,53.5933342,53.753334,53.9000015,52.6466675,1205400.0,52.1918755
2021-05-06 00:00:00,53.9133339,53.8466682,54.0400009,53.2266655,994800.0,52.5035095
2021-05-07 00:00:00,54.2999992,53.3266678,54.3333321,53.2000008,1138950.0,52.8800621
2021-05-10 00:00:00,53.9199982,54.5999985,54.9533348,53.873333,851850.0,52.5099945
2021-05-11 00:00:00,52.7266655,53.8866653,53.9399986,52.5400009,725100.0,51.3478737
2021-05-12 00:00:00,51.8600006,52.9666672,52.9666672,51.6599998,1016400.0,50.5038643
2021-05-13 00:00:00,52.9466667,51.5800018,53.1666679,51.5200005,657750.0,51.5621185
2021-05-14 00:00:00,53.6599998,53.1133347,53.8066673,53.0466652,753900.0,52.2568016
2021-05-17 00:00:00,52.9399986,53.5333328,53.5333328,52.8199997,627750.0,51.5556221
2021-05-18 00:00:00,52.4333344,52.6933327,53.0933342,52.2866669,825150.0,51.0622101
2021-05-19 00:00:00,52.5066681,52.1133347,52.5666656,51.3800011,933000.0,51.1336288
2021-05-20 00:00:00,52.3333321,52.6199989,52.7066689,52.1133347,661500.0,50.9648209
2021-05-21 00:00:00,52.2400017,52.4933319,52.8466682,52.0066681,795300.0,50.8739319
2021-05-24 00:00:00,52.1599998,52.373333,52.4533348,52.1333313,831300.0,50.7960243
2021-05-25 00:00:00,51.2066689,52.0866661,52.3133316,51.0600014,921300.0,49.8676186
2021-05-26 00:00:00,51.0533333,51.5333328,51.5333328,50.9466667,798150.0,49.7182961
2021-05-27 00:00:00,51.5999985,51.1733322,51.6333313,51.0,1845900.0,50.2506676
2021-05-28 00:00:00,51.9933319,51.8800011,52.1800003,51.5999985,835800.0,50.633709
2021-06-01 00:00:00,51.7999992,52.3600006,52.5533333,51.7400017,731700.0,50.4454308
2021-06-02 00:00:00,51.2999992,51.8133316,51.8133316,51.2799988,966900.0,49.9585114
2021-06-03 00:00:00,51.5,51.0533333,51.6199989,50.7200012,968850.0,50.1532784
2021-06-04 00:00:00,51.5333328,51.4533348,51.6066666,51.0600014,612150.0,50.1857452
2021-06-07 00:00:00,50.4599991,51.5,51.5,50.4466667,766050.0,49.1404724
2021-06-08 00:00:00,50.5933342,50.3600006,50.7000008,50.1333313,878250.0,49.2703247
2021-06-09 00:00:00,50.2999992,50.3800011,50.3866653,50.0800018,705450.0,48.9846611
2021-06-10 00:00:00,50.2333336,50.5933342,50.8133316,50.1800003,1227900.0,48.9197388
2021-06-11 00:00:00,50.6333313,50.3133316,50.6333313,50.3133316,940950.0,49.3092766
2021-06-14 00:00:00,50.2933311,50.5133324,50.6533318,50.0866661,534750.0,48.9781685
2021-06-15 00:00:00,50.7000008,50.3533325,51.0933342,49.9733315,854850.0,49.3741989
2021-06-16 00:00:00,50.7599983,50.8600006,51.2266655,50.6466675,1099050.0,49.4326286
2021-06-17 00:00:00,49.9133339,50.873333,50.873333,49.8800011,1195350.0,48.6081009
2021-06-18 00:00:00,48.4933319,49.2400017,49.373333,48.4733315,1512900.0,47.2252388
2021-06-21 00:00:00,49.5666656,48.7999992,49.6133347,48.7599983,856500.0,48.2705002
2021-06-22 00:00:00,49.4933319,49.7866669,49.8066673,49.2933311,787650.0,48.1990852
2021-06-23 00:00:00,49.0866661,49.3266678,49.5266685,49.0133324,843750.0,47.8030586
2021-06-24 00:00:00,49.2866669,48.9466667,49.5666656,48.746666,1207950.0,48.412056
2021-06-25 00:00:00,49.7933311,49.3133316,49.9066658,49.1733322,1033500.0,48.909729
2021-06-28 00:00:00,49.4466667,49.7133331,49.7133331,48.9399986,975150.0,48.5692177
2021-06-29 00:00:00,49.4599991,49.6199989,49.7133331,49.2933311,583200.0,48.5823135
2021-06-30 00:00:00,49.6199989,49.4733315,49.7333336,49.2666664,941400.0,48.7394714
2021-07-01 00:00:00,50.6399994,49.9133339,50.8533325,49.6666679,883200.0,49.7413712
2021-07-02 00:00:00,50.6466675,50.4799995,50.753334,50.3400002,740700.0,49.7479248
2021-07-06 00:00:00,50.5466652,50.5533333,50.6599998,49.8133316,729600.0,49.6496964
2021-07-07 00:00:00,50.9199982,50.2133331,51.0600014,50.1199989,878100.0,50.0164032
2021-07-08 00:00:00,49.3800011,50.2999992,50.3666687,49.2200012,983700.0,48.5037308
2021-07-09 00:00:00,50.4133339,50.2133331,50.4599991,49.9933319,731550.0,49.5187263
2021-07-12 00:00:00,50.8466682,50.0133324,50.9066658,49.9133339,755250.0,49.9443741
2021-07-13 00:00:00,50.0533333,50.5666656,50.8800011,49.9266663,738300.0,49.1651192
2021-07-14 00:00:00,50.2799988,50.0933342,50.4866676,49.8800011,614700.0,49.3877602
2021-07-15 00:00:00,50.9799995,49.8333321,51.1866684,49.8333321,942450.0,50.0753403
2021-07-16 00:00:00,51.1533318,51.1466675,51.4466667,50.9133339,949350.0,50.245594
2021-07-19 00:00:00,49.4533348,50.2866669,50.4799995,49.0666656,923850.0,48.5757637
2021-07-20 00:00:00,50.5666656,49.6399994,51.0800018,49.6133347,1066500.0,49.6693382
2021-07-21 00:00:00,51.0,50.9666672,51.7799988,50.4599991,679650.0,50.094986
2021-07-22 00:00:00,50.1399994,50.753334,51.0400009,50.0933342,1042500.0,49.250248
2021-07-23 00:00:00,49.873333,50.3199997,51.1066666,49.3266678,1343400.0,48.9883118
2021-07-26 00:00:00,49.7000008,49.8666687,50.2266655,49.5066681,1030950.0,48.8180542
2021-07-27 00:00:00,49.5133324,49.3600006,49.9799995,49.0866661,788250.0,48.634697
2021-07-28 00:00:00,48.626667,49.7066689,49.9066658,48.2799988,1243500.0,47.7637672
2021-07-29 00:00:00,49.0400009,49.0,49.2200012,48.6866684,627000.0,48.1697693
2021-07-30 00:00:00,48.7799988,48.8600006,49.1800003,48.626667,1176450.0,47.9143753
2021-08-02 00:00:00,48.5533333,49.0133324,49.253334,48.5066681,1090350.0,47.6917381
2021-08-03 00:00:00,48.3666687,48.6866684,48.6933327,47.9399986,890700.0,47.5083847
2021-08-04 00:00:00,47.9666672,47.9266663,48.5266685,47.9066658,1361550.0,47.1154785
2021-08-05 00:00:00,48.4399986,48.0133324,48.4666672,47.8333321,1129650.0,47.58041
2021-08-06 00:00:00,48.9799995,48.9199982,49.2599983,48.7799988,1037850.0,48.1108322
2021-08-09 00:00:00,48.9733315,49.0733337,49.1399994,48.6733322,928050.0,48.1042786
2021-08-10 00:00:00,48.746666,48.7666664,49.3800011,48.6733322,823800.0,47.8816376
2021-08-11 00:00:00,49.3533325,48.8066673,49.3666687,48.7200012,886350.0,48.4775391
2021-08-12 00:00:00,49.2266655,49.3866653,49.3866653,48.9266663,700950.0,48.3531189
2021-08-13 00:00:00,49.7066689,49.4333344,49.7666664,49.2000008,763350.0,48.824604
2021-08-16 00:00:00,49.6066666,49.3066673,49.9199982,49.2066689,657150.0,48.7263794
2021-08-17 00:00:00,49.8133316,49.1666679,50.2799988,49.1199989,761550.0,48.9293747
2021-08-18 00:00:00,49.3866653,49.6533318,50.0533333,49.3666687,592050.0,48.5102806
2021-08-19 00:00:00,50.3800011,50.0533333,50.5666656,49.4266663,1015200.0,49.4859886
2021-08-20 00:00:00,50.9199982,50.4733315,51.2733345,50.373333,1075650.0,50.0164032
2021-08-23 00:00:00,50.7066689,50.9733315,51.1933327,50.6666679,798750.0,49.8068581
2021-08-24 00:00:00,50.6133347,50.746666,50.9666672,50.5133324,832500.0,49.7151794
2021-08-25 00:00:00,50.7933311,50.6533318,51.126667,50.5200005,784800.0,49.8919868
2021-08-26 00:00:00,50.0800018,50.8133316,50.8800011,50.0733337,667050.0,49.1913147
2021-08-27 00:00:00,50.7599983,50.1800003,50.7799988,50.1333313,741000.0,49.8592377
2021-08-30 00:00:00,50.1133347,50.7799988,50.7866669,50.0800018,469950.0,49.2240524
2021-08-31 00:00:00,50.2066689,50.0,50.626667,49.9533348,891600.0,49.315731
2021-09-01 00:00:00,50.1133347,50.3533325,50.3866653,49.6199989,644700.0,49.2240524
2021-09-02 00:00:00,50.246666,50.2066689,50.2799988,49.7266655,675150.0,49.3550224
2021-09-03 00:00:00,49.6333313,49.9933319,50.1399994,49.4599991,565800.0,48.7525673
2021-09-07 00:00:00,48.8866653,49.5266685,49.6800003,48.8666687,1005450.0,48.0191498
2021-09-08 00:00:00,49.4799995,48.7933311,49.5466652,48.5466652,960450.0,48.6019554
2021-09-09 00:00:00,48.7000008,49.4599991,50.2066689,48.6933327,910500.0,47.8358002
2021-09-10 00:00:00,47.8199997,48.9000015,49.0733337,47.7999992,990450.0,46.9714165
2021-09-13 00:00:00,48.3199997,48.1733322,48.5866661,47.9866676,912000.0,47.4625435
2021-09-14 00:00:00,47.6466675,48.3133316,48.373333,47.5333328,1068450.0,46.8852539
2021-09-15 00:00:00,47.7933311,47.3533325,47.9333344,47.3533325,1075050.0,47.0295753
2021-09-16 00:00:00,48.1133347,47.9933319,48.2999992,47.6800003,1219200.0,47.3444633
2021-09-17 00:00:00,48.126667,47.8800011,48.253334,47.7999992,2505900.0,47.3575821
2021-09-20 00:00:00,47.746666,47.8800011,47.9066658,47.1333313,1403400.0,46.983654
2021-09-21 00:00:00,47.8133316,48.0733337,48.2333336,47.7266655,1049700.0,47.0492516
2021-09-22 00:00:00,48.1933327,48.1666679,48.4333344,47.9333344,738000.0,47.4231796
2021-09-23 00:00:00,48.5999985,48.6133347,49.0333328,48.5,809250.0,47.823349
2021-09-24 00:00:00,48.873333,48.4799995,49.0533333,48.4799995,826800.0,48.0923157
2021-09-27 00:00:00,48.9866676,49.2000008,49.5400009,48.9666672,591300.0,48.2038383
2021-09-28 00:00:00,48.3800011,48.873333,49.0999985,48.2999992,981150.0,47.6068687
2021-09-29 00:00:00,48.9733315,48.373333,49.1933327,48.2000008,829650.0,48.1907158
2021-09-30 00:00:00,48.7866669,49.3266678,49.5266685,48.7799988,1424850.0,48.0070343
2021-10-01 00:00:00,49.6133347,48.9866676,50.0066681,48.2599983,923250.0,48.8204918
2021-10-04 00:00:00,49.3133316,49.6066666,50.2933311,49.1666679,1027350.0,48.5252838
2021-10-05 00:00:00,50.1800003,49.4599991,50.4666672,49.1733322,665400.0,49.3781013
2021-10-06 00:00:00,51.0866661,49.7999992,51.1333313,49.5999985,1053000.0,50.2702789
2021-10-07 00:00:00,51.6399994,51.3133316,52.2866669,51.3133316,1040700.0,50.8147697
2021-10-08 00:00:00,51.4333344,51.5733337,52.0066681,51.3400002,877050.0,50.6114044
2021-10-11 00:00:00,51.0400009,51.6133347,51.9933319,51.0200005,613350.0,50.2243576
2021-10-12 00:00:00,50.9733315,51.0400009,51.5800018,50.9199982,684150.0,50.1587563
2021-10-13 00:00:00,50.7400017,50.7799988,50.8600006,49.9399986,833100.0,49.9291534
2021-10-14 00:00:00,51.6599998,51.0400009,51.7000008,50.9066658,700500.0,50.8344498
2021-10-15 00:00:00,51.8533325,52.0999985,52.2133331,51.8199997,652350.0,51.0246925
2021-10-18 00:00:00,50.9333344,51.6666679,51.7000008,50.8333321,815100.0,50.1193962
2021-10-19 00:00:00,51.6466675,51.6466675,51.8400002,51.4266663,771900.0,50.821331
2021-10-20 00:00:00,52.3199997,51.4133339,52.3866653,51.4133339,687000.0,51.483902
2021-10-21 00:00:00,52.5933342,52.2333336,52.8400002,52.0533333,780900.0,51.7528725
2021-10-22 00:00:00,54.8400002,53.7000008,55.1599998,53.2599983,2026500.0,53.9636307
2021-10-25 00:00:00,54.626667,55.0600014,55.1733322,54.3800011,1509150.0,53.7537079
2021-10-26 00:00:00,54.5666656,54.7266655,54.8533325,54.4066658,590550.0,53.694664
2021-10-27 00:00:00,53.5066681,54.6533318,54.8199997,53.4933319,1017900.0,52.6516113
2021-10-28 00:00:00,53.9533348,53.7799988,54.2066689,53.5133324,556800.0,53.0911369
2021-10-29 00:00:00,53.0666656,54.0,54.0333328,52.873333,900750.0,52.2186356
2021-11-01 00:00:00,53.373333,53.1800003,53.3933334,52.8333321,697800.0,52.5204048
2021-11-02 00:00:00,54.4133339,53.5600014,54.5133324,53.3933334,774150.0,53.5437851
2021-11-03 00:00:00,54.4000015,54.4133339,54.9266663,54.126667,828900.0,53.5306664
2021-11-04 00:00:00,52.9266663,54.2000008,54.2133331,52.7200012,898500.0,52.0808754
2021-11-05 00:00:00,53.7200012,53.3133316,53.9799995,53.0999985,760500.0,52.8615341
2021-11-08 00:00:00,54.2799988,54.1933327,54.4533348,53.8333321,756450.0,53.4125786
2021-11-09 00:00:00,54.2133331,54.0600014,54.3600006,53.6466675,673950.0,53.346981
2021-11-10 00:00:00,54.2266655,54.2799988,54.626667,54.0999985,750750.0,53.3600998
2021-11-11 00:00:00,54.2000008,54.1599998,54.4266663,53.8199997,520350.0,53.3338623
2021-11-12 00:00:00,54.1533318,54.1599998,54.4333344,53.6533318,869100.0,53.2879372
2021-11-15 00:00:00,53.8933334,54.2999992,54.4733315,53.7200012,968850.0,53.032093
2021-11-16 00:00:00,54.0733337,54.1066666,54.7000008,53.7066689,1171800.0,53.2092171
2021-11-17 00:00:00,54.4399986,53.8933334,54.5666656,53.0933342,1176150.0,53.5700226
2021-11-18 00:00:00,54.5866661,54.6133347,54.9000015,54.0933342,758700.0,53.7143478
2021-11-19 00:00:00,53.5266685,54.4399986,54.4399986,53.4933319,663000.0,52.6712875
2021-11-22 00:00:00,55.0066681,53.7599983,55.5600014,53.4533348,1039050.0,54.1276398
2021-11-23 00:00:00,56.3333321,55.626667,56.6199989,55.626667,1375500.0,55.4331017
2021-11-24 00:00:00,55.6666679,56.2599983,56.3533325,55.1133347,1066200.0,54.777092
2021-11-26 00:00:00,53.6466675,54.0666656,54.4133339,52.9866676,927900.0,52.7893715
2021-11-29 00:00:00,52.9799995,54.2266655,54.2266655,52.9466667,759300.0,52.1333542
2021-11-30 00:00:00,51.0933342,52.4199982,52.7133331,50.9266663,2497350.0,50.2768402
2021-12-01 00:00:00,50.4733315,51.9466667,52.4866676,50.4399986,966450.0,49.6667442
2021-12-02 00:00:00,52.5666656,50.9133339,52.9000015,50.6333313,1221900.0,51.7266273
2021-12-03 00:00:00,51.8133316,52.5666656,52.6866684,51.4866676,879600.0,50.9853325
2021-12-06 00:00:00,52.4733315,51.9333344,53.0,51.8400002,818850.0,52.3965988
2021-12-07 00:00:00,53.1800003,52.6866684,53.4333344,52.6800003,948750.0,53.1022339
2021-12-08 00:00:00,53.2666664,53.0999985,53.6466675,52.9133339,595500.0,53.1887741
2021-12-09 00:00:00,53.1866684,53.4733315,53.5333328,52.4733315,943650.0,53.1088905
2021-12-10 00:00:00,53.9599991,53.6466675,54.0,53.3266678,684600.0,53.8810921
2021-12-13 00:00:00,53.746666,53.8866653,54.1133347,53.2066689,754050.0,53.6680717
2021-12-14 00:00:00,54.3199997,53.8933334,54.9000015,53.5,1221000.0,54.2405663
2021-12-15 00:00:00,54.4466667,54.5,54.6933327,53.9866676,834150.0,54.3670464
2021-12-16 00:00:00,54.746666,55.1933327,55.4266663,54.6199989,1145850.0,54.6666069
2021-12-17 00:00:00,53.5999985,54.5999985,54.6199989,53.5600014,2111400.0,53.5216179
2021-12-20 00:00:00,52.5,53.0600014,53.1866684,51.9000015,998400.0,52.4232254
2021-12-21 00:00:00,53.0266685,53.0,53.6466675,52.5866661,1114500.0,52.9491272
2021-12-22 00:00:00,53.0999985,52.8199997,53.3066673,52.7333336,835800.0,53.0223465
2021-12-23 00:00:00,53.4466667,53.4066658,53.8400002,53.1933327,625200.0,53.3685112
2021-12-27 00:00:00,54.2400017,53.4533348,54.3333321,53.3133316,487950.0,54.1606827
2021-12-28 00:00:00,54.6466675,54.1333313,55.0333328,54.1333313,606300.0,54.5667572
2021-12-29 00:00:00,55.0133324,54.7266655,55.3199997,54.7266655,591150.0,54.9328842
2021-12-30 00:00:00,54.3533325,55.2066689,55.3666687,54.3133316,568050.0,54.2738495
2021-12-31 00:00:00,54.9266663,54.3466682,55.246666,54.3466682,886200.0,54.846344
2022-01-03 00:00:00,54.1733322,55.1333313,55.2333336,53.7400017,679650.0,54.0941124
2022-01-04 00:00:00,54.9799995,54.626667,55.3333321,54.4599991,1028850.0,54.899601
2022-01-05 00:00:00,54.3666687,55.3666687,55.3933334,54.3533325,847950.0,54.2871666
2022-01-06 00:00:00,55.2933311,55.5,55.5333328,54.8933334,824550.0,55.2124748
2022-01-07 00:00:00,56.3866653,55.2866669,56.5333328,55.2866669,866250.0,56.3042107
2022-01-10 00:00:00,56.2599983,56.6800003,56.8266678,55.9133339,928800.0,56.1777267
2022-01-11 00:00:00,56.7066689,56.4666672,56.7333336,55.6199989,857100.0,56.623745
2022-01-12 00:00:00,57.0066681,56.6666679,57.1133347,56.3400002,811800.0,56.9233055
2022-01-13 00:00:00,57.4933319,57.2799988,58.0466652,57.0800018,1049250.0,57.409256
2022-01-14 00:00:00,57.0600014,56.8266678,57.1866684,56.4199982,828450.0,56.9765587
2022-01-18 00:00:00,56.4866676,56.8400002,56.9933319,56.0999985,822300.0,56.4040642
2022-01-19 00:00:00,55.0200005,56.6466675,56.7333336,54.9933319,667950.0,54.9395409
2022-01-20 00:00:00,55.5333328,55.1333313,56.9666672,55.1333313,1139850.0,55.4521255
2022-01-21 00:00:00,55.0266685,55.5600014,56.1666679,54.9266663,1138350.0,54.9462013
2022-01-24 00:00:00,55.5733337,54.5666656,55.7599983,53.3400002,1432950.0,55.4920654
2022-01-25 00:00:00,54.9799995,54.7333336,55.5933342,53.7733345,1529700.0,54.899601
2022-01-26 00:00:00,54.9066658,55.0,55.7866669,54.126667,1303800.0,54.8263741
2022-01-27 00:00:00,54.2266655,55.3066673,56.4000015,54.1666679,1325850.0,54.1473694
2022-01-28 00:00:00,56.4399986,55.3333321,57.2866669,55.0133324,3494100.0,56.3574638
2022-01-31 00:00:00,56.3333321,55.8466682,56.6199989,55.7266655,3661500.0,56.2509537
2022-02-01 00:00:00,57.1933327,56.0933342,57.5400009,56.0933342,2032050.0,57.1096954
2022-02-02 00:00:00,58.5066681,57.2333336,58.7000008,57.1599998,2327700.0,58.4211121
2022-02-03 00:00:00,59.2933311,59.0800018,59.5866661,58.6933327,1801950.0,59.2066231
2022-02-04 00:00:00,59.8400002,59.1933327,60.2799988,59.0733337,1753200.0,59.7524948
2022-02-07 00:00:00,60.5400009,60.0133324,61.0066681,59.873333,1550850.0,60.4514694
2022-02-08 00:00:00,61.8666687,60.8866653,62.0133324,60.5999985,1788750.0,61.7761993
2022-02-09 00:00:00,61.746666,62.1133347,62.5266685,61.4733315,1452900.0,61.6563721
2022-02-10 00:00:00,61.2933311,61.4000015,62.0600014,60.7400017,1587900.0,61.203701
2022-02-11 00:00:00,59.9799995,60.9799995,61.2866669,59.7999992,1620150.0,59.8922882
2022-02-14 00:00:00,59.6599998,60.0133324,60.2000008,58.9599991,1604400.0,59.5727577
2022-02-15 00:00:00,60.0733337,60.2733345,60.8199997,59.746666,954450.0,59.9854851
2022-02-16 00:00:00,60.6333313,59.7799988,60.7733345,59.7799988,1195050.0,60.5446663
2022-02-17 00:00:00,59.8400002,60.3133316,60.3133316,59.2066689,714150.0,59.7524948
2022-02-18 00:00:00,60.3133316,59.6533318,60.4399986,59.5400009,995550.0,60.225132
2022-02-22 00:00:00,60.2933311,60.3266678,61.0266685,59.6733322,1165500.0,60.205162
2022-02-23 00:00:00,59.5666656,60.873333,60.8866653,59.5266685,1115550.0,59.479557
2022-02-24 00:00:00,58.4333344,58.1466675,58.5733337,56.9533348,1369650.0,58.3478851
2022-02-25 00:00:00,60.7933311,58.8199997,60.8600006,58.8199997,831300.0,60.7044296
2022-02-28 00:00:00,60.2000008,59.0999985,60.4666672,59.0400009,1143300.0,60.111969
2022-03-01 00:00:00,58.7866669,59.8466682,60.1066666,58.3333321,913350.0,58.7006989
2022-03-02 00:00:00,60.3600006,59.2666664,60.7400017,59.2666664,861150.0,60.2717323
2022-03-03 00:00:00,60.246666,60.5266685,61.0733337,59.8666687,978600.0,60.1585655
2022-03-04 00:00:00,60.0600014,59.1866684,60.0733337,58.6933327,957750.0,59.9721718
2022-03-07 00:00:00,59.2666664,59.4000015,59.8800011,58.873333,988650.0,59.1799965
2022-03-08 00:00:00,59.4866676,59.6466675,61.2400017,59.0200005,1369950.0,59.4866676
2022-03-09 00:00:00,61.1199989,61.0200005,61.7000008,60.3199997,1815150.0,61.1199989
2022-03-10 00:00:00,61.873333,60.4799995,62.0666656,60.4199982,1107600.0,61.873333
2022-03-11 00:00:00,62.9333344,62.1533318,63.5,62.1399994,1303800.0,62.9333344
2022-03-14 00:00:00,62.4533348,63.6800003,64.3066635,62.1399994,1420800.0,62.4533348
2022-03-15 00:00:00,63.3333321,63.1399994,63.5933342,62.5400009,1605000.0,63.3333321
2022-03-16 00:00:00,62.6933327,63.7333336,63.7666664,61.8666687,1653150.0,62.6933327
2022-03-17 00:00:00,63.4933319,62.253334,63.5,61.9000015,1206300.0,63.4933319
2022-03-18 00:00:00,64.0,63.4599991,64.0999985,62.5533333,2100450.0,64.0
2022-03-21 00:00:00,65.3133316,64.8333359,65.4199982,64.1733322,1010700.0,65.3133316
2022-03-22 00:00:00,65.8866653,65.7133331,66.3266678,65.1733322,1216650.0,65.8866653
2022-03-23 00:00:00,65.3000031,65.746666,66.453331,65.2399979,939600.0,65.3000031
2022-03-24 00:00:00,65.3399963,64.6399994,65.7900009,64.5,1411200.0,65.3399963
2022-03-25 00:00:00,65.9800034,65.5199966,66.1200027,65.3300018,1258700.0,65.9800034
2022-03-28 00:00:00,66.2600021,66.0,66.3399963,65.6699982,973400.0,66.2600021
2022-03-29 00:00:00,66.75,66.6100006,67.0,66.0699997,1947200.0,66.75
2022-03-30 00:00:00,67.0800018,66.8600006,67.1299973,66.5,1329300.0,67.0800018
2022-03-31 00:00:00,66.5899963,67.0,67.5299988,66.3700027,2608600.0,66.5899963
2022-04-01 00:00:00,67.3099976,66.9199982,67.5800018,66.6900024,1065200.0,67.3099976
2022-04-04 00:00:00,65.9599991,67.1600037,67.1600037,65.5599976,1306100.0,65.9599991
2022-04-05 00:00:00,66.4199982,65.9100037,67.0199966,65.9100037,1408900.0,66.4199982
2022-04-06 00:00:00,66.8000031,66.4000015,67.3199997,66.3099976,1088000.0,66.8000031
2022-04-07 00:00:00,67.2699966,66.8499985,67.5299988,66.3700027,1067700.0,67.2699966
2022-04-08 00:00:00,67.6999969,67.8199997,68.1600037,67.3199997,1245000.0,67.6999969
2022-04-11 00:00:00,67.4599991,67.75,68.4700012,67.3300018,1035700.0,67.4599991
2022-04-12 00:00:00,68.5199966,67.6600037,68.9400024,67.4599991,1628200.0,68.5199966
2022-04-13 00:00:00,68.3300018,68.2300034,68.8799973,67.5299988,1364700.0,68.3300018
2022-04-14 00:00:00,68.2200012,68.3199997,68.6399994,67.8799973,5454600.0,68.2200012
2022-04-18 00:00:00,69.4300003,67.6999969,69.4499969,67.6100006,1788900.0,69.4300003
2022-04-19 00:00:00,69.1999969,69.4599991,69.6800003,68.6399994,1705800.0,69.1999969
2022-04-20 00:00:00,71.0500031,69.6299973,71.2699966,69.4400024,1318000.0,71.0500031
2022-04-21 00:00:00,69.5199966,71.2399979,71.5299988,69.3399963,1846600.0,69.5199966
2022-04-22 00:00:00,67.9700012,69.3700027,69.3700027,67.9100037,1302100.0,67.9700012
2022-04-25 00:00:00,67.9000015,67.6600037,68.0,66.5400009,2557200.0,67.9000015
2022-04-26 00:00:00,67.2900009,68.3000031,69.5400009,66.9300003,2160400.0,67.2900009
2022-04-27 00:00:00,68.1500015,67.5899963,69.0699997,67.0999985,2211100.0,68.1500015
2022-04-28 00:00:00,68.75,68.5699997,68.8899994,67.7099991,1666100.0,68.75
2022-04-29 00:00:00,66.4899979,68.5100021,68.5800018,66.25,2802900.0,66.4899979
2022-05-02 00:00:00,66.1900024,67.0199966,67.3199997,65.0999985,2172000.0,66.1900024
2022-05-03 00:00:00,67.2600021,66.6600037,67.7399979,66.0400009,1566500.0,67.2600021
2022-05-04 00:00:00,69.0100021,67.4400024,69.2300034,67.2799988,1594900.0,69.0100021
2022-05-05 00:00:00,68.0599976,68.4700012,69.0199966,67.2099991,1123400.0,68.0599976
2022-05-06 00:00:00,68.7799988,67.8399963,69.0500031,67.2900009,1270600.0,68.7799988
2022-05-09 00:00:00,67.2300034,68.4100037,68.5899963,67.0800018,1863500.0,67.2300034
2022-05-10 00:00:00,66.3499985,67.5800018,68.2099991,65.7900009,2261000.0,66.3499985
2022-05-11 00:00:00,66.6600037,66.4499969,67.9000015,66.2799988,1563500.0,66.6600037
2022-05-12 00:00:00,66.3499985,66.5899963,67.0500031,65.5,1895400.0,66.3499985
2022-05-13 00:00:00,67.3300018,66.8000031,67.4000015,66.3399963,1802500.0,67.3300018
2022-05-16 00:00:00,67.6299973,67.4899979,68.3300018,67.1900024,1674500.0,67.6299973
2022-05-17 00:00:00,69.0800018,68.4300003,69.3700027,67.8700027,1728300.0,69.0800018
2022-05-18 00:00:00,67.9100037,68.7900009,68.9700012,67.7399979,1296600.0,67.9100037
2022-05-19 00:00:00,66.2900009,67.1500015,67.5800018,65.1200027,1747100.0,66.2900009
2022-05-20 00:00:00,66.4800034,66.5500031,67.0500031,65.5299988,4058600.0,66.4800034
2022-05-23 00:00:00,67.8399963,67.3300018,68.4400024,66.75,1547100.0,67.8399963
2022-05-24 00:00:00,68.7600021,67.9599991,68.9000015,66.8399963,1468200.0,68.7600021
2022-05-25 00:00:00,69.0100021,68.2200012,69.2699966,68.2200012,1228600.0,69.0100021
